{"type":"FeatureCollection","features":[{"type":"Feature","id":"AO-BGO","properties":{"id":"AO-BGO","countryCode":"AO","isoSubdivision":"AO-BGO","name":"Bengo","name_en":"Bengo","name_ko":"벵구","type":"Province","labelLongitude":13.907,"labelLatitude":-8.999,"minZoom":6.6},"geometry":{"type":"Polygon","coordinates":[[[13.371,-8.582],[13.365,-8.567],[13.352,-8.5],[13.342,-8.467],[13.355,-8.465],[13.365,-8.466],[13.373,-8.464],[13.38,-8.454],[13.383,-8.444],[13.384,-8.369],[13.379,-8.347],[13.369,-8.323],[13.277,-8.179],[13.265,-8.17],[13.251,-8.124],[13.242,-8.107],[13.235,-8.096],[13.223,-8.07],[13.216,-8.059],[13.198,-8.022],[13.189,-7.976],[13.123,-7.857],[13.094,-7.793],[13.096,-7.793],[13.101,-7.792],[13.15,-7.786],[13.175,-7.779],[13.194,-7.772],[13.203,-7.767],[13.211,-7.761],[13.217,-7.756],[13.243,-7.737],[13.248,-7.736],[13.252,-7.737],[13.257,-7.741],[13.262,-7.743],[13.268,-7.745],[13.278,-7.747],[13.284,-7.745],[13.288,-7.742],[13.289,-7.738],[13.291,-7.734],[13.293,-7.73],[13.297,-7.724],[13.309,-7.715],[13.32,-7.71],[13.344,-7.702],[13.382,-7.694],[13.393,-7.694],[13.4,-7.695],[13.41,-7.7],[13.428,-7.716],[13.432,-7.719],[13.445,-7.726],[13.449,-7.73],[13.457,-7.733],[13.468,-7.735],[13.492,-7.736],[13.504,-7.735],[13.619,-7.701],[13.626,-7.698],[13.633,-7.691],[13.64,-7.687],[13.649,-7.681],[13.669,-7.674],[13.683,-7.673],[13.717,-7.673],[13.727,-7.671],[13.734,-7.668],[13.737,-7.664],[13.741,-7.662],[13.746,-7.659],[13.76,-7.653],[13.768,-7.647],[13.772,-7.644],[13.777,-7.641],[13.801,-7.631],[13.809,-7.627],[13.817,-7.62],[13.89,-7.629],[14.093,-7.633],[14.125,-7.642],[14.146,-7.66],[14.16,-7.681],[14.23,-7.748],[14.289,-7.82],[14.312,-7.84],[14.341,-7.858],[14.418,-7.893],[14.448,-7.902],[14.472,-7.906],[14.505,-7.906],[14.646,-7.876],[14.694,-7.889],[14.708,-7.905],[14.718,-7.927],[14.711,-8.09],[14.703,-8.112],[14.66,-8.18],[14.648,-8.206],[14.639,-8.234],[14.636,-8.276],[14.639,-8.313],[14.662,-8.398],[14.635,-8.409],[14.625,-8.417],[14.621,-8.419],[14.616,-8.419],[14.611,-8.415],[14.606,-8.408],[14.604,-8.405],[14.6,-8.403],[14.595,-8.401],[14.554,-8.393],[14.548,-8.392],[14.522,-8.392],[14.51,-8.391],[14.501,-8.391],[14.458,-8.394],[14.453,-8.394],[14.431,-8.388],[14.419,-8.386],[14.393,-8.385],[14.377,-8.388],[14.345,-8.403],[14.301,-8.431],[14.263,-8.467],[14.261,-8.497],[14.262,-8.506],[14.269,-8.522],[14.284,-8.544],[14.31,-8.568],[14.335,-8.598],[14.369,-8.695],[14.373,-8.718],[14.371,-8.741],[14.364,-8.763],[14.351,-8.784],[14.334,-8.805],[14.313,-8.823],[14.279,-8.841],[14.235,-8.858],[14.121,-8.89],[14.086,-8.917],[14.08,-8.937],[14.084,-8.951],[14.1,-8.965],[14.134,-8.99],[14.141,-8.999],[14.143,-9.01],[14.142,-9.029],[14.129,-9.055],[14.109,-9.071],[14.088,-9.082],[14.074,-9.096],[14.074,-9.114],[14.098,-9.13],[14.15,-9.145],[14.168,-9.159],[14.176,-9.178],[14.171,-9.199],[14.169,-9.217],[14.184,-9.241],[14.2,-9.266],[14.199,-9.274],[14.193,-9.292],[14.161,-9.332],[14.149,-9.353],[14.125,-9.43],[14.085,-9.526],[14.095,-9.525],[14.124,-9.55],[14.146,-9.609],[14.161,-9.628],[14.178,-9.633],[14.203,-9.633],[14.227,-9.63],[14.24,-9.625],[14.249,-9.629],[14.268,-9.643],[14.271,-9.645],[14.274,-9.651],[14.278,-9.674],[14.285,-9.68],[14.318,-9.687],[14.325,-9.69],[14.332,-9.69],[14.367,-9.68],[14.39,-9.682],[14.411,-9.687],[14.431,-9.696],[14.446,-9.707],[14.473,-9.735],[14.481,-9.742],[14.507,-9.755],[14.514,-9.76],[14.531,-9.779],[14.538,-9.782],[14.546,-9.778],[14.552,-9.772],[14.559,-9.769],[14.565,-9.769],[14.575,-9.849],[14.577,-9.921],[14.575,-9.956],[14.566,-9.982],[14.552,-10.001],[14.54,-10.029],[14.543,-10.053],[14.562,-10.107],[14.57,-10.142],[14.561,-10.167],[14.555,-10.191],[14.556,-10.213],[14.568,-10.236],[14.583,-10.252],[14.612,-10.278],[14.618,-10.323],[14.614,-10.342],[14.606,-10.367],[14.579,-10.41],[14.55,-10.439],[14.483,-10.409],[14.439,-10.369],[14.421,-10.347],[14.395,-10.325],[14.32,-10.291],[14.29,-10.282],[14.261,-10.277],[14.238,-10.275],[14.215,-10.276],[14.192,-10.283],[14.168,-10.293],[14.145,-10.307],[14.081,-10.361],[14.044,-10.382],[14.024,-10.4],[14.018,-10.403],[14.008,-10.405],[14.003,-10.405],[13.999,-10.404],[13.995,-10.4],[13.99,-10.394],[13.98,-10.386],[13.965,-10.379],[13.937,-10.371],[13.918,-10.369],[13.903,-10.37],[13.844,-10.378],[13.832,-10.378],[13.825,-10.374],[13.821,-10.369],[13.812,-10.363],[13.802,-10.361],[13.771,-10.361],[13.757,-10.358],[13.729,-10.347],[13.722,-10.347],[13.719,-10.35],[13.721,-10.354],[13.721,-10.358],[13.719,-10.362],[13.709,-10.365],[13.703,-10.364],[13.699,-10.361],[13.691,-10.346],[13.661,-10.306],[13.655,-10.296],[13.649,-10.288],[13.638,-10.278],[13.591,-10.252],[13.581,-10.249],[13.569,-10.248],[13.563,-10.246],[13.559,-10.242],[13.555,-10.235],[13.549,-10.227],[13.534,-10.216],[13.523,-10.212],[13.514,-10.211],[13.509,-10.213],[13.505,-10.216],[13.502,-10.22],[13.489,-10.249],[13.455,-10.202],[13.443,-10.179],[13.431,-10.131],[13.415,-10.11],[13.377,-10.071],[13.317,-9.976],[13.32,-9.962],[13.329,-9.948],[13.335,-9.927],[13.327,-9.886],[13.305,-9.842],[13.278,-9.802],[13.199,-9.709],[13.191,-9.69],[13.196,-9.673],[13.219,-9.649],[13.225,-9.631],[13.224,-9.614],[13.218,-9.594],[13.21,-9.577],[13.201,-9.57],[13.202,-9.559],[13.17,-9.466],[13.168,-9.447],[13.171,-9.403],[13.167,-9.387],[13.148,-9.352],[13.143,-9.33],[13.144,-9.33],[13.177,-9.316],[13.185,-9.31],[13.205,-9.278],[13.223,-9.241],[13.245,-9.203],[13.281,-9.173],[13.305,-9.162],[13.323,-9.16],[13.36,-9.166],[13.382,-9.163],[13.397,-9.159],[13.411,-9.156],[13.432,-9.159],[13.475,-9.172],[13.483,-9.15],[13.504,-8.97],[13.542,-8.922],[13.571,-8.868],[13.591,-8.851],[13.609,-8.843],[13.637,-8.836],[13.641,-8.804],[13.633,-8.757],[13.616,-8.694],[13.603,-8.667],[13.585,-8.649],[13.565,-8.643],[13.545,-8.649],[13.529,-8.649],[13.517,-8.647],[13.47,-8.61],[13.448,-8.598],[13.429,-8.59],[13.371,-8.582]]]}},{"type":"Feature","id":"AO-BGU","properties":{"id":"AO-BGU","countryCode":"AO","isoSubdivision":"AO-BGU","name":"Benguela","name_en":"Benguela","name_ko":"벵겔라","type":"Province","labelLongitude":13.812,"labelLatitude":-12.799,"minZoom":6.6},"geometry":{"type":"Polygon","coordinates":[[[12.533,-13.567],[12.534,-13.565],[12.524,-13.551],[12.522,-13.544],[12.524,-13.54],[12.527,-13.536],[12.527,-13.504],[12.525,-13.489],[12.515,-13.458],[12.513,-13.442],[12.515,-13.426],[12.522,-13.411],[12.533,-13.399],[12.547,-13.395],[12.568,-13.392],[12.575,-13.386],[12.581,-13.375],[12.595,-13.36],[12.611,-13.352],[12.624,-13.349],[12.634,-13.343],[12.642,-13.326],[12.643,-13.316],[12.641,-13.309],[12.638,-13.302],[12.636,-13.295],[12.638,-13.288],[12.648,-13.278],[12.65,-13.271],[12.657,-13.256],[12.685,-13.241],[12.692,-13.229],[12.694,-13.218],[12.7,-13.218],[12.707,-13.221],[12.712,-13.223],[12.731,-13.211],[12.732,-13.209],[12.75,-13.201],[12.761,-13.193],[12.827,-13.11],[12.856,-13.09],[12.866,-13.079],[12.883,-13.052],[12.945,-12.982],[12.959,-12.955],[12.959,-12.929],[12.949,-12.902],[12.935,-12.874],[12.928,-12.842],[12.939,-12.817],[12.986,-12.77],[13.01,-12.757],[13.075,-12.695],[13.101,-12.681],[13.109,-12.674],[13.126,-12.644],[13.133,-12.637],[13.162,-12.611],[13.179,-12.602],[13.198,-12.599],[13.199,-12.604],[13.221,-12.607],[13.233,-12.613],[13.264,-12.583],[13.277,-12.578],[13.294,-12.581],[13.312,-12.594],[13.328,-12.599],[13.364,-12.593],[13.393,-12.57],[13.438,-12.524],[13.46,-12.507],[13.469,-12.495],[13.473,-12.479],[13.475,-12.438],[13.479,-12.419],[13.487,-12.401],[13.506,-12.371],[13.569,-12.311],[13.575,-12.311],[13.575,-12.318],[13.565,-12.322],[13.558,-12.328],[13.557,-12.337],[13.562,-12.346],[13.577,-12.331],[13.598,-12.299],[13.63,-12.263],[13.64,-12.249],[13.664,-12.17],[13.693,-12.11],[13.705,-12.078],[13.715,-12.008],[13.723,-11.993],[13.737,-11.978],[13.749,-11.961],[13.759,-11.942],[13.766,-11.921],[13.782,-11.821],[13.792,-11.791],[13.795,-11.77],[13.793,-11.749],[13.842,-11.763],[13.869,-11.767],[13.893,-11.767],[13.976,-11.782],[14.035,-11.774],[14.056,-11.778],[14.076,-11.788],[14.087,-11.806],[14.096,-11.854],[14.103,-11.876],[14.118,-11.895],[14.163,-11.922],[14.188,-11.943],[14.236,-12.002],[14.298,-11.956],[14.347,-11.891],[14.367,-11.873],[14.414,-11.845],[14.439,-11.836],[14.464,-11.833],[14.483,-11.835],[14.517,-11.86],[14.613,-11.987],[14.641,-12.041],[14.671,-12.082],[14.731,-12.1],[14.765,-12.098],[14.807,-12.085],[14.831,-12.084],[14.855,-12.091],[14.945,-12.137],[14.962,-12.153],[14.972,-12.171],[14.978,-12.188],[15,-12.202],[15.021,-12.206],[15.017,-12.331],[15.02,-12.351],[15.05,-12.448],[15.05,-12.471],[15.069,-12.516],[15.051,-12.542],[15.008,-12.547],[14.973,-12.556],[14.95,-12.566],[14.926,-12.58],[14.907,-12.595],[14.89,-12.62],[14.841,-12.648],[14.821,-12.664],[14.807,-12.685],[14.81,-12.732],[14.808,-12.757],[14.812,-12.785],[14.839,-12.857],[14.85,-12.906],[14.882,-12.967],[14.904,-12.998],[14.909,-13.011],[14.923,-13.074],[14.927,-13.126],[14.92,-13.146],[14.916,-13.163],[14.913,-13.186],[14.919,-13.21],[14.93,-13.235],[14.962,-13.285],[14.985,-13.308],[15.038,-13.345],[15.07,-13.38],[15.111,-13.403],[15.088,-13.476],[14.979,-13.524],[14.957,-13.524],[14.913,-13.517],[14.863,-13.55],[14.824,-13.592],[14.8,-13.612],[14.777,-13.625],[14.679,-13.658],[14.639,-13.657],[14.559,-13.625],[14.52,-13.609],[14.507,-13.606],[14.476,-13.614],[14.474,-13.64],[14.47,-13.657],[14.454,-13.677],[14.385,-13.812],[14.354,-13.855],[14.302,-13.874],[14.082,-13.847],[14.047,-13.849],[14.023,-13.844],[13.974,-13.826],[13.957,-13.825],[13.932,-13.827],[13.858,-13.845],[13.81,-13.844],[13.779,-13.841],[13.751,-13.834],[13.728,-13.823],[13.696,-13.814],[13.671,-13.811],[13.565,-13.847],[13.533,-13.85],[13.518,-13.846],[13.481,-13.833],[13.451,-13.827],[13.401,-13.832],[13.382,-13.822],[13.37,-13.804],[13.343,-13.757],[13.307,-13.711],[13.293,-13.687],[13.288,-13.665],[13.29,-13.641],[13.302,-13.596],[13.301,-13.579],[13.287,-13.562],[13.101,-13.522],[13.075,-13.525],[13.06,-13.539],[13.045,-13.556],[13.027,-13.565],[12.919,-13.607],[12.891,-13.612],[12.868,-13.606],[12.824,-13.577],[12.753,-13.566],[12.704,-13.551],[12.613,-13.534],[12.585,-13.537],[12.566,-13.545],[12.534,-13.567],[12.533,-13.567]]]}},{"type":"Feature","id":"AO-BIE","properties":{"id":"AO-BIE","countryCode":"AO","isoSubdivision":"AO-BIE","name":"Bié","name_en":"Bié","name_ko":"비에","type":"Province","labelLongitude":17.492,"labelLatitude":-12.8,"minZoom":6.6},"geometry":{"type":"Polygon","coordinates":[[[16.612,-10.574],[16.627,-10.582],[16.639,-10.591],[16.621,-10.604],[16.614,-10.611],[16.611,-10.619],[16.613,-10.633],[16.621,-10.639],[16.631,-10.641],[16.639,-10.646],[16.656,-10.678],[16.665,-10.688],[16.676,-10.692],[16.703,-10.692],[16.715,-10.694],[16.726,-10.704],[16.755,-10.749],[16.767,-10.76],[16.786,-10.769],[16.809,-10.771],[16.83,-10.762],[16.848,-10.765],[16.888,-10.75],[16.91,-10.759],[16.926,-10.766],[17.031,-10.796],[17.047,-10.806],[17.066,-10.82],[17.093,-10.833],[17.105,-10.823],[17.114,-10.811],[17.132,-10.817],[17.15,-10.809],[17.161,-10.817],[17.172,-10.851],[17.185,-10.848],[17.199,-10.853],[17.214,-10.861],[17.228,-10.865],[17.281,-10.858],[17.29,-10.862],[17.301,-10.88],[17.353,-10.911],[17.372,-10.927],[17.377,-10.943],[17.376,-10.978],[17.379,-10.995],[17.389,-11.011],[17.415,-11.036],[17.425,-11.07],[17.449,-11.103],[17.454,-11.122],[17.453,-11.157],[17.447,-11.171],[17.434,-11.181],[17.426,-11.174],[17.401,-11.191],[17.392,-11.209],[17.399,-11.225],[17.42,-11.236],[17.437,-11.236],[17.446,-11.235],[17.453,-11.239],[17.46,-11.256],[17.458,-11.276],[17.459,-11.289],[17.464,-11.3],[17.478,-11.317],[17.515,-11.378],[17.519,-11.396],[17.516,-11.402],[17.515,-11.409],[17.516,-11.424],[17.513,-11.43],[17.506,-11.435],[17.492,-11.444],[17.488,-11.452],[17.49,-11.476],[17.488,-11.489],[17.5,-11.482],[17.516,-11.476],[17.529,-11.479],[17.53,-11.495],[17.523,-11.502],[17.497,-11.511],[17.488,-11.516],[17.478,-11.539],[17.481,-11.563],[17.509,-11.621],[17.511,-11.633],[17.511,-11.644],[17.509,-11.66],[17.504,-11.678],[17.501,-11.684],[17.505,-11.687],[17.572,-11.719],[17.588,-11.726],[17.616,-11.72],[17.634,-11.715],[17.65,-11.709],[17.697,-11.67],[17.721,-11.654],[17.816,-11.556],[17.835,-11.531],[17.843,-11.5],[17.842,-11.43],[17.829,-11.362],[17.859,-11.389],[17.872,-11.397],[17.879,-11.403],[17.882,-11.408],[17.884,-11.412],[17.891,-11.433],[17.899,-11.445],[17.903,-11.454],[17.904,-11.458],[17.905,-11.461],[17.9,-11.496],[17.901,-11.501],[17.901,-11.504],[17.905,-11.513],[17.908,-11.517],[17.912,-11.52],[17.916,-11.523],[17.92,-11.526],[17.926,-11.527],[17.931,-11.528],[17.945,-11.528],[17.949,-11.529],[17.958,-11.529],[17.965,-11.528],[17.989,-11.521],[18.002,-11.519],[18.005,-11.52],[18.008,-11.521],[18.011,-11.523],[18.015,-11.526],[18.019,-11.529],[18.021,-11.534],[18.023,-11.538],[18.025,-11.542],[18.028,-11.548],[18.033,-11.553],[18.036,-11.555],[18.04,-11.557],[18.048,-11.556],[18.058,-11.553],[18.075,-11.545],[18.086,-11.542],[18.094,-11.542],[18.103,-11.545],[18.106,-11.545],[18.13,-11.548],[18.146,-11.552],[18.153,-11.553],[18.161,-11.552],[18.171,-11.55],[18.18,-11.548],[18.256,-11.528],[18.281,-11.527],[18.332,-11.538],[18.381,-11.541],[18.406,-11.54],[18.428,-11.534],[18.448,-11.521],[18.515,-11.453],[18.535,-11.439],[18.588,-11.413],[18.693,-11.374],[18.744,-11.364],[18.767,-11.364],[18.811,-11.369],[18.828,-11.364],[18.837,-11.348],[18.834,-11.327],[18.833,-11.306],[18.829,-11.291],[18.822,-11.277],[18.814,-11.269],[18.805,-11.262],[18.797,-11.256],[18.776,-11.233],[18.775,-11.214],[18.784,-11.195],[18.79,-11.167],[18.784,-11.141],[18.755,-11.091],[18.748,-11.064],[18.751,-11.036],[18.764,-10.989],[18.763,-10.961],[18.974,-11.094],[19.021,-11.13],[19.068,-11.178],[19.09,-11.197],[19.114,-11.207],[19.168,-11.218],[19.201,-11.23],[19.221,-11.248],[19.235,-11.271],[19.236,-11.294],[19.215,-11.343],[19.208,-11.368],[19.197,-11.392],[19.19,-11.431],[19.189,-11.456],[19.166,-11.46],[19.15,-11.472],[19.137,-11.486],[19.1,-11.534],[19.089,-11.556],[19.083,-11.579],[19.076,-11.628],[19.064,-11.659],[19.046,-11.679],[19.026,-11.689],[18.994,-11.692],[18.978,-11.696],[18.966,-11.707],[18.965,-11.726],[18.97,-11.747],[18.961,-11.775],[18.942,-11.789],[18.916,-11.805],[18.904,-11.823],[18.88,-11.87],[18.857,-11.9],[18.848,-11.927],[18.848,-11.953],[18.866,-11.992],[18.87,-12.002],[18.869,-12.014],[18.863,-12.038],[18.849,-12.06],[18.808,-12.107],[18.8,-12.113],[18.774,-12.128],[18.741,-12.16],[18.725,-12.179],[18.722,-12.191],[18.723,-12.202],[18.728,-12.213],[18.732,-12.227],[18.726,-12.246],[18.711,-12.262],[18.657,-12.292],[18.624,-12.32],[18.595,-12.339],[18.542,-12.362],[18.519,-12.377],[18.433,-12.46],[18.417,-12.496],[18.42,-12.523],[18.413,-12.541],[18.4,-12.563],[18.384,-12.586],[18.32,-12.654],[18.309,-12.68],[18.307,-12.701],[18.299,-12.73],[18.282,-12.75],[18.184,-12.829],[18.16,-12.842],[18.154,-12.862],[18.159,-12.884],[18.176,-12.934],[18.171,-12.964],[18.137,-13.009],[18.12,-13.037],[18.104,-13.053],[18.078,-13.069],[18.059,-13.086],[18.059,-13.105],[18.041,-13.15],[18.046,-13.173],[18.069,-13.231],[18.077,-13.274],[18.071,-13.3],[18.053,-13.316],[18.009,-13.335],[17.995,-13.342],[17.976,-13.355],[17.96,-13.373],[17.947,-13.394],[17.951,-13.418],[17.959,-13.441],[17.964,-13.466],[17.949,-13.508],[17.945,-13.525],[17.949,-13.54],[17.953,-13.572],[17.942,-13.611],[17.925,-13.647],[17.893,-13.675],[17.809,-13.694],[17.797,-13.714],[17.798,-13.735],[17.805,-13.76],[17.807,-13.851],[17.805,-13.861],[17.8,-13.87],[17.779,-13.899],[17.771,-13.908],[17.764,-13.913],[17.758,-13.915],[17.751,-13.919],[17.743,-13.926],[17.728,-13.941],[17.713,-13.952],[17.701,-13.956],[17.696,-13.958],[17.692,-13.961],[17.648,-13.991],[17.641,-13.994],[17.637,-13.995],[17.631,-13.996],[17.607,-13.993],[17.601,-13.993],[17.595,-13.994],[17.555,-14.011],[17.55,-14.012],[17.545,-14.012],[17.52,-14.009],[17.513,-14.008],[17.504,-14.01],[17.494,-14.013],[17.479,-14.02],[17.471,-14.025],[17.465,-14.03],[17.435,-14.075],[17.403,-14.111],[17.396,-14.117],[17.355,-14.144],[17.35,-14.148],[17.348,-14.153],[17.346,-14.158],[17.344,-14.17],[17.347,-14.206],[17.346,-14.215],[17.345,-14.22],[17.342,-14.23],[17.338,-14.24],[17.308,-14.28],[17.307,-14.285],[17.307,-14.288],[17.308,-14.292],[17.309,-14.296],[17.318,-14.309],[17.301,-14.312],[17.283,-14.309],[17.258,-14.302],[17.232,-14.289],[17.172,-14.249],[17.139,-14.235],[17.086,-14.203],[17.042,-14.165],[17.032,-14.144],[17.02,-14.096],[17.012,-14.074],[16.98,-14.024],[16.965,-14.007],[16.953,-13.998],[16.931,-13.991],[16.908,-13.99],[16.88,-14],[16.87,-14.006],[16.852,-14.015],[16.83,-14.023],[16.808,-14.02],[16.788,-14.012],[16.755,-13.99],[16.734,-13.981],[16.707,-13.977],[16.675,-13.986],[16.641,-14],[16.597,-14.004],[16.504,-14],[16.494,-14.002],[16.474,-14.01],[16.477,-13.846],[16.475,-13.841],[16.472,-13.831],[16.471,-13.825],[16.472,-13.818],[16.473,-13.81],[16.478,-13.798],[16.487,-13.782],[16.489,-13.776],[16.491,-13.766],[16.491,-13.749],[16.498,-13.721],[16.502,-13.712],[16.505,-13.696],[16.507,-13.69],[16.519,-13.667],[16.52,-13.661],[16.533,-13.55],[16.533,-13.54],[16.522,-13.454],[16.517,-13.432],[16.517,-13.412],[16.526,-13.356],[16.539,-13.273],[16.538,-13.218],[16.533,-13.189],[16.535,-13.178],[16.538,-13.169],[16.539,-13.162],[16.538,-13.153],[16.519,-13.064],[16.511,-12.935],[16.508,-12.907],[16.509,-12.887],[16.504,-12.858],[16.501,-12.81],[16.505,-12.759],[16.505,-12.755],[16.503,-12.751],[16.459,-12.736],[16.411,-12.713],[16.389,-12.697],[16.369,-12.676],[16.353,-12.644],[16.318,-12.601],[16.306,-12.58],[16.303,-12.554],[16.308,-12.538],[16.324,-12.523],[16.356,-12.503],[16.363,-12.496],[16.371,-12.484],[16.377,-12.463],[16.382,-12.436],[16.383,-12.407],[16.38,-12.379],[16.365,-12.348],[16.354,-12.318],[16.341,-12.299],[16.337,-12.288],[16.337,-12.277],[16.34,-12.266],[16.342,-12.261],[16.345,-12.256],[16.351,-12.25],[16.361,-12.241],[16.389,-12.223],[16.407,-12.213],[16.465,-12.166],[16.48,-12.151],[16.507,-12.107],[16.51,-12.084],[16.519,-12.055],[16.532,-12.037],[16.562,-11.992],[16.576,-11.974],[16.579,-11.97],[16.583,-11.942],[16.581,-11.93],[16.576,-11.908],[16.571,-11.899],[16.563,-11.891],[16.547,-11.876],[16.538,-11.866],[16.487,-11.824],[16.481,-11.816],[16.48,-11.81],[16.479,-11.798],[16.475,-11.769],[16.47,-11.759],[16.468,-11.755],[16.458,-11.747],[16.406,-11.711],[16.394,-11.699],[16.388,-11.69],[16.384,-11.682],[16.375,-11.673],[16.353,-11.656],[16.335,-11.635],[16.322,-11.621],[16.317,-11.615],[16.315,-11.61],[16.307,-11.562],[16.307,-11.554],[16.306,-11.548],[16.304,-11.539],[16.3,-11.529],[16.292,-11.503],[16.282,-11.497],[16.263,-11.488],[16.212,-11.484],[16.175,-11.472],[16.055,-11.449],[15.999,-11.469],[15.984,-11.478],[15.942,-11.483],[15.905,-11.488],[15.874,-11.485],[15.829,-11.476],[15.748,-11.444],[15.772,-11.397],[15.788,-11.346],[15.786,-11.277],[15.812,-11.247],[15.873,-11.159],[15.893,-11.122],[15.91,-11.08],[15.951,-10.947],[16.005,-10.983],[16.024,-10.991],[16.048,-10.992],[16.108,-10.987],[16.143,-10.995],[16.158,-11.001],[16.17,-11.004],[16.187,-11.003],[16.207,-10.994],[16.224,-10.975],[16.281,-10.88],[16.3,-10.857],[16.324,-10.835],[16.361,-10.812],[16.417,-10.783],[16.442,-10.767],[16.466,-10.747],[16.504,-10.697],[16.525,-10.687],[16.549,-10.681],[16.552,-10.679],[16.558,-10.673],[16.584,-10.635],[16.587,-10.628],[16.587,-10.624],[16.585,-10.616],[16.582,-10.61],[16.58,-10.604],[16.581,-10.597],[16.583,-10.591],[16.612,-10.574]]]}},{"type":"Feature","id":"AO-CAB","properties":{"id":"AO-CAB","countryCode":"AO","isoSubdivision":"AO-CAB","name":"Cabinda","name_en":"Cabinda","name_ko":"카빈다","type":"Province","labelLongitude":12.543,"labelLatitude":-4.801,"minZoom":6.6},"geometry":{"type":"Polygon","coordinates":[[[12.783,-4.4],[12.801,-4.41],[12.815,-4.413],[12.83,-4.41],[12.842,-4.404],[12.854,-4.403],[12.87,-4.412],[12.884,-4.432],[12.902,-4.48],[12.922,-4.502],[12.962,-4.534],[13.027,-4.612],[13.074,-4.635],[13.065,-4.664],[13.03,-4.677],[12.833,-4.723],[12.803,-4.74],[12.786,-4.758],[12.775,-4.779],[12.768,-4.802],[12.766,-4.825],[12.757,-4.837],[12.712,-4.863],[12.697,-4.876],[12.688,-4.897],[12.686,-4.913],[12.679,-4.924],[12.654,-4.933],[12.616,-4.935],[12.607,-4.942],[12.604,-4.963],[12.588,-5],[12.55,-5.024],[12.467,-5.053],[12.458,-5.054],[12.451,-5.053],[12.444,-5.055],[12.439,-5.065],[12.439,-5.073],[12.441,-5.084],[12.445,-5.094],[12.45,-5.099],[12.512,-5.121],[12.524,-5.129],[12.531,-5.163],[12.528,-5.239],[12.524,-5.325],[12.52,-5.444],[12.515,-5.569],[12.512,-5.634],[12.509,-5.726],[12.435,-5.726],[12.344,-5.725],[12.259,-5.737],[12.211,-5.763],[12.21,-5.763],[12.162,-5.681],[12.147,-5.618],[12.17,-5.555],[12.182,-5.543],[12.193,-5.541],[12.205,-5.54],[12.219,-5.534],[12.228,-5.524],[12.232,-5.511],[12.232,-5.48],[12.229,-5.467],[12.214,-5.431],[12.196,-5.396],[12.171,-5.329],[12.172,-5.302],[12.132,-5.233],[12.125,-5.185],[12.07,-5.12],[12.023,-5.046],[12.023,-5.035],[12.035,-5.038],[12.055,-5.042],[12.068,-5.046],[12.074,-5.052],[12.081,-5.076],[12.101,-5.08],[12.117,-5.07],[12.127,-5.053],[12.129,-5.04],[12.138,-5.034],[12.137,-5.015],[12.132,-5.006],[12.123,-5.003],[12.113,-5.002],[12.105,-5.013],[12.103,-5.027],[12.104,-5.049],[12.098,-5.054],[12.091,-5.051],[12.086,-5.031],[12.08,-5.02],[12.072,-5.018],[12.067,-5.027],[12.057,-5.027],[12.045,-5.021],[12.031,-5.023],[12.01,-5.02],[12.018,-5.009],[12.131,-4.913],[12.157,-4.871],[12.188,-4.768],[12.192,-4.763],[12.204,-4.763],[12.213,-4.769],[12.223,-4.781],[12.235,-4.804],[12.244,-4.796],[12.259,-4.791],[12.274,-4.787],[12.308,-4.784],[12.322,-4.778],[12.332,-4.766],[12.374,-4.683],[12.379,-4.662],[12.378,-4.619],[12.387,-4.605],[12.414,-4.609],[12.429,-4.608],[12.497,-4.585],[12.608,-4.565],[12.624,-4.559],[12.635,-4.548],[12.657,-4.507],[12.671,-4.491],[12.687,-4.478],[12.705,-4.468],[12.718,-4.452],[12.727,-4.428],[12.738,-4.405],[12.762,-4.391],[12.775,-4.396],[12.783,-4.4]]]}},{"type":"Feature","id":"AO-CCU","properties":{"id":"AO-CCU","countryCode":"AO","isoSubdivision":"AO-CCU","name":"Cuando Cubango","name_en":"Cuando Cubango","name_ko":"쿠안두쿠방구","type":"Province","labelLongitude":19.922,"labelLatitude":-16.311,"minZoom":6.6},"geometry":{"type":"Polygon","coordinates":[[[21.984,-16.166],[22.01,-16.198],[22.045,-16.252],[22.02,-16.253],[22.012,-16.252],[22.022,-16.266],[22.026,-16.279],[22.028,-16.292],[22.032,-16.306],[22.037,-16.312],[22.049,-16.322],[22.052,-16.327],[22.054,-16.337],[22.054,-16.359],[22.056,-16.365],[22.089,-16.372],[22.106,-16.379],[22.104,-16.392],[22.094,-16.405],[22.086,-16.422],[22.081,-16.441],[22.08,-16.458],[22.085,-16.47],[22.102,-16.498],[22.107,-16.512],[22.107,-16.526],[22.104,-16.537],[22.108,-16.544],[22.127,-16.546],[22.138,-16.553],[22.142,-16.567],[22.145,-16.584],[22.152,-16.598],[22.238,-16.665],[22.251,-16.67],[22.259,-16.669],[22.274,-16.664],[22.284,-16.661],[22.287,-16.658],[22.291,-16.656],[22.296,-16.659],[22.303,-16.667],[22.307,-16.669],[22.334,-16.674],[22.343,-16.683],[22.35,-16.696],[22.366,-16.717],[22.373,-16.729],[22.378,-16.735],[22.384,-16.738],[22.4,-16.74],[22.409,-16.746],[22.417,-16.754],[22.489,-16.865],[22.5,-16.893],[22.509,-16.906],[22.523,-16.915],[22.555,-16.924],[22.567,-16.937],[22.569,-16.945],[22.569,-16.962],[22.573,-16.971],[22.579,-16.975],[22.592,-16.975],[22.652,-16.999],[22.666,-17.009],[22.71,-17.055],[22.731,-17.082],[22.745,-17.108],[22.756,-17.155],[22.765,-17.17],[22.778,-17.18],[22.809,-17.196],[22.849,-17.231],[22.876,-17.248],[22.937,-17.273],[22.984,-17.286],[22.999,-17.294],[23.04,-17.337],[23.046,-17.348],[23.054,-17.375],[23.073,-17.405],[23.098,-17.432],[23.122,-17.451],[23.166,-17.467],[23.176,-17.478],[23.179,-17.494],[23.177,-17.51],[23.178,-17.524],[23.19,-17.537],[23.207,-17.541],[23.224,-17.539],[23.241,-17.535],[23.258,-17.533],[23.291,-17.535],[23.305,-17.54],[23.32,-17.546],[23.341,-17.561],[23.359,-17.583],[23.382,-17.601],[23.375,-17.615],[23.376,-17.628],[23.382,-17.641],[23.298,-17.657],[23.094,-17.695],[22.89,-17.734],[22.686,-17.773],[22.481,-17.811],[22.231,-17.858],[21.979,-17.904],[21.729,-17.95],[21.478,-17.996],[21.406,-18.009],[21.387,-18.014],[21.381,-18.013],[21.365,-17.992],[21.335,-17.978],[21.278,-17.959],[21.233,-17.934],[21.217,-17.931],[21.176,-17.933],[21.161,-17.931],[21.143,-17.934],[21.126,-17.941],[21.109,-17.945],[21.093,-17.938],[21.001,-17.962],[20.986,-17.966],[20.908,-17.986],[20.894,-18.013],[20.862,-18.019],[20.832,-18.029],[20.806,-18.031],[20.785,-18.013],[20.754,-17.998],[20.737,-17.993],[20.73,-18.002],[20.722,-18.006],[20.706,-18.004],[20.69,-17.997],[20.682,-17.989],[20.666,-17.98],[20.63,-17.977],[20.591,-17.979],[20.565,-17.985],[20.553,-17.979],[20.524,-17.959],[20.49,-17.942],[20.48,-17.934],[20.46,-17.914],[20.438,-17.894],[20.413,-17.884],[20.387,-17.89],[20.348,-17.859],[20.336,-17.855],[20.303,-17.861],[20.289,-17.862],[20.278,-17.855],[20.243,-17.883],[20.22,-17.873],[20.193,-17.872],[20.169,-17.878],[20.155,-17.89],[20.147,-17.883],[20.133,-17.889],[20.12,-17.891],[20.093,-17.89],[20.034,-17.896],[20.025,-17.895],[19.99,-17.883],[19.952,-17.862],[19.794,-17.862],[19.788,-17.866],[19.776,-17.885],[19.771,-17.89],[19.755,-17.889],[19.732,-17.882],[19.711,-17.873],[19.702,-17.866],[19.693,-17.848],[19.673,-17.843],[19.65,-17.845],[19.593,-17.857],[19.421,-17.859],[19.262,-17.814],[19.247,-17.804],[19.202,-17.807],[19.172,-17.801],[19.161,-17.801],[19.139,-17.805],[19.105,-17.818],[19.021,-17.822],[18.89,-17.799],[18.801,-17.757],[18.762,-17.748],[18.748,-17.736],[18.728,-17.711],[18.671,-17.653],[18.661,-17.647],[18.643,-17.638],[18.633,-17.629],[18.628,-17.62],[18.623,-17.602],[18.62,-17.595],[18.567,-17.553],[18.554,-17.546],[18.551,-17.535],[18.517,-17.471],[18.493,-17.465],[18.49,-17.462],[18.488,-17.452],[18.472,-17.414],[18.465,-17.409],[18.459,-17.405],[18.455,-17.396],[18.454,-17.39],[18.446,-17.389],[18.392,-17.389],[18.136,-17.389],[18,-17.389],[17.879,-17.389],[17.623,-17.389],[17.366,-17.389],[17.279,-17.389],[17.282,-17.22],[17.235,-17.003],[17.226,-16.901],[17.227,-16.836],[17.235,-16.771],[17.247,-16.736],[17.29,-16.641],[17.31,-16.558],[17.373,-16.483],[17.391,-16.454],[17.403,-16.425],[17.417,-16.365],[17.413,-16.244],[17.387,-16.051],[17.384,-15.925],[17.375,-15.894],[17.359,-15.864],[17.343,-15.846],[17.296,-15.806],[17.167,-15.582],[17.14,-15.559],[17.085,-15.522],[17.073,-15.507],[17.067,-15.498],[17.055,-15.45],[17.05,-15.453],[17.041,-15.456],[17.036,-15.457],[17.029,-15.45],[17.02,-15.427],[17.012,-15.422],[16.99,-15.423],[16.979,-15.422],[16.97,-15.416],[16.933,-15.383],[16.924,-15.378],[16.913,-15.374],[16.913,-15.368],[16.917,-15.365],[16.922,-15.358],[16.927,-15.354],[16.917,-15.349],[16.892,-15.332],[16.882,-15.323],[16.855,-15.306],[16.845,-15.303],[16.845,-15.297],[16.852,-15.285],[16.847,-15.258],[16.84,-15.248],[16.807,-15.24],[16.792,-15.23],[16.78,-15.218],[16.775,-15.206],[16.778,-15.194],[16.782,-15.182],[16.782,-15.173],[16.772,-15.17],[16.759,-15.168],[16.748,-15.163],[16.705,-15.114],[16.696,-15.097],[16.693,-15.08],[16.697,-15.074],[16.712,-15.063],[16.715,-15.056],[16.714,-15.053],[16.711,-15.051],[16.708,-15.049],[16.704,-15.03],[16.697,-15.021],[16.69,-15.013],[16.686,-15.008],[16.682,-14.998],[16.659,-14.971],[16.652,-14.956],[16.651,-14.934],[16.66,-14.878],[16.656,-14.854],[16.645,-14.833],[16.607,-14.786],[16.604,-14.777],[16.607,-14.768],[16.611,-14.762],[16.621,-14.737],[16.633,-14.734],[16.63,-14.728],[16.62,-14.722],[16.611,-14.717],[16.601,-14.714],[16.57,-14.71],[16.575,-14.704],[16.583,-14.689],[16.558,-14.684],[16.533,-14.669],[16.513,-14.649],[16.506,-14.637],[16.503,-14.629],[16.502,-14.627],[16.503,-14.543],[16.504,-14.528],[16.506,-14.519],[16.506,-14.502],[16.503,-14.479],[16.502,-14.467],[16.503,-14.458],[16.505,-14.452],[16.505,-14.443],[16.505,-14.429],[16.497,-14.403],[16.481,-14.372],[16.477,-14.358],[16.462,-14.268],[16.462,-14.262],[16.463,-14.256],[16.466,-14.252],[16.471,-14.25],[16.475,-14.248],[16.478,-14.246],[16.48,-14.244],[16.482,-14.239],[16.488,-14.182],[16.495,-14.157],[16.497,-14.147],[16.494,-14.135],[16.48,-14.092],[16.477,-14.079],[16.477,-14.069],[16.483,-14.059],[16.485,-14.052],[16.485,-14.04],[16.484,-14.033],[16.474,-14.01],[16.494,-14.002],[16.504,-14],[16.597,-14.004],[16.641,-14],[16.675,-13.986],[16.707,-13.977],[16.734,-13.981],[16.755,-13.99],[16.788,-14.012],[16.808,-14.02],[16.83,-14.023],[16.852,-14.015],[16.87,-14.006],[16.88,-14],[16.908,-13.99],[16.931,-13.991],[16.953,-13.998],[16.965,-14.007],[16.98,-14.024],[17.012,-14.074],[17.02,-14.096],[17.032,-14.144],[17.042,-14.165],[17.086,-14.203],[17.139,-14.235],[17.172,-14.249],[17.232,-14.289],[17.258,-14.302],[17.283,-14.309],[17.301,-14.312],[17.318,-14.309],[17.309,-14.296],[17.308,-14.292],[17.307,-14.288],[17.307,-14.285],[17.308,-14.28],[17.338,-14.24],[17.342,-14.23],[17.345,-14.22],[17.346,-14.215],[17.347,-14.206],[17.344,-14.17],[17.346,-14.158],[17.348,-14.153],[17.35,-14.148],[17.355,-14.144],[17.396,-14.117],[17.403,-14.111],[17.435,-14.075],[17.465,-14.03],[17.471,-14.025],[17.479,-14.02],[17.494,-14.013],[17.504,-14.01],[17.513,-14.008],[17.52,-14.009],[17.545,-14.012],[17.55,-14.012],[17.555,-14.011],[17.595,-13.994],[17.601,-13.993],[17.607,-13.993],[17.631,-13.996],[17.637,-13.995],[17.641,-13.994],[17.648,-13.991],[17.692,-13.961],[17.696,-13.958],[17.701,-13.956],[17.713,-13.952],[17.728,-13.941],[17.743,-13.926],[17.751,-13.919],[17.758,-13.915],[17.764,-13.913],[17.771,-13.908],[17.779,-13.899],[17.8,-13.87],[17.805,-13.861],[17.807,-13.851],[17.805,-13.76],[17.798,-13.735],[17.797,-13.714],[17.809,-13.694],[17.893,-13.675],[17.925,-13.647],[17.942,-13.611],[17.953,-13.572],[17.985,-13.584],[18.216,-13.709],[18.248,-13.716],[18.275,-13.717],[18.297,-13.713],[18.333,-13.72],[18.461,-13.778],[18.5,-13.791],[18.532,-13.798],[18.555,-13.807],[18.618,-13.857],[18.627,-13.862],[18.637,-13.863],[18.644,-13.866],[18.656,-13.877],[18.666,-13.898],[18.671,-13.902],[18.703,-13.922],[18.714,-13.933],[18.727,-13.949],[18.733,-13.957],[18.734,-13.961],[18.735,-13.964],[18.735,-13.976],[18.736,-13.982],[18.739,-13.986],[18.748,-13.997],[18.751,-14.001],[18.757,-14.016],[18.76,-14.022],[18.765,-14.027],[18.772,-14.034],[18.779,-14.043],[18.787,-14.057],[18.788,-14.062],[18.788,-14.068],[18.786,-14.073],[18.781,-14.082],[18.779,-14.087],[18.779,-14.093],[18.781,-14.098],[18.786,-14.106],[18.792,-14.122],[18.797,-14.131],[18.798,-14.136],[18.797,-14.147],[18.798,-14.152],[18.8,-14.157],[18.805,-14.165],[18.806,-14.17],[18.805,-14.175],[18.803,-14.18],[18.801,-14.185],[18.8,-14.19],[18.8,-14.195],[18.803,-14.205],[18.804,-14.222],[18.806,-14.227],[18.812,-14.235],[18.815,-14.24],[18.819,-14.25],[18.82,-14.255],[18.824,-14.265],[18.839,-14.284],[18.846,-14.307],[18.848,-14.311],[18.856,-14.32],[18.862,-14.324],[18.866,-14.329],[18.869,-14.334],[18.87,-14.339],[18.87,-14.344],[18.872,-14.349],[18.875,-14.354],[18.887,-14.369],[18.889,-14.375],[18.892,-14.379],[18.897,-14.384],[18.909,-14.388],[18.924,-14.396],[18.934,-14.4],[18.947,-14.399],[19.017,-14.374],[19.051,-14.372],[19.091,-14.374],[19.159,-14.39],[19.179,-14.381],[19.185,-14.365],[19.174,-14.32],[19.174,-14.3],[19.18,-14.28],[19.198,-14.266],[19.222,-14.253],[19.25,-14.251],[19.282,-14.259],[19.328,-14.279],[19.415,-14.296],[19.496,-14.286],[19.528,-14.29],[19.545,-14.308],[19.554,-14.322],[19.561,-14.335],[19.569,-14.345],[19.595,-14.365],[19.605,-14.375],[19.613,-14.386],[19.62,-14.405],[19.627,-14.433],[19.632,-14.444],[19.64,-14.455],[19.656,-14.47],[19.672,-14.494],[19.674,-14.499],[19.682,-14.53],[19.688,-14.54],[19.698,-14.549],[19.726,-14.568],[19.736,-14.578],[19.743,-14.591],[19.751,-14.602],[19.764,-14.611],[19.776,-14.622],[19.789,-14.638],[19.824,-14.675],[19.88,-14.718],[19.889,-14.732],[19.898,-14.741],[19.914,-14.75],[19.925,-14.764],[19.948,-14.771],[19.983,-14.794],[20.009,-14.832],[20.019,-14.841],[20.049,-14.862],[20.057,-14.87],[20.063,-14.878],[20.077,-14.897],[20.082,-14.902],[20.088,-14.906],[20.165,-14.948],[20.215,-14.963],[20.236,-14.972],[20.25,-14.981],[20.256,-14.984],[20.262,-14.985],[20.271,-14.985],[20.306,-14.981],[20.342,-14.982],[20.384,-14.989],[20.39,-14.99],[20.4,-14.991],[20.419,-14.996],[20.433,-14.992],[20.446,-14.987],[20.462,-14.984],[20.534,-14.984],[20.544,-14.985],[20.549,-14.987],[20.554,-14.987],[20.569,-14.975],[20.59,-14.966],[20.599,-14.964],[20.608,-14.964],[20.627,-14.969],[20.637,-14.97],[20.644,-14.968],[20.659,-14.958],[20.668,-14.956],[20.683,-14.96],[20.73,-14.987],[20.767,-14.999],[20.787,-15.003],[20.805,-15.005],[20.82,-14.999],[20.828,-14.988],[20.838,-14.982],[20.86,-14.991],[20.891,-15.016],[20.907,-15.019],[20.928,-15.005],[20.937,-15.019],[20.949,-15.032],[20.952,-15.045],[20.956,-15.051],[20.96,-15.051],[20.964,-15.05],[20.969,-15.052],[21.053,-15.14],[21.073,-15.172],[21.099,-15.2],[21.106,-15.216],[21.122,-15.208],[21.131,-15.208],[21.138,-15.213],[21.147,-15.224],[21.149,-15.232],[21.155,-15.25],[21.167,-15.261],[21.185,-15.254],[21.211,-15.25],[21.235,-15.274],[21.265,-15.333],[21.265,-15.34],[21.262,-15.346],[21.26,-15.352],[21.265,-15.361],[21.291,-15.381],[21.323,-15.395],[21.335,-15.406],[21.339,-15.426],[21.345,-15.422],[21.36,-15.42],[21.377,-15.423],[21.391,-15.436],[21.411,-15.481],[21.415,-15.498],[21.422,-15.559],[21.436,-15.58],[21.47,-15.587],[21.48,-15.594],[21.498,-15.626],[21.518,-15.653],[21.523,-15.666],[21.531,-15.697],[21.54,-15.714],[21.561,-15.735],[21.573,-15.751],[21.579,-15.767],[21.589,-15.802],[21.596,-15.819],[21.622,-15.845],[21.652,-15.848],[21.682,-15.846],[21.71,-15.854],[21.72,-15.87],[21.719,-15.883],[21.724,-15.892],[21.747,-15.895],[21.755,-15.904],[21.774,-15.944],[21.78,-15.964],[21.784,-15.97],[21.803,-15.99],[21.806,-15.995],[21.831,-16.059],[21.841,-16.073],[21.854,-16.083],[21.909,-16.104],[21.939,-16.123],[21.967,-16.146],[21.984,-16.166]]]}},{"type":"Feature","id":"AO-CNN","properties":{"id":"AO-CNN","countryCode":"AO","isoSubdivision":"AO-CNN","name":"Cunene","name_en":"Cunene","name_ko":"쿠네느","type":"Province","labelLongitude":15.281,"labelLatitude":-16.627,"minZoom":6.6},"geometry":{"type":"Polygon","coordinates":[[[13.981,-17.424],[13.957,-17.419],[13.943,-17.408],[13.897,-17.349],[13.884,-17.339],[13.79,-17.288],[13.694,-17.237],[13.606,-17.167],[13.521,-17.122],[13.531,-17.093],[13.522,-17.077],[13.508,-17.064],[13.495,-17.024],[13.48,-17.01],[13.459,-17.002],[13.435,-16.999],[13.417,-16.994],[13.382,-16.97],[13.364,-16.964],[13.346,-16.969],[13.346,-16.968],[13.333,-16.92],[13.305,-16.872],[13.197,-16.765],[13.155,-16.714],[13.145,-16.687],[13.147,-16.662],[13.159,-16.642],[13.179,-16.623],[13.201,-16.611],[13.223,-16.593],[13.239,-16.568],[13.248,-16.535],[13.244,-16.514],[13.238,-16.502],[13.231,-16.495],[13.221,-16.488],[13.202,-16.467],[13.218,-16.445],[13.224,-16.433],[13.227,-16.429],[13.232,-16.425],[13.238,-16.423],[13.25,-16.421],[13.259,-16.418],[13.268,-16.414],[13.288,-16.39],[13.294,-16.386],[13.305,-16.382],[13.312,-16.381],[13.319,-16.38],[13.325,-16.376],[13.338,-16.355],[13.341,-16.357],[13.344,-16.361],[13.347,-16.364],[13.352,-16.364],[13.357,-16.362],[13.389,-16.343],[13.416,-16.321],[13.481,-16.248],[13.545,-16.303],[13.568,-16.328],[13.616,-16.367],[13.639,-16.366],[13.7,-16.343],[13.738,-16.324],[13.766,-16.303],[13.788,-16.282],[13.867,-16.185],[13.895,-16.156],[13.922,-16.148],[13.946,-16.154],[13.966,-16.171],[13.983,-16.187],[13.998,-16.197],[14.012,-16.199],[14.031,-16.193],[14.052,-16.177],[14.085,-16.136],[14.102,-16.12],[14.117,-16.113],[14.164,-16.102],[14.254,-16.071],[14.358,-16.015],[14.377,-16.002],[14.496,-15.879],[14.508,-15.868],[14.527,-15.857],[14.571,-15.86],[14.595,-15.864],[14.641,-15.863],[14.665,-15.859],[14.712,-15.864],[14.849,-15.896],[14.96,-15.932],[15.003,-15.961],[15.017,-15.976],[15.028,-15.999],[15.039,-16.042],[15.128,-16.058],[15.148,-16.053],[15.168,-16.039],[15.195,-15.993],[15.247,-15.932],[15.331,-15.768],[15.378,-15.711],[15.459,-15.571],[15.539,-15.485],[15.612,-15.443],[15.641,-15.434],[15.711,-15.4],[15.74,-15.393],[15.823,-15.386],[15.835,-15.386],[15.869,-15.397],[15.892,-15.403],[16.062,-15.405],[16.103,-15.395],[16.135,-15.392],[16.212,-15.394],[16.234,-15.381],[16.355,-15.247],[16.377,-15.215],[16.427,-15.187],[16.517,-15.156],[16.553,-15.151],[16.584,-15.152],[16.632,-15.161],[16.748,-15.163],[16.759,-15.168],[16.772,-15.17],[16.782,-15.173],[16.782,-15.182],[16.778,-15.194],[16.775,-15.206],[16.78,-15.218],[16.792,-15.23],[16.807,-15.24],[16.84,-15.248],[16.847,-15.258],[16.852,-15.285],[16.845,-15.297],[16.845,-15.303],[16.855,-15.306],[16.882,-15.323],[16.892,-15.332],[16.917,-15.349],[16.927,-15.354],[16.922,-15.358],[16.917,-15.365],[16.913,-15.368],[16.913,-15.374],[16.924,-15.378],[16.933,-15.383],[16.97,-15.416],[16.979,-15.422],[16.99,-15.423],[17.012,-15.422],[17.02,-15.427],[17.029,-15.45],[17.036,-15.457],[17.041,-15.456],[17.05,-15.453],[17.055,-15.45],[17.067,-15.498],[17.073,-15.507],[17.085,-15.522],[17.14,-15.559],[17.167,-15.582],[17.296,-15.806],[17.343,-15.846],[17.359,-15.864],[17.375,-15.894],[17.384,-15.925],[17.387,-16.051],[17.413,-16.244],[17.417,-16.365],[17.403,-16.425],[17.391,-16.454],[17.373,-16.483],[17.31,-16.558],[17.29,-16.641],[17.247,-16.736],[17.235,-16.771],[17.227,-16.836],[17.226,-16.901],[17.235,-17.003],[17.282,-17.22],[17.279,-17.389],[17.109,-17.389],[16.853,-17.389],[16.596,-17.389],[16.34,-17.389],[16.083,-17.389],[15.827,-17.389],[15.57,-17.389],[15.559,-17.389],[15.314,-17.388],[15.057,-17.388],[14.801,-17.388],[14.544,-17.388],[14.287,-17.388],[14.219,-17.388],[14.207,-17.388],[14.207,-17.393],[14.197,-17.413],[14.175,-17.416],[14.131,-17.409],[14.124,-17.412],[14.108,-17.42],[14.097,-17.424],[14.085,-17.424],[14.069,-17.419],[14.047,-17.416],[14.029,-17.41],[14.018,-17.409],[14.009,-17.411],[13.993,-17.421],[13.981,-17.424]]]}},{"type":"Feature","id":"AO-CNO","properties":{"id":"AO-CNO","countryCode":"AO","isoSubdivision":"AO-CNO","name":"Cuanza Norte","name_en":"Cuanza Norte","name_ko":"쿠안자노르트","type":"Province","labelLongitude":14.946,"labelLatitude":-9.699,"minZoom":6.6},"geometry":{"type":"Polygon","coordinates":[[[15.408,-7.934],[15.428,-7.959],[15.426,-7.981],[15.419,-8.004],[15.421,-8.029],[15.442,-8.048],[15.475,-8.056],[15.512,-8.057],[15.54,-8.054],[15.563,-8.047],[15.604,-8.024],[15.625,-8.015],[15.671,-8.008],[15.696,-8.008],[15.716,-8.011],[15.721,-8.014],[15.745,-8.033],[15.76,-8.048],[15.763,-8.054],[15.762,-8.056],[15.747,-8.065],[15.746,-8.083],[15.758,-8.099],[15.778,-8.102],[15.797,-8.12],[15.802,-8.169],[15.8,-8.212],[15.799,-8.258],[15.809,-8.31],[15.813,-8.366],[15.818,-8.383],[15.816,-8.403],[15.799,-8.42],[15.698,-8.454],[15.68,-8.464],[15.675,-8.479],[15.674,-8.493],[15.668,-8.513],[15.629,-8.568],[15.617,-8.602],[15.624,-8.621],[15.639,-8.647],[15.66,-8.662],[15.705,-8.681],[15.719,-8.7],[15.722,-8.721],[15.715,-8.743],[15.694,-8.789],[15.665,-8.881],[15.65,-8.973],[15.641,-9.007],[15.639,-9.025],[15.639,-9.054],[15.642,-9.085],[15.638,-9.152],[15.627,-9.162],[15.621,-9.166],[15.606,-9.172],[15.567,-9.178],[15.528,-9.178],[15.517,-9.175],[15.499,-9.164],[15.489,-9.16],[15.475,-9.163],[15.463,-9.171],[15.451,-9.181],[15.438,-9.188],[15.43,-9.189],[15.412,-9.189],[15.404,-9.191],[15.395,-9.197],[15.38,-9.213],[15.371,-9.22],[15.35,-9.227],[15.307,-9.228],[15.286,-9.233],[15.259,-9.261],[15.247,-9.302],[15.231,-9.338],[15.193,-9.354],[15.149,-9.351],[15.135,-9.352],[15.121,-9.355],[15.111,-9.372],[15.162,-9.418],[15.174,-9.459],[15.149,-9.49],[15.12,-9.527],[15.123,-9.544],[15.146,-9.589],[15.153,-9.615],[15.155,-9.65],[15.147,-9.676],[15.134,-9.696],[15.109,-9.724],[15.1,-9.721],[15.086,-9.72],[15.076,-9.717],[14.996,-9.683],[14.966,-9.677],[14.956,-9.673],[14.948,-9.673],[14.945,-9.683],[14.949,-9.704],[14.946,-9.713],[14.932,-9.721],[14.853,-9.714],[14.817,-9.724],[14.812,-9.724],[14.8,-9.732],[14.79,-9.73],[14.78,-9.726],[14.768,-9.727],[14.761,-9.733],[14.754,-9.749],[14.747,-9.755],[14.74,-9.759],[14.634,-9.775],[14.623,-9.774],[14.602,-9.77],[14.565,-9.769],[14.559,-9.769],[14.552,-9.772],[14.546,-9.778],[14.538,-9.782],[14.531,-9.779],[14.514,-9.76],[14.507,-9.755],[14.481,-9.742],[14.473,-9.735],[14.446,-9.707],[14.431,-9.696],[14.411,-9.687],[14.39,-9.682],[14.367,-9.68],[14.332,-9.69],[14.325,-9.69],[14.318,-9.687],[14.285,-9.68],[14.278,-9.674],[14.274,-9.651],[14.271,-9.645],[14.268,-9.643],[14.249,-9.629],[14.24,-9.625],[14.227,-9.63],[14.203,-9.633],[14.178,-9.633],[14.161,-9.628],[14.146,-9.609],[14.124,-9.55],[14.095,-9.525],[14.085,-9.526],[14.125,-9.43],[14.149,-9.353],[14.161,-9.332],[14.193,-9.292],[14.199,-9.274],[14.2,-9.266],[14.184,-9.241],[14.169,-9.217],[14.171,-9.199],[14.176,-9.178],[14.168,-9.159],[14.15,-9.145],[14.098,-9.13],[14.074,-9.114],[14.074,-9.096],[14.088,-9.082],[14.109,-9.071],[14.129,-9.055],[14.142,-9.029],[14.143,-9.01],[14.141,-8.999],[14.134,-8.99],[14.1,-8.965],[14.084,-8.951],[14.08,-8.937],[14.086,-8.917],[14.121,-8.89],[14.235,-8.858],[14.279,-8.841],[14.313,-8.823],[14.334,-8.805],[14.351,-8.784],[14.364,-8.763],[14.371,-8.741],[14.373,-8.718],[14.369,-8.695],[14.335,-8.598],[14.31,-8.568],[14.284,-8.544],[14.269,-8.522],[14.262,-8.506],[14.261,-8.497],[14.263,-8.467],[14.301,-8.431],[14.345,-8.403],[14.377,-8.388],[14.393,-8.385],[14.419,-8.386],[14.431,-8.388],[14.453,-8.394],[14.458,-8.394],[14.501,-8.391],[14.51,-8.391],[14.522,-8.392],[14.548,-8.392],[14.554,-8.393],[14.595,-8.401],[14.6,-8.403],[14.604,-8.405],[14.606,-8.408],[14.611,-8.415],[14.616,-8.419],[14.621,-8.419],[14.625,-8.417],[14.635,-8.409],[14.662,-8.398],[14.691,-8.393],[14.704,-8.394],[14.728,-8.401],[14.76,-8.407],[14.773,-8.408],[14.789,-8.405],[14.816,-8.396],[14.82,-8.393],[14.827,-8.388],[14.83,-8.384],[14.845,-8.367],[14.859,-8.354],[14.865,-8.344],[14.876,-8.313],[14.882,-8.304],[14.89,-8.296],[14.904,-8.283],[14.913,-8.278],[14.92,-8.275],[14.926,-8.275],[14.931,-8.277],[14.94,-8.281],[14.946,-8.283],[14.954,-8.282],[14.96,-8.283],[14.97,-8.287],[14.979,-8.292],[14.983,-8.295],[14.986,-8.299],[14.989,-8.303],[14.992,-8.306],[14.997,-8.309],[15.004,-8.312],[15.015,-8.314],[15.022,-8.313],[15.03,-8.31],[15.052,-8.296],[15.061,-8.293],[15.07,-8.291],[15.089,-8.292],[15.094,-8.293],[15.105,-8.297],[15.113,-8.298],[15.117,-8.295],[15.12,-8.291],[15.123,-8.274],[15.126,-8.268],[15.129,-8.262],[15.136,-8.255],[15.142,-8.253],[15.151,-8.253],[15.156,-8.251],[15.159,-8.248],[15.161,-8.241],[15.168,-8.23],[15.169,-8.229],[15.174,-8.229],[15.179,-8.229],[15.183,-8.227],[15.186,-8.222],[15.19,-8.208],[15.194,-8.204],[15.198,-8.195],[15.201,-8.181],[15.204,-8.148],[15.209,-8.124],[15.216,-8.116],[15.222,-8.107],[15.222,-8.101],[15.221,-8.093],[15.214,-8.081],[15.209,-8.075],[15.203,-8.072],[15.198,-8.072],[15.189,-8.075],[15.184,-8.076],[15.182,-8.07],[15.182,-8.06],[15.188,-8.038],[15.197,-8.02],[15.199,-8.015],[15.201,-8.001],[15.192,-7.97],[15.216,-7.954],[15.281,-7.938],[15.39,-7.935],[15.408,-7.934]]]}},{"type":"Feature","id":"AO-CUS","properties":{"id":"AO-CUS","countryCode":"AO","isoSubdivision":"AO-CUS","name":"Cuanza Sul","name_en":"Cuanza Sul","name_ko":"쿠안자술","type":"Province","labelLongitude":15.05,"labelLatitude":-10.923,"minZoom":6.6},"geometry":{"type":"Polygon","coordinates":[[[13.793,-11.749],[13.778,-11.589],[13.782,-11.481],[13.786,-11.458],[13.795,-11.441],[13.787,-11.432],[13.787,-11.42],[13.792,-11.408],[13.795,-11.396],[13.794,-11.341],[13.795,-11.332],[13.8,-11.321],[13.819,-11.296],[13.822,-11.284],[13.822,-11.256],[13.847,-11.114],[13.847,-11.055],[13.848,-10.982],[13.843,-10.946],[13.829,-10.914],[13.739,-10.783],[13.731,-10.764],[13.731,-10.747],[13.739,-10.73],[13.77,-10.694],[13.772,-10.678],[13.765,-10.662],[13.753,-10.646],[13.711,-10.612],[13.705,-10.602],[13.701,-10.591],[13.606,-10.478],[13.542,-10.427],[13.528,-10.407],[13.523,-10.388],[13.521,-10.32],[13.517,-10.298],[13.509,-10.277],[13.489,-10.249],[13.502,-10.22],[13.505,-10.216],[13.509,-10.213],[13.514,-10.211],[13.523,-10.212],[13.534,-10.216],[13.549,-10.227],[13.555,-10.235],[13.559,-10.242],[13.563,-10.246],[13.569,-10.248],[13.581,-10.249],[13.591,-10.252],[13.638,-10.278],[13.649,-10.288],[13.655,-10.296],[13.661,-10.306],[13.691,-10.346],[13.699,-10.361],[13.703,-10.364],[13.709,-10.365],[13.719,-10.362],[13.721,-10.358],[13.721,-10.354],[13.719,-10.35],[13.722,-10.347],[13.729,-10.347],[13.757,-10.358],[13.771,-10.361],[13.802,-10.361],[13.812,-10.363],[13.821,-10.369],[13.825,-10.374],[13.832,-10.378],[13.844,-10.378],[13.903,-10.37],[13.918,-10.369],[13.937,-10.371],[13.965,-10.379],[13.98,-10.386],[13.99,-10.394],[13.995,-10.4],[13.999,-10.404],[14.003,-10.405],[14.008,-10.405],[14.018,-10.403],[14.024,-10.4],[14.044,-10.382],[14.081,-10.361],[14.145,-10.307],[14.168,-10.293],[14.192,-10.283],[14.215,-10.276],[14.238,-10.275],[14.261,-10.277],[14.29,-10.282],[14.32,-10.291],[14.395,-10.325],[14.421,-10.347],[14.439,-10.369],[14.483,-10.409],[14.55,-10.439],[14.579,-10.41],[14.606,-10.367],[14.614,-10.342],[14.618,-10.323],[14.612,-10.278],[14.583,-10.252],[14.568,-10.236],[14.556,-10.213],[14.555,-10.191],[14.561,-10.167],[14.57,-10.142],[14.562,-10.107],[14.543,-10.053],[14.54,-10.029],[14.552,-10.001],[14.566,-9.982],[14.575,-9.956],[14.577,-9.921],[14.575,-9.849],[14.565,-9.769],[14.602,-9.77],[14.623,-9.774],[14.634,-9.775],[14.74,-9.759],[14.747,-9.755],[14.754,-9.749],[14.761,-9.733],[14.768,-9.727],[14.78,-9.726],[14.79,-9.73],[14.8,-9.732],[14.812,-9.724],[14.817,-9.724],[14.853,-9.714],[14.932,-9.721],[14.946,-9.713],[14.949,-9.704],[14.945,-9.683],[14.948,-9.673],[14.956,-9.673],[14.966,-9.677],[14.996,-9.683],[15.076,-9.717],[15.086,-9.72],[15.1,-9.721],[15.109,-9.724],[15.111,-9.738],[15.13,-9.744],[15.135,-9.749],[15.139,-9.756],[15.145,-9.762],[15.152,-9.763],[15.17,-9.766],[15.179,-9.769],[15.185,-9.775],[15.198,-9.793],[15.203,-9.796],[15.225,-9.796],[15.236,-9.797],[15.241,-9.8],[15.25,-9.797],[15.27,-9.8],[15.291,-9.807],[15.303,-9.817],[15.318,-9.81],[15.333,-9.811],[15.348,-9.815],[15.364,-9.817],[15.378,-9.814],[15.4,-9.805],[15.477,-9.796],[15.484,-9.798],[15.499,-9.803],[15.508,-9.803],[15.51,-9.801],[15.513,-9.797],[15.516,-9.792],[15.521,-9.789],[15.545,-9.79],[15.564,-9.796],[15.581,-9.797],[15.611,-9.781],[15.623,-9.783],[15.645,-9.789],[15.665,-9.791],[15.758,-9.783],[15.774,-9.778],[15.786,-9.768],[15.796,-9.754],[15.803,-9.741],[15.805,-9.731],[15.806,-9.722],[15.809,-9.716],[15.82,-9.714],[15.828,-9.716],[15.842,-9.725],[15.847,-9.727],[15.867,-9.729],[15.899,-9.735],[15.918,-9.735],[15.93,-9.733],[15.94,-9.729],[15.949,-9.724],[15.957,-9.717],[15.966,-9.712],[15.973,-9.716],[15.979,-9.724],[15.984,-9.727],[15.996,-9.725],[16.005,-9.722],[16.014,-9.719],[16.028,-9.721],[16.035,-9.724],[16.056,-9.741],[16.069,-9.731],[16.082,-9.732],[16.099,-9.738],[16.121,-9.741],[16.163,-9.743],[16.182,-9.749],[16.2,-9.762],[16.21,-9.773],[16.218,-9.788],[16.225,-9.806],[16.227,-9.827],[16.233,-9.843],[16.245,-9.857],[16.257,-9.868],[16.262,-9.875],[16.267,-9.879],[16.289,-9.883],[16.296,-9.885],[16.305,-9.893],[16.308,-9.899],[16.317,-9.963],[16.326,-9.981],[16.34,-9.989],[16.378,-10.139],[16.367,-10.149],[16.351,-10.157],[16.336,-10.169],[16.33,-10.19],[16.332,-10.232],[16.336,-10.249],[16.344,-10.263],[16.35,-10.27],[16.355,-10.274],[16.362,-10.276],[16.375,-10.276],[16.385,-10.278],[16.392,-10.283],[16.398,-10.288],[16.402,-10.29],[16.446,-10.344],[16.447,-10.355],[16.44,-10.389],[16.442,-10.402],[16.448,-10.408],[16.456,-10.41],[16.47,-10.421],[16.495,-10.434],[16.553,-10.506],[16.556,-10.512],[16.562,-10.519],[16.585,-10.536],[16.597,-10.562],[16.604,-10.568],[16.612,-10.574],[16.583,-10.591],[16.581,-10.597],[16.58,-10.604],[16.582,-10.61],[16.585,-10.616],[16.587,-10.624],[16.587,-10.628],[16.584,-10.635],[16.558,-10.673],[16.552,-10.679],[16.549,-10.681],[16.525,-10.687],[16.504,-10.697],[16.466,-10.747],[16.442,-10.767],[16.417,-10.783],[16.361,-10.812],[16.324,-10.835],[16.3,-10.857],[16.281,-10.88],[16.224,-10.975],[16.207,-10.994],[16.187,-11.003],[16.17,-11.004],[16.158,-11.001],[16.143,-10.995],[16.108,-10.987],[16.048,-10.992],[16.024,-10.991],[16.005,-10.983],[15.951,-10.947],[15.91,-11.08],[15.893,-11.122],[15.873,-11.159],[15.812,-11.247],[15.786,-11.277],[15.788,-11.346],[15.772,-11.397],[15.748,-11.444],[15.721,-11.467],[15.62,-11.493],[15.543,-11.506],[15.515,-11.515],[15.481,-11.531],[15.403,-11.558],[15.366,-11.594],[15.351,-11.661],[15.376,-11.701],[15.38,-11.719],[15.38,-11.728],[15.382,-11.742],[15.385,-11.749],[15.389,-11.755],[15.395,-11.758],[15.401,-11.764],[15.403,-11.77],[15.402,-11.775],[15.4,-11.78],[15.397,-11.784],[15.392,-11.793],[15.391,-11.798],[15.39,-11.804],[15.391,-11.823],[15.39,-11.829],[15.388,-11.833],[15.384,-11.836],[15.379,-11.839],[15.374,-11.842],[15.37,-11.847],[15.371,-11.851],[15.373,-11.856],[15.379,-11.864],[15.383,-11.87],[15.383,-11.875],[15.38,-11.886],[15.379,-11.894],[15.373,-11.914],[15.37,-11.94],[15.372,-11.95],[15.374,-11.955],[15.383,-11.967],[15.334,-11.966],[15.311,-11.97],[15.294,-11.982],[15.281,-11.994],[15.272,-11.999],[15.258,-12.004],[15.229,-12.01],[15.116,-12.049],[15.089,-12.074],[15.07,-12.097],[15.021,-12.206],[15,-12.202],[14.978,-12.188],[14.972,-12.171],[14.962,-12.153],[14.945,-12.137],[14.855,-12.091],[14.831,-12.084],[14.807,-12.085],[14.765,-12.098],[14.731,-12.1],[14.671,-12.082],[14.641,-12.041],[14.613,-11.987],[14.517,-11.86],[14.483,-11.835],[14.464,-11.833],[14.439,-11.836],[14.414,-11.845],[14.367,-11.873],[14.347,-11.891],[14.298,-11.956],[14.236,-12.002],[14.188,-11.943],[14.163,-11.922],[14.118,-11.895],[14.103,-11.876],[14.096,-11.854],[14.087,-11.806],[14.076,-11.788],[14.056,-11.778],[14.035,-11.774],[13.976,-11.782],[13.893,-11.767],[13.869,-11.767],[13.842,-11.763],[13.793,-11.749]]]}},{"type":"Feature","id":"AO-HUA","properties":{"id":"AO-HUA","countryCode":"AO","isoSubdivision":"AO-HUA","name":"Huambo","name_en":"Huambo","name_ko":"우암부","type":"Province","labelLongitude":15.695,"labelLatitude":-12.559,"minZoom":6.6},"geometry":{"type":"Polygon","coordinates":[[[15.748,-11.444],[15.829,-11.476],[15.874,-11.485],[15.905,-11.488],[15.942,-11.483],[15.984,-11.478],[15.999,-11.469],[16.055,-11.449],[16.175,-11.472],[16.212,-11.484],[16.263,-11.488],[16.282,-11.497],[16.292,-11.503],[16.3,-11.529],[16.304,-11.539],[16.306,-11.548],[16.307,-11.554],[16.307,-11.562],[16.315,-11.61],[16.317,-11.615],[16.322,-11.621],[16.335,-11.635],[16.353,-11.656],[16.375,-11.673],[16.384,-11.682],[16.388,-11.69],[16.394,-11.699],[16.406,-11.711],[16.458,-11.747],[16.468,-11.755],[16.47,-11.759],[16.475,-11.769],[16.479,-11.798],[16.48,-11.81],[16.481,-11.816],[16.487,-11.824],[16.538,-11.866],[16.547,-11.876],[16.563,-11.891],[16.571,-11.899],[16.576,-11.908],[16.581,-11.93],[16.583,-11.942],[16.579,-11.97],[16.576,-11.974],[16.562,-11.992],[16.532,-12.037],[16.519,-12.055],[16.51,-12.084],[16.507,-12.107],[16.48,-12.151],[16.465,-12.166],[16.407,-12.213],[16.389,-12.223],[16.361,-12.241],[16.351,-12.25],[16.345,-12.256],[16.342,-12.261],[16.34,-12.266],[16.337,-12.277],[16.337,-12.288],[16.341,-12.299],[16.354,-12.318],[16.365,-12.348],[16.38,-12.379],[16.383,-12.407],[16.382,-12.436],[16.377,-12.463],[16.371,-12.484],[16.363,-12.496],[16.356,-12.503],[16.324,-12.523],[16.308,-12.538],[16.303,-12.554],[16.306,-12.58],[16.318,-12.601],[16.353,-12.644],[16.369,-12.676],[16.389,-12.697],[16.411,-12.713],[16.459,-12.736],[16.503,-12.751],[16.505,-12.755],[16.505,-12.759],[16.501,-12.81],[16.504,-12.858],[16.509,-12.887],[16.508,-12.907],[16.511,-12.935],[16.519,-13.064],[16.538,-13.153],[16.539,-13.162],[16.538,-13.169],[16.535,-13.178],[16.533,-13.189],[16.538,-13.218],[16.539,-13.273],[16.526,-13.356],[16.46,-13.366],[16.43,-13.361],[16.392,-13.352],[16.305,-13.349],[16.273,-13.34],[16.243,-13.341],[16.216,-13.352],[16.195,-13.368],[16.15,-13.426],[16.136,-13.438],[16.097,-13.445],[16.074,-13.444],[16.05,-13.435],[16.011,-13.403],[15.997,-13.396],[15.977,-13.396],[15.96,-13.4],[15.916,-13.437],[15.746,-13.616],[15.664,-13.661],[15.63,-13.702],[15.613,-13.72],[15.534,-13.764],[15.52,-13.762],[15.509,-13.754],[15.505,-13.735],[15.505,-13.686],[15.503,-13.664],[15.495,-13.645],[15.477,-13.638],[15.456,-13.635],[15.41,-13.634],[15.39,-13.622],[15.378,-13.6],[15.363,-13.48],[15.355,-13.456],[15.342,-13.427],[15.313,-13.39],[15.285,-13.388],[15.156,-13.414],[15.111,-13.403],[15.07,-13.38],[15.038,-13.345],[14.985,-13.308],[14.962,-13.285],[14.93,-13.235],[14.919,-13.21],[14.913,-13.186],[14.916,-13.163],[14.92,-13.146],[14.927,-13.126],[14.923,-13.074],[14.909,-13.011],[14.904,-12.998],[14.882,-12.967],[14.85,-12.906],[14.839,-12.857],[14.812,-12.785],[14.808,-12.757],[14.81,-12.732],[14.807,-12.685],[14.821,-12.664],[14.841,-12.648],[14.89,-12.62],[14.907,-12.595],[14.926,-12.58],[14.95,-12.566],[14.973,-12.556],[15.008,-12.547],[15.051,-12.542],[15.069,-12.516],[15.05,-12.471],[15.05,-12.448],[15.02,-12.351],[15.017,-12.331],[15.021,-12.206],[15.07,-12.097],[15.089,-12.074],[15.116,-12.049],[15.229,-12.01],[15.258,-12.004],[15.272,-11.999],[15.281,-11.994],[15.294,-11.982],[15.311,-11.97],[15.334,-11.966],[15.383,-11.967],[15.374,-11.955],[15.372,-11.95],[15.37,-11.94],[15.373,-11.914],[15.379,-11.894],[15.38,-11.886],[15.383,-11.875],[15.383,-11.87],[15.379,-11.864],[15.373,-11.856],[15.371,-11.851],[15.37,-11.847],[15.374,-11.842],[15.379,-11.839],[15.384,-11.836],[15.388,-11.833],[15.39,-11.829],[15.391,-11.823],[15.39,-11.804],[15.391,-11.798],[15.392,-11.793],[15.397,-11.784],[15.4,-11.78],[15.402,-11.775],[15.403,-11.77],[15.401,-11.764],[15.395,-11.758],[15.389,-11.755],[15.385,-11.749],[15.382,-11.742],[15.38,-11.728],[15.38,-11.719],[15.376,-11.701],[15.351,-11.661],[15.366,-11.594],[15.403,-11.558],[15.481,-11.531],[15.515,-11.515],[15.543,-11.506],[15.62,-11.493],[15.721,-11.467],[15.748,-11.444]]]}},{"type":"Feature","id":"AO-HUI","properties":{"id":"AO-HUI","countryCode":"AO","isoSubdivision":"AO-HUI","name":"Huíla","name_en":"Huíla","name_ko":"우일라","type":"Province","labelLongitude":14.984,"labelLatitude":-14.735,"minZoom":6.6},"geometry":{"type":"Polygon","coordinates":[[[16.526,-13.356],[16.517,-13.412],[16.517,-13.432],[16.522,-13.454],[16.533,-13.54],[16.533,-13.55],[16.52,-13.661],[16.519,-13.667],[16.507,-13.69],[16.505,-13.696],[16.502,-13.712],[16.498,-13.721],[16.491,-13.749],[16.491,-13.766],[16.489,-13.776],[16.487,-13.782],[16.478,-13.798],[16.473,-13.81],[16.472,-13.818],[16.471,-13.825],[16.472,-13.831],[16.475,-13.841],[16.477,-13.846],[16.474,-14.01],[16.484,-14.033],[16.485,-14.04],[16.485,-14.052],[16.483,-14.059],[16.477,-14.069],[16.477,-14.079],[16.48,-14.092],[16.494,-14.135],[16.497,-14.147],[16.495,-14.157],[16.488,-14.182],[16.482,-14.239],[16.48,-14.244],[16.478,-14.246],[16.475,-14.248],[16.471,-14.25],[16.466,-14.252],[16.463,-14.256],[16.462,-14.262],[16.462,-14.268],[16.477,-14.358],[16.481,-14.372],[16.497,-14.403],[16.505,-14.429],[16.505,-14.443],[16.505,-14.452],[16.503,-14.458],[16.502,-14.467],[16.503,-14.479],[16.506,-14.502],[16.506,-14.519],[16.504,-14.528],[16.503,-14.543],[16.502,-14.627],[16.503,-14.629],[16.506,-14.637],[16.513,-14.649],[16.533,-14.669],[16.558,-14.684],[16.583,-14.689],[16.575,-14.704],[16.57,-14.71],[16.601,-14.714],[16.611,-14.717],[16.62,-14.722],[16.63,-14.728],[16.633,-14.734],[16.621,-14.737],[16.611,-14.762],[16.607,-14.768],[16.604,-14.777],[16.607,-14.786],[16.645,-14.833],[16.656,-14.854],[16.66,-14.878],[16.651,-14.934],[16.652,-14.956],[16.659,-14.971],[16.682,-14.998],[16.686,-15.008],[16.69,-15.013],[16.697,-15.021],[16.704,-15.03],[16.708,-15.049],[16.711,-15.051],[16.714,-15.053],[16.715,-15.056],[16.712,-15.063],[16.697,-15.074],[16.693,-15.08],[16.696,-15.097],[16.705,-15.114],[16.748,-15.163],[16.632,-15.161],[16.584,-15.152],[16.553,-15.151],[16.517,-15.156],[16.427,-15.187],[16.377,-15.215],[16.355,-15.247],[16.234,-15.381],[16.212,-15.394],[16.135,-15.392],[16.103,-15.395],[16.062,-15.405],[15.892,-15.403],[15.869,-15.397],[15.835,-15.386],[15.823,-15.386],[15.74,-15.393],[15.711,-15.4],[15.641,-15.434],[15.612,-15.443],[15.539,-15.485],[15.459,-15.571],[15.378,-15.711],[15.331,-15.768],[15.247,-15.932],[15.195,-15.993],[15.168,-16.039],[15.148,-16.053],[15.128,-16.058],[15.039,-16.042],[15.028,-15.999],[15.017,-15.976],[15.003,-15.961],[14.96,-15.932],[14.849,-15.896],[14.712,-15.864],[14.665,-15.859],[14.641,-15.863],[14.595,-15.864],[14.571,-15.86],[14.527,-15.857],[14.508,-15.868],[14.496,-15.879],[14.377,-16.002],[14.358,-16.015],[14.254,-16.071],[14.164,-16.102],[14.117,-16.113],[14.102,-16.12],[14.085,-16.136],[14.052,-16.177],[14.031,-16.193],[14.012,-16.199],[13.998,-16.197],[13.983,-16.187],[13.966,-16.171],[13.946,-16.154],[13.922,-16.148],[13.895,-16.156],[13.867,-16.185],[13.788,-16.282],[13.766,-16.303],[13.738,-16.324],[13.7,-16.343],[13.639,-16.366],[13.616,-16.367],[13.568,-16.328],[13.545,-16.303],[13.481,-16.248],[13.5,-16.237],[13.504,-16.233],[13.51,-16.227],[13.527,-16.186],[13.522,-16.153],[13.498,-16.093],[13.494,-16.072],[13.495,-16.048],[13.503,-16.019],[13.512,-15.994],[13.581,-15.872],[13.589,-15.847],[13.59,-15.82],[13.551,-15.734],[13.546,-15.531],[13.512,-15.478],[13.478,-15.462],[13.457,-15.447],[13.438,-15.428],[13.426,-15.404],[13.421,-15.344],[13.416,-15.324],[13.399,-15.31],[13.377,-15.318],[13.354,-15.333],[13.333,-15.333],[13.317,-15.318],[13.311,-15.296],[13.301,-15.273],[13.281,-15.265],[13.236,-15.261],[13.221,-15.247],[13.221,-15.229],[13.236,-15.212],[13.273,-15.191],[13.282,-15.177],[13.282,-15.16],[13.242,-15.095],[13.242,-15.075],[13.248,-15.061],[13.272,-15.024],[13.274,-15.008],[13.267,-14.935],[13.278,-14.908],[13.297,-14.886],[13.319,-14.876],[13.337,-14.871],[13.358,-14.855],[13.543,-14.73],[13.571,-14.702],[13.59,-14.676],[13.611,-14.63],[13.617,-14.606],[13.619,-14.583],[13.631,-14.528],[13.681,-14.438],[13.666,-14.277],[13.648,-14.258],[13.629,-14.248],[13.609,-14.223],[13.605,-14.204],[13.611,-14.169],[13.585,-14.082],[13.598,-14.026],[13.614,-13.997],[13.619,-13.984],[13.625,-13.957],[13.619,-13.935],[13.605,-13.914],[13.588,-13.897],[13.578,-13.88],[13.565,-13.847],[13.671,-13.811],[13.696,-13.814],[13.728,-13.823],[13.751,-13.834],[13.779,-13.841],[13.81,-13.844],[13.858,-13.845],[13.932,-13.827],[13.957,-13.825],[13.974,-13.826],[14.023,-13.844],[14.047,-13.849],[14.082,-13.847],[14.302,-13.874],[14.354,-13.855],[14.385,-13.812],[14.454,-13.677],[14.47,-13.657],[14.474,-13.64],[14.476,-13.614],[14.507,-13.606],[14.52,-13.609],[14.559,-13.625],[14.639,-13.657],[14.679,-13.658],[14.777,-13.625],[14.8,-13.612],[14.824,-13.592],[14.863,-13.55],[14.913,-13.517],[14.957,-13.524],[14.979,-13.524],[15.088,-13.476],[15.111,-13.403],[15.156,-13.414],[15.285,-13.388],[15.313,-13.39],[15.342,-13.427],[15.355,-13.456],[15.363,-13.48],[15.378,-13.6],[15.39,-13.622],[15.41,-13.634],[15.456,-13.635],[15.477,-13.638],[15.495,-13.645],[15.503,-13.664],[15.505,-13.686],[15.505,-13.735],[15.509,-13.754],[15.52,-13.762],[15.534,-13.764],[15.613,-13.72],[15.63,-13.702],[15.664,-13.661],[15.746,-13.616],[15.916,-13.437],[15.96,-13.4],[15.977,-13.396],[15.997,-13.396],[16.011,-13.403],[16.05,-13.435],[16.074,-13.444],[16.097,-13.445],[16.136,-13.438],[16.15,-13.426],[16.195,-13.368],[16.216,-13.352],[16.243,-13.341],[16.273,-13.34],[16.305,-13.349],[16.392,-13.352],[16.43,-13.361],[16.46,-13.366],[16.526,-13.356]]]}},{"type":"Feature","id":"AO-LNO","properties":{"id":"AO-LNO","countryCode":"AO","isoSubdivision":"AO-LNO","name":"Lunda Norte","name_en":"Lunda Norte","name_ko":"룬다노르트","type":"Province","labelLongitude":19.627,"labelLatitude":-8.472,"minZoom":6.6},"geometry":{"type":"Polygon","coordinates":[[[20.611,-6.916],[20.588,-6.977],[20.561,-7.048],[20.545,-7.089],[20.524,-7.143],[20.518,-7.19],[20.519,-7.237],[20.521,-7.286],[20.567,-7.286],[20.64,-7.286],[20.713,-7.286],[20.785,-7.286],[20.858,-7.285],[20.931,-7.285],[21.004,-7.285],[21.076,-7.285],[21.149,-7.285],[21.222,-7.284],[21.294,-7.284],[21.367,-7.284],[21.44,-7.284],[21.513,-7.284],[21.585,-7.283],[21.658,-7.283],[21.731,-7.283],[21.764,-7.283],[21.785,-7.283],[21.785,-7.287],[21.788,-7.292],[21.795,-7.294],[21.803,-7.299],[21.809,-7.306],[21.831,-7.354],[21.837,-7.361],[21.842,-7.37],[21.84,-7.378],[21.835,-7.385],[21.833,-7.391],[21.839,-7.402],[21.846,-7.409],[21.852,-7.416],[21.854,-7.429],[21.853,-7.435],[21.848,-7.444],[21.847,-7.449],[21.849,-7.455],[21.859,-7.464],[21.861,-7.47],[21.859,-7.483],[21.85,-7.503],[21.847,-7.514],[21.846,-7.527],[21.848,-7.533],[21.852,-7.538],[21.854,-7.548],[21.854,-7.586],[21.851,-7.594],[21.836,-7.608],[21.833,-7.614],[21.831,-7.633],[21.827,-7.646],[21.82,-7.665],[21.808,-7.699],[21.795,-7.736],[21.787,-7.759],[21.776,-7.79],[21.77,-7.807],[21.765,-7.851],[21.771,-7.877],[21.772,-7.888],[21.769,-7.9],[21.754,-7.92],[21.751,-7.929],[21.754,-7.997],[21.758,-8.015],[21.768,-8.023],[21.8,-8.041],[21.806,-8.052],[21.809,-8.077],[21.815,-8.097],[21.826,-8.114],[21.851,-8.143],[21.857,-8.157],[21.86,-8.174],[21.862,-8.216],[21.873,-8.264],[21.881,-8.282],[21.911,-8.31],[21.921,-8.329],[21.913,-8.333],[21.909,-8.332],[21.854,-8.365],[21.838,-8.385],[21.817,-8.407],[21.795,-8.424],[21.714,-8.438],[21.654,-8.458],[21.621,-8.475],[21.6,-8.493],[21.593,-8.501],[21.587,-8.51],[21.572,-8.526],[21.552,-8.542],[21.424,-8.573],[21.356,-8.573],[21.304,-8.563],[21.258,-8.559],[21.202,-8.571],[21.18,-8.572],[21.153,-8.575],[21.1,-8.596],[21.073,-8.604],[21.029,-8.609],[21.01,-8.614],[20.98,-8.629],[20.94,-8.658],[20.91,-8.695],[20.837,-8.746],[20.787,-8.806],[20.755,-8.859],[20.745,-8.883],[20.73,-8.932],[20.717,-8.959],[20.694,-8.985],[20.651,-9.008],[20.582,-9.031],[20.427,-9.1],[20.414,-9.112],[20.403,-9.131],[20.393,-9.152],[20.379,-9.197],[20.369,-9.218],[20.35,-9.237],[20.318,-9.251],[20.264,-9.26],[20.231,-9.272],[20.188,-9.299],[20.034,-9.427],[20.013,-9.446],[20.002,-9.457],[19.992,-9.47],[19.984,-9.497],[19.958,-9.695],[19.951,-9.719],[19.94,-9.746],[19.908,-9.795],[19.864,-9.843],[19.798,-9.885],[19.657,-9.918],[19.622,-9.947],[19.598,-9.962],[19.566,-9.978],[19.472,-9.993],[19.435,-10.012],[19.395,-10.046],[19.344,-10.08],[19.273,-10.102],[19.25,-10.113],[19.218,-10.134],[19.168,-10.178],[19.144,-10.195],[19.117,-10.209],[19.047,-10.233],[18.947,-10.246],[18.922,-10.251],[18.895,-10.261],[18.864,-10.282],[18.819,-10.326],[18.793,-10.347],[18.706,-10.389],[18.632,-10.403],[18.451,-10.395],[18.47,-10.402],[18.44,-10.41],[18.422,-10.416],[18.396,-10.41],[18.373,-10.4],[18.272,-10.331],[18.22,-10.287],[18.199,-10.262],[18.185,-10.237],[18.177,-10.213],[18.18,-10.189],[18.197,-10.147],[18.208,-10.127],[18.224,-10.113],[18.25,-10.07],[18.26,-10.047],[18.258,-10.026],[18.246,-10.011],[18.235,-10.003],[17.807,-9.842],[17.713,-9.807],[17.684,-9.805],[17.646,-9.798],[17.628,-9.784],[17.62,-9.764],[17.616,-9.741],[17.59,-9.701],[17.57,-9.689],[17.528,-9.676],[17.509,-9.672],[17.498,-9.665],[17.485,-9.652],[17.476,-9.634],[17.462,-9.617],[17.425,-9.595],[17.414,-9.577],[17.41,-9.534],[17.407,-9.516],[17.404,-9.504],[17.389,-9.478],[17.371,-9.452],[17.338,-9.379],[17.333,-9.353],[17.336,-9.328],[17.353,-9.307],[17.376,-9.291],[17.401,-9.279],[17.52,-9.238],[17.537,-9.229],[17.552,-9.209],[17.564,-9.163],[17.585,-9.11],[17.587,-9.076],[17.569,-8.981],[17.568,-8.953],[17.57,-8.933],[17.575,-8.904],[17.591,-8.829],[17.595,-8.656],[17.587,-8.598],[17.571,-8.567],[17.553,-8.538],[17.538,-8.51],[17.529,-8.474],[17.527,-8.446],[17.532,-8.419],[17.542,-8.396],[17.556,-8.378],[17.562,-8.365],[17.576,-8.349],[17.566,-8.337],[17.556,-8.313],[17.551,-8.287],[17.553,-8.162],[17.53,-8.144],[17.522,-8.133],[17.526,-8.121],[17.534,-8.11],[17.535,-8.099],[17.534,-8.088],[17.536,-8.076],[17.536,-8.075],[17.537,-8.076],[17.544,-8.085],[17.6,-8.099],[17.628,-8.098],[17.713,-8.068],[17.743,-8.071],[17.777,-8.083],[17.79,-8.082],[17.852,-8.048],[17.868,-8.044],[17.901,-8.048],[17.931,-8.062],[17.982,-8.105],[18.009,-8.111],[18.098,-8.109],[18.092,-8.084],[18.093,-8.056],[18.102,-8.033],[18.12,-8.022],[18.136,-8.019],[18.177,-7.999],[18.193,-7.997],[18.267,-8],[18.316,-8.002],[18.354,-8.016],[18.367,-8.017],[18.382,-8.012],[18.404,-8.001],[18.421,-7.998],[18.482,-7.997],[18.488,-7.998],[18.508,-7.998],[18.502,-7.96],[18.504,-7.941],[18.517,-7.932],[18.589,-7.932],[18.667,-7.932],[18.739,-7.932],[18.747,-7.938],[18.752,-7.966],[18.758,-7.978],[18.774,-8.002],[18.818,-8.002],[18.945,-8.002],[19.073,-8.002],[19.201,-8.002],[19.328,-8.002],[19.356,-8.002],[19.334,-7.924],[19.331,-7.899],[19.334,-7.867],[19.349,-7.822],[19.358,-7.792],[19.378,-7.73],[19.381,-7.704],[19.381,-7.68],[19.373,-7.654],[19.362,-7.627],[19.354,-7.6],[19.356,-7.574],[19.425,-7.58],[19.444,-7.575],[19.458,-7.56],[19.469,-7.521],[19.482,-7.504],[19.483,-7.503],[19.484,-7.502],[19.485,-7.502],[19.513,-7.479],[19.514,-7.448],[19.487,-7.382],[19.479,-7.348],[19.476,-7.316],[19.487,-7.154],[19.497,-7.122],[19.509,-7.103],[19.536,-7.068],[19.543,-7.052],[19.54,-7.042],[19.522,-7.002],[19.574,-7.002],[19.616,-7.002],[19.658,-7.002],[19.7,-7.002],[19.742,-7.002],[19.784,-7.002],[19.826,-7.002],[19.868,-7.002],[19.91,-7.002],[19.952,-7.002],[19.963,-7.002],[19.994,-7.002],[20.036,-7.002],[20.078,-7.002],[20.12,-7.002],[20.162,-7.002],[20.204,-7.002],[20.246,-7.002],[20.294,-7.002],[20.294,-6.987],[20.299,-6.955],[20.303,-6.94],[20.311,-6.925],[20.32,-6.919],[20.331,-6.917],[20.384,-6.917],[20.467,-6.916],[20.554,-6.916],[20.611,-6.916]]]}},{"type":"Feature","id":"AO-LSU","properties":{"id":"AO-LSU","countryCode":"AO","isoSubdivision":"AO-LSU","name":"Lunda Sul","name_en":"Lunda Sul","name_ko":"룬다술","type":"Province","labelLongitude":20.382,"labelLatitude":-10.234,"minZoom":6.6},"geometry":{"type":"Polygon","coordinates":[[[21.913,-8.333],[21.905,-8.337],[21.9,-8.349],[21.911,-8.374],[21.936,-8.413],[21.944,-8.456],[21.94,-8.5],[21.916,-8.577],[21.921,-8.579],[21.924,-8.581],[21.928,-8.583],[21.936,-8.583],[21.918,-8.615],[21.907,-8.645],[21.895,-8.719],[21.885,-8.782],[21.878,-8.789],[21.87,-8.822],[21.86,-8.846],[21.852,-8.926],[21.854,-8.978],[21.84,-9.092],[21.852,-9.193],[21.852,-9.234],[21.841,-9.276],[21.81,-9.338],[21.804,-9.373],[21.793,-9.394],[21.792,-9.406],[21.796,-9.417],[21.813,-9.437],[21.82,-9.448],[21.832,-9.488],[21.844,-9.576],[21.854,-9.618],[21.879,-9.657],[21.942,-9.723],[21.957,-9.762],[21.963,-9.758],[21.978,-9.752],[21.984,-9.749],[21.986,-9.781],[21.998,-9.809],[22.056,-9.875],[22.066,-9.881],[22.073,-9.879],[22.08,-9.872],[22.091,-9.877],[22.108,-9.891],[22.146,-9.916],[22.16,-9.931],[22.168,-9.954],[22.176,-9.989],[22.196,-10.044],[22.205,-10.086],[22.21,-10.098],[22.203,-10.131],[22.221,-10.176],[22.246,-10.221],[22.263,-10.268],[22.287,-10.309],[22.296,-10.339],[22.31,-10.357],[22.313,-10.369],[22.312,-10.38],[22.307,-10.4],[22.306,-10.41],[22.301,-10.425],[22.279,-10.461],[22.272,-10.482],[22.274,-10.503],[22.284,-10.516],[22.296,-10.53],[22.306,-10.551],[22.309,-10.593],[22.309,-10.613],[22.308,-10.613],[22.271,-10.626],[22.241,-10.627],[22.232,-10.625],[22.224,-10.623],[22.22,-10.621],[22.203,-10.61],[22.198,-10.607],[22.191,-10.604],[22.138,-10.591],[22.129,-10.59],[22.108,-10.592],[22.1,-10.591],[22.092,-10.589],[22.086,-10.589],[22.082,-10.591],[22.076,-10.598],[22.068,-10.605],[22.065,-10.609],[22.048,-10.613],[21.884,-10.629],[21.823,-10.626],[21.806,-10.628],[21.795,-10.63],[21.788,-10.638],[21.782,-10.645],[21.764,-10.676],[21.753,-10.706],[21.75,-10.737],[21.744,-10.752],[21.742,-10.757],[21.742,-10.77],[21.746,-10.808],[21.745,-10.814],[21.742,-10.822],[21.735,-10.829],[21.705,-10.851],[21.695,-10.862],[21.674,-10.888],[21.672,-10.892],[21.671,-10.898],[21.671,-10.91],[21.671,-10.916],[21.67,-10.922],[21.668,-10.927],[21.665,-10.938],[21.664,-10.97],[21.663,-10.976],[21.661,-10.981],[21.654,-10.988],[21.652,-10.992],[21.65,-10.996],[21.65,-10.999],[21.65,-11.001],[21.65,-11.005],[21.653,-11.015],[21.654,-11.02],[21.657,-11.025],[21.66,-11.029],[21.667,-11.036],[21.67,-11.039],[21.672,-11.044],[21.672,-11.05],[21.675,-11.054],[21.678,-11.058],[21.683,-11.06],[21.693,-11.061],[21.697,-11.062],[21.698,-11.066],[21.695,-11.075],[21.694,-11.081],[21.695,-11.086],[21.696,-11.092],[21.698,-11.095],[21.702,-11.1],[21.696,-11.132],[21.686,-11.141],[21.681,-11.142],[21.654,-11.151],[21.641,-11.159],[21.594,-11.18],[21.585,-11.182],[21.559,-11.182],[21.543,-11.179],[21.539,-11.176],[21.536,-11.173],[21.533,-11.169],[21.528,-11.167],[21.524,-11.169],[21.519,-11.173],[21.513,-11.173],[21.497,-11.171],[21.492,-11.173],[21.489,-11.176],[21.486,-11.181],[21.484,-11.186],[21.476,-11.198],[21.471,-11.203],[21.406,-11.214],[21.39,-11.225],[21.384,-11.228],[21.342,-11.237],[21.29,-11.263],[21.267,-11.269],[21.236,-11.275],[21.225,-11.278],[21.219,-11.282],[21.218,-11.284],[21.218,-11.287],[21.22,-11.289],[21.221,-11.291],[21.22,-11.292],[21.206,-11.314],[21.197,-11.322],[21.192,-11.326],[21.181,-11.332],[21.175,-11.336],[21.171,-11.34],[21.168,-11.345],[21.159,-11.358],[21.157,-11.362],[21.155,-11.366],[21.151,-11.371],[21.146,-11.376],[21.137,-11.38],[21.133,-11.383],[21.128,-11.385],[21.121,-11.386],[21.099,-11.385],[21.092,-11.385],[21.08,-11.393],[21.062,-11.402],[21.034,-11.419],[21.031,-11.425],[21.03,-11.431],[21.031,-11.437],[21.04,-11.454],[21.039,-11.461],[21.039,-11.465],[21.038,-11.469],[21.035,-11.472],[20.991,-11.475],[20.906,-11.47],[20.888,-11.468],[20.878,-11.464],[20.869,-11.461],[20.854,-11.462],[20.841,-11.46],[20.825,-11.457],[20.784,-11.443],[20.771,-11.441],[20.755,-11.442],[20.747,-11.444],[20.734,-11.437],[20.731,-11.427],[20.728,-11.424],[20.718,-11.412],[20.712,-11.411],[20.704,-11.411],[20.682,-11.413],[20.672,-11.41],[20.667,-11.407],[20.637,-11.388],[20.63,-11.385],[20.583,-11.372],[20.574,-11.368],[20.568,-11.365],[20.565,-11.362],[20.561,-11.352],[20.558,-11.348],[20.552,-11.346],[20.545,-11.346],[20.534,-11.347],[20.525,-11.347],[20.503,-11.341],[20.5,-11.34],[20.497,-11.338],[20.494,-11.335],[20.49,-11.332],[20.481,-11.327],[20.477,-11.323],[20.469,-11.312],[20.466,-11.309],[20.464,-11.307],[20.461,-11.305],[20.443,-11.297],[20.432,-11.288],[20.429,-11.287],[20.42,-11.284],[20.407,-11.277],[20.401,-11.276],[20.393,-11.277],[20.382,-11.281],[20.37,-11.29],[20.365,-11.291],[20.359,-11.291],[20.341,-11.284],[20.336,-11.282],[20.318,-11.28],[20.313,-11.278],[20.31,-11.275],[20.307,-11.271],[20.303,-11.264],[20.301,-11.261],[20.297,-11.258],[20.291,-11.255],[20.262,-11.245],[20.244,-11.242],[20.236,-11.238],[20.23,-11.234],[20.226,-11.231],[20.222,-11.228],[20.218,-11.226],[20.201,-11.221],[20.197,-11.218],[20.193,-11.215],[20.19,-11.211],[20.185,-11.209],[20.177,-11.209],[20.162,-11.215],[20.155,-11.221],[20.15,-11.226],[20.147,-11.23],[20.14,-11.237],[20.132,-11.249],[20.121,-11.259],[20.115,-11.267],[20.112,-11.271],[20.109,-11.275],[20.105,-11.278],[20.095,-11.285],[20.09,-11.286],[20.069,-11.282],[20.062,-11.279],[20.057,-11.277],[20.053,-11.274],[20.041,-11.269],[20.037,-11.266],[20.033,-11.263],[20.027,-11.261],[20.016,-11.26],[19.998,-11.264],[19.968,-11.262],[19.962,-11.263],[19.956,-11.268],[19.953,-11.272],[19.95,-11.277],[19.947,-11.287],[19.945,-11.291],[19.943,-11.293],[19.94,-11.295],[19.937,-11.298],[19.93,-11.301],[19.924,-11.302],[19.915,-11.301],[19.901,-11.297],[19.894,-11.293],[19.889,-11.288],[19.884,-11.274],[19.882,-11.271],[19.88,-11.269],[19.875,-11.266],[19.869,-11.264],[19.857,-11.262],[19.845,-11.256],[19.842,-11.253],[19.835,-11.254],[19.828,-11.259],[19.797,-11.287],[19.791,-11.291],[19.785,-11.294],[19.747,-11.306],[19.73,-11.309],[19.724,-11.308],[19.714,-11.306],[19.665,-11.285],[19.624,-11.256],[19.608,-11.255],[19.568,-11.264],[19.555,-11.278],[19.551,-11.288],[19.55,-11.294],[19.549,-11.297],[19.546,-11.3],[19.542,-11.31],[19.539,-11.314],[19.508,-11.34],[19.503,-11.346],[19.498,-11.35],[19.474,-11.367],[19.463,-11.378],[19.456,-11.383],[19.4,-11.411],[19.392,-11.413],[19.382,-11.414],[19.337,-11.414],[19.331,-11.413],[19.326,-11.41],[19.318,-11.405],[19.312,-11.404],[19.306,-11.403],[19.293,-11.403],[19.281,-11.404],[19.276,-11.406],[19.271,-11.409],[19.257,-11.423],[19.251,-11.431],[19.237,-11.44],[19.189,-11.456],[19.19,-11.431],[19.197,-11.392],[19.208,-11.368],[19.215,-11.343],[19.236,-11.294],[19.235,-11.271],[19.221,-11.248],[19.201,-11.23],[19.168,-11.218],[19.114,-11.207],[19.09,-11.197],[19.068,-11.178],[19.021,-11.13],[18.974,-11.094],[18.763,-10.961],[18.754,-10.935],[18.741,-10.914],[18.725,-10.896],[18.707,-10.879],[18.671,-10.846],[18.654,-10.827],[18.64,-10.804],[18.629,-10.776],[18.623,-10.75],[18.619,-10.694],[18.616,-10.688],[18.611,-10.685],[18.607,-10.682],[18.609,-10.673],[18.615,-10.667],[18.621,-10.669],[18.626,-10.674],[18.633,-10.674],[18.652,-10.665],[18.652,-10.658],[18.64,-10.646],[18.645,-10.645],[18.654,-10.641],[18.66,-10.64],[18.657,-10.63],[18.658,-10.622],[18.664,-10.616],[18.674,-10.612],[18.668,-10.609],[18.653,-10.598],[18.658,-10.595],[18.663,-10.589],[18.667,-10.585],[18.654,-10.582],[18.644,-10.575],[18.639,-10.564],[18.64,-10.55],[18.626,-10.564],[18.604,-10.554],[18.593,-10.546],[18.585,-10.536],[18.578,-10.544],[18.571,-10.531],[18.554,-10.515],[18.548,-10.485],[18.535,-10.469],[18.53,-10.454],[18.518,-10.455],[18.498,-10.446],[18.482,-10.447],[18.491,-10.432],[18.496,-10.426],[18.47,-10.402],[18.451,-10.395],[18.632,-10.403],[18.706,-10.389],[18.793,-10.347],[18.819,-10.326],[18.864,-10.282],[18.895,-10.261],[18.922,-10.251],[18.947,-10.246],[19.047,-10.233],[19.117,-10.209],[19.144,-10.195],[19.168,-10.178],[19.218,-10.134],[19.25,-10.113],[19.273,-10.102],[19.344,-10.08],[19.395,-10.046],[19.435,-10.012],[19.472,-9.993],[19.566,-9.978],[19.598,-9.962],[19.622,-9.947],[19.657,-9.918],[19.798,-9.885],[19.864,-9.843],[19.908,-9.795],[19.94,-9.746],[19.951,-9.719],[19.958,-9.695],[19.984,-9.497],[19.992,-9.47],[20.002,-9.457],[20.013,-9.446],[20.034,-9.427],[20.188,-9.299],[20.231,-9.272],[20.264,-9.26],[20.318,-9.251],[20.35,-9.237],[20.369,-9.218],[20.379,-9.197],[20.393,-9.152],[20.403,-9.131],[20.414,-9.112],[20.427,-9.1],[20.582,-9.031],[20.651,-9.008],[20.694,-8.985],[20.717,-8.959],[20.73,-8.932],[20.745,-8.883],[20.755,-8.859],[20.787,-8.806],[20.837,-8.746],[20.91,-8.695],[20.94,-8.658],[20.98,-8.629],[21.01,-8.614],[21.029,-8.609],[21.073,-8.604],[21.1,-8.596],[21.153,-8.575],[21.18,-8.572],[21.202,-8.571],[21.258,-8.559],[21.304,-8.563],[21.356,-8.573],[21.424,-8.573],[21.552,-8.542],[21.572,-8.526],[21.587,-8.51],[21.593,-8.501],[21.6,-8.493],[21.621,-8.475],[21.654,-8.458],[21.714,-8.438],[21.795,-8.424],[21.817,-8.407],[21.838,-8.385],[21.854,-8.365],[21.909,-8.332],[21.913,-8.333]]]}},{"type":"Feature","id":"AO-LUA","properties":{"id":"AO-LUA","countryCode":"AO","isoSubdivision":"AO-LUA","name":"Luanda","name_en":"Luanda","name_ko":"루안다","type":"Province","labelLongitude":13.317,"labelLatitude":-8.959,"minZoom":6.6},"geometry":{"type":"Polygon","coordinates":[[[13.143,-9.33],[13.121,-9.313],[13.045,-9.189],[13.017,-9.123],[12.996,-9.094],[12.992,-9.038],[13.03,-8.96],[13.086,-8.892],[13.137,-8.871],[13.115,-8.903],[13.043,-8.962],[13.007,-9.046],[13,-9.072],[13.013,-9.084],[13.023,-9.075],[13.08,-8.981],[13.082,-8.97],[13.087,-8.96],[13.099,-8.956],[13.112,-8.956],[13.123,-8.954],[13.137,-8.941],[13.148,-8.908],[13.16,-8.888],[13.186,-8.862],[13.191,-8.851],[13.192,-8.84],[13.191,-8.816],[13.195,-8.806],[13.224,-8.774],[13.242,-8.761],[13.26,-8.755],[13.21,-8.804],[13.198,-8.823],[13.212,-8.815],[13.245,-8.8],[13.264,-8.788],[13.272,-8.787],[13.278,-8.782],[13.281,-8.772],[13.281,-8.765],[13.283,-8.759],[13.287,-8.756],[13.294,-8.755],[13.356,-8.764],[13.38,-8.755],[13.393,-8.704],[13.408,-8.667],[13.411,-8.652],[13.406,-8.637],[13.377,-8.597],[13.371,-8.582],[13.429,-8.59],[13.448,-8.598],[13.47,-8.61],[13.517,-8.647],[13.529,-8.649],[13.545,-8.649],[13.565,-8.643],[13.585,-8.649],[13.603,-8.667],[13.616,-8.694],[13.633,-8.757],[13.641,-8.804],[13.637,-8.836],[13.609,-8.843],[13.591,-8.851],[13.571,-8.868],[13.542,-8.922],[13.504,-8.97],[13.483,-9.15],[13.475,-9.172],[13.432,-9.159],[13.411,-9.156],[13.397,-9.159],[13.382,-9.163],[13.36,-9.166],[13.323,-9.16],[13.305,-9.162],[13.281,-9.173],[13.245,-9.203],[13.223,-9.241],[13.205,-9.278],[13.185,-9.31],[13.177,-9.316],[13.144,-9.33],[13.143,-9.33]]]}},{"type":"Feature","id":"AO-MAL","properties":{"id":"AO-MAL","countryCode":"AO","isoSubdivision":"AO-MAL","name":"Malanje","name_en":"Malanje","name_ko":"말란즈","type":"Province","labelLongitude":16.973,"labelLatitude":-9.147,"minZoom":6.6},"geometry":{"type":"Polygon","coordinates":[[[17.098,-7.378],[17.098,-7.402],[17.104,-7.416],[17.118,-7.425],[17.126,-7.411],[17.132,-7.41],[17.138,-7.414],[17.146,-7.418],[17.167,-7.424],[17.177,-7.428],[17.18,-7.435],[17.175,-7.442],[17.163,-7.446],[17.152,-7.451],[17.146,-7.463],[17.149,-7.473],[17.155,-7.479],[17.163,-7.485],[17.173,-7.494],[17.186,-7.516],[17.203,-7.564],[17.218,-7.586],[17.267,-7.61],[17.286,-7.625],[17.283,-7.644],[17.287,-7.66],[17.287,-7.684],[17.289,-7.699],[17.304,-7.692],[17.306,-7.7],[17.308,-7.702],[17.304,-7.707],[17.32,-7.714],[17.321,-7.722],[17.314,-7.732],[17.311,-7.741],[17.316,-7.754],[17.334,-7.77],[17.338,-7.779],[17.342,-7.784],[17.365,-7.787],[17.375,-7.792],[17.377,-7.802],[17.376,-7.814],[17.381,-7.823],[17.4,-7.823],[17.4,-7.83],[17.391,-7.839],[17.398,-7.841],[17.411,-7.841],[17.421,-7.844],[17.424,-7.855],[17.423,-7.868],[17.426,-7.875],[17.441,-7.871],[17.452,-7.884],[17.449,-7.893],[17.439,-7.902],[17.434,-7.916],[17.438,-7.922],[17.447,-7.929],[17.468,-7.939],[17.464,-7.947],[17.463,-7.95],[17.465,-7.953],[17.468,-7.96],[17.471,-7.956],[17.477,-7.951],[17.482,-7.946],[17.491,-7.977],[17.496,-7.987],[17.506,-7.997],[17.528,-8.008],[17.537,-8.015],[17.54,-8.032],[17.528,-8.061],[17.536,-8.075],[17.536,-8.076],[17.534,-8.088],[17.535,-8.099],[17.534,-8.11],[17.526,-8.121],[17.522,-8.133],[17.53,-8.144],[17.553,-8.162],[17.551,-8.287],[17.556,-8.313],[17.566,-8.337],[17.576,-8.349],[17.562,-8.365],[17.556,-8.378],[17.542,-8.396],[17.532,-8.419],[17.527,-8.446],[17.529,-8.474],[17.538,-8.51],[17.553,-8.538],[17.571,-8.567],[17.587,-8.598],[17.595,-8.656],[17.591,-8.829],[17.575,-8.904],[17.57,-8.933],[17.568,-8.953],[17.569,-8.981],[17.587,-9.076],[17.585,-9.11],[17.564,-9.163],[17.552,-9.209],[17.537,-9.229],[17.52,-9.238],[17.401,-9.279],[17.376,-9.291],[17.353,-9.307],[17.336,-9.328],[17.333,-9.353],[17.338,-9.379],[17.371,-9.452],[17.389,-9.478],[17.404,-9.504],[17.407,-9.516],[17.41,-9.534],[17.414,-9.577],[17.425,-9.595],[17.462,-9.617],[17.476,-9.634],[17.485,-9.652],[17.498,-9.665],[17.509,-9.672],[17.528,-9.676],[17.57,-9.689],[17.59,-9.701],[17.616,-9.741],[17.62,-9.764],[17.628,-9.784],[17.646,-9.798],[17.684,-9.805],[17.713,-9.807],[17.807,-9.842],[18.235,-10.003],[18.246,-10.011],[18.258,-10.026],[18.26,-10.047],[18.25,-10.07],[18.224,-10.113],[18.208,-10.127],[18.197,-10.147],[18.18,-10.189],[18.177,-10.213],[18.185,-10.237],[18.199,-10.262],[18.22,-10.287],[18.272,-10.331],[18.373,-10.4],[18.396,-10.41],[18.422,-10.416],[18.44,-10.41],[18.47,-10.402],[18.496,-10.426],[18.491,-10.432],[18.482,-10.447],[18.498,-10.446],[18.518,-10.455],[18.53,-10.454],[18.535,-10.469],[18.548,-10.485],[18.554,-10.515],[18.571,-10.531],[18.578,-10.544],[18.585,-10.536],[18.593,-10.546],[18.604,-10.554],[18.626,-10.564],[18.64,-10.55],[18.639,-10.564],[18.644,-10.575],[18.654,-10.582],[18.667,-10.585],[18.663,-10.589],[18.658,-10.595],[18.653,-10.598],[18.668,-10.609],[18.674,-10.612],[18.664,-10.616],[18.658,-10.622],[18.657,-10.63],[18.66,-10.64],[18.654,-10.641],[18.645,-10.645],[18.64,-10.646],[18.652,-10.658],[18.652,-10.665],[18.633,-10.674],[18.626,-10.674],[18.621,-10.669],[18.615,-10.667],[18.609,-10.673],[18.607,-10.682],[18.611,-10.685],[18.616,-10.688],[18.619,-10.694],[18.623,-10.75],[18.629,-10.776],[18.64,-10.804],[18.654,-10.827],[18.671,-10.846],[18.707,-10.879],[18.725,-10.896],[18.741,-10.914],[18.754,-10.935],[18.763,-10.961],[18.764,-10.989],[18.751,-11.036],[18.748,-11.064],[18.755,-11.091],[18.784,-11.141],[18.79,-11.167],[18.784,-11.195],[18.775,-11.214],[18.776,-11.233],[18.797,-11.256],[18.805,-11.262],[18.814,-11.269],[18.822,-11.277],[18.829,-11.291],[18.833,-11.306],[18.834,-11.327],[18.837,-11.348],[18.828,-11.364],[18.811,-11.369],[18.767,-11.364],[18.744,-11.364],[18.693,-11.374],[18.588,-11.413],[18.535,-11.439],[18.515,-11.453],[18.448,-11.521],[18.428,-11.534],[18.406,-11.54],[18.381,-11.541],[18.332,-11.538],[18.281,-11.527],[18.256,-11.528],[18.18,-11.548],[18.171,-11.55],[18.161,-11.552],[18.153,-11.553],[18.146,-11.552],[18.13,-11.548],[18.106,-11.545],[18.103,-11.545],[18.094,-11.542],[18.086,-11.542],[18.075,-11.545],[18.058,-11.553],[18.048,-11.556],[18.04,-11.557],[18.036,-11.555],[18.033,-11.553],[18.028,-11.548],[18.025,-11.542],[18.023,-11.538],[18.021,-11.534],[18.019,-11.529],[18.015,-11.526],[18.011,-11.523],[18.008,-11.521],[18.005,-11.52],[18.002,-11.519],[17.989,-11.521],[17.965,-11.528],[17.958,-11.529],[17.949,-11.529],[17.945,-11.528],[17.931,-11.528],[17.926,-11.527],[17.92,-11.526],[17.916,-11.523],[17.912,-11.52],[17.908,-11.517],[17.905,-11.513],[17.901,-11.504],[17.901,-11.501],[17.9,-11.496],[17.905,-11.461],[17.904,-11.458],[17.903,-11.454],[17.899,-11.445],[17.891,-11.433],[17.884,-11.412],[17.882,-11.408],[17.879,-11.403],[17.872,-11.397],[17.859,-11.389],[17.829,-11.362],[17.842,-11.43],[17.843,-11.5],[17.835,-11.531],[17.816,-11.556],[17.721,-11.654],[17.697,-11.67],[17.65,-11.709],[17.634,-11.715],[17.616,-11.72],[17.588,-11.726],[17.572,-11.719],[17.505,-11.687],[17.501,-11.684],[17.504,-11.678],[17.509,-11.66],[17.511,-11.644],[17.511,-11.633],[17.509,-11.621],[17.481,-11.563],[17.478,-11.539],[17.488,-11.516],[17.497,-11.511],[17.523,-11.502],[17.53,-11.495],[17.529,-11.479],[17.516,-11.476],[17.5,-11.482],[17.488,-11.489],[17.49,-11.476],[17.488,-11.452],[17.492,-11.444],[17.506,-11.435],[17.513,-11.43],[17.516,-11.424],[17.515,-11.409],[17.516,-11.402],[17.519,-11.396],[17.515,-11.378],[17.478,-11.317],[17.464,-11.3],[17.459,-11.289],[17.458,-11.276],[17.46,-11.256],[17.453,-11.239],[17.446,-11.235],[17.437,-11.236],[17.42,-11.236],[17.399,-11.225],[17.392,-11.209],[17.401,-11.191],[17.426,-11.174],[17.434,-11.181],[17.447,-11.171],[17.453,-11.157],[17.454,-11.122],[17.449,-11.103],[17.425,-11.07],[17.415,-11.036],[17.389,-11.011],[17.379,-10.995],[17.376,-10.978],[17.377,-10.943],[17.372,-10.927],[17.353,-10.911],[17.301,-10.88],[17.29,-10.862],[17.281,-10.858],[17.228,-10.865],[17.214,-10.861],[17.199,-10.853],[17.185,-10.848],[17.172,-10.851],[17.161,-10.817],[17.15,-10.809],[17.132,-10.817],[17.114,-10.811],[17.105,-10.823],[17.093,-10.833],[17.066,-10.82],[17.047,-10.806],[17.031,-10.796],[16.926,-10.766],[16.91,-10.759],[16.888,-10.75],[16.848,-10.765],[16.83,-10.762],[16.809,-10.771],[16.786,-10.769],[16.767,-10.76],[16.755,-10.749],[16.726,-10.704],[16.715,-10.694],[16.703,-10.692],[16.676,-10.692],[16.665,-10.688],[16.656,-10.678],[16.639,-10.646],[16.631,-10.641],[16.621,-10.639],[16.613,-10.633],[16.611,-10.619],[16.614,-10.611],[16.621,-10.604],[16.639,-10.591],[16.627,-10.582],[16.612,-10.574],[16.604,-10.568],[16.597,-10.562],[16.585,-10.536],[16.562,-10.519],[16.556,-10.512],[16.553,-10.506],[16.495,-10.434],[16.47,-10.421],[16.456,-10.41],[16.448,-10.408],[16.442,-10.402],[16.44,-10.389],[16.447,-10.355],[16.446,-10.344],[16.402,-10.29],[16.398,-10.288],[16.392,-10.283],[16.385,-10.278],[16.375,-10.276],[16.362,-10.276],[16.355,-10.274],[16.35,-10.27],[16.344,-10.263],[16.336,-10.249],[16.332,-10.232],[16.33,-10.19],[16.336,-10.169],[16.351,-10.157],[16.367,-10.149],[16.378,-10.139],[16.34,-9.989],[16.326,-9.981],[16.317,-9.963],[16.308,-9.899],[16.305,-9.893],[16.296,-9.885],[16.289,-9.883],[16.267,-9.879],[16.262,-9.875],[16.257,-9.868],[16.245,-9.857],[16.233,-9.843],[16.227,-9.827],[16.225,-9.806],[16.218,-9.788],[16.21,-9.773],[16.2,-9.762],[16.182,-9.749],[16.163,-9.743],[16.121,-9.741],[16.099,-9.738],[16.082,-9.732],[16.069,-9.731],[16.056,-9.741],[16.035,-9.724],[16.028,-9.721],[16.014,-9.719],[16.005,-9.722],[15.996,-9.725],[15.984,-9.727],[15.979,-9.724],[15.973,-9.716],[15.966,-9.712],[15.957,-9.717],[15.949,-9.724],[15.94,-9.729],[15.93,-9.733],[15.918,-9.735],[15.899,-9.735],[15.867,-9.729],[15.847,-9.727],[15.842,-9.725],[15.828,-9.716],[15.82,-9.714],[15.809,-9.716],[15.806,-9.722],[15.805,-9.731],[15.803,-9.741],[15.796,-9.754],[15.786,-9.768],[15.774,-9.778],[15.758,-9.783],[15.665,-9.791],[15.645,-9.789],[15.623,-9.783],[15.611,-9.781],[15.581,-9.797],[15.564,-9.796],[15.545,-9.79],[15.521,-9.789],[15.516,-9.792],[15.513,-9.797],[15.51,-9.801],[15.508,-9.803],[15.499,-9.803],[15.484,-9.798],[15.477,-9.796],[15.4,-9.805],[15.378,-9.814],[15.364,-9.817],[15.348,-9.815],[15.333,-9.811],[15.318,-9.81],[15.303,-9.817],[15.291,-9.807],[15.27,-9.8],[15.25,-9.797],[15.241,-9.8],[15.236,-9.797],[15.225,-9.796],[15.203,-9.796],[15.198,-9.793],[15.185,-9.775],[15.179,-9.769],[15.17,-9.766],[15.152,-9.763],[15.145,-9.762],[15.139,-9.756],[15.135,-9.749],[15.13,-9.744],[15.111,-9.738],[15.109,-9.724],[15.134,-9.696],[15.147,-9.676],[15.155,-9.65],[15.153,-9.615],[15.146,-9.589],[15.123,-9.544],[15.12,-9.527],[15.149,-9.49],[15.174,-9.459],[15.162,-9.418],[15.111,-9.372],[15.121,-9.355],[15.135,-9.352],[15.149,-9.351],[15.193,-9.354],[15.231,-9.338],[15.247,-9.302],[15.259,-9.261],[15.286,-9.233],[15.307,-9.228],[15.35,-9.227],[15.371,-9.22],[15.38,-9.213],[15.395,-9.197],[15.404,-9.191],[15.412,-9.189],[15.43,-9.189],[15.438,-9.188],[15.451,-9.181],[15.463,-9.171],[15.475,-9.163],[15.489,-9.16],[15.499,-9.164],[15.517,-9.175],[15.528,-9.178],[15.567,-9.178],[15.606,-9.172],[15.621,-9.166],[15.627,-9.162],[15.638,-9.152],[15.642,-9.085],[15.639,-9.054],[15.639,-9.025],[15.641,-9.007],[15.65,-8.973],[15.665,-8.881],[15.694,-8.789],[15.715,-8.743],[15.722,-8.721],[15.719,-8.7],[15.705,-8.681],[15.66,-8.662],[15.639,-8.647],[15.624,-8.621],[15.617,-8.602],[15.629,-8.568],[15.668,-8.513],[15.674,-8.493],[15.675,-8.479],[15.68,-8.464],[15.698,-8.454],[15.799,-8.42],[15.816,-8.403],[15.818,-8.383],[15.813,-8.366],[15.809,-8.31],[15.799,-8.258],[15.8,-8.212],[15.863,-8.221],[15.889,-8.22],[15.919,-8.213],[15.954,-8.192],[16.032,-8.166],[16.049,-8.158],[16.092,-8.115],[16.109,-8.026],[16.127,-7.989],[16.133,-7.972],[16.135,-7.95],[16.134,-7.926],[16.126,-7.877],[16.064,-7.685],[16.058,-7.661],[16.063,-7.636],[16.075,-7.612],[16.109,-7.591],[16.14,-7.583],[16.192,-7.578],[16.219,-7.569],[16.282,-7.524],[16.346,-7.434],[16.413,-7.388],[16.568,-7.325],[16.59,-7.322],[16.607,-7.324],[16.627,-7.333],[16.647,-7.348],[16.661,-7.369],[16.683,-7.417],[16.781,-7.552],[16.802,-7.572],[16.824,-7.587],[16.846,-7.596],[16.868,-7.601],[16.891,-7.601],[16.914,-7.596],[16.936,-7.584],[16.956,-7.562],[16.969,-7.533],[16.974,-7.511],[16.978,-7.474],[16.981,-7.455],[16.992,-7.436],[17.003,-7.424],[17.041,-7.397],[17.095,-7.379],[17.097,-7.378],[17.098,-7.378]]]}},{"type":"Feature","id":"AO-MOX","properties":{"id":"AO-MOX","countryCode":"AO","isoSubdivision":"AO-MOX","name":"Moxico","name_en":"Moxico","name_ko":"모시쿠","type":"Province","labelLongitude":21.003,"labelLatitude":-13.281,"minZoom":6.6},"geometry":{"type":"Polygon","coordinates":[[[21.98,-13.695],[21.98,-13.755],[21.98,-13.906],[21.981,-14.056],[21.981,-14.207],[21.981,-14.358],[21.981,-14.508],[21.981,-14.659],[21.981,-14.81],[21.981,-14.96],[21.981,-15.111],[21.981,-15.262],[21.982,-15.413],[21.982,-15.452],[21.982,-15.474],[21.982,-15.504],[21.982,-15.548],[21.981,-15.65],[21.981,-15.752],[21.981,-15.854],[21.981,-15.956],[21.981,-16.001],[21.982,-16.004],[21.982,-16.067],[21.982,-16.128],[21.982,-16.144],[21.984,-16.166],[21.967,-16.146],[21.939,-16.123],[21.909,-16.104],[21.854,-16.083],[21.841,-16.073],[21.831,-16.059],[21.806,-15.995],[21.803,-15.99],[21.784,-15.97],[21.78,-15.964],[21.774,-15.944],[21.755,-15.904],[21.747,-15.895],[21.724,-15.892],[21.719,-15.883],[21.72,-15.87],[21.71,-15.854],[21.682,-15.846],[21.652,-15.848],[21.622,-15.845],[21.596,-15.819],[21.589,-15.802],[21.579,-15.767],[21.573,-15.751],[21.561,-15.735],[21.54,-15.714],[21.531,-15.697],[21.523,-15.666],[21.518,-15.653],[21.498,-15.626],[21.48,-15.594],[21.47,-15.587],[21.436,-15.58],[21.422,-15.559],[21.415,-15.498],[21.411,-15.481],[21.391,-15.436],[21.377,-15.423],[21.36,-15.42],[21.345,-15.422],[21.339,-15.426],[21.335,-15.406],[21.323,-15.395],[21.291,-15.381],[21.265,-15.361],[21.26,-15.352],[21.262,-15.346],[21.265,-15.34],[21.265,-15.333],[21.235,-15.274],[21.211,-15.25],[21.185,-15.254],[21.167,-15.261],[21.155,-15.25],[21.149,-15.232],[21.147,-15.224],[21.138,-15.213],[21.131,-15.208],[21.122,-15.208],[21.106,-15.216],[21.099,-15.2],[21.073,-15.172],[21.053,-15.14],[20.969,-15.052],[20.964,-15.05],[20.96,-15.051],[20.956,-15.051],[20.952,-15.045],[20.949,-15.032],[20.937,-15.019],[20.928,-15.005],[20.907,-15.019],[20.891,-15.016],[20.86,-14.991],[20.838,-14.982],[20.828,-14.988],[20.82,-14.999],[20.805,-15.005],[20.787,-15.003],[20.767,-14.999],[20.73,-14.987],[20.683,-14.96],[20.668,-14.956],[20.659,-14.958],[20.644,-14.968],[20.637,-14.97],[20.627,-14.969],[20.608,-14.964],[20.599,-14.964],[20.59,-14.966],[20.569,-14.975],[20.554,-14.987],[20.549,-14.987],[20.544,-14.985],[20.534,-14.984],[20.462,-14.984],[20.446,-14.987],[20.433,-14.992],[20.419,-14.996],[20.4,-14.991],[20.39,-14.99],[20.384,-14.989],[20.342,-14.982],[20.306,-14.981],[20.271,-14.985],[20.262,-14.985],[20.256,-14.984],[20.25,-14.981],[20.236,-14.972],[20.215,-14.963],[20.165,-14.948],[20.088,-14.906],[20.082,-14.902],[20.077,-14.897],[20.063,-14.878],[20.057,-14.87],[20.049,-14.862],[20.019,-14.841],[20.009,-14.832],[19.983,-14.794],[19.948,-14.771],[19.925,-14.764],[19.914,-14.75],[19.898,-14.741],[19.889,-14.732],[19.88,-14.718],[19.824,-14.675],[19.789,-14.638],[19.776,-14.622],[19.764,-14.611],[19.751,-14.602],[19.743,-14.591],[19.736,-14.578],[19.726,-14.568],[19.698,-14.549],[19.688,-14.54],[19.682,-14.53],[19.674,-14.499],[19.672,-14.494],[19.656,-14.47],[19.64,-14.455],[19.632,-14.444],[19.627,-14.433],[19.62,-14.405],[19.613,-14.386],[19.605,-14.375],[19.595,-14.365],[19.569,-14.345],[19.561,-14.335],[19.554,-14.322],[19.545,-14.308],[19.528,-14.29],[19.496,-14.286],[19.415,-14.296],[19.328,-14.279],[19.282,-14.259],[19.25,-14.251],[19.222,-14.253],[19.198,-14.266],[19.18,-14.28],[19.174,-14.3],[19.174,-14.32],[19.185,-14.365],[19.179,-14.381],[19.159,-14.39],[19.091,-14.374],[19.051,-14.372],[19.017,-14.374],[18.947,-14.399],[18.934,-14.4],[18.924,-14.396],[18.909,-14.388],[18.897,-14.384],[18.892,-14.379],[18.889,-14.375],[18.887,-14.369],[18.875,-14.354],[18.872,-14.349],[18.87,-14.344],[18.87,-14.339],[18.869,-14.334],[18.866,-14.329],[18.862,-14.324],[18.856,-14.32],[18.848,-14.311],[18.846,-14.307],[18.839,-14.284],[18.824,-14.265],[18.82,-14.255],[18.819,-14.25],[18.815,-14.24],[18.812,-14.235],[18.806,-14.227],[18.804,-14.222],[18.803,-14.205],[18.8,-14.195],[18.8,-14.19],[18.801,-14.185],[18.803,-14.18],[18.805,-14.175],[18.806,-14.17],[18.805,-14.165],[18.8,-14.157],[18.798,-14.152],[18.797,-14.147],[18.798,-14.136],[18.797,-14.131],[18.792,-14.122],[18.786,-14.106],[18.781,-14.098],[18.779,-14.093],[18.779,-14.087],[18.781,-14.082],[18.786,-14.073],[18.788,-14.068],[18.788,-14.062],[18.787,-14.057],[18.779,-14.043],[18.772,-14.034],[18.765,-14.027],[18.76,-14.022],[18.757,-14.016],[18.751,-14.001],[18.748,-13.997],[18.739,-13.986],[18.736,-13.982],[18.735,-13.976],[18.735,-13.964],[18.734,-13.961],[18.733,-13.957],[18.727,-13.949],[18.714,-13.933],[18.703,-13.922],[18.671,-13.902],[18.666,-13.898],[18.656,-13.877],[18.644,-13.866],[18.637,-13.863],[18.627,-13.862],[18.618,-13.857],[18.555,-13.807],[18.532,-13.798],[18.5,-13.791],[18.461,-13.778],[18.333,-13.72],[18.297,-13.713],[18.275,-13.717],[18.248,-13.716],[18.216,-13.709],[17.985,-13.584],[17.953,-13.572],[17.949,-13.54],[17.945,-13.525],[17.949,-13.508],[17.964,-13.466],[17.959,-13.441],[17.951,-13.418],[17.947,-13.394],[17.96,-13.373],[17.976,-13.355],[17.995,-13.342],[18.009,-13.335],[18.053,-13.316],[18.071,-13.3],[18.077,-13.274],[18.069,-13.231],[18.046,-13.173],[18.041,-13.15],[18.059,-13.105],[18.059,-13.086],[18.078,-13.069],[18.104,-13.053],[18.12,-13.037],[18.137,-13.009],[18.171,-12.964],[18.176,-12.934],[18.159,-12.884],[18.154,-12.862],[18.16,-12.842],[18.184,-12.829],[18.282,-12.75],[18.299,-12.73],[18.307,-12.701],[18.309,-12.68],[18.32,-12.654],[18.384,-12.586],[18.4,-12.563],[18.413,-12.541],[18.42,-12.523],[18.417,-12.496],[18.433,-12.46],[18.519,-12.377],[18.542,-12.362],[18.595,-12.339],[18.624,-12.32],[18.657,-12.292],[18.711,-12.262],[18.726,-12.246],[18.732,-12.227],[18.728,-12.213],[18.723,-12.202],[18.722,-12.191],[18.725,-12.179],[18.741,-12.16],[18.774,-12.128],[18.8,-12.113],[18.808,-12.107],[18.849,-12.06],[18.863,-12.038],[18.869,-12.014],[18.87,-12.002],[18.866,-11.992],[18.848,-11.953],[18.848,-11.927],[18.857,-11.9],[18.88,-11.87],[18.904,-11.823],[18.916,-11.805],[18.942,-11.789],[18.961,-11.775],[18.97,-11.747],[18.965,-11.726],[18.966,-11.707],[18.978,-11.696],[18.994,-11.692],[19.026,-11.689],[19.046,-11.679],[19.064,-11.659],[19.076,-11.628],[19.083,-11.579],[19.089,-11.556],[19.1,-11.534],[19.137,-11.486],[19.15,-11.472],[19.166,-11.46],[19.189,-11.456],[19.237,-11.44],[19.251,-11.431],[19.257,-11.423],[19.271,-11.409],[19.276,-11.406],[19.281,-11.404],[19.293,-11.403],[19.306,-11.403],[19.312,-11.404],[19.318,-11.405],[19.326,-11.41],[19.331,-11.413],[19.337,-11.414],[19.382,-11.414],[19.392,-11.413],[19.4,-11.411],[19.456,-11.383],[19.463,-11.378],[19.474,-11.367],[19.498,-11.35],[19.503,-11.346],[19.508,-11.34],[19.539,-11.314],[19.542,-11.31],[19.546,-11.3],[19.549,-11.297],[19.55,-11.294],[19.551,-11.288],[19.555,-11.278],[19.568,-11.264],[19.608,-11.255],[19.624,-11.256],[19.665,-11.285],[19.714,-11.306],[19.724,-11.308],[19.73,-11.309],[19.747,-11.306],[19.785,-11.294],[19.791,-11.291],[19.797,-11.287],[19.828,-11.259],[19.835,-11.254],[19.842,-11.253],[19.845,-11.256],[19.857,-11.262],[19.869,-11.264],[19.875,-11.266],[19.88,-11.269],[19.882,-11.271],[19.884,-11.274],[19.889,-11.288],[19.894,-11.293],[19.901,-11.297],[19.915,-11.301],[19.924,-11.302],[19.93,-11.301],[19.937,-11.298],[19.94,-11.295],[19.943,-11.293],[19.945,-11.291],[19.947,-11.287],[19.95,-11.277],[19.953,-11.272],[19.956,-11.268],[19.962,-11.263],[19.968,-11.262],[19.998,-11.264],[20.016,-11.26],[20.027,-11.261],[20.033,-11.263],[20.037,-11.266],[20.041,-11.269],[20.053,-11.274],[20.057,-11.277],[20.062,-11.279],[20.069,-11.282],[20.09,-11.286],[20.095,-11.285],[20.105,-11.278],[20.109,-11.275],[20.112,-11.271],[20.115,-11.267],[20.121,-11.259],[20.132,-11.249],[20.14,-11.237],[20.147,-11.23],[20.15,-11.226],[20.155,-11.221],[20.162,-11.215],[20.177,-11.209],[20.185,-11.209],[20.19,-11.211],[20.193,-11.215],[20.197,-11.218],[20.201,-11.221],[20.218,-11.226],[20.222,-11.228],[20.226,-11.231],[20.23,-11.234],[20.236,-11.238],[20.244,-11.242],[20.262,-11.245],[20.291,-11.255],[20.297,-11.258],[20.301,-11.261],[20.303,-11.264],[20.307,-11.271],[20.31,-11.275],[20.313,-11.278],[20.318,-11.28],[20.336,-11.282],[20.341,-11.284],[20.359,-11.291],[20.365,-11.291],[20.37,-11.29],[20.382,-11.281],[20.393,-11.277],[20.401,-11.276],[20.407,-11.277],[20.42,-11.284],[20.429,-11.287],[20.432,-11.288],[20.443,-11.297],[20.461,-11.305],[20.464,-11.307],[20.466,-11.309],[20.469,-11.312],[20.477,-11.323],[20.481,-11.327],[20.49,-11.332],[20.494,-11.335],[20.497,-11.338],[20.5,-11.34],[20.503,-11.341],[20.525,-11.347],[20.534,-11.347],[20.545,-11.346],[20.552,-11.346],[20.558,-11.348],[20.561,-11.352],[20.565,-11.362],[20.568,-11.365],[20.574,-11.368],[20.583,-11.372],[20.63,-11.385],[20.637,-11.388],[20.667,-11.407],[20.672,-11.41],[20.682,-11.413],[20.704,-11.411],[20.712,-11.411],[20.718,-11.412],[20.728,-11.424],[20.731,-11.427],[20.734,-11.437],[20.747,-11.444],[20.755,-11.442],[20.771,-11.441],[20.784,-11.443],[20.825,-11.457],[20.841,-11.46],[20.854,-11.462],[20.869,-11.461],[20.878,-11.464],[20.888,-11.468],[20.906,-11.47],[20.991,-11.475],[21.035,-11.472],[21.038,-11.469],[21.039,-11.465],[21.039,-11.461],[21.04,-11.454],[21.031,-11.437],[21.03,-11.431],[21.031,-11.425],[21.034,-11.419],[21.062,-11.402],[21.08,-11.393],[21.092,-11.385],[21.099,-11.385],[21.121,-11.386],[21.128,-11.385],[21.133,-11.383],[21.137,-11.38],[21.146,-11.376],[21.151,-11.371],[21.155,-11.366],[21.157,-11.362],[21.159,-11.358],[21.168,-11.345],[21.171,-11.34],[21.175,-11.336],[21.181,-11.332],[21.192,-11.326],[21.197,-11.322],[21.206,-11.314],[21.22,-11.292],[21.221,-11.291],[21.22,-11.289],[21.218,-11.287],[21.218,-11.284],[21.219,-11.282],[21.225,-11.278],[21.236,-11.275],[21.267,-11.269],[21.29,-11.263],[21.342,-11.237],[21.384,-11.228],[21.39,-11.225],[21.406,-11.214],[21.471,-11.203],[21.476,-11.198],[21.484,-11.186],[21.486,-11.181],[21.489,-11.176],[21.492,-11.173],[21.497,-11.171],[21.513,-11.173],[21.519,-11.173],[21.524,-11.169],[21.528,-11.167],[21.533,-11.169],[21.536,-11.173],[21.539,-11.176],[21.543,-11.179],[21.559,-11.182],[21.585,-11.182],[21.594,-11.18],[21.641,-11.159],[21.654,-11.151],[21.681,-11.142],[21.686,-11.141],[21.696,-11.132],[21.702,-11.1],[21.698,-11.095],[21.696,-11.092],[21.695,-11.086],[21.694,-11.081],[21.695,-11.075],[21.698,-11.066],[21.697,-11.062],[21.693,-11.061],[21.683,-11.06],[21.678,-11.058],[21.675,-11.054],[21.672,-11.05],[21.672,-11.044],[21.67,-11.039],[21.667,-11.036],[21.66,-11.029],[21.657,-11.025],[21.654,-11.02],[21.653,-11.015],[21.65,-11.005],[21.65,-11.001],[21.65,-10.999],[21.65,-10.996],[21.652,-10.992],[21.654,-10.988],[21.661,-10.981],[21.663,-10.976],[21.664,-10.97],[21.665,-10.938],[21.668,-10.927],[21.67,-10.922],[21.671,-10.916],[21.671,-10.91],[21.671,-10.898],[21.672,-10.892],[21.674,-10.888],[21.695,-10.862],[21.705,-10.851],[21.735,-10.829],[21.742,-10.822],[21.745,-10.814],[21.746,-10.808],[21.742,-10.77],[21.742,-10.757],[21.744,-10.752],[21.75,-10.737],[21.753,-10.706],[21.764,-10.676],[21.782,-10.645],[21.788,-10.638],[21.795,-10.63],[21.806,-10.628],[21.823,-10.626],[21.884,-10.629],[22.048,-10.613],[22.065,-10.609],[22.068,-10.605],[22.076,-10.598],[22.082,-10.591],[22.086,-10.589],[22.092,-10.589],[22.1,-10.591],[22.108,-10.592],[22.129,-10.59],[22.138,-10.591],[22.191,-10.604],[22.198,-10.607],[22.203,-10.61],[22.22,-10.621],[22.224,-10.623],[22.232,-10.625],[22.241,-10.627],[22.271,-10.626],[22.308,-10.613],[22.309,-10.613],[22.308,-10.634],[22.31,-10.669],[22.326,-10.695],[22.321,-10.701],[22.319,-10.704],[22.322,-10.742],[22.319,-10.761],[22.31,-10.77],[22.291,-10.773],[22.266,-10.78],[22.224,-10.797],[22.206,-10.81],[22.183,-10.83],[22.165,-10.852],[22.166,-10.869],[22.175,-10.884],[22.196,-10.954],[22.196,-10.992],[22.199,-10.997],[22.214,-11.008],[22.217,-11.013],[22.221,-11.03],[22.237,-11.059],[22.244,-11.078],[22.256,-11.167],[22.252,-11.209],[22.238,-11.25],[22.263,-11.248],[22.282,-11.237],[22.326,-11.19],[22.34,-11.18],[22.44,-11.147],[22.469,-11.122],[22.501,-11.042],[22.538,-11.037],[22.614,-11.068],[22.651,-11.082],[22.689,-11.093],[22.728,-11.097],[22.764,-11.09],[22.785,-11.078],[22.807,-11.063],[22.829,-11.052],[22.853,-11.053],[22.874,-11.064],[22.911,-11.088],[22.931,-11.097],[22.97,-11.102],[23.014,-11.102],[23.115,-11.086],[23.197,-11.072],[23.307,-11.012],[23.373,-10.975],[23.415,-10.963],[23.456,-10.961],[23.495,-10.964],[23.557,-10.981],[23.642,-11.004],[23.675,-11.007],[23.714,-11.004],[23.752,-11.008],[23.794,-11.021],[23.834,-11.028],[23.867,-11.016],[23.874,-11.007],[23.882,-10.985],[23.888,-10.974],[23.897,-10.966],[23.919,-10.954],[23.928,-10.945],[23.936,-10.925],[23.941,-10.902],[23.949,-10.882],[23.967,-10.872],[23.974,-10.921],[23.981,-10.938],[24,-10.968],[24.004,-10.982],[23.997,-11.002],[23.994,-11.02],[23.995,-11.075],[23.99,-11.114],[23.996,-11.127],[24.015,-11.13],[24.011,-11.273],[24.017,-11.298],[24.061,-11.395],[24.062,-11.407],[24.052,-11.42],[24.021,-11.445],[24.01,-11.459],[24.008,-11.471],[24.007,-11.483],[24.01,-11.507],[24.01,-11.523],[24.005,-11.535],[23.978,-11.577],[23.96,-11.617],[23.955,-11.637],[23.955,-11.662],[23.962,-11.682],[23.973,-11.701],[23.981,-11.725],[23.986,-11.799],[23.99,-11.824],[23.989,-11.834],[23.967,-11.883],[23.961,-12.012],[23.954,-12.152],[23.96,-12.197],[23.981,-12.228],[24.007,-12.254],[24.017,-12.279],[24.021,-12.34],[24.031,-12.385],[24.028,-12.402],[24.02,-12.419],[23.986,-12.468],[23.941,-12.533],[23.929,-12.562],[23.911,-12.631],[23.892,-12.705],[23.872,-12.75],[23.866,-12.79],[23.875,-12.822],[23.895,-12.85],[23.95,-12.905],[23.972,-12.933],[23.989,-12.965],[24.001,-13.001],[23.968,-13.001],[23.844,-13.001],[23.72,-13.001],[23.596,-13.001],[23.471,-13.001],[23.347,-13.001],[23.223,-13.001],[23.098,-13.001],[22.974,-13.001],[22.85,-13.001],[22.725,-13.001],[22.601,-13.001],[22.477,-13.001],[22.353,-13.001],[22.229,-13.001],[22.104,-13.001],[21.98,-13.001],[21.98,-13.152],[21.98,-13.303],[21.98,-13.453],[21.98,-13.604],[21.98,-13.695]]]}},{"type":"Feature","id":"AO-NAM","properties":{"id":"AO-NAM","countryCode":"AO","isoSubdivision":"AO-NAM","name":"Namibe","name_en":"Namibe","name_ko":"나미브","type":"Province","labelLongitude":12.653,"labelLatitude":-15.825,"minZoom":6.6},"geometry":{"type":"MultiPolygon","coordinates":[[[[13.185,-16.964],[13.166,-16.951],[13.145,-16.952],[13.122,-16.96],[13.014,-16.978],[12.962,-17.007],[12.93,-17.014],[12.911,-17.024],[12.887,-17.03],[12.882,-17.04],[12.881,-17.051],[12.876,-17.06],[12.868,-17.066],[12.85,-17.071],[12.842,-17.074],[12.833,-17.082],[12.825,-17.096],[12.818,-17.105],[12.784,-17.115],[12.74,-17.136],[12.705,-17.164],[12.686,-17.174],[12.661,-17.177],[12.636,-17.185],[12.591,-17.223],[12.567,-17.235],[12.555,-17.236],[12.519,-17.228],[12.461,-17.223],[12.442,-17.217],[12.418,-17.203],[12.408,-17.204],[12.394,-17.215],[12.379,-17.22],[12.315,-17.218],[12.243,-17.225],[12.239,-17.221],[12.237,-17.211],[12.232,-17.202],[12.222,-17.198],[12.212,-17.195],[12.2,-17.189],[12.191,-17.183],[12.185,-17.177],[12.181,-17.169],[12.179,-17.162],[12.177,-17.155],[12.171,-17.149],[12.162,-17.146],[12.157,-17.149],[12.151,-17.154],[12.14,-17.156],[12.106,-17.146],[12.095,-17.14],[12.088,-17.139],[12.082,-17.141],[12.075,-17.143],[12.029,-17.149],[11.983,-17.162],[11.942,-17.181],[11.895,-17.215],[11.854,-17.233],[11.836,-17.245],[11.83,-17.253],[11.827,-17.26],[11.822,-17.264],[11.808,-17.266],[11.797,-17.264],[11.78,-17.255],[11.766,-17.253],[11.766,-17.245],[11.758,-17.239],[11.753,-17.229],[11.751,-17.217],[11.752,-17.204],[11.759,-17.165],[11.759,-17.033],[11.772,-16.947],[11.78,-16.869],[11.768,-16.799],[11.768,-16.768],[11.786,-16.764],[11.791,-16.806],[11.804,-16.824],[11.82,-16.781],[11.818,-16.705],[11.823,-16.679],[11.814,-16.584],[11.822,-16.479],[11.779,-16.1],[11.78,-16.08],[11.785,-16.064],[11.807,-16.019],[11.784,-15.973],[11.737,-15.9],[11.736,-15.857],[11.752,-15.799],[11.764,-15.79],[11.785,-15.777],[11.805,-15.769],[11.814,-15.775],[11.818,-15.792],[11.83,-15.798],[11.844,-15.794],[11.895,-15.747],[11.903,-15.731],[11.907,-15.718],[11.907,-15.69],[11.91,-15.676],[11.931,-15.652],[11.992,-15.617],[12.005,-15.594],[12.008,-15.565],[12.028,-15.49],[12.04,-15.463],[12.03,-15.437],[12.033,-15.407],[12.047,-15.351],[12.056,-15.233],[12.062,-15.218],[12.071,-15.205],[12.105,-15.173],[12.112,-15.171],[12.128,-15.179],[12.136,-15.179],[12.145,-15.169],[12.15,-15.152],[12.149,-15.134],[12.143,-15.121],[12.128,-15.113],[12.117,-15.117],[12.112,-15.115],[12.115,-15.094],[12.125,-15.062],[12.151,-15.002],[12.157,-14.967],[12.16,-14.954],[12.17,-14.942],[12.181,-14.932],[12.191,-14.922],[12.196,-14.908],[12.205,-14.854],[12.205,-14.84],[12.208,-14.833],[12.215,-14.824],[12.222,-14.824],[12.229,-14.826],[12.236,-14.823],[12.244,-14.81],[12.253,-14.782],[12.273,-14.751],[12.272,-14.733],[12.268,-14.715],[12.266,-14.696],[12.269,-14.684],[12.277,-14.661],[12.293,-14.587],[12.299,-14.508],[12.304,-14.494],[12.32,-14.469],[12.331,-14.434],[12.342,-14.367],[12.345,-14.303],[12.342,-14.27],[12.332,-14.237],[12.324,-14.221],[12.322,-14.213],[12.321,-14.203],[12.32,-14.197],[12.315,-14.188],[12.314,-14.182],[12.316,-14.175],[12.319,-14.175],[12.324,-14.178],[12.332,-14.173],[12.344,-14.171],[12.349,-14.169],[12.353,-14.161],[12.355,-14.152],[12.356,-14.142],[12.355,-14.134],[12.347,-14.12],[12.335,-14.106],[12.329,-14.092],[12.345,-14.067],[12.35,-14.046],[12.37,-14.022],[12.375,-14.008],[12.377,-13.992],[12.383,-13.977],[12.4,-13.952],[12.403,-13.941],[12.404,-13.906],[12.407,-13.891],[12.416,-13.879],[12.439,-13.871],[12.445,-13.866],[12.451,-13.862],[12.458,-13.864],[12.472,-13.874],[12.478,-13.878],[12.486,-13.877],[12.502,-13.855],[12.509,-13.82],[12.516,-13.715],[12.513,-13.617],[12.516,-13.605],[12.53,-13.579],[12.533,-13.567],[12.534,-13.567],[12.566,-13.545],[12.585,-13.537],[12.613,-13.534],[12.704,-13.551],[12.753,-13.566],[12.824,-13.577],[12.868,-13.606],[12.891,-13.612],[12.919,-13.607],[13.027,-13.565],[13.045,-13.556],[13.06,-13.539],[13.075,-13.525],[13.101,-13.522],[13.287,-13.562],[13.301,-13.579],[13.302,-13.596],[13.29,-13.641],[13.288,-13.665],[13.293,-13.687],[13.307,-13.711],[13.343,-13.757],[13.37,-13.804],[13.382,-13.822],[13.401,-13.832],[13.451,-13.827],[13.481,-13.833],[13.518,-13.846],[13.533,-13.85],[13.565,-13.847],[13.578,-13.88],[13.588,-13.897],[13.605,-13.914],[13.619,-13.935],[13.625,-13.957],[13.619,-13.984],[13.614,-13.997],[13.598,-14.026],[13.585,-14.082],[13.611,-14.169],[13.605,-14.204],[13.609,-14.223],[13.629,-14.248],[13.648,-14.258],[13.666,-14.277],[13.681,-14.438],[13.631,-14.528],[13.619,-14.583],[13.617,-14.606],[13.611,-14.63],[13.59,-14.676],[13.571,-14.702],[13.543,-14.73],[13.358,-14.855],[13.337,-14.871],[13.319,-14.876],[13.297,-14.886],[13.278,-14.908],[13.267,-14.935],[13.274,-15.008],[13.272,-15.024],[13.248,-15.061],[13.242,-15.075],[13.242,-15.095],[13.282,-15.16],[13.282,-15.177],[13.273,-15.191],[13.236,-15.212],[13.221,-15.229],[13.221,-15.247],[13.236,-15.261],[13.281,-15.265],[13.301,-15.273],[13.311,-15.296],[13.317,-15.318],[13.333,-15.333],[13.354,-15.333],[13.377,-15.318],[13.399,-15.31],[13.416,-15.324],[13.421,-15.344],[13.426,-15.404],[13.438,-15.428],[13.457,-15.447],[13.478,-15.462],[13.512,-15.478],[13.546,-15.531],[13.551,-15.734],[13.59,-15.82],[13.589,-15.847],[13.581,-15.872],[13.512,-15.994],[13.503,-16.019],[13.495,-16.048],[13.494,-16.072],[13.498,-16.093],[13.522,-16.153],[13.527,-16.186],[13.51,-16.227],[13.504,-16.233],[13.5,-16.237],[13.481,-16.248],[13.416,-16.321],[13.389,-16.343],[13.357,-16.362],[13.352,-16.364],[13.347,-16.364],[13.344,-16.361],[13.341,-16.357],[13.338,-16.355],[13.325,-16.376],[13.319,-16.38],[13.312,-16.381],[13.305,-16.382],[13.294,-16.386],[13.288,-16.39],[13.268,-16.414],[13.259,-16.418],[13.25,-16.421],[13.238,-16.423],[13.232,-16.425],[13.227,-16.429],[13.224,-16.433],[13.218,-16.445],[13.202,-16.467],[13.221,-16.488],[13.231,-16.495],[13.238,-16.502],[13.244,-16.514],[13.248,-16.535],[13.239,-16.568],[13.223,-16.593],[13.201,-16.611],[13.179,-16.623],[13.159,-16.642],[13.147,-16.662],[13.145,-16.687],[13.155,-16.714],[13.197,-16.765],[13.305,-16.872],[13.333,-16.92],[13.346,-16.968],[13.346,-16.969],[13.322,-16.975],[13.315,-16.974],[13.308,-16.97],[13.293,-16.974],[13.267,-16.985],[13.267,-16.978],[13.257,-16.982],[13.245,-16.981],[13.223,-16.978],[13.212,-16.973],[13.205,-16.963],[13.198,-16.957],[13.185,-16.964]]],[[[11.726,-16.618],[11.727,-16.657],[11.738,-16.693],[11.739,-16.706],[11.716,-16.685],[11.702,-16.656],[11.669,-16.557],[11.671,-16.53],[11.681,-16.517],[11.702,-16.5],[11.72,-16.506],[11.722,-16.555],[11.726,-16.577],[11.726,-16.618]]]]}},{"type":"Feature","id":"AO-UIG","properties":{"id":"AO-UIG","countryCode":"AO","isoSubdivision":"AO-UIG","name":"Uíge","name_en":"Uíge","name_ko":"우이즈","type":"Province","labelLongitude":15.448,"labelLatitude":-6.959,"minZoom":6.6},"geometry":{"type":"Polygon","coordinates":[[[16.316,-5.855],[16.341,-5.86],[16.359,-5.87],[16.374,-5.883],[16.396,-5.894],[16.412,-5.897],[16.427,-5.895],[16.459,-5.885],[16.479,-5.882],[16.497,-5.883],[16.515,-5.887],[16.553,-5.902],[16.56,-5.906],[16.597,-5.925],[16.594,-5.933],[16.581,-5.949],[16.581,-5.955],[16.59,-5.968],[16.595,-5.979],[16.597,-5.988],[16.601,-6.051],[16.604,-6.062],[16.61,-6.061],[16.619,-6.057],[16.628,-6.055],[16.632,-6.065],[16.611,-6.09],[16.631,-6.092],[16.643,-6.101],[16.66,-6.124],[16.672,-6.13],[16.685,-6.134],[16.696,-6.141],[16.7,-6.154],[16.718,-6.174],[16.727,-6.189],[16.724,-6.202],[16.717,-6.215],[16.715,-6.232],[16.715,-6.305],[16.717,-6.313],[16.72,-6.323],[16.722,-6.332],[16.721,-6.342],[16.715,-6.346],[16.706,-6.347],[16.697,-6.35],[16.694,-6.36],[16.693,-6.398],[16.695,-6.402],[16.7,-6.411],[16.707,-6.415],[16.714,-6.414],[16.719,-6.415],[16.721,-6.428],[16.715,-6.441],[16.706,-6.455],[16.706,-6.465],[16.728,-6.466],[16.721,-6.481],[16.722,-6.492],[16.728,-6.501],[16.738,-6.511],[16.747,-6.522],[16.747,-6.532],[16.735,-6.552],[16.731,-6.57],[16.734,-6.586],[16.749,-6.62],[16.753,-6.637],[16.756,-6.674],[16.76,-6.692],[16.768,-6.708],[16.823,-6.785],[16.827,-6.8],[16.829,-6.814],[16.833,-6.828],[16.844,-6.838],[16.855,-6.842],[16.879,-6.845],[16.891,-6.847],[16.915,-6.864],[16.927,-6.889],[16.935,-6.946],[16.932,-6.95],[16.929,-6.959],[16.929,-6.969],[16.938,-6.973],[16.949,-6.975],[16.955,-6.981],[16.959,-6.989],[16.965,-6.997],[16.973,-7.015],[16.969,-7.03],[16.962,-7.047],[16.961,-7.069],[16.929,-7.061],[16.927,-7.086],[16.948,-7.151],[16.946,-7.205],[16.951,-7.213],[16.961,-7.219],[16.973,-7.232],[16.989,-7.255],[16.992,-7.271],[16.992,-7.286],[16.996,-7.298],[17.023,-7.306],[17.057,-7.33],[17.083,-7.342],[17.093,-7.352],[17.098,-7.367],[17.098,-7.378],[17.097,-7.378],[17.095,-7.379],[17.041,-7.397],[17.003,-7.424],[16.992,-7.436],[16.981,-7.455],[16.978,-7.474],[16.974,-7.511],[16.969,-7.533],[16.956,-7.562],[16.936,-7.584],[16.914,-7.596],[16.891,-7.601],[16.868,-7.601],[16.846,-7.596],[16.824,-7.587],[16.802,-7.572],[16.781,-7.552],[16.683,-7.417],[16.661,-7.369],[16.647,-7.348],[16.627,-7.333],[16.607,-7.324],[16.59,-7.322],[16.568,-7.325],[16.413,-7.388],[16.346,-7.434],[16.282,-7.524],[16.219,-7.569],[16.192,-7.578],[16.14,-7.583],[16.109,-7.591],[16.075,-7.612],[16.063,-7.636],[16.058,-7.661],[16.064,-7.685],[16.126,-7.877],[16.134,-7.926],[16.135,-7.95],[16.133,-7.972],[16.127,-7.989],[16.109,-8.026],[16.092,-8.115],[16.049,-8.158],[16.032,-8.166],[15.954,-8.192],[15.919,-8.213],[15.889,-8.22],[15.863,-8.221],[15.8,-8.212],[15.802,-8.169],[15.797,-8.12],[15.778,-8.102],[15.758,-8.099],[15.746,-8.083],[15.747,-8.065],[15.762,-8.056],[15.763,-8.054],[15.76,-8.048],[15.745,-8.033],[15.721,-8.014],[15.716,-8.011],[15.696,-8.008],[15.671,-8.008],[15.625,-8.015],[15.604,-8.024],[15.563,-8.047],[15.54,-8.054],[15.512,-8.057],[15.475,-8.056],[15.442,-8.048],[15.421,-8.029],[15.419,-8.004],[15.426,-7.981],[15.428,-7.959],[15.408,-7.934],[15.39,-7.935],[15.281,-7.938],[15.216,-7.954],[15.192,-7.97],[15.201,-8.001],[15.199,-8.015],[15.197,-8.02],[15.188,-8.038],[15.182,-8.06],[15.182,-8.07],[15.184,-8.076],[15.189,-8.075],[15.198,-8.072],[15.203,-8.072],[15.209,-8.075],[15.214,-8.081],[15.221,-8.093],[15.222,-8.101],[15.222,-8.107],[15.216,-8.116],[15.209,-8.124],[15.204,-8.148],[15.201,-8.181],[15.198,-8.195],[15.194,-8.204],[15.19,-8.208],[15.186,-8.222],[15.183,-8.227],[15.179,-8.229],[15.174,-8.229],[15.169,-8.229],[15.168,-8.23],[15.161,-8.241],[15.159,-8.248],[15.156,-8.251],[15.151,-8.253],[15.142,-8.253],[15.136,-8.255],[15.129,-8.262],[15.126,-8.268],[15.123,-8.274],[15.12,-8.291],[15.117,-8.295],[15.113,-8.298],[15.105,-8.297],[15.094,-8.293],[15.089,-8.292],[15.07,-8.291],[15.061,-8.293],[15.052,-8.296],[15.03,-8.31],[15.022,-8.313],[15.015,-8.314],[15.004,-8.312],[14.997,-8.309],[14.992,-8.306],[14.989,-8.303],[14.986,-8.299],[14.983,-8.295],[14.979,-8.292],[14.97,-8.287],[14.96,-8.283],[14.954,-8.282],[14.946,-8.283],[14.94,-8.281],[14.931,-8.277],[14.926,-8.275],[14.92,-8.275],[14.913,-8.278],[14.904,-8.283],[14.89,-8.296],[14.882,-8.304],[14.876,-8.313],[14.865,-8.344],[14.859,-8.354],[14.845,-8.367],[14.83,-8.384],[14.827,-8.388],[14.82,-8.393],[14.816,-8.396],[14.789,-8.405],[14.773,-8.408],[14.76,-8.407],[14.728,-8.401],[14.704,-8.394],[14.691,-8.393],[14.662,-8.398],[14.639,-8.313],[14.636,-8.276],[14.639,-8.234],[14.648,-8.206],[14.66,-8.18],[14.703,-8.112],[14.711,-8.09],[14.718,-7.927],[14.708,-7.905],[14.694,-7.889],[14.646,-7.876],[14.505,-7.906],[14.472,-7.906],[14.448,-7.902],[14.418,-7.893],[14.341,-7.858],[14.312,-7.84],[14.289,-7.82],[14.23,-7.748],[14.16,-7.681],[14.146,-7.66],[14.125,-7.642],[14.093,-7.633],[13.89,-7.629],[13.817,-7.62],[13.836,-7.567],[13.847,-7.553],[13.868,-7.546],[13.873,-7.545],[13.894,-7.546],[13.907,-7.543],[13.913,-7.54],[13.919,-7.536],[13.935,-7.519],[13.941,-7.51],[13.953,-7.507],[13.957,-7.5],[13.957,-7.496],[13.955,-7.485],[13.944,-7.469],[13.909,-7.434],[13.893,-7.411],[13.865,-7.349],[13.865,-7.315],[13.875,-7.288],[13.923,-7.217],[13.924,-7.196],[13.911,-7.178],[13.892,-7.162],[13.87,-7.138],[13.853,-7.109],[13.826,-7.034],[13.797,-6.979],[13.816,-6.969],[13.843,-6.964],[13.851,-6.964],[13.857,-6.964],[13.867,-6.965],[13.921,-6.965],[13.934,-6.963],[13.942,-6.96],[13.953,-6.95],[13.958,-6.942],[13.962,-6.937],[13.968,-6.933],[13.984,-6.926],[13.988,-6.922],[13.995,-6.911],[13.998,-6.908],[14.012,-6.899],[14.045,-6.883],[14.087,-6.872],[14.143,-6.857],[14.232,-6.814],[14.241,-6.806],[14.251,-6.775],[14.255,-6.766],[14.259,-6.76],[14.268,-6.75],[14.271,-6.746],[14.273,-6.74],[14.279,-6.73],[14.291,-6.715],[14.331,-6.685],[14.341,-6.68],[14.346,-6.679],[14.351,-6.677],[14.357,-6.677],[14.368,-6.679],[14.374,-6.679],[14.386,-6.678],[14.392,-6.679],[14.409,-6.682],[14.416,-6.682],[14.424,-6.682],[14.488,-6.657],[14.494,-6.654],[14.498,-6.651],[14.519,-6.62],[14.534,-6.603],[14.612,-6.603],[14.672,-6.592],[14.711,-6.578],[14.774,-6.548],[14.788,-6.537],[14.794,-6.519],[14.805,-6.497],[14.845,-6.442],[14.847,-6.437],[14.891,-6.371],[14.895,-6.367],[14.919,-6.349],[14.925,-6.344],[14.961,-6.294],[14.968,-6.263],[14.948,-6.246],[14.9,-6.196],[14.888,-6.162],[14.864,-6.065],[14.85,-6.032],[14.777,-5.923],[14.76,-5.88],[14.797,-5.88],[14.888,-5.878],[14.98,-5.877],[15.071,-5.875],[15.162,-5.874],[15.253,-5.872],[15.345,-5.871],[15.436,-5.869],[15.527,-5.868],[15.618,-5.866],[15.71,-5.865],[15.801,-5.863],[15.892,-5.862],[15.983,-5.86],[16.075,-5.859],[16.101,-5.858],[16.166,-5.857],[16.257,-5.856],[16.316,-5.855]]]}},{"type":"Feature","id":"AO-ZAI","properties":{"id":"AO-ZAI","countryCode":"AO","isoSubdivision":"AO-ZAI","name":"Zaire","name_en":"Zaire","name_ko":"자이르","type":"Province","labelLongitude":13.61,"labelLatitude":-6.783,"minZoom":6.6},"geometry":{"type":"Polygon","coordinates":[[[13.944,-5.842],[13.982,-5.853],[14.006,-5.867],[14.021,-5.873],[14.14,-5.864],[14.163,-5.866],[14.222,-5.887],[14.242,-5.89],[14.346,-5.892],[14.437,-5.893],[14.482,-5.886],[14.546,-5.902],[14.577,-5.905],[14.704,-5.881],[14.76,-5.88],[14.777,-5.923],[14.85,-6.032],[14.864,-6.065],[14.888,-6.162],[14.9,-6.196],[14.948,-6.246],[14.968,-6.263],[14.961,-6.294],[14.925,-6.344],[14.919,-6.349],[14.895,-6.367],[14.891,-6.371],[14.847,-6.437],[14.845,-6.442],[14.805,-6.497],[14.794,-6.519],[14.788,-6.537],[14.774,-6.548],[14.711,-6.578],[14.672,-6.592],[14.612,-6.603],[14.534,-6.603],[14.519,-6.62],[14.498,-6.651],[14.494,-6.654],[14.488,-6.657],[14.424,-6.682],[14.416,-6.682],[14.409,-6.682],[14.392,-6.679],[14.386,-6.678],[14.374,-6.679],[14.368,-6.679],[14.357,-6.677],[14.351,-6.677],[14.346,-6.679],[14.341,-6.68],[14.331,-6.685],[14.291,-6.715],[14.279,-6.73],[14.273,-6.74],[14.271,-6.746],[14.268,-6.75],[14.259,-6.76],[14.255,-6.766],[14.251,-6.775],[14.241,-6.806],[14.232,-6.814],[14.143,-6.857],[14.087,-6.872],[14.045,-6.883],[14.012,-6.899],[13.998,-6.908],[13.995,-6.911],[13.988,-6.922],[13.984,-6.926],[13.968,-6.933],[13.962,-6.937],[13.958,-6.942],[13.953,-6.95],[13.942,-6.96],[13.934,-6.963],[13.921,-6.965],[13.867,-6.965],[13.857,-6.964],[13.851,-6.964],[13.843,-6.964],[13.816,-6.969],[13.797,-6.979],[13.826,-7.034],[13.853,-7.109],[13.87,-7.138],[13.892,-7.162],[13.911,-7.178],[13.924,-7.196],[13.923,-7.217],[13.875,-7.288],[13.865,-7.315],[13.865,-7.349],[13.893,-7.411],[13.909,-7.434],[13.944,-7.469],[13.955,-7.485],[13.957,-7.496],[13.957,-7.5],[13.953,-7.507],[13.941,-7.51],[13.935,-7.519],[13.919,-7.536],[13.913,-7.54],[13.907,-7.543],[13.894,-7.546],[13.873,-7.545],[13.868,-7.546],[13.847,-7.553],[13.836,-7.567],[13.817,-7.62],[13.809,-7.627],[13.801,-7.631],[13.777,-7.641],[13.772,-7.644],[13.768,-7.647],[13.76,-7.653],[13.746,-7.659],[13.741,-7.662],[13.737,-7.664],[13.734,-7.668],[13.727,-7.671],[13.717,-7.673],[13.683,-7.673],[13.669,-7.674],[13.649,-7.681],[13.64,-7.687],[13.633,-7.691],[13.626,-7.698],[13.619,-7.701],[13.504,-7.735],[13.492,-7.736],[13.468,-7.735],[13.457,-7.733],[13.449,-7.73],[13.445,-7.726],[13.432,-7.719],[13.428,-7.716],[13.41,-7.7],[13.4,-7.695],[13.393,-7.694],[13.382,-7.694],[13.344,-7.702],[13.32,-7.71],[13.309,-7.715],[13.297,-7.724],[13.293,-7.73],[13.291,-7.734],[13.289,-7.738],[13.288,-7.742],[13.284,-7.745],[13.278,-7.747],[13.268,-7.745],[13.262,-7.743],[13.257,-7.741],[13.252,-7.737],[13.248,-7.736],[13.243,-7.737],[13.217,-7.756],[13.211,-7.761],[13.203,-7.767],[13.194,-7.772],[13.175,-7.779],[13.15,-7.786],[13.101,-7.792],[13.096,-7.793],[13.094,-7.793],[12.986,-7.551],[12.939,-7.436],[12.911,-7.335],[12.884,-7.306],[12.869,-7.289],[12.85,-7.266],[12.855,-7.231],[12.85,-7.205],[12.833,-7.006],[12.823,-6.975],[12.821,-6.959],[12.82,-6.954],[12.817,-6.95],[12.815,-6.947],[12.818,-6.942],[12.825,-6.934],[12.827,-6.929],[12.83,-6.919],[12.833,-6.916],[12.834,-6.912],[12.829,-6.905],[12.8,-6.923],[12.78,-6.915],[12.707,-6.814],[12.62,-6.735],[12.551,-6.633],[12.458,-6.466],[12.422,-6.381],[12.396,-6.324],[12.369,-6.288],[12.345,-6.254],[12.319,-6.22],[12.279,-6.148],[12.275,-6.115],[12.29,-6.097],[12.313,-6.091],[12.334,-6.078],[12.327,-6.094],[12.325,-6.122],[12.347,-6.12],[12.382,-6.11],[12.433,-6.109],[12.497,-6.095],[12.528,-6.075],[12.55,-6.067],[12.581,-6.063],[12.633,-6.034],[12.646,-6.029],[12.67,-6.03],[12.691,-6.037],[12.716,-6.045],[12.743,-6.049],[12.771,-6.042],[12.817,-6.032],[12.861,-6.016],[12.882,-6.001],[12.928,-5.981],[12.946,-5.956],[12.966,-5.932],[12.973,-5.913],[12.986,-5.901],[13.011,-5.896],[13.03,-5.893],[13.046,-5.886],[13.064,-5.888],[13.101,-5.891],[13.112,-5.89],[13.129,-5.884],[13.17,-5.862],[13.184,-5.856],[13.185,-5.856],[13.269,-5.864],[13.311,-5.874],[13.343,-5.891],[13.354,-5.883],[13.374,-5.861],[13.38,-5.856],[13.413,-5.857],[13.493,-5.858],[13.523,-5.868],[13.535,-5.867],[13.553,-5.859],[13.563,-5.857],[13.642,-5.866],[13.807,-5.852],[13.944,-5.842]]]}}]}
