{"type":"FeatureCollection","features":[{"type":"Feature","id":"BF-BAL","properties":{"id":"BF-BAL","countryCode":"BF","isoSubdivision":"BF-BAL","name":"Balé","name_en":"Balé","name_ko":"발레 현","type":"Province","labelLongitude":-3.069,"labelLatitude":11.828,"minZoom":9},"geometry":{"type":"Polygon","coordinates":[[[-2.919,12.053],[-2.916,12.041],[-2.909,12.033],[-2.892,12.022],[-2.887,12.011],[-2.885,12.008],[-2.881,12.008],[-2.868,12.009],[-2.865,12.008],[-2.86,11.996],[-2.86,11.986],[-2.863,11.976],[-2.865,11.964],[-2.867,11.957],[-2.876,11.94],[-2.878,11.93],[-2.858,11.906],[-2.841,11.893],[-2.831,11.881],[-2.832,11.867],[-2.871,11.82],[-2.876,11.811],[-2.886,11.812],[-2.898,11.815],[-2.906,11.817],[-2.924,11.798],[-2.915,11.78],[-2.89,11.767],[-2.861,11.762],[-2.801,11.763],[-2.773,11.753],[-2.761,11.725],[-2.762,11.719],[-2.704,11.634],[-2.686,11.613],[-2.68,11.61],[-2.677,11.603],[-2.671,11.581],[-2.666,11.516],[-2.652,11.501],[-2.624,11.48],[-2.543,11.43],[-2.525,11.411],[-2.525,11.389],[-2.539,11.374],[-2.556,11.365],[-2.582,11.361],[-2.601,11.342],[-2.624,11.323],[-2.66,11.324],[-2.69,11.328],[-2.716,11.335],[-2.743,11.325],[-2.767,11.301],[-2.783,11.282],[-2.8,11.243],[-2.804,11.233],[-2.824,11.24],[-2.868,11.241],[-2.878,11.251],[-2.869,11.272],[-2.859,11.288],[-2.844,11.31],[-2.842,11.322],[-2.844,11.354],[-2.842,11.366],[-2.832,11.384],[-2.83,11.395],[-2.828,11.43],[-2.83,11.44],[-2.835,11.45],[-2.848,11.466],[-2.851,11.474],[-2.834,11.489],[-2.83,11.494],[-2.829,11.504],[-2.829,11.519],[-2.849,11.533],[-2.863,11.541],[-2.874,11.541],[-2.879,11.531],[-2.886,11.524],[-2.899,11.528],[-2.916,11.539],[-2.93,11.543],[-2.943,11.538],[-2.962,11.534],[-2.981,11.541],[-2.999,11.557],[-3.026,11.571],[-3.05,11.574],[-3.064,11.57],[-3.076,11.563],[-3.108,11.537],[-3.131,11.524],[-3.154,11.517],[-3.177,11.504],[-3.197,11.483],[-3.214,11.478],[-3.23,11.486],[-3.251,11.468],[-3.277,11.459],[-3.298,11.48],[-3.305,11.503],[-3.304,11.539],[-3.31,11.546],[-3.329,11.552],[-3.352,11.555],[-3.367,11.565],[-3.38,11.579],[-3.413,11.588],[-3.42,11.6],[-3.398,11.658],[-3.392,11.671],[-3.396,11.678],[-3.414,11.688],[-3.446,11.7],[-3.508,11.712],[-3.545,11.729],[-3.587,11.757],[-3.589,11.77],[-3.598,11.787],[-3.609,11.796],[-3.613,11.808],[-3.598,11.837],[-3.595,11.86],[-3.586,11.876],[-3.573,11.888],[-3.557,11.896],[-3.528,11.9],[-3.509,11.912],[-3.495,11.924],[-3.487,11.942],[-3.492,11.965],[-3.49,11.977],[-3.407,11.991],[-3.382,11.989],[-3.373,11.984],[-3.357,11.988],[-3.299,11.959],[-3.291,11.933],[-3.291,11.904],[-3.272,11.887],[-3.244,11.884],[-3.224,11.899],[-3.196,11.907],[-3.135,11.875],[-3.111,11.878],[-3.094,11.89],[-3.096,11.909],[-3.104,11.938],[-3.123,11.955],[-3.16,11.958],[-3.181,11.969],[-3.192,11.991],[-3.216,12.012],[-3.229,12.029],[-3.226,12.081],[-3.209,12.094],[-3.18,12.1],[-3.129,12.074],[-3.099,12.079],[-3.071,12.089],[-3.06,12.088],[-3.056,12.071],[-3.043,12.051],[-3.033,12.044],[-3.021,12.037],[-2.986,12.029],[-2.95,12.032],[-2.931,12.043],[-2.919,12.053]]]}},{"type":"Feature","id":"BF-BAM","properties":{"id":"BF-BAM","countryCode":"BF","isoSubdivision":"BF-BAM","name":"Bam","name_en":"Bam","name_ko":"밤 현","type":"Province","labelLongitude":-1.578,"labelLatitude":13.446,"minZoom":9},"geometry":{"type":"Polygon","coordinates":[[[-1.644,13.029],[-1.657,13.037],[-1.676,13.058],[-1.694,13.084],[-1.735,13.116],[-1.742,13.122],[-1.74,13.134],[-1.727,13.152],[-1.72,13.172],[-1.721,13.202],[-1.73,13.228],[-1.746,13.259],[-1.771,13.276],[-1.794,13.278],[-1.801,13.296],[-1.824,13.319],[-1.84,13.341],[-1.843,13.364],[-1.839,13.464],[-1.878,13.542],[-1.879,13.564],[-1.868,13.606],[-1.833,13.634],[-1.792,13.655],[-1.755,13.666],[-1.731,13.682],[-1.731,13.709],[-1.741,13.724],[-1.747,13.729],[-1.697,13.826],[-1.656,13.857],[-1.616,13.861],[-1.535,13.903],[-1.523,13.881],[-1.511,13.833],[-1.473,13.792],[-1.418,13.768],[-1.367,13.756],[-1.337,13.745],[-1.333,13.739],[-1.298,13.684],[-1.289,13.65],[-1.306,13.607],[-1.322,13.578],[-1.336,13.562],[-1.335,13.538],[-1.321,13.494],[-1.332,13.455],[-1.358,13.423],[-1.339,13.384],[-1.303,13.342],[-1.277,13.287],[-1.282,13.259],[-1.299,13.229],[-1.303,13.204],[-1.296,13.161],[-1.299,13.135],[-1.334,13.14],[-1.376,13.141],[-1.431,13.13],[-1.488,13.11],[-1.522,13.078],[-1.524,13.047],[-1.504,13.014],[-1.502,12.994],[-1.511,12.996],[-1.557,12.997],[-1.573,13.005],[-1.589,13.023],[-1.597,13.023],[-1.602,13.019],[-1.609,13.016],[-1.615,13.017],[-1.617,13.026],[-1.621,13.035],[-1.629,13.034],[-1.644,13.029]]]}},{"type":"Feature","id":"BF-BAN","properties":{"id":"BF-BAN","countryCode":"BF","isoSubdivision":"BF-BAN","name":"Banwa","name_en":"Banwa","name_ko":"반와 현","type":"Province","labelLongitude":-4.108,"labelLatitude":12.165,"minZoom":9},"geometry":{"type":"Polygon","coordinates":[[[-4.297,12.712],[-4.276,12.715],[-4.258,12.721],[-4.245,12.729],[-4.224,12.71],[-4.207,12.712],[-4.192,12.703],[-4.176,12.688],[-4.156,12.679],[-4.154,12.662],[-4.168,12.652],[-4.177,12.637],[-4.174,12.619],[-4.175,12.581],[-4.18,12.562],[-4.177,12.546],[-4.161,12.522],[-4.152,12.48],[-4.15,12.442],[-4.131,12.414],[-4.088,12.383],[-4.065,12.376],[-4.032,12.387],[-4.009,12.402],[-3.996,12.414],[-3.991,12.425],[-3.992,12.433],[-3.993,12.44],[-3.988,12.459],[-3.964,12.495],[-3.957,12.518],[-3.942,12.534],[-3.911,12.541],[-3.875,12.539],[-3.845,12.532],[-3.821,12.529],[-3.772,12.537],[-3.696,12.534],[-3.657,12.524],[-3.595,12.493],[-3.564,12.482],[-3.566,12.471],[-3.575,12.447],[-3.577,12.434],[-3.575,12.411],[-3.578,12.402],[-3.591,12.393],[-3.599,12.401],[-3.606,12.403],[-3.614,12.404],[-3.622,12.41],[-3.635,12.425],[-3.64,12.427],[-3.646,12.427],[-3.658,12.423],[-3.696,12.401],[-3.707,12.393],[-3.742,12.338],[-3.755,12.298],[-3.764,12.278],[-3.779,12.269],[-3.813,12.26],[-3.823,12.237],[-3.817,12.163],[-3.822,12.148],[-3.834,12.134],[-3.85,12.123],[-3.868,12.118],[-3.873,12.109],[-3.876,12.09],[-3.881,12.077],[-3.892,12.085],[-3.9,12.085],[-3.904,12.073],[-3.908,12.052],[-3.911,12.051],[-3.915,12.052],[-3.919,12.049],[-3.94,12.016],[-3.935,12.012],[-3.932,12.008],[-3.927,11.995],[-3.943,11.989],[-3.952,11.975],[-3.953,11.956],[-3.947,11.94],[-3.963,11.939],[-3.972,11.945],[-3.979,11.946],[-3.981,11.933],[-3.996,11.927],[-4.011,11.925],[-4.024,11.934],[-4.04,11.942],[-4.065,11.948],[-4.087,11.945],[-4.1,11.935],[-4.116,11.929],[-4.141,11.926],[-4.167,11.927],[-4.192,11.93],[-4.211,11.925],[-4.238,11.9],[-4.269,11.833],[-4.274,11.818],[-4.282,11.783],[-4.293,11.761],[-4.308,11.742],[-4.329,11.73],[-4.349,11.728],[-4.384,11.742],[-4.403,11.736],[-4.415,11.729],[-4.432,11.722],[-4.449,11.717],[-4.468,11.719],[-4.487,11.737],[-4.491,11.762],[-4.486,11.778],[-4.459,11.842],[-4.452,11.871],[-4.448,11.903],[-4.448,11.925],[-4.445,11.945],[-4.437,11.966],[-4.432,11.984],[-4.439,11.996],[-4.458,11.998],[-4.471,12.003],[-4.471,12.022],[-4.466,12.046],[-4.466,12.064],[-4.475,12.074],[-4.489,12.081],[-4.504,12.082],[-4.534,12.06],[-4.552,12.058],[-4.573,12.06],[-4.597,12.055],[-4.621,12.052],[-4.639,12.061],[-4.645,12.067],[-4.653,12.072],[-4.649,12.082],[-4.647,12.098],[-4.636,12.118],[-4.6,12.138],[-4.57,12.139],[-4.56,12.149],[-4.586,12.197],[-4.497,12.269],[-4.494,12.273],[-4.492,12.279],[-4.494,12.29],[-4.49,12.306],[-4.491,12.314],[-4.488,12.321],[-4.477,12.327],[-4.462,12.328],[-4.453,12.32],[-4.445,12.309],[-4.436,12.302],[-4.406,12.307],[-4.415,12.35],[-4.452,12.435],[-4.444,12.459],[-4.427,12.48],[-4.408,12.498],[-4.393,12.516],[-4.387,12.53],[-4.387,12.534],[-4.393,12.537],[-4.401,12.55],[-4.422,12.597],[-4.439,12.613],[-4.483,12.646],[-4.491,12.663],[-4.485,12.715],[-4.482,12.717],[-4.475,12.716],[-4.464,12.717],[-4.435,12.728],[-4.402,12.737],[-4.369,12.739],[-4.339,12.733],[-4.311,12.716],[-4.297,12.712]]]}},{"type":"Feature","id":"BF-BAZ","properties":{"id":"BF-BAZ","countryCode":"BF","isoSubdivision":"BF-BAZ","name":"Bazèga","name_en":"Bazèga","name_ko":"바제가 현","type":"Province","labelLongitude":-1.465,"labelLatitude":11.933,"minZoom":9},"geometry":{"type":"Polygon","coordinates":[[[-1.062,12.184],[-1.058,12.172],[-1.048,12.162],[-1.039,12.155],[-1.034,12.15],[-1.028,12.105],[-1.025,12.093],[-1.022,12.088],[-1.014,12.077],[-0.996,12.06],[-0.988,12.04],[-0.96,12.008],[-0.946,11.995],[-0.934,11.986],[-0.926,11.982],[-0.92,11.977],[-0.899,11.95],[-0.893,11.939],[-0.891,11.923],[-0.893,11.895],[-0.888,11.886],[-0.938,11.878],[-1.003,11.899],[-1.044,11.92],[-1.073,11.926],[-1.125,11.91],[-1.191,11.866],[-1.226,11.832],[-1.238,11.808],[-1.319,11.679],[-1.348,11.584],[-1.352,11.59],[-1.428,11.626],[-1.455,11.657],[-1.467,11.677],[-1.483,11.69],[-1.551,11.723],[-1.568,11.739],[-1.586,11.753],[-1.61,11.765],[-1.635,11.773],[-1.659,11.793],[-1.683,11.818],[-1.704,11.835],[-1.789,11.926],[-1.813,11.939],[-1.839,11.933],[-1.867,11.914],[-1.904,11.913],[-1.94,11.914],[-1.957,11.904],[-1.969,11.905],[-2.004,11.954],[-2.042,11.982],[-2.028,11.999],[-2.013,12.015],[-1.977,12.043],[-1.964,12.076],[-1.958,12.102],[-1.937,12.111],[-1.922,12.127],[-1.894,12.143],[-1.87,12.145],[-1.821,12.093],[-1.804,12.081],[-1.774,12.078],[-1.766,12.078],[-1.745,12.07],[-1.728,12.057],[-1.715,12.057],[-1.68,12.091],[-1.659,12.097],[-1.639,12.105],[-1.613,12.123],[-1.589,12.131],[-1.57,12.142],[-1.555,12.166],[-1.54,12.183],[-1.516,12.192],[-1.497,12.195],[-1.483,12.192],[-1.472,12.192],[-1.459,12.194],[-1.442,12.181],[-1.423,12.124],[-1.412,12.109],[-1.394,12.109],[-1.373,12.122],[-1.352,12.132],[-1.326,12.14],[-1.306,12.141],[-1.281,12.124],[-1.264,12.129],[-1.236,12.143],[-1.193,12.15],[-1.152,12.15],[-1.132,12.153],[-1.106,12.164],[-1.076,12.17],[-1.062,12.184]]]}},{"type":"Feature","id":"BF-BGR","properties":{"id":"BF-BGR","countryCode":"BF","isoSubdivision":"BF-BGR","name":"Bougouriba","name_en":"Bougouriba","name_ko":"부구리바 현","type":"Province","labelLongitude":-3.423,"labelLatitude":10.898,"minZoom":9},"geometry":{"type":"Polygon","coordinates":[[[-3.324,11.162],[-3.303,11.171],[-3.281,11.179],[-3.251,11.187],[-3.196,11.196],[-3.157,11.191],[-3.119,11.179],[-3.116,11.155],[-3.123,11.122],[-3.132,11.102],[-3.13,11.081],[-3.122,11.06],[-3.129,11.035],[-3.142,11.009],[-3.145,10.99],[-3.149,10.974],[-3.155,10.962],[-3.169,10.925],[-3.159,10.876],[-3.191,10.864],[-3.2,10.844],[-3.187,10.836],[-3.181,10.824],[-3.189,10.804],[-3.191,10.784],[-3.179,10.777],[-3.169,10.79],[-3.14,10.793],[-3.101,10.791],[-3.088,10.788],[-3.079,10.778],[-3.076,10.764],[-3.068,10.754],[-3.055,10.747],[-3.053,10.741],[-3.057,10.735],[-3.07,10.729],[-3.088,10.723],[-3.129,10.698],[-3.199,10.638],[-3.232,10.626],[-3.251,10.622],[-3.271,10.615],[-3.298,10.599],[-3.318,10.593],[-3.355,10.625],[-3.374,10.637],[-3.396,10.647],[-3.426,10.649],[-3.475,10.632],[-3.496,10.63],[-3.508,10.633],[-3.527,10.645],[-3.558,10.658],[-3.598,10.663],[-3.64,10.658],[-3.694,10.644],[-3.713,10.665],[-3.724,10.674],[-3.762,10.678],[-3.778,10.684],[-3.79,10.695],[-3.794,10.707],[-3.793,10.718],[-3.789,10.728],[-3.78,10.735],[-3.76,10.74],[-3.703,10.738],[-3.689,10.747],[-3.693,10.767],[-3.701,10.788],[-3.717,10.804],[-3.726,10.819],[-3.726,10.827],[-3.722,10.848],[-3.715,10.856],[-3.704,10.856],[-3.692,10.854],[-3.675,10.867],[-3.66,10.868],[-3.654,10.877],[-3.658,10.89],[-3.655,10.905],[-3.644,10.929],[-3.634,10.937],[-3.629,10.938],[-3.623,10.939],[-3.615,10.944],[-3.586,10.972],[-3.579,11],[-3.583,11.009],[-3.592,11.018],[-3.597,11.029],[-3.593,11.036],[-3.582,11.041],[-3.573,11.047],[-3.567,11.056],[-3.561,11.067],[-3.555,11.076],[-3.536,11.078],[-3.525,11.089],[-3.503,11.125],[-3.492,11.131],[-3.475,11.132],[-3.456,11.143],[-3.446,11.162],[-3.418,11.143],[-3.384,11.149],[-3.362,11.163],[-3.342,11.164],[-3.324,11.162]]]}},{"type":"Feature","id":"BF-BLG","properties":{"id":"BF-BLG","countryCode":"BF","isoSubdivision":"BF-BLG","name":"Boulgou","name_en":"Boulgou","name_ko":"불구 현","type":"Province","labelLongitude":-0.437,"labelLatitude":11.477,"minZoom":9},"geometry":{"type":"Polygon","coordinates":[[[-0.115,11.125],[-0.166,11.135],[-0.302,11.163],[-0.304,11.147],[-0.301,11.137],[-0.298,11.128],[-0.306,11.114],[-0.319,11.101],[-0.369,11.065],[-0.387,11.086],[-0.406,11.101],[-0.425,11.101],[-0.444,11.077],[-0.449,11.063],[-0.451,11.04],[-0.457,11.03],[-0.469,11.02],[-0.495,11.008],[-0.504,10.996],[-0.507,10.994],[-0.51,10.991],[-0.513,10.99],[-0.516,10.989],[-0.555,10.99],[-0.576,10.988],[-0.591,10.982],[-0.6,10.966],[-0.607,10.941],[-0.617,10.919],[-0.635,10.908],[-0.683,10.954],[-0.68,10.961],[-0.672,10.969],[-0.668,10.977],[-0.674,10.984],[-0.683,10.984],[-0.69,10.982],[-0.695,10.983],[-0.696,10.994],[-0.703,10.994],[-0.706,11.027],[-0.696,11.044],[-0.691,11.06],[-0.697,11.079],[-0.715,11.094],[-0.732,11.111],[-0.744,11.136],[-0.766,11.172],[-0.777,11.196],[-0.77,11.203],[-0.755,11.221],[-0.747,11.252],[-0.735,11.273],[-0.708,11.287],[-0.673,11.316],[-0.635,11.339],[-0.606,11.366],[-0.577,11.378],[-0.547,11.367],[-0.546,11.385],[-0.549,11.412],[-0.533,11.448],[-0.551,11.478],[-0.562,11.488],[-0.597,11.504],[-0.607,11.512],[-0.626,11.521],[-0.702,11.539],[-0.72,11.537],[-0.722,11.538],[-0.745,11.521],[-0.79,11.546],[-0.837,11.564],[-0.868,11.586],[-0.924,11.669],[-0.91,11.708],[-0.882,11.744],[-0.857,11.758],[-0.799,11.838],[-0.748,11.842],[-0.695,11.857],[-0.656,11.896],[-0.638,11.924],[-0.618,11.951],[-0.597,11.973],[-0.568,11.984],[-0.512,11.99],[-0.473,11.987],[-0.464,11.987],[-0.463,11.977],[-0.463,11.952],[-0.47,11.927],[-0.46,11.896],[-0.429,11.856],[-0.381,11.821],[-0.279,11.796],[-0.253,11.793],[-0.219,11.847],[-0.129,11.919],[-0.116,11.924],[-0.11,11.923],[-0.096,11.919],[-0.075,11.91],[-0.065,11.876],[-0.032,11.854],[0.015,11.844],[0.039,11.805],[0.048,11.765],[0.05,11.75],[0.051,11.74],[0.048,11.725],[0.035,11.719],[0.019,11.719],[-0.022,11.724],[-0.038,11.716],[-0.071,11.688],[-0.09,11.649],[-0.109,11.632],[-0.123,11.616],[-0.146,11.566],[-0.138,11.545],[-0.121,11.523],[-0.126,11.507],[-0.132,11.494],[-0.133,11.478],[-0.137,11.444],[-0.149,11.43],[-0.158,11.416],[-0.152,11.4],[-0.155,11.385],[-0.168,11.37],[-0.166,11.349],[-0.154,11.339],[-0.137,11.338],[-0.118,11.333],[-0.101,11.335],[-0.084,11.343],[-0.065,11.347],[-0.036,11.349],[-0.009,11.339],[0.006,11.323],[0.005,11.308],[-0.006,11.294],[-0.016,11.283],[-0.031,11.272],[-0.041,11.258],[-0.046,11.243],[-0.053,11.227],[-0.064,11.216],[-0.081,11.211],[-0.09,11.201],[-0.09,11.187],[-0.103,11.16],[-0.113,11.132],[-0.115,11.125]]]}},{"type":"Feature","id":"BF-BLK","properties":{"id":"BF-BLK","countryCode":"BF","isoSubdivision":"BF-BLK","name":"Boulkiemdé","name_en":"Boulkiemdé","name_ko":"불키엠데 현","type":"Province","labelLongitude":-2.136,"labelLatitude":12.314,"minZoom":9},"geometry":{"type":"Polygon","coordinates":[[[-2.281,12.591],[-2.294,12.611],[-2.306,12.635],[-2.31,12.648],[-2.298,12.656],[-2.29,12.659],[-2.272,12.672],[-2.241,12.682],[-2.178,12.698],[-2.148,12.699],[-2.087,12.692],[-2.07,12.699],[-2.058,12.708],[-2.009,12.708],[-1.987,12.697],[-1.972,12.672],[-1.953,12.669],[-1.941,12.677],[-1.936,12.673],[-1.927,12.662],[-1.927,12.642],[-1.923,12.621],[-1.898,12.612],[-1.864,12.603],[-1.829,12.587],[-1.806,12.559],[-1.797,12.524],[-1.79,12.473],[-1.802,12.457],[-1.842,12.441],[-1.872,12.435],[-1.895,12.449],[-1.922,12.461],[-1.949,12.463],[-1.986,12.461],[-2.006,12.445],[-2.019,12.423],[-2.033,12.393],[-2.043,12.355],[-2.066,12.321],[-2.078,12.298],[-2.059,12.279],[-2.026,12.268],[-1.993,12.284],[-1.953,12.313],[-1.917,12.333],[-1.879,12.341],[-1.84,12.344],[-1.821,12.343],[-1.812,12.334],[-1.815,12.314],[-1.815,12.295],[-1.797,12.277],[-1.793,12.259],[-1.793,12.239],[-1.798,12.223],[-1.809,12.209],[-1.832,12.192],[-1.859,12.164],[-1.87,12.145],[-1.894,12.143],[-1.922,12.127],[-1.937,12.111],[-1.958,12.102],[-1.964,12.076],[-1.977,12.043],[-2.013,12.015],[-2.028,11.999],[-2.042,11.982],[-2.044,11.977],[-2.065,11.962],[-2.098,11.945],[-2.185,11.914],[-2.224,11.908],[-2.24,11.91],[-2.253,11.902],[-2.256,11.913],[-2.246,11.939],[-2.24,11.965],[-2.271,11.966],[-2.314,11.946],[-2.346,11.939],[-2.369,11.951],[-2.413,11.99],[-2.444,11.994],[-2.471,12.004],[-2.481,12.039],[-2.482,12.06],[-2.473,12.065],[-2.453,12.082],[-2.432,12.108],[-2.45,12.133],[-2.476,12.156],[-2.461,12.174],[-2.421,12.196],[-2.396,12.225],[-2.396,12.287],[-2.41,12.398],[-2.419,12.409],[-2.424,12.426],[-2.415,12.445],[-2.383,12.448],[-2.349,12.465],[-2.326,12.491],[-2.259,12.533],[-2.236,12.57],[-2.222,12.612],[-2.234,12.631],[-2.257,12.615],[-2.27,12.595],[-2.281,12.591]]]}},{"type":"Feature","id":"BF-COM","properties":{"id":"BF-COM","countryCode":"BF","isoSubdivision":"BF-COM","name":"Comoé","name_en":"Comoé","name_ko":"코모에 현","type":"Province","labelLongitude":-4.418,"labelLatitude":10.216,"minZoom":9},"geometry":{"type":"Polygon","coordinates":[[[-5.105,10.207],[-5.117,10.208],[-5.118,10.212],[-5.114,10.218],[-5.112,10.224],[-5.112,10.279],[-5.119,10.294],[-5.12,10.294],[-5.094,10.314],[-5.094,10.333],[-5.089,10.35],[-5.08,10.365],[-5.077,10.378],[-5.084,10.413],[-5.083,10.43],[-5.09,10.449],[-5.106,10.468],[-5.11,10.509],[-5.131,10.52],[-5.146,10.536],[-5.136,10.558],[-5.124,10.579],[-5.114,10.573],[-5.092,10.571],[-5.062,10.581],[-5.033,10.587],[-5.014,10.593],[-4.998,10.587],[-4.985,10.586],[-4.974,10.603],[-4.958,10.633],[-4.952,10.652],[-4.947,10.671],[-4.949,10.707],[-4.958,10.739],[-4.951,10.761],[-4.949,10.783],[-4.966,10.796],[-4.981,10.793],[-4.997,10.8],[-5.023,10.805],[-5.051,10.817],[-5.062,10.832],[-5.009,10.852],[-4.965,10.888],[-4.945,10.89],[-4.901,10.883],[-4.815,10.883],[-4.801,10.878],[-4.794,10.871],[-4.788,10.857],[-4.76,10.822],[-4.749,10.805],[-4.732,10.798],[-4.704,10.788],[-4.682,10.776],[-4.662,10.778],[-4.61,10.816],[-4.602,10.826],[-4.584,10.843],[-4.556,10.861],[-4.53,10.87],[-4.506,10.87],[-4.485,10.868],[-4.46,10.859],[-4.439,10.836],[-4.414,10.772],[-4.402,10.754],[-4.387,10.748],[-4.361,10.746],[-4.302,10.728],[-4.293,10.721],[-4.287,10.709],[-4.278,10.7],[-4.262,10.701],[-4.208,10.73],[-4.198,10.737],[-4.173,10.749],[-4.131,10.763],[-4.102,10.776],[-4.09,10.778],[-4.081,10.773],[-4.058,10.747],[-4.045,10.735],[-4.031,10.726],[-4.009,10.719],[-3.951,10.709],[-3.93,10.687],[-3.912,10.689],[-3.897,10.697],[-3.864,10.708],[-3.85,10.717],[-3.846,10.734],[-3.844,10.753],[-3.809,10.787],[-3.797,10.806],[-3.785,10.82],[-3.768,10.827],[-3.726,10.827],[-3.726,10.819],[-3.717,10.804],[-3.701,10.788],[-3.693,10.767],[-3.689,10.747],[-3.703,10.738],[-3.76,10.74],[-3.78,10.735],[-3.789,10.728],[-3.793,10.718],[-3.794,10.707],[-3.79,10.695],[-3.778,10.684],[-3.762,10.678],[-3.724,10.674],[-3.713,10.665],[-3.694,10.644],[-3.693,10.637],[-3.695,10.62],[-3.698,10.61],[-3.7,10.599],[-3.701,10.512],[-3.697,10.484],[-3.698,10.468],[-3.702,10.463],[-3.711,10.457],[-3.721,10.446],[-3.728,10.424],[-3.739,10.401],[-3.768,10.365],[-3.772,10.357],[-3.777,10.351],[-3.777,10.334],[-3.769,10.319],[-3.765,10.306],[-3.758,10.272],[-3.751,10.254],[-3.749,10.237],[-3.756,10.22],[-3.788,10.176],[-3.806,10.137],[-3.817,10.124],[-3.85,10.106],[-3.893,10.093],[-3.916,10.094],[-3.946,10.101],[-3.968,10.1],[-3.976,10.084],[-3.987,10.052],[-3.99,10.038],[-3.981,10.012],[-3.924,9.966],[-3.894,9.935],[-3.891,9.916],[-3.891,9.9],[-3.892,9.894],[-3.91,9.888],[-3.948,9.864],[-3.969,9.859],[-3.984,9.851],[-3.988,9.835],[-3.995,9.821],[-4.027,9.82],[-4.035,9.818],[-4.05,9.81],[-4.051,9.808],[-4.052,9.802],[-4.054,9.798],[-4.06,9.796],[-4.066,9.798],[-4.076,9.804],[-4.133,9.82],[-4.15,9.818],[-4.168,9.805],[-4.197,9.765],[-4.215,9.755],[-4.253,9.75],[-4.27,9.744],[-4.284,9.732],[-4.279,9.731],[-4.268,9.727],[-4.298,9.696],[-4.303,9.687],[-4.303,9.678],[-4.3,9.654],[-4.303,9.642],[-4.316,9.617],[-4.322,9.609],[-4.323,9.609],[-4.35,9.62],[-4.365,9.624],[-4.368,9.608],[-4.368,9.592],[-4.371,9.583],[-4.385,9.589],[-4.392,9.6],[-4.4,9.633],[-4.409,9.648],[-4.433,9.653],[-4.469,9.652],[-4.502,9.655],[-4.516,9.676],[-4.514,9.694],[-4.504,9.72],[-4.502,9.737],[-4.504,9.742],[-4.51,9.745],[-4.518,9.747],[-4.536,9.747],[-4.539,9.745],[-4.54,9.741],[-4.543,9.734],[-4.548,9.72],[-4.548,9.707],[-4.552,9.696],[-4.567,9.692],[-4.578,9.697],[-4.593,9.718],[-4.604,9.727],[-4.617,9.714],[-4.629,9.708],[-4.641,9.706],[-4.656,9.706],[-4.655,9.704],[-4.658,9.698],[-4.665,9.691],[-4.673,9.686],[-4.681,9.682],[-4.682,9.683],[-4.682,9.687],[-4.687,9.692],[-4.7,9.698],[-4.705,9.702],[-4.708,9.71],[-4.709,9.72],[-4.713,9.727],[-4.724,9.737],[-4.73,9.744],[-4.733,9.75],[-4.738,9.753],[-4.749,9.754],[-4.759,9.753],[-4.762,9.75],[-4.76,9.745],[-4.755,9.74],[-4.77,9.737],[-4.783,9.758],[-4.796,9.754],[-4.799,9.763],[-4.801,9.766],[-4.81,9.774],[-4.81,9.782],[-4.8,9.781],[-4.792,9.782],[-4.776,9.788],[-4.785,9.805],[-4.79,9.828],[-4.798,9.843],[-4.818,9.836],[-4.824,9.857],[-4.838,9.869],[-4.858,9.876],[-4.882,9.877],[-4.89,9.88],[-4.893,9.884],[-4.898,9.889],[-4.909,9.891],[-4.917,9.886],[-4.922,9.877],[-4.928,9.871],[-4.937,9.874],[-4.966,9.901],[-4.967,9.912],[-4.953,9.953],[-4.955,9.96],[-4.966,9.983],[-4.977,9.998],[-4.981,10.008],[-4.96,10.008],[-4.956,10.022],[-4.963,10.04],[-4.975,10.056],[-4.987,10.063],[-5,10.069],[-5.011,10.079],[-5.016,10.097],[-5.026,10.089],[-5.037,10.084],[-5.048,10.085],[-5.056,10.097],[-5.043,10.103],[-5.049,10.105],[-5.055,10.108],[-5.062,10.11],[-5.07,10.11],[-5.061,10.118],[-5.038,10.126],[-5.039,10.134],[-5.065,10.151],[-5.071,10.161],[-5.064,10.179],[-5.091,10.178],[-5.09,10.189],[-5.082,10.207],[-5.084,10.227],[-5.087,10.221],[-5.092,10.214],[-5.098,10.209],[-5.105,10.207]]]}},{"type":"Feature","id":"BF-GAN","properties":{"id":"BF-GAN","countryCode":"BF","isoSubdivision":"BF-GAN","name":"Ganzourgou","name_en":"Ganzourgou","name_ko":"간주르구 현","type":"Province","labelLongitude":-0.769,"labelLatitude":12.205,"minZoom":9},"geometry":{"type":"Polygon","coordinates":[[[-0.614,12.506],[-0.613,12.5],[-0.604,12.469],[-0.562,12.444],[-0.528,12.417],[-0.513,12.387],[-0.507,12.363],[-0.517,12.324],[-0.49,12.257],[-0.485,12.228],[-0.477,12.206],[-0.423,12.154],[-0.43,12.14],[-0.421,12.045],[-0.436,12.007],[-0.455,11.988],[-0.464,11.987],[-0.473,11.987],[-0.512,11.99],[-0.568,11.984],[-0.597,11.973],[-0.618,11.951],[-0.638,11.924],[-0.656,11.896],[-0.695,11.857],[-0.748,11.842],[-0.799,11.838],[-0.809,11.84],[-0.819,11.847],[-0.826,11.857],[-0.833,11.882],[-0.843,11.883],[-0.856,11.879],[-0.871,11.879],[-0.888,11.886],[-0.893,11.895],[-0.891,11.923],[-0.893,11.939],[-0.899,11.95],[-0.92,11.977],[-0.926,11.982],[-0.934,11.986],[-0.946,11.995],[-0.96,12.008],[-0.988,12.04],[-0.996,12.06],[-1.014,12.077],[-1.022,12.088],[-1.025,12.093],[-1.028,12.105],[-1.034,12.15],[-1.039,12.155],[-1.048,12.162],[-1.058,12.172],[-1.062,12.184],[-1.062,12.205],[-1.064,12.212],[-1.069,12.221],[-1.075,12.226],[-1.083,12.227],[-1.09,12.231],[-1.097,12.242],[-1.098,12.26],[-1.097,12.263],[-1.096,12.285],[-1.097,12.308],[-1.107,12.317],[-1.115,12.321],[-1.116,12.33],[-1.111,12.351],[-1.111,12.356],[-1.112,12.367],[-1.111,12.372],[-1.106,12.376],[-1.099,12.377],[-1.093,12.377],[-1.09,12.379],[-1.07,12.415],[-1.06,12.448],[-1.067,12.476],[-1.08,12.484],[-1.056,12.487],[-1.036,12.492],[-1.012,12.523],[-0.979,12.524],[-0.941,12.486],[-0.91,12.466],[-0.878,12.47],[-0.849,12.483],[-0.84,12.505],[-0.84,12.524],[-0.816,12.537],[-0.777,12.563],[-0.744,12.593],[-0.745,12.616],[-0.75,12.651],[-0.735,12.675],[-0.697,12.679],[-0.673,12.676],[-0.661,12.675],[-0.635,12.645],[-0.616,12.595],[-0.616,12.523],[-0.614,12.506]]]}},{"type":"Feature","id":"BF-GNA","properties":{"id":"BF-GNA","countryCode":"BF","isoSubdivision":"BF-GNA","name":"Gnagna","name_en":"Gnagna","name_ko":"냐냐현","type":"Province","labelLongitude":0.115,"labelLatitude":12.906,"minZoom":9},"geometry":{"type":"Polygon","coordinates":[[[-0.085,12.231],[-0.152,12.251],[-0.184,12.273],[-0.177,12.314],[-0.147,12.354],[-0.145,12.388],[-0.183,12.414],[-0.224,12.437],[-0.235,12.477],[-0.207,12.56],[-0.197,12.604],[-0.197,12.642],[-0.21,12.679],[-0.217,12.695],[-0.222,12.709],[-0.199,12.788],[-0.238,12.816],[-0.282,12.84],[-0.305,12.855],[-0.322,12.881],[-0.336,12.914],[-0.342,12.932],[-0.359,12.965],[-0.366,12.991],[-0.36,13.078],[-0.339,13.126],[-0.31,13.163],[-0.302,13.191],[-0.314,13.228],[-0.304,13.267],[-0.28,13.317],[-0.276,13.357],[-0.29,13.382],[-0.294,13.416],[-0.266,13.451],[-0.23,13.472],[-0.222,13.488],[-0.226,13.497],[-0.209,13.512],[-0.189,13.548],[-0.172,13.571],[-0.138,13.57],[-0.094,13.557],[-0.058,13.542],[-0.015,13.548],[0.014,13.562],[0.062,13.578],[0.066,13.56],[0.069,13.527],[0.07,13.5],[0.089,13.486],[0.122,13.448],[0.15,13.386],[0.184,13.34],[0.246,13.282],[0.257,13.247],[0.302,13.208],[0.433,13.168],[0.454,13.14],[0.484,13.114],[0.511,13.086],[0.546,13.041],[0.585,13.002],[0.596,12.972],[0.588,12.956],[0.574,12.954],[0.569,12.953],[0.56,12.949],[0.555,12.941],[0.555,12.93],[0.559,12.914],[0.549,12.901],[0.53,12.896],[0.513,12.887],[0.495,12.874],[0.474,12.863],[0.45,12.868],[0.423,12.87],[0.393,12.878],[0.361,12.891],[0.337,12.895],[0.315,12.909],[0.288,12.912],[0.279,12.901],[0.282,12.879],[0.276,12.849],[0.255,12.824],[0.247,12.81],[0.273,12.784],[0.301,12.734],[0.321,12.57],[0.349,12.467],[0.349,12.444],[0.295,12.4],[0.253,12.373],[0.146,12.371],[0.069,12.333],[0.037,12.336],[0.009,12.328],[-0.018,12.294],[-0.075,12.241],[-0.085,12.231]]]}},{"type":"Feature","id":"BF-GOU","properties":{"id":"BF-GOU","countryCode":"BF","isoSubdivision":"BF-GOU","name":"Gourma","name_en":"Gourma","name_ko":"구르마 현","type":"Province","labelLongitude":0.61,"labelLatitude":12.068,"minZoom":9},"geometry":{"type":"Polygon","coordinates":[[[-0.11,11.923],[-0.106,11.94],[-0.11,11.97],[-0.105,12.006],[-0.083,12.049],[-0.052,12.068],[-0.02,12.078],[0.009,12.092],[0.031,12.098],[0.028,12.125],[-0.015,12.165],[-0.038,12.191],[-0.07,12.214],[-0.085,12.231],[-0.075,12.241],[-0.018,12.294],[0.009,12.328],[0.037,12.336],[0.069,12.333],[0.146,12.371],[0.253,12.373],[0.295,12.4],[0.349,12.444],[0.359,12.447],[0.379,12.456],[0.456,12.506],[0.479,12.513],[0.595,12.44],[0.608,12.423],[0.654,12.329],[0.677,12.316],[0.693,12.328],[0.699,12.337],[0.711,12.34],[0.725,12.339],[0.735,12.348],[0.743,12.365],[0.753,12.374],[0.761,12.381],[0.76,12.394],[0.763,12.407],[0.775,12.414],[0.782,12.421],[0.782,12.431],[0.801,12.436],[0.808,12.449],[0.826,12.468],[0.828,12.492],[0.833,12.505],[0.839,12.504],[0.847,12.502],[0.854,12.506],[0.853,12.524],[0.856,12.544],[0.871,12.58],[0.881,12.591],[0.896,12.597],[0.918,12.601],[0.94,12.603],[0.959,12.609],[0.975,12.627],[0.987,12.65],[0.999,12.665],[1.012,12.67],[1.027,12.673],[1.045,12.672],[1.061,12.664],[1.075,12.66],[1.081,12.66],[1.089,12.658],[1.104,12.656],[1.119,12.665],[1.13,12.682],[1.134,12.7],[1.142,12.713],[1.151,12.723],[1.153,12.737],[1.156,12.75],[1.169,12.755],[1.201,12.76],[1.242,12.77],[1.262,12.771],[1.269,12.774],[1.264,12.756],[1.269,12.731],[1.28,12.701],[1.273,12.669],[1.264,12.646],[1.243,12.555],[1.22,12.516],[1.2,12.471],[1.2,12.418],[1.219,12.317],[1.212,12.273],[1.201,12.23],[1.224,12.178],[1.267,12.155],[1.303,12.149],[1.331,12.139],[1.33,12.108],[1.304,11.945],[1.304,11.893],[1.294,11.844],[1.279,11.808],[1.268,11.765],[1.246,11.727],[1.23,11.716],[1.22,11.728],[1.204,11.739],[1.194,11.738],[1.186,11.744],[1.176,11.745],[1.164,11.74],[1.16,11.748],[1.16,11.763],[1.152,11.77],[1.139,11.777],[1.124,11.792],[1.113,11.807],[1.11,11.824],[1.103,11.834],[1.089,11.832],[1.056,11.834],[1.044,11.839],[1.032,11.853],[1.025,11.869],[1.014,11.879],[0.994,11.882],[0.981,11.893],[0.969,11.9],[0.941,11.902],[0.908,11.907],[0.887,11.916],[0.864,11.918],[0.804,11.872],[0.76,11.845],[0.747,11.835],[0.723,11.81],[0.715,11.782],[0.72,11.756],[0.697,11.737],[0.605,11.715],[0.57,11.7],[0.54,11.675],[0.529,11.66],[0.448,11.661],[0.426,11.665],[0.316,11.739],[0.286,11.749],[0.224,11.747],[0.192,11.761],[0.173,11.777],[0.156,11.775],[0.102,11.785],[0.086,11.781],[0.082,11.754],[0.073,11.747],[0.058,11.748],[0.05,11.75],[0.048,11.765],[0.039,11.805],[0.015,11.844],[-0.032,11.854],[-0.065,11.876],[-0.075,11.91],[-0.096,11.919],[-0.11,11.923]]]}},{"type":"Feature","id":"BF-HOU","properties":{"id":"BF-HOU","countryCode":"BF","isoSubdivision":"BF-HOU","name":"Houet","name_en":"Houet","name_ko":"우에 현","type":"Province","labelLongitude":-4.19,"labelLatitude":11.336,"minZoom":9},"geometry":{"type":"Polygon","coordinates":[[[-4.684,12.059],[-4.674,12.06],[-4.654,12.069],[-4.653,12.072],[-4.645,12.067],[-4.639,12.061],[-4.621,12.052],[-4.597,12.055],[-4.573,12.06],[-4.552,12.058],[-4.534,12.06],[-4.504,12.082],[-4.489,12.081],[-4.475,12.074],[-4.466,12.064],[-4.466,12.046],[-4.471,12.022],[-4.471,12.003],[-4.458,11.998],[-4.439,11.996],[-4.432,11.984],[-4.437,11.966],[-4.445,11.945],[-4.448,11.925],[-4.448,11.903],[-4.452,11.871],[-4.459,11.842],[-4.486,11.778],[-4.491,11.762],[-4.487,11.737],[-4.468,11.719],[-4.449,11.717],[-4.432,11.722],[-4.415,11.729],[-4.403,11.736],[-4.384,11.742],[-4.349,11.728],[-4.329,11.73],[-4.308,11.742],[-4.293,11.761],[-4.282,11.783],[-4.274,11.818],[-4.269,11.833],[-4.238,11.9],[-4.211,11.925],[-4.192,11.93],[-4.167,11.927],[-4.141,11.926],[-4.116,11.929],[-4.1,11.935],[-4.087,11.945],[-4.065,11.948],[-4.04,11.942],[-4.024,11.934],[-4.011,11.925],[-3.996,11.927],[-3.981,11.933],[-3.976,11.928],[-3.967,11.923],[-3.96,11.919],[-3.953,11.89],[-3.954,11.877],[-3.958,11.859],[-3.954,11.85],[-3.949,11.851],[-3.955,11.834],[-3.963,11.804],[-3.958,11.736],[-3.991,11.638],[-3.987,11.604],[-3.98,11.573],[-3.97,11.54],[-3.953,11.513],[-3.935,11.493],[-3.915,11.478],[-3.906,11.466],[-3.895,11.418],[-3.89,11.381],[-3.871,11.362],[-3.849,11.359],[-3.85,11.331],[-3.882,11.199],[-3.876,11.164],[-3.859,11.142],[-3.831,11.142],[-3.802,11.148],[-3.797,11.144],[-3.79,11.14],[-3.763,11.097],[-3.742,11.07],[-3.72,11.051],[-3.701,11.036],[-3.642,10.98],[-3.625,10.969],[-3.602,10.97],[-3.586,10.972],[-3.615,10.944],[-3.623,10.939],[-3.629,10.938],[-3.634,10.937],[-3.644,10.929],[-3.655,10.905],[-3.658,10.89],[-3.654,10.877],[-3.66,10.868],[-3.675,10.867],[-3.692,10.854],[-3.704,10.856],[-3.715,10.856],[-3.722,10.848],[-3.726,10.827],[-3.768,10.827],[-3.785,10.82],[-3.797,10.806],[-3.809,10.787],[-3.844,10.753],[-3.846,10.734],[-3.85,10.717],[-3.864,10.708],[-3.897,10.697],[-3.912,10.689],[-3.93,10.687],[-3.951,10.709],[-4.009,10.719],[-4.031,10.726],[-4.045,10.735],[-4.058,10.747],[-4.081,10.773],[-4.09,10.778],[-4.102,10.776],[-4.131,10.763],[-4.173,10.749],[-4.198,10.737],[-4.208,10.73],[-4.262,10.701],[-4.278,10.7],[-4.287,10.709],[-4.293,10.721],[-4.302,10.728],[-4.361,10.746],[-4.387,10.748],[-4.402,10.754],[-4.414,10.772],[-4.439,10.836],[-4.46,10.859],[-4.485,10.868],[-4.506,10.87],[-4.53,10.87],[-4.556,10.861],[-4.584,10.843],[-4.602,10.826],[-4.61,10.816],[-4.662,10.778],[-4.682,10.776],[-4.704,10.788],[-4.732,10.798],[-4.749,10.805],[-4.76,10.822],[-4.788,10.857],[-4.794,10.871],[-4.789,10.876],[-4.777,10.902],[-4.763,10.918],[-4.756,10.934],[-4.762,10.953],[-4.765,10.976],[-4.758,10.993],[-4.735,11.004],[-4.709,11.009],[-4.695,11.021],[-4.677,11.031],[-4.656,11.035],[-4.65,11.045],[-4.647,11.058],[-4.646,11.073],[-4.649,11.091],[-4.658,11.111],[-4.675,11.131],[-4.689,11.154],[-4.701,11.168],[-4.764,11.21],[-4.776,11.212],[-4.782,11.217],[-4.788,11.231],[-4.794,11.248],[-4.787,11.271],[-4.762,11.318],[-4.758,11.34],[-4.756,11.363],[-4.744,11.386],[-4.73,11.399],[-4.66,11.447],[-4.649,11.441],[-4.638,11.418],[-4.629,11.412],[-4.618,11.411],[-4.603,11.417],[-4.582,11.434],[-4.568,11.453],[-4.56,11.468],[-4.55,11.492],[-4.547,11.52],[-4.55,11.541],[-4.563,11.562],[-4.58,11.584],[-4.592,11.61],[-4.598,11.64],[-4.597,11.658],[-4.591,11.685],[-4.604,11.694],[-4.629,11.699],[-4.657,11.699],[-4.671,11.705],[-4.668,11.721],[-4.664,11.736],[-4.654,11.746],[-4.638,11.75],[-4.626,11.76],[-4.626,11.772],[-4.632,11.783],[-4.634,11.8],[-4.632,11.844],[-4.621,11.894],[-4.623,11.924],[-4.638,11.983],[-4.65,11.999],[-4.701,12.027],[-4.718,12.035],[-4.732,12.037],[-4.725,12.05],[-4.715,12.059],[-4.704,12.061],[-4.684,12.059]]]}},{"type":"Feature","id":"BF-IOB","properties":{"id":"BF-IOB","countryCode":"BF","isoSubdivision":"BF-IOB","name":"Ioba","name_en":"Ioba","name_ko":"이오바 현","type":"Province","labelLongitude":-2.97,"labelLatitude":11.012,"minZoom":9},"geometry":{"type":"Polygon","coordinates":[[[-2.729,10.986],[-2.751,10.986],[-2.751,10.996],[-2.837,10.998],[-2.836,10.992],[-2.839,10.985],[-2.833,10.966],[-2.822,10.948],[-2.816,10.929],[-2.821,10.906],[-2.835,10.892],[-2.851,10.88],[-2.864,10.864],[-2.872,10.843],[-2.883,10.797],[-2.899,10.77],[-2.903,10.747],[-2.909,10.738],[-2.919,10.727],[-2.922,10.721],[-2.92,10.711],[-2.934,10.702],[-2.948,10.698],[-2.97,10.698],[-2.981,10.708],[-2.988,10.724],[-3.004,10.743],[-3.029,10.745],[-3.053,10.741],[-3.055,10.747],[-3.068,10.754],[-3.076,10.764],[-3.079,10.778],[-3.088,10.788],[-3.101,10.791],[-3.14,10.793],[-3.169,10.79],[-3.179,10.777],[-3.191,10.784],[-3.189,10.804],[-3.181,10.824],[-3.187,10.836],[-3.2,10.844],[-3.191,10.864],[-3.159,10.876],[-3.169,10.925],[-3.155,10.962],[-3.149,10.974],[-3.145,10.99],[-3.142,11.009],[-3.129,11.035],[-3.122,11.06],[-3.13,11.081],[-3.132,11.102],[-3.123,11.122],[-3.116,11.155],[-3.119,11.179],[-3.157,11.191],[-3.196,11.196],[-3.251,11.187],[-3.281,11.179],[-3.303,11.171],[-3.299,11.182],[-3.29,11.229],[-3.283,11.246],[-3.27,11.265],[-3.229,11.315],[-3.198,11.338],[-3.157,11.35],[-3.131,11.34],[-3.116,11.326],[-3.084,11.33],[-3.043,11.343],[-3.005,11.34],[-2.979,11.327],[-2.938,11.319],[-2.901,11.306],[-2.868,11.291],[-2.859,11.288],[-2.869,11.272],[-2.878,11.251],[-2.868,11.241],[-2.824,11.24],[-2.804,11.233],[-2.796,11.218],[-2.788,11.159],[-2.789,11.139],[-2.779,11.137],[-2.768,11.144],[-2.755,11.15],[-2.733,11.186],[-2.714,11.184],[-2.667,11.15],[-2.648,11.132],[-2.637,11.11],[-2.64,11.089],[-2.646,11.07],[-2.653,11.056],[-2.666,11.05],[-2.7,11.05],[-2.714,11.04],[-2.723,11.025],[-2.727,11.008],[-2.728,10.997],[-2.729,10.986]]]}},{"type":"Feature","id":"BF-KAD","properties":{"id":"BF-KAD","countryCode":"BF","isoSubdivision":"BF-KAD","name":"Kadiogo","name_en":"Kadiogo","name_ko":"카디오고 현","type":"Province","labelLongitude":-1.466,"labelLatitude":12.327,"minZoom":9},"geometry":{"type":"Polygon","coordinates":[[[-1.098,12.26],[-1.097,12.242],[-1.09,12.231],[-1.083,12.227],[-1.075,12.226],[-1.069,12.221],[-1.064,12.212],[-1.062,12.205],[-1.062,12.184],[-1.076,12.17],[-1.106,12.164],[-1.132,12.153],[-1.152,12.15],[-1.193,12.15],[-1.236,12.143],[-1.264,12.129],[-1.281,12.124],[-1.306,12.141],[-1.326,12.14],[-1.352,12.132],[-1.373,12.122],[-1.394,12.109],[-1.412,12.109],[-1.423,12.124],[-1.442,12.181],[-1.459,12.194],[-1.472,12.192],[-1.483,12.192],[-1.497,12.195],[-1.516,12.192],[-1.54,12.183],[-1.555,12.166],[-1.57,12.142],[-1.589,12.131],[-1.613,12.123],[-1.639,12.105],[-1.659,12.097],[-1.68,12.091],[-1.715,12.057],[-1.728,12.057],[-1.745,12.07],[-1.766,12.078],[-1.774,12.078],[-1.804,12.081],[-1.821,12.093],[-1.87,12.145],[-1.859,12.164],[-1.832,12.192],[-1.809,12.209],[-1.798,12.223],[-1.793,12.239],[-1.793,12.259],[-1.797,12.277],[-1.815,12.295],[-1.815,12.314],[-1.812,12.334],[-1.821,12.343],[-1.812,12.349],[-1.772,12.369],[-1.71,12.386],[-1.681,12.398],[-1.684,12.416],[-1.723,12.547],[-1.721,12.563],[-1.708,12.57],[-1.688,12.576],[-1.658,12.581],[-1.643,12.581],[-1.621,12.593],[-1.614,12.616],[-1.61,12.64],[-1.602,12.662],[-1.596,12.673],[-1.586,12.666],[-1.57,12.647],[-1.557,12.623],[-1.556,12.603],[-1.567,12.584],[-1.571,12.56],[-1.565,12.54],[-1.548,12.536],[-1.521,12.544],[-1.498,12.558],[-1.484,12.565],[-1.467,12.544],[-1.454,12.532],[-1.45,12.513],[-1.456,12.498],[-1.474,12.471],[-1.477,12.466],[-1.472,12.46],[-1.396,12.464],[-1.376,12.472],[-1.354,12.492],[-1.339,12.498],[-1.326,12.501],[-1.315,12.497],[-1.27,12.486],[-1.257,12.465],[-1.249,12.437],[-1.25,12.412],[-1.268,12.369],[-1.271,12.35],[-1.27,12.335],[-1.257,12.332],[-1.228,12.318],[-1.204,12.289],[-1.19,12.287],[-1.123,12.254],[-1.098,12.26]]]}},{"type":"Feature","id":"BF-KEN","properties":{"id":"BF-KEN","countryCode":"BF","isoSubdivision":"BF-KEN","name":"Kénédougou","name_en":"Kénédougou","name_ko":"케네두구 현","type":"Province","labelLongitude":-5.027,"labelLatitude":11.413,"minZoom":9},"geometry":{"type":"Polygon","coordinates":[[[-4.807,11.996],[-4.79,12.002],[-4.761,12.007],[-4.747,12.015],[-4.739,12.025],[-4.732,12.037],[-4.718,12.035],[-4.701,12.027],[-4.65,11.999],[-4.638,11.983],[-4.623,11.924],[-4.621,11.894],[-4.632,11.844],[-4.634,11.8],[-4.632,11.783],[-4.626,11.772],[-4.626,11.76],[-4.638,11.75],[-4.654,11.746],[-4.664,11.736],[-4.668,11.721],[-4.671,11.705],[-4.657,11.699],[-4.629,11.699],[-4.604,11.694],[-4.591,11.685],[-4.597,11.658],[-4.598,11.64],[-4.592,11.61],[-4.58,11.584],[-4.563,11.562],[-4.55,11.541],[-4.547,11.52],[-4.55,11.492],[-4.56,11.468],[-4.568,11.453],[-4.582,11.434],[-4.603,11.417],[-4.618,11.411],[-4.629,11.412],[-4.638,11.418],[-4.649,11.441],[-4.66,11.447],[-4.73,11.399],[-4.744,11.386],[-4.756,11.363],[-4.758,11.34],[-4.762,11.318],[-4.787,11.271],[-4.794,11.248],[-4.788,11.231],[-4.782,11.217],[-4.776,11.212],[-4.764,11.21],[-4.701,11.168],[-4.689,11.154],[-4.675,11.131],[-4.658,11.111],[-4.649,11.091],[-4.646,11.073],[-4.647,11.058],[-4.65,11.045],[-4.656,11.035],[-4.677,11.031],[-4.695,11.021],[-4.709,11.009],[-4.735,11.004],[-4.758,10.993],[-4.765,10.976],[-4.762,10.953],[-4.756,10.934],[-4.763,10.918],[-4.777,10.902],[-4.789,10.876],[-4.794,10.871],[-4.801,10.878],[-4.815,10.883],[-4.901,10.883],[-4.945,10.89],[-4.965,10.888],[-5.009,10.852],[-5.062,10.832],[-5.088,10.832],[-5.14,10.818],[-5.158,10.811],[-5.187,10.81],[-5.203,10.825],[-5.244,10.87],[-5.257,10.89],[-5.268,10.916],[-5.281,10.937],[-5.379,11.025],[-5.408,11.041],[-5.496,11.048],[-5.506,11.048],[-5.507,11.057],[-5.504,11.073],[-5.49,11.082],[-5.39,11.095],[-5.373,11.1],[-5.356,11.107],[-5.333,11.122],[-5.322,11.136],[-5.316,11.176],[-5.307,11.199],[-5.275,11.231],[-5.263,11.252],[-5.261,11.268],[-5.268,11.372],[-5.263,11.39],[-5.248,11.403],[-5.226,11.413],[-5.218,11.422],[-5.219,11.435],[-5.225,11.458],[-5.225,11.541],[-5.234,11.576],[-5.269,11.604],[-5.281,11.606],[-5.291,11.604],[-5.3,11.606],[-5.308,11.618],[-5.308,11.629],[-5.302,11.64],[-5.295,11.65],[-5.289,11.66],[-5.281,11.699],[-5.279,11.721],[-5.28,11.739],[-5.287,11.759],[-5.299,11.773],[-5.315,11.782],[-5.334,11.791],[-5.345,11.794],[-5.353,11.795],[-5.371,11.791],[-5.375,11.795],[-5.4,11.81],[-5.406,11.812],[-5.412,11.824],[-5.412,11.829],[-5.406,11.83],[-5.392,11.832],[-5.388,11.831],[-5.376,11.822],[-5.37,11.82],[-5.365,11.822],[-5.357,11.83],[-5.354,11.832],[-5.319,11.837],[-5.315,11.839],[-5.311,11.843],[-5.307,11.846],[-5.3,11.846],[-5.293,11.843],[-5.288,11.839],[-5.282,11.836],[-5.275,11.837],[-5.268,11.843],[-5.248,11.87],[-5.209,11.901],[-5.183,11.931],[-5.168,11.944],[-5.137,11.953],[-5.104,11.973],[-5.089,11.979],[-5.074,11.981],[-5.034,11.979],[-5.016,11.981],[-5.005,11.981],[-4.994,11.983],[-4.985,11.989],[-4.975,11.996],[-4.954,12.005],[-4.932,12.003],[-4.911,11.998],[-4.89,11.998],[-4.847,12.013],[-4.826,12.013],[-4.807,11.996]]]}},{"type":"Feature","id":"BF-KMD","properties":{"id":"BF-KMD","countryCode":"BF","isoSubdivision":"BF-KMD","name":"Komondjari","name_en":"Komondjari","name_ko":"코몽자리 현","type":"Province","labelLongitude":0.776,"labelLatitude":12.697,"minZoom":9},"geometry":{"type":"Polygon","coordinates":[[[0.972,13.086],[0.972,13.067],[0.975,13.048],[0.984,13.032],[1.012,13.017],[1.084,13.011],[1.114,12.996],[1.171,12.949],[1.231,12.9],[1.305,12.839],[1.305,12.838],[1.269,12.774],[1.262,12.771],[1.242,12.77],[1.201,12.76],[1.169,12.755],[1.156,12.75],[1.153,12.737],[1.151,12.723],[1.142,12.713],[1.134,12.7],[1.13,12.682],[1.119,12.665],[1.104,12.656],[1.089,12.658],[1.081,12.66],[1.075,12.66],[1.061,12.664],[1.045,12.672],[1.027,12.673],[1.012,12.67],[0.999,12.665],[0.987,12.65],[0.975,12.627],[0.959,12.609],[0.94,12.603],[0.918,12.601],[0.896,12.597],[0.881,12.591],[0.871,12.58],[0.856,12.544],[0.853,12.524],[0.854,12.506],[0.847,12.502],[0.839,12.504],[0.833,12.505],[0.828,12.492],[0.826,12.468],[0.808,12.449],[0.801,12.436],[0.782,12.431],[0.782,12.421],[0.775,12.414],[0.763,12.407],[0.76,12.394],[0.761,12.381],[0.753,12.374],[0.743,12.365],[0.735,12.348],[0.725,12.339],[0.711,12.34],[0.699,12.337],[0.693,12.328],[0.677,12.316],[0.654,12.329],[0.608,12.423],[0.595,12.44],[0.479,12.513],[0.456,12.506],[0.379,12.456],[0.359,12.447],[0.349,12.444],[0.349,12.467],[0.321,12.57],[0.301,12.734],[0.273,12.784],[0.247,12.81],[0.255,12.824],[0.276,12.849],[0.282,12.879],[0.279,12.901],[0.288,12.912],[0.315,12.909],[0.337,12.895],[0.361,12.891],[0.393,12.878],[0.423,12.87],[0.45,12.868],[0.474,12.863],[0.495,12.874],[0.513,12.887],[0.53,12.896],[0.549,12.901],[0.559,12.914],[0.555,12.93],[0.555,12.941],[0.56,12.949],[0.569,12.953],[0.574,12.954],[0.59,12.95],[0.614,12.955],[0.638,12.97],[0.665,12.964],[0.699,12.975],[0.725,12.965],[0.754,12.963],[0.777,12.981],[0.796,13.002],[0.823,13.001],[0.842,13.013],[0.861,13.029],[0.952,13.078],[0.971,13.086],[0.972,13.086]]]}},{"type":"Feature","id":"BF-KMP","properties":{"id":"BF-KMP","countryCode":"BF","isoSubdivision":"BF-KMP","name":"Kompienga","name_en":"Kompienga","name_ko":"콤피엥가 현","type":"Province","labelLongitude":0.899,"labelLatitude":11.452,"minZoom":9},"geometry":{"type":"Polygon","coordinates":[[[1.423,11.454],[1.411,11.45],[1.398,11.44],[1.39,11.428],[1.389,11.42],[1.398,11.399],[1.382,11.389],[1.359,11.379],[1.339,11.366],[1.33,11.347],[1.336,11.33],[1.346,11.316],[1.348,11.303],[1.33,11.289],[1.323,11.297],[1.316,11.3],[1.309,11.297],[1.302,11.289],[1.296,11.3],[1.285,11.313],[1.273,11.318],[1.268,11.306],[1.271,11.298],[1.28,11.289],[1.283,11.279],[1.281,11.271],[1.268,11.248],[1.235,11.263],[1.219,11.268],[1.2,11.269],[1.191,11.267],[1.186,11.264],[1.181,11.261],[1.172,11.261],[1.173,11.267],[1.166,11.278],[1.156,11.286],[1.146,11.27],[1.136,11.26],[1.131,11.248],[1.149,11.217],[1.153,11.183],[1.158,11.166],[1.148,11.17],[1.128,11.179],[1.117,11.179],[1.113,11.174],[1.106,11.156],[1.1,11.152],[1.067,11.144],[1.062,11.142],[1.063,11.127],[1.067,11.128],[1.073,11.134],[1.083,11.132],[1.084,11.128],[1.082,11.115],[1.083,11.111],[1.086,11.109],[1.095,11.104],[1.097,11.104],[1.099,11.093],[1.099,11.081],[1.101,11.07],[1.107,11.06],[1.119,11.048],[1.117,11.032],[1.114,11.028],[1.107,11.034],[1.1,11.044],[1.097,11.049],[1.087,11.053],[1.056,11.056],[1.052,11.055],[1.041,11.05],[1.035,11.049],[1.033,11.052],[1.028,11.061],[1.025,11.064],[1.02,11.066],[1.015,11.07],[1.008,11.075],[0.986,11.078],[0.981,11.08],[0.977,11.078],[0.97,11.069],[0.964,11.057],[0.956,11.045],[0.952,11.042],[0.951,11.032],[0.952,11.021],[0.955,11.012],[0.963,11.008],[0.969,11.003],[0.97,10.991],[0.968,10.979],[0.963,10.974],[0.945,10.974],[0.932,10.976],[0.901,10.993],[0.772,10.99],[0.675,10.989],[0.613,10.977],[0.488,10.933],[0.5,10.976],[0.484,10.98],[0.487,10.984],[0.489,10.988],[0.489,10.992],[0.491,10.996],[0.49,11],[0.489,11.002],[0.487,11.003],[0.375,11.026],[0.378,11.034],[0.416,11.113],[0.43,11.127],[0.443,11.121],[0.455,11.104],[0.471,11.086],[0.488,11.081],[0.498,11.094],[0.499,11.122],[0.505,11.148],[0.517,11.166],[0.555,11.208],[0.555,11.219],[0.553,11.229],[0.558,11.245],[0.553,11.263],[0.544,11.278],[0.534,11.321],[0.54,11.341],[0.565,11.357],[0.576,11.384],[0.571,11.405],[0.56,11.435],[0.539,11.472],[0.532,11.496],[0.528,11.565],[0.523,11.592],[0.529,11.66],[0.54,11.675],[0.57,11.7],[0.605,11.715],[0.697,11.737],[0.72,11.756],[0.715,11.782],[0.723,11.81],[0.747,11.835],[0.76,11.845],[0.804,11.872],[0.864,11.918],[0.887,11.916],[0.908,11.907],[0.941,11.902],[0.969,11.9],[0.981,11.893],[0.994,11.882],[1.014,11.879],[1.025,11.869],[1.032,11.853],[1.044,11.839],[1.056,11.834],[1.089,11.832],[1.103,11.834],[1.11,11.824],[1.113,11.807],[1.124,11.792],[1.139,11.777],[1.152,11.77],[1.16,11.763],[1.16,11.748],[1.164,11.74],[1.176,11.745],[1.186,11.744],[1.194,11.738],[1.204,11.739],[1.22,11.728],[1.23,11.716],[1.237,11.701],[1.233,11.615],[1.262,11.573],[1.339,11.524],[1.411,11.466],[1.422,11.455],[1.423,11.454]]]}},{"type":"Feature","id":"BF-KOP","properties":{"id":"BF-KOP","countryCode":"BF","isoSubdivision":"BF-KOP","name":"Koulpélogo","name_en":"Koulpélogo","name_ko":"쿨펠로고 현","type":"Province","labelLongitude":0.204,"labelLatitude":11.408,"minZoom":9},"geometry":{"type":"Polygon","coordinates":[[[0.375,11.026],[0.288,11.043],[0.06,11.089],[-0.063,11.114],[-0.115,11.125],[-0.113,11.132],[-0.103,11.16],[-0.09,11.187],[-0.09,11.201],[-0.081,11.211],[-0.064,11.216],[-0.053,11.227],[-0.046,11.243],[-0.041,11.258],[-0.031,11.272],[-0.016,11.283],[-0.006,11.294],[0.005,11.308],[0.006,11.323],[-0.009,11.339],[-0.036,11.349],[-0.065,11.347],[-0.084,11.343],[-0.101,11.335],[-0.118,11.333],[-0.137,11.338],[-0.154,11.339],[-0.166,11.349],[-0.168,11.37],[-0.155,11.385],[-0.152,11.4],[-0.158,11.416],[-0.149,11.43],[-0.137,11.444],[-0.133,11.478],[-0.132,11.494],[-0.126,11.507],[-0.121,11.523],[-0.138,11.545],[-0.146,11.566],[-0.123,11.616],[-0.109,11.632],[-0.09,11.649],[-0.071,11.688],[-0.038,11.716],[-0.022,11.724],[0.019,11.719],[0.035,11.719],[0.048,11.725],[0.051,11.74],[0.05,11.75],[0.058,11.748],[0.073,11.747],[0.082,11.754],[0.086,11.781],[0.102,11.785],[0.156,11.775],[0.173,11.777],[0.192,11.761],[0.224,11.747],[0.286,11.749],[0.316,11.739],[0.426,11.665],[0.448,11.661],[0.529,11.66],[0.523,11.592],[0.528,11.565],[0.532,11.496],[0.539,11.472],[0.56,11.435],[0.571,11.405],[0.576,11.384],[0.565,11.357],[0.54,11.341],[0.534,11.321],[0.544,11.278],[0.553,11.263],[0.558,11.245],[0.553,11.229],[0.555,11.219],[0.555,11.208],[0.517,11.166],[0.505,11.148],[0.499,11.122],[0.498,11.094],[0.488,11.081],[0.471,11.086],[0.455,11.104],[0.443,11.121],[0.43,11.127],[0.416,11.113],[0.378,11.034],[0.375,11.026]]]}},{"type":"Feature","id":"BF-KOS","properties":{"id":"BF-KOS","countryCode":"BF","isoSubdivision":"BF-KOS","name":"Kossi","name_en":"Kossi","name_ko":"코시 현","type":"Province","labelLongitude":-3.889,"labelLatitude":12.959,"minZoom":9},"geometry":{"type":"Polygon","coordinates":[[[-3.978,13.5],[-3.974,13.499],[-3.97,13.496],[-3.965,13.489],[-3.964,13.488],[-3.959,13.468],[-3.956,13.462],[-3.947,13.458],[-3.923,13.454],[-3.918,13.451],[-3.919,13.44],[-3.926,13.436],[-3.935,13.435],[-3.943,13.432],[-3.963,13.413],[-3.972,13.408],[-3.984,13.396],[-3.972,13.387],[-3.948,13.381],[-3.929,13.38],[-3.909,13.382],[-3.893,13.379],[-3.858,13.366],[-3.817,13.355],[-3.799,13.347],[-3.724,13.289],[-3.679,13.262],[-3.597,13.199],[-3.59,13.197],[-3.577,13.199],[-3.57,13.197],[-3.554,13.18],[-3.545,13.174],[-3.538,13.173],[-3.516,13.174],[-3.474,13.168],[-3.469,13.16],[-3.469,13.145],[-3.477,13.072],[-3.462,13.008],[-3.472,12.951],[-3.461,12.842],[-3.448,12.813],[-3.433,12.793],[-3.426,12.786],[-3.429,12.75],[-3.443,12.748],[-3.455,12.745],[-3.461,12.739],[-3.464,12.724],[-3.473,12.722],[-3.491,12.729],[-3.519,12.729],[-3.522,12.726],[-3.523,12.718],[-3.525,12.711],[-3.541,12.704],[-3.54,12.694],[-3.532,12.685],[-3.519,12.681],[-3.514,12.675],[-3.517,12.661],[-3.523,12.647],[-3.528,12.639],[-3.522,12.629],[-3.525,12.623],[-3.531,12.617],[-3.536,12.612],[-3.535,12.601],[-3.533,12.592],[-3.535,12.586],[-3.54,12.578],[-3.536,12.578],[-3.536,12.571],[-3.548,12.565],[-3.549,12.554],[-3.543,12.526],[-3.546,12.515],[-3.56,12.5],[-3.564,12.482],[-3.595,12.493],[-3.657,12.524],[-3.696,12.534],[-3.772,12.537],[-3.821,12.529],[-3.845,12.532],[-3.875,12.539],[-3.911,12.541],[-3.942,12.534],[-3.957,12.518],[-3.964,12.495],[-3.988,12.459],[-3.993,12.44],[-3.992,12.433],[-3.991,12.425],[-3.996,12.414],[-4.009,12.402],[-4.032,12.387],[-4.065,12.376],[-4.088,12.383],[-4.131,12.414],[-4.15,12.442],[-4.152,12.48],[-4.161,12.522],[-4.177,12.546],[-4.18,12.562],[-4.175,12.581],[-4.174,12.619],[-4.177,12.637],[-4.168,12.652],[-4.154,12.662],[-4.156,12.679],[-4.176,12.688],[-4.192,12.703],[-4.207,12.712],[-4.224,12.71],[-4.245,12.729],[-4.244,12.73],[-4.234,12.742],[-4.213,12.807],[-4.212,12.819],[-4.225,12.865],[-4.221,12.921],[-4.229,12.949],[-4.248,12.972],[-4.277,12.996],[-4.29,13.013],[-4.316,13.071],[-4.345,13.097],[-4.351,13.106],[-4.351,13.118],[-4.346,13.127],[-4.34,13.135],[-4.327,13.169],[-4.31,13.176],[-4.246,13.172],[-4.235,13.176],[-4.228,13.184],[-4.23,13.193],[-4.251,13.205],[-4.258,13.214],[-4.254,13.229],[-4.239,13.247],[-4.221,13.263],[-4.206,13.273],[-4.196,13.275],[-4.186,13.273],[-4.177,13.272],[-4.166,13.278],[-4.147,13.3],[-4.132,13.324],[-4.115,13.365],[-4.104,13.383],[-4.088,13.398],[-4.079,13.402],[-4.053,13.409],[-4.043,13.414],[-4.028,13.432],[-4.016,13.436],[-4.005,13.44],[-3.99,13.449],[-3.977,13.461],[-3.972,13.47],[-3.979,13.475],[-3.992,13.476],[-3.998,13.481],[-3.984,13.496],[-3.981,13.499],[-3.978,13.5]]]}},{"type":"Feature","id":"BF-KOT","properties":{"id":"BF-KOT","countryCode":"BF","isoSubdivision":"BF-KOT","name":"Kouritenga","name_en":"Kouritenga","name_ko":"쿠리텡가 현","type":"Province","labelLongitude":-0.292,"labelLatitude":12.159,"minZoom":9},"geometry":{"type":"Polygon","coordinates":[[[-0.464,11.987],[-0.455,11.988],[-0.436,12.007],[-0.421,12.045],[-0.43,12.14],[-0.423,12.154],[-0.477,12.206],[-0.485,12.228],[-0.49,12.257],[-0.517,12.324],[-0.507,12.363],[-0.513,12.387],[-0.528,12.417],[-0.562,12.444],[-0.604,12.469],[-0.613,12.5],[-0.614,12.506],[-0.603,12.505],[-0.438,12.467],[-0.389,12.469],[-0.207,12.56],[-0.235,12.477],[-0.224,12.437],[-0.183,12.414],[-0.145,12.388],[-0.147,12.354],[-0.177,12.314],[-0.184,12.273],[-0.152,12.251],[-0.085,12.231],[-0.07,12.214],[-0.038,12.191],[-0.015,12.165],[0.028,12.125],[0.031,12.098],[0.009,12.092],[-0.02,12.078],[-0.052,12.068],[-0.083,12.049],[-0.105,12.006],[-0.11,11.97],[-0.106,11.94],[-0.11,11.923],[-0.116,11.924],[-0.129,11.919],[-0.219,11.847],[-0.253,11.793],[-0.279,11.796],[-0.381,11.821],[-0.429,11.856],[-0.46,11.896],[-0.47,11.927],[-0.463,11.952],[-0.463,11.977],[-0.464,11.987]]]}},{"type":"Feature","id":"BF-KOW","properties":{"id":"BF-KOW","countryCode":"BF","isoSubdivision":"BF-KOW","name":"Kourwéogo","name_en":"Kourwéogo","name_ko":"쿠르웨오고 현","type":"Province","labelLongitude":-1.837,"labelLatitude":12.393,"minZoom":9},"geometry":{"type":"Polygon","coordinates":[[[-1.872,12.435],[-1.842,12.441],[-1.802,12.457],[-1.79,12.473],[-1.797,12.524],[-1.806,12.559],[-1.829,12.587],[-1.864,12.603],[-1.898,12.612],[-1.923,12.621],[-1.927,12.642],[-1.927,12.662],[-1.936,12.673],[-1.941,12.677],[-1.95,12.691],[-1.964,12.724],[-1.961,12.761],[-1.941,12.797],[-1.861,12.87],[-1.732,12.901],[-1.705,12.878],[-1.694,12.874],[-1.681,12.872],[-1.664,12.865],[-1.661,12.842],[-1.664,12.813],[-1.655,12.756],[-1.648,12.738],[-1.637,12.728],[-1.604,12.721],[-1.596,12.704],[-1.596,12.673],[-1.602,12.662],[-1.61,12.64],[-1.614,12.616],[-1.621,12.593],[-1.643,12.581],[-1.658,12.581],[-1.688,12.576],[-1.708,12.57],[-1.721,12.563],[-1.723,12.547],[-1.684,12.416],[-1.681,12.398],[-1.71,12.386],[-1.772,12.369],[-1.812,12.349],[-1.821,12.343],[-1.84,12.344],[-1.879,12.341],[-1.917,12.333],[-1.953,12.313],[-1.993,12.284],[-2.026,12.268],[-2.059,12.279],[-2.078,12.298],[-2.066,12.321],[-2.043,12.355],[-2.033,12.393],[-2.019,12.423],[-2.006,12.445],[-1.986,12.461],[-1.949,12.463],[-1.922,12.461],[-1.895,12.449],[-1.872,12.435]]]}},{"type":"Feature","id":"BF-LER","properties":{"id":"BF-LER","countryCode":"BF","isoSubdivision":"BF-LER","name":"Léraba","name_en":"Léraba","name_ko":"레라바 현","type":"Province","labelLongitude":-5.235,"labelLatitude":10.588,"minZoom":9},"geometry":{"type":"Polygon","coordinates":[[[-5.366,10.296],[-5.386,10.296],[-5.403,10.301],[-5.416,10.308],[-5.427,10.317],[-5.43,10.323],[-5.433,10.332],[-5.438,10.34],[-5.444,10.344],[-5.453,10.344],[-5.46,10.345],[-5.474,10.35],[-5.475,10.368],[-5.487,10.393],[-5.505,10.416],[-5.523,10.425],[-5.517,10.44],[-5.509,10.491],[-5.505,10.499],[-5.482,10.535],[-5.468,10.588],[-5.471,10.597],[-5.479,10.604],[-5.477,10.62],[-5.47,10.636],[-5.461,10.645],[-5.476,10.65],[-5.477,10.659],[-5.482,10.675],[-5.483,10.684],[-5.473,10.738],[-5.468,10.753],[-5.461,10.76],[-5.453,10.764],[-5.446,10.769],[-5.445,10.779],[-5.445,10.787],[-5.431,10.845],[-5.435,10.857],[-5.447,10.878],[-5.466,10.948],[-5.479,10.976],[-5.502,10.97],[-5.496,10.996],[-5.506,11.048],[-5.496,11.048],[-5.408,11.041],[-5.379,11.025],[-5.281,10.937],[-5.268,10.916],[-5.257,10.89],[-5.244,10.87],[-5.203,10.825],[-5.187,10.81],[-5.158,10.811],[-5.14,10.818],[-5.088,10.832],[-5.062,10.832],[-5.051,10.817],[-5.023,10.805],[-4.997,10.8],[-4.981,10.793],[-4.966,10.796],[-4.949,10.783],[-4.951,10.761],[-4.958,10.739],[-4.949,10.707],[-4.947,10.671],[-4.952,10.652],[-4.958,10.633],[-4.974,10.603],[-4.985,10.586],[-4.998,10.587],[-5.014,10.593],[-5.033,10.587],[-5.062,10.581],[-5.092,10.571],[-5.114,10.573],[-5.124,10.579],[-5.136,10.558],[-5.146,10.536],[-5.131,10.52],[-5.11,10.509],[-5.106,10.468],[-5.09,10.449],[-5.083,10.43],[-5.084,10.413],[-5.077,10.378],[-5.08,10.365],[-5.089,10.35],[-5.094,10.333],[-5.094,10.314],[-5.12,10.294],[-5.136,10.304],[-5.152,10.306],[-5.159,10.292],[-5.168,10.291],[-5.218,10.32],[-5.234,10.316],[-5.28,10.322],[-5.297,10.323],[-5.304,10.318],[-5.309,10.311],[-5.316,10.305],[-5.327,10.303],[-5.339,10.302],[-5.344,10.303],[-5.348,10.306],[-5.353,10.308],[-5.357,10.304],[-5.361,10.299],[-5.366,10.296]]]}},{"type":"Feature","id":"BF-LOR","properties":{"id":"BF-LOR","countryCode":"BF","isoSubdivision":"BF-LOR","name":"Loroum","name_en":"Loroum","name_ko":"로룸 현","type":"Province","labelLongitude":-2.071,"labelLatitude":13.872,"minZoom":9},"geometry":{"type":"Polygon","coordinates":[[[-2.12,14.149],[-2.104,14.151],[-2.085,14.16],[-2.04,14.103],[-2.009,14.086],[-1.924,14.026],[-1.864,13.994],[-1.865,13.977],[-1.873,13.938],[-1.871,13.898],[-1.815,13.799],[-1.783,13.763],[-1.747,13.729],[-1.741,13.724],[-1.731,13.709],[-1.731,13.682],[-1.755,13.666],[-1.792,13.655],[-1.833,13.634],[-1.868,13.606],[-1.879,13.564],[-1.878,13.542],[-1.921,13.531],[-1.952,13.529],[-2.005,13.517],[-2.029,13.523],[-2.058,13.526],[-2.094,13.523],[-2.116,13.528],[-2.149,13.659],[-2.179,13.747],[-2.187,13.757],[-2.207,13.8],[-2.206,13.833],[-2.199,13.865],[-2.218,13.882],[-2.248,13.892],[-2.265,13.916],[-2.271,13.97],[-2.287,13.977],[-2.31,13.985],[-2.353,14.028],[-2.386,14.043],[-2.42,14.043],[-2.444,14.03],[-2.461,14.014],[-2.471,13.998],[-2.486,13.995],[-2.503,14],[-2.519,13.994],[-2.531,13.984],[-2.546,13.984],[-2.568,13.991],[-2.578,13.999],[-2.577,14.02],[-2.587,14.046],[-2.622,14.093],[-2.676,14.142],[-2.62,14.204],[-2.597,14.222],[-2.516,14.268],[-2.462,14.281],[-2.386,14.265],[-2.152,14.156],[-2.12,14.149]]]}},{"type":"Feature","id":"BF-MOU","properties":{"id":"BF-MOU","countryCode":"BF","isoSubdivision":"BF-MOU","name":"Mouhoun","name_en":"Mouhoun","name_ko":"무운 현","type":"Province","labelLongitude":-3.387,"labelLatitude":12.349,"minZoom":9},"geometry":{"type":"Polygon","coordinates":[[[-2.841,12.367],[-2.837,12.359],[-2.838,12.339],[-2.869,12.322],[-2.881,12.301],[-2.887,12.278],[-2.882,12.259],[-2.844,12.23],[-2.831,12.214],[-2.824,12.187],[-2.823,12.172],[-2.817,12.15],[-2.806,12.13],[-2.793,12.115],[-2.793,12.109],[-2.801,12.085],[-2.803,12.074],[-2.808,12.064],[-2.819,12.066],[-2.875,12.099],[-2.896,12.104],[-2.906,12.088],[-2.908,12.082],[-2.917,12.064],[-2.919,12.053],[-2.931,12.043],[-2.95,12.032],[-2.986,12.029],[-3.021,12.037],[-3.033,12.044],[-3.043,12.051],[-3.056,12.071],[-3.06,12.088],[-3.071,12.089],[-3.099,12.079],[-3.129,12.074],[-3.18,12.1],[-3.209,12.094],[-3.226,12.081],[-3.229,12.029],[-3.216,12.012],[-3.192,11.991],[-3.181,11.969],[-3.16,11.958],[-3.123,11.955],[-3.104,11.938],[-3.096,11.909],[-3.094,11.89],[-3.111,11.878],[-3.135,11.875],[-3.196,11.907],[-3.224,11.899],[-3.244,11.884],[-3.272,11.887],[-3.291,11.904],[-3.291,11.933],[-3.299,11.959],[-3.357,11.988],[-3.373,11.984],[-3.382,11.989],[-3.407,11.991],[-3.49,11.977],[-3.492,11.965],[-3.487,11.942],[-3.495,11.924],[-3.509,11.912],[-3.528,11.9],[-3.557,11.896],[-3.573,11.888],[-3.586,11.876],[-3.595,11.86],[-3.598,11.837],[-3.613,11.808],[-3.609,11.796],[-3.598,11.787],[-3.589,11.77],[-3.587,11.757],[-3.597,11.755],[-3.66,11.752],[-3.678,11.747],[-3.699,11.737],[-3.718,11.725],[-3.732,11.719],[-3.751,11.72],[-3.773,11.724],[-3.788,11.732],[-3.802,11.742],[-3.821,11.753],[-3.843,11.763],[-3.86,11.767],[-3.872,11.773],[-3.876,11.785],[-3.873,11.798],[-3.878,11.807],[-3.896,11.816],[-3.912,11.827],[-3.915,11.837],[-3.919,11.846],[-3.944,11.848],[-3.949,11.851],[-3.954,11.85],[-3.958,11.859],[-3.954,11.877],[-3.953,11.89],[-3.96,11.919],[-3.967,11.923],[-3.976,11.928],[-3.981,11.933],[-3.979,11.946],[-3.972,11.945],[-3.963,11.939],[-3.947,11.94],[-3.953,11.956],[-3.952,11.975],[-3.943,11.989],[-3.927,11.995],[-3.932,12.008],[-3.935,12.012],[-3.94,12.016],[-3.919,12.049],[-3.915,12.052],[-3.911,12.051],[-3.908,12.052],[-3.904,12.073],[-3.9,12.085],[-3.892,12.085],[-3.881,12.077],[-3.876,12.09],[-3.873,12.109],[-3.868,12.118],[-3.85,12.123],[-3.834,12.134],[-3.822,12.148],[-3.817,12.163],[-3.823,12.237],[-3.813,12.26],[-3.779,12.269],[-3.764,12.278],[-3.755,12.298],[-3.742,12.338],[-3.707,12.393],[-3.696,12.401],[-3.658,12.423],[-3.646,12.427],[-3.64,12.427],[-3.635,12.425],[-3.622,12.41],[-3.614,12.404],[-3.606,12.403],[-3.599,12.401],[-3.591,12.393],[-3.578,12.402],[-3.575,12.411],[-3.577,12.434],[-3.575,12.447],[-3.566,12.471],[-3.564,12.482],[-3.56,12.5],[-3.546,12.515],[-3.543,12.526],[-3.549,12.554],[-3.548,12.565],[-3.536,12.571],[-3.536,12.578],[-3.54,12.578],[-3.535,12.586],[-3.533,12.592],[-3.535,12.601],[-3.536,12.612],[-3.531,12.617],[-3.525,12.623],[-3.522,12.629],[-3.528,12.639],[-3.523,12.647],[-3.517,12.661],[-3.514,12.675],[-3.519,12.681],[-3.532,12.685],[-3.54,12.694],[-3.541,12.704],[-3.525,12.711],[-3.523,12.718],[-3.522,12.726],[-3.519,12.729],[-3.491,12.729],[-3.473,12.722],[-3.464,12.724],[-3.461,12.739],[-3.455,12.745],[-3.443,12.748],[-3.429,12.75],[-3.42,12.749],[-3.407,12.744],[-3.4,12.74],[-3.397,12.733],[-3.387,12.708],[-3.361,12.664],[-3.361,12.653],[-3.372,12.639],[-3.365,12.635],[-3.363,12.636],[-3.358,12.639],[-3.35,12.632],[-3.341,12.631],[-3.333,12.637],[-3.326,12.664],[-3.316,12.672],[-3.289,12.681],[-3.258,12.686],[-3.249,12.677],[-3.255,12.581],[-3.247,12.535],[-3.248,12.53],[-3.24,12.525],[-3.228,12.525],[-3.204,12.53],[-3.189,12.527],[-3.182,12.52],[-3.176,12.511],[-3.166,12.502],[-3.159,12.509],[-3.118,12.44],[-3.104,12.434],[-3.102,12.431],[-3.099,12.422],[-3.098,12.42],[-3.085,12.41],[-3.078,12.407],[-3.067,12.406],[-3.052,12.401],[-3.011,12.377],[-2.991,12.372],[-2.98,12.368],[-2.962,12.35],[-2.957,12.348],[-2.948,12.354],[-2.934,12.36],[-2.926,12.365],[-2.903,12.385],[-2.886,12.393],[-2.865,12.393],[-2.847,12.38],[-2.841,12.367]]]}},{"type":"Feature","id":"BF-NAM","properties":{"id":"BF-NAM","countryCode":"BF","isoSubdivision":"BF-NAM","name":"Namentenga","name_en":"Namentenga","name_ko":"나멘텡가 현","type":"Province","labelLongitude":-0.504,"labelLatitude":13.17,"minZoom":9},"geometry":{"type":"Polygon","coordinates":[[[-0.614,12.506],[-0.616,12.523],[-0.616,12.595],[-0.635,12.645],[-0.661,12.675],[-0.673,12.676],[-0.676,12.739],[-0.701,12.791],[-0.747,12.841],[-0.784,12.899],[-0.806,12.953],[-0.811,12.982],[-0.805,12.995],[-0.789,13],[-0.721,12.96],[-0.693,12.966],[-0.681,12.986],[-0.676,13.022],[-0.683,13.082],[-0.676,13.144],[-0.656,13.202],[-0.65,13.255],[-0.661,13.31],[-0.676,13.361],[-0.688,13.43],[-0.707,13.447],[-0.724,13.476],[-0.749,13.585],[-0.75,13.642],[-0.738,13.674],[-0.715,13.691],[-0.693,13.699],[-0.673,13.732],[-0.662,13.798],[-0.667,13.852],[-0.657,13.885],[-0.608,13.923],[-0.591,13.917],[-0.552,13.899],[-0.524,13.878],[-0.466,13.818],[-0.452,13.785],[-0.445,13.739],[-0.422,13.705],[-0.395,13.683],[-0.368,13.651],[-0.329,13.631],[-0.263,13.628],[-0.22,13.617],[-0.222,13.589],[-0.24,13.561],[-0.245,13.532],[-0.226,13.497],[-0.222,13.488],[-0.23,13.472],[-0.266,13.451],[-0.294,13.416],[-0.29,13.382],[-0.276,13.357],[-0.28,13.317],[-0.304,13.267],[-0.314,13.228],[-0.302,13.191],[-0.31,13.163],[-0.339,13.126],[-0.36,13.078],[-0.366,12.991],[-0.359,12.965],[-0.342,12.932],[-0.336,12.914],[-0.322,12.881],[-0.305,12.855],[-0.282,12.84],[-0.238,12.816],[-0.199,12.788],[-0.222,12.709],[-0.217,12.695],[-0.21,12.679],[-0.197,12.642],[-0.197,12.604],[-0.207,12.56],[-0.389,12.469],[-0.438,12.467],[-0.603,12.505],[-0.614,12.506]]]}},{"type":"Feature","id":"BF-NAO","properties":{"id":"BF-NAO","countryCode":"BF","isoSubdivision":"BF-NAO","name":"Nahouri","name_en":"Nahouri","name_ko":"나우리 현","type":"Province","labelLongitude":-1.168,"labelLatitude":11.203,"minZoom":9},"geometry":{"type":"Polygon","coordinates":[[[-1.108,10.994],[-1.228,10.995],[-1.355,10.997],[-1.38,11.001],[-1.414,11.014],[-1.414,11.027],[-1.425,11.047],[-1.445,11.043],[-1.461,11.052],[-1.464,11.068],[-1.469,11.078],[-1.507,11.076],[-1.55,11.092],[-1.564,11.1],[-1.578,11.105],[-1.594,11.115],[-1.613,11.13],[-1.639,11.141],[-1.645,11.161],[-1.629,11.186],[-1.615,11.204],[-1.609,11.229],[-1.599,11.256],[-1.589,11.271],[-1.589,11.312],[-1.588,11.322],[-1.567,11.349],[-1.55,11.357],[-1.535,11.354],[-1.513,11.363],[-1.47,11.412],[-1.443,11.431],[-1.42,11.44],[-1.399,11.451],[-1.383,11.462],[-1.37,11.474],[-1.351,11.497],[-1.314,11.535],[-1.302,11.529],[-1.284,11.503],[-1.274,11.476],[-1.247,11.471],[-1.214,11.471],[-1.194,11.445],[-1.176,11.416],[-1.157,11.403],[-1.125,11.396],[-1.101,11.381],[-1.066,11.342],[-1.043,11.328],[-1.014,11.337],[-0.984,11.331],[-0.973,11.31],[-0.973,11.283],[-0.959,11.275],[-0.938,11.262],[-0.92,11.234],[-0.904,11.223],[-0.879,11.195],[-0.819,11.167],[-0.792,11.177],[-0.777,11.196],[-0.766,11.172],[-0.744,11.136],[-0.732,11.111],[-0.715,11.094],[-0.697,11.079],[-0.691,11.06],[-0.696,11.044],[-0.706,11.027],[-0.703,10.994],[-0.817,10.996],[-0.822,11.004],[-0.828,11.006],[-0.834,11.003],[-0.839,10.996],[-0.861,10.993],[-0.883,10.969],[-0.901,10.966],[-0.894,10.98],[-0.904,10.979],[-0.909,10.983],[-0.916,10.996],[-0.924,11.001],[-0.932,11.003],[-1.07,11.014],[-1.099,11.01],[-1.108,10.994]]]}},{"type":"Feature","id":"BF-NAY","properties":{"id":"BF-NAY","countryCode":"BF","isoSubdivision":"BF-NAY","name":"Nayala","name_en":"Nayala","name_ko":"나얄라 현","type":"Province","labelLongitude":-3.033,"labelLatitude":12.659,"minZoom":9},"geometry":{"type":"Polygon","coordinates":[[[-2.637,12.736],[-2.666,12.693],[-2.691,12.674],[-2.718,12.657],[-2.733,12.641],[-2.748,12.622],[-2.751,12.592],[-2.74,12.56],[-2.728,12.534],[-2.72,12.512],[-2.764,12.435],[-2.841,12.367],[-2.847,12.38],[-2.865,12.393],[-2.886,12.393],[-2.903,12.385],[-2.926,12.365],[-2.934,12.36],[-2.948,12.354],[-2.957,12.348],[-2.962,12.35],[-2.98,12.368],[-2.991,12.372],[-3.011,12.377],[-3.052,12.401],[-3.067,12.406],[-3.078,12.407],[-3.085,12.41],[-3.098,12.42],[-3.099,12.422],[-3.102,12.431],[-3.104,12.434],[-3.118,12.44],[-3.159,12.509],[-3.166,12.502],[-3.176,12.511],[-3.182,12.52],[-3.189,12.527],[-3.204,12.53],[-3.228,12.525],[-3.24,12.525],[-3.248,12.53],[-3.247,12.535],[-3.255,12.581],[-3.249,12.677],[-3.258,12.686],[-3.289,12.681],[-3.316,12.672],[-3.326,12.664],[-3.333,12.637],[-3.341,12.631],[-3.35,12.632],[-3.358,12.639],[-3.363,12.636],[-3.365,12.635],[-3.372,12.639],[-3.361,12.653],[-3.361,12.664],[-3.387,12.708],[-3.397,12.733],[-3.4,12.74],[-3.407,12.744],[-3.42,12.749],[-3.429,12.75],[-3.426,12.786],[-3.417,12.794],[-3.404,12.813],[-3.397,12.86],[-3.387,12.879],[-3.367,12.898],[-3.311,12.928],[-3.302,12.942],[-3.298,12.963],[-3.274,12.983],[-3.192,12.999],[-3.176,12.99],[-3.162,12.965],[-3.147,12.947],[-3.129,12.944],[-3.105,12.948],[-3.083,12.949],[-3.059,12.941],[-3.038,12.928],[-3.022,12.932],[-3.002,12.953],[-2.97,12.954],[-2.938,12.934],[-2.915,12.917],[-2.889,12.904],[-2.858,12.897],[-2.824,12.895],[-2.796,12.9],[-2.765,12.93],[-2.74,12.935],[-2.725,12.934],[-2.69,12.927],[-2.697,12.907],[-2.71,12.84],[-2.711,12.808],[-2.7,12.798],[-2.671,12.774],[-2.637,12.736]]]}},{"type":"Feature","id":"BF-NOU","properties":{"id":"BF-NOU","countryCode":"BF","isoSubdivision":"BF-NOU","name":"Noumbiel","name_en":"Noumbiel","name_ko":"눔비엘 현","type":"Province","labelLongitude":-3.34,"labelLatitude":10.251,"minZoom":9},"geometry":{"type":"Polygon","coordinates":[[[-3.059,9.719],[-3.077,9.719],[-3.095,9.734],[-3.104,9.757],[-3.117,9.805],[-3.137,9.83],[-3.16,9.835],[-3.183,9.835],[-3.2,9.845],[-3.204,9.865],[-3.202,9.889],[-3.203,9.908],[-3.208,9.963],[-3.181,10.004],[-3.184,10.054],[-3.155,10.078],[-3.101,10.075],[-3.051,10.075],[-3.022,10.042],[-2.981,10.01],[-2.939,10.004],[-2.919,10.019],[-2.91,10.069],[-2.892,10.101],[-2.863,10.11],[-2.83,10.101],[-2.788,10.092],[-2.788,10.039],[-2.784,10.019],[-2.761,9.985],[-2.754,9.967],[-2.756,9.941],[-2.765,9.896],[-2.761,9.871],[-2.737,9.833],[-2.734,9.823],[-2.74,9.813],[-2.775,9.774],[-2.792,9.741],[-2.795,9.72],[-2.788,9.699],[-2.78,9.69],[-2.775,9.689],[-2.769,9.69],[-2.761,9.686],[-2.755,9.677],[-2.754,9.668],[-2.751,9.659],[-2.743,9.653],[-2.74,9.651],[-2.753,9.64],[-2.762,9.625],[-2.766,9.609],[-2.768,9.593],[-2.766,9.577],[-2.761,9.566],[-2.725,9.534],[-2.689,9.489],[-2.72,9.459],[-2.745,9.408],[-2.764,9.392],[-2.788,9.394],[-2.81,9.411],[-2.91,9.543],[-2.96,9.639],[-2.978,9.685],[-2.99,9.708],[-3.006,9.724],[-3.025,9.729],[-3.059,9.719]]]}},{"type":"Feature","id":"BF-OUB","properties":{"id":"BF-OUB","countryCode":"BF","isoSubdivision":"BF-OUB","name":"Oubritenga","name_en":"Oubritenga","name_ko":"우브리텡가 현","type":"Province","labelLongitude":-1.286,"labelLatitude":12.648,"minZoom":9},"geometry":{"type":"Polygon","coordinates":[[[-0.91,12.466],[-0.941,12.486],[-0.979,12.524],[-1.012,12.523],[-1.036,12.492],[-1.056,12.487],[-1.08,12.484],[-1.067,12.476],[-1.06,12.448],[-1.07,12.415],[-1.09,12.379],[-1.093,12.377],[-1.099,12.377],[-1.106,12.376],[-1.111,12.372],[-1.112,12.367],[-1.111,12.356],[-1.111,12.351],[-1.116,12.33],[-1.115,12.321],[-1.107,12.317],[-1.097,12.308],[-1.096,12.285],[-1.097,12.263],[-1.098,12.26],[-1.123,12.254],[-1.19,12.287],[-1.204,12.289],[-1.228,12.318],[-1.257,12.332],[-1.27,12.335],[-1.271,12.35],[-1.268,12.369],[-1.25,12.412],[-1.249,12.437],[-1.257,12.465],[-1.27,12.486],[-1.315,12.497],[-1.326,12.501],[-1.339,12.498],[-1.354,12.492],[-1.376,12.472],[-1.396,12.464],[-1.472,12.46],[-1.477,12.466],[-1.474,12.471],[-1.456,12.498],[-1.45,12.513],[-1.454,12.532],[-1.467,12.544],[-1.484,12.565],[-1.498,12.558],[-1.521,12.544],[-1.548,12.536],[-1.565,12.54],[-1.571,12.56],[-1.567,12.584],[-1.556,12.603],[-1.557,12.623],[-1.57,12.647],[-1.586,12.666],[-1.596,12.673],[-1.596,12.704],[-1.604,12.721],[-1.637,12.728],[-1.648,12.738],[-1.655,12.756],[-1.664,12.813],[-1.661,12.842],[-1.664,12.865],[-1.681,12.872],[-1.694,12.874],[-1.705,12.878],[-1.732,12.901],[-1.665,12.928],[-1.627,12.925],[-1.586,12.905],[-1.559,12.9],[-1.553,12.904],[-1.536,12.895],[-1.51,12.878],[-1.486,12.865],[-1.46,12.867],[-1.424,12.865],[-1.39,12.858],[-1.372,12.858],[-1.361,12.843],[-1.348,12.823],[-1.317,12.813],[-1.267,12.801],[-1.218,12.777],[-1.172,12.743],[-1.151,12.708],[-1.152,12.697],[-1.148,12.694],[-1.141,12.692],[-1.134,12.686],[-1.131,12.674],[-1.137,12.664],[-1.148,12.654],[-1.154,12.643],[-1.144,12.632],[-1.132,12.63],[-1.126,12.639],[-1.124,12.652],[-1.124,12.663],[-1.12,12.669],[-1.112,12.673],[-1.102,12.674],[-1.093,12.67],[-1.091,12.665],[-1.074,12.664],[-1.03,12.666],[-0.987,12.643],[-0.921,12.562],[-0.87,12.531],[-0.84,12.524],[-0.84,12.505],[-0.849,12.483],[-0.878,12.47],[-0.91,12.466]]]}},{"type":"Feature","id":"BF-OUD","properties":{"id":"BF-OUD","countryCode":"BF","isoSubdivision":"BF-OUD","name":"Oudalan","name_en":"Oudalan","name_ko":"우달란 현","type":"Province","labelLongitude":-0.412,"labelLatitude":14.577,"minZoom":9},"geometry":{"type":"Polygon","coordinates":[[[-0.468,15.08],[-0.459,15.075],[-0.436,15.015],[-0.426,15.003],[-0.398,15.002],[-0.361,15.018],[-0.299,15.055],[-0.237,15.066],[-0.167,15.05],[-0.033,14.996],[0.218,14.911],[0.221,14.888],[0.212,14.875],[0.198,14.864],[0.186,14.848],[0.184,14.82],[0.213,14.762],[0.22,14.731],[0.153,14.547],[0.159,14.496],[0.189,14.448],[0.202,14.436],[0.202,14.435],[0.18,14.41],[0.16,14.4],[0.142,14.399],[0.111,14.32],[0.088,14.296],[0.068,14.263],[-0.001,14.185],[-0.03,14.177],[-0.073,14.188],[-0.124,14.188],[-0.17,14.181],[-0.208,14.189],[-0.247,14.194],[-0.318,14.16],[-0.504,14.143],[-0.567,14.143],[-0.585,14.149],[-0.612,14.176],[-0.626,14.219],[-0.635,14.325],[-0.648,14.338],[-0.664,14.35],[-0.687,14.376],[-0.712,14.421],[-0.785,14.49],[-0.786,14.514],[-0.796,14.542],[-0.821,14.586],[-0.884,14.672],[-0.915,14.691],[-0.963,14.754],[-1.022,14.797],[-1.043,14.818],[-0.836,14.996],[-0.783,15.048],[-0.771,15.057],[-0.753,15.07],[-0.72,15.078],[-0.5,15.08],[-0.468,15.08]]]}},{"type":"Feature","id":"BF-PAS","properties":{"id":"BF-PAS","countryCode":"BF","isoSubdivision":"BF-PAS","name":"Passoré","name_en":"Passoré","name_ko":"파소레 현","type":"Province","labelLongitude":-2.107,"labelLatitude":12.873,"minZoom":9},"geometry":{"type":"Polygon","coordinates":[[[-2.477,12.701],[-2.507,12.705],[-2.511,12.726],[-2.501,12.752],[-2.487,12.774],[-2.491,12.799],[-2.51,12.813],[-2.523,12.814],[-2.535,12.812],[-2.555,12.796],[-2.569,12.783],[-2.598,12.761],[-2.637,12.736],[-2.671,12.774],[-2.7,12.798],[-2.711,12.808],[-2.71,12.84],[-2.697,12.907],[-2.69,12.927],[-2.688,12.935],[-2.686,12.956],[-2.686,12.97],[-2.665,12.965],[-2.618,12.962],[-2.565,12.963],[-2.528,12.958],[-2.493,12.961],[-2.446,12.97],[-2.418,12.978],[-2.37,13.029],[-2.331,13.052],[-2.236,13.091],[-2.202,13.083],[-2.161,13.066],[-2.129,13.064],[-2.103,13.051],[-2.09,13.029],[-2.078,13.032],[-2.018,13.029],[-2.005,13.038],[-1.993,13.057],[-1.98,13.071],[-1.964,13.068],[-1.946,13.061],[-1.922,13.066],[-1.905,13.11],[-1.895,13.127],[-1.87,13.141],[-1.847,13.128],[-1.829,13.098],[-1.778,13.104],[-1.742,13.122],[-1.735,13.116],[-1.694,13.084],[-1.676,13.058],[-1.657,13.037],[-1.644,13.029],[-1.629,13.034],[-1.621,13.035],[-1.617,13.026],[-1.615,13.017],[-1.609,13.016],[-1.602,13.019],[-1.597,13.023],[-1.589,13.023],[-1.573,13.005],[-1.557,12.997],[-1.511,12.996],[-1.502,12.994],[-1.531,12.949],[-1.543,12.911],[-1.553,12.904],[-1.559,12.9],[-1.586,12.905],[-1.627,12.925],[-1.665,12.928],[-1.732,12.901],[-1.861,12.87],[-1.941,12.797],[-1.961,12.761],[-1.964,12.724],[-1.95,12.691],[-1.941,12.677],[-1.953,12.669],[-1.972,12.672],[-1.987,12.697],[-2.009,12.708],[-2.058,12.708],[-2.07,12.699],[-2.087,12.692],[-2.148,12.699],[-2.178,12.698],[-2.241,12.682],[-2.272,12.672],[-2.29,12.659],[-2.298,12.656],[-2.31,12.648],[-2.316,12.649],[-2.363,12.633],[-2.38,12.63],[-2.405,12.622],[-2.437,12.616],[-2.451,12.618],[-2.458,12.635],[-2.444,12.661],[-2.419,12.682],[-2.411,12.697],[-2.433,12.703],[-2.477,12.701]]]}},{"type":"Feature","id":"BF-PON","properties":{"id":"BF-PON","countryCode":"BF","isoSubdivision":"BF-PON","name":"Poni","name_en":"Poni","name_ko":"포니 현","type":"Province","labelLongitude":-3.34,"labelLatitude":10.251,"minZoom":9},"geometry":{"type":"Polygon","coordinates":[[[-3.606,9.918],[-3.623,9.922],[-3.634,9.929],[-3.641,9.937],[-3.648,9.945],[-3.662,9.949],[-3.665,9.947],[-3.674,9.935],[-3.68,9.932],[-3.686,9.933],[-3.699,9.941],[-3.706,9.942],[-3.755,9.936],[-3.77,9.931],[-3.78,9.925],[-3.796,9.908],[-3.804,9.901],[-3.823,9.896],[-3.89,9.894],[-3.892,9.894],[-3.891,9.9],[-3.891,9.916],[-3.894,9.935],[-3.924,9.966],[-3.981,10.012],[-3.99,10.038],[-3.987,10.052],[-3.976,10.084],[-3.968,10.1],[-3.946,10.101],[-3.916,10.094],[-3.893,10.093],[-3.85,10.106],[-3.817,10.124],[-3.806,10.137],[-3.788,10.176],[-3.756,10.22],[-3.749,10.237],[-3.751,10.254],[-3.758,10.272],[-3.765,10.306],[-3.769,10.319],[-3.777,10.334],[-3.777,10.351],[-3.772,10.357],[-3.768,10.365],[-3.739,10.401],[-3.728,10.424],[-3.721,10.446],[-3.711,10.457],[-3.702,10.463],[-3.698,10.468],[-3.697,10.484],[-3.701,10.512],[-3.7,10.599],[-3.698,10.61],[-3.695,10.62],[-3.693,10.637],[-3.694,10.644],[-3.64,10.658],[-3.598,10.663],[-3.558,10.658],[-3.527,10.645],[-3.508,10.633],[-3.496,10.63],[-3.475,10.632],[-3.426,10.649],[-3.396,10.647],[-3.374,10.637],[-3.355,10.625],[-3.318,10.593],[-3.298,10.599],[-3.271,10.615],[-3.251,10.622],[-3.232,10.626],[-3.199,10.638],[-3.129,10.698],[-3.088,10.723],[-3.07,10.729],[-3.057,10.735],[-3.053,10.741],[-3.029,10.745],[-3.004,10.743],[-2.988,10.724],[-2.981,10.708],[-2.97,10.698],[-2.948,10.698],[-2.934,10.702],[-2.92,10.711],[-2.919,10.707],[-2.917,10.707],[-2.913,10.706],[-2.908,10.704],[-2.905,10.699],[-2.905,10.693],[-2.907,10.688],[-2.91,10.684],[-2.916,10.668],[-2.93,10.644],[-2.933,10.634],[-2.928,10.615],[-2.898,10.563],[-2.896,10.553],[-2.894,10.531],[-2.892,10.522],[-2.887,10.516],[-2.873,10.502],[-2.87,10.498],[-2.867,10.478],[-2.86,10.466],[-2.824,10.435],[-2.812,10.429],[-2.796,10.426],[-2.771,10.425],[-2.768,10.421],[-2.772,10.412],[-2.781,10.402],[-2.792,10.398],[-2.805,10.397],[-2.815,10.394],[-2.822,10.388],[-2.829,10.378],[-2.836,10.364],[-2.841,10.343],[-2.841,10.322],[-2.833,10.306],[-2.824,10.302],[-2.814,10.301],[-2.806,10.299],[-2.802,10.292],[-2.8,10.281],[-2.793,10.279],[-2.784,10.279],[-2.775,10.275],[-2.765,10.269],[-2.758,10.266],[-2.755,10.261],[-2.754,10.248],[-2.758,10.235],[-2.765,10.226],[-2.785,10.21],[-2.798,10.19],[-2.799,10.17],[-2.788,10.124],[-2.788,10.092],[-2.83,10.101],[-2.863,10.11],[-2.892,10.101],[-2.91,10.069],[-2.919,10.019],[-2.939,10.004],[-2.981,10.01],[-3.022,10.042],[-3.051,10.075],[-3.101,10.075],[-3.155,10.078],[-3.184,10.054],[-3.181,10.004],[-3.208,9.963],[-3.203,9.908],[-3.215,9.916],[-3.23,9.905],[-3.264,9.857],[-3.278,9.843],[-3.302,9.841],[-3.312,9.854],[-3.314,9.875],[-3.313,9.895],[-3.317,9.901],[-3.328,9.897],[-3.339,9.89],[-3.348,9.887],[-3.359,9.892],[-3.377,9.908],[-3.389,9.913],[-3.546,9.926],[-3.606,9.918]]]}},{"type":"Feature","id":"BF-SEN","properties":{"id":"BF-SEN","countryCode":"BF","isoSubdivision":"BF-SEN","name":"Séno","name_en":"Séno","name_ko":"세노 현","type":"Province","labelLongitude":-0.071,"labelLatitude":13.867,"minZoom":9},"geometry":{"type":"Polygon","coordinates":[[[0.202,14.436],[0.346,14.308],[0.389,14.252],[0.392,14.246],[0.391,14.238],[0.381,14.226],[0.377,14.217],[0.372,14.186],[0.367,14.174],[0.343,14.138],[0.339,14.126],[0.344,14.114],[0.356,14.096],[0.362,14.089],[0.369,14.084],[0.374,14.079],[0.378,14.07],[0.377,14.064],[0.369,14.048],[0.369,14.039],[0.378,14.029],[0.391,14.023],[0.402,14.014],[0.404,13.996],[0.412,13.978],[0.428,13.967],[0.446,13.959],[0.457,13.947],[0.456,13.938],[0.448,13.92],[0.449,13.91],[0.455,13.902],[0.476,13.889],[0.484,13.88],[0.492,13.862],[0.5,13.851],[0.494,13.839],[0.485,13.829],[0.468,13.813],[0.445,13.802],[0.4,13.8],[0.388,13.784],[0.376,13.762],[0.359,13.75],[0.313,13.748],[0.269,13.732],[0.254,13.713],[0.247,13.699],[0.242,13.684],[0.222,13.669],[0.196,13.666],[0.178,13.656],[0.166,13.642],[0.151,13.629],[0.129,13.618],[0.117,13.615],[0.106,13.61],[0.09,13.6],[0.062,13.578],[0.014,13.562],[-0.015,13.548],[-0.058,13.542],[-0.094,13.557],[-0.138,13.57],[-0.172,13.571],[-0.189,13.548],[-0.209,13.512],[-0.226,13.497],[-0.245,13.532],[-0.24,13.561],[-0.222,13.589],[-0.22,13.617],[-0.263,13.628],[-0.329,13.631],[-0.368,13.651],[-0.395,13.683],[-0.422,13.705],[-0.445,13.739],[-0.452,13.785],[-0.466,13.818],[-0.524,13.878],[-0.552,13.899],[-0.591,13.917],[-0.608,13.923],[-0.616,13.929],[-0.629,13.944],[-0.638,13.962],[-0.642,13.971],[-0.63,13.972],[-0.598,13.983],[-0.571,14.009],[-0.558,14.048],[-0.551,14.092],[-0.558,14.127],[-0.567,14.143],[-0.504,14.143],[-0.318,14.16],[-0.247,14.194],[-0.208,14.189],[-0.17,14.181],[-0.124,14.188],[-0.073,14.188],[-0.03,14.177],[-0.001,14.185],[0.068,14.263],[0.088,14.296],[0.111,14.32],[0.142,14.399],[0.16,14.4],[0.18,14.41],[0.202,14.435],[0.202,14.436]]]}},{"type":"Feature","id":"BF-SIS","properties":{"id":"BF-SIS","countryCode":"BF","isoSubdivision":"BF-SIS","name":"Sissili","name_en":"Sissili","name_ko":"시실리 현","type":"Province","labelLongitude":-2.109,"labelLatitude":11.181,"minZoom":9},"geometry":{"type":"Polygon","coordinates":[[[-1.414,11.014],[-1.424,11.018],[-1.436,11.023],[-1.562,11.027],[-1.58,11.021],[-1.587,11.004],[-1.599,10.997],[-1.754,10.996],[-1.973,10.994],[-2.198,10.991],[-2.44,10.989],[-2.635,10.987],[-2.729,10.986],[-2.728,10.997],[-2.727,11.008],[-2.723,11.025],[-2.714,11.04],[-2.7,11.05],[-2.666,11.05],[-2.653,11.056],[-2.646,11.07],[-2.64,11.089],[-2.637,11.11],[-2.648,11.132],[-2.667,11.15],[-2.714,11.184],[-2.733,11.186],[-2.755,11.15],[-2.768,11.144],[-2.779,11.137],[-2.789,11.139],[-2.788,11.159],[-2.796,11.218],[-2.804,11.233],[-2.8,11.243],[-2.783,11.282],[-2.767,11.301],[-2.743,11.325],[-2.716,11.335],[-2.69,11.328],[-2.66,11.324],[-2.624,11.323],[-2.601,11.342],[-2.582,11.361],[-2.556,11.365],[-2.539,11.374],[-2.525,11.389],[-2.525,11.411],[-2.543,11.43],[-2.624,11.48],[-2.652,11.501],[-2.666,11.516],[-2.671,11.581],[-2.677,11.603],[-2.68,11.61],[-2.658,11.613],[-2.593,11.612],[-2.582,11.636],[-2.582,11.685],[-2.572,11.726],[-2.555,11.761],[-2.536,11.791],[-2.512,11.809],[-2.418,11.862],[-2.382,11.873],[-2.35,11.877],[-2.279,11.897],[-2.253,11.902],[-2.24,11.91],[-2.231,11.877],[-2.225,11.824],[-2.23,11.812],[-2.232,11.794],[-2.222,11.771],[-2.22,11.748],[-2.223,11.726],[-2.244,11.716],[-2.286,11.717],[-2.323,11.723],[-2.34,11.72],[-2.35,11.604],[-2.349,11.573],[-2.336,11.545],[-2.311,11.525],[-2.286,11.516],[-2.237,11.519],[-2.211,11.516],[-2.191,11.504],[-2.172,11.488],[-2.16,11.476],[-2.16,11.471],[-2.159,11.457],[-2.153,11.43],[-2.137,11.401],[-2.118,11.377],[-2.097,11.359],[-2.077,11.347],[-2.054,11.338],[-2.042,11.322],[-2.038,11.304],[-2.021,11.294],[-2.001,11.288],[-1.985,11.287],[-1.975,11.293],[-1.963,11.316],[-1.949,11.333],[-1.918,11.359],[-1.871,11.346],[-1.862,11.337],[-1.858,11.321],[-1.848,11.308],[-1.831,11.291],[-1.805,11.288],[-1.787,11.297],[-1.771,11.306],[-1.743,11.328],[-1.723,11.353],[-1.696,11.367],[-1.678,11.368],[-1.663,11.368],[-1.636,11.363],[-1.625,11.349],[-1.62,11.338],[-1.588,11.322],[-1.589,11.312],[-1.589,11.271],[-1.599,11.256],[-1.609,11.229],[-1.615,11.204],[-1.629,11.186],[-1.645,11.161],[-1.639,11.141],[-1.613,11.13],[-1.594,11.115],[-1.578,11.105],[-1.564,11.1],[-1.55,11.092],[-1.507,11.076],[-1.469,11.078],[-1.464,11.068],[-1.461,11.052],[-1.445,11.043],[-1.425,11.047],[-1.414,11.027],[-1.414,11.014]]]}},{"type":"Feature","id":"BF-SMT","properties":{"id":"BF-SMT","countryCode":"BF","isoSubdivision":"BF-SMT","name":"Sanmatenga","name_en":"Sanmatenga","name_ko":"산마텡가 현","type":"Province","labelLongitude":-1.08,"labelLatitude":13.227,"minZoom":9},"geometry":{"type":"Polygon","coordinates":[[[-0.673,12.676],[-0.697,12.679],[-0.735,12.675],[-0.75,12.651],[-0.745,12.616],[-0.744,12.593],[-0.777,12.563],[-0.816,12.537],[-0.84,12.524],[-0.87,12.531],[-0.921,12.562],[-0.987,12.643],[-1.03,12.666],[-1.074,12.664],[-1.091,12.665],[-1.093,12.67],[-1.102,12.674],[-1.112,12.673],[-1.12,12.669],[-1.124,12.663],[-1.124,12.652],[-1.126,12.639],[-1.132,12.63],[-1.144,12.632],[-1.154,12.643],[-1.148,12.654],[-1.137,12.664],[-1.131,12.674],[-1.134,12.686],[-1.141,12.692],[-1.148,12.694],[-1.152,12.697],[-1.151,12.708],[-1.172,12.743],[-1.218,12.777],[-1.267,12.801],[-1.317,12.813],[-1.348,12.823],[-1.361,12.843],[-1.372,12.858],[-1.39,12.858],[-1.424,12.865],[-1.46,12.867],[-1.486,12.865],[-1.51,12.878],[-1.536,12.895],[-1.553,12.904],[-1.543,12.911],[-1.531,12.949],[-1.502,12.994],[-1.504,13.014],[-1.524,13.047],[-1.522,13.078],[-1.488,13.11],[-1.431,13.13],[-1.376,13.141],[-1.334,13.14],[-1.299,13.135],[-1.296,13.161],[-1.303,13.204],[-1.299,13.229],[-1.282,13.259],[-1.277,13.287],[-1.303,13.342],[-1.339,13.384],[-1.358,13.423],[-1.332,13.455],[-1.321,13.494],[-1.335,13.538],[-1.336,13.562],[-1.322,13.578],[-1.306,13.607],[-1.289,13.65],[-1.298,13.684],[-1.333,13.739],[-1.292,13.742],[-1.248,13.754],[-1.203,13.761],[-1.152,13.761],[-1.076,13.791],[-1.052,13.788],[-0.981,13.823],[-0.852,13.851],[-0.711,13.921],[-0.658,13.97],[-0.642,13.971],[-0.638,13.962],[-0.629,13.944],[-0.616,13.929],[-0.608,13.923],[-0.657,13.885],[-0.667,13.852],[-0.662,13.798],[-0.673,13.732],[-0.693,13.699],[-0.715,13.691],[-0.738,13.674],[-0.75,13.642],[-0.749,13.585],[-0.724,13.476],[-0.707,13.447],[-0.688,13.43],[-0.676,13.361],[-0.661,13.31],[-0.65,13.255],[-0.656,13.202],[-0.676,13.144],[-0.683,13.082],[-0.676,13.022],[-0.681,12.986],[-0.693,12.966],[-0.721,12.96],[-0.789,13],[-0.805,12.995],[-0.811,12.982],[-0.806,12.953],[-0.784,12.899],[-0.747,12.841],[-0.701,12.791],[-0.676,12.739],[-0.673,12.676]]]}},{"type":"Feature","id":"BF-SNG","properties":{"id":"BF-SNG","countryCode":"BF","isoSubdivision":"BF-SNG","name":"Sanguié","name_en":"Sanguié","name_ko":"상기에 현","type":"Province","labelLongitude":-2.573,"labelLatitude":12.251,"minZoom":9},"geometry":{"type":"Polygon","coordinates":[[[-2.881,12.008],[-2.885,12.008],[-2.887,12.011],[-2.892,12.022],[-2.909,12.033],[-2.916,12.041],[-2.919,12.053],[-2.917,12.064],[-2.908,12.082],[-2.906,12.088],[-2.896,12.104],[-2.875,12.099],[-2.819,12.066],[-2.808,12.064],[-2.803,12.074],[-2.801,12.085],[-2.793,12.109],[-2.793,12.115],[-2.806,12.13],[-2.817,12.15],[-2.823,12.172],[-2.824,12.187],[-2.831,12.214],[-2.844,12.23],[-2.882,12.259],[-2.887,12.278],[-2.881,12.301],[-2.869,12.322],[-2.838,12.339],[-2.837,12.359],[-2.841,12.367],[-2.764,12.435],[-2.72,12.512],[-2.728,12.534],[-2.74,12.56],[-2.751,12.592],[-2.748,12.622],[-2.733,12.641],[-2.718,12.657],[-2.691,12.674],[-2.666,12.693],[-2.637,12.736],[-2.598,12.761],[-2.569,12.783],[-2.555,12.796],[-2.535,12.812],[-2.523,12.814],[-2.51,12.813],[-2.491,12.799],[-2.487,12.774],[-2.501,12.752],[-2.511,12.726],[-2.507,12.705],[-2.477,12.701],[-2.433,12.703],[-2.411,12.697],[-2.419,12.682],[-2.444,12.661],[-2.458,12.635],[-2.451,12.618],[-2.437,12.616],[-2.405,12.622],[-2.38,12.63],[-2.363,12.633],[-2.316,12.649],[-2.31,12.648],[-2.306,12.635],[-2.294,12.611],[-2.281,12.591],[-2.27,12.595],[-2.257,12.615],[-2.234,12.631],[-2.222,12.612],[-2.236,12.57],[-2.259,12.533],[-2.326,12.491],[-2.349,12.465],[-2.383,12.448],[-2.415,12.445],[-2.424,12.426],[-2.419,12.409],[-2.41,12.398],[-2.396,12.287],[-2.396,12.225],[-2.421,12.196],[-2.461,12.174],[-2.476,12.156],[-2.45,12.133],[-2.432,12.108],[-2.453,12.082],[-2.473,12.065],[-2.482,12.06],[-2.481,12.039],[-2.471,12.004],[-2.444,11.994],[-2.413,11.99],[-2.369,11.951],[-2.346,11.939],[-2.314,11.946],[-2.271,11.966],[-2.24,11.965],[-2.246,11.939],[-2.256,11.913],[-2.253,11.902],[-2.279,11.897],[-2.35,11.877],[-2.382,11.873],[-2.418,11.862],[-2.512,11.809],[-2.536,11.791],[-2.555,11.761],[-2.572,11.726],[-2.582,11.685],[-2.582,11.636],[-2.593,11.612],[-2.658,11.613],[-2.68,11.61],[-2.686,11.613],[-2.704,11.634],[-2.762,11.719],[-2.761,11.725],[-2.773,11.753],[-2.801,11.763],[-2.861,11.762],[-2.89,11.767],[-2.915,11.78],[-2.924,11.798],[-2.906,11.817],[-2.898,11.815],[-2.886,11.812],[-2.876,11.811],[-2.871,11.82],[-2.832,11.867],[-2.831,11.881],[-2.841,11.893],[-2.858,11.906],[-2.878,11.93],[-2.876,11.94],[-2.867,11.957],[-2.865,11.964],[-2.863,11.976],[-2.86,11.986],[-2.86,11.996],[-2.865,12.008],[-2.868,12.009],[-2.881,12.008]]]}},{"type":"Feature","id":"BF-SOM","properties":{"id":"BF-SOM","countryCode":"BF","isoSubdivision":"BF-SOM","name":"Soum","name_en":"Soum","name_ko":"숨 현","type":"Province","labelLongitude":-1.318,"labelLatitude":14.235,"minZoom":9},"geometry":{"type":"Polygon","coordinates":[[[-1.837,14.48],[-1.767,14.483],[-1.697,14.496],[-1.35,14.715],[-1.308,14.735],[-1.117,14.78],[-1.079,14.796],[-1.043,14.818],[-1.022,14.797],[-0.963,14.754],[-0.915,14.691],[-0.884,14.672],[-0.821,14.586],[-0.796,14.542],[-0.786,14.514],[-0.785,14.49],[-0.712,14.421],[-0.687,14.376],[-0.664,14.35],[-0.648,14.338],[-0.635,14.325],[-0.626,14.219],[-0.612,14.176],[-0.585,14.149],[-0.567,14.143],[-0.558,14.127],[-0.551,14.092],[-0.558,14.048],[-0.571,14.009],[-0.598,13.983],[-0.63,13.972],[-0.642,13.971],[-0.658,13.97],[-0.711,13.921],[-0.852,13.851],[-0.981,13.823],[-1.052,13.788],[-1.076,13.791],[-1.152,13.761],[-1.203,13.761],[-1.248,13.754],[-1.292,13.742],[-1.333,13.739],[-1.337,13.745],[-1.367,13.756],[-1.418,13.768],[-1.473,13.792],[-1.511,13.833],[-1.523,13.881],[-1.535,13.903],[-1.616,13.861],[-1.656,13.857],[-1.697,13.826],[-1.747,13.729],[-1.783,13.763],[-1.815,13.799],[-1.871,13.898],[-1.873,13.938],[-1.865,13.977],[-1.864,13.994],[-1.924,14.026],[-2.009,14.086],[-2.04,14.103],[-2.085,14.16],[-2.036,14.181],[-2.027,14.188],[-2.023,14.199],[-2.005,14.444],[-1.997,14.471],[-1.967,14.484],[-1.919,14.486],[-1.837,14.48]]]}},{"type":"Feature","id":"BF-SOR","properties":{"id":"BF-SOR","countryCode":"BF","isoSubdivision":"BF-SOR","name":"Sourou","name_en":"Sourou","name_ko":"수루 현","type":"Province","labelLongitude":-2.96,"labelLatitude":13.288,"minZoom":9},"geometry":{"type":"Polygon","coordinates":[[[-2.972,13.624],[-2.965,13.626],[-2.93,13.639],[-2.929,13.636],[-2.922,13.626],[-2.901,13.599],[-2.86,13.558],[-2.825,13.541],[-2.731,13.52],[-2.708,13.507],[-2.698,13.486],[-2.681,13.472],[-2.659,13.467],[-2.64,13.458],[-2.632,13.448],[-2.629,13.426],[-2.629,13.407],[-2.624,13.361],[-2.598,13.314],[-2.591,13.293],[-2.569,13.279],[-2.542,13.266],[-2.516,13.265],[-2.492,13.27],[-2.462,13.265],[-2.443,13.253],[-2.453,13.225],[-2.497,13.165],[-2.528,13.114],[-2.549,13.091],[-2.584,13.082],[-2.616,13.083],[-2.661,13.09],[-2.683,13.086],[-2.696,13.058],[-2.696,13.02],[-2.686,12.97],[-2.686,12.956],[-2.688,12.935],[-2.69,12.927],[-2.725,12.934],[-2.74,12.935],[-2.765,12.93],[-2.796,12.9],[-2.824,12.895],[-2.858,12.897],[-2.889,12.904],[-2.915,12.917],[-2.938,12.934],[-2.97,12.954],[-3.002,12.953],[-3.022,12.932],[-3.038,12.928],[-3.059,12.941],[-3.083,12.949],[-3.105,12.948],[-3.129,12.944],[-3.147,12.947],[-3.162,12.965],[-3.176,12.99],[-3.192,12.999],[-3.274,12.983],[-3.298,12.963],[-3.302,12.942],[-3.311,12.928],[-3.367,12.898],[-3.387,12.879],[-3.397,12.86],[-3.404,12.813],[-3.417,12.794],[-3.426,12.786],[-3.433,12.793],[-3.448,12.813],[-3.461,12.842],[-3.472,12.951],[-3.462,13.008],[-3.477,13.072],[-3.469,13.145],[-3.469,13.16],[-3.474,13.168],[-3.462,13.166],[-3.449,13.169],[-3.439,13.185],[-3.441,13.203],[-3.452,13.238],[-3.449,13.266],[-3.427,13.274],[-3.262,13.284],[-3.249,13.293],[-3.284,13.542],[-3.269,13.579],[-3.264,13.603],[-3.26,13.658],[-3.266,13.682],[-3.287,13.698],[-3.267,13.717],[-3.24,13.708],[-3.196,13.675],[-3.168,13.672],[-3.146,13.677],[-3.125,13.677],[-3.1,13.663],[-3.082,13.646],[-3.077,13.637],[-3.075,13.622],[-3.068,13.607],[-3.056,13.611],[-3.039,13.63],[-3.027,13.635],[-3.019,13.638],[-2.995,13.635],[-2.986,13.632],[-2.979,13.628],[-2.972,13.624]]]}},{"type":"Feature","id":"BF-TAP","properties":{"id":"BF-TAP","countryCode":"BF","isoSubdivision":"BF-TAP","name":"Tapoa","name_en":"Tapoa","name_ko":"타포아 현","type":"Province","labelLongitude":1.795,"labelLatitude":12.019,"minZoom":9},"geometry":{"type":"Polygon","coordinates":[[[2.39,11.897],[2.354,11.8],[2.34,11.774],[2.302,11.732],[2.291,11.703],[2.29,11.686],[2.291,11.675],[2.287,11.665],[2.274,11.652],[2.22,11.623],[2.147,11.564],[2.015,11.432],[2.011,11.427],[1.983,11.414],[1.948,11.417],[1.906,11.433],[1.88,11.445],[1.868,11.447],[1.858,11.44],[1.841,11.445],[1.822,11.442],[1.782,11.426],[1.763,11.425],[1.719,11.428],[1.703,11.423],[1.684,11.414],[1.638,11.404],[1.621,11.395],[1.602,11.389],[1.581,11.427],[1.563,11.426],[1.565,11.433],[1.567,11.447],[1.569,11.453],[1.475,11.461],[1.456,11.465],[1.44,11.474],[1.434,11.459],[1.424,11.454],[1.423,11.454],[1.422,11.455],[1.411,11.466],[1.339,11.524],[1.262,11.573],[1.233,11.615],[1.237,11.701],[1.23,11.716],[1.246,11.727],[1.268,11.765],[1.279,11.808],[1.294,11.844],[1.304,11.893],[1.304,11.945],[1.33,12.108],[1.331,12.139],[1.303,12.149],[1.267,12.155],[1.224,12.178],[1.201,12.23],[1.212,12.273],[1.219,12.317],[1.2,12.418],[1.2,12.471],[1.22,12.516],[1.243,12.555],[1.264,12.646],[1.273,12.669],[1.28,12.701],[1.269,12.731],[1.264,12.756],[1.269,12.774],[1.305,12.838],[1.305,12.839],[1.331,12.817],[1.412,12.75],[1.467,12.704],[1.536,12.647],[1.564,12.632],[1.597,12.624],[1.699,12.615],[1.826,12.604],[1.844,12.606],[1.861,12.617],[1.873,12.634],[1.883,12.654],[1.9,12.678],[1.907,12.692],[1.911,12.697],[1.92,12.698],[1.927,12.695],[1.934,12.694],[1.946,12.701],[1.962,12.719],[1.972,12.724],[2.069,12.716],[2.109,12.706],[2.135,12.676],[2.141,12.656],[2.145,12.651],[2.155,12.64],[2.166,12.632],[2.184,12.621],[2.193,12.609],[2.2,12.596],[2.203,12.583],[2.211,12.523],[2.216,12.51],[2.224,12.495],[2.23,12.487],[2.242,12.473],[2.246,12.466],[2.246,12.462],[2.243,12.451],[2.243,12.446],[2.245,12.424],[2.238,12.413],[2.223,12.41],[2.164,12.405],[2.159,12.406],[2.148,12.411],[2.145,12.412],[2.139,12.408],[2.131,12.399],[2.127,12.395],[2.069,12.383],[2.054,12.371],[2.052,12.342],[2.071,12.307],[2.114,12.248],[2.189,12.145],[2.259,12.049],[2.338,11.94],[2.39,11.897]]]}},{"type":"Feature","id":"BF-TUI","properties":{"id":"BF-TUI","countryCode":"BF","isoSubdivision":"BF-TUI","name":"Tuy","name_en":"Tuy","name_ko":"투이 현","type":"Province","labelLongitude":-3.41,"labelLatitude":11.366,"minZoom":9},"geometry":{"type":"Polygon","coordinates":[[[-3.587,11.757],[-3.545,11.729],[-3.508,11.712],[-3.446,11.7],[-3.414,11.688],[-3.396,11.678],[-3.392,11.671],[-3.398,11.658],[-3.42,11.6],[-3.413,11.588],[-3.38,11.579],[-3.367,11.565],[-3.352,11.555],[-3.329,11.552],[-3.31,11.546],[-3.304,11.539],[-3.305,11.503],[-3.298,11.48],[-3.277,11.459],[-3.251,11.468],[-3.23,11.486],[-3.214,11.478],[-3.197,11.483],[-3.177,11.504],[-3.154,11.517],[-3.131,11.524],[-3.108,11.537],[-3.076,11.563],[-3.064,11.57],[-3.05,11.574],[-3.026,11.571],[-2.999,11.557],[-2.981,11.541],[-2.962,11.534],[-2.943,11.538],[-2.93,11.543],[-2.916,11.539],[-2.899,11.528],[-2.886,11.524],[-2.879,11.531],[-2.874,11.541],[-2.863,11.541],[-2.849,11.533],[-2.829,11.519],[-2.829,11.504],[-2.83,11.494],[-2.834,11.489],[-2.851,11.474],[-2.848,11.466],[-2.835,11.45],[-2.83,11.44],[-2.828,11.43],[-2.83,11.395],[-2.832,11.384],[-2.842,11.366],[-2.844,11.354],[-2.842,11.322],[-2.844,11.31],[-2.859,11.288],[-2.868,11.291],[-2.901,11.306],[-2.938,11.319],[-2.979,11.327],[-3.005,11.34],[-3.043,11.343],[-3.084,11.33],[-3.116,11.326],[-3.131,11.34],[-3.157,11.35],[-3.198,11.338],[-3.229,11.315],[-3.27,11.265],[-3.283,11.246],[-3.29,11.229],[-3.299,11.182],[-3.303,11.171],[-3.324,11.162],[-3.342,11.164],[-3.362,11.163],[-3.384,11.149],[-3.418,11.143],[-3.446,11.162],[-3.456,11.143],[-3.475,11.132],[-3.492,11.131],[-3.503,11.125],[-3.525,11.089],[-3.536,11.078],[-3.555,11.076],[-3.561,11.067],[-3.567,11.056],[-3.573,11.047],[-3.582,11.041],[-3.593,11.036],[-3.597,11.029],[-3.592,11.018],[-3.583,11.009],[-3.579,11],[-3.586,10.972],[-3.602,10.97],[-3.625,10.969],[-3.642,10.98],[-3.701,11.036],[-3.72,11.051],[-3.742,11.07],[-3.763,11.097],[-3.79,11.14],[-3.797,11.144],[-3.802,11.148],[-3.831,11.142],[-3.859,11.142],[-3.876,11.164],[-3.882,11.199],[-3.85,11.331],[-3.849,11.359],[-3.871,11.362],[-3.89,11.381],[-3.895,11.418],[-3.906,11.466],[-3.915,11.478],[-3.935,11.493],[-3.953,11.513],[-3.97,11.54],[-3.98,11.573],[-3.987,11.604],[-3.991,11.638],[-3.958,11.736],[-3.963,11.804],[-3.955,11.834],[-3.949,11.851],[-3.944,11.848],[-3.919,11.846],[-3.915,11.837],[-3.912,11.827],[-3.896,11.816],[-3.878,11.807],[-3.873,11.798],[-3.876,11.785],[-3.872,11.773],[-3.86,11.767],[-3.843,11.763],[-3.821,11.753],[-3.802,11.742],[-3.788,11.732],[-3.773,11.724],[-3.751,11.72],[-3.732,11.719],[-3.718,11.725],[-3.699,11.737],[-3.678,11.747],[-3.66,11.752],[-3.597,11.755],[-3.587,11.757]]]}},{"type":"Feature","id":"BF-YAG","properties":{"id":"BF-YAG","countryCode":"BF","isoSubdivision":"BF-YAG","name":"Yagha","name_en":"Yagha","name_ko":"야가 현","type":"Province","labelLongitude":0.665,"labelLatitude":13.323,"minZoom":9},"geometry":{"type":"Polygon","coordinates":[[[0.5,13.851],[0.504,13.845],[0.519,13.832],[0.553,13.81],[0.563,13.797],[0.574,13.785],[0.594,13.778],[0.601,13.769],[0.595,13.75],[0.585,13.729],[0.58,13.714],[0.594,13.689],[0.621,13.68],[0.753,13.684],[0.763,13.682],[0.766,13.675],[0.766,13.667],[0.767,13.661],[0.766,13.657],[0.763,13.653],[0.764,13.646],[0.776,13.635],[0.795,13.626],[0.813,13.625],[0.851,13.629],[0.897,13.615],[0.951,13.583],[0.991,13.541],[0.997,13.496],[1.015,13.466],[1.048,13.442],[1.157,13.393],[1.175,13.387],[1.217,13.382],[1.234,13.378],[1.25,13.367],[1.269,13.346],[1.242,13.336],[1.222,13.345],[1.206,13.359],[1.188,13.364],[1.182,13.359],[1.178,13.348],[1.168,13.313],[1.161,13.311],[1.138,13.32],[1.085,13.334],[1.005,13.365],[0.984,13.368],[0.97,13.328],[0.971,13.244],[0.971,13.149],[0.972,13.086],[0.971,13.086],[0.952,13.078],[0.861,13.029],[0.842,13.013],[0.823,13.001],[0.796,13.002],[0.777,12.981],[0.754,12.963],[0.725,12.965],[0.699,12.975],[0.665,12.964],[0.638,12.97],[0.614,12.955],[0.59,12.95],[0.574,12.954],[0.588,12.956],[0.596,12.972],[0.585,13.002],[0.546,13.041],[0.511,13.086],[0.484,13.114],[0.454,13.14],[0.433,13.168],[0.302,13.208],[0.257,13.247],[0.246,13.282],[0.184,13.34],[0.15,13.386],[0.122,13.448],[0.089,13.486],[0.07,13.5],[0.069,13.527],[0.066,13.56],[0.062,13.578],[0.09,13.6],[0.106,13.61],[0.117,13.615],[0.129,13.618],[0.151,13.629],[0.166,13.642],[0.178,13.656],[0.196,13.666],[0.222,13.669],[0.242,13.684],[0.247,13.699],[0.254,13.713],[0.269,13.732],[0.313,13.748],[0.359,13.75],[0.376,13.762],[0.388,13.784],[0.4,13.8],[0.445,13.802],[0.468,13.813],[0.485,13.829],[0.494,13.839],[0.5,13.851]]]}},{"type":"Feature","id":"BF-YAT","properties":{"id":"BF-YAT","countryCode":"BF","isoSubdivision":"BF-YAT","name":"Yatenga","name_en":"Yatenga","name_ko":"야텡가 현","type":"Province","labelLongitude":-2.325,"labelLatitude":13.681,"minZoom":9},"geometry":{"type":"Polygon","coordinates":[[[-2.867,14.001],[-2.841,14.043],[-2.693,14.123],[-2.676,14.142],[-2.622,14.093],[-2.587,14.046],[-2.577,14.02],[-2.578,13.999],[-2.568,13.991],[-2.546,13.984],[-2.531,13.984],[-2.519,13.994],[-2.503,14],[-2.486,13.995],[-2.471,13.998],[-2.461,14.014],[-2.444,14.03],[-2.42,14.043],[-2.386,14.043],[-2.353,14.028],[-2.31,13.985],[-2.287,13.977],[-2.271,13.97],[-2.265,13.916],[-2.248,13.892],[-2.218,13.882],[-2.199,13.865],[-2.206,13.833],[-2.207,13.8],[-2.187,13.757],[-2.179,13.747],[-2.149,13.659],[-2.116,13.528],[-2.094,13.523],[-2.058,13.526],[-2.029,13.523],[-2.005,13.517],[-1.952,13.529],[-1.921,13.531],[-1.878,13.542],[-1.839,13.464],[-1.843,13.364],[-1.84,13.341],[-1.824,13.319],[-1.801,13.296],[-1.794,13.278],[-1.771,13.276],[-1.746,13.259],[-1.73,13.228],[-1.721,13.202],[-1.72,13.172],[-1.727,13.152],[-1.74,13.134],[-1.742,13.122],[-1.778,13.104],[-1.829,13.098],[-1.847,13.128],[-1.87,13.141],[-1.895,13.127],[-1.905,13.11],[-1.922,13.066],[-1.946,13.061],[-1.964,13.068],[-1.98,13.071],[-1.993,13.057],[-2.005,13.038],[-2.018,13.029],[-2.078,13.032],[-2.09,13.029],[-2.103,13.051],[-2.129,13.064],[-2.149,13.081],[-2.145,13.111],[-2.141,13.114],[-2.127,13.12],[-2.124,13.122],[-2.123,13.124],[-2.118,13.146],[-2.111,13.151],[-2.104,13.152],[-2.099,13.155],[-2.096,13.163],[-2.098,13.172],[-2.103,13.186],[-2.104,13.194],[-2.093,13.226],[-2.066,13.263],[-2.078,13.288],[-2.082,13.307],[-2.083,13.323],[-2.09,13.336],[-2.111,13.342],[-2.161,13.322],[-2.179,13.328],[-2.207,13.329],[-2.236,13.333],[-2.324,13.363],[-2.377,13.366],[-2.39,13.379],[-2.401,13.388],[-2.44,13.376],[-2.458,13.364],[-2.466,13.354],[-2.474,13.345],[-2.493,13.327],[-2.517,13.315],[-2.543,13.306],[-2.581,13.299],[-2.591,13.293],[-2.598,13.314],[-2.624,13.361],[-2.629,13.407],[-2.629,13.426],[-2.632,13.448],[-2.64,13.458],[-2.659,13.467],[-2.681,13.472],[-2.698,13.486],[-2.708,13.507],[-2.731,13.52],[-2.825,13.541],[-2.86,13.558],[-2.901,13.599],[-2.922,13.626],[-2.929,13.636],[-2.93,13.639],[-2.895,13.652],[-2.923,13.746],[-2.928,13.8],[-2.912,13.838],[-2.894,13.867],[-2.855,13.996],[-2.857,13.998],[-2.859,14],[-2.862,14.002],[-2.867,14.001]]]}},{"type":"Feature","id":"BF-ZIR","properties":{"id":"BF-ZIR","countryCode":"BF","isoSubdivision":"BF-ZIR","name":"Ziro","name_en":"Ziro","name_ko":"지로 현","type":"Province","labelLongitude":-1.832,"labelLatitude":11.613,"minZoom":9},"geometry":{"type":"Polygon","coordinates":[[[-1.348,11.584],[-1.314,11.535],[-1.351,11.497],[-1.37,11.474],[-1.383,11.462],[-1.399,11.451],[-1.42,11.44],[-1.443,11.431],[-1.47,11.412],[-1.513,11.363],[-1.535,11.354],[-1.55,11.357],[-1.567,11.349],[-1.588,11.322],[-1.62,11.338],[-1.625,11.349],[-1.636,11.363],[-1.663,11.368],[-1.678,11.368],[-1.696,11.367],[-1.723,11.353],[-1.743,11.328],[-1.771,11.306],[-1.787,11.297],[-1.805,11.288],[-1.831,11.291],[-1.848,11.308],[-1.858,11.321],[-1.862,11.337],[-1.871,11.346],[-1.918,11.359],[-1.949,11.333],[-1.963,11.316],[-1.975,11.293],[-1.985,11.287],[-2.001,11.288],[-2.021,11.294],[-2.038,11.304],[-2.042,11.322],[-2.054,11.338],[-2.077,11.347],[-2.097,11.359],[-2.118,11.377],[-2.137,11.401],[-2.153,11.43],[-2.159,11.457],[-2.16,11.471],[-2.16,11.476],[-2.172,11.488],[-2.191,11.504],[-2.211,11.516],[-2.237,11.519],[-2.286,11.516],[-2.311,11.525],[-2.336,11.545],[-2.349,11.573],[-2.35,11.604],[-2.34,11.72],[-2.323,11.723],[-2.286,11.717],[-2.244,11.716],[-2.223,11.726],[-2.22,11.748],[-2.222,11.771],[-2.232,11.794],[-2.23,11.812],[-2.225,11.824],[-2.231,11.877],[-2.24,11.91],[-2.224,11.908],[-2.185,11.914],[-2.098,11.945],[-2.065,11.962],[-2.044,11.977],[-2.042,11.982],[-2.004,11.954],[-1.969,11.905],[-1.957,11.904],[-1.94,11.914],[-1.904,11.913],[-1.867,11.914],[-1.839,11.933],[-1.813,11.939],[-1.789,11.926],[-1.704,11.835],[-1.683,11.818],[-1.659,11.793],[-1.635,11.773],[-1.61,11.765],[-1.586,11.753],[-1.568,11.739],[-1.551,11.723],[-1.483,11.69],[-1.467,11.677],[-1.455,11.657],[-1.428,11.626],[-1.352,11.59],[-1.348,11.584]]]}},{"type":"Feature","id":"BF-ZON","properties":{"id":"BF-ZON","countryCode":"BF","isoSubdivision":"BF-ZON","name":"Zondoma","name_en":"Zondoma","name_ko":"존도마 현","type":"Province","labelLongitude":-2.381,"labelLatitude":13.194,"minZoom":9},"geometry":{"type":"Polygon","coordinates":[[[-2.129,13.064],[-2.161,13.066],[-2.202,13.083],[-2.236,13.091],[-2.331,13.052],[-2.37,13.029],[-2.418,12.978],[-2.446,12.97],[-2.493,12.961],[-2.528,12.958],[-2.565,12.963],[-2.618,12.962],[-2.665,12.965],[-2.686,12.97],[-2.696,13.02],[-2.696,13.058],[-2.683,13.086],[-2.661,13.09],[-2.616,13.083],[-2.584,13.082],[-2.549,13.091],[-2.528,13.114],[-2.497,13.165],[-2.453,13.225],[-2.443,13.253],[-2.462,13.265],[-2.492,13.27],[-2.516,13.265],[-2.542,13.266],[-2.569,13.279],[-2.591,13.293],[-2.581,13.299],[-2.543,13.306],[-2.517,13.315],[-2.493,13.327],[-2.474,13.345],[-2.466,13.354],[-2.458,13.364],[-2.44,13.376],[-2.401,13.388],[-2.39,13.379],[-2.377,13.366],[-2.324,13.363],[-2.236,13.333],[-2.207,13.329],[-2.179,13.328],[-2.161,13.322],[-2.111,13.342],[-2.09,13.336],[-2.083,13.323],[-2.082,13.307],[-2.078,13.288],[-2.066,13.263],[-2.093,13.226],[-2.104,13.194],[-2.103,13.186],[-2.098,13.172],[-2.096,13.163],[-2.099,13.155],[-2.104,13.152],[-2.111,13.151],[-2.118,13.146],[-2.123,13.124],[-2.124,13.122],[-2.127,13.12],[-2.141,13.114],[-2.145,13.111],[-2.149,13.081],[-2.129,13.064]]]}},{"type":"Feature","id":"BF-ZOU","properties":{"id":"BF-ZOU","countryCode":"BF","isoSubdivision":"BF-ZOU","name":"Zoundwéogo","name_en":"Zoundwéogo","name_ko":"준드웨오고 현","type":"Province","labelLongitude":-0.94,"labelLatitude":11.571,"minZoom":9},"geometry":{"type":"Polygon","coordinates":[[[-0.888,11.886],[-0.871,11.879],[-0.856,11.879],[-0.843,11.883],[-0.833,11.882],[-0.826,11.857],[-0.819,11.847],[-0.809,11.84],[-0.799,11.838],[-0.857,11.758],[-0.882,11.744],[-0.91,11.708],[-0.924,11.669],[-0.868,11.586],[-0.837,11.564],[-0.79,11.546],[-0.745,11.521],[-0.722,11.538],[-0.72,11.537],[-0.702,11.539],[-0.626,11.521],[-0.607,11.512],[-0.597,11.504],[-0.562,11.488],[-0.551,11.478],[-0.533,11.448],[-0.549,11.412],[-0.546,11.385],[-0.547,11.367],[-0.577,11.378],[-0.606,11.366],[-0.635,11.339],[-0.673,11.316],[-0.708,11.287],[-0.735,11.273],[-0.747,11.252],[-0.755,11.221],[-0.77,11.203],[-0.777,11.196],[-0.792,11.177],[-0.819,11.167],[-0.879,11.195],[-0.904,11.223],[-0.92,11.234],[-0.938,11.262],[-0.959,11.275],[-0.973,11.283],[-0.973,11.31],[-0.984,11.331],[-1.014,11.337],[-1.043,11.328],[-1.066,11.342],[-1.101,11.381],[-1.125,11.396],[-1.157,11.403],[-1.176,11.416],[-1.194,11.445],[-1.214,11.471],[-1.247,11.471],[-1.274,11.476],[-1.284,11.503],[-1.302,11.529],[-1.314,11.535],[-1.348,11.584],[-1.319,11.679],[-1.238,11.808],[-1.226,11.832],[-1.191,11.866],[-1.125,11.91],[-1.073,11.926],[-1.044,11.92],[-1.003,11.899],[-0.938,11.878],[-0.888,11.886]]]}}]}
