{"type":"FeatureCollection","features":[{"type":"Feature","id":"CF-AC","properties":{"id":"CF-AC","countryCode":"CF","isoSubdivision":"CF-AC","name":"Ouham Prefecture","name_en":"Ouham Prefecture","name_ko":"우암","type":"Prefecture","labelLongitude":17.877,"labelLatitude":6.928,"minZoom":7},"geometry":{"type":"Polygon","coordinates":[[[18.175,8.022],[18.508,8.031],[18.589,8.048],[18.618,8.09],[18.619,8.139],[18.639,8.178],[18.673,8.208],[18.715,8.229],[18.774,8.249],[18.791,8.257],[18.813,8.276],[18.855,8.34],[18.887,8.371],[18.901,8.389],[18.91,8.413],[18.921,8.432],[19.02,8.546],[19.061,8.626],[19.072,8.632],[19.075,8.627],[19.064,8.599],[19.064,8.583],[19.075,8.57],[19.076,8.529],[19.073,8.521],[19.069,8.512],[19.062,8.504],[19.06,8.501],[19.06,8.499],[19.062,8.496],[19.069,8.487],[19.071,8.479],[19.069,8.472],[19.061,8.453],[19.061,8.446],[19.062,8.439],[19.072,8.41],[19.071,8.406],[19.067,8.403],[19.061,8.401],[19.056,8.397],[19.055,8.39],[19.057,8.37],[19.056,8.364],[19.052,8.36],[19.047,8.358],[19.043,8.355],[19.042,8.349],[19.044,8.326],[19.042,8.316],[19.04,8.309],[19.029,8.295],[19.021,8.278],[19.019,8.268],[19.018,8.26],[19.02,8.255],[19.023,8.251],[19.035,8.242],[19.04,8.24],[19.044,8.238],[19.049,8.238],[19.053,8.236],[19.057,8.229],[19.061,8.179],[19.063,8.17],[19.065,8.164],[19.065,8.158],[19.062,8.154],[19.057,8.15],[19.052,8.143],[19.051,8.138],[19.051,8.133],[19.056,8.12],[19.058,8.111],[19.058,8.104],[19.055,8.099],[19.05,8.095],[19.045,8.089],[19.045,8.084],[19.048,8.08],[19.052,8.075],[19.056,8.067],[19.054,8.06],[19.044,8.034],[19.04,8.027],[19.035,8.023],[19.029,8.012],[19.028,8.003],[19.028,7.991],[19.028,7.983],[19.022,7.966],[19.023,7.96],[19.025,7.954],[19.03,7.949],[19.03,7.944],[19.029,7.939],[19.026,7.934],[19.023,7.93],[19.016,7.924],[19.011,7.921],[18.996,7.915],[18.992,7.912],[18.988,7.908],[18.989,7.904],[18.992,7.901],[19.001,7.895],[19.003,7.891],[19.005,7.885],[19.005,7.88],[19.003,7.876],[19.001,7.873],[18.998,7.872],[18.989,7.867],[18.984,7.863],[18.98,7.856],[18.979,7.85],[18.981,7.846],[18.988,7.837],[18.991,7.83],[18.991,7.825],[18.989,7.819],[18.982,7.81],[18.979,7.804],[18.978,7.798],[18.978,7.792],[18.981,7.775],[18.983,7.771],[18.987,7.767],[18.991,7.765],[18.996,7.764],[19,7.764],[19.004,7.764],[19.008,7.766],[19.012,7.766],[19.014,7.763],[19.003,7.752],[18.793,7.646],[18.745,7.604],[18.732,7.571],[18.839,7.264],[18.841,7.243],[18.836,7.237],[18.829,7.232],[18.789,7.216],[18.781,7.212],[18.773,7.204],[18.771,7.196],[18.77,7.187],[18.77,7.172],[18.769,7.165],[18.767,7.158],[18.762,7.153],[18.755,7.147],[18.728,7.132],[18.72,7.127],[18.712,7.117],[18.711,7.111],[18.713,7.106],[18.739,7.095],[18.744,7.086],[18.744,7.079],[18.739,7.075],[18.725,7.068],[18.718,7.059],[18.71,7.043],[18.699,6.999],[18.695,6.992],[18.69,6.985],[18.673,6.975],[18.664,6.968],[18.655,6.953],[18.655,6.941],[18.66,6.93],[18.684,6.911],[18.698,6.897],[18.707,6.882],[18.724,6.827],[18.728,6.819],[18.731,6.817],[18.736,6.816],[18.747,6.816],[18.752,6.814],[18.755,6.811],[18.748,6.796],[18.743,6.779],[18.745,6.765],[18.752,6.75],[18.769,6.735],[18.788,6.721],[18.809,6.709],[18.855,6.691],[18.862,6.685],[18.868,6.677],[18.872,6.662],[18.871,6.652],[18.867,6.644],[18.859,6.637],[18.808,6.611],[18.79,6.599],[18.776,6.583],[18.768,6.569],[18.752,6.514],[18.745,6.502],[18.744,6.499],[18.743,6.492],[18.746,6.481],[18.759,6.462],[18.85,6.372],[18.86,6.357],[18.864,6.342],[18.862,6.286],[18.863,6.259],[18.866,6.241],[18.871,6.228],[18.879,6.22],[18.901,6.212],[18.909,6.207],[18.911,6.2],[18.907,6.192],[18.895,6.18],[18.864,6.167],[18.857,6.162],[18.838,6.144],[18.803,6.118],[18.749,6.065],[18.731,6.053],[18.699,6.036],[18.68,6.023],[18.627,6.001],[18.625,5.996],[18.625,5.988],[18.628,5.97],[18.63,5.955],[18.628,5.938],[18.617,5.909],[18.614,5.891],[18.614,5.872],[18.622,5.846],[18.625,5.83],[18.625,5.783],[18.635,5.731],[18.622,5.735],[18.617,5.731],[18.615,5.724],[18.616,5.701],[18.615,5.687],[18.612,5.673],[18.608,5.663],[18.601,5.652],[18.591,5.644],[18.505,5.599],[18.458,5.582],[18.423,5.565],[18.413,5.563],[18.406,5.565],[18.4,5.574],[18.398,5.584],[18.399,5.619],[18.396,5.632],[18.392,5.643],[18.379,5.666],[18.374,5.678],[18.373,5.686],[18.375,5.694],[18.379,5.698],[18.383,5.701],[18.393,5.706],[18.397,5.709],[18.399,5.712],[18.402,5.717],[18.403,5.722],[18.403,5.728],[18.402,5.733],[18.397,5.738],[18.389,5.743],[18.378,5.749],[18.36,5.753],[18.338,5.756],[18.306,5.756],[18.291,5.753],[18.279,5.748],[18.275,5.749],[18.27,5.754],[18.267,5.76],[18.266,5.769],[18.266,5.778],[18.264,5.786],[18.262,5.792],[18.256,5.797],[18.244,5.8],[18.224,5.802],[18.144,5.795],[18.136,5.793],[18.132,5.791],[18.127,5.79],[18.121,5.792],[18.104,5.805],[18.094,5.81],[18.084,5.812],[18.071,5.81],[18.05,5.802],[18.038,5.8],[18.027,5.801],[18.015,5.807],[18.009,5.812],[18.007,5.819],[18.007,5.835],[18.004,5.846],[17.998,5.853],[17.946,5.876],[17.926,5.891],[17.913,5.896],[17.896,5.898],[17.866,5.89],[17.85,5.88],[17.839,5.868],[17.831,5.857],[17.823,5.849],[17.815,5.841],[17.622,5.735],[17.583,5.721],[17.1,5.713],[17.044,5.72],[17.021,5.726],[17.002,5.765],[16.981,5.794],[16.977,5.81],[16.979,5.859],[16.97,5.867],[16.964,5.885],[16.96,5.904],[16.957,5.914],[16.954,5.921],[16.951,5.925],[16.945,5.933],[16.942,5.936],[16.938,5.94],[16.935,5.947],[16.933,5.957],[16.924,6.015],[16.924,6.022],[16.925,6.032],[16.925,6.04],[16.921,6.049],[16.915,6.06],[16.908,6.091],[16.907,6.099],[16.908,6.106],[16.912,6.117],[16.917,6.119],[16.922,6.119],[16.927,6.117],[16.932,6.117],[16.937,6.118],[16.94,6.121],[16.951,6.131],[16.953,6.135],[16.952,6.14],[16.946,6.151],[16.944,6.157],[16.942,6.165],[16.94,6.197],[16.943,6.233],[16.945,6.247],[16.946,6.265],[16.947,6.277],[16.951,6.287],[16.955,6.297],[16.958,6.301],[16.961,6.304],[16.966,6.307],[16.971,6.307],[16.976,6.306],[16.98,6.304],[16.983,6.301],[16.987,6.299],[16.99,6.301],[16.996,6.306],[17,6.306],[17.003,6.306],[17.007,6.306],[17.011,6.306],[17.015,6.309],[17.019,6.321],[17.023,6.326],[17.025,6.33],[17.025,6.336],[17.022,6.345],[17.02,6.352],[17.021,6.362],[17.024,6.368],[17.028,6.371],[17.033,6.371],[17.037,6.37],[17.041,6.37],[17.044,6.372],[17.051,6.386],[17.058,6.393],[17.066,6.398],[17.071,6.4],[17.076,6.4],[17.08,6.398],[17.083,6.396],[17.088,6.395],[17.091,6.397],[17.094,6.401],[17.096,6.406],[17.098,6.411],[17.1,6.443],[17.099,6.45],[17.094,6.457],[17.089,6.461],[17.083,6.464],[17.076,6.465],[17.072,6.467],[17.068,6.469],[17.062,6.476],[17.058,6.479],[17.054,6.482],[17.05,6.485],[17.046,6.487],[17.041,6.488],[17.036,6.486],[17.028,6.481],[17.024,6.478],[17.019,6.477],[17.013,6.478],[17.008,6.48],[17.004,6.482],[17,6.483],[16.997,6.484],[16.992,6.484],[16.982,6.481],[16.977,6.481],[16.973,6.483],[16.968,6.485],[16.963,6.485],[16.959,6.483],[16.956,6.48],[16.954,6.475],[16.953,6.465],[16.951,6.461],[16.948,6.459],[16.938,6.46],[16.932,6.459],[16.923,6.455],[16.919,6.454],[16.914,6.454],[16.909,6.456],[16.899,6.46],[16.895,6.463],[16.891,6.466],[16.888,6.47],[16.882,6.478],[16.879,6.481],[16.874,6.483],[16.864,6.485],[16.859,6.487],[16.855,6.49],[16.852,6.493],[16.85,6.496],[16.848,6.499],[16.839,6.526],[16.835,6.536],[16.832,6.54],[16.828,6.544],[16.824,6.546],[16.806,6.549],[16.8,6.551],[16.797,6.555],[16.793,6.558],[16.791,6.566],[16.784,6.597],[16.779,6.606],[16.774,6.611],[16.769,6.611],[16.764,6.614],[16.759,6.627],[16.755,6.656],[16.753,6.692],[16.745,6.729],[16.731,6.765],[16.727,6.779],[16.724,6.805],[16.725,6.876],[16.724,6.881],[16.722,6.886],[16.716,6.894],[16.714,6.9],[16.71,6.924],[16.707,6.931],[16.703,6.935],[16.698,6.938],[16.694,6.941],[16.69,6.944],[16.687,6.95],[16.685,6.958],[16.683,6.972],[16.681,6.979],[16.679,6.986],[16.68,6.991],[16.684,6.997],[16.687,6.999],[16.689,7.001],[16.694,7.001],[16.698,7.004],[16.7,7.009],[16.697,7.026],[16.698,7.033],[16.7,7.039],[16.707,7.042],[16.713,7.043],[16.719,7.044],[16.724,7.045],[16.728,7.048],[16.73,7.052],[16.735,7.066],[16.738,7.071],[16.742,7.075],[16.754,7.084],[16.757,7.087],[16.761,7.093],[16.767,7.114],[16.769,7.124],[16.769,7.134],[16.766,7.155],[16.763,7.167],[16.754,7.186],[16.755,7.195],[16.758,7.208],[16.775,7.253],[16.777,7.263],[16.781,7.335],[16.783,7.347],[16.786,7.356],[16.791,7.366],[16.794,7.374],[16.795,7.385],[16.798,7.395],[16.802,7.401],[16.807,7.404],[16.82,7.411],[16.824,7.414],[16.827,7.417],[16.83,7.422],[16.832,7.427],[16.832,7.434],[16.831,7.442],[16.827,7.453],[16.815,7.468],[16.814,7.474],[16.814,7.484],[16.822,7.518],[16.822,7.523],[16.818,7.546],[16.815,7.55],[16.837,7.567],[16.84,7.567],[16.85,7.566],[16.854,7.567],[16.856,7.575],[16.852,7.58],[16.848,7.585],[16.847,7.592],[16.855,7.611],[16.865,7.624],[16.881,7.633],[16.92,7.644],[16.963,7.651],[16.982,7.649],[16.989,7.661],[16.998,7.667],[17.008,7.668],[17.039,7.662],[17.042,7.667],[17.041,7.676],[17.046,7.685],[17.059,7.697],[17.079,7.69],[17.09,7.684],[17.096,7.678],[17.102,7.678],[17.116,7.687],[17.136,7.705],[17.171,7.748],[17.189,7.764],[17.196,7.765],[17.205,7.764],[17.211,7.768],[17.214,7.787],[17.221,7.798],[17.234,7.811],[17.235,7.812],[17.251,7.823],[17.386,7.87],[17.406,7.883],[17.419,7.898],[17.466,7.884],[17.478,7.892],[17.487,7.914],[17.504,7.926],[17.524,7.931],[17.56,7.935],[17.581,7.941],[17.6,7.95],[17.621,7.979],[17.64,7.985],[17.662,7.986],[17.68,7.985],[17.817,7.962],[17.859,7.96],[17.898,7.967],[17.977,7.997],[18.07,8.019],[18.175,8.022]]]}},{"type":"Feature","id":"CF-BB","properties":{"id":"CF-BB","countryCode":"CF","isoSubdivision":"CF-BB","name":"Bamingui-Bangoran Prefecture","name_en":"Bamingui-Bangoran Prefecture","name_ko":"바밍기방고랑","type":"Prefecture","labelLongitude":20.632,"labelLatitude":8.213,"minZoom":7},"geometry":{"type":"Polygon","coordinates":[[[20.802,9.426],[20.807,9.423],[20.813,9.419],[20.814,9.419],[20.817,9.416],[20.844,9.388],[20.865,9.381],[20.882,9.379],[20.891,9.38],[20.897,9.383],[20.9,9.387],[20.91,9.405],[20.917,9.411],[20.921,9.415],[20.926,9.424],[20.929,9.428],[20.932,9.431],[20.938,9.435],[20.964,9.444],[20.98,9.446],[20.989,9.449],[20.995,9.451],[21.007,9.461],[21.01,9.464],[21.013,9.468],[21.015,9.473],[21.02,9.489],[21.022,9.494],[21.026,9.499],[21.032,9.506],[21.055,9.524],[21.089,9.544],[21.106,9.551],[21.121,9.556],[21.134,9.557],[21.159,9.564],[21.171,9.566],[21.191,9.566],[21.207,9.569],[21.253,9.583],[21.262,9.588],[21.265,9.592],[21.277,9.601],[21.283,9.608],[21.291,9.614],[21.295,9.617],[21.298,9.622],[21.302,9.632],[21.305,9.643],[21.309,9.649],[21.315,9.656],[21.336,9.671],[21.356,9.691],[21.378,9.707],[21.391,9.713],[21.405,9.718],[21.412,9.722],[21.419,9.726],[21.426,9.731],[21.431,9.736],[21.435,9.741],[21.438,9.745],[21.442,9.756],[21.446,9.762],[21.451,9.77],[21.456,9.773],[21.462,9.774],[21.486,9.768],[21.495,9.765],[21.5,9.757],[21.506,9.745],[21.508,9.737],[21.509,9.729],[21.505,9.709],[21.506,9.698],[21.508,9.684],[21.517,9.65],[21.519,9.638],[21.519,9.619],[21.52,9.61],[21.523,9.602],[21.528,9.596],[21.538,9.592],[21.552,9.591],[21.578,9.593],[21.604,9.593],[21.617,9.589],[21.626,9.579],[21.633,9.567],[21.643,9.553],[21.702,9.5],[21.706,9.494],[21.711,9.474],[21.715,9.462],[21.722,9.451],[21.733,9.44],[21.769,9.411],[21.776,9.399],[21.782,9.381],[21.792,9.315],[21.795,9.303],[21.801,9.293],[21.809,9.285],[21.818,9.274],[21.825,9.259],[21.846,9.196],[21.852,9.185],[21.861,9.177],[21.887,9.164],[21.899,9.157],[21.909,9.147],[21.934,9.114],[21.948,9.103],[21.985,9.081],[21.996,9.073],[22.001,9.066],[22.006,9.055],[22.01,9.041],[22.018,9.025],[22.031,9.009],[22.077,8.978],[22.087,8.969],[22.088,8.959],[22.086,8.931],[22.114,8.802],[22.123,8.778],[22.137,8.76],[22.212,8.706],[22.228,8.699],[22.284,8.683],[22.359,8.673],[22.375,8.667],[22.386,8.659],[22.392,8.651],[22.393,8.639],[22.394,8.627],[22.391,8.592],[22.372,8.571],[22.364,8.569],[22.349,8.567],[22.154,8.587],[22.136,8.592],[22.098,8.612],[22.075,8.618],[22.053,8.616],[22.032,8.613],[22.005,8.605],[21.997,8.6],[21.988,8.592],[21.976,8.577],[21.967,8.561],[21.961,8.543],[21.958,8.525],[21.959,8.5],[21.961,8.492],[21.965,8.481],[21.996,8.425],[21.999,8.414],[22.001,8.404],[22,8.391],[21.998,8.382],[21.964,8.305],[21.96,8.292],[21.961,8.28],[21.965,8.269],[21.971,8.261],[21.985,8.249],[21.989,8.242],[21.99,8.233],[21.981,8.221],[21.96,8.212],[21.931,8.204],[21.903,8.199],[21.88,8.199],[21.864,8.205],[21.855,8.216],[21.848,8.231],[21.842,8.247],[21.834,8.261],[21.825,8.27],[21.801,8.286],[21.79,8.295],[21.782,8.305],[21.778,8.313],[21.773,8.326],[21.768,8.331],[21.76,8.332],[21.741,8.329],[21.674,8.294],[21.657,8.287],[21.627,8.283],[21.62,8.279],[21.615,8.272],[21.604,8.249],[21.597,8.239],[21.589,8.238],[21.578,8.241],[21.552,8.251],[21.54,8.255],[21.526,8.256],[21.51,8.254],[21.49,8.248],[21.478,8.228],[21.467,8.215],[21.448,8.201],[21.411,8.178],[21.393,8.163],[21.384,8.146],[21.389,8.125],[21.418,8.053],[21.419,8.018],[21.375,8.005],[21.215,7.995],[21.153,7.985],[21.132,7.958],[21.128,7.936],[21.129,7.918],[21.128,7.904],[21.124,7.893],[21.106,7.861],[21.104,7.849],[21.105,7.838],[21.123,7.794],[21.131,7.703],[21.111,7.686],[21.107,7.677],[21.101,7.662],[21.094,7.631],[21.09,7.622],[21.083,7.615],[21.073,7.607],[21.061,7.595],[21.056,7.582],[21.056,7.568],[21.059,7.559],[21.074,7.533],[21.077,7.524],[21.078,7.514],[21.075,7.507],[21.072,7.502],[21.069,7.499],[21.032,7.47],[21.02,7.459],[20.951,7.36],[20.935,7.343],[20.894,7.289],[20.887,7.284],[20.876,7.271],[20.805,7.239],[20.797,7.234],[20.794,7.232],[20.79,7.232],[20.777,7.233],[20.767,7.236],[20.743,7.245],[20.734,7.247],[20.698,7.247],[20.687,7.241],[20.675,7.226],[20.648,7.154],[20.644,7.138],[20.633,7.125],[20.572,7.075],[20.549,7.065],[20.527,7.071],[20.522,7.071],[20.512,7.065],[20.487,7.046],[20.463,7.027],[20.445,7.021],[20.438,7.02],[20.431,7.022],[20.428,7.026],[20.427,7.031],[20.421,7.034],[20.388,7.032],[20.383,7.03],[20.372,7.036],[20.362,7.032],[20.354,7.024],[20.349,7.02],[20.335,7.024],[20.312,7.038],[20.304,7.034],[20.288,7.035],[20.263,7.033],[20.24,7.034],[20.23,7.044],[20.223,7.057],[20.206,7.063],[20.186,7.068],[20.168,7.075],[20.164,7.08],[20.162,7.086],[20.162,7.092],[20.161,7.096],[20.156,7.097],[20.147,7.099],[20.141,7.099],[20.141,7.096],[20.123,7.12],[20.116,7.123],[20.096,7.128],[20.076,7.139],[20.044,7.165],[20.036,7.174],[20.024,7.19],[20.016,7.198],[20.005,7.206],[19.983,7.216],[19.96,7.23],[19.935,7.236],[19.921,7.247],[19.905,7.278],[19.885,7.353],[19.866,7.376],[19.862,7.376],[19.858,7.373],[19.852,7.363],[19.84,7.371],[19.817,7.396],[19.811,7.404],[19.806,7.414],[19.805,7.419],[19.805,7.428],[19.802,7.438],[19.797,7.438],[19.789,7.434],[19.781,7.431],[19.763,7.448],[19.758,7.51],[19.737,7.507],[19.731,7.517],[19.733,7.538],[19.729,7.548],[19.718,7.548],[19.705,7.555],[19.693,7.559],[19.689,7.551],[19.682,7.55],[19.65,7.56],[19.64,7.561],[19.627,7.575],[19.614,7.57],[19.599,7.574],[19.592,7.568],[19.577,7.586],[19.583,7.607],[19.595,7.63],[19.599,7.651],[19.593,7.657],[19.584,7.659],[19.574,7.659],[19.568,7.661],[19.566,7.67],[19.574,7.681],[19.592,7.699],[19.565,7.694],[19.553,7.695],[19.544,7.705],[19.533,7.707],[19.513,7.733],[19.499,7.74],[19.49,7.737],[19.483,7.731],[19.474,7.726],[19.462,7.726],[19.456,7.731],[19.435,7.76],[19.433,7.737],[19.419,7.741],[19.386,7.774],[19.375,7.755],[19.373,7.747],[19.357,7.756],[19.321,7.805],[19.321,7.813],[19.346,7.833],[19.352,7.842],[19.344,7.848],[19.328,7.865],[19.32,7.882],[19.352,7.898],[19.35,7.915],[19.34,7.933],[19.332,7.945],[19.346,7.954],[19.352,7.964],[19.352,7.99],[19.346,8.002],[19.343,8.011],[19.345,8.021],[19.353,8.029],[19.373,8.038],[19.38,8.048],[19.36,8.052],[19.354,8.064],[19.359,8.09],[19.356,8.122],[19.359,8.13],[19.346,8.139],[19.343,8.147],[19.343,8.158],[19.339,8.171],[19.286,8.216],[19.265,8.238],[19.25,8.259],[19.249,8.274],[19.235,8.278],[19.237,8.284],[19.245,8.292],[19.249,8.301],[19.245,8.307],[19.232,8.312],[19.229,8.319],[19.229,8.327],[19.228,8.332],[19.226,8.337],[19.223,8.343],[19.207,8.362],[19.169,8.39],[19.154,8.405],[19.106,8.487],[19.1,8.51],[19.097,8.537],[19.09,8.561],[19.064,8.583],[19.064,8.599],[19.075,8.627],[19.072,8.632],[19.082,8.637],[19.091,8.653],[19.124,8.675],[19.104,8.698],[19.073,8.721],[19.058,8.73],[19.049,8.746],[18.929,8.797],[18.917,8.805],[18.912,8.818],[18.91,8.835],[18.903,8.845],[18.887,8.836],[18.87,8.849],[18.87,8.864],[18.893,8.898],[18.901,8.894],[18.911,8.894],[18.918,8.899],[18.921,8.908],[18.923,8.918],[18.929,8.922],[18.936,8.923],[18.952,8.932],[18.972,8.938],[18.976,8.942],[18.979,8.949],[18.985,8.956],[18.999,8.97],[19.022,8.985],[19.061,9.004],[19.101,9.015],[19.127,9.007],[19.134,9.007],[19.142,9.009],[19.169,9.002],[19.175,9.004],[19.18,9.015],[19.192,9.02],[19.233,9.022],[19.253,9.028],[19.263,9.028],[19.275,9.022],[19.286,9.013],[19.295,9.01],[19.305,9.021],[19.316,9.013],[19.333,9.007],[19.352,9.002],[19.369,9],[19.383,9.003],[19.421,9.017],[19.43,9.013],[19.507,9.014],[19.512,9.012],[19.516,9.009],[19.521,9.009],[19.531,9.014],[19.554,9.013],[19.583,9.025],[19.614,9.032],[19.64,9.014],[19.656,9.021],[19.7,9.021],[19.709,9.025],[19.714,9.029],[19.738,9.039],[19.747,9.041],[19.758,9.042],[19.785,9.049],[19.806,9.051],[19.889,9.046],[19.902,9.052],[19.914,9.069],[19.929,9.063],[19.932,9.063],[19.943,9.066],[19.969,9.083],[19.976,9.084],[19.985,9.083],[19.993,9.085],[19.996,9.093],[19.997,9.099],[20,9.104],[20.003,9.109],[20.007,9.11],[20.014,9.106],[20.018,9.091],[20.024,9.09],[20.03,9.094],[20.03,9.099],[20.028,9.105],[20.031,9.11],[20.061,9.134],[20.069,9.138],[20.077,9.137],[20.091,9.131],[20.099,9.131],[20.101,9.134],[20.1,9.141],[20.101,9.148],[20.11,9.151],[20.117,9.146],[20.126,9.134],[20.138,9.122],[20.155,9.116],[20.17,9.121],[20.198,9.141],[20.213,9.145],[20.223,9.142],[20.234,9.135],[20.257,9.116],[20.277,9.121],[20.359,9.116],[20.378,9.12],[20.384,9.124],[20.403,9.137],[20.412,9.142],[20.423,9.143],[20.435,9.138],[20.455,9.159],[20.468,9.184],[20.482,9.205],[20.507,9.213],[20.513,9.224],[20.503,9.247],[20.496,9.271],[20.514,9.282],[20.526,9.284],[20.534,9.29],[20.537,9.299],[20.538,9.312],[20.542,9.322],[20.551,9.32],[20.572,9.308],[20.574,9.309],[20.592,9.308],[20.593,9.308],[20.61,9.303],[20.617,9.302],[20.668,9.302],[20.655,9.343],[20.696,9.363],[20.741,9.377],[20.75,9.385],[20.758,9.377],[20.767,9.387],[20.771,9.398],[20.777,9.408],[20.788,9.412],[20.792,9.414],[20.798,9.423],[20.802,9.426]]]}},{"type":"Feature","id":"CF-BGF","properties":{"id":"CF-BGF","countryCode":"CF","isoSubdivision":"CF-BGF","name":"Bangui","name_en":"Bangui","name_ko":"방기","type":"Autonomous Commune","labelLongitude":18.546,"labelLatitude":4.383,"minZoom":7},"geometry":{"type":"Polygon","coordinates":[[[18.596,4.371],[18.576,4.373],[18.557,4.354],[18.542,4.328],[18.537,4.306],[18.512,4.325],[18.507,4.338],[18.518,4.358],[18.5,4.373],[18.493,4.388],[18.497,4.399],[18.505,4.416],[18.521,4.433],[18.537,4.438],[18.561,4.438],[18.572,4.43],[18.582,4.413],[18.589,4.392],[18.596,4.371]]]}},{"type":"Feature","id":"CF-BK","properties":{"id":"CF-BK","countryCode":"CF","isoSubdivision":"CF-BK","name":"Basse-Kotto Prefecture","name_en":"Basse-Kotto Prefecture","name_ko":"바스코토","type":"Prefecture","labelLongitude":21.302,"labelLatitude":5.004,"minZoom":7},"geometry":{"type":"Polygon","coordinates":[[[20.603,4.41],[20.58,4.415],[20.56,4.428],[20.457,4.525],[20.549,4.573],[20.57,4.59],[20.627,4.645],[20.699,4.736],[20.712,4.748],[20.755,4.768],[20.793,4.792],[20.808,4.798],[20.821,4.799],[20.842,4.794],[20.854,4.792],[20.868,4.794],[20.882,4.801],[20.895,4.813],[20.904,4.832],[20.906,4.849],[20.906,4.866],[20.897,4.923],[20.896,4.939],[20.899,4.953],[20.905,4.968],[20.928,5.001],[20.935,5.015],[20.937,5.023],[20.937,5.033],[20.933,5.045],[20.908,5.097],[20.904,5.11],[20.903,5.123],[20.905,5.136],[20.91,5.15],[20.918,5.163],[20.943,5.195],[20.952,5.213],[20.957,5.231],[20.962,5.314],[20.957,5.377],[20.961,5.391],[20.969,5.401],[20.985,5.416],[20.988,5.42],[20.988,5.425],[20.983,5.447],[20.982,5.455],[20.983,5.476],[20.981,5.481],[20.978,5.486],[20.973,5.49],[20.967,5.493],[20.951,5.5],[20.949,5.501],[20.946,5.504],[20.942,5.508],[20.94,5.513],[20.939,5.518],[20.94,5.523],[20.946,5.527],[20.957,5.531],[21.008,5.541],[21.015,5.544],[21.021,5.548],[21.025,5.553],[21.027,5.56],[21.027,5.567],[21.022,5.593],[21.022,5.599],[21.024,5.604],[21.027,5.609],[21.048,5.628],[21.052,5.635],[21.056,5.642],[21.057,5.65],[21.056,5.656],[21.054,5.662],[21.05,5.668],[21.04,5.68],[21.035,5.687],[21.032,5.695],[21.031,5.704],[21.033,5.711],[21.037,5.715],[21.044,5.718],[21.051,5.718],[21.059,5.716],[21.069,5.713],[21.084,5.705],[21.093,5.697],[21.101,5.688],[21.115,5.662],[21.122,5.656],[21.13,5.653],[21.146,5.654],[21.156,5.655],[21.163,5.657],[21.167,5.66],[21.172,5.666],[21.175,5.668],[21.181,5.67],[21.189,5.668],[21.221,5.652],[21.232,5.65],[21.248,5.652],[21.258,5.656],[21.294,5.674],[21.301,5.68],[21.321,5.704],[21.328,5.71],[21.333,5.714],[21.339,5.714],[21.344,5.711],[21.357,5.697],[21.362,5.695],[21.371,5.697],[21.377,5.703],[21.381,5.71],[21.388,5.723],[21.391,5.727],[21.395,5.728],[21.4,5.725],[21.413,5.706],[21.422,5.698],[21.435,5.692],[21.445,5.685],[21.455,5.672],[21.466,5.65],[21.482,5.63],[21.485,5.622],[21.488,5.612],[21.488,5.602],[21.486,5.594],[21.484,5.589],[21.484,5.582],[21.486,5.575],[21.506,5.54],[21.509,5.53],[21.518,5.51],[21.543,5.5],[21.546,5.497],[21.562,5.471],[21.57,5.466],[21.578,5.464],[21.588,5.465],[21.602,5.469],[21.634,5.491],[21.663,5.549],[21.748,5.539],[21.813,5.517],[21.901,5.475],[21.899,5.425],[21.902,5.399],[21.902,5.389],[21.903,5.385],[21.906,5.382],[21.908,5.38],[21.908,5.375],[21.906,5.363],[21.897,5.348],[21.895,5.338],[21.893,5.23],[21.881,5.174],[21.875,5.157],[21.862,5.145],[21.833,5.129],[21.798,5.098],[21.792,5.088],[21.795,5.072],[21.823,5.043],[21.833,5.026],[21.833,5.005],[21.825,4.988],[21.788,4.943],[21.782,4.929],[21.772,4.824],[21.769,4.808],[21.754,4.791],[21.749,4.768],[21.745,4.759],[21.743,4.751],[21.75,4.735],[21.746,4.729],[21.74,4.723],[21.736,4.714],[21.743,4.698],[21.757,4.689],[21.773,4.689],[21.785,4.697],[21.792,4.697],[21.794,4.692],[21.797,4.686],[21.803,4.684],[21.818,4.691],[21.823,4.685],[21.826,4.67],[21.847,4.657],[21.859,4.656],[21.874,4.663],[21.879,4.653],[21.884,4.646],[21.895,4.635],[21.897,4.638],[21.903,4.642],[21.91,4.644],[21.916,4.643],[21.918,4.637],[21.915,4.632],[21.911,4.628],[21.908,4.625],[21.915,4.604],[21.929,4.593],[21.945,4.583],[21.956,4.566],[21.955,4.556],[21.942,4.542],[21.942,4.533],[21.95,4.529],[21.978,4.526],[21.987,4.522],[22.001,4.519],[22.059,4.539],[22.099,4.542],[22.132,4.534],[22.147,4.512],[22.134,4.471],[22.108,4.437],[22.097,4.42],[22.093,4.399],[22.09,4.394],[22.069,4.371],[22.065,4.363],[22.064,4.351],[22.068,4.301],[22.066,4.292],[22.059,4.278],[22.05,4.267],[22.043,4.26],[22.038,4.25],[22.038,4.231],[22.037,4.23],[22.037,4.229],[22.009,4.242],[22.001,4.245],[21.99,4.244],[21.985,4.243],[21.98,4.241],[21.971,4.237],[21.95,4.233],[21.892,4.237],[21.868,4.242],[21.852,4.252],[21.838,4.263],[21.82,4.272],[21.811,4.273],[21.782,4.272],[21.771,4.273],[21.766,4.277],[21.763,4.282],[21.758,4.286],[21.737,4.293],[21.723,4.295],[21.689,4.292],[21.651,4.296],[21.634,4.294],[21.538,4.245],[21.528,4.249],[21.508,4.249],[21.497,4.251],[21.49,4.256],[21.482,4.263],[21.473,4.269],[21.46,4.272],[21.417,4.27],[21.398,4.272],[21.375,4.278],[21.358,4.286],[21.31,4.316],[21.306,4.323],[21.299,4.33],[21.288,4.333],[21.275,4.333],[21.266,4.33],[21.258,4.326],[21.251,4.32],[21.245,4.314],[21.239,4.306],[21.232,4.298],[21.223,4.292],[21.211,4.292],[21.203,4.297],[21.196,4.303],[21.186,4.306],[21.166,4.307],[21.158,4.31],[21.15,4.327],[21.138,4.333],[21.114,4.341],[21.103,4.353],[21.084,4.388],[21.076,4.395],[21.06,4.399],[20.964,4.434],[20.872,4.453],[20.832,4.451],[20.819,4.444],[20.807,4.434],[20.792,4.426],[20.768,4.423],[20.688,4.423],[20.603,4.41]]]}},{"type":"Feature","id":"CF-HK","properties":{"id":"CF-HK","countryCode":"CF","isoSubdivision":"CF-HK","name":"Haute-Kotto Prefecture","name_en":"Haute-Kotto Prefecture","name_ko":"오트코토","type":"Prefecture","labelLongitude":22.849,"labelLatitude":7.482,"minZoom":7},"geometry":{"type":"Polygon","coordinates":[[[23.463,9.154],[23.458,9.146],[23.436,9.019],[23.438,8.995],[23.451,8.974],[23.478,8.959],[23.505,8.961],[23.543,8.997],[23.56,8.996],[23.567,8.975],[23.566,8.94],[23.554,8.883],[23.537,8.856],[23.495,8.809],[23.482,8.783],[23.482,8.759],[23.49,8.733],[23.505,8.711],[23.526,8.701],[23.541,8.705],[23.564,8.723],[23.578,8.73],[23.596,8.734],[23.613,8.732],[23.629,8.726],[23.644,8.715],[23.657,8.71],[23.689,8.711],[23.721,8.702],[23.737,8.707],[23.769,8.721],[23.803,8.722],[23.867,8.708],[23.922,8.713],[23.962,8.697],[23.981,8.694],[24.01,8.699],[24.114,8.682],[24.17,8.689],[24.18,8.691],[24.218,8.692],[24.236,8.682],[24.233,8.668],[24.215,8.641],[24.211,8.627],[24.218,8.613],[24.246,8.592],[24.251,8.58],[24.244,8.57],[24.203,8.543],[24.193,8.532],[24.137,8.439],[24.125,8.405],[24.122,8.372],[24.131,8.343],[24.153,8.318],[24.18,8.298],[24.207,8.283],[24.222,8.277],[24.257,8.269],[24.263,8.269],[24.301,8.231],[24.355,8.186],[24.371,8.177],[24.382,8.173],[24.399,8.169],[24.407,8.166],[24.413,8.157],[24.418,8.145],[24.422,8.123],[24.426,8.113],[24.432,8.106],[24.438,8.103],[24.444,8.098],[24.454,8.087],[24.46,8.082],[24.473,8.074],[24.476,8.059],[24.475,8.033],[24.453,7.933],[24.456,7.923],[24.459,7.914],[24.462,7.903],[24.465,7.863],[24.469,7.839],[24.476,7.82],[24.484,7.803],[24.487,7.79],[24.488,7.778],[24.487,7.754],[24.488,7.743],[24.49,7.735],[24.494,7.731],[24.496,7.728],[24.5,7.72],[24.501,7.717],[24.497,7.634],[24.505,7.608],[24.507,7.604],[24.512,7.596],[24.524,7.583],[24.53,7.573],[24.543,7.535],[24.547,7.531],[24.552,7.528],[24.557,7.526],[24.56,7.524],[24.562,7.52],[24.559,7.513],[24.561,7.507],[24.563,7.503],[24.567,7.501],[24.573,7.498],[24.581,7.493],[24.591,7.489],[24.594,7.487],[24.594,7.485],[24.589,7.477],[24.582,7.466],[24.565,7.425],[24.552,7.41],[24.546,7.392],[24.535,7.377],[24.518,7.339],[24.513,7.318],[24.512,7.308],[24.512,7.3],[24.514,7.295],[24.515,7.29],[24.518,7.285],[24.519,7.281],[24.52,7.274],[24.518,7.267],[24.515,7.255],[24.516,7.249],[24.52,7.246],[24.524,7.247],[24.533,7.251],[24.538,7.25],[24.541,7.247],[24.542,7.242],[24.541,7.236],[24.539,7.229],[24.538,7.223],[24.54,7.219],[24.544,7.216],[24.553,7.212],[24.557,7.209],[24.56,7.205],[24.561,7.198],[24.559,7.189],[24.554,7.173],[24.553,7.164],[24.553,7.156],[24.554,7.15],[24.555,7.144],[24.555,7.138],[24.554,7.132],[24.553,7.127],[24.542,7.097],[24.542,7.089],[24.544,7.084],[24.551,7.07],[24.552,7.065],[24.555,7.048],[24.555,7.041],[24.554,7.032],[24.545,7.012],[24.54,7.007],[24.534,7.008],[24.525,7.011],[24.519,7.011],[24.514,7.006],[24.498,6.982],[24.494,6.979],[24.471,6.972],[24.454,6.97],[24.449,6.971],[24.444,6.973],[24.44,6.975],[24.435,6.976],[24.424,6.976],[24.413,6.977],[24.407,6.976],[24.378,6.964],[24.372,6.964],[24.361,6.966],[24.354,6.963],[24.346,6.958],[24.326,6.938],[24.322,6.933],[24.326,6.91],[24.33,6.899],[24.333,6.896],[24.337,6.893],[24.342,6.891],[24.346,6.889],[24.348,6.886],[24.346,6.882],[24.341,6.88],[24.335,6.877],[24.33,6.872],[24.328,6.861],[24.329,6.849],[24.328,6.844],[24.317,6.833],[24.312,6.83],[24.306,6.828],[24.295,6.826],[24.29,6.824],[24.287,6.82],[24.287,6.811],[24.291,6.807],[24.295,6.804],[24.297,6.799],[24.3,6.79],[24.304,6.787],[24.308,6.785],[24.307,6.782],[24.303,6.778],[24.288,6.775],[24.28,6.775],[24.274,6.774],[24.269,6.773],[24.261,6.753],[23.452,6.302],[23.438,6.291],[23.436,6.286],[23.426,6.276],[23.418,6.263],[23.417,6.259],[23.415,6.253],[23.414,6.241],[23.412,6.233],[23.407,6.226],[23.396,6.215],[23.388,6.211],[23.381,6.209],[23.374,6.209],[23.363,6.207],[23.357,6.207],[23.351,6.207],[23.342,6.212],[23.335,6.214],[23.324,6.212],[23.319,6.209],[23.315,6.205],[23.31,6.192],[23.3,6.182],[23.295,6.176],[23.292,6.17],[23.293,6.164],[23.294,6.159],[23.296,6.154],[23.296,6.15],[23.296,6.145],[23.294,6.141],[23.293,6.135],[23.293,6.13],[23.294,6.118],[23.294,6.112],[23.291,6.104],[23.271,6.098],[23.242,6.095],[22.981,6.159],[22.905,6.185],[22.875,6.207],[22.856,6.226],[22.845,6.249],[22.84,6.257],[22.836,6.262],[22.829,6.266],[22.821,6.27],[22.809,6.272],[22.794,6.271],[22.752,6.262],[22.735,6.262],[22.706,6.268],[22.686,6.269],[22.56,6.245],[22.541,6.232],[22.526,6.216],[22.509,6.181],[22.495,6.127],[22.482,6.106],[22.472,6.093],[22.457,6.08],[22.401,6.047],[22.383,6.04],[22.37,6.039],[22.36,6.042],[22.347,6.044],[22.335,6.044],[22.298,6.038],[22.289,6.039],[22.282,6.044],[22.277,6.051],[22.27,6.058],[22.263,6.062],[22.248,6.063],[22.235,6.058],[22.14,6.005],[22.125,5.992],[22.114,5.985],[22.107,5.98],[22.109,5.973],[22.117,5.963],[22.114,5.942],[22.08,5.903],[22.073,5.873],[22.077,5.801],[22.072,5.766],[22.065,5.75],[22.058,5.74],[22.054,5.729],[22.052,5.708],[22.055,5.701],[22.076,5.677],[22.078,5.672],[22.086,5.643],[22.068,5.638],[22.047,5.64],[22.03,5.637],[22.025,5.615],[22.043,5.618],[22.034,5.601],[22.015,5.579],[22,5.568],[21.982,5.561],[21.977,5.557],[21.974,5.555],[21.956,5.533],[21.902,5.488],[21.901,5.475],[21.813,5.517],[21.748,5.539],[21.663,5.549],[21.673,5.598],[21.715,5.642],[21.751,5.67],[21.762,5.675],[21.772,5.676],[21.784,5.671],[21.801,5.66],[21.839,5.628],[21.85,5.62],[21.858,5.621],[21.869,5.64],[21.89,5.661],[21.898,5.672],[21.902,5.682],[21.908,5.719],[21.925,5.759],[21.938,5.814],[21.942,5.895],[21.94,5.911],[21.917,5.946],[21.909,5.961],[21.893,6.02],[21.885,6.033],[21.874,6.04],[21.859,6.043],[21.842,6.044],[21.83,6.048],[21.822,6.057],[21.818,6.089],[21.814,6.104],[21.806,6.121],[21.797,6.153],[21.791,6.168],[21.776,6.186],[21.75,6.206],[21.744,6.215],[21.744,6.23],[21.751,6.243],[21.791,6.302],[21.802,6.322],[21.809,6.34],[21.808,6.363],[21.787,6.442],[21.781,6.493],[21.782,6.502],[21.793,6.536],[21.795,6.545],[21.793,6.556],[21.787,6.565],[21.774,6.579],[21.761,6.584],[21.75,6.587],[21.717,6.587],[21.71,6.588],[21.704,6.593],[21.699,6.6],[21.692,6.616],[21.683,6.627],[21.675,6.634],[21.666,6.646],[21.658,6.663],[21.63,6.745],[21.621,6.757],[21.614,6.764],[21.61,6.772],[21.61,6.782],[21.612,6.788],[21.617,6.793],[21.638,6.806],[21.642,6.812],[21.645,6.818],[21.645,6.825],[21.644,6.834],[21.641,6.846],[21.641,6.852],[21.643,6.858],[21.647,6.862],[21.65,6.867],[21.652,6.873],[21.653,6.881],[21.637,6.931],[21.635,6.97],[21.631,6.979],[21.612,6.992],[21.606,7.003],[21.579,7.177],[21.582,7.273],[21.577,7.286],[21.567,7.296],[21.545,7.305],[21.531,7.307],[21.519,7.306],[21.51,7.304],[21.501,7.303],[21.447,7.305],[21.432,7.311],[21.422,7.32],[21.414,7.338],[21.413,7.352],[21.424,7.458],[21.423,7.476],[21.421,7.489],[21.418,7.498],[21.41,7.513],[21.4,7.527],[21.386,7.544],[21.362,7.565],[21.337,7.582],[21.315,7.594],[21.246,7.608],[21.225,7.619],[21.202,7.636],[21.173,7.668],[21.131,7.703],[21.123,7.794],[21.105,7.838],[21.104,7.849],[21.106,7.861],[21.124,7.893],[21.128,7.904],[21.129,7.918],[21.128,7.936],[21.132,7.958],[21.153,7.985],[21.215,7.995],[21.375,8.005],[21.419,8.018],[21.418,8.053],[21.389,8.125],[21.384,8.146],[21.393,8.163],[21.411,8.178],[21.448,8.201],[21.467,8.215],[21.478,8.228],[21.49,8.248],[21.51,8.254],[21.526,8.256],[21.54,8.255],[21.552,8.251],[21.578,8.241],[21.589,8.238],[21.597,8.239],[21.604,8.249],[21.615,8.272],[21.62,8.279],[21.627,8.283],[21.657,8.287],[21.674,8.294],[21.741,8.329],[21.76,8.332],[21.768,8.331],[21.773,8.326],[21.778,8.313],[21.782,8.305],[21.79,8.295],[21.801,8.286],[21.825,8.27],[21.834,8.261],[21.842,8.247],[21.848,8.231],[21.855,8.216],[21.864,8.205],[21.88,8.199],[21.903,8.199],[21.931,8.204],[21.96,8.212],[21.981,8.221],[21.99,8.233],[21.989,8.242],[21.985,8.249],[21.971,8.261],[21.965,8.269],[21.961,8.28],[21.96,8.292],[21.964,8.305],[21.998,8.382],[22,8.391],[22.001,8.404],[21.999,8.414],[21.996,8.425],[21.965,8.481],[21.961,8.492],[21.959,8.5],[21.958,8.525],[21.961,8.543],[21.967,8.561],[21.976,8.577],[21.988,8.592],[21.997,8.6],[22.005,8.605],[22.032,8.613],[22.053,8.616],[22.075,8.618],[22.098,8.612],[22.136,8.592],[22.154,8.587],[22.349,8.567],[22.364,8.569],[22.372,8.571],[22.391,8.592],[22.413,8.594],[22.424,8.597],[22.436,8.598],[22.449,8.597],[22.483,8.584],[22.492,8.583],[22.5,8.582],[22.507,8.583],[22.517,8.586],[22.527,8.593],[22.582,8.645],[22.598,8.656],[22.647,8.685],[22.686,8.696],[22.813,8.714],[22.999,8.76],[23.01,8.761],[23.038,8.753],[23.05,8.756],[23.06,8.764],[23.073,8.786],[23.077,8.808],[23.082,8.871],[23.094,8.895],[23.114,8.917],[23.183,8.968],[23.204,8.98],[23.222,8.986],[23.259,8.991],[23.269,8.993],[23.278,8.996],[23.285,8.999],[23.299,9.011],[23.314,9.028],[23.321,9.041],[23.327,9.06],[23.348,9.168],[23.356,9.188],[23.365,9.203],[23.373,9.213],[23.383,9.222],[23.393,9.228],[23.405,9.234],[23.417,9.238],[23.431,9.241],[23.443,9.241],[23.454,9.24],[23.461,9.236],[23.464,9.231],[23.459,9.221],[23.452,9.2],[23.454,9.175],[23.463,9.154]]]}},{"type":"Feature","id":"CF-HM","properties":{"id":"CF-HM","countryCode":"CF","isoSubdivision":"CF-HM","name":"Haut-Mbomou Prefecture","name_en":"Haut-Mbomou Prefecture","name_ko":"오트음보무","type":"Prefecture","labelLongitude":25.851,"labelLatitude":6.157,"minZoom":7},"geometry":{"type":"Polygon","coordinates":[[[24.263,8.269],[24.281,8.267],[24.295,8.267],[24.303,8.265],[24.31,8.262],[24.327,8.249],[24.332,8.246],[24.397,8.268],[24.431,8.271],[24.455,8.249],[24.459,8.24],[24.464,8.233],[24.472,8.229],[24.481,8.227],[24.513,8.207],[24.545,8.206],[24.615,8.217],[24.671,8.207],[24.69,8.207],[24.711,8.204],[24.742,8.187],[24.8,8.18],[24.832,8.166],[24.918,8.087],[24.928,8.071],[24.93,8.035],[24.951,8.014],[24.953,7.997],[24.958,7.989],[24.965,7.983],[24.973,7.977],[24.981,7.972],[25.029,7.919],[25.059,7.896],[25.09,7.885],[25.103,7.886],[25.134,7.893],[25.149,7.893],[25.173,7.889],[25.181,7.884],[25.185,7.878],[25.192,7.872],[25.217,7.864],[25.23,7.852],[25.239,7.836],[25.25,7.804],[25.265,7.778],[25.27,7.761],[25.271,7.746],[25.267,7.703],[25.271,7.688],[25.276,7.674],[25.279,7.659],[25.275,7.642],[25.253,7.622],[25.187,7.6],[25.165,7.58],[25.165,7.567],[25.169,7.551],[25.19,7.501],[25.25,7.47],[25.263,7.461],[25.27,7.454],[25.279,7.438],[25.285,7.432],[25.293,7.427],[25.31,7.422],[25.316,7.417],[25.324,7.403],[25.331,7.374],[25.336,7.36],[25.347,7.345],[25.36,7.336],[25.416,7.308],[25.455,7.278],[25.481,7.266],[25.5,7.273],[25.517,7.27],[25.532,7.261],[25.577,7.22],[25.592,7.211],[25.654,7.195],[25.673,7.188],[25.697,7.169],[25.705,7.166],[25.725,7.167],[25.734,7.162],[25.75,7.147],[25.761,7.144],[25.786,7.143],[25.792,7.134],[25.792,7.121],[25.801,7.105],[25.816,7.1],[25.861,7.096],[25.877,7.088],[25.882,7.08],[25.884,7.061],[25.889,7.052],[25.92,7.034],[25.93,7.032],[25.95,7.029],[25.96,7.024],[25.966,7.017],[25.967,7.01],[25.969,7.004],[25.981,7],[26.026,6.997],[26.032,6.974],[26.036,6.922],[26.045,6.9],[26.051,6.897],[26.057,6.897],[26.063,6.899],[26.069,6.899],[26.074,6.895],[26.073,6.89],[26.071,6.884],[26.072,6.877],[26.076,6.865],[26.077,6.853],[26.081,6.842],[26.091,6.83],[26.114,6.816],[26.132,6.812],[26.148,6.805],[26.179,6.766],[26.219,6.738],[26.236,6.72],[26.271,6.702],[26.33,6.681],[26.378,6.653],[26.379,6.631],[26.38,6.62],[26.372,6.61],[26.356,6.579],[26.324,6.537],[26.305,6.497],[26.296,6.49],[26.286,6.484],[26.277,6.477],[26.27,6.466],[26.289,6.459],[26.291,6.445],[26.285,6.426],[26.283,6.408],[26.29,6.387],[26.301,6.378],[26.316,6.372],[26.335,6.361],[26.352,6.344],[26.376,6.313],[26.395,6.301],[26.436,6.292],[26.452,6.28],[26.455,6.254],[26.456,6.23],[26.465,6.224],[26.48,6.225],[26.496,6.221],[26.509,6.205],[26.509,6.186],[26.5,6.168],[26.484,6.154],[26.465,6.144],[26.446,6.13],[26.429,6.113],[26.421,6.094],[26.425,6.072],[26.441,6.077],[26.481,6.105],[26.499,6.1],[26.51,6.083],[26.518,6.061],[26.528,6.043],[26.544,6.031],[26.602,6.011],[26.634,6.006],[26.705,6.01],[26.776,5.982],[26.794,5.97],[26.805,5.957],[26.811,5.912],[26.819,5.895],[26.842,5.884],[26.865,5.886],[26.882,5.892],[26.894,5.89],[26.904,5.867],[26.916,5.85],[26.937,5.849],[26.981,5.859],[26.992,5.848],[27.003,5.819],[27.022,5.805],[27.03,5.79],[27.036,5.785],[27.045,5.785],[27.064,5.791],[27.073,5.791],[27.115,5.775],[27.124,5.769],[27.131,5.752],[27.131,5.741],[27.136,5.734],[27.156,5.727],[27.17,5.72],[27.182,5.707],[27.191,5.692],[27.194,5.676],[27.194,5.667],[27.196,5.661],[27.201,5.657],[27.218,5.645],[27.219,5.64],[27.217,5.633],[27.215,5.616],[27.211,5.602],[27.211,5.595],[27.217,5.585],[27.223,5.584],[27.227,5.587],[27.231,5.588],[27.235,5.589],[27.24,5.592],[27.248,5.593],[27.257,5.586],[27.261,5.578],[27.259,5.56],[27.261,5.55],[27.22,5.441],[27.218,5.426],[27.22,5.413],[27.228,5.388],[27.234,5.338],[27.238,5.323],[27.264,5.26],[27.281,5.231],[27.301,5.205],[27.359,5.167],[27.386,5.144],[27.402,5.104],[27.431,5.084],[27.441,5.071],[27.415,5.081],[27.405,5.083],[27.391,5.092],[27.38,5.094],[27.361,5.095],[27.351,5.097],[27.343,5.101],[27.329,5.111],[27.316,5.122],[27.302,5.132],[27.284,5.136],[27.263,5.138],[27.24,5.145],[27.157,5.185],[27.116,5.2],[27.074,5.203],[27.027,5.19],[26.992,5.171],[26.962,5.151],[26.934,5.127],[26.904,5.094],[26.899,5.086],[26.89,5.062],[26.884,5.053],[26.873,5.042],[26.867,5.038],[26.849,5.039],[26.848,5.041],[26.845,5.046],[26.839,5.051],[26.833,5.053],[26.826,5.051],[26.816,5.04],[26.808,5.039],[26.802,5.045],[26.761,5.088],[26.754,5.092],[26.739,5.094],[26.692,5.094],[26.681,5.089],[26.668,5.078],[26.658,5.073],[26.644,5.078],[26.636,5.078],[26.63,5.067],[26.623,5.067],[26.616,5.078],[26.598,5.081],[26.58,5.074],[26.568,5.06],[26.561,5.067],[26.554,5.06],[26.542,5.053],[26.528,5.048],[26.52,5.046],[26.503,5.047],[26.475,5.057],[26.463,5.06],[26.461,5.066],[26.442,5.104],[26.429,5.114],[26.414,5.123],[26.4,5.134],[26.391,5.149],[26.369,5.141],[26.363,5.136],[26.353,5.148],[26.336,5.149],[26.317,5.146],[26.292,5.151],[26.272,5.159],[26.254,5.172],[26.247,5.19],[26.242,5.188],[26.231,5.185],[26.226,5.183],[26.226,5.199],[26.226,5.204],[26.214,5.199],[26.207,5.208],[26.198,5.238],[26.195,5.235],[26.185,5.225],[26.182,5.23],[26.175,5.234],[26.171,5.238],[26.157,5.232],[26.151,5.24],[26.144,5.252],[26.13,5.259],[26.125,5.249],[26.12,5.242],[26.112,5.238],[26.105,5.239],[26.098,5.24],[26.093,5.241],[26.088,5.245],[26.092,5.219],[26.095,5.211],[26.086,5.215],[26.077,5.216],[26.071,5.212],[26.068,5.201],[26.063,5.2],[26.051,5.2],[26.037,5.198],[26.027,5.19],[26.014,5.199],[25.997,5.219],[25.986,5.225],[25.972,5.228],[25.963,5.225],[25.958,5.215],[25.959,5.197],[25.943,5.204],[25.926,5.202],[25.913,5.19],[25.911,5.17],[25.893,5.185],[25.884,5.204],[25.872,5.217],[25.849,5.218],[25.846,5.212],[25.836,5.2],[25.826,5.195],[25.819,5.215],[25.814,5.222],[25.811,5.231],[25.815,5.245],[25.81,5.243],[25.799,5.24],[25.795,5.238],[25.792,5.263],[25.778,5.269],[25.769,5.265],[25.781,5.259],[25.772,5.245],[25.758,5.244],[25.744,5.251],[25.733,5.259],[25.705,5.29],[25.691,5.3],[25.669,5.306],[25.668,5.307],[25.663,5.309],[25.656,5.318],[25.65,5.32],[25.638,5.318],[25.631,5.312],[25.623,5.31],[25.609,5.32],[25.609,5.327],[25.614,5.33],[25.617,5.334],[25.62,5.337],[25.623,5.341],[25.6,5.34],[25.592,5.349],[25.589,5.362],[25.581,5.375],[25.575,5.375],[25.562,5.373],[25.544,5.375],[25.533,5.372],[25.541,5.354],[25.529,5.352],[25.504,5.342],[25.496,5.345],[25.485,5.355],[25.482,5.357],[25.48,5.353],[25.435,5.329],[25.413,5.324],[25.396,5.334],[25.385,5.321],[25.371,5.317],[25.364,5.311],[25.376,5.293],[25.356,5.286],[25.343,5.272],[25.337,5.252],[25.336,5.228],[25.329,5.216],[25.316,5.202],[25.308,5.185],[25.314,5.163],[25.321,5.159],[25.341,5.156],[25.349,5.149],[25.349,5.142],[25.344,5.122],[25.342,5.111],[25.339,5.105],[25.325,5.088],[25.322,5.077],[25.321,5.052],[25.317,5.042],[25.308,5.032],[25.292,5.028],[25.249,5.024],[25.239,5.016],[25.228,5.01],[25.164,5.006],[25.155,5.009],[25.148,5.014],[25.14,5.018],[25.129,5.019],[25.122,5.009],[25.114,5.002],[25.105,4.999],[25.101,4.995],[25.09,4.974],[25.085,4.954],[25.076,4.952],[25.041,4.962],[25.006,4.981],[24.969,4.991],[24.958,4.991],[24.951,4.988],[24.932,4.974],[24.927,4.971],[24.904,4.967],[24.868,4.944],[24.848,4.937],[24.837,4.938],[24.828,4.942],[24.819,4.944],[24.811,4.94],[24.8,4.929],[24.789,4.92],[24.778,4.919],[24.766,4.93],[24.75,4.919],[24.731,4.918],[24.664,4.924],[24.654,4.929],[24.657,4.94],[24.671,4.957],[24.657,4.967],[24.627,4.977],[24.615,4.985],[24.61,4.997],[24.61,5.017],[24.601,5.026],[24.589,5.031],[24.563,5.035],[24.553,5.039],[24.547,5.046],[24.539,5.066],[24.533,5.073],[24.514,5.087],[24.487,5.101],[24.481,5.102],[24.494,5.113],[24.498,5.12],[24.5,5.122],[24.501,5.123],[24.503,5.124],[24.506,5.125],[24.508,5.125],[24.51,5.124],[24.514,5.123],[24.528,5.111],[24.532,5.109],[24.537,5.107],[24.542,5.108],[24.546,5.11],[24.554,5.116],[24.557,5.118],[24.558,5.121],[24.56,5.124],[24.56,5.128],[24.56,5.13],[24.558,5.132],[24.554,5.135],[24.543,5.136],[24.539,5.138],[24.537,5.143],[24.536,5.151],[24.54,5.156],[24.543,5.159],[24.544,5.162],[24.543,5.165],[24.54,5.17],[24.538,5.175],[24.539,5.182],[24.541,5.187],[24.544,5.192],[24.548,5.194],[24.553,5.194],[24.557,5.192],[24.561,5.188],[24.563,5.184],[24.566,5.18],[24.569,5.178],[24.571,5.179],[24.572,5.182],[24.573,5.207],[24.574,5.211],[24.576,5.213],[24.582,5.218],[24.585,5.223],[24.586,5.225],[24.587,5.227],[24.587,5.242],[24.589,5.247],[24.592,5.25],[24.596,5.252],[24.6,5.255],[24.602,5.26],[24.603,5.265],[24.603,5.269],[24.604,5.272],[24.605,5.273],[24.607,5.274],[24.609,5.273],[24.612,5.271],[24.618,5.265],[24.622,5.263],[24.626,5.262],[24.631,5.263],[24.636,5.265],[24.642,5.265],[24.653,5.265],[24.665,5.266],[24.677,5.264],[24.692,5.26],[24.696,5.26],[24.699,5.26],[24.701,5.261],[24.707,5.263],[24.714,5.268],[24.719,5.272],[24.722,5.275],[24.729,5.286],[24.731,5.289],[24.734,5.291],[24.75,5.297],[24.753,5.297],[24.754,5.297],[24.758,5.296],[24.763,5.294],[24.767,5.291],[24.771,5.288],[24.775,5.287],[24.779,5.286],[24.783,5.287],[24.785,5.289],[24.786,5.293],[24.787,5.303],[24.788,5.308],[24.79,5.311],[24.793,5.313],[24.803,5.314],[24.809,5.316],[24.812,5.318],[24.816,5.32],[24.818,5.322],[24.83,5.341],[24.833,5.345],[24.837,5.347],[24.841,5.346],[24.845,5.344],[24.848,5.341],[24.851,5.338],[24.855,5.336],[24.86,5.335],[24.867,5.331],[24.87,5.332],[24.871,5.333],[24.872,5.334],[24.873,5.336],[24.879,5.363],[24.878,5.389],[24.88,5.392],[24.882,5.391],[24.885,5.388],[24.888,5.386],[24.891,5.387],[24.892,5.389],[24.892,5.402],[24.893,5.406],[24.895,5.409],[24.899,5.411],[24.912,5.416],[24.914,5.421],[24.914,5.425],[24.914,5.435],[24.917,5.437],[24.921,5.437],[24.934,5.431],[24.939,5.431],[24.941,5.431],[24.948,5.439],[24.95,5.44],[24.951,5.441],[24.96,5.442],[24.966,5.444],[24.97,5.446],[24.972,5.448],[24.974,5.45],[24.974,5.452],[24.973,5.454],[24.965,5.462],[24.962,5.468],[24.961,5.475],[24.963,5.479],[24.966,5.482],[24.97,5.484],[24.974,5.485],[24.976,5.485],[24.978,5.485],[24.982,5.485],[24.985,5.485],[24.988,5.486],[24.991,5.489],[24.993,5.492],[24.995,5.496],[24.997,5.5],[24.998,5.501],[25.011,5.507],[25.014,5.51],[25.016,5.514],[25.019,5.519],[25.02,5.521],[25.02,5.525],[25.02,5.536],[25.021,5.539],[25.022,5.544],[25.025,5.548],[25.029,5.551],[25.037,5.556],[25.045,5.561],[25.046,5.564],[25.044,5.566],[25.036,5.568],[25.023,5.571],[25.02,5.574],[25.021,5.576],[25.024,5.58],[25.042,5.589],[25.043,5.592],[25.042,5.594],[25.036,5.598],[25.032,5.603],[25.029,5.613],[25.028,5.621],[25.029,5.627],[25.032,5.631],[25.036,5.634],[25.038,5.638],[25.038,5.645],[25.034,5.659],[25.034,5.667],[25.034,5.674],[25.039,5.682],[25.041,5.688],[25.041,5.695],[25.04,5.706],[25.041,5.714],[25.042,5.72],[25.047,5.729],[25.047,5.735],[25.047,5.743],[25.043,5.757],[25.044,5.762],[25.048,5.765],[25.053,5.767],[25.061,5.773],[25.065,5.775],[25.082,5.776],[25.087,5.777],[25.092,5.779],[25.096,5.782],[25.099,5.786],[25.106,5.799],[25.109,5.803],[25.113,5.806],[25.118,5.806],[25.122,5.805],[25.126,5.802],[25.128,5.798],[25.141,5.773],[25.144,5.773],[25.146,5.776],[25.147,5.781],[25.149,5.793],[25.151,5.798],[25.153,5.802],[25.154,5.807],[25.155,5.812],[25.153,5.824],[25.155,5.843],[25.164,5.869],[25.181,5.896],[25.184,5.91],[25.178,5.926],[25.158,5.952],[25.14,5.959],[25.128,5.962],[25.118,5.959],[25.108,5.959],[25.099,5.963],[25.091,5.974],[25.088,5.983],[25.082,5.994],[25.075,6.005],[25.059,6.023],[25.054,6.032],[25.052,6.04],[25.052,6.046],[25.05,6.053],[25.044,6.058],[25.033,6.061],[25.015,6.06],[25.008,6.063],[24.991,6.088],[24.863,6.201],[24.85,6.219],[24.851,6.224],[24.856,6.226],[24.89,6.214],[24.908,6.21],[24.925,6.208],[24.939,6.211],[24.961,6.225],[24.971,6.23],[24.991,6.236],[24.997,6.24],[25,6.245],[25.006,6.27],[25.012,6.283],[25.021,6.29],[25.033,6.292],[25.051,6.292],[25.064,6.296],[25.072,6.304],[25.074,6.319],[25.074,6.336],[25.071,6.349],[25.062,6.362],[25.05,6.375],[25.004,6.414],[24.968,6.438],[24.943,6.45],[24.926,6.462],[24.9,6.484],[24.887,6.491],[24.867,6.494],[24.811,6.489],[24.796,6.485],[24.773,6.472],[24.712,6.412],[24.694,6.4],[24.68,6.396],[24.65,6.401],[24.635,6.401],[24.622,6.396],[24.612,6.391],[24.542,6.447],[24.261,6.753],[24.269,6.773],[24.274,6.774],[24.28,6.775],[24.288,6.775],[24.303,6.778],[24.307,6.782],[24.308,6.785],[24.304,6.787],[24.3,6.79],[24.297,6.799],[24.295,6.804],[24.291,6.807],[24.287,6.811],[24.287,6.82],[24.29,6.824],[24.295,6.826],[24.306,6.828],[24.312,6.83],[24.317,6.833],[24.328,6.844],[24.329,6.849],[24.328,6.861],[24.33,6.872],[24.335,6.877],[24.341,6.88],[24.346,6.882],[24.348,6.886],[24.346,6.889],[24.342,6.891],[24.337,6.893],[24.333,6.896],[24.33,6.899],[24.326,6.91],[24.322,6.933],[24.326,6.938],[24.346,6.958],[24.354,6.963],[24.361,6.966],[24.372,6.964],[24.378,6.964],[24.407,6.976],[24.413,6.977],[24.424,6.976],[24.435,6.976],[24.44,6.975],[24.444,6.973],[24.449,6.971],[24.454,6.97],[24.471,6.972],[24.494,6.979],[24.498,6.982],[24.514,7.006],[24.519,7.011],[24.525,7.011],[24.534,7.008],[24.54,7.007],[24.545,7.012],[24.554,7.032],[24.555,7.041],[24.555,7.048],[24.552,7.065],[24.551,7.07],[24.544,7.084],[24.542,7.089],[24.542,7.097],[24.553,7.127],[24.554,7.132],[24.555,7.138],[24.555,7.144],[24.554,7.15],[24.553,7.156],[24.553,7.164],[24.554,7.173],[24.559,7.189],[24.561,7.198],[24.56,7.205],[24.557,7.209],[24.553,7.212],[24.544,7.216],[24.54,7.219],[24.538,7.223],[24.539,7.229],[24.541,7.236],[24.542,7.242],[24.541,7.247],[24.538,7.25],[24.533,7.251],[24.524,7.247],[24.52,7.246],[24.516,7.249],[24.515,7.255],[24.518,7.267],[24.52,7.274],[24.519,7.281],[24.518,7.285],[24.515,7.29],[24.514,7.295],[24.512,7.3],[24.512,7.308],[24.513,7.318],[24.518,7.339],[24.535,7.377],[24.546,7.392],[24.552,7.41],[24.565,7.425],[24.582,7.466],[24.589,7.477],[24.594,7.485],[24.594,7.487],[24.591,7.489],[24.581,7.493],[24.573,7.498],[24.567,7.501],[24.563,7.503],[24.561,7.507],[24.559,7.513],[24.562,7.52],[24.56,7.524],[24.557,7.526],[24.552,7.528],[24.547,7.531],[24.543,7.535],[24.53,7.573],[24.524,7.583],[24.512,7.596],[24.507,7.604],[24.505,7.608],[24.497,7.634],[24.501,7.717],[24.5,7.72],[24.496,7.728],[24.494,7.731],[24.49,7.735],[24.488,7.743],[24.487,7.754],[24.488,7.778],[24.487,7.79],[24.484,7.803],[24.476,7.82],[24.469,7.839],[24.465,7.863],[24.462,7.903],[24.459,7.914],[24.456,7.923],[24.453,7.933],[24.475,8.033],[24.476,8.059],[24.473,8.074],[24.46,8.082],[24.454,8.087],[24.444,8.098],[24.438,8.103],[24.432,8.106],[24.426,8.113],[24.422,8.123],[24.418,8.145],[24.413,8.157],[24.407,8.166],[24.399,8.169],[24.382,8.173],[24.371,8.177],[24.355,8.186],[24.301,8.231],[24.263,8.269]]]}},{"type":"Feature","id":"CF-HS","properties":{"id":"CF-HS","countryCode":"CF","isoSubdivision":"CF-HS","name":"Mambéré-Kadéï","name_en":"Mambéré-Kadéï","name_ko":"맘베레카데이","type":"Prefecture","labelLongitude":15.889,"labelLatitude":4.532,"minZoom":7},"geometry":{"type":"Polygon","coordinates":[[[15.103,4.112],[15.091,4.122],[15.084,4.149],[15.083,4.206],[15.073,4.266],[15.064,4.293],[15.049,4.322],[15.014,4.364],[15.007,4.378],[15.001,4.403],[14.994,4.413],[14.982,4.42],[14.938,4.436],[14.78,4.545],[14.744,4.58],[14.717,4.622],[14.704,4.669],[14.697,4.745],[14.691,4.762],[14.692,4.769],[14.696,4.78],[14.701,4.804],[14.701,4.814],[14.687,4.909],[14.682,4.921],[14.676,4.931],[14.672,4.941],[14.674,4.968],[14.67,4.977],[14.663,4.986],[14.659,4.997],[14.66,5.011],[14.674,5.012],[14.755,5.009],[14.844,4.994],[14.866,4.994],[14.886,4.996],[14.921,5.007],[14.932,5.008],[14.945,5.006],[14.957,5.001],[14.959,5],[14.995,4.958],[15.007,4.947],[15.012,4.944],[15.019,4.943],[15.028,4.945],[15.044,4.956],[15.086,4.99],[15.114,4.997],[15.138,5],[15.302,5.003],[15.317,5.008],[15.323,5.012],[15.33,5.014],[15.342,5.013],[15.365,5.001],[15.369,5],[15.377,4.998],[15.406,5],[15.412,5.002],[15.42,5.005],[15.482,5.047],[15.493,5.052],[15.498,5.053],[15.504,5.05],[15.517,5.043],[15.556,5.024],[15.558,5.023],[15.578,5.024],[15.586,5.024],[15.592,5.022],[15.602,5.019],[15.609,5.018],[15.686,5.018],[15.692,5.02],[15.68,5.131],[15.677,5.142],[15.672,5.15],[15.669,5.155],[15.666,5.161],[15.669,5.168],[15.672,5.175],[15.701,5.21],[15.704,5.219],[15.704,5.225],[15.704,5.23],[15.71,5.233],[15.721,5.235],[15.752,5.235],[15.763,5.233],[15.769,5.229],[15.767,5.21],[15.768,5.202],[15.77,5.193],[15.782,5.171],[15.786,5.161],[15.787,5.155],[15.787,5.148],[15.785,5.142],[15.784,5.135],[15.784,5.13],[15.785,5.121],[15.787,5.114],[15.806,5.082],[15.817,5.077],[15.834,5.076],[15.89,5.096],[15.919,5.111],[15.929,5.114],[15.939,5.111],[15.945,5.106],[15.957,5.09],[15.967,5.08],[15.982,5.071],[16.001,5.068],[16.027,5.072],[16.059,5.082],[16.526,5.275],[16.673,5.363],[16.708,5.379],[16.73,5.384],[16.755,5.367],[16.773,5.357],[16.8,5.353],[16.839,5.356],[16.878,5.366],[16.902,5.369],[16.919,5.369],[16.932,5.362],[17.033,5.288],[17.054,5.265],[17.118,5.165],[17.118,5.156],[17.114,5.147],[17.105,5.141],[17.069,5.13],[17.055,5.124],[17.045,5.117],[17.031,5.104],[17.025,5.1],[17.018,5.098],[17.004,5.096],[17,5.095],[16.998,5.094],[16.996,5.092],[16.995,5.09],[16.995,5.087],[16.996,5.083],[17.037,5.024],[17.041,4.996],[17.038,4.988],[17.034,4.977],[17.027,4.969],[17.018,4.964],[17.007,4.961],[17,4.959],[16.991,4.955],[16.979,4.949],[16.903,4.899],[16.863,4.882],[16.844,4.877],[16.837,4.875],[16.83,4.868],[16.83,4.738],[16.834,4.718],[16.846,4.68],[16.854,4.663],[16.934,4.514],[16.944,4.505],[16.966,4.498],[16.984,4.48],[16.998,4.458],[17.008,4.437],[17.017,4.406],[17.022,4.396],[17.04,4.376],[17.042,4.371],[17.048,4.371],[17.07,4.363],[17.067,4.346],[17.06,4.341],[17.05,4.339],[17.002,4.345],[16.997,4.347],[16.99,4.352],[16.974,4.367],[16.968,4.376],[16.961,4.383],[16.901,4.421],[16.889,4.425],[16.878,4.427],[16.869,4.427],[16.86,4.423],[16.849,4.413],[16.824,4.384],[16.811,4.373],[16.783,4.339],[16.738,4.245],[16.729,4.248],[16.7,4.253],[16.678,4.259],[16.67,4.254],[16.658,4.242],[16.618,4.18],[16.607,4.158],[16.601,4.142],[16.598,4.127],[16.596,4.096],[16.6,4.053],[16.599,4.041],[16.596,4.028],[16.593,4.016],[16.585,4],[16.547,3.951],[16.508,3.913],[16.486,3.896],[16.48,3.891],[16.475,3.884],[16.465,3.85],[16.461,3.842],[16.456,3.836],[16.449,3.832],[16.442,3.831],[16.432,3.836],[16.396,3.875],[16.385,3.884],[16.373,3.889],[16.36,3.891],[16.323,3.89],[16.31,3.891],[16.3,3.895],[16.293,3.901],[16.286,3.909],[16.276,3.917],[16.233,3.938],[16.21,3.946],[16.125,3.968],[16.116,3.972],[16.108,3.977],[16.1,3.983],[16.093,3.988],[16.085,3.991],[16.071,3.992],[16.051,3.991],[15.887,3.969],[15.847,3.957],[15.732,3.907],[15.619,3.84],[15.602,3.826],[15.579,3.767],[15.573,3.76],[15.562,3.753],[15.548,3.747],[15.52,3.742],[15.506,3.742],[15.498,3.746],[15.491,3.769],[15.488,3.774],[15.484,3.777],[15.477,3.781],[15.468,3.782],[15.459,3.783],[15.445,3.778],[15.425,3.768],[15.267,3.667],[15.262,3.663],[15.253,3.673],[15.171,3.759],[15.085,3.886],[15.026,4.026],[15.043,4.026],[15.075,4.018],[15.092,4.016],[15.111,4.02],[15.15,4.039],[15.172,4.044],[15.192,4.052],[15.19,4.063],[15.178,4.071],[15.162,4.074],[15.148,4.074],[15.143,4.08],[15.139,4.095],[15.133,4.109],[15.118,4.114],[15.103,4.112]]]}},{"type":"Feature","id":"CF-KB","properties":{"id":"CF-KB","countryCode":"CF","isoSubdivision":"CF-KB","name":"Nana-Grébizi Economic Prefecture","name_en":"Nana-Grébizi Economic Prefecture","name_ko":"나나그레비지","type":"Economic Prefecture","labelLongitude":19.405,"labelLatitude":7.119,"minZoom":7},"geometry":{"type":"Polygon","coordinates":[[[19.064,8.583],[19.09,8.561],[19.097,8.537],[19.1,8.51],[19.106,8.487],[19.154,8.405],[19.169,8.39],[19.207,8.362],[19.223,8.343],[19.226,8.337],[19.228,8.332],[19.229,8.327],[19.229,8.319],[19.232,8.312],[19.245,8.307],[19.249,8.301],[19.245,8.292],[19.237,8.284],[19.235,8.278],[19.249,8.274],[19.25,8.259],[19.265,8.238],[19.286,8.216],[19.339,8.171],[19.343,8.158],[19.343,8.147],[19.346,8.139],[19.359,8.13],[19.356,8.122],[19.359,8.09],[19.354,8.064],[19.36,8.052],[19.38,8.048],[19.373,8.038],[19.353,8.029],[19.345,8.021],[19.343,8.011],[19.346,8.002],[19.352,7.99],[19.352,7.964],[19.346,7.954],[19.332,7.945],[19.34,7.933],[19.35,7.915],[19.352,7.898],[19.32,7.882],[19.328,7.865],[19.344,7.848],[19.352,7.842],[19.346,7.833],[19.321,7.813],[19.321,7.805],[19.357,7.756],[19.373,7.747],[19.375,7.755],[19.386,7.774],[19.419,7.741],[19.433,7.737],[19.435,7.76],[19.456,7.731],[19.462,7.726],[19.474,7.726],[19.483,7.731],[19.49,7.737],[19.499,7.74],[19.513,7.733],[19.533,7.707],[19.544,7.705],[19.553,7.695],[19.565,7.694],[19.592,7.699],[19.574,7.681],[19.566,7.67],[19.568,7.661],[19.574,7.659],[19.584,7.659],[19.593,7.657],[19.599,7.651],[19.595,7.63],[19.583,7.607],[19.577,7.586],[19.592,7.568],[19.599,7.574],[19.614,7.57],[19.627,7.575],[19.64,7.561],[19.65,7.56],[19.682,7.55],[19.689,7.551],[19.693,7.559],[19.705,7.555],[19.718,7.548],[19.729,7.548],[19.733,7.538],[19.731,7.517],[19.737,7.507],[19.758,7.51],[19.763,7.448],[19.781,7.431],[19.789,7.434],[19.797,7.438],[19.802,7.438],[19.805,7.428],[19.805,7.419],[19.806,7.414],[19.811,7.404],[19.817,7.396],[19.84,7.371],[19.852,7.363],[19.858,7.373],[19.862,7.376],[19.866,7.376],[19.885,7.353],[19.905,7.278],[19.921,7.247],[19.935,7.236],[19.96,7.23],[19.983,7.216],[20.005,7.206],[20.016,7.198],[20.024,7.19],[20.036,7.174],[20.044,7.165],[20.076,7.139],[20.096,7.128],[20.116,7.123],[20.123,7.12],[20.141,7.096],[20.141,7.099],[20.147,7.099],[20.156,7.097],[20.149,7.06],[20.149,7.005],[20.141,6.972],[20.113,6.901],[20.102,6.88],[20.089,6.864],[20.062,6.841],[20.049,6.825],[20.04,6.805],[20.032,6.793],[20.022,6.784],[20.011,6.776],[19.964,6.728],[19.932,6.703],[19.921,6.692],[19.871,6.626],[19.863,6.606],[19.86,6.581],[19.878,6.47],[19.879,6.457],[19.877,6.451],[19.874,6.448],[19.869,6.448],[19.86,6.451],[19.833,6.468],[19.815,6.476],[19.774,6.481],[19.743,6.476],[19.534,6.502],[19.468,6.498],[19.305,6.457],[19.238,6.449],[19.196,6.439],[19.176,6.437],[19.152,6.44],[19.114,6.453],[19.09,6.465],[19.073,6.479],[19.058,6.501],[19.047,6.524],[19.038,6.537],[19.014,6.543],[18.976,6.543],[18.752,6.514],[18.768,6.569],[18.776,6.583],[18.79,6.599],[18.808,6.611],[18.859,6.637],[18.867,6.644],[18.871,6.652],[18.872,6.662],[18.868,6.677],[18.862,6.685],[18.855,6.691],[18.809,6.709],[18.788,6.721],[18.769,6.735],[18.752,6.75],[18.745,6.765],[18.743,6.779],[18.748,6.796],[18.755,6.811],[18.752,6.814],[18.747,6.816],[18.736,6.816],[18.731,6.817],[18.728,6.819],[18.724,6.827],[18.707,6.882],[18.698,6.897],[18.684,6.911],[18.66,6.93],[18.655,6.941],[18.655,6.953],[18.664,6.968],[18.673,6.975],[18.69,6.985],[18.695,6.992],[18.699,6.999],[18.71,7.043],[18.718,7.059],[18.725,7.068],[18.739,7.075],[18.744,7.079],[18.744,7.086],[18.739,7.095],[18.713,7.106],[18.711,7.111],[18.712,7.117],[18.72,7.127],[18.728,7.132],[18.755,7.147],[18.762,7.153],[18.767,7.158],[18.769,7.165],[18.77,7.172],[18.77,7.187],[18.771,7.196],[18.773,7.204],[18.781,7.212],[18.789,7.216],[18.829,7.232],[18.836,7.237],[18.841,7.243],[18.839,7.264],[18.732,7.571],[18.745,7.604],[18.793,7.646],[19.003,7.752],[19.014,7.763],[19.012,7.766],[19.008,7.766],[19.004,7.764],[19,7.764],[18.996,7.764],[18.991,7.765],[18.987,7.767],[18.983,7.771],[18.981,7.775],[18.978,7.792],[18.978,7.798],[18.979,7.804],[18.982,7.81],[18.989,7.819],[18.991,7.825],[18.991,7.83],[18.988,7.837],[18.981,7.846],[18.979,7.85],[18.98,7.856],[18.984,7.863],[18.989,7.867],[18.998,7.872],[19.001,7.873],[19.003,7.876],[19.005,7.88],[19.005,7.885],[19.003,7.891],[19.001,7.895],[18.992,7.901],[18.989,7.904],[18.988,7.908],[18.992,7.912],[18.996,7.915],[19.011,7.921],[19.016,7.924],[19.023,7.93],[19.026,7.934],[19.029,7.939],[19.03,7.944],[19.03,7.949],[19.025,7.954],[19.023,7.96],[19.022,7.966],[19.028,7.983],[19.028,7.991],[19.028,8.003],[19.029,8.012],[19.035,8.023],[19.04,8.027],[19.044,8.034],[19.054,8.06],[19.056,8.067],[19.052,8.075],[19.048,8.08],[19.045,8.084],[19.045,8.089],[19.05,8.095],[19.055,8.099],[19.058,8.104],[19.058,8.111],[19.056,8.12],[19.051,8.133],[19.051,8.138],[19.052,8.143],[19.057,8.15],[19.062,8.154],[19.065,8.158],[19.065,8.164],[19.063,8.17],[19.061,8.179],[19.057,8.229],[19.053,8.236],[19.049,8.238],[19.044,8.238],[19.04,8.24],[19.035,8.242],[19.023,8.251],[19.02,8.255],[19.018,8.26],[19.019,8.268],[19.021,8.278],[19.029,8.295],[19.04,8.309],[19.042,8.316],[19.044,8.326],[19.042,8.349],[19.043,8.355],[19.047,8.358],[19.052,8.36],[19.056,8.364],[19.057,8.37],[19.055,8.39],[19.056,8.397],[19.061,8.401],[19.067,8.403],[19.071,8.406],[19.072,8.41],[19.062,8.439],[19.061,8.446],[19.061,8.453],[19.069,8.472],[19.071,8.479],[19.069,8.487],[19.062,8.496],[19.06,8.499],[19.06,8.501],[19.062,8.504],[19.069,8.512],[19.073,8.521],[19.076,8.529],[19.075,8.57],[19.064,8.583]]]}},{"type":"Feature","id":"CF-KG","properties":{"id":"CF-KG","countryCode":"CF","isoSubdivision":"CF-KG","name":"Kémo Prefecture","name_en":"Kémo Prefecture","name_ko":"케모","type":"Prefecture","labelLongitude":19.314,"labelLatitude":5.755,"minZoom":7},"geometry":{"type":"Polygon","coordinates":[[[19.858,5.06],[19.85,5.074],[19.839,5.088],[19.825,5.097],[19.779,5.118],[19.749,5.124],[19.729,5.134],[19.72,5.136],[19.606,5.138],[19.569,5.155],[19.549,5.151],[19.517,5.136],[19.497,5.134],[19.432,5.136],[19.409,5.13],[19.394,5.117],[19.373,5.088],[19.284,5.032],[19.237,5.011],[19.23,5.002],[19.215,4.976],[19.196,4.95],[19.179,4.946],[19.133,4.947],[19.116,4.94],[19.107,4.932],[19.106,4.933],[19.103,4.962],[19.107,4.995],[19.107,4.999],[19.091,5.036],[18.999,5.162],[18.991,5.186],[18.989,5.21],[18.994,5.234],[19.02,5.31],[19.025,5.334],[19.022,5.352],[19.013,5.375],[18.992,5.412],[18.98,5.429],[18.97,5.438],[18.948,5.449],[18.913,5.475],[18.898,5.493],[18.887,5.512],[18.872,5.61],[18.865,5.627],[18.854,5.636],[18.741,5.653],[18.723,5.654],[18.687,5.668],[18.635,5.731],[18.625,5.783],[18.625,5.83],[18.622,5.846],[18.614,5.872],[18.614,5.891],[18.617,5.909],[18.628,5.938],[18.63,5.955],[18.628,5.97],[18.625,5.988],[18.625,5.996],[18.627,6.001],[18.68,6.023],[18.699,6.036],[18.731,6.053],[18.749,6.065],[18.803,6.118],[18.838,6.144],[18.857,6.162],[18.864,6.167],[18.895,6.18],[18.907,6.192],[18.911,6.2],[18.909,6.207],[18.901,6.212],[18.879,6.22],[18.871,6.228],[18.866,6.241],[18.863,6.259],[18.862,6.286],[18.864,6.342],[18.86,6.357],[18.85,6.372],[18.759,6.462],[18.746,6.481],[18.743,6.492],[18.744,6.499],[18.745,6.502],[18.752,6.514],[18.976,6.543],[19.014,6.543],[19.038,6.537],[19.047,6.524],[19.058,6.501],[19.073,6.479],[19.09,6.465],[19.114,6.453],[19.152,6.44],[19.176,6.437],[19.196,6.439],[19.238,6.449],[19.305,6.457],[19.468,6.498],[19.534,6.502],[19.743,6.476],[19.739,6.451],[19.739,6.445],[19.742,6.436],[19.747,6.429],[19.754,6.42],[19.763,6.412],[19.773,6.404],[19.783,6.398],[19.815,6.386],[19.83,6.378],[19.852,6.361],[19.867,6.34],[19.871,6.323],[19.866,6.302],[19.849,6.254],[19.845,6.233],[19.848,6.221],[19.86,6.202],[19.86,6.193],[19.854,6.184],[19.834,6.166],[19.829,6.154],[19.83,6.145],[19.839,6.126],[19.839,6.12],[19.835,6.115],[19.83,6.111],[19.825,6.105],[19.816,6.09],[19.803,6.071],[19.789,6.047],[19.784,6.041],[19.778,6.038],[19.769,6.038],[19.751,6.042],[19.745,6.042],[19.739,6.042],[19.733,6.041],[19.727,6.039],[19.721,6.036],[19.717,6.034],[19.714,6.031],[19.711,6.027],[19.707,6.017],[19.695,6.002],[19.61,5.936],[19.596,5.918],[19.596,5.904],[19.62,5.813],[19.622,5.801],[19.621,5.795],[19.62,5.791],[19.608,5.779],[19.607,5.773],[19.607,5.769],[19.61,5.766],[19.615,5.763],[19.655,5.751],[19.662,5.743],[19.667,5.729],[19.668,5.698],[19.662,5.677],[19.651,5.658],[19.558,5.582],[19.546,5.575],[19.499,5.569],[19.489,5.566],[19.479,5.56],[19.471,5.549],[19.471,5.541],[19.474,5.535],[19.481,5.53],[19.487,5.523],[19.493,5.515],[19.503,5.495],[19.522,5.49],[19.946,5.487],[19.997,5.478],[20.015,5.465],[20.014,5.45],[20.011,5.437],[20.007,5.428],[20.003,5.421],[19.994,5.41],[19.988,5.402],[19.976,5.372],[19.967,5.358],[19.962,5.346],[19.959,5.328],[19.958,5.264],[19.953,5.246],[19.951,5.232],[19.95,5.203],[19.934,5.133],[19.916,5.103],[19.903,5.087],[19.89,5.079],[19.88,5.076],[19.859,5.061],[19.858,5.06]]]}},{"type":"Feature","id":"CF-LB","properties":{"id":"CF-LB","countryCode":"CF","isoSubdivision":"CF-LB","name":"Lobaye Prefecture","name_en":"Lobaye Prefecture","name_ko":"로바예","type":"Prefecture","labelLongitude":17.682,"labelLatitude":4.076,"minZoom":7},"geometry":{"type":"Polygon","coordinates":[[[18.612,3.867],[18.613,3.834],[18.593,3.71],[18.626,3.477],[18.582,3.477],[18.57,3.49],[18.554,3.526],[18.513,3.592],[18.497,3.611],[18.472,3.632],[18.459,3.631],[18.448,3.618],[18.43,3.6],[18.421,3.596],[18.404,3.597],[18.392,3.596],[18.388,3.592],[18.384,3.578],[18.38,3.574],[18.373,3.575],[18.362,3.58],[18.356,3.581],[18.276,3.574],[18.265,3.575],[18.256,3.577],[18.249,3.575],[18.243,3.561],[18.235,3.531],[18.232,3.521],[18.22,3.504],[18.203,3.487],[18.182,3.477],[18.16,3.48],[18.147,3.495],[18.134,3.535],[18.116,3.552],[18.082,3.563],[18.047,3.563],[18.013,3.554],[17.982,3.539],[17.969,3.538],[17.96,3.541],[17.925,3.563],[17.919,3.566],[17.914,3.561],[17.875,3.543],[17.856,3.537],[17.842,3.54],[17.835,3.556],[17.831,3.576],[17.821,3.594],[17.808,3.609],[17.793,3.618],[17.784,3.618],[17.765,3.614],[17.756,3.615],[17.75,3.618],[17.74,3.629],[17.733,3.632],[17.726,3.632],[17.715,3.628],[17.709,3.626],[17.627,3.626],[17.587,3.632],[17.55,3.648],[17.513,3.679],[17.509,3.682],[17.495,3.683],[17.49,3.687],[17.486,3.7],[17.482,3.705],[17.459,3.708],[17.443,3.701],[17.427,3.69],[17.414,3.683],[17.414,3.684],[17.337,3.802],[17.331,3.807],[17.322,3.812],[17.27,3.837],[17.232,3.861],[17.219,3.867],[17.187,3.876],[17.165,3.888],[17.159,3.889],[17.153,3.891],[17.122,3.894],[17.09,3.903],[17.085,3.905],[17.034,3.94],[17.027,3.942],[17.016,3.944],[16.977,3.946],[16.97,3.948],[16.934,3.977],[16.93,3.981],[16.926,3.988],[16.898,4.044],[16.835,4.137],[16.833,4.142],[16.831,4.146],[16.761,4.228],[16.738,4.245],[16.783,4.339],[16.811,4.373],[16.824,4.384],[16.849,4.413],[16.86,4.423],[16.869,4.427],[16.878,4.427],[16.889,4.425],[16.901,4.421],[16.961,4.383],[16.968,4.376],[16.974,4.367],[16.99,4.352],[16.997,4.347],[17.002,4.345],[17.05,4.339],[17.06,4.341],[17.067,4.346],[17.07,4.363],[17.048,4.371],[17.042,4.371],[17.04,4.376],[17.022,4.396],[17.017,4.406],[17.008,4.437],[16.998,4.458],[16.984,4.48],[16.966,4.498],[16.944,4.505],[16.934,4.514],[16.854,4.663],[16.846,4.68],[16.834,4.718],[16.83,4.738],[16.83,4.868],[16.837,4.875],[16.844,4.877],[16.863,4.882],[16.903,4.899],[16.979,4.949],[16.991,4.955],[17,4.959],[17.007,4.961],[17.018,4.964],[17.027,4.969],[17.034,4.977],[17.038,4.988],[17.041,4.996],[17.037,5.024],[17.12,5.036],[17.13,5.034],[17.144,5.028],[17.149,5.018],[17.16,5.004],[17.173,4.994],[17.22,4.969],[17.231,4.959],[17.253,4.935],[17.278,4.916],[17.32,4.874],[17.362,4.847],[17.441,4.81],[17.455,4.802],[17.465,4.794],[17.499,4.749],[17.509,4.727],[17.541,4.591],[17.548,4.576],[17.557,4.563],[17.586,4.534],[17.601,4.525],[17.63,4.514],[17.643,4.511],[17.653,4.511],[17.659,4.514],[17.663,4.519],[17.668,4.523],[17.676,4.525],[17.721,4.526],[17.734,4.528],[17.744,4.532],[17.754,4.535],[17.765,4.534],[17.813,4.514],[17.821,4.509],[17.825,4.502],[17.828,4.488],[17.832,4.479],[17.839,4.47],[17.845,4.467],[17.858,4.467],[17.869,4.465],[17.891,4.456],[17.901,4.455],[17.91,4.458],[17.915,4.465],[17.921,4.47],[17.926,4.474],[17.932,4.476],[17.937,4.478],[17.95,4.478],[17.972,4.474],[17.998,4.466],[18.006,4.464],[18.017,4.463],[18.029,4.461],[18.041,4.456],[18.052,4.445],[18.064,4.442],[18.079,4.444],[18.096,4.45],[18.111,4.453],[18.132,4.448],[18.147,4.436],[18.16,4.419],[18.19,4.36],[18.205,4.344],[18.219,4.335],[18.23,4.331],[18.26,4.326],[18.281,4.321],[18.295,4.313],[18.305,4.302],[18.342,4.224],[18.343,4.215],[18.34,4.196],[18.341,4.182],[18.346,4.152],[18.347,4.138],[18.345,4.126],[18.338,4.1],[18.342,4.086],[18.353,4.069],[18.395,4.022],[18.403,4.008],[18.406,4.001],[18.411,3.994],[18.421,3.983],[18.436,3.975],[18.451,3.968],[18.461,3.962],[18.468,3.952],[18.474,3.941],[18.49,3.92],[18.499,3.911],[18.508,3.906],[18.534,3.901],[18.611,3.867],[18.612,3.867]]]}},{"type":"Feature","id":"CF-MB","properties":{"id":"CF-MB","countryCode":"CF","isoSubdivision":"CF-MB","name":"Mbomou Prefecture","name_en":"Mbomou Prefecture","name_ko":"음보무","type":"Prefecture","labelLongitude":23.46,"labelLatitude":5.486,"minZoom":7},"geometry":{"type":"Polygon","coordinates":[[[24.431,5.067],[24.417,5.073],[24.411,5.082],[24.402,5.111],[24.396,5.122],[24.383,5.108],[24.368,5.085],[24.361,5.063],[24.372,5.053],[24.397,5.048],[24.399,5.036],[24.386,5.022],[24.368,5.012],[24.297,5.003],[24.287,4.995],[24.285,4.992],[24.273,4.964],[24.27,4.952],[24.27,4.943],[24.268,4.936],[24.259,4.93],[24.253,4.93],[24.246,4.954],[24.23,4.961],[24.21,4.956],[24.191,4.944],[24.163,4.908],[24.153,4.903],[24.139,4.905],[24.12,4.919],[24.108,4.923],[24.09,4.92],[24.072,4.91],[24.047,4.889],[23.996,4.865],[23.978,4.854],[23.963,4.869],[23.957,4.871],[23.951,4.868],[23.946,4.862],[23.943,4.852],[23.943,4.841],[23.947,4.831],[23.948,4.818],[23.924,4.818],[23.882,4.827],[23.875,4.825],[23.864,4.816],[23.855,4.813],[23.848,4.814],[23.828,4.819],[23.817,4.821],[23.798,4.815],[23.76,4.787],[23.738,4.779],[23.693,4.773],[23.673,4.767],[23.634,4.745],[23.588,4.734],[23.567,4.724],[23.506,4.676],[23.488,4.67],[23.465,4.667],[23.448,4.659],[23.437,4.647],[23.43,4.629],[23.428,4.617],[23.428,4.609],[23.427,4.601],[23.423,4.594],[23.415,4.591],[23.396,4.592],[23.388,4.587],[23.371,4.597],[23.354,4.604],[23.336,4.607],[23.316,4.608],[23.313,4.61],[23.302,4.622],[23.3,4.625],[23.295,4.628],[23.273,4.632],[23.265,4.635],[23.252,4.663],[23.224,4.68],[23.221,4.684],[23.209,4.691],[23.184,4.725],[23.169,4.738],[23.124,4.716],[23.099,4.712],[23.077,4.721],[23.067,4.73],[23.055,4.738],[23.043,4.743],[23.029,4.745],[23.017,4.751],[23.011,4.764],[23.007,4.778],[22.996,4.8],[22.986,4.826],[22.977,4.834],[22.965,4.835],[22.953,4.831],[22.941,4.825],[22.93,4.821],[22.915,4.821],[22.906,4.824],[22.898,4.824],[22.889,4.813],[22.883,4.801],[22.882,4.788],[22.887,4.777],[22.896,4.765],[22.887,4.755],[22.865,4.739],[22.854,4.711],[22.837,4.714],[22.818,4.725],[22.803,4.731],[22.786,4.725],[22.776,4.71],[22.765,4.676],[22.757,4.661],[22.749,4.648],[22.738,4.638],[22.724,4.629],[22.724,4.617],[22.73,4.597],[22.731,4.587],[22.729,4.58],[22.719,4.563],[22.717,4.557],[22.714,4.551],[22.7,4.541],[22.697,4.536],[22.697,4.512],[22.695,4.501],[22.689,4.492],[22.676,4.485],[22.654,4.483],[22.61,4.484],[22.592,4.474],[22.587,4.449],[22.589,4.422],[22.594,4.402],[22.611,4.382],[22.614,4.374],[22.609,4.363],[22.6,4.353],[22.588,4.344],[22.577,4.341],[22.569,4.332],[22.539,4.278],[22.54,4.267],[22.546,4.246],[22.546,4.237],[22.54,4.227],[22.522,4.211],[22.518,4.207],[22.51,4.191],[22.493,4.174],[22.457,4.149],[22.452,4.147],[22.432,4.139],[22.423,4.135],[22.303,4.129],[22.207,4.15],[22.185,4.165],[22.162,4.173],[22.152,4.179],[22.133,4.199],[22.128,4.203],[22.108,4.21],[22.058,4.22],[22.037,4.229],[22.037,4.23],[22.038,4.231],[22.038,4.25],[22.043,4.26],[22.05,4.267],[22.059,4.278],[22.066,4.292],[22.068,4.301],[22.064,4.351],[22.065,4.363],[22.069,4.371],[22.09,4.394],[22.093,4.399],[22.097,4.42],[22.108,4.437],[22.134,4.471],[22.147,4.512],[22.132,4.534],[22.099,4.542],[22.059,4.539],[22.001,4.519],[21.987,4.522],[21.978,4.526],[21.95,4.529],[21.942,4.533],[21.942,4.542],[21.955,4.556],[21.956,4.566],[21.945,4.583],[21.929,4.593],[21.915,4.604],[21.908,4.625],[21.911,4.628],[21.915,4.632],[21.918,4.637],[21.916,4.643],[21.91,4.644],[21.903,4.642],[21.897,4.638],[21.895,4.635],[21.884,4.646],[21.879,4.653],[21.874,4.663],[21.859,4.656],[21.847,4.657],[21.826,4.67],[21.823,4.685],[21.818,4.691],[21.803,4.684],[21.797,4.686],[21.794,4.692],[21.792,4.697],[21.785,4.697],[21.773,4.689],[21.757,4.689],[21.743,4.698],[21.736,4.714],[21.74,4.723],[21.746,4.729],[21.75,4.735],[21.743,4.751],[21.745,4.759],[21.749,4.768],[21.754,4.791],[21.769,4.808],[21.772,4.824],[21.782,4.929],[21.788,4.943],[21.825,4.988],[21.833,5.005],[21.833,5.026],[21.823,5.043],[21.795,5.072],[21.792,5.088],[21.798,5.098],[21.833,5.129],[21.862,5.145],[21.875,5.157],[21.881,5.174],[21.893,5.23],[21.895,5.338],[21.897,5.348],[21.906,5.363],[21.908,5.375],[21.908,5.38],[21.906,5.382],[21.903,5.385],[21.902,5.389],[21.902,5.399],[21.899,5.425],[21.901,5.475],[21.902,5.488],[21.956,5.533],[21.974,5.555],[21.977,5.557],[21.982,5.561],[22,5.568],[22.015,5.579],[22.034,5.601],[22.043,5.618],[22.025,5.615],[22.03,5.637],[22.047,5.64],[22.068,5.638],[22.086,5.643],[22.078,5.672],[22.076,5.677],[22.055,5.701],[22.052,5.708],[22.054,5.729],[22.058,5.74],[22.065,5.75],[22.072,5.766],[22.077,5.801],[22.073,5.873],[22.08,5.903],[22.114,5.942],[22.117,5.963],[22.109,5.973],[22.107,5.98],[22.114,5.985],[22.125,5.992],[22.14,6.005],[22.235,6.058],[22.248,6.063],[22.263,6.062],[22.27,6.058],[22.277,6.051],[22.282,6.044],[22.289,6.039],[22.298,6.038],[22.335,6.044],[22.347,6.044],[22.36,6.042],[22.37,6.039],[22.383,6.04],[22.401,6.047],[22.457,6.08],[22.472,6.093],[22.482,6.106],[22.495,6.127],[22.509,6.181],[22.526,6.216],[22.541,6.232],[22.56,6.245],[22.686,6.269],[22.706,6.268],[22.735,6.262],[22.752,6.262],[22.794,6.271],[22.809,6.272],[22.821,6.27],[22.829,6.266],[22.836,6.262],[22.84,6.257],[22.845,6.249],[22.856,6.226],[22.875,6.207],[22.905,6.185],[22.981,6.159],[23.242,6.095],[23.271,6.098],[23.291,6.104],[23.294,6.112],[23.294,6.118],[23.293,6.13],[23.293,6.135],[23.294,6.141],[23.296,6.145],[23.296,6.15],[23.296,6.154],[23.294,6.159],[23.293,6.164],[23.292,6.17],[23.295,6.176],[23.3,6.182],[23.31,6.192],[23.315,6.205],[23.319,6.209],[23.324,6.212],[23.335,6.214],[23.342,6.212],[23.351,6.207],[23.357,6.207],[23.363,6.207],[23.374,6.209],[23.381,6.209],[23.388,6.211],[23.396,6.215],[23.407,6.226],[23.412,6.233],[23.414,6.241],[23.415,6.253],[23.417,6.259],[23.418,6.263],[23.426,6.276],[23.436,6.286],[23.438,6.291],[23.452,6.302],[24.261,6.753],[24.542,6.447],[24.612,6.391],[24.622,6.396],[24.635,6.401],[24.65,6.401],[24.68,6.396],[24.694,6.4],[24.712,6.412],[24.773,6.472],[24.796,6.485],[24.811,6.489],[24.867,6.494],[24.887,6.491],[24.9,6.484],[24.926,6.462],[24.943,6.45],[24.968,6.438],[25.004,6.414],[25.05,6.375],[25.062,6.362],[25.071,6.349],[25.074,6.336],[25.074,6.319],[25.072,6.304],[25.064,6.296],[25.051,6.292],[25.033,6.292],[25.021,6.29],[25.012,6.283],[25.006,6.27],[25,6.245],[24.997,6.24],[24.991,6.236],[24.971,6.23],[24.961,6.225],[24.939,6.211],[24.925,6.208],[24.908,6.21],[24.89,6.214],[24.856,6.226],[24.851,6.224],[24.85,6.219],[24.863,6.201],[24.991,6.088],[25.008,6.063],[25.015,6.06],[25.033,6.061],[25.044,6.058],[25.05,6.053],[25.052,6.046],[25.052,6.04],[25.054,6.032],[25.059,6.023],[25.075,6.005],[25.082,5.994],[25.088,5.983],[25.091,5.974],[25.099,5.963],[25.108,5.959],[25.118,5.959],[25.128,5.962],[25.14,5.959],[25.158,5.952],[25.178,5.926],[25.184,5.91],[25.181,5.896],[25.164,5.869],[25.155,5.843],[25.153,5.824],[25.155,5.812],[25.154,5.807],[25.153,5.802],[25.151,5.798],[25.149,5.793],[25.147,5.781],[25.146,5.776],[25.144,5.773],[25.141,5.773],[25.128,5.798],[25.126,5.802],[25.122,5.805],[25.118,5.806],[25.113,5.806],[25.109,5.803],[25.106,5.799],[25.099,5.786],[25.096,5.782],[25.092,5.779],[25.087,5.777],[25.082,5.776],[25.065,5.775],[25.061,5.773],[25.053,5.767],[25.048,5.765],[25.044,5.762],[25.043,5.757],[25.047,5.743],[25.047,5.735],[25.047,5.729],[25.042,5.72],[25.041,5.714],[25.04,5.706],[25.041,5.695],[25.041,5.688],[25.039,5.682],[25.034,5.674],[25.034,5.667],[25.034,5.659],[25.038,5.645],[25.038,5.638],[25.036,5.634],[25.032,5.631],[25.029,5.627],[25.028,5.621],[25.029,5.613],[25.032,5.603],[25.036,5.598],[25.042,5.594],[25.043,5.592],[25.042,5.589],[25.024,5.58],[25.021,5.576],[25.02,5.574],[25.023,5.571],[25.036,5.568],[25.044,5.566],[25.046,5.564],[25.045,5.561],[25.037,5.556],[25.029,5.551],[25.025,5.548],[25.022,5.544],[25.021,5.539],[25.02,5.536],[25.02,5.525],[25.02,5.521],[25.019,5.519],[25.016,5.514],[25.014,5.51],[25.011,5.507],[24.998,5.501],[24.997,5.5],[24.995,5.496],[24.993,5.492],[24.991,5.489],[24.988,5.486],[24.985,5.485],[24.982,5.485],[24.978,5.485],[24.976,5.485],[24.974,5.485],[24.97,5.484],[24.966,5.482],[24.963,5.479],[24.961,5.475],[24.962,5.468],[24.965,5.462],[24.973,5.454],[24.974,5.452],[24.974,5.45],[24.972,5.448],[24.97,5.446],[24.966,5.444],[24.96,5.442],[24.951,5.441],[24.95,5.44],[24.948,5.439],[24.941,5.431],[24.939,5.431],[24.934,5.431],[24.921,5.437],[24.917,5.437],[24.914,5.435],[24.914,5.425],[24.914,5.421],[24.912,5.416],[24.899,5.411],[24.895,5.409],[24.893,5.406],[24.892,5.402],[24.892,5.389],[24.891,5.387],[24.888,5.386],[24.885,5.388],[24.882,5.391],[24.88,5.392],[24.878,5.389],[24.879,5.363],[24.873,5.336],[24.872,5.334],[24.871,5.333],[24.87,5.332],[24.867,5.331],[24.86,5.335],[24.855,5.336],[24.851,5.338],[24.848,5.341],[24.845,5.344],[24.841,5.346],[24.837,5.347],[24.833,5.345],[24.83,5.341],[24.818,5.322],[24.816,5.32],[24.812,5.318],[24.809,5.316],[24.803,5.314],[24.793,5.313],[24.79,5.311],[24.788,5.308],[24.787,5.303],[24.786,5.293],[24.785,5.289],[24.783,5.287],[24.779,5.286],[24.775,5.287],[24.771,5.288],[24.767,5.291],[24.763,5.294],[24.758,5.296],[24.754,5.297],[24.753,5.297],[24.75,5.297],[24.734,5.291],[24.731,5.289],[24.729,5.286],[24.722,5.275],[24.719,5.272],[24.714,5.268],[24.707,5.263],[24.701,5.261],[24.699,5.26],[24.696,5.26],[24.692,5.26],[24.677,5.264],[24.665,5.266],[24.653,5.265],[24.642,5.265],[24.636,5.265],[24.631,5.263],[24.626,5.262],[24.622,5.263],[24.618,5.265],[24.612,5.271],[24.609,5.273],[24.607,5.274],[24.605,5.273],[24.604,5.272],[24.603,5.269],[24.603,5.265],[24.602,5.26],[24.6,5.255],[24.596,5.252],[24.592,5.25],[24.589,5.247],[24.587,5.242],[24.587,5.227],[24.586,5.225],[24.585,5.223],[24.582,5.218],[24.576,5.213],[24.574,5.211],[24.573,5.207],[24.572,5.182],[24.571,5.179],[24.569,5.178],[24.566,5.18],[24.563,5.184],[24.561,5.188],[24.557,5.192],[24.553,5.194],[24.548,5.194],[24.544,5.192],[24.541,5.187],[24.539,5.182],[24.538,5.175],[24.54,5.17],[24.543,5.165],[24.544,5.162],[24.543,5.159],[24.54,5.156],[24.536,5.151],[24.537,5.143],[24.539,5.138],[24.543,5.136],[24.554,5.135],[24.558,5.132],[24.56,5.13],[24.56,5.128],[24.56,5.124],[24.558,5.121],[24.557,5.118],[24.554,5.116],[24.546,5.11],[24.542,5.108],[24.537,5.107],[24.532,5.109],[24.528,5.111],[24.514,5.123],[24.51,5.124],[24.508,5.125],[24.506,5.125],[24.503,5.124],[24.501,5.123],[24.5,5.122],[24.498,5.12],[24.494,5.113],[24.481,5.102],[24.46,5.107],[24.437,5.101],[24.433,5.089],[24.433,5.076],[24.431,5.067]]]}},{"type":"Feature","id":"CF-MP","properties":{"id":"CF-MP","countryCode":"CF","isoSubdivision":"CF-MP","name":"Ombella-M'Poko Prefecture","name_en":"Ombella-M'Poko Prefecture","name_ko":"옴벨라음포코","type":"Prefecture","labelLongitude":17.802,"labelLatitude":5.177,"minZoom":7},"geometry":{"type":"Polygon","coordinates":[[[19.107,4.932],[19.083,4.909],[19.069,4.891],[19.058,4.868],[19.049,4.837],[19.044,4.827],[19.036,4.818],[19.027,4.812],[19.02,4.803],[19.012,4.765],[18.998,4.751],[18.98,4.739],[18.962,4.724],[18.928,4.666],[18.924,4.663],[18.905,4.656],[18.9,4.652],[18.898,4.651],[18.887,4.621],[18.852,4.594],[18.828,4.56],[18.777,4.433],[18.753,4.401],[18.721,4.377],[18.674,4.361],[18.654,4.357],[18.634,4.356],[18.614,4.36],[18.596,4.371],[18.589,4.392],[18.582,4.413],[18.572,4.43],[18.561,4.438],[18.537,4.438],[18.521,4.433],[18.505,4.416],[18.497,4.399],[18.493,4.388],[18.5,4.373],[18.518,4.358],[18.507,4.338],[18.512,4.325],[18.537,4.306],[18.545,4.289],[18.573,4.266],[18.579,4.255],[18.584,4.236],[18.62,4.17],[18.633,4.13],[18.647,4.046],[18.645,3.982],[18.642,3.958],[18.635,3.936],[18.614,3.901],[18.612,3.879],[18.612,3.867],[18.611,3.867],[18.534,3.901],[18.508,3.906],[18.499,3.911],[18.49,3.92],[18.474,3.941],[18.468,3.952],[18.461,3.962],[18.451,3.968],[18.436,3.975],[18.421,3.983],[18.411,3.994],[18.406,4.001],[18.403,4.008],[18.395,4.022],[18.353,4.069],[18.342,4.086],[18.338,4.1],[18.345,4.126],[18.347,4.138],[18.346,4.152],[18.341,4.182],[18.34,4.196],[18.343,4.215],[18.342,4.224],[18.305,4.302],[18.295,4.313],[18.281,4.321],[18.26,4.326],[18.23,4.331],[18.219,4.335],[18.205,4.344],[18.19,4.36],[18.16,4.419],[18.147,4.436],[18.132,4.448],[18.111,4.453],[18.096,4.45],[18.079,4.444],[18.064,4.442],[18.052,4.445],[18.041,4.456],[18.029,4.461],[18.017,4.463],[18.006,4.464],[17.998,4.466],[17.972,4.474],[17.95,4.478],[17.937,4.478],[17.932,4.476],[17.926,4.474],[17.921,4.47],[17.915,4.465],[17.91,4.458],[17.901,4.455],[17.891,4.456],[17.869,4.465],[17.858,4.467],[17.845,4.467],[17.839,4.47],[17.832,4.479],[17.828,4.488],[17.825,4.502],[17.821,4.509],[17.813,4.514],[17.765,4.534],[17.754,4.535],[17.744,4.532],[17.734,4.528],[17.721,4.526],[17.676,4.525],[17.668,4.523],[17.663,4.519],[17.659,4.514],[17.653,4.511],[17.643,4.511],[17.63,4.514],[17.601,4.525],[17.586,4.534],[17.557,4.563],[17.548,4.576],[17.541,4.591],[17.509,4.727],[17.499,4.749],[17.465,4.794],[17.455,4.802],[17.441,4.81],[17.362,4.847],[17.32,4.874],[17.278,4.916],[17.253,4.935],[17.231,4.959],[17.22,4.969],[17.173,4.994],[17.16,5.004],[17.149,5.018],[17.144,5.028],[17.13,5.034],[17.12,5.036],[17.037,5.024],[16.996,5.083],[16.995,5.087],[16.995,5.09],[16.996,5.092],[16.998,5.094],[17,5.095],[17.004,5.096],[17.018,5.098],[17.025,5.1],[17.031,5.104],[17.045,5.117],[17.055,5.124],[17.069,5.13],[17.105,5.141],[17.114,5.147],[17.118,5.156],[17.118,5.165],[17.054,5.265],[17.033,5.288],[16.932,5.362],[16.919,5.369],[16.902,5.369],[16.878,5.366],[16.839,5.356],[16.8,5.353],[16.773,5.357],[16.755,5.367],[16.73,5.384],[16.708,5.379],[16.673,5.363],[16.526,5.275],[16.512,5.34],[16.5,5.37],[16.497,5.388],[16.497,5.412],[16.517,5.519],[16.515,5.568],[16.551,5.583],[16.601,5.62],[16.658,5.675],[16.673,5.692],[16.691,5.725],[16.708,5.748],[16.749,5.779],[16.872,5.822],[16.928,5.829],[16.937,5.834],[16.945,5.84],[16.955,5.849],[16.979,5.859],[16.977,5.81],[16.981,5.794],[17.002,5.765],[17.021,5.726],[17.044,5.72],[17.1,5.713],[17.583,5.721],[17.622,5.735],[17.815,5.841],[17.823,5.849],[17.831,5.857],[17.839,5.868],[17.85,5.88],[17.866,5.89],[17.896,5.898],[17.913,5.896],[17.926,5.891],[17.946,5.876],[17.998,5.853],[18.004,5.846],[18.007,5.835],[18.007,5.819],[18.009,5.812],[18.015,5.807],[18.027,5.801],[18.038,5.8],[18.05,5.802],[18.071,5.81],[18.084,5.812],[18.094,5.81],[18.104,5.805],[18.121,5.792],[18.127,5.79],[18.132,5.791],[18.136,5.793],[18.144,5.795],[18.224,5.802],[18.244,5.8],[18.256,5.797],[18.262,5.792],[18.264,5.786],[18.266,5.778],[18.266,5.769],[18.267,5.76],[18.27,5.754],[18.275,5.749],[18.279,5.748],[18.291,5.753],[18.306,5.756],[18.338,5.756],[18.36,5.753],[18.378,5.749],[18.389,5.743],[18.397,5.738],[18.402,5.733],[18.403,5.728],[18.403,5.722],[18.402,5.717],[18.399,5.712],[18.397,5.709],[18.393,5.706],[18.383,5.701],[18.379,5.698],[18.375,5.694],[18.373,5.686],[18.374,5.678],[18.379,5.666],[18.392,5.643],[18.396,5.632],[18.399,5.619],[18.398,5.584],[18.4,5.574],[18.406,5.565],[18.413,5.563],[18.423,5.565],[18.458,5.582],[18.505,5.599],[18.591,5.644],[18.601,5.652],[18.608,5.663],[18.612,5.673],[18.615,5.687],[18.616,5.701],[18.615,5.724],[18.617,5.731],[18.622,5.735],[18.635,5.731],[18.687,5.668],[18.723,5.654],[18.741,5.653],[18.854,5.636],[18.865,5.627],[18.872,5.61],[18.887,5.512],[18.898,5.493],[18.913,5.475],[18.948,5.449],[18.97,5.438],[18.98,5.429],[18.992,5.412],[19.013,5.375],[19.022,5.352],[19.025,5.334],[19.02,5.31],[18.994,5.234],[18.989,5.21],[18.991,5.186],[18.999,5.162],[19.091,5.036],[19.107,4.999],[19.107,4.995],[19.103,4.962],[19.106,4.933],[19.107,4.932]]]}},{"type":"Feature","id":"CF-NM","properties":{"id":"CF-NM","countryCode":"CF","isoSubdivision":"CF-NM","name":"Nana-Mambéré Prefecture","name_en":"Nana-Mambéré Prefecture","name_ko":"나나맘베레","type":"Prefecture","labelLongitude":15.456,"labelLatitude":5.674,"minZoom":7},"geometry":{"type":"Polygon","coordinates":[[[14.576,6.19],[14.719,6.258],[14.735,6.27],[14.772,6.318],[14.782,6.337],[14.785,6.348],[14.784,6.359],[14.78,6.382],[14.782,6.394],[14.807,6.428],[14.922,6.686],[14.938,6.686],[14.961,6.684],[14.989,6.685],[15,6.687],[15.009,6.69],[15.08,6.726],[15.175,6.755],[15.183,6.755],[15.187,6.75],[15.19,6.738],[15.19,6.727],[15.187,6.702],[15.189,6.695],[15.199,6.684],[15.256,6.635],[15.283,6.605],[15.301,6.579],[15.308,6.561],[15.312,6.545],[15.32,6.498],[15.321,6.473],[15.323,6.462],[15.324,6.454],[15.329,6.438],[15.33,6.427],[15.332,6.422],[15.336,6.417],[15.346,6.407],[15.35,6.402],[15.35,6.395],[15.349,6.389],[15.35,6.383],[15.376,6.345],[15.401,6.317],[15.424,6.302],[15.441,6.307],[15.458,6.32],[15.48,6.328],[15.51,6.316],[15.521,6.314],[15.541,6.311],[15.552,6.324],[15.569,6.337],[15.631,6.369],[15.702,6.387],[15.714,6.393],[15.733,6.407],[15.739,6.41],[15.743,6.413],[15.746,6.417],[15.751,6.419],[15.759,6.417],[15.775,6.404],[15.785,6.385],[15.784,6.368],[15.772,6.351],[15.718,6.3],[15.71,6.288],[15.705,6.278],[15.71,6.265],[15.723,6.246],[15.757,6.207],[15.776,6.179],[15.789,6.153],[15.792,6.131],[15.796,6.042],[15.8,6.023],[15.812,6],[15.814,5.991],[15.812,5.951],[15.816,5.936],[15.824,5.925],[15.866,5.888],[15.879,5.881],[15.901,5.873],[15.924,5.862],[15.952,5.843],[15.983,5.81],[15.994,5.802],[16.001,5.799],[16.025,5.799],[16.04,5.797],[16.064,5.792],[16.084,5.793],[16.105,5.798],[16.124,5.808],[16.142,5.819],[16.156,5.832],[16.167,5.847],[16.188,5.897],[16.195,5.906],[16.206,5.911],[16.22,5.911],[16.236,5.906],[16.249,5.896],[16.257,5.876],[16.26,5.859],[16.268,5.84],[16.284,5.819],[16.316,5.784],[16.388,5.735],[16.437,5.691],[16.451,5.673],[16.475,5.627],[16.495,5.599],[16.515,5.568],[16.517,5.519],[16.497,5.412],[16.497,5.388],[16.5,5.37],[16.512,5.34],[16.526,5.275],[16.059,5.082],[16.027,5.072],[16.001,5.068],[15.982,5.071],[15.967,5.08],[15.957,5.09],[15.945,5.106],[15.939,5.111],[15.929,5.114],[15.919,5.111],[15.89,5.096],[15.834,5.076],[15.817,5.077],[15.806,5.082],[15.787,5.114],[15.785,5.121],[15.784,5.13],[15.784,5.135],[15.785,5.142],[15.787,5.148],[15.787,5.155],[15.786,5.161],[15.782,5.171],[15.77,5.193],[15.768,5.202],[15.767,5.21],[15.769,5.229],[15.763,5.233],[15.752,5.235],[15.721,5.235],[15.71,5.233],[15.704,5.23],[15.704,5.225],[15.704,5.219],[15.701,5.21],[15.672,5.175],[15.669,5.168],[15.666,5.161],[15.669,5.155],[15.672,5.15],[15.677,5.142],[15.68,5.131],[15.692,5.02],[15.686,5.018],[15.609,5.018],[15.602,5.019],[15.592,5.022],[15.586,5.024],[15.578,5.024],[15.558,5.023],[15.556,5.024],[15.517,5.043],[15.504,5.05],[15.498,5.053],[15.493,5.052],[15.482,5.047],[15.42,5.005],[15.412,5.002],[15.406,5],[15.377,4.998],[15.369,5],[15.365,5.001],[15.342,5.013],[15.33,5.014],[15.323,5.012],[15.317,5.008],[15.302,5.003],[15.138,5],[15.114,4.997],[15.086,4.99],[15.044,4.956],[15.028,4.945],[15.019,4.943],[15.012,4.944],[15.007,4.947],[14.995,4.958],[14.959,5],[14.957,5.001],[14.945,5.006],[14.932,5.008],[14.921,5.007],[14.886,4.996],[14.866,4.994],[14.844,4.994],[14.755,5.009],[14.674,5.012],[14.66,5.011],[14.66,5.016],[14.667,5.053],[14.663,5.091],[14.663,5.142],[14.659,5.165],[14.652,5.188],[14.64,5.208],[14.624,5.224],[14.604,5.234],[14.56,5.249],[14.54,5.262],[14.524,5.28],[14.52,5.291],[14.528,5.293],[14.54,5.304],[14.548,5.321],[14.554,5.338],[14.556,5.351],[14.561,5.355],[14.571,5.371],[14.579,5.388],[14.58,5.395],[14.593,5.4],[14.597,5.411],[14.596,5.44],[14.6,5.457],[14.614,5.485],[14.617,5.495],[14.619,5.525],[14.617,5.538],[14.611,5.554],[14.597,5.577],[14.591,5.591],[14.59,5.608],[14.593,5.624],[14.611,5.669],[14.624,5.724],[14.631,5.738],[14.624,5.758],[14.617,5.865],[14.603,5.883],[14.598,5.903],[14.585,5.923],[14.572,5.924],[14.545,5.908],[14.531,5.906],[14.499,5.91],[14.482,5.91],[14.466,5.921],[14.458,5.936],[14.454,5.954],[14.447,5.97],[14.432,5.985],[14.418,5.997],[14.406,6.011],[14.398,6.019],[14.389,6.031],[14.387,6.039],[14.39,6.046],[14.398,6.054],[14.402,6.055],[14.413,6.047],[14.418,6.047],[14.423,6.051],[14.426,6.06],[14.429,6.064],[14.434,6.074],[14.433,6.079],[14.432,6.085],[14.431,6.088],[14.444,6.1],[14.467,6.123],[14.482,6.127],[14.511,6.155],[14.526,6.174],[14.535,6.19],[14.576,6.19]]]}},{"type":"Feature","id":"CF-OP","properties":{"id":"CF-OP","countryCode":"CF","isoSubdivision":"CF-OP","name":"Ouham-Pendé Prefecture","name_en":"Ouham-Pendé Prefecture","name_ko":"우암펭데","type":"Prefecture","labelLongitude":16.011,"labelLatitude":6.679,"minZoom":7},"geometry":{"type":"Polygon","coordinates":[[[16.549,7.87],[16.55,7.862],[16.551,7.853],[16.55,7.844],[16.545,7.813],[16.549,7.795],[16.56,7.78],[16.576,7.768],[16.587,7.764],[16.596,7.761],[16.605,7.757],[16.613,7.748],[16.618,7.734],[16.616,7.724],[16.612,7.714],[16.61,7.702],[16.614,7.68],[16.625,7.669],[16.663,7.657],[16.687,7.646],[16.71,7.628],[16.747,7.587],[16.769,7.55],[16.782,7.541],[16.806,7.544],[16.813,7.548],[16.815,7.55],[16.818,7.546],[16.822,7.523],[16.822,7.518],[16.814,7.484],[16.814,7.474],[16.815,7.468],[16.827,7.453],[16.831,7.442],[16.832,7.434],[16.832,7.427],[16.83,7.422],[16.827,7.417],[16.824,7.414],[16.82,7.411],[16.807,7.404],[16.802,7.401],[16.798,7.395],[16.795,7.385],[16.794,7.374],[16.791,7.366],[16.786,7.356],[16.783,7.347],[16.781,7.335],[16.777,7.263],[16.775,7.253],[16.758,7.208],[16.755,7.195],[16.754,7.186],[16.763,7.167],[16.766,7.155],[16.769,7.134],[16.769,7.124],[16.767,7.114],[16.761,7.093],[16.757,7.087],[16.754,7.084],[16.742,7.075],[16.738,7.071],[16.735,7.066],[16.73,7.052],[16.728,7.048],[16.724,7.045],[16.719,7.044],[16.713,7.043],[16.707,7.042],[16.7,7.039],[16.698,7.033],[16.697,7.026],[16.7,7.009],[16.698,7.004],[16.694,7.001],[16.689,7.001],[16.687,6.999],[16.684,6.997],[16.68,6.991],[16.679,6.986],[16.681,6.979],[16.683,6.972],[16.685,6.958],[16.687,6.95],[16.69,6.944],[16.694,6.941],[16.698,6.938],[16.703,6.935],[16.707,6.931],[16.71,6.924],[16.714,6.9],[16.716,6.894],[16.722,6.886],[16.724,6.881],[16.725,6.876],[16.724,6.805],[16.727,6.779],[16.731,6.765],[16.745,6.729],[16.753,6.692],[16.755,6.656],[16.759,6.627],[16.764,6.614],[16.769,6.611],[16.774,6.611],[16.779,6.606],[16.784,6.597],[16.791,6.566],[16.793,6.558],[16.797,6.555],[16.8,6.551],[16.806,6.549],[16.824,6.546],[16.828,6.544],[16.832,6.54],[16.835,6.536],[16.839,6.526],[16.848,6.499],[16.85,6.496],[16.852,6.493],[16.855,6.49],[16.859,6.487],[16.864,6.485],[16.874,6.483],[16.879,6.481],[16.882,6.478],[16.888,6.47],[16.891,6.466],[16.895,6.463],[16.899,6.46],[16.909,6.456],[16.914,6.454],[16.919,6.454],[16.923,6.455],[16.932,6.459],[16.938,6.46],[16.948,6.459],[16.951,6.461],[16.953,6.465],[16.954,6.475],[16.956,6.48],[16.959,6.483],[16.963,6.485],[16.968,6.485],[16.973,6.483],[16.977,6.481],[16.982,6.481],[16.992,6.484],[16.997,6.484],[17,6.483],[17.004,6.482],[17.008,6.48],[17.013,6.478],[17.019,6.477],[17.024,6.478],[17.028,6.481],[17.036,6.486],[17.041,6.488],[17.046,6.487],[17.05,6.485],[17.054,6.482],[17.058,6.479],[17.062,6.476],[17.068,6.469],[17.072,6.467],[17.076,6.465],[17.083,6.464],[17.089,6.461],[17.094,6.457],[17.099,6.45],[17.1,6.443],[17.098,6.411],[17.096,6.406],[17.094,6.401],[17.091,6.397],[17.088,6.395],[17.083,6.396],[17.08,6.398],[17.076,6.4],[17.071,6.4],[17.066,6.398],[17.058,6.393],[17.051,6.386],[17.044,6.372],[17.041,6.37],[17.037,6.37],[17.033,6.371],[17.028,6.371],[17.024,6.368],[17.021,6.362],[17.02,6.352],[17.022,6.345],[17.025,6.336],[17.025,6.33],[17.023,6.326],[17.019,6.321],[17.015,6.309],[17.011,6.306],[17.007,6.306],[17.003,6.306],[17,6.306],[16.996,6.306],[16.99,6.301],[16.987,6.299],[16.983,6.301],[16.98,6.304],[16.976,6.306],[16.971,6.307],[16.966,6.307],[16.961,6.304],[16.958,6.301],[16.955,6.297],[16.951,6.287],[16.947,6.277],[16.946,6.265],[16.945,6.247],[16.943,6.233],[16.94,6.197],[16.942,6.165],[16.944,6.157],[16.946,6.151],[16.952,6.14],[16.953,6.135],[16.951,6.131],[16.94,6.121],[16.937,6.118],[16.932,6.117],[16.927,6.117],[16.922,6.119],[16.917,6.119],[16.912,6.117],[16.908,6.106],[16.907,6.099],[16.908,6.091],[16.915,6.06],[16.921,6.049],[16.925,6.04],[16.925,6.032],[16.924,6.022],[16.924,6.015],[16.933,5.957],[16.935,5.947],[16.938,5.94],[16.942,5.936],[16.945,5.933],[16.951,5.925],[16.954,5.921],[16.957,5.914],[16.96,5.904],[16.964,5.885],[16.97,5.867],[16.979,5.859],[16.955,5.849],[16.945,5.84],[16.937,5.834],[16.928,5.829],[16.872,5.822],[16.749,5.779],[16.708,5.748],[16.691,5.725],[16.673,5.692],[16.658,5.675],[16.601,5.62],[16.551,5.583],[16.515,5.568],[16.495,5.599],[16.475,5.627],[16.451,5.673],[16.437,5.691],[16.388,5.735],[16.316,5.784],[16.284,5.819],[16.268,5.84],[16.26,5.859],[16.257,5.876],[16.249,5.896],[16.236,5.906],[16.22,5.911],[16.206,5.911],[16.195,5.906],[16.188,5.897],[16.167,5.847],[16.156,5.832],[16.142,5.819],[16.124,5.808],[16.105,5.798],[16.084,5.793],[16.064,5.792],[16.04,5.797],[16.025,5.799],[16.001,5.799],[15.994,5.802],[15.983,5.81],[15.952,5.843],[15.924,5.862],[15.901,5.873],[15.879,5.881],[15.866,5.888],[15.824,5.925],[15.816,5.936],[15.812,5.951],[15.814,5.991],[15.812,6],[15.8,6.023],[15.796,6.042],[15.792,6.131],[15.789,6.153],[15.776,6.179],[15.757,6.207],[15.723,6.246],[15.71,6.265],[15.705,6.278],[15.71,6.288],[15.718,6.3],[15.772,6.351],[15.784,6.368],[15.785,6.385],[15.775,6.404],[15.759,6.417],[15.751,6.419],[15.746,6.417],[15.743,6.413],[15.739,6.41],[15.733,6.407],[15.714,6.393],[15.702,6.387],[15.631,6.369],[15.569,6.337],[15.552,6.324],[15.541,6.311],[15.521,6.314],[15.51,6.316],[15.48,6.328],[15.458,6.32],[15.441,6.307],[15.424,6.302],[15.401,6.317],[15.376,6.345],[15.35,6.383],[15.349,6.389],[15.35,6.395],[15.35,6.402],[15.346,6.407],[15.336,6.417],[15.332,6.422],[15.33,6.427],[15.329,6.438],[15.324,6.454],[15.323,6.462],[15.321,6.473],[15.32,6.498],[15.312,6.545],[15.308,6.561],[15.301,6.579],[15.283,6.605],[15.256,6.635],[15.199,6.684],[15.189,6.695],[15.187,6.702],[15.19,6.727],[15.19,6.738],[15.187,6.75],[15.183,6.755],[15.175,6.755],[15.08,6.726],[15.009,6.69],[15,6.687],[14.989,6.685],[14.961,6.684],[14.938,6.686],[14.922,6.686],[14.932,6.71],[14.946,6.726],[14.962,6.737],[15.022,6.767],[15.035,6.777],[15.042,6.791],[15.059,6.836],[15.08,6.878],[15.113,6.965],[15.129,7.026],[15.136,7.045],[15.147,7.062],[15.156,7.068],[15.179,7.078],[15.188,7.089],[15.19,7.099],[15.185,7.157],[15.187,7.166],[15.191,7.177],[15.205,7.2],[15.224,7.248],[15.247,7.267],[15.261,7.279],[15.338,7.322],[15.385,7.358],[15.389,7.364],[15.397,7.381],[15.403,7.386],[15.41,7.388],[15.428,7.389],[15.433,7.39],[15.435,7.403],[15.416,7.421],[15.419,7.437],[15.473,7.509],[15.481,7.523],[15.516,7.512],[15.552,7.51],[15.625,7.52],[15.669,7.516],[15.72,7.469],[15.758,7.456],[15.794,7.458],[15.925,7.488],[15.943,7.495],[15.976,7.515],[15.99,7.529],[16.012,7.56],[16.026,7.575],[16.043,7.584],[16.065,7.591],[16.129,7.599],[16.163,7.611],[16.186,7.611],[16.207,7.614],[16.227,7.626],[16.262,7.652],[16.283,7.66],[16.371,7.673],[16.383,7.681],[16.387,7.695],[16.387,7.763],[16.392,7.784],[16.407,7.796],[16.418,7.796],[16.427,7.791],[16.437,7.788],[16.451,7.792],[16.457,7.8],[16.469,7.826],[16.476,7.836],[16.492,7.849],[16.509,7.858],[16.549,7.87]]]}},{"type":"Feature","id":"CF-SE","properties":{"id":"CF-SE","countryCode":"CF","isoSubdivision":"CF-SE","name":"Sangha-Mbaéré","name_en":"Sangha-Mbaéré","name_ko":"상가음바에레","type":"Economic Prefecture","labelLongitude":16.338,"labelLatitude":3.214,"minZoom":7},"geometry":{"type":"Polygon","coordinates":[[[17.414,3.683],[17.376,3.663],[17.356,3.638],[17.334,3.619],[17.298,3.616],[17.272,3.625],[17.259,3.626],[17.245,3.621],[17.231,3.609],[17.223,3.599],[17.214,3.589],[17.197,3.582],[17.183,3.58],[17.143,3.581],[17.129,3.577],[17.102,3.567],[17.088,3.564],[17.061,3.566],[17.052,3.564],[17.036,3.556],[17.029,3.552],[17.018,3.542],[17.009,3.538],[17.003,3.538],[16.99,3.539],[16.982,3.538],[16.969,3.533],[16.961,3.538],[16.953,3.547],[16.942,3.553],[16.932,3.554],[16.905,3.551],[16.896,3.552],[16.877,3.559],[16.868,3.562],[16.853,3.56],[16.852,3.552],[16.855,3.541],[16.853,3.533],[16.833,3.523],[16.812,3.522],[16.73,3.542],[16.709,3.544],[16.686,3.542],[16.639,3.529],[16.599,3.502],[16.568,3.464],[16.552,3.42],[16.543,3.336],[16.518,3.273],[16.517,3.249],[16.511,3.227],[16.477,3.179],[16.465,3.157],[16.465,3.132],[16.473,3.111],[16.483,3.09],[16.491,3.068],[16.484,3.032],[16.446,2.958],[16.448,2.913],[16.461,2.895],[16.475,2.878],[16.484,2.86],[16.479,2.836],[16.451,2.776],[16.427,2.726],[16.414,2.697],[16.371,2.607],[16.326,2.51],[16.294,2.442],[16.248,2.346],[16.197,2.236],[16.193,2.24],[16.18,2.247],[16.181,2.257],[16.187,2.269],[16.187,2.278],[16.183,2.281],[16.169,2.29],[16.166,2.295],[16.165,2.315],[16.163,2.324],[16.159,2.333],[16.152,2.343],[16.133,2.365],[16.121,2.39],[16.113,2.41],[16.112,2.419],[16.112,2.456],[16.107,2.474],[16.094,2.498],[16.09,2.51],[16.091,2.533],[16.107,2.567],[16.112,2.586],[16.109,2.607],[16.093,2.641],[16.09,2.662],[16.094,2.673],[16.101,2.688],[16.11,2.701],[16.099,2.704],[16.086,2.705],[16.073,2.703],[16.063,2.703],[16.059,2.712],[16.06,2.726],[16.056,2.76],[16.06,2.786],[16.087,2.813],[16.095,2.837],[16.092,2.863],[16.082,2.886],[16.07,2.907],[16.055,2.94],[16.034,2.971],[16.026,2.979],[16.016,2.983],[16.006,2.984],[15.995,2.981],[15.982,2.977],[15.978,2.981],[15.974,2.986],[15.972,2.991],[15.958,3.042],[15.95,3.061],[15.933,3.082],[15.914,3.098],[15.898,3.104],[15.855,3.099],[15.851,3.1],[15.84,3.107],[15.834,3.109],[15.829,3.107],[15.818,3.1],[15.814,3.099],[15.801,3.101],[15.793,3.103],[15.786,3.108],[15.711,3.187],[15.617,3.287],[15.518,3.392],[15.414,3.502],[15.33,3.591],[15.262,3.663],[15.267,3.667],[15.425,3.768],[15.445,3.778],[15.459,3.783],[15.468,3.782],[15.477,3.781],[15.484,3.777],[15.488,3.774],[15.491,3.769],[15.498,3.746],[15.506,3.742],[15.52,3.742],[15.548,3.747],[15.562,3.753],[15.573,3.76],[15.579,3.767],[15.602,3.826],[15.619,3.84],[15.732,3.907],[15.847,3.957],[15.887,3.969],[16.051,3.991],[16.071,3.992],[16.085,3.991],[16.093,3.988],[16.1,3.983],[16.108,3.977],[16.116,3.972],[16.125,3.968],[16.21,3.946],[16.233,3.938],[16.276,3.917],[16.286,3.909],[16.293,3.901],[16.3,3.895],[16.31,3.891],[16.323,3.89],[16.36,3.891],[16.373,3.889],[16.385,3.884],[16.396,3.875],[16.432,3.836],[16.442,3.831],[16.449,3.832],[16.456,3.836],[16.461,3.842],[16.465,3.85],[16.475,3.884],[16.48,3.891],[16.486,3.896],[16.508,3.913],[16.547,3.951],[16.585,4],[16.593,4.016],[16.596,4.028],[16.599,4.041],[16.6,4.053],[16.596,4.096],[16.598,4.127],[16.601,4.142],[16.607,4.158],[16.618,4.18],[16.658,4.242],[16.67,4.254],[16.678,4.259],[16.7,4.253],[16.729,4.248],[16.738,4.245],[16.761,4.228],[16.831,4.146],[16.833,4.142],[16.835,4.137],[16.898,4.044],[16.926,3.988],[16.93,3.981],[16.934,3.977],[16.97,3.948],[16.977,3.946],[17.016,3.944],[17.027,3.942],[17.034,3.94],[17.085,3.905],[17.09,3.903],[17.122,3.894],[17.153,3.891],[17.159,3.889],[17.165,3.888],[17.187,3.876],[17.219,3.867],[17.232,3.861],[17.27,3.837],[17.322,3.812],[17.331,3.807],[17.337,3.802],[17.414,3.684],[17.414,3.683]]]}},{"type":"Feature","id":"CF-UK","properties":{"id":"CF-UK","countryCode":"CF","isoSubdivision":"CF-UK","name":"Ouaka Prefecture","name_en":"Ouaka Prefecture","name_ko":"와카","type":"Prefecture","labelLongitude":20.706,"labelLatitude":5.995,"minZoom":7},"geometry":{"type":"Polygon","coordinates":[[[20.457,4.525],[20.452,4.529],[20.442,4.55],[20.447,4.57],[20.457,4.586],[20.463,4.601],[20.456,4.622],[20.44,4.644],[20.421,4.662],[20.404,4.67],[20.395,4.677],[20.374,4.724],[20.354,4.755],[20.339,4.772],[20.323,4.779],[20.302,4.782],[20.255,4.797],[20.237,4.806],[20.217,4.822],[20.172,4.878],[20.153,4.891],[20.086,4.916],[20.055,4.938],[20.031,4.958],[20.004,4.974],[19.915,4.993],[19.891,5.002],[19.88,5.016],[19.876,5.031],[19.858,5.06],[19.859,5.061],[19.88,5.076],[19.89,5.079],[19.903,5.087],[19.916,5.103],[19.934,5.133],[19.95,5.203],[19.951,5.232],[19.953,5.246],[19.958,5.264],[19.959,5.328],[19.962,5.346],[19.967,5.358],[19.976,5.372],[19.988,5.402],[19.994,5.41],[20.003,5.421],[20.007,5.428],[20.011,5.437],[20.014,5.45],[20.015,5.465],[19.997,5.478],[19.946,5.487],[19.522,5.49],[19.503,5.495],[19.493,5.515],[19.487,5.523],[19.481,5.53],[19.474,5.535],[19.471,5.541],[19.471,5.549],[19.479,5.56],[19.489,5.566],[19.499,5.569],[19.546,5.575],[19.558,5.582],[19.651,5.658],[19.662,5.677],[19.668,5.698],[19.667,5.729],[19.662,5.743],[19.655,5.751],[19.615,5.763],[19.61,5.766],[19.607,5.769],[19.607,5.773],[19.608,5.779],[19.62,5.791],[19.621,5.795],[19.622,5.801],[19.62,5.813],[19.596,5.904],[19.596,5.918],[19.61,5.936],[19.695,6.002],[19.707,6.017],[19.711,6.027],[19.714,6.031],[19.717,6.034],[19.721,6.036],[19.727,6.039],[19.733,6.041],[19.739,6.042],[19.745,6.042],[19.751,6.042],[19.769,6.038],[19.778,6.038],[19.784,6.041],[19.789,6.047],[19.803,6.071],[19.816,6.09],[19.825,6.105],[19.83,6.111],[19.835,6.115],[19.839,6.12],[19.839,6.126],[19.83,6.145],[19.829,6.154],[19.834,6.166],[19.854,6.184],[19.86,6.193],[19.86,6.202],[19.848,6.221],[19.845,6.233],[19.849,6.254],[19.866,6.302],[19.871,6.323],[19.867,6.34],[19.852,6.361],[19.83,6.378],[19.815,6.386],[19.783,6.398],[19.773,6.404],[19.763,6.412],[19.754,6.42],[19.747,6.429],[19.742,6.436],[19.739,6.445],[19.739,6.451],[19.743,6.476],[19.774,6.481],[19.815,6.476],[19.833,6.468],[19.86,6.451],[19.869,6.448],[19.874,6.448],[19.877,6.451],[19.879,6.457],[19.878,6.47],[19.86,6.581],[19.863,6.606],[19.871,6.626],[19.921,6.692],[19.932,6.703],[19.964,6.728],[20.011,6.776],[20.022,6.784],[20.032,6.793],[20.04,6.805],[20.049,6.825],[20.062,6.841],[20.089,6.864],[20.102,6.88],[20.113,6.901],[20.141,6.972],[20.149,7.005],[20.149,7.06],[20.156,7.097],[20.161,7.096],[20.162,7.092],[20.162,7.086],[20.164,7.08],[20.168,7.075],[20.186,7.068],[20.206,7.063],[20.223,7.057],[20.23,7.044],[20.24,7.034],[20.263,7.033],[20.288,7.035],[20.304,7.034],[20.312,7.038],[20.335,7.024],[20.349,7.02],[20.354,7.024],[20.362,7.032],[20.372,7.036],[20.383,7.03],[20.388,7.032],[20.421,7.034],[20.427,7.031],[20.428,7.026],[20.431,7.022],[20.438,7.02],[20.445,7.021],[20.463,7.027],[20.487,7.046],[20.512,7.065],[20.522,7.071],[20.527,7.071],[20.549,7.065],[20.572,7.075],[20.633,7.125],[20.644,7.138],[20.648,7.154],[20.675,7.226],[20.687,7.241],[20.698,7.247],[20.734,7.247],[20.743,7.245],[20.767,7.236],[20.777,7.233],[20.79,7.232],[20.794,7.232],[20.797,7.234],[20.805,7.239],[20.876,7.271],[20.887,7.284],[20.894,7.289],[20.935,7.343],[20.951,7.36],[21.02,7.459],[21.032,7.47],[21.069,7.499],[21.072,7.502],[21.075,7.507],[21.078,7.514],[21.077,7.524],[21.074,7.533],[21.059,7.559],[21.056,7.568],[21.056,7.582],[21.061,7.595],[21.073,7.607],[21.083,7.615],[21.09,7.622],[21.094,7.631],[21.101,7.662],[21.107,7.677],[21.111,7.686],[21.131,7.703],[21.173,7.668],[21.202,7.636],[21.225,7.619],[21.246,7.608],[21.315,7.594],[21.337,7.582],[21.362,7.565],[21.386,7.544],[21.4,7.527],[21.41,7.513],[21.418,7.498],[21.421,7.489],[21.423,7.476],[21.424,7.458],[21.413,7.352],[21.414,7.338],[21.422,7.32],[21.432,7.311],[21.447,7.305],[21.501,7.303],[21.51,7.304],[21.519,7.306],[21.531,7.307],[21.545,7.305],[21.567,7.296],[21.577,7.286],[21.582,7.273],[21.579,7.177],[21.606,7.003],[21.612,6.992],[21.631,6.979],[21.635,6.97],[21.637,6.931],[21.653,6.881],[21.652,6.873],[21.65,6.867],[21.647,6.862],[21.643,6.858],[21.641,6.852],[21.641,6.846],[21.644,6.834],[21.645,6.825],[21.645,6.818],[21.642,6.812],[21.638,6.806],[21.617,6.793],[21.612,6.788],[21.61,6.782],[21.61,6.772],[21.614,6.764],[21.621,6.757],[21.63,6.745],[21.658,6.663],[21.666,6.646],[21.675,6.634],[21.683,6.627],[21.692,6.616],[21.699,6.6],[21.704,6.593],[21.71,6.588],[21.717,6.587],[21.75,6.587],[21.761,6.584],[21.774,6.579],[21.787,6.565],[21.793,6.556],[21.795,6.545],[21.793,6.536],[21.782,6.502],[21.781,6.493],[21.787,6.442],[21.808,6.363],[21.809,6.34],[21.802,6.322],[21.791,6.302],[21.751,6.243],[21.744,6.23],[21.744,6.215],[21.75,6.206],[21.776,6.186],[21.791,6.168],[21.797,6.153],[21.806,6.121],[21.814,6.104],[21.818,6.089],[21.822,6.057],[21.83,6.048],[21.842,6.044],[21.859,6.043],[21.874,6.04],[21.885,6.033],[21.893,6.02],[21.909,5.961],[21.917,5.946],[21.94,5.911],[21.942,5.895],[21.938,5.814],[21.925,5.759],[21.908,5.719],[21.902,5.682],[21.898,5.672],[21.89,5.661],[21.869,5.64],[21.858,5.621],[21.85,5.62],[21.839,5.628],[21.801,5.66],[21.784,5.671],[21.772,5.676],[21.762,5.675],[21.751,5.67],[21.715,5.642],[21.673,5.598],[21.663,5.549],[21.634,5.491],[21.602,5.469],[21.588,5.465],[21.578,5.464],[21.57,5.466],[21.562,5.471],[21.546,5.497],[21.543,5.5],[21.518,5.51],[21.509,5.53],[21.506,5.54],[21.486,5.575],[21.484,5.582],[21.484,5.589],[21.486,5.594],[21.488,5.602],[21.488,5.612],[21.485,5.622],[21.482,5.63],[21.466,5.65],[21.455,5.672],[21.445,5.685],[21.435,5.692],[21.422,5.698],[21.413,5.706],[21.4,5.725],[21.395,5.728],[21.391,5.727],[21.388,5.723],[21.381,5.71],[21.377,5.703],[21.371,5.697],[21.362,5.695],[21.357,5.697],[21.344,5.711],[21.339,5.714],[21.333,5.714],[21.328,5.71],[21.321,5.704],[21.301,5.68],[21.294,5.674],[21.258,5.656],[21.248,5.652],[21.232,5.65],[21.221,5.652],[21.189,5.668],[21.181,5.67],[21.175,5.668],[21.172,5.666],[21.167,5.66],[21.163,5.657],[21.156,5.655],[21.146,5.654],[21.13,5.653],[21.122,5.656],[21.115,5.662],[21.101,5.688],[21.093,5.697],[21.084,5.705],[21.069,5.713],[21.059,5.716],[21.051,5.718],[21.044,5.718],[21.037,5.715],[21.033,5.711],[21.031,5.704],[21.032,5.695],[21.035,5.687],[21.04,5.68],[21.05,5.668],[21.054,5.662],[21.056,5.656],[21.057,5.65],[21.056,5.642],[21.052,5.635],[21.048,5.628],[21.027,5.609],[21.024,5.604],[21.022,5.599],[21.022,5.593],[21.027,5.567],[21.027,5.56],[21.025,5.553],[21.021,5.548],[21.015,5.544],[21.008,5.541],[20.957,5.531],[20.946,5.527],[20.94,5.523],[20.939,5.518],[20.94,5.513],[20.942,5.508],[20.946,5.504],[20.949,5.501],[20.951,5.5],[20.967,5.493],[20.973,5.49],[20.978,5.486],[20.981,5.481],[20.983,5.476],[20.982,5.455],[20.983,5.447],[20.988,5.425],[20.988,5.42],[20.985,5.416],[20.969,5.401],[20.961,5.391],[20.957,5.377],[20.962,5.314],[20.957,5.231],[20.952,5.213],[20.943,5.195],[20.918,5.163],[20.91,5.15],[20.905,5.136],[20.903,5.123],[20.904,5.11],[20.908,5.097],[20.933,5.045],[20.937,5.033],[20.937,5.023],[20.935,5.015],[20.928,5.001],[20.905,4.968],[20.899,4.953],[20.896,4.939],[20.897,4.923],[20.906,4.866],[20.906,4.849],[20.904,4.832],[20.895,4.813],[20.882,4.801],[20.868,4.794],[20.854,4.792],[20.842,4.794],[20.821,4.799],[20.808,4.798],[20.793,4.792],[20.755,4.768],[20.712,4.748],[20.699,4.736],[20.627,4.645],[20.57,4.59],[20.549,4.573],[20.457,4.525]]]}},{"type":"Feature","id":"CF-VK","properties":{"id":"CF-VK","countryCode":"CF","isoSubdivision":"CF-VK","name":"Vakaga Prefecture","name_en":"Vakaga Prefecture","name_ko":"바카가","type":"Prefecture","labelLongitude":22.244,"labelLatitude":9.802,"minZoom":7},"geometry":{"type":"Polygon","coordinates":[[[22.861,10.919],[22.863,10.892],[23.006,10.687],[23.109,10.614],[23.291,10.44],[23.458,10.174],[23.624,9.908],[23.645,9.863],[23.674,9.69],[23.669,9.652],[23.656,9.622],[23.619,9.566],[23.606,9.537],[23.607,9.526],[23.616,9.501],[23.619,9.488],[23.617,9.457],[23.62,9.448],[23.628,9.435],[23.635,9.435],[23.641,9.433],[23.646,9.425],[23.647,9.418],[23.622,9.341],[23.621,9.323],[23.631,9.292],[23.632,9.278],[23.623,9.266],[23.61,9.255],[23.571,9.207],[23.549,9.185],[23.538,9.178],[23.522,9.175],[23.489,9.177],[23.474,9.171],[23.463,9.154],[23.454,9.175],[23.452,9.2],[23.459,9.221],[23.464,9.231],[23.461,9.236],[23.454,9.24],[23.443,9.241],[23.431,9.241],[23.417,9.238],[23.405,9.234],[23.393,9.228],[23.383,9.222],[23.373,9.213],[23.365,9.203],[23.356,9.188],[23.348,9.168],[23.327,9.06],[23.321,9.041],[23.314,9.028],[23.299,9.011],[23.285,8.999],[23.278,8.996],[23.269,8.993],[23.259,8.991],[23.222,8.986],[23.204,8.98],[23.183,8.968],[23.114,8.917],[23.094,8.895],[23.082,8.871],[23.077,8.808],[23.073,8.786],[23.06,8.764],[23.05,8.756],[23.038,8.753],[23.01,8.761],[22.999,8.76],[22.813,8.714],[22.686,8.696],[22.647,8.685],[22.598,8.656],[22.582,8.645],[22.527,8.593],[22.517,8.586],[22.507,8.583],[22.5,8.582],[22.492,8.583],[22.483,8.584],[22.449,8.597],[22.436,8.598],[22.424,8.597],[22.413,8.594],[22.391,8.592],[22.394,8.627],[22.393,8.639],[22.392,8.651],[22.386,8.659],[22.375,8.667],[22.359,8.673],[22.284,8.683],[22.228,8.699],[22.212,8.706],[22.137,8.76],[22.123,8.778],[22.114,8.802],[22.086,8.931],[22.088,8.959],[22.087,8.969],[22.077,8.978],[22.031,9.009],[22.018,9.025],[22.01,9.041],[22.006,9.055],[22.001,9.066],[21.996,9.073],[21.985,9.081],[21.948,9.103],[21.934,9.114],[21.909,9.147],[21.899,9.157],[21.887,9.164],[21.861,9.177],[21.852,9.185],[21.846,9.196],[21.825,9.259],[21.818,9.274],[21.809,9.285],[21.801,9.293],[21.795,9.303],[21.792,9.315],[21.782,9.381],[21.776,9.399],[21.769,9.411],[21.733,9.44],[21.722,9.451],[21.715,9.462],[21.711,9.474],[21.706,9.494],[21.702,9.5],[21.643,9.553],[21.633,9.567],[21.626,9.579],[21.617,9.589],[21.604,9.593],[21.578,9.593],[21.552,9.591],[21.538,9.592],[21.528,9.596],[21.523,9.602],[21.52,9.61],[21.519,9.619],[21.519,9.638],[21.517,9.65],[21.508,9.684],[21.506,9.698],[21.505,9.709],[21.509,9.729],[21.508,9.737],[21.506,9.745],[21.5,9.757],[21.495,9.765],[21.486,9.768],[21.462,9.774],[21.456,9.773],[21.451,9.77],[21.446,9.762],[21.442,9.756],[21.438,9.745],[21.435,9.741],[21.431,9.736],[21.426,9.731],[21.419,9.726],[21.412,9.722],[21.405,9.718],[21.391,9.713],[21.378,9.707],[21.356,9.691],[21.336,9.671],[21.315,9.656],[21.309,9.649],[21.305,9.643],[21.302,9.632],[21.298,9.622],[21.295,9.617],[21.291,9.614],[21.283,9.608],[21.277,9.601],[21.265,9.592],[21.262,9.588],[21.253,9.583],[21.207,9.569],[21.191,9.566],[21.171,9.566],[21.159,9.564],[21.134,9.557],[21.121,9.556],[21.106,9.551],[21.089,9.544],[21.055,9.524],[21.032,9.506],[21.026,9.499],[21.022,9.494],[21.02,9.489],[21.015,9.473],[21.013,9.468],[21.01,9.464],[21.007,9.461],[20.995,9.451],[20.989,9.449],[20.98,9.446],[20.964,9.444],[20.938,9.435],[20.932,9.431],[20.929,9.428],[20.926,9.424],[20.921,9.415],[20.917,9.411],[20.91,9.405],[20.9,9.387],[20.897,9.383],[20.891,9.38],[20.882,9.379],[20.865,9.381],[20.844,9.388],[20.817,9.416],[20.814,9.419],[20.82,9.416],[20.826,9.418],[20.833,9.437],[20.834,9.462],[20.841,9.484],[20.864,9.494],[20.874,9.502],[20.913,9.544],[20.921,9.559],[20.925,9.57],[20.934,9.577],[20.956,9.589],[20.961,9.598],[20.962,9.607],[20.968,9.611],[20.983,9.604],[20.982,9.617],[20.98,9.62],[20.976,9.624],[20.976,9.631],[20.99,9.636],[20.996,9.648],[20.997,9.682],[21,9.697],[21.014,9.724],[21.017,9.744],[21.02,9.748],[21.026,9.753],[21.032,9.758],[21.038,9.761],[21.039,9.762],[21.04,9.765],[21.043,9.767],[21.048,9.768],[21.053,9.766],[21.062,9.756],[21.066,9.754],[21.073,9.758],[21.08,9.763],[21.093,9.774],[21.097,9.775],[21.102,9.774],[21.105,9.774],[21.107,9.778],[21.106,9.792],[21.107,9.795],[21.122,9.832],[21.132,9.849],[21.187,9.885],[21.195,9.887],[21.198,9.903],[21.206,9.917],[21.257,9.976],[21.271,9.987],[21.285,9.979],[21.326,9.963],[21.34,9.96],[21.374,9.973],[21.407,10.006],[21.433,10.046],[21.485,10.164],[21.513,10.201],[21.545,10.22],[21.554,10.219],[21.567,10.214],[21.579,10.212],[21.59,10.217],[21.593,10.215],[21.625,10.224],[21.631,10.227],[21.656,10.234],[21.669,10.249],[21.677,10.269],[21.689,10.289],[21.697,10.292],[21.709,10.294],[21.719,10.297],[21.723,10.306],[21.722,10.314],[21.718,10.329],[21.717,10.34],[21.72,10.361],[21.751,10.412],[21.744,10.419],[21.743,10.426],[21.744,10.432],[21.744,10.439],[21.738,10.448],[21.72,10.468],[21.717,10.477],[21.715,10.494],[21.705,10.532],[21.703,10.552],[21.705,10.572],[21.715,10.601],[21.717,10.621],[21.723,10.637],[21.736,10.646],[21.753,10.651],[21.768,10.652],[21.774,10.655],[21.779,10.662],[21.785,10.669],[21.795,10.672],[21.804,10.674],[21.823,10.679],[21.833,10.68],[21.853,10.67],[21.864,10.668],[21.868,10.676],[21.872,10.678],[21.895,10.699],[21.926,10.72],[21.943,10.728],[22.004,10.743],[22.015,10.755],[22.005,10.776],[22.011,10.789],[22.018,10.81],[22.029,10.829],[22.049,10.837],[22.132,10.829],[22.148,10.831],[22.176,10.816],[22.19,10.837],[22.201,10.869],[22.229,10.892],[22.24,10.906],[22.253,10.915],[22.268,10.909],[22.277,10.909],[22.287,10.916],[22.306,10.933],[22.319,10.939],[22.339,10.948],[22.361,10.954],[22.365,10.954],[22.392,10.959],[22.407,10.963],[22.419,10.971],[22.438,10.992],[22.447,10.998],[22.46,11.001],[22.476,10.998],[22.491,10.993],[22.503,10.992],[22.512,11.001],[22.535,10.981],[22.556,10.979],[22.577,10.985],[22.601,10.988],[22.609,10.985],[22.628,10.976],[22.638,10.974],[22.673,10.975],[22.683,10.974],[22.72,10.965],[22.745,10.944],[22.806,10.925],[22.861,10.919]]]}}]}
