{"type":"FeatureCollection","features":[{"type":"Feature","id":"CN-AH","properties":{"id":"CN-AH","countryCode":"CN","isoSubdivision":"CN-AH","name":"Anhui","name_en":"Anhui","name_ko":"안후이성","type":"Province","labelLongitude":117.253,"labelLatitude":31.954,"minZoom":4.6},"geometry":{"type":"Polygon","coordinates":[[[119.63,31.133],[119.621,31.049],[119.577,30.879],[119.579,30.867],[119.58,30.862],[119.578,30.855],[119.575,30.847],[119.567,30.836],[119.557,30.825],[119.55,30.813],[119.541,30.796],[119.537,30.79],[119.533,30.786],[119.523,30.78],[119.501,30.769],[119.498,30.767],[119.495,30.762],[119.493,30.754],[119.492,30.74],[119.491,30.73],[119.488,30.719],[119.465,30.678],[119.451,30.648],[119.448,30.643],[119.443,30.639],[119.438,30.637],[119.431,30.637],[119.424,30.638],[119.418,30.64],[119.412,30.643],[119.409,30.647],[119.406,30.651],[119.404,30.656],[119.402,30.667],[119.4,30.672],[119.397,30.676],[119.394,30.68],[119.389,30.683],[119.384,30.685],[119.377,30.686],[119.371,30.685],[119.36,30.68],[119.351,30.675],[119.346,30.672],[119.342,30.669],[119.339,30.664],[119.324,30.632],[119.32,30.627],[119.316,30.624],[119.311,30.621],[119.306,30.619],[119.277,30.611],[119.272,30.608],[119.269,30.603],[119.267,30.595],[119.268,30.58],[119.265,30.573],[119.261,30.568],[119.251,30.564],[119.246,30.561],[119.243,30.557],[119.242,30.551],[119.242,30.545],[119.243,30.54],[119.245,30.535],[119.249,30.529],[119.254,30.524],[119.266,30.517],[119.274,30.514],[119.282,30.513],[119.306,30.519],[119.311,30.519],[119.316,30.519],[119.321,30.518],[119.326,30.515],[119.33,30.509],[119.332,30.499],[119.332,30.483],[119.334,30.476],[119.338,30.468],[119.348,30.457],[119.353,30.449],[119.358,30.441],[119.358,30.421],[119.359,30.412],[119.363,30.404],[119.375,30.395],[119.391,30.386],[119.394,30.382],[119.397,30.379],[119.392,30.368],[119.343,30.373],[119.331,30.372],[119.32,30.369],[119.307,30.362],[119.28,30.346],[119.269,30.337],[119.262,30.329],[119.247,30.305],[119.243,30.301],[119.238,30.299],[119.229,30.3],[119.224,30.304],[119.216,30.311],[119.211,30.314],[119.204,30.314],[119.198,30.314],[119.173,30.31],[119.166,30.31],[119.118,30.315],[119.058,30.312],[119.05,30.313],[119.044,30.315],[119.034,30.321],[119.005,30.332],[118.98,30.348],[118.975,30.35],[118.969,30.352],[118.962,30.354],[118.954,30.355],[118.947,30.355],[118.941,30.354],[118.935,30.352],[118.899,30.336],[118.89,30.331],[118.881,30.324],[118.878,30.319],[118.876,30.311],[118.876,30.299],[118.878,30.292],[118.879,30.288],[118.898,30.251],[118.909,30.222],[118.905,30.214],[118.896,30.203],[118.86,30.173],[118.853,30.159],[118.867,30.157],[118.874,30.155],[118.878,30.152],[118.88,30.147],[118.879,30.142],[118.873,30.128],[118.871,30.122],[118.869,30.115],[118.869,30.109],[118.87,30.103],[118.871,30.098],[118.876,30.082],[118.893,30.007],[118.894,30.001],[118.894,29.989],[118.894,29.983],[118.891,29.975],[118.884,29.967],[118.851,29.942],[118.846,29.937],[118.841,29.927],[118.839,29.919],[118.835,29.898],[118.833,29.893],[118.828,29.887],[118.82,29.88],[118.741,29.828],[118.736,29.823],[118.731,29.816],[118.726,29.803],[118.724,29.795],[118.724,29.788],[118.73,29.773],[118.733,29.763],[118.733,29.757],[118.733,29.75],[118.731,29.744],[118.729,29.737],[118.724,29.73],[118.648,29.658],[118.64,29.656],[118.611,29.654],[118.605,29.652],[118.595,29.648],[118.557,29.625],[118.497,29.561],[118.47,29.524],[118.461,29.517],[118.421,29.494],[118.416,29.49],[118.41,29.484],[118.399,29.466],[118.394,29.46],[118.389,29.456],[118.373,29.453],[118.364,29.461],[118.357,29.469],[118.351,29.477],[118.348,29.481],[118.344,29.485],[118.339,29.488],[118.333,29.49],[118.327,29.492],[118.32,29.491],[118.313,29.487],[118.307,29.478],[118.306,29.472],[118.308,29.466],[118.31,29.462],[118.312,29.457],[118.312,29.452],[118.311,29.447],[118.283,29.435],[118.175,29.408],[118.13,29.433],[118.12,29.447],[118.119,29.463],[118.114,29.483],[118.114,29.491],[118.115,29.495],[118.118,29.499],[118.118,29.502],[118.117,29.507],[118.113,29.519],[118.109,29.525],[118.105,29.53],[118.099,29.533],[118.049,29.545],[118.021,29.563],[118.002,29.57],[117.994,29.571],[117.986,29.572],[117.959,29.569],[117.942,29.564],[117.91,29.552],[117.899,29.549],[117.87,29.554],[117.819,29.568],[117.807,29.57],[117.801,29.57],[117.766,29.56],[117.727,29.555],[117.708,29.556],[117.691,29.562],[117.684,29.568],[117.67,29.581],[117.649,29.606],[117.644,29.61],[117.637,29.613],[117.625,29.615],[117.609,29.614],[117.603,29.613],[117.562,29.611],[117.555,29.611],[117.541,29.614],[117.534,29.617],[117.527,29.622],[117.52,29.632],[117.513,29.645],[117.509,29.65],[117.503,29.654],[117.481,29.668],[117.436,29.72],[117.424,29.744],[117.418,29.752],[117.407,29.765],[117.402,29.773],[117.4,29.781],[117.4,29.787],[117.406,29.831],[117.404,29.834],[117.4,29.837],[117.389,29.838],[117.383,29.838],[117.378,29.836],[117.356,29.825],[117.351,29.824],[117.345,29.826],[117.34,29.833],[117.335,29.839],[117.33,29.843],[117.32,29.844],[117.313,29.843],[117.306,29.842],[117.286,29.832],[117.281,29.83],[117.274,29.829],[117.267,29.83],[117.26,29.831],[117.253,29.833],[117.246,29.836],[117.238,29.84],[117.229,29.847],[117.225,29.852],[117.223,29.858],[117.224,29.869],[117.225,29.875],[117.232,29.887],[117.233,29.894],[117.229,29.901],[117.226,29.907],[117.192,29.926],[117.181,29.927],[117.169,29.927],[117.156,29.924],[117.14,29.918],[117.13,29.914],[117.125,29.911],[117.119,29.903],[117.095,29.868],[117.08,29.85],[117.067,29.841],[117.064,29.837],[117.062,29.833],[117.066,29.827],[117.072,29.825],[117.085,29.821],[117.089,29.818],[117.092,29.814],[117.107,29.786],[117.107,29.779],[117.104,29.77],[117.095,29.752],[117.092,29.743],[117.091,29.735],[117.093,29.729],[117.093,29.723],[117.086,29.715],[117.079,29.71],[117.023,29.688],[116.982,29.673],[116.967,29.665],[116.963,29.661],[116.955,29.654],[116.928,29.612],[116.888,29.561],[116.881,29.553],[116.876,29.55],[116.87,29.547],[116.862,29.546],[116.833,29.544],[116.824,29.546],[116.815,29.549],[116.788,29.568],[116.782,29.57],[116.776,29.571],[116.766,29.568],[116.762,29.563],[116.76,29.558],[116.759,29.555],[116.757,29.551],[116.754,29.547],[116.749,29.545],[116.742,29.544],[116.734,29.546],[116.725,29.553],[116.711,29.57],[116.705,29.58],[116.693,29.593],[116.666,29.61],[116.655,29.619],[116.651,29.623],[116.648,29.627],[116.648,29.633],[116.649,29.64],[116.658,29.656],[116.675,29.708],[116.682,29.719],[116.689,29.724],[116.696,29.724],[116.702,29.722],[116.712,29.716],[116.717,29.714],[116.723,29.715],[116.727,29.718],[116.73,29.722],[116.739,29.744],[116.742,29.749],[116.746,29.753],[116.75,29.756],[116.756,29.758],[116.762,29.758],[116.768,29.756],[116.772,29.753],[116.776,29.749],[116.78,29.747],[116.785,29.747],[116.79,29.749],[116.794,29.752],[116.798,29.756],[116.864,29.851],[116.885,29.907],[116.887,29.913],[116.887,29.92],[116.885,29.928],[116.883,29.934],[116.88,29.939],[116.873,29.947],[116.791,30.022],[116.778,30.031],[116.739,30.049],[116.717,30.051],[116.702,30.056],[116.691,30.054],[116.663,30.053],[116.65,30.051],[116.637,30.043],[116.605,30.018],[116.594,30.011],[116.592,30.006],[116.588,30.002],[116.579,29.995],[116.575,29.991],[116.567,29.977],[116.549,29.954],[116.537,29.923],[116.527,29.907],[116.513,29.894],[116.493,29.885],[116.467,29.88],[116.415,29.881],[116.39,29.876],[116.357,29.858],[116.298,29.809],[116.265,29.789],[116.236,29.781],[116.207,29.781],[116.147,29.789],[116.134,29.821],[116.127,29.833],[116.124,29.84],[116.119,29.876],[116.121,29.888],[116.125,29.901],[116.126,29.905],[116.125,29.908],[116.123,29.914],[116.118,29.924],[116.114,29.931],[116.078,29.969],[116.076,29.971],[116.072,29.979],[116.071,29.986],[116.071,29.996],[116.08,30.038],[116.081,30.047],[116.076,30.079],[116.07,30.097],[116.065,30.129],[116.064,30.135],[116.063,30.137],[116.054,30.149],[116.043,30.212],[116.04,30.221],[116.037,30.226],[116.031,30.233],[116.022,30.24],[115.984,30.258],[115.98,30.262],[115.977,30.266],[115.969,30.286],[115.967,30.29],[115.964,30.294],[115.959,30.298],[115.938,30.308],[115.912,30.316],[115.906,30.32],[115.902,30.327],[115.899,30.341],[115.896,30.349],[115.893,30.355],[115.882,30.367],[115.877,30.376],[115.876,30.382],[115.877,30.39],[115.884,30.403],[115.889,30.409],[115.895,30.414],[115.93,30.432],[115.939,30.438],[115.943,30.442],[115.946,30.446],[115.948,30.453],[115.95,30.462],[115.948,30.479],[115.947,30.488],[115.94,30.506],[115.925,30.527],[115.881,30.578],[115.872,30.585],[115.867,30.588],[115.861,30.59],[115.854,30.591],[115.839,30.593],[115.833,30.594],[115.829,30.597],[115.827,30.602],[115.823,30.618],[115.82,30.623],[115.818,30.627],[115.814,30.631],[115.797,30.645],[115.79,30.653],[115.777,30.669],[115.768,30.688],[115.767,30.694],[115.766,30.702],[115.767,30.711],[115.769,30.726],[115.773,30.738],[115.775,30.755],[115.777,30.758],[115.781,30.763],[115.787,30.768],[115.798,30.774],[115.806,30.775],[115.811,30.775],[115.821,30.772],[115.828,30.771],[115.835,30.77],[115.842,30.771],[115.848,30.772],[115.853,30.775],[115.858,30.779],[115.862,30.785],[115.865,30.795],[115.866,30.801],[115.864,30.807],[115.858,30.821],[115.855,30.832],[115.854,30.843],[115.856,30.855],[115.859,30.861],[115.865,30.868],[115.874,30.876],[115.893,30.89],[115.913,30.9],[115.931,30.904],[115.943,30.907],[115.95,30.912],[115.982,30.94],[116.017,30.964],[116.023,30.97],[116.033,30.984],[116.036,30.989],[116.039,31.003],[116.035,31.031],[116.004,31.041],[115.989,31.043],[115.965,31.038],[115.959,31.036],[115.946,31.034],[115.94,31.035],[115.934,31.038],[115.932,31.046],[115.932,31.059],[115.93,31.064],[115.925,31.07],[115.9,31.09],[115.894,31.098],[115.89,31.106],[115.889,31.111],[115.887,31.117],[115.885,31.121],[115.882,31.126],[115.877,31.129],[115.87,31.132],[115.858,31.134],[115.85,31.134],[115.844,31.132],[115.828,31.126],[115.821,31.125],[115.814,31.124],[115.807,31.125],[115.793,31.128],[115.768,31.144],[115.711,31.194],[115.689,31.208],[115.669,31.217],[115.656,31.222],[115.647,31.224],[115.639,31.224],[115.633,31.223],[115.628,31.221],[115.624,31.217],[115.618,31.208],[115.612,31.198],[115.609,31.193],[115.606,31.181],[115.605,31.175],[115.603,31.17],[115.6,31.165],[115.596,31.162],[115.59,31.16],[115.583,31.16],[115.576,31.162],[115.569,31.164],[115.561,31.171],[115.55,31.183],[115.529,31.219],[115.523,31.233],[115.518,31.239],[115.511,31.246],[115.497,31.258],[115.481,31.268],[115.464,31.274],[115.461,31.276],[115.457,31.28],[115.454,31.286],[115.446,31.313],[115.442,31.319],[115.437,31.326],[115.424,31.336],[115.415,31.34],[115.386,31.348],[115.38,31.351],[115.374,31.366],[115.374,31.418],[115.391,31.47],[115.393,31.489],[115.389,31.499],[115.389,31.501],[115.39,31.512],[115.391,31.518],[115.394,31.524],[115.399,31.531],[115.419,31.551],[115.462,31.617],[115.465,31.621],[115.469,31.627],[115.473,31.635],[115.481,31.667],[115.483,31.675],[115.487,31.683],[115.501,31.7],[115.513,31.712],[115.532,31.736],[115.538,31.738],[115.543,31.738],[115.549,31.736],[115.555,31.734],[115.56,31.736],[115.564,31.739],[115.578,31.75],[115.582,31.752],[115.663,31.784],[115.688,31.789],[115.702,31.79],[115.725,31.788],[115.732,31.788],[115.738,31.79],[115.748,31.795],[115.754,31.796],[115.76,31.797],[115.79,31.796],[115.834,31.788],[115.866,31.785],[115.879,31.786],[115.891,31.789],[115.897,31.791],[115.901,31.794],[115.904,31.804],[115.906,31.819],[115.901,31.886],[115.914,31.975],[115.92,31.997],[115.921,31.999],[115.922,32.002],[115.925,32.01],[115.927,32.016],[115.928,32.025],[115.915,32.25],[115.913,32.258],[115.911,32.263],[115.903,32.277],[115.896,32.297],[115.894,32.309],[115.892,32.37],[115.888,32.394],[115.881,32.408],[115.878,32.412],[115.875,32.416],[115.863,32.428],[115.861,32.432],[115.861,32.442],[115.864,32.455],[115.872,32.482],[115.876,32.499],[115.875,32.5],[115.874,32.501],[115.867,32.506],[115.864,32.51],[115.862,32.515],[115.863,32.522],[115.867,32.527],[115.871,32.532],[115.902,32.559],[115.922,32.568],[115.92,32.574],[115.885,32.572],[115.844,32.543],[115.808,32.503],[115.79,32.471],[115.769,32.491],[115.755,32.498],[115.742,32.479],[115.726,32.481],[115.694,32.492],[115.687,32.467],[115.647,32.402],[115.631,32.413],[115.609,32.416],[115.586,32.412],[115.565,32.402],[115.547,32.409],[115.532,32.419],[115.507,32.439],[115.501,32.445],[115.499,32.448],[115.486,32.47],[115.483,32.474],[115.475,32.481],[115.471,32.485],[115.465,32.5],[115.465,32.501],[115.461,32.504],[115.457,32.507],[115.43,32.521],[115.411,32.533],[115.399,32.538],[115.394,32.541],[115.39,32.544],[115.387,32.549],[115.38,32.554],[115.367,32.56],[115.297,32.568],[115.29,32.57],[115.285,32.573],[115.281,32.577],[115.261,32.584],[115.199,32.591],[115.209,32.641],[115.21,32.657],[115.209,32.661],[115.207,32.666],[115.204,32.67],[115.186,32.693],[115.181,32.702],[115.18,32.714],[115.182,32.774],[115.184,32.784],[115.188,32.789],[115.192,32.793],[115.196,32.798],[115.196,32.803],[115.192,32.812],[115.191,32.821],[115.192,32.846],[115.189,32.854],[115.185,32.859],[115.167,32.867],[115.161,32.87],[115.147,32.884],[115.143,32.886],[115.14,32.888],[115.13,32.892],[115.104,32.899],[115.08,32.908],[115.073,32.91],[115.052,32.912],[115.045,32.913],[115.04,32.915],[115.034,32.918],[115.03,32.921],[115.021,32.928],[115.017,32.932],[115.012,32.935],[114.925,32.958],[114.919,32.961],[114.914,32.963],[114.899,32.974],[114.886,32.986],[114.88,32.993],[114.877,32.998],[114.876,33],[114.876,33.001],[114.877,33.013],[114.878,33.019],[114.88,33.025],[114.886,33.035],[114.888,33.04],[114.89,33.046],[114.89,33.052],[114.89,33.058],[114.887,33.083],[114.946,33.119],[114.969,33.124],[114.986,33.116],[115.019,33.094],[115.033,33.09],[115.106,33.083],[115.143,33.084],[115.188,33.108],[115.196,33.11],[115.251,33.121],[115.258,33.123],[115.274,33.133],[115.279,33.138],[115.283,33.143],[115.286,33.148],[115.293,33.172],[115.299,33.204],[115.301,33.21],[115.305,33.216],[115.31,33.222],[115.338,33.244],[115.345,33.25],[115.345,33.251],[115.348,33.256],[115.349,33.263],[115.349,33.274],[115.348,33.279],[115.348,33.284],[115.347,33.286],[115.341,33.334],[115.338,33.345],[115.336,33.35],[115.333,33.354],[115.329,33.358],[115.318,33.363],[115.315,33.368],[115.316,33.374],[115.326,33.391],[115.328,33.397],[115.327,33.402],[115.324,33.413],[115.324,33.42],[115.327,33.428],[115.346,33.453],[115.348,33.459],[115.348,33.465],[115.342,33.501],[115.345,33.509],[115.35,33.517],[115.356,33.52],[115.361,33.52],[115.366,33.517],[115.376,33.505],[115.381,33.501],[115.382,33.5],[115.388,33.499],[115.395,33.499],[115.399,33.5],[115.4,33.5],[115.403,33.503],[115.413,33.519],[115.429,33.538],[115.436,33.544],[115.443,33.548],[115.466,33.556],[115.497,33.561],[115.592,33.568],[115.626,33.578],[115.631,33.581],[115.635,33.585],[115.635,33.588],[115.635,33.592],[115.623,33.628],[115.61,33.657],[115.6,33.701],[115.594,33.716],[115.591,33.721],[115.581,33.733],[115.578,33.737],[115.575,33.741],[115.574,33.746],[115.574,33.75],[115.574,33.752],[115.575,33.756],[115.579,33.763],[115.583,33.767],[115.589,33.769],[115.595,33.769],[115.6,33.767],[115.603,33.763],[115.608,33.76],[115.615,33.758],[115.619,33.761],[115.622,33.766],[115.624,33.772],[115.63,33.839],[115.629,33.845],[115.627,33.85],[115.624,33.854],[115.618,33.856],[115.611,33.858],[115.604,33.858],[115.584,33.856],[115.579,33.856],[115.574,33.857],[115.569,33.86],[115.566,33.864],[115.564,33.868],[115.563,33.872],[115.561,33.898],[115.566,33.925],[115.573,33.952],[115.586,33.98],[115.597,33.994],[115.611,34.005],[115.654,34.048],[115.662,34.054],[115.666,34.056],[115.675,34.057],[115.703,34.057],[115.711,34.058],[115.733,34.066],[115.737,34.066],[115.742,34.066],[115.748,34.065],[115.77,34.056],[115.815,34.028],[115.83,34.012],[115.835,34.009],[115.841,34.007],[115.85,34.007],[115.857,34.009],[115.862,34.012],[115.867,34.016],[115.872,34.018],[115.879,34.018],[115.89,34.015],[115.907,34.007],[115.922,34.004],[115.932,34.003],[115.945,34.006],[115.953,34.004],[115.961,34],[115.97,33.991],[115.974,33.984],[115.976,33.977],[115.977,33.965],[115.974,33.952],[115.965,33.93],[115.964,33.924],[115.964,33.918],[115.965,33.913],[115.968,33.908],[115.971,33.905],[116.029,33.861],[116.04,33.849],[116.049,33.836],[116.059,33.809],[116.067,33.795],[116.08,33.778],[116.121,33.736],[116.135,33.726],[116.14,33.723],[116.147,33.72],[116.157,33.718],[116.166,33.717],[116.182,33.718],[116.381,33.779],[116.421,33.791],[116.424,33.792],[116.427,33.795],[116.431,33.799],[116.434,33.804],[116.437,33.811],[116.44,33.827],[116.445,33.845],[116.45,33.851],[116.456,33.856],[116.469,33.862],[116.485,33.867],[116.491,33.868],[116.497,33.869],[116.5,33.871],[116.512,33.878],[116.518,33.88],[116.524,33.882],[116.546,33.883],[116.553,33.884],[116.559,33.888],[116.566,33.895],[116.576,33.907],[116.584,33.912],[116.591,33.913],[116.608,33.905],[116.614,33.903],[116.621,33.902],[116.627,33.902],[116.632,33.905],[116.636,33.91],[116.638,33.919],[116.641,33.953],[116.634,33.97],[116.603,34.008],[116.571,34.079],[116.551,34.106],[116.543,34.121],[116.543,34.126],[116.543,34.132],[116.544,34.138],[116.545,34.144],[116.548,34.15],[116.551,34.155],[116.554,34.159],[116.558,34.162],[116.563,34.165],[116.567,34.169],[116.571,34.173],[116.574,34.178],[116.575,34.184],[116.575,34.189],[116.575,34.192],[116.573,34.202],[116.567,34.223],[116.566,34.235],[116.566,34.241],[116.567,34.249],[116.574,34.271],[116.575,34.274],[116.573,34.279],[116.569,34.283],[116.56,34.286],[116.552,34.287],[116.48,34.281],[116.468,34.278],[116.461,34.278],[116.44,34.281],[116.433,34.281],[116.415,34.276],[116.401,34.275],[116.394,34.275],[116.387,34.276],[116.378,34.28],[116.369,34.286],[116.315,34.337],[116.267,34.368],[116.222,34.389],[116.203,34.402],[116.187,34.42],[116.157,34.447],[116.154,34.455],[116.152,34.467],[116.157,34.505],[116.16,34.514],[116.163,34.519],[116.163,34.528],[116.163,34.535],[116.151,34.567],[116.187,34.583],[116.194,34.584],[116.205,34.583],[116.21,34.58],[116.215,34.576],[116.223,34.569],[116.228,34.565],[116.243,34.568],[116.267,34.577],[116.344,34.616],[116.377,34.64],[116.399,34.641],[116.413,34.643],[116.42,34.643],[116.428,34.64],[116.444,34.626],[116.484,34.599],[116.493,34.591],[116.499,34.584],[116.501,34.579],[116.503,34.574],[116.506,34.57],[116.51,34.566],[116.572,34.527],[116.579,34.52],[116.584,34.513],[116.591,34.501],[116.592,34.498],[116.598,34.495],[116.607,34.491],[116.625,34.485],[116.715,34.468],[116.77,34.452],[116.776,34.448],[116.783,34.441],[116.79,34.43],[116.802,34.4],[116.807,34.396],[116.815,34.392],[116.829,34.39],[116.839,34.389],[116.848,34.39],[116.906,34.401],[116.921,34.401],[116.929,34.4],[116.936,34.398],[116.943,34.394],[116.949,34.389],[116.964,34.374],[116.978,34.356],[116.98,34.351],[116.98,34.345],[116.979,34.34],[116.977,34.334],[116.97,34.317],[116.966,34.298],[116.966,34.286],[116.968,34.28],[116.97,34.275],[116.972,34.271],[116.979,34.265],[117.007,34.248],[117.015,34.242],[117.02,34.238],[117.02,34.233],[117.014,34.193],[117.014,34.186],[117.015,34.181],[117.016,34.175],[117.018,34.171],[117.026,34.163],[117.034,34.156],[117.137,34.107],[117.159,34.091],[117.179,34.084],[117.229,34.074],[117.245,34.074],[117.321,34.079],[117.332,34.077],[117.349,34.07],[117.37,34.056],[117.379,34.048],[117.392,34.031],[117.398,34.028],[117.407,34.025],[117.423,34.024],[117.433,34.024],[117.441,34.026],[117.477,34.045],[117.482,34.047],[117.488,34.048],[117.503,34.05],[117.509,34.049],[117.518,34.047],[117.525,34.044],[117.533,34.04],[117.548,34.027],[117.55,34.023],[117.557,34.011],[117.567,33.997],[117.572,33.99],[117.576,33.988],[117.583,33.987],[117.594,33.986],[117.602,33.988],[117.608,33.99],[117.612,33.993],[117.615,33.996],[117.616,33.999],[117.616,34],[117.616,34.002],[117.617,34.004],[117.619,34.007],[117.624,34.008],[117.634,34.001],[117.642,33.995],[117.645,33.991],[117.648,33.987],[117.651,33.982],[117.663,33.94],[117.665,33.936],[117.668,33.931],[117.675,33.923],[117.678,33.919],[117.681,33.915],[117.683,33.897],[117.685,33.892],[117.688,33.888],[117.691,33.884],[117.696,33.88],[117.703,33.878],[117.715,33.878],[117.723,33.88],[117.735,33.884],[117.741,33.884],[117.746,33.882],[117.749,33.876],[117.749,33.869],[117.745,33.843],[117.744,33.823],[117.748,33.776],[117.747,33.764],[117.746,33.758],[117.744,33.753],[117.743,33.751],[117.742,33.75],[117.731,33.741],[117.727,33.737],[117.726,33.733],[117.727,33.728],[117.736,33.725],[117.752,33.724],[117.831,33.735],[117.84,33.734],[117.865,33.726],[117.871,33.727],[117.879,33.728],[117.89,33.732],[117.899,33.734],[117.926,33.734],[117.94,33.738],[117.948,33.742],[117.962,33.75],[117.966,33.752],[118.062,33.757],[118.091,33.766],[118.105,33.768],[118.113,33.768],[118.124,33.766],[118.131,33.764],[118.144,33.756],[118.163,33.737],[118.169,33.726],[118.174,33.716],[118.176,33.705],[118.177,33.699],[118.177,33.693],[118.174,33.683],[118.168,33.673],[118.156,33.654],[118.144,33.639],[118.135,33.632],[118.127,33.624],[118.124,33.619],[118.122,33.611],[118.11,33.531],[118.112,33.5],[118.113,33.498],[118.116,33.49],[118.115,33.484],[118.113,33.479],[118.104,33.476],[118.097,33.476],[118.091,33.478],[118.081,33.484],[118.069,33.488],[118.063,33.489],[118.053,33.477],[118.04,33.455],[117.993,33.349],[117.983,33.3],[117.979,33.294],[117.949,33.27],[117.941,33.262],[117.938,33.257],[117.934,33.25],[117.932,33.246],[117.931,33.241],[117.932,33.235],[117.935,33.229],[117.942,33.225],[117.968,33.214],[117.979,33.204],[117.983,33.198],[117.985,33.194],[117.986,33.19],[117.986,33.186],[117.988,33.179],[117.991,33.175],[117.996,33.168],[118.014,33.162],[118.081,33.15],[118.085,33.155],[118.091,33.159],[118.095,33.161],[118.127,33.173],[118.151,33.178],[118.155,33.179],[118.156,33.181],[118.157,33.185],[118.157,33.189],[118.157,33.197],[118.16,33.207],[118.164,33.211],[118.166,33.212],[118.17,33.213],[118.178,33.213],[118.186,33.21],[118.197,33.205],[118.209,33.194],[118.215,33.187],[118.218,33.18],[118.219,33.175],[118.221,33.164],[118.221,33.16],[118.218,33.143],[118.216,33.117],[118.217,33.105],[118.224,33.078],[118.248,33.013],[118.254,33.005],[118.26,32.999],[118.295,32.975],[118.299,32.968],[118.299,32.963],[118.254,32.939],[118.245,32.933],[118.241,32.929],[118.239,32.924],[118.237,32.911],[118.238,32.905],[118.239,32.894],[118.243,32.884],[118.246,32.877],[118.251,32.87],[118.254,32.866],[118.258,32.862],[118.279,32.848],[118.284,32.843],[118.288,32.838],[118.29,32.833],[118.29,32.828],[118.29,32.821],[118.289,32.808],[118.289,32.796],[118.29,32.79],[118.293,32.785],[118.296,32.781],[118.3,32.777],[118.363,32.75],[118.364,32.745],[118.365,32.741],[118.367,32.736],[118.373,32.732],[118.381,32.73],[118.399,32.731],[118.409,32.733],[118.421,32.739],[118.431,32.74],[118.576,32.727],[118.582,32.729],[118.587,32.731],[118.6,32.742],[118.605,32.744],[118.611,32.746],[118.625,32.745],[118.709,32.732],[118.72,32.732],[118.729,32.738],[118.741,32.749],[118.743,32.751],[118.744,32.754],[118.745,32.757],[118.745,32.762],[118.738,32.776],[118.737,32.781],[118.738,32.786],[118.74,32.792],[118.745,32.802],[118.746,32.808],[118.748,32.839],[118.75,32.844],[118.752,32.847],[118.754,32.849],[118.758,32.852],[118.762,32.854],[118.767,32.855],[118.788,32.86],[118.793,32.862],[118.798,32.865],[118.8,32.87],[118.802,32.876],[118.806,32.909],[118.807,32.915],[118.81,32.921],[118.813,32.925],[118.816,32.929],[118.819,32.931],[118.826,32.935],[118.83,32.939],[118.833,32.943],[118.838,32.961],[118.841,32.966],[118.846,32.969],[118.857,32.972],[118.865,32.972],[118.874,32.97],[118.889,32.962],[118.899,32.959],[118.906,32.957],[118.91,32.957],[118.951,32.967],[118.965,32.967],[118.98,32.966],[118.987,32.964],[118.993,32.962],[118.997,32.959],[119,32.956],[119.002,32.954],[119.004,32.949],[119.006,32.944],[119.006,32.935],[119.005,32.921],[119.006,32.915],[119.009,32.91],[119.017,32.905],[119.031,32.9],[119.036,32.897],[119.04,32.893],[119.047,32.883],[119.05,32.88],[119.077,32.861],[119.082,32.857],[119.095,32.841],[119.102,32.836],[119.11,32.834],[119.148,32.829],[119.153,32.825],[119.157,32.818],[119.155,32.805],[119.151,32.789],[119.152,32.781],[119.154,32.771],[119.162,32.755],[119.167,32.747],[119.172,32.741],[119.185,32.731],[119.188,32.723],[119.19,32.711],[119.192,32.667],[119.199,32.64],[119.202,32.624],[119.199,32.594],[119.169,32.575],[119.163,32.569],[119.157,32.56],[119.147,32.541],[119.143,32.53],[119.141,32.521],[119.14,32.504],[119.139,32.501],[119.139,32.5],[119.136,32.496],[119.131,32.491],[119.09,32.453],[119.081,32.446],[119.066,32.445],[119.064,32.462],[119.062,32.468],[119.06,32.472],[119.056,32.476],[119.043,32.486],[119.039,32.49],[119.036,32.494],[119.034,32.499],[119.033,32.5],[119.03,32.504],[119.021,32.509],[119.015,32.512],[119.01,32.513],[119.004,32.513],[118.99,32.512],[118.984,32.512],[118.978,32.514],[118.973,32.517],[118.968,32.52],[118.962,32.529],[118.948,32.551],[118.945,32.555],[118.941,32.558],[118.935,32.561],[118.929,32.561],[118.916,32.56],[118.91,32.561],[118.906,32.564],[118.903,32.568],[118.902,32.573],[118.903,32.579],[118.905,32.585],[118.905,32.59],[118.903,32.594],[118.897,32.596],[118.891,32.596],[118.847,32.588],[118.84,32.588],[118.834,32.589],[118.828,32.591],[118.825,32.595],[118.822,32.6],[118.819,32.603],[118.814,32.605],[118.808,32.604],[118.79,32.598],[118.783,32.597],[118.777,32.599],[118.763,32.61],[118.759,32.613],[118.752,32.613],[118.744,32.61],[118.733,32.603],[118.724,32.6],[118.716,32.599],[118.71,32.601],[118.702,32.6],[118.694,32.598],[118.682,32.59],[118.674,32.588],[118.666,32.587],[118.66,32.59],[118.656,32.593],[118.65,32.594],[118.643,32.594],[118.621,32.583],[118.614,32.581],[118.608,32.581],[118.603,32.584],[118.593,32.59],[118.587,32.592],[118.58,32.593],[118.573,32.593],[118.566,32.591],[118.559,32.587],[118.555,32.582],[118.552,32.574],[118.552,32.562],[118.555,32.554],[118.559,32.549],[118.581,32.538],[118.585,32.535],[118.589,32.531],[118.592,32.527],[118.593,32.521],[118.594,32.516],[118.593,32.5],[118.593,32.495],[118.595,32.491],[118.597,32.487],[118.601,32.483],[118.606,32.48],[118.612,32.478],[118.65,32.473],[118.656,32.471],[118.661,32.468],[118.665,32.464],[118.667,32.459],[118.668,32.453],[118.669,32.429],[118.668,32.404],[118.669,32.392],[118.674,32.372],[118.682,32.356],[118.683,32.351],[118.684,32.339],[118.682,32.333],[118.678,32.327],[118.667,32.321],[118.662,32.316],[118.656,32.3],[118.65,32.289],[118.65,32.284],[118.653,32.281],[118.665,32.277],[118.669,32.273],[118.67,32.267],[118.668,32.261],[118.665,32.25],[118.65,32.238],[118.61,32.216],[118.599,32.212],[118.542,32.201],[118.514,32.2],[118.508,32.198],[118.503,32.193],[118.499,32.183],[118.499,32.176],[118.501,32.152],[118.5,32.141],[118.5,32.14],[118.499,32.138],[118.493,32.132],[118.483,32.124],[118.412,32.089],[118.398,32.078],[118.383,32.054],[118.381,32.042],[118.381,32.037],[118.382,32.03],[118.385,32.024],[118.392,32.016],[118.398,32.012],[118.401,32.007],[118.403,32.003],[118.399,31.998],[118.394,31.995],[118.378,31.988],[118.373,31.985],[118.37,31.981],[118.369,31.975],[118.368,31.969],[118.367,31.964],[118.363,31.96],[118.353,31.956],[118.35,31.952],[118.352,31.947],[118.375,31.925],[118.381,31.922],[118.396,31.915],[118.406,31.909],[118.423,31.896],[118.432,31.893],[118.438,31.893],[118.443,31.896],[118.449,31.897],[118.455,31.895],[118.46,31.891],[118.466,31.882],[118.475,31.866],[118.481,31.859],[118.481,31.846],[118.472,31.804],[118.477,31.79],[118.484,31.784],[118.511,31.768],[118.519,31.764],[118.53,31.76],[118.536,31.757],[118.54,31.754],[118.547,31.746],[118.551,31.743],[118.556,31.74],[118.569,31.736],[118.637,31.725],[118.675,31.713],[118.68,31.71],[118.683,31.706],[118.684,31.701],[118.681,31.695],[118.677,31.69],[118.668,31.683],[118.665,31.679],[118.662,31.674],[118.66,31.669],[118.662,31.662],[118.668,31.654],[118.674,31.65],[118.681,31.647],[118.71,31.64],[118.723,31.638],[118.73,31.638],[118.736,31.639],[118.741,31.642],[118.745,31.645],[118.748,31.65],[118.754,31.66],[118.757,31.664],[118.761,31.668],[118.765,31.672],[118.771,31.674],[118.777,31.674],[118.784,31.672],[118.789,31.667],[118.793,31.658],[118.796,31.638],[118.797,31.633],[118.8,31.628],[118.804,31.625],[118.81,31.623],[118.816,31.624],[118.822,31.626],[118.832,31.631],[118.838,31.632],[118.844,31.633],[118.851,31.632],[118.856,31.63],[118.86,31.627],[118.863,31.625],[118.866,31.621],[118.867,31.614],[118.869,31.607],[118.868,31.582],[118.869,31.576],[118.871,31.571],[118.872,31.566],[118.88,31.552],[118.881,31.547],[118.882,31.535],[118.881,31.522],[118.827,31.398],[118.82,31.388],[118.81,31.38],[118.803,31.375],[118.797,31.372],[118.751,31.358],[118.746,31.355],[118.742,31.35],[118.739,31.341],[118.737,31.334],[118.737,31.327],[118.737,31.321],[118.741,31.306],[118.756,31.281],[118.763,31.275],[118.768,31.272],[118.785,31.259],[118.788,31.255],[118.791,31.25],[118.797,31.235],[118.799,31.231],[118.804,31.228],[118.816,31.226],[119.075,31.239],[119.096,31.247],[119.163,31.287],[119.176,31.289],[119.236,31.265],[119.254,31.262],[119.264,31.263],[119.277,31.267],[119.283,31.267],[119.305,31.265],[119.311,31.265],[119.317,31.267],[119.322,31.269],[119.326,31.273],[119.333,31.281],[119.336,31.284],[119.34,31.287],[119.345,31.288],[119.349,31.286],[119.353,31.28],[119.355,31.275],[119.358,31.269],[119.359,31.264],[119.359,31.259],[119.36,31.254],[119.357,31.219],[119.357,31.207],[119.359,31.202],[119.36,31.197],[119.363,31.192],[119.37,31.188],[119.381,31.184],[119.407,31.18],[119.467,31.161],[119.479,31.155],[119.493,31.151],[119.527,31.155],[119.537,31.147],[119.548,31.141],[119.575,31.133],[119.592,31.131],[119.63,31.133]]]}},{"type":"Feature","id":"CN-BJ","properties":{"id":"CN-BJ","countryCode":"CN","isoSubdivision":"CN-BJ","name":"Beijing","name_en":"Beijing","name_ko":"베이징시","type":"Municipality","labelLongitude":116.389,"labelLatitude":39.949,"minZoom":4.6},"geometry":{"type":"Polygon","coordinates":[[[117.357,40.257],[117.37,40.218],[117.372,40.201],[117.371,40.194],[117.368,40.188],[117.364,40.18],[117.359,40.175],[117.34,40.159],[117.337,40.156],[117.333,40.149],[117.321,40.125],[117.316,40.116],[117.311,40.11],[117.306,40.107],[117.301,40.104],[117.289,40.1],[117.239,40.093],[117.064,40.065],[117.005,40.039],[116.996,40.036],[116.988,40.034],[116.829,40.037],[116.794,40.031],[116.774,40.025],[116.765,40.019],[116.759,40.013],[116.757,40],[116.746,39.971],[116.745,39.965],[116.744,39.959],[116.745,39.953],[116.749,39.943],[116.758,39.93],[116.776,39.91],[116.779,39.902],[116.781,39.89],[116.784,39.886],[116.79,39.883],[116.805,39.881],[116.811,39.879],[116.816,39.875],[116.823,39.867],[116.832,39.86],[116.842,39.85],[116.845,39.847],[116.85,39.845],[116.863,39.841],[116.869,39.839],[116.879,39.832],[116.884,39.831],[116.892,39.831],[116.896,39.837],[116.903,39.843],[116.906,39.844],[116.91,39.841],[116.913,39.837],[116.916,39.833],[116.929,39.801],[116.93,39.794],[116.928,39.786],[116.922,39.774],[116.914,39.765],[116.906,39.755],[116.905,39.752],[116.88,39.72],[116.877,39.714],[116.875,39.711],[116.874,39.699],[116.874,39.694],[116.876,39.686],[116.856,39.657],[116.822,39.619],[116.812,39.611],[116.808,39.608],[116.793,39.602],[116.676,39.603],[116.628,39.611],[116.614,39.612],[116.604,39.611],[116.564,39.598],[116.559,39.594],[116.553,39.589],[116.55,39.585],[116.547,39.582],[116.543,39.567],[116.538,39.562],[116.527,39.556],[116.493,39.552],[116.444,39.532],[116.435,39.527],[116.428,39.521],[116.426,39.516],[116.425,39.511],[116.427,39.506],[116.43,39.502],[116.431,39.501],[116.433,39.5],[116.458,39.487],[116.462,39.483],[116.464,39.478],[116.466,39.472],[116.465,39.466],[116.463,39.46],[116.459,39.454],[116.447,39.447],[116.434,39.442],[116.41,39.44],[116.387,39.442],[116.336,39.453],[116.318,39.461],[116.25,39.506],[116.225,39.536],[116.21,39.572],[116.202,39.575],[116.196,39.578],[116.185,39.579],[116.161,39.578],[116.11,39.564],[116.103,39.563],[116.079,39.566],[116.072,39.566],[116.017,39.557],[116.01,39.556],[116.001,39.558],[115.957,39.573],[115.945,39.575],[115.938,39.575],[115.931,39.574],[115.919,39.571],[115.9,39.568],[115.896,39.567],[115.892,39.565],[115.884,39.558],[115.881,39.557],[115.877,39.555],[115.871,39.554],[115.858,39.552],[115.84,39.545],[115.833,39.544],[115.809,39.544],[115.802,39.542],[115.797,39.54],[115.793,39.536],[115.783,39.521],[115.779,39.517],[115.774,39.514],[115.769,39.511],[115.763,39.51],[115.756,39.509],[115.748,39.511],[115.74,39.516],[115.72,39.532],[115.708,39.539],[115.696,39.544],[115.688,39.55],[115.684,39.554],[115.68,39.562],[115.676,39.577],[115.674,39.584],[115.669,39.589],[115.66,39.596],[115.652,39.599],[115.618,39.604],[115.611,39.604],[115.603,39.603],[115.585,39.597],[115.578,39.596],[115.57,39.596],[115.554,39.598],[115.49,39.617],[115.484,39.62],[115.477,39.625],[115.472,39.629],[115.468,39.634],[115.463,39.643],[115.437,39.749],[115.437,39.75],[115.436,39.751],[115.436,39.755],[115.437,39.761],[115.441,39.77],[115.445,39.776],[115.451,39.779],[115.462,39.784],[115.469,39.785],[115.476,39.785],[115.499,39.781],[115.513,39.78],[115.528,39.782],[115.563,39.795],[115.566,39.801],[115.562,39.807],[115.549,39.818],[115.511,39.838],[115.505,39.849],[115.501,39.858],[115.501,39.865],[115.504,39.909],[115.504,39.913],[115.503,39.916],[115.501,39.92],[115.496,39.924],[115.454,39.942],[115.427,39.963],[115.423,39.968],[115.422,39.972],[115.422,39.976],[115.422,39.98],[115.425,39.985],[115.431,39.991],[115.447,39.998],[115.452,40],[115.458,40.002],[115.469,40.007],[115.48,40.013],[115.485,40.019],[115.513,40.06],[115.519,40.066],[115.528,40.073],[115.546,40.083],[115.578,40.096],[115.82,40.152],[115.845,40.161],[115.855,40.168],[115.863,40.179],[115.882,40.213],[115.892,40.228],[115.906,40.239],[115.934,40.258],[115.943,40.272],[115.945,40.294],[115.939,40.312],[115.93,40.325],[115.921,40.334],[115.912,40.338],[115.897,40.345],[115.895,40.347],[115.728,40.54],[115.726,40.545],[115.725,40.55],[115.728,40.556],[115.734,40.561],[115.748,40.567],[115.779,40.575],[115.874,40.61],[115.888,40.613],[115.896,40.613],[115.914,40.612],[115.995,40.596],[116.006,40.595],[116.027,40.598],[116.039,40.602],[116.048,40.607],[116.098,40.641],[116.12,40.65],[116.126,40.655],[116.13,40.658],[116.207,40.75],[116.226,40.765],[116.235,40.767],[116.244,40.767],[116.251,40.765],[116.257,40.762],[116.262,40.759],[116.28,40.745],[116.285,40.742],[116.291,40.74],[116.299,40.739],[116.306,40.739],[116.313,40.741],[116.32,40.744],[116.327,40.749],[116.337,40.757],[116.342,40.76],[116.348,40.763],[116.354,40.765],[116.376,40.767],[116.408,40.767],[116.44,40.762],[116.45,40.761],[116.46,40.762],[116.468,40.766],[116.472,40.77],[116.469,40.778],[116.459,40.792],[116.356,40.902],[116.349,40.912],[116.349,40.922],[116.351,40.926],[116.365,40.93],[116.4,40.907],[116.417,40.902],[116.438,40.9],[116.454,40.903],[116.462,40.909],[116.466,40.915],[116.476,40.934],[116.482,40.943],[116.497,40.953],[116.592,40.992],[116.594,40.996],[116.596,41],[116.596,41.021],[116.6,41.031],[116.609,41.04],[116.618,41.045],[116.626,41.048],[116.633,41.048],[116.643,41.046],[116.649,41.04],[116.653,41.031],[116.655,40.982],[116.658,40.965],[116.659,40.963],[116.665,40.952],[116.668,40.948],[116.676,40.94],[116.694,40.926],[116.725,40.907],[116.758,40.877],[116.765,40.869],[116.769,40.865],[116.837,40.812],[116.865,40.785],[116.91,40.749],[116.959,40.718],[117.058,40.677],[117.073,40.674],[117.088,40.675],[117.1,40.679],[117.116,40.687],[117.166,40.694],[117.174,40.693],[117.199,40.69],[117.303,40.662],[117.429,40.669],[117.486,40.662],[117.489,40.651],[117.438,40.637],[117.431,40.628],[117.423,40.617],[117.421,40.608],[117.412,40.597],[117.4,40.594],[117.359,40.596],[117.328,40.595],[117.282,40.585],[117.26,40.578],[117.243,40.57],[117.197,40.534],[117.189,40.524],[117.185,40.512],[117.184,40.504],[117.183,40.501],[117.184,40.497],[117.187,40.491],[117.196,40.479],[117.209,40.468],[117.223,40.459],[117.232,40.454],[117.238,40.45],[117.24,40.446],[117.242,40.438],[117.242,40.425],[117.238,40.394],[117.238,40.386],[117.241,40.363],[117.244,40.352],[117.251,40.338],[117.264,40.32],[117.271,40.312],[117.288,40.298],[117.331,40.268],[117.357,40.257]]]}},{"type":"Feature","id":"CN-CQ","properties":{"id":"CN-CQ","countryCode":"CN","isoSubdivision":"CN-CQ","name":"Chongqing","name_en":"Chongqing","name_ko":"충칭시","type":"Municipality","labelLongitude":107.73,"labelLatitude":30.017,"minZoom":4.6},"geometry":{"type":"Polygon","coordinates":[[[107.812,30.798],[107.825,30.799],[107.837,30.802],[107.85,30.81],[107.93,30.873],[107.94,30.885],[107.949,30.9],[107.953,30.917],[107.952,30.926],[107.938,30.938],[107.934,30.944],[107.932,30.949],[107.933,30.956],[107.94,30.967],[107.954,30.983],[107.997,31.022],[108.001,31.027],[108.007,31.039],[108.038,31.15],[108.044,31.186],[108.041,31.203],[108.034,31.216],[108.033,31.222],[108.037,31.23],[108.059,31.243],[108.142,31.284],[108.176,31.306],[108.187,31.318],[108.194,31.331],[108.194,31.345],[108.193,31.356],[108.191,31.366],[108.192,31.378],[108.197,31.391],[108.21,31.414],[108.216,31.43],[108.221,31.45],[108.223,31.468],[108.232,31.481],[108.242,31.486],[108.302,31.493],[108.323,31.499],[108.327,31.501],[108.352,31.517],[108.394,31.552],[108.407,31.566],[108.419,31.585],[108.431,31.61],[108.439,31.633],[108.444,31.645],[108.45,31.653],[108.455,31.658],[108.462,31.661],[108.469,31.668],[108.479,31.674],[108.505,31.696],[108.516,31.708],[108.521,31.72],[108.523,31.738],[108.515,31.766],[108.507,31.782],[108.501,31.791],[108.481,31.811],[108.423,31.853],[108.287,31.922],[108.271,31.932],[108.263,31.94],[108.26,31.948],[108.26,31.955],[108.263,31.963],[108.268,31.973],[108.32,32.035],[108.345,32.074],[108.355,32.078],[108.366,32.08],[108.401,32.08],[108.41,32.083],[108.417,32.089],[108.419,32.1],[108.415,32.11],[108.407,32.118],[108.371,32.149],[108.364,32.158],[108.361,32.167],[108.376,32.177],[108.389,32.184],[108.518,32.198],[108.586,32.169],[108.612,32.152],[108.663,32.112],[108.681,32.105],[108.698,32.1],[108.716,32.097],[108.739,32.09],[108.751,32.084],[108.753,32.083],[108.763,32.074],[108.778,32.056],[108.789,32.045],[108.856,32.019],[108.89,32.001],[108.911,31.993],[108.953,31.982],[109.056,31.941],[109.118,31.906],[109.174,31.856],[109.189,31.84],[109.253,31.744],[109.281,31.719],[109.303,31.709],[109.336,31.705],[109.573,31.73],[109.594,31.738],[109.642,31.726],[109.659,31.718],[109.674,31.705],[109.703,31.674],[109.724,31.636],[109.729,31.606],[109.729,31.583],[109.733,31.561],[109.741,31.556],[109.756,31.552],[109.838,31.541],[109.929,31.519],[109.968,31.503],[109.964,31.496],[109.961,31.491],[109.961,31.484],[109.966,31.478],[110.004,31.459],[110.019,31.449],[110.052,31.43],[110.068,31.424],[110.091,31.413],[110.108,31.398],[110.147,31.331],[110.152,31.306],[110.146,31.286],[110.141,31.263],[110.141,31.25],[110.142,31.247],[110.146,31.239],[110.172,31.208],[110.175,31.198],[110.175,31.189],[110.17,31.18],[110.162,31.173],[110.136,31.154],[110.12,31.14],[110.113,31.132],[110.108,31.122],[110.105,31.111],[110.105,31.099],[110.11,31.076],[110.134,31.026],[110.136,31.018],[110.138,31.009],[110.138,31],[110.13,30.957],[110.13,30.932],[110.128,30.906],[110.12,30.884],[110.108,30.866],[110.087,30.841],[110.079,30.835],[110.066,30.828],[110.05,30.824],[110.022,30.823],[110.007,30.824],[109.997,30.826],[109.987,30.83],[109.967,30.84],[109.959,30.847],[109.954,30.856],[109.951,30.867],[109.945,30.876],[109.937,30.883],[109.927,30.889],[109.915,30.892],[109.902,30.894],[109.887,30.892],[109.871,30.889],[109.749,30.835],[109.73,30.823],[109.665,30.768],[109.658,30.76],[109.653,30.75],[109.648,30.74],[109.645,30.728],[109.64,30.718],[109.63,30.71],[109.597,30.693],[109.585,30.685],[109.576,30.676],[109.563,30.659],[109.555,30.653],[109.546,30.651],[109.525,30.659],[109.513,30.66],[109.503,30.656],[109.495,30.651],[109.436,30.603],[109.416,30.593],[109.394,30.584],[109.378,30.58],[109.358,30.578],[109.323,30.58],[109.307,30.587],[109.296,30.596],[109.286,30.602],[109.271,30.603],[109.248,30.597],[109.179,30.567],[109.167,30.563],[109.152,30.562],[109.133,30.565],[109.121,30.57],[109.112,30.577],[109.105,30.585],[109.097,30.592],[109.086,30.597],[109.073,30.6],[109.039,30.603],[108.965,30.607],[108.947,30.605],[108.926,30.596],[108.913,30.589],[108.904,30.581],[108.89,30.564],[108.881,30.556],[108.868,30.551],[108.828,30.549],[108.809,30.546],[108.787,30.538],[108.76,30.526],[108.747,30.522],[108.733,30.52],[108.71,30.523],[108.697,30.529],[108.689,30.538],[108.682,30.559],[108.677,30.568],[108.67,30.574],[108.661,30.575],[108.653,30.573],[108.642,30.565],[108.61,30.517],[108.601,30.51],[108.59,30.504],[108.573,30.498],[108.433,30.487],[108.426,30.482],[108.414,30.469],[108.407,30.461],[108.402,30.451],[108.381,30.4],[108.38,30.389],[108.386,30.379],[108.399,30.369],[108.411,30.363],[108.489,30.333],[108.513,30.328],[108.523,30.324],[108.532,30.315],[108.539,30.303],[108.543,30.281],[108.544,30.265],[108.543,30.25],[108.53,30.19],[108.528,30.163],[108.53,30.113],[108.55,30.009],[108.551,30],[108.549,29.991],[108.545,29.982],[108.531,29.953],[108.529,29.942],[108.53,29.932],[108.535,29.909],[108.538,29.885],[108.537,29.874],[108.531,29.866],[108.523,29.859],[108.514,29.854],[108.503,29.852],[108.441,29.849],[108.415,29.843],[108.405,29.839],[108.4,29.831],[108.402,29.819],[108.42,29.802],[108.43,29.785],[108.435,29.77],[108.438,29.751],[108.44,29.743],[108.447,29.736],[108.457,29.729],[108.473,29.723],[108.487,29.72],[108.497,29.719],[108.503,29.72],[108.513,29.722],[108.521,29.727],[108.527,29.736],[108.531,29.747],[108.539,29.782],[108.544,29.792],[108.551,29.8],[108.569,29.812],[108.577,29.82],[108.597,29.844],[108.604,29.852],[108.613,29.858],[108.626,29.856],[108.641,29.847],[108.658,29.817],[108.664,29.798],[108.668,29.769],[108.68,29.725],[108.689,29.706],[108.696,29.698],[108.706,29.693],[108.719,29.689],[108.732,29.683],[108.748,29.672],[108.789,29.665],[108.82,29.651],[108.86,29.643],[108.872,29.639],[108.882,29.632],[108.889,29.622],[108.895,29.608],[108.897,29.596],[108.897,29.586],[108.895,29.578],[108.872,29.502],[108.872,29.499],[108.871,29.487],[108.875,29.473],[108.883,29.457],[108.905,29.435],[108.916,29.42],[108.924,29.402],[108.922,29.39],[108.914,29.37],[108.914,29.359],[108.921,29.349],[108.939,29.338],[108.979,29.324],[108.988,29.319],[109.004,29.313],[109.014,29.307],[109.023,29.298],[109.051,29.247],[109.077,29.214],[109.207,29.104],[109.275,29.049],[109.286,29.03],[109.283,29.026],[109.274,29.016],[109.268,29.007],[109.246,28.931],[109.24,28.883],[109.247,28.786],[109.253,28.764],[109.261,28.751],[109.267,28.747],[109.274,28.741],[109.281,28.729],[109.281,28.721],[109.277,28.714],[109.267,28.708],[109.26,28.699],[109.259,28.691],[109.261,28.679],[109.261,28.67],[109.26,28.664],[109.257,28.66],[109.248,28.654],[109.227,28.644],[109.222,28.641],[109.217,28.636],[109.213,28.629],[109.214,28.624],[109.217,28.619],[109.226,28.613],[109.237,28.608],[109.256,28.603],[109.267,28.599],[109.279,28.592],[109.285,28.585],[109.286,28.579],[109.285,28.573],[109.267,28.54],[109.263,28.527],[109.258,28.506],[109.223,28.493],[109.204,28.483],[109.173,28.462],[109.17,28.458],[109.163,28.45],[109.155,28.436],[109.124,28.306],[109.119,28.296],[109.116,28.292],[109.109,28.284],[109.092,28.27],[109.089,28.266],[109.087,28.261],[109.086,28.255],[109.087,28.25],[109.096,28.223],[109.097,28.217],[109.096,28.211],[109.095,28.205],[109.092,28.2],[109.089,28.196],[109.085,28.194],[109.079,28.192],[109.074,28.192],[109.068,28.193],[109.031,28.21],[109.021,28.212],[109.014,28.21],[109.003,28.201],[109,28.199],[108.996,28.198],[108.99,28.197],[108.976,28.198],[108.963,28.198],[108.949,28.198],[108.943,28.2],[108.911,28.213],[108.904,28.215],[108.898,28.216],[108.891,28.216],[108.879,28.214],[108.867,28.21],[108.861,28.209],[108.854,28.21],[108.847,28.211],[108.842,28.212],[108.805,28.229],[108.791,28.232],[108.777,28.232],[108.77,28.231],[108.765,28.229],[108.761,28.226],[108.753,28.219],[108.748,28.216],[108.743,28.214],[108.736,28.216],[108.731,28.22],[108.728,28.229],[108.727,28.236],[108.728,28.242],[108.751,28.308],[108.755,28.332],[108.775,28.394],[108.781,28.408],[108.783,28.42],[108.784,28.426],[108.781,28.432],[108.776,28.438],[108.749,28.453],[108.743,28.459],[108.736,28.469],[108.73,28.475],[108.723,28.481],[108.712,28.485],[108.704,28.486],[108.696,28.486],[108.69,28.485],[108.655,28.473],[108.65,28.471],[108.646,28.468],[108.642,28.464],[108.641,28.459],[108.641,28.453],[108.642,28.448],[108.645,28.443],[108.665,28.42],[108.668,28.415],[108.67,28.41],[108.671,28.405],[108.671,28.399],[108.67,28.393],[108.666,28.382],[108.665,28.376],[108.666,28.37],[108.668,28.365],[108.678,28.353],[108.68,28.349],[108.682,28.343],[108.681,28.338],[108.679,28.333],[108.675,28.329],[108.67,28.327],[108.665,28.325],[108.658,28.324],[108.644,28.325],[108.63,28.327],[108.618,28.33],[108.607,28.335],[108.601,28.342],[108.594,28.352],[108.583,28.374],[108.579,28.386],[108.578,28.396],[108.584,28.427],[108.583,28.472],[108.579,28.5],[108.584,28.59],[108.584,28.596],[108.582,28.601],[108.579,28.607],[108.573,28.614],[108.56,28.623],[108.551,28.635],[108.544,28.642],[108.539,28.646],[108.53,28.646],[108.525,28.644],[108.515,28.639],[108.51,28.637],[108.506,28.64],[108.485,28.64],[108.406,28.658],[108.364,28.678],[108.345,28.682],[108.33,28.689],[108.323,28.706],[108.321,28.725],[108.321,28.74],[108.329,28.757],[108.367,28.777],[108.376,28.794],[108.372,28.816],[108.361,28.83],[108.35,28.843],[108.342,28.86],[108.34,28.869],[108.342,28.912],[108.341,28.92],[108.302,29.006],[108.292,29.045],[108.298,29.072],[108.296,29.076],[108.293,29.077],[108.286,29.077],[108.166,29.06],[108.055,29.065],[107.991,29.043],[107.917,29.005],[107.907,28.998],[107.896,28.992],[107.875,28.984],[107.863,28.982],[107.85,28.983],[107.838,28.987],[107.829,28.992],[107.812,29.012],[107.801,29.024],[107.79,29.04],[107.786,29.05],[107.783,29.062],[107.787,29.114],[107.786,29.127],[107.783,29.137],[107.778,29.146],[107.766,29.15],[107.75,29.15],[107.693,29.143],[107.682,29.143],[107.671,29.146],[107.661,29.151],[107.632,29.167],[107.58,29.178],[107.557,29.187],[107.548,29.192],[107.539,29.199],[107.532,29.206],[107.515,29.233],[107.509,29.24],[107.502,29.245],[107.496,29.246],[107.487,29.244],[107.477,29.24],[107.467,29.233],[107.457,29.223],[107.444,29.207],[107.436,29.195],[107.43,29.183],[107.423,29.161],[107.417,29.138],[107.417,29.112],[107.418,29.1],[107.424,29.077],[107.428,29.067],[107.435,29.058],[107.442,29.051],[107.479,29.028],[107.488,29.021],[107.494,29.014],[107.498,29.007],[107.5,29.003],[107.5,28.999],[107.5,28.993],[107.497,28.988],[107.491,28.98],[107.473,28.965],[107.469,28.959],[107.465,28.951],[107.462,28.915],[107.459,28.904],[107.454,28.894],[107.447,28.885],[107.437,28.877],[107.297,28.808],[107.286,28.805],[107.27,28.805],[107.249,28.809],[107.229,28.82],[107.217,28.829],[107.194,28.854],[107.161,28.881],[107.131,28.898],[107.119,28.901],[107.107,28.9],[107.076,28.889],[107.048,28.888],[107.031,28.888],[107.016,28.88],[107.006,28.869],[107,28.86],[106.984,28.823],[106.973,28.805],[106.959,28.791],[106.946,28.793],[106.936,28.801],[106.927,28.81],[106.912,28.811],[106.889,28.801],[106.849,28.773],[106.837,28.751],[106.835,28.731],[106.847,28.693],[106.848,28.679],[106.849,28.667],[106.848,28.658],[106.846,28.647],[106.843,28.637],[106.837,28.623],[106.829,28.609],[106.817,28.595],[106.803,28.588],[106.788,28.59],[106.774,28.593],[106.762,28.591],[106.754,28.578],[106.751,28.562],[106.752,28.526],[106.75,28.502],[106.748,28.498],[106.743,28.493],[106.73,28.483],[106.713,28.48],[106.694,28.483],[106.669,28.498],[106.666,28.5],[106.665,28.502],[106.656,28.513],[106.645,28.519],[106.63,28.522],[106.608,28.52],[106.575,28.512],[106.562,28.511],[106.555,28.515],[106.553,28.521],[106.554,28.528],[106.558,28.534],[106.59,28.57],[106.595,28.578],[106.612,28.613],[106.619,28.624],[106.626,28.637],[106.628,28.648],[106.624,28.658],[106.598,28.698],[106.576,28.749],[106.57,28.757],[106.562,28.767],[106.52,28.8],[106.511,28.81],[106.504,28.82],[106.498,28.826],[106.489,28.832],[106.476,28.835],[106.466,28.83],[106.461,28.819],[106.463,28.8],[106.469,28.782],[106.477,28.768],[106.514,28.71],[106.52,28.696],[106.522,28.685],[106.522,28.673],[106.52,28.661],[106.515,28.649],[106.51,28.639],[106.489,28.617],[106.483,28.606],[106.483,28.588],[106.492,28.556],[106.489,28.541],[106.474,28.537],[106.453,28.542],[106.407,28.566],[106.382,28.572],[106.34,28.616],[106.298,28.672],[106.282,28.703],[106.271,28.734],[106.257,28.794],[106.256,28.813],[106.261,28.842],[106.262,28.856],[106.26,28.869],[106.248,28.885],[106.227,28.897],[106.179,28.916],[106.156,28.918],[106.137,28.918],[106.125,28.916],[106.106,28.921],[106.081,28.932],[106.026,28.966],[106.008,28.973],[106,28.974],[105.993,28.974],[105.985,28.972],[105.878,28.92],[105.87,28.918],[105.856,28.917],[105.837,28.918],[105.815,28.924],[105.795,28.937],[105.769,28.961],[105.745,28.995],[105.743,29],[105.739,29.012],[105.737,29.031],[105.738,29.042],[105.74,29.057],[105.74,29.071],[105.737,29.085],[105.724,29.118],[105.726,29.129],[105.733,29.146],[105.734,29.154],[105.731,29.162],[105.723,29.173],[105.711,29.187],[105.703,29.204],[105.701,29.224],[105.708,29.291],[105.704,29.3],[105.695,29.305],[105.678,29.3],[105.67,29.292],[105.661,29.273],[105.654,29.269],[105.645,29.27],[105.61,29.283],[105.589,29.289],[105.558,29.287],[105.506,29.291],[105.458,29.315],[105.422,29.334],[105.416,29.338],[105.412,29.344],[105.411,29.356],[105.412,29.403],[105.41,29.419],[105.405,29.43],[105.398,29.436],[105.374,29.45],[105.366,29.454],[105.356,29.457],[105.345,29.459],[105.33,29.461],[105.321,29.464],[105.315,29.47],[105.311,29.479],[105.308,29.486],[105.298,29.5],[105.293,29.51],[105.285,29.553],[105.286,29.57],[105.291,29.585],[105.305,29.607],[105.314,29.618],[105.324,29.628],[105.346,29.643],[105.363,29.657],[105.391,29.692],[105.399,29.698],[105.412,29.703],[105.424,29.703],[105.446,29.696],[105.456,29.698],[105.464,29.705],[105.477,29.721],[105.484,29.728],[105.495,29.732],[105.535,29.73],[105.543,29.731],[105.548,29.737],[105.551,29.748],[105.553,29.789],[105.558,29.804],[105.562,29.811],[105.568,29.817],[105.577,29.823],[105.652,29.857],[105.666,29.861],[105.679,29.863],[105.696,29.864],[105.71,29.868],[105.717,29.873],[105.719,29.887],[105.717,29.902],[105.711,29.929],[105.711,29.946],[105.713,29.957],[105.733,29.986],[105.745,30.001],[105.75,30.011],[105.749,30.021],[105.739,30.033],[105.679,30.069],[105.623,30.11],[105.578,30.129],[105.568,30.136],[105.557,30.148],[105.553,30.158],[105.553,30.167],[105.555,30.176],[105.57,30.189],[105.623,30.203],[105.636,30.208],[105.648,30.214],[105.653,30.222],[105.651,30.229],[105.644,30.238],[105.633,30.249],[105.628,30.257],[105.627,30.267],[105.63,30.273],[105.639,30.279],[105.654,30.281],[105.709,30.274],[105.713,30.272],[105.717,30.272],[105.722,30.273],[105.728,30.277],[105.734,30.287],[105.734,30.296],[105.725,30.318],[105.728,30.33],[105.792,30.423],[105.802,30.433],[105.815,30.438],[105.833,30.436],[105.853,30.43],[105.879,30.41],[105.894,30.401],[105.905,30.397],[105.975,30.389],[105.999,30.385],[106.125,30.342],[106.152,30.326],[106.164,30.316],[106.18,30.291],[106.191,30.264],[106.195,30.259],[106.202,30.255],[106.216,30.248],[106.222,30.244],[106.227,30.237],[106.232,30.228],[106.239,30.22],[106.251,30.219],[106.267,30.228],[106.282,30.247],[106.292,30.257],[106.305,30.263],[106.385,30.264],[106.398,30.267],[106.408,30.272],[106.414,30.279],[106.417,30.286],[106.418,30.297],[106.422,30.307],[106.428,30.315],[106.436,30.322],[106.449,30.324],[106.463,30.322],[106.481,30.316],[106.494,30.313],[106.502,30.313],[106.509,30.315],[106.532,30.338],[106.539,30.341],[106.544,30.34],[106.549,30.335],[106.553,30.324],[106.559,30.317],[106.568,30.309],[106.591,30.298],[106.606,30.286],[106.618,30.269],[106.625,30.24],[106.64,30.197],[106.654,30.168],[106.67,30.143],[106.686,30.134],[106.695,30.093],[106.706,30.075],[106.717,30.059],[106.729,30.05],[106.741,30.044],[106.754,30.04],[106.77,30.037],[106.792,30.036],[106.808,30.04],[106.836,30.051],[106.85,30.054],[106.885,30.052],[106.959,30.064],[106.98,30.061],[107.001,30.055],[107.018,30.054],[107.033,30.058],[107.047,30.068],[107.057,30.078],[107.065,30.091],[107.074,30.101],[107.084,30.11],[107.1,30.118],[107.113,30.127],[107.129,30.141],[107.151,30.166],[107.163,30.184],[107.185,30.21],[107.195,30.218],[107.229,30.238],[107.267,30.326],[107.372,30.5],[107.384,30.516],[107.394,30.522],[107.402,30.525],[107.417,30.527],[107.478,30.61],[107.485,30.635],[107.488,30.658],[107.478,30.677],[107.456,30.71],[107.452,30.72],[107.451,30.733],[107.453,30.748],[107.457,30.761],[107.464,30.773],[107.477,30.791],[107.508,30.822],[107.531,30.836],[107.559,30.843],[107.621,30.837],[107.639,30.838],[107.651,30.841],[107.665,30.846],[107.68,30.853],[107.691,30.863],[107.707,30.88],[107.714,30.886],[107.722,30.889],[107.728,30.889],[107.736,30.883],[107.743,30.873],[107.769,30.827],[107.78,30.814],[107.791,30.805],[107.8,30.8],[107.812,30.798]]]}},{"type":"Feature","id":"CN-FJ","properties":{"id":"CN-FJ","countryCode":"CN","isoSubdivision":"CN-FJ","name":"Fujian","name_en":"Fujian","name_ko":"푸젠성","type":"Province","labelLongitude":118.178,"labelLatitude":26.408,"minZoom":4.6},"geometry":{"type":"MultiPolygon","coordinates":[[[[117.469,23.753],[117.504,23.75],[117.527,23.74],[117.516,23.716],[117.496,23.72],[117.484,23.711],[117.477,23.689],[117.48,23.663],[117.467,23.658],[117.445,23.665],[117.433,23.66],[117.421,23.646],[117.418,23.627],[117.415,23.608],[117.424,23.602],[117.432,23.583],[117.374,23.573],[117.32,23.574],[117.338,23.596],[117.369,23.622],[117.394,23.679],[117.387,23.685],[117.375,23.689],[117.364,23.691],[117.356,23.689],[117.346,23.685],[117.341,23.689],[117.342,23.7],[117.377,23.729],[117.376,23.747],[117.379,23.747],[117.373,23.767],[117.386,23.774],[117.404,23.774],[117.414,23.772],[117.42,23.754],[117.435,23.751],[117.448,23.742],[117.469,23.753]]],[[[119.305,26.036],[119.37,26.014],[119.401,25.996],[119.405,25.978],[119.391,25.967],[119.381,25.967],[119.372,25.972],[119.346,25.976],[119.312,25.987],[119.302,25.992],[119.291,25.995],[119.273,25.997],[119.258,26.001],[119.251,26.012],[119.247,26.027],[119.238,26.038],[119.227,26.048],[119.218,26.059],[119.209,26.099],[119.221,26.09],[119.243,26.057],[119.258,26.048],[119.272,26.042],[119.305,26.036]]],[[[120.419,27.206],[120.42,27.198],[120.429,27.174],[120.407,27.184],[120.376,27.236],[120.347,27.249],[120.333,27.247],[120.318,27.243],[120.303,27.242],[120.292,27.249],[120.288,27.264],[120.295,27.276],[120.308,27.285],[120.319,27.29],[120.311,27.294],[120.31,27.295],[120.31,27.294],[120.306,27.29],[120.299,27.298],[120.306,27.301],[120.309,27.304],[120.312,27.318],[120.292,27.309],[120.285,27.304],[120.281,27.312],[120.276,27.317],[120.264,27.324],[120.266,27.316],[120.266,27.312],[120.267,27.309],[120.271,27.304],[120.259,27.3],[120.248,27.304],[120.238,27.309],[120.224,27.311],[120.227,27.304],[120.231,27.298],[120.236,27.294],[120.244,27.29],[120.244,27.284],[120.226,27.269],[120.219,27.271],[120.213,27.283],[120.196,27.298],[120.192,27.288],[120.193,27.278],[120.196,27.27],[120.196,27.263],[120.191,27.256],[120.175,27.239],[120.176,27.229],[120.178,27.222],[120.182,27.217],[120.192,27.215],[120.202,27.218],[120.205,27.224],[120.207,27.23],[120.209,27.235],[120.239,27.251],[120.257,27.257],[120.264,27.253],[120.27,27.239],[120.298,27.227],[120.306,27.215],[120.319,27.226],[120.334,27.235],[120.334,27.229],[120.34,27.229],[120.341,27.233],[120.343,27.236],[120.347,27.243],[120.365,27.225],[120.365,27.21],[120.347,27.18],[120.37,27.187],[120.386,27.18],[120.402,27.165],[120.422,27.153],[120.422,27.147],[120.407,27.146],[120.385,27.15],[120.374,27.147],[120.408,27.14],[120.408,27.133],[120.381,27.125],[120.374,27.133],[120.367,27.125],[120.381,27.119],[120.381,27.112],[120.374,27.112],[120.374,27.106],[120.395,27.106],[120.378,27.099],[120.358,27.098],[120.283,27.112],[120.275,27.116],[120.262,27.13],[120.255,27.133],[120.244,27.133],[120.247,27.122],[120.252,27.114],[120.258,27.107],[120.264,27.099],[120.278,27.064],[120.271,27.058],[120.258,27.073],[120.245,27.065],[120.232,27.051],[120.216,27.044],[120.216,27.037],[120.242,27.034],[120.256,27.018],[120.255,26.997],[120.237,26.982],[120.23,26.989],[120.216,26.984],[120.193,26.981],[120.149,26.982],[120.187,26.964],[120.2,26.961],[120.214,26.964],[120.226,26.967],[120.236,26.966],[120.244,26.955],[120.239,26.952],[120.235,26.946],[120.23,26.941],[120.237,26.927],[120.229,26.923],[120.224,26.919],[120.219,26.915],[120.209,26.914],[120.201,26.915],[120.168,26.927],[120.147,26.929],[120.126,26.927],[120.114,26.919],[120.121,26.9],[120.11,26.894],[120.103,26.89],[120.096,26.887],[120.083,26.886],[120.079,26.888],[120.073,26.893],[120.066,26.898],[120.056,26.9],[120.032,26.9],[120.055,26.889],[120.044,26.877],[120.025,26.86],[120.025,26.838],[120.034,26.83],[120.048,26.823],[120.063,26.819],[120.076,26.817],[120.085,26.814],[120.097,26.806],[120.111,26.799],[120.128,26.797],[120.12,26.784],[120.107,26.772],[120.098,26.758],[120.1,26.743],[120.112,26.736],[120.129,26.735],[120.143,26.733],[120.149,26.721],[120.144,26.71],[120.132,26.707],[120.119,26.706],[120.108,26.701],[120.102,26.689],[120.104,26.675],[120.11,26.661],[120.121,26.646],[120.134,26.654],[120.134,26.646],[120.099,26.628],[120.09,26.622],[120.08,26.617],[120.075,26.621],[120.077,26.63],[120.087,26.639],[120.08,26.646],[120.028,26.615],[120.015,26.611],[119.96,26.611],[119.949,26.606],[119.941,26.593],[119.937,26.577],[119.936,26.56],[119.884,26.523],[119.847,26.524],[119.836,26.531],[119.833,26.55],[119.836,26.562],[119.842,26.562],[119.848,26.561],[119.854,26.564],[119.855,26.572],[119.852,26.591],[119.854,26.598],[119.869,26.61],[119.888,26.617],[119.929,26.626],[119.945,26.632],[119.969,26.648],[119.984,26.654],[119.982,26.658],[119.979,26.67],[119.977,26.674],[119.986,26.68],[120,26.708],[120.011,26.721],[120.012,26.719],[120.018,26.717],[120.028,26.715],[120.032,26.717],[120.032,26.72],[120.031,26.725],[120.032,26.729],[120.078,26.786],[120.08,26.797],[120.067,26.8],[120.015,26.79],[119.946,26.797],[119.925,26.792],[119.924,26.781],[119.936,26.759],[119.924,26.732],[119.902,26.71],[119.888,26.687],[119.902,26.66],[119.88,26.655],[119.857,26.654],[119.854,26.688],[119.851,26.69],[119.829,26.715],[119.82,26.711],[119.803,26.694],[119.792,26.688],[119.792,26.705],[119.802,26.767],[119.812,26.776],[119.84,26.79],[119.828,26.796],[119.816,26.798],[119.803,26.796],[119.792,26.79],[119.797,26.816],[119.815,26.826],[119.835,26.833],[119.846,26.852],[119.82,26.849],[119.798,26.841],[119.782,26.829],[119.771,26.811],[119.765,26.794],[119.766,26.784],[119.769,26.774],[119.771,26.759],[119.766,26.745],[119.756,26.738],[119.743,26.737],[119.73,26.743],[119.73,26.749],[119.733,26.763],[119.726,26.787],[119.712,26.808],[119.692,26.817],[119.686,26.812],[119.68,26.8],[119.676,26.786],[119.675,26.776],[119.678,26.763],[119.684,26.754],[119.71,26.73],[119.72,26.725],[119.727,26.718],[119.73,26.705],[119.725,26.698],[119.713,26.7],[119.696,26.708],[119.68,26.722],[119.664,26.741],[119.646,26.753],[119.627,26.749],[119.62,26.766],[119.623,26.777],[119.622,26.787],[119.606,26.797],[119.598,26.797],[119.585,26.795],[119.576,26.788],[119.579,26.776],[119.572,26.767],[119.558,26.759],[119.552,26.749],[119.55,26.737],[119.552,26.725],[119.555,26.715],[119.559,26.708],[119.571,26.703],[119.584,26.704],[119.596,26.703],[119.606,26.695],[119.608,26.684],[119.606,26.67],[119.6,26.646],[119.568,26.665],[119.559,26.667],[119.544,26.663],[119.541,26.656],[119.545,26.636],[119.554,26.615],[119.592,26.591],[119.6,26.57],[119.606,26.57],[119.619,26.588],[119.638,26.599],[119.658,26.608],[119.675,26.619],[119.688,26.611],[119.701,26.609],[119.73,26.611],[119.723,26.611],[119.735,26.612],[119.742,26.609],[119.743,26.602],[119.736,26.591],[119.749,26.588],[119.772,26.584],[119.785,26.578],[119.782,26.565],[119.783,26.56],[119.785,26.55],[119.774,26.56],[119.771,26.564],[119.762,26.551],[119.766,26.534],[119.779,26.521],[119.799,26.516],[119.795,26.512],[119.793,26.508],[119.791,26.505],[119.785,26.502],[119.794,26.497],[119.802,26.489],[119.812,26.475],[119.818,26.462],[119.819,26.453],[119.817,26.445],[119.812,26.434],[119.809,26.433],[119.796,26.434],[119.792,26.434],[119.791,26.43],[119.792,26.417],[119.792,26.413],[119.772,26.407],[119.762,26.407],[119.752,26.431],[119.738,26.444],[119.719,26.452],[119.699,26.455],[119.69,26.459],[119.665,26.492],[119.654,26.498],[119.647,26.494],[119.641,26.482],[119.636,26.479],[119.625,26.471],[119.62,26.468],[119.606,26.474],[119.6,26.475],[119.58,26.471],[119.571,26.466],[119.566,26.455],[119.573,26.438],[119.594,26.434],[119.616,26.437],[119.627,26.444],[119.631,26.449],[119.64,26.444],[119.648,26.437],[119.654,26.429],[119.656,26.356],[119.665,26.34],[119.689,26.338],[119.687,26.333],[119.684,26.322],[119.682,26.317],[119.696,26.317],[119.736,26.322],[119.747,26.328],[119.748,26.359],[119.754,26.372],[119.771,26.365],[119.78,26.375],[119.785,26.386],[119.787,26.397],[119.792,26.406],[119.798,26.411],[119.826,26.427],[119.835,26.412],[119.846,26.402],[119.851,26.393],[119.84,26.379],[119.856,26.378],[119.88,26.363],[119.895,26.359],[119.908,26.361],[119.935,26.371],[119.95,26.372],[119.95,26.365],[119.888,26.319],[119.877,26.313],[119.855,26.328],[119.827,26.328],[119.801,26.318],[119.785,26.297],[119.791,26.296],[119.805,26.29],[119.793,26.284],[119.785,26.287],[119.777,26.293],[119.764,26.297],[119.753,26.294],[119.733,26.285],[119.719,26.283],[119.695,26.283],[119.674,26.281],[119.654,26.272],[119.634,26.255],[119.652,26.25],[119.668,26.242],[119.665,26.232],[119.668,26.222],[119.652,26.218],[119.637,26.212],[119.625,26.203],[119.62,26.19],[119.614,26.182],[119.6,26.176],[119.592,26.166],[119.6,26.146],[119.561,26.125],[119.537,26.097],[119.518,26.065],[119.494,26.033],[119.473,25.997],[119.459,25.982],[119.436,25.981],[119.432,25.985],[119.421,26.002],[119.415,26.009],[119.405,26.014],[119.383,26.019],[119.373,26.022],[119.343,26.042],[119.327,26.048],[119.277,26.053],[119.261,26.061],[119.233,26.088],[119.216,26.1],[119.201,26.105],[119.161,26.112],[119.152,26.116],[119.12,26.136],[119.104,26.143],[119.094,26.146],[119.094,26.14],[119.116,26.123],[119.136,26.103],[119.157,26.091],[119.181,26.099],[119.195,26.088],[119.201,26.076],[119.209,26.043],[119.217,26.029],[119.237,26.006],[119.243,25.995],[119.247,25.967],[119.255,25.963],[119.296,25.957],[119.33,25.944],[119.347,25.94],[119.378,25.941],[119.41,25.95],[119.441,25.964],[119.49,25.994],[119.497,26.002],[119.5,26.01],[119.502,26.029],[119.504,26.036],[119.519,26.045],[119.554,26.046],[119.566,26.05],[119.619,26.024],[119.648,26.015],[119.675,26.022],[119.695,26.003],[119.701,25.995],[119.702,25.985],[119.699,25.973],[119.675,25.926],[119.666,25.915],[119.654,25.907],[119.64,25.901],[119.624,25.899],[119.616,25.893],[119.6,25.844],[119.584,25.877],[119.574,25.885],[119.566,25.872],[119.578,25.862],[119.579,25.841],[119.583,25.82],[119.603,25.811],[119.608,25.805],[119.608,25.793],[119.606,25.769],[119.61,25.767],[119.617,25.765],[119.621,25.76],[119.617,25.752],[119.596,25.732],[119.594,25.722],[119.593,25.693],[119.59,25.687],[119.587,25.686],[119.584,25.683],[119.58,25.68],[119.573,25.68],[119.568,25.682],[119.564,25.69],[119.535,25.706],[119.523,25.706],[119.517,25.69],[119.501,25.69],[119.487,25.687],[119.477,25.68],[119.469,25.684],[119.464,25.685],[119.449,25.687],[119.456,25.664],[119.46,25.633],[119.467,25.614],[119.483,25.626],[119.479,25.602],[119.481,25.58],[119.492,25.565],[119.517,25.557],[119.522,25.562],[119.527,25.571],[119.534,25.576],[119.549,25.567],[119.558,25.564],[119.568,25.569],[119.576,25.578],[119.579,25.585],[119.568,25.547],[119.572,25.533],[119.593,25.529],[119.587,25.522],[119.583,25.517],[119.577,25.515],[119.566,25.516],[119.582,25.509],[119.59,25.508],[119.6,25.508],[119.587,25.499],[119.582,25.496],[119.573,25.495],[119.573,25.488],[119.598,25.493],[119.604,25.491],[119.6,25.481],[119.6,25.475],[119.611,25.474],[119.622,25.469],[119.628,25.461],[119.624,25.45],[119.614,25.439],[119.617,25.437],[119.625,25.438],[119.634,25.433],[119.645,25.41],[119.646,25.393],[119.637,25.378],[119.62,25.365],[119.638,25.364],[119.646,25.362],[119.655,25.358],[119.603,25.346],[119.579,25.344],[119.583,25.353],[119.588,25.361],[119.594,25.367],[119.6,25.371],[119.589,25.401],[119.578,25.419],[119.583,25.426],[119.59,25.432],[119.593,25.439],[119.59,25.443],[119.576,25.463],[119.576,25.467],[119.568,25.466],[119.562,25.463],[119.556,25.459],[119.552,25.454],[119.548,25.457],[119.545,25.459],[119.539,25.461],[119.536,25.45],[119.534,25.434],[119.536,25.419],[119.542,25.413],[119.556,25.41],[119.558,25.405],[119.552,25.389],[119.544,25.377],[119.526,25.374],[119.503,25.374],[119.483,25.371],[119.491,25.383],[119.498,25.399],[119.503,25.416],[119.504,25.43],[119.502,25.434],[119.497,25.437],[119.492,25.44],[119.491,25.447],[119.494,25.454],[119.503,25.462],[119.505,25.472],[119.507,25.474],[119.505,25.475],[119.466,25.475],[119.458,25.466],[119.453,25.45],[119.447,25.439],[119.436,25.447],[119.433,25.46],[119.446,25.49],[119.449,25.505],[119.442,25.51],[119.366,25.521],[119.357,25.527],[119.353,25.54],[119.356,25.551],[119.381,25.591],[119.369,25.585],[119.365,25.582],[119.36,25.577],[119.353,25.585],[119.356,25.6],[119.343,25.609],[119.323,25.611],[119.305,25.605],[119.321,25.587],[119.311,25.578],[119.278,25.57],[119.272,25.558],[119.269,25.527],[119.261,25.512],[119.238,25.482],[119.229,25.475],[119.215,25.47],[119.183,25.465],[119.172,25.457],[119.161,25.449],[119.129,25.43],[119.117,25.426],[119.103,25.42],[119.11,25.407],[119.157,25.363],[119.165,25.35],[119.168,25.334],[119.173,25.325],[119.183,25.329],[119.192,25.342],[119.195,25.358],[119.203,25.358],[119.223,25.317],[119.202,25.306],[119.192,25.3],[119.181,25.289],[119.193,25.275],[119.197,25.263],[119.201,25.26],[119.216,25.269],[119.226,25.28],[119.235,25.295],[119.241,25.313],[119.243,25.33],[119.254,25.323],[119.265,25.318],[119.274,25.319],[119.278,25.33],[119.289,25.325],[119.293,25.322],[119.298,25.317],[119.291,25.317],[119.297,25.307],[119.319,25.279],[119.324,25.275],[119.336,25.272],[119.348,25.268],[119.353,25.258],[119.344,25.242],[119.324,25.238],[119.281,25.241],[119.272,25.232],[119.289,25.189],[119.281,25.179],[119.256,25.176],[119.243,25.19],[119.229,25.193],[119.213,25.186],[119.193,25.182],[119.176,25.177],[119.165,25.192],[119.153,25.207],[119.142,25.221],[119.116,25.214],[119.102,25.197],[119.104,25.183],[119.114,25.173],[119.12,25.161],[119.125,25.156],[119.129,25.149],[119.134,25.138],[119.147,25.144],[119.153,25.14],[119.15,25.132],[119.134,25.125],[119.117,25.127],[119.104,25.133],[119.093,25.136],[119.085,25.125],[119.09,25.121],[119.093,25.118],[119.096,25.115],[119.099,25.111],[119.089,25.114],[119.065,25.125],[119.074,25.146],[119.079,25.152],[119.065,25.163],[119.053,25.158],[119.046,25.143],[119.044,25.125],[119.029,25.141],[119.034,25.159],[119.059,25.186],[119.069,25.204],[119.069,25.217],[119.057,25.225],[119.035,25.228],[118.987,25.222],[118.969,25.226],[118.98,25.245],[119,25.254],[119.025,25.259],[119.027,25.278],[118.984,25.283],[118.918,25.264],[118.908,25.258],[118.896,25.258],[118.876,25.244],[118.865,25.228],[118.884,25.22],[118.911,25.217],[118.914,25.209],[118.909,25.196],[118.915,25.179],[118.921,25.188],[118.933,25.195],[118.948,25.197],[118.963,25.194],[118.975,25.183],[118.972,25.172],[118.956,25.152],[118.949,25.137],[118.949,25.119],[118.947,25.113],[118.943,25.109],[118.935,25.104],[118.921,25.101],[118.903,25.102],[118.886,25.106],[118.868,25.1],[118.858,25.098],[118.849,25.087],[118.849,25.074],[118.86,25.057],[118.878,25.041],[118.896,25.034],[118.935,25.022],[118.928,25.015],[118.941,25.007],[118.954,25.003],[118.967,25.005],[118.98,25.012],[118.99,25.04],[118.997,25.054],[119.004,25.05],[119.003,25.04],[119,25.024],[118.993,25.009],[118.987,25.002],[118.983,24.995],[118.987,24.98],[118.997,24.953],[119.013,24.958],[119.018,24.96],[119.009,24.947],[118.993,24.937],[118.977,24.934],[118.97,24.944],[118.964,24.954],[118.948,24.957],[118.912,24.953],[118.901,24.938],[118.91,24.907],[118.934,24.886],[118.97,24.899],[118.973,24.894],[118.974,24.892],[118.973,24.89],[118.97,24.885],[118.973,24.884],[118.975,24.884],[118.976,24.883],[118.976,24.878],[118.952,24.871],[118.924,24.87],[118.898,24.876],[118.877,24.889],[118.867,24.891],[118.838,24.881],[118.826,24.878],[118.813,24.882],[118.803,24.888],[118.792,24.891],[118.778,24.885],[118.78,24.868],[118.762,24.858],[118.736,24.851],[118.716,24.844],[118.706,24.847],[118.7,24.852],[118.698,24.86],[118.702,24.872],[118.708,24.877],[118.725,24.883],[118.73,24.885],[118.73,24.901],[118.72,24.917],[118.708,24.931],[118.696,24.94],[118.698,24.907],[118.696,24.899],[118.689,24.896],[118.685,24.903],[118.684,24.915],[118.688,24.926],[118.683,24.931],[118.677,24.937],[118.668,24.953],[118.662,24.941],[118.644,24.924],[118.64,24.916],[118.647,24.909],[118.662,24.898],[118.673,24.887],[118.671,24.875],[118.651,24.867],[118.624,24.868],[118.596,24.875],[118.572,24.885],[118.613,24.856],[118.62,24.844],[118.621,24.829],[118.618,24.818],[118.618,24.805],[118.633,24.777],[118.638,24.772],[118.64,24.779],[118.644,24.782],[118.652,24.783],[118.661,24.782],[118.668,24.782],[118.687,24.793],[118.698,24.802],[118.702,24.81],[118.711,24.805],[118.715,24.798],[118.716,24.79],[118.716,24.779],[118.72,24.769],[118.729,24.769],[118.743,24.775],[118.76,24.768],[118.763,24.763],[118.764,24.752],[118.749,24.725],[118.747,24.721],[118.732,24.716],[118.72,24.706],[118.699,24.676],[118.685,24.666],[118.676,24.671],[118.667,24.683],[118.654,24.693],[118.642,24.679],[118.636,24.664],[118.634,24.647],[118.634,24.628],[118.64,24.617],[118.654,24.616],[118.664,24.612],[118.661,24.59],[118.647,24.568],[118.62,24.545],[118.591,24.528],[118.565,24.523],[118.561,24.521],[118.557,24.517],[118.554,24.518],[118.552,24.529],[118.551,24.537],[118.551,24.546],[118.554,24.553],[118.562,24.556],[118.578,24.56],[118.571,24.569],[118.501,24.608],[118.486,24.611],[118.475,24.614],[118.445,24.629],[118.428,24.631],[118.433,24.645],[118.435,24.659],[118.435,24.69],[118.431,24.7],[118.423,24.693],[118.411,24.68],[118.401,24.672],[118.422,24.624],[118.405,24.607],[118.38,24.59],[118.352,24.582],[118.325,24.59],[118.317,24.587],[118.307,24.588],[118.284,24.598],[118.28,24.585],[118.273,24.574],[118.263,24.57],[118.25,24.576],[118.242,24.544],[118.219,24.541],[118.194,24.556],[118.181,24.576],[118.182,24.598],[118.192,24.601],[118.205,24.599],[118.216,24.604],[118.215,24.615],[118.204,24.622],[118.188,24.625],[118.174,24.624],[118.184,24.643],[118.188,24.657],[118.181,24.673],[118.16,24.693],[118.157,24.663],[118.151,24.659],[118.145,24.659],[118.141,24.657],[118.137,24.634],[118.131,24.62],[118.122,24.608],[118.113,24.598],[118.11,24.584],[118.103,24.585],[118.092,24.598],[118.044,24.618],[118.037,24.598],[118.045,24.576],[118.037,24.561],[118.021,24.555],[118.003,24.562],[118.009,24.581],[117.992,24.571],[117.975,24.553],[117.979,24.543],[118.021,24.537],[118.044,24.528],[118.058,24.516],[118.044,24.498],[118.037,24.491],[118.027,24.488],[118.014,24.488],[118.009,24.486],[118.007,24.48],[118,24.471],[118.008,24.466],[118.02,24.455],[118.022,24.446],[117.996,24.447],[117.912,24.479],[117.868,24.49],[117.826,24.48],[117.846,24.475],[117.866,24.474],[117.885,24.469],[117.901,24.453],[117.816,24.472],[117.791,24.467],[117.791,24.461],[117.875,24.396],[117.907,24.385],[117.989,24.395],[118.02,24.406],[118.03,24.413],[118.043,24.407],[118.047,24.399],[118.047,24.39],[118.041,24.366],[118.036,24.361],[118.03,24.358],[118.024,24.351],[118.016,24.327],[118.024,24.324],[118.037,24.331],[118.044,24.341],[118.053,24.347],[118.072,24.349],[118.091,24.341],[118.099,24.32],[118.102,24.314],[118.116,24.305],[118.12,24.299],[118.121,24.28],[118.123,24.271],[118.126,24.262],[118.109,24.261],[118.085,24.249],[118.072,24.255],[118.059,24.246],[118.038,24.22],[118.024,24.207],[118.016,24.203],[117.996,24.197],[117.989,24.193],[117.986,24.187],[117.983,24.169],[117.979,24.162],[117.968,24.16],[117.963,24.174],[117.959,24.203],[117.944,24.213],[117.932,24.208],[117.921,24.197],[117.907,24.186],[117.932,24.178],[117.938,24.162],[117.931,24.141],[117.901,24.099],[117.896,24.087],[117.894,24.073],[117.896,24.061],[117.899,24.051],[117.899,24.04],[117.894,24.028],[117.862,24.035],[117.839,24.024],[117.798,23.98],[117.772,23.959],[117.765,23.947],[117.763,23.929],[117.759,23.915],[117.748,23.908],[117.737,23.908],[117.729,23.919],[117.738,23.951],[117.791,24.002],[117.798,24.022],[117.786,24.028],[117.762,24.015],[117.757,24.025],[117.77,24.031],[117.776,24.037],[117.774,24.045],[117.77,24.051],[117.763,24.07],[117.757,24.07],[117.75,24.037],[117.724,24.034],[117.692,24.047],[117.667,24.063],[117.671,24.048],[117.68,24.039],[117.692,24.035],[117.709,24.035],[117.688,23.998],[117.687,23.979],[117.695,23.954],[117.672,23.931],[117.649,23.909],[117.634,23.874],[117.626,23.84],[117.626,23.812],[117.639,23.794],[117.619,23.775],[117.613,23.763],[117.592,23.737],[117.59,23.756],[117.587,23.778],[117.602,23.799],[117.6,23.834],[117.598,23.852],[117.592,23.871],[117.582,23.889],[117.571,23.903],[117.557,23.913],[117.537,23.919],[117.475,23.921],[117.455,23.926],[117.43,23.944],[117.417,23.947],[117.407,23.933],[117.41,23.913],[117.427,23.91],[117.45,23.913],[117.469,23.912],[117.5,23.874],[117.49,23.833],[117.463,23.788],[117.434,23.776],[117.382,23.795],[117.369,23.793],[117.361,23.786],[117.355,23.777],[117.346,23.769],[117.319,23.762],[117.304,23.776],[117.293,23.789],[117.277,23.782],[117.292,23.762],[117.286,23.747],[117.272,23.721],[117.276,23.688],[117.268,23.68],[117.264,23.655],[117.279,23.636],[117.257,23.616],[117.239,23.605],[117.236,23.624],[117.236,23.64],[117.244,23.658],[117.236,23.671],[117.23,23.693],[117.225,23.685],[117.209,23.665],[117.217,23.653],[117.22,23.64],[117.219,23.63],[117.186,23.621],[117.175,23.616],[117.174,23.617],[117.159,23.641],[117.15,23.651],[117.142,23.657],[117.137,23.66],[117.094,23.678],[117.075,23.69],[117.067,23.697],[117.053,23.711],[117.042,23.728],[117.037,23.738],[116.999,23.87],[116.99,23.888],[116.988,23.893],[116.978,23.905],[116.976,23.909],[116.974,23.914],[116.955,23.995],[116.953,23.999],[116.947,24.005],[116.944,24.008],[116.939,24.017],[116.933,24.033],[116.925,24.078],[116.925,24.09],[116.927,24.106],[116.933,24.127],[116.937,24.137],[116.941,24.144],[116.958,24.165],[116.966,24.179],[116.968,24.185],[116.963,24.207],[116.943,24.239],[116.894,24.367],[116.888,24.386],[116.886,24.39],[116.882,24.394],[116.849,24.42],[116.841,24.429],[116.836,24.435],[116.832,24.443],[116.83,24.448],[116.83,24.454],[116.829,24.466],[116.828,24.472],[116.826,24.476],[116.824,24.481],[116.815,24.488],[116.757,24.526],[116.749,24.533],[116.748,24.539],[116.749,24.551],[116.757,24.597],[116.765,24.619],[116.77,24.63],[116.774,24.64],[116.775,24.646],[116.775,24.652],[116.774,24.658],[116.773,24.663],[116.768,24.667],[116.76,24.67],[116.745,24.671],[116.66,24.67],[116.649,24.667],[116.638,24.663],[116.604,24.656],[116.575,24.644],[116.54,24.62],[116.535,24.617],[116.53,24.615],[116.524,24.614],[116.517,24.615],[116.51,24.618],[116.504,24.625],[116.501,24.629],[116.5,24.631],[116.5,24.632],[116.478,24.685],[116.473,24.694],[116.462,24.711],[116.433,24.74],[116.427,24.748],[116.419,24.761],[116.401,24.786],[116.385,24.812],[116.383,24.816],[116.382,24.822],[116.381,24.834],[116.378,24.838],[116.372,24.841],[116.359,24.841],[116.343,24.838],[116.338,24.837],[116.328,24.832],[116.307,24.818],[116.297,24.813],[116.275,24.807],[116.268,24.808],[116.263,24.81],[116.258,24.817],[116.257,24.824],[116.258,24.835],[116.256,24.84],[116.247,24.844],[116.194,24.851],[116.165,24.851],[116.154,24.848],[116.142,24.847],[116.115,24.846],[116.104,24.848],[116.092,24.852],[116.069,24.863],[116.059,24.869],[116.052,24.874],[116.043,24.887],[116.04,24.89],[116.036,24.894],[116.03,24.896],[116.023,24.897],[116.012,24.895],[116,24.893],[115.995,24.893],[115.988,24.894],[115.976,24.9],[115.953,24.913],[115.935,24.916],[115.888,24.917],[115.856,24.953],[115.854,24.96],[115.854,24.967],[115.859,24.969],[115.866,24.969],[115.875,24.971],[115.881,24.976],[115.887,24.99],[115.888,25],[115.886,25.007],[115.88,25.017],[115.876,25.029],[115.875,25.071],[115.874,25.079],[115.865,25.097],[115.842,25.173],[115.841,25.186],[115.843,25.195],[115.86,25.207],[115.893,25.225],[115.901,25.231],[115.908,25.238],[115.934,25.279],[115.941,25.287],[115.957,25.3],[115.962,25.306],[115.967,25.315],[115.975,25.332],[115.978,25.342],[115.979,25.351],[115.976,25.381],[115.976,25.389],[115.979,25.403],[115.992,25.449],[116,25.497],[116.003,25.503],[116.013,25.52],[116.02,25.536],[116.023,25.54],[116.038,25.559],[116.043,25.568],[116.045,25.575],[116.044,25.58],[116.042,25.585],[116.031,25.602],[116.029,25.609],[116.027,25.616],[116.026,25.629],[116.028,25.636],[116.03,25.642],[116.033,25.646],[116.043,25.663],[116.052,25.684],[116.058,25.693],[116.063,25.699],[116.073,25.704],[116.078,25.705],[116.088,25.71],[116.091,25.714],[116.094,25.719],[116.109,25.749],[116.112,25.754],[116.115,25.758],[116.119,25.761],[116.124,25.764],[116.135,25.768],[116.147,25.77],[116.154,25.772],[116.16,25.776],[116.161,25.78],[116.16,25.785],[116.157,25.789],[116.145,25.799],[116.139,25.807],[116.134,25.817],[116.131,25.834],[116.132,25.852],[116.133,25.861],[116.135,25.866],[116.164,25.894],[116.18,25.907],[116.185,25.91],[116.194,25.915],[116.211,25.92],[116.257,25.924],[116.268,25.926],[116.273,25.928],[116.278,25.93],[116.305,25.947],[116.323,25.955],[116.329,25.961],[116.336,25.972],[116.363,26.021],[116.397,26.061],[116.417,26.13],[116.419,26.153],[116.418,26.158],[116.416,26.163],[116.41,26.172],[116.407,26.18],[116.405,26.192],[116.406,26.208],[116.406,26.217],[116.405,26.224],[116.4,26.244],[116.396,26.268],[116.397,26.279],[116.399,26.288],[116.441,26.338],[116.457,26.352],[116.461,26.356],[116.476,26.372],[116.502,26.407],[116.505,26.409],[116.51,26.411],[116.516,26.413],[116.522,26.412],[116.527,26.411],[116.532,26.408],[116.538,26.4],[116.544,26.391],[116.547,26.387],[116.551,26.384],[116.555,26.381],[116.56,26.378],[116.567,26.378],[116.573,26.378],[116.579,26.381],[116.586,26.386],[116.594,26.395],[116.598,26.403],[116.6,26.41],[116.604,26.436],[116.619,26.492],[116.62,26.498],[116.619,26.5],[116.618,26.501],[116.614,26.503],[116.595,26.505],[116.588,26.507],[116.583,26.509],[116.574,26.516],[116.567,26.523],[116.542,26.563],[116.537,26.593],[116.537,26.617],[116.535,26.631],[116.533,26.639],[116.53,26.643],[116.522,26.653],[116.517,26.66],[116.51,26.673],[116.507,26.681],[116.505,26.689],[116.505,26.697],[116.505,26.709],[116.507,26.716],[116.509,26.723],[116.515,26.732],[116.528,26.749],[116.532,26.762],[116.545,26.868],[116.548,26.873],[116.554,26.882],[116.592,26.918],[116.609,26.942],[116.614,26.948],[116.619,26.951],[116.623,26.954],[116.643,26.964],[116.647,26.967],[116.67,26.987],[116.675,26.989],[116.68,26.989],[116.692,26.98],[116.697,26.979],[116.702,26.979],[116.722,26.988],[116.741,26.998],[116.761,27.006],[116.767,27.008],[116.78,27.009],[116.829,27.01],[116.835,27.011],[116.847,27.014],[116.867,27.022],[116.879,27.026],[116.885,27.027],[116.891,27.026],[116.91,27.021],[116.917,27.021],[116.923,27.021],[116.929,27.024],[116.934,27.027],[116.985,27.07],[117.001,27.079],[117.04,27.11],[117.066,27.17],[117.077,27.188],[117.102,27.208],[117.109,27.216],[117.124,27.239],[117.154,27.276],[117.156,27.282],[117.157,27.289],[117.154,27.301],[117.149,27.306],[117.139,27.313],[117.136,27.317],[117.134,27.322],[117.134,27.335],[117.133,27.34],[117.13,27.344],[117.125,27.344],[117.121,27.342],[117.116,27.339],[117.111,27.338],[117.107,27.339],[117.104,27.342],[117.101,27.347],[117.098,27.375],[117.099,27.383],[117.102,27.391],[117.12,27.418],[117.123,27.423],[117.125,27.43],[117.124,27.441],[117.123,27.447],[117.122,27.452],[117.107,27.482],[117.104,27.492],[117.102,27.515],[117.102,27.528],[117.106,27.554],[117.112,27.568],[117.171,27.656],[117.189,27.675],[117.225,27.723],[117.273,27.764],[117.282,27.769],[117.287,27.773],[117.29,27.784],[117.292,27.798],[117.284,27.857],[117.293,27.865],[117.299,27.866],[117.308,27.865],[117.316,27.864],[117.328,27.86],[117.35,27.866],[117.406,27.904],[117.42,27.919],[117.424,27.923],[117.441,27.93],[117.459,27.934],[117.476,27.942],[117.485,27.948],[117.501,27.964],[117.509,27.971],[117.515,27.973],[117.522,27.974],[117.533,27.973],[117.539,27.97],[117.544,27.967],[117.547,27.962],[117.549,27.958],[117.553,27.941],[117.555,27.936],[117.557,27.932],[117.564,27.924],[117.576,27.913],[117.582,27.905],[117.585,27.901],[117.588,27.891],[117.59,27.887],[117.596,27.878],[117.605,27.866],[117.614,27.859],[117.623,27.854],[117.664,27.838],[117.677,27.835],[117.702,27.833],[117.706,27.832],[117.71,27.83],[117.728,27.818],[117.733,27.815],[117.739,27.814],[117.746,27.813],[117.753,27.816],[117.762,27.821],[117.774,27.834],[117.781,27.841],[117.785,27.848],[117.787,27.854],[117.788,27.86],[117.787,27.884],[117.787,27.89],[117.79,27.903],[117.795,27.913],[117.798,27.918],[117.805,27.926],[117.812,27.932],[117.817,27.935],[117.823,27.937],[117.859,27.944],[117.873,27.945],[117.88,27.946],[117.886,27.948],[117.924,27.967],[117.946,27.973],[117.953,27.974],[117.959,27.974],[117.981,27.972],[117.988,27.973],[118.012,27.982],[118.019,27.984],[118.026,27.984],[118.061,27.979],[118.068,27.981],[118.075,27.985],[118.086,27.998],[118.087,28],[118.087,28.002],[118.09,28.005],[118.095,28.009],[118.106,28.014],[118.114,28.018],[118.125,28.035],[118.131,28.041],[118.141,28.044],[118.149,28.045],[118.156,28.044],[118.17,28.041],[118.176,28.041],[118.183,28.042],[118.195,28.044],[118.313,28.086],[118.352,28.089],[118.358,28.09],[118.364,28.094],[118.368,28.1],[118.37,28.113],[118.371,28.136],[118.381,28.17],[118.381,28.178],[118.379,28.185],[118.355,28.2],[118.352,28.204],[118.349,28.208],[118.348,28.213],[118.349,28.22],[118.355,28.229],[118.37,28.243],[118.408,28.27],[118.446,28.289],[118.499,28.262],[118.516,28.262],[118.524,28.277],[118.529,28.281],[118.535,28.285],[118.592,28.299],[118.602,28.299],[118.609,28.296],[118.612,28.292],[118.617,28.288],[118.623,28.284],[118.629,28.284],[118.678,28.292],[118.69,28.296],[118.698,28.3],[118.705,28.307],[118.71,28.31],[118.725,28.318],[118.735,28.326],[118.753,28.284],[118.763,28.27],[118.782,28.254],[118.796,28.24],[118.801,28.231],[118.802,28.223],[118.8,28.217],[118.797,28.213],[118.789,28.206],[118.774,28.199],[118.77,28.195],[118.766,28.191],[118.765,28.183],[118.766,28.178],[118.769,28.174],[118.773,28.168],[118.778,28.16],[118.785,28.145],[118.786,28.136],[118.784,28.13],[118.76,28.109],[118.757,28.105],[118.753,28.101],[118.75,28.087],[118.746,28.011],[118.748,27.973],[118.75,27.968],[118.753,27.964],[118.756,27.96],[118.778,27.938],[118.788,27.932],[118.809,27.921],[118.814,27.917],[118.82,27.91],[118.827,27.897],[118.83,27.885],[118.835,27.845],[118.841,27.816],[118.862,27.766],[118.869,27.753],[118.884,27.733],[118.889,27.722],[118.891,27.714],[118.891,27.707],[118.885,27.697],[118.882,27.69],[118.881,27.679],[118.882,27.673],[118.885,27.668],[118.889,27.664],[118.894,27.652],[118.923,27.55],[118.922,27.544],[118.92,27.538],[118.916,27.533],[118.912,27.53],[118.907,27.527],[118.902,27.526],[118.896,27.525],[118.89,27.524],[118.885,27.52],[118.883,27.51],[118.884,27.505],[118.885,27.501],[118.899,27.488],[118.908,27.482],[118.919,27.477],[118.932,27.474],[118.948,27.472],[118.957,27.472],[118.99,27.48],[118.996,27.48],[119.005,27.48],[119.053,27.472],[119.059,27.47],[119.075,27.462],[119.081,27.46],[119.087,27.46],[119.092,27.461],[119.096,27.464],[119.102,27.466],[119.108,27.466],[119.117,27.461],[119.121,27.455],[119.125,27.444],[119.129,27.438],[119.133,27.434],[119.158,27.426],[119.186,27.42],[119.216,27.417],[119.243,27.418],[119.257,27.42],[119.266,27.424],[119.273,27.435],[119.278,27.445],[119.283,27.45],[119.289,27.453],[119.323,27.462],[119.331,27.466],[119.336,27.471],[119.341,27.483],[119.347,27.492],[119.356,27.498],[119.373,27.506],[119.382,27.51],[119.39,27.513],[119.397,27.512],[119.403,27.511],[119.407,27.508],[119.412,27.502],[119.418,27.502],[119.449,27.514],[119.46,27.52],[119.467,27.525],[119.473,27.535],[119.475,27.541],[119.478,27.566],[119.48,27.571],[119.496,27.593],[119.5,27.6],[119.501,27.604],[119.501,27.615],[119.505,27.625],[119.512,27.637],[119.53,27.658],[119.542,27.669],[119.551,27.675],[119.558,27.676],[119.564,27.675],[119.591,27.67],[119.604,27.669],[119.611,27.668],[119.616,27.666],[119.623,27.659],[119.625,27.647],[119.623,27.642],[119.621,27.637],[119.615,27.627],[119.612,27.622],[119.611,27.616],[119.61,27.61],[119.612,27.605],[119.614,27.601],[119.62,27.597],[119.627,27.594],[119.64,27.59],[119.648,27.586],[119.654,27.578],[119.655,27.57],[119.654,27.557],[119.654,27.551],[119.658,27.544],[119.664,27.537],[119.677,27.526],[119.683,27.518],[119.687,27.511],[119.689,27.5],[119.691,27.484],[119.691,27.471],[119.687,27.432],[119.687,27.426],[119.688,27.421],[119.693,27.411],[119.707,27.399],[119.733,27.378],[119.738,27.372],[119.745,27.363],[119.756,27.352],[119.759,27.347],[119.76,27.342],[119.761,27.337],[119.761,27.331],[119.762,27.325],[119.764,27.32],[119.77,27.316],[119.781,27.313],[119.806,27.313],[119.818,27.316],[119.826,27.319],[119.83,27.322],[119.835,27.325],[119.841,27.325],[119.848,27.324],[119.858,27.32],[119.867,27.318],[119.877,27.32],[119.89,27.324],[119.896,27.325],[119.931,27.325],[119.936,27.326],[119.94,27.33],[119.944,27.334],[119.947,27.338],[119.954,27.346],[119.979,27.358],[119.984,27.36],[119.991,27.36],[119.999,27.358],[120.023,27.343],[120.03,27.341],[120.038,27.34],[120.05,27.34],[120.058,27.342],[120.064,27.344],[120.074,27.349],[120.114,27.383],[120.128,27.391],[120.148,27.4],[120.212,27.414],[120.235,27.413],[120.249,27.41],[120.258,27.407],[120.266,27.402],[120.289,27.383],[120.299,27.378],[120.306,27.377],[120.331,27.381],[120.337,27.381],[120.344,27.38],[120.351,27.375],[120.358,27.367],[120.388,27.329],[120.399,27.311],[120.406,27.297],[120.413,27.266],[120.417,27.209],[120.419,27.206]]],[[[118.093,24.556],[118.112,24.546],[118.138,24.537],[118.163,24.532],[118.181,24.535],[118.182,24.523],[118.189,24.503],[118.189,24.494],[118.181,24.483],[118.172,24.478],[118.164,24.472],[118.161,24.457],[118.154,24.437],[118.136,24.429],[118.114,24.431],[118.092,24.438],[118.081,24.445],[118.073,24.453],[118.07,24.46],[118.072,24.467],[118.082,24.473],[118.093,24.475],[118.103,24.48],[118.106,24.494],[118.082,24.482],[118.075,24.484],[118.072,24.498],[118.075,24.512],[118.089,24.538],[118.093,24.556]]],[[[119.847,25.536],[119.834,25.549],[119.819,25.546],[119.805,25.533],[119.799,25.516],[119.806,25.496],[119.84,25.479],[119.847,25.461],[119.821,25.468],[119.795,25.463],[119.772,25.451],[119.758,25.433],[119.757,25.421],[119.76,25.411],[119.757,25.405],[119.74,25.408],[119.722,25.414],[119.704,25.424],[119.693,25.438],[119.698,25.457],[119.701,25.46],[119.709,25.466],[119.712,25.47],[119.712,25.474],[119.712,25.48],[119.712,25.486],[119.71,25.488],[119.7,25.482],[119.689,25.48],[119.678,25.482],[119.668,25.488],[119.678,25.501],[119.686,25.508],[119.696,25.509],[119.749,25.503],[119.766,25.506],[119.778,25.522],[119.759,25.531],[119.726,25.525],[119.716,25.536],[119.718,25.545],[119.73,25.581],[119.727,25.591],[119.719,25.591],[119.709,25.586],[119.703,25.577],[119.693,25.594],[119.699,25.613],[119.714,25.631],[119.73,25.646],[119.745,25.649],[119.75,25.653],[119.764,25.659],[119.782,25.659],[119.777,25.652],[119.776,25.636],[119.78,25.617],[119.792,25.605],[119.804,25.611],[119.813,25.609],[119.823,25.601],[119.833,25.591],[119.817,25.58],[119.83,25.572],[119.855,25.565],[119.875,25.557],[119.862,25.546],[119.847,25.536]]],[[[119.551,25.209],[119.561,25.209],[119.568,25.205],[119.563,25.199],[119.553,25.195],[119.548,25.186],[119.549,25.172],[119.542,25.165],[119.529,25.165],[119.517,25.171],[119.511,25.182],[119.513,25.191],[119.513,25.199],[119.503,25.204],[119.493,25.201],[119.489,25.196],[119.461,25.203],[119.449,25.214],[119.445,25.229],[119.447,25.236],[119.454,25.238],[119.458,25.241],[119.47,25.252],[119.476,25.251],[119.481,25.245],[119.487,25.245],[119.492,25.241],[119.496,25.231],[119.503,25.221],[119.512,25.213],[119.523,25.208],[119.534,25.207],[119.543,25.209],[119.551,25.209]]],[[[119.347,25.567],[119.346,25.561],[119.352,25.552],[119.349,25.544],[119.344,25.515],[119.335,25.49],[119.331,25.467],[119.335,25.45],[119.335,25.438],[119.326,25.434],[119.314,25.43],[119.303,25.423],[119.297,25.423],[119.288,25.444],[119.286,25.455],[119.282,25.464],[119.282,25.483],[119.304,25.538],[119.305,25.543],[119.307,25.547],[119.31,25.549],[119.318,25.557],[119.321,25.561],[119.332,25.571],[119.343,25.573],[119.347,25.567]]],[[[119.627,26.108],[119.639,26.089],[119.644,26.078],[119.639,26.071],[119.62,26.064],[119.565,26.08],[119.554,26.096],[119.575,26.12],[119.599,26.128],[119.613,26.121],[119.627,26.108]]],[[[120.327,26.94],[120.319,26.949],[120.32,26.958],[120.322,26.962],[120.326,26.962],[120.337,26.97],[120.345,26.972],[120.351,26.971],[120.355,26.969],[120.358,26.966],[120.363,26.963],[120.369,26.956],[120.374,26.944],[120.378,26.94],[120.384,26.938],[120.386,26.935],[120.353,26.924],[120.327,26.94]]]]}},{"type":"Feature","id":"CN-GD","properties":{"id":"CN-GD","countryCode":"CN","isoSubdivision":"CN-GD","name":"Guangdong","name_en":"Guangdong","name_ko":"광둥성","type":"Province","labelLongitude":113.72,"labelLatitude":23.792,"minZoom":4.6},"geometry":{"type":"MultiPolygon","coordinates":[[[[114.183,22.556],[114.173,22.564],[114.162,22.561],[114.154,22.552],[114.149,22.538],[114.138,22.539],[114.129,22.538],[114.117,22.528],[114.114,22.529],[114.108,22.534],[114.091,22.534],[114.082,22.529],[114.079,22.528],[114.08,22.524],[114.067,22.522],[114.058,22.517],[114.055,22.507],[114.042,22.507],[114.039,22.511],[114.038,22.511],[114.036,22.514],[114.035,22.514],[114.019,22.523],[113.999,22.531],[113.987,22.532],[113.984,22.534],[113.971,22.534],[113.964,22.538],[113.96,22.528],[113.952,22.524],[113.949,22.511],[113.949,22.5],[113.948,22.49],[113.936,22.489],[113.925,22.487],[113.915,22.489],[113.913,22.488],[113.91,22.486],[113.91,22.478],[113.89,22.453],[113.881,22.473],[113.874,22.478],[113.868,22.495],[113.866,22.511],[113.882,22.514],[113.894,22.521],[113.88,22.537],[113.844,22.562],[113.834,22.572],[113.822,22.587],[113.813,22.604],[113.799,22.631],[113.794,22.662],[113.773,22.672],[113.765,22.735],[113.758,22.753],[113.744,22.761],[113.712,22.763],[113.7,22.761],[113.695,22.757],[113.691,22.752],[113.685,22.747],[113.672,22.747],[113.654,22.759],[113.656,22.777],[113.663,22.798],[113.655,22.819],[113.644,22.834],[113.633,22.853],[113.617,22.89],[113.611,22.876],[113.61,22.862],[113.613,22.848],[113.617,22.836],[113.606,22.847],[113.602,22.866],[113.605,22.888],[113.61,22.905],[113.603,22.898],[113.598,22.89],[113.596,22.881],[113.592,22.889],[113.611,22.934],[113.617,22.956],[113.619,22.979],[113.624,22.999],[113.638,23.035],[113.631,23.035],[113.617,23.008],[113.612,22.995],[113.609,22.963],[113.602,22.931],[113.597,22.918],[113.595,22.93],[113.595,22.945],[113.598,22.961],[113.604,22.973],[113.603,22.988],[113.605,23.001],[113.617,23.035],[113.599,23.009],[113.587,22.954],[113.576,22.939],[113.582,22.957],[113.584,22.978],[113.583,23.021],[113.564,22.997],[113.554,22.988],[113.542,22.987],[113.533,22.996],[113.529,23.011],[113.528,23.038],[113.536,23.063],[113.556,23.084],[113.582,23.098],[113.637,23.109],[113.692,23.133],[113.72,23.138],[113.731,23.134],[113.744,23.126],[113.758,23.122],[113.784,23.132],[113.801,23.128],[113.83,23.117],[113.813,23.13],[113.798,23.134],[113.761,23.138],[113.745,23.143],[113.72,23.155],[113.703,23.158],[113.674,23.15],[113.626,23.118],[113.593,23.111],[113.588,23.106],[113.551,23.088],[113.542,23.086],[113.537,23.075],[113.525,23.067],[113.509,23.062],[113.494,23.063],[113.445,23.089],[113.417,23.097],[113.399,23.083],[113.419,23.065],[113.451,23.062],[113.481,23.052],[113.502,23.02],[113.504,22.99],[113.491,22.954],[113.481,22.936],[113.484,22.929],[113.484,22.924],[113.474,22.918],[113.468,22.919],[113.446,22.928],[113.43,22.931],[113.337,22.898],[113.308,22.894],[113.213,22.912],[113.213,22.905],[113.235,22.9],[113.258,22.898],[113.264,22.895],[113.283,22.88],[113.292,22.877],[113.313,22.881],[113.332,22.888],[113.35,22.89],[113.368,22.881],[113.426,22.816],[113.44,22.804],[113.494,22.775],[113.463,22.762],[113.452,22.755],[113.44,22.739],[113.426,22.749],[113.378,22.767],[113.395,22.748],[113.454,22.726],[113.466,22.716],[113.476,22.7],[113.516,22.671],[113.553,22.638],[113.564,22.614],[113.599,22.575],[113.595,22.523],[113.563,22.48],[113.546,22.438],[113.552,22.396],[113.558,22.381],[113.582,22.371],[113.61,22.37],[113.599,22.351],[113.597,22.342],[113.597,22.326],[113.592,22.316],[113.583,22.31],[113.574,22.301],[113.575,22.285],[113.577,22.267],[113.584,22.263],[113.59,22.253],[113.588,22.238],[113.561,22.234],[113.553,22.219],[113.539,22.222],[113.523,22.213],[113.529,22.203],[113.53,22.202],[113.528,22.2],[113.521,22.191],[113.497,22.172],[113.484,22.155],[113.459,22.158],[113.426,22.186],[113.419,22.209],[113.412,22.226],[113.365,22.268],[113.362,22.275],[113.36,22.293],[113.357,22.302],[113.352,22.308],[113.303,22.344],[113.276,22.372],[113.256,22.404],[113.243,22.457],[113.232,22.479],[113.178,22.564],[113.165,22.576],[113.158,22.507],[113.16,22.488],[113.166,22.479],[113.189,22.463],[113.227,22.425],[113.303,22.31],[113.318,22.289],[113.329,22.268],[113.354,22.244],[113.365,22.23],[113.402,22.18],[113.363,22.171],[113.351,22.172],[113.325,22.184],[113.313,22.186],[113.303,22.183],[113.298,22.177],[113.295,22.168],[113.286,22.153],[113.282,22.145],[113.278,22.141],[113.274,22.138],[113.263,22.137],[113.251,22.116],[113.247,22.103],[113.256,22.083],[113.255,22.071],[113.251,22.061],[113.247,22.054],[113.231,22.043],[113.214,22.045],[113.195,22.046],[113.178,22.041],[113.157,22.025],[113.14,22.037],[113.119,22.066],[113.111,22.099],[113.115,22.113],[113.125,22.131],[113.118,22.144],[113.127,22.161],[113.119,22.172],[113.113,22.187],[113.11,22.204],[113.111,22.219],[113.085,22.208],[113.077,22.147],[113.058,22.121],[113.027,22.143],[113.021,22.126],[113.022,22.101],[113.018,22.082],[113.016,22.058],[113.018,22.035],[113.018,22.021],[113.023,22.003],[113.021,21.985],[113.019,21.977],[113.021,21.972],[113.029,21.961],[113.026,21.949],[113.017,21.943],[113.001,21.939],[112.995,21.938],[112.989,21.937],[112.987,21.929],[112.986,21.921],[112.981,21.907],[112.98,21.901],[112.973,21.892],[112.957,21.876],[112.929,21.865],[112.912,21.856],[112.879,21.875],[112.871,21.894],[112.859,21.933],[112.852,21.948],[112.841,21.961],[112.826,21.966],[112.815,21.962],[112.808,21.953],[112.8,21.947],[112.789,21.952],[112.744,21.932],[112.74,21.925],[112.738,21.897],[112.73,21.89],[112.706,21.892],[112.7,21.89],[112.696,21.886],[112.691,21.875],[112.686,21.87],[112.645,21.849],[112.648,21.823],[112.633,21.796],[112.608,21.775],[112.579,21.767],[112.551,21.773],[112.443,21.828],[112.426,21.845],[112.415,21.868],[112.411,21.901],[112.424,21.918],[112.481,21.945],[112.494,21.966],[112.486,21.966],[112.469,21.956],[112.436,21.946],[112.405,21.943],[112.391,21.956],[112.388,21.963],[112.379,21.977],[112.376,21.987],[112.377,21.995],[112.382,22.007],[112.393,22.056],[112.397,22.069],[112.378,22.058],[112.365,22.034],[112.358,22.005],[112.357,21.98],[112.37,21.939],[112.388,21.909],[112.391,21.901],[112.388,21.876],[112.388,21.862],[112.394,21.856],[112.398,21.851],[112.401,21.837],[112.404,21.812],[112.402,21.801],[112.393,21.785],[112.388,21.756],[112.381,21.749],[112.373,21.743],[112.363,21.733],[112.332,21.724],[112.286,21.709],[112.245,21.707],[112.227,21.73],[112.217,21.736],[112.197,21.742],[112.182,21.753],[112.189,21.771],[112.199,21.787],[112.203,21.807],[112.201,21.827],[112.193,21.843],[112.182,21.823],[112.173,21.814],[112.086,21.796],[112.047,21.795],[112.028,21.797],[112.013,21.804],[112.007,21.819],[112.013,21.835],[112.037,21.862],[112.041,21.884],[112.034,21.884],[112.019,21.86],[111.993,21.834],[111.969,21.824],[111.952,21.865],[111.934,21.89],[111.912,21.914],[111.89,21.925],[111.889,21.899],[111.891,21.867],[111.896,21.837],[111.904,21.815],[111.921,21.8],[111.946,21.786],[111.975,21.776],[112,21.774],[111.992,21.764],[111.915,21.719],[111.906,21.716],[111.904,21.709],[111.904,21.702],[111.901,21.699],[111.896,21.696],[111.884,21.683],[111.877,21.678],[111.868,21.677],[111.839,21.678],[111.837,21.685],[111.842,21.699],[111.854,21.707],[111.87,21.699],[111.877,21.699],[111.875,21.71],[111.869,21.717],[111.861,21.722],[111.849,21.726],[111.836,21.717],[111.829,21.729],[111.829,21.749],[111.835,21.767],[111.822,21.752],[111.807,21.743],[111.794,21.745],[111.788,21.76],[111.77,21.754],[111.758,21.753],[111.726,21.767],[111.721,21.763],[111.701,21.768],[111.678,21.781],[111.696,21.761],[111.761,21.726],[111.772,21.705],[111.78,21.675],[111.774,21.65],[111.747,21.644],[111.76,21.64],[111.772,21.635],[111.782,21.628],[111.788,21.616],[111.748,21.614],[111.728,21.616],[111.713,21.623],[111.69,21.604],[111.666,21.559],[111.651,21.541],[111.64,21.533],[111.63,21.53],[111.62,21.533],[111.606,21.545],[111.601,21.554],[111.597,21.565],[111.591,21.576],[111.582,21.582],[111.581,21.568],[111.582,21.555],[111.586,21.544],[111.596,21.534],[111.578,21.53],[111.557,21.522],[111.538,21.52],[111.527,21.534],[111.521,21.534],[111.517,21.525],[111.504,21.518],[111.489,21.515],[111.476,21.514],[111.468,21.518],[111.467,21.529],[111.473,21.555],[111.455,21.551],[111.444,21.564],[111.432,21.603],[111.424,21.59],[111.412,21.576],[111.411,21.568],[111.416,21.558],[111.431,21.544],[111.438,21.534],[111.388,21.541],[111.363,21.541],[111.35,21.527],[111.363,21.532],[111.376,21.533],[111.404,21.527],[111.394,21.52],[111.363,21.507],[111.356,21.501],[111.344,21.487],[111.292,21.451],[111.267,21.439],[111.253,21.445],[111.269,21.452],[111.28,21.465],[111.301,21.499],[111.28,21.506],[111.256,21.517],[111.232,21.525],[111.213,21.52],[111.206,21.532],[111.192,21.531],[111.158,21.52],[111.158,21.514],[111.172,21.514],[111.168,21.509],[111.165,21.506],[111.172,21.499],[111.184,21.506],[111.199,21.508],[111.214,21.506],[111.226,21.499],[111.185,21.486],[111.162,21.476],[111.144,21.466],[111.134,21.472],[111.12,21.473],[111.088,21.473],[111.088,21.48],[111.13,21.493],[111.13,21.499],[111.127,21.503],[111.124,21.507],[111.117,21.501],[111.108,21.496],[111.098,21.493],[111.088,21.493],[111.079,21.498],[111.078,21.503],[111.079,21.508],[111.075,21.514],[111.034,21.531],[111.028,21.541],[111.023,21.528],[111.012,21.521],[110.986,21.514],[110.996,21.508],[111.002,21.49],[111.014,21.486],[111.001,21.463],[110.992,21.455],[110.98,21.452],[110.98,21.445],[110.995,21.445],[111.008,21.45],[111.017,21.458],[111.02,21.469],[111.027,21.479],[111.042,21.485],[111.059,21.483],[111.069,21.473],[111.044,21.469],[111.025,21.457],[110.993,21.425],[110.966,21.433],[110.941,21.422],[110.917,21.406],[110.893,21.398],[110.89,21.395],[110.877,21.386],[110.87,21.383],[110.869,21.385],[110.852,21.389],[110.83,21.392],[110.806,21.402],[110.791,21.404],[110.768,21.398],[110.744,21.383],[110.705,21.349],[110.69,21.331],[110.676,21.31],[110.665,21.286],[110.657,21.26],[110.651,21.26],[110.655,21.315],[110.663,21.337],[110.678,21.349],[110.665,21.348],[110.656,21.343],[110.649,21.333],[110.643,21.322],[110.642,21.337],[110.636,21.346],[110.632,21.355],[110.636,21.37],[110.645,21.375],[110.672,21.381],[110.692,21.399],[110.725,21.403],[110.755,21.413],[110.766,21.445],[110.76,21.445],[110.727,21.419],[110.636,21.381],[110.617,21.345],[110.616,21.301],[110.62,21.291],[110.643,21.253],[110.636,21.23],[110.617,21.23],[110.575,21.247],[110.577,21.24],[110.58,21.235],[110.584,21.23],[110.589,21.226],[110.481,21.217],[110.463,21.212],[110.448,21.204],[110.431,21.191],[110.424,21.191],[110.427,21.206],[110.436,21.226],[110.437,21.239],[110.433,21.251],[110.427,21.262],[110.426,21.269],[110.437,21.273],[110.436,21.279],[110.433,21.283],[110.429,21.285],[110.424,21.288],[110.427,21.289],[110.43,21.288],[110.431,21.289],[110.431,21.294],[110.437,21.294],[110.446,21.29],[110.457,21.288],[110.466,21.283],[110.473,21.273],[110.479,21.273],[110.48,21.282],[110.482,21.287],[110.486,21.294],[110.486,21.301],[110.479,21.301],[110.473,21.295],[110.466,21.296],[110.457,21.299],[110.445,21.301],[110.445,21.308],[110.486,21.329],[110.486,21.336],[110.478,21.336],[110.473,21.335],[110.469,21.332],[110.465,21.329],[110.465,21.349],[110.451,21.332],[110.442,21.314],[110.434,21.309],[110.424,21.329],[110.424,21.342],[110.437,21.398],[110.431,21.398],[110.42,21.377],[110.401,21.387],[110.369,21.425],[110.379,21.437],[110.383,21.441],[110.389,21.445],[110.389,21.452],[110.358,21.436],[110.372,21.403],[110.394,21.364],[110.389,21.329],[110.386,21.331],[110.376,21.336],[110.383,21.322],[110.368,21.325],[110.345,21.339],[110.328,21.342],[110.328,21.336],[110.341,21.33],[110.357,21.319],[110.366,21.306],[110.363,21.294],[110.363,21.288],[110.374,21.281],[110.385,21.271],[110.393,21.26],[110.397,21.25],[110.399,21.246],[110.408,21.238],[110.411,21.232],[110.41,21.224],[110.407,21.217],[110.405,21.212],[110.403,21.208],[110.402,21.194],[110.399,21.177],[110.394,21.163],[110.386,21.157],[110.375,21.153],[110.347,21.133],[110.334,21.116],[110.315,21.108],[110.28,21.096],[110.269,21.089],[110.222,21.033],[110.219,21.028],[110.21,21.035],[110.206,21.049],[110.204,21.067],[110.205,21.082],[110.196,21.071],[110.191,21.059],[110.184,21.034],[110.178,21.02],[110.157,20.986],[110.143,20.992],[110.143,20.986],[110.155,20.977],[110.155,20.962],[110.151,20.943],[110.149,20.924],[110.154,20.906],[110.172,20.877],[110.177,20.862],[110.167,20.873],[110.164,20.877],[110.157,20.877],[110.161,20.868],[110.162,20.862],[110.161,20.857],[110.157,20.849],[110.161,20.848],[110.163,20.848],[110.164,20.847],[110.164,20.842],[110.169,20.843],[110.169,20.844],[110.169,20.846],[110.17,20.849],[110.178,20.847],[110.18,20.846],[110.183,20.846],[110.191,20.849],[110.191,20.836],[110.212,20.841],[110.287,20.842],[110.301,20.852],[110.32,20.86],[110.336,20.859],[110.342,20.842],[110.349,20.849],[110.355,20.84],[110.361,20.836],[110.366,20.839],[110.369,20.849],[110.386,20.826],[110.403,20.79],[110.409,20.751],[110.397,20.718],[110.384,20.713],[110.369,20.72],[110.356,20.732],[110.349,20.746],[110.347,20.762],[110.348,20.803],[110.342,20.822],[110.334,20.806],[110.329,20.8],[110.321,20.794],[110.333,20.779],[110.332,20.768],[110.323,20.76],[110.308,20.753],[110.314,20.746],[110.311,20.745],[110.309,20.745],[110.308,20.744],[110.308,20.739],[110.337,20.726],[110.329,20.707],[110.309,20.684],[110.301,20.657],[110.308,20.66],[110.313,20.665],[110.318,20.671],[110.321,20.678],[110.328,20.678],[110.33,20.664],[110.328,20.653],[110.324,20.643],[110.314,20.637],[110.326,20.631],[110.339,20.632],[110.352,20.637],[110.363,20.643],[110.363,20.622],[110.372,20.634],[110.381,20.634],[110.389,20.626],[110.397,20.616],[110.392,20.607],[110.397,20.595],[110.409,20.586],[110.425,20.58],[110.443,20.571],[110.452,20.568],[110.458,20.567],[110.473,20.569],[110.479,20.568],[110.495,20.553],[110.511,20.528],[110.534,20.478],[110.515,20.435],[110.502,20.413],[110.483,20.403],[110.475,20.398],[110.459,20.362],[110.407,20.305],[110.4,20.301],[110.377,20.305],[110.362,20.305],[110.355,20.297],[110.344,20.279],[110.32,20.27],[110.294,20.263],[110.28,20.253],[110.266,20.264],[110.256,20.269],[110.246,20.273],[110.237,20.275],[110.208,20.273],[110.197,20.27],[110.193,20.263],[110.191,20.256],[110.188,20.253],[110.128,20.248],[110.11,20.253],[110.093,20.271],[110.086,20.273],[110.078,20.275],[110.07,20.278],[110.064,20.283],[110.061,20.29],[110.058,20.296],[110.049,20.3],[110.038,20.302],[110.027,20.301],[110.022,20.297],[110.012,20.284],[110.006,20.28],[110.001,20.281],[109.995,20.283],[109.991,20.285],[109.992,20.287],[109.966,20.281],[109.951,20.272],[109.944,20.256],[109.941,20.252],[109.934,20.244],[109.925,20.238],[109.917,20.239],[109.915,20.248],[109.917,20.26],[109.922,20.27],[109.924,20.273],[109.929,20.295],[109.931,20.318],[109.929,20.326],[109.919,20.342],[109.917,20.352],[109.886,20.366],[109.874,20.376],[109.89,20.383],[109.863,20.406],[109.866,20.41],[109.879,20.411],[109.888,20.414],[109.894,20.42],[109.896,20.431],[109.904,20.431],[109.915,20.419],[109.946,20.396],[109.958,20.383],[109.975,20.355],[109.982,20.352],[109.985,20.372],[109.992,20.385],[110.006,20.401],[110.015,20.418],[110.01,20.434],[109.984,20.453],[109.972,20.465],[109.965,20.478],[109.963,20.472],[109.96,20.466],[109.959,20.46],[109.958,20.452],[109.944,20.461],[109.939,20.474],[109.938,20.49],[109.931,20.506],[109.93,20.471],[109.927,20.455],[109.917,20.445],[109.915,20.457],[109.91,20.471],[109.903,20.484],[109.896,20.493],[109.883,20.498],[109.85,20.501],[109.835,20.506],[109.827,20.511],[109.822,20.517],[109.82,20.524],[109.821,20.534],[109.826,20.543],[109.832,20.545],[109.837,20.544],[109.841,20.547],[109.844,20.557],[109.845,20.581],[109.848,20.596],[109.841,20.596],[109.828,20.555],[109.821,20.555],[109.819,20.589],[109.802,20.616],[109.776,20.631],[109.746,20.63],[109.752,20.645],[109.75,20.66],[109.752,20.674],[109.766,20.684],[109.775,20.686],[109.78,20.684],[109.785,20.68],[109.797,20.678],[109.806,20.68],[109.813,20.685],[109.828,20.698],[109.831,20.694],[109.837,20.689],[109.841,20.684],[109.844,20.69],[109.849,20.696],[109.854,20.702],[109.859,20.704],[109.862,20.708],[109.86,20.715],[109.855,20.72],[109.829,20.708],[109.814,20.708],[109.801,20.706],[109.794,20.691],[109.787,20.691],[109.76,20.73],[109.756,20.75],[109.773,20.767],[109.763,20.777],[109.758,20.793],[109.76,20.808],[109.773,20.814],[109.773,20.822],[109.752,20.842],[109.752,20.849],[109.76,20.849],[109.76,20.855],[109.753,20.864],[109.745,20.868],[109.738,20.865],[109.732,20.855],[109.739,20.808],[109.728,20.815],[109.714,20.834],[109.704,20.842],[109.707,20.832],[109.718,20.808],[109.689,20.835],[109.666,20.881],[109.661,20.928],[109.691,20.959],[109.679,20.974],[109.681,20.994],[109.698,21.041],[109.701,21.039],[109.709,21.036],[109.712,21.034],[109.71,21.057],[109.7,21.083],[109.686,21.107],[109.67,21.123],[109.677,21.138],[109.696,21.17],[109.704,21.178],[109.72,21.183],[109.728,21.178],[109.736,21.169],[109.752,21.164],[109.747,21.18],[109.755,21.193],[109.767,21.205],[109.773,21.215],[109.77,21.271],[109.766,21.281],[109.766,21.288],[109.774,21.3],[109.774,21.319],[109.766,21.356],[109.776,21.354],[109.784,21.348],[109.787,21.34],[109.787,21.329],[109.8,21.333],[109.803,21.341],[109.804,21.35],[109.807,21.356],[109.816,21.358],[109.841,21.356],[109.924,21.363],[109.924,21.37],[109.905,21.391],[109.918,21.414],[109.941,21.437],[109.951,21.458],[109.933,21.454],[109.925,21.465],[109.927,21.48],[109.944,21.486],[109.944,21.493],[109.918,21.489],[109.887,21.482],[109.859,21.483],[109.841,21.507],[109.828,21.493],[109.828,21.486],[109.835,21.486],[109.835,21.48],[109.827,21.471],[109.824,21.465],[109.821,21.458],[109.814,21.458],[109.803,21.473],[109.799,21.499],[109.801,21.555],[109.783,21.546],[109.77,21.552],[109.765,21.563],[109.773,21.575],[109.773,21.582],[109.748,21.575],[109.744,21.58],[109.746,21.649],[109.751,21.657],[109.756,21.659],[109.761,21.66],[109.768,21.658],[109.773,21.655],[109.777,21.651],[109.787,21.64],[109.791,21.637],[109.796,21.635],[109.802,21.634],[109.808,21.634],[109.827,21.637],[109.867,21.652],[109.879,21.654],[109.887,21.657],[109.894,21.661],[109.911,21.677],[109.915,21.682],[109.917,21.687],[109.95,21.841],[109.952,21.846],[109.957,21.856],[109.96,21.86],[109.963,21.864],[109.967,21.867],[109.975,21.869],[109.985,21.871],[110.019,21.873],[110.035,21.872],[110.044,21.873],[110.052,21.875],[110.09,21.895],[110.106,21.898],[110.123,21.899],[110.142,21.897],[110.178,21.889],[110.204,21.878],[110.216,21.875],[110.228,21.876],[110.244,21.88],[110.276,21.891],[110.299,21.897],[110.322,21.895],[110.336,21.892],[110.356,21.889],[110.363,21.889],[110.369,21.891],[110.375,21.896],[110.377,21.903],[110.375,21.933],[110.38,21.952],[110.351,21.978],[110.344,21.992],[110.345,22.025],[110.355,22.101],[110.355,22.12],[110.354,22.13],[110.351,22.137],[110.348,22.141],[110.345,22.145],[110.341,22.151],[110.337,22.16],[110.33,22.177],[110.331,22.185],[110.334,22.19],[110.339,22.191],[110.366,22.189],[110.373,22.189],[110.378,22.19],[110.383,22.193],[110.388,22.195],[110.396,22.201],[110.4,22.203],[110.405,22.203],[110.41,22.201],[110.414,22.198],[110.467,22.151],[110.471,22.148],[110.476,22.146],[110.483,22.145],[110.489,22.145],[110.494,22.146],[110.499,22.147],[110.523,22.17],[110.532,22.176],[110.539,22.18],[110.546,22.18],[110.552,22.18],[110.558,22.178],[110.564,22.177],[110.573,22.172],[110.591,22.16],[110.599,22.16],[110.61,22.162],[110.629,22.172],[110.637,22.178],[110.642,22.183],[110.643,22.187],[110.644,22.192],[110.645,22.222],[110.646,22.228],[110.651,22.237],[110.662,22.255],[110.671,22.268],[110.676,22.274],[110.682,22.278],[110.687,22.28],[110.692,22.28],[110.696,22.28],[110.732,22.268],[110.739,22.266],[110.747,22.266],[110.755,22.267],[110.766,22.272],[110.772,22.278],[110.775,22.284],[110.774,22.289],[110.773,22.295],[110.769,22.304],[110.763,22.313],[110.75,22.328],[110.718,22.353],[110.704,22.361],[110.7,22.365],[110.697,22.369],[110.696,22.374],[110.696,22.38],[110.696,22.387],[110.704,22.416],[110.704,22.422],[110.704,22.428],[110.703,22.434],[110.701,22.438],[110.695,22.447],[110.679,22.467],[110.676,22.472],[110.675,22.478],[110.678,22.482],[110.682,22.484],[110.687,22.482],[110.692,22.48],[110.701,22.475],[110.707,22.474],[110.715,22.475],[110.723,22.48],[110.727,22.485],[110.73,22.499],[110.733,22.511],[110.742,22.521],[110.745,22.529],[110.745,22.535],[110.744,22.541],[110.743,22.548],[110.743,22.556],[110.746,22.569],[110.75,22.576],[110.755,22.58],[110.76,22.581],[110.764,22.579],[110.776,22.569],[110.78,22.567],[110.786,22.565],[110.793,22.567],[110.799,22.57],[110.813,22.584],[110.819,22.588],[110.823,22.591],[110.829,22.592],[110.835,22.593],[110.856,22.592],[110.87,22.594],[110.889,22.608],[110.918,22.611],[110.926,22.614],[110.931,22.617],[110.936,22.625],[110.941,22.644],[110.944,22.649],[110.949,22.652],[110.956,22.654],[110.967,22.654],[110.975,22.652],[110.981,22.65],[110.989,22.644],[110.998,22.64],[111.002,22.639],[111.007,22.638],[111.013,22.638],[111.019,22.638],[111.024,22.639],[111.031,22.642],[111.058,22.665],[111.08,22.692],[111.083,22.705],[111.082,22.71],[111.079,22.714],[111.075,22.718],[111.071,22.721],[111.056,22.729],[111.053,22.732],[111.052,22.735],[111.056,22.738],[111.066,22.741],[111.181,22.749],[111.192,22.752],[111.201,22.757],[111.211,22.766],[111.231,22.787],[111.25,22.801],[111.269,22.81],[111.277,22.819],[111.322,22.882],[111.344,22.901],[111.351,22.908],[111.357,22.925],[111.361,22.974],[111.37,22.979],[111.374,22.98],[111.38,22.983],[111.384,22.987],[111.386,22.994],[111.389,23.008],[111.393,23.02],[111.401,23.037],[111.407,23.045],[111.411,23.053],[111.413,23.06],[111.412,23.072],[111.409,23.079],[111.405,23.084],[111.392,23.093],[111.384,23.099],[111.381,23.103],[111.378,23.108],[111.372,23.122],[111.371,23.127],[111.37,23.133],[111.37,23.139],[111.376,23.155],[111.383,23.169],[111.386,23.184],[111.386,23.193],[111.384,23.2],[111.378,23.214],[111.376,23.222],[111.374,23.243],[111.371,23.254],[111.363,23.273],[111.362,23.28],[111.363,23.289],[111.369,23.312],[111.37,23.32],[111.37,23.325],[111.365,23.341],[111.366,23.351],[111.37,23.364],[111.38,23.388],[111.386,23.41],[111.385,23.418],[111.391,23.431],[111.446,23.512],[111.464,23.545],[111.469,23.558],[111.472,23.57],[111.472,23.575],[111.471,23.581],[111.466,23.602],[111.468,23.608],[111.471,23.613],[111.479,23.619],[111.49,23.626],[111.534,23.646],[111.55,23.651],[111.601,23.658],[111.606,23.66],[111.61,23.663],[111.622,23.676],[111.626,23.684],[111.63,23.694],[111.629,23.706],[111.626,23.713],[111.622,23.718],[111.619,23.721],[111.616,23.725],[111.614,23.73],[111.612,23.735],[111.611,23.741],[111.612,23.749],[111.614,23.76],[111.63,23.806],[111.637,23.819],[111.658,23.842],[111.666,23.844],[111.697,23.847],[111.704,23.847],[111.717,23.844],[111.738,23.836],[111.75,23.832],[111.757,23.831],[111.763,23.831],[111.775,23.832],[111.78,23.834],[111.783,23.836],[111.79,23.841],[111.793,23.849],[111.808,23.909],[111.817,23.923],[111.823,23.928],[111.85,23.939],[111.859,23.944],[111.868,23.95],[111.88,23.96],[111.884,23.965],[111.899,23.991],[111.901,23.995],[111.902,24],[111.902,24.002],[111.901,24.015],[111.895,24.04],[111.878,24.081],[111.876,24.093],[111.876,24.099],[111.878,24.153],[111.877,24.166],[111.875,24.175],[111.872,24.179],[111.866,24.188],[111.864,24.193],[111.863,24.198],[111.862,24.205],[111.863,24.214],[111.864,24.221],[111.867,24.227],[111.869,24.232],[111.88,24.24],[111.906,24.25],[111.935,24.274],[111.942,24.276],[111.95,24.277],[111.962,24.273],[111.971,24.273],[111.976,24.277],[111.989,24.294],[112.037,24.333],[112.041,24.337],[112.045,24.343],[112.05,24.352],[112.052,24.359],[112.053,24.366],[112.051,24.371],[112.047,24.381],[112.009,24.442],[111.991,24.466],[111.988,24.472],[111.987,24.479],[111.986,24.49],[111.988,24.499],[112.003,24.534],[112.005,24.545],[112.006,24.553],[112.003,24.557],[111.999,24.559],[111.976,24.564],[111.972,24.567],[111.962,24.579],[111.958,24.582],[111.944,24.591],[111.933,24.601],[111.93,24.608],[111.926,24.616],[111.923,24.633],[111.924,24.642],[111.928,24.647],[111.939,24.652],[111.943,24.656],[111.943,24.661],[111.937,24.673],[111.932,24.686],[111.932,24.693],[111.932,24.698],[111.935,24.702],[111.938,24.706],[111.955,24.719],[111.959,24.721],[111.965,24.723],[111.987,24.729],[111.997,24.736],[112.018,24.743],[112.027,24.751],[112.05,24.782],[112.058,24.79],[112.066,24.797],[112.091,24.809],[112.1,24.812],[112.107,24.812],[112.111,24.809],[112.115,24.806],[112.12,24.797],[112.123,24.793],[112.127,24.789],[112.132,24.786],[112.14,24.784],[112.143,24.788],[112.145,24.794],[112.145,24.806],[112.149,24.831],[112.166,24.889],[112.167,24.895],[112.167,24.901],[112.167,24.907],[112.165,24.912],[112.162,24.916],[112.157,24.919],[112.138,24.93],[112.134,24.933],[112.126,24.94],[112.124,24.945],[112.121,24.949],[112.122,24.961],[112.127,24.978],[112.149,25.033],[112.153,25.046],[112.153,25.059],[112.154,25.068],[112.157,25.08],[112.183,25.153],[112.184,25.175],[112.186,25.188],[112.188,25.194],[112.191,25.198],[112.195,25.2],[112.201,25.201],[112.207,25.201],[112.214,25.2],[112.22,25.198],[112.224,25.196],[112.246,25.18],[112.251,25.178],[112.257,25.176],[112.264,25.176],[112.332,25.181],[112.382,25.163],[112.402,25.161],[112.42,25.165],[112.437,25.167],[112.448,25.166],[112.458,25.164],[112.502,25.149],[112.527,25.136],[112.536,25.134],[112.544,25.132],[112.611,25.138],[112.623,25.135],[112.637,25.13],[112.651,25.123],[112.663,25.113],[112.68,25.094],[112.685,25.085],[112.69,25.076],[112.693,25.067],[112.694,25.063],[112.695,25.059],[112.695,25.035],[112.696,25.029],[112.697,25.024],[112.699,25.019],[112.702,25.015],[112.712,25.001],[112.714,25],[112.772,24.965],[112.793,24.949],[112.8,24.945],[112.808,24.943],[112.837,24.94],[112.851,24.939],[112.876,24.942],[112.882,24.943],[112.926,24.958],[112.939,24.959],[112.967,24.959],[112.989,24.964],[112.992,24.97],[112.993,24.975],[112.991,24.98],[112.976,25.001],[112.97,25.009],[112.964,25.024],[112.959,25.039],[112.958,25.048],[112.959,25.056],[112.962,25.068],[112.973,25.1],[112.974,25.105],[112.974,25.111],[112.966,25.161],[112.967,25.172],[112.969,25.181],[112.976,25.188],[112.986,25.197],[112.989,25.198],[113.009,25.206],[113.015,25.209],[113.021,25.214],[113.027,25.224],[113.028,25.23],[113.028,25.236],[113.024,25.24],[113.02,25.243],[113.015,25.246],[113.004,25.249],[112.975,25.252],[112.965,25.252],[112.96,25.252],[112.901,25.24],[112.895,25.24],[112.889,25.241],[112.883,25.246],[112.876,25.253],[112.866,25.266],[112.862,25.276],[112.859,25.284],[112.852,25.315],[112.852,25.321],[112.852,25.328],[112.855,25.334],[112.859,25.34],[112.865,25.343],[112.871,25.344],[112.877,25.344],[112.881,25.342],[112.885,25.338],[112.89,25.329],[112.893,25.325],[112.897,25.322],[112.902,25.32],[112.908,25.32],[112.913,25.322],[112.917,25.325],[112.932,25.34],[112.944,25.349],[112.95,25.352],[112.982,25.362],[113.002,25.366],[113.01,25.369],[113.064,25.397],[113.09,25.414],[113.148,25.466],[113.186,25.493],[113.201,25.501],[113.217,25.506],[113.267,25.513],[113.278,25.517],[113.283,25.518],[113.288,25.517],[113.291,25.514],[113.292,25.509],[113.292,25.498],[113.292,25.49],[113.294,25.484],[113.296,25.48],[113.302,25.471],[113.309,25.464],[113.358,25.424],[113.391,25.411],[113.396,25.409],[113.4,25.405],[113.403,25.401],[113.405,25.397],[113.408,25.393],[113.411,25.389],[113.416,25.386],[113.422,25.384],[113.463,25.377],[113.471,25.377],[113.482,25.378],[113.5,25.385],[113.51,25.387],[113.518,25.388],[113.523,25.386],[113.528,25.382],[113.531,25.378],[113.539,25.365],[113.546,25.358],[113.55,25.354],[113.562,25.344],[113.564,25.34],[113.565,25.335],[113.564,25.33],[113.563,25.325],[113.57,25.323],[113.582,25.326],[113.637,25.35],[113.682,25.361],[113.694,25.363],[113.701,25.363],[113.714,25.361],[113.764,25.341],[113.773,25.341],[113.786,25.342],[113.809,25.348],[113.82,25.353],[113.828,25.357],[113.84,25.367],[113.847,25.375],[113.852,25.384],[113.865,25.415],[113.869,25.421],[113.88,25.433],[113.886,25.437],[113.894,25.44],[113.928,25.448],[113.936,25.447],[113.946,25.443],[113.98,25.424],[113.985,25.422],[113.991,25.422],[113.995,25.425],[114.004,25.432],[114.008,25.434],[114.012,25.435],[114.016,25.432],[114.019,25.427],[114.018,25.416],[114.013,25.396],[114.014,25.389],[114.017,25.379],[114.023,25.364],[114.026,25.344],[114.026,25.334],[114.023,25.326],[114.012,25.309],[114.007,25.298],[114.004,25.287],[114.004,25.281],[114.007,25.275],[114.013,25.271],[114.019,25.269],[114.026,25.268],[114.033,25.268],[114.039,25.269],[114.044,25.27],[114.065,25.278],[114.105,25.304],[114.115,25.308],[114.127,25.311],[114.14,25.311],[114.147,25.31],[114.154,25.309],[114.17,25.302],[114.175,25.3],[114.203,25.295],[114.244,25.296],[114.279,25.292],[114.286,25.292],[114.291,25.293],[114.296,25.295],[114.3,25.297],[114.321,25.313],[114.325,25.315],[114.337,25.319],[114.354,25.322],[114.365,25.326],[114.375,25.33],[114.384,25.335],[114.407,25.357],[114.419,25.375],[114.426,25.383],[114.429,25.386],[114.434,25.388],[114.44,25.39],[114.447,25.389],[114.453,25.388],[114.472,25.383],[114.479,25.382],[114.486,25.382],[114.491,25.383],[114.496,25.385],[114.5,25.387],[114.502,25.389],[114.505,25.392],[114.518,25.408],[114.522,25.411],[114.527,25.414],[114.532,25.415],[114.546,25.416],[114.553,25.415],[114.56,25.414],[114.565,25.411],[114.569,25.407],[114.572,25.4],[114.574,25.393],[114.577,25.37],[114.58,25.36],[114.583,25.356],[114.586,25.352],[114.59,25.348],[114.602,25.338],[114.621,25.327],[114.632,25.322],[114.686,25.305],[114.691,25.303],[114.695,25.3],[114.704,25.293],[114.707,25.29],[114.71,25.285],[114.713,25.279],[114.715,25.272],[114.718,25.26],[114.718,25.25],[114.717,25.246],[114.686,25.175],[114.683,25.163],[114.684,25.158],[114.686,25.153],[114.69,25.149],[114.694,25.147],[114.722,25.136],[114.727,25.133],[114.731,25.129],[114.731,25.124],[114.729,25.119],[114.722,25.113],[114.715,25.11],[114.708,25.109],[114.688,25.107],[114.676,25.106],[114.671,25.104],[114.666,25.101],[114.643,25.081],[114.634,25.076],[114.623,25.072],[114.58,25.066],[114.558,25.06],[114.553,25.057],[114.548,25.054],[114.516,25.029],[114.475,25.004],[114.463,25],[114.452,24.998],[114.447,24.997],[114.442,24.994],[114.434,24.988],[114.424,24.984],[114.418,24.982],[114.414,24.98],[114.408,24.975],[114.403,24.968],[114.396,24.954],[114.391,24.943],[114.388,24.93],[114.386,24.896],[114.384,24.885],[114.377,24.874],[114.368,24.863],[114.356,24.852],[114.343,24.836],[114.338,24.826],[114.325,24.794],[114.32,24.784],[114.315,24.775],[114.302,24.759],[114.286,24.745],[114.269,24.733],[114.192,24.695],[114.183,24.69],[114.175,24.683],[114.172,24.679],[114.17,24.675],[114.169,24.67],[114.174,24.664],[114.182,24.659],[114.213,24.65],[114.243,24.646],[114.248,24.645],[114.254,24.641],[114.259,24.635],[114.27,24.62],[114.28,24.604],[114.285,24.599],[114.289,24.596],[114.316,24.585],[114.351,24.574],[114.362,24.565],[114.368,24.557],[114.383,24.523],[114.391,24.511],[114.398,24.505],[114.406,24.502],[114.415,24.5],[114.425,24.5],[114.429,24.5],[114.435,24.503],[114.44,24.505],[114.444,24.508],[114.451,24.516],[114.463,24.532],[114.47,24.54],[114.483,24.549],[114.492,24.554],[114.498,24.556],[114.526,24.556],[114.548,24.552],[114.561,24.551],[114.569,24.551],[114.58,24.555],[114.622,24.579],[114.63,24.582],[114.642,24.585],[114.649,24.584],[114.654,24.581],[114.657,24.577],[114.661,24.567],[114.663,24.563],[114.669,24.559],[114.676,24.555],[114.692,24.55],[114.7,24.55],[114.707,24.552],[114.712,24.555],[114.716,24.558],[114.719,24.562],[114.721,24.567],[114.725,24.579],[114.729,24.61],[114.733,24.618],[114.74,24.625],[114.757,24.632],[114.768,24.634],[114.777,24.633],[114.788,24.629],[114.802,24.626],[114.82,24.623],[114.826,24.621],[114.83,24.618],[114.834,24.614],[114.836,24.61],[114.84,24.6],[114.844,24.595],[114.851,24.591],[114.863,24.588],[114.87,24.588],[114.876,24.59],[114.88,24.593],[114.884,24.597],[114.89,24.605],[114.919,24.65],[114.929,24.662],[114.933,24.665],[114.938,24.668],[114.945,24.67],[115.019,24.686],[115.024,24.688],[115.028,24.691],[115.033,24.694],[115.037,24.698],[115.041,24.702],[115.047,24.707],[115.053,24.707],[115.059,24.707],[115.064,24.704],[115.093,24.688],[115.102,24.685],[115.114,24.684],[115.139,24.684],[115.152,24.686],[115.162,24.688],[115.176,24.694],[115.18,24.697],[115.24,24.746],[115.251,24.753],[115.264,24.759],[115.272,24.762],[115.28,24.763],[115.287,24.764],[115.293,24.763],[115.3,24.762],[115.311,24.759],[115.327,24.749],[115.333,24.747],[115.337,24.748],[115.339,24.753],[115.341,24.763],[115.348,24.767],[115.393,24.78],[115.421,24.785],[115.427,24.783],[115.433,24.782],[115.438,24.779],[115.447,24.773],[115.454,24.766],[115.486,24.72],[115.489,24.716],[115.496,24.71],[115.502,24.706],[115.541,24.685],[115.546,24.682],[115.55,24.679],[115.553,24.675],[115.558,24.667],[115.564,24.652],[115.587,24.62],[115.599,24.609],[115.651,24.585],[115.663,24.576],[115.684,24.553],[115.692,24.548],[115.699,24.545],[115.706,24.546],[115.756,24.559],[115.769,24.561],[115.783,24.56],[115.79,24.561],[115.797,24.564],[115.8,24.568],[115.799,24.573],[115.783,24.623],[115.78,24.646],[115.782,24.685],[115.782,24.691],[115.78,24.696],[115.778,24.701],[115.775,24.705],[115.756,24.728],[115.753,24.733],[115.751,24.737],[115.75,24.742],[115.749,24.748],[115.75,24.753],[115.756,24.77],[115.757,24.78],[115.758,24.79],[115.754,24.812],[115.755,24.82],[115.758,24.829],[115.77,24.846],[115.778,24.854],[115.787,24.861],[115.806,24.871],[115.811,24.873],[115.836,24.876],[115.864,24.874],[115.885,24.87],[115.893,24.87],[115.903,24.872],[115.908,24.876],[115.908,24.88],[115.906,24.885],[115.894,24.901],[115.889,24.909],[115.888,24.917],[115.935,24.916],[115.953,24.913],[115.976,24.9],[115.988,24.894],[115.995,24.893],[116,24.893],[116.012,24.895],[116.023,24.897],[116.03,24.896],[116.036,24.894],[116.04,24.89],[116.043,24.887],[116.052,24.874],[116.059,24.869],[116.069,24.863],[116.092,24.852],[116.104,24.848],[116.115,24.846],[116.142,24.847],[116.154,24.848],[116.165,24.851],[116.194,24.851],[116.247,24.844],[116.256,24.84],[116.258,24.835],[116.257,24.824],[116.258,24.817],[116.263,24.81],[116.268,24.808],[116.275,24.807],[116.297,24.813],[116.307,24.818],[116.328,24.832],[116.338,24.837],[116.343,24.838],[116.359,24.841],[116.372,24.841],[116.378,24.838],[116.381,24.834],[116.382,24.822],[116.383,24.816],[116.385,24.812],[116.401,24.786],[116.419,24.761],[116.427,24.748],[116.433,24.74],[116.462,24.711],[116.473,24.694],[116.478,24.685],[116.5,24.632],[116.5,24.631],[116.501,24.629],[116.504,24.625],[116.51,24.618],[116.517,24.615],[116.524,24.614],[116.53,24.615],[116.535,24.617],[116.54,24.62],[116.575,24.644],[116.604,24.656],[116.638,24.663],[116.649,24.667],[116.66,24.67],[116.745,24.671],[116.76,24.67],[116.768,24.667],[116.773,24.663],[116.774,24.658],[116.775,24.652],[116.775,24.646],[116.774,24.64],[116.77,24.63],[116.765,24.619],[116.757,24.597],[116.749,24.551],[116.748,24.539],[116.749,24.533],[116.757,24.526],[116.815,24.488],[116.824,24.481],[116.826,24.476],[116.828,24.472],[116.829,24.466],[116.83,24.454],[116.83,24.448],[116.832,24.443],[116.836,24.435],[116.841,24.429],[116.849,24.42],[116.882,24.394],[116.886,24.39],[116.888,24.386],[116.894,24.367],[116.943,24.239],[116.963,24.207],[116.968,24.185],[116.966,24.179],[116.958,24.165],[116.941,24.144],[116.937,24.137],[116.933,24.127],[116.927,24.106],[116.925,24.09],[116.925,24.078],[116.933,24.033],[116.939,24.017],[116.944,24.008],[116.947,24.005],[116.953,23.999],[116.955,23.995],[116.974,23.914],[116.976,23.909],[116.978,23.905],[116.988,23.893],[116.99,23.888],[116.999,23.87],[117.037,23.738],[117.042,23.728],[117.053,23.711],[117.067,23.697],[117.075,23.69],[117.094,23.678],[117.137,23.66],[117.142,23.657],[117.15,23.651],[117.159,23.641],[117.174,23.617],[117.175,23.616],[117.151,23.607],[117.128,23.572],[117.099,23.554],[117.084,23.551],[117.078,23.565],[117.08,23.574],[117.084,23.589],[117.076,23.605],[117.079,23.622],[117.078,23.639],[117.068,23.651],[117.058,23.654],[117.044,23.656],[117.034,23.661],[117.023,23.659],[117.018,23.648],[117.01,23.645],[116.985,23.64],[116.965,23.615],[116.951,23.611],[116.928,23.625],[116.918,23.638],[116.941,23.659],[116.928,23.664],[116.917,23.663],[116.909,23.655],[116.906,23.641],[116.901,23.634],[116.877,23.618],[116.872,23.607],[116.874,23.599],[116.879,23.594],[116.884,23.587],[116.886,23.573],[116.883,23.56],[116.875,23.547],[116.855,23.525],[116.85,23.511],[116.854,23.497],[116.873,23.474],[116.867,23.45],[116.773,23.349],[116.753,23.35],[116.747,23.349],[116.732,23.351],[116.713,23.356],[116.693,23.36],[116.681,23.357],[116.658,23.354],[116.622,23.369],[116.569,23.391],[116.558,23.402],[116.553,23.414],[116.543,23.421],[116.532,23.423],[116.523,23.419],[116.522,23.411],[116.523,23.378],[116.533,23.362],[116.552,23.341],[116.573,23.324],[116.588,23.316],[116.608,23.32],[116.642,23.319],[116.661,23.337],[116.691,23.339],[116.709,23.32],[116.727,23.316],[116.73,23.331],[116.749,23.326],[116.766,23.297],[116.769,23.273],[116.777,23.24],[116.786,23.236],[116.794,23.24],[116.805,23.236],[116.784,23.212],[116.754,23.233],[116.731,23.258],[116.706,23.277],[116.667,23.281],[116.679,23.271],[116.695,23.266],[116.709,23.259],[116.715,23.244],[116.706,23.238],[116.689,23.23],[116.671,23.215],[116.662,23.194],[116.647,23.163],[116.637,23.164],[116.629,23.174],[116.615,23.178],[116.614,23.191],[116.617,23.203],[116.618,23.221],[116.612,23.239],[116.589,23.245],[116.57,23.247],[116.517,23.235],[116.509,23.234],[116.509,23.216],[116.527,23.201],[116.541,23.21],[116.553,23.216],[116.564,23.223],[116.575,23.224],[116.603,23.218],[116.605,23.21],[116.601,23.197],[116.57,23.178],[116.545,23.145],[116.534,23.109],[116.552,23.087],[116.548,23.066],[116.555,23.036],[116.563,23.019],[116.548,23.006],[116.522,22.998],[116.518,22.967],[116.495,22.939],[116.459,22.947],[116.426,22.937],[116.38,22.929],[116.353,22.938],[116.338,22.952],[116.298,22.963],[116.289,22.979],[116.262,22.974],[116.235,22.98],[116.214,22.983],[116.201,22.973],[116.235,22.96],[116.252,22.959],[116.269,22.967],[116.281,22.958],[116.246,22.932],[116.221,22.919],[116.215,22.909],[116.2,22.897],[116.171,22.864],[116.145,22.848],[116.13,22.839],[116.114,22.833],[116.096,22.826],[116.085,22.85],[116.091,22.868],[116.124,22.895],[116.087,22.907],[116.042,22.933],[116.042,22.922],[116.071,22.898],[116.087,22.89],[116.076,22.868],[116.054,22.855],[116.048,22.852],[116.037,22.851],[116.026,22.845],[116.012,22.838],[115.997,22.837],[115.966,22.817],[115.958,22.805],[115.939,22.808],[115.933,22.806],[115.904,22.789],[115.883,22.795],[115.855,22.779],[115.843,22.77],[115.826,22.747],[115.81,22.746],[115.798,22.754],[115.795,22.77],[115.79,22.787],[115.788,22.798],[115.795,22.8],[115.799,22.795],[115.801,22.787],[115.806,22.778],[115.814,22.776],[115.815,22.786],[115.813,22.8],[115.81,22.808],[115.805,22.815],[115.798,22.82],[115.79,22.822],[115.785,22.826],[115.776,22.832],[115.763,22.841],[115.737,22.852],[115.697,22.851],[115.704,22.869],[115.684,22.878],[115.682,22.888],[115.693,22.9],[115.705,22.907],[115.714,22.905],[115.721,22.905],[115.728,22.923],[115.734,22.932],[115.73,22.934],[115.692,22.929],[115.683,22.924],[115.667,22.905],[115.653,22.894],[115.639,22.889],[115.584,22.88],[115.578,22.877],[115.574,22.872],[115.565,22.853],[115.561,22.849],[115.54,22.853],[115.533,22.862],[115.537,22.874],[115.547,22.887],[115.548,22.895],[115.534,22.898],[115.506,22.898],[115.496,22.903],[115.468,22.927],[115.451,22.932],[115.442,22.93],[115.438,22.92],[115.43,22.918],[115.424,22.919],[115.406,22.925],[115.419,22.908],[115.427,22.901],[115.437,22.898],[115.446,22.9],[115.455,22.91],[115.464,22.912],[115.483,22.902],[115.496,22.88],[115.494,22.861],[115.468,22.857],[115.468,22.849],[115.479,22.847],[115.506,22.849],[115.515,22.847],[115.53,22.838],[115.54,22.836],[115.559,22.836],[115.566,22.838],[115.578,22.843],[115.587,22.849],[115.593,22.856],[115.601,22.862],[115.612,22.864],[115.591,22.847],[115.556,22.807],[115.539,22.789],[115.527,22.767],[115.524,22.742],[115.556,22.714],[115.566,22.737],[115.567,22.747],[115.586,22.745],[115.59,22.737],[115.581,22.723],[115.563,22.706],[115.564,22.685],[115.575,22.668],[115.536,22.668],[115.522,22.677],[115.491,22.688],[115.465,22.701],[115.438,22.701],[115.421,22.69],[115.394,22.69],[115.374,22.694],[115.361,22.704],[115.348,22.717],[115.338,22.733],[115.351,22.747],[115.358,22.749],[115.389,22.747],[115.398,22.749],[115.41,22.758],[115.424,22.762],[115.422,22.772],[115.411,22.788],[115.386,22.783],[115.375,22.773],[115.364,22.764],[115.331,22.789],[115.289,22.792],[115.251,22.788],[115.233,22.788],[115.233,22.805],[115.259,22.82],[115.303,22.839],[115.32,22.851],[115.325,22.86],[115.314,22.864],[115.309,22.869],[115.311,22.882],[115.317,22.905],[115.304,22.903],[115.292,22.895],[115.272,22.874],[115.256,22.848],[115.246,22.835],[115.231,22.83],[115.217,22.835],[115.196,22.832],[115.173,22.821],[115.174,22.807],[115.18,22.785],[115.158,22.792],[115.151,22.81],[115.133,22.811],[115.112,22.802],[115.101,22.8],[115.065,22.796],[115.05,22.782],[115.046,22.776],[115.041,22.762],[115.037,22.754],[115.022,22.744],[115.018,22.737],[115.022,22.726],[115.031,22.717],[115.029,22.708],[115.018,22.707],[115.009,22.704],[114.999,22.702],[114.993,22.697],[114.985,22.689],[114.98,22.689],[114.971,22.693],[114.96,22.696],[114.955,22.704],[114.957,22.716],[114.952,22.729],[114.946,22.742],[114.942,22.754],[114.927,22.761],[114.917,22.744],[114.903,22.749],[114.889,22.764],[114.877,22.768],[114.863,22.763],[114.87,22.753],[114.882,22.748],[114.886,22.736],[114.878,22.73],[114.881,22.721],[114.89,22.714],[114.903,22.714],[114.91,22.724],[114.927,22.717],[114.937,22.709],[114.947,22.696],[114.955,22.685],[114.967,22.676],[114.95,22.665],[114.939,22.657],[114.925,22.639],[114.902,22.598],[114.905,22.578],[114.919,22.561],[114.896,22.548],[114.884,22.551],[114.88,22.559],[114.889,22.573],[114.887,22.591],[114.866,22.602],[114.832,22.602],[114.806,22.593],[114.775,22.598],[114.754,22.59],[114.744,22.609],[114.742,22.627],[114.742,22.647],[114.737,22.669],[114.75,22.679],[114.754,22.693],[114.739,22.711],[114.742,22.733],[114.753,22.75],[114.779,22.762],[114.795,22.77],[114.802,22.773],[114.813,22.775],[114.818,22.779],[114.821,22.791],[114.817,22.8],[114.807,22.805],[114.798,22.809],[114.793,22.811],[114.785,22.816],[114.775,22.816],[114.77,22.81],[114.762,22.791],[114.755,22.782],[114.734,22.776],[114.717,22.791],[114.695,22.793],[114.684,22.781],[114.664,22.774],[114.645,22.767],[114.638,22.755],[114.617,22.75],[114.603,22.74],[114.579,22.733],[114.563,22.733],[114.565,22.718],[114.571,22.702],[114.552,22.695],[114.542,22.695],[114.532,22.7],[114.522,22.706],[114.524,22.687],[114.517,22.676],[114.506,22.664],[114.5,22.653],[114.507,22.647],[114.535,22.645],[114.523,22.646],[114.548,22.645],[114.563,22.648],[114.573,22.654],[114.583,22.655],[114.59,22.644],[114.578,22.636],[114.561,22.609],[114.547,22.603],[114.529,22.598],[114.514,22.587],[114.502,22.574],[114.495,22.562],[114.502,22.551],[114.509,22.55],[114.518,22.553],[114.53,22.555],[114.53,22.557],[114.532,22.562],[114.537,22.567],[114.543,22.569],[114.547,22.567],[114.555,22.557],[114.56,22.555],[114.573,22.551],[114.593,22.542],[114.612,22.529],[114.618,22.514],[114.608,22.504],[114.588,22.496],[114.571,22.484],[114.542,22.478],[114.53,22.468],[114.516,22.453],[114.502,22.452],[114.492,22.464],[114.491,22.465],[114.485,22.468],[114.484,22.474],[114.483,22.485],[114.477,22.49],[114.48,22.5],[114.476,22.509],[114.485,22.517],[114.487,22.522],[114.485,22.534],[114.48,22.539],[114.48,22.546],[114.471,22.552],[114.462,22.562],[114.456,22.571],[114.447,22.572],[114.445,22.572],[114.44,22.569],[114.437,22.577],[114.437,22.579],[114.438,22.583],[114.433,22.591],[114.424,22.602],[114.414,22.605],[114.409,22.612],[114.396,22.614],[114.38,22.61],[114.361,22.605],[114.34,22.598],[114.329,22.605],[114.328,22.605],[114.325,22.599],[114.317,22.602],[114.305,22.594],[114.307,22.585],[114.302,22.583],[114.276,22.588],[114.27,22.583],[114.25,22.571],[114.238,22.56],[114.23,22.556],[114.221,22.555],[114.2,22.556],[114.183,22.556]]],[[[111.963,21.658],[111.99,21.658],[112,21.654],[112.007,21.644],[112.007,21.637],[112,21.621],[111.981,21.612],[111.929,21.602],[111.92,21.602],[111.91,21.601],[111.897,21.596],[111.888,21.589],[111.871,21.573],[111.863,21.568],[111.822,21.562],[111.809,21.565],[111.81,21.568],[111.817,21.571],[111.822,21.575],[111.842,21.607],[111.845,21.624],[111.835,21.644],[111.847,21.647],[111.884,21.65],[111.896,21.654],[111.916,21.663],[111.928,21.664],[111.931,21.662],[111.934,21.657],[111.938,21.653],[111.945,21.65],[111.951,21.651],[111.956,21.656],[111.963,21.658]]],[[[112.645,21.713],[112.655,21.698],[112.651,21.688],[112.643,21.678],[112.638,21.664],[112.65,21.649],[112.65,21.64],[112.624,21.633],[112.616,21.619],[112.607,21.616],[112.58,21.616],[112.567,21.618],[112.556,21.623],[112.549,21.616],[112.539,21.599],[112.535,21.596],[112.525,21.599],[112.519,21.607],[112.518,21.617],[112.524,21.627],[112.56,21.648],[112.568,21.661],[112.556,21.678],[112.578,21.683],[112.62,21.704],[112.645,21.713]]],[[[112.844,21.774],[112.863,21.769],[112.868,21.758],[112.863,21.746],[112.832,21.736],[112.821,21.727],[112.813,21.717],[112.798,21.706],[112.8,21.69],[112.807,21.671],[112.811,21.658],[112.803,21.638],[112.794,21.623],[112.793,21.608],[112.811,21.589],[112.8,21.579],[112.79,21.578],[112.765,21.582],[112.761,21.584],[112.758,21.588],[112.756,21.594],[112.754,21.607],[112.75,21.609],[112.744,21.609],[112.737,21.613],[112.734,21.629],[112.768,21.663],[112.774,21.692],[112.76,21.686],[112.737,21.681],[112.716,21.68],[112.706,21.688],[112.712,21.703],[112.724,21.716],[112.748,21.733],[112.765,21.732],[112.778,21.773],[112.796,21.767],[112.808,21.773],[112.821,21.775],[112.85,21.774],[112.844,21.774]]],[[[113.391,22.028],[113.399,22.022],[113.402,22.018],[113.403,22.014],[113.406,22.007],[113.323,22.012],[113.309,22.024],[113.344,22.069],[113.353,22.073],[113.363,22.076],[113.373,22.08],[113.378,22.089],[113.383,22.09],[113.384,22.088],[113.384,22.085],[113.385,22.082],[113.387,22.078],[113.39,22.075],[113.394,22.072],[113.399,22.069],[113.413,22.076],[113.41,22.064],[113.391,22.028]]],[[[113.365,22.158],[113.354,22.131],[113.336,22.1],[113.314,22.076],[113.289,22.069],[113.279,22.075],[113.269,22.088],[113.264,22.105],[113.272,22.12],[113.279,22.123],[113.29,22.125],[113.299,22.129],[113.303,22.134],[113.304,22.142],[113.308,22.149],[113.315,22.154],[113.323,22.158],[113.328,22.146],[113.335,22.149],[113.347,22.156],[113.365,22.158]]],[[[113.594,22.785],[113.603,22.772],[113.603,22.763],[113.595,22.756],[113.58,22.754],[113.558,22.758],[113.545,22.769],[113.536,22.784],[113.529,22.802],[113.521,22.788],[113.506,22.798],[113.495,22.814],[113.481,22.849],[113.474,22.849],[113.473,22.825],[113.456,22.831],[113.434,22.849],[113.402,22.883],[113.396,22.898],[113.405,22.908],[113.433,22.912],[113.476,22.901],[113.488,22.893],[113.527,22.847],[113.547,22.835],[113.573,22.83],[113.576,22.824],[113.588,22.795],[113.594,22.785]]],[[[117.072,23.473],[117.09,23.461],[117.102,23.468],[117.109,23.482],[117.126,23.483],[117.123,23.466],[117.134,23.46],[117.142,23.45],[117.137,23.42],[117.129,23.399],[117.107,23.404],[117.083,23.411],[117.049,23.405],[117.024,23.415],[117.015,23.416],[117.004,23.42],[116.992,23.419],[116.969,23.419],[116.948,23.422],[116.943,23.43],[116.953,23.442],[116.968,23.453],[116.982,23.459],[116.989,23.456],[116.994,23.448],[117,23.442],[117.01,23.439],[117.017,23.442],[117.027,23.444],[117.038,23.447],[117.044,23.464],[117.049,23.474],[117.063,23.478],[117.071,23.475],[117.072,23.473]]],[[[110.596,20.959],[110.606,20.954],[110.618,20.952],[110.628,20.949],[110.632,20.937],[110.63,20.926],[110.625,20.915],[110.61,20.897],[110.589,20.883],[110.576,20.889],[110.563,20.903],[110.548,20.918],[110.575,20.947],[110.59,20.959],[110.603,20.965],[110.596,20.959]]],[[[110.548,21.037],[110.544,21.023],[110.527,20.989],[110.521,20.972],[110.522,20.963],[110.526,20.951],[110.526,20.942],[110.517,20.938],[110.508,20.94],[110.503,20.947],[110.5,20.958],[110.5,20.969],[110.493,20.978],[110.477,20.99],[110.458,21.001],[110.441,21.006],[110.363,21.006],[110.334,20.996],[110.299,20.981],[110.267,20.973],[110.246,20.986],[110.262,20.993],[110.265,21.004],[110.259,21.017],[110.246,21.028],[110.265,21.033],[110.275,21.034],[110.287,21.034],[110.287,21.041],[110.276,21.041],[110.271,21.045],[110.27,21.052],[110.273,21.061],[110.29,21.054],[110.31,21.053],[110.327,21.057],[110.335,21.069],[110.322,21.064],[110.308,21.061],[110.295,21.063],[110.287,21.074],[110.343,21.075],[110.371,21.081],[110.39,21.096],[110.4,21.064],[110.408,21.048],[110.418,21.041],[110.423,21.051],[110.432,21.057],[110.444,21.06],[110.459,21.061],[110.452,21.061],[110.473,21.062],[110.484,21.068],[110.493,21.076],[110.507,21.082],[110.526,21.082],[110.539,21.073],[110.546,21.057],[110.548,21.037]]],[[[110.617,21.191],[110.599,21.178],[110.577,21.131],[110.565,21.113],[110.543,21.105],[110.521,21.112],[110.506,21.127],[110.507,21.144],[110.497,21.146],[110.489,21.15],[110.484,21.156],[110.479,21.164],[110.473,21.164],[110.479,21.15],[110.461,21.151],[110.449,21.156],[110.445,21.166],[110.452,21.178],[110.443,21.178],[110.426,21.179],[110.418,21.178],[110.418,21.185],[110.434,21.187],[110.445,21.194],[110.453,21.201],[110.462,21.205],[110.488,21.209],[110.5,21.206],[110.496,21.195],[110.471,21.194],[110.463,21.191],[110.479,21.185],[110.493,21.184],[110.504,21.188],[110.526,21.201],[110.532,21.203],[110.538,21.204],[110.543,21.204],[110.55,21.202],[110.566,21.193],[110.569,21.191],[110.555,21.177],[110.55,21.168],[110.548,21.157],[110.555,21.157],[110.577,21.191],[110.594,21.203],[110.617,21.199],[110.617,21.191]]],[[[110.471,20.647],[110.476,20.632],[110.478,20.611],[110.476,20.596],[110.471,20.593],[110.465,20.591],[110.457,20.587],[110.452,20.589],[110.448,20.596],[110.439,20.629],[110.436,20.638],[110.427,20.643],[110.418,20.655],[110.422,20.662],[110.43,20.662],[110.433,20.664],[110.433,20.667],[110.437,20.668],[110.443,20.664],[110.448,20.658],[110.463,20.655],[110.471,20.647]]],[[[113.278,21.925],[113.281,21.923],[113.286,21.918],[113.284,21.914],[113.279,21.907],[113.275,21.898],[113.268,21.886],[113.258,21.88],[113.251,21.883],[113.235,21.893],[113.23,21.899],[113.226,21.901],[113.222,21.914],[113.232,21.934],[113.248,21.943],[113.258,21.947],[113.268,21.943],[113.275,21.932],[113.278,21.925]]],[[[113.772,22],[113.776,21.986],[113.764,21.967],[113.748,21.973],[113.739,21.986],[113.736,21.997],[113.746,21.998],[113.757,22],[113.772,22]]],[[[114.307,22.057],[114.305,22.05],[114.303,22.045],[114.222,22.022],[114.207,22.026],[114.217,22.032],[114.272,22.051],[114.283,22.053],[114.293,22.058],[114.295,22.063],[114.299,22.067],[114.304,22.069],[114.31,22.069],[114.309,22.063],[114.307,22.057]]],[[[113.473,22.099],[113.466,22.102],[113.465,22.108],[113.472,22.114],[113.519,22.127],[113.527,22.126],[113.533,22.12],[113.531,22.113],[113.527,22.106],[113.533,22.095],[113.548,22.093],[113.539,22.082],[113.485,22.071],[113.47,22.078],[113.474,22.088],[113.473,22.099]]],[[[113.623,22.44],[113.635,22.438],[113.65,22.439],[113.658,22.432],[113.658,22.424],[113.653,22.414],[113.642,22.411],[113.642,22.4],[113.631,22.396],[113.621,22.391],[113.612,22.398],[113.61,22.413],[113.612,22.43],[113.623,22.44]]],[[[113.547,22.742],[113.56,22.735],[113.564,22.72],[113.573,22.701],[113.575,22.699],[113.604,22.685],[113.636,22.656],[113.645,22.625],[113.642,22.602],[113.628,22.596],[113.603,22.612],[113.562,22.656],[113.525,22.683],[113.491,22.706],[113.477,22.72],[113.477,22.731],[113.502,22.736],[113.526,22.745],[113.547,22.742]]],[[[113.529,22.96],[113.529,22.949],[113.545,22.938],[113.554,22.911],[113.554,22.886],[113.545,22.88],[113.524,22.897],[113.51,22.921],[113.506,22.952],[113.515,22.969],[113.529,22.96]]],[[[116.996,23.564],[117.005,23.563],[117.009,23.555],[117.004,23.546],[116.996,23.539],[116.993,23.534],[116.988,23.524],[116.971,23.515],[116.951,23.517],[116.937,23.526],[116.936,23.536],[116.947,23.539],[116.958,23.545],[116.968,23.554],[116.974,23.559],[116.979,23.559],[116.986,23.56],[116.996,23.564]]]]}},{"type":"Feature","id":"CN-GS","properties":{"id":"CN-GS","countryCode":"CN","isoSubdivision":"CN-GS","name":"Gansu","name_en":"Gansu","name_ko":"간쑤성","type":"Province","labelLongitude":100.735,"labelLatitude":38.739,"minZoom":4.6},"geometry":{"type":"Polygon","coordinates":[[[96.366,42.723],[96.379,42.721],[96.475,42.732],[96.833,42.76],[97.191,42.787],[97.847,41.619],[97.68,41.502],[97.659,41.484],[97.648,41.456],[97.659,41.413],[97.708,41.349],[97.837,41.217],[97.951,41.12],[97.989,41.106],[98.018,41.09],[98.204,40.951],[98.225,40.941],[98.294,40.917],[98.307,40.908],[98.321,40.892],[98.326,40.875],[98.327,40.856],[98.235,40.542],[98.234,40.528],[98.246,40.525],[98.515,40.534],[98.572,40.541],[98.601,40.548],[98.626,40.557],[98.646,40.568],[98.77,40.67],[98.805,40.71],[98.816,40.72],[98.826,40.727],[99.157,40.836],[99.496,40.843],[99.539,40.851],[99.665,40.901],[99.767,40.91],[100.011,40.896],[100.029,40.891],[100.05,40.88],[100.063,40.87],[100.075,40.859],[100.176,40.735],[100.183,40.723],[100.19,40.709],[100.2,40.677],[100.205,40.638],[100.204,40.617],[100.199,40.598],[100.19,40.58],[100.14,40.518],[100.014,40.402],[100.004,40.391],[99.987,40.358],[99.957,40.273],[99.944,40.252],[99.93,40.234],[99.917,40.219],[99.899,40.205],[99.627,40.069],[99.533,40.001],[99.459,39.924],[99.439,39.895],[99.431,39.879],[99.686,39.876],[99.762,39.86],[99.843,39.803],[99.925,39.766],[100.043,39.728],[100.189,39.695],[100.222,39.68],[100.257,39.657],[100.273,39.642],[100.287,39.627],[100.294,39.617],[100.299,39.606],[100.302,39.593],[100.307,39.55],[100.311,39.541],[100.318,39.533],[100.334,39.524],[100.353,39.517],[100.455,39.496],[100.473,39.486],[100.485,39.473],[100.488,39.459],[100.488,39.448],[100.49,39.437],[100.494,39.429],[100.507,39.419],[100.524,39.413],[100.543,39.409],[100.79,39.408],[100.81,39.404],[100.824,39.395],[100.833,39.38],[100.843,39.343],[100.849,39.308],[100.849,39.292],[100.843,39.229],[100.845,39.2],[100.852,39.167],[100.858,39.152],[100.866,39.136],[100.877,39.12],[100.889,39.105],[100.941,39.064],[101.049,39.001],[101.052,38.999],[101.071,38.994],[101.084,38.992],[101.098,38.991],[101.11,38.993],[101.12,38.996],[101.125,38.999],[101.128,39],[101.15,39.016],[101.163,39.02],[101.18,39.021],[101.2,39.016],[101.211,39.008],[101.216,39.003],[101.217,39],[101.214,38.985],[101.208,38.971],[101.204,38.957],[101.202,38.943],[101.206,38.931],[101.213,38.922],[101.221,38.913],[101.228,38.903],[101.248,38.87],[101.266,38.851],[101.28,38.842],[101.328,38.826],[101.336,38.818],[101.336,38.807],[101.329,38.799],[101.312,38.786],[101.309,38.779],[101.31,38.769],[101.32,38.758],[101.332,38.753],[101.349,38.752],[101.39,38.753],[101.414,38.749],[101.58,38.688],[101.595,38.688],[101.606,38.691],[101.618,38.696],[101.633,38.7],[101.65,38.701],[101.758,38.688],[101.831,38.69],[101.846,38.701],[101.885,38.743],[101.919,38.774],[101.992,38.829],[102.02,38.857],[102.031,38.879],[102.023,38.893],[101.983,38.925],[101.951,38.957],[101.859,39.031],[101.825,39.064],[101.822,39.07],[101.823,39.073],[101.825,39.077],[101.831,39.082],[101.84,39.087],[101.855,39.091],[102.015,39.12],[102.393,39.237],[102.413,39.241],[102.433,39.241],[102.454,39.238],[102.472,39.232],[102.546,39.194],[102.571,39.184],[102.593,39.178],[102.705,39.162],[102.831,39.13],[102.965,39.119],[102.991,39.124],[103.006,39.13],[103.07,39.186],[103.1,39.206],[103.136,39.225],[103.234,39.264],[103.284,39.293],[103.464,39.357],[103.749,39.425],[104.024,39.441],[104.038,39.438],[104.049,39.434],[104.061,39.427],[104.065,39.418],[104.065,39.405],[104.048,39.361],[104.046,39.348],[104.048,39.336],[104.052,39.322],[104.06,39.308],[104.208,39.119],[104.218,39.103],[104.225,39.091],[104.228,39.079],[104.227,39.066],[104.223,39.051],[104.217,39.035],[104.172,38.96],[104.161,38.947],[104.154,38.942],[104.147,38.938],[104.102,38.922],[104.082,38.911],[104.06,38.895],[104.043,38.874],[103.98,38.759],[103.952,38.722],[103.914,38.68],[103.873,38.643],[103.794,38.591],[103.471,38.436],[103.446,38.42],[103.439,38.414],[103.439,38.406],[103.443,38.393],[103.47,38.362],[103.48,38.347],[103.488,38.33],[103.529,38.161],[103.529,38.147],[103.522,38.14],[103.414,38.117],[103.397,38.111],[103.388,38.102],[103.383,38.081],[103.383,38.054],[103.387,37.999],[103.421,37.86],[103.427,37.85],[103.438,37.842],[103.655,37.786],[103.679,37.775],[103.864,37.626],[104.109,37.462],[104.143,37.446],[104.165,37.441],[104.179,37.436],[104.229,37.404],[104.249,37.394],[104.262,37.39],[104.276,37.393],[104.3,37.403],[104.314,37.407],[104.326,37.408],[104.359,37.401],[104.409,37.401],[104.465,37.44],[104.476,37.444],[104.49,37.442],[104.532,37.425],[104.69,37.412],[104.718,37.407],[104.721,37.401],[104.702,37.394],[104.686,37.385],[104.68,37.373],[104.688,37.362],[104.709,37.352],[104.718,37.345],[104.722,37.339],[104.722,37.328],[104.72,37.324],[104.716,37.319],[104.707,37.313],[104.689,37.306],[104.684,37.303],[104.679,37.3],[104.674,37.291],[104.671,37.286],[104.668,37.281],[104.663,37.278],[104.657,37.277],[104.641,37.278],[104.636,37.277],[104.631,37.275],[104.628,37.271],[104.626,37.265],[104.624,37.263],[104.621,37.261],[104.62,37.256],[104.621,37.249],[104.636,37.235],[104.647,37.228],[104.658,37.223],[104.684,37.216],[104.695,37.214],[104.701,37.214],[104.709,37.215],[104.715,37.217],[104.721,37.219],[104.731,37.225],[104.751,37.244],[104.757,37.248],[104.765,37.25],[104.785,37.249],[104.801,37.243],[104.855,37.218],[104.86,37.214],[104.864,37.21],[104.866,37.204],[104.869,37.186],[104.871,37.181],[104.874,37.176],[104.885,37.164],[104.897,37.147],[104.908,37.127],[104.913,37.117],[104.917,37.105],[104.919,37.101],[104.922,37.097],[104.965,37.064],[104.994,37.047],[105.016,37.04],[105.09,37.026],[105.152,36.996],[105.18,36.972],[105.186,36.962],[105.203,36.925],[105.305,36.82],[105.321,36.797],[105.322,36.781],[105.237,36.74],[105.229,36.735],[105.222,36.727],[105.22,36.718],[105.219,36.702],[105.22,36.693],[105.269,36.55],[105.309,36.491],[105.336,36.435],[105.344,36.422],[105.348,36.418],[105.364,36.404],[105.393,36.384],[105.407,36.365],[105.421,36.34],[105.428,36.324],[105.446,36.255],[105.448,36.24],[105.449,36.227],[105.447,36.207],[105.445,36.202],[105.443,36.197],[105.435,36.189],[105.433,36.179],[105.433,36.165],[105.438,36.132],[105.439,36.117],[105.437,36.107],[105.431,36.098],[105.427,36.094],[105.418,36.088],[105.351,36.058],[105.346,36.055],[105.343,36.051],[105.331,36.032],[105.326,36.022],[105.316,35.994],[105.315,35.973],[105.316,35.948],[105.318,35.933],[105.321,35.923],[105.323,35.918],[105.354,35.872],[105.363,35.853],[105.367,35.849],[105.371,35.846],[105.376,35.843],[105.383,35.838],[105.388,35.83],[105.399,35.803],[105.402,35.795],[105.405,35.791],[105.409,35.787],[105.416,35.778],[105.419,35.774],[105.424,35.764],[105.427,35.76],[105.432,35.756],[105.438,35.755],[105.444,35.755],[105.452,35.754],[105.457,35.752],[105.468,35.746],[105.563,35.7],[105.58,35.698],[105.602,35.697],[105.617,35.703],[105.639,35.711],[105.667,35.717],[105.708,35.718],[105.726,35.71],[105.73,35.697],[105.72,35.689],[105.707,35.686],[105.696,35.685],[105.687,35.681],[105.684,35.674],[105.687,35.66],[105.693,35.647],[105.702,35.632],[105.725,35.604],[105.785,35.543],[105.803,35.52],[105.829,35.494],[105.844,35.488],[105.86,35.488],[105.87,35.493],[105.889,35.509],[105.904,35.518],[105.92,35.524],[105.936,35.525],[106.065,35.488],[106.077,35.479],[106.079,35.472],[106.072,35.467],[106.06,35.464],[105.912,35.451],[105.901,35.447],[105.89,35.44],[105.885,35.43],[105.889,35.415],[105.898,35.408],[105.908,35.404],[105.919,35.405],[105.932,35.408],[105.984,35.427],[106.002,35.429],[106.02,35.429],[106.05,35.422],[106.112,35.425],[106.177,35.413],[106.197,35.406],[106.211,35.395],[106.232,35.366],[106.253,35.342],[106.27,35.328],[106.282,35.315],[106.299,35.289],[106.313,35.274],[106.339,35.257],[106.36,35.255],[106.378,35.261],[106.447,35.313],[106.458,35.324],[106.465,35.332],[106.471,35.343],[106.483,35.374],[106.49,35.405],[106.491,35.434],[106.497,35.463],[106.497,35.469],[106.497,35.475],[106.494,35.479],[106.49,35.483],[106.482,35.489],[106.479,35.49],[106.469,35.494],[106.443,35.499],[106.44,35.5],[106.438,35.501],[106.435,35.503],[106.432,35.507],[106.42,35.525],[106.415,35.535],[106.414,35.541],[106.413,35.546],[106.415,35.551],[106.418,35.555],[106.43,35.557],[106.495,35.553],[106.505,35.554],[106.509,35.556],[106.511,35.561],[106.51,35.566],[106.508,35.57],[106.505,35.574],[106.501,35.577],[106.472,35.591],[106.464,35.598],[106.454,35.611],[106.449,35.62],[106.44,35.66],[106.433,35.676],[106.43,35.688],[106.429,35.693],[106.429,35.699],[106.431,35.705],[106.434,35.71],[106.438,35.713],[106.442,35.717],[106.447,35.72],[106.457,35.724],[106.47,35.727],[106.522,35.734],[106.558,35.733],[106.595,35.727],[106.607,35.723],[106.613,35.72],[106.636,35.715],[106.68,35.709],[106.69,35.707],[106.716,35.685],[106.728,35.677],[106.751,35.681],[106.754,35.684],[106.759,35.69],[106.762,35.697],[106.767,35.707],[106.777,35.713],[106.815,35.727],[106.841,35.733],[106.851,35.734],[106.855,35.735],[106.859,35.737],[106.862,35.741],[106.869,35.753],[106.878,35.762],[106.905,35.776],[106.911,35.782],[106.913,35.789],[106.912,35.794],[106.909,35.798],[106.906,35.802],[106.885,35.821],[106.882,35.825],[106.879,35.83],[106.877,35.835],[106.873,35.846],[106.871,35.851],[106.868,35.856],[106.865,35.86],[106.848,35.874],[106.845,35.878],[106.843,35.882],[106.845,35.886],[106.849,35.889],[106.854,35.892],[106.859,35.895],[106.865,35.897],[106.878,35.901],[106.915,35.907],[106.924,35.91],[106.935,35.918],[106.939,35.924],[106.938,35.93],[106.933,35.934],[106.92,35.942],[106.916,35.946],[106.914,35.953],[106.916,35.957],[106.919,35.961],[106.93,35.968],[106.938,35.976],[106.941,35.982],[106.939,35.987],[106.933,35.995],[106.929,36.001],[106.929,36.011],[106.932,36.024],[106.942,36.054],[106.944,36.068],[106.945,36.077],[106.94,36.086],[106.923,36.107],[106.915,36.114],[106.91,36.117],[106.902,36.125],[106.898,36.129],[106.888,36.148],[106.881,36.157],[106.876,36.16],[106.852,36.176],[106.848,36.179],[106.834,36.203],[106.829,36.207],[106.825,36.21],[106.82,36.212],[106.814,36.212],[106.78,36.205],[106.766,36.203],[106.758,36.204],[106.745,36.207],[106.699,36.225],[106.677,36.236],[106.624,36.27],[106.614,36.276],[106.608,36.277],[106.604,36.278],[106.598,36.278],[106.592,36.278],[106.579,36.275],[106.55,36.262],[106.544,36.261],[106.537,36.259],[106.53,36.259],[106.515,36.261],[106.504,36.264],[106.497,36.268],[106.491,36.274],[106.485,36.283],[106.475,36.3],[106.473,36.31],[106.473,36.318],[106.477,36.322],[106.481,36.326],[106.495,36.335],[106.498,36.338],[106.5,36.341],[106.501,36.345],[106.503,36.35],[106.504,36.356],[106.504,36.362],[106.495,36.437],[106.493,36.446],[106.49,36.454],[106.487,36.458],[106.478,36.465],[106.469,36.472],[106.453,36.48],[106.443,36.488],[106.438,36.493],[106.431,36.502],[106.431,36.508],[106.435,36.512],[106.44,36.515],[106.464,36.523],[106.485,36.534],[106.489,36.538],[106.492,36.543],[106.494,36.56],[106.491,36.602],[106.487,36.648],[106.487,36.668],[106.49,36.687],[106.492,36.694],[106.496,36.7],[106.499,36.704],[106.502,36.707],[106.543,36.728],[106.548,36.73],[106.554,36.732],[106.561,36.732],[106.568,36.73],[106.587,36.724],[106.594,36.724],[106.602,36.726],[106.612,36.731],[106.618,36.736],[106.622,36.742],[106.65,36.8],[106.652,36.809],[106.653,36.817],[106.652,36.823],[106.651,36.829],[106.649,36.834],[106.615,36.89],[106.611,36.894],[106.606,36.898],[106.583,36.914],[106.579,36.918],[106.576,36.924],[106.575,36.931],[106.577,36.936],[106.581,36.94],[106.598,36.947],[106.603,36.95],[106.608,36.955],[106.613,36.962],[106.634,36.998],[106.637,37.006],[106.639,37.013],[106.639,37.02],[106.637,37.026],[106.635,37.03],[106.626,37.044],[106.622,37.049],[106.62,37.057],[106.621,37.07],[106.624,37.083],[106.634,37.11],[106.637,37.118],[106.638,37.124],[106.64,37.163],[106.642,37.174],[106.644,37.182],[106.647,37.187],[106.651,37.192],[106.657,37.197],[106.662,37.201],[106.668,37.203],[106.69,37.207],[106.747,37.206],[106.77,37.201],[106.781,37.196],[106.791,37.19],[106.847,37.143],[106.889,37.12],[106.919,37.109],[106.933,37.107],[106.989,37.109],[107.006,37.107],[107.026,37.109],[107.055,37.12],[107.062,37.121],[107.092,37.125],[107.126,37.125],[107.188,37.117],[107.244,37.098],[107.257,37.091],[107.285,37.068],[107.278,37.044],[107.283,37.025],[107.286,37.021],[107.288,37.017],[107.292,37.005],[107.294,36.991],[107.295,36.959],[107.293,36.946],[107.282,36.915],[107.288,36.911],[107.3,36.907],[107.443,36.886],[107.488,36.891],[107.501,36.891],[107.509,36.889],[107.52,36.884],[107.533,36.874],[107.535,36.868],[107.534,36.864],[107.525,36.857],[107.522,36.853],[107.531,36.847],[107.549,36.84],[107.617,36.824],[107.663,36.82],[107.695,36.825],[107.708,36.82],[107.712,36.816],[107.717,36.811],[107.724,36.805],[107.739,36.797],[107.758,36.79],[107.838,36.773],[107.84,36.772],[107.887,36.755],[107.894,36.751],[107.902,36.743],[107.906,36.739],[107.926,36.7],[107.937,36.687],[107.949,36.677],[107.957,36.672],[107.965,36.669],[107.996,36.668],[108.018,36.663],[108.028,36.659],[108.033,36.654],[108.032,36.649],[108.026,36.633],[108.025,36.627],[108.025,36.62],[108.027,36.613],[108.032,36.607],[108.042,36.598],[108.05,36.594],[108.058,36.591],[108.089,36.588],[108.102,36.586],[108.14,36.573],[108.154,36.57],[108.161,36.569],[108.168,36.569],[108.174,36.571],[108.178,36.574],[108.191,36.592],[108.196,36.596],[108.202,36.599],[108.212,36.601],[108.219,36.599],[108.224,36.595],[108.231,36.586],[108.236,36.58],[108.244,36.573],[108.251,36.57],[108.259,36.567],[108.294,36.563],[108.335,36.554],[108.347,36.55],[108.356,36.546],[108.366,36.539],[108.374,36.532],[108.381,36.524],[108.384,36.519],[108.392,36.5],[108.396,36.494],[108.401,36.488],[108.408,36.482],[108.423,36.47],[108.433,36.465],[108.441,36.461],[108.455,36.458],[108.471,36.456],[108.486,36.457],[108.51,36.46],[108.519,36.46],[108.533,36.458],[108.542,36.454],[108.55,36.45],[108.558,36.443],[108.566,36.44],[108.574,36.438],[108.607,36.432],[108.615,36.429],[108.62,36.426],[108.624,36.422],[108.628,36.417],[108.631,36.413],[108.653,36.396],[108.683,36.377],[108.696,36.367],[108.704,36.359],[108.705,36.353],[108.705,36.347],[108.705,36.341],[108.704,36.334],[108.695,36.313],[108.69,36.303],[108.682,36.295],[108.665,36.282],[108.65,36.265],[108.647,36.26],[108.645,36.255],[108.644,36.249],[108.644,36.242],[108.645,36.236],[108.65,36.226],[108.656,36.218],[108.672,36.201],[108.683,36.188],[108.69,36.176],[108.692,36.171],[108.696,36.16],[108.699,36.136],[108.7,36.126],[108.697,36.089],[108.691,36.064],[108.686,36.048],[108.677,36.005],[108.675,36],[108.671,35.994],[108.664,35.987],[108.655,35.98],[108.643,35.976],[108.623,35.971],[108.611,35.967],[108.601,35.962],[108.597,35.958],[108.567,35.926],[108.562,35.923],[108.552,35.917],[108.534,35.91],[108.514,35.9],[108.505,35.894],[108.499,35.889],[108.496,35.885],[108.493,35.881],[108.491,35.876],[108.49,35.871],[108.492,35.864],[108.496,35.856],[108.513,35.828],[108.52,35.807],[108.523,35.795],[108.523,35.789],[108.523,35.776],[108.51,35.701],[108.51,35.694],[108.51,35.688],[108.513,35.676],[108.517,35.665],[108.546,35.61],[108.604,35.548],[108.606,35.477],[108.616,35.422],[108.617,35.393],[108.615,35.385],[108.611,35.379],[108.595,35.365],[108.561,35.322],[108.53,35.291],[108.521,35.284],[108.512,35.278],[108.504,35.275],[108.493,35.272],[108.447,35.27],[108.354,35.278],[108.327,35.277],[108.316,35.275],[108.277,35.263],[108.269,35.262],[108.26,35.264],[108.246,35.27],[108.226,35.286],[108.218,35.291],[108.214,35.292],[108.205,35.294],[108.193,35.294],[108.155,35.291],[108.139,35.287],[108.129,35.284],[108.114,35.279],[108.072,35.258],[108.048,35.25],[108.021,35.245],[108.016,35.243],[108.011,35.24],[108.002,35.233],[107.995,35.23],[107.979,35.223],[107.972,35.223],[107.964,35.223],[107.964,35.226],[107.959,35.23],[107.955,35.234],[107.953,35.237],[107.951,35.241],[107.945,35.256],[107.938,35.262],[107.923,35.267],[107.862,35.274],[107.786,35.31],[107.747,35.319],[107.742,35.318],[107.733,35.309],[107.731,35.307],[107.731,35.302],[107.732,35.296],[107.737,35.287],[107.739,35.28],[107.739,35.272],[107.736,35.262],[107.733,35.256],[107.73,35.252],[107.728,35.249],[107.723,35.247],[107.713,35.242],[107.678,35.235],[107.673,35.233],[107.67,35.228],[107.672,35.221],[107.681,35.208],[107.705,35.179],[107.76,35.079],[107.793,35.05],[107.825,35.027],[107.832,35.019],[107.838,35.01],[107.841,35.006],[107.842,35.001],[107.842,34.998],[107.841,34.987],[107.83,34.977],[107.793,34.967],[107.753,34.962],[107.731,34.955],[107.725,34.953],[107.71,34.951],[107.622,34.956],[107.57,34.965],[107.555,34.962],[107.548,34.958],[107.542,34.954],[107.527,34.938],[107.518,34.931],[107.512,34.929],[107.507,34.927],[107.497,34.926],[107.474,34.929],[107.424,34.943],[107.404,34.943],[107.386,34.941],[107.377,34.939],[107.363,34.934],[107.356,34.934],[107.345,34.935],[107.331,34.94],[107.321,34.942],[107.31,34.943],[107.298,34.941],[107.291,34.938],[107.286,34.934],[107.274,34.915],[107.27,34.912],[107.264,34.909],[107.243,34.906],[107.237,34.904],[107.232,34.901],[107.224,34.894],[107.219,34.891],[107.211,34.892],[107.199,34.898],[107.193,34.903],[107.182,34.916],[107.173,34.929],[107.17,34.933],[107.158,34.944],[107.149,34.95],[107.107,34.972],[107.099,34.98],[107.074,35.015],[107.06,35.031],[107.052,35.038],[107.041,35.044],[107.03,35.048],[106.956,35.06],[106.949,35.062],[106.945,35.065],[106.94,35.068],[106.929,35.08],[106.92,35.087],[106.915,35.089],[106.902,35.09],[106.811,35.087],[106.781,35.094],[106.77,35.095],[106.625,35.077],[106.583,35.085],[106.574,35.084],[106.565,35.08],[106.551,35.067],[106.545,35.06],[106.53,35.047],[106.491,35.03],[106.489,35.018],[106.489,35.014],[106.495,35],[106.503,34.992],[106.505,34.986],[106.505,34.979],[106.497,34.955],[106.496,34.948],[106.496,34.94],[106.499,34.931],[106.501,34.926],[106.55,34.863],[106.552,34.857],[106.551,34.849],[106.549,34.838],[106.543,34.82],[106.538,34.812],[106.533,34.806],[106.527,34.802],[106.519,34.796],[106.512,34.787],[106.507,34.778],[106.492,34.741],[106.488,34.737],[106.485,34.733],[106.476,34.726],[106.466,34.72],[106.432,34.706],[106.423,34.7],[106.415,34.693],[106.404,34.68],[106.39,34.657],[106.384,34.641],[106.381,34.636],[106.377,34.632],[106.369,34.625],[106.348,34.615],[106.338,34.609],[106.33,34.602],[106.323,34.593],[106.32,34.589],[106.318,34.583],[106.321,34.573],[106.328,34.559],[106.351,34.531],[106.362,34.523],[106.368,34.52],[106.451,34.52],[106.476,34.524],[106.487,34.524],[106.498,34.52],[106.511,34.511],[106.522,34.5],[106.535,34.49],[106.549,34.486],[106.573,34.483],[106.596,34.473],[106.614,34.459],[106.621,34.441],[106.627,34.42],[106.642,34.406],[106.66,34.395],[106.674,34.385],[106.671,34.379],[106.672,34.37],[106.691,34.291],[106.689,34.279],[106.686,34.269],[106.679,34.26],[106.669,34.255],[106.656,34.254],[106.622,34.263],[106.602,34.265],[106.57,34.277],[106.554,34.281],[106.533,34.28],[106.52,34.277],[106.497,34.266],[106.513,34.257],[106.534,34.254],[106.544,34.249],[106.552,34.242],[106.586,34.16],[106.588,34.149],[106.587,34.137],[106.579,34.127],[106.571,34.123],[106.562,34.122],[106.537,34.127],[106.524,34.121],[106.514,34.107],[106.507,34.071],[106.498,34.043],[106.455,33.97],[106.43,33.942],[106.428,33.939],[106.426,33.934],[106.423,33.925],[106.422,33.913],[106.424,33.899],[106.435,33.882],[106.446,33.875],[106.458,33.873],[106.469,33.872],[106.475,33.87],[106.48,33.868],[106.487,33.863],[106.491,33.856],[106.489,33.844],[106.482,33.837],[106.465,33.828],[106.459,33.824],[106.455,33.816],[106.455,33.803],[106.463,33.784],[106.466,33.765],[106.466,33.75],[106.465,33.737],[106.467,33.724],[106.472,33.712],[106.482,33.701],[106.491,33.694],[106.506,33.687],[106.524,33.676],[106.54,33.661],[106.547,33.653],[106.553,33.644],[106.558,33.634],[106.561,33.624],[106.561,33.61],[106.559,33.599],[106.543,33.563],[106.496,33.544],[106.471,33.549],[106.454,33.562],[106.447,33.571],[106.44,33.591],[106.435,33.601],[106.428,33.608],[106.418,33.614],[106.406,33.617],[106.393,33.619],[106.38,33.617],[106.344,33.607],[106.331,33.606],[106.319,33.609],[106.307,33.612],[106.292,33.612],[106.274,33.606],[106.246,33.59],[106.171,33.562],[106.156,33.563],[106.142,33.565],[106.119,33.574],[106.111,33.58],[106.107,33.587],[106.1,33.601],[106.094,33.609],[106.086,33.615],[106.073,33.618],[106.006,33.615],[105.999,33.614],[105.993,33.611],[105.99,33.602],[105.988,33.591],[105.984,33.58],[105.977,33.57],[105.964,33.559],[105.952,33.553],[105.926,33.545],[105.904,33.536],[105.875,33.518],[105.864,33.513],[105.852,33.51],[105.841,33.505],[105.832,33.498],[105.81,33.433],[105.801,33.418],[105.785,33.406],[105.768,33.404],[105.74,33.403],[105.733,33.402],[105.724,33.396],[105.718,33.389],[105.715,33.375],[105.714,33.366],[105.715,33.353],[105.718,33.342],[105.719,33.337],[105.721,33.332],[105.723,33.325],[105.728,33.315],[105.735,33.304],[105.747,33.294],[105.844,33.243],[105.858,33.241],[105.887,33.24],[105.9,33.238],[105.913,33.234],[105.92,33.229],[105.925,33.224],[105.926,33.218],[105.923,33.211],[105.903,33.18],[105.9,33.171],[105.898,33.159],[105.898,33.149],[105.911,33.058],[105.911,33.032],[105.908,33.023],[105.905,33.015],[105.898,33.001],[105.895,32.99],[105.892,32.985],[105.886,32.978],[105.879,32.971],[105.87,32.966],[105.859,32.963],[105.846,32.965],[105.822,32.965],[105.801,32.958],[105.782,32.948],[105.748,32.917],[105.734,32.907],[105.698,32.894],[105.667,32.888],[105.639,32.885],[105.499,32.907],[105.492,32.92],[105.481,32.922],[105.464,32.922],[105.447,32.917],[105.431,32.911],[105.413,32.902],[105.401,32.892],[105.385,32.874],[105.378,32.861],[105.375,32.848],[105.378,32.836],[105.386,32.823],[105.435,32.774],[105.439,32.767],[105.44,32.76],[105.437,32.746],[105.429,32.737],[105.417,32.731],[105.387,32.723],[105.37,32.714],[105.349,32.699],[105.311,32.667],[105.289,32.651],[105.27,32.642],[105.259,32.642],[105.245,32.646],[105.221,32.66],[105.213,32.663],[105.204,32.664],[105.195,32.662],[105.183,32.655],[105.165,32.628],[105.147,32.608],[105.13,32.599],[105.113,32.594],[105.1,32.596],[105.088,32.6],[105.078,32.607],[105.072,32.614],[105.064,32.628],[105.059,32.633],[105.047,32.638],[105.032,32.639],[104.938,32.614],[104.917,32.611],[104.898,32.612],[104.886,32.617],[104.841,32.64],[104.828,32.644],[104.814,32.645],[104.761,32.644],[104.704,32.648],[104.645,32.658],[104.621,32.664],[104.586,32.675],[104.558,32.688],[104.484,32.739],[104.428,32.794],[104.418,32.801],[104.406,32.809],[104.342,32.82],[104.313,32.83],[104.3,32.838],[104.289,32.848],[104.282,32.857],[104.278,32.867],[104.276,32.882],[104.291,32.923],[104.305,32.941],[104.321,32.953],[104.34,32.958],[104.378,32.959],[104.388,32.966],[104.394,32.975],[104.408,33.004],[104.414,33.023],[104.416,33.034],[104.415,33.045],[104.411,33.055],[104.406,33.063],[104.328,33.14],[104.316,33.157],[104.297,33.193],[104.29,33.213],[104.285,33.236],[104.281,33.272],[104.282,33.282],[104.286,33.29],[104.292,33.295],[104.3,33.3],[104.308,33.303],[104.316,33.305],[104.334,33.306],[104.368,33.304],[104.377,33.306],[104.385,33.314],[104.386,33.32],[104.383,33.326],[104.375,33.334],[104.367,33.339],[104.357,33.343],[104.32,33.351],[104.306,33.356],[104.293,33.364],[104.283,33.373],[104.258,33.404],[104.249,33.41],[104.227,33.423],[104.175,33.49],[104.166,33.508],[104.164,33.522],[104.165,33.532],[104.17,33.544],[104.174,33.562],[104.171,33.591],[104.165,33.608],[104.156,33.624],[104.145,33.64],[104.132,33.652],[104.116,33.662],[104.093,33.669],[103.915,33.683],[103.804,33.671],[103.766,33.672],[103.745,33.676],[103.694,33.691],[103.683,33.697],[103.668,33.707],[103.659,33.711],[103.644,33.714],[103.623,33.714],[103.553,33.701],[103.531,33.706],[103.523,33.714],[103.522,33.726],[103.526,33.739],[103.551,33.781],[103.556,33.794],[103.559,33.807],[103.553,33.816],[103.541,33.817],[103.518,33.811],[103.436,33.77],[103.415,33.763],[103.39,33.758],[103.351,33.756],[103.297,33.76],[103.272,33.765],[103.229,33.783],[103.204,33.797],[103.196,33.803],[103.188,33.813],[103.184,33.822],[103.185,33.833],[103.192,33.856],[103.194,33.871],[103.193,33.884],[103.189,33.892],[103.183,33.9],[103.152,33.922],[103.147,33.93],[103.144,33.944],[103.142,33.962],[103.142,33.979],[103.144,33.999],[103.149,34.018],[103.153,34.049],[103.154,34.083],[103.152,34.109],[103.147,34.132],[103.141,34.147],[103.132,34.159],[103.12,34.169],[103.042,34.19],[103.024,34.198],[103.009,34.207],[103.001,34.214],[102.97,34.249],[102.955,34.272],[102.944,34.284],[102.931,34.296],[102.912,34.3],[102.89,34.298],[102.854,34.284],[102.816,34.278],[102.801,34.277],[102.782,34.274],[102.765,34.268],[102.75,34.259],[102.725,34.228],[102.708,34.214],[102.662,34.19],[102.598,34.165],[102.588,34.16],[102.58,34.153],[102.575,34.14],[102.581,34.131],[102.593,34.124],[102.621,34.117],[102.629,34.114],[102.636,34.11],[102.641,34.103],[102.641,34.095],[102.635,34.089],[102.618,34.084],[102.477,34.074],[102.459,34.069],[102.441,34.06],[102.425,34.04],[102.406,33.999],[102.392,33.987],[102.372,33.976],[102.361,33.972],[102.352,33.97],[102.342,33.973],[102.336,33.973],[102.332,33.973],[102.327,33.975],[102.323,33.984],[102.319,33.987],[102.314,33.988],[102.3,33.983],[102.293,33.983],[102.286,33.984],[102.278,33.983],[102.269,33.981],[102.258,33.977],[102.249,33.975],[102.203,33.961],[102.175,33.946],[102.171,33.942],[102.195,33.919],[102.258,33.838],[102.264,33.826],[102.26,33.821],[102.249,33.816],[102.244,33.807],[102.247,33.798],[102.26,33.793],[102.281,33.79],[102.3,33.781],[102.315,33.768],[102.325,33.752],[102.315,33.745],[102.306,33.74],[102.298,33.734],[102.291,33.725],[102.305,33.72],[102.318,33.726],[102.328,33.735],[102.335,33.736],[102.343,33.725],[102.342,33.717],[102.337,33.709],[102.332,33.698],[102.327,33.676],[102.325,33.653],[102.328,33.646],[102.342,33.632],[102.345,33.626],[102.356,33.609],[102.403,33.594],[102.414,33.578],[102.424,33.576],[102.482,33.54],[102.476,33.533],[102.46,33.542],[102.454,33.536],[102.453,33.523],[102.455,33.513],[102.459,33.499],[102.466,33.486],[102.482,33.465],[102.476,33.465],[102.471,33.469],[102.468,33.47],[102.455,33.472],[102.459,33.462],[102.462,33.458],[102.44,33.449],[102.386,33.41],[102.376,33.408],[102.361,33.404],[102.352,33.404],[102.35,33.399],[102.305,33.392],[102.289,33.385],[102.279,33.378],[102.256,33.343],[102.249,33.335],[102.239,33.328],[102.229,33.324],[102.17,33.314],[102.157,33.309],[102.146,33.303],[102.138,33.295],[102.131,33.285],[102.115,33.245],[102.099,33.222],[102.089,33.217],[102.077,33.215],[102.03,33.221],[102.004,33.219],[101.997,33.217],[101.988,33.214],[101.969,33.202],[101.901,33.147],[101.864,33.123],[101.856,33.12],[101.853,33.122],[101.854,33.133],[101.856,33.143],[101.858,33.154],[101.858,33.17],[101.856,33.184],[101.845,33.205],[101.837,33.214],[101.831,33.223],[101.826,33.235],[101.825,33.248],[101.832,33.269],[101.843,33.285],[101.854,33.294],[101.867,33.301],[101.874,33.306],[101.88,33.314],[101.889,33.329],[101.906,33.373],[101.915,33.387],[101.919,33.396],[101.923,33.406],[101.925,33.422],[101.925,33.433],[101.922,33.444],[101.915,33.458],[101.912,33.466],[101.889,33.489],[101.886,33.497],[101.888,33.508],[101.891,33.518],[101.893,33.526],[101.884,33.546],[101.852,33.573],[101.845,33.585],[101.837,33.586],[101.818,33.599],[101.811,33.603],[101.803,33.605],[101.795,33.605],[101.791,33.601],[101.788,33.593],[101.79,33.561],[101.778,33.53],[101.754,33.529],[101.747,33.528],[101.74,33.524],[101.733,33.519],[101.723,33.509],[101.718,33.506],[101.707,33.504],[101.64,33.505],[101.623,33.507],[101.613,33.512],[101.596,33.58],[101.577,33.631],[101.565,33.652],[101.547,33.676],[101.526,33.694],[101.516,33.703],[101.509,33.705],[101.496,33.705],[101.484,33.7],[101.463,33.687],[101.455,33.684],[101.447,33.68],[101.444,33.678],[101.418,33.655],[101.409,33.649],[101.4,33.645],[101.389,33.642],[101.377,33.64],[101.349,33.637],[101.32,33.639],[101.292,33.647],[101.243,33.669],[101.228,33.674],[101.215,33.675],[101.205,33.671],[101.183,33.655],[101.17,33.654],[101.16,33.664],[101.158,33.69],[101.165,33.735],[101.166,33.756],[101.162,33.777],[101.155,33.805],[101.138,33.838],[101.129,33.851],[101.112,33.862],[101.103,33.863],[101.074,33.862],[101.064,33.864],[101.044,33.876],[101.035,33.877],[101.031,33.877],[101.024,33.879],[101.014,33.88],[101.009,33.881],[100.975,33.906],[100.948,33.93],[100.925,33.964],[100.893,34.03],[100.851,34.087],[100.792,34.155],[100.783,34.175],[100.78,34.192],[100.781,34.206],[100.802,34.262],[100.806,34.278],[100.815,34.295],[100.829,34.31],[100.874,34.34],[100.9,34.369],[100.935,34.386],[100.961,34.379],[101.036,34.339],[101.061,34.33],[101.084,34.325],[101.157,34.319],[101.177,34.313],[101.195,34.306],[101.209,34.302],[101.226,34.3],[101.234,34.301],[101.243,34.3],[101.256,34.3],[101.266,34.297],[101.28,34.284],[101.286,34.281],[101.299,34.278],[101.308,34.272],[101.315,34.265],[101.324,34.26],[101.335,34.257],[101.365,34.253],[101.426,34.234],[101.464,34.23],[101.473,34.226],[101.481,34.222],[101.489,34.219],[101.496,34.218],[101.517,34.219],[101.53,34.219],[101.57,34.208],[101.612,34.191],[101.615,34.178],[101.622,34.172],[101.631,34.166],[101.64,34.157],[101.636,34.145],[101.647,34.136],[101.681,34.122],[101.708,34.116],[101.713,34.112],[101.715,34.106],[101.719,34.103],[101.729,34.109],[101.738,34.089],[101.76,34.073],[101.78,34.068],[101.788,34.074],[101.803,34.085],[101.823,34.098],[101.834,34.107],[101.848,34.122],[101.855,34.132],[101.863,34.141],[101.872,34.148],[101.887,34.146],[101.931,34.132],[101.949,34.133],[101.962,34.14],[101.966,34.151],[101.969,34.161],[101.973,34.17],[101.983,34.175],[101.999,34.174],[102.012,34.178],[102.021,34.187],[102.022,34.197],[102.019,34.208],[102.02,34.219],[102.027,34.228],[102.049,34.233],[102.063,34.238],[102.071,34.245],[102.077,34.267],[102.087,34.276],[102.107,34.282],[102.139,34.281],[102.154,34.286],[102.162,34.294],[102.169,34.322],[102.177,34.334],[102.185,34.34],[102.205,34.347],[102.212,34.352],[102.215,34.357],[102.216,34.364],[102.215,34.374],[102.211,34.383],[102.207,34.393],[102.179,34.432],[102.162,34.462],[102.158,34.474],[102.155,34.483],[102.153,34.491],[102.15,34.495],[102.146,34.5],[102.104,34.524],[102.072,34.536],[102.063,34.539],[102.053,34.539],[102.013,34.536],[102.004,34.537],[101.997,34.539],[101.985,34.543],[101.972,34.55],[101.959,34.558],[101.947,34.569],[101.938,34.58],[101.932,34.591],[101.929,34.599],[101.926,34.611],[101.924,34.641],[101.921,34.653],[101.914,34.661],[101.901,34.665],[101.891,34.663],[101.883,34.658],[101.854,34.633],[101.843,34.627],[101.832,34.624],[101.818,34.624],[101.805,34.627],[101.793,34.632],[101.782,34.64],[101.773,34.649],[101.764,34.66],[101.758,34.67],[101.753,34.68],[101.752,34.692],[101.755,34.704],[101.765,34.715],[101.777,34.721],[101.805,34.728],[101.819,34.734],[101.83,34.742],[101.846,34.761],[101.852,34.763],[101.876,34.75],[101.895,34.75],[101.907,34.756],[101.916,34.765],[101.92,34.776],[101.923,34.787],[101.924,34.798],[101.923,34.808],[101.92,34.82],[101.916,34.832],[101.913,34.845],[101.918,34.861],[101.932,34.879],[101.989,34.917],[101.999,34.925],[102.003,34.935],[102.009,34.942],[102.018,34.945],[102.044,34.947],[102.06,34.949],[102.085,34.957],[102.1,34.966],[102.114,34.977],[102.143,35.005],[102.195,35.038],[102.213,35.044],[102.247,35.05],[102.267,35.056],[102.279,35.07],[102.296,35.106],[102.321,35.137],[102.337,35.153],[102.374,35.174],[102.379,35.187],[102.376,35.204],[102.361,35.219],[102.334,35.241],[102.327,35.252],[102.324,35.265],[102.318,35.275],[102.309,35.279],[102.295,35.28],[102.28,35.279],[102.265,35.281],[102.26,35.29],[102.266,35.306],[102.288,35.333],[102.299,35.351],[102.303,35.366],[102.292,35.392],[102.289,35.407],[102.298,35.421],[102.315,35.428],[102.338,35.43],[102.385,35.429],[102.408,35.431],[102.426,35.435],[102.453,35.459],[102.481,35.501],[102.491,35.511],[102.507,35.524],[102.519,35.53],[102.535,35.536],[102.556,35.538],[102.577,35.536],[102.644,35.518],[102.687,35.515],[102.702,35.524],[102.72,35.566],[102.722,35.589],[102.721,35.619],[102.712,35.662],[102.69,35.711],[102.684,35.734],[102.68,35.757],[102.695,35.827],[102.7,35.839],[102.705,35.84],[102.717,35.837],[102.726,35.833],[102.735,35.83],[102.75,35.832],[102.76,35.838],[102.788,35.86],[102.838,35.861],[102.859,35.857],[102.873,35.846],[102.9,35.85],[102.976,35.833],[102.98,35.84],[102.982,35.848],[102.983,35.856],[102.981,35.874],[102.97,35.921],[102.968,35.933],[102.97,35.943],[102.977,35.954],[102.996,35.98],[102.999,35.986],[103,35.991],[102.998,35.997],[102.997,36],[102.995,36.003],[102.984,36.015],[102.971,36.024],[102.952,36.036],[102.938,36.047],[102.931,36.054],[102.929,36.06],[102.928,36.068],[102.93,36.079],[102.933,36.086],[103.019,36.2],[103.027,36.208],[103.04,36.216],[103.015,36.235],[103.01,36.238],[103,36.245],[102.99,36.255],[102.985,36.258],[102.981,36.261],[102.97,36.264],[102.949,36.268],[102.942,36.269],[102.934,36.274],[102.924,36.281],[102.894,36.309],[102.856,36.323],[102.853,36.323],[102.83,36.323],[102.823,36.323],[102.819,36.326],[102.813,36.338],[102.808,36.353],[102.801,36.389],[102.791,36.417],[102.77,36.498],[102.736,36.529],[102.721,36.555],[102.71,36.587],[102.698,36.609],[102.683,36.621],[102.666,36.631],[102.632,36.644],[102.611,36.657],[102.599,36.672],[102.592,36.687],[102.592,36.702],[102.596,36.714],[102.605,36.723],[102.615,36.729],[102.638,36.735],[102.653,36.737],[102.667,36.741],[102.676,36.75],[102.682,36.765],[102.681,36.785],[102.679,36.795],[102.675,36.802],[102.663,36.813],[102.63,36.836],[102.597,36.851],[102.589,36.857],[102.556,36.9],[102.548,36.907],[102.543,36.909],[102.537,36.911],[102.477,36.94],[102.466,36.947],[102.461,36.951],[102.46,36.956],[102.48,37.003],[102.493,37.057],[102.496,37.089],[102.52,37.098],[102.536,37.107],[102.55,37.119],[102.559,37.134],[102.558,37.149],[102.551,37.164],[102.518,37.2],[102.461,37.242],[102.444,37.262],[102.427,37.278],[102.403,37.287],[102.379,37.293],[102.351,37.303],[102.246,37.381],[102.213,37.399],[102.188,37.408],[102.167,37.409],[102.154,37.407],[102.142,37.407],[102.053,37.452],[102.04,37.465],[102.033,37.479],[102.034,37.492],[102.035,37.498],[102.037,37.501],[102.059,37.531],[102.067,37.548],[102.062,37.566],[102.054,37.579],[101.996,37.615],[101.98,37.667],[101.972,37.72],[101.966,37.735],[101.956,37.74],[101.947,37.737],[101.937,37.731],[101.857,37.645],[101.836,37.627],[101.828,37.618],[101.819,37.604],[101.813,37.544],[101.802,37.526],[101.785,37.521],[101.766,37.525],[101.746,37.537],[101.732,37.552],[101.707,37.588],[101.693,37.598],[101.647,37.612],[101.293,37.799],[101.05,37.964],[100.999,37.986],[100.932,38.001],[100.636,38.105],[100.602,38.127],[100.58,38.209],[100.57,38.23],[100.554,38.252],[100.53,38.274],[100.511,38.285],[100.497,38.289],[100.482,38.291],[100.442,38.29],[100.412,38.292],[100.358,38.307],[100.33,38.321],[100.309,38.338],[100.296,38.355],[100.28,38.372],[100.265,38.381],[100.246,38.387],[100.236,38.395],[100.218,38.424],[100.203,38.441],[100.141,38.486],[100.126,38.491],[100.112,38.491],[100.104,38.486],[100.099,38.477],[100.091,38.451],[100.085,38.418],[100.083,38.395],[100.085,38.389],[100.106,38.355],[100.116,38.334],[100.123,38.326],[100.127,38.322],[100.147,38.312],[100.152,38.307],[100.156,38.303],[100.157,38.297],[100.155,38.28],[100.156,38.275],[100.156,38.272],[100.157,38.267],[100.167,38.247],[100.17,38.235],[100.17,38.228],[100.17,38.221],[100.168,38.216],[100.165,38.211],[100.158,38.207],[100.153,38.209],[100.146,38.214],[100.116,38.251],[100.079,38.278],[100.001,38.314],[99.915,38.338],[99.833,38.352],[99.8,38.366],[99.557,38.515],[99.529,38.542],[99.52,38.555],[99.515,38.566],[99.511,38.58],[99.508,38.588],[99.501,38.596],[99.496,38.601],[99.446,38.625],[99.428,38.64],[99.36,38.706],[99.099,38.89],[99.089,38.903],[99.086,38.914],[99.088,38.924],[99.099,38.94],[99.1,38.948],[99.095,38.958],[99.082,38.969],[99.064,38.976],[99.041,38.978],[98.988,38.974],[98.973,38.976],[98.962,38.982],[98.929,39.02],[98.917,39.029],[98.902,39.036],[98.886,39.039],[98.849,39.044],[98.83,39.05],[98.815,39.057],[98.782,39.068],[98.747,39.071],[98.739,39.067],[98.735,39.062],[98.728,39.042],[98.721,39.03],[98.714,39.019],[98.706,39.009],[98.696,39.001],[98.652,38.97],[98.628,38.957],[98.602,38.948],[98.575,38.946],[98.558,38.95],[98.541,38.955],[98.527,38.957],[98.462,38.956],[98.445,38.957],[98.429,38.964],[98.417,38.973],[98.396,39],[98.383,39.009],[98.368,39.016],[98.351,39.021],[98.337,39.023],[98.324,39.023],[98.311,39.017],[98.302,39.008],[98.284,38.983],[98.279,38.97],[98.272,38.948],[98.263,38.932],[98.194,38.875],[98.103,38.815],[98.069,38.802],[98.021,38.836],[97.698,38.981],[97.679,39.002],[97.675,39.005],[97.375,39.146],[97.363,39.15],[97.137,39.203],[97.083,39.203],[97.026,39.196],[97.013,39.192],[97.006,39.188],[97.001,39.183],[96.998,39.179],[96.995,39.172],[96.99,39.152],[96.986,39.143],[96.981,39.134],[96.975,39.13],[96.966,39.124],[96.963,39.119],[96.962,39.112],[96.963,39.103],[96.984,39.041],[96.99,39.014],[96.991,39.001],[96.991,38.997],[96.983,38.942],[96.984,38.925],[96.983,38.912],[96.98,38.9],[96.972,38.876],[96.971,38.864],[96.973,38.852],[96.977,38.842],[96.979,38.832],[96.974,38.794],[96.976,38.779],[96.982,38.755],[96.981,38.744],[96.978,38.735],[96.974,38.725],[96.971,38.715],[96.97,38.705],[96.971,38.688],[96.971,38.683],[96.969,38.68],[96.966,38.679],[96.963,38.677],[96.948,38.669],[96.941,38.662],[96.94,38.653],[96.942,38.639],[96.949,38.624],[96.963,38.603],[96.967,38.595],[96.97,38.584],[96.971,38.577],[96.971,38.567],[96.959,38.387],[96.954,38.369],[96.95,38.363],[96.945,38.358],[96.938,38.354],[96.927,38.352],[96.912,38.351],[96.845,38.356],[96.749,38.379],[96.724,38.39],[96.707,38.399],[96.698,38.406],[96.676,38.415],[96.568,38.444],[96.532,38.458],[96.51,38.47],[96.504,38.48],[96.502,38.489],[96.502,38.496],[96.503,38.5],[96.513,38.529],[96.512,38.537],[96.508,38.545],[96.503,38.549],[96.44,38.565],[96.394,38.582],[96.315,38.627],[96.301,38.633],[96.283,38.635],[96.233,38.633],[96.209,38.635],[96.182,38.643],[96.141,38.665],[96.126,38.67],[96.11,38.67],[96.099,38.668],[96.086,38.667],[96.073,38.67],[96.055,38.679],[96.045,38.688],[96.039,38.699],[96.031,38.731],[96.025,38.74],[96.019,38.746],[96.008,38.752],[95.892,38.784],[95.881,38.79],[95.856,38.815],[95.788,38.862],[95.772,38.871],[95.758,38.874],[95.739,38.872],[95.722,38.875],[95.703,38.883],[95.687,38.896],[95.654,38.929],[95.602,38.971],[95.594,38.98],[95.589,38.989],[95.584,39.001],[95.578,39.008],[95.566,39.015],[95.496,39.03],[95.476,39.038],[95.461,39.047],[95.355,39.135],[95.321,39.177],[95.314,39.181],[95.305,39.183],[95.293,39.18],[95.251,39.166],[95.236,39.162],[95.219,39.16],[95.136,39.164],[95.118,39.161],[95.057,39.147],[95.046,39.147],[95.006,39.151],[94.982,39.157],[94.976,39.16],[94.955,39.173],[94.938,39.187],[94.927,39.193],[94.92,39.196],[94.912,39.198],[94.85,39.205],[94.725,39.237],[94.702,39.249],[94.684,39.263],[94.668,39.279],[94.658,39.285],[94.645,39.291],[94.631,39.295],[94.553,39.301],[94.542,39.304],[94.521,39.311],[94.479,39.318],[94.174,39.321],[94.15,39.324],[94.117,39.322],[94.059,39.309],[94.037,39.306],[93.983,39.306],[93.97,39.304],[93.909,39.286],[93.898,39.285],[93.878,39.287],[93.853,39.293],[93.845,39.295],[93.82,39.298],[93.797,39.298],[93.773,39.301],[93.744,39.309],[93.734,39.309],[93.722,39.307],[93.645,39.28],[93.626,39.278],[93.539,39.281],[93.521,39.278],[93.502,39.272],[93.477,39.26],[93.433,39.23],[93.415,39.22],[93.405,39.217],[93.276,39.189],[93.26,39.187],[93.198,39.188],[93.14,39.199],[93.129,39.198],[93.117,39.195],[93.074,39.178],[93.064,39.172],[93.055,39.165],[93.036,39.152],[93.024,39.148],[93.002,39.146],[92.936,39.153],[92.935,39.164],[92.941,39.311],[92.954,39.392],[92.954,39.428],[92.951,39.442],[92.948,39.452],[92.772,39.811],[92.766,39.84],[92.764,39.862],[92.766,39.878],[92.77,39.89],[92.777,39.906],[92.907,40.079],[92.915,40.093],[92.92,40.118],[92.926,40.423],[92.942,40.473],[92.99,40.488],[93.037,40.49],[93.286,40.469],[93.319,40.477],[93.398,40.517],[93.503,40.548],[93.534,40.561],[93.577,40.588],[93.669,40.683],[93.715,40.743],[93.76,40.823],[94.011,41.104],[94.581,41.585],[95.058,41.789],[95.492,41.856],[95.772,41.83],[95.806,41.832],[95.837,41.842],[95.864,41.855],[95.952,41.919],[96.036,41.995],[96.041,42.003],[96.044,42.013],[96.044,42.031],[96.041,42.044],[96.025,42.082],[96.02,42.103],[96.018,42.139],[96.044,42.5],[96.053,42.541],[96.063,42.559],[96.073,42.573],[96.091,42.587],[96.366,42.723]]]}},{"type":"Feature","id":"CN-GX","properties":{"id":"CN-GX","countryCode":"CN","isoSubdivision":"CN-GX","name":"Guangxi","name_en":"Guangxi","name_ko":"광시 좡족 자치구","type":"Autonomous Region","labelLongitude":108.756,"labelLatitude":23.745,"minZoom":4.6},"geometry":{"type":"MultiPolygon","coordinates":[[[[105.665,23.043],[105.637,23.051],[105.566,23.054],[105.552,23.06],[105.54,23.075],[105.535,23.094],[105.535,23.099],[105.535,23.136],[105.528,23.156],[105.521,23.163],[105.528,23.183],[105.527,23.198],[105.532,23.206],[105.557,23.232],[105.578,23.25],[105.619,23.285],[105.622,23.289],[105.624,23.294],[105.626,23.299],[105.627,23.305],[105.627,23.318],[105.626,23.33],[105.627,23.336],[105.627,23.342],[105.629,23.347],[105.632,23.352],[105.635,23.355],[105.64,23.357],[105.646,23.357],[105.651,23.355],[105.67,23.345],[105.676,23.344],[105.682,23.344],[105.688,23.345],[105.692,23.347],[105.696,23.351],[105.7,23.355],[105.702,23.359],[105.701,23.366],[105.699,23.375],[105.692,23.39],[105.693,23.396],[105.698,23.399],[105.711,23.398],[105.718,23.399],[105.723,23.4],[105.729,23.402],[105.733,23.405],[105.746,23.414],[105.759,23.428],[105.774,23.45],[105.777,23.454],[105.785,23.46],[105.804,23.471],[105.821,23.483],[105.823,23.487],[105.828,23.496],[105.83,23.5],[105.83,23.501],[105.831,23.503],[105.839,23.514],[105.843,23.517],[105.848,23.519],[105.854,23.521],[105.86,23.522],[105.867,23.521],[105.874,23.521],[105.88,23.519],[105.885,23.517],[105.913,23.503],[105.915,23.5],[105.916,23.5],[105.918,23.498],[105.959,23.475],[105.97,23.471],[105.983,23.469],[106.005,23.47],[106.016,23.472],[106.056,23.483],[106.061,23.485],[106.065,23.489],[106.071,23.496],[106.073,23.5],[106.084,23.512],[106.089,23.515],[106.093,23.518],[106.099,23.52],[106.11,23.522],[106.116,23.524],[106.121,23.527],[106.124,23.531],[106.126,23.535],[106.128,23.541],[106.138,23.622],[106.136,23.674],[106.138,23.687],[106.141,23.697],[106.149,23.718],[106.153,23.728],[106.154,23.734],[106.154,23.74],[106.152,23.75],[106.134,23.797],[106.133,23.802],[106.133,23.807],[106.134,23.813],[106.137,23.817],[106.14,23.821],[106.145,23.824],[106.15,23.826],[106.187,23.833],[106.192,23.835],[106.196,23.838],[106.199,23.842],[106.2,23.848],[106.2,23.854],[106.198,23.859],[106.196,23.864],[106.194,23.869],[106.145,23.935],[106.144,23.94],[106.143,23.945],[106.144,23.949],[106.145,23.952],[106.148,23.956],[106.156,23.969],[106.157,23.974],[106.152,23.981],[106.14,23.988],[106.088,24.014],[106.083,24.017],[106.061,24.032],[106.036,24.045],[106.015,24.059],[106.006,24.073],[106.008,24.082],[106.014,24.089],[106.019,24.097],[106.021,24.111],[106.014,24.114],[106.001,24.113],[105.994,24.11],[105.988,24.106],[105.979,24.094],[105.975,24.091],[105.971,24.088],[105.965,24.086],[105.959,24.085],[105.911,24.082],[105.905,24.08],[105.9,24.078],[105.892,24.071],[105.888,24.068],[105.886,24.063],[105.884,24.058],[105.884,24.052],[105.885,24.04],[105.884,24.034],[105.882,24.03],[105.879,24.026],[105.872,24.025],[105.833,24.027],[105.82,24.026],[105.795,24.021],[105.788,24.021],[105.78,24.022],[105.771,24.025],[105.735,24.047],[105.719,24.052],[105.685,24.055],[105.677,24.057],[105.667,24.061],[105.652,24.07],[105.645,24.076],[105.641,24.082],[105.639,24.102],[105.636,24.109],[105.625,24.128],[105.622,24.132],[105.618,24.135],[105.614,24.138],[105.608,24.14],[105.602,24.142],[105.592,24.141],[105.579,24.138],[105.558,24.13],[105.551,24.129],[105.538,24.128],[105.532,24.126],[105.527,24.124],[105.523,24.121],[105.52,24.116],[105.516,24.1],[105.503,24.07],[105.502,24.065],[105.5,24.057],[105.499,24.055],[105.498,24.053],[105.494,24.05],[105.472,24.043],[105.447,24.038],[105.44,24.039],[105.432,24.042],[105.422,24.05],[105.412,24.06],[105.407,24.064],[105.397,24.069],[105.38,24.076],[105.351,24.093],[105.32,24.118],[105.311,24.124],[105.305,24.127],[105.297,24.129],[105.289,24.129],[105.286,24.124],[105.286,24.119],[105.288,24.114],[105.295,24.1],[105.296,24.094],[105.296,24.089],[105.295,24.084],[105.292,24.079],[105.288,24.076],[105.283,24.074],[105.271,24.077],[105.253,24.086],[105.191,24.126],[105.184,24.133],[105.176,24.146],[105.173,24.151],[105.17,24.161],[105.17,24.167],[105.172,24.179],[105.176,24.189],[105.179,24.2],[105.179,24.206],[105.179,24.212],[105.174,24.227],[105.175,24.25],[105.174,24.265],[105.176,24.31],[105.176,24.316],[105.173,24.321],[105.171,24.325],[105.167,24.328],[105.141,24.346],[105.126,24.36],[105.124,24.364],[105.121,24.369],[105.119,24.395],[105.117,24.4],[105.115,24.405],[105.113,24.41],[105.11,24.414],[105.102,24.421],[105.093,24.427],[105.08,24.429],[105.061,24.431],[105.016,24.429],[104.983,24.424],[104.973,24.42],[104.967,24.418],[104.961,24.416],[104.952,24.417],[104.941,24.418],[104.925,24.423],[104.916,24.426],[104.909,24.43],[104.882,24.447],[104.872,24.451],[104.859,24.454],[104.775,24.462],[104.753,24.468],[104.745,24.468],[104.735,24.466],[104.715,24.459],[104.706,24.454],[104.699,24.449],[104.695,24.439],[104.693,24.427],[104.693,24.415],[104.694,24.409],[104.696,24.403],[104.701,24.394],[104.708,24.386],[104.723,24.373],[104.726,24.369],[104.729,24.364],[104.73,24.359],[104.731,24.353],[104.73,24.347],[104.728,24.342],[104.725,24.338],[104.721,24.335],[104.717,24.332],[104.712,24.33],[104.706,24.328],[104.698,24.328],[104.69,24.33],[104.679,24.333],[104.672,24.336],[104.667,24.34],[104.599,24.403],[104.569,24.443],[104.562,24.473],[104.502,24.578],[104.485,24.636],[104.483,24.651],[104.483,24.666],[104.485,24.672],[104.493,24.686],[104.495,24.698],[104.512,24.718],[104.538,24.741],[104.54,24.742],[104.556,24.745],[104.582,24.728],[104.63,24.683],[104.64,24.677],[104.655,24.671],[104.671,24.668],[104.685,24.666],[104.695,24.662],[104.718,24.64],[104.729,24.631],[104.747,24.646],[104.763,24.664],[104.781,24.68],[104.802,24.686],[104.825,24.688],[104.841,24.695],[104.852,24.706],[104.877,24.755],[104.89,24.765],[104.932,24.771],[104.974,24.783],[105,24.793],[105.007,24.795],[105.012,24.797],[105.019,24.803],[105.025,24.815],[105.03,24.838],[105.039,24.855],[105.045,24.88],[105.045,24.889],[105.048,24.895],[105.067,24.913],[105.1,24.954],[105.11,24.96],[105.12,24.963],[105.14,24.972],[105.151,24.974],[105.164,24.979],[105.177,25.001],[105.189,25.009],[105.206,25.004],[105.229,24.989],[105.249,24.971],[105.267,24.938],[105.289,24.933],[105.315,24.936],[105.333,24.94],[105.361,24.953],[105.381,24.957],[105.398,24.95],[105.414,24.941],[105.431,24.934],[105.444,24.924],[105.458,24.866],[105.479,24.837],[105.509,24.817],[105.542,24.81],[105.58,24.812],[105.593,24.811],[105.608,24.803],[105.636,24.784],[105.655,24.781],[105.675,24.79],[105.729,24.753],[105.761,24.743],[105.788,24.716],[105.806,24.707],[105.826,24.709],[105.852,24.729],[105.871,24.734],[105.898,24.733],[105.916,24.729],[105.932,24.718],[106.001,24.648],[106.021,24.642],[106.036,24.655],[106.06,24.693],[106.084,24.715],[106.151,24.76],[106.176,24.782],[106.199,24.83],[106.199,24.877],[106.182,24.921],[106.156,24.96],[106.168,24.965],[106.177,24.963],[106.186,24.959],[106.197,24.96],[106.204,24.966],[106.208,24.973],[106.214,24.979],[106.227,24.981],[106.307,24.981],[106.371,25.004],[106.381,25.012],[106.457,25.036],[106.505,25.071],[106.515,25.077],[106.587,25.104],[106.617,25.127],[106.641,25.153],[106.667,25.174],[106.704,25.179],[106.785,25.18],[106.886,25.197],[106.889,25.199],[106.896,25.207],[106.9,25.217],[106.905,25.24],[106.909,25.248],[106.924,25.255],[106.945,25.256],[106.963,25.25],[106.971,25.235],[106.976,25.239],[106.982,25.24],[106.986,25.243],[106.99,25.247],[106.993,25.251],[106.996,25.255],[107.005,25.281],[107.007,25.287],[107.009,25.292],[107.011,25.304],[107.016,25.342],[107.016,25.348],[107.015,25.353],[107.012,25.358],[107.009,25.362],[106.997,25.373],[106.98,25.398],[106.976,25.408],[106.972,25.425],[106.973,25.432],[106.975,25.44],[106.98,25.446],[106.985,25.449],[106.995,25.453],[106.999,25.456],[107.002,25.459],[107.005,25.463],[107.011,25.481],[107.014,25.488],[107.022,25.498],[107.028,25.503],[107.034,25.506],[107.05,25.511],[107.062,25.517],[107.07,25.522],[107.078,25.528],[107.09,25.528],[107.129,25.523],[107.166,25.527],[107.193,25.536],[107.209,25.546],[107.223,25.558],[107.233,25.562],[107.244,25.559],[107.267,25.541],[107.307,25.501],[107.326,25.476],[107.327,25.47],[107.326,25.466],[107.32,25.457],[107.316,25.448],[107.314,25.442],[107.313,25.436],[107.313,25.43],[107.314,25.424],[107.317,25.419],[107.32,25.415],[107.325,25.413],[107.329,25.41],[107.335,25.408],[107.368,25.403],[107.38,25.399],[107.385,25.397],[107.394,25.391],[107.398,25.387],[107.401,25.383],[107.404,25.379],[107.406,25.374],[107.407,25.362],[107.407,25.342],[107.408,25.33],[107.412,25.321],[107.421,25.307],[107.424,25.303],[107.428,25.3],[107.432,25.297],[107.447,25.289],[107.471,25.284],[107.474,25.282],[107.477,25.28],[107.479,25.276],[107.48,25.272],[107.479,25.267],[107.478,25.265],[107.47,25.253],[107.467,25.248],[107.465,25.243],[107.464,25.237],[107.465,25.231],[107.466,25.226],[107.47,25.222],[107.474,25.219],[107.479,25.217],[107.486,25.215],[107.499,25.214],[107.506,25.215],[107.513,25.217],[107.528,25.224],[107.536,25.231],[107.553,25.25],[107.558,25.254],[107.565,25.259],[107.578,25.264],[107.588,25.267],[107.602,25.267],[107.608,25.27],[107.612,25.274],[107.617,25.29],[107.619,25.295],[107.623,25.3],[107.627,25.306],[107.635,25.311],[107.641,25.313],[107.645,25.311],[107.647,25.306],[107.648,25.301],[107.647,25.296],[107.642,25.279],[107.641,25.273],[107.642,25.268],[107.643,25.262],[107.646,25.257],[107.649,25.253],[107.653,25.249],[107.657,25.246],[107.675,25.234],[107.677,25.23],[107.677,25.225],[107.672,25.216],[107.673,25.211],[107.677,25.206],[107.686,25.202],[107.693,25.203],[107.698,25.205],[107.702,25.208],[107.706,25.212],[107.709,25.215],[107.715,25.219],[107.722,25.222],[107.734,25.227],[107.739,25.227],[107.745,25.226],[107.752,25.22],[107.758,25.211],[107.762,25.201],[107.763,25.196],[107.764,25.187],[107.771,25.162],[107.773,25.157],[107.776,25.153],[107.786,25.149],[107.803,25.146],[107.862,25.146],[107.874,25.148],[107.879,25.151],[107.887,25.157],[107.925,25.192],[107.934,25.198],[107.95,25.204],[107.967,25.209],[108.056,25.211],[108.068,25.213],[108.087,25.222],[108.102,25.23],[108.11,25.236],[108.118,25.244],[108.124,25.252],[108.126,25.257],[108.129,25.269],[108.133,25.344],[108.13,25.374],[108.131,25.381],[108.132,25.386],[108.134,25.391],[108.137,25.395],[108.142,25.398],[108.166,25.41],[108.171,25.413],[108.191,25.43],[108.197,25.436],[108.217,25.47],[108.224,25.477],[108.229,25.48],[108.234,25.482],[108.26,25.492],[108.274,25.5],[108.278,25.504],[108.282,25.507],[108.285,25.511],[108.287,25.517],[108.289,25.528],[108.293,25.539],[108.312,25.537],[108.326,25.529],[108.339,25.52],[108.348,25.517],[108.356,25.515],[108.373,25.516],[108.405,25.515],[108.414,25.512],[108.421,25.509],[108.428,25.501],[108.429,25.5],[108.441,25.486],[108.444,25.483],[108.496,25.447],[108.501,25.442],[108.518,25.418],[108.527,25.399],[108.542,25.381],[108.575,25.327],[108.598,25.311],[108.604,25.343],[108.604,25.366],[108.603,25.373],[108.601,25.378],[108.598,25.383],[108.591,25.393],[108.572,25.41],[108.568,25.416],[108.566,25.424],[108.566,25.435],[108.568,25.447],[108.573,25.458],[108.579,25.468],[108.588,25.475],[108.601,25.483],[108.625,25.494],[108.652,25.501],[108.655,25.504],[108.657,25.512],[108.653,25.518],[108.64,25.53],[108.639,25.537],[108.642,25.55],[108.65,25.563],[108.66,25.576],[108.675,25.59],[108.695,25.602],[108.726,25.613],[108.745,25.613],[108.759,25.609],[108.768,25.599],[108.772,25.587],[108.774,25.574],[108.771,25.56],[108.766,25.542],[108.765,25.535],[108.766,25.528],[108.769,25.524],[108.774,25.522],[108.782,25.521],[108.791,25.522],[108.851,25.539],[108.928,25.55],[108.936,25.55],[108.941,25.549],[108.984,25.515],[108.993,25.512],[109.003,25.514],[109.019,25.523],[109.032,25.533],[109.041,25.543],[109.043,25.553],[109.04,25.564],[109.029,25.584],[109.024,25.595],[109.024,25.611],[109.028,25.652],[109.036,25.685],[109.044,25.709],[109.045,25.717],[109.041,25.72],[109.035,25.721],[109.027,25.72],[108.98,25.704],[108.953,25.691],[108.901,25.657],[108.888,25.652],[108.878,25.65],[108.871,25.653],[108.865,25.658],[108.862,25.665],[108.861,25.673],[108.861,25.681],[108.862,25.69],[108.864,25.697],[108.866,25.702],[108.871,25.707],[108.927,25.76],[108.953,25.776],[108.985,25.785],[109.014,25.787],[109.085,25.805],[109.098,25.803],[109.104,25.796],[109.107,25.783],[109.112,25.766],[109.118,25.756],[109.128,25.749],[109.139,25.748],[109.149,25.751],[109.157,25.758],[109.163,25.771],[109.164,25.783],[109.162,25.795],[109.162,25.804],[109.167,25.809],[109.174,25.809],[109.182,25.803],[109.19,25.794],[109.216,25.753],[109.229,25.738],[109.242,25.731],[109.256,25.728],[109.269,25.729],[109.281,25.731],[109.292,25.736],[109.3,25.743],[109.306,25.769],[109.313,25.785],[109.337,25.825],[109.348,25.86],[109.356,25.876],[109.387,25.901],[109.398,25.913],[109.403,25.935],[109.399,25.945],[109.385,25.96],[109.384,25.97],[109.387,25.981],[109.399,25.999],[109.457,26.039],[109.471,26.046],[109.48,26.049],[109.488,26.05],[109.496,26.049],[109.523,26.039],[109.537,26.037],[109.551,26.036],[109.566,26.038],[109.578,26.043],[109.596,26.052],[109.603,26.053],[109.613,26.046],[109.624,26.036],[109.656,26],[109.658,26],[109.661,26],[109.666,25.995],[109.672,25.985],[109.674,25.963],[109.67,25.949],[109.657,25.926],[109.654,25.916],[109.654,25.906],[109.658,25.899],[109.667,25.892],[109.677,25.889],[109.713,25.89],[109.759,25.903],[109.772,25.908],[109.781,25.916],[109.786,25.926],[109.787,25.944],[109.784,25.958],[109.773,25.992],[109.772,26],[109.772,26.002],[109.772,26.007],[109.775,26.014],[109.781,26.024],[109.793,26.032],[109.804,26.037],[109.838,26.045],[109.85,26.057],[109.864,26.078],[109.903,26.162],[109.912,26.181],[109.927,26.197],[109.959,26.195],[109.967,26.193],[109.978,26.189],[109.985,26.184],[110.002,26.17],[110.004,26.168],[110.011,26.167],[110.043,26.163],[110.055,26.158],[110.062,26.15],[110.063,26.139],[110.058,26.125],[110.037,26.093],[110.028,26.074],[110.024,26.058],[110.026,26.044],[110.034,26.036],[110.053,26.036],[110.081,26.039],[110.138,26.052],[110.165,26.047],[110.181,26.039],[110.189,26.027],[110.206,26.011],[110.213,26.002],[110.222,25.983],[110.233,25.977],[110.247,25.978],[110.281,25.999],[110.288,26.005],[110.299,26.021],[110.342,26.113],[110.346,26.119],[110.353,26.127],[110.383,26.151],[110.396,26.159],[110.41,26.164],[110.432,26.168],[110.454,26.168],[110.476,26.17],[110.485,26.172],[110.492,26.177],[110.537,26.225],[110.543,26.235],[110.546,26.243],[110.546,26.248],[110.546,26.25],[110.543,26.264],[110.542,26.272],[110.545,26.279],[110.553,26.293],[110.556,26.301],[110.555,26.31],[110.551,26.326],[110.552,26.334],[110.554,26.341],[110.563,26.347],[110.577,26.351],[110.641,26.338],[110.674,26.336],[110.689,26.332],[110.698,26.325],[110.701,26.317],[110.697,26.299],[110.697,26.289],[110.704,26.281],[110.713,26.276],[110.724,26.274],[110.879,26.275],[110.897,26.282],[110.906,26.293],[110.915,26.316],[110.926,26.362],[110.93,26.372],[110.935,26.382],[110.942,26.388],[110.947,26.39],[110.965,26.385],[110.972,26.377],[111.001,26.354],[111.006,26.351],[111.033,26.346],[111.039,26.344],[111.123,26.306],[111.136,26.303],[111.163,26.3],[111.187,26.292],[111.204,26.285],[111.211,26.283],[111.216,26.282],[111.237,26.284],[111.242,26.284],[111.247,26.282],[111.252,26.28],[111.271,26.261],[111.273,26.258],[111.275,26.254],[111.277,26.25],[111.274,26.242],[111.268,26.23],[111.259,26.217],[111.257,26.21],[111.247,26.132],[111.232,26.063],[111.224,26.041],[111.202,25.996],[111.195,25.974],[111.194,25.966],[111.194,25.958],[111.197,25.944],[111.199,25.936],[111.202,25.93],[111.229,25.893],[111.243,25.878],[111.256,25.869],[111.267,25.864],[111.279,25.861],[111.285,25.861],[111.291,25.862],[111.296,25.864],[111.3,25.868],[111.301,25.876],[111.302,25.888],[111.303,25.896],[111.307,25.904],[111.311,25.908],[111.317,25.909],[111.323,25.908],[111.335,25.905],[111.342,25.904],[111.371,25.904],[111.408,25.908],[111.447,25.927],[111.454,25.929],[111.456,25.927],[111.457,25.922],[111.452,25.912],[111.451,25.907],[111.455,25.901],[111.474,25.899],[111.476,25.896],[111.473,25.891],[111.422,25.857],[111.418,25.85],[111.416,25.842],[111.417,25.827],[111.415,25.816],[111.411,25.803],[111.4,25.785],[111.385,25.769],[111.371,25.745],[111.366,25.739],[111.361,25.734],[111.356,25.732],[111.35,25.731],[111.329,25.731],[111.324,25.73],[111.32,25.725],[111.318,25.718],[111.319,25.689],[111.319,25.682],[111.317,25.675],[111.314,25.668],[111.308,25.66],[111.305,25.653],[111.303,25.647],[111.305,25.639],[111.324,25.602],[111.326,25.597],[111.326,25.591],[111.318,25.545],[111.318,25.537],[111.319,25.531],[111.32,25.526],[111.321,25.52],[111.32,25.512],[111.316,25.503],[111.306,25.488],[111.292,25.471],[111.29,25.466],[111.288,25.46],[111.288,25.445],[111.287,25.437],[111.283,25.43],[111.254,25.399],[111.25,25.396],[111.244,25.394],[111.238,25.393],[111.217,25.392],[111.2,25.388],[111.189,25.384],[111.18,25.379],[111.171,25.372],[111.164,25.365],[111.161,25.357],[111.159,25.347],[111.157,25.326],[111.154,25.314],[111.147,25.303],[111.142,25.299],[111.137,25.295],[111.117,25.286],[111.113,25.282],[111.111,25.276],[111.112,25.266],[111.116,25.25],[111.116,25.249],[111.115,25.245],[111.114,25.239],[111.106,25.223],[111.099,25.214],[111.07,25.185],[111.061,25.179],[111.047,25.171],[111.042,25.17],[111.011,25.164],[111.005,25.163],[111,25.16],[110.996,25.156],[110.993,25.151],[110.973,25.094],[110.958,25.062],[110.955,25.051],[110.954,25.045],[110.955,25.025],[110.956,25.019],[110.958,25.013],[110.965,25],[110.994,24.965],[111.006,24.935],[111.009,24.931],[111.013,24.928],[111.023,24.921],[111.031,24.918],[111.04,24.919],[111.047,24.921],[111.079,24.944],[111.096,24.975],[111.114,25.027],[111.12,25.038],[111.126,25.044],[111.13,25.046],[111.147,25.053],[111.171,25.065],[111.251,25.135],[111.264,25.144],[111.274,25.148],[111.28,25.146],[111.284,25.143],[111.31,25.117],[111.318,25.112],[111.325,25.113],[111.334,25.115],[111.373,25.134],[111.38,25.135],[111.389,25.135],[111.395,25.133],[111.415,25.123],[111.42,25.12],[111.423,25.116],[111.425,25.111],[111.427,25.106],[111.427,25.1],[111.426,25.095],[111.424,25.089],[111.415,25.07],[111.413,25.065],[111.414,25.06],[111.417,25.056],[111.421,25.052],[111.449,25.036],[111.458,25.029],[111.46,25.024],[111.462,25.019],[111.462,25.014],[111.46,25.008],[111.457,25.001],[111.452,24.994],[111.448,24.984],[111.442,24.975],[111.432,24.962],[111.43,24.958],[111.428,24.953],[111.429,24.948],[111.43,24.943],[111.443,24.917],[111.446,24.906],[111.45,24.884],[111.449,24.878],[111.448,24.873],[111.441,24.859],[111.44,24.854],[111.442,24.85],[111.445,24.846],[111.47,24.82],[111.472,24.816],[111.473,24.81],[111.474,24.805],[111.474,24.799],[111.474,24.793],[111.459,24.749],[111.429,24.698],[111.427,24.693],[111.427,24.687],[111.428,24.681],[111.433,24.677],[111.438,24.675],[111.463,24.672],[111.476,24.667],[111.486,24.66],[111.502,24.647],[111.51,24.643],[111.517,24.643],[111.525,24.648],[111.533,24.655],[111.569,24.7],[111.573,24.703],[111.578,24.705],[111.584,24.705],[111.605,24.704],[111.611,24.705],[111.616,24.707],[111.619,24.711],[111.621,24.716],[111.625,24.734],[111.631,24.751],[111.633,24.755],[111.636,24.76],[111.644,24.767],[111.652,24.773],[111.662,24.778],[111.667,24.78],[111.797,24.76],[111.825,24.761],[111.857,24.764],[111.892,24.764],[111.898,24.764],[111.903,24.766],[111.909,24.769],[111.916,24.772],[111.926,24.775],[111.933,24.775],[111.941,24.774],[111.977,24.764],[111.987,24.759],[111.991,24.755],[111.994,24.751],[111.995,24.747],[111.997,24.736],[111.987,24.729],[111.965,24.723],[111.959,24.721],[111.955,24.719],[111.938,24.706],[111.935,24.702],[111.932,24.698],[111.932,24.693],[111.932,24.686],[111.937,24.673],[111.943,24.661],[111.943,24.656],[111.939,24.652],[111.928,24.647],[111.924,24.642],[111.923,24.633],[111.926,24.616],[111.93,24.608],[111.933,24.601],[111.944,24.591],[111.958,24.582],[111.962,24.579],[111.972,24.567],[111.976,24.564],[111.999,24.559],[112.003,24.557],[112.006,24.553],[112.005,24.545],[112.003,24.534],[111.988,24.499],[111.986,24.49],[111.987,24.479],[111.988,24.472],[111.991,24.466],[112.009,24.442],[112.047,24.381],[112.051,24.371],[112.053,24.366],[112.052,24.359],[112.05,24.352],[112.045,24.343],[112.041,24.337],[112.037,24.333],[111.989,24.294],[111.976,24.277],[111.971,24.273],[111.962,24.273],[111.95,24.277],[111.942,24.276],[111.935,24.274],[111.906,24.25],[111.88,24.24],[111.869,24.232],[111.867,24.227],[111.864,24.221],[111.863,24.214],[111.862,24.205],[111.863,24.198],[111.864,24.193],[111.866,24.188],[111.872,24.179],[111.875,24.175],[111.877,24.166],[111.878,24.153],[111.876,24.099],[111.876,24.093],[111.878,24.081],[111.895,24.04],[111.901,24.015],[111.902,24.002],[111.902,24],[111.901,23.995],[111.899,23.991],[111.884,23.965],[111.88,23.96],[111.868,23.95],[111.859,23.944],[111.85,23.939],[111.823,23.928],[111.817,23.923],[111.808,23.909],[111.793,23.849],[111.79,23.841],[111.783,23.836],[111.78,23.834],[111.775,23.832],[111.763,23.831],[111.757,23.831],[111.75,23.832],[111.738,23.836],[111.717,23.844],[111.704,23.847],[111.697,23.847],[111.666,23.844],[111.658,23.842],[111.637,23.819],[111.63,23.806],[111.614,23.76],[111.612,23.749],[111.611,23.741],[111.612,23.735],[111.614,23.73],[111.616,23.725],[111.619,23.721],[111.622,23.718],[111.626,23.713],[111.629,23.706],[111.63,23.694],[111.626,23.684],[111.622,23.676],[111.61,23.663],[111.606,23.66],[111.601,23.658],[111.55,23.651],[111.534,23.646],[111.49,23.626],[111.479,23.619],[111.471,23.613],[111.468,23.608],[111.466,23.602],[111.471,23.581],[111.472,23.575],[111.472,23.57],[111.469,23.558],[111.464,23.545],[111.446,23.512],[111.391,23.431],[111.385,23.418],[111.386,23.41],[111.38,23.388],[111.37,23.364],[111.366,23.351],[111.365,23.341],[111.37,23.325],[111.37,23.32],[111.369,23.312],[111.363,23.289],[111.362,23.28],[111.363,23.273],[111.371,23.254],[111.374,23.243],[111.376,23.222],[111.378,23.214],[111.384,23.2],[111.386,23.193],[111.386,23.184],[111.383,23.169],[111.376,23.155],[111.37,23.139],[111.37,23.133],[111.371,23.127],[111.372,23.122],[111.378,23.108],[111.381,23.103],[111.384,23.099],[111.392,23.093],[111.405,23.084],[111.409,23.079],[111.412,23.072],[111.413,23.06],[111.411,23.053],[111.407,23.045],[111.401,23.037],[111.393,23.02],[111.389,23.008],[111.386,22.994],[111.384,22.987],[111.38,22.983],[111.374,22.98],[111.37,22.979],[111.361,22.974],[111.357,22.925],[111.351,22.908],[111.344,22.901],[111.322,22.882],[111.277,22.819],[111.269,22.81],[111.25,22.801],[111.231,22.787],[111.211,22.766],[111.201,22.757],[111.192,22.752],[111.181,22.749],[111.066,22.741],[111.056,22.738],[111.052,22.735],[111.053,22.732],[111.056,22.729],[111.071,22.721],[111.075,22.718],[111.079,22.714],[111.082,22.71],[111.083,22.705],[111.08,22.692],[111.058,22.665],[111.031,22.642],[111.024,22.639],[111.019,22.638],[111.013,22.638],[111.007,22.638],[111.002,22.639],[110.998,22.64],[110.989,22.644],[110.981,22.65],[110.975,22.652],[110.967,22.654],[110.956,22.654],[110.949,22.652],[110.944,22.649],[110.941,22.644],[110.936,22.625],[110.931,22.617],[110.926,22.614],[110.918,22.611],[110.889,22.608],[110.87,22.594],[110.856,22.592],[110.835,22.593],[110.829,22.592],[110.823,22.591],[110.819,22.588],[110.813,22.584],[110.799,22.57],[110.793,22.567],[110.786,22.565],[110.78,22.567],[110.776,22.569],[110.764,22.579],[110.76,22.581],[110.755,22.58],[110.75,22.576],[110.746,22.569],[110.743,22.556],[110.743,22.548],[110.744,22.541],[110.745,22.535],[110.745,22.529],[110.742,22.521],[110.733,22.511],[110.73,22.499],[110.727,22.485],[110.723,22.48],[110.715,22.475],[110.707,22.474],[110.701,22.475],[110.692,22.48],[110.687,22.482],[110.682,22.484],[110.678,22.482],[110.675,22.478],[110.676,22.472],[110.679,22.467],[110.695,22.447],[110.701,22.438],[110.703,22.434],[110.704,22.428],[110.704,22.422],[110.704,22.416],[110.696,22.387],[110.696,22.38],[110.696,22.374],[110.697,22.369],[110.7,22.365],[110.704,22.361],[110.718,22.353],[110.75,22.328],[110.763,22.313],[110.769,22.304],[110.773,22.295],[110.774,22.289],[110.775,22.284],[110.772,22.278],[110.766,22.272],[110.755,22.267],[110.747,22.266],[110.739,22.266],[110.732,22.268],[110.696,22.28],[110.692,22.28],[110.687,22.28],[110.682,22.278],[110.676,22.274],[110.671,22.268],[110.662,22.255],[110.651,22.237],[110.646,22.228],[110.645,22.222],[110.644,22.192],[110.643,22.187],[110.642,22.183],[110.637,22.178],[110.629,22.172],[110.61,22.162],[110.599,22.16],[110.591,22.16],[110.573,22.172],[110.564,22.177],[110.558,22.178],[110.552,22.18],[110.546,22.18],[110.539,22.18],[110.532,22.176],[110.523,22.17],[110.499,22.147],[110.494,22.146],[110.489,22.145],[110.483,22.145],[110.476,22.146],[110.471,22.148],[110.467,22.151],[110.414,22.198],[110.41,22.201],[110.405,22.203],[110.4,22.203],[110.396,22.201],[110.388,22.195],[110.383,22.193],[110.378,22.19],[110.373,22.189],[110.366,22.189],[110.339,22.191],[110.334,22.19],[110.331,22.185],[110.33,22.177],[110.337,22.16],[110.341,22.151],[110.345,22.145],[110.348,22.141],[110.351,22.137],[110.354,22.13],[110.355,22.12],[110.355,22.101],[110.345,22.025],[110.344,21.992],[110.351,21.978],[110.38,21.952],[110.375,21.933],[110.377,21.903],[110.375,21.896],[110.369,21.891],[110.363,21.889],[110.356,21.889],[110.336,21.892],[110.322,21.895],[110.299,21.897],[110.276,21.891],[110.244,21.88],[110.228,21.876],[110.216,21.875],[110.204,21.878],[110.178,21.889],[110.142,21.897],[110.123,21.899],[110.106,21.898],[110.09,21.895],[110.052,21.875],[110.044,21.873],[110.035,21.872],[110.019,21.873],[109.985,21.871],[109.975,21.869],[109.967,21.867],[109.963,21.864],[109.96,21.86],[109.957,21.856],[109.952,21.846],[109.95,21.841],[109.917,21.687],[109.915,21.682],[109.911,21.677],[109.894,21.661],[109.887,21.657],[109.879,21.654],[109.867,21.652],[109.827,21.637],[109.808,21.634],[109.802,21.634],[109.796,21.635],[109.791,21.637],[109.787,21.64],[109.777,21.651],[109.773,21.655],[109.768,21.658],[109.761,21.66],[109.756,21.659],[109.751,21.657],[109.746,21.649],[109.744,21.58],[109.748,21.575],[109.748,21.545],[109.76,21.512],[109.773,21.493],[109.773,21.486],[109.766,21.486],[109.766,21.493],[109.76,21.493],[109.741,21.474],[109.709,21.483],[109.65,21.52],[109.66,21.528],[109.668,21.56],[109.677,21.575],[109.673,21.582],[109.672,21.597],[109.67,21.603],[109.674,21.606],[109.677,21.61],[109.678,21.615],[109.677,21.623],[109.659,21.615],[109.637,21.602],[109.625,21.585],[109.636,21.568],[109.629,21.567],[109.622,21.568],[109.616,21.571],[109.608,21.575],[109.608,21.582],[109.613,21.59],[109.614,21.601],[109.611,21.612],[109.605,21.616],[109.603,21.621],[109.615,21.65],[109.594,21.634],[109.585,21.631],[109.581,21.64],[109.58,21.65],[109.576,21.659],[109.569,21.666],[109.561,21.671],[109.564,21.691],[109.568,21.699],[109.561,21.707],[109.568,21.72],[109.582,21.732],[109.594,21.74],[109.594,21.746],[109.583,21.745],[109.575,21.746],[109.569,21.751],[109.568,21.76],[109.493,21.699],[109.498,21.695],[109.501,21.692],[109.503,21.688],[109.506,21.685],[109.503,21.685],[109.496,21.685],[109.493,21.685],[109.493,21.678],[109.499,21.68],[109.513,21.683],[109.52,21.685],[109.521,21.666],[109.506,21.658],[109.485,21.658],[109.465,21.664],[109.465,21.658],[109.53,21.636],[109.541,21.627],[109.543,21.62],[109.573,21.582],[109.571,21.576],[109.565,21.573],[109.561,21.568],[109.562,21.537],[109.561,21.527],[109.557,21.522],[109.543,21.508],[109.541,21.503],[109.531,21.492],[109.486,21.474],[109.472,21.466],[109.467,21.475],[109.466,21.483],[109.468,21.491],[109.472,21.499],[109.464,21.493],[109.455,21.482],[109.447,21.47],[109.444,21.462],[109.438,21.455],[109.424,21.452],[109.344,21.454],[109.335,21.458],[109.321,21.48],[109.316,21.459],[109.299,21.443],[109.278,21.437],[109.259,21.445],[109.254,21.44],[109.25,21.438],[109.248,21.436],[109.245,21.432],[109.239,21.432],[109.237,21.459],[109.239,21.486],[109.227,21.472],[109.22,21.449],[109.215,21.417],[109.172,21.418],[109.157,21.424],[109.149,21.439],[109.144,21.428],[109.145,21.418],[109.149,21.41],[109.156,21.404],[109.139,21.402],[109.096,21.425],[109.077,21.432],[109.05,21.437],[109.04,21.45],[109.044,21.466],[109.06,21.48],[109.083,21.486],[109.11,21.49],[109.133,21.496],[109.143,21.51],[109.142,21.553],[109.136,21.603],[109.129,21.603],[109.124,21.591],[109.116,21.591],[109.107,21.598],[109.101,21.609],[109.095,21.609],[109.087,21.6],[109.078,21.597],[109.07,21.602],[109.067,21.616],[109.06,21.616],[109.057,21.612],[109.046,21.603],[109.05,21.614],[109.055,21.622],[109.067,21.637],[109.067,21.644],[109.048,21.637],[109.014,21.615],[108.992,21.609],[108.97,21.606],[108.959,21.607],[108.945,21.609],[108.928,21.615],[108.921,21.622],[108.907,21.651],[108.902,21.665],[108.897,21.671],[108.892,21.673],[108.875,21.67],[108.869,21.671],[108.857,21.683],[108.855,21.685],[108.855,21.694],[108.86,21.698],[108.866,21.7],[108.869,21.705],[108.864,21.732],[108.861,21.733],[108.865,21.74],[108.867,21.741],[108.87,21.742],[108.876,21.746],[108.886,21.75],[108.917,21.754],[108.922,21.763],[108.924,21.767],[108.917,21.764],[108.904,21.763],[108.897,21.76],[108.903,21.774],[108.894,21.772],[108.886,21.767],[108.881,21.761],[108.876,21.754],[108.869,21.754],[108.861,21.76],[108.861,21.767],[108.867,21.774],[108.876,21.801],[108.869,21.801],[108.858,21.787],[108.855,21.781],[108.85,21.792],[108.851,21.801],[108.855,21.808],[108.861,21.815],[108.841,21.812],[108.801,21.818],[108.78,21.815],[108.789,21.811],[108.821,21.801],[108.817,21.797],[108.816,21.793],[108.816,21.789],[108.814,21.781],[108.833,21.784],[108.843,21.768],[108.844,21.745],[108.835,21.726],[108.829,21.72],[108.822,21.715],[108.817,21.716],[108.814,21.73],[108.814,21.741],[108.812,21.752],[108.806,21.758],[108.793,21.754],[108.799,21.748],[108.801,21.745],[108.8,21.733],[108.797,21.737],[108.795,21.738],[108.793,21.738],[108.787,21.74],[108.793,21.733],[108.79,21.729],[108.786,21.728],[108.783,21.727],[108.78,21.726],[108.8,21.726],[108.8,21.719],[108.793,21.719],[108.793,21.713],[108.817,21.7],[108.834,21.686],[108.839,21.668],[108.821,21.644],[108.842,21.646],[108.852,21.646],[108.861,21.644],[108.85,21.626],[108.834,21.628],[108.815,21.638],[108.796,21.644],[108.787,21.641],[108.782,21.635],[108.778,21.629],[108.773,21.623],[108.763,21.621],[108.746,21.62],[108.739,21.616],[108.745,21.603],[108.733,21.613],[108.731,21.629],[108.728,21.645],[108.711,21.65],[108.711,21.658],[108.733,21.662],[108.74,21.66],[108.745,21.65],[108.752,21.65],[108.752,21.692],[108.742,21.684],[108.74,21.68],[108.739,21.671],[108.732,21.671],[108.713,21.688],[108.715,21.709],[108.725,21.73],[108.725,21.746],[108.718,21.743],[108.711,21.746],[108.7,21.722],[108.694,21.712],[108.683,21.705],[108.675,21.715],[108.654,21.724],[108.649,21.733],[108.659,21.733],[108.667,21.735],[108.683,21.74],[108.683,21.746],[108.665,21.752],[108.653,21.75],[108.646,21.751],[108.649,21.767],[108.656,21.778],[108.665,21.787],[108.673,21.798],[108.677,21.815],[108.67,21.815],[108.667,21.81],[108.66,21.801],[108.656,21.795],[108.65,21.814],[108.649,21.822],[108.642,21.822],[108.643,21.809],[108.642,21.797],[108.64,21.785],[108.636,21.774],[108.629,21.774],[108.623,21.784],[108.622,21.788],[108.615,21.788],[108.625,21.768],[108.629,21.756],[108.629,21.746],[108.594,21.74],[108.594,21.755],[108.598,21.767],[108.608,21.788],[108.581,21.781],[108.569,21.794],[108.571,21.813],[108.584,21.822],[108.601,21.831],[108.622,21.871],[108.636,21.884],[108.636,21.89],[108.623,21.896],[108.594,21.918],[108.594,21.911],[108.592,21.907],[108.59,21.903],[108.588,21.898],[108.583,21.901],[108.58,21.902],[108.567,21.905],[108.571,21.901],[108.574,21.9],[108.577,21.899],[108.581,21.898],[108.57,21.893],[108.56,21.895],[108.554,21.904],[108.553,21.918],[108.558,21.924],[108.567,21.928],[108.574,21.935],[108.573,21.952],[108.567,21.952],[108.567,21.949],[108.567,21.942],[108.567,21.939],[108.56,21.939],[108.558,21.943],[108.553,21.952],[108.551,21.935],[108.546,21.924],[108.538,21.914],[108.526,21.905],[108.521,21.907],[108.505,21.911],[108.505,21.905],[108.511,21.902],[108.513,21.899],[108.515,21.895],[108.519,21.89],[108.502,21.886],[108.485,21.877],[108.478,21.866],[108.491,21.856],[108.463,21.863],[108.461,21.887],[108.478,21.945],[108.47,21.94],[108.465,21.934],[108.461,21.927],[108.458,21.918],[108.457,21.888],[108.449,21.866],[108.456,21.849],[108.47,21.833],[108.485,21.822],[108.482,21.821],[108.471,21.822],[108.472,21.818],[108.474,21.814],[108.476,21.812],[108.478,21.808],[108.488,21.815],[108.497,21.809],[108.503,21.798],[108.505,21.788],[108.502,21.777],[108.496,21.768],[108.491,21.758],[108.491,21.74],[108.482,21.744],[108.476,21.744],[108.47,21.743],[108.463,21.74],[108.475,21.737],[108.487,21.732],[108.497,21.726],[108.505,21.719],[108.505,21.713],[108.491,21.713],[108.492,21.709],[108.494,21.706],[108.495,21.706],[108.498,21.705],[108.496,21.705],[108.494,21.705],[108.478,21.705],[108.478,21.699],[108.486,21.697],[108.496,21.693],[108.505,21.692],[108.505,21.685],[108.501,21.68],[108.502,21.679],[108.505,21.671],[108.513,21.7],[108.52,21.713],[108.533,21.719],[108.531,21.71],[108.526,21.705],[108.521,21.702],[108.519,21.699],[108.518,21.689],[108.521,21.681],[108.519,21.671],[108.524,21.676],[108.528,21.678],[108.531,21.68],[108.533,21.685],[108.537,21.685],[108.539,21.684],[108.539,21.678],[108.542,21.684],[108.553,21.699],[108.56,21.699],[108.565,21.679],[108.557,21.672],[108.545,21.666],[108.539,21.65],[108.549,21.656],[108.553,21.658],[108.547,21.643],[108.536,21.638],[108.523,21.639],[108.512,21.644],[108.512,21.637],[108.517,21.635],[108.521,21.633],[108.525,21.631],[108.533,21.63],[108.531,21.621],[108.527,21.614],[108.521,21.611],[108.512,21.609],[108.517,21.599],[108.519,21.596],[108.49,21.584],[108.481,21.582],[108.48,21.588],[108.482,21.6],[108.489,21.608],[108.505,21.603],[108.505,21.609],[108.491,21.623],[108.479,21.606],[108.472,21.6],[108.463,21.596],[108.47,21.587],[108.471,21.581],[108.467,21.578],[108.458,21.575],[108.458,21.568],[108.461,21.568],[108.471,21.568],[108.471,21.562],[108.42,21.557],[108.402,21.56],[108.39,21.575],[108.391,21.595],[108.407,21.6],[108.421,21.594],[108.416,21.582],[108.432,21.583],[108.439,21.594],[108.444,21.623],[108.438,21.623],[108.432,21.618],[108.428,21.617],[108.422,21.619],[108.416,21.623],[108.416,21.63],[108.421,21.635],[108.427,21.639],[108.435,21.642],[108.444,21.644],[108.441,21.652],[108.448,21.658],[108.459,21.662],[108.471,21.664],[108.471,21.671],[108.423,21.663],[108.41,21.664],[108.424,21.679],[108.427,21.688],[108.424,21.699],[108.421,21.693],[108.414,21.685],[108.41,21.678],[108.408,21.683],[108.407,21.683],[108.403,21.685],[108.398,21.673],[108.386,21.673],[108.338,21.697],[108.336,21.707],[108.341,21.726],[108.322,21.71],[108.311,21.682],[108.313,21.652],[108.328,21.63],[108.306,21.63],[108.311,21.62],[108.314,21.616],[108.306,21.613],[108.301,21.607],[108.297,21.599],[108.293,21.589],[108.309,21.589],[108.314,21.589],[108.314,21.582],[108.307,21.578],[108.29,21.564],[108.286,21.558],[108.284,21.545],[108.278,21.54],[108.269,21.539],[108.259,21.534],[108.226,21.508],[108.211,21.501],[108.21,21.514],[108.219,21.529],[108.245,21.564],[108.252,21.582],[108.253,21.589],[108.253,21.595],[108.249,21.603],[108.242,21.613],[108.227,21.626],[108.228,21.632],[108.238,21.644],[108.217,21.635],[108.21,21.63],[108.21,21.633],[108.21,21.644],[108.206,21.643],[108.201,21.639],[108.197,21.637],[108.205,21.631],[108.209,21.624],[108.209,21.616],[108.204,21.609],[108.204,21.603],[108.21,21.603],[108.176,21.576],[108.158,21.572],[108.135,21.582],[108.128,21.575],[108.132,21.565],[108.128,21.563],[108.121,21.566],[108.115,21.575],[108.106,21.559],[108.093,21.559],[108.078,21.563],[108.066,21.562],[108.077,21.545],[108.071,21.537],[108.057,21.536],[108.032,21.552],[108.017,21.555],[108.002,21.554],[107.991,21.548],[108.027,21.523],[108.04,21.52],[108.019,21.519],[108.011,21.507],[108.014,21.492],[108.022,21.486],[108.036,21.488],[108.048,21.493],[108.061,21.496],[108.081,21.493],[108.081,21.486],[108.043,21.482],[108.017,21.47],[107.971,21.432],[107.964,21.432],[107.965,21.447],[107.973,21.46],[107.991,21.48],[107.991,21.486],[107.944,21.531],[107.931,21.534],[107.896,21.569],[107.868,21.589],[107.855,21.6],[107.844,21.617],[107.84,21.63],[107.832,21.639],[107.812,21.648],[107.778,21.656],[107.76,21.658],[107.745,21.658],[107.729,21.652],[107.69,21.625],[107.672,21.618],[107.613,21.606],[107.593,21.606],[107.551,21.611],[107.533,21.609],[107.527,21.603],[107.518,21.587],[107.51,21.582],[107.501,21.582],[107.491,21.584],[107.474,21.591],[107.461,21.596],[107.457,21.631],[107.446,21.647],[107.426,21.652],[107.41,21.645],[107.383,21.619],[107.348,21.599],[107.334,21.613],[107.33,21.616],[107.303,21.689],[107.273,21.718],[107.244,21.715],[107.212,21.705],[107.172,21.715],[107.095,21.779],[107.066,21.796],[107.024,21.804],[107.003,21.811],[106.989,21.824],[106.987,21.845],[106.998,21.861],[107.012,21.876],[107.021,21.892],[107.02,21.913],[107.009,21.927],[106.992,21.935],[106.971,21.936],[106.954,21.929],[106.938,21.92],[106.92,21.917],[106.899,21.928],[106.885,21.943],[106.877,21.957],[106.865,21.968],[106.841,21.974],[106.799,21.973],[106.782,21.975],[106.761,21.985],[106.756,21.99],[106.748,22],[106.743,22.004],[106.729,22.008],[106.722,22.007],[106.69,21.973],[106.675,21.962],[106.659,21.963],[106.653,21.969],[106.65,21.978],[106.648,21.987],[106.648,21.996],[106.668,22.043],[106.673,22.066],[106.672,22.093],[106.67,22.097],[106.661,22.107],[106.659,22.112],[106.658,22.12],[106.661,22.136],[106.661,22.144],[106.656,22.155],[106.649,22.165],[106.642,22.176],[106.64,22.191],[106.652,22.206],[106.661,22.213],[106.663,22.223],[106.64,22.297],[106.634,22.309],[106.617,22.323],[106.577,22.325],[106.555,22.332],[106.542,22.345],[106.537,22.361],[106.535,22.398],[106.533,22.403],[106.527,22.428],[106.527,22.438],[106.53,22.449],[106.541,22.464],[106.546,22.473],[106.569,22.575],[106.577,22.595],[106.588,22.608],[106.608,22.61],[106.62,22.597],[106.63,22.58],[106.646,22.569],[106.668,22.569],[106.68,22.579],[106.698,22.631],[106.705,22.646],[106.727,22.677],[106.736,22.695],[106.74,22.727],[106.747,22.744],[106.758,22.754],[106.791,22.772],[106.799,22.784],[106.79,22.797],[106.768,22.799],[106.745,22.797],[106.73,22.798],[106.731,22.8],[106.715,22.826],[106.685,22.848],[106.674,22.861],[106.667,22.868],[106.657,22.87],[106.648,22.867],[106.64,22.853],[106.633,22.85],[106.61,22.853],[106.599,22.865],[106.592,22.881],[106.582,22.895],[106.567,22.904],[106.517,22.915],[106.501,22.922],[106.488,22.925],[106.478,22.92],[106.474,22.897],[106.458,22.889],[106.316,22.854],[106.296,22.851],[106.277,22.851],[106.255,22.855],[106.234,22.864],[106.227,22.876],[106.223,22.912],[106.202,22.947],[106.17,22.966],[106.132,22.975],[106.078,22.981],[105.999,22.975],[105.99,22.971],[105.974,22.94],[105.961,22.932],[105.945,22.928],[105.913,22.924],[105.904,22.926],[105.887,22.93],[105.876,22.928],[105.87,22.923],[105.867,22.915],[105.862,22.908],[105.854,22.905],[105.836,22.917],[105.779,22.976],[105.766,22.995],[105.755,23.006],[105.743,23.011],[105.732,23.014],[105.72,23.02],[105.701,23.038],[105.69,23.044],[105.665,23.043]]],[[[109.101,21.021],[109.096,21.022],[109.091,21.042],[109.1,21.061],[109.123,21.065],[109.136,21.051],[109.128,21.032],[109.113,21.027],[109.105,21.024],[109.101,21.021]]]]}},{"type":"Feature","id":"CN-GZ","properties":{"id":"CN-GZ","countryCode":"CN","isoSubdivision":"CN-GZ","name":"Guizhou","name_en":"Guizhou","name_ko":"구이저우성","type":"Province","labelLongitude":106.559,"labelLatitude":26.803,"minZoom":4.6},"geometry":{"type":"Polygon","coordinates":[[[107.496,29.246],[107.502,29.245],[107.509,29.24],[107.515,29.233],[107.532,29.206],[107.539,29.199],[107.548,29.192],[107.557,29.187],[107.58,29.178],[107.632,29.167],[107.661,29.151],[107.671,29.146],[107.682,29.143],[107.693,29.143],[107.75,29.15],[107.766,29.15],[107.778,29.146],[107.783,29.137],[107.786,29.127],[107.787,29.114],[107.783,29.062],[107.786,29.05],[107.79,29.04],[107.801,29.024],[107.812,29.012],[107.829,28.992],[107.838,28.987],[107.85,28.983],[107.863,28.982],[107.875,28.984],[107.896,28.992],[107.907,28.998],[107.917,29.005],[107.991,29.043],[108.055,29.065],[108.166,29.06],[108.286,29.077],[108.293,29.077],[108.296,29.076],[108.298,29.072],[108.292,29.045],[108.302,29.006],[108.341,28.92],[108.342,28.912],[108.34,28.869],[108.342,28.86],[108.35,28.843],[108.361,28.83],[108.372,28.816],[108.376,28.794],[108.367,28.777],[108.329,28.757],[108.321,28.74],[108.321,28.725],[108.323,28.706],[108.33,28.689],[108.345,28.682],[108.364,28.678],[108.406,28.658],[108.485,28.64],[108.506,28.64],[108.51,28.637],[108.515,28.639],[108.525,28.644],[108.53,28.646],[108.539,28.646],[108.544,28.642],[108.551,28.635],[108.56,28.623],[108.573,28.614],[108.579,28.607],[108.582,28.601],[108.584,28.596],[108.584,28.59],[108.579,28.5],[108.583,28.472],[108.584,28.427],[108.578,28.396],[108.579,28.386],[108.583,28.374],[108.594,28.352],[108.601,28.342],[108.607,28.335],[108.618,28.33],[108.63,28.327],[108.644,28.325],[108.658,28.324],[108.665,28.325],[108.67,28.327],[108.675,28.329],[108.679,28.333],[108.681,28.338],[108.682,28.343],[108.68,28.349],[108.678,28.353],[108.668,28.365],[108.666,28.37],[108.665,28.376],[108.666,28.382],[108.67,28.393],[108.671,28.399],[108.671,28.405],[108.67,28.41],[108.668,28.415],[108.665,28.42],[108.645,28.443],[108.642,28.448],[108.641,28.453],[108.641,28.459],[108.642,28.464],[108.646,28.468],[108.65,28.471],[108.655,28.473],[108.69,28.485],[108.696,28.486],[108.704,28.486],[108.712,28.485],[108.723,28.481],[108.73,28.475],[108.736,28.469],[108.743,28.459],[108.749,28.453],[108.776,28.438],[108.781,28.432],[108.784,28.426],[108.783,28.42],[108.781,28.408],[108.775,28.394],[108.755,28.332],[108.751,28.308],[108.728,28.242],[108.727,28.236],[108.728,28.229],[108.731,28.22],[108.736,28.216],[108.743,28.214],[108.748,28.216],[108.753,28.219],[108.761,28.226],[108.765,28.229],[108.77,28.231],[108.777,28.232],[108.791,28.232],[108.805,28.229],[108.842,28.212],[108.847,28.211],[108.854,28.21],[108.861,28.209],[108.867,28.21],[108.879,28.214],[108.891,28.216],[108.898,28.216],[108.904,28.215],[108.911,28.213],[108.943,28.2],[108.949,28.198],[108.963,28.198],[108.976,28.198],[108.99,28.197],[108.996,28.198],[109,28.199],[109.003,28.201],[109.014,28.21],[109.021,28.212],[109.031,28.21],[109.068,28.193],[109.074,28.192],[109.079,28.192],[109.085,28.194],[109.089,28.196],[109.092,28.2],[109.095,28.205],[109.096,28.211],[109.097,28.217],[109.096,28.223],[109.087,28.25],[109.086,28.255],[109.087,28.261],[109.089,28.266],[109.092,28.27],[109.109,28.284],[109.116,28.292],[109.119,28.296],[109.124,28.306],[109.155,28.436],[109.163,28.45],[109.17,28.458],[109.173,28.462],[109.204,28.483],[109.223,28.493],[109.258,28.506],[109.255,28.492],[109.249,28.476],[109.249,28.47],[109.25,28.46],[109.253,28.45],[109.27,28.408],[109.272,28.4],[109.273,28.391],[109.273,28.374],[109.269,28.358],[109.261,28.336],[109.261,28.329],[109.264,28.322],[109.27,28.315],[109.276,28.31],[109.287,28.304],[109.329,28.285],[109.338,28.279],[109.349,28.271],[109.354,28.265],[109.357,28.258],[109.359,28.248],[109.358,28.228],[109.356,28.217],[109.354,28.209],[109.33,28.166],[109.299,28.095],[109.296,28.083],[109.295,28.073],[109.295,28.063],[109.297,28.057],[109.3,28.051],[109.308,28.046],[109.314,28.045],[109.319,28.047],[109.324,28.05],[109.331,28.057],[109.336,28.06],[109.341,28.062],[109.347,28.063],[109.353,28.063],[109.359,28.06],[109.363,28.057],[109.366,28.053],[109.367,28.046],[109.366,28.036],[109.363,28.03],[109.359,28.025],[109.355,28.022],[109.324,28.001],[109.323,28],[109.318,27.992],[109.313,27.982],[109.311,27.976],[109.31,27.97],[109.311,27.964],[109.314,27.957],[109.321,27.951],[109.333,27.945],[109.337,27.943],[109.339,27.94],[109.34,27.935],[109.338,27.93],[109.324,27.92],[109.32,27.917],[109.316,27.913],[109.313,27.908],[109.309,27.898],[109.311,27.888],[109.315,27.874],[109.327,27.848],[109.331,27.835],[109.332,27.825],[109.329,27.813],[109.328,27.808],[109.33,27.801],[109.335,27.792],[109.346,27.779],[109.351,27.771],[109.359,27.761],[109.373,27.752],[109.413,27.739],[109.414,27.714],[109.42,27.701],[109.428,27.695],[109.433,27.688],[109.443,27.672],[109.446,27.659],[109.447,27.65],[109.445,27.636],[109.444,27.628],[109.445,27.601],[109.444,27.598],[109.442,27.591],[109.441,27.588],[109.435,27.579],[109.427,27.567],[109.418,27.56],[109.318,27.501],[109.284,27.446],[109.277,27.439],[109.272,27.436],[109.266,27.435],[109.259,27.435],[109.245,27.436],[109.206,27.445],[109.198,27.443],[109.188,27.438],[109.178,27.425],[109.171,27.42],[109.163,27.417],[109.146,27.415],[109.136,27.411],[109.131,27.406],[109.127,27.398],[109.125,27.388],[109.117,27.371],[109.015,27.262],[109.006,27.257],[109.001,27.256],[108.98,27.252],[108.969,27.249],[108.964,27.246],[108.9,27.189],[108.893,27.173],[108.897,27.147],[108.896,27.141],[108.894,27.135],[108.89,27.131],[108.882,27.124],[108.873,27.119],[108.858,27.111],[108.853,27.109],[108.847,27.108],[108.804,27.107],[108.798,27.105],[108.793,27.103],[108.79,27.099],[108.788,27.094],[108.788,27.088],[108.791,27.083],[108.798,27.079],[108.82,27.068],[108.833,27.059],[108.874,27.018],[108.883,27.012],[108.892,27.009],[108.904,27.01],[108.941,27.023],[108.95,27.027],[108.957,27.033],[108.961,27.039],[108.967,27.055],[108.971,27.062],[108.977,27.07],[108.983,27.076],[108.991,27.083],[109.008,27.094],[109.024,27.102],[109.034,27.106],[109.095,27.134],[109.107,27.138],[109.113,27.138],[109.119,27.138],[109.122,27.135],[109.124,27.131],[109.122,27.124],[109.119,27.119],[109.112,27.111],[109.11,27.106],[109.11,27.1],[109.112,27.093],[109.12,27.084],[109.128,27.08],[109.135,27.078],[109.148,27.078],[109.153,27.079],[109.156,27.08],[109.169,27.087],[109.177,27.093],[109.199,27.115],[109.211,27.133],[109.218,27.148],[109.222,27.151],[109.226,27.153],[109.231,27.152],[109.259,27.135],[109.264,27.133],[109.27,27.132],[109.276,27.133],[109.299,27.146],[109.322,27.152],[109.336,27.154],[109.382,27.152],[109.396,27.15],[109.408,27.146],[109.419,27.142],[109.438,27.131],[109.442,27.127],[109.446,27.121],[109.451,27.111],[109.457,27.1],[109.46,27.096],[109.468,27.089],[109.481,27.079],[109.499,27.062],[109.501,27.06],[109.504,27.054],[109.507,27.045],[109.509,27.032],[109.507,27.02],[109.506,27.002],[109.508,26.992],[109.508,26.985],[109.507,26.976],[109.503,26.964],[109.498,26.953],[109.494,26.945],[109.49,26.941],[109.478,26.931],[109.464,26.923],[109.46,26.919],[109.457,26.916],[109.451,26.908],[109.444,26.901],[109.444,26.898],[109.445,26.892],[109.451,26.883],[109.456,26.878],[109.462,26.877],[109.479,26.882],[109.485,26.882],[109.491,26.882],[109.496,26.88],[109.5,26.878],[109.502,26.876],[109.52,26.858],[109.521,26.853],[109.521,26.845],[109.516,26.834],[109.51,26.828],[109.505,26.825],[109.467,26.804],[109.397,26.755],[109.387,26.75],[109.376,26.746],[109.369,26.745],[109.342,26.742],[109.335,26.741],[109.315,26.733],[109.304,26.731],[109.294,26.727],[109.287,26.724],[109.283,26.719],[109.281,26.711],[109.283,26.703],[109.291,26.691],[109.297,26.684],[109.302,26.681],[109.319,26.676],[109.324,26.674],[109.342,26.67],[109.348,26.669],[109.362,26.66],[109.37,26.654],[109.377,26.646],[109.407,26.597],[109.408,26.589],[109.409,26.578],[109.407,26.557],[109.405,26.546],[109.403,26.537],[109.386,26.51],[109.378,26.5],[109.356,26.481],[109.33,26.448],[109.327,26.444],[109.32,26.436],[109.315,26.426],[109.294,26.359],[109.292,26.353],[109.292,26.345],[109.292,26.338],[109.297,26.313],[109.3,26.306],[109.305,26.299],[109.316,26.289],[109.323,26.284],[109.33,26.28],[109.399,26.27],[109.404,26.267],[109.407,26.264],[109.405,26.258],[109.39,26.242],[109.388,26.238],[109.385,26.233],[109.384,26.227],[109.385,26.22],[109.389,26.212],[109.397,26.203],[109.408,26.193],[109.41,26.188],[109.412,26.181],[109.415,26.168],[109.418,26.158],[109.423,26.144],[109.426,26.133],[109.428,26.116],[109.428,26.099],[109.433,26.081],[109.457,26.039],[109.399,25.999],[109.387,25.981],[109.384,25.97],[109.385,25.96],[109.399,25.945],[109.403,25.935],[109.398,25.913],[109.387,25.901],[109.356,25.876],[109.348,25.86],[109.337,25.825],[109.313,25.785],[109.306,25.769],[109.3,25.743],[109.292,25.736],[109.281,25.731],[109.269,25.729],[109.256,25.728],[109.242,25.731],[109.229,25.738],[109.216,25.753],[109.19,25.794],[109.182,25.803],[109.174,25.809],[109.167,25.809],[109.162,25.804],[109.162,25.795],[109.164,25.783],[109.163,25.771],[109.157,25.758],[109.149,25.751],[109.139,25.748],[109.128,25.749],[109.118,25.756],[109.112,25.766],[109.107,25.783],[109.104,25.796],[109.098,25.803],[109.085,25.805],[109.014,25.787],[108.985,25.785],[108.953,25.776],[108.927,25.76],[108.871,25.707],[108.866,25.702],[108.864,25.697],[108.862,25.69],[108.861,25.681],[108.861,25.673],[108.862,25.665],[108.865,25.658],[108.871,25.653],[108.878,25.65],[108.888,25.652],[108.901,25.657],[108.953,25.691],[108.98,25.704],[109.027,25.72],[109.035,25.721],[109.041,25.72],[109.045,25.717],[109.044,25.709],[109.036,25.685],[109.028,25.652],[109.024,25.611],[109.024,25.595],[109.029,25.584],[109.04,25.564],[109.043,25.553],[109.041,25.543],[109.032,25.533],[109.019,25.523],[109.003,25.514],[108.993,25.512],[108.984,25.515],[108.941,25.549],[108.936,25.55],[108.928,25.55],[108.851,25.539],[108.791,25.522],[108.782,25.521],[108.774,25.522],[108.769,25.524],[108.766,25.528],[108.765,25.535],[108.766,25.542],[108.771,25.56],[108.774,25.574],[108.772,25.587],[108.768,25.599],[108.759,25.609],[108.745,25.613],[108.726,25.613],[108.695,25.602],[108.675,25.59],[108.66,25.576],[108.65,25.563],[108.642,25.55],[108.639,25.537],[108.64,25.53],[108.653,25.518],[108.657,25.512],[108.655,25.504],[108.652,25.501],[108.625,25.494],[108.601,25.483],[108.588,25.475],[108.579,25.468],[108.573,25.458],[108.568,25.447],[108.566,25.435],[108.566,25.424],[108.568,25.416],[108.572,25.41],[108.591,25.393],[108.598,25.383],[108.601,25.378],[108.603,25.373],[108.604,25.366],[108.604,25.343],[108.598,25.311],[108.575,25.327],[108.542,25.381],[108.527,25.399],[108.518,25.418],[108.501,25.442],[108.496,25.447],[108.444,25.483],[108.441,25.486],[108.429,25.5],[108.428,25.501],[108.421,25.509],[108.414,25.512],[108.405,25.515],[108.373,25.516],[108.356,25.515],[108.348,25.517],[108.339,25.52],[108.326,25.529],[108.312,25.537],[108.293,25.539],[108.289,25.528],[108.287,25.517],[108.285,25.511],[108.282,25.507],[108.278,25.504],[108.274,25.5],[108.26,25.492],[108.234,25.482],[108.229,25.48],[108.224,25.477],[108.217,25.47],[108.197,25.436],[108.191,25.43],[108.171,25.413],[108.166,25.41],[108.142,25.398],[108.137,25.395],[108.134,25.391],[108.132,25.386],[108.131,25.381],[108.13,25.374],[108.133,25.344],[108.129,25.269],[108.126,25.257],[108.124,25.252],[108.118,25.244],[108.11,25.236],[108.102,25.23],[108.087,25.222],[108.068,25.213],[108.056,25.211],[107.967,25.209],[107.95,25.204],[107.934,25.198],[107.925,25.192],[107.887,25.157],[107.879,25.151],[107.874,25.148],[107.862,25.146],[107.803,25.146],[107.786,25.149],[107.776,25.153],[107.773,25.157],[107.771,25.162],[107.764,25.187],[107.763,25.196],[107.762,25.201],[107.758,25.211],[107.752,25.22],[107.745,25.226],[107.739,25.227],[107.734,25.227],[107.722,25.222],[107.715,25.219],[107.709,25.215],[107.706,25.212],[107.702,25.208],[107.698,25.205],[107.693,25.203],[107.686,25.202],[107.677,25.206],[107.673,25.211],[107.672,25.216],[107.677,25.225],[107.677,25.23],[107.675,25.234],[107.657,25.246],[107.653,25.249],[107.649,25.253],[107.646,25.257],[107.643,25.262],[107.642,25.268],[107.641,25.273],[107.642,25.279],[107.647,25.296],[107.648,25.301],[107.647,25.306],[107.645,25.311],[107.641,25.313],[107.635,25.311],[107.627,25.306],[107.623,25.3],[107.619,25.295],[107.617,25.29],[107.612,25.274],[107.608,25.27],[107.602,25.267],[107.588,25.267],[107.578,25.264],[107.565,25.259],[107.558,25.254],[107.553,25.25],[107.536,25.231],[107.528,25.224],[107.513,25.217],[107.506,25.215],[107.499,25.214],[107.486,25.215],[107.479,25.217],[107.474,25.219],[107.47,25.222],[107.466,25.226],[107.465,25.231],[107.464,25.237],[107.465,25.243],[107.467,25.248],[107.47,25.253],[107.478,25.265],[107.479,25.267],[107.48,25.272],[107.479,25.276],[107.477,25.28],[107.474,25.282],[107.471,25.284],[107.447,25.289],[107.432,25.297],[107.428,25.3],[107.424,25.303],[107.421,25.307],[107.412,25.321],[107.408,25.33],[107.407,25.342],[107.407,25.362],[107.406,25.374],[107.404,25.379],[107.401,25.383],[107.398,25.387],[107.394,25.391],[107.385,25.397],[107.38,25.399],[107.368,25.403],[107.335,25.408],[107.329,25.41],[107.325,25.413],[107.32,25.415],[107.317,25.419],[107.314,25.424],[107.313,25.43],[107.313,25.436],[107.314,25.442],[107.316,25.448],[107.32,25.457],[107.326,25.466],[107.327,25.47],[107.326,25.476],[107.307,25.501],[107.267,25.541],[107.244,25.559],[107.233,25.562],[107.223,25.558],[107.209,25.546],[107.193,25.536],[107.166,25.527],[107.129,25.523],[107.09,25.528],[107.078,25.528],[107.07,25.522],[107.062,25.517],[107.05,25.511],[107.034,25.506],[107.028,25.503],[107.022,25.498],[107.014,25.488],[107.011,25.481],[107.005,25.463],[107.002,25.459],[106.999,25.456],[106.995,25.453],[106.985,25.449],[106.98,25.446],[106.975,25.44],[106.973,25.432],[106.972,25.425],[106.976,25.408],[106.98,25.398],[106.997,25.373],[107.009,25.362],[107.012,25.358],[107.015,25.353],[107.016,25.348],[107.016,25.342],[107.011,25.304],[107.009,25.292],[107.007,25.287],[107.005,25.281],[106.996,25.255],[106.993,25.251],[106.99,25.247],[106.986,25.243],[106.982,25.24],[106.976,25.239],[106.971,25.235],[106.963,25.25],[106.945,25.256],[106.924,25.255],[106.909,25.248],[106.905,25.24],[106.9,25.217],[106.896,25.207],[106.889,25.199],[106.886,25.197],[106.785,25.18],[106.704,25.179],[106.667,25.174],[106.641,25.153],[106.617,25.127],[106.587,25.104],[106.515,25.077],[106.505,25.071],[106.457,25.036],[106.381,25.012],[106.371,25.004],[106.307,24.981],[106.227,24.981],[106.214,24.979],[106.208,24.973],[106.204,24.966],[106.197,24.96],[106.186,24.959],[106.177,24.963],[106.168,24.965],[106.156,24.96],[106.182,24.921],[106.199,24.877],[106.199,24.83],[106.176,24.782],[106.151,24.76],[106.084,24.715],[106.06,24.693],[106.036,24.655],[106.021,24.642],[106.001,24.648],[105.932,24.718],[105.916,24.729],[105.898,24.733],[105.871,24.734],[105.852,24.729],[105.826,24.709],[105.806,24.707],[105.788,24.716],[105.761,24.743],[105.729,24.753],[105.675,24.79],[105.655,24.781],[105.636,24.784],[105.608,24.803],[105.593,24.811],[105.58,24.812],[105.542,24.81],[105.509,24.817],[105.479,24.837],[105.458,24.866],[105.444,24.924],[105.431,24.934],[105.414,24.941],[105.398,24.95],[105.381,24.957],[105.361,24.953],[105.333,24.94],[105.315,24.936],[105.289,24.933],[105.267,24.938],[105.249,24.971],[105.229,24.989],[105.206,25.004],[105.189,25.009],[105.177,25.001],[105.164,24.979],[105.151,24.974],[105.14,24.972],[105.12,24.963],[105.11,24.96],[105.1,24.954],[105.067,24.913],[105.048,24.895],[105.045,24.889],[105.045,24.88],[105.039,24.855],[105.03,24.838],[105.025,24.815],[105.019,24.803],[105.012,24.797],[105.007,24.795],[105,24.793],[104.974,24.783],[104.932,24.771],[104.89,24.765],[104.877,24.755],[104.852,24.706],[104.841,24.695],[104.825,24.688],[104.802,24.686],[104.781,24.68],[104.763,24.664],[104.747,24.646],[104.729,24.631],[104.718,24.64],[104.695,24.662],[104.685,24.666],[104.671,24.668],[104.655,24.671],[104.64,24.677],[104.63,24.683],[104.582,24.728],[104.556,24.745],[104.54,24.742],[104.54,24.743],[104.546,24.813],[104.552,24.834],[104.572,24.85],[104.6,24.89],[104.606,24.896],[104.613,24.9],[104.627,24.914],[104.658,24.958],[104.671,24.969],[104.674,24.972],[104.68,24.977],[104.701,24.999],[104.705,25.009],[104.707,25.017],[104.705,25.03],[104.701,25.041],[104.693,25.061],[104.689,25.074],[104.688,25.087],[104.689,25.101],[104.691,25.109],[104.694,25.115],[104.714,25.149],[104.717,25.159],[104.719,25.169],[104.719,25.175],[104.717,25.188],[104.717,25.197],[104.72,25.211],[104.726,25.216],[104.732,25.219],[104.761,25.219],[104.768,25.22],[104.774,25.223],[104.78,25.228],[104.787,25.237],[104.789,25.244],[104.789,25.251],[104.787,25.256],[104.783,25.259],[104.778,25.262],[104.754,25.268],[104.718,25.272],[104.714,25.273],[104.691,25.282],[104.677,25.29],[104.669,25.297],[104.612,25.356],[104.604,25.363],[104.595,25.368],[104.566,25.381],[104.558,25.422],[104.554,25.485],[104.546,25.501],[104.535,25.508],[104.524,25.506],[104.497,25.494],[104.485,25.492],[104.468,25.491],[104.437,25.499],[104.433,25.501],[104.433,25.507],[104.432,25.557],[104.43,25.571],[104.422,25.579],[104.394,25.59],[104.378,25.598],[104.374,25.601],[104.35,25.614],[104.335,25.624],[104.321,25.636],[104.313,25.645],[104.309,25.652],[104.307,25.658],[104.306,25.665],[104.306,25.678],[104.308,25.69],[104.308,25.71],[104.299,25.746],[104.299,25.755],[104.3,25.761],[104.303,25.765],[104.308,25.767],[104.313,25.767],[104.318,25.766],[104.349,25.752],[104.355,25.75],[104.361,25.75],[104.367,25.75],[104.372,25.753],[104.376,25.756],[104.383,25.764],[104.388,25.772],[104.391,25.78],[104.394,25.791],[104.417,25.846],[104.421,25.857],[104.422,25.875],[104.421,25.893],[104.419,25.902],[104.416,25.909],[104.412,25.912],[104.407,25.915],[104.402,25.92],[104.397,25.926],[104.39,25.937],[104.39,25.944],[104.393,25.948],[104.414,25.957],[104.437,25.964],[104.442,25.966],[104.451,25.972],[104.463,25.982],[104.499,26.031],[104.501,26.044],[104.501,26.06],[104.503,26.07],[104.505,26.077],[104.514,26.095],[104.517,26.108],[104.517,26.115],[104.515,26.122],[104.509,26.135],[104.505,26.147],[104.505,26.155],[104.506,26.161],[104.509,26.166],[104.527,26.183],[104.532,26.191],[104.535,26.198],[104.541,26.23],[104.541,26.252],[104.543,26.263],[104.545,26.27],[104.561,26.291],[104.612,26.328],[104.637,26.341],[104.645,26.347],[104.648,26.351],[104.654,26.36],[104.66,26.368],[104.664,26.372],[104.668,26.375],[104.672,26.378],[104.676,26.379],[104.677,26.38],[104.677,26.382],[104.676,26.383],[104.675,26.385],[104.668,26.395],[104.664,26.404],[104.655,26.431],[104.653,26.436],[104.646,26.444],[104.642,26.447],[104.639,26.451],[104.636,26.458],[104.633,26.466],[104.631,26.483],[104.629,26.492],[104.627,26.498],[104.624,26.5],[104.623,26.5],[104.62,26.502],[104.598,26.525],[104.582,26.539],[104.578,26.544],[104.576,26.55],[104.574,26.563],[104.573,26.569],[104.571,26.574],[104.568,26.578],[104.564,26.582],[104.559,26.585],[104.553,26.588],[104.545,26.591],[104.532,26.594],[104.523,26.593],[104.515,26.592],[104.505,26.589],[104.5,26.588],[104.496,26.588],[104.489,26.59],[104.482,26.593],[104.473,26.602],[104.466,26.613],[104.465,26.617],[104.464,26.627],[104.463,26.653],[104.462,26.658],[104.46,26.663],[104.437,26.705],[104.434,26.709],[104.43,26.713],[104.424,26.716],[104.417,26.718],[104.405,26.719],[104.398,26.717],[104.393,26.714],[104.39,26.709],[104.389,26.704],[104.386,26.686],[104.384,26.68],[104.381,26.676],[104.359,26.648],[104.355,26.644],[104.351,26.641],[104.346,26.638],[104.336,26.633],[104.331,26.631],[104.324,26.63],[104.318,26.629],[104.231,26.625],[104.224,26.625],[104.218,26.627],[104.168,26.648],[104.16,26.65],[104.153,26.651],[104.147,26.651],[104.14,26.65],[104.134,26.648],[104.124,26.644],[104.119,26.641],[104.111,26.634],[104.08,26.6],[104.077,26.596],[104.055,26.56],[104.051,26.55],[104.047,26.533],[104.045,26.528],[104.041,26.524],[104.033,26.518],[104.027,26.515],[104.02,26.514],[103.996,26.518],[103.916,26.518],[103.906,26.519],[103.883,26.524],[103.86,26.532],[103.829,26.547],[103.787,26.577],[103.781,26.583],[103.776,26.591],[103.762,26.616],[103.759,26.623],[103.758,26.629],[103.758,26.638],[103.763,26.663],[103.762,26.688],[103.763,26.694],[103.775,26.732],[103.775,26.737],[103.772,26.74],[103.766,26.741],[103.749,26.736],[103.743,26.735],[103.737,26.736],[103.733,26.741],[103.731,26.747],[103.73,26.758],[103.725,26.78],[103.717,26.799],[103.715,26.816],[103.716,26.826],[103.718,26.832],[103.722,26.836],[103.725,26.84],[103.727,26.845],[103.73,26.857],[103.733,26.861],[103.738,26.863],[103.75,26.864],[103.772,26.872],[103.776,26.875],[103.778,26.88],[103.777,26.887],[103.774,26.897],[103.771,26.912],[103.772,26.918],[103.773,26.923],[103.779,26.938],[103.78,26.944],[103.78,26.95],[103.778,26.956],[103.774,26.962],[103.77,26.967],[103.759,26.976],[103.756,26.982],[103.753,26.994],[103.752,27],[103.751,27],[103.751,27.001],[103.749,27.005],[103.739,27.016],[103.73,27.029],[103.723,27.036],[103.711,27.047],[103.706,27.05],[103.701,27.052],[103.692,27.052],[103.685,27.049],[103.675,27.04],[103.659,27.028],[103.637,27.018],[103.607,27.05],[103.597,27.064],[103.596,27.07],[103.596,27.076],[103.599,27.083],[103.603,27.088],[103.607,27.092],[103.623,27.105],[103.661,27.127],[103.695,27.152],[103.798,27.255],[103.819,27.272],[103.859,27.315],[103.895,27.374],[103.902,27.383],[103.906,27.387],[103.911,27.39],[103.924,27.395],[103.94,27.399],[103.954,27.401],[103.968,27.402],[103.975,27.401],[103.981,27.4],[103.986,27.397],[103.995,27.392],[104.001,27.387],[104.014,27.373],[104.03,27.359],[104.047,27.346],[104.067,27.336],[104.095,27.325],[104.124,27.31],[104.141,27.298],[104.156,27.284],[104.168,27.274],[104.174,27.272],[104.185,27.272],[104.203,27.276],[104.238,27.295],[104.245,27.301],[104.248,27.306],[104.249,27.311],[104.25,27.318],[104.247,27.35],[104.253,27.359],[104.264,27.371],[104.314,27.407],[104.325,27.422],[104.331,27.43],[104.344,27.441],[104.353,27.446],[104.361,27.447],[104.366,27.445],[104.37,27.441],[104.374,27.437],[104.402,27.393],[104.444,27.347],[104.452,27.341],[104.469,27.332],[104.51,27.319],[104.516,27.318],[104.522,27.318],[104.548,27.321],[104.594,27.314],[104.619,27.316],[104.69,27.329],[104.705,27.329],[104.711,27.327],[104.722,27.322],[104.73,27.32],[104.743,27.32],[104.752,27.322],[104.77,27.329],[104.777,27.331],[104.783,27.332],[104.79,27.332],[104.797,27.331],[104.802,27.329],[104.812,27.324],[104.83,27.312],[104.844,27.308],[104.856,27.307],[104.864,27.308],[104.871,27.31],[104.909,27.331],[104.914,27.334],[104.923,27.34],[104.928,27.342],[104.991,27.362],[104.998,27.368],[105.022,27.39],[105.028,27.394],[105.051,27.406],[105.069,27.411],[105.083,27.413],[105.125,27.409],[105.166,27.395],[105.174,27.394],[105.186,27.393],[105.193,27.395],[105.197,27.399],[105.199,27.404],[105.198,27.422],[105.2,27.427],[105.203,27.431],[105.214,27.442],[105.217,27.446],[105.219,27.451],[105.22,27.457],[105.222,27.477],[105.221,27.489],[105.222,27.495],[105.223,27.5],[105.24,27.521],[105.243,27.525],[105.245,27.531],[105.246,27.543],[105.246,27.583],[105.248,27.588],[105.251,27.592],[105.264,27.609],[105.267,27.613],[105.278,27.638],[105.284,27.66],[105.291,27.703],[105.297,27.722],[105.314,27.721],[105.33,27.729],[105.361,27.76],[105.368,27.764],[105.396,27.768],[105.455,27.782],[105.48,27.784],[105.513,27.779],[105.52,27.777],[105.524,27.775],[105.553,27.745],[105.56,27.741],[105.568,27.737],[105.592,27.73],[105.599,27.726],[105.603,27.723],[105.609,27.715],[105.622,27.691],[105.626,27.686],[105.631,27.682],[105.64,27.678],[105.647,27.678],[105.667,27.684],[105.691,27.686],[105.704,27.689],[105.712,27.691],[105.723,27.703],[105.726,27.707],[105.732,27.711],[105.74,27.716],[105.757,27.72],[105.772,27.721],[105.819,27.717],[105.833,27.717],[105.843,27.719],[105.847,27.722],[105.856,27.73],[105.876,27.745],[105.905,27.754],[105.915,27.755],[105.923,27.754],[105.927,27.751],[105.939,27.749],[106.005,27.752],[106.039,27.757],[106.044,27.76],[106.056,27.769],[106.07,27.778],[106.085,27.785],[106.095,27.787],[106.104,27.788],[106.131,27.784],[106.181,27.77],[106.207,27.767],[106.229,27.769],[106.236,27.771],[106.248,27.775],[106.286,27.796],[106.299,27.806],[106.33,27.821],[106.34,27.828],[106.345,27.835],[106.345,27.845],[106.339,27.866],[106.33,27.887],[106.315,27.916],[106.311,27.926],[106.309,27.938],[106.306,27.979],[106.303,27.991],[106.3,27.997],[106.299,28],[106.292,28.009],[106.269,28.027],[106.215,28.056],[106.211,28.061],[106.208,28.066],[106.201,28.094],[106.2,28.107],[106.202,28.116],[106.201,28.121],[106.199,28.124],[106.181,28.142],[106.173,28.148],[106.164,28.154],[106.133,28.169],[106.121,28.173],[106.109,28.175],[106.097,28.173],[106.092,28.172],[106.055,28.156],[106.038,28.151],[106.028,28.146],[106.017,28.142],[106.009,28.14],[106.002,28.14],[105.997,28.14],[105.956,28.155],[105.945,28.156],[105.935,28.155],[105.922,28.152],[105.906,28.151],[105.892,28.154],[105.882,28.162],[105.876,28.174],[105.871,28.193],[105.872,28.208],[105.875,28.222],[105.881,28.236],[105.879,28.245],[105.874,28.252],[105.866,28.258],[105.847,28.269],[105.835,28.273],[105.809,28.278],[105.798,28.282],[105.77,28.3],[105.76,28.304],[105.748,28.306],[105.723,28.302],[105.71,28.302],[105.699,28.304],[105.688,28.308],[105.667,28.318],[105.658,28.324],[105.652,28.331],[105.65,28.34],[105.658,28.358],[105.661,28.369],[105.656,28.441],[105.651,28.453],[105.644,28.462],[105.627,28.475],[105.621,28.482],[105.619,28.491],[105.623,28.5],[105.63,28.506],[105.65,28.517],[105.658,28.525],[105.664,28.534],[105.667,28.545],[105.67,28.561],[105.676,28.574],[105.679,28.579],[105.683,28.583],[105.706,28.598],[105.72,28.604],[105.73,28.604],[105.773,28.589],[105.785,28.589],[105.829,28.603],[105.841,28.604],[105.868,28.604],[105.881,28.605],[105.892,28.609],[105.9,28.622],[105.908,28.64],[105.917,28.675],[105.924,28.693],[105.931,28.706],[105.939,28.714],[105.955,28.734],[105.965,28.751],[105.975,28.755],[105.984,28.754],[106.078,28.669],[106.123,28.639],[106.145,28.63],[106.154,28.624],[106.172,28.598],[106.179,28.59],[106.189,28.585],[106.269,28.557],[106.279,28.552],[106.287,28.545],[106.294,28.537],[106.298,28.527],[106.301,28.517],[106.301,28.508],[106.299,28.497],[106.298,28.492],[106.3,28.483],[106.305,28.476],[106.314,28.471],[106.326,28.471],[106.339,28.48],[106.372,28.523],[106.38,28.541],[106.383,28.554],[106.382,28.572],[106.407,28.566],[106.453,28.542],[106.474,28.537],[106.489,28.541],[106.492,28.556],[106.483,28.588],[106.483,28.606],[106.489,28.617],[106.51,28.639],[106.515,28.649],[106.52,28.661],[106.522,28.673],[106.522,28.685],[106.52,28.696],[106.514,28.71],[106.477,28.768],[106.469,28.782],[106.463,28.8],[106.461,28.819],[106.466,28.83],[106.476,28.835],[106.489,28.832],[106.498,28.826],[106.504,28.82],[106.511,28.81],[106.52,28.8],[106.562,28.767],[106.57,28.757],[106.576,28.749],[106.598,28.698],[106.624,28.658],[106.628,28.648],[106.626,28.637],[106.619,28.624],[106.612,28.613],[106.595,28.578],[106.59,28.57],[106.558,28.534],[106.554,28.528],[106.553,28.521],[106.555,28.515],[106.562,28.511],[106.575,28.512],[106.608,28.52],[106.63,28.522],[106.645,28.519],[106.656,28.513],[106.665,28.502],[106.666,28.5],[106.669,28.498],[106.694,28.483],[106.713,28.48],[106.73,28.483],[106.743,28.493],[106.748,28.498],[106.75,28.502],[106.752,28.526],[106.751,28.562],[106.754,28.578],[106.762,28.591],[106.774,28.593],[106.788,28.59],[106.803,28.588],[106.817,28.595],[106.829,28.609],[106.837,28.623],[106.843,28.637],[106.846,28.647],[106.848,28.658],[106.849,28.667],[106.848,28.679],[106.847,28.693],[106.835,28.731],[106.837,28.751],[106.849,28.773],[106.889,28.801],[106.912,28.811],[106.927,28.81],[106.936,28.801],[106.946,28.793],[106.959,28.791],[106.973,28.805],[106.984,28.823],[107,28.86],[107.006,28.869],[107.016,28.88],[107.031,28.888],[107.048,28.888],[107.076,28.889],[107.107,28.9],[107.119,28.901],[107.131,28.898],[107.161,28.881],[107.194,28.854],[107.217,28.829],[107.229,28.82],[107.249,28.809],[107.27,28.805],[107.286,28.805],[107.297,28.808],[107.437,28.877],[107.447,28.885],[107.454,28.894],[107.459,28.904],[107.462,28.915],[107.465,28.951],[107.469,28.959],[107.473,28.965],[107.491,28.98],[107.497,28.988],[107.5,28.993],[107.5,28.999],[107.5,29.003],[107.498,29.007],[107.494,29.014],[107.488,29.021],[107.479,29.028],[107.442,29.051],[107.435,29.058],[107.428,29.067],[107.424,29.077],[107.418,29.1],[107.417,29.112],[107.417,29.138],[107.423,29.161],[107.43,29.183],[107.436,29.195],[107.444,29.207],[107.457,29.223],[107.467,29.233],[107.477,29.24],[107.487,29.244],[107.496,29.246]]]}},{"type":"Feature","id":"CN-HA","properties":{"id":"CN-HA","countryCode":"CN","isoSubdivision":"CN-HA","name":"Henan","name_en":"Henan","name_ko":"허난성","type":"Province","labelLongitude":113.484,"labelLatitude":33.906,"minZoom":4.6},"geometry":{"type":"Polygon","coordinates":[[[113.867,36.365],[113.873,36.365],[113.879,36.362],[113.892,36.351],[113.899,36.346],[113.907,36.344],[113.916,36.345],[113.928,36.348],[113.934,36.349],[113.954,36.347],[113.96,36.348],[113.966,36.351],[113.976,36.358],[113.981,36.36],[113.989,36.359],[114.004,36.353],[114.017,36.345],[114.028,36.334],[114.038,36.322],[114.048,36.312],[114.051,36.301],[114.057,36.286],[114.06,36.281],[114.063,36.277],[114.074,36.272],[114.09,36.265],[114.156,36.247],[114.193,36.241],[114.209,36.24],[114.22,36.241],[114.226,36.242],[114.24,36.249],[114.246,36.253],[114.262,36.252],[114.305,36.241],[114.314,36.241],[114.333,36.244],[114.343,36.245],[114.349,36.237],[114.36,36.226],[114.366,36.222],[114.375,36.219],[114.392,36.218],[114.406,36.216],[114.418,36.212],[114.548,36.139],[114.561,36.134],[114.585,36.131],[114.623,36.131],[114.634,36.132],[114.669,36.144],[114.707,36.153],[114.714,36.154],[114.728,36.152],[114.781,36.142],[114.798,36.14],[114.81,36.14],[114.825,36.149],[114.831,36.151],[114.842,36.149],[114.86,36.14],[114.893,36.12],[114.915,36.099],[114.924,36.088],[114.924,36.081],[114.919,36.073],[114.918,36.07],[114.918,36.066],[114.919,36.061],[114.924,36.058],[114.931,36.057],[114.953,36.061],[114.978,36.061],[114.997,36.07],[115.006,36.077],[115.014,36.085],[115.029,36.096],[115.034,36.101],[115.042,36.113],[115.045,36.118],[115.054,36.143],[115.057,36.148],[115.061,36.152],[115.089,36.17],[115.101,36.181],[115.106,36.185],[115.112,36.186],[115.119,36.186],[115.128,36.182],[115.133,36.18],[115.141,36.178],[115.15,36.178],[115.18,36.183],[115.19,36.183],[115.202,36.181],[115.224,36.175],[115.234,36.17],[115.242,36.165],[115.245,36.161],[115.267,36.132],[115.28,36.108],[115.285,36.099],[115.296,36.087],[115.3,36.083],[115.306,36.081],[115.313,36.079],[115.322,36.078],[115.333,36.078],[115.341,36.079],[115.35,36.082],[115.358,36.087],[115.37,36.098],[115.38,36.111],[115.398,36.125],[115.46,36.158],[115.46,36.148],[115.46,36.145],[115.463,36.111],[115.459,36.07],[115.455,36.058],[115.449,36.042],[115.424,35.995],[115.417,35.986],[115.409,35.979],[115.4,35.972],[115.352,35.952],[115.347,35.949],[115.342,35.945],[115.339,35.941],[115.336,35.936],[115.334,35.931],[115.318,35.817],[115.318,35.792],[115.319,35.786],[115.32,35.781],[115.323,35.777],[115.326,35.775],[115.331,35.774],[115.343,35.776],[115.356,35.781],[115.377,35.793],[115.404,35.813],[115.416,35.824],[115.428,35.841],[115.431,35.846],[115.435,35.856],[115.442,35.889],[115.445,35.897],[115.449,35.902],[115.458,35.908],[115.468,35.913],[115.483,35.915],[115.491,35.915],[115.513,35.911],[115.53,35.911],[115.669,35.944],[115.739,35.969],[115.768,35.985],[115.789,35.999],[115.819,36.025],[115.829,36.031],[115.833,36.032],[115.841,36.034],[115.858,36.034],[115.917,36.023],[115.927,36.022],[115.962,36.035],[116.077,36.103],[116.08,36.099],[116.09,36.079],[116.092,36.068],[116.087,36.059],[116.079,36.051],[116.064,36.041],[116.039,35.976],[116.034,35.966],[115.991,35.981],[115.966,35.986],[115.955,35.977],[115.944,35.98],[115.92,35.968],[115.863,35.925],[115.858,35.916],[115.858,35.904],[115.864,35.901],[115.874,35.895],[115.884,35.888],[115.886,35.878],[115.874,35.866],[115.851,35.859],[115.761,35.849],[115.73,35.831],[115.681,35.768],[115.655,35.746],[115.618,35.731],[115.576,35.722],[115.537,35.719],[115.504,35.723],[115.502,35.717],[115.503,35.695],[115.492,35.678],[115.468,35.664],[115.421,35.644],[115.403,35.631],[115.395,35.616],[115.393,35.597],[115.393,35.572],[115.383,35.558],[115.342,35.555],[115.331,35.534],[115.333,35.523],[115.343,35.506],[115.345,35.496],[115.34,35.485],[115.33,35.481],[115.317,35.479],[115.307,35.476],[115.266,35.436],[115.249,35.425],[115.227,35.416],[115.206,35.415],[115.163,35.418],[115.151,35.416],[115.145,35.411],[115.14,35.405],[115.132,35.398],[115.122,35.394],[115.092,35.39],[115.068,35.38],[115.054,35.367],[115.026,35.332],[115.022,35.325],[115.009,35.294],[115.002,35.285],[114.982,35.267],[114.942,35.219],[114.93,35.212],[114.913,35.208],[114.864,35.189],[114.852,35.178],[114.852,35.16],[114.86,35.141],[114.865,35.121],[114.847,35.082],[114.847,35.038],[114.838,35.02],[114.834,35.016],[114.883,34.999],[114.905,34.996],[114.93,34.999],[114.95,35.006],[114.967,35.009],[114.977,35.01],[114.992,35.009],[114.998,35.008],[115.175,34.944],[115.182,34.94],[115.202,34.921],[115.214,34.905],[115.219,34.901],[115.222,34.896],[115.223,34.892],[115.216,34.856],[115.216,34.836],[115.231,34.827],[115.233,34.833],[115.236,34.835],[115.246,34.842],[115.252,34.845],[115.26,34.847],[115.27,34.849],[115.28,34.85],[115.29,34.849],[115.307,34.847],[115.312,34.845],[115.318,34.843],[115.341,34.825],[115.351,34.819],[115.411,34.794],[115.422,34.786],[115.429,34.78],[115.431,34.774],[115.431,34.768],[115.429,34.722],[115.431,34.698],[115.436,34.676],[115.438,34.671],[115.443,34.66],[115.448,34.652],[115.484,34.612],[115.501,34.596],[115.519,34.585],[115.531,34.58],[115.542,34.578],[115.616,34.567],[115.646,34.569],[115.663,34.573],[115.672,34.578],[115.677,34.583],[115.685,34.598],[115.693,34.601],[115.707,34.6],[115.748,34.592],[115.778,34.583],[115.8,34.572],[115.808,34.571],[115.816,34.571],[115.854,34.584],[115.879,34.589],[115.957,34.592],[115.967,34.594],[115.971,34.597],[115.975,34.601],[115.985,34.615],[115.989,34.619],[115.994,34.622],[116.001,34.621],[116.008,34.618],[116.034,34.604],[116.044,34.6],[116.057,34.601],[116.065,34.604],[116.07,34.608],[116.074,34.612],[116.079,34.615],[116.085,34.616],[116.092,34.613],[116.101,34.608],[116.112,34.594],[116.122,34.579],[116.126,34.575],[116.131,34.572],[116.151,34.567],[116.163,34.535],[116.163,34.528],[116.163,34.519],[116.16,34.514],[116.157,34.505],[116.152,34.467],[116.154,34.455],[116.157,34.447],[116.187,34.42],[116.203,34.402],[116.222,34.389],[116.267,34.368],[116.315,34.337],[116.369,34.286],[116.378,34.28],[116.387,34.276],[116.394,34.275],[116.401,34.275],[116.415,34.276],[116.433,34.281],[116.44,34.281],[116.461,34.278],[116.468,34.278],[116.48,34.281],[116.552,34.287],[116.56,34.286],[116.569,34.283],[116.573,34.279],[116.575,34.274],[116.574,34.271],[116.567,34.249],[116.566,34.241],[116.566,34.235],[116.567,34.223],[116.573,34.202],[116.575,34.192],[116.575,34.189],[116.575,34.184],[116.574,34.178],[116.571,34.173],[116.567,34.169],[116.563,34.165],[116.558,34.162],[116.554,34.159],[116.551,34.155],[116.548,34.15],[116.545,34.144],[116.544,34.138],[116.543,34.132],[116.543,34.126],[116.543,34.121],[116.551,34.106],[116.571,34.079],[116.603,34.008],[116.634,33.97],[116.641,33.953],[116.638,33.919],[116.636,33.91],[116.632,33.905],[116.627,33.902],[116.621,33.902],[116.614,33.903],[116.608,33.905],[116.591,33.913],[116.584,33.912],[116.576,33.907],[116.566,33.895],[116.559,33.888],[116.553,33.884],[116.546,33.883],[116.524,33.882],[116.518,33.88],[116.512,33.878],[116.5,33.871],[116.497,33.869],[116.491,33.868],[116.485,33.867],[116.469,33.862],[116.456,33.856],[116.45,33.851],[116.445,33.845],[116.44,33.827],[116.437,33.811],[116.434,33.804],[116.431,33.799],[116.427,33.795],[116.424,33.792],[116.421,33.791],[116.381,33.779],[116.182,33.718],[116.166,33.717],[116.157,33.718],[116.147,33.72],[116.14,33.723],[116.135,33.726],[116.121,33.736],[116.08,33.778],[116.067,33.795],[116.059,33.809],[116.049,33.836],[116.04,33.849],[116.029,33.861],[115.971,33.905],[115.968,33.908],[115.965,33.913],[115.964,33.918],[115.964,33.924],[115.965,33.93],[115.974,33.952],[115.977,33.965],[115.976,33.977],[115.974,33.984],[115.97,33.991],[115.961,34],[115.953,34.004],[115.945,34.006],[115.932,34.003],[115.922,34.004],[115.907,34.007],[115.89,34.015],[115.879,34.018],[115.872,34.018],[115.867,34.016],[115.862,34.012],[115.857,34.009],[115.85,34.007],[115.841,34.007],[115.835,34.009],[115.83,34.012],[115.815,34.028],[115.77,34.056],[115.748,34.065],[115.742,34.066],[115.737,34.066],[115.733,34.066],[115.711,34.058],[115.703,34.057],[115.675,34.057],[115.666,34.056],[115.662,34.054],[115.654,34.048],[115.611,34.005],[115.597,33.994],[115.586,33.98],[115.573,33.952],[115.566,33.925],[115.561,33.898],[115.563,33.872],[115.564,33.868],[115.566,33.864],[115.569,33.86],[115.574,33.857],[115.579,33.856],[115.584,33.856],[115.604,33.858],[115.611,33.858],[115.618,33.856],[115.624,33.854],[115.627,33.85],[115.629,33.845],[115.63,33.839],[115.624,33.772],[115.622,33.766],[115.619,33.761],[115.615,33.758],[115.608,33.76],[115.603,33.763],[115.6,33.767],[115.595,33.769],[115.589,33.769],[115.583,33.767],[115.579,33.763],[115.575,33.756],[115.574,33.752],[115.574,33.75],[115.574,33.746],[115.575,33.741],[115.578,33.737],[115.581,33.733],[115.591,33.721],[115.594,33.716],[115.6,33.701],[115.61,33.657],[115.623,33.628],[115.635,33.592],[115.635,33.588],[115.635,33.585],[115.631,33.581],[115.626,33.578],[115.592,33.568],[115.497,33.561],[115.466,33.556],[115.443,33.548],[115.436,33.544],[115.429,33.538],[115.413,33.519],[115.403,33.503],[115.4,33.5],[115.399,33.5],[115.395,33.499],[115.388,33.499],[115.382,33.5],[115.381,33.501],[115.376,33.505],[115.366,33.517],[115.361,33.52],[115.356,33.52],[115.35,33.517],[115.345,33.509],[115.342,33.501],[115.348,33.465],[115.348,33.459],[115.346,33.453],[115.327,33.428],[115.324,33.42],[115.324,33.413],[115.327,33.402],[115.328,33.397],[115.326,33.391],[115.316,33.374],[115.315,33.368],[115.318,33.363],[115.329,33.358],[115.333,33.354],[115.336,33.35],[115.338,33.345],[115.341,33.334],[115.347,33.286],[115.348,33.284],[115.348,33.279],[115.349,33.274],[115.349,33.263],[115.348,33.256],[115.345,33.251],[115.345,33.25],[115.338,33.244],[115.31,33.222],[115.305,33.216],[115.301,33.21],[115.299,33.204],[115.293,33.172],[115.286,33.148],[115.283,33.143],[115.279,33.138],[115.274,33.133],[115.258,33.123],[115.251,33.121],[115.196,33.11],[115.188,33.108],[115.143,33.084],[115.106,33.083],[115.033,33.09],[115.019,33.094],[114.986,33.116],[114.969,33.124],[114.946,33.119],[114.887,33.083],[114.89,33.058],[114.89,33.052],[114.89,33.046],[114.888,33.04],[114.886,33.035],[114.88,33.025],[114.878,33.019],[114.877,33.013],[114.876,33.001],[114.876,33],[114.877,32.998],[114.88,32.993],[114.886,32.986],[114.899,32.974],[114.914,32.963],[114.919,32.961],[114.925,32.958],[115.012,32.935],[115.017,32.932],[115.021,32.928],[115.03,32.921],[115.034,32.918],[115.04,32.915],[115.045,32.913],[115.052,32.912],[115.073,32.91],[115.08,32.908],[115.104,32.899],[115.13,32.892],[115.14,32.888],[115.143,32.886],[115.147,32.884],[115.161,32.87],[115.167,32.867],[115.185,32.859],[115.189,32.854],[115.192,32.846],[115.191,32.821],[115.192,32.812],[115.196,32.803],[115.196,32.798],[115.192,32.793],[115.188,32.789],[115.184,32.784],[115.182,32.774],[115.18,32.714],[115.181,32.702],[115.186,32.693],[115.204,32.67],[115.207,32.666],[115.209,32.661],[115.21,32.657],[115.209,32.641],[115.199,32.591],[115.261,32.584],[115.281,32.577],[115.285,32.573],[115.29,32.57],[115.297,32.568],[115.367,32.56],[115.38,32.554],[115.387,32.549],[115.39,32.544],[115.394,32.541],[115.399,32.538],[115.411,32.533],[115.43,32.521],[115.457,32.507],[115.461,32.504],[115.465,32.501],[115.465,32.5],[115.471,32.485],[115.475,32.481],[115.483,32.474],[115.486,32.47],[115.499,32.448],[115.501,32.445],[115.507,32.439],[115.532,32.419],[115.547,32.409],[115.565,32.402],[115.586,32.412],[115.609,32.416],[115.631,32.413],[115.647,32.402],[115.687,32.467],[115.694,32.492],[115.726,32.481],[115.742,32.479],[115.755,32.498],[115.769,32.491],[115.79,32.471],[115.808,32.503],[115.844,32.543],[115.885,32.572],[115.92,32.574],[115.922,32.568],[115.902,32.559],[115.871,32.532],[115.867,32.527],[115.863,32.522],[115.862,32.515],[115.864,32.51],[115.867,32.506],[115.874,32.501],[115.875,32.5],[115.876,32.499],[115.872,32.482],[115.864,32.455],[115.861,32.442],[115.861,32.432],[115.863,32.428],[115.875,32.416],[115.878,32.412],[115.881,32.408],[115.888,32.394],[115.892,32.37],[115.894,32.309],[115.896,32.297],[115.903,32.277],[115.911,32.263],[115.913,32.258],[115.915,32.25],[115.928,32.025],[115.927,32.016],[115.925,32.01],[115.922,32.002],[115.921,31.999],[115.92,31.997],[115.914,31.975],[115.901,31.886],[115.906,31.819],[115.904,31.804],[115.901,31.794],[115.897,31.791],[115.891,31.789],[115.879,31.786],[115.866,31.785],[115.834,31.788],[115.79,31.796],[115.76,31.797],[115.754,31.796],[115.748,31.795],[115.738,31.79],[115.732,31.788],[115.725,31.788],[115.702,31.79],[115.688,31.789],[115.663,31.784],[115.582,31.752],[115.578,31.75],[115.564,31.739],[115.56,31.736],[115.555,31.734],[115.549,31.736],[115.543,31.738],[115.538,31.738],[115.532,31.736],[115.513,31.712],[115.501,31.7],[115.487,31.683],[115.483,31.675],[115.481,31.667],[115.473,31.635],[115.469,31.627],[115.465,31.621],[115.462,31.617],[115.419,31.551],[115.399,31.531],[115.394,31.524],[115.391,31.518],[115.39,31.512],[115.389,31.501],[115.389,31.499],[115.393,31.489],[115.391,31.47],[115.374,31.418],[115.361,31.411],[115.338,31.403],[115.286,31.395],[115.278,31.396],[115.27,31.399],[115.26,31.407],[115.255,31.412],[115.253,31.417],[115.252,31.421],[115.25,31.425],[115.248,31.429],[115.244,31.433],[115.228,31.441],[115.219,31.447],[115.211,31.455],[115.209,31.46],[115.207,31.465],[115.206,31.47],[115.205,31.476],[115.205,31.482],[115.206,31.487],[115.215,31.511],[115.217,31.516],[115.217,31.523],[115.217,31.535],[115.215,31.541],[115.213,31.546],[115.211,31.55],[115.207,31.554],[115.195,31.565],[115.192,31.568],[115.177,31.59],[115.17,31.598],[115.166,31.601],[115.159,31.603],[115.151,31.604],[115.139,31.601],[115.133,31.598],[115.129,31.595],[115.105,31.564],[115.083,31.525],[115.077,31.516],[115.07,31.507],[115.062,31.5],[115.048,31.491],[115.038,31.486],[115.02,31.481],[114.999,31.478],[114.876,31.49],[114.86,31.489],[114.849,31.485],[114.838,31.482],[114.834,31.482],[114.822,31.482],[114.791,31.484],[114.767,31.49],[114.754,31.499],[114.753,31.501],[114.749,31.511],[114.745,31.515],[114.738,31.517],[114.726,31.517],[114.71,31.515],[114.702,31.516],[114.694,31.519],[114.677,31.531],[114.652,31.558],[114.643,31.565],[114.638,31.568],[114.629,31.57],[114.616,31.571],[114.568,31.566],[114.548,31.573],[114.542,31.589],[114.533,31.622],[114.532,31.628],[114.532,31.634],[114.534,31.647],[114.535,31.653],[114.538,31.658],[114.541,31.663],[114.552,31.675],[114.561,31.689],[114.563,31.695],[114.566,31.707],[114.566,31.713],[114.565,31.719],[114.563,31.724],[114.561,31.729],[114.559,31.733],[114.556,31.738],[114.548,31.743],[114.535,31.748],[114.509,31.757],[114.495,31.759],[114.486,31.759],[114.481,31.757],[114.472,31.751],[114.466,31.747],[114.457,31.742],[114.453,31.74],[114.449,31.739],[114.407,31.74],[114.394,31.738],[114.376,31.734],[114.369,31.734],[114.362,31.734],[114.35,31.74],[114.335,31.748],[114.292,31.78],[114.283,31.788],[114.275,31.801],[114.267,31.809],[114.262,31.813],[114.254,31.816],[114.218,31.826],[114.171,31.846],[114.159,31.849],[114.15,31.85],[114.144,31.848],[114.14,31.844],[114.136,31.84],[114.085,31.784],[114.058,31.766],[114.042,31.758],[114.032,31.755],[113.972,31.747],[113.966,31.747],[113.959,31.75],[113.958,31.75],[113.955,31.757],[113.953,31.767],[113.953,31.775],[113.96,31.807],[113.96,31.832],[113.957,31.838],[113.953,31.845],[113.942,31.853],[113.935,31.856],[113.927,31.857],[113.917,31.853],[113.91,31.849],[113.899,31.846],[113.886,31.845],[113.878,31.845],[113.872,31.847],[113.866,31.853],[113.862,31.863],[113.852,31.91],[113.849,31.916],[113.845,31.923],[113.837,31.932],[113.794,31.973],[113.791,31.979],[113.788,31.99],[113.79,32.03],[113.786,32.047],[113.77,32.084],[113.753,32.121],[113.752,32.138],[113.755,32.143],[113.761,32.152],[113.768,32.16],[113.773,32.165],[113.777,32.173],[113.781,32.186],[113.782,32.194],[113.774,32.25],[113.768,32.276],[113.767,32.285],[113.768,32.292],[113.769,32.297],[113.77,32.3],[113.775,32.309],[113.781,32.326],[113.784,32.343],[113.784,32.352],[113.783,32.359],[113.743,32.402],[113.738,32.412],[113.737,32.413],[113.735,32.415],[113.729,32.419],[113.709,32.408],[113.703,32.407],[113.694,32.408],[113.686,32.41],[113.669,32.411],[113.658,32.409],[113.643,32.403],[113.63,32.396],[113.616,32.386],[113.613,32.382],[113.611,32.377],[113.607,32.363],[113.601,32.355],[113.595,32.353],[113.582,32.354],[113.576,32.351],[113.57,32.347],[113.563,32.34],[113.558,32.335],[113.554,32.322],[113.551,32.313],[113.543,32.303],[113.535,32.299],[113.528,32.297],[113.436,32.289],[113.42,32.29],[113.366,32.304],[113.336,32.314],[113.332,32.317],[113.329,32.322],[113.326,32.333],[113.324,32.338],[113.321,32.342],[113.317,32.346],[113.304,32.356],[113.299,32.358],[113.293,32.361],[113.272,32.365],[113.265,32.367],[113.26,32.369],[113.256,32.373],[113.252,32.377],[113.248,32.386],[113.242,32.395],[113.234,32.403],[113.228,32.407],[113.219,32.41],[113.201,32.414],[113.191,32.414],[113.183,32.413],[113.173,32.408],[113.156,32.395],[113.15,32.391],[113.142,32.387],[113.128,32.383],[113.119,32.381],[113.112,32.382],[113.109,32.383],[113.105,32.385],[113.094,32.396],[113.066,32.417],[113.046,32.425],[113.037,32.426],[113.027,32.425],[113.014,32.42],[112.999,32.411],[112.992,32.404],[112.85,32.381],[112.804,32.362],[112.773,32.352],[112.761,32.35],[112.751,32.35],[112.612,32.373],[112.534,32.377],[112.511,32.372],[112.468,32.372],[112.461,32.371],[112.451,32.368],[112.434,32.36],[112.369,32.364],[112.354,32.363],[112.344,32.361],[112.34,32.358],[112.336,32.355],[112.328,32.351],[112.314,32.346],[112.304,32.345],[112.297,32.346],[112.286,32.351],[112.252,32.372],[112.234,32.385],[112.227,32.389],[112.199,32.395],[112.186,32.395],[112.161,32.392],[112.152,32.392],[112.145,32.395],[112.102,32.422],[112.071,32.448],[112.061,32.454],[112.053,32.455],[112.047,32.454],[112.041,32.452],[112.037,32.449],[112.033,32.445],[112.027,32.441],[112.022,32.439],[112.005,32.434],[111.978,32.465],[111.962,32.474],[111.802,32.511],[111.779,32.52],[111.774,32.526],[111.744,32.576],[111.727,32.591],[111.711,32.6],[111.658,32.623],[111.644,32.626],[111.629,32.626],[111.622,32.626],[111.61,32.622],[111.595,32.615],[111.586,32.608],[111.577,32.601],[111.569,32.595],[111.557,32.592],[111.546,32.597],[111.542,32.599],[111.536,32.605],[111.532,32.611],[111.526,32.623],[111.524,32.63],[111.519,32.656],[111.515,32.666],[111.507,32.682],[111.504,32.687],[111.498,32.693],[111.478,32.708],[111.441,32.73],[111.406,32.762],[111.394,32.777],[111.363,32.825],[111.345,32.844],[111.321,32.861],[111.313,32.865],[111.307,32.867],[111.297,32.873],[111.292,32.876],[111.255,32.907],[111.244,32.914],[111.234,32.918],[111.22,32.921],[111.214,32.925],[111.21,32.93],[111.208,32.94],[111.208,32.948],[111.209,32.955],[111.214,32.965],[111.215,32.971],[111.216,32.976],[111.216,32.982],[111.212,32.992],[111.209,32.996],[111.205,33.001],[111.175,33.025],[111.161,33.043],[111.13,33.091],[111.121,33.111],[111.115,33.133],[111.109,33.148],[111.104,33.153],[111.097,33.159],[111.083,33.166],[111.065,33.17],[111.055,33.173],[111.045,33.178],[111.012,33.203],[111.003,33.208],[110.994,33.22],[110.975,33.266],[111.009,33.348],[111.016,33.374],[111.013,33.386],[111.012,33.391],[110.994,33.421],[110.991,33.431],[110.99,33.438],[110.991,33.444],[110.993,33.45],[110.998,33.459],[111.004,33.471],[111.009,33.486],[111.011,33.494],[111.011,33.499],[111.011,33.5],[111,33.519],[110.997,33.527],[110.989,33.543],[110.977,33.584],[110.968,33.599],[110.955,33.611],[110.943,33.618],[110.921,33.629],[110.878,33.643],[110.85,33.66],[110.801,33.696],[110.792,33.705],[110.789,33.716],[110.788,33.722],[110.788,33.728],[110.791,33.749],[110.791,33.75],[110.766,33.786],[110.757,33.796],[110.749,33.803],[110.689,33.838],[110.677,33.842],[110.643,33.85],[110.623,33.857],[110.606,33.867],[110.598,33.873],[110.594,33.88],[110.593,33.885],[110.594,33.891],[110.596,33.896],[110.601,33.906],[110.638,33.954],[110.643,33.964],[110.644,33.97],[110.644,33.975],[110.642,33.98],[110.621,34.018],[110.616,34.03],[110.613,34.034],[110.611,34.036],[110.607,34.036],[110.597,34.036],[110.594,34.04],[110.593,34.046],[110.593,34.059],[110.594,34.065],[110.605,34.114],[110.607,34.12],[110.612,34.13],[110.618,34.139],[110.62,34.145],[110.621,34.152],[110.618,34.162],[110.613,34.167],[110.607,34.17],[110.571,34.177],[110.564,34.179],[110.558,34.181],[110.552,34.185],[110.541,34.194],[110.536,34.198],[110.531,34.201],[110.477,34.221],[110.469,34.225],[110.446,34.244],[110.438,34.254],[110.434,34.261],[110.432,34.268],[110.432,34.274],[110.432,34.28],[110.433,34.286],[110.435,34.292],[110.438,34.297],[110.441,34.301],[110.45,34.309],[110.479,34.326],[110.481,34.333],[110.482,34.341],[110.477,34.357],[110.473,34.366],[110.468,34.372],[110.464,34.375],[110.459,34.378],[110.454,34.381],[110.386,34.398],[110.374,34.404],[110.35,34.426],[110.34,34.437],[110.337,34.443],[110.329,34.463],[110.328,34.472],[110.328,34.48],[110.329,34.486],[110.332,34.496],[110.339,34.508],[110.342,34.518],[110.343,34.542],[110.336,34.613],[110.336,34.616],[110.368,34.618],[110.377,34.616],[110.388,34.608],[110.394,34.6],[110.4,34.593],[110.411,34.589],[110.422,34.591],[110.427,34.596],[110.43,34.603],[110.438,34.609],[110.449,34.613],[110.459,34.615],[110.483,34.616],[110.492,34.613],[110.501,34.607],[110.517,34.593],[110.531,34.584],[110.54,34.584],[110.549,34.59],[110.562,34.596],[110.585,34.601],[110.648,34.602],[110.709,34.621],[110.719,34.626],[110.726,34.643],[110.744,34.654],[110.766,34.661],[110.884,34.666],[110.923,34.686],[110.911,34.733],[110.933,34.735],[110.973,34.717],[110.99,34.722],[111.008,34.738],[111.026,34.747],[111.109,34.769],[111.125,34.779],[111.139,34.819],[111.158,34.822],[111.199,34.808],[111.216,34.8],[111.223,34.799],[111.233,34.801],[111.238,34.807],[111.241,34.816],[111.246,34.824],[111.257,34.828],[111.269,34.825],[111.277,34.818],[111.285,34.816],[111.308,34.832],[111.319,34.837],[111.331,34.841],[111.343,34.842],[111.353,34.839],[111.373,34.826],[111.384,34.822],[111.394,34.823],[111.422,34.836],[111.445,34.838],[111.558,34.863],[111.569,34.869],[111.573,34.874],[111.579,34.89],[111.582,34.897],[111.587,34.901],[111.598,34.905],[111.604,34.91],[111.611,34.921],[111.622,34.947],[111.631,34.958],[111.642,34.964],[111.668,34.973],[111.679,34.979],[111.671,34.997],[111.683,35.008],[111.704,35.013],[111.723,35.014],[111.741,35.019],[111.764,35.042],[111.779,35.048],[111.796,35.052],[111.808,35.061],[111.817,35.073],[111.829,35.083],[111.846,35.087],[111.882,35.089],[111.898,35.096],[111.916,35.09],[111.958,35.094],[111.977,35.086],[111.992,35.074],[112.035,35.048],[112.038,35.046],[112.04,35.049],[112.056,35.09],[112.061,35.108],[112.062,35.156],[112.06,35.173],[112.058,35.234],[112.079,35.237],[112.112,35.23],[112.124,35.228],[112.135,35.23],[112.157,35.237],[112.335,35.219],[112.354,35.223],[112.367,35.228],[112.391,35.235],[112.402,35.236],[112.411,35.235],[112.417,35.233],[112.429,35.229],[112.44,35.226],[112.49,35.22],[112.526,35.22],[112.553,35.228],[112.564,35.232],[112.583,35.242],[112.585,35.244],[112.586,35.245],[112.587,35.248],[112.592,35.253],[112.597,35.262],[112.6,35.269],[112.601,35.274],[112.603,35.28],[112.606,35.284],[112.61,35.288],[112.626,35.294],[112.63,35.297],[112.642,35.303],[112.665,35.311],[112.675,35.312],[112.682,35.311],[112.688,35.308],[112.692,35.305],[112.7,35.297],[112.711,35.285],[112.719,35.278],[112.724,35.275],[112.808,35.242],[112.883,35.238],[112.903,35.241],[112.917,35.25],[112.955,35.265],[112.964,35.272],[112.97,35.277],[112.971,35.279],[112.973,35.283],[112.979,35.292],[112.988,35.305],[113.02,35.329],[113.037,35.334],[113.056,35.335],[113.108,35.344],[113.121,35.348],[113.13,35.352],[113.133,35.356],[113.136,35.363],[113.141,35.368],[113.147,35.374],[113.16,35.384],[113.168,35.389],[113.215,35.403],[113.225,35.41],[113.232,35.417],[113.237,35.42],[113.244,35.42],[113.26,35.418],[113.273,35.419],[113.28,35.422],[113.286,35.425],[113.29,35.429],[113.294,35.433],[113.297,35.438],[113.299,35.443],[113.3,35.448],[113.298,35.454],[113.298,35.459],[113.3,35.465],[113.305,35.466],[113.31,35.465],[113.328,35.463],[113.373,35.474],[113.43,35.489],[113.468,35.506],[113.475,35.51],[113.48,35.514],[113.488,35.521],[113.491,35.525],[113.516,35.563],[113.546,35.591],[113.595,35.618],[113.604,35.626],[113.61,35.634],[113.61,35.64],[113.61,35.646],[113.608,35.651],[113.605,35.655],[113.594,35.667],[113.587,35.676],[113.585,35.681],[113.585,35.687],[113.597,35.759],[113.597,35.765],[113.597,35.77],[113.595,35.774],[113.593,35.777],[113.59,35.787],[113.594,35.808],[113.633,35.818],[113.631,35.825],[113.622,35.842],[113.621,35.855],[113.63,35.897],[113.63,35.909],[113.629,35.921],[113.626,35.937],[113.626,35.946],[113.628,35.953],[113.631,35.957],[113.636,35.961],[113.656,35.972],[113.663,35.981],[113.669,35.995],[113.685,36.044],[113.687,36.056],[113.686,36.062],[113.68,36.081],[113.678,36.091],[113.68,36.098],[113.683,36.105],[113.688,36.111],[113.694,36.123],[113.695,36.13],[113.693,36.136],[113.69,36.14],[113.675,36.153],[113.671,36.161],[113.672,36.167],[113.676,36.172],[113.686,36.178],[113.69,36.182],[113.694,36.188],[113.694,36.194],[113.692,36.198],[113.683,36.205],[113.679,36.209],[113.675,36.214],[113.673,36.221],[113.674,36.227],[113.676,36.233],[113.68,36.238],[113.696,36.275],[113.705,36.29],[113.721,36.333],[113.722,36.355],[113.721,36.356],[113.727,36.355],[113.79,36.34],[113.808,36.339],[113.825,36.345],[113.859,36.363],[113.867,36.365]]]}},{"type":"Feature","id":"CN-HB","properties":{"id":"CN-HB","countryCode":"CN","isoSubdivision":"CN-HB","name":"Hubei","name_en":"Hubei","name_ko":"후베이성","type":"Province","labelLongitude":112.264,"labelLatitude":30.986,"minZoom":4.6},"geometry":{"type":"Polygon","coordinates":[[[110.022,30.823],[110.05,30.824],[110.066,30.828],[110.079,30.835],[110.087,30.841],[110.108,30.866],[110.12,30.884],[110.128,30.906],[110.13,30.932],[110.13,30.957],[110.138,31],[110.138,31.009],[110.136,31.018],[110.134,31.026],[110.11,31.076],[110.105,31.099],[110.105,31.111],[110.108,31.122],[110.113,31.132],[110.12,31.14],[110.136,31.154],[110.162,31.173],[110.17,31.18],[110.175,31.189],[110.175,31.198],[110.172,31.208],[110.146,31.239],[110.142,31.247],[110.141,31.25],[110.141,31.263],[110.146,31.286],[110.152,31.306],[110.147,31.331],[110.108,31.398],[110.091,31.413],[110.068,31.424],[110.052,31.43],[110.019,31.449],[110.004,31.459],[109.966,31.478],[109.961,31.484],[109.961,31.491],[109.964,31.496],[109.968,31.503],[109.929,31.519],[109.838,31.541],[109.756,31.552],[109.741,31.556],[109.733,31.561],[109.729,31.583],[109.729,31.606],[109.724,31.636],[109.703,31.674],[109.674,31.705],[109.659,31.718],[109.642,31.726],[109.594,31.738],[109.583,31.746],[109.581,31.752],[109.58,31.762],[109.583,31.77],[109.587,31.781],[109.602,31.797],[109.613,31.811],[109.616,31.821],[109.614,31.891],[109.61,31.927],[109.611,31.937],[109.613,31.944],[109.626,31.961],[109.646,32.012],[109.65,32.019],[109.657,32.028],[109.662,32.034],[109.666,32.043],[109.673,32.06],[109.674,32.069],[109.672,32.076],[109.669,32.081],[109.639,32.11],[109.63,32.123],[109.624,32.147],[109.619,32.189],[109.616,32.198],[109.614,32.203],[109.61,32.207],[109.606,32.21],[109.601,32.213],[109.548,32.234],[109.542,32.236],[109.538,32.241],[109.535,32.246],[109.527,32.271],[109.525,32.276],[109.519,32.285],[109.501,32.303],[109.494,32.317],[109.487,32.336],[109.486,32.347],[109.487,32.355],[109.49,32.359],[109.493,32.363],[109.5,32.369],[109.557,32.402],[109.561,32.405],[109.565,32.42],[109.575,32.527],[109.579,32.541],[109.585,32.543],[109.599,32.545],[109.611,32.549],[109.616,32.551],[109.62,32.555],[109.623,32.559],[109.628,32.578],[109.63,32.584],[109.635,32.591],[109.64,32.595],[109.645,32.598],[109.651,32.599],[109.658,32.599],[109.665,32.598],[109.695,32.587],[109.701,32.586],[109.708,32.585],[109.715,32.585],[109.729,32.588],[109.75,32.597],[109.763,32.6],[109.769,32.6],[109.774,32.598],[109.778,32.595],[109.792,32.579],[109.797,32.576],[109.802,32.573],[109.808,32.572],[109.815,32.571],[109.823,32.571],[109.829,32.572],[109.841,32.576],[109.846,32.578],[109.863,32.591],[109.869,32.592],[109.88,32.592],[109.951,32.576],[109.969,32.57],[110.001,32.552],[110.004,32.551],[110.007,32.55],[110.013,32.549],[110.021,32.55],[110.029,32.554],[110.062,32.576],[110.066,32.582],[110.066,32.587],[110.064,32.592],[110.062,32.598],[110.062,32.607],[110.065,32.611],[110.074,32.617],[110.085,32.617],[110.1,32.615],[110.116,32.609],[110.135,32.605],[110.152,32.607],[110.168,32.622],[110.171,32.633],[110.168,32.643],[110.161,32.65],[110.152,32.656],[110.146,32.667],[110.145,32.681],[110.153,32.707],[110.155,32.72],[110.155,32.73],[110.146,32.756],[110.143,32.76],[110.121,32.797],[110.118,32.807],[110.116,32.81],[110.115,32.819],[110.104,32.834],[110.096,32.841],[110.082,32.848],[110.041,32.862],[110.004,32.884],[109.993,32.889],[109.938,32.896],[109.925,32.901],[109.899,32.914],[109.884,32.916],[109.868,32.913],[109.836,32.896],[109.81,32.893],[109.783,32.901],[109.759,32.915],[109.74,32.93],[109.745,32.937],[109.759,32.954],[109.762,32.958],[109.766,32.969],[109.779,33.018],[109.781,33.034],[109.781,33.045],[109.78,33.05],[109.777,33.055],[109.757,33.08],[109.753,33.084],[109.749,33.087],[109.744,33.09],[109.694,33.106],[109.652,33.113],[109.621,33.113],[109.592,33.11],[109.585,33.11],[109.571,33.112],[109.565,33.114],[109.535,33.131],[109.512,33.14],[109.491,33.145],[109.453,33.148],[109.446,33.162],[109.448,33.168],[109.451,33.176],[109.462,33.189],[109.516,33.237],[109.523,33.241],[109.53,33.244],[109.537,33.245],[109.545,33.245],[109.552,33.244],[109.585,33.236],[109.594,33.235],[109.604,33.236],[109.618,33.24],[109.626,33.243],[109.644,33.261],[109.652,33.264],[109.66,33.264],[109.672,33.261],[109.696,33.252],[109.723,33.245],[109.752,33.241],[109.875,33.243],[109.904,33.238],[109.916,33.235],[109.96,33.214],[110.094,33.213],[110.11,33.212],[110.117,33.21],[110.129,33.206],[110.139,33.2],[110.149,33.194],[110.178,33.169],[110.182,33.166],[110.19,33.163],[110.201,33.16],[110.234,33.156],[110.432,33.173],[110.439,33.174],[110.45,33.179],[110.459,33.185],[110.486,33.212],[110.496,33.224],[110.502,33.229],[110.505,33.232],[110.51,33.236],[110.517,33.241],[110.53,33.245],[110.539,33.246],[110.547,33.245],[110.559,33.241],[110.564,33.238],[110.568,33.234],[110.589,33.204],[110.592,33.199],[110.595,33.188],[110.599,33.165],[110.601,33.16],[110.604,33.154],[110.61,33.149],[110.623,33.144],[110.632,33.144],[110.651,33.149],[110.658,33.148],[110.664,33.146],[110.684,33.133],[110.711,33.108],[110.717,33.104],[110.726,33.101],[110.74,33.096],[110.748,33.096],[110.753,33.098],[110.753,33.102],[110.75,33.106],[110.746,33.109],[110.743,33.114],[110.74,33.118],[110.739,33.123],[110.739,33.128],[110.741,33.133],[110.745,33.137],[110.75,33.14],[110.772,33.148],[110.792,33.159],[110.799,33.164],[110.801,33.166],[110.804,33.17],[110.809,33.176],[110.814,33.19],[110.818,33.195],[110.823,33.199],[110.832,33.202],[110.85,33.205],[110.9,33.205],[110.909,33.207],[110.914,33.21],[110.921,33.217],[110.924,33.222],[110.927,33.226],[110.934,33.242],[110.94,33.249],[110.94,33.25],[110.941,33.251],[110.957,33.259],[110.975,33.266],[110.994,33.22],[111.003,33.208],[111.012,33.203],[111.045,33.178],[111.055,33.173],[111.065,33.17],[111.083,33.166],[111.097,33.159],[111.104,33.153],[111.109,33.148],[111.115,33.133],[111.121,33.111],[111.13,33.091],[111.161,33.043],[111.175,33.025],[111.205,33.001],[111.209,32.996],[111.212,32.992],[111.216,32.982],[111.216,32.976],[111.215,32.971],[111.214,32.965],[111.209,32.955],[111.208,32.948],[111.208,32.94],[111.21,32.93],[111.214,32.925],[111.22,32.921],[111.234,32.918],[111.244,32.914],[111.255,32.907],[111.292,32.876],[111.297,32.873],[111.307,32.867],[111.313,32.865],[111.321,32.861],[111.345,32.844],[111.363,32.825],[111.394,32.777],[111.406,32.762],[111.441,32.73],[111.478,32.708],[111.498,32.693],[111.504,32.687],[111.507,32.682],[111.515,32.666],[111.519,32.656],[111.524,32.63],[111.526,32.623],[111.532,32.611],[111.536,32.605],[111.542,32.599],[111.546,32.597],[111.557,32.592],[111.569,32.595],[111.577,32.601],[111.586,32.608],[111.595,32.615],[111.61,32.622],[111.622,32.626],[111.629,32.626],[111.644,32.626],[111.658,32.623],[111.711,32.6],[111.727,32.591],[111.744,32.576],[111.774,32.526],[111.779,32.52],[111.802,32.511],[111.962,32.474],[111.978,32.465],[112.005,32.434],[112.022,32.439],[112.027,32.441],[112.033,32.445],[112.037,32.449],[112.041,32.452],[112.047,32.454],[112.053,32.455],[112.061,32.454],[112.071,32.448],[112.102,32.422],[112.145,32.395],[112.152,32.392],[112.161,32.392],[112.186,32.395],[112.199,32.395],[112.227,32.389],[112.234,32.385],[112.252,32.372],[112.286,32.351],[112.297,32.346],[112.304,32.345],[112.314,32.346],[112.328,32.351],[112.336,32.355],[112.34,32.358],[112.344,32.361],[112.354,32.363],[112.369,32.364],[112.434,32.36],[112.451,32.368],[112.461,32.371],[112.468,32.372],[112.511,32.372],[112.534,32.377],[112.612,32.373],[112.751,32.35],[112.761,32.35],[112.773,32.352],[112.804,32.362],[112.85,32.381],[112.992,32.404],[112.999,32.411],[113.014,32.42],[113.027,32.425],[113.037,32.426],[113.046,32.425],[113.066,32.417],[113.094,32.396],[113.105,32.385],[113.109,32.383],[113.112,32.382],[113.119,32.381],[113.128,32.383],[113.142,32.387],[113.15,32.391],[113.156,32.395],[113.173,32.408],[113.183,32.413],[113.191,32.414],[113.201,32.414],[113.219,32.41],[113.228,32.407],[113.234,32.403],[113.242,32.395],[113.248,32.386],[113.252,32.377],[113.256,32.373],[113.26,32.369],[113.265,32.367],[113.272,32.365],[113.293,32.361],[113.299,32.358],[113.304,32.356],[113.317,32.346],[113.321,32.342],[113.324,32.338],[113.326,32.333],[113.329,32.322],[113.332,32.317],[113.336,32.314],[113.366,32.304],[113.42,32.29],[113.436,32.289],[113.528,32.297],[113.535,32.299],[113.543,32.303],[113.551,32.313],[113.554,32.322],[113.558,32.335],[113.563,32.34],[113.57,32.347],[113.576,32.351],[113.582,32.354],[113.595,32.353],[113.601,32.355],[113.607,32.363],[113.611,32.377],[113.613,32.382],[113.616,32.386],[113.63,32.396],[113.643,32.403],[113.658,32.409],[113.669,32.411],[113.686,32.41],[113.694,32.408],[113.703,32.407],[113.709,32.408],[113.729,32.419],[113.735,32.415],[113.737,32.413],[113.738,32.412],[113.743,32.402],[113.783,32.359],[113.784,32.352],[113.784,32.343],[113.781,32.326],[113.775,32.309],[113.77,32.3],[113.769,32.297],[113.768,32.292],[113.767,32.285],[113.768,32.276],[113.774,32.25],[113.782,32.194],[113.781,32.186],[113.777,32.173],[113.773,32.165],[113.768,32.16],[113.761,32.152],[113.755,32.143],[113.752,32.138],[113.753,32.121],[113.77,32.084],[113.786,32.047],[113.79,32.03],[113.788,31.99],[113.791,31.979],[113.794,31.973],[113.837,31.932],[113.845,31.923],[113.849,31.916],[113.852,31.91],[113.862,31.863],[113.866,31.853],[113.872,31.847],[113.878,31.845],[113.886,31.845],[113.899,31.846],[113.91,31.849],[113.917,31.853],[113.927,31.857],[113.935,31.856],[113.942,31.853],[113.953,31.845],[113.957,31.838],[113.96,31.832],[113.96,31.807],[113.953,31.775],[113.953,31.767],[113.955,31.757],[113.958,31.75],[113.959,31.75],[113.966,31.747],[113.972,31.747],[114.032,31.755],[114.042,31.758],[114.058,31.766],[114.085,31.784],[114.136,31.84],[114.14,31.844],[114.144,31.848],[114.15,31.85],[114.159,31.849],[114.171,31.846],[114.218,31.826],[114.254,31.816],[114.262,31.813],[114.267,31.809],[114.275,31.801],[114.283,31.788],[114.292,31.78],[114.335,31.748],[114.35,31.74],[114.362,31.734],[114.369,31.734],[114.376,31.734],[114.394,31.738],[114.407,31.74],[114.449,31.739],[114.453,31.74],[114.457,31.742],[114.466,31.747],[114.472,31.751],[114.481,31.757],[114.486,31.759],[114.495,31.759],[114.509,31.757],[114.535,31.748],[114.548,31.743],[114.556,31.738],[114.559,31.733],[114.561,31.729],[114.563,31.724],[114.565,31.719],[114.566,31.713],[114.566,31.707],[114.563,31.695],[114.561,31.689],[114.552,31.675],[114.541,31.663],[114.538,31.658],[114.535,31.653],[114.534,31.647],[114.532,31.634],[114.532,31.628],[114.533,31.622],[114.542,31.589],[114.548,31.573],[114.568,31.566],[114.616,31.571],[114.629,31.57],[114.638,31.568],[114.643,31.565],[114.652,31.558],[114.677,31.531],[114.694,31.519],[114.702,31.516],[114.71,31.515],[114.726,31.517],[114.738,31.517],[114.745,31.515],[114.749,31.511],[114.753,31.501],[114.754,31.499],[114.767,31.49],[114.791,31.484],[114.822,31.482],[114.834,31.482],[114.838,31.482],[114.849,31.485],[114.86,31.489],[114.876,31.49],[114.999,31.478],[115.02,31.481],[115.038,31.486],[115.048,31.491],[115.062,31.5],[115.07,31.507],[115.077,31.516],[115.083,31.525],[115.105,31.564],[115.129,31.595],[115.133,31.598],[115.139,31.601],[115.151,31.604],[115.159,31.603],[115.166,31.601],[115.17,31.598],[115.177,31.59],[115.192,31.568],[115.195,31.565],[115.207,31.554],[115.211,31.55],[115.213,31.546],[115.215,31.541],[115.217,31.535],[115.217,31.523],[115.217,31.516],[115.215,31.511],[115.206,31.487],[115.205,31.482],[115.205,31.476],[115.206,31.47],[115.207,31.465],[115.209,31.46],[115.211,31.455],[115.219,31.447],[115.228,31.441],[115.244,31.433],[115.248,31.429],[115.25,31.425],[115.252,31.421],[115.253,31.417],[115.255,31.412],[115.26,31.407],[115.27,31.399],[115.278,31.396],[115.286,31.395],[115.338,31.403],[115.361,31.411],[115.374,31.418],[115.374,31.366],[115.38,31.351],[115.386,31.348],[115.415,31.34],[115.424,31.336],[115.437,31.326],[115.442,31.319],[115.446,31.313],[115.454,31.286],[115.457,31.28],[115.461,31.276],[115.464,31.274],[115.481,31.268],[115.497,31.258],[115.511,31.246],[115.518,31.239],[115.523,31.233],[115.529,31.219],[115.55,31.183],[115.561,31.171],[115.569,31.164],[115.576,31.162],[115.583,31.16],[115.59,31.16],[115.596,31.162],[115.6,31.165],[115.603,31.17],[115.605,31.175],[115.606,31.181],[115.609,31.193],[115.612,31.198],[115.618,31.208],[115.624,31.217],[115.628,31.221],[115.633,31.223],[115.639,31.224],[115.647,31.224],[115.656,31.222],[115.669,31.217],[115.689,31.208],[115.711,31.194],[115.768,31.144],[115.793,31.128],[115.807,31.125],[115.814,31.124],[115.821,31.125],[115.828,31.126],[115.844,31.132],[115.85,31.134],[115.858,31.134],[115.87,31.132],[115.877,31.129],[115.882,31.126],[115.885,31.121],[115.887,31.117],[115.889,31.111],[115.89,31.106],[115.894,31.098],[115.9,31.09],[115.925,31.07],[115.93,31.064],[115.932,31.059],[115.932,31.046],[115.934,31.038],[115.94,31.035],[115.946,31.034],[115.959,31.036],[115.965,31.038],[115.989,31.043],[116.004,31.041],[116.035,31.031],[116.039,31.003],[116.036,30.989],[116.033,30.984],[116.023,30.97],[116.017,30.964],[115.982,30.94],[115.95,30.912],[115.943,30.907],[115.931,30.904],[115.913,30.9],[115.893,30.89],[115.874,30.876],[115.865,30.868],[115.859,30.861],[115.856,30.855],[115.854,30.843],[115.855,30.832],[115.858,30.821],[115.864,30.807],[115.866,30.801],[115.865,30.795],[115.862,30.785],[115.858,30.779],[115.853,30.775],[115.848,30.772],[115.842,30.771],[115.835,30.77],[115.828,30.771],[115.821,30.772],[115.811,30.775],[115.806,30.775],[115.798,30.774],[115.787,30.768],[115.781,30.763],[115.777,30.758],[115.775,30.755],[115.773,30.738],[115.769,30.726],[115.767,30.711],[115.766,30.702],[115.767,30.694],[115.768,30.688],[115.777,30.669],[115.79,30.653],[115.797,30.645],[115.814,30.631],[115.818,30.627],[115.82,30.623],[115.823,30.618],[115.827,30.602],[115.829,30.597],[115.833,30.594],[115.839,30.593],[115.854,30.591],[115.861,30.59],[115.867,30.588],[115.872,30.585],[115.881,30.578],[115.925,30.527],[115.94,30.506],[115.947,30.488],[115.948,30.479],[115.95,30.462],[115.948,30.453],[115.946,30.446],[115.943,30.442],[115.939,30.438],[115.93,30.432],[115.895,30.414],[115.889,30.409],[115.884,30.403],[115.877,30.39],[115.876,30.382],[115.877,30.376],[115.882,30.367],[115.893,30.355],[115.896,30.349],[115.899,30.341],[115.902,30.327],[115.906,30.32],[115.912,30.316],[115.938,30.308],[115.959,30.298],[115.964,30.294],[115.967,30.29],[115.969,30.286],[115.977,30.266],[115.98,30.262],[115.984,30.258],[116.022,30.24],[116.031,30.233],[116.037,30.226],[116.04,30.221],[116.043,30.212],[116.054,30.149],[116.063,30.137],[116.064,30.135],[116.065,30.129],[116.07,30.097],[116.076,30.079],[116.081,30.047],[116.08,30.038],[116.071,29.996],[116.071,29.986],[116.072,29.979],[116.076,29.971],[116.078,29.969],[116.114,29.931],[116.118,29.924],[116.123,29.914],[116.125,29.908],[116.126,29.905],[116.125,29.901],[116.121,29.888],[116.119,29.876],[116.124,29.84],[116.127,29.833],[116.134,29.821],[116.147,29.789],[116.11,29.787],[116.078,29.776],[116.013,29.748],[115.999,29.744],[115.889,29.732],[115.856,29.739],[115.744,29.809],[115.737,29.816],[115.726,29.843],[115.718,29.854],[115.705,29.861],[115.621,29.862],[115.535,29.855],[115.507,29.858],[115.486,29.864],[115.47,29.839],[115.445,29.805],[115.439,29.792],[115.433,29.746],[115.429,29.736],[115.425,29.726],[115.417,29.712],[115.393,29.682],[115.354,29.648],[115.343,29.64],[115.299,29.621],[115.284,29.616],[115.272,29.615],[115.265,29.616],[115.26,29.618],[115.243,29.632],[115.238,29.635],[115.226,29.64],[115.179,29.65],[115.086,29.657],[115.081,29.656],[115.079,29.653],[115.084,29.647],[115.089,29.643],[115.096,29.64],[115.107,29.635],[115.112,29.632],[115.116,29.628],[115.123,29.612],[115.126,29.606],[115.131,29.601],[115.135,29.598],[115.139,29.593],[115.14,29.588],[115.129,29.563],[115.127,29.554],[115.126,29.539],[115.123,29.521],[115.114,29.507],[115.103,29.511],[115.096,29.518],[115.093,29.523],[115.086,29.543],[115.083,29.547],[115.08,29.551],[115.075,29.554],[115.07,29.556],[115.063,29.557],[115.023,29.553],[114.987,29.559],[114.973,29.56],[114.965,29.558],[114.959,29.554],[114.95,29.545],[114.947,29.54],[114.945,29.535],[114.941,29.517],[114.937,29.506],[114.935,29.502],[114.933,29.501],[114.932,29.5],[114.926,29.499],[114.914,29.5],[114.912,29.501],[114.908,29.504],[114.895,29.52],[114.891,29.523],[114.886,29.525],[114.881,29.523],[114.878,29.516],[114.878,29.511],[114.878,29.505],[114.879,29.5],[114.879,29.499],[114.879,29.497],[114.878,29.493],[114.876,29.488],[114.872,29.484],[114.852,29.467],[114.841,29.456],[114.838,29.451],[114.835,29.446],[114.826,29.409],[114.821,29.398],[114.818,29.394],[114.815,29.39],[114.811,29.387],[114.801,29.38],[114.772,29.366],[114.758,29.361],[114.745,29.361],[114.737,29.362],[114.732,29.366],[114.73,29.371],[114.726,29.381],[114.724,29.386],[114.721,29.389],[114.715,29.39],[114.709,29.39],[114.682,29.383],[114.64,29.377],[114.47,29.318],[114.463,29.317],[114.456,29.317],[114.45,29.319],[114.444,29.321],[114.44,29.324],[114.432,29.331],[114.427,29.334],[114.42,29.334],[114.411,29.333],[114.379,29.327],[114.356,29.325],[114.343,29.328],[114.337,29.33],[114.332,29.333],[114.327,29.336],[114.317,29.348],[114.308,29.355],[114.303,29.357],[114.296,29.358],[114.289,29.358],[114.28,29.355],[114.27,29.347],[114.253,29.329],[114.246,29.318],[114.243,29.309],[114.242,29.295],[114.242,29.283],[114.247,29.249],[114.246,29.246],[114.244,29.242],[114.238,29.239],[114.226,29.237],[114.209,29.235],[114.202,29.234],[114.155,29.214],[114.149,29.213],[114.143,29.212],[114.087,29.209],[114.063,29.203],[113.997,29.164],[113.902,29.066],[113.861,29.079],[113.84,29.088],[113.789,29.121],[113.78,29.125],[113.773,29.125],[113.768,29.125],[113.76,29.121],[113.75,29.116],[113.736,29.107],[113.726,29.095],[113.711,29.073],[113.702,29.072],[113.693,29.079],[113.688,29.097],[113.679,29.107],[113.662,29.115],[113.655,29.124],[113.651,29.134],[113.648,29.15],[113.651,29.191],[113.649,29.206],[113.641,29.222],[113.632,29.23],[113.621,29.236],[113.586,29.244],[113.581,29.253],[113.581,29.265],[113.588,29.294],[113.597,29.311],[113.609,29.329],[113.636,29.36],[113.653,29.383],[113.662,29.388],[113.696,29.398],[113.705,29.404],[113.71,29.411],[113.713,29.419],[113.726,29.432],[113.729,29.437],[113.73,29.446],[113.727,29.457],[113.718,29.477],[113.712,29.487],[113.707,29.494],[113.694,29.505],[113.68,29.52],[113.678,29.524],[113.674,29.531],[113.673,29.537],[113.673,29.545],[113.675,29.568],[113.68,29.589],[113.681,29.602],[113.679,29.613],[113.674,29.627],[113.655,29.668],[113.649,29.676],[113.645,29.68],[113.64,29.682],[113.635,29.685],[113.628,29.687],[113.622,29.688],[113.615,29.688],[113.576,29.682],[113.548,29.682],[113.541,29.683],[113.536,29.686],[113.533,29.693],[113.533,29.705],[113.542,29.76],[113.546,29.771],[113.591,29.86],[113.594,29.877],[113.59,29.88],[113.52,29.842],[113.497,29.819],[113.446,29.78],[113.416,29.765],[113.186,29.532],[113.162,29.493],[113.146,29.472],[113.128,29.463],[113.118,29.464],[113.116,29.468],[113.113,29.474],[113.09,29.496],[113.085,29.495],[113.076,29.484],[113.075,29.474],[113.077,29.46],[113.076,29.448],[113.066,29.442],[113.055,29.443],[113.05,29.447],[113.049,29.454],[113.049,29.49],[113.045,29.508],[113.033,29.519],[113.008,29.518],[112.991,29.507],[112.972,29.489],[112.953,29.477],[112.936,29.481],[112.928,29.495],[112.908,29.601],[112.914,29.635],[112.935,29.66],[112.991,29.692],[113.006,29.706],[113.017,29.725],[113.022,29.747],[113.02,29.771],[113.013,29.773],[112.988,29.744],[112.946,29.709],[112.936,29.693],[112.93,29.701],[112.919,29.724],[112.917,29.734],[112.915,29.754],[112.913,29.764],[112.886,29.792],[112.853,29.779],[112.817,29.754],[112.808,29.749],[112.799,29.743],[112.791,29.74],[112.786,29.737],[112.782,29.732],[112.772,29.712],[112.766,29.703],[112.762,29.699],[112.758,29.695],[112.752,29.691],[112.741,29.685],[112.73,29.682],[112.712,29.681],[112.703,29.679],[112.696,29.676],[112.693,29.672],[112.69,29.667],[112.688,29.661],[112.687,29.655],[112.684,29.647],[112.678,29.641],[112.665,29.632],[112.656,29.629],[112.648,29.627],[112.556,29.63],[112.496,29.644],[112.46,29.646],[112.451,29.644],[112.444,29.641],[112.363,29.572],[112.346,29.563],[112.295,29.543],[112.287,29.537],[112.282,29.537],[112.28,29.543],[112.278,29.549],[112.279,29.586],[112.277,29.595],[112.274,29.601],[112.26,29.61],[112.248,29.615],[112.242,29.619],[112.234,29.625],[112.229,29.631],[112.226,29.637],[112.218,29.669],[112.214,29.673],[112.209,29.673],[112.205,29.67],[112.187,29.651],[112.183,29.647],[112.178,29.645],[112.173,29.646],[112.17,29.649],[112.154,29.675],[112.141,29.693],[112.133,29.701],[112.126,29.707],[112.082,29.733],[111.924,29.856],[111.857,29.871],[111.769,29.92],[111.755,29.925],[111.748,29.925],[111.741,29.923],[111.736,29.921],[111.726,29.916],[111.713,29.907],[111.708,29.905],[111.696,29.901],[111.683,29.899],[111.585,29.904],[111.495,29.936],[111.482,29.939],[111.475,29.94],[111.461,29.939],[111.415,29.926],[111.41,29.925],[111.396,29.925],[111.391,29.927],[111.386,29.93],[111.376,29.949],[111.371,29.954],[111.364,29.96],[111.341,29.972],[111.331,29.98],[111.327,29.984],[111.308,29.996],[111.246,30.032],[111.052,30.059],[110.944,30.064],[110.799,30.095],[110.765,30.098],[110.742,30.096],[110.734,30.088],[110.728,30.077],[110.725,30.065],[110.725,30.054],[110.726,30.04],[110.723,30.035],[110.716,30.03],[110.699,30.025],[110.686,30.027],[110.66,30.038],[110.636,30.046],[110.559,30.055],[110.543,30.055],[110.501,30.046],[110.498,30.045],[110.49,30.04],[110.481,30.034],[110.463,30.014],[110.498,29.999],[110.502,29.993],[110.507,29.985],[110.502,29.978],[110.498,29.974],[110.483,29.966],[110.477,29.958],[110.472,29.944],[110.47,29.92],[110.473,29.906],[110.487,29.886],[110.495,29.87],[110.501,29.863],[110.51,29.855],[110.545,29.838],[110.562,29.825],[110.58,29.805],[110.586,29.793],[110.591,29.771],[110.569,29.75],[110.567,29.749],[110.526,29.725],[110.502,29.715],[110.494,29.713],[110.482,29.712],[110.468,29.715],[110.447,29.727],[110.437,29.727],[110.427,29.722],[110.423,29.714],[110.421,29.704],[110.422,29.694],[110.419,29.683],[110.412,29.674],[110.39,29.66],[110.377,29.654],[110.362,29.65],[110.34,29.657],[110.326,29.665],[110.299,29.674],[110.285,29.68],[110.27,29.691],[110.225,29.737],[110.208,29.75],[110.197,29.754],[110.165,29.76],[110.154,29.762],[110.145,29.767],[110.137,29.774],[110.13,29.779],[110.119,29.784],[110.104,29.785],[109.783,29.735],[109.766,29.725],[109.748,29.711],[109.7,29.656],[109.694,29.614],[109.691,29.605],[109.685,29.601],[109.669,29.595],[109.656,29.595],[109.644,29.597],[109.635,29.603],[109.619,29.616],[109.61,29.619],[109.599,29.619],[109.586,29.616],[109.544,29.599],[109.539,29.599],[109.534,29.597],[109.528,29.593],[109.522,29.582],[109.515,29.57],[109.507,29.567],[109.502,29.567],[109.499,29.567],[109.496,29.569],[109.494,29.569],[109.484,29.567],[109.478,29.567],[109.472,29.568],[109.466,29.566],[109.461,29.561],[109.459,29.55],[109.457,29.535],[109.455,29.531],[109.452,29.532],[109.446,29.54],[109.442,29.542],[109.436,29.54],[109.432,29.534],[109.429,29.519],[109.428,29.511],[109.426,29.505],[109.422,29.503],[109.417,29.502],[109.412,29.501],[109.411,29.5],[109.409,29.492],[109.408,29.481],[109.408,29.473],[109.406,29.464],[109.401,29.453],[109.393,29.449],[109.387,29.446],[109.382,29.443],[109.378,29.438],[109.376,29.431],[109.375,29.42],[109.376,29.412],[109.377,29.406],[109.381,29.395],[109.379,29.392],[109.374,29.388],[109.345,29.371],[109.334,29.363],[109.328,29.354],[109.327,29.341],[109.327,29.331],[109.329,29.316],[109.332,29.31],[109.338,29.302],[109.34,29.297],[109.338,29.29],[109.327,29.279],[109.304,29.262],[109.3,29.26],[109.269,29.242],[109.258,29.229],[109.253,29.221],[109.257,29.204],[109.258,29.192],[109.258,29.185],[109.256,29.168],[109.245,29.132],[109.236,29.116],[109.207,29.104],[109.077,29.214],[109.051,29.247],[109.023,29.298],[109.014,29.307],[109.004,29.313],[108.988,29.319],[108.979,29.324],[108.939,29.338],[108.921,29.349],[108.914,29.359],[108.914,29.37],[108.922,29.39],[108.924,29.402],[108.916,29.42],[108.905,29.435],[108.883,29.457],[108.875,29.473],[108.871,29.487],[108.872,29.499],[108.872,29.502],[108.895,29.578],[108.897,29.586],[108.897,29.596],[108.895,29.608],[108.889,29.622],[108.882,29.632],[108.872,29.639],[108.86,29.643],[108.82,29.651],[108.789,29.665],[108.748,29.672],[108.732,29.683],[108.719,29.689],[108.706,29.693],[108.696,29.698],[108.689,29.706],[108.68,29.725],[108.668,29.769],[108.664,29.798],[108.658,29.817],[108.641,29.847],[108.626,29.856],[108.613,29.858],[108.604,29.852],[108.597,29.844],[108.577,29.82],[108.569,29.812],[108.551,29.8],[108.544,29.792],[108.539,29.782],[108.531,29.747],[108.527,29.736],[108.521,29.727],[108.513,29.722],[108.503,29.72],[108.497,29.719],[108.487,29.72],[108.473,29.723],[108.457,29.729],[108.447,29.736],[108.44,29.743],[108.438,29.751],[108.435,29.77],[108.43,29.785],[108.42,29.802],[108.402,29.819],[108.4,29.831],[108.405,29.839],[108.415,29.843],[108.441,29.849],[108.503,29.852],[108.514,29.854],[108.523,29.859],[108.531,29.866],[108.537,29.874],[108.538,29.885],[108.535,29.909],[108.53,29.932],[108.529,29.942],[108.531,29.953],[108.545,29.982],[108.549,29.991],[108.551,30],[108.55,30.009],[108.53,30.113],[108.528,30.163],[108.53,30.19],[108.543,30.25],[108.544,30.265],[108.543,30.281],[108.539,30.303],[108.532,30.315],[108.523,30.324],[108.513,30.328],[108.489,30.333],[108.411,30.363],[108.399,30.369],[108.386,30.379],[108.38,30.389],[108.381,30.4],[108.402,30.451],[108.407,30.461],[108.414,30.469],[108.426,30.482],[108.433,30.487],[108.573,30.498],[108.59,30.504],[108.601,30.51],[108.61,30.517],[108.642,30.565],[108.653,30.573],[108.661,30.575],[108.67,30.574],[108.677,30.568],[108.682,30.559],[108.689,30.538],[108.697,30.529],[108.71,30.523],[108.733,30.52],[108.747,30.522],[108.76,30.526],[108.787,30.538],[108.809,30.546],[108.828,30.549],[108.868,30.551],[108.881,30.556],[108.89,30.564],[108.904,30.581],[108.913,30.589],[108.926,30.596],[108.947,30.605],[108.965,30.607],[109.039,30.603],[109.073,30.6],[109.086,30.597],[109.097,30.592],[109.105,30.585],[109.112,30.577],[109.121,30.57],[109.133,30.565],[109.152,30.562],[109.167,30.563],[109.179,30.567],[109.248,30.597],[109.271,30.603],[109.286,30.602],[109.296,30.596],[109.307,30.587],[109.323,30.58],[109.358,30.578],[109.378,30.58],[109.394,30.584],[109.416,30.593],[109.436,30.603],[109.495,30.651],[109.503,30.656],[109.513,30.66],[109.525,30.659],[109.546,30.651],[109.555,30.653],[109.563,30.659],[109.576,30.676],[109.585,30.685],[109.597,30.693],[109.63,30.71],[109.64,30.718],[109.645,30.728],[109.648,30.74],[109.653,30.75],[109.658,30.76],[109.665,30.768],[109.73,30.823],[109.749,30.835],[109.871,30.889],[109.887,30.892],[109.902,30.894],[109.915,30.892],[109.927,30.889],[109.937,30.883],[109.945,30.876],[109.951,30.867],[109.954,30.856],[109.959,30.847],[109.967,30.84],[109.987,30.83],[109.997,30.826],[110.007,30.824],[110.022,30.823]]]}},{"type":"Feature","id":"CN-HE","properties":{"id":"CN-HE","countryCode":"CN","isoSubdivision":"CN-HE","name":"Hebei","name_en":"Hebei","name_ko":"허베이성","type":"Province","labelLongitude":115.314,"labelLatitude":38.521,"minZoom":4.6},"geometry":{"type":"MultiPolygon","coordinates":[[[[117.544,38.621],[117.566,38.613],[117.58,38.585],[117.668,38.446],[117.716,38.379],[117.804,38.294],[117.837,38.271],[117.827,38.264],[117.806,38.257],[117.799,38.256],[117.791,38.252],[117.784,38.247],[117.775,38.236],[117.771,38.228],[117.769,38.219],[117.767,38.204],[117.768,38.191],[117.77,38.186],[117.773,38.181],[117.779,38.174],[117.78,38.17],[117.78,38.164],[117.775,38.157],[117.764,38.143],[117.759,38.135],[117.754,38.128],[117.719,38.099],[117.71,38.09],[117.704,38.083],[117.697,38.078],[117.687,38.073],[117.618,38.058],[117.587,38.057],[117.569,38.049],[117.533,38.015],[117.524,38],[117.514,37.986],[117.506,37.97],[117.5,37.949],[117.496,37.94],[117.489,37.931],[117.464,37.907],[117.461,37.902],[117.458,37.897],[117.456,37.891],[117.441,37.867],[117.434,37.858],[117.421,37.847],[117.413,37.844],[117.404,37.841],[117.386,37.841],[117.377,37.841],[117.369,37.843],[117.363,37.845],[117.319,37.851],[117.307,37.851],[117.235,37.841],[117.204,37.84],[117.172,37.843],[117.119,37.84],[117.103,37.842],[117.076,37.842],[117.02,37.833],[116.997,37.832],[116.976,37.836],[116.959,37.838],[116.933,37.836],[116.875,37.837],[116.84,37.834],[116.824,37.836],[116.81,37.839],[116.802,37.84],[116.793,37.838],[116.782,37.834],[116.765,37.822],[116.756,37.815],[116.75,37.809],[116.744,37.799],[116.728,37.754],[116.726,37.751],[116.725,37.75],[116.724,37.749],[116.718,37.745],[116.657,37.711],[116.649,37.704],[116.645,37.699],[116.642,37.695],[116.632,37.672],[116.609,37.639],[116.594,37.623],[116.581,37.611],[116.557,37.597],[116.552,37.593],[116.548,37.589],[116.534,37.572],[116.529,37.568],[116.505,37.553],[116.485,37.533],[116.475,37.526],[116.454,37.515],[116.449,37.512],[116.442,37.505],[116.429,37.484],[116.425,37.481],[116.421,37.479],[116.415,37.481],[116.411,37.485],[116.402,37.497],[116.393,37.507],[116.386,37.516],[116.383,37.524],[116.38,37.533],[116.377,37.556],[116.376,37.583],[116.371,37.597],[116.35,37.621],[116.327,37.605],[116.319,37.597],[116.307,37.571],[116.304,37.566],[116.298,37.562],[116.283,37.554],[116.279,37.55],[116.276,37.545],[116.273,37.533],[116.267,37.516],[116.264,37.511],[116.232,37.48],[116.224,37.471],[116.22,37.462],[116.219,37.449],[116.221,37.444],[116.223,37.438],[116.226,37.434],[116.229,37.429],[116.233,37.426],[116.243,37.419],[116.249,37.417],[116.253,37.411],[116.256,37.405],[116.257,37.394],[116.256,37.39],[116.256,37.387],[116.253,37.385],[116.252,37.384],[116.249,37.383],[116.227,37.363],[116.221,37.36],[116.213,37.357],[116.207,37.355],[116.202,37.354],[116.196,37.354],[116.188,37.355],[116.18,37.356],[116.148,37.367],[116.141,37.369],[116.134,37.37],[116.124,37.37],[116.115,37.368],[116.112,37.367],[116.107,37.365],[116.085,37.359],[116.049,37.358],[116.038,37.356],[116.036,37.354],[115.997,37.331],[115.981,37.326],[115.977,37.324],[115.975,37.322],[115.974,37.319],[115.972,37.302],[115.973,37.272],[115.971,37.265],[115.967,37.257],[115.957,37.242],[115.948,37.233],[115.941,37.227],[115.907,37.206],[115.902,37.202],[115.898,37.196],[115.892,37.171],[115.882,37.15],[115.873,37.135],[115.871,37.132],[115.87,37.129],[115.872,37.107],[115.87,37.097],[115.857,37.066],[115.852,37.057],[115.834,37.044],[115.824,37.037],[115.787,37],[115.786,37],[115.781,36.996],[115.778,36.992],[115.776,36.985],[115.776,36.974],[115.778,36.961],[115.776,36.952],[115.773,36.946],[115.747,36.915],[115.701,36.879],[115.695,36.874],[115.692,36.87],[115.689,36.865],[115.686,36.86],[115.683,36.848],[115.681,36.843],[115.664,36.815],[115.626,36.794],[115.544,36.768],[115.5,36.762],[115.478,36.754],[115.461,36.723],[115.444,36.703],[115.424,36.686],[115.41,36.679],[115.4,36.672],[115.365,36.624],[115.349,36.609],[115.342,36.6],[115.342,36.593],[115.348,36.582],[115.344,36.575],[115.328,36.565],[115.323,36.556],[115.321,36.537],[115.318,36.528],[115.309,36.517],[115.289,36.499],[115.283,36.487],[115.276,36.48],[115.276,36.474],[115.279,36.47],[115.283,36.465],[115.287,36.461],[115.293,36.453],[115.296,36.449],[115.302,36.429],[115.333,36.376],[115.343,36.352],[115.346,36.335],[115.347,36.318],[115.35,36.309],[115.354,36.303],[115.36,36.301],[115.367,36.3],[115.374,36.3],[115.387,36.302],[115.395,36.301],[115.4,36.299],[115.405,36.296],[115.409,36.292],[115.412,36.288],[115.415,36.283],[115.418,36.278],[115.424,36.27],[115.433,36.263],[115.438,36.26],[115.446,36.253],[115.448,36.25],[115.449,36.249],[115.451,36.243],[115.455,36.233],[115.456,36.227],[115.46,36.158],[115.398,36.125],[115.38,36.111],[115.37,36.098],[115.358,36.087],[115.35,36.082],[115.341,36.079],[115.333,36.078],[115.322,36.078],[115.313,36.079],[115.306,36.081],[115.3,36.083],[115.296,36.087],[115.285,36.099],[115.28,36.108],[115.267,36.132],[115.245,36.161],[115.242,36.165],[115.234,36.17],[115.224,36.175],[115.202,36.181],[115.19,36.183],[115.18,36.183],[115.15,36.178],[115.141,36.178],[115.133,36.18],[115.128,36.182],[115.119,36.186],[115.112,36.186],[115.106,36.185],[115.101,36.181],[115.089,36.17],[115.061,36.152],[115.057,36.148],[115.054,36.143],[115.045,36.118],[115.042,36.113],[115.034,36.101],[115.029,36.096],[115.014,36.085],[115.006,36.077],[114.997,36.07],[114.978,36.061],[114.953,36.061],[114.931,36.057],[114.924,36.058],[114.919,36.061],[114.918,36.066],[114.918,36.07],[114.919,36.073],[114.924,36.081],[114.924,36.088],[114.915,36.099],[114.893,36.12],[114.86,36.14],[114.842,36.149],[114.831,36.151],[114.825,36.149],[114.81,36.14],[114.798,36.14],[114.781,36.142],[114.728,36.152],[114.714,36.154],[114.707,36.153],[114.669,36.144],[114.634,36.132],[114.623,36.131],[114.585,36.131],[114.561,36.134],[114.548,36.139],[114.418,36.212],[114.406,36.216],[114.392,36.218],[114.375,36.219],[114.366,36.222],[114.36,36.226],[114.349,36.237],[114.343,36.245],[114.333,36.244],[114.314,36.241],[114.305,36.241],[114.262,36.252],[114.246,36.253],[114.24,36.249],[114.226,36.242],[114.22,36.241],[114.209,36.24],[114.193,36.241],[114.156,36.247],[114.09,36.265],[114.074,36.272],[114.063,36.277],[114.06,36.281],[114.057,36.286],[114.051,36.301],[114.048,36.312],[114.038,36.322],[114.028,36.334],[114.017,36.345],[114.004,36.353],[113.989,36.359],[113.981,36.36],[113.976,36.358],[113.966,36.351],[113.96,36.348],[113.954,36.347],[113.934,36.349],[113.928,36.348],[113.916,36.345],[113.907,36.344],[113.899,36.346],[113.892,36.351],[113.879,36.362],[113.873,36.365],[113.867,36.365],[113.859,36.363],[113.825,36.345],[113.808,36.339],[113.79,36.34],[113.727,36.355],[113.721,36.356],[113.702,36.384],[113.691,36.395],[113.656,36.417],[113.631,36.438],[113.626,36.441],[113.615,36.447],[113.603,36.451],[113.568,36.46],[113.556,36.465],[113.543,36.475],[113.535,36.483],[113.532,36.491],[113.53,36.501],[113.533,36.516],[113.535,36.524],[113.539,36.529],[113.546,36.538],[113.548,36.543],[113.547,36.549],[113.543,36.555],[113.538,36.559],[113.527,36.565],[113.523,36.569],[113.52,36.575],[113.516,36.589],[113.514,36.594],[113.512,36.597],[113.506,36.603],[113.496,36.611],[113.459,36.636],[113.455,36.64],[113.453,36.646],[113.454,36.655],[113.458,36.664],[113.466,36.676],[113.469,36.683],[113.469,36.69],[113.466,36.694],[113.463,36.698],[113.444,36.711],[113.44,36.715],[113.438,36.719],[113.44,36.725],[113.445,36.731],[113.454,36.737],[113.464,36.74],[113.475,36.741],[113.508,36.741],[113.534,36.747],[113.557,36.761],[113.586,36.765],[113.595,36.766],[113.602,36.767],[113.608,36.769],[113.617,36.775],[113.656,36.808],[113.665,36.82],[113.669,36.83],[113.67,36.843],[113.671,36.855],[113.673,36.861],[113.676,36.867],[113.679,36.872],[113.689,36.874],[113.7,36.875],[113.748,36.862],[113.755,36.862],[113.766,36.865],[113.771,36.868],[113.774,36.88],[113.776,36.891],[113.775,36.969],[113.773,36.984],[113.772,36.989],[113.769,36.994],[113.764,37],[113.762,37.004],[113.754,37.023],[113.748,37.051],[113.747,37.076],[113.748,37.09],[113.754,37.115],[113.759,37.123],[113.767,37.133],[113.8,37.164],[113.845,37.197],[113.858,37.209],[113.862,37.216],[113.868,37.227],[113.876,37.248],[113.887,37.296],[113.897,37.312],[113.93,37.349],[113.951,37.388],[113.962,37.4],[113.989,37.424],[114.019,37.455],[114.052,37.498],[114.053,37.501],[114.076,37.554],[114.082,37.565],[114.088,37.572],[114.092,37.583],[114.096,37.6],[114.106,37.669],[114.1,37.698],[114.026,37.751],[113.995,37.825],[113.987,37.839],[113.926,37.924],[113.9,37.942],[113.891,37.949],[113.886,37.958],[113.879,37.971],[113.857,38.03],[113.854,38.041],[113.845,38.057],[113.818,38.091],[113.808,38.109],[113.791,38.153],[113.759,38.157],[113.752,38.159],[113.746,38.162],[113.741,38.165],[113.717,38.188],[113.708,38.195],[113.688,38.207],[113.676,38.212],[113.558,38.243],[113.547,38.248],[113.543,38.25],[113.539,38.252],[113.536,38.262],[113.532,38.278],[113.524,38.346],[113.518,38.361],[113.517,38.369],[113.518,38.378],[113.525,38.4],[113.538,38.424],[113.543,38.439],[113.543,38.45],[113.542,38.465],[113.532,38.52],[113.534,38.537],[113.552,38.566],[113.592,38.617],[113.599,38.632],[113.609,38.644],[113.631,38.653],[113.669,38.66],[113.681,38.668],[113.684,38.678],[113.683,38.691],[113.684,38.703],[113.691,38.714],[113.749,38.729],[113.798,38.778],[113.825,38.81],[113.826,38.816],[113.826,38.824],[113.794,38.854],[113.78,38.872],[113.769,38.891],[113.76,38.909],[113.756,38.922],[113.754,38.931],[113.755,38.94],[113.759,38.949],[113.763,38.957],[113.767,38.963],[113.771,38.968],[113.776,38.971],[113.809,38.986],[113.816,38.995],[113.823,39.008],[113.835,39.042],[113.843,39.058],[113.853,39.072],[113.864,39.079],[113.875,39.083],[113.887,39.085],[113.915,39.083],[113.928,39.085],[113.962,39.099],[113.985,39.109],[114.013,39.119],[114.021,39.119],[114.03,39.118],[114.037,39.113],[114.05,39.101],[114.089,39.074],[114.106,39.067],[114.117,39.066],[114.125,39.066],[114.145,39.071],[114.159,39.073],[114.167,39.073],[114.216,39.069],[114.231,39.07],[114.245,39.073],[114.257,39.077],[114.268,39.082],[114.275,39.089],[114.309,39.13],[114.317,39.137],[114.328,39.142],[114.366,39.153],[114.378,39.157],[114.383,39.16],[114.388,39.164],[114.394,39.169],[114.401,39.178],[114.406,39.184],[114.409,39.19],[114.412,39.198],[114.414,39.208],[114.416,39.226],[114.415,39.282],[114.416,39.29],[114.42,39.3],[114.428,39.309],[114.433,39.315],[114.448,39.326],[114.456,39.334],[114.459,39.338],[114.462,39.345],[114.464,39.354],[114.464,39.369],[114.466,39.38],[114.468,39.39],[114.48,39.409],[114.5,39.435],[114.529,39.482],[114.535,39.499],[114.541,39.531],[114.539,39.539],[114.536,39.544],[114.516,39.565],[114.5,39.572],[114.497,39.575],[114.48,39.594],[114.476,39.598],[114.471,39.601],[114.466,39.604],[114.459,39.607],[114.452,39.609],[114.437,39.611],[114.43,39.613],[114.425,39.618],[114.421,39.626],[114.415,39.641],[114.411,39.648],[114.406,39.654],[114.402,39.658],[114.399,39.666],[114.397,39.676],[114.397,39.697],[114.399,39.718],[114.406,39.75],[114.403,39.781],[114.405,39.827],[114.404,39.834],[114.401,39.842],[114.394,39.852],[114.388,39.858],[114.383,39.861],[114.379,39.862],[114.373,39.863],[114.366,39.863],[114.337,39.86],[114.328,39.86],[114.233,39.876],[114.221,39.882],[114.211,39.888],[114.198,39.899],[114.192,39.902],[114.186,39.904],[114.178,39.906],[114.086,39.917],[114.058,39.924],[114.052,39.927],[114.047,39.93],[114.039,39.938],[114.035,39.942],[114.023,39.967],[114.017,39.974],[114.009,39.981],[113.936,40.016],[113.933,40.018],[113.927,40.025],[113.924,40.029],[113.924,40.036],[113.925,40.045],[113.934,40.061],[113.941,40.068],[113.947,40.074],[113.958,40.079],[113.965,40.085],[113.972,40.095],[113.982,40.116],[113.99,40.126],[113.996,40.132],[114,40.132],[114.005,40.132],[114.01,40.131],[114.015,40.127],[114.019,40.12],[114.027,40.101],[114.032,40.095],[114.04,40.089],[114.051,40.086],[114.061,40.087],[114.066,40.093],[114.07,40.106],[114.075,40.16],[114.085,40.185],[114.1,40.197],[114.117,40.204],[114.16,40.21],[114.233,40.231],[114.289,40.255],[114.45,40.294],[114.493,40.311],[114.502,40.316],[114.511,40.325],[114.511,40.334],[114.504,40.342],[114.492,40.348],[114.448,40.359],[114.434,40.361],[114.386,40.355],[114.305,40.362],[114.295,40.367],[114.286,40.379],[114.279,40.407],[114.277,40.427],[114.259,40.493],[114.258,40.55],[114.256,40.557],[114.252,40.568],[114.247,40.579],[114.229,40.6],[114.198,40.622],[114.164,40.652],[114.16,40.658],[114.156,40.664],[114.152,40.674],[114.15,40.683],[114.15,40.695],[114.153,40.712],[114.154,40.743],[114.129,40.775],[114.116,40.787],[114.06,40.814],[114.052,40.821],[114.048,40.827],[114.047,40.833],[114.047,40.865],[114.046,40.871],[114.044,40.876],[114.028,40.912],[114.023,40.918],[114.019,40.924],[114.014,40.927],[114.009,40.93],[113.993,40.937],[113.984,40.942],[113.969,40.952],[113.954,40.967],[113.918,41.018],[113.912,41.025],[113.908,41.028],[113.857,41.058],[113.829,41.081],[113.823,41.089],[113.823,41.094],[113.828,41.095],[113.835,41.094],[113.855,41.088],[113.862,41.087],[113.869,41.088],[113.875,41.09],[113.879,41.094],[113.881,41.099],[113.882,41.118],[113.883,41.124],[113.891,41.147],[113.894,41.152],[113.898,41.156],[113.903,41.159],[113.909,41.161],[113.916,41.163],[113.924,41.163],[113.931,41.161],[113.95,41.154],[113.957,41.153],[113.964,41.153],[113.97,41.155],[113.976,41.158],[113.981,41.161],[113.985,41.165],[113.988,41.17],[113.989,41.176],[113.99,41.182],[113.988,41.225],[113.985,41.241],[113.98,41.249],[113.974,41.253],[113.94,41.257],[113.932,41.26],[113.924,41.266],[113.914,41.278],[113.91,41.286],[113.909,41.294],[113.911,41.334],[113.912,41.34],[113.923,41.378],[113.924,41.383],[113.924,41.403],[113.925,41.412],[113.928,41.418],[113.932,41.423],[113.936,41.427],[113.952,41.438],[113.961,41.446],[113.966,41.452],[113.972,41.46],[113.992,41.5],[113.999,41.509],[114.007,41.519],[114.017,41.525],[114.027,41.531],[114.136,41.556],[114.166,41.567],[114.177,41.573],[114.186,41.58],[114.19,41.584],[114.194,41.589],[114.197,41.594],[114.214,41.767],[114.225,41.81],[114.232,41.827],[114.256,41.86],[114.272,41.876],[114.324,41.914],[114.345,41.925],[114.356,41.93],[114.382,41.937],[114.405,41.947],[114.42,41.956],[114.436,41.973],[114.443,41.982],[114.452,42],[114.476,42.065],[114.481,42.075],[114.523,42.116],[114.533,42.122],[114.544,42.128],[114.55,42.13],[114.596,42.141],[114.752,42.14],[114.765,42.143],[114.776,42.149],[114.787,42.158],[114.805,42.178],[114.845,42.148],[114.851,42.139],[114.856,42.126],[114.855,42.116],[114.846,42.082],[114.847,42.075],[114.85,42.069],[114.88,42.029],[114.885,42.018],[114.896,41.977],[114.9,41.969],[114.92,41.937],[114.923,41.927],[114.924,41.919],[114.922,41.913],[114.922,41.902],[114.923,41.888],[114.931,41.848],[114.931,41.839],[114.928,41.835],[114.924,41.831],[114.918,41.828],[114.913,41.826],[114.887,41.818],[114.881,41.815],[114.876,41.812],[114.872,41.806],[114.869,41.796],[114.869,41.789],[114.871,41.783],[114.887,41.753],[114.888,41.745],[114.889,41.737],[114.888,41.731],[114.887,41.725],[114.884,41.719],[114.881,41.696],[114.882,41.644],[114.881,41.638],[114.88,41.632],[114.877,41.626],[114.876,41.62],[114.877,41.612],[114.889,41.61],[115.023,41.613],[115.036,41.615],[115.097,41.616],[115.137,41.611],[115.226,41.586],[115.24,41.586],[115.25,41.591],[115.256,41.6],[115.26,41.611],[115.268,41.62],[115.283,41.624],[115.303,41.621],[115.325,41.616],[115.341,41.616],[115.347,41.624],[115.342,41.638],[115.316,41.674],[115.311,41.688],[115.313,41.699],[115.322,41.711],[115.34,41.721],[115.528,41.772],[115.578,41.791],[115.682,41.848],[115.794,41.89],[115.842,41.92],[115.859,41.927],[115.88,41.933],[115.901,41.937],[115.924,41.935],[115.937,41.927],[115.948,41.915],[115.971,41.882],[116.013,41.837],[116.038,41.801],[116.057,41.798],[116.07,41.801],[116.086,41.811],[116.101,41.83],[116.109,41.858],[116.117,41.868],[116.13,41.873],[116.182,41.877],[116.207,41.884],[116.276,41.95],[116.361,42.003],[116.378,42.01],[116.394,42.01],[116.407,42.007],[116.415,42.004],[116.423,42],[116.427,41.998],[116.43,41.995],[116.433,41.99],[116.443,41.96],[116.447,41.954],[116.452,41.95],[116.459,41.948],[116.466,41.948],[116.48,41.951],[116.52,41.967],[116.537,41.967],[116.552,41.96],[116.561,41.949],[116.568,41.936],[116.58,41.927],[116.6,41.924],[116.619,41.925],[116.639,41.929],[116.672,41.939],[116.746,41.975],[116.763,41.98],[116.781,41.982],[116.797,41.987],[116.807,41.993],[116.811,41.998],[116.813,42.002],[116.817,42.006],[116.827,42.011],[116.858,42.02],[116.868,42.025],[116.873,42.031],[116.888,42.057],[116.889,42.063],[116.889,42.07],[116.885,42.076],[116.864,42.097],[116.857,42.105],[116.855,42.11],[116.854,42.117],[116.855,42.125],[116.86,42.138],[116.864,42.145],[116.881,42.16],[116.886,42.167],[116.888,42.174],[116.888,42.185],[116.885,42.203],[116.879,42.22],[116.873,42.229],[116.869,42.233],[116.841,42.273],[116.832,42.292],[116.827,42.308],[116.827,42.316],[116.829,42.325],[116.837,42.34],[116.869,42.383],[116.887,42.395],[117.056,42.463],[117.103,42.476],[117.138,42.472],[117.155,42.471],[117.244,42.482],[117.26,42.48],[117.317,42.463],[117.349,42.457],[117.393,42.455],[117.404,42.456],[117.412,42.458],[117.418,42.461],[117.422,42.465],[117.424,42.468],[117.428,42.477],[117.433,42.5],[117.434,42.5],[117.442,42.533],[117.447,42.544],[117.45,42.549],[117.454,42.553],[117.463,42.561],[117.473,42.568],[117.494,42.579],[117.498,42.582],[117.501,42.584],[117.51,42.596],[117.517,42.607],[117.521,42.613],[117.529,42.62],[117.536,42.621],[117.541,42.619],[117.544,42.615],[117.548,42.605],[117.554,42.596],[117.594,42.552],[117.6,42.552],[117.607,42.557],[117.628,42.565],[117.743,42.591],[117.787,42.61],[117.802,42.61],[117.808,42.606],[117.809,42.6],[117.801,42.58],[117.8,42.569],[117.806,42.56],[117.815,42.552],[117.846,42.536],[117.857,42.526],[117.874,42.5],[117.945,42.436],[117.982,42.411],[118.012,42.395],[118.019,42.39],[118.024,42.383],[118.025,42.373],[118.025,42.364],[118.021,42.353],[118.019,42.344],[118.018,42.335],[118.021,42.324],[118.026,42.312],[118.035,42.3],[118.04,42.289],[118.041,42.278],[118.036,42.269],[118.026,42.262],[118.004,42.254],[117.998,42.252],[117.991,42.245],[117.988,42.235],[117.989,42.222],[118.003,42.21],[118.022,42.202],[118.086,42.182],[118.099,42.176],[118.102,42.171],[118.102,42.163],[118.097,42.139],[118.097,42.125],[118.099,42.11],[118.106,42.096],[118.123,42.072],[118.127,42.064],[118.129,42.056],[118.129,42.05],[118.124,42.036],[118.125,42.029],[118.134,42.022],[118.148,42.02],[118.162,42.02],[118.183,42.024],[118.189,42.027],[118.194,42.03],[118.201,42.035],[118.205,42.042],[118.208,42.048],[118.212,42.07],[118.214,42.076],[118.221,42.081],[118.232,42.084],[118.254,42.082],[118.268,42.074],[118.277,42.062],[118.28,42.051],[118.279,42.041],[118.277,42.022],[118.277,42.013],[118.28,42.005],[118.282,42.002],[118.292,41.991],[118.296,41.983],[118.298,41.972],[118.295,41.96],[118.277,41.923],[118.275,41.916],[118.274,41.911],[118.28,41.906],[118.305,41.888],[118.315,41.877],[118.322,41.864],[118.323,41.849],[118.319,41.83],[118.303,41.786],[118.29,41.763],[118.278,41.753],[118.263,41.752],[118.249,41.761],[118.238,41.775],[118.227,41.786],[118.215,41.793],[118.2,41.798],[118.183,41.797],[118.168,41.79],[118.157,41.77],[118.152,41.75],[118.154,41.733],[118.159,41.719],[118.175,41.694],[118.19,41.677],[118.197,41.669],[118.204,41.66],[118.218,41.615],[118.231,41.599],[118.244,41.592],[118.26,41.59],[118.287,41.589],[118.301,41.585],[118.309,41.578],[118.314,41.57],[118.314,41.556],[118.312,41.542],[118.298,41.5],[118.298,41.494],[118.298,41.49],[118.295,41.461],[118.333,41.447],[118.339,41.433],[118.344,41.417],[118.341,41.382],[118.342,41.366],[118.35,41.336],[118.359,41.323],[118.37,41.314],[118.38,41.312],[118.397,41.31],[118.407,41.31],[118.41,41.331],[118.414,41.336],[118.422,41.343],[118.437,41.348],[118.478,41.355],[118.625,41.355],[118.689,41.344],[118.709,41.342],[118.728,41.347],[118.772,41.371],[118.797,41.38],[118.809,41.383],[118.819,41.382],[118.824,41.378],[118.828,41.374],[118.83,41.367],[118.831,41.358],[118.844,41.347],[118.867,41.337],[119.153,41.312],[119.177,41.314],[119.214,41.324],[119.228,41.324],[119.235,41.323],[119.238,41.32],[119.239,41.315],[119.24,41.308],[119.236,41.288],[119.231,41.273],[119.215,41.233],[119.197,41.207],[119.164,41.176],[119.152,41.169],[119.124,41.157],[119.101,41.142],[119.069,41.116],[119.048,41.094],[119.03,41.085],[119.013,41.08],[119.001,41.08],[118.985,41.079],[118.965,41.075],[118.937,41.061],[118.927,41.047],[118.929,41.03],[118.94,41.022],[118.954,41.017],[118.972,41.014],[118.987,41.01],[119.004,41.002],[119.006,41.001],[119.008,40.999],[119.01,40.995],[119.012,40.989],[119.01,40.976],[119.006,40.969],[119.002,40.964],[118.989,40.957],[118.979,40.954],[118.966,40.953],[118.951,40.955],[118.925,40.964],[118.915,40.963],[118.902,40.957],[118.893,40.922],[118.877,40.892],[118.858,40.869],[118.854,40.864],[118.851,40.857],[118.848,40.849],[118.848,40.842],[118.848,40.835],[118.849,40.83],[118.852,40.825],[118.855,40.821],[119.041,40.663],[119.051,40.656],[119.056,40.654],[119.062,40.651],[119.068,40.651],[119.074,40.653],[119.086,40.657],[119.113,40.663],[119.119,40.665],[119.124,40.668],[119.154,40.695],[119.165,40.701],[119.171,40.703],[119.177,40.704],[119.184,40.704],[119.191,40.7],[119.196,40.692],[119.197,40.684],[119.196,40.678],[119.186,40.641],[119.186,40.633],[119.19,40.62],[119.224,40.576],[119.24,40.56],[119.258,40.552],[119.272,40.548],[119.28,40.543],[119.294,40.531],[119.302,40.529],[119.328,40.533],[119.464,40.532],[119.528,40.545],[119.551,40.545],[119.564,40.54],[119.57,40.532],[119.571,40.524],[119.572,40.519],[119.576,40.512],[119.592,40.496],[119.598,40.486],[119.6,40.477],[119.598,40.466],[119.592,40.447],[119.591,40.439],[119.591,40.422],[119.591,40.416],[119.589,40.41],[119.586,40.404],[119.584,40.398],[119.581,40.386],[119.58,40.373],[119.582,40.362],[119.585,40.351],[119.587,40.346],[119.598,40.327],[119.616,40.303],[119.629,40.289],[119.635,40.28],[119.637,40.275],[119.638,40.27],[119.631,40.229],[119.631,40.22],[119.632,40.215],[119.635,40.209],[119.641,40.208],[119.649,40.208],[119.667,40.212],[119.69,40.215],[119.707,40.215],[119.72,40.213],[119.731,40.211],[119.743,40.205],[119.747,40.2],[119.748,40.193],[119.746,40.173],[119.748,40.144],[119.747,40.137],[119.746,40.131],[119.738,40.112],[119.737,40.107],[119.738,40.1],[119.742,40.09],[119.752,40.076],[119.759,40.068],[119.765,40.063],[119.792,40.051],[119.816,40.037],[119.823,40.031],[119.829,40.026],[119.832,40.022],[119.843,40.004],[119.845,40.001],[119.845,40],[119.848,39.993],[119.85,39.986],[119.811,39.973],[119.792,39.963],[119.774,39.951],[119.75,39.952],[119.708,39.935],[119.661,39.933],[119.621,39.911],[119.603,39.906],[119.572,39.904],[119.554,39.899],[119.536,39.891],[119.525,39.872],[119.52,39.858],[119.525,39.842],[119.531,39.815],[119.496,39.813],[119.467,39.815],[119.429,39.795],[119.412,39.778],[119.386,39.76],[119.368,39.748],[119.356,39.736],[119.35,39.732],[119.34,39.716],[119.314,39.641],[119.302,39.618],[119.285,39.595],[119.281,39.597],[119.268,39.598],[119.245,39.594],[119.223,39.585],[119.209,39.57],[119.209,39.55],[119.233,39.566],[119.243,39.571],[119.238,39.563],[119.234,39.554],[119.231,39.545],[119.229,39.536],[119.243,39.546],[119.262,39.578],[119.27,39.581],[119.281,39.575],[119.262,39.535],[119.256,39.493],[119.271,39.489],[119.297,39.455],[119.305,39.433],[119.296,39.412],[119.279,39.384],[119.256,39.366],[119.226,39.358],[119.203,39.363],[119.185,39.355],[119.129,39.294],[119.094,39.261],[119.062,39.231],[119.039,39.213],[119.016,39.19],[118.994,39.18],[118.94,39.139],[118.926,39.131],[118.91,39.125],[118.894,39.124],[118.894,39.132],[118.932,39.152],[118.942,39.159],[118.948,39.169],[118.951,39.179],[118.956,39.188],[118.97,39.193],[118.946,39.192],[118.903,39.177],[118.881,39.173],[118.886,39.185],[118.871,39.2],[118.874,39.214],[118.859,39.208],[118.841,39.176],[118.816,39.164],[118.796,39.152],[118.775,39.148],[118.728,39.147],[118.687,39.153],[118.649,39.16],[118.619,39.161],[118.59,39.148],[118.56,39.147],[118.527,39.149],[118.519,39.139],[118.529,39.125],[118.512,39.116],[118.487,39.102],[118.469,39.098],[118.41,39.063],[118.38,39.05],[118.36,39.042],[118.344,39.031],[118.326,39.031],[118.3,39.041],[118.268,39.043],[118.235,39.053],[118.207,39.077],[118.187,39.11],[118.171,39.135],[118.141,39.173],[118.096,39.202],[118.045,39.219],[118.028,39.22],[118.01,39.219],[118.007,39.239],[118.007,39.244],[118.007,39.249],[118.013,39.307],[118.012,39.325],[118.01,39.336],[118.008,39.343],[118.003,39.35],[117.991,39.361],[117.984,39.367],[117.976,39.372],[117.897,39.399],[117.891,39.402],[117.887,39.406],[117.882,39.411],[117.879,39.418],[117.876,39.425],[117.876,39.434],[117.877,39.441],[117.878,39.447],[117.897,39.493],[117.899,39.501],[117.911,39.528],[117.913,39.533],[117.913,39.539],[117.91,39.546],[117.905,39.554],[117.893,39.565],[117.883,39.569],[117.874,39.571],[117.852,39.57],[117.831,39.566],[117.824,39.566],[117.816,39.566],[117.809,39.568],[117.802,39.57],[117.778,39.58],[117.771,39.581],[117.763,39.582],[117.756,39.582],[117.75,39.58],[117.745,39.577],[117.743,39.572],[117.743,39.567],[117.743,39.562],[117.743,39.557],[117.741,39.552],[117.738,39.547],[117.734,39.542],[117.73,39.538],[117.725,39.535],[117.72,39.533],[117.714,39.533],[117.708,39.535],[117.704,39.538],[117.694,39.551],[117.69,39.555],[117.685,39.559],[117.68,39.562],[117.668,39.567],[117.631,39.576],[117.625,39.578],[117.621,39.583],[117.619,39.589],[117.622,39.599],[117.625,39.606],[117.629,39.612],[117.633,39.616],[117.636,39.621],[117.637,39.629],[117.637,39.638],[117.631,39.652],[117.627,39.66],[117.623,39.666],[117.618,39.67],[117.591,39.678],[117.585,39.681],[117.58,39.684],[117.577,39.688],[117.575,39.694],[117.568,39.724],[117.564,39.73],[117.56,39.734],[117.549,39.74],[117.538,39.746],[117.533,39.75],[117.53,39.771],[117.528,39.804],[117.524,39.828],[117.508,39.856],[117.504,39.868],[117.503,39.873],[117.504,39.882],[117.516,39.93],[117.517,39.94],[117.516,39.952],[117.511,39.966],[117.503,39.98],[117.501,39.985],[117.501,39.989],[117.503,39.993],[117.51,40],[117.516,40.002],[117.523,40.004],[117.53,40.002],[117.538,40],[117.616,39.965],[117.621,39.963],[117.634,39.961],[117.648,39.962],[117.697,39.968],[117.712,39.969],[117.766,39.964],[117.773,39.965],[117.778,39.967],[117.781,39.97],[117.785,39.974],[117.79,39.982],[117.789,39.987],[117.786,39.99],[117.777,40],[117.771,40.007],[117.765,40.011],[117.747,40.019],[117.742,40.026],[117.742,40.032],[117.746,40.039],[117.756,40.053],[117.755,40.058],[117.75,40.063],[117.732,40.069],[117.718,40.072],[117.683,40.075],[117.65,40.083],[117.635,40.099],[117.623,40.124],[117.605,40.139],[117.556,40.17],[117.451,40.227],[117.357,40.257],[117.331,40.268],[117.288,40.298],[117.271,40.312],[117.264,40.32],[117.251,40.338],[117.244,40.352],[117.241,40.363],[117.238,40.386],[117.238,40.394],[117.242,40.425],[117.242,40.438],[117.24,40.446],[117.238,40.45],[117.232,40.454],[117.223,40.459],[117.209,40.468],[117.196,40.479],[117.187,40.491],[117.184,40.497],[117.183,40.501],[117.184,40.504],[117.185,40.512],[117.189,40.524],[117.197,40.534],[117.243,40.57],[117.26,40.578],[117.282,40.585],[117.328,40.595],[117.359,40.596],[117.4,40.594],[117.412,40.597],[117.421,40.608],[117.423,40.617],[117.431,40.628],[117.438,40.637],[117.489,40.651],[117.486,40.662],[117.429,40.669],[117.303,40.662],[117.199,40.69],[117.174,40.693],[117.166,40.694],[117.116,40.687],[117.1,40.679],[117.088,40.675],[117.073,40.674],[117.058,40.677],[116.959,40.718],[116.91,40.749],[116.865,40.785],[116.837,40.812],[116.769,40.865],[116.765,40.869],[116.758,40.877],[116.725,40.907],[116.694,40.926],[116.676,40.94],[116.668,40.948],[116.665,40.952],[116.659,40.963],[116.658,40.965],[116.655,40.982],[116.653,41.031],[116.649,41.04],[116.643,41.046],[116.633,41.048],[116.626,41.048],[116.618,41.045],[116.609,41.04],[116.6,41.031],[116.596,41.021],[116.596,41],[116.594,40.996],[116.592,40.992],[116.497,40.953],[116.482,40.943],[116.476,40.934],[116.466,40.915],[116.462,40.909],[116.454,40.903],[116.438,40.9],[116.417,40.902],[116.4,40.907],[116.365,40.93],[116.351,40.926],[116.349,40.922],[116.349,40.912],[116.356,40.902],[116.459,40.792],[116.469,40.778],[116.472,40.77],[116.468,40.766],[116.46,40.762],[116.45,40.761],[116.44,40.762],[116.408,40.767],[116.376,40.767],[116.354,40.765],[116.348,40.763],[116.342,40.76],[116.337,40.757],[116.327,40.749],[116.32,40.744],[116.313,40.741],[116.306,40.739],[116.299,40.739],[116.291,40.74],[116.285,40.742],[116.28,40.745],[116.262,40.759],[116.257,40.762],[116.251,40.765],[116.244,40.767],[116.235,40.767],[116.226,40.765],[116.207,40.75],[116.13,40.658],[116.126,40.655],[116.12,40.65],[116.098,40.641],[116.048,40.607],[116.039,40.602],[116.027,40.598],[116.006,40.595],[115.995,40.596],[115.914,40.612],[115.896,40.613],[115.888,40.613],[115.874,40.61],[115.779,40.575],[115.748,40.567],[115.734,40.561],[115.728,40.556],[115.725,40.55],[115.726,40.545],[115.728,40.54],[115.895,40.347],[115.897,40.345],[115.912,40.338],[115.921,40.334],[115.93,40.325],[115.939,40.312],[115.945,40.294],[115.943,40.272],[115.934,40.258],[115.906,40.239],[115.892,40.228],[115.882,40.213],[115.863,40.179],[115.855,40.168],[115.845,40.161],[115.82,40.152],[115.578,40.096],[115.546,40.083],[115.528,40.073],[115.519,40.066],[115.513,40.06],[115.485,40.019],[115.48,40.013],[115.469,40.007],[115.458,40.002],[115.452,40],[115.447,39.998],[115.431,39.991],[115.425,39.985],[115.422,39.98],[115.422,39.976],[115.422,39.972],[115.423,39.968],[115.427,39.963],[115.454,39.942],[115.496,39.924],[115.501,39.92],[115.503,39.916],[115.504,39.913],[115.504,39.909],[115.501,39.865],[115.501,39.858],[115.505,39.849],[115.511,39.838],[115.549,39.818],[115.562,39.807],[115.566,39.801],[115.563,39.795],[115.528,39.782],[115.513,39.78],[115.499,39.781],[115.476,39.785],[115.469,39.785],[115.462,39.784],[115.451,39.779],[115.445,39.776],[115.441,39.77],[115.437,39.761],[115.436,39.755],[115.436,39.751],[115.437,39.75],[115.437,39.749],[115.463,39.643],[115.468,39.634],[115.472,39.629],[115.477,39.625],[115.484,39.62],[115.49,39.617],[115.554,39.598],[115.57,39.596],[115.578,39.596],[115.585,39.597],[115.603,39.603],[115.611,39.604],[115.618,39.604],[115.652,39.599],[115.66,39.596],[115.669,39.589],[115.674,39.584],[115.676,39.577],[115.68,39.562],[115.684,39.554],[115.688,39.55],[115.696,39.544],[115.708,39.539],[115.72,39.532],[115.74,39.516],[115.748,39.511],[115.756,39.509],[115.763,39.51],[115.769,39.511],[115.774,39.514],[115.779,39.517],[115.783,39.521],[115.793,39.536],[115.797,39.54],[115.802,39.542],[115.809,39.544],[115.833,39.544],[115.84,39.545],[115.858,39.552],[115.871,39.554],[115.877,39.555],[115.881,39.557],[115.884,39.558],[115.892,39.565],[115.896,39.567],[115.9,39.568],[115.919,39.571],[115.931,39.574],[115.938,39.575],[115.945,39.575],[115.957,39.573],[116.001,39.558],[116.01,39.556],[116.017,39.557],[116.072,39.566],[116.079,39.566],[116.103,39.563],[116.11,39.564],[116.161,39.578],[116.185,39.579],[116.196,39.578],[116.202,39.575],[116.21,39.572],[116.225,39.536],[116.25,39.506],[116.318,39.461],[116.336,39.453],[116.387,39.442],[116.41,39.44],[116.434,39.442],[116.447,39.447],[116.459,39.454],[116.463,39.46],[116.465,39.466],[116.466,39.472],[116.464,39.478],[116.462,39.483],[116.458,39.487],[116.433,39.5],[116.431,39.501],[116.43,39.502],[116.427,39.506],[116.425,39.511],[116.426,39.516],[116.428,39.521],[116.435,39.527],[116.444,39.532],[116.493,39.552],[116.527,39.556],[116.538,39.562],[116.543,39.567],[116.547,39.582],[116.55,39.585],[116.553,39.589],[116.559,39.594],[116.564,39.598],[116.604,39.611],[116.614,39.612],[116.628,39.611],[116.676,39.603],[116.793,39.602],[116.788,39.572],[116.787,39.552],[116.791,39.493],[116.793,39.484],[116.798,39.471],[116.815,39.437],[116.823,39.425],[116.825,39.418],[116.827,39.41],[116.829,39.394],[116.832,39.383],[116.838,39.371],[116.851,39.356],[116.853,39.352],[116.853,39.341],[116.845,39.311],[116.827,39.241],[116.826,39.228],[116.826,39.217],[116.831,39.2],[116.833,39.195],[116.836,39.191],[116.84,39.187],[116.844,39.183],[116.848,39.18],[116.852,39.178],[116.855,39.176],[116.86,39.174],[116.881,39.168],[116.893,39.164],[116.898,39.16],[116.902,39.156],[116.905,39.152],[116.907,39.147],[116.909,39.142],[116.91,39.136],[116.91,39.13],[116.909,39.123],[116.905,39.116],[116.901,39.11],[116.897,39.106],[116.892,39.103],[116.712,39.012],[116.701,39],[116.698,38.997],[116.696,38.993],[116.691,38.983],[116.689,38.978],[116.682,38.953],[116.681,38.916],[116.682,38.897],[116.688,38.875],[116.701,38.84],[116.711,38.821],[116.723,38.803],[116.738,38.787],[116.753,38.775],[116.774,38.764],[116.808,38.755],[116.83,38.75],[116.841,38.745],[116.851,38.739],[116.857,38.732],[116.872,38.708],[116.877,38.703],[116.881,38.699],[116.888,38.696],[116.897,38.693],[116.915,38.69],[116.926,38.69],[116.935,38.691],[117.021,38.708],[117.028,38.709],[117.036,38.708],[117.043,38.704],[117.048,38.698],[117.053,38.69],[117.066,38.635],[117.073,38.624],[117.095,38.612],[117.189,38.606],[117.213,38.598],[117.215,38.593],[117.221,38.584],[117.224,38.579],[117.228,38.575],[117.237,38.569],[117.242,38.566],[117.249,38.563],[117.256,38.561],[117.271,38.559],[117.409,38.591],[117.443,38.603],[117.544,38.621]]],[[[118.633,39.075],[118.649,39.056],[118.649,39.045],[118.594,38.972],[118.514,38.919],[118.503,38.919],[118.48,38.935],[118.491,38.943],[118.471,38.971],[118.469,39.006],[118.478,39.043],[118.488,39.05],[118.526,39.047],[118.56,39.003],[118.578,39.009],[118.61,39.034],[118.629,39.049],[118.615,39.068],[118.633,39.075]]],[[[117.239,40.093],[117.218,40.052],[117.207,40.037],[117.164,39.987],[117.153,39.968],[117.148,39.956],[117.148,39.948],[117.15,39.937],[117.159,39.906],[117.164,39.896],[117.168,39.891],[117.18,39.879],[117.184,39.876],[117.189,39.873],[117.195,39.871],[117.209,39.867],[117.225,39.865],[117.241,39.866],[117.248,39.865],[117.255,39.862],[117.26,39.858],[117.263,39.851],[117.262,39.845],[117.258,39.841],[117.253,39.838],[117.248,39.836],[117.203,39.824],[117.197,39.821],[117.191,39.816],[117.184,39.809],[117.183,39.802],[117.184,39.797],[117.188,39.793],[117.192,39.789],[117.197,39.784],[117.201,39.778],[117.203,39.769],[117.203,39.762],[117.201,39.756],[117.197,39.75],[117.193,39.739],[117.189,39.721],[117.183,39.655],[117.18,39.643],[117.174,39.633],[117.169,39.627],[117.164,39.623],[117.159,39.62],[117.153,39.618],[117.138,39.617],[117.13,39.617],[117.122,39.618],[117.035,39.647],[116.955,39.665],[116.928,39.675],[116.916,39.681],[116.907,39.685],[116.903,39.686],[116.89,39.688],[116.876,39.686],[116.874,39.694],[116.874,39.699],[116.875,39.711],[116.877,39.714],[116.88,39.72],[116.905,39.752],[116.906,39.755],[116.914,39.765],[116.922,39.774],[116.928,39.786],[116.93,39.794],[116.929,39.801],[116.916,39.833],[116.913,39.837],[116.91,39.841],[116.906,39.844],[116.903,39.843],[116.896,39.837],[116.892,39.831],[116.884,39.831],[116.879,39.832],[116.869,39.839],[116.863,39.841],[116.85,39.845],[116.845,39.847],[116.842,39.85],[116.832,39.86],[116.823,39.867],[116.816,39.875],[116.811,39.879],[116.805,39.881],[116.79,39.883],[116.784,39.886],[116.781,39.89],[116.779,39.902],[116.776,39.91],[116.758,39.93],[116.749,39.943],[116.745,39.953],[116.744,39.959],[116.745,39.965],[116.746,39.971],[116.757,40],[116.759,40.013],[116.765,40.019],[116.774,40.025],[116.794,40.031],[116.829,40.037],[116.988,40.034],[116.996,40.036],[117.005,40.039],[117.064,40.065],[117.239,40.093]]]]}},{"type":"Feature","id":"CN-HI","properties":{"id":"CN-HI","countryCode":"CN","isoSubdivision":"CN-HI","name":"Hainan","name_en":"Hainan","name_ko":"하이난성","type":"Province","labelLongitude":109.825,"labelLatitude":19.187,"minZoom":4.6},"geometry":{"type":"Polygon","coordinates":[[[111.011,19.684],[111.016,19.678],[111.035,19.642],[111.02,19.636],[111.009,19.642],[110.993,19.643],[110.977,19.641],[110.966,19.636],[110.914,19.584],[110.888,19.551],[110.876,19.54],[110.859,19.535],[110.843,19.54],[110.83,19.552],[110.822,19.568],[110.819,19.591],[110.826,19.603],[110.841,19.608],[110.863,19.609],[110.848,19.622],[110.826,19.622],[110.806,19.613],[110.794,19.601],[110.804,19.589],[110.813,19.563],[110.822,19.554],[110.807,19.531],[110.803,19.517],[110.801,19.495],[110.796,19.485],[110.785,19.472],[110.772,19.462],[110.76,19.458],[110.76,19.452],[110.764,19.441],[110.758,19.431],[110.745,19.423],[110.732,19.417],[110.724,19.416],[110.706,19.418],[110.698,19.417],[110.695,19.412],[110.686,19.393],[110.681,19.389],[110.67,19.382],[110.671,19.365],[110.676,19.347],[110.678,19.334],[110.666,19.32],[110.641,19.312],[110.637,19.297],[110.633,19.264],[110.622,19.231],[110.606,19.2],[110.589,19.177],[110.58,19.155],[110.576,19.157],[110.569,19.163],[110.549,19.152],[110.544,19.15],[110.51,19.15],[110.502,19.153],[110.497,19.16],[110.49,19.167],[110.479,19.169],[110.479,19.163],[110.49,19.153],[110.498,19.142],[110.507,19.132],[110.524,19.128],[110.536,19.132],[110.542,19.139],[110.546,19.14],[110.555,19.128],[110.557,19.12],[110.555,19.087],[110.562,19.102],[110.575,19.15],[110.582,19.15],[110.57,19.101],[110.567,19.066],[110.563,19.056],[110.548,19.04],[110.531,19.018],[110.518,18.993],[110.51,18.964],[110.507,18.93],[110.508,18.922],[110.512,18.914],[110.513,18.906],[110.509,18.898],[110.5,18.896],[110.491,18.896],[110.487,18.892],[110.484,18.887],[110.478,18.885],[110.47,18.884],[110.466,18.882],[110.463,18.875],[110.461,18.856],[110.459,18.848],[110.454,18.844],[110.441,18.836],[110.435,18.83],[110.431,18.821],[110.436,18.814],[110.442,18.808],[110.445,18.804],[110.451,18.805],[110.465,18.805],[110.481,18.801],[110.493,18.793],[110.501,18.803],[110.502,18.811],[110.5,18.838],[110.493,18.863],[110.494,18.876],[110.503,18.882],[110.51,18.869],[110.534,18.786],[110.519,18.783],[110.507,18.784],[110.499,18.782],[110.493,18.772],[110.487,18.772],[110.469,18.777],[110.45,18.757],[110.425,18.704],[110.431,18.692],[110.427,18.681],[110.416,18.671],[110.403,18.663],[110.389,18.675],[110.344,18.665],[110.335,18.673],[110.345,18.681],[110.369,18.686],[110.411,18.69],[110.411,18.697],[110.403,18.704],[110.397,18.704],[110.38,18.69],[110.327,18.679],[110.308,18.663],[110.301,18.663],[110.271,18.668],[110.227,18.642],[110.157,18.581],[110.121,18.556],[110.103,18.539],[110.088,18.504],[110.071,18.502],[110.034,18.512],[110.034,18.506],[110.046,18.496],[110.074,18.489],[110.083,18.478],[110.081,18.465],[110.07,18.427],[110.068,18.409],[110.061,18.409],[110.061,18.43],[110.053,18.441],[110.045,18.44],[110.04,18.426],[110.044,18.411],[110.051,18.4],[110.053,18.39],[110.04,18.382],[110.026,18.381],[109.995,18.382],[109.969,18.39],[109.969,18.406],[109.976,18.407],[109.987,18.404],[110,18.403],[110.014,18.409],[110.02,18.418],[110.023,18.429],[110.024,18.441],[110.021,18.451],[110.017,18.445],[110.009,18.435],[110.006,18.429],[110.003,18.434],[109.993,18.443],[109.992,18.44],[109.993,18.433],[109.993,18.429],[109.982,18.435],[109.977,18.431],[109.974,18.423],[109.965,18.416],[109.958,18.414],[109.954,18.414],[109.949,18.415],[109.915,18.417],[109.898,18.414],[109.882,18.408],[109.835,18.382],[109.825,18.386],[109.822,18.392],[109.82,18.398],[109.814,18.402],[109.796,18.405],[109.776,18.404],[109.759,18.4],[109.746,18.396],[109.75,18.374],[109.727,18.304],[109.732,18.273],[109.718,18.273],[109.713,18.28],[109.712,18.288],[109.705,18.292],[109.697,18.29],[109.67,18.273],[109.67,18.266],[109.686,18.268],[109.694,18.267],[109.712,18.259],[109.718,18.258],[109.735,18.26],[109.739,18.259],[109.741,18.251],[109.739,18.243],[109.732,18.234],[109.728,18.225],[109.719,18.215],[109.709,18.207],[109.701,18.204],[109.691,18.209],[109.684,18.221],[109.677,18.245],[109.664,18.238],[109.629,18.227],[109.622,18.221],[109.619,18.217],[109.606,18.209],[109.602,18.204],[109.604,18.199],[109.613,18.183],[109.616,18.176],[109.601,18.181],[109.588,18.182],[109.576,18.177],[109.568,18.169],[109.561,18.169],[109.563,18.177],[109.568,18.193],[109.566,18.201],[109.561,18.206],[109.556,18.209],[109.554,18.214],[109.553,18.218],[109.549,18.218],[109.548,18.221],[109.55,18.226],[109.554,18.229],[109.559,18.231],[109.561,18.231],[109.563,18.238],[109.566,18.243],[109.567,18.249],[109.561,18.259],[109.552,18.245],[109.539,18.237],[109.53,18.228],[109.534,18.21],[109.511,18.214],[109.479,18.193],[109.465,18.204],[109.478,18.213],[109.485,18.222],[109.493,18.228],[109.51,18.231],[109.51,18.239],[109.507,18.253],[109.5,18.26],[109.493,18.245],[109.481,18.265],[109.463,18.28],[109.44,18.289],[109.334,18.304],[109.218,18.306],[109.191,18.3],[109.173,18.288],[109.163,18.288],[109.15,18.3],[109.144,18.314],[109.142,18.329],[109.139,18.341],[109.129,18.347],[109.136,18.361],[109.122,18.358],[109.111,18.361],[109.102,18.366],[109.092,18.369],[109.001,18.367],[108.991,18.369],[108.979,18.375],[108.968,18.384],[108.961,18.394],[108.953,18.402],[108.937,18.409],[108.886,18.427],[108.876,18.433],[108.869,18.444],[108.831,18.469],[108.796,18.487],[108.776,18.493],[108.755,18.497],[108.711,18.5],[108.695,18.505],[108.685,18.515],[108.677,18.532],[108.674,18.555],[108.679,18.572],[108.687,18.588],[108.691,18.605],[108.697,18.683],[108.694,18.72],[108.683,18.756],[108.668,18.789],[108.649,18.814],[108.637,18.825],[108.627,18.836],[108.624,18.849],[108.629,18.868],[108.647,18.903],[108.654,18.921],[108.656,18.944],[108.654,18.964],[108.65,18.974],[108.646,18.977],[108.643,18.983],[108.643,19.018],[108.615,19.102],[108.629,19.111],[108.644,19.124],[108.657,19.14],[108.663,19.156],[108.679,19.152],[108.683,19.15],[108.683,19.156],[108.676,19.162],[108.672,19.173],[108.67,19.194],[108.664,19.21],[108.65,19.213],[108.634,19.213],[108.622,19.218],[108.622,19.228],[108.631,19.238],[108.638,19.249],[108.627,19.275],[108.632,19.286],[108.641,19.295],[108.649,19.3],[108.647,19.304],[108.645,19.31],[108.65,19.311],[108.663,19.31],[108.665,19.314],[108.663,19.321],[108.667,19.325],[108.677,19.328],[108.677,19.334],[108.669,19.344],[108.673,19.351],[108.68,19.358],[108.683,19.365],[108.687,19.378],[108.694,19.38],[108.715,19.376],[108.729,19.378],[108.752,19.387],[108.763,19.389],[108.771,19.394],[108.79,19.423],[108.798,19.426],[108.818,19.439],[108.827,19.444],[108.87,19.458],[108.903,19.493],[108.924,19.506],[108.937,19.492],[108.945,19.492],[108.945,19.499],[108.941,19.514],[108.957,19.535],[108.993,19.568],[109.002,19.587],[109.008,19.597],[109.016,19.601],[109.067,19.609],[109.079,19.613],[109.103,19.626],[109.118,19.631],[109.129,19.64],[109.133,19.642],[109.134,19.643],[109.157,19.65],[109.192,19.678],[109.206,19.698],[109.205,19.719],[109.211,19.725],[109.219,19.723],[109.244,19.73],[109.259,19.732],[109.273,19.729],[109.283,19.725],[109.3,19.711],[109.307,19.711],[109.298,19.727],[109.282,19.744],[109.275,19.757],[109.294,19.76],[109.294,19.766],[109.287,19.766],[109.287,19.773],[109.296,19.775],[109.3,19.777],[109.307,19.787],[109.297,19.787],[109.289,19.788],[109.282,19.79],[109.273,19.794],[109.261,19.779],[109.236,19.762],[109.21,19.75],[109.198,19.746],[109.181,19.736],[109.175,19.73],[109.17,19.725],[109.163,19.725],[109.167,19.743],[109.163,19.79],[109.167,19.805],[109.176,19.814],[109.187,19.82],[109.198,19.828],[109.201,19.833],[109.207,19.844],[109.211,19.848],[109.219,19.855],[109.225,19.856],[109.23,19.855],[109.236,19.859],[109.249,19.869],[109.252,19.875],[109.253,19.886],[109.255,19.898],[109.262,19.901],[109.271,19.9],[109.28,19.903],[109.304,19.922],[109.311,19.92],[109.314,19.9],[109.321,19.892],[109.338,19.89],[109.369,19.889],[109.396,19.87],[109.413,19.861],[109.428,19.865],[109.444,19.873],[109.455,19.865],[109.463,19.849],[109.465,19.834],[109.472,19.834],[109.48,19.844],[109.494,19.85],[109.511,19.855],[109.527,19.862],[109.533,19.853],[109.545,19.854],[109.562,19.857],[109.582,19.856],[109.582,19.862],[109.529,19.875],[109.52,19.882],[109.516,19.905],[109.525,19.912],[109.554,19.91],[109.557,19.917],[109.552,19.927],[109.545,19.933],[109.541,19.927],[109.537,19.924],[109.531,19.93],[109.526,19.94],[109.527,19.951],[109.581,19.985],[109.596,19.993],[109.612,19.998],[109.626,19.998],[109.636,19.992],[109.643,19.992],[109.652,20.002],[109.668,20.007],[109.687,20.008],[109.705,20.007],[109.713,20.01],[109.719,20.011],[109.726,20.007],[109.728,19.998],[109.72,19.985],[109.726,19.979],[109.726,19.972],[109.722,19.966],[109.718,19.958],[109.726,19.958],[109.738,19.978],[109.764,19.974],[109.808,19.951],[109.811,19.966],[109.812,19.982],[109.816,19.991],[109.828,19.985],[109.835,19.973],[109.839,19.958],[109.838,19.943],[109.835,19.931],[109.855,19.941],[109.87,19.953],[109.88,19.968],[109.883,19.985],[109.895,19.985],[109.915,19.99],[109.921,19.989],[109.927,19.984],[109.929,19.986],[109.931,19.99],[109.935,19.992],[109.943,19.991],[109.943,19.987],[109.942,19.983],[109.945,19.979],[109.957,19.967],[109.972,19.948],[109.976,19.932],[109.952,19.931],[109.96,19.918],[109.974,19.909],[109.99,19.906],[110.006,19.91],[110.006,19.917],[109.992,19.925],[110.001,19.933],[110.015,19.941],[110.014,19.958],[110.05,19.974],[110.068,19.979],[110.076,19.979],[110.09,19.978],[110.103,19.974],[110.11,19.965],[110.123,19.974],[110.137,19.997],[110.15,20.007],[110.139,20.003],[110.123,19.99],[110.115,19.985],[110.105,19.983],[110.068,19.985],[110.115,20.002],[110.13,20.013],[110.137,20.024],[110.15,20.056],[110.157,20.067],[110.171,20.061],[110.209,20.05],[110.222,20.048],[110.233,20.045],[110.245,20.038],[110.261,20.033],[110.281,20.033],[110.295,20.039],[110.317,20.057],[110.325,20.061],[110.345,20.058],[110.359,20.05],[110.369,20.039],[110.377,20.026],[110.377,20.02],[110.368,20.008],[110.375,19.997],[110.397,19.979],[110.403,19.964],[110.407,19.936],[110.411,19.923],[110.418,19.923],[110.414,19.932],[110.413,19.934],[110.411,19.938],[110.411,19.944],[110.418,19.944],[110.418,19.951],[110.415,19.958],[110.409,19.98],[110.407,19.985],[110.397,19.987],[110.391,19.993],[110.386,20.002],[110.383,20.013],[110.383,20.014],[110.378,20.04],[110.377,20.044],[110.375,20.064],[110.376,20.072],[110.383,20.081],[110.425,20.048],[110.431,20.051],[110.47,20.032],[110.496,20.024],[110.528,20.02],[110.528,20.013],[110.521,20.013],[110.521,20.007],[110.536,20],[110.551,19.988],[110.564,19.985],[110.575,19.999],[110.58,19.98],[110.599,19.944],[110.603,19.927],[110.606,19.923],[110.613,19.926],[110.62,19.932],[110.623,19.941],[110.621,19.95],[110.618,19.957],[110.618,19.964],[110.623,19.972],[110.609,19.99],[110.606,20.008],[110.601,20.021],[110.579,20.026],[110.571,20.031],[110.57,20.04],[110.572,20.051],[110.572,20.058],[110.566,20.07],[110.569,20.08],[110.593,20.107],[110.604,20.111],[110.64,20.108],[110.652,20.117],[110.671,20.155],[110.678,20.164],[110.685,20.153],[110.711,20.075],[110.724,20.064],[110.753,20.048],[110.775,20.02],[110.788,20.01],[110.87,19.997],[110.89,19.999],[110.893,20.002],[110.894,20.004],[110.896,20.005],[110.904,19.999],[110.921,20.012],[110.935,19.995],[110.977,19.866],[110.983,19.808],[110.997,19.749],[111,19.722],[110.994,19.694],[110.997,19.687],[111.011,19.684]]]}},{"type":"Feature","id":"CN-HL","properties":{"id":"CN-HL","countryCode":"CN","isoSubdivision":"CN-HL","name":"Heilongjiang","name_en":"Heilongjiang","name_ko":"헤이룽장성","type":"Province","labelLongitude":127.97,"labelLatitude":46.845,"minZoom":4.6},"geometry":{"type":"Polygon","coordinates":[[[123.277,53.569],[123.31,53.567],[123.34,53.561],[123.368,53.546],[123.38,53.543],[123.42,53.539],[123.432,53.536],[123.471,53.519],[123.482,53.518],[123.486,53.526],[123.486,53.544],[123.495,53.56],[123.514,53.562],[123.535,53.555],[123.547,53.541],[123.539,53.537],[123.533,53.532],[123.52,53.52],[123.542,53.514],[123.561,53.524],[123.592,53.558],[123.614,53.563],[123.64,53.551],[123.678,53.52],[123.702,53.51],[123.732,53.504],[123.85,53.495],[123.877,53.489],[123.971,53.455],[123.99,53.441],[124.01,53.415],[124.017,53.407],[124.03,53.4],[124.056,53.395],[124.069,53.39],[124.1,53.363],[124.122,53.353],[124.14,53.358],[124.158,53.37],[124.182,53.379],[124.209,53.383],[124.233,53.382],[124.253,53.376],[124.275,53.365],[124.293,53.351],[124.305,53.329],[124.321,53.31],[124.326,53.306],[124.343,53.272],[124.36,53.259],[124.384,53.246],[124.408,53.236],[124.454,53.228],[124.5,53.214],[124.528,53.21],[124.64,53.21],[124.652,53.209],[124.679,53.199],[124.688,53.194],[124.696,53.184],[124.697,53.176],[124.696,53.17],[124.698,53.163],[124.72,53.149],[124.747,53.148],[124.801,53.155],[124.822,53.147],[124.848,53.114],[124.87,53.108],[124.896,53.118],[124.892,53.134],[124.879,53.154],[124.88,53.173],[124.898,53.186],[124.919,53.194],[125.019,53.211],[125.074,53.212],[125.127,53.207],[125.428,53.095],[125.456,53.091],[125.477,53.084],[125.5,53.051],[125.521,53.042],[125.584,53.059],[125.621,53.062],[125.638,53.046],[125.65,53.023],[125.679,53.006],[125.734,52.982],[125.724,52.953],[125.72,52.946],[125.711,52.941],[125.689,52.936],[125.679,52.933],[125.661,52.919],[125.647,52.901],[125.646,52.885],[125.669,52.878],[125.692,52.881],[125.736,52.896],[125.837,52.907],[125.857,52.899],[125.864,52.889],[125.862,52.881],[125.858,52.874],[125.857,52.864],[125.861,52.856],[125.867,52.849],[125.977,52.765],[125.985,52.765],[126.007,52.779],[126.018,52.782],[126.067,52.783],[126.088,52.775],[126.104,52.754],[126.066,52.744],[126.049,52.737],[126.035,52.727],[126.062,52.697],[126.069,52.68],[126.053,52.672],[126.028,52.671],[126.003,52.665],[125.983,52.653],[125.973,52.632],[125.977,52.611],[125.991,52.586],[126.009,52.568],[126.028,52.566],[126.04,52.57],[126.051,52.571],[126.059,52.576],[126.063,52.587],[126.069,52.595],[126.083,52.593],[126.17,52.548],[126.212,52.533],[126.21,52.511],[126.201,52.487],[126.2,52.467],[126.217,52.465],[126.247,52.466],[126.276,52.463],[126.289,52.45],[126.296,52.435],[126.313,52.417],[126.344,52.391],[126.351,52.377],[126.344,52.358],[126.316,52.316],[126.344,52.303],[126.421,52.287],[126.439,52.275],[126.392,52.264],[126.312,52.228],[126.309,52.214],[126.317,52.2],[126.333,52.193],[126.351,52.192],[126.453,52.166],[126.494,52.161],[126.531,52.153],[126.556,52.131],[126.551,52.113],[126.52,52.061],[126.514,52.049],[126.514,52.043],[126.492,52.039],[126.467,52.032],[126.447,52.019],[126.439,51.998],[126.446,51.983],[126.648,51.741],[126.662,51.733],[126.714,51.723],[126.716,51.717],[126.726,51.709],[126.728,51.703],[126.725,51.698],[126.718,51.691],[126.711,51.686],[126.707,51.686],[126.716,51.663],[126.725,51.65],[126.724,51.636],[126.704,51.614],[126.675,51.588],[126.677,51.577],[126.701,51.563],[126.776,51.546],[126.807,51.534],[126.83,51.508],[126.802,51.477],[126.793,51.459],[126.789,51.436],[126.8,51.419],[126.826,51.412],[126.877,51.41],[126.89,51.407],[126.902,51.401],[126.909,51.391],[126.909,51.377],[126.898,51.362],[126.88,51.356],[126.861,51.354],[126.843,51.349],[126.827,51.339],[126.814,51.325],[126.807,51.308],[126.809,51.289],[126.824,51.266],[126.846,51.251],[126.87,51.252],[126.891,51.271],[126.893,51.282],[126.889,51.289],[126.885,51.296],[126.885,51.303],[126.891,51.311],[126.899,51.317],[126.908,51.321],[126.917,51.325],[126.934,51.329],[126.955,51.33],[126.972,51.324],[126.981,51.309],[126.978,51.297],[126.968,51.282],[126.947,51.258],[126.916,51.233],[126.909,51.222],[126.905,51.208],[126.904,51.193],[126.905,51.164],[126.91,51.146],[126.923,51.108],[126.926,51.086],[126.932,51.064],[126.946,51.048],[126.981,51.028],[127.032,50.972],[127.047,50.967],[127.111,50.932],[127.144,50.904],[127.221,50.788],[127.241,50.775],[127.266,50.764],[127.287,50.751],[127.296,50.73],[127.296,50.723],[127.293,50.715],[127.29,50.708],[127.286,50.702],[127.282,50.695],[127.284,50.688],[127.287,50.682],[127.289,50.675],[127.295,50.666],[127.327,50.637],[127.344,50.628],[127.359,50.605],[127.367,50.578],[127.365,50.555],[127.357,50.545],[127.334,50.525],[127.324,50.514],[127.31,50.488],[127.303,50.478],[127.289,50.466],[127.305,50.451],[127.349,50.426],[127.359,50.415],[127.36,50.393],[127.359,50.381],[127.355,50.373],[127.346,50.364],[127.338,50.353],[127.332,50.34],[127.331,50.328],[127.355,50.299],[127.405,50.276],[127.578,50.221],[127.591,50.209],[127.59,50.186],[127.587,50.167],[127.581,50.149],[127.57,50.13],[127.507,50.063],[127.487,50.026],[127.494,49.973],[127.522,49.941],[127.534,49.922],[127.532,49.908],[127.521,49.892],[127.512,49.869],[127.507,49.844],[127.508,49.822],[127.539,49.79],[127.644,49.767],[127.68,49.739],[127.686,49.717],[127.687,49.699],[127.69,49.681],[127.704,49.661],[127.722,49.649],[127.77,49.634],[127.79,49.623],[127.81,49.607],[127.831,49.594],[127.855,49.585],[127.907,49.58],[127.921,49.581],[127.93,49.585],[127.941,49.596],[127.948,49.601],[127.955,49.603],[127.968,49.603],[127.992,49.599],[128.012,49.587],[128.047,49.558],[128.067,49.547],[128.092,49.542],[128.198,49.539],[128.225,49.542],[128.245,49.551],[128.268,49.559],[128.32,49.545],[128.345,49.548],[128.353,49.554],[128.365,49.57],[128.372,49.575],[128.384,49.579],[128.551,49.588],[128.629,49.575],[128.635,49.578],[128.666,49.609],[128.672,49.611],[128.687,49.603],[128.734,49.584],[128.76,49.578],[128.787,49.575],[128.797,49.572],[128.802,49.565],[128.803,49.555],[128.803,49.544],[128.8,49.532],[128.79,49.527],[128.779,49.525],[128.769,49.521],[128.754,49.502],[128.75,49.485],[128.76,49.471],[128.787,49.465],[128.81,49.469],[128.854,49.481],[128.879,49.48],[128.902,49.472],[128.947,49.45],[128.998,49.441],[129.015,49.431],[129.051,49.377],[129.067,49.362],[129.088,49.352],[129.115,49.349],[129.136,49.354],[129.171,49.38],[129.194,49.39],[129.218,49.391],[129.246,49.386],[129.272,49.375],[129.316,49.344],[129.341,49.341],[129.362,49.35],[129.373,49.37],[129.371,49.411],[129.379,49.425],[129.403,49.431],[129.455,49.427],[129.481,49.421],[129.502,49.411],[129.52,49.397],[129.528,49.385],[129.53,49.369],[129.532,49.322],[129.539,49.304],[129.552,49.29],[129.572,49.28],[129.619,49.274],[129.669,49.279],[129.711,49.274],[129.735,49.239],[129.738,49.205],[129.742,49.196],[129.756,49.184],[129.776,49.178],[129.825,49.174],[129.842,49.167],[129.845,49.154],[129.842,49.109],[129.862,49.107],[129.883,49.1],[129.921,49.082],[129.912,49.059],[129.913,49.04],[129.926,49.026],[129.974,49.015],[129.997,49.002],[130.037,48.972],[130.202,48.883],[130.249,48.865],[130.294,48.87],[130.338,48.885],[130.387,48.896],[130.44,48.897],[130.465,48.891],[130.476,48.879],[130.487,48.864],[130.512,48.856],[130.541,48.853],[130.565,48.856],[130.625,48.874],[130.651,48.876],[130.674,48.871],[130.676,48.857],[130.667,48.841],[130.628,48.796],[130.533,48.636],[130.53,48.616],[130.541,48.598],[130.562,48.588],[130.586,48.583],[130.608,48.577],[130.62,48.561],[130.621,48.549],[130.615,48.53],[130.613,48.519],[130.616,48.508],[130.624,48.488],[130.626,48.482],[130.639,48.477],[130.716,48.499],[130.744,48.497],[130.759,48.486],[130.76,48.468],[130.746,48.448],[130.738,48.43],[130.743,48.412],[130.764,48.383],[130.774,48.364],[130.78,48.356],[130.79,48.348],[130.803,48.343],[130.814,48.34],[130.822,48.334],[130.825,48.318],[130.824,48.294],[130.819,48.282],[130.774,48.244],[130.769,48.237],[130.764,48.225],[130.753,48.19],[130.746,48.184],[130.73,48.178],[130.707,48.163],[130.675,48.136],[130.663,48.116],[130.665,48.102],[130.671,48.087],[130.675,48.064],[130.682,48.05],[130.857,47.928],[130.907,47.884],[130.942,47.821],[130.942,47.79],[130.938,47.751],[130.942,47.718],[130.966,47.704],[130.983,47.7],[131.023,47.682],[131.044,47.677],[131.084,47.675],[131.104,47.677],[131.129,47.681],[131.167,47.697],[131.21,47.709],[131.418,47.743],[131.441,47.741],[131.475,47.734],[131.508,47.722],[131.538,47.703],[131.577,47.669],[131.585,47.665],[131.594,47.662],[131.603,47.662],[131.612,47.662],[131.622,47.664],[131.631,47.667],[131.684,47.695],[131.703,47.696],[131.78,47.679],[131.799,47.679],[131.836,47.685],[131.855,47.684],[131.865,47.682],[131.894,47.67],[131.904,47.668],[131.914,47.668],[131.924,47.669],[131.933,47.672],[131.957,47.687],[131.967,47.69],[132.025,47.698],[132.089,47.695],[132.117,47.689],[132.162,47.69],[132.189,47.696],[132.202,47.701],[132.251,47.725],[132.264,47.729],[132.332,47.737],[132.367,47.735],[132.401,47.73],[132.453,47.711],[132.476,47.707],[132.525,47.708],[132.536,47.711],[132.547,47.717],[132.557,47.723],[132.574,47.74],[132.58,47.748],[132.582,47.756],[132.581,47.765],[132.574,47.782],[132.574,47.788],[132.576,47.794],[132.581,47.801],[132.607,47.828],[132.659,47.87],[132.668,47.881],[132.672,47.894],[132.671,47.903],[132.668,47.909],[132.664,47.916],[132.661,47.923],[132.66,47.931],[132.663,47.939],[132.668,47.945],[132.675,47.951],[132.689,47.958],[132.706,47.96],[132.722,47.959],[132.738,47.954],[132.763,47.939],[132.775,47.934],[132.79,47.933],[132.806,47.936],[132.821,47.942],[132.833,47.952],[132.854,47.976],[132.865,47.986],[132.94,48.023],[132.941,48.027],[133.025,48.052],[133.033,48.057],[133.039,48.062],[133.044,48.066],[133.048,48.072],[133.051,48.079],[133.061,48.092],[133.075,48.101],[133.092,48.107],[133.185,48.125],[133.224,48.126],[133.263,48.119],[133.273,48.115],[133.291,48.104],[133.301,48.101],[133.324,48.1],[133.379,48.106],[133.396,48.106],[133.413,48.103],[133.451,48.091],[133.464,48.09],[133.524,48.095],[133.544,48.102],[133.56,48.113],[133.572,48.133],[133.578,48.145],[133.585,48.155],[133.594,48.164],[133.606,48.172],[133.621,48.177],[133.655,48.184],[133.67,48.19],[133.686,48.202],[133.708,48.232],[133.721,48.245],[133.738,48.251],[133.797,48.251],[133.815,48.255],[133.85,48.269],[133.868,48.274],[133.878,48.275],[133.937,48.273],[133.966,48.279],[133.982,48.285],[134.025,48.315],[134.041,48.322],[134.057,48.327],[134.116,48.335],[134.206,48.36],[134.367,48.377],[134.386,48.381],[134.405,48.37],[134.453,48.344],[134.471,48.34],[134.49,48.339],[134.508,48.343],[134.526,48.349],[134.543,48.357],[134.569,48.316],[134.611,48.285],[134.661,48.267],[134.701,48.262],[134.719,48.263],[134.703,48.253],[134.687,48.22],[134.683,48.136],[134.663,48.108],[134.648,48.102],[134.586,48.061],[134.567,48.04],[134.559,48.01],[134.567,47.985],[134.601,47.944],[134.588,47.926],[134.599,47.911],[134.623,47.9],[134.646,47.896],[134.658,47.887],[134.668,47.865],[134.674,47.84],[134.676,47.824],[134.697,47.795],[134.77,47.741],[134.765,47.718],[134.773,47.711],[134.725,47.663],[134.714,47.656],[134.693,47.649],[134.687,47.631],[134.686,47.609],[134.683,47.588],[134.668,47.574],[134.624,47.55],[134.615,47.537],[134.604,47.528],[134.561,47.482],[134.557,47.471],[134.535,47.466],[134.5,47.439],[134.485,47.43],[134.472,47.429],[134.437,47.43],[134.415,47.439],[134.402,47.437],[134.389,47.433],[134.378,47.43],[134.354,47.429],[134.333,47.426],[134.313,47.42],[134.293,47.41],[134.279,47.398],[134.257,47.367],[134.245,47.355],[134.203,47.338],[134.184,47.328],[134.176,47.31],[134.17,47.287],[134.16,47.272],[134.154,47.258],[134.162,47.238],[134.168,47.231],[134.186,47.214],[134.193,47.21],[134.197,47.205],[134.196,47.194],[134.19,47.173],[134.199,47.156],[134.216,47.138],[134.227,47.118],[134.217,47.094],[134.197,47.085],[134.146,47.081],[134.124,47.071],[134.114,47.056],[134.087,46.999],[134.081,46.993],[134.074,46.988],[134.069,46.981],[134.067,46.968],[134.067,46.927],[134.063,46.907],[134.02,46.834],[134.017,46.819],[134.021,46.806],[134.036,46.79],[134.045,46.772],[134.042,46.753],[134.026,46.711],[134.015,46.665],[134.005,46.646],[133.998,46.638],[133.988,46.625],[133.967,46.611],[133.92,46.59],[133.902,46.574],[133.899,46.563],[133.896,46.538],[133.892,46.529],[133.849,46.48],[133.846,46.471],[133.848,46.457],[133.854,46.445],[133.862,46.441],[133.87,46.44],[133.882,46.437],[133.9,46.427],[133.921,46.41],[133.934,46.391],[133.926,46.371],[133.881,46.354],[133.863,46.339],[133.874,46.32],[133.885,46.327],[133.896,46.327],[133.907,46.322],[133.916,46.313],[133.894,46.302],[133.894,46.291],[133.902,46.278],[133.902,46.259],[133.89,46.251],[133.87,46.245],[133.855,46.237],[133.861,46.224],[133.853,46.218],[133.837,46.2],[133.83,46.197],[133.821,46.2],[133.813,46.214],[133.806,46.217],[133.794,46.214],[133.786,46.207],[133.782,46.197],[133.775,46.187],[133.766,46.178],[133.741,46.159],[133.72,46.15],[133.699,46.149],[133.687,46.142],[133.696,46.115],[133.719,46.079],[133.72,46.064],[133.695,46.023],[133.658,45.935],[133.65,45.928],[133.628,45.938],[133.618,45.936],[133.61,45.93],[133.607,45.919],[133.606,45.905],[133.603,45.899],[133.587,45.888],[133.584,45.884],[133.586,45.88],[133.586,45.876],[133.58,45.875],[133.57,45.876],[133.564,45.881],[133.559,45.885],[133.552,45.888],[133.532,45.888],[133.514,45.879],[133.503,45.862],[133.498,45.837],[133.494,45.833],[133.485,45.828],[133.477,45.82],[133.477,45.806],[133.484,45.797],[133.503,45.788],[133.511,45.779],[133.485,45.768],[133.471,45.729],[133.443,45.71],[133.452,45.699],[133.477,45.694],[133.488,45.687],[133.492,45.673],[133.483,45.663],[133.457,45.649],[133.462,45.644],[133.472,45.632],[133.477,45.628],[133.458,45.623],[133.442,45.621],[133.428,45.615],[133.415,45.6],[133.425,45.58],[133.413,45.573],[133.375,45.573],[133.363,45.568],[133.33,45.549],[133.299,45.542],[133.272,45.528],[133.241,45.523],[133.202,45.511],[133.189,45.504],[133.18,45.494],[133.14,45.435],[133.133,45.42],[133.129,45.403],[133.127,45.385],[133.102,45.287],[133.107,45.265],[133.098,45.244],[133.107,45.215],[133.121,45.183],[133.127,45.155],[133.125,45.141],[133.122,45.131],[133.115,45.123],[133.099,45.108],[133.073,45.091],[133.05,45.082],[133.024,45.058],[132.993,45.048],[132.966,45.029],[132.953,45.024],[132.921,45.028],[132.84,45.059],[132.405,45.146],[131.97,45.234],[131.969,45.234],[131.95,45.24],[131.932,45.249],[131.915,45.26],[131.9,45.273],[131.888,45.291],[131.88,45.31],[131.871,45.326],[131.853,45.338],[131.818,45.333],[131.785,45.305],[131.723,45.215],[131.711,45.209],[131.667,45.21],[131.645,45.206],[131.628,45.198],[131.615,45.185],[131.605,45.165],[131.605,45.147],[131.622,45.124],[131.62,45.104],[131.609,45.09],[131.471,44.997],[131.466,44.993],[131.452,44.984],[131.443,44.971],[131.434,44.961],[131.42,44.959],[131.35,44.968],[131.329,44.968],[131.313,44.964],[131.3,44.956],[131.259,44.928],[131.245,44.922],[131.177,44.903],[131.158,44.902],[131.14,44.907],[131.124,44.916],[131.11,44.92],[131.096,44.919],[131.052,44.909],[131.045,44.905],[131.041,44.898],[131.042,44.882],[131.039,44.875],[131.025,44.862],[131.008,44.856],[130.99,44.854],[130.972,44.854],[130.933,44.842],[130.93,44.825],[130.972,44.776],[131.008,44.757],[131.021,44.747],[131.066,44.682],[131.165,44.368],[131.264,44.054],[131.261,44.046],[131.252,44.042],[131.235,44.031],[131.218,44.016],[131.213,44.007],[131.213,43.993],[131.207,43.975],[131.208,43.959],[131.218,43.926],[131.217,43.908],[131.193,43.86],[131.173,43.799],[131.17,43.781],[131.178,43.725],[131.175,43.701],[131.175,43.694],[131.177,43.684],[131.185,43.666],[131.188,43.657],[131.187,43.648],[131.181,43.63],[131.18,43.623],[131.182,43.614],[131.191,43.596],[131.192,43.589],[131.186,43.574],[131.166,43.549],[131.161,43.533],[131.167,43.521],[131.253,43.469],[131.235,43.467],[131.212,43.461],[131.149,43.436],[131.134,43.433],[131.124,43.433],[131.114,43.437],[131.104,43.443],[131.041,43.5],[131.013,43.509],[131.003,43.509],[130.995,43.508],[130.917,43.45],[130.908,43.446],[130.895,43.442],[130.871,43.437],[130.859,43.437],[130.85,43.438],[130.845,43.441],[130.841,43.445],[130.837,43.449],[130.829,43.463],[130.824,43.477],[130.82,43.487],[130.805,43.504],[130.798,43.511],[130.756,43.539],[130.744,43.545],[130.702,43.561],[130.678,43.573],[130.639,43.599],[130.624,43.613],[130.619,43.616],[130.589,43.628],[130.414,43.669],[130.4,43.675],[130.398,43.68],[130.397,43.685],[130.396,43.69],[130.397,43.696],[130.399,43.702],[130.414,43.731],[130.415,43.737],[130.416,43.742],[130.415,43.745],[130.413,43.749],[130.409,43.753],[130.389,43.771],[130.379,43.783],[130.374,43.792],[130.372,43.797],[130.369,43.808],[130.368,43.813],[130.369,43.836],[130.369,43.841],[130.368,43.846],[130.364,43.856],[130.362,43.867],[130.359,43.877],[130.35,43.895],[130.341,43.909],[130.336,43.918],[130.333,43.928],[130.331,43.938],[130.332,43.95],[130.346,44.001],[130.347,44.013],[130.347,44.019],[130.345,44.034],[130.343,44.038],[130.341,44.042],[130.334,44.048],[130.329,44.048],[130.324,44.047],[130.318,44.041],[130.311,44.032],[130.28,43.964],[130.277,43.959],[130.273,43.954],[130.268,43.951],[130.263,43.947],[130.251,43.943],[130.211,43.934],[130.2,43.929],[130.168,43.91],[130.145,43.89],[130.118,43.856],[130.109,43.849],[130.104,43.845],[130.094,43.844],[130.08,43.844],[130.055,43.848],[130.042,43.852],[130.033,43.856],[130.029,43.86],[130.026,43.864],[130.023,43.868],[130.02,43.878],[130.018,43.889],[130.014,43.949],[130.011,43.959],[130.006,43.974],[130,43.984],[129.943,44.014],[129.926,44.02],[129.913,44.022],[129.887,44.014],[129.865,44.004],[129.827,43.981],[129.81,43.973],[129.806,43.969],[129.802,43.965],[129.8,43.961],[129.799,43.96],[129.797,43.947],[129.797,43.925],[129.796,43.913],[129.793,43.901],[129.79,43.895],[129.787,43.889],[129.783,43.885],[129.778,43.882],[129.772,43.879],[129.752,43.874],[129.535,43.87],[129.479,43.86],[129.417,43.84],[129.362,43.811],[129.35,43.807],[129.297,43.804],[129.284,43.801],[129.249,43.786],[129.239,43.779],[129.23,43.771],[129.222,43.762],[129.22,43.756],[129.217,43.75],[129.216,43.744],[129.216,43.738],[129.216,43.727],[129.218,43.717],[129.219,43.706],[129.219,43.701],[129.219,43.7],[129.218,43.693],[129.217,43.687],[129.216,43.681],[129.216,43.676],[129.217,43.67],[129.219,43.659],[129.225,43.645],[129.234,43.632],[129.237,43.624],[129.237,43.621],[129.236,43.616],[129.233,43.612],[129.229,43.608],[129.223,43.606],[129.211,43.601],[129.163,43.592],[129.015,43.54],[129.002,43.537],[128.992,43.537],[128.983,43.538],[128.976,43.54],[128.959,43.551],[128.951,43.555],[128.943,43.557],[128.902,43.553],[128.891,43.554],[128.883,43.556],[128.878,43.56],[128.874,43.563],[128.866,43.572],[128.857,43.584],[128.852,43.594],[128.835,43.632],[128.828,43.646],[128.818,43.659],[128.786,43.69],[128.772,43.701],[128.764,43.709],[128.762,43.714],[128.761,43.719],[128.763,43.75],[128.76,43.771],[128.753,43.792],[128.751,43.797],[128.747,43.802],[128.721,43.828],[128.714,43.838],[128.701,43.859],[128.694,43.869],[128.684,43.877],[128.644,43.901],[128.632,43.912],[128.601,43.961],[128.554,44.015],[128.545,44.029],[128.539,44.043],[128.533,44.068],[128.529,44.08],[128.522,44.09],[128.512,44.099],[128.472,44.126],[128.461,44.135],[128.452,44.145],[128.446,44.154],[128.442,44.164],[128.44,44.174],[128.436,44.204],[128.437,44.219],[128.451,44.316],[128.451,44.344],[128.439,44.401],[128.431,44.426],[128.423,44.444],[128.419,44.45],[128.392,44.481],[128.37,44.498],[128.364,44.501],[128.359,44.502],[128.321,44.491],[128.261,44.467],[128.207,44.44],[128.197,44.433],[128.188,44.423],[128.178,44.403],[128.166,44.368],[128.155,44.353],[128.136,44.342],[128.118,44.339],[128.1,44.341],[128.085,44.348],[128.063,44.363],[128.054,44.364],[128.046,44.358],[128.043,44.341],[128.047,44.323],[128.056,44.304],[128.059,44.289],[128.057,44.275],[128.052,44.26],[128.049,44.251],[128.049,44.244],[128.053,44.22],[128.057,44.15],[128.056,44.138],[128.054,44.132],[128.052,44.126],[128.047,44.12],[128.04,44.113],[128.026,44.105],[128.005,44.096],[127.85,44.056],[127.779,44.069],[127.744,44.086],[127.721,44.135],[127.718,44.146],[127.717,44.156],[127.715,44.161],[127.711,44.166],[127.702,44.168],[127.686,44.169],[127.673,44.174],[127.658,44.183],[127.61,44.22],[127.61,44.221],[127.608,44.224],[127.608,44.229],[127.608,44.235],[127.609,44.241],[127.616,44.26],[127.618,44.272],[127.616,44.277],[127.613,44.282],[127.552,44.34],[127.537,44.368],[127.531,44.374],[127.503,44.395],[127.496,44.404],[127.493,44.411],[127.494,44.416],[127.496,44.422],[127.512,44.45],[127.517,44.462],[127.518,44.468],[127.518,44.473],[127.517,44.479],[127.516,44.482],[127.509,44.498],[127.508,44.503],[127.508,44.508],[127.51,44.513],[127.513,44.518],[127.518,44.522],[127.523,44.525],[127.534,44.531],[127.541,44.532],[127.548,44.533],[127.573,44.534],[127.578,44.534],[127.582,44.536],[127.583,44.538],[127.581,44.543],[127.571,44.553],[127.567,44.557],[127.565,44.562],[127.561,44.571],[127.559,44.574],[127.556,44.577],[127.549,44.581],[127.503,44.602],[127.492,44.605],[127.458,44.611],[127.45,44.613],[127.444,44.616],[127.408,44.638],[127.375,44.649],[127.362,44.648],[127.345,44.646],[127.311,44.635],[127.286,44.624],[127.281,44.621],[127.271,44.614],[127.264,44.612],[127.255,44.611],[127.241,44.613],[127.233,44.616],[127.227,44.62],[127.224,44.624],[127.213,44.642],[127.209,44.646],[127.204,44.65],[127.195,44.655],[127.191,44.656],[127.185,44.658],[127.172,44.658],[127.155,44.656],[127.147,44.655],[127.139,44.65],[127.131,44.643],[127.117,44.628],[127.106,44.61],[127.101,44.598],[127.089,44.59],[127.058,44.586],[127.045,44.598],[127.042,44.605],[127.036,44.619],[127.033,44.637],[127.033,44.644],[127.037,44.685],[127.036,44.71],[127.032,44.731],[127.03,44.734],[127,44.774],[126.99,44.789],[126.981,44.807],[126.979,44.817],[126.978,44.826],[126.983,44.838],[126.992,44.855],[126.999,44.864],[127.005,44.869],[127.014,44.876],[127.024,44.882],[127.062,44.894],[127.067,44.896],[127.07,44.901],[127.077,44.919],[127.077,44.927],[127.077,44.934],[127.068,44.959],[127.063,44.968],[127.046,44.989],[127.035,45.007],[126.989,45.055],[126.98,45.072],[126.967,45.114],[126.962,45.124],[126.959,45.129],[126.953,45.134],[126.946,45.136],[126.938,45.137],[126.907,45.145],[126.889,45.148],[126.871,45.149],[126.856,45.147],[126.849,45.146],[126.843,45.144],[126.836,45.143],[126.803,45.144],[126.795,45.146],[126.789,45.149],[126.775,45.162],[126.762,45.17],[126.753,45.173],[126.71,45.187],[126.677,45.194],[126.67,45.197],[126.665,45.2],[126.636,45.225],[126.629,45.229],[126.622,45.232],[126.567,45.246],[126.559,45.247],[126.48,45.236],[126.453,45.23],[126.445,45.229],[126.421,45.228],[126.407,45.226],[126.395,45.221],[126.384,45.216],[126.348,45.192],[126.337,45.187],[126.323,45.183],[126.316,45.183],[126.308,45.183],[126.3,45.186],[126.296,45.187],[126.293,45.186],[126.289,45.185],[126.282,45.176],[126.277,45.172],[126.259,45.166],[126.243,45.156],[126.23,45.152],[126.216,45.15],[126.189,45.153],[126.181,45.152],[126.174,45.151],[126.167,45.149],[126.15,45.141],[125.968,45.196],[125.93,45.201],[125.91,45.207],[125.841,45.235],[125.811,45.252],[125.808,45.257],[125.798,45.269],[125.793,45.273],[125.746,45.302],[125.736,45.311],[125.73,45.318],[125.723,45.331],[125.708,45.349],[125.706,45.354],[125.705,45.36],[125.706,45.366],[125.707,45.372],[125.71,45.378],[125.713,45.391],[125.714,45.414],[125.713,45.425],[125.711,45.431],[125.706,45.445],[125.705,45.451],[125.707,45.469],[125.706,45.474],[125.701,45.493],[125.701,45.502],[125.699,45.511],[125.699,45.512],[125.688,45.512],[125.668,45.506],[125.658,45.505],[125.619,45.508],[125.604,45.505],[125.543,45.476],[125.521,45.471],[125.498,45.474],[125.474,45.481],[125.451,45.485],[125.432,45.477],[125.423,45.461],[125.411,45.425],[125.398,45.409],[125.375,45.398],[125.356,45.401],[125.322,45.416],[125.307,45.417],[125.303,45.413],[125.301,45.407],[125.295,45.402],[125.286,45.4],[125.281,45.402],[125.276,45.405],[125.267,45.409],[125.249,45.414],[125.233,45.414],[125.104,45.395],[125.089,45.389],[125.083,45.386],[125.082,45.39],[125.082,45.406],[125.08,45.417],[125.074,45.423],[125.059,45.433],[125.048,45.445],[125.044,45.452],[125.042,45.471],[125.042,45.482],[125.044,45.489],[125.042,45.493],[125.028,45.498],[124.98,45.494],[124.951,45.495],[124.938,45.508],[124.935,45.519],[124.927,45.528],[124.916,45.533],[124.904,45.532],[124.898,45.527],[124.895,45.519],[124.891,45.498],[124.888,45.496],[124.883,45.493],[124.879,45.488],[124.877,45.481],[124.878,45.475],[124.88,45.472],[124.883,45.47],[124.884,45.467],[124.881,45.456],[124.872,45.449],[124.861,45.444],[124.849,45.443],[124.826,45.445],[124.797,45.451],[124.786,45.45],[124.781,45.451],[124.776,45.461],[124.772,45.468],[124.768,45.471],[124.756,45.468],[124.735,45.454],[124.723,45.451],[124.675,45.451],[124.631,45.447],[124.612,45.448],[124.59,45.457],[124.579,45.449],[124.578,45.44],[124.578,45.43],[124.572,45.419],[124.563,45.415],[124.55,45.414],[124.524,45.416],[124.503,45.423],[124.477,45.456],[124.456,45.464],[124.434,45.46],[124.415,45.454],[124.396,45.451],[124.377,45.457],[124.367,45.465],[124.362,45.473],[124.359,45.482],[124.356,45.491],[124.353,45.495],[124.35,45.499],[124.349,45.505],[124.352,45.511],[124.361,45.522],[124.363,45.526],[124.352,45.542],[124.332,45.547],[124.284,45.546],[124.275,45.55],[124.266,45.562],[124.262,45.574],[124.264,45.584],[124.262,45.59],[124.234,45.602],[124.226,45.611],[124.224,45.636],[124.215,45.638],[124.2,45.63],[124.178,45.622],[124.149,45.622],[124.141,45.632],[124.148,45.647],[124.165,45.663],[124.156,45.667],[124.146,45.669],[124.126,45.669],[124.124,45.673],[124.119,45.69],[124.117,45.697],[124.103,45.71],[124.088,45.718],[124.055,45.732],[124.064,45.733],[124.068,45.736],[124.07,45.739],[124.075,45.745],[124.062,45.748],[124.022,45.763],[124.014,45.769],[124.018,45.782],[124.028,45.787],[124.041,45.79],[124.051,45.796],[124.06,45.809],[124.055,45.816],[124.046,45.821],[124.042,45.83],[124.045,45.841],[124.059,45.857],[124.062,45.872],[124.051,45.889],[123.998,45.915],[123.979,45.93],[123.975,45.94],[123.973,45.952],[123.974,45.965],[123.979,45.978],[123.989,45.984],[124.001,45.989],[124.007,45.996],[123.993,46.005],[124.002,46.017],[124.012,46.017],[124.023,46.014],[124.034,46.018],[124.038,46.025],[124.039,46.034],[124.035,46.043],[124.024,46.046],[124.011,46.056],[124.002,46.077],[123.997,46.098],[123.996,46.108],[124.001,46.112],[123.999,46.123],[123.993,46.133],[123.987,46.143],[123.986,46.148],[123.986,46.159],[123.985,46.163],[123.981,46.163],[123.976,46.161],[123.973,46.162],[123.966,46.176],[123.959,46.193],[123.957,46.21],[123.966,46.224],[123.958,46.239],[123.958,46.254],[123.96,46.268],[123.959,46.279],[123.957,46.287],[123.957,46.291],[123.954,46.292],[123.945,46.293],[123.94,46.293],[123.933,46.29],[123.927,46.286],[123.925,46.283],[123.919,46.272],[123.907,46.267],[123.895,46.269],[123.892,46.279],[123.885,46.284],[123.875,46.289],[123.866,46.291],[123.776,46.263],[123.762,46.26],[123.356,46.235],[123.324,46.242],[123.258,46.265],[123.25,46.266],[123.234,46.266],[123.227,46.265],[123.213,46.261],[123.202,46.255],[123.191,46.249],[123.177,46.238],[123.169,46.229],[123.162,46.22],[123.034,46.347],[122.989,46.407],[122.985,46.424],[122.984,46.434],[122.986,46.442],[123.002,46.475],[123.007,46.501],[123.009,46.52],[123.004,46.567],[123.003,46.58],[123.004,46.586],[123.005,46.592],[123.007,46.596],[123.01,46.603],[123.013,46.607],[123.017,46.61],[123.02,46.612],[123.036,46.62],[123.05,46.623],[123.063,46.625],[123.094,46.622],[123.219,46.594],[123.292,46.586],[123.371,46.59],[123.378,46.591],[123.391,46.595],[123.397,46.598],[123.536,46.692],[123.609,46.775],[123.621,46.794],[123.626,46.803],[123.626,46.807],[123.599,46.807],[123.595,46.81],[123.596,46.818],[123.6,46.826],[123.605,46.832],[123.613,46.835],[123.613,46.841],[123.594,46.869],[123.592,46.876],[123.579,46.876],[123.571,46.873],[123.563,46.865],[123.554,46.848],[123.55,46.833],[123.548,46.823],[123.542,46.816],[123.523,46.814],[123.504,46.814],[123.489,46.817],[123.477,46.824],[123.47,46.831],[123.464,46.837],[123.469,46.859],[123.468,46.875],[123.46,46.885],[123.442,46.892],[123.391,46.9],[123.38,46.898],[123.369,46.89],[123.355,46.875],[123.33,46.833],[123.322,46.826],[123.313,46.822],[123.267,46.817],[123.254,46.813],[123.239,46.803],[123.204,46.771],[123.194,46.764],[123.187,46.762],[123.154,46.767],[123.124,46.775],[123.073,46.796],[123.029,46.818],[122.996,46.84],[122.797,47.034],[122.788,47.041],[122.777,47.047],[122.764,47.052],[122.65,47.086],[122.626,47.097],[122.574,47.131],[122.542,47.162],[122.536,47.17],[122.501,47.237],[122.488,47.252],[122.449,47.285],[122.405,47.332],[122.415,47.347],[122.487,47.402],[122.495,47.41],[122.513,47.455],[122.546,47.51],[122.556,47.523],[122.565,47.531],[122.723,47.598],[122.797,47.644],[123.095,47.755],[123.207,47.814],[123.219,47.827],[123.244,47.867],[123.265,47.918],[123.27,47.925],[123.28,47.936],[123.287,47.941],[123.293,47.946],[123.344,47.966],[123.487,48.008],[123.55,48.038],[123.578,48.054],[123.727,48.191],[124.078,48.448],[124.234,48.531],[124.244,48.534],[124.253,48.533],[124.278,48.516],[124.301,48.492],[124.304,48.488],[124.306,48.483],[124.307,48.478],[124.307,48.472],[124.305,48.46],[124.304,48.454],[124.305,48.449],[124.307,48.444],[124.316,48.431],[124.318,48.426],[124.316,48.391],[124.313,48.378],[124.313,48.372],[124.314,48.361],[124.317,48.351],[124.327,48.332],[124.342,48.316],[124.345,48.311],[124.353,48.303],[124.364,48.297],[124.369,48.293],[124.372,48.289],[124.378,48.28],[124.381,48.276],[124.389,48.268],[124.393,48.264],[124.395,48.259],[124.395,48.254],[124.395,48.248],[124.395,48.245],[124.396,48.241],[124.405,48.234],[124.41,48.231],[124.414,48.227],[124.416,48.222],[124.417,48.217],[124.415,48.199],[124.416,48.193],[124.417,48.188],[124.418,48.183],[124.421,48.178],[124.426,48.174],[124.459,48.16],[124.465,48.155],[124.47,48.15],[124.473,48.143],[124.475,48.136],[124.477,48.127],[124.482,48.112],[124.494,48.119],[124.511,48.123],[124.52,48.129],[124.525,48.143],[124.528,48.171],[124.528,48.175],[124.527,48.179],[124.526,48.184],[124.528,48.191],[124.544,48.201],[124.549,48.205],[124.562,48.236],[124.559,48.315],[124.547,48.352],[124.521,48.369],[124.526,48.389],[124.53,48.432],[124.538,48.448],[124.544,48.467],[124.537,48.484],[124.534,48.502],[124.549,48.52],[124.534,48.548],[124.532,48.559],[124.538,48.572],[124.59,48.616],[124.607,48.639],[124.614,48.652],[124.616,48.668],[124.616,48.699],[124.619,48.715],[124.624,48.726],[124.622,48.742],[124.633,48.762],[124.658,48.794],[124.67,48.822],[124.675,48.832],[124.698,48.849],[124.786,49.015],[124.798,49.031],[124.812,49.044],[124.822,49.061],[124.823,49.082],[124.822,49.116],[124.828,49.124],[124.837,49.13],[124.846,49.137],[124.85,49.147],[124.851,49.158],[124.856,49.168],[124.864,49.175],[124.874,49.178],[124.903,49.177],[124.955,49.166],[125.031,49.164],[125.041,49.15],[125.051,49.141],[125.063,49.137],[125.113,49.135],[125.136,49.139],[125.158,49.151],[125.164,49.16],[125.174,49.181],[125.182,49.185],[125.19,49.188],[125.201,49.195],[125.209,49.203],[125.215,49.212],[125.223,49.22],[125.226,49.226],[125.226,49.231],[125.22,49.234],[125.22,49.239],[125.218,49.24],[125.219,49.259],[125.22,49.26],[125.222,49.259],[125.227,49.264],[125.233,49.274],[125.222,49.285],[125.231,49.302],[125.245,49.321],[125.254,49.343],[125.251,49.355],[125.241,49.379],[125.24,49.39],[125.246,49.401],[125.264,49.427],[125.267,49.438],[125.23,49.502],[125.229,49.514],[125.219,49.52],[125.223,49.532],[125.234,49.542],[125.24,49.541],[125.236,49.554],[125.229,49.56],[125.22,49.562],[125.213,49.568],[125.207,49.578],[125.202,49.592],[125.195,49.6],[125.175,49.614],[125.163,49.621],[125.148,49.619],[125.131,49.637],[125.125,49.657],[125.151,49.664],[125.162,49.661],[125.179,49.647],[125.188,49.644],[125.197,49.647],[125.207,49.653],[125.216,49.661],[125.22,49.668],[125.22,49.754],[125.224,49.776],[125.223,49.787],[125.216,49.798],[125.207,49.803],[125.194,49.806],[125.183,49.811],[125.178,49.819],[125.191,49.834],[125.217,49.841],[125.235,49.848],[125.226,49.864],[125.245,49.877],[125.237,49.888],[125.224,49.901],[125.226,49.918],[125.218,49.924],[125.198,49.934],[125.188,49.942],[125.187,49.952],[125.2,49.956],[125.226,49.959],[125.233,49.967],[125.248,49.989],[125.257,49.993],[125.27,49.994],[125.28,49.998],[125.289,50.005],[125.295,50.014],[125.289,50.022],[125.282,50.026],[125.275,50.029],[125.267,50.034],[125.263,50.036],[125.252,50.043],[125.244,50.051],[125.25,50.055],[125.292,50.05],[125.311,50.051],[125.329,50.062],[125.317,50.066],[125.293,50.066],[125.281,50.069],[125.278,50.074],[125.264,50.095],[125.261,50.096],[125.264,50.106],[125.275,50.118],[125.288,50.129],[125.302,50.137],[125.316,50.125],[125.343,50.129],[125.36,50.145],[125.343,50.165],[125.385,50.19],[125.418,50.195],[125.434,50.201],[125.443,50.211],[125.439,50.226],[125.454,50.232],[125.451,50.239],[125.443,50.246],[125.439,50.254],[125.444,50.262],[125.451,50.267],[125.457,50.272],[125.46,50.284],[125.464,50.293],[125.475,50.301],[125.488,50.307],[125.497,50.309],[125.506,50.314],[125.514,50.325],[125.521,50.343],[125.531,50.393],[125.542,50.407],[125.566,50.394],[125.572,50.394],[125.573,50.405],[125.57,50.429],[125.575,50.436],[125.587,50.441],[125.634,50.448],[125.647,50.453],[125.652,50.463],[125.657,50.468],[125.668,50.473],[125.68,50.478],[125.689,50.479],[125.694,50.483],[125.706,50.5],[125.713,50.507],[125.722,50.511],[125.742,50.512],[125.754,50.514],[125.793,50.534],[125.809,50.562],[125.81,50.597],[125.802,50.638],[125.79,50.667],[125.785,50.672],[125.783,50.676],[125.803,50.691],[125.809,50.696],[125.8,50.713],[125.762,50.744],[125.754,50.754],[125.768,50.768],[125.824,50.767],[125.837,50.785],[125.847,50.795],[125.896,50.828],[125.912,50.836],[125.904,50.848],[125.899,50.852],[125.891,50.857],[125.9,50.861],[125.909,50.863],[125.917,50.861],[125.925,50.857],[125.933,50.862],[125.939,50.87],[125.944,50.878],[125.946,50.888],[125.952,50.893],[125.963,50.886],[125.981,50.87],[125.99,50.875],[125.993,50.884],[125.995,50.894],[126.001,50.902],[126.018,50.908],[126.021,50.911],[126.015,50.918],[126.031,50.929],[126.045,50.943],[126.054,50.961],[126.056,50.98],[126.054,50.986],[126.049,50.992],[126.044,51],[126.041,51.019],[126.036,51.029],[126.035,51.039],[126.027,51.051],[125.989,51.07],[125.981,51.086],[125.982,51.1],[125.984,51.104],[125.981,51.106],[125.966,51.11],[125.957,51.112],[125.925,51.11],[125.928,51.127],[125.912,51.135],[125.888,51.139],[125.871,51.145],[125.856,51.166],[125.851,51.188],[125.843,51.206],[125.819,51.214],[125.8,51.21],[125.793,51.213],[125.719,51.254],[125.703,51.267],[125.696,51.276],[125.687,51.296],[125.683,51.303],[125.663,51.328],[125.648,51.343],[125.577,51.389],[125.569,51.397],[125.563,51.403],[125.56,51.413],[125.554,51.434],[125.548,51.444],[125.539,51.457],[125.515,51.484],[125.487,51.507],[125.387,51.561],[125.333,51.583],[125.128,51.616],[125.109,51.615],[125.101,51.614],[125.094,51.612],[125.087,51.609],[125.081,51.606],[125.076,51.603],[125.072,51.599],[125.068,51.594],[125.065,51.589],[125.063,51.583],[125.062,51.577],[125.063,51.547],[125.062,51.54],[125.061,51.534],[125.058,51.529],[125.054,51.524],[125.046,51.516],[125.035,51.509],[125.022,51.505],[124.978,51.5],[124.971,51.498],[124.965,51.496],[124.959,51.493],[124.955,51.489],[124.951,51.484],[124.948,51.479],[124.946,51.473],[124.945,51.468],[124.944,51.456],[124.943,51.45],[124.94,51.445],[124.936,51.441],[124.93,51.438],[124.877,51.42],[124.866,51.413],[124.855,51.406],[124.851,51.402],[124.847,51.398],[124.837,51.376],[124.833,51.371],[124.828,51.368],[124.821,51.366],[124.763,51.366],[124.666,51.335],[124.502,51.361],[124.48,51.359],[124.465,51.356],[124.458,51.354],[124.453,51.351],[124.449,51.346],[124.446,51.341],[124.443,51.329],[124.44,51.316],[124.438,51.31],[124.435,51.306],[124.43,51.302],[124.425,51.298],[124.399,51.288],[124.37,51.281],[124.351,51.279],[124.31,51.279],[124.284,51.283],[124.263,51.292],[124.235,51.308],[124.19,51.324],[124.174,51.327],[124.162,51.328],[124.004,51.302],[123.866,51.313],[123.849,51.312],[123.834,51.308],[123.827,51.305],[123.822,51.303],[123.817,51.299],[123.808,51.291],[123.802,51.281],[123.799,51.268],[123.796,51.249],[123.794,51.243],[123.792,51.238],[123.789,51.233],[123.785,51.229],[123.78,51.225],[123.774,51.222],[123.76,51.218],[123.662,51.2],[123.622,51.197],[123.594,51.198],[123.57,51.204],[123.563,51.207],[123.558,51.21],[123.549,51.217],[123.516,51.25],[123.507,51.257],[123.503,51.26],[123.486,51.266],[123.464,51.271],[123.45,51.273],[123.438,51.273],[123.369,51.266],[123.272,51.267],[123.259,51.269],[123.245,51.273],[123.232,51.279],[123.22,51.285],[123.207,51.295],[123.193,51.308],[123.187,51.312],[123.179,51.316],[123.17,51.318],[123.161,51.318],[123.154,51.316],[123.141,51.31],[123.132,51.307],[123.115,51.306],[123.102,51.308],[123.088,51.312],[123.063,51.327],[123.024,51.356],[123.012,51.362],[122.977,51.376],[122.956,51.386],[122.884,51.448],[122.853,51.481],[122.844,51.498],[122.839,51.511],[122.837,51.516],[122.837,51.522],[122.839,51.535],[122.841,51.547],[122.842,51.553],[122.84,51.558],[122.838,51.563],[122.836,51.568],[122.714,51.702],[122.709,51.711],[122.706,51.722],[122.706,51.728],[122.707,51.734],[122.708,51.74],[122.711,51.745],[122.714,51.75],[122.721,51.759],[122.748,51.783],[122.756,51.792],[122.759,51.797],[122.761,51.802],[122.762,51.809],[122.763,51.815],[122.761,51.826],[122.754,51.847],[122.638,52.095],[122.634,52.105],[122.633,52.116],[122.634,52.122],[122.636,52.127],[122.639,52.132],[122.645,52.136],[122.652,52.139],[122.663,52.142],[122.697,52.148],[122.725,52.157],[122.737,52.162],[122.749,52.169],[122.754,52.172],[122.763,52.18],[122.77,52.189],[122.772,52.194],[122.775,52.2],[122.777,52.206],[122.778,52.212],[122.777,52.218],[122.774,52.224],[122.767,52.231],[122.752,52.241],[122.741,52.246],[122.731,52.249],[122.57,52.266],[122.511,52.282],[122.502,52.286],[122.499,52.288],[122.492,52.295],[122.484,52.303],[122.481,52.308],[122.474,52.322],[122.454,52.349],[122.444,52.357],[122.399,52.381],[122.382,52.398],[122.374,52.407],[122.369,52.416],[122.359,52.436],[122.354,52.442],[122.346,52.45],[122.339,52.454],[122.208,52.49],[122.199,52.49],[122.191,52.489],[122.184,52.487],[122.179,52.483],[122.174,52.48],[122.16,52.461],[122.137,52.42],[122.134,52.415],[122.097,52.362],[122.042,52.302],[122.028,52.29],[122.018,52.283],[121.997,52.274],[121.97,52.267],[121.911,52.258],[121.879,52.261],[121.831,52.269],[121.82,52.273],[121.814,52.276],[121.804,52.283],[121.773,52.311],[121.741,52.355],[121.733,52.363],[121.727,52.368],[121.719,52.374],[121.703,52.384],[121.692,52.389],[121.582,52.414],[121.491,52.445],[121.467,52.456],[121.424,52.484],[121.42,52.488],[121.397,52.502],[121.326,52.532],[121.197,52.565],[121.18,52.571],[121.169,52.577],[121.167,52.581],[121.167,52.587],[121.17,52.591],[121.174,52.595],[121.503,52.775],[121.692,52.908],[121.7,52.917],[121.712,52.936],[121.727,52.955],[121.736,52.962],[121.746,52.97],[121.769,52.982],[121.78,52.989],[121.787,52.997],[121.79,53],[121.797,53.013],[121.799,53.018],[121.8,53.024],[121.799,53.029],[121.797,53.034],[121.794,53.039],[121.783,53.052],[121.774,53.065],[121.77,53.076],[121.768,53.088],[121.765,53.095],[121.759,53.103],[121.752,53.108],[121.744,53.111],[121.693,53.127],[121.683,53.133],[121.677,53.138],[121.666,53.157],[121.651,53.204],[121.649,53.209],[121.644,53.214],[121.638,53.22],[121.626,53.23],[121.607,53.241],[121.579,53.252],[121.512,53.266],[121.452,53.288],[121.443,53.293],[121.427,53.304],[121.414,53.316],[121.413,53.317],[121.459,53.32],[121.512,53.33],[121.641,53.385],[121.889,53.431],[122.025,53.43],[122.082,53.43],[122.108,53.438],[122.148,53.461],[122.169,53.469],[122.226,53.474],[122.294,53.493],[122.317,53.496],[122.338,53.491],[122.358,53.48],[122.38,53.462],[122.402,53.451],[122.425,53.452],[122.471,53.465],[122.86,53.474],[123.003,53.507],[123.154,53.513],[123.164,53.516],[123.18,53.53],[123.203,53.538],[123.235,53.56],[123.253,53.568],[123.277,53.569]]]}},{"type":"Feature","id":"CN-HN","properties":{"id":"CN-HN","countryCode":"CN","isoSubdivision":"CN-HN","name":"Hunan","name_en":"Hunan","name_ko":"후난성","type":"Province","labelLongitude":111.712,"labelLatitude":27.667,"minZoom":4.6},"geometry":{"type":"Polygon","coordinates":[[[109.258,28.506],[109.263,28.527],[109.267,28.54],[109.285,28.573],[109.286,28.579],[109.285,28.585],[109.279,28.592],[109.267,28.599],[109.256,28.603],[109.237,28.608],[109.226,28.613],[109.217,28.619],[109.214,28.624],[109.213,28.629],[109.217,28.636],[109.222,28.641],[109.227,28.644],[109.248,28.654],[109.257,28.66],[109.26,28.664],[109.261,28.67],[109.261,28.679],[109.259,28.691],[109.26,28.699],[109.267,28.708],[109.277,28.714],[109.281,28.721],[109.281,28.729],[109.274,28.741],[109.267,28.747],[109.261,28.751],[109.253,28.764],[109.247,28.786],[109.24,28.883],[109.246,28.931],[109.268,29.007],[109.274,29.016],[109.283,29.026],[109.286,29.03],[109.275,29.049],[109.207,29.104],[109.236,29.116],[109.245,29.132],[109.256,29.168],[109.258,29.185],[109.258,29.192],[109.257,29.204],[109.253,29.221],[109.258,29.229],[109.269,29.242],[109.3,29.26],[109.304,29.262],[109.327,29.279],[109.338,29.29],[109.34,29.297],[109.338,29.302],[109.332,29.31],[109.329,29.316],[109.327,29.331],[109.327,29.341],[109.328,29.354],[109.334,29.363],[109.345,29.371],[109.374,29.388],[109.379,29.392],[109.381,29.395],[109.377,29.406],[109.376,29.412],[109.375,29.42],[109.376,29.431],[109.378,29.438],[109.382,29.443],[109.387,29.446],[109.393,29.449],[109.401,29.453],[109.406,29.464],[109.408,29.473],[109.408,29.481],[109.409,29.492],[109.411,29.5],[109.412,29.501],[109.417,29.502],[109.422,29.503],[109.426,29.505],[109.428,29.511],[109.429,29.519],[109.432,29.534],[109.436,29.54],[109.442,29.542],[109.446,29.54],[109.452,29.532],[109.455,29.531],[109.457,29.535],[109.459,29.55],[109.461,29.561],[109.466,29.566],[109.472,29.568],[109.478,29.567],[109.484,29.567],[109.494,29.569],[109.496,29.569],[109.499,29.567],[109.502,29.567],[109.507,29.567],[109.515,29.57],[109.522,29.582],[109.528,29.593],[109.534,29.597],[109.539,29.599],[109.544,29.599],[109.586,29.616],[109.599,29.619],[109.61,29.619],[109.619,29.616],[109.635,29.603],[109.644,29.597],[109.656,29.595],[109.669,29.595],[109.685,29.601],[109.691,29.605],[109.694,29.614],[109.7,29.656],[109.748,29.711],[109.766,29.725],[109.783,29.735],[110.104,29.785],[110.119,29.784],[110.13,29.779],[110.137,29.774],[110.145,29.767],[110.154,29.762],[110.165,29.76],[110.197,29.754],[110.208,29.75],[110.225,29.737],[110.27,29.691],[110.285,29.68],[110.299,29.674],[110.326,29.665],[110.34,29.657],[110.362,29.65],[110.377,29.654],[110.39,29.66],[110.412,29.674],[110.419,29.683],[110.422,29.694],[110.421,29.704],[110.423,29.714],[110.427,29.722],[110.437,29.727],[110.447,29.727],[110.468,29.715],[110.482,29.712],[110.494,29.713],[110.502,29.715],[110.526,29.725],[110.567,29.749],[110.569,29.75],[110.591,29.771],[110.586,29.793],[110.58,29.805],[110.562,29.825],[110.545,29.838],[110.51,29.855],[110.501,29.863],[110.495,29.87],[110.487,29.886],[110.473,29.906],[110.47,29.92],[110.472,29.944],[110.477,29.958],[110.483,29.966],[110.498,29.974],[110.502,29.978],[110.507,29.985],[110.502,29.993],[110.498,29.999],[110.463,30.014],[110.481,30.034],[110.49,30.04],[110.498,30.045],[110.501,30.046],[110.543,30.055],[110.559,30.055],[110.636,30.046],[110.66,30.038],[110.686,30.027],[110.699,30.025],[110.716,30.03],[110.723,30.035],[110.726,30.04],[110.725,30.054],[110.725,30.065],[110.728,30.077],[110.734,30.088],[110.742,30.096],[110.765,30.098],[110.799,30.095],[110.944,30.064],[111.052,30.059],[111.246,30.032],[111.308,29.996],[111.327,29.984],[111.331,29.98],[111.341,29.972],[111.364,29.96],[111.371,29.954],[111.376,29.949],[111.386,29.93],[111.391,29.927],[111.396,29.925],[111.41,29.925],[111.415,29.926],[111.461,29.939],[111.475,29.94],[111.482,29.939],[111.495,29.936],[111.585,29.904],[111.683,29.899],[111.696,29.901],[111.708,29.905],[111.713,29.907],[111.726,29.916],[111.736,29.921],[111.741,29.923],[111.748,29.925],[111.755,29.925],[111.769,29.92],[111.857,29.871],[111.924,29.856],[112.082,29.733],[112.126,29.707],[112.133,29.701],[112.141,29.693],[112.154,29.675],[112.17,29.649],[112.173,29.646],[112.178,29.645],[112.183,29.647],[112.187,29.651],[112.205,29.67],[112.209,29.673],[112.214,29.673],[112.218,29.669],[112.226,29.637],[112.229,29.631],[112.234,29.625],[112.242,29.619],[112.248,29.615],[112.26,29.61],[112.274,29.601],[112.277,29.595],[112.279,29.586],[112.278,29.549],[112.28,29.543],[112.282,29.537],[112.287,29.537],[112.295,29.543],[112.346,29.563],[112.363,29.572],[112.444,29.641],[112.451,29.644],[112.46,29.646],[112.496,29.644],[112.556,29.63],[112.648,29.627],[112.656,29.629],[112.665,29.632],[112.678,29.641],[112.684,29.647],[112.687,29.655],[112.688,29.661],[112.69,29.667],[112.693,29.672],[112.696,29.676],[112.703,29.679],[112.712,29.681],[112.73,29.682],[112.741,29.685],[112.752,29.691],[112.758,29.695],[112.762,29.699],[112.766,29.703],[112.772,29.712],[112.782,29.732],[112.786,29.737],[112.791,29.74],[112.799,29.743],[112.808,29.749],[112.817,29.754],[112.853,29.779],[112.886,29.792],[112.913,29.764],[112.915,29.754],[112.917,29.734],[112.919,29.724],[112.93,29.701],[112.936,29.693],[112.946,29.709],[112.988,29.744],[113.013,29.773],[113.02,29.771],[113.022,29.747],[113.017,29.725],[113.006,29.706],[112.991,29.692],[112.935,29.66],[112.914,29.635],[112.908,29.601],[112.928,29.495],[112.936,29.481],[112.953,29.477],[112.972,29.489],[112.991,29.507],[113.008,29.518],[113.033,29.519],[113.045,29.508],[113.049,29.49],[113.049,29.454],[113.05,29.447],[113.055,29.443],[113.066,29.442],[113.076,29.448],[113.077,29.46],[113.075,29.474],[113.076,29.484],[113.085,29.495],[113.09,29.496],[113.113,29.474],[113.116,29.468],[113.118,29.464],[113.128,29.463],[113.146,29.472],[113.162,29.493],[113.186,29.532],[113.416,29.765],[113.446,29.78],[113.497,29.819],[113.52,29.842],[113.59,29.88],[113.594,29.877],[113.591,29.86],[113.546,29.771],[113.542,29.76],[113.533,29.705],[113.533,29.693],[113.536,29.686],[113.541,29.683],[113.548,29.682],[113.576,29.682],[113.615,29.688],[113.622,29.688],[113.628,29.687],[113.635,29.685],[113.64,29.682],[113.645,29.68],[113.649,29.676],[113.655,29.668],[113.674,29.627],[113.679,29.613],[113.681,29.602],[113.68,29.589],[113.675,29.568],[113.673,29.545],[113.673,29.537],[113.674,29.531],[113.678,29.524],[113.68,29.52],[113.694,29.505],[113.707,29.494],[113.712,29.487],[113.718,29.477],[113.727,29.457],[113.73,29.446],[113.729,29.437],[113.726,29.432],[113.713,29.419],[113.71,29.411],[113.705,29.404],[113.696,29.398],[113.662,29.388],[113.653,29.383],[113.636,29.36],[113.609,29.329],[113.597,29.311],[113.588,29.294],[113.581,29.265],[113.581,29.253],[113.586,29.244],[113.621,29.236],[113.632,29.23],[113.641,29.222],[113.649,29.206],[113.651,29.191],[113.648,29.15],[113.651,29.134],[113.655,29.124],[113.662,29.115],[113.679,29.107],[113.688,29.097],[113.693,29.079],[113.702,29.072],[113.711,29.073],[113.726,29.095],[113.736,29.107],[113.75,29.116],[113.76,29.121],[113.768,29.125],[113.773,29.125],[113.78,29.125],[113.789,29.121],[113.84,29.088],[113.861,29.079],[113.902,29.066],[113.897,28.99],[113.899,28.975],[113.905,28.956],[113.914,28.95],[113.928,28.947],[113.954,28.943],[113.965,28.94],[113.983,28.926],[113.99,28.922],[113.998,28.92],[114.003,28.918],[114.012,28.913],[114.017,28.907],[114.021,28.9],[114.027,28.887],[114.031,28.88],[114.039,28.872],[114.051,28.865],[114.112,28.841],[114.124,28.833],[114.13,28.826],[114.134,28.818],[114.14,28.798],[114.143,28.789],[114.123,28.714],[114.122,28.703],[114.123,28.692],[114.124,28.673],[114.121,28.645],[114.113,28.616],[114.101,28.599],[114.057,28.564],[114.084,28.55],[114.103,28.535],[114.113,28.521],[114.122,28.516],[114.149,28.51],[114.177,28.507],[114.181,28.501],[114.181,28.489],[114.173,28.462],[114.171,28.449],[114.172,28.44],[114.175,28.436],[114.18,28.433],[114.209,28.422],[114.219,28.417],[114.222,28.415],[114.224,28.413],[114.227,28.409],[114.233,28.394],[114.234,28.389],[114.234,28.383],[114.234,28.376],[114.232,28.368],[114.228,28.358],[114.203,28.319],[114.197,28.307],[114.192,28.301],[114.184,28.293],[114.168,28.281],[114.159,28.276],[114.15,28.272],[114.092,28.258],[114.088,28.253],[114.084,28.247],[114.082,28.237],[114.08,28.222],[114.077,28.215],[114.072,28.209],[114.054,28.197],[114.044,28.191],[114.028,28.184],[114.024,28.179],[114.02,28.173],[114.017,28.161],[114.016,28.146],[114.016,28.133],[114.014,28.106],[114.011,28.094],[114.008,28.089],[113.989,28.072],[113.916,28.021],[113.893,28.013],[113.837,28.008],[113.825,28.006],[113.814,28.002],[113.79,27.989],[113.784,27.987],[113.778,27.986],[113.749,27.986],[113.743,27.984],[113.737,27.982],[113.731,27.977],[113.719,27.964],[113.707,27.941],[113.706,27.938],[113.705,27.919],[113.712,27.864],[113.711,27.843],[113.708,27.835],[113.701,27.819],[113.696,27.811],[113.68,27.794],[113.646,27.746],[113.636,27.735],[113.611,27.699],[113.587,27.632],[113.579,27.616],[113.562,27.591],[113.56,27.584],[113.559,27.575],[113.559,27.561],[113.565,27.548],[113.569,27.54],[113.573,27.535],[113.576,27.527],[113.583,27.464],[113.594,27.419],[113.597,27.386],[113.598,27.376],[113.6,27.368],[113.605,27.36],[113.609,27.357],[113.618,27.35],[113.667,27.33],[113.676,27.329],[113.685,27.33],[113.7,27.334],[113.714,27.342],[113.731,27.355],[113.741,27.36],[113.746,27.363],[113.768,27.369],[113.783,27.371],[113.793,27.369],[113.802,27.366],[113.824,27.354],[113.851,27.346],[113.854,27.332],[113.851,27.323],[113.851,27.304],[113.853,27.293],[113.85,27.281],[113.847,27.274],[113.824,27.229],[113.817,27.22],[113.78,27.183],[113.767,27.166],[113.756,27.147],[113.754,27.142],[113.752,27.097],[113.753,27.09],[113.755,27.084],[113.762,27.077],[113.768,27.076],[113.774,27.078],[113.778,27.081],[113.782,27.084],[113.786,27.086],[113.79,27.088],[113.794,27.086],[113.797,27.082],[113.8,27.077],[113.808,27.052],[113.811,27.047],[113.816,27.039],[113.824,27.031],[113.829,27.028],[113.841,27.018],[113.844,27.014],[113.848,27.006],[113.858,26.986],[113.863,26.978],[113.867,26.974],[113.872,26.972],[113.884,26.968],[113.889,26.965],[113.893,26.961],[113.895,26.955],[113.892,26.945],[113.886,26.934],[113.877,26.92],[113.875,26.915],[113.873,26.909],[113.869,26.874],[113.866,26.868],[113.863,26.863],[113.86,26.858],[113.841,26.841],[113.834,26.833],[113.832,26.827],[113.833,26.808],[113.852,26.703],[113.865,26.656],[113.872,26.648],[113.88,26.641],[113.888,26.635],[113.897,26.631],[113.9,26.63],[113.906,26.629],[113.95,26.625],[113.968,26.619],[113.989,26.61],[113.994,26.606],[113.997,26.603],[114.003,26.594],[114.007,26.591],[114.011,26.588],[114.016,26.585],[114.029,26.582],[114.042,26.579],[114.071,26.579],[114.085,26.577],[114.088,26.568],[114.087,26.553],[114.076,26.515],[114.074,26.499],[114.074,26.488],[114.076,26.483],[114.077,26.477],[114.076,26.471],[114.073,26.463],[114.068,26.454],[114.051,26.432],[114.027,26.408],[114.021,26.399],[114.018,26.393],[114.015,26.385],[114.013,26.371],[114.012,26.363],[114.013,26.349],[114.013,26.343],[114.001,26.3],[113.999,26.283],[113.995,26.275],[113.988,26.265],[113.939,26.209],[113.93,26.195],[113.925,26.17],[113.94,26.163],[113.946,26.162],[113.953,26.161],[113.959,26.162],[113.965,26.164],[113.969,26.167],[113.974,26.17],[113.985,26.181],[113.989,26.184],[113.993,26.187],[113.998,26.188],[114.001,26.188],[114.006,26.187],[114.017,26.178],[114.022,26.175],[114.028,26.173],[114.034,26.171],[114.041,26.171],[114.047,26.172],[114.053,26.173],[114.063,26.178],[114.105,26.209],[114.126,26.217],[114.137,26.22],[114.149,26.222],[114.156,26.222],[114.162,26.221],[114.167,26.219],[114.175,26.212],[114.18,26.21],[114.199,26.206],[114.205,26.203],[114.209,26.199],[114.214,26.186],[114.215,26.181],[114.215,26.175],[114.214,26.17],[114.208,26.163],[114.199,26.155],[114.175,26.139],[114.168,26.136],[114.117,26.122],[114.112,26.118],[114.108,26.113],[114.102,26.103],[114.096,26.096],[114.087,26.09],[114.08,26.087],[114.063,26.085],[114.059,26.084],[114.054,26.081],[114.048,26.075],[114.041,26.069],[114.026,26.05],[114.019,26.037],[114.015,26.022],[114.015,25.985],[114.018,25.935],[114.017,25.926],[114.015,25.917],[114.008,25.902],[114,25.89],[113.98,25.871],[113.967,25.854],[113.956,25.835],[113.942,25.797],[113.907,25.75],[113.903,25.74],[113.902,25.73],[113.903,25.714],[113.909,25.683],[113.914,25.669],[113.918,25.66],[113.933,25.646],[113.962,25.625],[113.971,25.611],[113.976,25.602],[113.98,25.592],[113.982,25.582],[113.981,25.573],[113.978,25.563],[113.963,25.536],[113.942,25.511],[113.936,25.495],[113.928,25.448],[113.894,25.44],[113.886,25.437],[113.88,25.433],[113.869,25.421],[113.865,25.415],[113.852,25.384],[113.847,25.375],[113.84,25.367],[113.828,25.357],[113.82,25.353],[113.809,25.348],[113.786,25.342],[113.773,25.341],[113.764,25.341],[113.714,25.361],[113.701,25.363],[113.694,25.363],[113.682,25.361],[113.637,25.35],[113.582,25.326],[113.57,25.323],[113.563,25.325],[113.564,25.33],[113.565,25.335],[113.564,25.34],[113.562,25.344],[113.55,25.354],[113.546,25.358],[113.539,25.365],[113.531,25.378],[113.528,25.382],[113.523,25.386],[113.518,25.388],[113.51,25.387],[113.5,25.385],[113.482,25.378],[113.471,25.377],[113.463,25.377],[113.422,25.384],[113.416,25.386],[113.411,25.389],[113.408,25.393],[113.405,25.397],[113.403,25.401],[113.4,25.405],[113.396,25.409],[113.391,25.411],[113.358,25.424],[113.309,25.464],[113.302,25.471],[113.296,25.48],[113.294,25.484],[113.292,25.49],[113.292,25.498],[113.292,25.509],[113.291,25.514],[113.288,25.517],[113.283,25.518],[113.278,25.517],[113.267,25.513],[113.217,25.506],[113.201,25.501],[113.186,25.493],[113.148,25.466],[113.09,25.414],[113.064,25.397],[113.01,25.369],[113.002,25.366],[112.982,25.362],[112.95,25.352],[112.944,25.349],[112.932,25.34],[112.917,25.325],[112.913,25.322],[112.908,25.32],[112.902,25.32],[112.897,25.322],[112.893,25.325],[112.89,25.329],[112.885,25.338],[112.881,25.342],[112.877,25.344],[112.871,25.344],[112.865,25.343],[112.859,25.34],[112.855,25.334],[112.852,25.328],[112.852,25.321],[112.852,25.315],[112.859,25.284],[112.862,25.276],[112.866,25.266],[112.876,25.253],[112.883,25.246],[112.889,25.241],[112.895,25.24],[112.901,25.24],[112.96,25.252],[112.965,25.252],[112.975,25.252],[113.004,25.249],[113.015,25.246],[113.02,25.243],[113.024,25.24],[113.028,25.236],[113.028,25.23],[113.027,25.224],[113.021,25.214],[113.015,25.209],[113.009,25.206],[112.989,25.198],[112.986,25.197],[112.976,25.188],[112.969,25.181],[112.967,25.172],[112.966,25.161],[112.974,25.111],[112.974,25.105],[112.973,25.1],[112.962,25.068],[112.959,25.056],[112.958,25.048],[112.959,25.039],[112.964,25.024],[112.97,25.009],[112.976,25.001],[112.991,24.98],[112.993,24.975],[112.992,24.97],[112.989,24.964],[112.967,24.959],[112.939,24.959],[112.926,24.958],[112.882,24.943],[112.876,24.942],[112.851,24.939],[112.837,24.94],[112.808,24.943],[112.8,24.945],[112.793,24.949],[112.772,24.965],[112.714,25],[112.712,25.001],[112.702,25.015],[112.699,25.019],[112.697,25.024],[112.696,25.029],[112.695,25.035],[112.695,25.059],[112.694,25.063],[112.693,25.067],[112.69,25.076],[112.685,25.085],[112.68,25.094],[112.663,25.113],[112.651,25.123],[112.637,25.13],[112.623,25.135],[112.611,25.138],[112.544,25.132],[112.536,25.134],[112.527,25.136],[112.502,25.149],[112.458,25.164],[112.448,25.166],[112.437,25.167],[112.42,25.165],[112.402,25.161],[112.382,25.163],[112.332,25.181],[112.264,25.176],[112.257,25.176],[112.251,25.178],[112.246,25.18],[112.224,25.196],[112.22,25.198],[112.214,25.2],[112.207,25.201],[112.201,25.201],[112.195,25.2],[112.191,25.198],[112.188,25.194],[112.186,25.188],[112.184,25.175],[112.183,25.153],[112.157,25.08],[112.154,25.068],[112.153,25.059],[112.153,25.046],[112.149,25.033],[112.127,24.978],[112.122,24.961],[112.121,24.949],[112.124,24.945],[112.126,24.94],[112.134,24.933],[112.138,24.93],[112.157,24.919],[112.162,24.916],[112.165,24.912],[112.167,24.907],[112.167,24.901],[112.167,24.895],[112.166,24.889],[112.149,24.831],[112.145,24.806],[112.145,24.794],[112.143,24.788],[112.14,24.784],[112.132,24.786],[112.127,24.789],[112.123,24.793],[112.12,24.797],[112.115,24.806],[112.111,24.809],[112.107,24.812],[112.1,24.812],[112.091,24.809],[112.066,24.797],[112.058,24.79],[112.05,24.782],[112.027,24.751],[112.018,24.743],[111.997,24.736],[111.995,24.747],[111.994,24.751],[111.991,24.755],[111.987,24.759],[111.977,24.764],[111.941,24.774],[111.933,24.775],[111.926,24.775],[111.916,24.772],[111.909,24.769],[111.903,24.766],[111.898,24.764],[111.892,24.764],[111.857,24.764],[111.825,24.761],[111.797,24.76],[111.667,24.78],[111.662,24.778],[111.652,24.773],[111.644,24.767],[111.636,24.76],[111.633,24.755],[111.631,24.751],[111.625,24.734],[111.621,24.716],[111.619,24.711],[111.616,24.707],[111.611,24.705],[111.605,24.704],[111.584,24.705],[111.578,24.705],[111.573,24.703],[111.569,24.7],[111.533,24.655],[111.525,24.648],[111.517,24.643],[111.51,24.643],[111.502,24.647],[111.486,24.66],[111.476,24.667],[111.463,24.672],[111.438,24.675],[111.433,24.677],[111.428,24.681],[111.427,24.687],[111.427,24.693],[111.429,24.698],[111.459,24.749],[111.474,24.793],[111.474,24.799],[111.474,24.805],[111.473,24.81],[111.472,24.816],[111.47,24.82],[111.445,24.846],[111.442,24.85],[111.44,24.854],[111.441,24.859],[111.448,24.873],[111.449,24.878],[111.45,24.884],[111.446,24.906],[111.443,24.917],[111.43,24.943],[111.429,24.948],[111.428,24.953],[111.43,24.958],[111.432,24.962],[111.442,24.975],[111.448,24.984],[111.452,24.994],[111.457,25.001],[111.46,25.008],[111.462,25.014],[111.462,25.019],[111.46,25.024],[111.458,25.029],[111.449,25.036],[111.421,25.052],[111.417,25.056],[111.414,25.06],[111.413,25.065],[111.415,25.07],[111.424,25.089],[111.426,25.095],[111.427,25.1],[111.427,25.106],[111.425,25.111],[111.423,25.116],[111.42,25.12],[111.415,25.123],[111.395,25.133],[111.389,25.135],[111.38,25.135],[111.373,25.134],[111.334,25.115],[111.325,25.113],[111.318,25.112],[111.31,25.117],[111.284,25.143],[111.28,25.146],[111.274,25.148],[111.264,25.144],[111.251,25.135],[111.171,25.065],[111.147,25.053],[111.13,25.046],[111.126,25.044],[111.12,25.038],[111.114,25.027],[111.096,24.975],[111.079,24.944],[111.047,24.921],[111.04,24.919],[111.031,24.918],[111.023,24.921],[111.013,24.928],[111.009,24.931],[111.006,24.935],[110.994,24.965],[110.965,25],[110.958,25.013],[110.956,25.019],[110.955,25.025],[110.954,25.045],[110.955,25.051],[110.958,25.062],[110.973,25.094],[110.993,25.151],[110.996,25.156],[111,25.16],[111.005,25.163],[111.011,25.164],[111.042,25.17],[111.047,25.171],[111.061,25.179],[111.07,25.185],[111.099,25.214],[111.106,25.223],[111.114,25.239],[111.115,25.245],[111.116,25.249],[111.116,25.25],[111.112,25.266],[111.111,25.276],[111.113,25.282],[111.117,25.286],[111.137,25.295],[111.142,25.299],[111.147,25.303],[111.154,25.314],[111.157,25.326],[111.159,25.347],[111.161,25.357],[111.164,25.365],[111.171,25.372],[111.18,25.379],[111.189,25.384],[111.2,25.388],[111.217,25.392],[111.238,25.393],[111.244,25.394],[111.25,25.396],[111.254,25.399],[111.283,25.43],[111.287,25.437],[111.288,25.445],[111.288,25.46],[111.29,25.466],[111.292,25.471],[111.306,25.488],[111.316,25.503],[111.32,25.512],[111.321,25.52],[111.32,25.526],[111.319,25.531],[111.318,25.537],[111.318,25.545],[111.326,25.591],[111.326,25.597],[111.324,25.602],[111.305,25.639],[111.303,25.647],[111.305,25.653],[111.308,25.66],[111.314,25.668],[111.317,25.675],[111.319,25.682],[111.319,25.689],[111.318,25.718],[111.32,25.725],[111.324,25.73],[111.329,25.731],[111.35,25.731],[111.356,25.732],[111.361,25.734],[111.366,25.739],[111.371,25.745],[111.385,25.769],[111.4,25.785],[111.411,25.803],[111.415,25.816],[111.417,25.827],[111.416,25.842],[111.418,25.85],[111.422,25.857],[111.473,25.891],[111.476,25.896],[111.474,25.899],[111.455,25.901],[111.451,25.907],[111.452,25.912],[111.457,25.922],[111.456,25.927],[111.454,25.929],[111.447,25.927],[111.408,25.908],[111.371,25.904],[111.342,25.904],[111.335,25.905],[111.323,25.908],[111.317,25.909],[111.311,25.908],[111.307,25.904],[111.303,25.896],[111.302,25.888],[111.301,25.876],[111.3,25.868],[111.296,25.864],[111.291,25.862],[111.285,25.861],[111.279,25.861],[111.267,25.864],[111.256,25.869],[111.243,25.878],[111.229,25.893],[111.202,25.93],[111.199,25.936],[111.197,25.944],[111.194,25.958],[111.194,25.966],[111.195,25.974],[111.202,25.996],[111.224,26.041],[111.232,26.063],[111.247,26.132],[111.257,26.21],[111.259,26.217],[111.268,26.23],[111.274,26.242],[111.277,26.25],[111.275,26.254],[111.273,26.258],[111.271,26.261],[111.252,26.28],[111.247,26.282],[111.242,26.284],[111.237,26.284],[111.216,26.282],[111.211,26.283],[111.204,26.285],[111.187,26.292],[111.163,26.3],[111.136,26.303],[111.123,26.306],[111.039,26.344],[111.033,26.346],[111.006,26.351],[111.001,26.354],[110.972,26.377],[110.965,26.385],[110.947,26.39],[110.942,26.388],[110.935,26.382],[110.93,26.372],[110.926,26.362],[110.915,26.316],[110.906,26.293],[110.897,26.282],[110.879,26.275],[110.724,26.274],[110.713,26.276],[110.704,26.281],[110.697,26.289],[110.697,26.299],[110.701,26.317],[110.698,26.325],[110.689,26.332],[110.674,26.336],[110.641,26.338],[110.577,26.351],[110.563,26.347],[110.554,26.341],[110.552,26.334],[110.551,26.326],[110.555,26.31],[110.556,26.301],[110.553,26.293],[110.545,26.279],[110.542,26.272],[110.543,26.264],[110.546,26.25],[110.546,26.248],[110.546,26.243],[110.543,26.235],[110.537,26.225],[110.492,26.177],[110.485,26.172],[110.476,26.17],[110.454,26.168],[110.432,26.168],[110.41,26.164],[110.396,26.159],[110.383,26.151],[110.353,26.127],[110.346,26.119],[110.342,26.113],[110.299,26.021],[110.288,26.005],[110.281,25.999],[110.247,25.978],[110.233,25.977],[110.222,25.983],[110.213,26.002],[110.206,26.011],[110.189,26.027],[110.181,26.039],[110.165,26.047],[110.138,26.052],[110.081,26.039],[110.053,26.036],[110.034,26.036],[110.026,26.044],[110.024,26.058],[110.028,26.074],[110.037,26.093],[110.058,26.125],[110.063,26.139],[110.062,26.15],[110.055,26.158],[110.043,26.163],[110.011,26.167],[110.004,26.168],[110.002,26.17],[109.985,26.184],[109.978,26.189],[109.967,26.193],[109.959,26.195],[109.927,26.197],[109.912,26.181],[109.903,26.162],[109.864,26.078],[109.85,26.057],[109.838,26.045],[109.804,26.037],[109.793,26.032],[109.781,26.024],[109.775,26.014],[109.772,26.007],[109.772,26.002],[109.772,26],[109.773,25.992],[109.784,25.958],[109.787,25.944],[109.786,25.926],[109.781,25.916],[109.772,25.908],[109.759,25.903],[109.713,25.89],[109.677,25.889],[109.667,25.892],[109.658,25.899],[109.654,25.906],[109.654,25.916],[109.657,25.926],[109.67,25.949],[109.674,25.963],[109.672,25.985],[109.666,25.995],[109.661,26],[109.658,26],[109.656,26],[109.624,26.036],[109.613,26.046],[109.603,26.053],[109.596,26.052],[109.578,26.043],[109.566,26.038],[109.551,26.036],[109.537,26.037],[109.523,26.039],[109.496,26.049],[109.488,26.05],[109.48,26.049],[109.471,26.046],[109.457,26.039],[109.433,26.081],[109.428,26.099],[109.428,26.116],[109.426,26.133],[109.423,26.144],[109.418,26.158],[109.415,26.168],[109.412,26.181],[109.41,26.188],[109.408,26.193],[109.397,26.203],[109.389,26.212],[109.385,26.22],[109.384,26.227],[109.385,26.233],[109.388,26.238],[109.39,26.242],[109.405,26.258],[109.407,26.264],[109.404,26.267],[109.399,26.27],[109.33,26.28],[109.323,26.284],[109.316,26.289],[109.305,26.299],[109.3,26.306],[109.297,26.313],[109.292,26.338],[109.292,26.345],[109.292,26.353],[109.294,26.359],[109.315,26.426],[109.32,26.436],[109.327,26.444],[109.33,26.448],[109.356,26.481],[109.378,26.5],[109.386,26.51],[109.403,26.537],[109.405,26.546],[109.407,26.557],[109.409,26.578],[109.408,26.589],[109.407,26.597],[109.377,26.646],[109.37,26.654],[109.362,26.66],[109.348,26.669],[109.342,26.67],[109.324,26.674],[109.319,26.676],[109.302,26.681],[109.297,26.684],[109.291,26.691],[109.283,26.703],[109.281,26.711],[109.283,26.719],[109.287,26.724],[109.294,26.727],[109.304,26.731],[109.315,26.733],[109.335,26.741],[109.342,26.742],[109.369,26.745],[109.376,26.746],[109.387,26.75],[109.397,26.755],[109.467,26.804],[109.505,26.825],[109.51,26.828],[109.516,26.834],[109.521,26.845],[109.521,26.853],[109.52,26.858],[109.502,26.876],[109.5,26.878],[109.496,26.88],[109.491,26.882],[109.485,26.882],[109.479,26.882],[109.462,26.877],[109.456,26.878],[109.451,26.883],[109.445,26.892],[109.444,26.898],[109.444,26.901],[109.451,26.908],[109.457,26.916],[109.46,26.919],[109.464,26.923],[109.478,26.931],[109.49,26.941],[109.494,26.945],[109.498,26.953],[109.503,26.964],[109.507,26.976],[109.508,26.985],[109.508,26.992],[109.506,27.002],[109.507,27.02],[109.509,27.032],[109.507,27.045],[109.504,27.054],[109.501,27.06],[109.499,27.062],[109.481,27.079],[109.468,27.089],[109.46,27.096],[109.457,27.1],[109.451,27.111],[109.446,27.121],[109.442,27.127],[109.438,27.131],[109.419,27.142],[109.408,27.146],[109.396,27.15],[109.382,27.152],[109.336,27.154],[109.322,27.152],[109.299,27.146],[109.276,27.133],[109.27,27.132],[109.264,27.133],[109.259,27.135],[109.231,27.152],[109.226,27.153],[109.222,27.151],[109.218,27.148],[109.211,27.133],[109.199,27.115],[109.177,27.093],[109.169,27.087],[109.156,27.08],[109.153,27.079],[109.148,27.078],[109.135,27.078],[109.128,27.08],[109.12,27.084],[109.112,27.093],[109.11,27.1],[109.11,27.106],[109.112,27.111],[109.119,27.119],[109.122,27.124],[109.124,27.131],[109.122,27.135],[109.119,27.138],[109.113,27.138],[109.107,27.138],[109.095,27.134],[109.034,27.106],[109.024,27.102],[109.008,27.094],[108.991,27.083],[108.983,27.076],[108.977,27.07],[108.971,27.062],[108.967,27.055],[108.961,27.039],[108.957,27.033],[108.95,27.027],[108.941,27.023],[108.904,27.01],[108.892,27.009],[108.883,27.012],[108.874,27.018],[108.833,27.059],[108.82,27.068],[108.798,27.079],[108.791,27.083],[108.788,27.088],[108.788,27.094],[108.79,27.099],[108.793,27.103],[108.798,27.105],[108.804,27.107],[108.847,27.108],[108.853,27.109],[108.858,27.111],[108.873,27.119],[108.882,27.124],[108.89,27.131],[108.894,27.135],[108.896,27.141],[108.897,27.147],[108.893,27.173],[108.9,27.189],[108.964,27.246],[108.969,27.249],[108.98,27.252],[109.001,27.256],[109.006,27.257],[109.015,27.262],[109.117,27.371],[109.125,27.388],[109.127,27.398],[109.131,27.406],[109.136,27.411],[109.146,27.415],[109.163,27.417],[109.171,27.42],[109.178,27.425],[109.188,27.438],[109.198,27.443],[109.206,27.445],[109.245,27.436],[109.259,27.435],[109.266,27.435],[109.272,27.436],[109.277,27.439],[109.284,27.446],[109.318,27.501],[109.418,27.56],[109.427,27.567],[109.435,27.579],[109.441,27.588],[109.442,27.591],[109.444,27.598],[109.445,27.601],[109.444,27.628],[109.445,27.636],[109.447,27.65],[109.446,27.659],[109.443,27.672],[109.433,27.688],[109.428,27.695],[109.42,27.701],[109.414,27.714],[109.413,27.739],[109.373,27.752],[109.359,27.761],[109.351,27.771],[109.346,27.779],[109.335,27.792],[109.33,27.801],[109.328,27.808],[109.329,27.813],[109.332,27.825],[109.331,27.835],[109.327,27.848],[109.315,27.874],[109.311,27.888],[109.309,27.898],[109.313,27.908],[109.316,27.913],[109.32,27.917],[109.324,27.92],[109.338,27.93],[109.34,27.935],[109.339,27.94],[109.337,27.943],[109.333,27.945],[109.321,27.951],[109.314,27.957],[109.311,27.964],[109.31,27.97],[109.311,27.976],[109.313,27.982],[109.318,27.992],[109.323,28],[109.324,28.001],[109.355,28.022],[109.359,28.025],[109.363,28.03],[109.366,28.036],[109.367,28.046],[109.366,28.053],[109.363,28.057],[109.359,28.06],[109.353,28.063],[109.347,28.063],[109.341,28.062],[109.336,28.06],[109.331,28.057],[109.324,28.05],[109.319,28.047],[109.314,28.045],[109.308,28.046],[109.3,28.051],[109.297,28.057],[109.295,28.063],[109.295,28.073],[109.296,28.083],[109.299,28.095],[109.33,28.166],[109.354,28.209],[109.356,28.217],[109.358,28.228],[109.359,28.248],[109.357,28.258],[109.354,28.265],[109.349,28.271],[109.338,28.279],[109.329,28.285],[109.287,28.304],[109.276,28.31],[109.27,28.315],[109.264,28.322],[109.261,28.329],[109.261,28.336],[109.269,28.358],[109.273,28.374],[109.273,28.391],[109.272,28.4],[109.27,28.408],[109.253,28.45],[109.25,28.46],[109.249,28.47],[109.249,28.476],[109.255,28.492],[109.258,28.506]]]}},{"type":"Feature","id":"CN-JL","properties":{"id":"CN-JL","countryCode":"CN","isoSubdivision":"CN-JL","name":"Jilin","name_en":"Jilin","name_ko":"지린성","type":"Province","labelLongitude":126.466,"labelLatitude":43.298,"minZoom":4.6},"geometry":{"type":"Polygon","coordinates":[[[131.253,43.469],[131.262,43.464],[131.274,43.451],[131.278,43.438],[131.282,43.393],[131.281,43.38],[131.27,43.365],[131.258,43.356],[131.248,43.344],[131.242,43.321],[131.242,43.284],[131.238,43.266],[131.226,43.252],[131.193,43.231],[131.179,43.217],[131.169,43.202],[131.167,43.182],[131.175,43.168],[131.185,43.156],[131.19,43.139],[131.184,43.121],[131.169,43.108],[131.134,43.089],[131.127,43.082],[131.124,43.075],[131.123,43.068],[131.12,43.059],[131.112,43.052],[131.094,43.047],[131.085,43.042],[131.078,43.032],[131.075,43.02],[131.074,42.993],[131.083,42.965],[131.099,42.935],[131.103,42.91],[131.074,42.897],[131.039,42.898],[131.024,42.896],[131.009,42.887],[131.002,42.873],[131,42.859],[130.992,42.849],[130.856,42.85],[130.817,42.864],[130.794,42.869],[130.77,42.866],[130.757,42.853],[130.748,42.837],[130.735,42.824],[130.731,42.826],[130.649,42.829],[130.586,42.817],[130.491,42.781],[130.407,42.735],[130.38,42.697],[130.404,42.678],[130.438,42.675],[130.474,42.679],[130.504,42.678],[130.527,42.666],[130.551,42.646],[130.572,42.622],[130.584,42.599],[130.585,42.569],[130.568,42.553],[130.531,42.53],[130.525,42.549],[130.52,42.589],[130.517,42.599],[130.501,42.611],[130.484,42.61],[130.468,42.6],[130.455,42.585],[130.471,42.57],[130.468,42.555],[130.453,42.549],[130.452,42.55],[130.431,42.562],[130.426,42.572],[130.43,42.591],[130.428,42.599],[130.42,42.604],[130.413,42.605],[130.404,42.604],[130.393,42.606],[130.325,42.65],[130.317,42.667],[130.263,42.709],[130.243,42.743],[130.242,42.782],[130.256,42.867],[130.239,42.902],[130.194,42.908],[130.14,42.907],[130.099,42.922],[130.112,42.929],[130.123,42.943],[130.13,42.959],[130.134,42.973],[130.121,42.982],[130.094,42.977],[130.047,42.962],[130.008,42.961],[129.996,42.962],[129.981,42.967],[129.972,42.974],[129.942,43.004],[129.934,43.008],[129.921,43.01],[129.909,43.008],[129.891,42.999],[129.88,42.996],[129.884,42.989],[129.89,42.983],[129.898,42.979],[129.907,42.976],[129.893,42.972],[129.863,42.969],[129.852,42.962],[129.848,42.951],[129.847,42.928],[129.842,42.918],[129.834,42.907],[129.799,42.837],[129.795,42.806],[129.79,42.792],[129.774,42.767],[129.761,42.746],[129.757,42.735],[129.756,42.722],[129.758,42.704],[129.764,42.697],[129.775,42.693],[129.787,42.685],[129.788,42.677],[129.779,42.67],[129.772,42.662],[129.777,42.647],[129.751,42.643],[129.742,42.629],[129.746,42.616],[129.763,42.612],[129.763,42.606],[129.737,42.585],[129.731,42.551],[129.734,42.512],[129.729,42.476],[129.703,42.442],[129.671,42.438],[129.633,42.445],[129.592,42.448],[129.596,42.436],[129.594,42.422],[129.588,42.411],[129.563,42.404],[129.56,42.397],[129.559,42.387],[129.554,42.377],[129.545,42.371],[129.535,42.37],[129.527,42.373],[129.523,42.383],[129.517,42.391],[129.489,42.403],[129.482,42.411],[129.434,42.441],[129.419,42.441],[129.406,42.436],[129.395,42.43],[129.386,42.428],[129.372,42.433],[129.363,42.445],[129.352,42.448],[129.34,42.445],[129.339,42.438],[129.344,42.429],[129.352,42.421],[129.338,42.414],[129.327,42.427],[129.315,42.422],[129.307,42.408],[129.304,42.39],[129.297,42.387],[129.243,42.379],[129.236,42.374],[129.231,42.368],[129.228,42.359],[129.229,42.35],[129.234,42.347],[129.24,42.344],[129.242,42.339],[129.236,42.324],[129.226,42.318],[129.194,42.318],[129.194,42.311],[129.204,42.31],[129.212,42.308],[129.221,42.304],[129.228,42.298],[129.216,42.291],[129.214,42.284],[129.215,42.276],[129.211,42.267],[129.203,42.263],[129.192,42.26],[129.183,42.255],[129.181,42.243],[129.187,42.236],[129.209,42.235],[129.214,42.226],[129.211,42.22],[129.204,42.214],[129.196,42.209],[129.178,42.193],[129.148,42.174],[129.12,42.149],[129.106,42.142],[129.088,42.143],[129.065,42.154],[129.063,42.136],[129.053,42.123],[129.027,42.102],[129.009,42.095],[128.985,42.093],[128.964,42.089],[128.955,42.075],[128.94,42.035],[128.903,42.026],[128.883,42.03],[128.817,42.044],[128.721,42.048],[128.709,42.03],[128.683,42.026],[128.608,42.03],[128.598,42.027],[128.588,42.02],[128.574,42.004],[128.564,42.001],[128.553,42.007],[128.544,42.008],[128.502,41.996],[128.488,41.998],[128.454,42.01],[128.408,42.008],[128.387,42.021],[128.364,42.026],[128.262,42.033],[128.101,41.999],[128.055,41.998],[128.035,41.994],[128.021,41.98],[128.02,41.965],[128.04,41.88],[128.048,41.864],[128.058,41.85],[128.091,41.842],[128.097,41.823],[128.144,41.755],[128.155,41.734],[128.159,41.712],[128.186,41.693],[128.224,41.669],[128.251,41.66],[128.269,41.643],[128.281,41.623],[128.283,41.605],[128.303,41.583],[128.288,41.545],[128.186,41.404],[128.146,41.376],[128.104,41.379],[128.118,41.393],[128.104,41.4],[128.088,41.389],[128.064,41.388],[128.047,41.399],[128.051,41.421],[128.034,41.414],[128.024,41.411],[128.015,41.413],[128.012,41.424],[128.013,41.442],[128.012,41.46],[128.001,41.471],[127.993,41.461],[127.984,41.454],[127.974,41.45],[127.944,41.471],[127.904,41.466],[127.881,41.461],[127.872,41.454],[127.865,41.437],[127.849,41.431],[127.829,41.434],[127.81,41.444],[127.785,41.437],[127.69,41.439],[127.663,41.447],[127.658,41.447],[127.647,41.433],[127.638,41.43],[127.631,41.433],[127.598,41.45],[127.559,41.458],[127.545,41.469],[127.543,41.491],[127.526,41.484],[127.508,41.488],[127.491,41.495],[127.474,41.499],[127.457,41.495],[127.443,41.488],[127.427,41.483],[127.405,41.484],[127.401,41.487],[127.396,41.491],[127.388,41.496],[127.379,41.499],[127.371,41.498],[127.354,41.493],[127.344,41.491],[127.305,41.495],[127.286,41.499],[127.269,41.505],[127.275,41.507],[127.284,41.512],[127.29,41.519],[127.289,41.525],[127.281,41.531],[127.275,41.53],[127.267,41.527],[127.258,41.525],[127.245,41.528],[127.222,41.541],[127.207,41.546],[127.2,41.542],[127.187,41.521],[127.18,41.517],[127.174,41.519],[127.17,41.524],[127.165,41.529],[127.156,41.531],[127.142,41.524],[127.135,41.522],[127.128,41.532],[127.121,41.535],[127.112,41.537],[127.105,41.537],[127.118,41.556],[127.137,41.569],[127.158,41.579],[127.18,41.585],[127.166,41.595],[127.114,41.61],[127.097,41.612],[127.102,41.622],[127.105,41.626],[127.074,41.636],[127.059,41.643],[127.049,41.653],[127.045,41.668],[127.049,41.678],[127.06,41.682],[127.077,41.681],[127.068,41.694],[127.047,41.719],[127.043,41.733],[127.033,41.732],[127,41.752],[126.981,41.763],[126.959,41.767],[126.946,41.766],[126.941,41.772],[126.94,41.794],[126.93,41.801],[126.909,41.796],[126.887,41.785],[126.877,41.774],[126.865,41.747],[126.809,41.73],[126.796,41.705],[126.789,41.696],[126.771,41.704],[126.742,41.729],[126.727,41.737],[126.713,41.741],[126.697,41.741],[126.679,41.736],[126.687,41.724],[126.7,41.716],[126.714,41.71],[126.728,41.701],[126.712,41.694],[126.68,41.672],[126.669,41.667],[126.634,41.669],[126.618,41.666],[126.602,41.642],[126.567,41.614],[126.567,41.602],[126.577,41.588],[126.581,41.575],[126.577,41.562],[126.559,41.534],[126.542,41.489],[126.508,41.447],[126.501,41.434],[126.508,41.409],[126.522,41.378],[126.522,41.352],[126.488,41.344],[126.488,41.352],[126.494,41.355],[126.496,41.358],[126.498,41.362],[126.501,41.366],[126.473,41.367],[126.441,41.348],[126.391,41.303],[126.381,41.291],[126.357,41.249],[126.346,41.238],[126.321,41.219],[126.31,41.208],[126.284,41.164],[126.275,41.153],[126.261,41.143],[126.147,41.092],[126.124,41.076],[126.138,41.057],[126.126,41.043],[126.112,41.032],[126.101,41.022],[126.104,41.009],[126.093,41.006],[126.084,41.003],[126.076,40.997],[126.069,40.989],[126.072,40.981],[126.066,40.969],[126.046,40.945],[126.029,40.935],[126.01,40.933],[125.992,40.928],[125.981,40.914],[125.997,40.915],[126.01,40.914],[126.015,40.909],[126.008,40.899],[125.995,40.894],[125.964,40.891],[125.95,40.883],[125.936,40.877],[125.924,40.884],[125.912,40.894],[125.902,40.899],[125.885,40.898],[125.873,40.893],[125.832,40.871],[125.822,40.87],[125.779,40.885],[125.771,40.886],[125.761,40.886],[125.755,40.882],[125.751,40.875],[125.746,40.868],[125.737,40.865],[125.706,40.86],[125.704,40.859],[125.703,40.86],[125.699,40.874],[125.695,40.884],[125.688,40.893],[125.679,40.896],[125.665,40.899],[125.6,40.898],[125.592,40.899],[125.584,40.902],[125.576,40.913],[125.589,40.924],[125.594,40.928],[125.605,40.933],[125.61,40.937],[125.623,40.949],[125.631,40.956],[125.639,40.967],[125.646,40.976],[125.651,40.98],[125.656,40.983],[125.678,40.993],[125.683,40.997],[125.692,41.004],[125.695,41.009],[125.698,41.014],[125.701,41.02],[125.711,41.051],[125.722,41.074],[125.724,41.082],[125.724,41.091],[125.723,41.106],[125.725,41.114],[125.729,41.12],[125.766,41.139],[125.769,41.144],[125.768,41.15],[125.748,41.17],[125.745,41.175],[125.744,41.183],[125.745,41.19],[125.749,41.202],[125.751,41.21],[125.752,41.216],[125.75,41.227],[125.746,41.237],[125.743,41.241],[125.738,41.245],[125.727,41.248],[125.71,41.25],[125.703,41.252],[125.695,41.256],[125.674,41.274],[125.656,41.281],[125.651,41.286],[125.647,41.298],[125.646,41.306],[125.646,41.314],[125.644,41.324],[125.639,41.334],[125.635,41.341],[125.599,41.384],[125.569,41.405],[125.563,41.411],[125.47,41.575],[125.464,41.588],[125.456,41.618],[125.454,41.66],[125.451,41.676],[125.45,41.68],[125.449,41.681],[125.447,41.682],[125.442,41.683],[125.436,41.683],[125.43,41.682],[125.387,41.668],[125.373,41.666],[125.347,41.669],[125.311,41.678],[125.306,41.68],[125.306,41.681],[125.306,41.684],[125.306,41.687],[125.308,41.69],[125.32,41.712],[125.322,41.718],[125.327,41.739],[125.328,41.747],[125.325,41.758],[125.291,41.816],[125.286,41.826],[125.286,41.831],[125.287,41.851],[125.303,41.909],[125.304,41.915],[125.304,41.923],[125.302,41.929],[125.291,41.947],[125.292,41.953],[125.295,41.957],[125.341,41.977],[125.347,41.979],[125.357,41.986],[125.361,41.99],[125.364,41.995],[125.366,41.999],[125.367,42.002],[125.369,42.013],[125.371,42.019],[125.373,42.024],[125.377,42.029],[125.381,42.033],[125.403,42.044],[125.408,42.047],[125.413,42.051],[125.417,42.055],[125.42,42.06],[125.431,42.083],[125.439,42.092],[125.449,42.099],[125.454,42.102],[125.458,42.105],[125.466,42.122],[125.477,42.138],[125.481,42.146],[125.481,42.151],[125.477,42.156],[125.473,42.158],[125.464,42.161],[125.391,42.179],[125.379,42.18],[125.373,42.179],[125.367,42.176],[125.36,42.172],[125.359,42.171],[125.355,42.17],[125.332,42.165],[125.324,42.166],[125.319,42.169],[125.317,42.174],[125.311,42.199],[125.31,42.202],[125.302,42.214],[125.299,42.218],[125.29,42.226],[125.286,42.23],[125.284,42.234],[125.283,42.24],[125.284,42.246],[125.291,42.272],[125.291,42.28],[125.29,42.288],[125.285,42.299],[125.281,42.304],[125.277,42.306],[125.269,42.309],[125.223,42.316],[125.196,42.324],[125.19,42.327],[125.179,42.333],[125.176,42.338],[125.173,42.345],[125.174,42.355],[125.177,42.361],[125.181,42.365],[125.198,42.374],[125.203,42.377],[125.206,42.382],[125.208,42.388],[125.21,42.394],[125.21,42.4],[125.21,42.401],[125.209,42.406],[125.188,42.427],[125.102,42.494],[125.092,42.538],[125.093,42.553],[125.095,42.559],[125.096,42.565],[125.097,42.571],[125.096,42.577],[125.093,42.582],[125.086,42.587],[125.05,42.606],[125.041,42.614],[125.037,42.618],[125.019,42.647],[125.014,42.652],[125.008,42.656],[125.002,42.658],[124.998,42.658],[124.993,42.658],[124.974,42.653],[124.967,42.652],[124.959,42.653],[124.953,42.656],[124.95,42.662],[124.951,42.672],[124.954,42.678],[124.958,42.683],[124.967,42.69],[124.971,42.694],[124.973,42.698],[124.982,42.725],[124.983,42.732],[124.981,42.739],[124.977,42.749],[124.974,42.757],[124.971,42.771],[124.968,42.781],[124.959,42.794],[124.951,42.8],[124.942,42.804],[124.902,42.806],[124.891,42.807],[124.885,42.809],[124.88,42.812],[124.875,42.816],[124.872,42.82],[124.869,42.826],[124.866,42.834],[124.862,42.855],[124.86,42.879],[124.86,42.888],[124.872,42.96],[124.872,42.975],[124.868,43.002],[124.87,43.016],[124.882,43.054],[124.888,43.087],[124.888,43.094],[124.886,43.102],[124.875,43.11],[124.872,43.118],[124.799,43.116],[124.785,43.114],[124.766,43.106],[124.699,43.059],[124.691,43.051],[124.685,43.04],[124.679,43.028],[124.676,43.015],[124.675,43.005],[124.674,43.001],[124.674,43],[124.673,42.999],[124.667,42.992],[124.631,42.957],[124.52,42.872],[124.496,42.858],[124.48,42.851],[124.472,42.856],[124.453,42.876],[124.447,42.879],[124.439,42.881],[124.422,42.88],[124.386,42.885],[124.379,42.899],[124.38,42.905],[124.383,42.913],[124.388,42.917],[124.394,42.921],[124.414,42.929],[124.422,42.934],[124.435,42.943],[124.437,42.949],[124.435,42.954],[124.4,42.966],[124.387,42.972],[124.381,42.977],[124.376,42.986],[124.37,43.002],[124.37,43.012],[124.372,43.02],[124.375,43.025],[124.404,43.054],[124.409,43.061],[124.414,43.068],[124.419,43.082],[124.418,43.089],[124.415,43.095],[124.394,43.108],[124.31,43.144],[124.303,43.149],[124.296,43.157],[124.293,43.163],[124.293,43.17],[124.294,43.182],[124.294,43.19],[124.292,43.206],[124.289,43.216],[124.282,43.226],[124.275,43.231],[124.269,43.234],[124.236,43.243],[124.219,43.254],[124.212,43.257],[124.205,43.258],[124.198,43.258],[124.176,43.255],[124.168,43.255],[124.158,43.258],[124.149,43.264],[124.121,43.288],[124.114,43.293],[124.101,43.299],[124.095,43.301],[124.087,43.303],[124.079,43.304],[124.04,43.302],[124.024,43.303],[124.016,43.305],[124.006,43.31],[123.927,43.373],[123.852,43.418],[123.807,43.454],[123.795,43.461],[123.782,43.466],[123.749,43.472],[123.723,43.435],[123.707,43.421],[123.704,43.416],[123.7,43.408],[123.687,43.368],[123.688,43.363],[123.696,43.353],[123.628,43.359],[123.606,43.365],[123.591,43.38],[123.582,43.388],[123.571,43.396],[123.562,43.399],[123.555,43.4],[123.516,43.402],[123.506,43.404],[123.5,43.406],[123.496,43.409],[123.472,43.427],[123.455,43.437],[123.442,43.442],[123.429,43.444],[123.397,43.448],[123.387,43.45],[123.378,43.453],[123.368,43.46],[123.359,43.467],[123.355,43.472],[123.351,43.479],[123.348,43.485],[123.345,43.495],[123.344,43.5],[123.345,43.509],[123.348,43.521],[123.35,43.526],[123.355,43.534],[123.358,43.537],[123.361,43.54],[123.399,43.563],[123.416,43.569],[123.42,43.573],[123.421,43.579],[123.416,43.591],[123.416,43.597],[123.419,43.618],[123.452,43.6],[123.49,43.591],[123.494,43.589],[123.498,43.594],[123.517,43.612],[123.519,43.615],[123.524,43.625],[123.528,43.637],[123.53,43.657],[123.529,43.673],[123.526,43.686],[123.525,43.692],[123.522,43.697],[123.499,43.722],[123.481,43.745],[123.471,43.762],[123.418,43.89],[123.399,43.921],[123.343,43.993],[123.339,44],[123.322,44.042],[123.321,44.049],[123.321,44.056],[123.324,44.061],[123.327,44.066],[123.331,44.07],[123.351,44.082],[123.359,44.092],[123.361,44.097],[123.363,44.104],[123.365,44.116],[123.365,44.123],[123.362,44.141],[123.359,44.151],[123.356,44.156],[123.349,44.164],[123.345,44.168],[123.34,44.172],[123.323,44.179],[123.28,44.193],[123.268,44.198],[123.258,44.204],[123.253,44.208],[123.25,44.212],[123.246,44.216],[123.243,44.221],[123.217,44.275],[123.196,44.301],[123.189,44.315],[123.185,44.325],[123.179,44.352],[123.177,44.356],[123.175,44.359],[123.172,44.363],[123.168,44.367],[123.124,44.394],[123.121,44.396],[123.119,44.4],[123.118,44.403],[123.117,44.406],[123.116,44.418],[123.119,44.441],[123.123,44.463],[123.125,44.476],[123.125,44.485],[123.124,44.494],[123.122,44.5],[123.122,44.501],[123.12,44.506],[123.111,44.519],[123.106,44.525],[123.099,44.531],[123.092,44.533],[123.081,44.531],[123.045,44.513],[123.028,44.501],[123.009,44.484],[122.955,44.447],[122.821,44.394],[122.75,44.349],[122.726,44.338],[122.715,44.336],[122.638,44.324],[122.624,44.318],[122.611,44.308],[122.604,44.298],[122.6,44.294],[122.595,44.291],[122.377,44.22],[122.322,44.211],[122.299,44.211],[122.278,44.219],[122.254,44.246],[122.279,44.364],[122.282,44.398],[122.282,44.429],[122.278,44.439],[122.274,44.446],[122.257,44.461],[122.238,44.475],[122.088,44.62],[122.072,44.645],[122.046,44.695],[122.042,44.707],[122.041,44.719],[122.041,44.731],[122.046,44.771],[122.046,44.779],[122.043,44.795],[122.023,44.847],[122.021,44.857],[122.023,44.863],[122.033,44.884],[122.035,44.889],[122.037,44.896],[122.038,44.909],[122.038,44.934],[122.014,45.029],[122.006,45.09],[122.006,45.1],[122.009,45.113],[122.011,45.118],[122.017,45.128],[122.02,45.133],[122.025,45.137],[122.03,45.141],[122.037,45.146],[122.051,45.152],[122.122,45.169],[122.148,45.178],[122.192,45.201],[122.202,45.208],[122.218,45.224],[122.228,45.238],[122.232,45.245],[122.234,45.254],[122.237,45.271],[122.236,45.28],[122.234,45.287],[122.228,45.296],[122.214,45.309],[122.21,45.321],[122.21,45.348],[122.209,45.357],[122.206,45.363],[122.186,45.383],[122.165,45.415],[122.136,45.449],[122.128,45.456],[122.119,45.463],[122.107,45.469],[122.027,45.485],[122.021,45.487],[122.016,45.491],[122.013,45.495],[122.008,45.506],[122.006,45.509],[122.003,45.513],[122,45.516],[121.997,45.518],[121.987,45.524],[121.98,45.529],[121.975,45.536],[121.968,45.55],[121.965,45.559],[121.964,45.568],[121.965,45.574],[121.966,45.58],[121.968,45.585],[121.98,45.605],[121.983,45.611],[121.985,45.618],[121.986,45.63],[121.985,45.637],[121.982,45.642],[121.965,45.657],[121.948,45.679],[121.944,45.683],[121.939,45.687],[121.934,45.69],[121.928,45.693],[121.915,45.697],[121.898,45.7],[121.88,45.701],[121.865,45.699],[121.785,45.676],[121.777,45.675],[121.759,45.675],[121.743,45.678],[121.729,45.682],[121.666,45.716],[121.66,45.721],[121.653,45.729],[121.65,45.735],[121.65,45.741],[121.653,45.745],[121.657,45.749],[121.714,45.775],[121.721,45.779],[121.726,45.782],[121.742,45.799],[121.796,45.873],[121.811,45.898],[121.813,45.905],[121.815,45.914],[121.816,45.929],[121.814,45.94],[121.812,45.947],[121.808,45.952],[121.8,45.961],[121.791,45.968],[121.785,45.974],[121.779,45.982],[121.771,45.997],[121.771,46.005],[121.774,46.01],[121.78,46.013],[121.787,46.014],[121.795,46.015],[121.87,46.011],[121.886,46.009],[121.901,46.005],[121.939,45.989],[121.954,45.986],[121.996,45.98],[122.001,45.979],[122.011,45.975],[122.022,45.969],[122.032,45.962],[122.037,45.958],[122.041,45.954],[122.047,45.945],[122.052,45.936],[122.055,45.931],[122.059,45.927],[122.146,45.871],[122.193,45.855],[122.204,45.849],[122.208,45.845],[122.215,45.838],[122.225,45.823],[122.228,45.819],[122.233,45.815],[122.24,45.813],[122.247,45.813],[122.255,45.814],[122.261,45.816],[122.268,45.819],[122.294,45.834],[122.369,45.9],[122.377,45.917],[122.384,45.936],[122.391,45.945],[122.399,45.949],[122.407,45.949],[122.414,45.947],[122.421,45.945],[122.426,45.942],[122.444,45.927],[122.453,45.92],[122.466,45.902],[122.471,45.892],[122.486,45.85],[122.498,45.825],[122.501,45.821],[122.509,45.813],[122.513,45.809],[122.573,45.777],[122.612,45.747],[122.647,45.725],[122.689,45.711],[122.696,45.711],[122.703,45.712],[122.708,45.715],[122.718,45.722],[122.752,45.754],[122.763,45.765],[122.769,45.774],[122.772,45.781],[122.773,45.788],[122.773,45.801],[122.768,45.837],[122.767,45.846],[122.768,45.861],[122.771,45.87],[122.775,45.876],[122.79,45.89],[122.796,45.899],[122.799,45.906],[122.801,45.913],[122.793,45.947],[122.791,45.97],[122.799,46.089],[122.801,46.094],[122.807,46.096],[122.814,46.095],[122.821,46.094],[123.069,46.109],[123.077,46.11],[123.086,46.113],[123.095,46.12],[123.1,46.128],[123.103,46.137],[123.106,46.148],[123.109,46.155],[123.132,46.182],[123.137,46.195],[123.142,46.203],[123.147,46.209],[123.162,46.22],[123.169,46.229],[123.177,46.238],[123.191,46.249],[123.202,46.255],[123.213,46.261],[123.227,46.265],[123.234,46.266],[123.25,46.266],[123.258,46.265],[123.324,46.242],[123.356,46.235],[123.762,46.26],[123.776,46.263],[123.866,46.291],[123.875,46.289],[123.885,46.284],[123.892,46.279],[123.895,46.269],[123.907,46.267],[123.919,46.272],[123.925,46.283],[123.927,46.286],[123.933,46.29],[123.94,46.293],[123.945,46.293],[123.954,46.292],[123.957,46.291],[123.957,46.287],[123.959,46.279],[123.96,46.268],[123.958,46.254],[123.958,46.239],[123.966,46.224],[123.957,46.21],[123.959,46.193],[123.966,46.176],[123.973,46.162],[123.976,46.161],[123.981,46.163],[123.985,46.163],[123.986,46.159],[123.986,46.148],[123.987,46.143],[123.993,46.133],[123.999,46.123],[124.001,46.112],[123.996,46.108],[123.997,46.098],[124.002,46.077],[124.011,46.056],[124.024,46.046],[124.035,46.043],[124.039,46.034],[124.038,46.025],[124.034,46.018],[124.023,46.014],[124.012,46.017],[124.002,46.017],[123.993,46.005],[124.007,45.996],[124.001,45.989],[123.989,45.984],[123.979,45.978],[123.974,45.965],[123.973,45.952],[123.975,45.94],[123.979,45.93],[123.998,45.915],[124.051,45.889],[124.062,45.872],[124.059,45.857],[124.045,45.841],[124.042,45.83],[124.046,45.821],[124.055,45.816],[124.06,45.809],[124.051,45.796],[124.041,45.79],[124.028,45.787],[124.018,45.782],[124.014,45.769],[124.022,45.763],[124.062,45.748],[124.075,45.745],[124.07,45.739],[124.068,45.736],[124.064,45.733],[124.055,45.732],[124.088,45.718],[124.103,45.71],[124.117,45.697],[124.119,45.69],[124.124,45.673],[124.126,45.669],[124.146,45.669],[124.156,45.667],[124.165,45.663],[124.148,45.647],[124.141,45.632],[124.149,45.622],[124.178,45.622],[124.2,45.63],[124.215,45.638],[124.224,45.636],[124.226,45.611],[124.234,45.602],[124.262,45.59],[124.264,45.584],[124.262,45.574],[124.266,45.562],[124.275,45.55],[124.284,45.546],[124.332,45.547],[124.352,45.542],[124.363,45.526],[124.361,45.522],[124.352,45.511],[124.349,45.505],[124.35,45.499],[124.353,45.495],[124.356,45.491],[124.359,45.482],[124.362,45.473],[124.367,45.465],[124.377,45.457],[124.396,45.451],[124.415,45.454],[124.434,45.46],[124.456,45.464],[124.477,45.456],[124.503,45.423],[124.524,45.416],[124.55,45.414],[124.563,45.415],[124.572,45.419],[124.578,45.43],[124.578,45.44],[124.579,45.449],[124.59,45.457],[124.612,45.448],[124.631,45.447],[124.675,45.451],[124.723,45.451],[124.735,45.454],[124.756,45.468],[124.768,45.471],[124.772,45.468],[124.776,45.461],[124.781,45.451],[124.786,45.45],[124.797,45.451],[124.826,45.445],[124.849,45.443],[124.861,45.444],[124.872,45.449],[124.881,45.456],[124.884,45.467],[124.883,45.47],[124.88,45.472],[124.878,45.475],[124.877,45.481],[124.879,45.488],[124.883,45.493],[124.888,45.496],[124.891,45.498],[124.895,45.519],[124.898,45.527],[124.904,45.532],[124.916,45.533],[124.927,45.528],[124.935,45.519],[124.938,45.508],[124.951,45.495],[124.98,45.494],[125.028,45.498],[125.042,45.493],[125.044,45.489],[125.042,45.482],[125.042,45.471],[125.044,45.452],[125.048,45.445],[125.059,45.433],[125.074,45.423],[125.08,45.417],[125.082,45.406],[125.082,45.39],[125.083,45.386],[125.089,45.389],[125.104,45.395],[125.233,45.414],[125.249,45.414],[125.267,45.409],[125.276,45.405],[125.281,45.402],[125.286,45.4],[125.295,45.402],[125.301,45.407],[125.303,45.413],[125.307,45.417],[125.322,45.416],[125.356,45.401],[125.375,45.398],[125.398,45.409],[125.411,45.425],[125.423,45.461],[125.432,45.477],[125.451,45.485],[125.474,45.481],[125.498,45.474],[125.521,45.471],[125.543,45.476],[125.604,45.505],[125.619,45.508],[125.658,45.505],[125.668,45.506],[125.688,45.512],[125.699,45.512],[125.699,45.511],[125.701,45.502],[125.701,45.493],[125.706,45.474],[125.707,45.469],[125.705,45.451],[125.706,45.445],[125.711,45.431],[125.713,45.425],[125.714,45.414],[125.713,45.391],[125.71,45.378],[125.707,45.372],[125.706,45.366],[125.705,45.36],[125.706,45.354],[125.708,45.349],[125.723,45.331],[125.73,45.318],[125.736,45.311],[125.746,45.302],[125.793,45.273],[125.798,45.269],[125.808,45.257],[125.811,45.252],[125.841,45.235],[125.91,45.207],[125.93,45.201],[125.968,45.196],[126.15,45.141],[126.167,45.149],[126.174,45.151],[126.181,45.152],[126.189,45.153],[126.216,45.15],[126.23,45.152],[126.243,45.156],[126.259,45.166],[126.277,45.172],[126.282,45.176],[126.289,45.185],[126.293,45.186],[126.296,45.187],[126.3,45.186],[126.308,45.183],[126.316,45.183],[126.323,45.183],[126.337,45.187],[126.348,45.192],[126.384,45.216],[126.395,45.221],[126.407,45.226],[126.421,45.228],[126.445,45.229],[126.453,45.23],[126.48,45.236],[126.559,45.247],[126.567,45.246],[126.622,45.232],[126.629,45.229],[126.636,45.225],[126.665,45.2],[126.67,45.197],[126.677,45.194],[126.71,45.187],[126.753,45.173],[126.762,45.17],[126.775,45.162],[126.789,45.149],[126.795,45.146],[126.803,45.144],[126.836,45.143],[126.843,45.144],[126.849,45.146],[126.856,45.147],[126.871,45.149],[126.889,45.148],[126.907,45.145],[126.938,45.137],[126.946,45.136],[126.953,45.134],[126.959,45.129],[126.962,45.124],[126.967,45.114],[126.98,45.072],[126.989,45.055],[127.035,45.007],[127.046,44.989],[127.063,44.968],[127.068,44.959],[127.077,44.934],[127.077,44.927],[127.077,44.919],[127.07,44.901],[127.067,44.896],[127.062,44.894],[127.024,44.882],[127.014,44.876],[127.005,44.869],[126.999,44.864],[126.992,44.855],[126.983,44.838],[126.978,44.826],[126.979,44.817],[126.981,44.807],[126.99,44.789],[127,44.774],[127.03,44.734],[127.032,44.731],[127.036,44.71],[127.037,44.685],[127.033,44.644],[127.033,44.637],[127.036,44.619],[127.042,44.605],[127.045,44.598],[127.058,44.586],[127.089,44.59],[127.101,44.598],[127.106,44.61],[127.117,44.628],[127.131,44.643],[127.139,44.65],[127.147,44.655],[127.155,44.656],[127.172,44.658],[127.185,44.658],[127.191,44.656],[127.195,44.655],[127.204,44.65],[127.209,44.646],[127.213,44.642],[127.224,44.624],[127.227,44.62],[127.233,44.616],[127.241,44.613],[127.255,44.611],[127.264,44.612],[127.271,44.614],[127.281,44.621],[127.286,44.624],[127.311,44.635],[127.345,44.646],[127.362,44.648],[127.375,44.649],[127.408,44.638],[127.444,44.616],[127.45,44.613],[127.458,44.611],[127.492,44.605],[127.503,44.602],[127.549,44.581],[127.556,44.577],[127.559,44.574],[127.561,44.571],[127.565,44.562],[127.567,44.557],[127.571,44.553],[127.581,44.543],[127.583,44.538],[127.582,44.536],[127.578,44.534],[127.573,44.534],[127.548,44.533],[127.541,44.532],[127.534,44.531],[127.523,44.525],[127.518,44.522],[127.513,44.518],[127.51,44.513],[127.508,44.508],[127.508,44.503],[127.509,44.498],[127.516,44.482],[127.517,44.479],[127.518,44.473],[127.518,44.468],[127.517,44.462],[127.512,44.45],[127.496,44.422],[127.494,44.416],[127.493,44.411],[127.496,44.404],[127.503,44.395],[127.531,44.374],[127.537,44.368],[127.552,44.34],[127.613,44.282],[127.616,44.277],[127.618,44.272],[127.616,44.26],[127.609,44.241],[127.608,44.235],[127.608,44.229],[127.608,44.224],[127.61,44.221],[127.61,44.22],[127.658,44.183],[127.673,44.174],[127.686,44.169],[127.702,44.168],[127.711,44.166],[127.715,44.161],[127.717,44.156],[127.718,44.146],[127.721,44.135],[127.744,44.086],[127.779,44.069],[127.85,44.056],[128.005,44.096],[128.026,44.105],[128.04,44.113],[128.047,44.12],[128.052,44.126],[128.054,44.132],[128.056,44.138],[128.057,44.15],[128.053,44.22],[128.049,44.244],[128.049,44.251],[128.052,44.26],[128.057,44.275],[128.059,44.289],[128.056,44.304],[128.047,44.323],[128.043,44.341],[128.046,44.358],[128.054,44.364],[128.063,44.363],[128.085,44.348],[128.1,44.341],[128.118,44.339],[128.136,44.342],[128.155,44.353],[128.166,44.368],[128.178,44.403],[128.188,44.423],[128.197,44.433],[128.207,44.44],[128.261,44.467],[128.321,44.491],[128.359,44.502],[128.364,44.501],[128.37,44.498],[128.392,44.481],[128.419,44.45],[128.423,44.444],[128.431,44.426],[128.439,44.401],[128.451,44.344],[128.451,44.316],[128.437,44.219],[128.436,44.204],[128.44,44.174],[128.442,44.164],[128.446,44.154],[128.452,44.145],[128.461,44.135],[128.472,44.126],[128.512,44.099],[128.522,44.09],[128.529,44.08],[128.533,44.068],[128.539,44.043],[128.545,44.029],[128.554,44.015],[128.601,43.961],[128.632,43.912],[128.644,43.901],[128.684,43.877],[128.694,43.869],[128.701,43.859],[128.714,43.838],[128.721,43.828],[128.747,43.802],[128.751,43.797],[128.753,43.792],[128.76,43.771],[128.763,43.75],[128.761,43.719],[128.762,43.714],[128.764,43.709],[128.772,43.701],[128.786,43.69],[128.818,43.659],[128.828,43.646],[128.835,43.632],[128.852,43.594],[128.857,43.584],[128.866,43.572],[128.874,43.563],[128.878,43.56],[128.883,43.556],[128.891,43.554],[128.902,43.553],[128.943,43.557],[128.951,43.555],[128.959,43.551],[128.976,43.54],[128.983,43.538],[128.992,43.537],[129.002,43.537],[129.015,43.54],[129.163,43.592],[129.211,43.601],[129.223,43.606],[129.229,43.608],[129.233,43.612],[129.236,43.616],[129.237,43.621],[129.237,43.624],[129.234,43.632],[129.225,43.645],[129.219,43.659],[129.217,43.67],[129.216,43.676],[129.216,43.681],[129.217,43.687],[129.218,43.693],[129.219,43.7],[129.219,43.701],[129.219,43.706],[129.218,43.717],[129.216,43.727],[129.216,43.738],[129.216,43.744],[129.217,43.75],[129.22,43.756],[129.222,43.762],[129.23,43.771],[129.239,43.779],[129.249,43.786],[129.284,43.801],[129.297,43.804],[129.35,43.807],[129.362,43.811],[129.417,43.84],[129.479,43.86],[129.535,43.87],[129.752,43.874],[129.772,43.879],[129.778,43.882],[129.783,43.885],[129.787,43.889],[129.79,43.895],[129.793,43.901],[129.796,43.913],[129.797,43.925],[129.797,43.947],[129.799,43.96],[129.8,43.961],[129.802,43.965],[129.806,43.969],[129.81,43.973],[129.827,43.981],[129.865,44.004],[129.887,44.014],[129.913,44.022],[129.926,44.02],[129.943,44.014],[130,43.984],[130.006,43.974],[130.011,43.959],[130.014,43.949],[130.018,43.889],[130.02,43.878],[130.023,43.868],[130.026,43.864],[130.029,43.86],[130.033,43.856],[130.042,43.852],[130.055,43.848],[130.08,43.844],[130.094,43.844],[130.104,43.845],[130.109,43.849],[130.118,43.856],[130.145,43.89],[130.168,43.91],[130.2,43.929],[130.211,43.934],[130.251,43.943],[130.263,43.947],[130.268,43.951],[130.273,43.954],[130.277,43.959],[130.28,43.964],[130.311,44.032],[130.318,44.041],[130.324,44.047],[130.329,44.048],[130.334,44.048],[130.341,44.042],[130.343,44.038],[130.345,44.034],[130.347,44.019],[130.347,44.013],[130.346,44.001],[130.332,43.95],[130.331,43.938],[130.333,43.928],[130.336,43.918],[130.341,43.909],[130.35,43.895],[130.359,43.877],[130.362,43.867],[130.364,43.856],[130.368,43.846],[130.369,43.841],[130.369,43.836],[130.368,43.813],[130.369,43.808],[130.372,43.797],[130.374,43.792],[130.379,43.783],[130.389,43.771],[130.409,43.753],[130.413,43.749],[130.415,43.745],[130.416,43.742],[130.415,43.737],[130.414,43.731],[130.399,43.702],[130.397,43.696],[130.396,43.69],[130.397,43.685],[130.398,43.68],[130.4,43.675],[130.414,43.669],[130.589,43.628],[130.619,43.616],[130.624,43.613],[130.639,43.599],[130.678,43.573],[130.702,43.561],[130.744,43.545],[130.756,43.539],[130.798,43.511],[130.805,43.504],[130.82,43.487],[130.824,43.477],[130.829,43.463],[130.837,43.449],[130.841,43.445],[130.845,43.441],[130.85,43.438],[130.859,43.437],[130.871,43.437],[130.895,43.442],[130.908,43.446],[130.917,43.45],[130.995,43.508],[131.003,43.509],[131.013,43.509],[131.041,43.5],[131.104,43.443],[131.114,43.437],[131.124,43.433],[131.134,43.433],[131.149,43.436],[131.212,43.461],[131.235,43.467],[131.253,43.469]]]}},{"type":"Feature","id":"CN-JS","properties":{"id":"CN-JS","countryCode":"CN","isoSubdivision":"CN-JS","name":"Jiangsu","name_en":"Jiangsu","name_ko":"장쑤성","type":"Province","labelLongitude":119.942,"labelLatitude":32.984,"minZoom":4.6},"geometry":{"type":"MultiPolygon","coordinates":[[[[119.881,32.125],[119.901,32.082],[119.902,32.073],[119.89,32.075],[119.859,32.102],[119.844,32.108],[119.815,32.115],[119.805,32.12],[119.795,32.121],[119.792,32.122],[119.787,32.13],[119.788,32.134],[119.791,32.137],[119.792,32.142],[119.791,32.165],[119.799,32.179],[119.81,32.189],[119.819,32.204],[119.789,32.211],[119.75,32.228],[119.719,32.25],[119.716,32.273],[119.751,32.293],[119.785,32.292],[119.814,32.276],[119.833,32.252],[119.875,32.155],[119.881,32.125]]],[[[119.28,35.077],[119.25,35.068],[119.229,35.066],[119.221,35.064],[119.213,35.058],[119.207,35.048],[119.204,35.025],[119.199,35.017],[119.193,35],[119.193,34.974],[119.197,34.948],[119.203,34.932],[119.189,34.856],[119.193,34.81],[119.202,34.785],[119.189,34.767],[119.195,34.76],[119.19,34.749],[119.189,34.733],[119.192,34.718],[119.203,34.712],[119.21,34.719],[119.221,34.749],[119.229,34.76],[119.242,34.762],[119.291,34.753],[119.312,34.755],[119.325,34.76],[119.335,34.769],[119.347,34.781],[119.358,34.775],[119.376,34.759],[119.388,34.753],[119.401,34.751],[119.428,34.75],[119.442,34.746],[119.463,34.732],[119.474,34.715],[119.473,34.698],[119.457,34.685],[119.532,34.616],[119.589,34.582],[119.6,34.569],[119.609,34.563],[119.641,34.551],[119.641,34.546],[119.641,34.541],[119.643,34.537],[119.648,34.534],[119.658,34.532],[119.685,34.534],[119.705,34.531],[119.729,34.524],[119.751,34.514],[119.795,34.482],[119.826,34.47],[119.862,34.466],[119.905,34.465],[119.94,34.458],[119.983,34.441],[120.023,34.419],[120.079,34.378],[120.118,34.36],[120.24,34.324],[120.257,34.312],[120.264,34.291],[120.267,34.266],[120.274,34.245],[120.299,34.204],[120.309,34.174],[120.317,34.152],[120.325,34.136],[120.325,34.111],[120.348,34.077],[120.354,34.061],[120.358,34.053],[120.365,34.046],[120.371,34.036],[120.385,33.97],[120.408,33.917],[120.413,33.897],[120.413,33.888],[120.398,33.879],[120.4,33.869],[120.407,33.86],[120.419,33.855],[120.431,33.846],[120.443,33.825],[120.451,33.802],[120.45,33.786],[120.464,33.775],[120.482,33.765],[120.498,33.753],[120.505,33.736],[120.506,33.697],[120.512,33.657],[120.503,33.662],[120.495,33.662],[120.489,33.658],[120.484,33.65],[120.526,33.611],[120.539,33.595],[120.563,33.548],[120.573,33.533],[120.628,33.478],[120.634,33.467],[120.652,33.428],[120.656,33.413],[120.662,33.338],[120.667,33.325],[120.68,33.308],[120.695,33.293],[120.707,33.287],[120.72,33.285],[120.738,33.279],[120.75,33.27],[120.748,33.256],[120.743,33.253],[120.737,33.251],[120.732,33.248],[120.73,33.242],[120.733,33.237],[120.743,33.228],[120.744,33.224],[120.744,33.209],[120.74,33.206],[120.73,33.205],[120.785,33.165],[120.807,33.138],[120.792,33.109],[120.813,33.106],[120.819,33.092],[120.82,33.054],[120.826,33.03],[120.834,33.026],[120.846,33.03],[120.867,33.032],[120.89,33.026],[120.896,33.014],[120.889,32.978],[120.889,32.963],[120.908,32.844],[120.905,32.813],[120.88,32.772],[120.852,32.756],[120.861,32.72],[120.86,32.69],[120.85,32.697],[120.843,32.704],[120.841,32.711],[120.847,32.718],[120.84,32.725],[120.83,32.709],[120.83,32.698],[120.864,32.671],[120.907,32.66],[120.911,32.63],[120.944,32.605],[120.975,32.595],[121.021,32.569],[121.043,32.558],[121.066,32.544],[121.086,32.536],[121.099,32.521],[121.101,32.498],[121.108,32.498],[121.12,32.507],[121.157,32.496],[121.174,32.488],[121.192,32.479],[121.215,32.473],[121.272,32.448],[121.354,32.415],[121.389,32.385],[121.401,32.352],[121.416,32.269],[121.418,32.255],[121.419,32.25],[121.416,32.249],[121.402,32.245],[121.377,32.242],[121.367,32.239],[121.361,32.232],[121.368,32.227],[121.399,32.169],[121.425,32.164],[121.431,32.151],[121.432,32.134],[121.443,32.114],[121.449,32.113],[121.456,32.116],[121.462,32.12],[121.467,32.122],[121.473,32.12],[121.482,32.11],[121.488,32.108],[121.497,32.11],[121.531,32.109],[121.554,32.102],[121.594,32.087],[121.655,32.063],[121.683,32.043],[121.718,32.026],[121.727,32.017],[121.764,31.995],[121.799,31.97],[121.822,31.952],[121.825,31.928],[121.848,31.905],[121.875,31.864],[121.875,31.826],[121.902,31.786],[121.922,31.754],[121.93,31.727],[121.915,31.706],[121.872,31.691],[121.817,31.691],[121.749,31.712],[121.703,31.721],[121.676,31.724],[121.655,31.732],[121.607,31.749],[121.574,31.766],[121.552,31.774],[121.529,31.779],[121.517,31.783],[121.508,31.793],[121.5,31.802],[121.495,31.806],[121.48,31.811],[121.416,31.841],[121.317,31.883],[121.286,31.891],[121.228,31.866],[121.185,31.837],[121.115,31.796],[121.087,31.802],[121.062,31.814],[121.04,31.819],[121.005,31.821],[120.978,31.814],[120.951,31.825],[120.941,31.845],[120.943,31.868],[120.943,31.875],[120.945,31.885],[120.941,31.893],[120.926,31.896],[120.919,31.899],[120.911,31.918],[120.906,31.926],[120.847,31.991],[120.811,32.023],[120.744,32.036],[120.634,32.077],[120.565,32.077],[120.522,32.083],[120.491,32.082],[120.428,32.053],[120.362,32.026],[120.3,31.972],[120.267,31.949],[120.224,31.937],[120.176,31.937],[120.131,31.943],[120.09,31.955],[120.052,31.971],[120.02,31.991],[119.992,32.016],[119.921,32.109],[119.912,32.124],[119.908,32.139],[119.911,32.158],[119.921,32.196],[119.922,32.217],[119.9,32.198],[119.888,32.214],[119.874,32.265],[119.862,32.281],[119.842,32.299],[119.818,32.314],[119.795,32.32],[119.782,32.321],[119.758,32.327],[119.744,32.327],[119.692,32.32],[119.677,32.328],[119.661,32.346],[119.641,32.359],[119.613,32.355],[119.649,32.336],[119.661,32.327],[119.679,32.306],[119.685,32.292],[119.678,32.286],[119.676,32.278],[119.655,32.235],[119.649,32.22],[119.636,32.211],[119.62,32.205],[119.606,32.197],[119.628,32.189],[119.645,32.195],[119.66,32.208],[119.672,32.221],[119.69,32.235],[119.701,32.233],[119.712,32.223],[119.73,32.211],[119.755,32.206],[119.779,32.205],[119.789,32.199],[119.764,32.163],[119.764,32.144],[119.772,32.127],[119.785,32.114],[119.856,32.087],[119.867,32.077],[119.907,32.045],[119.939,32.018],[119.961,31.991],[119.979,31.969],[120.006,31.95],[120.039,31.943],[120.131,31.912],[120.178,31.904],[120.23,31.909],[120.341,31.956],[120.418,31.97],[120.432,31.975],[120.456,31.983],[120.454,32.003],[120.455,32.021],[120.469,32.025],[120.518,32.019],[120.604,31.991],[120.67,31.999],[120.69,31.998],[120.75,31.978],[120.78,31.916],[120.807,31.874],[120.825,31.829],[120.808,31.81],[120.751,31.825],[120.739,31.837],[120.728,31.851],[120.717,31.861],[120.721,31.832],[120.731,31.814],[120.748,31.802],[120.832,31.778],[120.895,31.763],[120.948,31.758],[120.981,31.751],[121.014,31.743],[121.067,31.724],[121.144,31.685],[121.212,31.628],[121.245,31.6],[121.32,31.505],[121.341,31.491],[121.325,31.492],[121.306,31.487],[121.292,31.485],[121.262,31.487],[121.249,31.485],[121.239,31.482],[121.236,31.481],[121.215,31.467],[121.209,31.465],[121.192,31.46],[121.187,31.458],[121.18,31.451],[121.173,31.441],[121.151,31.4],[121.14,31.388],[121.136,31.374],[121.14,31.341],[121.141,31.329],[121.141,31.324],[121.141,31.318],[121.138,31.308],[121.134,31.3],[121.132,31.294],[121.13,31.283],[121.129,31.28],[121.126,31.277],[121.119,31.276],[121.114,31.276],[121.106,31.279],[121.099,31.28],[121.093,31.28],[121.087,31.278],[121.061,31.267],[121.059,31.261],[121.058,31.255],[121.059,31.248],[121.07,31.176],[121.07,31.17],[121.068,31.164],[121.066,31.159],[121.063,31.154],[121.052,31.149],[121.035,31.144],[120.958,31.135],[120.883,31.14],[120.876,31.14],[120.87,31.138],[120.865,31.136],[120.862,31.13],[120.861,31.126],[120.866,31.107],[120.889,31.079],[120.896,31.062],[120.909,31.012],[120.894,30.998],[120.888,30.995],[120.878,30.994],[120.87,30.995],[120.844,31.001],[120.834,31.002],[120.781,30.997],[120.773,30.994],[120.746,30.982],[120.736,30.979],[120.726,30.978],[120.698,30.978],[120.692,30.977],[120.687,30.973],[120.682,30.969],[120.68,30.959],[120.683,30.954],[120.687,30.95],[120.692,30.947],[120.696,30.943],[120.698,30.939],[120.701,30.934],[120.707,30.914],[120.709,30.891],[120.708,30.886],[120.705,30.882],[120.696,30.88],[120.644,30.86],[120.635,30.858],[120.62,30.858],[120.604,30.86],[120.592,30.856],[120.578,30.846],[120.534,30.801],[120.491,30.764],[120.476,30.803],[120.475,30.809],[120.447,30.89],[120.442,30.898],[120.438,30.901],[120.432,30.903],[120.423,30.901],[120.414,30.893],[120.409,30.89],[120.403,30.889],[120.39,30.887],[120.383,30.888],[120.377,30.891],[120.371,30.899],[120.369,30.906],[120.368,30.913],[120.367,30.93],[120.365,30.935],[120.362,30.939],[120.355,30.938],[120.304,30.93],[120.213,30.921],[120.129,30.943],[120.051,30.995],[120.026,31.022],[119.962,31.068],[119.943,31.087],[119.939,31.099],[119.937,31.113],[119.936,31.138],[119.932,31.15],[119.909,31.165],[119.897,31.168],[119.88,31.17],[119.854,31.169],[119.836,31.166],[119.818,31.161],[119.804,31.159],[119.789,31.16],[119.78,31.165],[119.772,31.171],[119.764,31.176],[119.754,31.178],[119.74,31.176],[119.721,31.169],[119.7,31.166],[119.674,31.166],[119.663,31.163],[119.653,31.159],[119.63,31.133],[119.592,31.131],[119.575,31.133],[119.548,31.141],[119.537,31.147],[119.527,31.155],[119.493,31.151],[119.479,31.155],[119.467,31.161],[119.407,31.18],[119.381,31.184],[119.37,31.188],[119.363,31.192],[119.36,31.197],[119.359,31.202],[119.357,31.207],[119.357,31.219],[119.36,31.254],[119.359,31.259],[119.359,31.264],[119.358,31.269],[119.355,31.275],[119.353,31.28],[119.349,31.286],[119.345,31.288],[119.34,31.287],[119.336,31.284],[119.333,31.281],[119.326,31.273],[119.322,31.269],[119.317,31.267],[119.311,31.265],[119.305,31.265],[119.283,31.267],[119.277,31.267],[119.264,31.263],[119.254,31.262],[119.236,31.265],[119.176,31.289],[119.163,31.287],[119.096,31.247],[119.075,31.239],[118.816,31.226],[118.804,31.228],[118.799,31.231],[118.797,31.235],[118.791,31.25],[118.788,31.255],[118.785,31.259],[118.768,31.272],[118.763,31.275],[118.756,31.281],[118.741,31.306],[118.737,31.321],[118.737,31.327],[118.737,31.334],[118.739,31.341],[118.742,31.35],[118.746,31.355],[118.751,31.358],[118.797,31.372],[118.803,31.375],[118.81,31.38],[118.82,31.388],[118.827,31.398],[118.881,31.522],[118.882,31.535],[118.881,31.547],[118.88,31.552],[118.872,31.566],[118.871,31.571],[118.869,31.576],[118.868,31.582],[118.869,31.607],[118.867,31.614],[118.866,31.621],[118.863,31.625],[118.86,31.627],[118.856,31.63],[118.851,31.632],[118.844,31.633],[118.838,31.632],[118.832,31.631],[118.822,31.626],[118.816,31.624],[118.81,31.623],[118.804,31.625],[118.8,31.628],[118.797,31.633],[118.796,31.638],[118.793,31.658],[118.789,31.667],[118.784,31.672],[118.777,31.674],[118.771,31.674],[118.765,31.672],[118.761,31.668],[118.757,31.664],[118.754,31.66],[118.748,31.65],[118.745,31.645],[118.741,31.642],[118.736,31.639],[118.73,31.638],[118.723,31.638],[118.71,31.64],[118.681,31.647],[118.674,31.65],[118.668,31.654],[118.662,31.662],[118.66,31.669],[118.662,31.674],[118.665,31.679],[118.668,31.683],[118.677,31.69],[118.681,31.695],[118.684,31.701],[118.683,31.706],[118.68,31.71],[118.675,31.713],[118.637,31.725],[118.569,31.736],[118.556,31.74],[118.551,31.743],[118.547,31.746],[118.54,31.754],[118.536,31.757],[118.53,31.76],[118.519,31.764],[118.511,31.768],[118.484,31.784],[118.477,31.79],[118.472,31.804],[118.481,31.846],[118.481,31.859],[118.475,31.866],[118.466,31.882],[118.46,31.891],[118.455,31.895],[118.449,31.897],[118.443,31.896],[118.438,31.893],[118.432,31.893],[118.423,31.896],[118.406,31.909],[118.396,31.915],[118.381,31.922],[118.375,31.925],[118.352,31.947],[118.35,31.952],[118.353,31.956],[118.363,31.96],[118.367,31.964],[118.368,31.969],[118.369,31.975],[118.37,31.981],[118.373,31.985],[118.378,31.988],[118.394,31.995],[118.399,31.998],[118.403,32.003],[118.401,32.007],[118.398,32.012],[118.392,32.016],[118.385,32.024],[118.382,32.03],[118.381,32.037],[118.381,32.042],[118.383,32.054],[118.398,32.078],[118.412,32.089],[118.483,32.124],[118.493,32.132],[118.499,32.138],[118.5,32.14],[118.5,32.141],[118.501,32.152],[118.499,32.176],[118.499,32.183],[118.503,32.193],[118.508,32.198],[118.514,32.2],[118.542,32.201],[118.599,32.212],[118.61,32.216],[118.65,32.238],[118.665,32.25],[118.668,32.261],[118.67,32.267],[118.669,32.273],[118.665,32.277],[118.653,32.281],[118.65,32.284],[118.65,32.289],[118.656,32.3],[118.662,32.316],[118.667,32.321],[118.678,32.327],[118.682,32.333],[118.684,32.339],[118.683,32.351],[118.682,32.356],[118.674,32.372],[118.669,32.392],[118.668,32.404],[118.669,32.429],[118.668,32.453],[118.667,32.459],[118.665,32.464],[118.661,32.468],[118.656,32.471],[118.65,32.473],[118.612,32.478],[118.606,32.48],[118.601,32.483],[118.597,32.487],[118.595,32.491],[118.593,32.495],[118.593,32.5],[118.594,32.516],[118.593,32.521],[118.592,32.527],[118.589,32.531],[118.585,32.535],[118.581,32.538],[118.559,32.549],[118.555,32.554],[118.552,32.562],[118.552,32.574],[118.555,32.582],[118.559,32.587],[118.566,32.591],[118.573,32.593],[118.58,32.593],[118.587,32.592],[118.593,32.59],[118.603,32.584],[118.608,32.581],[118.614,32.581],[118.621,32.583],[118.643,32.594],[118.65,32.594],[118.656,32.593],[118.66,32.59],[118.666,32.587],[118.674,32.588],[118.682,32.59],[118.694,32.598],[118.702,32.6],[118.71,32.601],[118.716,32.599],[118.724,32.6],[118.733,32.603],[118.744,32.61],[118.752,32.613],[118.759,32.613],[118.763,32.61],[118.777,32.599],[118.783,32.597],[118.79,32.598],[118.808,32.604],[118.814,32.605],[118.819,32.603],[118.822,32.6],[118.825,32.595],[118.828,32.591],[118.834,32.589],[118.84,32.588],[118.847,32.588],[118.891,32.596],[118.897,32.596],[118.903,32.594],[118.905,32.59],[118.905,32.585],[118.903,32.579],[118.902,32.573],[118.903,32.568],[118.906,32.564],[118.91,32.561],[118.916,32.56],[118.929,32.561],[118.935,32.561],[118.941,32.558],[118.945,32.555],[118.948,32.551],[118.962,32.529],[118.968,32.52],[118.973,32.517],[118.978,32.514],[118.984,32.512],[118.99,32.512],[119.004,32.513],[119.01,32.513],[119.015,32.512],[119.021,32.509],[119.03,32.504],[119.033,32.5],[119.034,32.499],[119.036,32.494],[119.039,32.49],[119.043,32.486],[119.056,32.476],[119.06,32.472],[119.062,32.468],[119.064,32.462],[119.066,32.445],[119.081,32.446],[119.09,32.453],[119.131,32.491],[119.136,32.496],[119.139,32.5],[119.139,32.501],[119.14,32.504],[119.141,32.521],[119.143,32.53],[119.147,32.541],[119.157,32.56],[119.163,32.569],[119.169,32.575],[119.199,32.594],[119.202,32.624],[119.199,32.64],[119.192,32.667],[119.19,32.711],[119.188,32.723],[119.185,32.731],[119.172,32.741],[119.167,32.747],[119.162,32.755],[119.154,32.771],[119.152,32.781],[119.151,32.789],[119.155,32.805],[119.157,32.818],[119.153,32.825],[119.148,32.829],[119.11,32.834],[119.102,32.836],[119.095,32.841],[119.082,32.857],[119.077,32.861],[119.05,32.88],[119.047,32.883],[119.04,32.893],[119.036,32.897],[119.031,32.9],[119.017,32.905],[119.009,32.91],[119.006,32.915],[119.005,32.921],[119.006,32.935],[119.006,32.944],[119.004,32.949],[119.002,32.954],[119,32.956],[118.997,32.959],[118.993,32.962],[118.987,32.964],[118.98,32.966],[118.965,32.967],[118.951,32.967],[118.91,32.957],[118.906,32.957],[118.899,32.959],[118.889,32.962],[118.874,32.97],[118.865,32.972],[118.857,32.972],[118.846,32.969],[118.841,32.966],[118.838,32.961],[118.833,32.943],[118.83,32.939],[118.826,32.935],[118.819,32.931],[118.816,32.929],[118.813,32.925],[118.81,32.921],[118.807,32.915],[118.806,32.909],[118.802,32.876],[118.8,32.87],[118.798,32.865],[118.793,32.862],[118.788,32.86],[118.767,32.855],[118.762,32.854],[118.758,32.852],[118.754,32.849],[118.752,32.847],[118.75,32.844],[118.748,32.839],[118.746,32.808],[118.745,32.802],[118.74,32.792],[118.738,32.786],[118.737,32.781],[118.738,32.776],[118.745,32.762],[118.745,32.757],[118.744,32.754],[118.743,32.751],[118.741,32.749],[118.729,32.738],[118.72,32.732],[118.709,32.732],[118.625,32.745],[118.611,32.746],[118.605,32.744],[118.6,32.742],[118.587,32.731],[118.582,32.729],[118.576,32.727],[118.431,32.74],[118.421,32.739],[118.409,32.733],[118.399,32.731],[118.381,32.73],[118.373,32.732],[118.367,32.736],[118.365,32.741],[118.364,32.745],[118.363,32.75],[118.3,32.777],[118.296,32.781],[118.293,32.785],[118.29,32.79],[118.289,32.796],[118.289,32.808],[118.29,32.821],[118.29,32.828],[118.29,32.833],[118.288,32.838],[118.284,32.843],[118.279,32.848],[118.258,32.862],[118.254,32.866],[118.251,32.87],[118.246,32.877],[118.243,32.884],[118.239,32.894],[118.238,32.905],[118.237,32.911],[118.239,32.924],[118.241,32.929],[118.245,32.933],[118.254,32.939],[118.299,32.963],[118.299,32.968],[118.295,32.975],[118.26,32.999],[118.254,33.005],[118.248,33.013],[118.224,33.078],[118.217,33.105],[118.216,33.117],[118.218,33.143],[118.221,33.16],[118.221,33.164],[118.219,33.175],[118.218,33.18],[118.215,33.187],[118.209,33.194],[118.197,33.205],[118.186,33.21],[118.178,33.213],[118.17,33.213],[118.166,33.212],[118.164,33.211],[118.16,33.207],[118.157,33.197],[118.157,33.189],[118.157,33.185],[118.156,33.181],[118.155,33.179],[118.151,33.178],[118.127,33.173],[118.095,33.161],[118.091,33.159],[118.085,33.155],[118.081,33.15],[118.014,33.162],[117.996,33.168],[117.991,33.175],[117.988,33.179],[117.986,33.186],[117.986,33.19],[117.985,33.194],[117.983,33.198],[117.979,33.204],[117.968,33.214],[117.942,33.225],[117.935,33.229],[117.932,33.235],[117.931,33.241],[117.932,33.246],[117.934,33.25],[117.938,33.257],[117.941,33.262],[117.949,33.27],[117.979,33.294],[117.983,33.3],[117.993,33.349],[118.04,33.455],[118.053,33.477],[118.063,33.489],[118.069,33.488],[118.081,33.484],[118.091,33.478],[118.097,33.476],[118.104,33.476],[118.113,33.479],[118.115,33.484],[118.116,33.49],[118.113,33.498],[118.112,33.5],[118.11,33.531],[118.122,33.611],[118.124,33.619],[118.127,33.624],[118.135,33.632],[118.144,33.639],[118.156,33.654],[118.168,33.673],[118.174,33.683],[118.177,33.693],[118.177,33.699],[118.176,33.705],[118.174,33.716],[118.169,33.726],[118.163,33.737],[118.144,33.756],[118.131,33.764],[118.124,33.766],[118.113,33.768],[118.105,33.768],[118.091,33.766],[118.062,33.757],[117.966,33.752],[117.962,33.75],[117.948,33.742],[117.94,33.738],[117.926,33.734],[117.899,33.734],[117.89,33.732],[117.879,33.728],[117.871,33.727],[117.865,33.726],[117.84,33.734],[117.831,33.735],[117.752,33.724],[117.736,33.725],[117.727,33.728],[117.726,33.733],[117.727,33.737],[117.731,33.741],[117.742,33.75],[117.743,33.751],[117.744,33.753],[117.746,33.758],[117.747,33.764],[117.748,33.776],[117.744,33.823],[117.745,33.843],[117.749,33.869],[117.749,33.876],[117.746,33.882],[117.741,33.884],[117.735,33.884],[117.723,33.88],[117.715,33.878],[117.703,33.878],[117.696,33.88],[117.691,33.884],[117.688,33.888],[117.685,33.892],[117.683,33.897],[117.681,33.915],[117.678,33.919],[117.675,33.923],[117.668,33.931],[117.665,33.936],[117.663,33.94],[117.651,33.982],[117.648,33.987],[117.645,33.991],[117.642,33.995],[117.634,34.001],[117.624,34.008],[117.619,34.007],[117.617,34.004],[117.616,34.002],[117.616,34],[117.616,33.999],[117.615,33.996],[117.612,33.993],[117.608,33.99],[117.602,33.988],[117.594,33.986],[117.583,33.987],[117.576,33.988],[117.572,33.99],[117.567,33.997],[117.557,34.011],[117.55,34.023],[117.548,34.027],[117.533,34.04],[117.525,34.044],[117.518,34.047],[117.509,34.049],[117.503,34.05],[117.488,34.048],[117.482,34.047],[117.477,34.045],[117.441,34.026],[117.433,34.024],[117.423,34.024],[117.407,34.025],[117.398,34.028],[117.392,34.031],[117.379,34.048],[117.37,34.056],[117.349,34.07],[117.332,34.077],[117.321,34.079],[117.245,34.074],[117.229,34.074],[117.179,34.084],[117.159,34.091],[117.137,34.107],[117.034,34.156],[117.026,34.163],[117.018,34.171],[117.016,34.175],[117.015,34.181],[117.014,34.186],[117.014,34.193],[117.02,34.233],[117.02,34.238],[117.015,34.242],[117.007,34.248],[116.979,34.265],[116.972,34.271],[116.97,34.275],[116.968,34.28],[116.966,34.286],[116.966,34.298],[116.97,34.317],[116.977,34.334],[116.979,34.34],[116.98,34.345],[116.98,34.351],[116.978,34.356],[116.964,34.374],[116.949,34.389],[116.943,34.394],[116.936,34.398],[116.929,34.4],[116.921,34.401],[116.906,34.401],[116.848,34.39],[116.839,34.389],[116.829,34.39],[116.815,34.392],[116.807,34.396],[116.802,34.4],[116.79,34.43],[116.783,34.441],[116.776,34.448],[116.77,34.452],[116.715,34.468],[116.625,34.485],[116.607,34.491],[116.598,34.495],[116.592,34.498],[116.591,34.501],[116.584,34.513],[116.579,34.52],[116.572,34.527],[116.51,34.566],[116.506,34.57],[116.503,34.574],[116.501,34.579],[116.499,34.584],[116.493,34.591],[116.484,34.599],[116.444,34.626],[116.428,34.64],[116.42,34.643],[116.413,34.643],[116.399,34.641],[116.377,34.64],[116.384,34.652],[116.387,34.669],[116.387,34.683],[116.386,34.691],[116.382,34.703],[116.382,34.708],[116.384,34.713],[116.39,34.721],[116.4,34.729],[116.408,34.734],[116.41,34.736],[116.416,34.758],[116.42,34.834],[116.454,34.882],[116.47,34.898],[116.499,34.911],[116.505,34.912],[116.517,34.914],[116.547,34.914],[116.575,34.92],[116.632,34.938],[116.647,34.938],[116.725,34.929],[116.777,34.934],[116.791,34.938],[116.8,34.942],[116.803,34.946],[116.809,34.955],[116.813,34.959],[116.819,34.962],[116.828,34.958],[116.941,34.88],[116.951,34.871],[116.959,34.863],[116.968,34.852],[116.969,34.849],[116.97,34.847],[116.972,34.838],[116.976,34.806],[116.983,34.789],[116.993,34.774],[116.998,34.77],[117.016,34.756],[117.043,34.73],[117.061,34.709],[117.14,34.564],[117.144,34.556],[117.145,34.551],[117.144,34.547],[117.143,34.543],[117.142,34.539],[117.142,34.532],[117.145,34.502],[117.15,34.487],[117.156,34.475],[117.166,34.463],[117.182,34.45],[117.194,34.446],[117.204,34.445],[117.21,34.445],[117.217,34.448],[117.221,34.45],[117.229,34.455],[117.235,34.461],[117.239,34.468],[117.24,34.474],[117.238,34.518],[117.239,34.525],[117.242,34.531],[117.244,34.534],[117.26,34.548],[117.274,34.564],[117.278,34.566],[117.283,34.568],[117.291,34.57],[117.326,34.585],[117.331,34.586],[117.337,34.589],[117.346,34.586],[117.374,34.564],[117.444,34.493],[117.469,34.475],[117.547,34.462],[117.566,34.463],[117.574,34.464],[117.581,34.466],[117.586,34.469],[117.591,34.472],[117.653,34.526],[117.661,34.53],[117.671,34.533],[117.693,34.535],[117.714,34.534],[117.76,34.522],[117.769,34.523],[117.773,34.527],[117.774,34.53],[117.774,34.534],[117.775,34.546],[117.787,34.602],[117.788,34.609],[117.787,34.639],[117.79,34.651],[117.806,34.664],[117.852,34.663],[117.891,34.67],[117.915,34.677],[117.921,34.678],[117.928,34.678],[117.943,34.675],[117.999,34.656],[118.05,34.651],[118.064,34.648],[118.07,34.645],[118.077,34.641],[118.084,34.631],[118.088,34.622],[118.089,34.584],[118.091,34.577],[118.094,34.571],[118.102,34.564],[118.108,34.561],[118.114,34.559],[118.138,34.552],[118.145,34.55],[118.15,34.548],[118.153,34.542],[118.153,34.534],[118.149,34.519],[118.141,34.506],[118.135,34.5],[118.132,34.496],[118.132,34.484],[118.146,34.465],[118.16,34.456],[118.164,34.453],[118.168,34.448],[118.169,34.443],[118.17,34.437],[118.17,34.431],[118.166,34.411],[118.165,34.405],[118.165,34.399],[118.175,34.397],[118.198,34.4],[118.248,34.412],[118.311,34.42],[118.339,34.418],[118.343,34.419],[118.357,34.424],[118.391,34.444],[118.41,34.472],[118.415,34.483],[118.419,34.504],[118.423,34.578],[118.426,34.592],[118.43,34.603],[118.433,34.609],[118.45,34.628],[118.453,34.634],[118.454,34.64],[118.454,34.645],[118.452,34.656],[118.452,34.662],[118.454,34.668],[118.457,34.672],[118.46,34.677],[118.464,34.681],[118.47,34.685],[118.477,34.689],[118.532,34.705],[118.558,34.709],[118.581,34.709],[118.596,34.707],[118.653,34.687],[118.667,34.684],[118.674,34.683],[118.681,34.684],[118.693,34.687],[118.705,34.691],[118.714,34.697],[118.725,34.707],[118.746,34.73],[118.759,34.749],[118.76,34.75],[118.76,34.754],[118.76,34.757],[118.761,34.761],[118.764,34.769],[118.773,34.792],[118.774,34.798],[118.775,34.804],[118.774,34.822],[118.775,34.828],[118.777,34.834],[118.798,34.876],[118.834,34.919],[118.84,34.929],[118.842,34.935],[118.857,34.984],[118.856,35.015],[118.856,35.02],[118.857,35.025],[118.859,35.03],[118.862,35.033],[118.867,35.036],[118.88,35.042],[118.894,35.045],[118.954,35.051],[119.076,35.05],[119.102,35.06],[119.176,35.106],[119.194,35.11],[119.229,35.113],[119.238,35.112],[119.246,35.111],[119.253,35.109],[119.266,35.104],[119.273,35.099],[119.277,35.093],[119.28,35.088],[119.28,35.077]]]]}},{"type":"Feature","id":"CN-JX","properties":{"id":"CN-JX","countryCode":"CN","isoSubdivision":"CN-JX","name":"Jiangxi","name_en":"Jiangxi","name_ko":"장시성","type":"Province","labelLongitude":116.017,"labelLatitude":27.64,"minZoom":4.6},"geometry":{"type":"Polygon","coordinates":[[[113.985,25.422],[113.98,25.424],[113.946,25.443],[113.936,25.447],[113.928,25.448],[113.936,25.495],[113.942,25.511],[113.963,25.536],[113.978,25.563],[113.981,25.573],[113.982,25.582],[113.98,25.592],[113.976,25.602],[113.971,25.611],[113.962,25.625],[113.933,25.646],[113.918,25.66],[113.914,25.669],[113.909,25.683],[113.903,25.714],[113.902,25.73],[113.903,25.74],[113.907,25.75],[113.942,25.797],[113.956,25.835],[113.967,25.854],[113.98,25.871],[114,25.89],[114.008,25.902],[114.015,25.917],[114.017,25.926],[114.018,25.935],[114.015,25.985],[114.015,26.022],[114.019,26.037],[114.026,26.05],[114.041,26.069],[114.048,26.075],[114.054,26.081],[114.059,26.084],[114.063,26.085],[114.08,26.087],[114.087,26.09],[114.096,26.096],[114.102,26.103],[114.108,26.113],[114.112,26.118],[114.117,26.122],[114.168,26.136],[114.175,26.139],[114.199,26.155],[114.208,26.163],[114.214,26.17],[114.215,26.175],[114.215,26.181],[114.214,26.186],[114.209,26.199],[114.205,26.203],[114.199,26.206],[114.18,26.21],[114.175,26.212],[114.167,26.219],[114.162,26.221],[114.156,26.222],[114.149,26.222],[114.137,26.22],[114.126,26.217],[114.105,26.209],[114.063,26.178],[114.053,26.173],[114.047,26.172],[114.041,26.171],[114.034,26.171],[114.028,26.173],[114.022,26.175],[114.017,26.178],[114.006,26.187],[114.001,26.188],[113.998,26.188],[113.993,26.187],[113.989,26.184],[113.985,26.181],[113.974,26.17],[113.969,26.167],[113.965,26.164],[113.959,26.162],[113.953,26.161],[113.946,26.162],[113.94,26.163],[113.925,26.17],[113.93,26.195],[113.939,26.209],[113.988,26.265],[113.995,26.275],[113.999,26.283],[114.001,26.3],[114.013,26.343],[114.013,26.349],[114.012,26.363],[114.013,26.371],[114.015,26.385],[114.018,26.393],[114.021,26.399],[114.027,26.408],[114.051,26.432],[114.068,26.454],[114.073,26.463],[114.076,26.471],[114.077,26.477],[114.076,26.483],[114.074,26.488],[114.074,26.499],[114.076,26.515],[114.087,26.553],[114.088,26.568],[114.085,26.577],[114.071,26.579],[114.042,26.579],[114.029,26.582],[114.016,26.585],[114.011,26.588],[114.007,26.591],[114.003,26.594],[113.997,26.603],[113.994,26.606],[113.989,26.61],[113.968,26.619],[113.95,26.625],[113.906,26.629],[113.9,26.63],[113.897,26.631],[113.888,26.635],[113.88,26.641],[113.872,26.648],[113.865,26.656],[113.852,26.703],[113.833,26.808],[113.832,26.827],[113.834,26.833],[113.841,26.841],[113.86,26.858],[113.863,26.863],[113.866,26.868],[113.869,26.874],[113.873,26.909],[113.875,26.915],[113.877,26.92],[113.886,26.934],[113.892,26.945],[113.895,26.955],[113.893,26.961],[113.889,26.965],[113.884,26.968],[113.872,26.972],[113.867,26.974],[113.863,26.978],[113.858,26.986],[113.848,27.006],[113.844,27.014],[113.841,27.018],[113.829,27.028],[113.824,27.031],[113.816,27.039],[113.811,27.047],[113.808,27.052],[113.8,27.077],[113.797,27.082],[113.794,27.086],[113.79,27.088],[113.786,27.086],[113.782,27.084],[113.778,27.081],[113.774,27.078],[113.768,27.076],[113.762,27.077],[113.755,27.084],[113.753,27.09],[113.752,27.097],[113.754,27.142],[113.756,27.147],[113.767,27.166],[113.78,27.183],[113.817,27.22],[113.824,27.229],[113.847,27.274],[113.85,27.281],[113.853,27.293],[113.851,27.304],[113.851,27.323],[113.854,27.332],[113.851,27.346],[113.824,27.354],[113.802,27.366],[113.793,27.369],[113.783,27.371],[113.768,27.369],[113.746,27.363],[113.741,27.36],[113.731,27.355],[113.714,27.342],[113.7,27.334],[113.685,27.33],[113.676,27.329],[113.667,27.33],[113.618,27.35],[113.609,27.357],[113.605,27.36],[113.6,27.368],[113.598,27.376],[113.597,27.386],[113.594,27.419],[113.583,27.464],[113.576,27.527],[113.573,27.535],[113.569,27.54],[113.565,27.548],[113.559,27.561],[113.559,27.575],[113.56,27.584],[113.562,27.591],[113.579,27.616],[113.587,27.632],[113.611,27.699],[113.636,27.735],[113.646,27.746],[113.68,27.794],[113.696,27.811],[113.701,27.819],[113.708,27.835],[113.711,27.843],[113.712,27.864],[113.705,27.919],[113.706,27.938],[113.707,27.941],[113.719,27.964],[113.731,27.977],[113.737,27.982],[113.743,27.984],[113.749,27.986],[113.778,27.986],[113.784,27.987],[113.79,27.989],[113.814,28.002],[113.825,28.006],[113.837,28.008],[113.893,28.013],[113.916,28.021],[113.989,28.072],[114.008,28.089],[114.011,28.094],[114.014,28.106],[114.016,28.133],[114.016,28.146],[114.017,28.161],[114.02,28.173],[114.024,28.179],[114.028,28.184],[114.044,28.191],[114.054,28.197],[114.072,28.209],[114.077,28.215],[114.08,28.222],[114.082,28.237],[114.084,28.247],[114.088,28.253],[114.092,28.258],[114.15,28.272],[114.159,28.276],[114.168,28.281],[114.184,28.293],[114.192,28.301],[114.197,28.307],[114.203,28.319],[114.228,28.358],[114.232,28.368],[114.234,28.376],[114.234,28.383],[114.234,28.389],[114.233,28.394],[114.227,28.409],[114.224,28.413],[114.222,28.415],[114.219,28.417],[114.209,28.422],[114.18,28.433],[114.175,28.436],[114.172,28.44],[114.171,28.449],[114.173,28.462],[114.181,28.489],[114.181,28.501],[114.177,28.507],[114.149,28.51],[114.122,28.516],[114.113,28.521],[114.103,28.535],[114.084,28.55],[114.057,28.564],[114.101,28.599],[114.113,28.616],[114.121,28.645],[114.124,28.673],[114.123,28.692],[114.122,28.703],[114.123,28.714],[114.143,28.789],[114.14,28.798],[114.134,28.818],[114.13,28.826],[114.124,28.833],[114.112,28.841],[114.051,28.865],[114.039,28.872],[114.031,28.88],[114.027,28.887],[114.021,28.9],[114.017,28.907],[114.012,28.913],[114.003,28.918],[113.998,28.92],[113.99,28.922],[113.983,28.926],[113.965,28.94],[113.954,28.943],[113.928,28.947],[113.914,28.95],[113.905,28.956],[113.899,28.975],[113.897,28.99],[113.902,29.066],[113.997,29.164],[114.063,29.203],[114.087,29.209],[114.143,29.212],[114.149,29.213],[114.155,29.214],[114.202,29.234],[114.209,29.235],[114.226,29.237],[114.238,29.239],[114.244,29.242],[114.246,29.246],[114.247,29.249],[114.242,29.283],[114.242,29.295],[114.243,29.309],[114.246,29.318],[114.253,29.329],[114.27,29.347],[114.28,29.355],[114.289,29.358],[114.296,29.358],[114.303,29.357],[114.308,29.355],[114.317,29.348],[114.327,29.336],[114.332,29.333],[114.337,29.33],[114.343,29.328],[114.356,29.325],[114.379,29.327],[114.411,29.333],[114.42,29.334],[114.427,29.334],[114.432,29.331],[114.44,29.324],[114.444,29.321],[114.45,29.319],[114.456,29.317],[114.463,29.317],[114.47,29.318],[114.64,29.377],[114.682,29.383],[114.709,29.39],[114.715,29.39],[114.721,29.389],[114.724,29.386],[114.726,29.381],[114.73,29.371],[114.732,29.366],[114.737,29.362],[114.745,29.361],[114.758,29.361],[114.772,29.366],[114.801,29.38],[114.811,29.387],[114.815,29.39],[114.818,29.394],[114.821,29.398],[114.826,29.409],[114.835,29.446],[114.838,29.451],[114.841,29.456],[114.852,29.467],[114.872,29.484],[114.876,29.488],[114.878,29.493],[114.879,29.497],[114.879,29.499],[114.879,29.5],[114.878,29.505],[114.878,29.511],[114.878,29.516],[114.881,29.523],[114.886,29.525],[114.891,29.523],[114.895,29.52],[114.908,29.504],[114.912,29.501],[114.914,29.5],[114.926,29.499],[114.932,29.5],[114.933,29.501],[114.935,29.502],[114.937,29.506],[114.941,29.517],[114.945,29.535],[114.947,29.54],[114.95,29.545],[114.959,29.554],[114.965,29.558],[114.973,29.56],[114.987,29.559],[115.023,29.553],[115.063,29.557],[115.07,29.556],[115.075,29.554],[115.08,29.551],[115.083,29.547],[115.086,29.543],[115.093,29.523],[115.096,29.518],[115.103,29.511],[115.114,29.507],[115.123,29.521],[115.126,29.539],[115.127,29.554],[115.129,29.563],[115.14,29.588],[115.139,29.593],[115.135,29.598],[115.131,29.601],[115.126,29.606],[115.123,29.612],[115.116,29.628],[115.112,29.632],[115.107,29.635],[115.096,29.64],[115.089,29.643],[115.084,29.647],[115.079,29.653],[115.081,29.656],[115.086,29.657],[115.179,29.65],[115.226,29.64],[115.238,29.635],[115.243,29.632],[115.26,29.618],[115.265,29.616],[115.272,29.615],[115.284,29.616],[115.299,29.621],[115.343,29.64],[115.354,29.648],[115.393,29.682],[115.417,29.712],[115.425,29.726],[115.429,29.736],[115.433,29.746],[115.439,29.792],[115.445,29.805],[115.47,29.839],[115.486,29.864],[115.507,29.858],[115.535,29.855],[115.621,29.862],[115.705,29.861],[115.718,29.854],[115.726,29.843],[115.737,29.816],[115.744,29.809],[115.856,29.739],[115.889,29.732],[115.999,29.744],[116.013,29.748],[116.078,29.776],[116.11,29.787],[116.147,29.789],[116.207,29.781],[116.236,29.781],[116.265,29.789],[116.298,29.809],[116.357,29.858],[116.39,29.876],[116.415,29.881],[116.467,29.88],[116.493,29.885],[116.513,29.894],[116.527,29.907],[116.537,29.923],[116.549,29.954],[116.567,29.977],[116.575,29.991],[116.579,29.995],[116.588,30.002],[116.592,30.006],[116.594,30.011],[116.605,30.018],[116.637,30.043],[116.65,30.051],[116.663,30.053],[116.691,30.054],[116.702,30.056],[116.717,30.051],[116.739,30.049],[116.778,30.031],[116.791,30.022],[116.873,29.947],[116.88,29.939],[116.883,29.934],[116.885,29.928],[116.887,29.92],[116.887,29.913],[116.885,29.907],[116.864,29.851],[116.798,29.756],[116.794,29.752],[116.79,29.749],[116.785,29.747],[116.78,29.747],[116.776,29.749],[116.772,29.753],[116.768,29.756],[116.762,29.758],[116.756,29.758],[116.75,29.756],[116.746,29.753],[116.742,29.749],[116.739,29.744],[116.73,29.722],[116.727,29.718],[116.723,29.715],[116.717,29.714],[116.712,29.716],[116.702,29.722],[116.696,29.724],[116.689,29.724],[116.682,29.719],[116.675,29.708],[116.658,29.656],[116.649,29.64],[116.648,29.633],[116.648,29.627],[116.651,29.623],[116.655,29.619],[116.666,29.61],[116.693,29.593],[116.705,29.58],[116.711,29.57],[116.725,29.553],[116.734,29.546],[116.742,29.544],[116.749,29.545],[116.754,29.547],[116.757,29.551],[116.759,29.555],[116.76,29.558],[116.762,29.563],[116.766,29.568],[116.776,29.571],[116.782,29.57],[116.788,29.568],[116.815,29.549],[116.824,29.546],[116.833,29.544],[116.862,29.546],[116.87,29.547],[116.876,29.55],[116.881,29.553],[116.888,29.561],[116.928,29.612],[116.955,29.654],[116.963,29.661],[116.967,29.665],[116.982,29.673],[117.023,29.688],[117.079,29.71],[117.086,29.715],[117.093,29.723],[117.093,29.729],[117.091,29.735],[117.092,29.743],[117.095,29.752],[117.104,29.77],[117.107,29.779],[117.107,29.786],[117.092,29.814],[117.089,29.818],[117.085,29.821],[117.072,29.825],[117.066,29.827],[117.062,29.833],[117.064,29.837],[117.067,29.841],[117.08,29.85],[117.095,29.868],[117.119,29.903],[117.125,29.911],[117.13,29.914],[117.14,29.918],[117.156,29.924],[117.169,29.927],[117.181,29.927],[117.192,29.926],[117.226,29.907],[117.229,29.901],[117.233,29.894],[117.232,29.887],[117.225,29.875],[117.224,29.869],[117.223,29.858],[117.225,29.852],[117.229,29.847],[117.238,29.84],[117.246,29.836],[117.253,29.833],[117.26,29.831],[117.267,29.83],[117.274,29.829],[117.281,29.83],[117.286,29.832],[117.306,29.842],[117.313,29.843],[117.32,29.844],[117.33,29.843],[117.335,29.839],[117.34,29.833],[117.345,29.826],[117.351,29.824],[117.356,29.825],[117.378,29.836],[117.383,29.838],[117.389,29.838],[117.4,29.837],[117.404,29.834],[117.406,29.831],[117.4,29.787],[117.4,29.781],[117.402,29.773],[117.407,29.765],[117.418,29.752],[117.424,29.744],[117.436,29.72],[117.481,29.668],[117.503,29.654],[117.509,29.65],[117.513,29.645],[117.52,29.632],[117.527,29.622],[117.534,29.617],[117.541,29.614],[117.555,29.611],[117.562,29.611],[117.603,29.613],[117.609,29.614],[117.625,29.615],[117.637,29.613],[117.644,29.61],[117.649,29.606],[117.67,29.581],[117.684,29.568],[117.691,29.562],[117.708,29.556],[117.727,29.555],[117.766,29.56],[117.801,29.57],[117.807,29.57],[117.819,29.568],[117.87,29.554],[117.899,29.549],[117.91,29.552],[117.942,29.564],[117.959,29.569],[117.986,29.572],[117.994,29.571],[118.002,29.57],[118.021,29.563],[118.049,29.545],[118.099,29.533],[118.105,29.53],[118.109,29.525],[118.113,29.519],[118.117,29.507],[118.118,29.502],[118.118,29.499],[118.115,29.495],[118.114,29.491],[118.114,29.483],[118.119,29.463],[118.12,29.447],[118.13,29.433],[118.175,29.408],[118.179,29.402],[118.183,29.381],[118.184,29.375],[118.184,29.369],[118.182,29.363],[118.181,29.357],[118.173,29.342],[118.163,29.33],[118.139,29.307],[118.132,29.298],[118.126,29.294],[118.116,29.292],[118.074,29.287],[118.052,29.275],[118.056,29.241],[118.05,29.216],[118.047,29.21],[118.001,29.144],[118,29.141],[117.999,29.134],[118.002,29.125],[118.01,29.113],[118.032,29.092],[118.043,29.085],[118.052,29.075],[118.064,29.051],[118.129,29.024],[118.202,28.971],[118.224,28.96],[118.227,28.958],[118.229,28.955],[118.228,28.948],[118.224,28.937],[118.225,28.932],[118.228,28.928],[118.252,28.925],[118.258,28.923],[118.265,28.917],[118.272,28.909],[118.284,28.89],[118.29,28.88],[118.293,28.872],[118.294,28.861],[118.301,28.84],[118.303,28.836],[118.31,28.83],[118.322,28.823],[118.346,28.814],[118.372,28.799],[118.394,28.726],[118.409,28.709],[118.414,28.706],[118.419,28.703],[118.422,28.699],[118.426,28.695],[118.428,28.689],[118.428,28.679],[118.426,28.662],[118.416,28.624],[118.415,28.612],[118.416,28.604],[118.428,28.563],[118.431,28.555],[118.434,28.551],[118.455,28.527],[118.457,28.523],[118.458,28.517],[118.453,28.509],[118.448,28.505],[118.44,28.5],[118.439,28.499],[118.439,28.497],[118.44,28.493],[118.445,28.488],[118.46,28.478],[118.463,28.474],[118.465,28.471],[118.466,28.38],[118.474,28.354],[118.476,28.332],[118.473,28.326],[118.471,28.32],[118.446,28.289],[118.408,28.27],[118.37,28.243],[118.355,28.229],[118.349,28.22],[118.348,28.213],[118.349,28.208],[118.352,28.204],[118.355,28.2],[118.379,28.185],[118.381,28.178],[118.381,28.17],[118.371,28.136],[118.37,28.113],[118.368,28.1],[118.364,28.094],[118.358,28.09],[118.352,28.089],[118.313,28.086],[118.195,28.044],[118.183,28.042],[118.176,28.041],[118.17,28.041],[118.156,28.044],[118.149,28.045],[118.141,28.044],[118.131,28.041],[118.125,28.035],[118.114,28.018],[118.106,28.014],[118.095,28.009],[118.09,28.005],[118.087,28.002],[118.087,28],[118.086,27.998],[118.075,27.985],[118.068,27.981],[118.061,27.979],[118.026,27.984],[118.019,27.984],[118.012,27.982],[117.988,27.973],[117.981,27.972],[117.959,27.974],[117.953,27.974],[117.946,27.973],[117.924,27.967],[117.886,27.948],[117.88,27.946],[117.873,27.945],[117.859,27.944],[117.823,27.937],[117.817,27.935],[117.812,27.932],[117.805,27.926],[117.798,27.918],[117.795,27.913],[117.79,27.903],[117.787,27.89],[117.787,27.884],[117.788,27.86],[117.787,27.854],[117.785,27.848],[117.781,27.841],[117.774,27.834],[117.762,27.821],[117.753,27.816],[117.746,27.813],[117.739,27.814],[117.733,27.815],[117.728,27.818],[117.71,27.83],[117.706,27.832],[117.702,27.833],[117.677,27.835],[117.664,27.838],[117.623,27.854],[117.614,27.859],[117.605,27.866],[117.596,27.878],[117.59,27.887],[117.588,27.891],[117.585,27.901],[117.582,27.905],[117.576,27.913],[117.564,27.924],[117.557,27.932],[117.555,27.936],[117.553,27.941],[117.549,27.958],[117.547,27.962],[117.544,27.967],[117.539,27.97],[117.533,27.973],[117.522,27.974],[117.515,27.973],[117.509,27.971],[117.501,27.964],[117.485,27.948],[117.476,27.942],[117.459,27.934],[117.441,27.93],[117.424,27.923],[117.42,27.919],[117.406,27.904],[117.35,27.866],[117.328,27.86],[117.316,27.864],[117.308,27.865],[117.299,27.866],[117.293,27.865],[117.284,27.857],[117.292,27.798],[117.29,27.784],[117.287,27.773],[117.282,27.769],[117.273,27.764],[117.225,27.723],[117.189,27.675],[117.171,27.656],[117.112,27.568],[117.106,27.554],[117.102,27.528],[117.102,27.515],[117.104,27.492],[117.107,27.482],[117.122,27.452],[117.123,27.447],[117.124,27.441],[117.125,27.43],[117.123,27.423],[117.12,27.418],[117.102,27.391],[117.099,27.383],[117.098,27.375],[117.101,27.347],[117.104,27.342],[117.107,27.339],[117.111,27.338],[117.116,27.339],[117.121,27.342],[117.125,27.344],[117.13,27.344],[117.133,27.34],[117.134,27.335],[117.134,27.322],[117.136,27.317],[117.139,27.313],[117.149,27.306],[117.154,27.301],[117.157,27.289],[117.156,27.282],[117.154,27.276],[117.124,27.239],[117.109,27.216],[117.102,27.208],[117.077,27.188],[117.066,27.17],[117.04,27.11],[117.001,27.079],[116.985,27.07],[116.934,27.027],[116.929,27.024],[116.923,27.021],[116.917,27.021],[116.91,27.021],[116.891,27.026],[116.885,27.027],[116.879,27.026],[116.867,27.022],[116.847,27.014],[116.835,27.011],[116.829,27.01],[116.78,27.009],[116.767,27.008],[116.761,27.006],[116.741,26.998],[116.722,26.988],[116.702,26.979],[116.697,26.979],[116.692,26.98],[116.68,26.989],[116.675,26.989],[116.67,26.987],[116.647,26.967],[116.643,26.964],[116.623,26.954],[116.619,26.951],[116.614,26.948],[116.609,26.942],[116.592,26.918],[116.554,26.882],[116.548,26.873],[116.545,26.868],[116.532,26.762],[116.528,26.749],[116.515,26.732],[116.509,26.723],[116.507,26.716],[116.505,26.709],[116.505,26.697],[116.505,26.689],[116.507,26.681],[116.51,26.673],[116.517,26.66],[116.522,26.653],[116.53,26.643],[116.533,26.639],[116.535,26.631],[116.537,26.617],[116.537,26.593],[116.542,26.563],[116.567,26.523],[116.574,26.516],[116.583,26.509],[116.588,26.507],[116.595,26.505],[116.614,26.503],[116.618,26.501],[116.619,26.5],[116.62,26.498],[116.619,26.492],[116.604,26.436],[116.6,26.41],[116.598,26.403],[116.594,26.395],[116.586,26.386],[116.579,26.381],[116.573,26.378],[116.567,26.378],[116.56,26.378],[116.555,26.381],[116.551,26.384],[116.547,26.387],[116.544,26.391],[116.538,26.4],[116.532,26.408],[116.527,26.411],[116.522,26.412],[116.516,26.413],[116.51,26.411],[116.505,26.409],[116.502,26.407],[116.476,26.372],[116.461,26.356],[116.457,26.352],[116.441,26.338],[116.399,26.288],[116.397,26.279],[116.396,26.268],[116.4,26.244],[116.405,26.224],[116.406,26.217],[116.406,26.208],[116.405,26.192],[116.407,26.18],[116.41,26.172],[116.416,26.163],[116.418,26.158],[116.419,26.153],[116.417,26.13],[116.397,26.061],[116.363,26.021],[116.336,25.972],[116.329,25.961],[116.323,25.955],[116.305,25.947],[116.278,25.93],[116.273,25.928],[116.268,25.926],[116.257,25.924],[116.211,25.92],[116.194,25.915],[116.185,25.91],[116.18,25.907],[116.164,25.894],[116.135,25.866],[116.133,25.861],[116.132,25.852],[116.131,25.834],[116.134,25.817],[116.139,25.807],[116.145,25.799],[116.157,25.789],[116.16,25.785],[116.161,25.78],[116.16,25.776],[116.154,25.772],[116.147,25.77],[116.135,25.768],[116.124,25.764],[116.119,25.761],[116.115,25.758],[116.112,25.754],[116.109,25.749],[116.094,25.719],[116.091,25.714],[116.088,25.71],[116.078,25.705],[116.073,25.704],[116.063,25.699],[116.058,25.693],[116.052,25.684],[116.043,25.663],[116.033,25.646],[116.03,25.642],[116.028,25.636],[116.026,25.629],[116.027,25.616],[116.029,25.609],[116.031,25.602],[116.042,25.585],[116.044,25.58],[116.045,25.575],[116.043,25.568],[116.038,25.559],[116.023,25.54],[116.02,25.536],[116.013,25.52],[116.003,25.503],[116,25.497],[115.992,25.449],[115.979,25.403],[115.976,25.389],[115.976,25.381],[115.979,25.351],[115.978,25.342],[115.975,25.332],[115.967,25.315],[115.962,25.306],[115.957,25.3],[115.941,25.287],[115.934,25.279],[115.908,25.238],[115.901,25.231],[115.893,25.225],[115.86,25.207],[115.843,25.195],[115.841,25.186],[115.842,25.173],[115.865,25.097],[115.874,25.079],[115.875,25.071],[115.876,25.029],[115.88,25.017],[115.886,25.007],[115.888,25],[115.887,24.99],[115.881,24.976],[115.875,24.971],[115.866,24.969],[115.859,24.969],[115.854,24.967],[115.854,24.96],[115.856,24.953],[115.888,24.917],[115.889,24.909],[115.894,24.901],[115.906,24.885],[115.908,24.88],[115.908,24.876],[115.903,24.872],[115.893,24.87],[115.885,24.87],[115.864,24.874],[115.836,24.876],[115.811,24.873],[115.806,24.871],[115.787,24.861],[115.778,24.854],[115.77,24.846],[115.758,24.829],[115.755,24.82],[115.754,24.812],[115.758,24.79],[115.757,24.78],[115.756,24.77],[115.75,24.753],[115.749,24.748],[115.75,24.742],[115.751,24.737],[115.753,24.733],[115.756,24.728],[115.775,24.705],[115.778,24.701],[115.78,24.696],[115.782,24.691],[115.782,24.685],[115.78,24.646],[115.783,24.623],[115.799,24.573],[115.8,24.568],[115.797,24.564],[115.79,24.561],[115.783,24.56],[115.769,24.561],[115.756,24.559],[115.706,24.546],[115.699,24.545],[115.692,24.548],[115.684,24.553],[115.663,24.576],[115.651,24.585],[115.599,24.609],[115.587,24.62],[115.564,24.652],[115.558,24.667],[115.553,24.675],[115.55,24.679],[115.546,24.682],[115.541,24.685],[115.502,24.706],[115.496,24.71],[115.489,24.716],[115.486,24.72],[115.454,24.766],[115.447,24.773],[115.438,24.779],[115.433,24.782],[115.427,24.783],[115.421,24.785],[115.393,24.78],[115.348,24.767],[115.341,24.763],[115.339,24.753],[115.337,24.748],[115.333,24.747],[115.327,24.749],[115.311,24.759],[115.3,24.762],[115.293,24.763],[115.287,24.764],[115.28,24.763],[115.272,24.762],[115.264,24.759],[115.251,24.753],[115.24,24.746],[115.18,24.697],[115.176,24.694],[115.162,24.688],[115.152,24.686],[115.139,24.684],[115.114,24.684],[115.102,24.685],[115.093,24.688],[115.064,24.704],[115.059,24.707],[115.053,24.707],[115.047,24.707],[115.041,24.702],[115.037,24.698],[115.033,24.694],[115.028,24.691],[115.024,24.688],[115.019,24.686],[114.945,24.67],[114.938,24.668],[114.933,24.665],[114.929,24.662],[114.919,24.65],[114.89,24.605],[114.884,24.597],[114.88,24.593],[114.876,24.59],[114.87,24.588],[114.863,24.588],[114.851,24.591],[114.844,24.595],[114.84,24.6],[114.836,24.61],[114.834,24.614],[114.83,24.618],[114.826,24.621],[114.82,24.623],[114.802,24.626],[114.788,24.629],[114.777,24.633],[114.768,24.634],[114.757,24.632],[114.74,24.625],[114.733,24.618],[114.729,24.61],[114.725,24.579],[114.721,24.567],[114.719,24.562],[114.716,24.558],[114.712,24.555],[114.707,24.552],[114.7,24.55],[114.692,24.55],[114.676,24.555],[114.669,24.559],[114.663,24.563],[114.661,24.567],[114.657,24.577],[114.654,24.581],[114.649,24.584],[114.642,24.585],[114.63,24.582],[114.622,24.579],[114.58,24.555],[114.569,24.551],[114.561,24.551],[114.548,24.552],[114.526,24.556],[114.498,24.556],[114.492,24.554],[114.483,24.549],[114.47,24.54],[114.463,24.532],[114.451,24.516],[114.444,24.508],[114.44,24.505],[114.435,24.503],[114.429,24.5],[114.425,24.5],[114.415,24.5],[114.406,24.502],[114.398,24.505],[114.391,24.511],[114.383,24.523],[114.368,24.557],[114.362,24.565],[114.351,24.574],[114.316,24.585],[114.289,24.596],[114.285,24.599],[114.28,24.604],[114.27,24.62],[114.259,24.635],[114.254,24.641],[114.248,24.645],[114.243,24.646],[114.213,24.65],[114.182,24.659],[114.174,24.664],[114.169,24.67],[114.17,24.675],[114.172,24.679],[114.175,24.683],[114.183,24.69],[114.192,24.695],[114.269,24.733],[114.286,24.745],[114.302,24.759],[114.315,24.775],[114.32,24.784],[114.325,24.794],[114.338,24.826],[114.343,24.836],[114.356,24.852],[114.368,24.863],[114.377,24.874],[114.384,24.885],[114.386,24.896],[114.388,24.93],[114.391,24.943],[114.396,24.954],[114.403,24.968],[114.408,24.975],[114.414,24.98],[114.418,24.982],[114.424,24.984],[114.434,24.988],[114.442,24.994],[114.447,24.997],[114.452,24.998],[114.463,25],[114.475,25.004],[114.516,25.029],[114.548,25.054],[114.553,25.057],[114.558,25.06],[114.58,25.066],[114.623,25.072],[114.634,25.076],[114.643,25.081],[114.666,25.101],[114.671,25.104],[114.676,25.106],[114.688,25.107],[114.708,25.109],[114.715,25.11],[114.722,25.113],[114.729,25.119],[114.731,25.124],[114.731,25.129],[114.727,25.133],[114.722,25.136],[114.694,25.147],[114.69,25.149],[114.686,25.153],[114.684,25.158],[114.683,25.163],[114.686,25.175],[114.717,25.246],[114.718,25.25],[114.718,25.26],[114.715,25.272],[114.713,25.279],[114.71,25.285],[114.707,25.29],[114.704,25.293],[114.695,25.3],[114.691,25.303],[114.686,25.305],[114.632,25.322],[114.621,25.327],[114.602,25.338],[114.59,25.348],[114.586,25.352],[114.583,25.356],[114.58,25.36],[114.577,25.37],[114.574,25.393],[114.572,25.4],[114.569,25.407],[114.565,25.411],[114.56,25.414],[114.553,25.415],[114.546,25.416],[114.532,25.415],[114.527,25.414],[114.522,25.411],[114.518,25.408],[114.505,25.392],[114.502,25.389],[114.5,25.387],[114.496,25.385],[114.491,25.383],[114.486,25.382],[114.479,25.382],[114.472,25.383],[114.453,25.388],[114.447,25.389],[114.44,25.39],[114.434,25.388],[114.429,25.386],[114.426,25.383],[114.419,25.375],[114.407,25.357],[114.384,25.335],[114.375,25.33],[114.365,25.326],[114.354,25.322],[114.337,25.319],[114.325,25.315],[114.321,25.313],[114.3,25.297],[114.296,25.295],[114.291,25.293],[114.286,25.292],[114.279,25.292],[114.244,25.296],[114.203,25.295],[114.175,25.3],[114.17,25.302],[114.154,25.309],[114.147,25.31],[114.14,25.311],[114.127,25.311],[114.115,25.308],[114.105,25.304],[114.065,25.278],[114.044,25.27],[114.039,25.269],[114.033,25.268],[114.026,25.268],[114.019,25.269],[114.013,25.271],[114.007,25.275],[114.004,25.281],[114.004,25.287],[114.007,25.298],[114.012,25.309],[114.023,25.326],[114.026,25.334],[114.026,25.344],[114.023,25.364],[114.017,25.379],[114.014,25.389],[114.013,25.396],[114.018,25.416],[114.019,25.427],[114.016,25.432],[114.012,25.435],[114.008,25.434],[114.004,25.432],[113.995,25.425],[113.991,25.422],[113.985,25.422]]]}},{"type":"Feature","id":"CN-LN","properties":{"id":"CN-LN","countryCode":"CN","isoSubdivision":"CN-LN","name":"Liaoning","name_en":"Liaoning","name_ko":"랴오닝성","type":"Province","labelLongitude":123.07,"labelLatitude":41.386,"minZoom":4.6},"geometry":{"type":"MultiPolygon","coordinates":[[[[125.704,40.859],[125.683,40.848],[125.645,40.811],[125.673,40.784],[125.683,40.769],[125.669,40.762],[125.61,40.761],[125.608,40.764],[125.6,40.773],[125.587,40.782],[125.572,40.785],[125.56,40.778],[125.555,40.759],[125.553,40.737],[125.546,40.726],[125.533,40.722],[125.492,40.721],[125.479,40.719],[125.469,40.713],[125.46,40.701],[125.457,40.694],[125.456,40.68],[125.453,40.673],[125.444,40.669],[125.426,40.671],[125.419,40.667],[125.415,40.653],[125.415,40.652],[125.417,40.639],[125.413,40.632],[125.391,40.632],[125.385,40.635],[125.372,40.644],[125.364,40.647],[125.356,40.646],[125.337,40.641],[125.323,40.645],[125.308,40.65],[125.293,40.649],[125.277,40.644],[125.271,40.632],[125.265,40.622],[125.256,40.615],[125.242,40.611],[125.216,40.603],[125.182,40.594],[125.153,40.584],[125.133,40.573],[125.115,40.564],[125.09,40.556],[125.074,40.548],[125.05,40.542],[125.025,40.534],[125.015,40.522],[125.015,40.508],[125.028,40.496],[125.039,40.483],[125.046,40.471],[125.041,40.461],[125.026,40.457],[125.007,40.456],[124.987,40.457],[124.96,40.454],[124.935,40.456],[124.926,40.458],[124.918,40.461],[124.915,40.466],[124.906,40.476],[124.896,40.484],[124.891,40.478],[124.884,40.466],[124.85,40.432],[124.801,40.394],[124.78,40.383],[124.757,40.379],[124.741,40.37],[124.731,40.35],[124.723,40.327],[124.712,40.31],[124.693,40.303],[124.643,40.294],[124.627,40.286],[124.611,40.272],[124.571,40.252],[124.555,40.241],[124.552,40.236],[124.55,40.225],[124.549,40.221],[124.543,40.218],[124.532,40.216],[124.528,40.214],[124.386,40.11],[124.37,40.098],[124.358,40.089],[124.357,40.076],[124.363,40.047],[124.364,40.021],[124.361,40.011],[124.352,39.999],[124.308,39.961],[124.303,39.954],[124.299,39.94],[124.294,39.934],[124.287,39.929],[124.28,39.929],[124.274,39.929],[124.266,39.927],[124.202,39.879],[124.155,39.861],[124.137,39.842],[124.118,39.833],[124.088,39.852],[124.067,39.836],[124.055,39.83],[124.041,39.825],[123.998,39.816],[123.986,39.81],[123.975,39.815],[123.968,39.821],[123.955,39.834],[123.942,39.841],[123.931,39.837],[123.92,39.829],[123.911,39.825],[123.888,39.823],[123.86,39.824],[123.834,39.829],[123.814,39.838],[123.808,39.838],[123.773,39.818],[123.72,39.831],[123.67,39.857],[123.643,39.879],[123.657,39.92],[123.64,39.915],[123.631,39.904],[123.626,39.889],[123.623,39.872],[123.602,39.817],[123.598,39.793],[123.591,39.784],[123.564,39.771],[123.563,39.769],[123.563,39.77],[123.554,39.776],[123.551,39.779],[123.547,39.785],[123.542,39.792],[123.533,39.797],[123.513,39.798],[123.496,39.791],[123.482,39.78],[123.446,39.737],[123.428,39.727],[123.41,39.735],[123.408,39.746],[123.41,39.797],[123.413,39.802],[123.418,39.807],[123.421,39.813],[123.417,39.825],[123.412,39.826],[123.403,39.824],[123.398,39.818],[123.404,39.81],[123.387,39.79],[123.365,39.785],[123.339,39.785],[123.314,39.776],[123.303,39.784],[123.285,39.803],[123.273,39.81],[123.264,39.797],[123.257,39.801],[123.253,39.811],[123.252,39.817],[123.245,39.814],[123.238,39.809],[123.236,39.802],[123.242,39.794],[123.253,39.783],[123.264,39.768],[123.265,39.754],[123.249,39.748],[123.223,39.755],[123.21,39.755],[123.204,39.745],[123.206,39.735],[123.212,39.731],[123.221,39.731],[123.242,39.725],[123.249,39.725],[123.255,39.724],[123.263,39.718],[123.269,39.708],[123.266,39.701],[123.223,39.68],[123.174,39.666],[123.128,39.665],[123.108,39.69],[123.1,39.686],[123.058,39.675],[123.04,39.673],[123.03,39.675],[123.017,39.68],[123.009,39.68],[123.006,39.677],[123.001,39.671],[122.992,39.666],[122.978,39.666],[122.978,39.659],[122.996,39.65],[122.992,39.637],[122.964,39.612],[122.945,39.62],[122.872,39.606],[122.849,39.618],[122.788,39.572],[122.78,39.56],[122.769,39.558],[122.711,39.536],[122.697,39.524],[122.688,39.519],[122.677,39.515],[122.673,39.52],[122.661,39.528],[122.648,39.532],[122.643,39.526],[122.637,39.508],[122.588,39.467],[122.577,39.476],[122.569,39.484],[122.562,39.487],[122.553,39.481],[122.553,39.478],[122.557,39.473],[122.561,39.468],[122.56,39.461],[122.555,39.456],[122.551,39.456],[122.546,39.457],[122.54,39.454],[122.496,39.427],[122.47,39.417],[122.447,39.412],[122.414,39.414],[122.396,39.411],[122.383,39.396],[122.356,39.388],[122.345,39.382],[122.333,39.372],[122.319,39.362],[122.304,39.354],[122.29,39.351],[122.284,39.343],[122.277,39.329],[122.267,39.318],[122.251,39.324],[122.251,39.319],[122.25,39.317],[122.245,39.311],[122.24,39.286],[122.199,39.251],[122.115,39.201],[122.117,39.189],[122.111,39.175],[122.104,39.164],[122.105,39.159],[122.136,39.158],[122.15,39.154],[122.163,39.146],[122.143,39.146],[122.127,39.142],[122.073,39.105],[122.064,39.102],[122.056,39.101],[122.048,39.099],[122.039,39.091],[122.051,39.067],[122.042,39.06],[121.988,39.063],[121.98,39.059],[121.971,39.05],[121.959,39.04],[121.943,39.036],[121.929,39.04],[121.917,39.046],[121.904,39.049],[121.888,39.042],[121.902,39.038],[121.913,39.031],[121.92,39.021],[121.923,39.009],[121.879,39.027],[121.856,39.034],[121.827,39.036],[121.838,39.015],[121.88,38.997],[121.895,38.981],[121.895,38.971],[121.888,38.962],[121.871,38.951],[121.86,38.945],[121.848,38.947],[121.812,38.973],[121.787,39.007],[121.772,39.022],[121.745,39.034],[121.725,39.03],[121.72,39.02],[121.739,39.009],[121.739,39.002],[121.71,39.007],[121.68,39.009],[121.671,39.008],[121.636,38.995],[121.649,38.994],[121.656,38.991],[121.658,38.984],[121.656,38.974],[121.653,38.963],[121.648,38.959],[121.629,38.954],[121.604,38.952],[121.592,38.949],[121.587,38.94],[121.593,38.936],[121.618,38.926],[121.659,38.926],[121.677,38.922],[121.694,38.91],[121.704,38.892],[121.705,38.873],[121.696,38.863],[121.676,38.871],[121.655,38.858],[121.581,38.863],[121.553,38.858],[121.512,38.827],[121.505,38.826],[121.499,38.815],[121.485,38.81],[121.38,38.817],[121.345,38.815],[121.288,38.788],[121.261,38.795],[121.237,38.798],[121.218,38.776],[121.226,38.776],[121.245,38.776],[121.198,38.728],[121.18,38.721],[121.153,38.728],[121.141,38.743],[121.132,38.759],[121.115,38.768],[121.124,38.778],[121.134,38.782],[121.139,38.789],[121.135,38.81],[121.128,38.819],[121.118,38.828],[121.111,38.84],[121.115,38.858],[121.14,38.874],[121.152,38.886],[121.149,38.899],[121.09,38.899],[121.086,38.906],[121.096,38.921],[121.118,38.943],[121.129,38.947],[121.18,38.954],[121.189,38.952],[121.202,38.943],[121.211,38.94],[121.219,38.94],[121.234,38.946],[121.257,38.95],[121.292,38.967],[121.32,38.966],[121.334,38.969],[121.34,38.978],[121.338,38.985],[121.329,39.001],[121.327,39.012],[121.334,39.027],[121.352,39.038],[121.375,39.044],[121.396,39.042],[121.403,39.038],[121.409,39.033],[121.419,39.019],[121.428,39.015],[121.441,39.014],[121.467,39.015],[121.486,39.02],[121.546,39.049],[121.632,39.069],[121.674,39.088],[121.69,39.118],[121.681,39.136],[121.649,39.158],[121.642,39.176],[121.63,39.173],[121.607,39.181],[121.593,39.192],[121.608,39.201],[121.606,39.205],[121.603,39.216],[121.602,39.221],[121.626,39.225],[121.633,39.236],[121.604,39.253],[121.59,39.264],[121.612,39.275],[121.637,39.273],[121.642,39.272],[121.647,39.265],[121.658,39.267],[121.68,39.275],[121.718,39.297],[121.736,39.312],[121.738,39.32],[121.731,39.33],[121.754,39.355],[121.765,39.365],[121.78,39.371],[121.791,39.371],[121.837,39.365],[121.865,39.371],[121.915,39.395],[121.943,39.399],[121.931,39.417],[121.922,39.415],[121.913,39.405],[121.899,39.399],[121.881,39.397],[121.849,39.387],[121.831,39.385],[121.745,39.398],[121.708,39.396],[121.718,39.371],[121.549,39.362],[121.526,39.365],[121.492,39.389],[121.461,39.474],[121.436,39.509],[121.42,39.516],[121.4,39.52],[121.354,39.522],[121.34,39.519],[121.319,39.506],[121.306,39.502],[121.3,39.503],[121.282,39.512],[121.273,39.515],[121.237,39.515],[121.228,39.519],[121.223,39.529],[121.229,39.536],[121.238,39.541],[121.249,39.543],[121.26,39.564],[121.292,39.586],[121.306,39.598],[121.327,39.602],[121.382,39.601],[121.45,39.615],[121.471,39.632],[121.464,39.646],[121.498,39.653],[121.526,39.618],[121.533,39.622],[121.536,39.627],[121.537,39.632],[121.54,39.639],[121.538,39.641],[121.528,39.65],[121.526,39.653],[121.529,39.656],[121.538,39.663],[121.54,39.666],[121.542,39.669],[121.547,39.673],[121.55,39.679],[121.546,39.687],[121.537,39.693],[121.53,39.691],[121.524,39.687],[121.518,39.687],[121.507,39.694],[121.491,39.721],[121.464,39.739],[121.463,39.742],[121.46,39.744],[121.457,39.748],[121.474,39.756],[121.485,39.764],[121.487,39.778],[121.478,39.787],[121.472,39.805],[121.471,39.81],[121.51,39.824],[121.536,39.862],[121.566,39.859],[121.616,39.872],[121.636,39.897],[121.685,39.923],[121.707,39.927],[121.734,39.923],[121.755,39.918],[121.774,39.921],[121.8,39.94],[121.804,39.949],[121.805,39.958],[121.81,39.965],[121.836,39.971],[121.855,39.985],[121.874,39.991],[121.88,39.999],[121.881,40.008],[121.875,40.016],[121.865,40.019],[121.838,40.02],[121.827,40.023],[121.88,40.041],[121.929,40.077],[121.933,40.101],[121.996,40.124],[122.006,40.156],[121.991,40.187],[122.016,40.188],[122.039,40.196],[122.059,40.209],[122.092,40.227],[122.102,40.249],[122.108,40.262],[122.109,40.275],[122.108,40.284],[122.109,40.292],[122.106,40.31],[122.129,40.326],[122.18,40.352],[122.211,40.381],[122.204,40.427],[122.242,40.427],[122.25,40.431],[122.251,40.438],[122.25,40.447],[122.251,40.454],[122.266,40.461],[122.28,40.466],[122.288,40.473],[122.287,40.489],[122.302,40.502],[122.294,40.523],[122.276,40.544],[122.225,40.579],[122.176,40.587],[122.15,40.604],[122.138,40.624],[122.168,40.654],[122.171,40.687],[122.159,40.702],[122.137,40.685],[122.122,40.68],[122.109,40.7],[122.067,40.735],[122.049,40.746],[121.897,40.808],[121.872,40.815],[121.851,40.832],[121.844,40.86],[121.841,40.914],[121.836,40.92],[121.828,40.934],[121.826,40.948],[121.837,40.955],[121.849,40.958],[121.859,40.967],[121.875,40.99],[121.868,40.996],[121.826,40.974],[121.807,40.96],[121.778,40.935],[121.78,40.908],[121.769,40.889],[121.758,40.872],[121.74,40.849],[121.694,40.848],[121.595,40.846],[121.575,40.841],[121.568,40.846],[121.529,40.867],[121.51,40.879],[121.48,40.884],[121.45,40.886],[121.441,40.891],[121.437,40.899],[121.435,40.907],[121.43,40.914],[121.418,40.919],[121.395,40.924],[121.385,40.931],[121.361,40.94],[121.337,40.928],[121.316,40.91],[121.299,40.9],[121.286,40.899],[121.274,40.903],[121.265,40.91],[121.258,40.921],[121.245,40.906],[121.225,40.927],[121.2,40.931],[121.176,40.922],[121.155,40.906],[121.142,40.901],[121.131,40.893],[121.12,40.885],[121.111,40.876],[121.106,40.873],[121.084,40.865],[121.08,40.863],[121.08,40.857],[121.081,40.85],[121.08,40.845],[121.08,40.828],[121.066,40.818],[121.068,40.803],[121.05,40.797],[121.042,40.814],[121.03,40.826],[121.005,40.833],[120.991,40.831],[120.982,40.827],[120.97,40.818],[120.963,40.807],[120.967,40.794],[120.969,40.784],[120.958,40.775],[120.944,40.766],[120.936,40.756],[120.94,40.741],[120.956,40.737],[120.976,40.739],[120.994,40.736],[121.01,40.731],[121.021,40.719],[120.996,40.715],[120.963,40.709],[120.94,40.691],[120.923,40.689],[120.895,40.685],[120.885,40.68],[120.868,40.679],[120.848,40.683],[120.825,40.674],[120.82,40.657],[120.816,40.64],[120.809,40.618],[120.798,40.6],[120.789,40.592],[120.77,40.586],[120.7,40.537],[120.679,40.522],[120.67,40.503],[120.666,40.491],[120.659,40.484],[120.633,40.475],[120.621,40.474],[120.604,40.465],[120.597,40.45],[120.598,40.432],[120.597,40.422],[120.584,40.414],[120.562,40.411],[120.546,40.402],[120.539,40.383],[120.548,40.376],[120.567,40.38],[120.588,40.384],[120.591,40.367],[120.565,40.354],[120.535,40.344],[120.502,40.327],[120.501,40.308],[120.501,40.292],[120.507,40.273],[120.505,40.249],[120.493,40.231],[120.472,40.214],[120.451,40.201],[120.436,40.194],[120.394,40.194],[120.358,40.192],[120.334,40.187],[120.309,40.18],[120.289,40.163],[120.261,40.147],[120.246,40.144],[120.225,40.135],[120.194,40.127],[120.189,40.126],[120.183,40.123],[120.155,40.111],[120.118,40.1],[119.95,40.057],[119.915,40.036],[119.912,40.011],[119.912,39.998],[119.876,39.995],[119.85,39.986],[119.848,39.993],[119.845,40],[119.845,40.001],[119.843,40.004],[119.832,40.022],[119.829,40.026],[119.823,40.031],[119.816,40.037],[119.792,40.051],[119.765,40.063],[119.759,40.068],[119.752,40.076],[119.742,40.09],[119.738,40.1],[119.737,40.107],[119.738,40.112],[119.746,40.131],[119.747,40.137],[119.748,40.144],[119.746,40.173],[119.748,40.193],[119.747,40.2],[119.743,40.205],[119.731,40.211],[119.72,40.213],[119.707,40.215],[119.69,40.215],[119.667,40.212],[119.649,40.208],[119.641,40.208],[119.635,40.209],[119.632,40.215],[119.631,40.22],[119.631,40.229],[119.638,40.27],[119.637,40.275],[119.635,40.28],[119.629,40.289],[119.616,40.303],[119.598,40.327],[119.587,40.346],[119.585,40.351],[119.582,40.362],[119.58,40.373],[119.581,40.386],[119.584,40.398],[119.586,40.404],[119.589,40.41],[119.591,40.416],[119.591,40.422],[119.591,40.439],[119.592,40.447],[119.598,40.466],[119.6,40.477],[119.598,40.486],[119.592,40.496],[119.576,40.512],[119.572,40.519],[119.571,40.524],[119.57,40.532],[119.564,40.54],[119.551,40.545],[119.528,40.545],[119.464,40.532],[119.328,40.533],[119.302,40.529],[119.294,40.531],[119.28,40.543],[119.272,40.548],[119.258,40.552],[119.24,40.56],[119.224,40.576],[119.19,40.62],[119.186,40.633],[119.186,40.641],[119.196,40.678],[119.197,40.684],[119.196,40.692],[119.191,40.7],[119.184,40.704],[119.177,40.704],[119.171,40.703],[119.165,40.701],[119.154,40.695],[119.124,40.668],[119.119,40.665],[119.113,40.663],[119.086,40.657],[119.074,40.653],[119.068,40.651],[119.062,40.651],[119.056,40.654],[119.051,40.656],[119.041,40.663],[118.855,40.821],[118.852,40.825],[118.849,40.83],[118.848,40.835],[118.848,40.842],[118.848,40.849],[118.851,40.857],[118.854,40.864],[118.858,40.869],[118.877,40.892],[118.893,40.922],[118.902,40.957],[118.915,40.963],[118.925,40.964],[118.951,40.955],[118.966,40.953],[118.979,40.954],[118.989,40.957],[119.002,40.964],[119.006,40.969],[119.01,40.976],[119.012,40.989],[119.01,40.995],[119.008,40.999],[119.006,41.001],[119.004,41.002],[118.987,41.01],[118.972,41.014],[118.954,41.017],[118.94,41.022],[118.929,41.03],[118.927,41.047],[118.937,41.061],[118.965,41.075],[118.985,41.079],[119.001,41.08],[119.013,41.08],[119.03,41.085],[119.048,41.094],[119.069,41.116],[119.101,41.142],[119.124,41.157],[119.152,41.169],[119.164,41.176],[119.197,41.207],[119.215,41.233],[119.231,41.273],[119.362,41.375],[119.372,41.389],[119.382,41.41],[119.386,41.421],[119.389,41.433],[119.391,41.46],[119.39,41.473],[119.381,41.52],[119.356,41.608],[119.351,41.619],[119.345,41.628],[119.316,41.658],[119.315,41.659],[119.314,41.661],[119.314,41.666],[119.308,41.693],[119.307,41.704],[119.308,41.718],[119.307,41.723],[119.302,41.737],[119.301,41.742],[119.301,41.745],[119.303,41.754],[119.304,41.758],[119.303,41.762],[119.301,41.767],[119.3,41.772],[119.299,41.777],[119.299,41.783],[119.299,41.787],[119.3,41.79],[119.303,41.797],[119.306,41.808],[119.307,41.814],[119.305,41.831],[119.305,41.836],[119.306,41.838],[119.307,41.84],[119.309,41.842],[119.325,41.855],[119.329,41.861],[119.331,41.868],[119.331,41.873],[119.327,41.896],[119.325,41.937],[119.324,41.943],[119.323,41.948],[119.321,41.954],[119.321,41.959],[119.322,41.965],[119.324,41.971],[119.327,41.976],[119.331,41.98],[119.345,41.992],[119.363,42.015],[119.368,42.025],[119.372,42.037],[119.375,42.05],[119.376,42.062],[119.374,42.08],[119.371,42.091],[119.369,42.096],[119.366,42.1],[119.361,42.104],[119.356,42.107],[119.35,42.11],[119.322,42.119],[119.316,42.122],[119.311,42.125],[119.264,42.172],[119.253,42.179],[119.249,42.182],[119.246,42.187],[119.245,42.192],[119.247,42.198],[119.249,42.204],[119.251,42.208],[119.266,42.227],[119.268,42.231],[119.269,42.232],[119.285,42.246],[119.3,42.261],[119.317,42.273],[119.336,42.289],[119.344,42.294],[119.35,42.297],[119.355,42.298],[119.375,42.299],[119.384,42.299],[119.387,42.299],[119.398,42.301],[119.404,42.303],[119.414,42.308],[119.418,42.311],[119.423,42.315],[119.425,42.317],[119.428,42.317],[119.43,42.318],[119.449,42.316],[119.451,42.317],[119.466,42.326],[119.474,42.332],[119.49,42.352],[119.502,42.381],[119.507,42.389],[119.507,42.39],[119.508,42.39],[119.512,42.395],[119.52,42.395],[119.534,42.39],[119.563,42.372],[119.582,42.356],[119.59,42.345],[119.59,42.338],[119.587,42.326],[119.587,42.32],[119.588,42.316],[119.592,42.311],[119.617,42.29],[119.621,42.286],[119.624,42.28],[119.626,42.275],[119.627,42.269],[119.629,42.251],[119.631,42.245],[119.636,42.24],[119.644,42.236],[119.66,42.231],[119.678,42.227],[119.762,42.221],[119.821,42.209],[119.83,42.205],[119.837,42.199],[119.846,42.187],[119.847,42.18],[119.845,42.174],[119.832,42.164],[119.805,42.149],[119.801,42.145],[119.799,42.14],[119.799,42.134],[119.801,42.129],[119.804,42.124],[119.808,42.12],[119.876,42.07],[119.881,42.064],[119.883,42.059],[119.884,42.053],[119.884,42.019],[119.885,42.013],[119.886,42.008],[119.888,42.004],[119.891,42],[119.892,41.999],[119.96,41.972],[119.969,41.965],[119.973,41.96],[119.976,41.956],[119.977,41.95],[119.979,41.938],[119.978,41.925],[119.979,41.918],[119.98,41.912],[119.982,41.907],[119.985,41.903],[120.019,41.873],[120.027,41.865],[120.03,41.861],[120.033,41.856],[120.034,41.85],[120.037,41.832],[120.036,41.806],[120.026,41.734],[120.027,41.728],[120.028,41.722],[120.03,41.717],[120.033,41.712],[120.036,41.707],[120.041,41.704],[120.048,41.702],[120.064,41.7],[120.081,41.7],[120.096,41.702],[120.102,41.704],[120.108,41.707],[120.113,41.711],[120.118,41.717],[120.122,41.727],[120.127,41.757],[120.13,41.768],[120.135,41.779],[120.141,41.789],[120.173,41.817],[120.261,41.88],[120.292,41.912],[120.303,41.93],[120.311,41.941],[120.331,41.96],[120.34,41.966],[120.431,42.005],[120.448,42.015],[120.458,42.025],[120.466,42.035],[120.469,42.038],[120.49,42.079],[120.492,42.084],[120.493,42.09],[120.492,42.096],[120.491,42.102],[120.487,42.113],[120.486,42.118],[120.486,42.124],[120.487,42.13],[120.489,42.136],[120.492,42.14],[120.496,42.144],[120.502,42.147],[120.509,42.149],[120.628,42.16],[120.639,42.165],[120.656,42.172],[120.701,42.202],[120.728,42.223],[120.735,42.228],[120.839,42.266],[120.913,42.297],[120.932,42.296],[120.935,42.292],[120.95,42.276],[120.963,42.265],[120.97,42.261],[120.998,42.25],[121.014,42.251],[121.034,42.26],[121.369,42.5],[121.383,42.507],[121.397,42.509],[121.421,42.514],[121.444,42.523],[121.457,42.525],[121.468,42.526],[121.474,42.523],[121.483,42.521],[121.496,42.522],[121.544,42.535],[121.552,42.535],[121.559,42.534],[121.565,42.532],[121.571,42.529],[121.576,42.525],[121.58,42.521],[121.583,42.517],[121.588,42.503],[121.589,42.5],[121.61,42.471],[121.618,42.464],[121.629,42.457],[121.635,42.455],[121.64,42.454],[121.646,42.454],[121.675,42.456],[121.694,42.456],[121.724,42.458],[121.733,42.461],[121.739,42.465],[121.75,42.479],[121.76,42.487],[121.878,42.54],[121.882,42.544],[121.886,42.548],[121.893,42.558],[121.913,42.603],[121.914,42.615],[121.914,42.621],[121.918,42.647],[121.92,42.653],[121.925,42.664],[121.934,42.673],[121.949,42.685],[121.966,42.696],[122.045,42.721],[122.056,42.721],[122.063,42.72],[122.12,42.696],[122.135,42.692],[122.176,42.689],[122.183,42.687],[122.19,42.685],[122.256,42.647],[122.268,42.641],[122.283,42.637],[122.292,42.637],[122.299,42.636],[122.4,42.658],[122.412,42.663],[122.417,42.667],[122.426,42.675],[122.429,42.68],[122.432,42.685],[122.434,42.691],[122.434,42.697],[122.434,42.703],[122.433,42.708],[122.431,42.713],[122.426,42.722],[122.383,42.771],[122.376,42.78],[122.367,42.799],[122.363,42.809],[122.363,42.815],[122.362,42.821],[122.363,42.827],[122.365,42.834],[122.368,42.84],[122.376,42.848],[122.384,42.852],[122.392,42.854],[122.476,42.85],[122.527,42.834],[122.534,42.832],[122.572,42.809],[122.728,42.741],[122.743,42.736],[122.763,42.732],[122.877,42.741],[122.893,42.745],[122.898,42.748],[122.921,42.767],[122.928,42.771],[122.957,42.783],[122.966,42.786],[122.975,42.788],[123.025,42.785],[123.047,42.786],[123.059,42.788],[123.067,42.791],[123.072,42.794],[123.131,42.826],[123.14,42.835],[123.16,42.865],[123.182,42.944],[123.193,42.955],[123.261,42.999],[123.284,43.01],[123.3,43.016],[123.344,43.012],[123.354,43.012],[123.612,43.081],[123.62,43.087],[123.624,43.093],[123.628,43.118],[123.634,43.138],[123.642,43.153],[123.646,43.16],[123.657,43.174],[123.66,43.178],[123.661,43.183],[123.661,43.186],[123.661,43.19],[123.659,43.194],[123.657,43.198],[123.654,43.204],[123.653,43.208],[123.654,43.21],[123.655,43.212],[123.661,43.218],[123.665,43.223],[123.668,43.228],[123.67,43.234],[123.67,43.239],[123.669,43.245],[123.668,43.25],[123.668,43.256],[123.67,43.264],[123.677,43.274],[123.681,43.281],[123.682,43.286],[123.683,43.288],[123.684,43.291],[123.697,43.317],[123.699,43.323],[123.7,43.328],[123.699,43.332],[123.698,43.335],[123.697,43.338],[123.697,43.339],[123.696,43.341],[123.697,43.345],[123.696,43.353],[123.688,43.363],[123.687,43.368],[123.7,43.408],[123.704,43.416],[123.707,43.421],[123.723,43.435],[123.749,43.472],[123.782,43.466],[123.795,43.461],[123.807,43.454],[123.852,43.418],[123.927,43.373],[124.006,43.31],[124.016,43.305],[124.024,43.303],[124.04,43.302],[124.079,43.304],[124.087,43.303],[124.095,43.301],[124.101,43.299],[124.114,43.293],[124.121,43.288],[124.149,43.264],[124.158,43.258],[124.168,43.255],[124.176,43.255],[124.198,43.258],[124.205,43.258],[124.212,43.257],[124.219,43.254],[124.236,43.243],[124.269,43.234],[124.275,43.231],[124.282,43.226],[124.289,43.216],[124.292,43.206],[124.294,43.19],[124.294,43.182],[124.293,43.17],[124.293,43.163],[124.296,43.157],[124.303,43.149],[124.31,43.144],[124.394,43.108],[124.415,43.095],[124.418,43.089],[124.419,43.082],[124.414,43.068],[124.409,43.061],[124.404,43.054],[124.375,43.025],[124.372,43.02],[124.37,43.012],[124.37,43.002],[124.376,42.986],[124.381,42.977],[124.387,42.972],[124.4,42.966],[124.435,42.954],[124.437,42.949],[124.435,42.943],[124.422,42.934],[124.414,42.929],[124.394,42.921],[124.388,42.917],[124.383,42.913],[124.38,42.905],[124.379,42.899],[124.386,42.885],[124.422,42.88],[124.439,42.881],[124.447,42.879],[124.453,42.876],[124.472,42.856],[124.48,42.851],[124.496,42.858],[124.52,42.872],[124.631,42.957],[124.667,42.992],[124.673,42.999],[124.674,43],[124.674,43.001],[124.675,43.005],[124.676,43.015],[124.679,43.028],[124.685,43.04],[124.691,43.051],[124.699,43.059],[124.766,43.106],[124.785,43.114],[124.799,43.116],[124.872,43.118],[124.875,43.11],[124.886,43.102],[124.888,43.094],[124.888,43.087],[124.882,43.054],[124.87,43.016],[124.868,43.002],[124.872,42.975],[124.872,42.96],[124.86,42.888],[124.86,42.879],[124.862,42.855],[124.866,42.834],[124.869,42.826],[124.872,42.82],[124.875,42.816],[124.88,42.812],[124.885,42.809],[124.891,42.807],[124.902,42.806],[124.942,42.804],[124.951,42.8],[124.959,42.794],[124.968,42.781],[124.971,42.771],[124.974,42.757],[124.977,42.749],[124.981,42.739],[124.983,42.732],[124.982,42.725],[124.973,42.698],[124.971,42.694],[124.967,42.69],[124.958,42.683],[124.954,42.678],[124.951,42.672],[124.95,42.662],[124.953,42.656],[124.959,42.653],[124.967,42.652],[124.974,42.653],[124.993,42.658],[124.998,42.658],[125.002,42.658],[125.008,42.656],[125.014,42.652],[125.019,42.647],[125.037,42.618],[125.041,42.614],[125.05,42.606],[125.086,42.587],[125.093,42.582],[125.096,42.577],[125.097,42.571],[125.096,42.565],[125.095,42.559],[125.093,42.553],[125.092,42.538],[125.102,42.494],[125.188,42.427],[125.209,42.406],[125.21,42.401],[125.21,42.4],[125.21,42.394],[125.208,42.388],[125.206,42.382],[125.203,42.377],[125.198,42.374],[125.181,42.365],[125.177,42.361],[125.174,42.355],[125.173,42.345],[125.176,42.338],[125.179,42.333],[125.19,42.327],[125.196,42.324],[125.223,42.316],[125.269,42.309],[125.277,42.306],[125.281,42.304],[125.285,42.299],[125.29,42.288],[125.291,42.28],[125.291,42.272],[125.284,42.246],[125.283,42.24],[125.284,42.234],[125.286,42.23],[125.29,42.226],[125.299,42.218],[125.302,42.214],[125.31,42.202],[125.311,42.199],[125.317,42.174],[125.319,42.169],[125.324,42.166],[125.332,42.165],[125.355,42.17],[125.359,42.171],[125.36,42.172],[125.367,42.176],[125.373,42.179],[125.379,42.18],[125.391,42.179],[125.464,42.161],[125.473,42.158],[125.477,42.156],[125.481,42.151],[125.481,42.146],[125.477,42.138],[125.466,42.122],[125.458,42.105],[125.454,42.102],[125.449,42.099],[125.439,42.092],[125.431,42.083],[125.42,42.06],[125.417,42.055],[125.413,42.051],[125.408,42.047],[125.403,42.044],[125.381,42.033],[125.377,42.029],[125.373,42.024],[125.371,42.019],[125.369,42.013],[125.367,42.002],[125.366,41.999],[125.364,41.995],[125.361,41.99],[125.357,41.986],[125.347,41.979],[125.341,41.977],[125.295,41.957],[125.292,41.953],[125.291,41.947],[125.302,41.929],[125.304,41.923],[125.304,41.915],[125.303,41.909],[125.287,41.851],[125.286,41.831],[125.286,41.826],[125.291,41.816],[125.325,41.758],[125.328,41.747],[125.327,41.739],[125.322,41.718],[125.32,41.712],[125.308,41.69],[125.306,41.687],[125.306,41.684],[125.306,41.681],[125.306,41.68],[125.311,41.678],[125.347,41.669],[125.373,41.666],[125.387,41.668],[125.43,41.682],[125.436,41.683],[125.442,41.683],[125.447,41.682],[125.449,41.681],[125.45,41.68],[125.451,41.676],[125.454,41.66],[125.456,41.618],[125.464,41.588],[125.47,41.575],[125.563,41.411],[125.569,41.405],[125.599,41.384],[125.635,41.341],[125.639,41.334],[125.644,41.324],[125.646,41.314],[125.646,41.306],[125.647,41.298],[125.651,41.286],[125.656,41.281],[125.674,41.274],[125.695,41.256],[125.703,41.252],[125.71,41.25],[125.727,41.248],[125.738,41.245],[125.743,41.241],[125.746,41.237],[125.75,41.227],[125.752,41.216],[125.751,41.21],[125.749,41.202],[125.745,41.19],[125.744,41.183],[125.745,41.175],[125.748,41.17],[125.768,41.15],[125.769,41.144],[125.766,41.139],[125.729,41.12],[125.725,41.114],[125.723,41.106],[125.724,41.091],[125.724,41.082],[125.722,41.074],[125.711,41.051],[125.701,41.02],[125.698,41.014],[125.695,41.009],[125.692,41.004],[125.683,40.997],[125.678,40.993],[125.656,40.983],[125.651,40.98],[125.646,40.976],[125.639,40.967],[125.631,40.956],[125.623,40.949],[125.61,40.937],[125.605,40.933],[125.594,40.928],[125.589,40.924],[125.576,40.913],[125.584,40.902],[125.592,40.899],[125.6,40.898],[125.665,40.899],[125.679,40.896],[125.688,40.893],[125.695,40.884],[125.699,40.874],[125.703,40.86],[125.704,40.859]]],[[[122.321,39.166],[122.331,39.18],[122.355,39.196],[122.383,39.208],[122.403,39.214],[122.393,39.204],[122.39,39.194],[122.389,39.187],[122.397,39.166],[122.403,39.159],[122.389,39.152],[122.376,39.161],[122.355,39.152],[122.334,39.146],[122.321,39.166]]],[[[122.636,39.234],[122.662,39.233],[122.719,39.242],[122.742,39.236],[122.74,39.222],[122.726,39.21],[122.691,39.193],[122.692,39.201],[122.693,39.208],[122.694,39.214],[122.698,39.221],[122.684,39.224],[122.636,39.228],[122.636,39.234]]],[[[122.684,39.262],[122.643,39.255],[122.586,39.258],[122.533,39.272],[122.505,39.297],[122.537,39.298],[122.547,39.297],[122.585,39.284],[122.644,39.279],[122.663,39.272],[122.684,39.262]]],[[[121.423,39.475],[121.442,39.463],[121.45,39.45],[121.443,39.441],[121.416,39.44],[121.416,39.434],[121.426,39.43],[121.432,39.424],[121.436,39.416],[121.436,39.41],[121.434,39.386],[121.422,39.374],[121.403,39.371],[121.353,39.373],[121.337,39.377],[121.336,39.387],[121.354,39.406],[121.372,39.418],[121.38,39.425],[121.382,39.434],[121.375,39.442],[121.364,39.445],[121.352,39.444],[121.341,39.44],[121.327,39.428],[121.313,39.408],[121.296,39.391],[121.273,39.385],[121.264,39.387],[121.259,39.392],[121.258,39.4],[121.259,39.412],[121.262,39.428],[121.266,39.434],[121.295,39.443],[121.303,39.445],[121.311,39.448],[121.32,39.454],[121.325,39.461],[121.327,39.468],[121.331,39.476],[121.341,39.481],[121.353,39.482],[121.388,39.475],[121.413,39.477],[121.423,39.475]]],[[[122.964,39.515],[122.968,39.541],[122.99,39.55],[123.018,39.545],[123.04,39.53],[123.03,39.508],[123.006,39.497],[122.98,39.499],[122.964,39.515]]],[[[123.181,39.092],[123.185,39.086],[123.196,39.065],[123.196,39.052],[123.185,39.042],[123.173,39.034],[123.161,39.029],[123.15,39.037],[123.145,39.043],[123.148,39.056],[123.153,39.062],[123.165,39.06],[123.165,39.066],[123.159,39.072],[123.151,39.073],[123.143,39.076],[123.144,39.081],[123.168,39.084],[123.176,39.09],[123.181,39.092]]]]}},{"type":"Feature","id":"CN-NM","properties":{"id":"CN-NM","countryCode":"CN","isoSubdivision":"CN-NM","name":"Inner Mongolia","name_en":"Inner Mongolia","name_ko":"내몽골 자치구","type":"Autonomous Region","labelLongitude":111.623,"labelLatitude":41.594,"minZoom":4.6},"geometry":{"type":"Polygon","coordinates":[[[115.915,47.684],[115.853,47.706],[115.6,47.887],[115.576,47.91],[115.562,47.933],[115.546,47.993],[115.515,48.122],[115.514,48.132],[115.536,48.149],[115.771,48.224],[115.8,48.242],[115.809,48.274],[115.787,48.473],[115.787,48.493],[115.791,48.514],[115.8,48.53],[116.028,48.767],[116.048,48.8],[116.048,48.818],[116.034,48.852],[116.038,48.87],[116.248,49.181],[116.458,49.493],[116.473,49.516],[116.684,49.823],[116.722,49.802],[117.058,49.673],[117.253,49.622],[117.473,49.614],[117.759,49.513],[117.769,49.511],[117.777,49.513],[117.795,49.519],[117.804,49.519],[117.816,49.512],[117.823,49.51],[117.832,49.51],[117.837,49.509],[117.841,49.51],[117.874,49.513],[117.894,49.547],[117.905,49.553],[117.931,49.567],[118.017,49.596],[118.055,49.614],[118.071,49.625],[118.089,49.64],[118.106,49.652],[118.169,49.671],[118.188,49.681],[118.208,49.695],[118.223,49.712],[118.229,49.729],[118.242,49.729],[118.305,49.767],[118.329,49.773],[118.354,49.776],[118.373,49.786],[118.381,49.811],[118.394,49.82],[118.456,49.829],[118.477,49.836],[118.481,49.842],[118.486,49.861],[118.491,49.87],[118.498,49.877],[118.521,49.894],[118.555,49.91],[118.571,49.921],[118.6,49.931],[118.644,49.955],[118.671,49.962],[118.713,49.949],[118.741,49.953],[118.792,49.966],[118.891,49.979],[118.902,49.982],[118.913,49.988],[118.924,49.992],[118.936,49.99],[118.948,49.985],[118.963,49.982],[118.99,49.979],[119.092,49.987],[119.19,50.007],[119.209,50.015],[119.223,50.025],[119.251,50.048],[119.301,50.08],[119.316,50.093],[119.329,50.108],[119.338,50.124],[119.344,50.142],[119.348,50.185],[119.347,50.195],[119.344,50.202],[119.334,50.211],[119.332,50.217],[119.334,50.276],[119.339,50.294],[119.35,50.301],[119.362,50.304],[119.366,50.311],[119.364,50.319],[119.357,50.341],[119.353,50.346],[119.334,50.35],[119.314,50.352],[119.251,50.343],[119.246,50.344],[119.233,50.353],[119.224,50.356],[119.214,50.357],[119.188,50.355],[119.175,50.356],[119.181,50.37],[119.172,50.376],[119.141,50.377],[119.133,50.381],[119.138,50.393],[119.147,50.404],[119.155,50.411],[119.168,50.414],[119.198,50.413],[119.207,50.415],[119.216,50.425],[119.244,50.446],[119.261,50.479],[119.265,50.483],[119.264,50.49],[119.262,50.492],[119.259,50.493],[119.255,50.497],[119.251,50.505],[119.254,50.51],[119.261,50.514],[119.265,50.52],[119.287,50.578],[119.285,50.589],[119.294,50.599],[119.303,50.603],[119.314,50.605],[119.326,50.61],[119.335,50.619],[119.341,50.628],[119.349,50.635],[119.364,50.637],[119.374,50.643],[119.383,50.667],[119.392,50.672],[119.404,50.673],[119.418,50.676],[119.443,50.685],[119.457,50.696],[119.497,50.737],[119.505,50.751],[119.515,50.792],[119.514,50.813],[119.497,50.836],[119.516,50.848],[119.528,50.867],[119.53,50.887],[119.518,50.905],[119.573,50.946],[119.594,50.97],[119.604,50.978],[119.683,51.016],[119.71,51.039],[119.71,51.062],[119.728,51.065],[119.741,51.072],[119.748,51.083],[119.751,51.1],[119.755,51.114],[119.762,51.128],[119.765,51.142],[119.758,51.158],[119.767,51.16],[119.773,51.163],[119.785,51.172],[119.758,51.199],[119.762,51.215],[119.772,51.218],[119.802,51.213],[119.815,51.216],[119.815,51.223],[119.809,51.233],[119.806,51.244],[119.816,51.269],[119.82,51.275],[119.829,51.28],[119.851,51.284],[119.861,51.289],[119.883,51.318],[119.892,51.323],[119.916,51.331],[119.913,51.35],[119.9,51.37],[119.895,51.384],[119.943,51.391],[119.953,51.398],[119.957,51.405],[119.96,51.412],[119.967,51.422],[119.983,51.442],[119.981,51.453],[119.974,51.464],[119.977,51.487],[119.992,51.503],[120.042,51.539],[120.053,51.552],[120.054,51.577],[120.057,51.596],[120.065,51.615],[120.086,51.644],[120.1,51.66],[120.108,51.665],[120.122,51.667],[120.154,51.664],[120.166,51.669],[120.181,51.683],[120.319,51.776],[120.374,51.802],[120.408,51.826],[120.428,51.834],[120.454,51.836],[120.465,51.84],[120.471,51.849],[120.476,51.859],[120.481,51.867],[120.493,51.876],[120.502,51.877],[120.512,51.876],[120.527,51.877],[120.541,51.883],[120.549,51.89],[120.556,51.898],[120.566,51.905],[120.579,51.908],[120.625,51.905],[120.648,51.911],[120.662,51.925],[120.684,51.959],[120.706,51.98],[120.711,51.988],[120.712,52.002],[120.708,52.012],[120.701,52.023],[120.696,52.034],[120.697,52.049],[120.706,52.061],[120.718,52.067],[120.732,52.07],[120.745,52.077],[120.753,52.086],[120.767,52.108],[120.779,52.118],[120.774,52.124],[120.771,52.132],[120.771,52.141],[120.776,52.148],[120.784,52.158],[120.783,52.162],[120.777,52.165],[120.772,52.172],[120.767,52.18],[120.754,52.194],[120.751,52.203],[120.752,52.212],[120.757,52.228],[120.758,52.237],[120.739,52.257],[120.655,52.299],[120.636,52.326],[120.633,52.335],[120.629,52.341],[120.626,52.347],[120.628,52.358],[120.633,52.362],[120.643,52.366],[120.652,52.372],[120.656,52.381],[120.66,52.399],[120.681,52.423],[120.69,52.439],[120.69,52.47],[120.693,52.475],[120.702,52.489],[120.704,52.498],[120.705,52.509],[120.708,52.518],[120.724,52.542],[120.707,52.55],[120.654,52.567],[120.609,52.574],[120.54,52.604],[120.492,52.617],[120.464,52.636],[120.454,52.639],[120.43,52.636],[120.389,52.622],[120.368,52.617],[120.261,52.611],[120.242,52.607],[120.198,52.589],[120.176,52.584],[120.113,52.585],[120.079,52.59],[120.056,52.601],[120.043,52.614],[120.034,52.625],[120.03,52.639],[120.033,52.659],[120.037,52.668],[120.053,52.693],[120.052,52.705],[120.044,52.724],[120.046,52.734],[120.033,52.761],[120.066,52.783],[120.156,52.809],[120.177,52.818],[120.22,52.845],[120.252,52.853],[120.267,52.858],[120.28,52.866],[120.286,52.875],[120.291,52.885],[120.302,52.891],[120.327,52.899],[120.337,52.908],[120.342,52.915],[120.347,52.923],[120.354,52.933],[120.362,52.939],[120.392,52.957],[120.45,53.008],[120.528,53.056],[120.615,53.097],[120.652,53.123],[120.714,53.185],[120.751,53.207],[120.824,53.235],[120.83,53.245],[120.826,53.262],[120.846,53.273],[120.874,53.28],[121.055,53.29],[121.152,53.275],[121.203,53.277],[121.254,53.287],[121.3,53.303],[121.328,53.32],[121.341,53.324],[121.358,53.324],[121.406,53.317],[121.413,53.317],[121.414,53.316],[121.427,53.304],[121.443,53.293],[121.452,53.288],[121.512,53.266],[121.579,53.252],[121.607,53.241],[121.626,53.23],[121.638,53.22],[121.644,53.214],[121.649,53.209],[121.651,53.204],[121.666,53.157],[121.677,53.138],[121.683,53.133],[121.693,53.127],[121.744,53.111],[121.752,53.108],[121.759,53.103],[121.765,53.095],[121.768,53.088],[121.77,53.076],[121.774,53.065],[121.783,53.052],[121.794,53.039],[121.797,53.034],[121.799,53.029],[121.8,53.024],[121.799,53.018],[121.797,53.013],[121.79,53],[121.787,52.997],[121.78,52.989],[121.769,52.982],[121.746,52.97],[121.736,52.962],[121.727,52.955],[121.712,52.936],[121.7,52.917],[121.692,52.908],[121.503,52.775],[121.174,52.595],[121.17,52.591],[121.167,52.587],[121.167,52.581],[121.169,52.577],[121.18,52.571],[121.197,52.565],[121.326,52.532],[121.397,52.502],[121.42,52.488],[121.424,52.484],[121.467,52.456],[121.491,52.445],[121.582,52.414],[121.692,52.389],[121.703,52.384],[121.719,52.374],[121.727,52.368],[121.733,52.363],[121.741,52.355],[121.773,52.311],[121.804,52.283],[121.814,52.276],[121.82,52.273],[121.831,52.269],[121.879,52.261],[121.911,52.258],[121.97,52.267],[121.997,52.274],[122.018,52.283],[122.028,52.29],[122.042,52.302],[122.097,52.362],[122.134,52.415],[122.137,52.42],[122.16,52.461],[122.174,52.48],[122.179,52.483],[122.184,52.487],[122.191,52.489],[122.199,52.49],[122.208,52.49],[122.339,52.454],[122.346,52.45],[122.354,52.442],[122.359,52.436],[122.369,52.416],[122.374,52.407],[122.382,52.398],[122.399,52.381],[122.444,52.357],[122.454,52.349],[122.474,52.322],[122.481,52.308],[122.484,52.303],[122.492,52.295],[122.499,52.288],[122.502,52.286],[122.511,52.282],[122.57,52.266],[122.731,52.249],[122.741,52.246],[122.752,52.241],[122.767,52.231],[122.774,52.224],[122.777,52.218],[122.778,52.212],[122.777,52.206],[122.775,52.2],[122.772,52.194],[122.77,52.189],[122.763,52.18],[122.754,52.172],[122.749,52.169],[122.737,52.162],[122.725,52.157],[122.697,52.148],[122.663,52.142],[122.652,52.139],[122.645,52.136],[122.639,52.132],[122.636,52.127],[122.634,52.122],[122.633,52.116],[122.634,52.105],[122.638,52.095],[122.754,51.847],[122.761,51.826],[122.763,51.815],[122.762,51.809],[122.761,51.802],[122.759,51.797],[122.756,51.792],[122.748,51.783],[122.721,51.759],[122.714,51.75],[122.711,51.745],[122.708,51.74],[122.707,51.734],[122.706,51.728],[122.706,51.722],[122.709,51.711],[122.714,51.702],[122.836,51.568],[122.838,51.563],[122.84,51.558],[122.842,51.553],[122.841,51.547],[122.839,51.535],[122.837,51.522],[122.837,51.516],[122.839,51.511],[122.844,51.498],[122.853,51.481],[122.884,51.448],[122.956,51.386],[122.977,51.376],[123.012,51.362],[123.024,51.356],[123.063,51.327],[123.088,51.312],[123.102,51.308],[123.115,51.306],[123.132,51.307],[123.141,51.31],[123.154,51.316],[123.161,51.318],[123.17,51.318],[123.179,51.316],[123.187,51.312],[123.193,51.308],[123.207,51.295],[123.22,51.285],[123.232,51.279],[123.245,51.273],[123.259,51.269],[123.272,51.267],[123.369,51.266],[123.438,51.273],[123.45,51.273],[123.464,51.271],[123.486,51.266],[123.503,51.26],[123.507,51.257],[123.516,51.25],[123.549,51.217],[123.558,51.21],[123.563,51.207],[123.57,51.204],[123.594,51.198],[123.622,51.197],[123.662,51.2],[123.76,51.218],[123.774,51.222],[123.78,51.225],[123.785,51.229],[123.789,51.233],[123.792,51.238],[123.794,51.243],[123.796,51.249],[123.799,51.268],[123.802,51.281],[123.808,51.291],[123.817,51.299],[123.822,51.303],[123.827,51.305],[123.834,51.308],[123.849,51.312],[123.866,51.313],[124.004,51.302],[124.162,51.328],[124.174,51.327],[124.19,51.324],[124.235,51.308],[124.263,51.292],[124.284,51.283],[124.31,51.279],[124.351,51.279],[124.37,51.281],[124.399,51.288],[124.425,51.298],[124.43,51.302],[124.435,51.306],[124.438,51.31],[124.44,51.316],[124.443,51.329],[124.446,51.341],[124.449,51.346],[124.453,51.351],[124.458,51.354],[124.465,51.356],[124.48,51.359],[124.502,51.361],[124.666,51.335],[124.763,51.366],[124.821,51.366],[124.828,51.368],[124.833,51.371],[124.837,51.376],[124.847,51.398],[124.851,51.402],[124.855,51.406],[124.866,51.413],[124.877,51.42],[124.93,51.438],[124.936,51.441],[124.94,51.445],[124.943,51.45],[124.944,51.456],[124.945,51.468],[124.946,51.473],[124.948,51.479],[124.951,51.484],[124.955,51.489],[124.959,51.493],[124.965,51.496],[124.971,51.498],[124.978,51.5],[125.022,51.505],[125.035,51.509],[125.046,51.516],[125.054,51.524],[125.058,51.529],[125.061,51.534],[125.062,51.54],[125.063,51.547],[125.062,51.577],[125.063,51.583],[125.065,51.589],[125.068,51.594],[125.072,51.599],[125.076,51.603],[125.081,51.606],[125.087,51.609],[125.094,51.612],[125.101,51.614],[125.109,51.615],[125.128,51.616],[125.333,51.583],[125.387,51.561],[125.487,51.507],[125.515,51.484],[125.539,51.457],[125.548,51.444],[125.554,51.434],[125.56,51.413],[125.563,51.403],[125.569,51.397],[125.577,51.389],[125.648,51.343],[125.663,51.328],[125.683,51.303],[125.687,51.296],[125.696,51.276],[125.703,51.267],[125.719,51.254],[125.793,51.213],[125.8,51.21],[125.819,51.214],[125.843,51.206],[125.851,51.188],[125.856,51.166],[125.871,51.145],[125.888,51.139],[125.912,51.135],[125.928,51.127],[125.925,51.11],[125.957,51.112],[125.966,51.11],[125.981,51.106],[125.984,51.104],[125.982,51.1],[125.981,51.086],[125.989,51.07],[126.027,51.051],[126.035,51.039],[126.036,51.029],[126.041,51.019],[126.044,51],[126.049,50.992],[126.054,50.986],[126.056,50.98],[126.054,50.961],[126.045,50.943],[126.031,50.929],[126.015,50.918],[126.021,50.911],[126.018,50.908],[126.001,50.902],[125.995,50.894],[125.993,50.884],[125.99,50.875],[125.981,50.87],[125.963,50.886],[125.952,50.893],[125.946,50.888],[125.944,50.878],[125.939,50.87],[125.933,50.862],[125.925,50.857],[125.917,50.861],[125.909,50.863],[125.9,50.861],[125.891,50.857],[125.899,50.852],[125.904,50.848],[125.912,50.836],[125.896,50.828],[125.847,50.795],[125.837,50.785],[125.824,50.767],[125.768,50.768],[125.754,50.754],[125.762,50.744],[125.8,50.713],[125.809,50.696],[125.803,50.691],[125.783,50.676],[125.785,50.672],[125.79,50.667],[125.802,50.638],[125.81,50.597],[125.809,50.562],[125.793,50.534],[125.754,50.514],[125.742,50.512],[125.722,50.511],[125.713,50.507],[125.706,50.5],[125.694,50.483],[125.689,50.479],[125.68,50.478],[125.668,50.473],[125.657,50.468],[125.652,50.463],[125.647,50.453],[125.634,50.448],[125.587,50.441],[125.575,50.436],[125.57,50.429],[125.573,50.405],[125.572,50.394],[125.566,50.394],[125.542,50.407],[125.531,50.393],[125.521,50.343],[125.514,50.325],[125.506,50.314],[125.497,50.309],[125.488,50.307],[125.475,50.301],[125.464,50.293],[125.46,50.284],[125.457,50.272],[125.451,50.267],[125.444,50.262],[125.439,50.254],[125.443,50.246],[125.451,50.239],[125.454,50.232],[125.439,50.226],[125.443,50.211],[125.434,50.201],[125.418,50.195],[125.385,50.19],[125.343,50.165],[125.36,50.145],[125.343,50.129],[125.316,50.125],[125.302,50.137],[125.288,50.129],[125.275,50.118],[125.264,50.106],[125.261,50.096],[125.264,50.095],[125.278,50.074],[125.281,50.069],[125.293,50.066],[125.317,50.066],[125.329,50.062],[125.311,50.051],[125.292,50.05],[125.25,50.055],[125.244,50.051],[125.252,50.043],[125.263,50.036],[125.267,50.034],[125.275,50.029],[125.282,50.026],[125.289,50.022],[125.295,50.014],[125.289,50.005],[125.28,49.998],[125.27,49.994],[125.257,49.993],[125.248,49.989],[125.233,49.967],[125.226,49.959],[125.2,49.956],[125.187,49.952],[125.188,49.942],[125.198,49.934],[125.218,49.924],[125.226,49.918],[125.224,49.901],[125.237,49.888],[125.245,49.877],[125.226,49.864],[125.235,49.848],[125.217,49.841],[125.191,49.834],[125.178,49.819],[125.183,49.811],[125.194,49.806],[125.207,49.803],[125.216,49.798],[125.223,49.787],[125.224,49.776],[125.22,49.754],[125.22,49.668],[125.216,49.661],[125.207,49.653],[125.197,49.647],[125.188,49.644],[125.179,49.647],[125.162,49.661],[125.151,49.664],[125.125,49.657],[125.131,49.637],[125.148,49.619],[125.163,49.621],[125.175,49.614],[125.195,49.6],[125.202,49.592],[125.207,49.578],[125.213,49.568],[125.22,49.562],[125.229,49.56],[125.236,49.554],[125.24,49.541],[125.234,49.542],[125.223,49.532],[125.219,49.52],[125.229,49.514],[125.23,49.502],[125.267,49.438],[125.264,49.427],[125.246,49.401],[125.24,49.39],[125.241,49.379],[125.251,49.355],[125.254,49.343],[125.245,49.321],[125.231,49.302],[125.222,49.285],[125.233,49.274],[125.227,49.264],[125.222,49.259],[125.22,49.26],[125.219,49.259],[125.218,49.24],[125.22,49.239],[125.22,49.234],[125.226,49.231],[125.226,49.226],[125.223,49.22],[125.215,49.212],[125.209,49.203],[125.201,49.195],[125.19,49.188],[125.182,49.185],[125.174,49.181],[125.164,49.16],[125.158,49.151],[125.136,49.139],[125.113,49.135],[125.063,49.137],[125.051,49.141],[125.041,49.15],[125.031,49.164],[124.955,49.166],[124.903,49.177],[124.874,49.178],[124.864,49.175],[124.856,49.168],[124.851,49.158],[124.85,49.147],[124.846,49.137],[124.837,49.13],[124.828,49.124],[124.822,49.116],[124.823,49.082],[124.822,49.061],[124.812,49.044],[124.798,49.031],[124.786,49.015],[124.698,48.849],[124.675,48.832],[124.67,48.822],[124.658,48.794],[124.633,48.762],[124.622,48.742],[124.624,48.726],[124.619,48.715],[124.616,48.699],[124.616,48.668],[124.614,48.652],[124.607,48.639],[124.59,48.616],[124.538,48.572],[124.532,48.559],[124.534,48.548],[124.549,48.52],[124.534,48.502],[124.537,48.484],[124.544,48.467],[124.538,48.448],[124.53,48.432],[124.526,48.389],[124.521,48.369],[124.547,48.352],[124.559,48.315],[124.562,48.236],[124.549,48.205],[124.544,48.201],[124.528,48.191],[124.526,48.184],[124.527,48.179],[124.528,48.175],[124.528,48.171],[124.525,48.143],[124.52,48.129],[124.511,48.123],[124.494,48.119],[124.482,48.112],[124.477,48.127],[124.475,48.136],[124.473,48.143],[124.47,48.15],[124.465,48.155],[124.459,48.16],[124.426,48.174],[124.421,48.178],[124.418,48.183],[124.417,48.188],[124.416,48.193],[124.415,48.199],[124.417,48.217],[124.416,48.222],[124.414,48.227],[124.41,48.231],[124.405,48.234],[124.396,48.241],[124.395,48.245],[124.395,48.248],[124.395,48.254],[124.395,48.259],[124.393,48.264],[124.389,48.268],[124.381,48.276],[124.378,48.28],[124.372,48.289],[124.369,48.293],[124.364,48.297],[124.353,48.303],[124.345,48.311],[124.342,48.316],[124.327,48.332],[124.317,48.351],[124.314,48.361],[124.313,48.372],[124.313,48.378],[124.316,48.391],[124.318,48.426],[124.316,48.431],[124.307,48.444],[124.305,48.449],[124.304,48.454],[124.305,48.46],[124.307,48.472],[124.307,48.478],[124.306,48.483],[124.304,48.488],[124.301,48.492],[124.278,48.516],[124.253,48.533],[124.244,48.534],[124.234,48.531],[124.078,48.448],[123.727,48.191],[123.578,48.054],[123.55,48.038],[123.487,48.008],[123.344,47.966],[123.293,47.946],[123.287,47.941],[123.28,47.936],[123.27,47.925],[123.265,47.918],[123.244,47.867],[123.219,47.827],[123.207,47.814],[123.095,47.755],[122.797,47.644],[122.723,47.598],[122.565,47.531],[122.556,47.523],[122.546,47.51],[122.513,47.455],[122.495,47.41],[122.487,47.402],[122.415,47.347],[122.405,47.332],[122.449,47.285],[122.488,47.252],[122.501,47.237],[122.536,47.17],[122.542,47.162],[122.574,47.131],[122.626,47.097],[122.65,47.086],[122.764,47.052],[122.777,47.047],[122.788,47.041],[122.797,47.034],[122.996,46.84],[123.029,46.818],[123.073,46.796],[123.124,46.775],[123.154,46.767],[123.187,46.762],[123.194,46.764],[123.204,46.771],[123.239,46.803],[123.254,46.813],[123.267,46.817],[123.313,46.822],[123.322,46.826],[123.33,46.833],[123.355,46.875],[123.369,46.89],[123.38,46.898],[123.391,46.9],[123.442,46.892],[123.46,46.885],[123.468,46.875],[123.469,46.859],[123.464,46.837],[123.47,46.831],[123.477,46.824],[123.489,46.817],[123.504,46.814],[123.523,46.814],[123.542,46.816],[123.548,46.823],[123.55,46.833],[123.554,46.848],[123.563,46.865],[123.571,46.873],[123.579,46.876],[123.592,46.876],[123.594,46.869],[123.613,46.841],[123.613,46.835],[123.605,46.832],[123.6,46.826],[123.596,46.818],[123.595,46.81],[123.599,46.807],[123.626,46.807],[123.626,46.803],[123.621,46.794],[123.609,46.775],[123.536,46.692],[123.397,46.598],[123.391,46.595],[123.378,46.591],[123.371,46.59],[123.292,46.586],[123.219,46.594],[123.094,46.622],[123.063,46.625],[123.05,46.623],[123.036,46.62],[123.02,46.612],[123.017,46.61],[123.013,46.607],[123.01,46.603],[123.007,46.596],[123.005,46.592],[123.004,46.586],[123.003,46.58],[123.004,46.567],[123.009,46.52],[123.007,46.501],[123.002,46.475],[122.986,46.442],[122.984,46.434],[122.985,46.424],[122.989,46.407],[123.034,46.347],[123.162,46.22],[123.147,46.209],[123.142,46.203],[123.137,46.195],[123.132,46.182],[123.109,46.155],[123.106,46.148],[123.103,46.137],[123.1,46.128],[123.095,46.12],[123.086,46.113],[123.077,46.11],[123.069,46.109],[122.821,46.094],[122.814,46.095],[122.807,46.096],[122.801,46.094],[122.799,46.089],[122.791,45.97],[122.793,45.947],[122.801,45.913],[122.799,45.906],[122.796,45.899],[122.79,45.89],[122.775,45.876],[122.771,45.87],[122.768,45.861],[122.767,45.846],[122.768,45.837],[122.773,45.801],[122.773,45.788],[122.772,45.781],[122.769,45.774],[122.763,45.765],[122.752,45.754],[122.718,45.722],[122.708,45.715],[122.703,45.712],[122.696,45.711],[122.689,45.711],[122.647,45.725],[122.612,45.747],[122.573,45.777],[122.513,45.809],[122.509,45.813],[122.501,45.821],[122.498,45.825],[122.486,45.85],[122.471,45.892],[122.466,45.902],[122.453,45.92],[122.444,45.927],[122.426,45.942],[122.421,45.945],[122.414,45.947],[122.407,45.949],[122.399,45.949],[122.391,45.945],[122.384,45.936],[122.377,45.917],[122.369,45.9],[122.294,45.834],[122.268,45.819],[122.261,45.816],[122.255,45.814],[122.247,45.813],[122.24,45.813],[122.233,45.815],[122.228,45.819],[122.225,45.823],[122.215,45.838],[122.208,45.845],[122.204,45.849],[122.193,45.855],[122.146,45.871],[122.059,45.927],[122.055,45.931],[122.052,45.936],[122.047,45.945],[122.041,45.954],[122.037,45.958],[122.032,45.962],[122.022,45.969],[122.011,45.975],[122.001,45.979],[121.996,45.98],[121.954,45.986],[121.939,45.989],[121.901,46.005],[121.886,46.009],[121.87,46.011],[121.795,46.015],[121.787,46.014],[121.78,46.013],[121.774,46.01],[121.771,46.005],[121.771,45.997],[121.779,45.982],[121.785,45.974],[121.791,45.968],[121.8,45.961],[121.808,45.952],[121.812,45.947],[121.814,45.94],[121.816,45.929],[121.815,45.914],[121.813,45.905],[121.811,45.898],[121.796,45.873],[121.742,45.799],[121.726,45.782],[121.721,45.779],[121.714,45.775],[121.657,45.749],[121.653,45.745],[121.65,45.741],[121.65,45.735],[121.653,45.729],[121.66,45.721],[121.666,45.716],[121.729,45.682],[121.743,45.678],[121.759,45.675],[121.777,45.675],[121.785,45.676],[121.865,45.699],[121.88,45.701],[121.898,45.7],[121.915,45.697],[121.928,45.693],[121.934,45.69],[121.939,45.687],[121.944,45.683],[121.948,45.679],[121.965,45.657],[121.982,45.642],[121.985,45.637],[121.986,45.63],[121.985,45.618],[121.983,45.611],[121.98,45.605],[121.968,45.585],[121.966,45.58],[121.965,45.574],[121.964,45.568],[121.965,45.559],[121.968,45.55],[121.975,45.536],[121.98,45.529],[121.987,45.524],[121.997,45.518],[122,45.516],[122.003,45.513],[122.006,45.509],[122.008,45.506],[122.013,45.495],[122.016,45.491],[122.021,45.487],[122.027,45.485],[122.107,45.469],[122.119,45.463],[122.128,45.456],[122.136,45.449],[122.165,45.415],[122.186,45.383],[122.206,45.363],[122.209,45.357],[122.21,45.348],[122.21,45.321],[122.214,45.309],[122.228,45.296],[122.234,45.287],[122.236,45.28],[122.237,45.271],[122.234,45.254],[122.232,45.245],[122.228,45.238],[122.218,45.224],[122.202,45.208],[122.192,45.201],[122.148,45.178],[122.122,45.169],[122.051,45.152],[122.037,45.146],[122.03,45.141],[122.025,45.137],[122.02,45.133],[122.017,45.128],[122.011,45.118],[122.009,45.113],[122.006,45.1],[122.006,45.09],[122.014,45.029],[122.038,44.934],[122.038,44.909],[122.037,44.896],[122.035,44.889],[122.033,44.884],[122.023,44.863],[122.021,44.857],[122.023,44.847],[122.043,44.795],[122.046,44.779],[122.046,44.771],[122.041,44.731],[122.041,44.719],[122.042,44.707],[122.046,44.695],[122.072,44.645],[122.088,44.62],[122.238,44.475],[122.257,44.461],[122.274,44.446],[122.278,44.439],[122.282,44.429],[122.282,44.398],[122.279,44.364],[122.254,44.246],[122.278,44.219],[122.299,44.211],[122.322,44.211],[122.377,44.22],[122.595,44.291],[122.6,44.294],[122.604,44.298],[122.611,44.308],[122.624,44.318],[122.638,44.324],[122.715,44.336],[122.726,44.338],[122.75,44.349],[122.821,44.394],[122.955,44.447],[123.009,44.484],[123.028,44.501],[123.045,44.513],[123.081,44.531],[123.092,44.533],[123.099,44.531],[123.106,44.525],[123.111,44.519],[123.12,44.506],[123.122,44.501],[123.122,44.5],[123.124,44.494],[123.125,44.485],[123.125,44.476],[123.123,44.463],[123.119,44.441],[123.116,44.418],[123.117,44.406],[123.118,44.403],[123.119,44.4],[123.121,44.396],[123.124,44.394],[123.168,44.367],[123.172,44.363],[123.175,44.359],[123.177,44.356],[123.179,44.352],[123.185,44.325],[123.189,44.315],[123.196,44.301],[123.217,44.275],[123.243,44.221],[123.246,44.216],[123.25,44.212],[123.253,44.208],[123.258,44.204],[123.268,44.198],[123.28,44.193],[123.323,44.179],[123.34,44.172],[123.345,44.168],[123.349,44.164],[123.356,44.156],[123.359,44.151],[123.362,44.141],[123.365,44.123],[123.365,44.116],[123.363,44.104],[123.361,44.097],[123.359,44.092],[123.351,44.082],[123.331,44.07],[123.327,44.066],[123.324,44.061],[123.321,44.056],[123.321,44.049],[123.322,44.042],[123.339,44],[123.343,43.993],[123.399,43.921],[123.418,43.89],[123.471,43.762],[123.481,43.745],[123.499,43.722],[123.522,43.697],[123.525,43.692],[123.526,43.686],[123.529,43.673],[123.53,43.657],[123.528,43.637],[123.524,43.625],[123.519,43.615],[123.517,43.612],[123.498,43.594],[123.494,43.589],[123.49,43.591],[123.452,43.6],[123.419,43.618],[123.416,43.597],[123.416,43.591],[123.421,43.579],[123.42,43.573],[123.416,43.569],[123.399,43.563],[123.361,43.54],[123.358,43.537],[123.355,43.534],[123.35,43.526],[123.348,43.521],[123.345,43.509],[123.344,43.5],[123.345,43.495],[123.348,43.485],[123.351,43.479],[123.355,43.472],[123.359,43.467],[123.368,43.46],[123.378,43.453],[123.387,43.45],[123.397,43.448],[123.429,43.444],[123.442,43.442],[123.455,43.437],[123.472,43.427],[123.496,43.409],[123.5,43.406],[123.506,43.404],[123.516,43.402],[123.555,43.4],[123.562,43.399],[123.571,43.396],[123.582,43.388],[123.591,43.38],[123.606,43.365],[123.628,43.359],[123.696,43.353],[123.697,43.345],[123.696,43.341],[123.697,43.339],[123.697,43.338],[123.698,43.335],[123.699,43.332],[123.7,43.328],[123.699,43.323],[123.697,43.317],[123.684,43.291],[123.683,43.288],[123.682,43.286],[123.681,43.281],[123.677,43.274],[123.67,43.264],[123.668,43.256],[123.668,43.25],[123.669,43.245],[123.67,43.239],[123.67,43.234],[123.668,43.228],[123.665,43.223],[123.661,43.218],[123.655,43.212],[123.654,43.21],[123.653,43.208],[123.654,43.204],[123.657,43.198],[123.659,43.194],[123.661,43.19],[123.661,43.186],[123.661,43.183],[123.66,43.178],[123.657,43.174],[123.646,43.16],[123.642,43.153],[123.634,43.138],[123.628,43.118],[123.624,43.093],[123.62,43.087],[123.612,43.081],[123.354,43.012],[123.344,43.012],[123.3,43.016],[123.284,43.01],[123.261,42.999],[123.193,42.955],[123.182,42.944],[123.16,42.865],[123.14,42.835],[123.131,42.826],[123.072,42.794],[123.067,42.791],[123.059,42.788],[123.047,42.786],[123.025,42.785],[122.975,42.788],[122.966,42.786],[122.957,42.783],[122.928,42.771],[122.921,42.767],[122.898,42.748],[122.893,42.745],[122.877,42.741],[122.763,42.732],[122.743,42.736],[122.728,42.741],[122.572,42.809],[122.534,42.832],[122.527,42.834],[122.476,42.85],[122.392,42.854],[122.384,42.852],[122.376,42.848],[122.368,42.84],[122.365,42.834],[122.363,42.827],[122.362,42.821],[122.363,42.815],[122.363,42.809],[122.367,42.799],[122.376,42.78],[122.383,42.771],[122.426,42.722],[122.431,42.713],[122.433,42.708],[122.434,42.703],[122.434,42.697],[122.434,42.691],[122.432,42.685],[122.429,42.68],[122.426,42.675],[122.417,42.667],[122.412,42.663],[122.4,42.658],[122.299,42.636],[122.292,42.637],[122.283,42.637],[122.268,42.641],[122.256,42.647],[122.19,42.685],[122.183,42.687],[122.176,42.689],[122.135,42.692],[122.12,42.696],[122.063,42.72],[122.056,42.721],[122.045,42.721],[121.966,42.696],[121.949,42.685],[121.934,42.673],[121.925,42.664],[121.92,42.653],[121.918,42.647],[121.914,42.621],[121.914,42.615],[121.913,42.603],[121.893,42.558],[121.886,42.548],[121.882,42.544],[121.878,42.54],[121.76,42.487],[121.75,42.479],[121.739,42.465],[121.733,42.461],[121.724,42.458],[121.694,42.456],[121.675,42.456],[121.646,42.454],[121.64,42.454],[121.635,42.455],[121.629,42.457],[121.618,42.464],[121.61,42.471],[121.589,42.5],[121.588,42.503],[121.583,42.517],[121.58,42.521],[121.576,42.525],[121.571,42.529],[121.565,42.532],[121.559,42.534],[121.552,42.535],[121.544,42.535],[121.496,42.522],[121.483,42.521],[121.474,42.523],[121.468,42.526],[121.457,42.525],[121.444,42.523],[121.421,42.514],[121.397,42.509],[121.383,42.507],[121.369,42.5],[121.034,42.26],[121.014,42.251],[120.998,42.25],[120.97,42.261],[120.963,42.265],[120.95,42.276],[120.935,42.292],[120.932,42.296],[120.913,42.297],[120.839,42.266],[120.735,42.228],[120.728,42.223],[120.701,42.202],[120.656,42.172],[120.639,42.165],[120.628,42.16],[120.509,42.149],[120.502,42.147],[120.496,42.144],[120.492,42.14],[120.489,42.136],[120.487,42.13],[120.486,42.124],[120.486,42.118],[120.487,42.113],[120.491,42.102],[120.492,42.096],[120.493,42.09],[120.492,42.084],[120.49,42.079],[120.469,42.038],[120.466,42.035],[120.458,42.025],[120.448,42.015],[120.431,42.005],[120.34,41.966],[120.331,41.96],[120.311,41.941],[120.303,41.93],[120.292,41.912],[120.261,41.88],[120.173,41.817],[120.141,41.789],[120.135,41.779],[120.13,41.768],[120.127,41.757],[120.122,41.727],[120.118,41.717],[120.113,41.711],[120.108,41.707],[120.102,41.704],[120.096,41.702],[120.081,41.7],[120.064,41.7],[120.048,41.702],[120.041,41.704],[120.036,41.707],[120.033,41.712],[120.03,41.717],[120.028,41.722],[120.027,41.728],[120.026,41.734],[120.036,41.806],[120.037,41.832],[120.034,41.85],[120.033,41.856],[120.03,41.861],[120.027,41.865],[120.019,41.873],[119.985,41.903],[119.982,41.907],[119.98,41.912],[119.979,41.918],[119.978,41.925],[119.979,41.938],[119.977,41.95],[119.976,41.956],[119.973,41.96],[119.969,41.965],[119.96,41.972],[119.892,41.999],[119.891,42],[119.888,42.004],[119.886,42.008],[119.885,42.013],[119.884,42.019],[119.884,42.053],[119.883,42.059],[119.881,42.064],[119.876,42.07],[119.808,42.12],[119.804,42.124],[119.801,42.129],[119.799,42.134],[119.799,42.14],[119.801,42.145],[119.805,42.149],[119.832,42.164],[119.845,42.174],[119.847,42.18],[119.846,42.187],[119.837,42.199],[119.83,42.205],[119.821,42.209],[119.762,42.221],[119.678,42.227],[119.66,42.231],[119.644,42.236],[119.636,42.24],[119.631,42.245],[119.629,42.251],[119.627,42.269],[119.626,42.275],[119.624,42.28],[119.621,42.286],[119.617,42.29],[119.592,42.311],[119.588,42.316],[119.587,42.32],[119.587,42.326],[119.59,42.338],[119.59,42.345],[119.582,42.356],[119.563,42.372],[119.534,42.39],[119.52,42.395],[119.512,42.395],[119.508,42.39],[119.507,42.39],[119.507,42.389],[119.502,42.381],[119.49,42.352],[119.474,42.332],[119.466,42.326],[119.451,42.317],[119.449,42.316],[119.43,42.318],[119.428,42.317],[119.425,42.317],[119.423,42.315],[119.418,42.311],[119.414,42.308],[119.404,42.303],[119.398,42.301],[119.387,42.299],[119.384,42.299],[119.375,42.299],[119.355,42.298],[119.35,42.297],[119.344,42.294],[119.336,42.289],[119.317,42.273],[119.3,42.261],[119.285,42.246],[119.269,42.232],[119.268,42.231],[119.266,42.227],[119.251,42.208],[119.249,42.204],[119.247,42.198],[119.245,42.192],[119.246,42.187],[119.249,42.182],[119.253,42.179],[119.264,42.172],[119.311,42.125],[119.316,42.122],[119.322,42.119],[119.35,42.11],[119.356,42.107],[119.361,42.104],[119.366,42.1],[119.369,42.096],[119.371,42.091],[119.374,42.08],[119.376,42.062],[119.375,42.05],[119.372,42.037],[119.368,42.025],[119.363,42.015],[119.345,41.992],[119.331,41.98],[119.327,41.976],[119.324,41.971],[119.322,41.965],[119.321,41.959],[119.321,41.954],[119.323,41.948],[119.324,41.943],[119.325,41.937],[119.327,41.896],[119.331,41.873],[119.331,41.868],[119.329,41.861],[119.325,41.855],[119.309,41.842],[119.307,41.84],[119.306,41.838],[119.305,41.836],[119.305,41.831],[119.307,41.814],[119.306,41.808],[119.303,41.797],[119.3,41.79],[119.299,41.787],[119.299,41.783],[119.299,41.777],[119.3,41.772],[119.301,41.767],[119.303,41.762],[119.304,41.758],[119.303,41.754],[119.301,41.745],[119.301,41.742],[119.302,41.737],[119.307,41.723],[119.308,41.718],[119.307,41.704],[119.308,41.693],[119.314,41.666],[119.314,41.661],[119.315,41.659],[119.316,41.658],[119.345,41.628],[119.351,41.619],[119.356,41.608],[119.381,41.52],[119.39,41.473],[119.391,41.46],[119.389,41.433],[119.386,41.421],[119.382,41.41],[119.372,41.389],[119.362,41.375],[119.231,41.273],[119.236,41.288],[119.24,41.308],[119.239,41.315],[119.238,41.32],[119.235,41.323],[119.228,41.324],[119.214,41.324],[119.177,41.314],[119.153,41.312],[118.867,41.337],[118.844,41.347],[118.831,41.358],[118.83,41.367],[118.828,41.374],[118.824,41.378],[118.819,41.382],[118.809,41.383],[118.797,41.38],[118.772,41.371],[118.728,41.347],[118.709,41.342],[118.689,41.344],[118.625,41.355],[118.478,41.355],[118.437,41.348],[118.422,41.343],[118.414,41.336],[118.41,41.331],[118.407,41.31],[118.397,41.31],[118.38,41.312],[118.37,41.314],[118.359,41.323],[118.35,41.336],[118.342,41.366],[118.341,41.382],[118.344,41.417],[118.339,41.433],[118.333,41.447],[118.295,41.461],[118.298,41.49],[118.298,41.494],[118.298,41.5],[118.312,41.542],[118.314,41.556],[118.314,41.57],[118.309,41.578],[118.301,41.585],[118.287,41.589],[118.26,41.59],[118.244,41.592],[118.231,41.599],[118.218,41.615],[118.204,41.66],[118.197,41.669],[118.19,41.677],[118.175,41.694],[118.159,41.719],[118.154,41.733],[118.152,41.75],[118.157,41.77],[118.168,41.79],[118.183,41.797],[118.2,41.798],[118.215,41.793],[118.227,41.786],[118.238,41.775],[118.249,41.761],[118.263,41.752],[118.278,41.753],[118.29,41.763],[118.303,41.786],[118.319,41.83],[118.323,41.849],[118.322,41.864],[118.315,41.877],[118.305,41.888],[118.28,41.906],[118.274,41.911],[118.275,41.916],[118.277,41.923],[118.295,41.96],[118.298,41.972],[118.296,41.983],[118.292,41.991],[118.282,42.002],[118.28,42.005],[118.277,42.013],[118.277,42.022],[118.279,42.041],[118.28,42.051],[118.277,42.062],[118.268,42.074],[118.254,42.082],[118.232,42.084],[118.221,42.081],[118.214,42.076],[118.212,42.07],[118.208,42.048],[118.205,42.042],[118.201,42.035],[118.194,42.03],[118.189,42.027],[118.183,42.024],[118.162,42.02],[118.148,42.02],[118.134,42.022],[118.125,42.029],[118.124,42.036],[118.129,42.05],[118.129,42.056],[118.127,42.064],[118.123,42.072],[118.106,42.096],[118.099,42.11],[118.097,42.125],[118.097,42.139],[118.102,42.163],[118.102,42.171],[118.099,42.176],[118.086,42.182],[118.022,42.202],[118.003,42.21],[117.989,42.222],[117.988,42.235],[117.991,42.245],[117.998,42.252],[118.004,42.254],[118.026,42.262],[118.036,42.269],[118.041,42.278],[118.04,42.289],[118.035,42.3],[118.026,42.312],[118.021,42.324],[118.018,42.335],[118.019,42.344],[118.021,42.353],[118.025,42.364],[118.025,42.373],[118.024,42.383],[118.019,42.39],[118.012,42.395],[117.982,42.411],[117.945,42.436],[117.874,42.5],[117.857,42.526],[117.846,42.536],[117.815,42.552],[117.806,42.56],[117.8,42.569],[117.801,42.58],[117.809,42.6],[117.808,42.606],[117.802,42.61],[117.787,42.61],[117.743,42.591],[117.628,42.565],[117.607,42.557],[117.6,42.552],[117.594,42.552],[117.554,42.596],[117.548,42.605],[117.544,42.615],[117.541,42.619],[117.536,42.621],[117.529,42.62],[117.521,42.613],[117.517,42.607],[117.51,42.596],[117.501,42.584],[117.498,42.582],[117.494,42.579],[117.473,42.568],[117.463,42.561],[117.454,42.553],[117.45,42.549],[117.447,42.544],[117.442,42.533],[117.434,42.5],[117.433,42.5],[117.428,42.477],[117.424,42.468],[117.422,42.465],[117.418,42.461],[117.412,42.458],[117.404,42.456],[117.393,42.455],[117.349,42.457],[117.317,42.463],[117.26,42.48],[117.244,42.482],[117.155,42.471],[117.138,42.472],[117.103,42.476],[117.056,42.463],[116.887,42.395],[116.869,42.383],[116.837,42.34],[116.829,42.325],[116.827,42.316],[116.827,42.308],[116.832,42.292],[116.841,42.273],[116.869,42.233],[116.873,42.229],[116.879,42.22],[116.885,42.203],[116.888,42.185],[116.888,42.174],[116.886,42.167],[116.881,42.16],[116.864,42.145],[116.86,42.138],[116.855,42.125],[116.854,42.117],[116.855,42.11],[116.857,42.105],[116.864,42.097],[116.885,42.076],[116.889,42.07],[116.889,42.063],[116.888,42.057],[116.873,42.031],[116.868,42.025],[116.858,42.02],[116.827,42.011],[116.817,42.006],[116.813,42.002],[116.811,41.998],[116.807,41.993],[116.797,41.987],[116.781,41.982],[116.763,41.98],[116.746,41.975],[116.672,41.939],[116.639,41.929],[116.619,41.925],[116.6,41.924],[116.58,41.927],[116.568,41.936],[116.561,41.949],[116.552,41.96],[116.537,41.967],[116.52,41.967],[116.48,41.951],[116.466,41.948],[116.459,41.948],[116.452,41.95],[116.447,41.954],[116.443,41.96],[116.433,41.99],[116.43,41.995],[116.427,41.998],[116.423,42],[116.415,42.004],[116.407,42.007],[116.394,42.01],[116.378,42.01],[116.361,42.003],[116.276,41.95],[116.207,41.884],[116.182,41.877],[116.13,41.873],[116.117,41.868],[116.109,41.858],[116.101,41.83],[116.086,41.811],[116.07,41.801],[116.057,41.798],[116.038,41.801],[116.013,41.837],[115.971,41.882],[115.948,41.915],[115.937,41.927],[115.924,41.935],[115.901,41.937],[115.88,41.933],[115.859,41.927],[115.842,41.92],[115.794,41.89],[115.682,41.848],[115.578,41.791],[115.528,41.772],[115.34,41.721],[115.322,41.711],[115.313,41.699],[115.311,41.688],[115.316,41.674],[115.342,41.638],[115.347,41.624],[115.341,41.616],[115.325,41.616],[115.303,41.621],[115.283,41.624],[115.268,41.62],[115.26,41.611],[115.256,41.6],[115.25,41.591],[115.24,41.586],[115.226,41.586],[115.137,41.611],[115.097,41.616],[115.036,41.615],[115.023,41.613],[114.889,41.61],[114.877,41.612],[114.876,41.62],[114.877,41.626],[114.88,41.632],[114.881,41.638],[114.882,41.644],[114.881,41.696],[114.884,41.719],[114.887,41.725],[114.888,41.731],[114.889,41.737],[114.888,41.745],[114.887,41.753],[114.871,41.783],[114.869,41.789],[114.869,41.796],[114.872,41.806],[114.876,41.812],[114.881,41.815],[114.887,41.818],[114.913,41.826],[114.918,41.828],[114.924,41.831],[114.928,41.835],[114.931,41.839],[114.931,41.848],[114.923,41.888],[114.922,41.902],[114.922,41.913],[114.924,41.919],[114.923,41.927],[114.92,41.937],[114.9,41.969],[114.896,41.977],[114.885,42.018],[114.88,42.029],[114.85,42.069],[114.847,42.075],[114.846,42.082],[114.855,42.116],[114.856,42.126],[114.851,42.139],[114.845,42.148],[114.805,42.178],[114.787,42.158],[114.776,42.149],[114.765,42.143],[114.752,42.14],[114.596,42.141],[114.55,42.13],[114.544,42.128],[114.533,42.122],[114.523,42.116],[114.481,42.075],[114.476,42.065],[114.452,42],[114.443,41.982],[114.436,41.973],[114.42,41.956],[114.405,41.947],[114.382,41.937],[114.356,41.93],[114.345,41.925],[114.324,41.914],[114.272,41.876],[114.256,41.86],[114.232,41.827],[114.225,41.81],[114.214,41.767],[114.197,41.594],[114.194,41.589],[114.19,41.584],[114.186,41.58],[114.177,41.573],[114.166,41.567],[114.136,41.556],[114.027,41.531],[114.017,41.525],[114.007,41.519],[113.999,41.509],[113.992,41.5],[113.972,41.46],[113.966,41.452],[113.961,41.446],[113.952,41.438],[113.936,41.427],[113.932,41.423],[113.928,41.418],[113.925,41.412],[113.924,41.403],[113.924,41.383],[113.923,41.378],[113.912,41.34],[113.911,41.334],[113.909,41.294],[113.91,41.286],[113.914,41.278],[113.924,41.266],[113.932,41.26],[113.94,41.257],[113.974,41.253],[113.98,41.249],[113.985,41.241],[113.988,41.225],[113.99,41.182],[113.989,41.176],[113.988,41.17],[113.985,41.165],[113.981,41.161],[113.976,41.158],[113.97,41.155],[113.964,41.153],[113.957,41.153],[113.95,41.154],[113.931,41.161],[113.924,41.163],[113.916,41.163],[113.909,41.161],[113.903,41.159],[113.898,41.156],[113.894,41.152],[113.891,41.147],[113.883,41.124],[113.882,41.118],[113.881,41.099],[113.879,41.094],[113.875,41.09],[113.869,41.088],[113.862,41.087],[113.855,41.088],[113.835,41.094],[113.828,41.095],[113.823,41.094],[113.823,41.089],[113.829,41.081],[113.857,41.058],[113.908,41.028],[113.912,41.025],[113.918,41.018],[113.954,40.967],[113.969,40.952],[113.984,40.942],[113.993,40.937],[114.009,40.93],[114.014,40.927],[114.019,40.924],[114.023,40.918],[114.028,40.912],[114.044,40.876],[114.046,40.871],[114.047,40.865],[114.047,40.833],[114.048,40.827],[114.052,40.821],[114.06,40.814],[114.116,40.787],[114.129,40.775],[114.154,40.743],[114.084,40.706],[114.063,40.693],[114.037,40.663],[114.032,40.651],[114.028,40.642],[114.027,40.635],[114.027,40.628],[114.027,40.622],[114.029,40.611],[114.033,40.601],[114.045,40.582],[114.055,40.569],[114.076,40.55],[114.079,40.546],[114.082,40.54],[114.083,40.532],[114.083,40.518],[114.08,40.509],[114.076,40.503],[114.069,40.498],[114.056,40.492],[114.044,40.488],[113.924,40.475],[113.896,40.469],[113.808,40.434],[113.795,40.431],[113.765,40.427],[113.748,40.427],[113.715,40.431],[113.698,40.432],[113.683,40.43],[113.677,40.429],[113.518,40.344],[113.507,40.339],[113.487,40.333],[113.437,40.325],[113.351,40.318],[113.334,40.319],[113.324,40.321],[113.311,40.325],[113.303,40.328],[113.297,40.332],[113.288,40.339],[113.284,40.343],[113.281,40.348],[113.255,40.395],[113.25,40.401],[113.244,40.407],[113.23,40.417],[113.219,40.421],[113.208,40.424],[113.193,40.425],[113.183,40.425],[113.086,40.404],[112.961,40.356],[112.951,40.35],[112.941,40.344],[112.925,40.328],[112.879,40.268],[112.844,40.226],[112.816,40.202],[112.808,40.198],[112.734,40.173],[112.726,40.171],[112.716,40.171],[112.708,40.172],[112.701,40.175],[112.696,40.178],[112.692,40.181],[112.684,40.189],[112.675,40.197],[112.609,40.231],[112.605,40.234],[112.596,40.238],[112.583,40.241],[112.543,40.246],[112.533,40.248],[112.492,40.267],[112.477,40.276],[112.467,40.28],[112.453,40.284],[112.424,40.289],[112.41,40.29],[112.399,40.288],[112.353,40.262],[112.29,40.237],[112.283,40.233],[112.279,40.229],[112.27,40.214],[112.255,40.198],[112.232,40.166],[112.22,40.139],[112.165,40.059],[112.16,40.055],[112.142,40.042],[112.11,40.018],[112.099,40.005],[112.024,39.889],[111.999,39.833],[111.993,39.824],[111.987,39.817],[111.959,39.791],[111.953,39.782],[111.949,39.774],[111.943,39.734],[111.94,39.723],[111.933,39.706],[111.927,39.696],[111.921,39.689],[111.883,39.659],[111.847,39.629],[111.841,39.626],[111.833,39.623],[111.814,39.62],[111.8,39.616],[111.773,39.602],[111.761,39.598],[111.751,39.598],[111.74,39.599],[111.718,39.605],[111.708,39.61],[111.701,39.614],[111.69,39.626],[111.685,39.63],[111.675,39.636],[111.49,39.652],[111.466,39.65],[111.453,39.645],[111.449,39.64],[111.449,39.636],[111.463,39.62],[111.454,39.617],[111.425,39.625],[111.425,39.617],[111.425,39.536],[111.421,39.522],[111.373,39.489],[111.343,39.444],[111.317,39.429],[111.284,39.425],[111.199,39.427],[111.164,39.423],[111.135,39.411],[111.11,39.385],[111.106,39.381],[111.055,39.405],[111.047,39.414],[111.041,39.423],[111.043,39.428],[111.049,39.437],[111.079,39.469],[111.095,39.492],[111.11,39.509],[111.123,39.528],[111.129,39.54],[111.137,39.565],[111.137,39.573],[111.133,39.579],[111.127,39.581],[111.121,39.581],[111.114,39.579],[111.097,39.571],[111.087,39.566],[111.082,39.563],[111.075,39.561],[111.068,39.56],[111.061,39.56],[111.054,39.562],[111.032,39.57],[111.024,39.57],[111.018,39.568],[111.013,39.565],[111.005,39.557],[110.999,39.551],[110.985,39.537],[110.98,39.534],[110.958,39.523],[110.946,39.519],[110.913,39.513],[110.906,39.51],[110.9,39.507],[110.846,39.465],[110.823,39.441],[110.82,39.436],[110.816,39.432],[110.813,39.427],[110.728,39.338],[110.715,39.32],[110.707,39.305],[110.702,39.293],[110.688,39.269],[110.685,39.264],[110.679,39.259],[110.672,39.253],[110.656,39.246],[110.646,39.244],[110.638,39.245],[110.633,39.247],[110.625,39.252],[110.608,39.264],[110.603,39.267],[110.58,39.297],[110.557,39.334],[110.551,39.342],[110.538,39.354],[110.535,39.358],[110.526,39.365],[110.521,39.369],[110.513,39.372],[110.502,39.375],[110.494,39.374],[110.468,39.363],[110.429,39.356],[110.419,39.353],[110.414,39.35],[110.404,39.336],[110.397,39.328],[110.39,39.324],[110.38,39.32],[110.36,39.315],[110.347,39.316],[110.338,39.318],[110.274,39.357],[110.263,39.368],[110.255,39.377],[110.231,39.417],[110.225,39.424],[110.216,39.43],[110.201,39.436],[110.174,39.442],[110.159,39.445],[110.145,39.445],[110.135,39.443],[110.127,39.44],[110.118,39.435],[110.113,39.432],[110.109,39.428],[110.107,39.425],[110.106,39.422],[110.107,39.415],[110.109,39.409],[110.112,39.403],[110.147,39.359],[110.166,39.323],[110.173,39.304],[110.175,39.295],[110.177,39.285],[110.174,39.28],[110.169,39.276],[110.122,39.257],[110.037,39.212],[109.988,39.194],[109.963,39.181],[109.845,39.097],[109.841,39.092],[109.838,39.087],[109.835,39.082],[109.833,39.076],[109.833,39.07],[109.828,39.062],[109.821,39.054],[109.799,39.043],[109.774,39.035],[109.701,39.024],[109.685,39.018],[109.674,39.011],[109.635,38.906],[109.628,38.894],[109.617,38.884],[109.594,38.87],[109.584,38.863],[109.575,38.852],[109.568,38.841],[109.555,38.805],[109.549,38.795],[109.538,38.785],[109.526,38.783],[109.516,38.785],[109.507,38.791],[109.499,38.794],[109.486,38.793],[109.462,38.787],[109.424,38.769],[109.403,38.754],[109.392,38.739],[109.38,38.706],[109.375,38.697],[109.365,38.689],[109.332,38.681],[109.322,38.676],[109.316,38.668],[109.314,38.654],[109.315,38.63],[109.313,38.62],[109.296,38.608],[109.203,38.569],[109.176,38.555],[109.16,38.542],[109.144,38.504],[109.135,38.496],[109.08,38.457],[109.058,38.438],[109.045,38.422],[109.034,38.392],[109.023,38.375],[108.994,38.346],[108.986,38.335],[108.984,38.325],[108.983,38.298],[108.98,38.283],[108.975,38.267],[108.955,38.225],[108.952,38.212],[108.953,38.199],[108.96,38.183],[108.97,38.167],[108.993,38.142],[109.028,38.111],[109.035,38.101],[109.038,38.09],[109.035,38.075],[109.001,37.988],[108.988,37.968],[108.954,37.926],[108.943,37.918],[108.932,37.915],[108.92,37.918],[108.91,37.927],[108.888,37.953],[108.877,37.976],[108.872,37.982],[108.863,37.988],[108.852,37.99],[108.836,37.988],[108.825,37.982],[108.816,37.974],[108.791,37.942],[108.783,37.924],[108.78,37.905],[108.784,37.78],[108.782,37.769],[108.776,37.756],[108.771,37.743],[108.77,37.727],[108.77,37.695],[108.764,37.682],[108.754,37.675],[108.739,37.671],[108.65,37.663],[108.595,37.663],[108.521,37.671],[108.496,37.669],[108.333,37.634],[108.307,37.633],[108.233,37.64],[108.039,37.633],[108.015,37.637],[108.004,37.641],[108,37.645],[108.007,37.677],[108.006,37.695],[108,37.712],[107.991,37.726],[107.946,37.772],[107.929,37.785],[107.908,37.795],[107.885,37.802],[107.703,37.832],[107.677,37.843],[107.658,37.853],[107.628,37.86],[107.556,37.877],[107.501,37.902],[107.492,37.905],[107.427,37.907],[107.412,37.912],[107.405,37.922],[107.406,37.948],[107.402,37.965],[107.393,37.985],[107.366,38.011],[107.324,38.066],[107.306,38.078],[107.163,38.139],[107.143,38.141],[107.061,38.115],[106.994,38.119],[106.829,38.15],[106.808,38.157],[106.69,38.21],[106.678,38.214],[106.63,38.224],[106.577,38.241],[106.47,38.291],[106.571,38.378],[106.624,38.433],[106.645,38.459],[106.704,38.637],[106.709,38.645],[106.713,38.651],[106.773,38.716],[106.932,38.921],[106.959,38.964],[106.978,39.003],[106.982,39.015],[106.983,39.025],[106.982,39.032],[106.978,39.036],[106.935,39.059],[106.912,39.069],[106.888,39.085],[106.883,39.089],[106.88,39.094],[106.878,39.101],[106.882,39.105],[106.848,39.164],[106.837,39.173],[106.82,39.181],[106.808,39.199],[106.802,39.222],[106.799,39.242],[106.809,39.309],[106.803,39.327],[106.798,39.335],[106.794,39.353],[106.789,39.361],[106.781,39.368],[106.774,39.373],[106.766,39.371],[106.749,39.365],[106.629,39.361],[106.614,39.358],[106.567,39.316],[106.546,39.305],[106.506,39.289],[106.497,39.286],[106.451,39.281],[106.419,39.283],[106.347,39.294],[106.327,39.294],[106.313,39.292],[106.302,39.289],[106.285,39.279],[106.28,39.274],[106.276,39.269],[106.274,39.265],[106.273,39.261],[106.271,39.25],[106.272,39.229],[106.273,39.225],[106.279,39.206],[106.286,39.191],[106.287,39.186],[106.288,39.18],[106.288,39.174],[106.288,39.168],[106.286,39.162],[106.283,39.157],[106.278,39.15],[106.271,39.144],[106.257,39.135],[106.249,39.13],[106.241,39.127],[106.228,39.124],[106.214,39.122],[106.206,39.122],[106.19,39.125],[106.175,39.129],[106.165,39.13],[106.153,39.131],[106.131,39.128],[106.12,39.124],[106.113,39.121],[106.11,39.117],[106.084,39.067],[106.082,39.061],[106.07,39.001],[106.066,38.99],[106.06,38.979],[106.053,38.97],[106.029,38.946],[106.019,38.931],[106.014,38.92],[106.003,38.881],[106,38.873],[105.986,38.854],[105.963,38.83],[105.912,38.763],[105.897,38.736],[105.841,38.571],[105.823,38.396],[105.824,38.377],[105.823,38.346],[105.823,38.34],[105.825,38.335],[105.827,38.331],[105.84,38.314],[105.843,38.309],[105.845,38.304],[105.847,38.298],[105.848,38.289],[105.849,38.275],[105.848,38.265],[105.846,38.258],[105.838,38.241],[105.835,38.235],[105.832,38.23],[105.828,38.227],[105.818,38.221],[105.795,38.214],[105.789,38.211],[105.781,38.206],[105.774,38.198],[105.766,38.184],[105.761,38.173],[105.757,38.16],[105.756,38.148],[105.756,38.136],[105.758,38.124],[105.761,38.114],[105.777,38.075],[105.806,38.031],[105.82,38.014],[105.823,38.01],[105.825,38.005],[105.826,38],[105.826,37.993],[105.823,37.98],[105.815,37.956],[105.8,37.89],[105.799,37.877],[105.802,37.825],[105.801,37.818],[105.799,37.813],[105.788,37.805],[105.691,37.764],[105.659,37.74],[105.651,37.737],[105.642,37.735],[105.595,37.735],[105.534,37.725],[105.505,37.725],[105.464,37.732],[105.41,37.75],[105.398,37.752],[105.369,37.754],[105.354,37.753],[105.247,37.725],[105.085,37.661],[105.065,37.649],[105.057,37.642],[105.042,37.625],[105.028,37.606],[105.016,37.586],[105.009,37.577],[105.002,37.57],[104.994,37.565],[104.97,37.552],[104.944,37.546],[104.802,37.534],[104.663,37.507],[104.647,37.507],[104.588,37.527],[104.574,37.531],[104.522,37.53],[104.475,37.521],[104.445,37.512],[104.436,37.508],[104.431,37.504],[104.425,37.499],[104.359,37.401],[104.326,37.408],[104.314,37.407],[104.3,37.403],[104.276,37.393],[104.262,37.39],[104.249,37.394],[104.229,37.404],[104.179,37.436],[104.165,37.441],[104.143,37.446],[104.109,37.462],[103.864,37.626],[103.679,37.775],[103.655,37.786],[103.438,37.842],[103.427,37.85],[103.421,37.86],[103.387,37.999],[103.383,38.054],[103.383,38.081],[103.388,38.102],[103.397,38.111],[103.414,38.117],[103.522,38.14],[103.529,38.147],[103.529,38.161],[103.488,38.33],[103.48,38.347],[103.47,38.362],[103.443,38.393],[103.439,38.406],[103.439,38.414],[103.446,38.42],[103.471,38.436],[103.794,38.591],[103.873,38.643],[103.914,38.68],[103.952,38.722],[103.98,38.759],[104.043,38.874],[104.06,38.895],[104.082,38.911],[104.102,38.922],[104.147,38.938],[104.154,38.942],[104.161,38.947],[104.172,38.96],[104.217,39.035],[104.223,39.051],[104.227,39.066],[104.228,39.079],[104.225,39.091],[104.218,39.103],[104.208,39.119],[104.06,39.308],[104.052,39.322],[104.048,39.336],[104.046,39.348],[104.048,39.361],[104.065,39.405],[104.065,39.418],[104.061,39.427],[104.049,39.434],[104.038,39.438],[104.024,39.441],[103.749,39.425],[103.464,39.357],[103.284,39.293],[103.234,39.264],[103.136,39.225],[103.1,39.206],[103.07,39.186],[103.006,39.13],[102.991,39.124],[102.965,39.119],[102.831,39.13],[102.705,39.162],[102.593,39.178],[102.571,39.184],[102.546,39.194],[102.472,39.232],[102.454,39.238],[102.433,39.241],[102.413,39.241],[102.393,39.237],[102.015,39.12],[101.855,39.091],[101.84,39.087],[101.831,39.082],[101.825,39.077],[101.823,39.073],[101.822,39.07],[101.825,39.064],[101.859,39.031],[101.951,38.957],[101.983,38.925],[102.023,38.893],[102.031,38.879],[102.02,38.857],[101.992,38.829],[101.919,38.774],[101.885,38.743],[101.846,38.701],[101.831,38.69],[101.758,38.688],[101.65,38.701],[101.633,38.7],[101.618,38.696],[101.606,38.691],[101.595,38.688],[101.58,38.688],[101.414,38.749],[101.39,38.753],[101.349,38.752],[101.332,38.753],[101.32,38.758],[101.31,38.769],[101.309,38.779],[101.312,38.786],[101.329,38.799],[101.336,38.807],[101.336,38.818],[101.328,38.826],[101.28,38.842],[101.266,38.851],[101.248,38.87],[101.228,38.903],[101.221,38.913],[101.213,38.922],[101.206,38.931],[101.202,38.943],[101.204,38.957],[101.208,38.971],[101.214,38.985],[101.217,39],[101.216,39.003],[101.211,39.008],[101.2,39.016],[101.18,39.021],[101.163,39.02],[101.15,39.016],[101.128,39],[101.125,38.999],[101.12,38.996],[101.11,38.993],[101.098,38.991],[101.084,38.992],[101.071,38.994],[101.052,38.999],[101.049,39.001],[100.941,39.064],[100.889,39.105],[100.877,39.12],[100.866,39.136],[100.858,39.152],[100.852,39.167],[100.845,39.2],[100.843,39.229],[100.849,39.292],[100.849,39.308],[100.843,39.343],[100.833,39.38],[100.824,39.395],[100.81,39.404],[100.79,39.408],[100.543,39.409],[100.524,39.413],[100.507,39.419],[100.494,39.429],[100.49,39.437],[100.488,39.448],[100.488,39.459],[100.485,39.473],[100.473,39.486],[100.455,39.496],[100.353,39.517],[100.334,39.524],[100.318,39.533],[100.311,39.541],[100.307,39.55],[100.302,39.593],[100.299,39.606],[100.294,39.617],[100.287,39.627],[100.273,39.642],[100.257,39.657],[100.222,39.68],[100.189,39.695],[100.043,39.728],[99.925,39.766],[99.843,39.803],[99.762,39.86],[99.686,39.876],[99.431,39.879],[99.439,39.895],[99.459,39.924],[99.533,40.001],[99.627,40.069],[99.899,40.205],[99.917,40.219],[99.93,40.234],[99.944,40.252],[99.957,40.273],[99.987,40.358],[100.004,40.391],[100.014,40.402],[100.14,40.518],[100.19,40.58],[100.199,40.598],[100.204,40.617],[100.205,40.638],[100.2,40.677],[100.19,40.709],[100.183,40.723],[100.176,40.735],[100.075,40.859],[100.063,40.87],[100.05,40.88],[100.029,40.891],[100.011,40.896],[99.767,40.91],[99.665,40.901],[99.539,40.851],[99.496,40.843],[99.157,40.836],[98.826,40.727],[98.816,40.72],[98.805,40.71],[98.77,40.67],[98.646,40.568],[98.626,40.557],[98.601,40.548],[98.572,40.541],[98.515,40.534],[98.246,40.525],[98.234,40.528],[98.235,40.542],[98.327,40.856],[98.326,40.875],[98.321,40.892],[98.307,40.908],[98.294,40.917],[98.225,40.941],[98.204,40.951],[98.018,41.09],[97.989,41.106],[97.951,41.12],[97.837,41.217],[97.708,41.349],[97.659,41.413],[97.648,41.456],[97.659,41.484],[97.68,41.502],[97.847,41.619],[97.191,42.787],[97.193,42.787],[97.522,42.755],[97.85,42.723],[98.256,42.683],[98.662,42.644],[99.068,42.604],[99.474,42.564],[99.622,42.597],[99.972,42.676],[100.017,42.677],[100.418,42.628],[100.818,42.579],[101.219,42.53],[101.411,42.545],[101.525,42.537],[101.638,42.515],[101.735,42.461],[101.886,42.278],[101.974,42.208],[102.034,42.185],[102.381,42.125],[102.727,42.065],[103.073,42.005],[103.104,41.994],[103.105,41.994],[103.398,41.876],[103.691,41.759],[103.721,41.756],[104.111,41.813],[104.501,41.871],[104.498,41.666],[104.505,41.657],[104.601,41.645],[104.892,41.645],[104.914,41.638],[104.935,41.622],[104.974,41.586],[105.015,41.596],[105.201,41.743],[105.218,41.748],[105.274,41.755],[105.326,41.777],[105.345,41.781],[105.358,41.786],[105.403,41.812],[105.474,41.84],[105.869,41.993],[106.318,42.14],[106.768,42.287],[107.195,42.337],[107.622,42.388],[108.05,42.439],[108.177,42.454],[108.235,42.45],[108.32,42.433],[108.536,42.435],[108.797,42.398],[108.829,42.4],[108.863,42.409],[108.961,42.448],[108.994,42.45],[109.253,42.426],[109.28,42.428],[109.329,42.44],[109.485,42.449],[109.49,42.451],[109.494,42.455],[109.5,42.463],[109.505,42.465],[109.51,42.465],[109.518,42.467],[109.667,42.549],[109.913,42.629],[109.987,42.636],[110.043,42.636],[110.06,42.638],[110.075,42.644],[110.084,42.65],[110.093,42.658],[110.106,42.667],[110.14,42.683],[110.407,42.769],[110.425,42.785],[110.449,42.837],[110.473,42.855],[110.567,42.911],[110.608,42.945],[110.641,42.988],[110.666,43.037],[110.68,43.058],[110.797,43.149],[110.934,43.288],[110.973,43.316],[111.096,43.367],[111.339,43.438],[111.401,43.476],[111.429,43.484],[111.535,43.491],[111.568,43.503],[111.597,43.523],[111.754,43.663],[111.773,43.669],[111.846,43.667],[111.893,43.683],[111.91,43.685],[111.933,43.697],[111.945,43.724],[111.948,43.757],[111.944,43.786],[111.931,43.82],[111.839,43.939],[111.811,43.964],[111.781,43.986],[111.668,44.041],[111.634,44.066],[111.544,44.157],[111.519,44.189],[111.504,44.226],[111.498,44.264],[111.491,44.283],[111.473,44.299],[111.411,44.326],[111.396,44.347],[111.397,44.387],[111.406,44.416],[111.424,44.448],[111.447,44.476],[111.471,44.493],[111.473,44.495],[111.484,44.506],[111.509,44.547],[111.53,44.571],[111.538,44.583],[111.544,44.601],[111.544,44.618],[111.54,44.652],[111.541,44.668],[111.551,44.693],[111.739,44.966],[111.761,44.989],[111.786,45.009],[111.843,45.04],[111.863,45.046],[111.906,45.054],[111.927,45.061],[111.939,45.069],[111.948,45.078],[111.958,45.085],[111.973,45.087],[111.985,45.087],[112.011,45.087],[112.108,45.067],[112.38,45.071],[112.413,45.066],[112.441,45.052],[112.524,44.993],[112.565,44.944],[112.586,44.924],[112.614,44.909],[112.748,44.865],[112.973,44.821],[113.017,44.821],[113.105,44.794],[113.473,44.771],[113.489,44.766],[113.517,44.75],[113.532,44.745],[113.605,44.74],[113.635,44.746],[113.672,44.768],[113.736,44.816],[113.838,44.868],[113.889,44.908],[113.914,44.915],[113.973,44.919],[114.017,44.927],[114.055,44.941],[114.089,44.962],[114.12,44.993],[114.139,45.019],[114.149,45.03],[114.164,45.04],[114.212,45.062],[114.419,45.201],[114.473,45.259],[114.502,45.303],[114.512,45.326],[114.519,45.371],[114.524,45.38],[114.534,45.386],[114.669,45.423],[114.703,45.427],[114.737,45.425],[114.905,45.378],[114.939,45.374],[115.126,45.394],[115.337,45.395],[115.473,45.413],[115.638,45.444],[115.667,45.454],[115.692,45.469],[115.767,45.53],[115.983,45.66],[116.002,45.676],[116.012,45.679],[116.063,45.673],[116.079,45.673],[116.095,45.677],[116.144,45.695],[116.17,45.709],[116.23,45.77],[116.252,45.803],[116.242,45.827],[116.221,45.85],[116.207,45.881],[116.213,45.908],[116.357,46.106],[116.525,46.227],[116.54,46.241],[116.548,46.259],[116.568,46.291],[116.582,46.298],[116.604,46.309],[116.645,46.318],[116.707,46.324],[116.722,46.329],[116.785,46.366],[116.805,46.383],[116.815,46.387],[116.832,46.386],[116.958,46.366],[117.302,46.35],[117.337,46.357],[117.353,46.379],[117.358,46.448],[117.369,46.476],[117.405,46.511],[117.413,46.525],[117.41,46.54],[117.394,46.571],[117.473,46.585],[117.492,46.579],[117.502,46.577],[117.51,46.578],[117.556,46.602],[117.568,46.604],[117.582,46.592],[117.608,46.551],[117.625,46.536],[117.673,46.516],[117.696,46.512],[117.798,46.52],[117.817,46.527],[117.833,46.543],[117.859,46.58],[117.878,46.596],[117.901,46.608],[117.924,46.615],[117.973,46.623],[118.006,46.627],[118.084,46.668],[118.102,46.673],[118.156,46.675],[118.169,46.678],[118.206,46.701],[118.238,46.715],[118.269,46.723],[118.301,46.725],[118.336,46.722],[118.371,46.714],[118.435,46.691],[118.473,46.686],[118.552,46.686],[118.568,46.69],[118.595,46.703],[118.609,46.706],[118.647,46.698],[118.685,46.683],[118.72,46.677],[118.754,46.691],[118.792,46.738],[118.816,46.758],[118.847,46.765],[118.867,46.758],[118.875,46.744],[118.88,46.727],[118.891,46.714],[118.907,46.709],[118.922,46.715],[118.947,46.737],[118.967,46.74],[118.985,46.725],[119.014,46.683],[119.037,46.669],[119.062,46.661],[119.317,46.612],[119.363,46.613],[119.453,46.627],[119.501,46.628],[119.576,46.619],[119.602,46.62],[119.623,46.616],[119.659,46.596],[119.68,46.592],[119.698,46.595],[119.72,46.603],[119.74,46.613],[119.754,46.624],[119.77,46.644],[119.782,46.656],[119.796,46.659],[119.817,46.652],[119.834,46.651],[119.854,46.66],[119.873,46.673],[119.89,46.695],[119.898,46.702],[119.904,46.709],[119.907,46.718],[119.903,46.726],[119.887,46.744],[119.883,46.753],[119.886,46.77],[119.899,46.802],[119.898,46.824],[119.899,46.831],[119.902,46.837],[119.903,46.842],[119.897,46.846],[119.892,46.848],[119.887,46.851],[119.883,46.855],[119.881,46.861],[119.881,46.873],[119.885,46.881],[119.89,46.888],[119.896,46.899],[119.893,46.906],[119.879,46.908],[119.863,46.909],[119.852,46.911],[119.844,46.918],[119.84,46.926],[119.837,46.934],[119.832,46.942],[119.817,46.955],[119.784,46.978],[119.77,46.993],[119.767,46.998],[119.765,47.004],[119.762,47.015],[119.761,47.075],[119.754,47.094],[119.729,47.129],[119.7,47.16],[119.629,47.216],[119.587,47.238],[119.525,47.251],[119.513,47.263],[119.504,47.279],[119.491,47.297],[119.476,47.309],[119.321,47.407],[119.282,47.415],[119.289,47.429],[119.313,47.452],[119.318,47.462],[119.31,47.476],[119.291,47.484],[119.251,47.493],[119.158,47.518],[119.134,47.528],[119.122,47.539],[119.117,47.556],[119.104,47.628],[119.097,47.647],[119.083,47.662],[119.06,47.673],[118.973,47.695],[118.767,47.756],[118.713,47.794],[118.605,47.915],[118.542,47.966],[118.473,47.989],[118.28,47.998],[118.254,48.003],[118.206,48.023],[118.182,48.028],[118.123,48.028],[118.064,48.02],[117.997,48],[117.973,47.998],[117.815,48.005],[117.767,47.993],[117.742,47.978],[117.527,47.786],[117.473,47.757],[117.436,47.73],[117.4,47.686],[117.361,47.651],[117.317,47.654],[117.07,47.81],[117.047,47.819],[116.973,47.838],[116.853,47.872],[116.822,47.876],[116.752,47.874],[116.5,47.836],[116.429,47.835],[116.244,47.863],[116.182,47.85],[116.084,47.807],[115.973,47.709],[115.915,47.684]]]}},{"type":"Feature","id":"CN-NX","properties":{"id":"CN-NX","countryCode":"CN","isoSubdivision":"CN-NX","name":"Ningxia","name_en":"Ningxia","name_ko":"닝샤 후이족 자치구","type":"Autonomous Region","labelLongitude":106.038,"labelLatitude":37.176,"minZoom":4.6},"geometry":{"type":"Polygon","coordinates":[[[106.774,39.373],[106.781,39.368],[106.789,39.361],[106.794,39.353],[106.798,39.335],[106.803,39.327],[106.809,39.309],[106.799,39.242],[106.802,39.222],[106.808,39.199],[106.82,39.181],[106.837,39.173],[106.848,39.164],[106.882,39.105],[106.878,39.101],[106.88,39.094],[106.883,39.089],[106.888,39.085],[106.912,39.069],[106.935,39.059],[106.978,39.036],[106.982,39.032],[106.983,39.025],[106.982,39.015],[106.978,39.003],[106.959,38.964],[106.932,38.921],[106.773,38.716],[106.713,38.651],[106.709,38.645],[106.704,38.637],[106.645,38.459],[106.624,38.433],[106.571,38.378],[106.47,38.291],[106.577,38.241],[106.63,38.224],[106.678,38.214],[106.69,38.21],[106.808,38.157],[106.829,38.15],[106.994,38.119],[107.061,38.115],[107.143,38.141],[107.163,38.139],[107.306,38.078],[107.324,38.066],[107.366,38.011],[107.393,37.985],[107.402,37.965],[107.406,37.948],[107.405,37.922],[107.412,37.912],[107.427,37.907],[107.492,37.905],[107.501,37.902],[107.556,37.877],[107.628,37.86],[107.658,37.853],[107.662,37.811],[107.656,37.795],[107.644,37.78],[107.625,37.771],[107.607,37.766],[107.574,37.763],[107.509,37.764],[107.496,37.761],[107.486,37.753],[107.481,37.742],[107.479,37.729],[107.478,37.709],[107.474,37.698],[107.466,37.69],[107.449,37.677],[107.436,37.663],[107.382,37.633],[107.361,37.617],[107.317,37.59],[107.311,37.578],[107.314,37.563],[107.322,37.548],[107.322,37.528],[107.27,37.428],[107.256,37.379],[107.252,37.353],[107.241,37.321],[107.238,37.306],[107.238,37.301],[107.286,37.262],[107.31,37.204],[107.316,37.179],[107.325,37.164],[107.327,37.155],[107.325,37.144],[107.285,37.068],[107.257,37.091],[107.244,37.098],[107.188,37.117],[107.126,37.125],[107.092,37.125],[107.062,37.121],[107.055,37.12],[107.026,37.109],[107.006,37.107],[106.989,37.109],[106.933,37.107],[106.919,37.109],[106.889,37.12],[106.847,37.143],[106.791,37.19],[106.781,37.196],[106.77,37.201],[106.747,37.206],[106.69,37.207],[106.668,37.203],[106.662,37.201],[106.657,37.197],[106.651,37.192],[106.647,37.187],[106.644,37.182],[106.642,37.174],[106.64,37.163],[106.638,37.124],[106.637,37.118],[106.634,37.11],[106.624,37.083],[106.621,37.07],[106.62,37.057],[106.622,37.049],[106.626,37.044],[106.635,37.03],[106.637,37.026],[106.639,37.02],[106.639,37.013],[106.637,37.006],[106.634,36.998],[106.613,36.962],[106.608,36.955],[106.603,36.95],[106.598,36.947],[106.581,36.94],[106.577,36.936],[106.575,36.931],[106.576,36.924],[106.579,36.918],[106.583,36.914],[106.606,36.898],[106.611,36.894],[106.615,36.89],[106.649,36.834],[106.651,36.829],[106.652,36.823],[106.653,36.817],[106.652,36.809],[106.65,36.8],[106.622,36.742],[106.618,36.736],[106.612,36.731],[106.602,36.726],[106.594,36.724],[106.587,36.724],[106.568,36.73],[106.561,36.732],[106.554,36.732],[106.548,36.73],[106.543,36.728],[106.502,36.707],[106.499,36.704],[106.496,36.7],[106.492,36.694],[106.49,36.687],[106.487,36.668],[106.487,36.648],[106.491,36.602],[106.494,36.56],[106.492,36.543],[106.489,36.538],[106.485,36.534],[106.464,36.523],[106.44,36.515],[106.435,36.512],[106.431,36.508],[106.431,36.502],[106.438,36.493],[106.443,36.488],[106.453,36.48],[106.469,36.472],[106.478,36.465],[106.487,36.458],[106.49,36.454],[106.493,36.446],[106.495,36.437],[106.504,36.362],[106.504,36.356],[106.503,36.35],[106.501,36.345],[106.5,36.341],[106.498,36.338],[106.495,36.335],[106.481,36.326],[106.477,36.322],[106.473,36.318],[106.473,36.31],[106.475,36.3],[106.485,36.283],[106.491,36.274],[106.497,36.268],[106.504,36.264],[106.515,36.261],[106.53,36.259],[106.537,36.259],[106.544,36.261],[106.55,36.262],[106.579,36.275],[106.592,36.278],[106.598,36.278],[106.604,36.278],[106.608,36.277],[106.614,36.276],[106.624,36.27],[106.677,36.236],[106.699,36.225],[106.745,36.207],[106.758,36.204],[106.766,36.203],[106.78,36.205],[106.814,36.212],[106.82,36.212],[106.825,36.21],[106.829,36.207],[106.834,36.203],[106.848,36.179],[106.852,36.176],[106.876,36.16],[106.881,36.157],[106.888,36.148],[106.898,36.129],[106.902,36.125],[106.91,36.117],[106.915,36.114],[106.923,36.107],[106.94,36.086],[106.945,36.077],[106.944,36.068],[106.942,36.054],[106.932,36.024],[106.929,36.011],[106.929,36.001],[106.933,35.995],[106.939,35.987],[106.941,35.982],[106.938,35.976],[106.93,35.968],[106.919,35.961],[106.916,35.957],[106.914,35.953],[106.916,35.946],[106.92,35.942],[106.933,35.934],[106.938,35.93],[106.939,35.924],[106.935,35.918],[106.924,35.91],[106.915,35.907],[106.878,35.901],[106.865,35.897],[106.859,35.895],[106.854,35.892],[106.849,35.889],[106.845,35.886],[106.843,35.882],[106.845,35.878],[106.848,35.874],[106.865,35.86],[106.868,35.856],[106.871,35.851],[106.873,35.846],[106.877,35.835],[106.879,35.83],[106.882,35.825],[106.885,35.821],[106.906,35.802],[106.909,35.798],[106.912,35.794],[106.913,35.789],[106.911,35.782],[106.905,35.776],[106.878,35.762],[106.869,35.753],[106.862,35.741],[106.859,35.737],[106.855,35.735],[106.851,35.734],[106.841,35.733],[106.815,35.727],[106.777,35.713],[106.767,35.707],[106.762,35.697],[106.759,35.69],[106.754,35.684],[106.751,35.681],[106.728,35.677],[106.716,35.685],[106.69,35.707],[106.68,35.709],[106.636,35.715],[106.613,35.72],[106.607,35.723],[106.595,35.727],[106.558,35.733],[106.522,35.734],[106.47,35.727],[106.457,35.724],[106.447,35.72],[106.442,35.717],[106.438,35.713],[106.434,35.71],[106.431,35.705],[106.429,35.699],[106.429,35.693],[106.43,35.688],[106.433,35.676],[106.44,35.66],[106.449,35.62],[106.454,35.611],[106.464,35.598],[106.472,35.591],[106.501,35.577],[106.505,35.574],[106.508,35.57],[106.51,35.566],[106.511,35.561],[106.509,35.556],[106.505,35.554],[106.495,35.553],[106.43,35.557],[106.418,35.555],[106.415,35.551],[106.413,35.546],[106.414,35.541],[106.415,35.535],[106.42,35.525],[106.432,35.507],[106.435,35.503],[106.438,35.501],[106.44,35.5],[106.443,35.499],[106.469,35.494],[106.479,35.49],[106.482,35.489],[106.49,35.483],[106.494,35.479],[106.497,35.475],[106.497,35.469],[106.497,35.463],[106.491,35.434],[106.49,35.405],[106.483,35.374],[106.471,35.343],[106.465,35.332],[106.458,35.324],[106.447,35.313],[106.378,35.261],[106.36,35.255],[106.339,35.257],[106.313,35.274],[106.299,35.289],[106.282,35.315],[106.27,35.328],[106.253,35.342],[106.232,35.366],[106.211,35.395],[106.197,35.406],[106.177,35.413],[106.112,35.425],[106.05,35.422],[106.02,35.429],[106.002,35.429],[105.984,35.427],[105.932,35.408],[105.919,35.405],[105.908,35.404],[105.898,35.408],[105.889,35.415],[105.885,35.43],[105.89,35.44],[105.901,35.447],[105.912,35.451],[106.06,35.464],[106.072,35.467],[106.079,35.472],[106.077,35.479],[106.065,35.488],[105.936,35.525],[105.92,35.524],[105.904,35.518],[105.889,35.509],[105.87,35.493],[105.86,35.488],[105.844,35.488],[105.829,35.494],[105.803,35.52],[105.785,35.543],[105.725,35.604],[105.702,35.632],[105.693,35.647],[105.687,35.66],[105.684,35.674],[105.687,35.681],[105.696,35.685],[105.707,35.686],[105.72,35.689],[105.73,35.697],[105.726,35.71],[105.708,35.718],[105.667,35.717],[105.639,35.711],[105.617,35.703],[105.602,35.697],[105.58,35.698],[105.563,35.7],[105.468,35.746],[105.457,35.752],[105.452,35.754],[105.444,35.755],[105.438,35.755],[105.432,35.756],[105.427,35.76],[105.424,35.764],[105.419,35.774],[105.416,35.778],[105.409,35.787],[105.405,35.791],[105.402,35.795],[105.399,35.803],[105.388,35.83],[105.383,35.838],[105.376,35.843],[105.371,35.846],[105.367,35.849],[105.363,35.853],[105.354,35.872],[105.323,35.918],[105.321,35.923],[105.318,35.933],[105.316,35.948],[105.315,35.973],[105.316,35.994],[105.326,36.022],[105.331,36.032],[105.343,36.051],[105.346,36.055],[105.351,36.058],[105.418,36.088],[105.427,36.094],[105.431,36.098],[105.437,36.107],[105.439,36.117],[105.438,36.132],[105.433,36.165],[105.433,36.179],[105.435,36.189],[105.443,36.197],[105.445,36.202],[105.447,36.207],[105.449,36.227],[105.448,36.24],[105.446,36.255],[105.428,36.324],[105.421,36.34],[105.407,36.365],[105.393,36.384],[105.364,36.404],[105.348,36.418],[105.344,36.422],[105.336,36.435],[105.309,36.491],[105.269,36.55],[105.22,36.693],[105.219,36.702],[105.22,36.718],[105.222,36.727],[105.229,36.735],[105.237,36.74],[105.322,36.781],[105.321,36.797],[105.305,36.82],[105.203,36.925],[105.186,36.962],[105.18,36.972],[105.152,36.996],[105.09,37.026],[105.016,37.04],[104.994,37.047],[104.965,37.064],[104.922,37.097],[104.919,37.101],[104.917,37.105],[104.913,37.117],[104.908,37.127],[104.897,37.147],[104.885,37.164],[104.874,37.176],[104.871,37.181],[104.869,37.186],[104.866,37.204],[104.864,37.21],[104.86,37.214],[104.855,37.218],[104.801,37.243],[104.785,37.249],[104.765,37.25],[104.757,37.248],[104.751,37.244],[104.731,37.225],[104.721,37.219],[104.715,37.217],[104.709,37.215],[104.701,37.214],[104.695,37.214],[104.684,37.216],[104.658,37.223],[104.647,37.228],[104.636,37.235],[104.621,37.249],[104.62,37.256],[104.621,37.261],[104.624,37.263],[104.626,37.265],[104.628,37.271],[104.631,37.275],[104.636,37.277],[104.641,37.278],[104.657,37.277],[104.663,37.278],[104.668,37.281],[104.671,37.286],[104.674,37.291],[104.679,37.3],[104.684,37.303],[104.689,37.306],[104.707,37.313],[104.716,37.319],[104.72,37.324],[104.722,37.328],[104.722,37.339],[104.718,37.345],[104.709,37.352],[104.688,37.362],[104.68,37.373],[104.686,37.385],[104.702,37.394],[104.721,37.401],[104.718,37.407],[104.69,37.412],[104.532,37.425],[104.49,37.442],[104.476,37.444],[104.465,37.44],[104.409,37.401],[104.359,37.401],[104.425,37.499],[104.431,37.504],[104.436,37.508],[104.445,37.512],[104.475,37.521],[104.522,37.53],[104.574,37.531],[104.588,37.527],[104.647,37.507],[104.663,37.507],[104.802,37.534],[104.944,37.546],[104.97,37.552],[104.994,37.565],[105.002,37.57],[105.009,37.577],[105.016,37.586],[105.028,37.606],[105.042,37.625],[105.057,37.642],[105.065,37.649],[105.085,37.661],[105.247,37.725],[105.354,37.753],[105.369,37.754],[105.398,37.752],[105.41,37.75],[105.464,37.732],[105.505,37.725],[105.534,37.725],[105.595,37.735],[105.642,37.735],[105.651,37.737],[105.659,37.74],[105.691,37.764],[105.788,37.805],[105.799,37.813],[105.801,37.818],[105.802,37.825],[105.799,37.877],[105.8,37.89],[105.815,37.956],[105.823,37.98],[105.826,37.993],[105.826,38],[105.825,38.005],[105.823,38.01],[105.82,38.014],[105.806,38.031],[105.777,38.075],[105.761,38.114],[105.758,38.124],[105.756,38.136],[105.756,38.148],[105.757,38.16],[105.761,38.173],[105.766,38.184],[105.774,38.198],[105.781,38.206],[105.789,38.211],[105.795,38.214],[105.818,38.221],[105.828,38.227],[105.832,38.23],[105.835,38.235],[105.838,38.241],[105.846,38.258],[105.848,38.265],[105.849,38.275],[105.848,38.289],[105.847,38.298],[105.845,38.304],[105.843,38.309],[105.84,38.314],[105.827,38.331],[105.825,38.335],[105.823,38.34],[105.823,38.346],[105.824,38.377],[105.823,38.396],[105.841,38.571],[105.897,38.736],[105.912,38.763],[105.963,38.83],[105.986,38.854],[106,38.873],[106.003,38.881],[106.014,38.92],[106.019,38.931],[106.029,38.946],[106.053,38.97],[106.06,38.979],[106.066,38.99],[106.07,39.001],[106.082,39.061],[106.084,39.067],[106.11,39.117],[106.113,39.121],[106.12,39.124],[106.131,39.128],[106.153,39.131],[106.165,39.13],[106.175,39.129],[106.19,39.125],[106.206,39.122],[106.214,39.122],[106.228,39.124],[106.241,39.127],[106.249,39.13],[106.257,39.135],[106.271,39.144],[106.278,39.15],[106.283,39.157],[106.286,39.162],[106.288,39.168],[106.288,39.174],[106.288,39.18],[106.287,39.186],[106.286,39.191],[106.279,39.206],[106.273,39.225],[106.272,39.229],[106.271,39.25],[106.273,39.261],[106.274,39.265],[106.276,39.269],[106.28,39.274],[106.285,39.279],[106.302,39.289],[106.313,39.292],[106.327,39.294],[106.347,39.294],[106.419,39.283],[106.451,39.281],[106.497,39.286],[106.506,39.289],[106.546,39.305],[106.567,39.316],[106.614,39.358],[106.629,39.361],[106.749,39.365],[106.766,39.371],[106.774,39.373]]]}},{"type":"Feature","id":"CN-QH","properties":{"id":"CN-QH","countryCode":"CN","isoSubdivision":"CN-QH","name":"Qinghai","name_en":"Qinghai","name_ko":"칭하이성","type":"Province","labelLongitude":96.238,"labelLatitude":35.265,"minZoom":4.6},"geometry":{"type":"Polygon","coordinates":[[[92.924,39.153],[92.936,39.153],[93.002,39.146],[93.024,39.148],[93.036,39.152],[93.055,39.165],[93.064,39.172],[93.074,39.178],[93.117,39.195],[93.129,39.198],[93.14,39.199],[93.198,39.188],[93.26,39.187],[93.276,39.189],[93.405,39.217],[93.415,39.22],[93.433,39.23],[93.477,39.26],[93.502,39.272],[93.521,39.278],[93.539,39.281],[93.626,39.278],[93.645,39.28],[93.722,39.307],[93.734,39.309],[93.744,39.309],[93.773,39.301],[93.797,39.298],[93.82,39.298],[93.845,39.295],[93.853,39.293],[93.878,39.287],[93.898,39.285],[93.909,39.286],[93.97,39.304],[93.983,39.306],[94.037,39.306],[94.059,39.309],[94.117,39.322],[94.15,39.324],[94.174,39.321],[94.479,39.318],[94.521,39.311],[94.542,39.304],[94.553,39.301],[94.631,39.295],[94.645,39.291],[94.658,39.285],[94.668,39.279],[94.684,39.263],[94.702,39.249],[94.725,39.237],[94.85,39.205],[94.912,39.198],[94.92,39.196],[94.927,39.193],[94.938,39.187],[94.955,39.173],[94.976,39.16],[94.982,39.157],[95.006,39.151],[95.046,39.147],[95.057,39.147],[95.118,39.161],[95.136,39.164],[95.219,39.16],[95.236,39.162],[95.251,39.166],[95.293,39.18],[95.305,39.183],[95.314,39.181],[95.321,39.177],[95.355,39.135],[95.461,39.047],[95.476,39.038],[95.496,39.03],[95.566,39.015],[95.578,39.008],[95.584,39.001],[95.589,38.989],[95.594,38.98],[95.602,38.971],[95.654,38.929],[95.687,38.896],[95.703,38.883],[95.722,38.875],[95.739,38.872],[95.758,38.874],[95.772,38.871],[95.788,38.862],[95.856,38.815],[95.881,38.79],[95.892,38.784],[96.008,38.752],[96.019,38.746],[96.025,38.74],[96.031,38.731],[96.039,38.699],[96.045,38.688],[96.055,38.679],[96.073,38.67],[96.086,38.667],[96.099,38.668],[96.11,38.67],[96.126,38.67],[96.141,38.665],[96.182,38.643],[96.209,38.635],[96.233,38.633],[96.283,38.635],[96.301,38.633],[96.315,38.627],[96.394,38.582],[96.44,38.565],[96.503,38.549],[96.508,38.545],[96.512,38.537],[96.513,38.529],[96.503,38.5],[96.502,38.496],[96.502,38.489],[96.504,38.48],[96.51,38.47],[96.532,38.458],[96.568,38.444],[96.676,38.415],[96.698,38.406],[96.707,38.399],[96.724,38.39],[96.749,38.379],[96.845,38.356],[96.912,38.351],[96.927,38.352],[96.938,38.354],[96.945,38.358],[96.95,38.363],[96.954,38.369],[96.959,38.387],[96.971,38.567],[96.971,38.577],[96.97,38.584],[96.967,38.595],[96.963,38.603],[96.949,38.624],[96.942,38.639],[96.94,38.653],[96.941,38.662],[96.948,38.669],[96.963,38.677],[96.966,38.679],[96.969,38.68],[96.971,38.683],[96.971,38.688],[96.97,38.705],[96.971,38.715],[96.974,38.725],[96.978,38.735],[96.981,38.744],[96.982,38.755],[96.976,38.779],[96.974,38.794],[96.979,38.832],[96.977,38.842],[96.973,38.852],[96.971,38.864],[96.972,38.876],[96.98,38.9],[96.983,38.912],[96.984,38.925],[96.983,38.942],[96.991,38.997],[96.991,39.001],[96.99,39.014],[96.984,39.041],[96.963,39.103],[96.962,39.112],[96.963,39.119],[96.966,39.124],[96.975,39.13],[96.981,39.134],[96.986,39.143],[96.99,39.152],[96.995,39.172],[96.998,39.179],[97.001,39.183],[97.006,39.188],[97.013,39.192],[97.026,39.196],[97.083,39.203],[97.137,39.203],[97.363,39.15],[97.375,39.146],[97.675,39.005],[97.679,39.002],[97.698,38.981],[98.021,38.836],[98.069,38.802],[98.103,38.815],[98.194,38.875],[98.263,38.932],[98.272,38.948],[98.279,38.97],[98.284,38.983],[98.302,39.008],[98.311,39.017],[98.324,39.023],[98.337,39.023],[98.351,39.021],[98.368,39.016],[98.383,39.009],[98.396,39],[98.417,38.973],[98.429,38.964],[98.445,38.957],[98.462,38.956],[98.527,38.957],[98.541,38.955],[98.558,38.95],[98.575,38.946],[98.602,38.948],[98.628,38.957],[98.652,38.97],[98.696,39.001],[98.706,39.009],[98.714,39.019],[98.721,39.03],[98.728,39.042],[98.735,39.062],[98.739,39.067],[98.747,39.071],[98.782,39.068],[98.815,39.057],[98.83,39.05],[98.849,39.044],[98.886,39.039],[98.902,39.036],[98.917,39.029],[98.929,39.02],[98.962,38.982],[98.973,38.976],[98.988,38.974],[99.041,38.978],[99.064,38.976],[99.082,38.969],[99.095,38.958],[99.1,38.948],[99.099,38.94],[99.088,38.924],[99.086,38.914],[99.089,38.903],[99.099,38.89],[99.36,38.706],[99.428,38.64],[99.446,38.625],[99.496,38.601],[99.501,38.596],[99.508,38.588],[99.511,38.58],[99.515,38.566],[99.52,38.555],[99.529,38.542],[99.557,38.515],[99.8,38.366],[99.833,38.352],[99.915,38.338],[100.001,38.314],[100.079,38.278],[100.116,38.251],[100.146,38.214],[100.153,38.209],[100.158,38.207],[100.165,38.211],[100.168,38.216],[100.17,38.221],[100.17,38.228],[100.17,38.235],[100.167,38.247],[100.157,38.267],[100.156,38.272],[100.156,38.275],[100.155,38.28],[100.157,38.297],[100.156,38.303],[100.152,38.307],[100.147,38.312],[100.127,38.322],[100.123,38.326],[100.116,38.334],[100.106,38.355],[100.085,38.389],[100.083,38.395],[100.085,38.418],[100.091,38.451],[100.099,38.477],[100.104,38.486],[100.112,38.491],[100.126,38.491],[100.141,38.486],[100.203,38.441],[100.218,38.424],[100.236,38.395],[100.246,38.387],[100.265,38.381],[100.28,38.372],[100.296,38.355],[100.309,38.338],[100.33,38.321],[100.358,38.307],[100.412,38.292],[100.442,38.29],[100.482,38.291],[100.497,38.289],[100.511,38.285],[100.53,38.274],[100.554,38.252],[100.57,38.23],[100.58,38.209],[100.602,38.127],[100.636,38.105],[100.932,38.001],[100.999,37.986],[101.05,37.964],[101.293,37.799],[101.647,37.612],[101.693,37.598],[101.707,37.588],[101.732,37.552],[101.746,37.537],[101.766,37.525],[101.785,37.521],[101.802,37.526],[101.813,37.544],[101.819,37.604],[101.828,37.618],[101.836,37.627],[101.857,37.645],[101.937,37.731],[101.947,37.737],[101.956,37.74],[101.966,37.735],[101.972,37.72],[101.98,37.667],[101.996,37.615],[102.054,37.579],[102.062,37.566],[102.067,37.548],[102.059,37.531],[102.037,37.501],[102.035,37.498],[102.034,37.492],[102.033,37.479],[102.04,37.465],[102.053,37.452],[102.142,37.407],[102.154,37.407],[102.167,37.409],[102.188,37.408],[102.213,37.399],[102.246,37.381],[102.351,37.303],[102.379,37.293],[102.403,37.287],[102.427,37.278],[102.444,37.262],[102.461,37.242],[102.518,37.2],[102.551,37.164],[102.558,37.149],[102.559,37.134],[102.55,37.119],[102.536,37.107],[102.52,37.098],[102.496,37.089],[102.493,37.057],[102.48,37.003],[102.46,36.956],[102.461,36.951],[102.466,36.947],[102.477,36.94],[102.537,36.911],[102.543,36.909],[102.548,36.907],[102.556,36.9],[102.589,36.857],[102.597,36.851],[102.63,36.836],[102.663,36.813],[102.675,36.802],[102.679,36.795],[102.681,36.785],[102.682,36.765],[102.676,36.75],[102.667,36.741],[102.653,36.737],[102.638,36.735],[102.615,36.729],[102.605,36.723],[102.596,36.714],[102.592,36.702],[102.592,36.687],[102.599,36.672],[102.611,36.657],[102.632,36.644],[102.666,36.631],[102.683,36.621],[102.698,36.609],[102.71,36.587],[102.721,36.555],[102.736,36.529],[102.77,36.498],[102.791,36.417],[102.801,36.389],[102.808,36.353],[102.813,36.338],[102.819,36.326],[102.823,36.323],[102.83,36.323],[102.853,36.323],[102.856,36.323],[102.894,36.309],[102.924,36.281],[102.934,36.274],[102.942,36.269],[102.949,36.268],[102.97,36.264],[102.981,36.261],[102.985,36.258],[102.99,36.255],[103,36.245],[103.01,36.238],[103.015,36.235],[103.04,36.216],[103.027,36.208],[103.019,36.2],[102.933,36.086],[102.93,36.079],[102.928,36.068],[102.929,36.06],[102.931,36.054],[102.938,36.047],[102.952,36.036],[102.971,36.024],[102.984,36.015],[102.995,36.003],[102.997,36],[102.998,35.997],[103,35.991],[102.999,35.986],[102.996,35.98],[102.977,35.954],[102.97,35.943],[102.968,35.933],[102.97,35.921],[102.981,35.874],[102.983,35.856],[102.982,35.848],[102.98,35.84],[102.976,35.833],[102.9,35.85],[102.873,35.846],[102.859,35.857],[102.838,35.861],[102.788,35.86],[102.76,35.838],[102.75,35.832],[102.735,35.83],[102.726,35.833],[102.717,35.837],[102.705,35.84],[102.7,35.839],[102.695,35.827],[102.68,35.757],[102.684,35.734],[102.69,35.711],[102.712,35.662],[102.721,35.619],[102.722,35.589],[102.72,35.566],[102.702,35.524],[102.687,35.515],[102.644,35.518],[102.577,35.536],[102.556,35.538],[102.535,35.536],[102.519,35.53],[102.507,35.524],[102.491,35.511],[102.481,35.501],[102.453,35.459],[102.426,35.435],[102.408,35.431],[102.385,35.429],[102.338,35.43],[102.315,35.428],[102.298,35.421],[102.289,35.407],[102.292,35.392],[102.303,35.366],[102.299,35.351],[102.288,35.333],[102.266,35.306],[102.26,35.29],[102.265,35.281],[102.28,35.279],[102.295,35.28],[102.309,35.279],[102.318,35.275],[102.324,35.265],[102.327,35.252],[102.334,35.241],[102.361,35.219],[102.376,35.204],[102.379,35.187],[102.374,35.174],[102.337,35.153],[102.321,35.137],[102.296,35.106],[102.279,35.07],[102.267,35.056],[102.247,35.05],[102.213,35.044],[102.195,35.038],[102.143,35.005],[102.114,34.977],[102.1,34.966],[102.085,34.957],[102.06,34.949],[102.044,34.947],[102.018,34.945],[102.009,34.942],[102.003,34.935],[101.999,34.925],[101.989,34.917],[101.932,34.879],[101.918,34.861],[101.913,34.845],[101.916,34.832],[101.92,34.82],[101.923,34.808],[101.924,34.798],[101.923,34.787],[101.92,34.776],[101.916,34.765],[101.907,34.756],[101.895,34.75],[101.876,34.75],[101.852,34.763],[101.846,34.761],[101.83,34.742],[101.819,34.734],[101.805,34.728],[101.777,34.721],[101.765,34.715],[101.755,34.704],[101.752,34.692],[101.753,34.68],[101.758,34.67],[101.764,34.66],[101.773,34.649],[101.782,34.64],[101.793,34.632],[101.805,34.627],[101.818,34.624],[101.832,34.624],[101.843,34.627],[101.854,34.633],[101.883,34.658],[101.891,34.663],[101.901,34.665],[101.914,34.661],[101.921,34.653],[101.924,34.641],[101.926,34.611],[101.929,34.599],[101.932,34.591],[101.938,34.58],[101.947,34.569],[101.959,34.558],[101.972,34.55],[101.985,34.543],[101.997,34.539],[102.004,34.537],[102.013,34.536],[102.053,34.539],[102.063,34.539],[102.072,34.536],[102.104,34.524],[102.146,34.5],[102.15,34.495],[102.153,34.491],[102.155,34.483],[102.158,34.474],[102.162,34.462],[102.179,34.432],[102.207,34.393],[102.211,34.383],[102.215,34.374],[102.216,34.364],[102.215,34.357],[102.212,34.352],[102.205,34.347],[102.185,34.34],[102.177,34.334],[102.169,34.322],[102.162,34.294],[102.154,34.286],[102.139,34.281],[102.107,34.282],[102.087,34.276],[102.077,34.267],[102.071,34.245],[102.063,34.238],[102.049,34.233],[102.027,34.228],[102.02,34.219],[102.019,34.208],[102.022,34.197],[102.021,34.187],[102.012,34.178],[101.999,34.174],[101.983,34.175],[101.973,34.17],[101.969,34.161],[101.966,34.151],[101.962,34.14],[101.949,34.133],[101.931,34.132],[101.887,34.146],[101.872,34.148],[101.863,34.141],[101.855,34.132],[101.848,34.122],[101.834,34.107],[101.823,34.098],[101.803,34.085],[101.788,34.074],[101.78,34.068],[101.76,34.073],[101.738,34.089],[101.729,34.109],[101.719,34.103],[101.715,34.106],[101.713,34.112],[101.708,34.116],[101.681,34.122],[101.647,34.136],[101.636,34.145],[101.64,34.157],[101.631,34.166],[101.622,34.172],[101.615,34.178],[101.612,34.191],[101.57,34.208],[101.53,34.219],[101.517,34.219],[101.496,34.218],[101.489,34.219],[101.481,34.222],[101.473,34.226],[101.464,34.23],[101.426,34.234],[101.365,34.253],[101.335,34.257],[101.324,34.26],[101.315,34.265],[101.308,34.272],[101.299,34.278],[101.286,34.281],[101.28,34.284],[101.266,34.297],[101.256,34.3],[101.243,34.3],[101.234,34.301],[101.226,34.3],[101.209,34.302],[101.195,34.306],[101.177,34.313],[101.157,34.319],[101.084,34.325],[101.061,34.33],[101.036,34.339],[100.961,34.379],[100.935,34.386],[100.9,34.369],[100.874,34.34],[100.829,34.31],[100.815,34.295],[100.806,34.278],[100.802,34.262],[100.781,34.206],[100.78,34.192],[100.783,34.175],[100.792,34.155],[100.851,34.087],[100.893,34.03],[100.925,33.964],[100.948,33.93],[100.975,33.906],[101.009,33.881],[101.014,33.88],[101.024,33.879],[101.031,33.877],[101.035,33.877],[101.044,33.876],[101.064,33.864],[101.074,33.862],[101.103,33.863],[101.112,33.862],[101.129,33.851],[101.138,33.838],[101.155,33.805],[101.162,33.777],[101.166,33.756],[101.165,33.735],[101.158,33.69],[101.16,33.664],[101.17,33.654],[101.183,33.655],[101.205,33.671],[101.215,33.675],[101.228,33.674],[101.243,33.669],[101.292,33.647],[101.32,33.639],[101.349,33.637],[101.377,33.64],[101.389,33.642],[101.4,33.645],[101.409,33.649],[101.418,33.655],[101.444,33.678],[101.447,33.68],[101.455,33.684],[101.463,33.687],[101.484,33.7],[101.496,33.705],[101.509,33.705],[101.516,33.703],[101.526,33.694],[101.547,33.676],[101.565,33.652],[101.577,33.631],[101.596,33.58],[101.613,33.512],[101.623,33.507],[101.64,33.505],[101.707,33.504],[101.718,33.506],[101.723,33.509],[101.733,33.519],[101.74,33.524],[101.747,33.528],[101.754,33.529],[101.778,33.53],[101.766,33.471],[101.748,33.451],[101.712,33.435],[101.691,33.42],[101.679,33.405],[101.669,33.383],[101.661,33.35],[101.66,33.334],[101.665,33.32],[101.678,33.309],[101.71,33.295],[101.721,33.285],[101.727,33.268],[101.724,33.254],[101.716,33.241],[101.694,33.213],[101.644,33.128],[101.627,33.117],[101.61,33.118],[101.592,33.13],[101.559,33.166],[101.525,33.196],[101.481,33.225],[101.464,33.232],[101.445,33.236],[101.427,33.236],[101.409,33.232],[101.402,33.225],[101.398,33.214],[101.396,33.2],[101.387,33.183],[101.374,33.179],[101.362,33.184],[101.351,33.195],[101.338,33.202],[101.324,33.202],[101.296,33.192],[101.245,33.179],[101.22,33.171],[101.184,33.153],[101.171,33.14],[101.164,33.128],[101.161,33.114],[101.134,33.046],[101.128,33.023],[101.125,33.002],[101.125,32.972],[101.127,32.954],[101.131,32.938],[101.139,32.924],[101.146,32.917],[101.152,32.912],[101.205,32.888],[101.218,32.879],[101.226,32.87],[101.232,32.858],[101.236,32.843],[101.237,32.818],[101.237,32.808],[101.218,32.758],[101.187,32.709],[101.171,32.688],[101.154,32.675],[101.141,32.67],[101.128,32.668],[101.119,32.667],[101.112,32.668],[101.096,32.673],[101.086,32.679],[101.077,32.682],[101.066,32.681],[101.049,32.676],[101.008,32.648],[100.996,32.642],[100.984,32.639],[100.952,32.635],[100.94,32.632],[100.93,32.628],[100.921,32.626],[100.911,32.627],[100.902,32.63],[100.895,32.635],[100.888,32.641],[100.877,32.649],[100.866,32.654],[100.846,32.661],[100.835,32.663],[100.745,32.671],[100.697,32.686],[100.685,32.686],[100.675,32.683],[100.672,32.677],[100.674,32.67],[100.681,32.653],[100.679,32.642],[100.671,32.629],[100.658,32.617],[100.648,32.606],[100.643,32.594],[100.64,32.58],[100.64,32.556],[100.637,32.542],[100.637,32.541],[100.638,32.538],[100.635,32.526],[100.622,32.501],[100.603,32.451],[100.597,32.444],[100.59,32.439],[100.544,32.418],[100.531,32.403],[100.488,32.433],[100.469,32.455],[100.466,32.465],[100.468,32.474],[100.473,32.485],[100.478,32.493],[100.483,32.498],[100.497,32.509],[100.54,32.534],[100.545,32.537],[100.549,32.542],[100.554,32.548],[100.561,32.563],[100.56,32.569],[100.555,32.577],[100.542,32.587],[100.537,32.598],[100.533,32.609],[100.525,32.615],[100.516,32.62],[100.509,32.628],[100.504,32.643],[100.502,32.656],[100.498,32.669],[100.489,32.684],[100.459,32.706],[100.454,32.715],[100.442,32.727],[100.399,32.758],[100.394,32.757],[100.375,32.746],[100.361,32.74],[100.346,32.738],[100.31,32.739],[100.282,32.736],[100.265,32.731],[100.255,32.726],[100.247,32.717],[100.241,32.7],[100.234,32.658],[100.23,32.646],[100.223,32.637],[100.208,32.635],[100.181,32.637],[100.142,32.648],[100.126,32.658],[100.119,32.671],[100.122,32.679],[100.126,32.688],[100.143,32.712],[100.149,32.722],[100.158,32.751],[100.159,32.767],[100.159,32.782],[100.149,32.828],[100.145,32.839],[100.137,32.848],[100.084,32.885],[100.047,32.935],[100.031,32.944],[100.012,32.946],[99.973,32.939],[99.966,32.939],[99.959,32.941],[99.951,32.944],[99.937,32.953],[99.919,32.968],[99.906,32.983],[99.893,33.003],[99.876,33.025],[99.867,33.029],[99.86,33.028],[99.856,33.021],[99.854,33.012],[99.851,32.982],[99.847,32.97],[99.841,32.957],[99.831,32.947],[99.818,32.94],[99.79,32.935],[99.779,32.93],[99.769,32.922],[99.764,32.911],[99.762,32.899],[99.765,32.873],[99.765,32.86],[99.763,32.847],[99.729,32.758],[99.721,32.745],[99.714,32.743],[99.699,32.745],[99.657,32.768],[99.637,32.777],[99.599,32.789],[99.583,32.796],[99.543,32.822],[99.525,32.83],[99.509,32.835],[99.427,32.844],[99.397,32.853],[99.383,32.862],[99.363,32.877],[99.349,32.88],[99.329,32.88],[99.307,32.882],[99.289,32.887],[99.276,32.897],[99.268,32.909],[99.245,32.956],[99.237,32.979],[99.225,32.999],[99.2,33.017],[99.101,33.072],[99.086,33.078],[99.043,33.088],[98.907,33.139],[98.872,33.159],[98.852,33.175],[98.837,33.197],[98.813,33.243],[98.805,33.254],[98.78,33.28],[98.774,33.291],[98.773,33.303],[98.778,33.35],[98.776,33.357],[98.765,33.378],[98.758,33.404],[98.753,33.435],[98.752,33.451],[98.75,33.462],[98.736,33.49],[98.729,33.497],[98.724,33.501],[98.703,33.512],[98.695,33.521],[98.689,33.531],[98.67,33.58],[98.663,33.59],[98.656,33.596],[98.642,33.602],[98.633,33.608],[98.628,33.616],[98.628,33.627],[98.634,33.635],[98.642,33.641],[98.648,33.645],[98.654,33.649],[98.656,33.657],[98.654,33.666],[98.646,33.676],[98.58,33.743],[98.458,33.84],[98.444,33.849],[98.429,33.856],[98.411,33.862],[98.397,33.864],[98.385,33.864],[98.323,33.849],[98.302,33.846],[98.289,33.847],[98.276,33.852],[98.27,33.859],[98.269,33.868],[98.269,33.877],[98.268,33.889],[98.263,33.901],[98.251,33.917],[98.228,33.934],[98.212,33.939],[98.035,33.96],[98.025,33.959],[98.003,33.955],[97.996,33.953],[97.978,33.943],[97.95,33.919],[97.876,33.882],[97.819,33.864],[97.76,33.858],[97.751,33.859],[97.745,33.865],[97.742,33.875],[97.74,33.888],[97.74,33.932],[97.738,33.946],[97.731,33.961],[97.721,33.974],[97.702,33.993],[97.696,34.005],[97.658,34.005],[97.642,34.001],[97.639,34],[97.637,33.996],[97.632,33.988],[97.63,33.973],[97.63,33.957],[97.624,33.94],[97.61,33.931],[97.45,33.882],[97.405,33.875],[97.384,33.87],[97.375,33.862],[97.373,33.852],[97.368,33.838],[97.365,33.826],[97.367,33.811],[97.384,33.779],[97.391,33.759],[97.395,33.737],[97.396,33.677],[97.39,33.648],[97.386,33.633],[97.386,33.621],[97.391,33.611],[97.41,33.591],[97.42,33.584],[97.429,33.581],[97.455,33.578],[97.468,33.573],[97.477,33.562],[97.483,33.547],[97.493,33.499],[97.497,33.488],[97.502,33.48],[97.509,33.471],[97.521,33.463],[97.539,33.454],[97.56,33.448],[97.58,33.446],[97.612,33.449],[97.622,33.446],[97.629,33.44],[97.636,33.433],[97.646,33.426],[97.659,33.42],[97.713,33.41],[97.724,33.406],[97.733,33.402],[97.737,33.396],[97.736,33.389],[97.731,33.382],[97.718,33.369],[97.701,33.357],[97.684,33.348],[97.666,33.344],[97.648,33.342],[97.63,33.338],[97.616,33.328],[97.606,33.315],[97.587,33.281],[97.575,33.264],[97.501,33.194],[97.495,33.187],[97.488,33.175],[97.48,33.153],[97.476,33.133],[97.476,33.12],[97.481,33.104],[97.497,33.073],[97.501,33.062],[97.504,33.046],[97.504,33.027],[97.502,33.015],[97.5,33.008],[97.494,32.999],[97.482,32.99],[97.469,32.983],[97.414,32.964],[97.4,32.958],[97.387,32.946],[97.375,32.931],[97.364,32.907],[97.362,32.9],[97.361,32.897],[97.372,32.879],[97.377,32.862],[97.384,32.779],[97.392,32.762],[97.425,32.725],[97.427,32.717],[97.427,32.708],[97.431,32.7],[97.442,32.697],[97.448,32.694],[97.466,32.677],[97.559,32.63],[97.566,32.625],[97.574,32.621],[97.595,32.624],[97.603,32.622],[97.608,32.615],[97.617,32.593],[97.621,32.588],[97.664,32.56],[97.716,32.544],[97.714,32.537],[97.703,32.51],[97.696,32.501],[97.695,32.5],[97.694,32.5],[97.677,32.495],[97.667,32.489],[97.661,32.48],[97.658,32.469],[97.653,32.455],[97.643,32.447],[97.631,32.444],[97.622,32.446],[97.612,32.453],[97.59,32.474],[97.577,32.481],[97.562,32.484],[97.501,32.485],[97.401,32.503],[97.376,32.504],[97.366,32.502],[97.361,32.5],[97.359,32.491],[97.357,32.481],[97.354,32.467],[97.348,32.453],[97.335,32.437],[97.326,32.424],[97.326,32.412],[97.336,32.405],[97.351,32.401],[97.372,32.398],[97.385,32.393],[97.393,32.385],[97.396,32.371],[97.394,32.354],[97.375,32.317],[97.375,32.306],[97.388,32.29],[97.389,32.281],[97.377,32.266],[97.36,32.26],[97.335,32.262],[97.315,32.267],[97.292,32.265],[97.277,32.252],[97.265,32.233],[97.254,32.204],[97.245,32.164],[97.245,32.148],[97.247,32.136],[97.251,32.128],[97.256,32.125],[97.26,32.124],[97.267,32.123],[97.275,32.121],[97.277,32.114],[97.273,32.101],[97.255,32.076],[97.24,32.066],[97.225,32.063],[97.2,32.068],[97.184,32.065],[97.179,32.058],[97.175,32.034],[97.159,32.02],[97.143,32.013],[97.124,32.009],[97.082,32.012],[97.018,32.023],[97,32.022],[96.982,32.017],[96.933,31.994],[96.915,31.99],[96.902,31.991],[96.888,31.994],[96.872,31.994],[96.854,31.991],[96.804,31.973],[96.785,31.971],[96.754,31.974],[96.738,31.969],[96.733,31.96],[96.735,31.952],[96.744,31.942],[96.786,31.91],[96.79,31.897],[96.785,31.88],[96.764,31.855],[96.753,31.839],[96.749,31.824],[96.752,31.812],[96.76,31.799],[96.781,31.773],[96.791,31.756],[96.797,31.737],[96.795,31.715],[96.78,31.692],[96.764,31.681],[96.749,31.678],[96.737,31.68],[96.71,31.691],[96.664,31.721],[96.65,31.726],[96.637,31.726],[96.602,31.733],[96.56,31.737],[96.483,31.753],[96.465,31.761],[96.435,31.776],[96.414,31.791],[96.383,31.818],[96.332,31.891],[96.307,31.906],[96.278,31.909],[96.222,31.893],[96.197,31.882],[96.183,31.871],[96.181,31.865],[96.176,31.855],[96.168,31.843],[96.145,31.819],[96.141,31.797],[96.148,31.78],[96.164,31.768],[96.2,31.747],[96.213,31.735],[96.223,31.72],[96.23,31.702],[96.232,31.682],[96.23,31.666],[96.225,31.648],[96.22,31.634],[96.216,31.62],[96.215,31.607],[96.216,31.599],[96.22,31.591],[96.232,31.582],[96.236,31.578],[96.235,31.569],[96.229,31.558],[96.21,31.54],[96.193,31.535],[96.177,31.538],[96.167,31.548],[96.16,31.561],[96.155,31.576],[96.149,31.587],[96.133,31.607],[96.125,31.622],[96.122,31.637],[96.12,31.655],[96.117,31.674],[96.108,31.689],[96.094,31.701],[96.078,31.709],[96.062,31.714],[96.045,31.715],[96.027,31.715],[95.952,31.705],[95.899,31.706],[95.849,31.714],[95.834,31.713],[95.819,31.707],[95.799,31.697],[95.785,31.695],[95.774,31.698],[95.766,31.707],[95.754,31.724],[95.741,31.737],[95.725,31.746],[95.645,31.76],[95.622,31.762],[95.593,31.762],[95.557,31.755],[95.526,31.745],[95.507,31.742],[95.497,31.742],[95.487,31.747],[95.456,31.774],[95.419,31.798],[95.407,31.811],[95.399,31.825],[95.394,31.84],[95.39,31.888],[95.384,31.905],[95.354,31.954],[95.352,31.968],[95.355,31.98],[95.362,31.99],[95.373,31.999],[95.377,32.001],[95.413,32.008],[95.421,32.013],[95.424,32.018],[95.422,32.024],[95.417,32.031],[95.411,32.037],[95.407,32.044],[95.407,32.052],[95.412,32.061],[95.422,32.073],[95.427,32.084],[95.425,32.095],[95.419,32.105],[95.412,32.113],[95.408,32.124],[95.405,32.151],[95.396,32.162],[95.382,32.17],[95.334,32.178],[95.318,32.184],[95.307,32.192],[95.297,32.202],[95.285,32.225],[95.278,32.235],[95.269,32.241],[95.259,32.244],[95.117,32.247],[95.078,32.255],[95.062,32.261],[95,32.307],[94.968,32.32],[94.957,32.328],[94.954,32.333],[94.951,32.337],[94.948,32.347],[94.946,32.36],[94.939,32.428],[94.937,32.438],[94.932,32.448],[94.924,32.456],[94.915,32.463],[94.852,32.5],[94.755,32.535],[94.745,32.543],[94.739,32.553],[94.73,32.582],[94.722,32.593],[94.71,32.6],[94.684,32.612],[94.671,32.62],[94.658,32.632],[94.628,32.666],[94.615,32.673],[94.601,32.676],[94.582,32.672],[94.568,32.664],[94.537,32.641],[94.521,32.631],[94.504,32.625],[94.451,32.611],[94.438,32.604],[94.426,32.597],[94.411,32.591],[94.398,32.595],[94.38,32.614],[94.37,32.618],[94.357,32.614],[94.351,32.606],[94.348,32.597],[94.348,32.581],[94.345,32.565],[94.335,32.55],[94.317,32.541],[94.208,32.529],[94.178,32.522],[94.16,32.51],[94.154,32.504],[94.151,32.5],[94.147,32.495],[94.135,32.488],[94.111,32.478],[94.005,32.481],[93.953,32.497],[93.931,32.51],[93.921,32.508],[93.91,32.504],[93.907,32.501],[93.902,32.499],[93.877,32.495],[93.852,32.5],[93.835,32.511],[93.802,32.555],[93.775,32.566],[93.734,32.572],[93.645,32.574],[93.597,32.565],[93.559,32.546],[93.535,32.529],[93.51,32.516],[93.495,32.514],[93.475,32.519],[93.461,32.534],[93.453,32.55],[93.443,32.563],[93.428,32.57],[93.382,32.566],[93.362,32.569],[93.345,32.578],[93.305,32.61],[93.219,32.66],[93.196,32.667],[93.16,32.669],[93.082,32.665],[93.07,32.661],[93.062,32.656],[93.054,32.652],[93.044,32.652],[93.031,32.664],[93.024,32.678],[93.016,32.698],[93.012,32.716],[93.006,32.735],[92.998,32.742],[92.986,32.744],[92.926,32.729],[92.907,32.727],[92.85,32.729],[92.727,32.761],[92.65,32.74],[92.561,32.753],[92.549,32.752],[92.527,32.753],[92.508,32.757],[92.466,32.769],[92.451,32.77],[92.44,32.767],[92.432,32.763],[92.425,32.758],[92.419,32.756],[92.41,32.758],[92.385,32.769],[92.373,32.771],[92.36,32.768],[92.351,32.763],[92.342,32.757],[92.335,32.752],[92.327,32.752],[92.317,32.755],[92.307,32.76],[92.297,32.762],[92.29,32.761],[92.275,32.752],[92.266,32.747],[92.257,32.744],[92.246,32.743],[92.233,32.743],[92.221,32.745],[92.21,32.75],[92.203,32.762],[92.188,32.815],[92.188,32.828],[92.191,32.836],[92.198,32.845],[92.202,32.852],[92.204,32.858],[92.202,32.864],[92.196,32.869],[92.182,32.874],[92.161,32.88],[92.119,32.887],[92.101,32.888],[92.086,32.886],[92.073,32.881],[92.062,32.873],[92.053,32.865],[92.043,32.858],[92.031,32.854],[92.01,32.85],[91.996,32.848],[91.977,32.849],[91.952,32.857],[91.924,32.872],[91.855,32.923],[91.839,32.938],[91.826,32.956],[91.813,32.968],[91.794,32.976],[91.779,32.978],[91.749,32.975],[91.735,32.977],[91.72,32.983],[91.631,33.037],[91.597,33.05],[91.543,33.08],[91.475,33.141],[91.376,33.271],[91.369,33.284],[91.368,33.292],[91.37,33.296],[91.373,33.297],[91.379,33.298],[91.385,33.3],[91.39,33.303],[91.395,33.306],[91.398,33.31],[91.4,33.313],[91.4,33.317],[91.397,33.321],[91.391,33.326],[91.379,33.333],[91.371,33.336],[91.362,33.337],[91.189,33.337],[91.178,33.335],[91.17,33.332],[91.163,33.327],[91.158,33.322],[91.153,33.315],[91.149,33.306],[91.146,33.297],[91.144,33.276],[91.142,33.267],[91.138,33.26],[91.128,33.254],[91.037,33.235],[91.02,33.234],[90.95,33.239],[90.94,33.237],[90.895,33.202],[90.857,33.166],[90.842,33.155],[90.824,33.146],[90.804,33.141],[90.774,33.139],[90.742,33.141],[90.683,33.149],[90.66,33.156],[90.583,33.189],[90.469,33.252],[90.436,33.282],[90.424,33.288],[90.411,33.29],[90.375,33.284],[90.36,33.284],[90.323,33.289],[90.306,33.295],[90.289,33.305],[90.274,33.316],[90.262,33.327],[90.243,33.348],[90.206,33.402],[90.199,33.415],[90.194,33.431],[90.192,33.454],[90.195,33.471],[90.202,33.492],[90.203,33.5],[90.202,33.503],[90.198,33.508],[90.188,33.517],[90.17,33.54],[90.16,33.56],[90.151,33.571],[90.141,33.578],[90.097,33.597],[90.082,33.601],[90.06,33.602],[90.037,33.605],[89.998,33.617],[89.988,33.621],[89.982,33.625],[89.975,33.631],[89.969,33.642],[89.964,33.658],[89.961,33.689],[89.953,33.716],[89.943,33.729],[89.928,33.737],[89.9,33.748],[89.892,33.756],[89.889,33.766],[89.892,33.785],[89.892,33.802],[89.887,33.814],[89.877,33.823],[89.801,33.88],[89.791,33.883],[89.771,33.888],[89.761,33.893],[89.742,33.91],[89.681,33.983],[89.671,34.001],[89.664,34.018],[89.658,34.03],[89.64,34.058],[89.636,34.074],[89.637,34.093],[89.648,34.118],[89.658,34.131],[89.67,34.14],[89.681,34.143],[89.693,34.145],[89.718,34.146],[89.731,34.149],[89.739,34.154],[89.757,34.172],[89.781,34.191],[89.787,34.199],[89.796,34.225],[89.819,34.317],[89.825,34.33],[89.839,34.347],[89.844,34.358],[89.846,34.37],[89.84,34.383],[89.833,34.391],[89.825,34.395],[89.809,34.397],[89.804,34.399],[89.799,34.403],[89.796,34.408],[89.793,34.422],[89.792,34.44],[89.797,34.506],[89.791,34.554],[89.762,34.663],[89.753,34.674],[89.742,34.683],[89.732,34.689],[89.725,34.696],[89.72,34.705],[89.717,34.716],[89.716,34.725],[89.718,34.731],[89.724,34.74],[89.788,34.787],[89.812,34.812],[89.825,34.846],[89.808,34.906],[89.788,34.926],[89.778,34.93],[89.761,34.935],[89.725,34.938],[89.645,34.934],[89.61,34.935],[89.584,34.941],[89.569,34.948],[89.563,34.956],[89.561,34.967],[89.561,34.979],[89.567,35.004],[89.573,35.044],[89.573,35.059],[89.572,35.073],[89.56,35.092],[89.54,35.116],[89.493,35.162],[89.47,35.189],[89.455,35.213],[89.454,35.225],[89.455,35.232],[89.459,35.238],[89.463,35.243],[89.474,35.252],[89.478,35.257],[89.483,35.267],[89.485,35.281],[89.484,35.295],[89.48,35.322],[89.48,35.332],[89.484,35.342],[89.492,35.35],[89.501,35.356],[89.512,35.36],[89.576,35.373],[89.619,35.387],[89.73,35.444],[89.738,35.45],[89.742,35.457],[89.743,35.469],[89.737,35.479],[89.726,35.486],[89.712,35.491],[89.7,35.498],[89.69,35.509],[89.691,35.52],[89.696,35.529],[89.717,35.551],[89.723,35.566],[89.722,35.58],[89.714,35.616],[89.713,35.629],[89.715,35.642],[89.728,35.667],[89.772,35.735],[89.781,35.753],[89.789,35.776],[89.794,35.804],[89.793,35.818],[89.789,35.827],[89.782,35.832],[89.772,35.836],[89.76,35.838],[89.745,35.838],[89.676,35.831],[89.634,35.833],[89.581,35.84],[89.542,35.851],[89.512,35.864],[89.494,35.873],[89.485,35.88],[89.472,35.895],[89.459,35.917],[89.442,35.952],[89.436,35.973],[89.435,35.988],[89.437,35.995],[89.439,35.999],[89.439,36],[89.445,36.007],[89.467,36.027],[89.493,36.044],[89.515,36.053],[89.593,36.073],[89.678,36.082],[89.867,36.066],[89.893,36.066],[89.919,36.07],[89.946,36.08],[89.963,36.092],[89.972,36.105],[89.977,36.119],[89.979,36.133],[90.014,36.253],[90.021,36.259],[90.03,36.259],[90.044,36.251],[90.069,36.233],[90.083,36.221],[90.098,36.205],[90.132,36.151],[90.139,36.143],[90.145,36.137],[90.154,36.132],[90.166,36.129],[90.292,36.116],[90.623,36.111],[90.643,36.106],[90.829,36.01],[90.853,36.005],[90.875,36.004],[90.894,36.007],[90.915,36.013],[91.006,36.053],[91.047,36.063],[91.092,36.07],[91.111,36.074],[91.124,36.081],[91.132,36.091],[91.136,36.105],[91.137,36.12],[91.136,36.141],[91.118,36.198],[91.084,36.261],[91.061,36.314],[91.025,36.46],[91.007,36.503],[91.001,36.509],[90.995,36.513],[90.985,36.518],[90.972,36.522],[90.937,36.53],[90.858,36.539],[90.841,36.544],[90.805,36.559],[90.76,36.591],[90.71,36.636],[90.702,36.646],[90.698,36.655],[90.696,36.661],[90.688,36.698],[90.686,36.746],[90.69,36.776],[90.696,36.797],[90.701,36.808],[90.712,36.822],[90.766,36.864],[90.808,36.911],[90.826,36.924],[90.838,36.928],[90.891,36.939],[90.895,36.939],[90.964,36.93],[90.982,36.93],[91,36.931],[91.055,36.945],[91.161,36.992],[91.191,37.001],[91.288,37.014],[91.299,37.018],[91.308,37.024],[91.319,37.035],[91.323,37.044],[91.326,37.053],[91.326,37.07],[91.324,37.093],[91.321,37.106],[91.316,37.119],[91.31,37.129],[91.302,37.137],[91.235,37.195],[91.163,37.3],[91.152,37.323],[91.126,37.419],[91.118,37.439],[91.106,37.458],[91.091,37.476],[91.082,37.483],[91.074,37.488],[90.957,37.519],[90.939,37.527],[90.899,37.553],[90.867,37.584],[90.834,37.608],[90.676,37.67],[90.569,37.732],[90.436,37.779],[90.43,37.783],[90.423,37.789],[90.413,37.8],[90.409,37.808],[90.406,37.817],[90.405,37.827],[90.406,37.834],[90.407,37.84],[90.41,37.847],[90.443,37.9],[90.448,37.916],[90.451,37.937],[90.448,37.966],[90.444,37.984],[90.439,37.996],[90.193,38.326],[90.165,38.379],[90.153,38.409],[90.151,38.433],[90.159,38.446],[90.172,38.456],[90.188,38.464],[90.206,38.469],[90.241,38.474],[90.256,38.474],[90.312,38.466],[90.321,38.467],[90.381,38.486],[90.401,38.497],[90.412,38.504],[90.478,38.533],[90.537,38.571],[90.55,38.582],[90.579,38.6],[90.626,38.618],[90.632,38.62],[90.636,38.624],[90.639,38.629],[90.641,38.635],[90.643,38.654],[90.645,38.661],[90.649,38.669],[90.654,38.674],[90.659,38.677],[90.666,38.678],[90.706,38.671],[90.735,38.673],[90.895,38.701],[90.924,38.703],[91.012,38.699],[91.12,38.716],[91.199,38.74],[91.226,38.744],[91.294,38.745],[91.343,38.76],[91.442,38.804],[91.466,38.812],[91.492,38.817],[91.629,38.826],[91.881,38.875],[91.975,38.907],[92.123,38.941],[92.249,38.989],[92.333,39.05],[92.344,39.055],[92.368,39.063],[92.394,39.068],[92.505,39.074],[92.811,39.126],[92.904,39.151],[92.924,39.153]]]}},{"type":"Feature","id":"CN-SC","properties":{"id":"CN-SC","countryCode":"CN","isoSubdivision":"CN-SC","name":"Sichuan","name_en":"Sichuan","name_ko":"쓰촨성","type":"Province","labelLongitude":102.384,"labelLatitude":30.543,"minZoom":4.6},"geometry":{"type":"Polygon","coordinates":[[[108.518,32.198],[108.389,32.184],[108.376,32.177],[108.361,32.167],[108.364,32.158],[108.371,32.149],[108.407,32.118],[108.415,32.11],[108.419,32.1],[108.417,32.089],[108.41,32.083],[108.401,32.08],[108.366,32.08],[108.355,32.078],[108.345,32.074],[108.32,32.035],[108.268,31.973],[108.263,31.963],[108.26,31.955],[108.26,31.948],[108.263,31.94],[108.271,31.932],[108.287,31.922],[108.423,31.853],[108.481,31.811],[108.501,31.791],[108.507,31.782],[108.515,31.766],[108.523,31.738],[108.521,31.72],[108.516,31.708],[108.505,31.696],[108.479,31.674],[108.469,31.668],[108.462,31.661],[108.455,31.658],[108.45,31.653],[108.444,31.645],[108.439,31.633],[108.431,31.61],[108.419,31.585],[108.407,31.566],[108.394,31.552],[108.352,31.517],[108.327,31.501],[108.323,31.499],[108.302,31.493],[108.242,31.486],[108.232,31.481],[108.223,31.468],[108.221,31.45],[108.216,31.43],[108.21,31.414],[108.197,31.391],[108.192,31.378],[108.191,31.366],[108.193,31.356],[108.194,31.345],[108.194,31.331],[108.187,31.318],[108.176,31.306],[108.142,31.284],[108.059,31.243],[108.037,31.23],[108.033,31.222],[108.034,31.216],[108.041,31.203],[108.044,31.186],[108.038,31.15],[108.007,31.039],[108.001,31.027],[107.997,31.022],[107.954,30.983],[107.94,30.967],[107.933,30.956],[107.932,30.949],[107.934,30.944],[107.938,30.938],[107.952,30.926],[107.953,30.917],[107.949,30.9],[107.94,30.885],[107.93,30.873],[107.85,30.81],[107.837,30.802],[107.825,30.799],[107.812,30.798],[107.8,30.8],[107.791,30.805],[107.78,30.814],[107.769,30.827],[107.743,30.873],[107.736,30.883],[107.728,30.889],[107.722,30.889],[107.714,30.886],[107.707,30.88],[107.691,30.863],[107.68,30.853],[107.665,30.846],[107.651,30.841],[107.639,30.838],[107.621,30.837],[107.559,30.843],[107.531,30.836],[107.508,30.822],[107.477,30.791],[107.464,30.773],[107.457,30.761],[107.453,30.748],[107.451,30.733],[107.452,30.72],[107.456,30.71],[107.478,30.677],[107.488,30.658],[107.485,30.635],[107.478,30.61],[107.417,30.527],[107.402,30.525],[107.394,30.522],[107.384,30.516],[107.372,30.5],[107.267,30.326],[107.229,30.238],[107.195,30.218],[107.185,30.21],[107.163,30.184],[107.151,30.166],[107.129,30.141],[107.113,30.127],[107.1,30.118],[107.084,30.11],[107.074,30.101],[107.065,30.091],[107.057,30.078],[107.047,30.068],[107.033,30.058],[107.018,30.054],[107.001,30.055],[106.98,30.061],[106.959,30.064],[106.885,30.052],[106.85,30.054],[106.836,30.051],[106.808,30.04],[106.792,30.036],[106.77,30.037],[106.754,30.04],[106.741,30.044],[106.729,30.05],[106.717,30.059],[106.706,30.075],[106.695,30.093],[106.686,30.134],[106.67,30.143],[106.654,30.168],[106.64,30.197],[106.625,30.24],[106.618,30.269],[106.606,30.286],[106.591,30.298],[106.568,30.309],[106.559,30.317],[106.553,30.324],[106.549,30.335],[106.544,30.34],[106.539,30.341],[106.532,30.338],[106.509,30.315],[106.502,30.313],[106.494,30.313],[106.481,30.316],[106.463,30.322],[106.449,30.324],[106.436,30.322],[106.428,30.315],[106.422,30.307],[106.418,30.297],[106.417,30.286],[106.414,30.279],[106.408,30.272],[106.398,30.267],[106.385,30.264],[106.305,30.263],[106.292,30.257],[106.282,30.247],[106.267,30.228],[106.251,30.219],[106.239,30.22],[106.232,30.228],[106.227,30.237],[106.222,30.244],[106.216,30.248],[106.202,30.255],[106.195,30.259],[106.191,30.264],[106.18,30.291],[106.164,30.316],[106.152,30.326],[106.125,30.342],[105.999,30.385],[105.975,30.389],[105.905,30.397],[105.894,30.401],[105.879,30.41],[105.853,30.43],[105.833,30.436],[105.815,30.438],[105.802,30.433],[105.792,30.423],[105.728,30.33],[105.725,30.318],[105.734,30.296],[105.734,30.287],[105.728,30.277],[105.722,30.273],[105.717,30.272],[105.713,30.272],[105.709,30.274],[105.654,30.281],[105.639,30.279],[105.63,30.273],[105.627,30.267],[105.628,30.257],[105.633,30.249],[105.644,30.238],[105.651,30.229],[105.653,30.222],[105.648,30.214],[105.636,30.208],[105.623,30.203],[105.57,30.189],[105.555,30.176],[105.553,30.167],[105.553,30.158],[105.557,30.148],[105.568,30.136],[105.578,30.129],[105.623,30.11],[105.679,30.069],[105.739,30.033],[105.749,30.021],[105.75,30.011],[105.745,30.001],[105.733,29.986],[105.713,29.957],[105.711,29.946],[105.711,29.929],[105.717,29.902],[105.719,29.887],[105.717,29.873],[105.71,29.868],[105.696,29.864],[105.679,29.863],[105.666,29.861],[105.652,29.857],[105.577,29.823],[105.568,29.817],[105.562,29.811],[105.558,29.804],[105.553,29.789],[105.551,29.748],[105.548,29.737],[105.543,29.731],[105.535,29.73],[105.495,29.732],[105.484,29.728],[105.477,29.721],[105.464,29.705],[105.456,29.698],[105.446,29.696],[105.424,29.703],[105.412,29.703],[105.399,29.698],[105.391,29.692],[105.363,29.657],[105.346,29.643],[105.324,29.628],[105.314,29.618],[105.305,29.607],[105.291,29.585],[105.286,29.57],[105.285,29.553],[105.293,29.51],[105.298,29.5],[105.308,29.486],[105.311,29.479],[105.315,29.47],[105.321,29.464],[105.33,29.461],[105.345,29.459],[105.356,29.457],[105.366,29.454],[105.374,29.45],[105.398,29.436],[105.405,29.43],[105.41,29.419],[105.412,29.403],[105.411,29.356],[105.412,29.344],[105.416,29.338],[105.422,29.334],[105.458,29.315],[105.506,29.291],[105.558,29.287],[105.589,29.289],[105.61,29.283],[105.645,29.27],[105.654,29.269],[105.661,29.273],[105.67,29.292],[105.678,29.3],[105.695,29.305],[105.704,29.3],[105.708,29.291],[105.701,29.224],[105.703,29.204],[105.711,29.187],[105.723,29.173],[105.731,29.162],[105.734,29.154],[105.733,29.146],[105.726,29.129],[105.724,29.118],[105.737,29.085],[105.74,29.071],[105.74,29.057],[105.738,29.042],[105.737,29.031],[105.739,29.012],[105.743,29],[105.745,28.995],[105.769,28.961],[105.795,28.937],[105.815,28.924],[105.837,28.918],[105.856,28.917],[105.87,28.918],[105.878,28.92],[105.985,28.972],[105.993,28.974],[106,28.974],[106.008,28.973],[106.026,28.966],[106.081,28.932],[106.106,28.921],[106.125,28.916],[106.137,28.918],[106.156,28.918],[106.179,28.916],[106.227,28.897],[106.248,28.885],[106.26,28.869],[106.262,28.856],[106.261,28.842],[106.256,28.813],[106.257,28.794],[106.271,28.734],[106.282,28.703],[106.298,28.672],[106.34,28.616],[106.382,28.572],[106.383,28.554],[106.38,28.541],[106.372,28.523],[106.339,28.48],[106.326,28.471],[106.314,28.471],[106.305,28.476],[106.3,28.483],[106.298,28.492],[106.299,28.497],[106.301,28.508],[106.301,28.517],[106.298,28.527],[106.294,28.537],[106.287,28.545],[106.279,28.552],[106.269,28.557],[106.189,28.585],[106.179,28.59],[106.172,28.598],[106.154,28.624],[106.145,28.63],[106.123,28.639],[106.078,28.669],[105.984,28.754],[105.975,28.755],[105.965,28.751],[105.955,28.734],[105.939,28.714],[105.931,28.706],[105.924,28.693],[105.917,28.675],[105.908,28.64],[105.9,28.622],[105.892,28.609],[105.881,28.605],[105.868,28.604],[105.841,28.604],[105.829,28.603],[105.785,28.589],[105.773,28.589],[105.73,28.604],[105.72,28.604],[105.706,28.598],[105.683,28.583],[105.679,28.579],[105.676,28.574],[105.67,28.561],[105.667,28.545],[105.664,28.534],[105.658,28.525],[105.65,28.517],[105.63,28.506],[105.623,28.5],[105.619,28.491],[105.621,28.482],[105.627,28.475],[105.644,28.462],[105.651,28.453],[105.656,28.441],[105.661,28.369],[105.658,28.358],[105.65,28.34],[105.652,28.331],[105.658,28.324],[105.667,28.318],[105.688,28.308],[105.699,28.304],[105.71,28.302],[105.723,28.302],[105.748,28.306],[105.76,28.304],[105.77,28.3],[105.798,28.282],[105.809,28.278],[105.835,28.273],[105.847,28.269],[105.866,28.258],[105.874,28.252],[105.879,28.245],[105.881,28.236],[105.875,28.222],[105.872,28.208],[105.871,28.193],[105.876,28.174],[105.882,28.162],[105.892,28.154],[105.906,28.151],[105.922,28.152],[105.935,28.155],[105.945,28.156],[105.956,28.155],[105.997,28.14],[106.002,28.14],[106.009,28.14],[106.017,28.142],[106.028,28.146],[106.038,28.151],[106.055,28.156],[106.092,28.172],[106.097,28.173],[106.109,28.175],[106.121,28.173],[106.133,28.169],[106.164,28.154],[106.173,28.148],[106.181,28.142],[106.199,28.124],[106.201,28.121],[106.202,28.116],[106.2,28.107],[106.201,28.094],[106.208,28.066],[106.211,28.061],[106.215,28.056],[106.269,28.027],[106.292,28.009],[106.299,28],[106.3,27.997],[106.303,27.991],[106.306,27.979],[106.309,27.938],[106.311,27.926],[106.315,27.916],[106.33,27.887],[106.339,27.866],[106.345,27.845],[106.345,27.835],[106.34,27.828],[106.33,27.821],[106.299,27.806],[106.286,27.796],[106.248,27.775],[106.236,27.771],[106.229,27.769],[106.207,27.767],[106.181,27.77],[106.131,27.784],[106.104,27.788],[106.095,27.787],[106.085,27.785],[106.07,27.778],[106.056,27.769],[106.044,27.76],[106.039,27.757],[106.005,27.752],[105.939,27.749],[105.927,27.751],[105.923,27.754],[105.915,27.755],[105.905,27.754],[105.876,27.745],[105.856,27.73],[105.847,27.722],[105.843,27.719],[105.833,27.717],[105.819,27.717],[105.772,27.721],[105.757,27.72],[105.74,27.716],[105.732,27.711],[105.726,27.707],[105.723,27.703],[105.712,27.691],[105.704,27.689],[105.691,27.686],[105.667,27.684],[105.647,27.678],[105.64,27.678],[105.631,27.682],[105.626,27.686],[105.622,27.691],[105.609,27.715],[105.603,27.723],[105.599,27.726],[105.592,27.73],[105.568,27.737],[105.56,27.741],[105.553,27.745],[105.524,27.775],[105.52,27.777],[105.513,27.779],[105.48,27.784],[105.455,27.782],[105.396,27.768],[105.368,27.764],[105.361,27.76],[105.33,27.729],[105.314,27.721],[105.297,27.722],[105.27,27.759],[105.27,27.768],[105.273,27.778],[105.277,27.787],[105.273,27.795],[105.251,27.817],[105.234,27.841],[105.228,27.856],[105.228,27.867],[105.231,27.872],[105.257,27.9],[105.269,27.918],[105.274,27.933],[105.278,27.951],[105.282,27.994],[105.282,28.001],[105.28,28.003],[105.275,28.006],[105.266,28.008],[105.255,28.007],[105.23,28],[105.224,27.999],[105.215,27.999],[105.203,28.002],[105.192,28.01],[105.187,28.021],[105.186,28.048],[105.182,28.055],[105.172,28.062],[105.056,28.088],[105.017,28.085],[104.979,28.063],[104.972,28.056],[104.966,28.048],[104.96,28.022],[104.952,28],[104.952,27.999],[104.953,27.989],[104.958,27.957],[104.956,27.946],[104.95,27.938],[104.941,27.932],[104.918,27.924],[104.91,27.918],[104.904,27.909],[104.897,27.901],[104.888,27.896],[104.876,27.893],[104.833,27.889],[104.786,27.874],[104.773,27.872],[104.759,27.873],[104.728,27.882],[104.715,27.884],[104.702,27.883],[104.655,27.856],[104.644,27.852],[104.632,27.849],[104.605,27.846],[104.588,27.848],[104.572,27.854],[104.528,27.877],[104.5,27.883],[104.492,27.886],[104.482,27.891],[104.375,27.962],[104.363,27.974],[104.35,27.99],[104.328,28.023],[104.327,28.038],[104.334,28.047],[104.383,28.059],[104.428,28.075],[104.437,28.082],[104.442,28.09],[104.445,28.1],[104.443,28.111],[104.44,28.121],[104.437,28.129],[104.41,28.178],[104.406,28.188],[104.405,28.198],[104.41,28.206],[104.423,28.22],[104.424,28.229],[104.417,28.239],[104.394,28.264],[104.387,28.273],[104.377,28.282],[104.362,28.29],[104.312,28.304],[104.294,28.31],[104.277,28.323],[104.268,28.334],[104.264,28.346],[104.263,28.359],[104.264,28.395],[104.258,28.414],[104.262,28.445],[104.257,28.465],[104.256,28.476],[104.257,28.486],[104.257,28.495],[104.256,28.499],[104.256,28.5],[104.252,28.511],[104.25,28.52],[104.25,28.531],[104.255,28.539],[104.262,28.545],[104.305,28.556],[104.316,28.56],[104.335,28.57],[104.344,28.572],[104.352,28.568],[104.362,28.565],[104.372,28.565],[104.381,28.569],[104.388,28.574],[104.396,28.585],[104.401,28.59],[104.408,28.594],[104.415,28.597],[104.433,28.602],[104.44,28.605],[104.444,28.61],[104.446,28.614],[104.445,28.62],[104.443,28.625],[104.438,28.629],[104.429,28.635],[104.414,28.64],[104.395,28.644],[104.384,28.646],[104.363,28.647],[104.353,28.646],[104.347,28.642],[104.342,28.638],[104.333,28.634],[104.312,28.631],[104.293,28.632],[104.275,28.639],[104.261,28.651],[104.251,28.662],[104.248,28.662],[104.247,28.655],[104.24,28.644],[104.233,28.64],[104.179,28.639],[104.14,28.633],[104.12,28.627],[104.101,28.616],[104.092,28.613],[104.079,28.613],[104.057,28.63],[104.048,28.634],[104.029,28.63],[103.993,28.616],[103.973,28.613],[103.953,28.615],[103.94,28.62],[103.928,28.626],[103.909,28.634],[103.9,28.633],[103.888,28.631],[103.878,28.631],[103.874,28.637],[103.873,28.657],[103.871,28.666],[103.867,28.675],[103.851,28.668],[103.845,28.654],[103.842,28.636],[103.832,28.621],[103.837,28.605],[103.828,28.587],[103.805,28.552],[103.795,28.531],[103.797,28.525],[103.822,28.485],[103.86,28.401],[103.87,28.344],[103.88,28.326],[103.789,28.256],[103.749,28.243],[103.722,28.216],[103.709,28.216],[103.697,28.228],[103.684,28.247],[103.666,28.263],[103.644,28.27],[103.634,28.268],[103.627,28.262],[103.62,28.255],[103.613,28.25],[103.603,28.248],[103.581,28.246],[103.572,28.243],[103.562,28.229],[103.552,28.206],[103.538,28.185],[103.459,28.135],[103.455,28.134],[103.453,28.124],[103.457,28.105],[103.452,28.096],[103.446,28.09],[103.44,28.083],[103.436,28.076],[103.435,28.068],[103.441,28.042],[103.457,28.037],[103.475,28.04],[103.489,28.038],[103.502,27.992],[103.514,27.971],[103.534,27.979],[103.541,27.985],[103.551,27.988],[103.56,27.988],[103.565,27.983],[103.563,27.976],[103.556,27.97],[103.537,27.961],[103.519,27.945],[103.511,27.93],[103.509,27.865],[103.503,27.85],[103.482,27.825],[103.479,27.815],[103.479,27.806],[103.477,27.8],[103.465,27.798],[103.459,27.793],[103.456,27.781],[103.455,27.769],[103.452,27.76],[103.444,27.756],[103.415,27.743],[103.327,27.674],[103.319,27.663],[103.314,27.655],[103.291,27.646],[103.284,27.641],[103.286,27.634],[103.305,27.605],[103.296,27.588],[103.285,27.581],[103.25,27.578],[103.229,27.574],[103.218,27.567],[103.16,27.497],[103.151,27.473],[103.147,27.434],[103.135,27.422],[103.121,27.412],[103.107,27.409],[103.093,27.414],[103.084,27.411],[103.071,27.408],[103.047,27.406],[103.038,27.403],[103.019,27.389],[103.013,27.386],[102.992,27.386],[102.977,27.389],[102.967,27.399],[102.955,27.421],[102.942,27.405],[102.93,27.367],[102.907,27.334],[102.889,27.291],[102.887,27.277],[102.89,27.257],[102.904,27.222],[102.916,27.134],[102.914,27.112],[102.907,27.098],[102.885,27.066],[102.88,27.047],[102.88,27.039],[102.878,27.036],[102.878,27.032],[102.88,27.024],[102.884,27.018],[102.896,27.009],[102.9,27.003],[102.901,26.993],[102.893,26.961],[102.901,26.925],[102.925,26.892],[102.953,26.862],[102.975,26.831],[102.993,26.766],[103,26.756],[103.004,26.751],[103.007,26.739],[103.009,26.715],[103.012,26.704],[103.024,26.68],[103.029,26.662],[103.031,26.644],[103.031,26.602],[103.036,26.583],[103.048,26.57],[103.058,26.557],[103.058,26.536],[103.053,26.527],[103.039,26.506],[103.034,26.502],[103.023,26.502],[103.01,26.501],[103,26.496],[102.996,26.485],[102.997,26.48],[103.003,26.469],[103.003,26.461],[103.001,26.457],[102.992,26.446],[102.99,26.441],[102.992,26.431],[103.001,26.41],[103.003,26.4],[103,26.383],[102.988,26.365],[102.972,26.351],[102.951,26.345],[102.909,26.349],[102.892,26.355],[102.893,26.365],[102.878,26.365],[102.846,26.327],[102.822,26.317],[102.791,26.31],[102.767,26.293],[102.72,26.238],[102.711,26.229],[102.699,26.224],[102.681,26.222],[102.668,26.226],[102.647,26.245],[102.61,26.26],[102.612,26.287],[102.623,26.319],[102.626,26.345],[102.618,26.355],[102.603,26.366],[102.585,26.375],[102.568,26.379],[102.554,26.373],[102.503,26.338],[102.465,26.323],[102.447,26.319],[102.424,26.317],[102.401,26.312],[102.387,26.298],[102.375,26.281],[102.358,26.263],[102.339,26.251],[102.315,26.243],[102.29,26.237],[102.267,26.235],[102.252,26.229],[102.241,26.214],[102.232,26.198],[102.222,26.187],[102.146,26.132],[102.131,26.115],[102.118,26.096],[102.113,26.084],[102.103,26.084],[102.096,26.083],[101.922,26.099],[101.915,26.098],[101.911,26.095],[101.904,26.088],[101.883,26.055],[101.877,26.049],[101.865,26.04],[101.857,26.037],[101.85,26.035],[101.845,26.036],[101.842,26.038],[101.84,26.041],[101.835,26.055],[101.807,26.066],[101.797,26.072],[101.788,26.082],[101.781,26.092],[101.777,26.099],[101.776,26.107],[101.775,26.124],[101.777,26.139],[101.777,26.148],[101.773,26.164],[101.769,26.171],[101.764,26.176],[101.723,26.195],[101.677,26.228],[101.668,26.232],[101.66,26.234],[101.654,26.233],[101.649,26.23],[101.645,26.227],[101.635,26.215],[101.631,26.212],[101.626,26.209],[101.621,26.207],[101.614,26.206],[101.606,26.206],[101.595,26.209],[101.587,26.214],[101.582,26.219],[101.577,26.229],[101.575,26.233],[101.573,26.239],[101.573,26.244],[101.574,26.256],[101.577,26.267],[101.578,26.273],[101.577,26.278],[101.573,26.294],[101.574,26.299],[101.577,26.303],[101.58,26.307],[101.597,26.32],[101.603,26.327],[101.606,26.329],[101.61,26.331],[101.618,26.333],[101.627,26.336],[101.636,26.342],[101.644,26.349],[101.647,26.361],[101.644,26.368],[101.638,26.373],[101.628,26.379],[101.616,26.388],[101.608,26.397],[101.602,26.409],[101.59,26.442],[101.582,26.455],[101.573,26.467],[101.544,26.495],[101.525,26.51],[101.517,26.514],[101.508,26.518],[101.451,26.531],[101.423,26.553],[101.418,26.561],[101.412,26.57],[101.412,26.576],[101.414,26.585],[101.42,26.594],[101.428,26.602],[101.445,26.615],[101.449,26.621],[101.453,26.627],[101.466,26.655],[101.495,26.706],[101.499,26.717],[101.501,26.727],[101.504,26.756],[101.503,26.766],[101.5,26.775],[101.497,26.779],[101.49,26.784],[101.481,26.787],[101.469,26.787],[101.459,26.783],[101.45,26.774],[101.437,26.741],[101.43,26.733],[101.421,26.729],[101.409,26.729],[101.398,26.735],[101.387,26.745],[101.376,26.761],[101.371,26.775],[101.363,26.837],[101.357,26.852],[101.35,26.863],[101.342,26.871],[101.161,27.017],[101.153,27.027],[101.141,27.045],[101.141,27.065],[101.146,27.09],[101.154,27.116],[101.171,27.152],[101.175,27.17],[101.173,27.191],[101.168,27.196],[101.16,27.201],[101.147,27.203],[101.099,27.205],[101.09,27.204],[101.081,27.201],[101.057,27.187],[101.037,27.178],[101.026,27.177],[101.016,27.18],[101.009,27.188],[101.004,27.198],[101,27.215],[100.997,27.243],[100.996,27.298],[100.992,27.331],[100.978,27.374],[100.941,27.435],[100.927,27.451],[100.914,27.46],[100.901,27.464],[100.88,27.475],[100.871,27.485],[100.867,27.495],[100.867,27.499],[100.867,27.5],[100.867,27.501],[100.873,27.549],[100.872,27.562],[100.661,27.875],[100.64,27.892],[100.625,27.897],[100.615,27.893],[100.608,27.888],[100.601,27.881],[100.593,27.87],[100.579,27.846],[100.572,27.836],[100.559,27.825],[100.551,27.82],[100.543,27.817],[100.533,27.816],[100.521,27.819],[100.504,27.826],[100.482,27.839],[100.464,27.847],[100.449,27.849],[100.432,27.846],[100.419,27.837],[100.41,27.829],[100.349,27.747],[100.321,27.733],[100.303,27.757],[100.297,27.761],[100.301,27.769],[100.303,27.78],[100.296,27.821],[100.3,27.832],[100.297,27.838],[100.296,27.853],[100.288,27.864],[100.278,27.871],[100.239,27.88],[100.219,27.888],[100.202,27.899],[100.191,27.912],[100.172,27.949],[100.16,27.964],[100.095,28.019],[100.072,28.044],[100.059,28.066],[100.052,28.105],[100.029,28.145],[100.028,28.155],[100.028,28.169],[100.035,28.179],[100.047,28.187],[100.064,28.194],[100.118,28.208],[100.137,28.217],[100.162,28.236],[100.168,28.249],[100.168,28.26],[100.162,28.267],[100.149,28.278],[100.147,28.285],[100.148,28.296],[100.152,28.313],[100.15,28.328],[100.143,28.342],[100.132,28.351],[100.068,28.384],[100.048,28.411],[100.032,28.429],[100.001,28.456],[99.989,28.471],[99.98,28.488],[99.96,28.539],[99.952,28.552],[99.945,28.56],[99.934,28.569],[99.921,28.577],[99.905,28.583],[99.89,28.586],[99.878,28.586],[99.869,28.588],[99.859,28.592],[99.846,28.604],[99.841,28.615],[99.838,28.626],[99.838,28.637],[99.837,28.654],[99.833,28.665],[99.828,28.673],[99.821,28.681],[99.809,28.69],[99.791,28.7],[99.778,28.707],[99.762,28.712],[99.755,28.717],[99.745,28.727],[99.732,28.745],[99.725,28.762],[99.723,28.774],[99.724,28.819],[99.722,28.833],[99.719,28.842],[99.713,28.846],[99.705,28.845],[99.68,28.83],[99.665,28.824],[99.644,28.82],[99.629,28.815],[99.615,28.805],[99.608,28.794],[99.599,28.757],[99.591,28.741],[99.579,28.727],[99.551,28.707],[99.541,28.696],[99.534,28.681],[99.522,28.61],[99.515,28.595],[99.51,28.588],[99.503,28.579],[99.499,28.578],[99.483,28.576],[99.468,28.572],[99.447,28.562],[99.405,28.548],[99.393,28.543],[99.385,28.537],[99.379,28.53],[99.373,28.519],[99.371,28.509],[99.371,28.503],[99.371,28.501],[99.375,28.491],[99.387,28.476],[99.396,28.467],[99.398,28.457],[99.397,28.446],[99.391,28.427],[99.387,28.408],[99.385,28.384],[99.389,28.334],[99.4,28.296],[99.413,28.267],[99.416,28.255],[99.402,28.189],[99.399,28.132],[99.399,28.127],[99.387,28.139],[99.389,28.168],[99.382,28.185],[99.34,28.224],[99.327,28.23],[99.315,28.233],[99.308,28.241],[99.304,28.251],[99.299,28.26],[99.293,28.265],[99.279,28.274],[99.275,28.277],[99.273,28.286],[99.275,28.298],[99.274,28.307],[99.265,28.311],[99.255,28.314],[99.245,28.322],[99.227,28.339],[99.163,28.438],[99.162,28.455],[99.172,28.463],[99.178,28.482],[99.18,28.505],[99.179,28.524],[99.176,28.532],[99.166,28.555],[99.167,28.565],[99.172,28.583],[99.172,28.593],[99.169,28.602],[99.16,28.617],[99.159,28.63],[99.154,28.641],[99.135,28.655],[99.131,28.665],[99.129,28.678],[99.12,28.699],[99.118,28.709],[99.118,28.72],[99.124,28.739],[99.125,28.75],[99.119,28.771],[99.101,28.814],[99.097,28.836],[99.099,28.856],[99.118,28.922],[99.121,28.965],[99.104,29.092],[99.109,29.224],[99.097,29.251],[99.09,29.267],[99.067,29.297],[99.063,29.308],[99.063,29.348],[99.059,29.367],[99.049,29.388],[99.059,29.418],[99.042,29.528],[99.042,29.562],[99.039,29.567],[99.024,29.582],[99.016,29.604],[98.992,29.635],[98.987,29.651],[98.988,29.689],[99.001,29.757],[99.004,29.762],[99.013,29.765],[99.015,29.768],[99.013,29.773],[99.003,29.781],[99.001,29.785],[99.005,29.82],[99.018,29.853],[99.056,29.915],[99.043,29.945],[99.037,29.976],[99.034,30.055],[99.03,30.068],[98.987,30.144],[98.961,30.46],[98.957,30.471],[98.948,30.479],[98.938,30.485],[98.933,30.491],[98.931,30.5],[98.932,30.58],[98.927,30.594],[98.927,30.604],[98.922,30.624],[98.905,30.664],[98.905,30.682],[98.918,30.695],[98.936,30.701],[98.953,30.708],[98.961,30.727],[98.954,30.748],[98.939,30.76],[98.899,30.779],[98.881,30.793],[98.833,30.844],[98.801,30.868],[98.788,30.881],[98.775,30.902],[98.786,30.918],[98.798,30.941],[98.805,30.966],[98.803,30.991],[98.797,30.997],[98.775,31.008],[98.765,31.015],[98.745,31.041],[98.726,31.06],[98.721,31.066],[98.693,31.125],[98.652,31.155],[98.639,31.16],[98.613,31.165],[98.604,31.17],[98.62,31.188],[98.611,31.256],[98.621,31.289],[98.638,31.309],[98.649,31.317],[98.665,31.321],[98.683,31.316],[98.714,31.291],[98.724,31.285],[98.732,31.278],[98.756,31.244],[98.761,31.234],[98.768,31.23],[98.782,31.239],[98.803,31.258],[98.831,31.298],[98.875,31.341],[98.885,31.354],[98.868,31.365],[98.864,31.368],[98.841,31.397],[98.592,31.599],[98.576,31.616],[98.569,31.632],[98.566,31.661],[98.563,31.669],[98.559,31.677],[98.554,31.681],[98.548,31.685],[98.542,31.69],[98.502,31.75],[98.469,31.767],[98.445,31.804],[98.426,31.813],[98.435,31.825],[98.435,31.838],[98.421,31.878],[98.419,31.88],[98.423,31.882],[98.436,31.892],[98.445,31.908],[98.453,31.933],[98.457,31.961],[98.453,31.984],[98.437,32.004],[98.394,32.04],[98.385,32.064],[98.375,32.08],[98.31,32.129],[98.272,32.191],[98.22,32.252],[98.214,32.273],[98.212,32.296],[98.213,32.338],[98.206,32.356],[98.187,32.367],[98.144,32.382],[98.135,32.388],[98.129,32.395],[98.123,32.4],[98.114,32.402],[98.091,32.402],[98.081,32.405],[98.076,32.413],[98.067,32.423],[98.014,32.465],[97.887,32.498],[97.856,32.519],[97.838,32.512],[97.818,32.513],[97.716,32.544],[97.664,32.56],[97.621,32.588],[97.617,32.593],[97.608,32.615],[97.603,32.622],[97.595,32.624],[97.574,32.621],[97.566,32.625],[97.559,32.63],[97.466,32.677],[97.448,32.694],[97.442,32.697],[97.431,32.7],[97.427,32.708],[97.427,32.717],[97.425,32.725],[97.392,32.762],[97.384,32.779],[97.377,32.862],[97.372,32.879],[97.361,32.897],[97.362,32.9],[97.364,32.907],[97.375,32.931],[97.387,32.946],[97.4,32.958],[97.414,32.964],[97.469,32.983],[97.482,32.99],[97.494,32.999],[97.5,33.008],[97.502,33.015],[97.504,33.027],[97.504,33.046],[97.501,33.062],[97.497,33.073],[97.481,33.104],[97.476,33.12],[97.476,33.133],[97.48,33.153],[97.488,33.175],[97.495,33.187],[97.501,33.194],[97.575,33.264],[97.587,33.281],[97.606,33.315],[97.616,33.328],[97.63,33.338],[97.648,33.342],[97.666,33.344],[97.684,33.348],[97.701,33.357],[97.718,33.369],[97.731,33.382],[97.736,33.389],[97.737,33.396],[97.733,33.402],[97.724,33.406],[97.713,33.41],[97.659,33.42],[97.646,33.426],[97.636,33.433],[97.629,33.44],[97.622,33.446],[97.612,33.449],[97.58,33.446],[97.56,33.448],[97.539,33.454],[97.521,33.463],[97.509,33.471],[97.502,33.48],[97.497,33.488],[97.493,33.499],[97.483,33.547],[97.477,33.562],[97.468,33.573],[97.455,33.578],[97.429,33.581],[97.42,33.584],[97.41,33.591],[97.391,33.611],[97.386,33.621],[97.386,33.633],[97.39,33.648],[97.396,33.677],[97.395,33.737],[97.391,33.759],[97.384,33.779],[97.367,33.811],[97.365,33.826],[97.368,33.838],[97.373,33.852],[97.375,33.862],[97.384,33.87],[97.405,33.875],[97.45,33.882],[97.61,33.931],[97.624,33.94],[97.63,33.957],[97.63,33.973],[97.632,33.988],[97.637,33.996],[97.639,34],[97.642,34.001],[97.658,34.005],[97.696,34.005],[97.702,33.993],[97.721,33.974],[97.731,33.961],[97.738,33.946],[97.74,33.932],[97.74,33.888],[97.742,33.875],[97.745,33.865],[97.751,33.859],[97.76,33.858],[97.819,33.864],[97.876,33.882],[97.95,33.919],[97.978,33.943],[97.996,33.953],[98.003,33.955],[98.025,33.959],[98.035,33.96],[98.212,33.939],[98.228,33.934],[98.251,33.917],[98.263,33.901],[98.268,33.889],[98.269,33.877],[98.269,33.868],[98.27,33.859],[98.276,33.852],[98.289,33.847],[98.302,33.846],[98.323,33.849],[98.385,33.864],[98.397,33.864],[98.411,33.862],[98.429,33.856],[98.444,33.849],[98.458,33.84],[98.58,33.743],[98.646,33.676],[98.654,33.666],[98.656,33.657],[98.654,33.649],[98.648,33.645],[98.642,33.641],[98.634,33.635],[98.628,33.627],[98.628,33.616],[98.633,33.608],[98.642,33.602],[98.656,33.596],[98.663,33.59],[98.67,33.58],[98.689,33.531],[98.695,33.521],[98.703,33.512],[98.724,33.501],[98.729,33.497],[98.736,33.49],[98.75,33.462],[98.752,33.451],[98.753,33.435],[98.758,33.404],[98.765,33.378],[98.776,33.357],[98.778,33.35],[98.773,33.303],[98.774,33.291],[98.78,33.28],[98.805,33.254],[98.813,33.243],[98.837,33.197],[98.852,33.175],[98.872,33.159],[98.907,33.139],[99.043,33.088],[99.086,33.078],[99.101,33.072],[99.2,33.017],[99.225,32.999],[99.237,32.979],[99.245,32.956],[99.268,32.909],[99.276,32.897],[99.289,32.887],[99.307,32.882],[99.329,32.88],[99.349,32.88],[99.363,32.877],[99.383,32.862],[99.397,32.853],[99.427,32.844],[99.509,32.835],[99.525,32.83],[99.543,32.822],[99.583,32.796],[99.599,32.789],[99.637,32.777],[99.657,32.768],[99.699,32.745],[99.714,32.743],[99.721,32.745],[99.729,32.758],[99.763,32.847],[99.765,32.86],[99.765,32.873],[99.762,32.899],[99.764,32.911],[99.769,32.922],[99.779,32.93],[99.79,32.935],[99.818,32.94],[99.831,32.947],[99.841,32.957],[99.847,32.97],[99.851,32.982],[99.854,33.012],[99.856,33.021],[99.86,33.028],[99.867,33.029],[99.876,33.025],[99.893,33.003],[99.906,32.983],[99.919,32.968],[99.937,32.953],[99.951,32.944],[99.959,32.941],[99.966,32.939],[99.973,32.939],[100.012,32.946],[100.031,32.944],[100.047,32.935],[100.084,32.885],[100.137,32.848],[100.145,32.839],[100.149,32.828],[100.159,32.782],[100.159,32.767],[100.158,32.751],[100.149,32.722],[100.143,32.712],[100.126,32.688],[100.122,32.679],[100.119,32.671],[100.126,32.658],[100.142,32.648],[100.181,32.637],[100.208,32.635],[100.223,32.637],[100.23,32.646],[100.234,32.658],[100.241,32.7],[100.247,32.717],[100.255,32.726],[100.265,32.731],[100.282,32.736],[100.31,32.739],[100.346,32.738],[100.361,32.74],[100.375,32.746],[100.394,32.757],[100.399,32.758],[100.442,32.727],[100.454,32.715],[100.459,32.706],[100.489,32.684],[100.498,32.669],[100.502,32.656],[100.504,32.643],[100.509,32.628],[100.516,32.62],[100.525,32.615],[100.533,32.609],[100.537,32.598],[100.542,32.587],[100.555,32.577],[100.56,32.569],[100.561,32.563],[100.554,32.548],[100.549,32.542],[100.545,32.537],[100.54,32.534],[100.497,32.509],[100.483,32.498],[100.478,32.493],[100.473,32.485],[100.468,32.474],[100.466,32.465],[100.469,32.455],[100.488,32.433],[100.531,32.403],[100.544,32.418],[100.59,32.439],[100.597,32.444],[100.603,32.451],[100.622,32.501],[100.635,32.526],[100.638,32.538],[100.637,32.541],[100.637,32.542],[100.64,32.556],[100.64,32.58],[100.643,32.594],[100.648,32.606],[100.658,32.617],[100.671,32.629],[100.679,32.642],[100.681,32.653],[100.674,32.67],[100.672,32.677],[100.675,32.683],[100.685,32.686],[100.697,32.686],[100.745,32.671],[100.835,32.663],[100.846,32.661],[100.866,32.654],[100.877,32.649],[100.888,32.641],[100.895,32.635],[100.902,32.63],[100.911,32.627],[100.921,32.626],[100.93,32.628],[100.94,32.632],[100.952,32.635],[100.984,32.639],[100.996,32.642],[101.008,32.648],[101.049,32.676],[101.066,32.681],[101.077,32.682],[101.086,32.679],[101.096,32.673],[101.112,32.668],[101.119,32.667],[101.128,32.668],[101.141,32.67],[101.154,32.675],[101.171,32.688],[101.187,32.709],[101.218,32.758],[101.237,32.808],[101.237,32.818],[101.236,32.843],[101.232,32.858],[101.226,32.87],[101.218,32.879],[101.205,32.888],[101.152,32.912],[101.146,32.917],[101.139,32.924],[101.131,32.938],[101.127,32.954],[101.125,32.972],[101.125,33.002],[101.128,33.023],[101.134,33.046],[101.161,33.114],[101.164,33.128],[101.171,33.14],[101.184,33.153],[101.22,33.171],[101.245,33.179],[101.296,33.192],[101.324,33.202],[101.338,33.202],[101.351,33.195],[101.362,33.184],[101.374,33.179],[101.387,33.183],[101.396,33.2],[101.398,33.214],[101.402,33.225],[101.409,33.232],[101.427,33.236],[101.445,33.236],[101.464,33.232],[101.481,33.225],[101.525,33.196],[101.559,33.166],[101.592,33.13],[101.61,33.118],[101.627,33.117],[101.644,33.128],[101.694,33.213],[101.716,33.241],[101.724,33.254],[101.727,33.268],[101.721,33.285],[101.71,33.295],[101.678,33.309],[101.665,33.32],[101.66,33.334],[101.661,33.35],[101.669,33.383],[101.679,33.405],[101.691,33.42],[101.712,33.435],[101.748,33.451],[101.766,33.471],[101.778,33.53],[101.79,33.561],[101.788,33.593],[101.791,33.601],[101.795,33.605],[101.803,33.605],[101.811,33.603],[101.818,33.599],[101.837,33.586],[101.845,33.585],[101.852,33.573],[101.884,33.546],[101.893,33.526],[101.891,33.518],[101.888,33.508],[101.886,33.497],[101.889,33.489],[101.912,33.466],[101.915,33.458],[101.922,33.444],[101.925,33.433],[101.925,33.422],[101.923,33.406],[101.919,33.396],[101.915,33.387],[101.906,33.373],[101.889,33.329],[101.88,33.314],[101.874,33.306],[101.867,33.301],[101.854,33.294],[101.843,33.285],[101.832,33.269],[101.825,33.248],[101.826,33.235],[101.831,33.223],[101.837,33.214],[101.845,33.205],[101.856,33.184],[101.858,33.17],[101.858,33.154],[101.856,33.143],[101.854,33.133],[101.853,33.122],[101.856,33.12],[101.864,33.123],[101.901,33.147],[101.969,33.202],[101.988,33.214],[101.997,33.217],[102.004,33.219],[102.03,33.221],[102.077,33.215],[102.089,33.217],[102.099,33.222],[102.115,33.245],[102.131,33.285],[102.138,33.295],[102.146,33.303],[102.157,33.309],[102.17,33.314],[102.229,33.324],[102.239,33.328],[102.249,33.335],[102.256,33.343],[102.279,33.378],[102.289,33.385],[102.305,33.392],[102.35,33.399],[102.352,33.404],[102.361,33.404],[102.376,33.408],[102.386,33.41],[102.44,33.449],[102.462,33.458],[102.459,33.462],[102.455,33.472],[102.468,33.47],[102.471,33.469],[102.476,33.465],[102.482,33.465],[102.466,33.486],[102.459,33.499],[102.455,33.513],[102.453,33.523],[102.454,33.536],[102.46,33.542],[102.476,33.533],[102.482,33.54],[102.424,33.576],[102.414,33.578],[102.403,33.594],[102.356,33.609],[102.345,33.626],[102.342,33.632],[102.328,33.646],[102.325,33.653],[102.327,33.676],[102.332,33.698],[102.337,33.709],[102.342,33.717],[102.343,33.725],[102.335,33.736],[102.328,33.735],[102.318,33.726],[102.305,33.72],[102.291,33.725],[102.298,33.734],[102.306,33.74],[102.315,33.745],[102.325,33.752],[102.315,33.768],[102.3,33.781],[102.281,33.79],[102.26,33.793],[102.247,33.798],[102.244,33.807],[102.249,33.816],[102.26,33.821],[102.264,33.826],[102.258,33.838],[102.195,33.919],[102.171,33.942],[102.175,33.946],[102.203,33.961],[102.249,33.975],[102.258,33.977],[102.269,33.981],[102.278,33.983],[102.286,33.984],[102.293,33.983],[102.3,33.983],[102.314,33.988],[102.319,33.987],[102.323,33.984],[102.327,33.975],[102.332,33.973],[102.336,33.973],[102.342,33.973],[102.352,33.97],[102.361,33.972],[102.372,33.976],[102.392,33.987],[102.406,33.999],[102.425,34.04],[102.441,34.06],[102.459,34.069],[102.477,34.074],[102.618,34.084],[102.635,34.089],[102.641,34.095],[102.641,34.103],[102.636,34.11],[102.629,34.114],[102.621,34.117],[102.593,34.124],[102.581,34.131],[102.575,34.14],[102.58,34.153],[102.588,34.16],[102.598,34.165],[102.662,34.19],[102.708,34.214],[102.725,34.228],[102.75,34.259],[102.765,34.268],[102.782,34.274],[102.801,34.277],[102.816,34.278],[102.854,34.284],[102.89,34.298],[102.912,34.3],[102.931,34.296],[102.944,34.284],[102.955,34.272],[102.97,34.249],[103.001,34.214],[103.009,34.207],[103.024,34.198],[103.042,34.19],[103.12,34.169],[103.132,34.159],[103.141,34.147],[103.147,34.132],[103.152,34.109],[103.154,34.083],[103.153,34.049],[103.149,34.018],[103.144,33.999],[103.142,33.979],[103.142,33.962],[103.144,33.944],[103.147,33.93],[103.152,33.922],[103.183,33.9],[103.189,33.892],[103.193,33.884],[103.194,33.871],[103.192,33.856],[103.185,33.833],[103.184,33.822],[103.188,33.813],[103.196,33.803],[103.204,33.797],[103.229,33.783],[103.272,33.765],[103.297,33.76],[103.351,33.756],[103.39,33.758],[103.415,33.763],[103.436,33.77],[103.518,33.811],[103.541,33.817],[103.553,33.816],[103.559,33.807],[103.556,33.794],[103.551,33.781],[103.526,33.739],[103.522,33.726],[103.523,33.714],[103.531,33.706],[103.553,33.701],[103.623,33.714],[103.644,33.714],[103.659,33.711],[103.668,33.707],[103.683,33.697],[103.694,33.691],[103.745,33.676],[103.766,33.672],[103.804,33.671],[103.915,33.683],[104.093,33.669],[104.116,33.662],[104.132,33.652],[104.145,33.64],[104.156,33.624],[104.165,33.608],[104.171,33.591],[104.174,33.562],[104.17,33.544],[104.165,33.532],[104.164,33.522],[104.166,33.508],[104.175,33.49],[104.227,33.423],[104.249,33.41],[104.258,33.404],[104.283,33.373],[104.293,33.364],[104.306,33.356],[104.32,33.351],[104.357,33.343],[104.367,33.339],[104.375,33.334],[104.383,33.326],[104.386,33.32],[104.385,33.314],[104.377,33.306],[104.368,33.304],[104.334,33.306],[104.316,33.305],[104.308,33.303],[104.3,33.3],[104.292,33.295],[104.286,33.29],[104.282,33.282],[104.281,33.272],[104.285,33.236],[104.29,33.213],[104.297,33.193],[104.316,33.157],[104.328,33.14],[104.406,33.063],[104.411,33.055],[104.415,33.045],[104.416,33.034],[104.414,33.023],[104.408,33.004],[104.394,32.975],[104.388,32.966],[104.378,32.959],[104.34,32.958],[104.321,32.953],[104.305,32.941],[104.291,32.923],[104.276,32.882],[104.278,32.867],[104.282,32.857],[104.289,32.848],[104.3,32.838],[104.313,32.83],[104.342,32.82],[104.406,32.809],[104.418,32.801],[104.428,32.794],[104.484,32.739],[104.558,32.688],[104.586,32.675],[104.621,32.664],[104.645,32.658],[104.704,32.648],[104.761,32.644],[104.814,32.645],[104.828,32.644],[104.841,32.64],[104.886,32.617],[104.898,32.612],[104.917,32.611],[104.938,32.614],[105.032,32.639],[105.047,32.638],[105.059,32.633],[105.064,32.628],[105.072,32.614],[105.078,32.607],[105.088,32.6],[105.1,32.596],[105.113,32.594],[105.13,32.599],[105.147,32.608],[105.165,32.628],[105.183,32.655],[105.195,32.662],[105.204,32.664],[105.213,32.663],[105.221,32.66],[105.245,32.646],[105.259,32.642],[105.27,32.642],[105.289,32.651],[105.311,32.667],[105.349,32.699],[105.37,32.714],[105.387,32.723],[105.417,32.731],[105.429,32.737],[105.437,32.746],[105.44,32.76],[105.439,32.767],[105.435,32.774],[105.386,32.823],[105.378,32.836],[105.375,32.848],[105.378,32.861],[105.385,32.874],[105.401,32.892],[105.413,32.902],[105.431,32.911],[105.447,32.917],[105.464,32.922],[105.481,32.922],[105.492,32.92],[105.499,32.907],[105.521,32.855],[105.551,32.806],[105.561,32.77],[105.563,32.751],[105.568,32.73],[105.576,32.717],[105.587,32.708],[105.6,32.704],[105.614,32.703],[105.624,32.704],[105.633,32.707],[105.705,32.751],[105.724,32.76],[105.742,32.763],[105.757,32.762],[105.782,32.755],[105.796,32.754],[105.806,32.755],[105.813,32.762],[105.825,32.785],[105.83,32.797],[105.836,32.809],[105.844,32.82],[105.853,32.829],[105.875,32.845],[105.899,32.851],[105.96,32.854],[105.974,32.856],[106.012,32.867],[106.039,32.872],[106.082,32.874],[106.096,32.868],[106.102,32.86],[106.103,32.848],[106.1,32.837],[106.095,32.827],[106.071,32.791],[106.061,32.771],[106.057,32.76],[106.054,32.748],[106.053,32.735],[106.054,32.724],[106.057,32.714],[106.06,32.706],[106.063,32.7],[106.068,32.692],[106.082,32.677],[106.115,32.649],[106.191,32.605],[106.212,32.597],[106.229,32.592],[106.255,32.591],[106.268,32.593],[106.282,32.595],[106.304,32.604],[106.364,32.639],[106.376,32.642],[106.39,32.644],[106.433,32.644],[106.447,32.647],[106.519,32.67],[106.531,32.672],[106.604,32.676],[106.626,32.68],[106.661,32.699],[106.713,32.738],[106.723,32.742],[106.737,32.743],[106.757,32.74],[106.813,32.721],[106.843,32.717],[106.877,32.718],[106.935,32.713],[107.011,32.72],[107.039,32.718],[107.053,32.714],[107.065,32.708],[107.084,32.687],[107.096,32.669],[107.098,32.658],[107.093,32.596],[107.09,32.584],[107.071,32.543],[107.069,32.533],[107.07,32.523],[107.08,32.514],[107.096,32.505],[107.148,32.484],[107.202,32.453],[107.217,32.447],[107.233,32.444],[107.256,32.445],[107.271,32.448],[107.284,32.453],[107.303,32.465],[107.31,32.473],[107.348,32.5],[107.355,32.507],[107.371,32.52],[107.38,32.525],[107.391,32.53],[107.403,32.534],[107.417,32.535],[107.431,32.535],[107.442,32.533],[107.446,32.528],[107.448,32.522],[107.448,32.516],[107.447,32.51],[107.446,32.505],[107.445,32.502],[107.445,32.501],[107.445,32.5],[107.448,32.476],[107.45,32.471],[107.45,32.47],[107.45,32.469],[107.452,32.465],[107.455,32.458],[107.457,32.455],[107.46,32.45],[107.461,32.445],[107.462,32.44],[107.462,32.436],[107.461,32.433],[107.458,32.429],[107.457,32.426],[107.457,32.421],[107.458,32.418],[107.459,32.416],[107.46,32.414],[107.46,32.412],[107.46,32.41],[107.46,32.409],[107.47,32.405],[107.547,32.392],[107.575,32.392],[107.596,32.394],[107.608,32.398],[107.622,32.399],[107.639,32.398],[107.659,32.389],[107.682,32.372],[107.714,32.343],[107.725,32.336],[107.773,32.311],[107.783,32.303],[107.806,32.28],[107.844,32.228],[107.851,32.22],[107.861,32.214],[107.905,32.197],[107.96,32.158],[107.98,32.148],[107.99,32.145],[107.998,32.146],[108.003,32.15],[108.006,32.159],[108.007,32.183],[108.01,32.194],[108.016,32.203],[108.023,32.21],[108.031,32.216],[108.052,32.227],[108.065,32.231],[108.08,32.233],[108.116,32.232],[108.152,32.241],[108.188,32.235],[108.2,32.24],[108.216,32.249],[108.237,32.263],[108.251,32.265],[108.264,32.262],[108.276,32.256],[108.291,32.251],[108.307,32.253],[108.344,32.264],[108.368,32.265],[108.441,32.262],[108.464,32.257],[108.479,32.25],[108.487,32.243],[108.509,32.208],[108.518,32.198]]]}},{"type":"Feature","id":"CN-SD","properties":{"id":"CN-SD","countryCode":"CN","isoSubdivision":"CN-SD","name":"Shandong","name_en":"Shandong","name_ko":"산둥성","type":"Province","labelLongitude":118.114,"labelLatitude":36.327,"minZoom":4.6},"geometry":{"type":"MultiPolygon","coordinates":[[[[117.837,38.271],[117.9,38.246],[117.942,38.234],[117.963,38.211],[117.978,38.195],[117.989,38.199],[118.007,38.197],[118.038,38.181],[118.054,38.173],[118.058,38.161],[118.052,38.154],[118.065,38.143],[118.082,38.141],[118.085,38.139],[118.096,38.142],[118.108,38.149],[118.119,38.152],[118.146,38.142],[118.216,38.145],[118.312,38.128],[118.424,38.112],[118.449,38.108],[118.473,38.102],[118.494,38.094],[118.512,38.088],[118.534,38.073],[118.543,38.068],[118.551,38.07],[118.557,38.074],[118.562,38.076],[118.573,38.08],[118.584,38.089],[118.599,38.111],[118.616,38.125],[118.655,38.146],[118.76,38.155],[118.805,38.152],[118.825,38.152],[118.84,38.153],[118.898,38.123],[118.95,38.097],[118.925,38.058],[118.942,38.049],[118.956,38.034],[118.973,37.996],[118.997,37.963],[119.048,37.948],[119.092,37.913],[119.117,37.853],[119.156,37.824],[119.207,37.803],[119.243,37.769],[119.26,37.716],[119.256,37.672],[119.218,37.675],[119.189,37.701],[119.12,37.738],[119.069,37.741],[119.037,37.722],[119.028,37.704],[119.025,37.69],[119.011,37.654],[118.992,37.633],[118.977,37.611],[118.97,37.593],[118.968,37.573],[118.958,37.531],[118.945,37.378],[118.949,37.336],[118.961,37.296],[118.972,37.281],[118.99,37.275],[119.015,37.27],[119.03,37.258],[119.043,37.242],[119.059,37.228],[119.115,37.201],[119.146,37.179],[119.287,37.137],[119.441,37.121],[119.475,37.133],[119.525,37.139],[119.539,37.138],[119.563,37.142],[119.661,37.138],[119.717,37.142],[119.771,37.152],[119.779,37.167],[119.792,37.181],[119.877,37.234],[119.897,37.249],[119.887,37.285],[119.864,37.322],[119.846,37.344],[119.859,37.36],[119.882,37.371],[119.929,37.385],[119.988,37.413],[119.998,37.422],[120.009,37.422],[120.06,37.44],[120.188,37.512],[120.298,37.598],[120.323,37.632],[120.306,37.665],[120.294,37.67],[120.279,37.672],[120.248,37.673],[120.235,37.675],[120.223,37.679],[120.216,37.684],[120.22,37.686],[120.312,37.686],[120.369,37.695],[120.386,37.705],[120.391,37.707],[120.411,37.712],[120.443,37.738],[120.463,37.748],[120.556,37.761],[120.565,37.764],[120.594,37.782],[120.635,37.789],[120.674,37.802],[120.705,37.821],[120.738,37.834],[120.785,37.83],[120.822,37.817],[120.837,37.816],[120.846,37.818],[120.866,37.828],[120.878,37.83],[120.899,37.827],[120.926,37.819],[120.941,37.806],[120.929,37.789],[120.941,37.774],[120.957,37.761],[120.975,37.751],[120.995,37.748],[121.005,37.744],[121.011,37.736],[121.016,37.726],[121.022,37.717],[121.033,37.71],[121.044,37.71],[121.055,37.713],[121.067,37.714],[121.113,37.708],[121.138,37.701],[121.149,37.689],[121.142,37.677],[121.132,37.664],[121.13,37.652],[121.149,37.638],[121.136,37.626],[121.134,37.611],[121.142,37.595],[121.155,37.583],[121.172,37.577],[121.191,37.575],[121.308,37.581],[121.345,37.591],[121.375,37.611],[121.361,37.631],[121.354,37.638],[121.372,37.633],[121.394,37.622],[121.414,37.61],[121.43,37.597],[121.398,37.595],[121.381,37.583],[121.382,37.566],[121.402,37.549],[121.425,37.536],[121.447,37.52],[121.464,37.499],[121.471,37.476],[121.477,37.468],[121.491,37.463],[121.522,37.46],[121.537,37.456],[121.55,37.448],[121.57,37.429],[121.592,37.424],[121.652,37.437],[121.676,37.439],[121.655,37.458],[121.634,37.462],[121.587,37.454],[121.593,37.464],[121.603,37.472],[121.613,37.477],[121.621,37.48],[121.635,37.481],[121.645,37.478],[121.652,37.475],[121.659,37.473],[121.732,37.462],[121.938,37.464],[121.957,37.46],[121.957,37.454],[121.949,37.448],[121.945,37.441],[121.945,37.433],[121.95,37.426],[121.957,37.424],[121.988,37.426],[121.997,37.434],[121.978,37.472],[121.981,37.48],[121.995,37.487],[122.016,37.518],[122.026,37.528],[122.044,37.534],[122.062,37.537],[122.072,37.545],[122.067,37.563],[122.073,37.563],[122.082,37.553],[122.095,37.549],[122.109,37.552],[122.122,37.563],[122.139,37.551],[122.152,37.533],[122.153,37.515],[122.136,37.501],[122.13,37.483],[122.141,37.457],[122.162,37.433],[122.183,37.418],[122.198,37.432],[122.21,37.447],[122.224,37.458],[122.245,37.46],[122.262,37.451],[122.279,37.424],[122.296,37.418],[122.457,37.418],[122.462,37.42],[122.466,37.423],[122.471,37.425],[122.478,37.426],[122.482,37.423],[122.485,37.414],[122.488,37.412],[122.571,37.402],[122.592,37.404],[122.601,37.415],[122.612,37.419],[122.665,37.414],[122.68,37.415],[122.688,37.41],[122.689,37.39],[122.679,37.375],[122.656,37.385],[122.615,37.371],[122.585,37.353],[122.577,37.35],[122.571,37.345],[122.591,37.314],[122.595,37.295],[122.558,37.319],[122.55,37.32],[122.549,37.311],[122.56,37.275],[122.567,37.266],[122.59,37.243],[122.595,37.237],[122.597,37.221],[122.603,37.21],[122.614,37.203],[122.629,37.2],[122.629,37.193],[122.585,37.189],[122.574,37.185],[122.563,37.173],[122.569,37.166],[122.577,37.158],[122.574,37.144],[122.543,37.157],[122.51,37.155],[122.483,37.14],[122.471,37.11],[122.464,37.11],[122.466,37.145],[122.464,37.152],[122.454,37.154],[122.448,37.147],[122.444,37.137],[122.442,37.117],[122.436,37.099],[122.436,37.09],[122.441,37.085],[122.448,37.082],[122.454,37.077],[122.457,37.066],[122.448,37.057],[122.411,37.037],[122.402,37.021],[122.409,37.006],[122.424,37.004],[122.437,37.012],[122.436,37.028],[122.461,37.031],[122.513,37.02],[122.54,37.028],[122.525,36.944],[122.533,36.926],[122.526,36.914],[122.517,36.903],[122.507,36.898],[122.499,36.904],[122.5,36.916],[122.509,36.926],[122.513,36.935],[122.499,36.939],[122.494,36.933],[122.477,36.926],[122.457,36.921],[122.44,36.918],[122.431,36.92],[122.421,36.923],[122.412,36.925],[122.406,36.922],[122.402,36.914],[122.403,36.907],[122.407,36.9],[122.413,36.898],[122.421,36.895],[122.429,36.888],[122.435,36.879],[122.436,36.871],[122.431,36.865],[122.421,36.861],[122.402,36.857],[122.397,36.857],[122.393,36.859],[122.39,36.862],[122.386,36.863],[122.38,36.861],[122.378,36.857],[122.377,36.852],[122.376,36.85],[122.371,36.846],[122.361,36.833],[122.355,36.829],[122.32,36.823],[122.2,36.843],[122.185,36.85],[122.181,36.866],[122.185,36.885],[122.197,36.898],[122.266,36.898],[122.253,36.906],[122.211,36.918],[122.175,36.941],[122.163,36.946],[122.179,36.986],[122.18,37.006],[122.166,37.014],[122.15,37.005],[122.148,36.985],[122.149,36.962],[122.143,36.946],[122.128,36.946],[122.11,36.952],[122.094,36.951],[122.088,36.929],[122.081,36.917],[122.065,36.907],[122.047,36.9],[122.033,36.898],[122.035,36.917],[122.035,36.942],[122.038,36.964],[122.05,36.973],[122.054,36.975],[122.049,36.98],[122.04,36.985],[122.029,36.987],[122.004,36.986],[121.961,36.993],[121.926,36.994],[121.915,36.986],[121.923,36.968],[121.95,36.939],[121.915,36.92],[121.786,36.891],[121.777,36.886],[121.756,36.872],[121.752,36.867],[121.75,36.857],[121.745,36.847],[121.737,36.839],[121.728,36.836],[121.709,36.833],[121.671,36.819],[121.649,36.816],[121.649,36.822],[121.674,36.833],[121.684,36.836],[121.684,36.843],[121.658,36.84],[121.637,36.831],[121.625,36.815],[121.621,36.789],[121.632,36.761],[121.634,36.747],[121.625,36.74],[121.613,36.743],[121.604,36.75],[121.598,36.758],[121.594,36.768],[121.583,36.763],[121.573,36.764],[121.56,36.768],[121.55,36.764],[121.537,36.756],[121.526,36.754],[121.504,36.76],[121.496,36.774],[121.503,36.789],[121.522,36.795],[121.537,36.796],[121.547,36.798],[121.555,36.803],[121.563,36.812],[121.573,36.82],[121.595,36.826],[121.605,36.833],[121.607,36.845],[121.588,36.846],[121.563,36.841],[121.546,36.836],[121.538,36.829],[121.531,36.82],[121.522,36.812],[121.512,36.809],[121.498,36.811],[121.494,36.817],[121.492,36.824],[121.484,36.829],[121.459,36.829],[121.453,36.816],[121.458,36.802],[121.467,36.795],[121.471,36.79],[121.466,36.778],[121.453,36.757],[121.445,36.753],[121.432,36.753],[121.409,36.754],[121.39,36.747],[121.378,36.732],[121.379,36.717],[121.402,36.712],[121.385,36.706],[121.368,36.707],[121.334,36.712],[121.314,36.712],[121.158,36.669],[121.128,36.651],[121.09,36.616],[121.08,36.61],[121.063,36.61],[121.042,36.628],[121.032,36.624],[121.031,36.617],[121.034,36.597],[121.032,36.59],[121.024,36.584],[121.015,36.585],[121.006,36.588],[120.998,36.59],[120.945,36.591],[120.929,36.596],[120.937,36.612],[120.933,36.62],[120.922,36.624],[120.906,36.624],[120.893,36.628],[120.865,36.647],[120.851,36.651],[120.824,36.644],[120.771,36.617],[120.751,36.617],[120.747,36.608],[120.747,36.603],[120.75,36.6],[120.758,36.596],[120.747,36.577],[120.742,36.556],[120.75,36.541],[120.779,36.541],[120.794,36.551],[120.814,36.584],[120.826,36.596],[120.85,36.605],[120.865,36.598],[120.895,36.562],[120.905,36.557],[120.914,36.557],[120.92,36.553],[120.923,36.538],[120.928,36.533],[120.938,36.534],[120.95,36.54],[120.957,36.548],[120.964,36.548],[120.961,36.531],[120.952,36.52],[120.941,36.51],[120.936,36.497],[120.938,36.488],[120.95,36.459],[120.934,36.457],[120.92,36.456],[120.906,36.452],[120.895,36.439],[120.901,36.428],[120.901,36.419],[120.898,36.412],[120.89,36.398],[120.883,36.389],[120.874,36.381],[120.867,36.377],[120.85,36.386],[120.844,36.423],[120.826,36.433],[120.832,36.455],[120.807,36.464],[120.772,36.464],[120.751,36.459],[120.748,36.456],[120.74,36.443],[120.737,36.439],[120.732,36.436],[120.719,36.432],[120.714,36.429],[120.687,36.387],[120.691,36.371],[120.71,36.349],[120.722,36.331],[120.707,36.323],[120.694,36.325],[120.669,36.335],[120.662,36.336],[120.648,36.331],[120.644,36.322],[120.649,36.312],[120.662,36.302],[120.655,36.288],[120.66,36.277],[120.67,36.266],[120.676,36.251],[120.688,36.188],[120.693,36.175],[120.705,36.156],[120.697,36.144],[120.628,36.117],[120.624,36.118],[120.621,36.121],[120.617,36.123],[120.594,36.11],[120.565,36.116],[120.552,36.114],[120.546,36.1],[120.536,36.091],[120.514,36.089],[120.474,36.089],[120.462,36.086],[120.436,36.069],[120.422,36.062],[120.369,36.049],[120.354,36.041],[120.339,36.05],[120.325,36.057],[120.309,36.062],[120.292,36.062],[120.292,36.068],[120.308,36.08],[120.312,36.091],[120.313,36.104],[120.323,36.12],[120.335,36.136],[120.362,36.192],[120.348,36.213],[120.339,36.223],[120.323,36.226],[120.312,36.266],[120.306,36.274],[120.286,36.264],[120.274,36.234],[120.275,36.204],[120.299,36.192],[120.285,36.176],[120.264,36.181],[120.244,36.191],[120.23,36.192],[120.226,36.194],[120.224,36.197],[120.221,36.198],[120.216,36.199],[120.219,36.222],[120.187,36.219],[120.145,36.209],[120.117,36.21],[120.112,36.217],[120.111,36.223],[120.108,36.226],[120.097,36.226],[120.093,36.223],[120.088,36.216],[120.086,36.209],[120.09,36.206],[120.105,36.201],[120.109,36.189],[120.105,36.174],[120.089,36.148],[120.086,36.13],[120.09,36.112],[120.1,36.096],[120.117,36.088],[120.136,36.083],[120.154,36.077],[120.168,36.062],[120.172,36.046],[120.171,36.009],[120.175,35.994],[120.186,35.985],[120.198,35.985],[120.23,36],[120.23,35.973],[120.243,35.974],[120.275,35.994],[120.281,35.998],[120.282,36.007],[120.285,36.011],[120.295,36.003],[120.303,35.994],[120.305,35.987],[120.303,35.981],[120.299,35.973],[120.284,35.963],[120.244,35.953],[120.227,35.942],[120.185,35.904],[120.175,35.89],[120.171,35.907],[120.179,35.92],[120.19,35.932],[120.189,35.945],[120.168,35.938],[120.163,35.933],[120.146,35.914],[120.142,35.908],[120.136,35.904],[120.107,35.904],[120.097,35.901],[120.052,35.863],[120.039,35.843],[120.02,35.76],[120.003,35.728],[119.97,35.732],[119.95,35.754],[119.938,35.761],[119.926,35.757],[119.908,35.745],[119.9,35.736],[119.931,35.711],[119.936,35.705],[119.931,35.7],[119.908,35.681],[119.902,35.672],[119.9,35.661],[119.903,35.652],[119.907,35.644],[119.908,35.634],[119.905,35.625],[119.896,35.62],[119.885,35.618],[119.877,35.613],[119.86,35.606],[119.843,35.616],[119.834,35.635],[119.84,35.658],[119.812,35.648],[119.771,35.593],[119.744,35.576],[119.748,35.6],[119.748,35.609],[119.744,35.617],[119.733,35.621],[119.719,35.62],[119.707,35.614],[119.702,35.606],[119.697,35.599],[119.684,35.594],[119.669,35.59],[119.658,35.589],[119.648,35.584],[119.641,35.572],[119.634,35.548],[119.604,35.488],[119.6,35.469],[119.596,35.462],[119.57,35.435],[119.565,35.425],[119.562,35.401],[119.559,35.39],[119.552,35.38],[119.522,35.353],[119.514,35.339],[119.508,35.332],[119.47,35.321],[119.436,35.323],[119.429,35.321],[119.424,35.313],[119.422,35.301],[119.422,35.277],[119.419,35.271],[119.405,35.254],[119.388,35.205],[119.371,35.117],[119.358,35.097],[119.336,35.089],[119.314,35.086],[119.28,35.077],[119.28,35.088],[119.277,35.093],[119.273,35.099],[119.266,35.104],[119.253,35.109],[119.246,35.111],[119.238,35.112],[119.229,35.113],[119.194,35.11],[119.176,35.106],[119.102,35.06],[119.076,35.05],[118.954,35.051],[118.894,35.045],[118.88,35.042],[118.867,35.036],[118.862,35.033],[118.859,35.03],[118.857,35.025],[118.856,35.02],[118.856,35.015],[118.857,34.984],[118.842,34.935],[118.84,34.929],[118.834,34.919],[118.798,34.876],[118.777,34.834],[118.775,34.828],[118.774,34.822],[118.775,34.804],[118.774,34.798],[118.773,34.792],[118.764,34.769],[118.761,34.761],[118.76,34.757],[118.76,34.754],[118.76,34.75],[118.759,34.749],[118.746,34.73],[118.725,34.707],[118.714,34.697],[118.705,34.691],[118.693,34.687],[118.681,34.684],[118.674,34.683],[118.667,34.684],[118.653,34.687],[118.596,34.707],[118.581,34.709],[118.558,34.709],[118.532,34.705],[118.477,34.689],[118.47,34.685],[118.464,34.681],[118.46,34.677],[118.457,34.672],[118.454,34.668],[118.452,34.662],[118.452,34.656],[118.454,34.645],[118.454,34.64],[118.453,34.634],[118.45,34.628],[118.433,34.609],[118.43,34.603],[118.426,34.592],[118.423,34.578],[118.419,34.504],[118.415,34.483],[118.41,34.472],[118.391,34.444],[118.357,34.424],[118.343,34.419],[118.339,34.418],[118.311,34.42],[118.248,34.412],[118.198,34.4],[118.175,34.397],[118.165,34.399],[118.165,34.405],[118.166,34.411],[118.17,34.431],[118.17,34.437],[118.169,34.443],[118.168,34.448],[118.164,34.453],[118.16,34.456],[118.146,34.465],[118.132,34.484],[118.132,34.496],[118.135,34.5],[118.141,34.506],[118.149,34.519],[118.153,34.534],[118.153,34.542],[118.15,34.548],[118.145,34.55],[118.138,34.552],[118.114,34.559],[118.108,34.561],[118.102,34.564],[118.094,34.571],[118.091,34.577],[118.089,34.584],[118.088,34.622],[118.084,34.631],[118.077,34.641],[118.07,34.645],[118.064,34.648],[118.05,34.651],[117.999,34.656],[117.943,34.675],[117.928,34.678],[117.921,34.678],[117.915,34.677],[117.891,34.67],[117.852,34.663],[117.806,34.664],[117.79,34.651],[117.787,34.639],[117.788,34.609],[117.787,34.602],[117.775,34.546],[117.774,34.534],[117.774,34.53],[117.773,34.527],[117.769,34.523],[117.76,34.522],[117.714,34.534],[117.693,34.535],[117.671,34.533],[117.661,34.53],[117.653,34.526],[117.591,34.472],[117.586,34.469],[117.581,34.466],[117.574,34.464],[117.566,34.463],[117.547,34.462],[117.469,34.475],[117.444,34.493],[117.374,34.564],[117.346,34.586],[117.337,34.589],[117.331,34.586],[117.326,34.585],[117.291,34.57],[117.283,34.568],[117.278,34.566],[117.274,34.564],[117.26,34.548],[117.244,34.534],[117.242,34.531],[117.239,34.525],[117.238,34.518],[117.24,34.474],[117.239,34.468],[117.235,34.461],[117.229,34.455],[117.221,34.45],[117.217,34.448],[117.21,34.445],[117.204,34.445],[117.194,34.446],[117.182,34.45],[117.166,34.463],[117.156,34.475],[117.15,34.487],[117.145,34.502],[117.142,34.532],[117.142,34.539],[117.143,34.543],[117.144,34.547],[117.145,34.551],[117.144,34.556],[117.14,34.564],[117.061,34.709],[117.043,34.73],[117.016,34.756],[116.998,34.77],[116.993,34.774],[116.983,34.789],[116.976,34.806],[116.972,34.838],[116.97,34.847],[116.969,34.849],[116.968,34.852],[116.959,34.863],[116.951,34.871],[116.941,34.88],[116.828,34.958],[116.819,34.962],[116.813,34.959],[116.809,34.955],[116.803,34.946],[116.8,34.942],[116.791,34.938],[116.777,34.934],[116.725,34.929],[116.647,34.938],[116.632,34.938],[116.575,34.92],[116.547,34.914],[116.517,34.914],[116.505,34.912],[116.499,34.911],[116.47,34.898],[116.454,34.882],[116.42,34.834],[116.416,34.758],[116.41,34.736],[116.408,34.734],[116.4,34.729],[116.39,34.721],[116.384,34.713],[116.382,34.708],[116.382,34.703],[116.386,34.691],[116.387,34.683],[116.387,34.669],[116.384,34.652],[116.377,34.64],[116.344,34.616],[116.267,34.577],[116.243,34.568],[116.228,34.565],[116.223,34.569],[116.215,34.576],[116.21,34.58],[116.205,34.583],[116.194,34.584],[116.187,34.583],[116.151,34.567],[116.131,34.572],[116.126,34.575],[116.122,34.579],[116.112,34.594],[116.101,34.608],[116.092,34.613],[116.085,34.616],[116.079,34.615],[116.074,34.612],[116.07,34.608],[116.065,34.604],[116.057,34.601],[116.044,34.6],[116.034,34.604],[116.008,34.618],[116.001,34.621],[115.994,34.622],[115.989,34.619],[115.985,34.615],[115.975,34.601],[115.971,34.597],[115.967,34.594],[115.957,34.592],[115.879,34.589],[115.854,34.584],[115.816,34.571],[115.808,34.571],[115.8,34.572],[115.778,34.583],[115.748,34.592],[115.707,34.6],[115.693,34.601],[115.685,34.598],[115.677,34.583],[115.672,34.578],[115.663,34.573],[115.646,34.569],[115.616,34.567],[115.542,34.578],[115.531,34.58],[115.519,34.585],[115.501,34.596],[115.484,34.612],[115.448,34.652],[115.443,34.66],[115.438,34.671],[115.436,34.676],[115.431,34.698],[115.429,34.722],[115.431,34.768],[115.431,34.774],[115.429,34.78],[115.422,34.786],[115.411,34.794],[115.351,34.819],[115.341,34.825],[115.318,34.843],[115.312,34.845],[115.307,34.847],[115.29,34.849],[115.28,34.85],[115.27,34.849],[115.26,34.847],[115.252,34.845],[115.246,34.842],[115.236,34.835],[115.233,34.833],[115.231,34.827],[115.216,34.836],[115.216,34.856],[115.223,34.892],[115.222,34.896],[115.219,34.901],[115.214,34.905],[115.202,34.921],[115.182,34.94],[115.175,34.944],[114.998,35.008],[114.992,35.009],[114.977,35.01],[114.967,35.009],[114.95,35.006],[114.93,34.999],[114.905,34.996],[114.883,34.999],[114.834,35.016],[114.838,35.02],[114.847,35.038],[114.847,35.082],[114.865,35.121],[114.86,35.141],[114.852,35.16],[114.852,35.178],[114.864,35.189],[114.913,35.208],[114.93,35.212],[114.942,35.219],[114.982,35.267],[115.002,35.285],[115.009,35.294],[115.022,35.325],[115.026,35.332],[115.054,35.367],[115.068,35.38],[115.092,35.39],[115.122,35.394],[115.132,35.398],[115.14,35.405],[115.145,35.411],[115.151,35.416],[115.163,35.418],[115.206,35.415],[115.227,35.416],[115.249,35.425],[115.266,35.436],[115.307,35.476],[115.317,35.479],[115.33,35.481],[115.34,35.485],[115.345,35.496],[115.343,35.506],[115.333,35.523],[115.331,35.534],[115.342,35.555],[115.383,35.558],[115.393,35.572],[115.393,35.597],[115.395,35.616],[115.403,35.631],[115.421,35.644],[115.468,35.664],[115.492,35.678],[115.503,35.695],[115.502,35.717],[115.504,35.723],[115.537,35.719],[115.576,35.722],[115.618,35.731],[115.655,35.746],[115.681,35.768],[115.73,35.831],[115.761,35.849],[115.851,35.859],[115.874,35.866],[115.886,35.878],[115.884,35.888],[115.874,35.895],[115.864,35.901],[115.858,35.904],[115.858,35.916],[115.863,35.925],[115.92,35.968],[115.944,35.98],[115.955,35.977],[115.966,35.986],[115.991,35.981],[116.034,35.966],[116.039,35.976],[116.064,36.041],[116.079,36.051],[116.087,36.059],[116.092,36.068],[116.09,36.079],[116.08,36.099],[116.077,36.103],[115.962,36.035],[115.927,36.022],[115.917,36.023],[115.858,36.034],[115.841,36.034],[115.833,36.032],[115.829,36.031],[115.819,36.025],[115.789,35.999],[115.768,35.985],[115.739,35.969],[115.669,35.944],[115.53,35.911],[115.513,35.911],[115.491,35.915],[115.483,35.915],[115.468,35.913],[115.458,35.908],[115.449,35.902],[115.445,35.897],[115.442,35.889],[115.435,35.856],[115.431,35.846],[115.428,35.841],[115.416,35.824],[115.404,35.813],[115.377,35.793],[115.356,35.781],[115.343,35.776],[115.331,35.774],[115.326,35.775],[115.323,35.777],[115.32,35.781],[115.319,35.786],[115.318,35.792],[115.318,35.817],[115.334,35.931],[115.336,35.936],[115.339,35.941],[115.342,35.945],[115.347,35.949],[115.352,35.952],[115.4,35.972],[115.409,35.979],[115.417,35.986],[115.424,35.995],[115.449,36.042],[115.455,36.058],[115.459,36.07],[115.463,36.111],[115.46,36.145],[115.46,36.148],[115.46,36.158],[115.456,36.227],[115.455,36.233],[115.451,36.243],[115.449,36.249],[115.448,36.25],[115.446,36.253],[115.438,36.26],[115.433,36.263],[115.424,36.27],[115.418,36.278],[115.415,36.283],[115.412,36.288],[115.409,36.292],[115.405,36.296],[115.4,36.299],[115.395,36.301],[115.387,36.302],[115.374,36.3],[115.367,36.3],[115.36,36.301],[115.354,36.303],[115.35,36.309],[115.347,36.318],[115.346,36.335],[115.343,36.352],[115.333,36.376],[115.302,36.429],[115.296,36.449],[115.293,36.453],[115.287,36.461],[115.283,36.465],[115.279,36.47],[115.276,36.474],[115.276,36.48],[115.283,36.487],[115.289,36.499],[115.309,36.517],[115.318,36.528],[115.321,36.537],[115.323,36.556],[115.328,36.565],[115.344,36.575],[115.348,36.582],[115.342,36.593],[115.342,36.6],[115.349,36.609],[115.365,36.624],[115.4,36.672],[115.41,36.679],[115.424,36.686],[115.444,36.703],[115.461,36.723],[115.478,36.754],[115.5,36.762],[115.544,36.768],[115.626,36.794],[115.664,36.815],[115.681,36.843],[115.683,36.848],[115.686,36.86],[115.689,36.865],[115.692,36.87],[115.695,36.874],[115.701,36.879],[115.747,36.915],[115.773,36.946],[115.776,36.952],[115.778,36.961],[115.776,36.974],[115.776,36.985],[115.778,36.992],[115.781,36.996],[115.786,37],[115.787,37],[115.824,37.037],[115.834,37.044],[115.852,37.057],[115.857,37.066],[115.87,37.097],[115.872,37.107],[115.87,37.129],[115.871,37.132],[115.873,37.135],[115.882,37.15],[115.892,37.171],[115.898,37.196],[115.902,37.202],[115.907,37.206],[115.941,37.227],[115.948,37.233],[115.957,37.242],[115.967,37.257],[115.971,37.265],[115.973,37.272],[115.972,37.302],[115.974,37.319],[115.975,37.322],[115.977,37.324],[115.981,37.326],[115.997,37.331],[116.036,37.354],[116.038,37.356],[116.049,37.358],[116.085,37.359],[116.107,37.365],[116.112,37.367],[116.115,37.368],[116.124,37.37],[116.134,37.37],[116.141,37.369],[116.148,37.367],[116.18,37.356],[116.188,37.355],[116.196,37.354],[116.202,37.354],[116.207,37.355],[116.213,37.357],[116.221,37.36],[116.227,37.363],[116.249,37.383],[116.252,37.384],[116.253,37.385],[116.256,37.387],[116.256,37.39],[116.257,37.394],[116.256,37.405],[116.253,37.411],[116.249,37.417],[116.243,37.419],[116.233,37.426],[116.229,37.429],[116.226,37.434],[116.223,37.438],[116.221,37.444],[116.219,37.449],[116.22,37.462],[116.224,37.471],[116.232,37.48],[116.264,37.511],[116.267,37.516],[116.273,37.533],[116.276,37.545],[116.279,37.55],[116.283,37.554],[116.298,37.562],[116.304,37.566],[116.307,37.571],[116.319,37.597],[116.327,37.605],[116.35,37.621],[116.371,37.597],[116.376,37.583],[116.377,37.556],[116.38,37.533],[116.383,37.524],[116.386,37.516],[116.393,37.507],[116.402,37.497],[116.411,37.485],[116.415,37.481],[116.421,37.479],[116.425,37.481],[116.429,37.484],[116.442,37.505],[116.449,37.512],[116.454,37.515],[116.475,37.526],[116.485,37.533],[116.505,37.553],[116.529,37.568],[116.534,37.572],[116.548,37.589],[116.552,37.593],[116.557,37.597],[116.581,37.611],[116.594,37.623],[116.609,37.639],[116.632,37.672],[116.642,37.695],[116.645,37.699],[116.649,37.704],[116.657,37.711],[116.718,37.745],[116.724,37.749],[116.725,37.75],[116.726,37.751],[116.728,37.754],[116.744,37.799],[116.75,37.809],[116.756,37.815],[116.765,37.822],[116.782,37.834],[116.793,37.838],[116.802,37.84],[116.81,37.839],[116.824,37.836],[116.84,37.834],[116.875,37.837],[116.933,37.836],[116.959,37.838],[116.976,37.836],[116.997,37.832],[117.02,37.833],[117.076,37.842],[117.103,37.842],[117.119,37.84],[117.172,37.843],[117.204,37.84],[117.235,37.841],[117.307,37.851],[117.319,37.851],[117.363,37.845],[117.369,37.843],[117.377,37.841],[117.386,37.841],[117.404,37.841],[117.413,37.844],[117.421,37.847],[117.434,37.858],[117.441,37.867],[117.456,37.891],[117.458,37.897],[117.461,37.902],[117.464,37.907],[117.489,37.931],[117.496,37.94],[117.5,37.949],[117.506,37.97],[117.514,37.986],[117.524,38],[117.533,38.015],[117.569,38.049],[117.587,38.057],[117.618,38.058],[117.687,38.073],[117.697,38.078],[117.704,38.083],[117.71,38.09],[117.719,38.099],[117.754,38.128],[117.759,38.135],[117.764,38.143],[117.775,38.157],[117.78,38.164],[117.78,38.17],[117.779,38.174],[117.773,38.181],[117.77,38.186],[117.768,38.191],[117.767,38.204],[117.769,38.219],[117.771,38.228],[117.775,38.236],[117.784,38.247],[117.791,38.252],[117.799,38.256],[117.806,38.257],[117.827,38.264],[117.837,38.271]]],[[[120.748,37.939],[120.757,37.923],[120.759,37.908],[120.755,37.897],[120.747,37.898],[120.737,37.905],[120.726,37.909],[120.722,37.919],[120.727,37.948],[120.735,37.948],[120.748,37.939]]],[[[120.607,37.98],[120.619,37.981],[120.626,37.973],[120.626,37.959],[120.623,37.949],[120.618,37.947],[120.615,37.948],[120.609,37.955],[120.602,37.969],[120.607,37.98]]],[[[120.72,37.981],[120.727,37.969],[120.72,37.964],[120.709,37.966],[120.701,37.97],[120.695,37.975],[120.691,37.981],[120.688,37.985],[120.69,37.991],[120.704,37.99],[120.72,37.981]]],[[[120.76,38.17],[120.773,38.165],[120.773,38.16],[120.761,38.158],[120.755,38.158],[120.747,38.162],[120.739,38.176],[120.743,38.188],[120.76,38.17]]],[[[120.806,38.288],[120.8,38.288],[120.8,38.294],[120.803,38.298],[120.807,38.305],[120.82,38.314],[120.834,38.313],[120.836,38.304],[120.828,38.299],[120.824,38.298],[120.82,38.298],[120.813,38.294],[120.806,38.288]]],[[[120.914,38.384],[120.908,38.385],[120.907,38.393],[120.918,38.395],[120.925,38.387],[120.923,38.383],[120.917,38.384],[120.914,38.384]]]]}},{"type":"Feature","id":"CN-SH","properties":{"id":"CN-SH","countryCode":"CN","isoSubdivision":"CN-SH","name":"Shanghai","name_en":"Shanghai","name_ko":"상하이시","type":"Municipality","labelLongitude":121.409,"labelLatitude":31.091,"minZoom":4.6},"geometry":{"type":"MultiPolygon","coordinates":[[[[121.838,31.375],[121.854,31.373],[121.868,31.366],[121.878,31.354],[121.882,31.337],[121.877,31.32],[121.866,31.304],[121.851,31.294],[121.835,31.293],[121.823,31.302],[121.813,31.321],[121.794,31.369],[121.804,31.375],[121.838,31.375]]],[[[121.341,31.491],[121.361,31.477],[121.418,31.453],[121.448,31.427],[121.546,31.366],[121.632,31.336],[121.67,31.313],[121.725,31.282],[121.778,31.214],[121.877,31.099],[121.951,30.982],[121.977,30.915],[121.96,30.874],[121.907,30.857],[121.811,30.853],[121.733,30.846],[121.631,30.837],[121.543,30.816],[121.492,30.798],[121.456,30.783],[121.411,30.767],[121.351,30.713],[121.334,30.703],[121.275,30.691],[121.266,30.726],[121.256,30.744],[121.241,30.762],[121.235,30.767],[121.226,30.774],[121.211,30.783],[121.204,30.785],[121.197,30.786],[121.19,30.787],[121.183,30.787],[121.171,30.785],[121.163,30.785],[121.154,30.787],[121.14,30.791],[121.134,30.796],[121.13,30.801],[121.126,30.808],[121.104,30.834],[121.094,30.841],[121.085,30.844],[121.079,30.843],[121.073,30.842],[121.068,30.839],[121.064,30.835],[121.061,30.831],[121.056,30.82],[121.053,30.815],[121.049,30.812],[121.044,30.809],[121.038,30.808],[121.031,30.809],[120.993,30.821],[120.985,30.826],[120.981,30.832],[120.982,30.837],[120.985,30.842],[120.995,30.856],[120.997,30.861],[120.997,30.867],[120.994,30.873],[120.981,30.888],[120.979,30.892],[120.979,30.897],[120.981,30.903],[120.984,30.907],[120.99,30.916],[120.993,30.921],[120.993,30.926],[120.993,30.932],[120.982,30.961],[120.981,30.967],[120.981,30.973],[120.984,30.985],[120.984,30.992],[120.981,31.001],[120.976,31.006],[120.969,31.009],[120.955,31.012],[120.94,31.013],[120.909,31.012],[120.896,31.062],[120.889,31.079],[120.866,31.107],[120.861,31.126],[120.862,31.13],[120.865,31.136],[120.87,31.138],[120.876,31.14],[120.883,31.14],[120.958,31.135],[121.035,31.144],[121.052,31.149],[121.063,31.154],[121.066,31.159],[121.068,31.164],[121.07,31.17],[121.07,31.176],[121.059,31.248],[121.058,31.255],[121.059,31.261],[121.061,31.267],[121.087,31.278],[121.093,31.28],[121.099,31.28],[121.106,31.279],[121.114,31.276],[121.119,31.276],[121.126,31.277],[121.129,31.28],[121.13,31.283],[121.132,31.294],[121.134,31.3],[121.138,31.308],[121.141,31.318],[121.141,31.324],[121.141,31.329],[121.14,31.341],[121.136,31.374],[121.14,31.388],[121.151,31.4],[121.173,31.441],[121.18,31.451],[121.187,31.458],[121.192,31.46],[121.209,31.465],[121.215,31.467],[121.236,31.481],[121.239,31.482],[121.249,31.485],[121.262,31.487],[121.292,31.485],[121.306,31.487],[121.325,31.492],[121.341,31.491]]],[[[121.844,31.608],[121.919,31.578],[121.98,31.54],[121.987,31.504],[121.978,31.478],[121.913,31.456],[121.851,31.439],[121.817,31.447],[121.783,31.466],[121.73,31.485],[121.71,31.495],[121.685,31.507],[121.615,31.522],[121.572,31.529],[121.541,31.554],[121.517,31.568],[121.485,31.58],[121.405,31.614],[121.376,31.634],[121.345,31.641],[121.314,31.656],[121.303,31.671],[121.286,31.704],[121.225,31.738],[121.206,31.757],[121.187,31.774],[121.176,31.784],[121.181,31.796],[121.195,31.805],[121.219,31.829],[121.264,31.841],[121.323,31.829],[121.362,31.818],[121.386,31.812],[121.424,31.796],[121.475,31.771],[121.501,31.75],[121.535,31.728],[121.571,31.714],[121.605,31.692],[121.626,31.676],[121.641,31.666],[121.663,31.652],[121.721,31.63],[121.844,31.608]]],[[[121.762,31.374],[121.774,31.359],[121.782,31.342],[121.78,31.325],[121.766,31.321],[121.752,31.331],[121.72,31.358],[121.599,31.429],[121.584,31.441],[121.591,31.446],[121.603,31.444],[121.618,31.444],[121.691,31.419],[121.726,31.403],[121.746,31.388],[121.762,31.374]]]]}},{"type":"Feature","id":"CN-SN","properties":{"id":"CN-SN","countryCode":"CN","isoSubdivision":"CN-SN","name":"Shaanxi","name_en":"Shaanxi","name_ko":"산시성","type":"Province","labelLongitude":108.363,"labelLatitude":33.771,"minZoom":4.6},"geometry":{"type":"Polygon","coordinates":[[[109.336,31.705],[109.303,31.709],[109.281,31.719],[109.253,31.744],[109.189,31.84],[109.174,31.856],[109.118,31.906],[109.056,31.941],[108.953,31.982],[108.911,31.993],[108.89,32.001],[108.856,32.019],[108.789,32.045],[108.778,32.056],[108.763,32.074],[108.753,32.083],[108.751,32.084],[108.739,32.09],[108.716,32.097],[108.698,32.1],[108.681,32.105],[108.663,32.112],[108.612,32.152],[108.586,32.169],[108.518,32.198],[108.509,32.208],[108.487,32.243],[108.479,32.25],[108.464,32.257],[108.441,32.262],[108.368,32.265],[108.344,32.264],[108.307,32.253],[108.291,32.251],[108.276,32.256],[108.264,32.262],[108.251,32.265],[108.237,32.263],[108.216,32.249],[108.2,32.24],[108.188,32.235],[108.152,32.241],[108.116,32.232],[108.08,32.233],[108.065,32.231],[108.052,32.227],[108.031,32.216],[108.023,32.21],[108.016,32.203],[108.01,32.194],[108.007,32.183],[108.006,32.159],[108.003,32.15],[107.998,32.146],[107.99,32.145],[107.98,32.148],[107.96,32.158],[107.905,32.197],[107.861,32.214],[107.851,32.22],[107.844,32.228],[107.806,32.28],[107.783,32.303],[107.773,32.311],[107.725,32.336],[107.714,32.343],[107.682,32.372],[107.659,32.389],[107.639,32.398],[107.622,32.399],[107.608,32.398],[107.596,32.394],[107.575,32.392],[107.547,32.392],[107.47,32.405],[107.46,32.409],[107.46,32.41],[107.46,32.412],[107.46,32.414],[107.459,32.416],[107.458,32.418],[107.457,32.421],[107.457,32.426],[107.458,32.429],[107.461,32.433],[107.462,32.436],[107.462,32.44],[107.461,32.445],[107.46,32.45],[107.457,32.455],[107.455,32.458],[107.452,32.465],[107.45,32.469],[107.45,32.47],[107.45,32.471],[107.448,32.476],[107.445,32.5],[107.445,32.501],[107.445,32.502],[107.446,32.505],[107.447,32.51],[107.448,32.516],[107.448,32.522],[107.446,32.528],[107.442,32.533],[107.431,32.535],[107.417,32.535],[107.403,32.534],[107.391,32.53],[107.38,32.525],[107.371,32.52],[107.355,32.507],[107.348,32.5],[107.31,32.473],[107.303,32.465],[107.284,32.453],[107.271,32.448],[107.256,32.445],[107.233,32.444],[107.217,32.447],[107.202,32.453],[107.148,32.484],[107.096,32.505],[107.08,32.514],[107.07,32.523],[107.069,32.533],[107.071,32.543],[107.09,32.584],[107.093,32.596],[107.098,32.658],[107.096,32.669],[107.084,32.687],[107.065,32.708],[107.053,32.714],[107.039,32.718],[107.011,32.72],[106.935,32.713],[106.877,32.718],[106.843,32.717],[106.813,32.721],[106.757,32.74],[106.737,32.743],[106.723,32.742],[106.713,32.738],[106.661,32.699],[106.626,32.68],[106.604,32.676],[106.531,32.672],[106.519,32.67],[106.447,32.647],[106.433,32.644],[106.39,32.644],[106.376,32.642],[106.364,32.639],[106.304,32.604],[106.282,32.595],[106.268,32.593],[106.255,32.591],[106.229,32.592],[106.212,32.597],[106.191,32.605],[106.115,32.649],[106.082,32.677],[106.068,32.692],[106.063,32.7],[106.06,32.706],[106.057,32.714],[106.054,32.724],[106.053,32.735],[106.054,32.748],[106.057,32.76],[106.061,32.771],[106.071,32.791],[106.095,32.827],[106.1,32.837],[106.103,32.848],[106.102,32.86],[106.096,32.868],[106.082,32.874],[106.039,32.872],[106.012,32.867],[105.974,32.856],[105.96,32.854],[105.899,32.851],[105.875,32.845],[105.853,32.829],[105.844,32.82],[105.836,32.809],[105.83,32.797],[105.825,32.785],[105.813,32.762],[105.806,32.755],[105.796,32.754],[105.782,32.755],[105.757,32.762],[105.742,32.763],[105.724,32.76],[105.705,32.751],[105.633,32.707],[105.624,32.704],[105.614,32.703],[105.6,32.704],[105.587,32.708],[105.576,32.717],[105.568,32.73],[105.563,32.751],[105.561,32.77],[105.551,32.806],[105.521,32.855],[105.499,32.907],[105.639,32.885],[105.667,32.888],[105.698,32.894],[105.734,32.907],[105.748,32.917],[105.782,32.948],[105.801,32.958],[105.822,32.965],[105.846,32.965],[105.859,32.963],[105.87,32.966],[105.879,32.971],[105.886,32.978],[105.892,32.985],[105.895,32.99],[105.898,33.001],[105.905,33.015],[105.908,33.023],[105.911,33.032],[105.911,33.058],[105.898,33.149],[105.898,33.159],[105.9,33.171],[105.903,33.18],[105.923,33.211],[105.926,33.218],[105.925,33.224],[105.92,33.229],[105.913,33.234],[105.9,33.238],[105.887,33.24],[105.858,33.241],[105.844,33.243],[105.747,33.294],[105.735,33.304],[105.728,33.315],[105.723,33.325],[105.721,33.332],[105.719,33.337],[105.718,33.342],[105.715,33.353],[105.714,33.366],[105.715,33.375],[105.718,33.389],[105.724,33.396],[105.733,33.402],[105.74,33.403],[105.768,33.404],[105.785,33.406],[105.801,33.418],[105.81,33.433],[105.832,33.498],[105.841,33.505],[105.852,33.51],[105.864,33.513],[105.875,33.518],[105.904,33.536],[105.926,33.545],[105.952,33.553],[105.964,33.559],[105.977,33.57],[105.984,33.58],[105.988,33.591],[105.99,33.602],[105.993,33.611],[105.999,33.614],[106.006,33.615],[106.073,33.618],[106.086,33.615],[106.094,33.609],[106.1,33.601],[106.107,33.587],[106.111,33.58],[106.119,33.574],[106.142,33.565],[106.156,33.563],[106.171,33.562],[106.246,33.59],[106.274,33.606],[106.292,33.612],[106.307,33.612],[106.319,33.609],[106.331,33.606],[106.344,33.607],[106.38,33.617],[106.393,33.619],[106.406,33.617],[106.418,33.614],[106.428,33.608],[106.435,33.601],[106.44,33.591],[106.447,33.571],[106.454,33.562],[106.471,33.549],[106.496,33.544],[106.543,33.563],[106.559,33.599],[106.561,33.61],[106.561,33.624],[106.558,33.634],[106.553,33.644],[106.547,33.653],[106.54,33.661],[106.524,33.676],[106.506,33.687],[106.491,33.694],[106.482,33.701],[106.472,33.712],[106.467,33.724],[106.465,33.737],[106.466,33.75],[106.466,33.765],[106.463,33.784],[106.455,33.803],[106.455,33.816],[106.459,33.824],[106.465,33.828],[106.482,33.837],[106.489,33.844],[106.491,33.856],[106.487,33.863],[106.48,33.868],[106.475,33.87],[106.469,33.872],[106.458,33.873],[106.446,33.875],[106.435,33.882],[106.424,33.899],[106.422,33.913],[106.423,33.925],[106.426,33.934],[106.428,33.939],[106.43,33.942],[106.455,33.97],[106.498,34.043],[106.507,34.071],[106.514,34.107],[106.524,34.121],[106.537,34.127],[106.562,34.122],[106.571,34.123],[106.579,34.127],[106.587,34.137],[106.588,34.149],[106.586,34.16],[106.552,34.242],[106.544,34.249],[106.534,34.254],[106.513,34.257],[106.497,34.266],[106.52,34.277],[106.533,34.28],[106.554,34.281],[106.57,34.277],[106.602,34.265],[106.622,34.263],[106.656,34.254],[106.669,34.255],[106.679,34.26],[106.686,34.269],[106.689,34.279],[106.691,34.291],[106.672,34.37],[106.671,34.379],[106.674,34.385],[106.66,34.395],[106.642,34.406],[106.627,34.42],[106.621,34.441],[106.614,34.459],[106.596,34.473],[106.573,34.483],[106.549,34.486],[106.535,34.49],[106.522,34.5],[106.511,34.511],[106.498,34.52],[106.487,34.524],[106.476,34.524],[106.451,34.52],[106.368,34.52],[106.362,34.523],[106.351,34.531],[106.328,34.559],[106.321,34.573],[106.318,34.583],[106.32,34.589],[106.323,34.593],[106.33,34.602],[106.338,34.609],[106.348,34.615],[106.369,34.625],[106.377,34.632],[106.381,34.636],[106.384,34.641],[106.39,34.657],[106.404,34.68],[106.415,34.693],[106.423,34.7],[106.432,34.706],[106.466,34.72],[106.476,34.726],[106.485,34.733],[106.488,34.737],[106.492,34.741],[106.507,34.778],[106.512,34.787],[106.519,34.796],[106.527,34.802],[106.533,34.806],[106.538,34.812],[106.543,34.82],[106.549,34.838],[106.551,34.849],[106.552,34.857],[106.55,34.863],[106.501,34.926],[106.499,34.931],[106.496,34.94],[106.496,34.948],[106.497,34.955],[106.505,34.979],[106.505,34.986],[106.503,34.992],[106.495,35],[106.489,35.014],[106.489,35.018],[106.491,35.03],[106.53,35.047],[106.545,35.06],[106.551,35.067],[106.565,35.08],[106.574,35.084],[106.583,35.085],[106.625,35.077],[106.77,35.095],[106.781,35.094],[106.811,35.087],[106.902,35.09],[106.915,35.089],[106.92,35.087],[106.929,35.08],[106.94,35.068],[106.945,35.065],[106.949,35.062],[106.956,35.06],[107.03,35.048],[107.041,35.044],[107.052,35.038],[107.06,35.031],[107.074,35.015],[107.099,34.98],[107.107,34.972],[107.149,34.95],[107.158,34.944],[107.17,34.933],[107.173,34.929],[107.182,34.916],[107.193,34.903],[107.199,34.898],[107.211,34.892],[107.219,34.891],[107.224,34.894],[107.232,34.901],[107.237,34.904],[107.243,34.906],[107.264,34.909],[107.27,34.912],[107.274,34.915],[107.286,34.934],[107.291,34.938],[107.298,34.941],[107.31,34.943],[107.321,34.942],[107.331,34.94],[107.345,34.935],[107.356,34.934],[107.363,34.934],[107.377,34.939],[107.386,34.941],[107.404,34.943],[107.424,34.943],[107.474,34.929],[107.497,34.926],[107.507,34.927],[107.512,34.929],[107.518,34.931],[107.527,34.938],[107.542,34.954],[107.548,34.958],[107.555,34.962],[107.57,34.965],[107.622,34.956],[107.71,34.951],[107.725,34.953],[107.731,34.955],[107.753,34.962],[107.793,34.967],[107.83,34.977],[107.841,34.987],[107.842,34.998],[107.842,35.001],[107.841,35.006],[107.838,35.01],[107.832,35.019],[107.825,35.027],[107.793,35.05],[107.76,35.079],[107.705,35.179],[107.681,35.208],[107.672,35.221],[107.67,35.228],[107.673,35.233],[107.678,35.235],[107.713,35.242],[107.723,35.247],[107.728,35.249],[107.73,35.252],[107.733,35.256],[107.736,35.262],[107.739,35.272],[107.739,35.28],[107.737,35.287],[107.732,35.296],[107.731,35.302],[107.731,35.307],[107.733,35.309],[107.742,35.318],[107.747,35.319],[107.786,35.31],[107.862,35.274],[107.923,35.267],[107.938,35.262],[107.945,35.256],[107.951,35.241],[107.953,35.237],[107.955,35.234],[107.959,35.23],[107.964,35.226],[107.964,35.223],[107.972,35.223],[107.979,35.223],[107.995,35.23],[108.002,35.233],[108.011,35.24],[108.016,35.243],[108.021,35.245],[108.048,35.25],[108.072,35.258],[108.114,35.279],[108.129,35.284],[108.139,35.287],[108.155,35.291],[108.193,35.294],[108.205,35.294],[108.214,35.292],[108.218,35.291],[108.226,35.286],[108.246,35.27],[108.26,35.264],[108.269,35.262],[108.277,35.263],[108.316,35.275],[108.327,35.277],[108.354,35.278],[108.447,35.27],[108.493,35.272],[108.504,35.275],[108.512,35.278],[108.521,35.284],[108.53,35.291],[108.561,35.322],[108.595,35.365],[108.611,35.379],[108.615,35.385],[108.617,35.393],[108.616,35.422],[108.606,35.477],[108.604,35.548],[108.546,35.61],[108.517,35.665],[108.513,35.676],[108.51,35.688],[108.51,35.694],[108.51,35.701],[108.523,35.776],[108.523,35.789],[108.523,35.795],[108.52,35.807],[108.513,35.828],[108.496,35.856],[108.492,35.864],[108.49,35.871],[108.491,35.876],[108.493,35.881],[108.496,35.885],[108.499,35.889],[108.505,35.894],[108.514,35.9],[108.534,35.91],[108.552,35.917],[108.562,35.923],[108.567,35.926],[108.597,35.958],[108.601,35.962],[108.611,35.967],[108.623,35.971],[108.643,35.976],[108.655,35.98],[108.664,35.987],[108.671,35.994],[108.675,36],[108.677,36.005],[108.686,36.048],[108.691,36.064],[108.697,36.089],[108.7,36.126],[108.699,36.136],[108.696,36.16],[108.692,36.171],[108.69,36.176],[108.683,36.188],[108.672,36.201],[108.656,36.218],[108.65,36.226],[108.645,36.236],[108.644,36.242],[108.644,36.249],[108.645,36.255],[108.647,36.26],[108.65,36.265],[108.665,36.282],[108.682,36.295],[108.69,36.303],[108.695,36.313],[108.704,36.334],[108.705,36.341],[108.705,36.347],[108.705,36.353],[108.704,36.359],[108.696,36.367],[108.683,36.377],[108.653,36.396],[108.631,36.413],[108.628,36.417],[108.624,36.422],[108.62,36.426],[108.615,36.429],[108.607,36.432],[108.574,36.438],[108.566,36.44],[108.558,36.443],[108.55,36.45],[108.542,36.454],[108.533,36.458],[108.519,36.46],[108.51,36.46],[108.486,36.457],[108.471,36.456],[108.455,36.458],[108.441,36.461],[108.433,36.465],[108.423,36.47],[108.408,36.482],[108.401,36.488],[108.396,36.494],[108.392,36.5],[108.384,36.519],[108.381,36.524],[108.374,36.532],[108.366,36.539],[108.356,36.546],[108.347,36.55],[108.335,36.554],[108.294,36.563],[108.259,36.567],[108.251,36.57],[108.244,36.573],[108.236,36.58],[108.231,36.586],[108.224,36.595],[108.219,36.599],[108.212,36.601],[108.202,36.599],[108.196,36.596],[108.191,36.592],[108.178,36.574],[108.174,36.571],[108.168,36.569],[108.161,36.569],[108.154,36.57],[108.14,36.573],[108.102,36.586],[108.089,36.588],[108.058,36.591],[108.05,36.594],[108.042,36.598],[108.032,36.607],[108.027,36.613],[108.025,36.62],[108.025,36.627],[108.026,36.633],[108.032,36.649],[108.033,36.654],[108.028,36.659],[108.018,36.663],[107.996,36.668],[107.965,36.669],[107.957,36.672],[107.949,36.677],[107.937,36.687],[107.926,36.7],[107.906,36.739],[107.902,36.743],[107.894,36.751],[107.887,36.755],[107.84,36.772],[107.838,36.773],[107.758,36.79],[107.739,36.797],[107.724,36.805],[107.717,36.811],[107.712,36.816],[107.708,36.82],[107.695,36.825],[107.663,36.82],[107.617,36.824],[107.549,36.84],[107.531,36.847],[107.522,36.853],[107.525,36.857],[107.534,36.864],[107.535,36.868],[107.533,36.874],[107.52,36.884],[107.509,36.889],[107.501,36.891],[107.488,36.891],[107.443,36.886],[107.3,36.907],[107.288,36.911],[107.282,36.915],[107.293,36.946],[107.295,36.959],[107.294,36.991],[107.292,37.005],[107.288,37.017],[107.286,37.021],[107.283,37.025],[107.278,37.044],[107.285,37.068],[107.325,37.144],[107.327,37.155],[107.325,37.164],[107.316,37.179],[107.31,37.204],[107.286,37.262],[107.238,37.301],[107.238,37.306],[107.241,37.321],[107.252,37.353],[107.256,37.379],[107.27,37.428],[107.322,37.528],[107.322,37.548],[107.314,37.563],[107.311,37.578],[107.317,37.59],[107.361,37.617],[107.382,37.633],[107.436,37.663],[107.449,37.677],[107.466,37.69],[107.474,37.698],[107.478,37.709],[107.479,37.729],[107.481,37.742],[107.486,37.753],[107.496,37.761],[107.509,37.764],[107.574,37.763],[107.607,37.766],[107.625,37.771],[107.644,37.78],[107.656,37.795],[107.662,37.811],[107.658,37.853],[107.677,37.843],[107.703,37.832],[107.885,37.802],[107.908,37.795],[107.929,37.785],[107.946,37.772],[107.991,37.726],[108,37.712],[108.006,37.695],[108.007,37.677],[108,37.645],[108.004,37.641],[108.015,37.637],[108.039,37.633],[108.233,37.64],[108.307,37.633],[108.333,37.634],[108.496,37.669],[108.521,37.671],[108.595,37.663],[108.65,37.663],[108.739,37.671],[108.754,37.675],[108.764,37.682],[108.77,37.695],[108.77,37.727],[108.771,37.743],[108.776,37.756],[108.782,37.769],[108.784,37.78],[108.78,37.905],[108.783,37.924],[108.791,37.942],[108.816,37.974],[108.825,37.982],[108.836,37.988],[108.852,37.99],[108.863,37.988],[108.872,37.982],[108.877,37.976],[108.888,37.953],[108.91,37.927],[108.92,37.918],[108.932,37.915],[108.943,37.918],[108.954,37.926],[108.988,37.968],[109.001,37.988],[109.035,38.075],[109.038,38.09],[109.035,38.101],[109.028,38.111],[108.993,38.142],[108.97,38.167],[108.96,38.183],[108.953,38.199],[108.952,38.212],[108.955,38.225],[108.975,38.267],[108.98,38.283],[108.983,38.298],[108.984,38.325],[108.986,38.335],[108.994,38.346],[109.023,38.375],[109.034,38.392],[109.045,38.422],[109.058,38.438],[109.08,38.457],[109.135,38.496],[109.144,38.504],[109.16,38.542],[109.176,38.555],[109.203,38.569],[109.296,38.608],[109.313,38.62],[109.315,38.63],[109.314,38.654],[109.316,38.668],[109.322,38.676],[109.332,38.681],[109.365,38.689],[109.375,38.697],[109.38,38.706],[109.392,38.739],[109.403,38.754],[109.424,38.769],[109.462,38.787],[109.486,38.793],[109.499,38.794],[109.507,38.791],[109.516,38.785],[109.526,38.783],[109.538,38.785],[109.549,38.795],[109.555,38.805],[109.568,38.841],[109.575,38.852],[109.584,38.863],[109.594,38.87],[109.617,38.884],[109.628,38.894],[109.635,38.906],[109.674,39.011],[109.685,39.018],[109.701,39.024],[109.774,39.035],[109.799,39.043],[109.821,39.054],[109.828,39.062],[109.833,39.07],[109.833,39.076],[109.835,39.082],[109.838,39.087],[109.841,39.092],[109.845,39.097],[109.963,39.181],[109.988,39.194],[110.037,39.212],[110.122,39.257],[110.169,39.276],[110.174,39.28],[110.177,39.285],[110.175,39.295],[110.173,39.304],[110.166,39.323],[110.147,39.359],[110.112,39.403],[110.109,39.409],[110.107,39.415],[110.106,39.422],[110.107,39.425],[110.109,39.428],[110.113,39.432],[110.118,39.435],[110.127,39.44],[110.135,39.443],[110.145,39.445],[110.159,39.445],[110.174,39.442],[110.201,39.436],[110.216,39.43],[110.225,39.424],[110.231,39.417],[110.255,39.377],[110.263,39.368],[110.274,39.357],[110.338,39.318],[110.347,39.316],[110.36,39.315],[110.38,39.32],[110.39,39.324],[110.397,39.328],[110.404,39.336],[110.414,39.35],[110.419,39.353],[110.429,39.356],[110.468,39.363],[110.494,39.374],[110.502,39.375],[110.513,39.372],[110.521,39.369],[110.526,39.365],[110.535,39.358],[110.538,39.354],[110.551,39.342],[110.557,39.334],[110.58,39.297],[110.603,39.267],[110.608,39.264],[110.625,39.252],[110.633,39.247],[110.638,39.245],[110.646,39.244],[110.656,39.246],[110.672,39.253],[110.679,39.259],[110.685,39.264],[110.688,39.269],[110.702,39.293],[110.707,39.305],[110.715,39.32],[110.728,39.338],[110.813,39.427],[110.816,39.432],[110.82,39.436],[110.823,39.441],[110.846,39.465],[110.9,39.507],[110.906,39.51],[110.913,39.513],[110.946,39.519],[110.958,39.523],[110.98,39.534],[110.985,39.537],[110.999,39.551],[111.005,39.557],[111.013,39.565],[111.018,39.568],[111.024,39.57],[111.032,39.57],[111.054,39.562],[111.061,39.56],[111.068,39.56],[111.075,39.561],[111.082,39.563],[111.087,39.566],[111.097,39.571],[111.114,39.579],[111.121,39.581],[111.127,39.581],[111.133,39.579],[111.137,39.573],[111.137,39.565],[111.129,39.54],[111.123,39.528],[111.11,39.509],[111.095,39.492],[111.079,39.469],[111.049,39.437],[111.043,39.428],[111.041,39.423],[111.047,39.414],[111.055,39.405],[111.106,39.381],[111.11,39.385],[111.118,39.376],[111.141,39.367],[111.151,39.357],[111.167,39.365],[111.175,39.357],[111.179,39.342],[111.185,39.331],[111.201,39.321],[111.215,39.316],[111.225,39.311],[111.227,39.297],[111.222,39.283],[111.158,39.173],[111.134,39.1],[111.118,39.067],[111.089,39.043],[111.022,39.019],[110.995,39.004],[110.973,38.974],[110.994,38.937],[111.004,38.916],[111.004,38.903],[110.994,38.885],[110.98,38.817],[110.969,38.799],[110.958,38.785],[110.949,38.771],[110.943,38.739],[110.938,38.732],[110.922,38.717],[110.915,38.708],[110.905,38.679],[110.872,38.621],[110.874,38.612],[110.876,38.608],[110.901,38.58],[110.901,38.574],[110.899,38.545],[110.897,38.535],[110.891,38.525],[110.877,38.51],[110.87,38.502],[110.866,38.49],[110.86,38.468],[110.853,38.457],[110.834,38.446],[110.792,38.44],[110.774,38.426],[110.756,38.39],[110.746,38.378],[110.712,38.357],[110.705,38.355],[110.701,38.347],[110.671,38.317],[110.66,38.31],[110.648,38.306],[110.635,38.303],[110.604,38.301],[110.59,38.297],[110.58,38.287],[110.569,38.232],[110.569,38.227],[110.56,38.217],[110.547,38.211],[110.533,38.208],[110.517,38.207],[110.511,38.202],[110.5,38.166],[110.51,38.145],[110.509,38.128],[110.5,38.09],[110.507,38.012],[110.508,38.009],[110.512,38.005],[110.514,38.001],[110.514,37.983],[110.514,37.981],[110.514,37.97],[110.513,37.961],[110.515,37.955],[110.524,37.953],[110.545,37.95],[110.563,37.942],[110.577,37.931],[110.589,37.919],[110.653,37.813],[110.675,37.796],[110.729,37.774],[110.743,37.765],[110.753,37.746],[110.744,37.733],[110.705,37.714],[110.727,37.7],[110.779,37.678],[110.795,37.658],[110.788,37.652],[110.771,37.641],[110.767,37.638],[110.766,37.624],[110.771,37.613],[110.777,37.604],[110.787,37.574],[110.789,37.561],[110.784,37.556],[110.776,37.552],[110.77,37.542],[110.746,37.48],[110.739,37.47],[110.716,37.45],[110.696,37.439],[110.654,37.434],[110.637,37.418],[110.63,37.397],[110.634,37.379],[110.647,37.368],[110.668,37.364],[110.687,37.357],[110.688,37.342],[110.671,37.31],[110.67,37.301],[110.67,37.296],[110.67,37.29],[110.665,37.282],[110.661,37.28],[110.648,37.277],[110.644,37.275],[110.641,37.27],[110.637,37.256],[110.634,37.251],[110.569,37.179],[110.537,37.155],[110.528,37.145],[110.517,37.115],[110.509,37.102],[110.497,37.096],[110.489,37.092],[110.479,37.082],[110.47,37.07],[110.466,37.059],[110.46,37.051],[110.447,37.044],[110.418,37.035],[110.418,37.028],[110.426,37.027],[110.445,37.022],[110.427,37.01],[110.408,37.015],[110.389,37.022],[110.373,37.018],[110.373,37.007],[110.384,36.995],[110.398,36.985],[110.407,36.981],[110.418,36.967],[110.413,36.938],[110.395,36.907],[110.37,36.891],[110.377,36.879],[110.401,36.861],[110.411,36.85],[110.404,36.837],[110.408,36.83],[110.414,36.824],[110.418,36.816],[110.415,36.805],[110.409,36.796],[110.398,36.781],[110.393,36.781],[110.386,36.781],[110.379,36.78],[110.377,36.775],[110.38,36.77],[110.392,36.765],[110.398,36.761],[110.4,36.761],[110.418,36.754],[110.413,36.754],[110.413,36.745],[110.416,36.736],[110.418,36.734],[110.439,36.742],[110.441,36.727],[110.432,36.704],[110.421,36.693],[110.411,36.695],[110.401,36.699],[110.393,36.699],[110.39,36.689],[110.394,36.682],[110.483,36.593],[110.49,36.577],[110.499,36.525],[110.5,36.508],[110.496,36.484],[110.482,36.449],[110.477,36.405],[110.459,36.349],[110.459,36.327],[110.47,36.286],[110.473,36.264],[110.469,36.243],[110.451,36.207],[110.445,36.186],[110.447,36.142],[110.498,35.98],[110.501,35.933],[110.506,35.912],[110.507,35.901],[110.511,35.887],[110.52,35.885],[110.531,35.887],[110.542,35.884],[110.56,35.849],[110.576,35.713],[110.611,35.638],[110.62,35.597],[110.603,35.554],[110.573,35.528],[110.556,35.509],[110.559,35.5],[110.563,35.491],[110.56,35.471],[110.553,35.45],[110.548,35.438],[110.538,35.428],[110.524,35.417],[110.509,35.408],[110.497,35.404],[110.469,35.356],[110.459,35.343],[110.445,35.335],[110.437,35.322],[110.432,35.308],[110.425,35.294],[110.418,35.286],[110.373,35.255],[110.358,35.238],[110.335,35.198],[110.326,35.149],[110.317,35.126],[110.311,35.091],[110.292,35.05],[110.285,35.01],[110.269,34.96],[110.26,34.945],[110.271,34.914],[110.272,34.882],[110.263,34.851],[110.243,34.825],[110.237,34.801],[110.242,34.719],[110.252,34.663],[110.27,34.637],[110.298,34.621],[110.335,34.616],[110.336,34.616],[110.336,34.613],[110.343,34.542],[110.342,34.518],[110.339,34.508],[110.332,34.496],[110.329,34.486],[110.328,34.48],[110.328,34.472],[110.329,34.463],[110.337,34.443],[110.34,34.437],[110.35,34.426],[110.374,34.404],[110.386,34.398],[110.454,34.381],[110.459,34.378],[110.464,34.375],[110.468,34.372],[110.473,34.366],[110.477,34.357],[110.482,34.341],[110.481,34.333],[110.479,34.326],[110.45,34.309],[110.441,34.301],[110.438,34.297],[110.435,34.292],[110.433,34.286],[110.432,34.28],[110.432,34.274],[110.432,34.268],[110.434,34.261],[110.438,34.254],[110.446,34.244],[110.469,34.225],[110.477,34.221],[110.531,34.201],[110.536,34.198],[110.541,34.194],[110.552,34.185],[110.558,34.181],[110.564,34.179],[110.571,34.177],[110.607,34.17],[110.613,34.167],[110.618,34.162],[110.621,34.152],[110.62,34.145],[110.618,34.139],[110.612,34.13],[110.607,34.12],[110.605,34.114],[110.594,34.065],[110.593,34.059],[110.593,34.046],[110.594,34.04],[110.597,34.036],[110.607,34.036],[110.611,34.036],[110.613,34.034],[110.616,34.03],[110.621,34.018],[110.642,33.98],[110.644,33.975],[110.644,33.97],[110.643,33.964],[110.638,33.954],[110.601,33.906],[110.596,33.896],[110.594,33.891],[110.593,33.885],[110.594,33.88],[110.598,33.873],[110.606,33.867],[110.623,33.857],[110.643,33.85],[110.677,33.842],[110.689,33.838],[110.749,33.803],[110.757,33.796],[110.766,33.786],[110.791,33.75],[110.791,33.749],[110.788,33.728],[110.788,33.722],[110.789,33.716],[110.792,33.705],[110.801,33.696],[110.85,33.66],[110.878,33.643],[110.921,33.629],[110.943,33.618],[110.955,33.611],[110.968,33.599],[110.977,33.584],[110.989,33.543],[110.997,33.527],[111,33.519],[111.011,33.5],[111.011,33.499],[111.011,33.494],[111.009,33.486],[111.004,33.471],[110.998,33.459],[110.993,33.45],[110.991,33.444],[110.99,33.438],[110.991,33.431],[110.994,33.421],[111.012,33.391],[111.013,33.386],[111.016,33.374],[111.009,33.348],[110.975,33.266],[110.957,33.259],[110.941,33.251],[110.94,33.25],[110.94,33.249],[110.934,33.242],[110.927,33.226],[110.924,33.222],[110.921,33.217],[110.914,33.21],[110.909,33.207],[110.9,33.205],[110.85,33.205],[110.832,33.202],[110.823,33.199],[110.818,33.195],[110.814,33.19],[110.809,33.176],[110.804,33.17],[110.801,33.166],[110.799,33.164],[110.792,33.159],[110.772,33.148],[110.75,33.14],[110.745,33.137],[110.741,33.133],[110.739,33.128],[110.739,33.123],[110.74,33.118],[110.743,33.114],[110.746,33.109],[110.75,33.106],[110.753,33.102],[110.753,33.098],[110.748,33.096],[110.74,33.096],[110.726,33.101],[110.717,33.104],[110.711,33.108],[110.684,33.133],[110.664,33.146],[110.658,33.148],[110.651,33.149],[110.632,33.144],[110.623,33.144],[110.61,33.149],[110.604,33.154],[110.601,33.16],[110.599,33.165],[110.595,33.188],[110.592,33.199],[110.589,33.204],[110.568,33.234],[110.564,33.238],[110.559,33.241],[110.547,33.245],[110.539,33.246],[110.53,33.245],[110.517,33.241],[110.51,33.236],[110.505,33.232],[110.502,33.229],[110.496,33.224],[110.486,33.212],[110.459,33.185],[110.45,33.179],[110.439,33.174],[110.432,33.173],[110.234,33.156],[110.201,33.16],[110.19,33.163],[110.182,33.166],[110.178,33.169],[110.149,33.194],[110.139,33.2],[110.129,33.206],[110.117,33.21],[110.11,33.212],[110.094,33.213],[109.96,33.214],[109.916,33.235],[109.904,33.238],[109.875,33.243],[109.752,33.241],[109.723,33.245],[109.696,33.252],[109.672,33.261],[109.66,33.264],[109.652,33.264],[109.644,33.261],[109.626,33.243],[109.618,33.24],[109.604,33.236],[109.594,33.235],[109.585,33.236],[109.552,33.244],[109.545,33.245],[109.537,33.245],[109.53,33.244],[109.523,33.241],[109.516,33.237],[109.462,33.189],[109.451,33.176],[109.448,33.168],[109.446,33.162],[109.453,33.148],[109.491,33.145],[109.512,33.14],[109.535,33.131],[109.565,33.114],[109.571,33.112],[109.585,33.11],[109.592,33.11],[109.621,33.113],[109.652,33.113],[109.694,33.106],[109.744,33.09],[109.749,33.087],[109.753,33.084],[109.757,33.08],[109.777,33.055],[109.78,33.05],[109.781,33.045],[109.781,33.034],[109.779,33.018],[109.766,32.969],[109.762,32.958],[109.759,32.954],[109.745,32.937],[109.74,32.93],[109.759,32.915],[109.783,32.901],[109.81,32.893],[109.836,32.896],[109.868,32.913],[109.884,32.916],[109.899,32.914],[109.925,32.901],[109.938,32.896],[109.993,32.889],[110.004,32.884],[110.041,32.862],[110.082,32.848],[110.096,32.841],[110.104,32.834],[110.115,32.819],[110.116,32.81],[110.118,32.807],[110.121,32.797],[110.143,32.76],[110.146,32.756],[110.155,32.73],[110.155,32.72],[110.153,32.707],[110.145,32.681],[110.146,32.667],[110.152,32.656],[110.161,32.65],[110.168,32.643],[110.171,32.633],[110.168,32.622],[110.152,32.607],[110.135,32.605],[110.116,32.609],[110.1,32.615],[110.085,32.617],[110.074,32.617],[110.065,32.611],[110.062,32.607],[110.062,32.598],[110.064,32.592],[110.066,32.587],[110.066,32.582],[110.062,32.576],[110.029,32.554],[110.021,32.55],[110.013,32.549],[110.007,32.55],[110.004,32.551],[110.001,32.552],[109.969,32.57],[109.951,32.576],[109.88,32.592],[109.869,32.592],[109.863,32.591],[109.846,32.578],[109.841,32.576],[109.829,32.572],[109.823,32.571],[109.815,32.571],[109.808,32.572],[109.802,32.573],[109.797,32.576],[109.792,32.579],[109.778,32.595],[109.774,32.598],[109.769,32.6],[109.763,32.6],[109.75,32.597],[109.729,32.588],[109.715,32.585],[109.708,32.585],[109.701,32.586],[109.695,32.587],[109.665,32.598],[109.658,32.599],[109.651,32.599],[109.645,32.598],[109.64,32.595],[109.635,32.591],[109.63,32.584],[109.628,32.578],[109.623,32.559],[109.62,32.555],[109.616,32.551],[109.611,32.549],[109.599,32.545],[109.585,32.543],[109.579,32.541],[109.575,32.527],[109.565,32.42],[109.561,32.405],[109.557,32.402],[109.5,32.369],[109.493,32.363],[109.49,32.359],[109.487,32.355],[109.486,32.347],[109.487,32.336],[109.494,32.317],[109.501,32.303],[109.519,32.285],[109.525,32.276],[109.527,32.271],[109.535,32.246],[109.538,32.241],[109.542,32.236],[109.548,32.234],[109.601,32.213],[109.606,32.21],[109.61,32.207],[109.614,32.203],[109.616,32.198],[109.619,32.189],[109.624,32.147],[109.63,32.123],[109.639,32.11],[109.669,32.081],[109.672,32.076],[109.674,32.069],[109.673,32.06],[109.666,32.043],[109.662,32.034],[109.657,32.028],[109.65,32.019],[109.646,32.012],[109.626,31.961],[109.613,31.944],[109.611,31.937],[109.61,31.927],[109.614,31.891],[109.616,31.821],[109.613,31.811],[109.602,31.797],[109.587,31.781],[109.583,31.77],[109.58,31.762],[109.581,31.752],[109.583,31.746],[109.594,31.738],[109.573,31.73],[109.336,31.705]]]}},{"type":"Feature","id":"CN-SX","properties":{"id":"CN-SX","countryCode":"CN","isoSubdivision":"CN-SX","name":"Shanxi","name_en":"Shanxi","name_ko":"산시성","type":"Province","labelLongitude":112.389,"labelLatitude":37.759,"minZoom":4.6},"geometry":{"type":"Polygon","coordinates":[[[114.154,40.743],[114.153,40.712],[114.15,40.695],[114.15,40.683],[114.152,40.674],[114.156,40.664],[114.16,40.658],[114.164,40.652],[114.198,40.622],[114.229,40.6],[114.247,40.579],[114.252,40.568],[114.256,40.557],[114.258,40.55],[114.259,40.493],[114.277,40.427],[114.279,40.407],[114.286,40.379],[114.295,40.367],[114.305,40.362],[114.386,40.355],[114.434,40.361],[114.448,40.359],[114.492,40.348],[114.504,40.342],[114.511,40.334],[114.511,40.325],[114.502,40.316],[114.493,40.311],[114.45,40.294],[114.289,40.255],[114.233,40.231],[114.16,40.21],[114.117,40.204],[114.1,40.197],[114.085,40.185],[114.075,40.16],[114.07,40.106],[114.066,40.093],[114.061,40.087],[114.051,40.086],[114.04,40.089],[114.032,40.095],[114.027,40.101],[114.019,40.12],[114.015,40.127],[114.01,40.131],[114.005,40.132],[114,40.132],[113.996,40.132],[113.99,40.126],[113.982,40.116],[113.972,40.095],[113.965,40.085],[113.958,40.079],[113.947,40.074],[113.941,40.068],[113.934,40.061],[113.925,40.045],[113.924,40.036],[113.924,40.029],[113.927,40.025],[113.933,40.018],[113.936,40.016],[114.009,39.981],[114.017,39.974],[114.023,39.967],[114.035,39.942],[114.039,39.938],[114.047,39.93],[114.052,39.927],[114.058,39.924],[114.086,39.917],[114.178,39.906],[114.186,39.904],[114.192,39.902],[114.198,39.899],[114.211,39.888],[114.221,39.882],[114.233,39.876],[114.328,39.86],[114.337,39.86],[114.366,39.863],[114.373,39.863],[114.379,39.862],[114.383,39.861],[114.388,39.858],[114.394,39.852],[114.401,39.842],[114.404,39.834],[114.405,39.827],[114.403,39.781],[114.406,39.75],[114.399,39.718],[114.397,39.697],[114.397,39.676],[114.399,39.666],[114.402,39.658],[114.406,39.654],[114.411,39.648],[114.415,39.641],[114.421,39.626],[114.425,39.618],[114.43,39.613],[114.437,39.611],[114.452,39.609],[114.459,39.607],[114.466,39.604],[114.471,39.601],[114.476,39.598],[114.48,39.594],[114.497,39.575],[114.5,39.572],[114.516,39.565],[114.536,39.544],[114.539,39.539],[114.541,39.531],[114.535,39.499],[114.529,39.482],[114.5,39.435],[114.48,39.409],[114.468,39.39],[114.466,39.38],[114.464,39.369],[114.464,39.354],[114.462,39.345],[114.459,39.338],[114.456,39.334],[114.448,39.326],[114.433,39.315],[114.428,39.309],[114.42,39.3],[114.416,39.29],[114.415,39.282],[114.416,39.226],[114.414,39.208],[114.412,39.198],[114.409,39.19],[114.406,39.184],[114.401,39.178],[114.394,39.169],[114.388,39.164],[114.383,39.16],[114.378,39.157],[114.366,39.153],[114.328,39.142],[114.317,39.137],[114.309,39.13],[114.275,39.089],[114.268,39.082],[114.257,39.077],[114.245,39.073],[114.231,39.07],[114.216,39.069],[114.167,39.073],[114.159,39.073],[114.145,39.071],[114.125,39.066],[114.117,39.066],[114.106,39.067],[114.089,39.074],[114.05,39.101],[114.037,39.113],[114.03,39.118],[114.021,39.119],[114.013,39.119],[113.985,39.109],[113.962,39.099],[113.928,39.085],[113.915,39.083],[113.887,39.085],[113.875,39.083],[113.864,39.079],[113.853,39.072],[113.843,39.058],[113.835,39.042],[113.823,39.008],[113.816,38.995],[113.809,38.986],[113.776,38.971],[113.771,38.968],[113.767,38.963],[113.763,38.957],[113.759,38.949],[113.755,38.94],[113.754,38.931],[113.756,38.922],[113.76,38.909],[113.769,38.891],[113.78,38.872],[113.794,38.854],[113.826,38.824],[113.826,38.816],[113.825,38.81],[113.798,38.778],[113.749,38.729],[113.691,38.714],[113.684,38.703],[113.683,38.691],[113.684,38.678],[113.681,38.668],[113.669,38.66],[113.631,38.653],[113.609,38.644],[113.599,38.632],[113.592,38.617],[113.552,38.566],[113.534,38.537],[113.532,38.52],[113.542,38.465],[113.543,38.45],[113.543,38.439],[113.538,38.424],[113.525,38.4],[113.518,38.378],[113.517,38.369],[113.518,38.361],[113.524,38.346],[113.532,38.278],[113.536,38.262],[113.539,38.252],[113.543,38.25],[113.547,38.248],[113.558,38.243],[113.676,38.212],[113.688,38.207],[113.708,38.195],[113.717,38.188],[113.741,38.165],[113.746,38.162],[113.752,38.159],[113.759,38.157],[113.791,38.153],[113.808,38.109],[113.818,38.091],[113.845,38.057],[113.854,38.041],[113.857,38.03],[113.879,37.971],[113.886,37.958],[113.891,37.949],[113.9,37.942],[113.926,37.924],[113.987,37.839],[113.995,37.825],[114.026,37.751],[114.1,37.698],[114.106,37.669],[114.096,37.6],[114.092,37.583],[114.088,37.572],[114.082,37.565],[114.076,37.554],[114.053,37.501],[114.052,37.498],[114.019,37.455],[113.989,37.424],[113.962,37.4],[113.951,37.388],[113.93,37.349],[113.897,37.312],[113.887,37.296],[113.876,37.248],[113.868,37.227],[113.862,37.216],[113.858,37.209],[113.845,37.197],[113.8,37.164],[113.767,37.133],[113.759,37.123],[113.754,37.115],[113.748,37.09],[113.747,37.076],[113.748,37.051],[113.754,37.023],[113.762,37.004],[113.764,37],[113.769,36.994],[113.772,36.989],[113.773,36.984],[113.775,36.969],[113.776,36.891],[113.774,36.88],[113.771,36.868],[113.766,36.865],[113.755,36.862],[113.748,36.862],[113.7,36.875],[113.689,36.874],[113.679,36.872],[113.676,36.867],[113.673,36.861],[113.671,36.855],[113.67,36.843],[113.669,36.83],[113.665,36.82],[113.656,36.808],[113.617,36.775],[113.608,36.769],[113.602,36.767],[113.595,36.766],[113.586,36.765],[113.557,36.761],[113.534,36.747],[113.508,36.741],[113.475,36.741],[113.464,36.74],[113.454,36.737],[113.445,36.731],[113.44,36.725],[113.438,36.719],[113.44,36.715],[113.444,36.711],[113.463,36.698],[113.466,36.694],[113.469,36.69],[113.469,36.683],[113.466,36.676],[113.458,36.664],[113.454,36.655],[113.453,36.646],[113.455,36.64],[113.459,36.636],[113.496,36.611],[113.506,36.603],[113.512,36.597],[113.514,36.594],[113.516,36.589],[113.52,36.575],[113.523,36.569],[113.527,36.565],[113.538,36.559],[113.543,36.555],[113.547,36.549],[113.548,36.543],[113.546,36.538],[113.539,36.529],[113.535,36.524],[113.533,36.516],[113.53,36.501],[113.532,36.491],[113.535,36.483],[113.543,36.475],[113.556,36.465],[113.568,36.46],[113.603,36.451],[113.615,36.447],[113.626,36.441],[113.631,36.438],[113.656,36.417],[113.691,36.395],[113.702,36.384],[113.721,36.356],[113.722,36.355],[113.721,36.333],[113.705,36.29],[113.696,36.275],[113.68,36.238],[113.676,36.233],[113.674,36.227],[113.673,36.221],[113.675,36.214],[113.679,36.209],[113.683,36.205],[113.692,36.198],[113.694,36.194],[113.694,36.188],[113.69,36.182],[113.686,36.178],[113.676,36.172],[113.672,36.167],[113.671,36.161],[113.675,36.153],[113.69,36.14],[113.693,36.136],[113.695,36.13],[113.694,36.123],[113.688,36.111],[113.683,36.105],[113.68,36.098],[113.678,36.091],[113.68,36.081],[113.686,36.062],[113.687,36.056],[113.685,36.044],[113.669,35.995],[113.663,35.981],[113.656,35.972],[113.636,35.961],[113.631,35.957],[113.628,35.953],[113.626,35.946],[113.626,35.937],[113.629,35.921],[113.63,35.909],[113.63,35.897],[113.621,35.855],[113.622,35.842],[113.631,35.825],[113.633,35.818],[113.594,35.808],[113.59,35.787],[113.593,35.777],[113.595,35.774],[113.597,35.77],[113.597,35.765],[113.597,35.759],[113.585,35.687],[113.585,35.681],[113.587,35.676],[113.594,35.667],[113.605,35.655],[113.608,35.651],[113.61,35.646],[113.61,35.64],[113.61,35.634],[113.604,35.626],[113.595,35.618],[113.546,35.591],[113.516,35.563],[113.491,35.525],[113.488,35.521],[113.48,35.514],[113.475,35.51],[113.468,35.506],[113.43,35.489],[113.373,35.474],[113.328,35.463],[113.31,35.465],[113.305,35.466],[113.3,35.465],[113.298,35.459],[113.298,35.454],[113.3,35.448],[113.299,35.443],[113.297,35.438],[113.294,35.433],[113.29,35.429],[113.286,35.425],[113.28,35.422],[113.273,35.419],[113.26,35.418],[113.244,35.42],[113.237,35.42],[113.232,35.417],[113.225,35.41],[113.215,35.403],[113.168,35.389],[113.16,35.384],[113.147,35.374],[113.141,35.368],[113.136,35.363],[113.133,35.356],[113.13,35.352],[113.121,35.348],[113.108,35.344],[113.056,35.335],[113.037,35.334],[113.02,35.329],[112.988,35.305],[112.979,35.292],[112.973,35.283],[112.971,35.279],[112.97,35.277],[112.964,35.272],[112.955,35.265],[112.917,35.25],[112.903,35.241],[112.883,35.238],[112.808,35.242],[112.724,35.275],[112.719,35.278],[112.711,35.285],[112.7,35.297],[112.692,35.305],[112.688,35.308],[112.682,35.311],[112.675,35.312],[112.665,35.311],[112.642,35.303],[112.63,35.297],[112.626,35.294],[112.61,35.288],[112.606,35.284],[112.603,35.28],[112.601,35.274],[112.6,35.269],[112.597,35.262],[112.592,35.253],[112.587,35.248],[112.586,35.245],[112.585,35.244],[112.583,35.242],[112.564,35.232],[112.553,35.228],[112.526,35.22],[112.49,35.22],[112.44,35.226],[112.429,35.229],[112.417,35.233],[112.411,35.235],[112.402,35.236],[112.391,35.235],[112.367,35.228],[112.354,35.223],[112.335,35.219],[112.157,35.237],[112.135,35.23],[112.124,35.228],[112.112,35.23],[112.079,35.237],[112.058,35.234],[112.06,35.173],[112.062,35.156],[112.061,35.108],[112.056,35.09],[112.04,35.049],[112.038,35.046],[112.035,35.048],[111.992,35.074],[111.977,35.086],[111.958,35.094],[111.916,35.09],[111.898,35.096],[111.882,35.089],[111.846,35.087],[111.829,35.083],[111.817,35.073],[111.808,35.061],[111.796,35.052],[111.779,35.048],[111.764,35.042],[111.741,35.019],[111.723,35.014],[111.704,35.013],[111.683,35.008],[111.671,34.997],[111.679,34.979],[111.668,34.973],[111.642,34.964],[111.631,34.958],[111.622,34.947],[111.611,34.921],[111.604,34.91],[111.598,34.905],[111.587,34.901],[111.582,34.897],[111.579,34.89],[111.573,34.874],[111.569,34.869],[111.558,34.863],[111.445,34.838],[111.422,34.836],[111.394,34.823],[111.384,34.822],[111.373,34.826],[111.353,34.839],[111.343,34.842],[111.331,34.841],[111.319,34.837],[111.308,34.832],[111.285,34.816],[111.277,34.818],[111.269,34.825],[111.257,34.828],[111.246,34.824],[111.241,34.816],[111.238,34.807],[111.233,34.801],[111.223,34.799],[111.216,34.8],[111.199,34.808],[111.158,34.822],[111.139,34.819],[111.125,34.779],[111.109,34.769],[111.026,34.747],[111.008,34.738],[110.99,34.722],[110.973,34.717],[110.933,34.735],[110.911,34.733],[110.923,34.686],[110.884,34.666],[110.766,34.661],[110.744,34.654],[110.726,34.643],[110.719,34.626],[110.709,34.621],[110.648,34.602],[110.585,34.601],[110.562,34.596],[110.549,34.59],[110.54,34.584],[110.531,34.584],[110.517,34.593],[110.501,34.607],[110.492,34.613],[110.483,34.616],[110.459,34.615],[110.449,34.613],[110.438,34.609],[110.43,34.603],[110.427,34.596],[110.422,34.591],[110.411,34.589],[110.4,34.593],[110.394,34.6],[110.388,34.608],[110.377,34.616],[110.368,34.618],[110.336,34.616],[110.335,34.616],[110.298,34.621],[110.27,34.637],[110.252,34.663],[110.242,34.719],[110.237,34.801],[110.243,34.825],[110.263,34.851],[110.272,34.882],[110.271,34.914],[110.26,34.945],[110.269,34.96],[110.285,35.01],[110.292,35.05],[110.311,35.091],[110.317,35.126],[110.326,35.149],[110.335,35.198],[110.358,35.238],[110.373,35.255],[110.418,35.286],[110.425,35.294],[110.432,35.308],[110.437,35.322],[110.445,35.335],[110.459,35.343],[110.469,35.356],[110.497,35.404],[110.509,35.408],[110.524,35.417],[110.538,35.428],[110.548,35.438],[110.553,35.45],[110.56,35.471],[110.563,35.491],[110.559,35.5],[110.556,35.509],[110.573,35.528],[110.603,35.554],[110.62,35.597],[110.611,35.638],[110.576,35.713],[110.56,35.849],[110.542,35.884],[110.531,35.887],[110.52,35.885],[110.511,35.887],[110.507,35.901],[110.506,35.912],[110.501,35.933],[110.498,35.98],[110.447,36.142],[110.445,36.186],[110.451,36.207],[110.469,36.243],[110.473,36.264],[110.47,36.286],[110.459,36.327],[110.459,36.349],[110.477,36.405],[110.482,36.449],[110.496,36.484],[110.5,36.508],[110.499,36.525],[110.49,36.577],[110.483,36.593],[110.394,36.682],[110.39,36.689],[110.393,36.699],[110.401,36.699],[110.411,36.695],[110.421,36.693],[110.432,36.704],[110.441,36.727],[110.439,36.742],[110.418,36.734],[110.416,36.736],[110.413,36.745],[110.413,36.754],[110.418,36.754],[110.4,36.761],[110.398,36.761],[110.392,36.765],[110.38,36.77],[110.377,36.775],[110.379,36.78],[110.386,36.781],[110.393,36.781],[110.398,36.781],[110.409,36.796],[110.415,36.805],[110.418,36.816],[110.414,36.824],[110.408,36.83],[110.404,36.837],[110.411,36.85],[110.401,36.861],[110.377,36.879],[110.37,36.891],[110.395,36.907],[110.413,36.938],[110.418,36.967],[110.407,36.981],[110.398,36.985],[110.384,36.995],[110.373,37.007],[110.373,37.018],[110.389,37.022],[110.408,37.015],[110.427,37.01],[110.445,37.022],[110.426,37.027],[110.418,37.028],[110.418,37.035],[110.447,37.044],[110.46,37.051],[110.466,37.059],[110.47,37.07],[110.479,37.082],[110.489,37.092],[110.497,37.096],[110.509,37.102],[110.517,37.115],[110.528,37.145],[110.537,37.155],[110.569,37.179],[110.634,37.251],[110.637,37.256],[110.641,37.27],[110.644,37.275],[110.648,37.277],[110.661,37.28],[110.665,37.282],[110.67,37.29],[110.67,37.296],[110.67,37.301],[110.671,37.31],[110.688,37.342],[110.687,37.357],[110.668,37.364],[110.647,37.368],[110.634,37.379],[110.63,37.397],[110.637,37.418],[110.654,37.434],[110.696,37.439],[110.716,37.45],[110.739,37.47],[110.746,37.48],[110.77,37.542],[110.776,37.552],[110.784,37.556],[110.789,37.561],[110.787,37.574],[110.777,37.604],[110.771,37.613],[110.766,37.624],[110.767,37.638],[110.771,37.641],[110.788,37.652],[110.795,37.658],[110.779,37.678],[110.727,37.7],[110.705,37.714],[110.744,37.733],[110.753,37.746],[110.743,37.765],[110.729,37.774],[110.675,37.796],[110.653,37.813],[110.589,37.919],[110.577,37.931],[110.563,37.942],[110.545,37.95],[110.524,37.953],[110.515,37.955],[110.513,37.961],[110.514,37.97],[110.514,37.981],[110.514,37.983],[110.514,38.001],[110.512,38.005],[110.508,38.009],[110.507,38.012],[110.5,38.09],[110.509,38.128],[110.51,38.145],[110.5,38.166],[110.511,38.202],[110.517,38.207],[110.533,38.208],[110.547,38.211],[110.56,38.217],[110.569,38.227],[110.569,38.232],[110.58,38.287],[110.59,38.297],[110.604,38.301],[110.635,38.303],[110.648,38.306],[110.66,38.31],[110.671,38.317],[110.701,38.347],[110.705,38.355],[110.712,38.357],[110.746,38.378],[110.756,38.39],[110.774,38.426],[110.792,38.44],[110.834,38.446],[110.853,38.457],[110.86,38.468],[110.866,38.49],[110.87,38.502],[110.877,38.51],[110.891,38.525],[110.897,38.535],[110.899,38.545],[110.901,38.574],[110.901,38.58],[110.876,38.608],[110.874,38.612],[110.872,38.621],[110.905,38.679],[110.915,38.708],[110.922,38.717],[110.938,38.732],[110.943,38.739],[110.949,38.771],[110.958,38.785],[110.969,38.799],[110.98,38.817],[110.994,38.885],[111.004,38.903],[111.004,38.916],[110.994,38.937],[110.973,38.974],[110.995,39.004],[111.022,39.019],[111.089,39.043],[111.118,39.067],[111.134,39.1],[111.158,39.173],[111.222,39.283],[111.227,39.297],[111.225,39.311],[111.215,39.316],[111.201,39.321],[111.185,39.331],[111.179,39.342],[111.175,39.357],[111.167,39.365],[111.151,39.357],[111.141,39.367],[111.118,39.376],[111.11,39.385],[111.135,39.411],[111.164,39.423],[111.199,39.427],[111.284,39.425],[111.317,39.429],[111.343,39.444],[111.373,39.489],[111.421,39.522],[111.425,39.536],[111.425,39.617],[111.425,39.625],[111.454,39.617],[111.463,39.62],[111.449,39.636],[111.449,39.64],[111.453,39.645],[111.466,39.65],[111.49,39.652],[111.675,39.636],[111.685,39.63],[111.69,39.626],[111.701,39.614],[111.708,39.61],[111.718,39.605],[111.74,39.599],[111.751,39.598],[111.761,39.598],[111.773,39.602],[111.8,39.616],[111.814,39.62],[111.833,39.623],[111.841,39.626],[111.847,39.629],[111.883,39.659],[111.921,39.689],[111.927,39.696],[111.933,39.706],[111.94,39.723],[111.943,39.734],[111.949,39.774],[111.953,39.782],[111.959,39.791],[111.987,39.817],[111.993,39.824],[111.999,39.833],[112.024,39.889],[112.099,40.005],[112.11,40.018],[112.142,40.042],[112.16,40.055],[112.165,40.059],[112.22,40.139],[112.232,40.166],[112.255,40.198],[112.27,40.214],[112.279,40.229],[112.283,40.233],[112.29,40.237],[112.353,40.262],[112.399,40.288],[112.41,40.29],[112.424,40.289],[112.453,40.284],[112.467,40.28],[112.477,40.276],[112.492,40.267],[112.533,40.248],[112.543,40.246],[112.583,40.241],[112.596,40.238],[112.605,40.234],[112.609,40.231],[112.675,40.197],[112.684,40.189],[112.692,40.181],[112.696,40.178],[112.701,40.175],[112.708,40.172],[112.716,40.171],[112.726,40.171],[112.734,40.173],[112.808,40.198],[112.816,40.202],[112.844,40.226],[112.879,40.268],[112.925,40.328],[112.941,40.344],[112.951,40.35],[112.961,40.356],[113.086,40.404],[113.183,40.425],[113.193,40.425],[113.208,40.424],[113.219,40.421],[113.23,40.417],[113.244,40.407],[113.25,40.401],[113.255,40.395],[113.281,40.348],[113.284,40.343],[113.288,40.339],[113.297,40.332],[113.303,40.328],[113.311,40.325],[113.324,40.321],[113.334,40.319],[113.351,40.318],[113.437,40.325],[113.487,40.333],[113.507,40.339],[113.518,40.344],[113.677,40.429],[113.683,40.43],[113.698,40.432],[113.715,40.431],[113.748,40.427],[113.765,40.427],[113.795,40.431],[113.808,40.434],[113.896,40.469],[113.924,40.475],[114.044,40.488],[114.056,40.492],[114.069,40.498],[114.076,40.503],[114.08,40.509],[114.083,40.518],[114.083,40.532],[114.082,40.54],[114.079,40.546],[114.076,40.55],[114.055,40.569],[114.045,40.582],[114.033,40.601],[114.029,40.611],[114.027,40.622],[114.027,40.628],[114.027,40.635],[114.028,40.642],[114.032,40.651],[114.037,40.663],[114.063,40.693],[114.084,40.706],[114.154,40.743]]]}},{"type":"Feature","id":"CN-TJ","properties":{"id":"CN-TJ","countryCode":"CN","isoSubdivision":"CN-TJ","name":"Tianjin","name_en":"Tianjin","name_ko":"톈진시","type":"Municipality","labelLongitude":117.347,"labelLatitude":39.371,"minZoom":4.6},"geometry":{"type":"Polygon","coordinates":[[[118.01,39.219],[117.974,39.216],[117.931,39.212],[117.886,39.201],[117.812,39.151],[117.757,39.114],[117.738,39.106],[117.715,39.111],[117.718,39.093],[117.727,39.088],[117.738,39.078],[117.751,39.068],[117.757,39.045],[117.766,39.026],[117.774,38.999],[117.775,38.981],[117.743,38.982],[117.73,38.984],[117.702,38.995],[117.704,38.986],[117.706,38.984],[117.709,38.981],[117.584,38.812],[117.578,38.793],[117.576,38.774],[117.573,38.714],[117.559,38.691],[117.557,38.672],[117.56,38.657],[117.553,38.643],[117.544,38.621],[117.443,38.603],[117.409,38.591],[117.271,38.559],[117.256,38.561],[117.249,38.563],[117.242,38.566],[117.237,38.569],[117.228,38.575],[117.224,38.579],[117.221,38.584],[117.215,38.593],[117.213,38.598],[117.189,38.606],[117.095,38.612],[117.073,38.624],[117.066,38.635],[117.053,38.69],[117.048,38.698],[117.043,38.704],[117.036,38.708],[117.028,38.709],[117.021,38.708],[116.935,38.691],[116.926,38.69],[116.915,38.69],[116.897,38.693],[116.888,38.696],[116.881,38.699],[116.877,38.703],[116.872,38.708],[116.857,38.732],[116.851,38.739],[116.841,38.745],[116.83,38.75],[116.808,38.755],[116.774,38.764],[116.753,38.775],[116.738,38.787],[116.723,38.803],[116.711,38.821],[116.701,38.84],[116.688,38.875],[116.682,38.897],[116.681,38.916],[116.682,38.953],[116.689,38.978],[116.691,38.983],[116.696,38.993],[116.698,38.997],[116.701,39],[116.712,39.012],[116.892,39.103],[116.897,39.106],[116.901,39.11],[116.905,39.116],[116.909,39.123],[116.91,39.13],[116.91,39.136],[116.909,39.142],[116.907,39.147],[116.905,39.152],[116.902,39.156],[116.898,39.16],[116.893,39.164],[116.881,39.168],[116.86,39.174],[116.855,39.176],[116.852,39.178],[116.848,39.18],[116.844,39.183],[116.84,39.187],[116.836,39.191],[116.833,39.195],[116.831,39.2],[116.826,39.217],[116.826,39.228],[116.827,39.241],[116.845,39.311],[116.853,39.341],[116.853,39.352],[116.851,39.356],[116.838,39.371],[116.832,39.383],[116.829,39.394],[116.827,39.41],[116.825,39.418],[116.823,39.425],[116.815,39.437],[116.798,39.471],[116.793,39.484],[116.791,39.493],[116.787,39.552],[116.788,39.572],[116.793,39.602],[116.808,39.608],[116.812,39.611],[116.822,39.619],[116.856,39.657],[116.876,39.686],[116.89,39.688],[116.903,39.686],[116.907,39.685],[116.916,39.681],[116.928,39.675],[116.955,39.665],[117.035,39.647],[117.122,39.618],[117.13,39.617],[117.138,39.617],[117.153,39.618],[117.159,39.62],[117.164,39.623],[117.169,39.627],[117.174,39.633],[117.18,39.643],[117.183,39.655],[117.189,39.721],[117.193,39.739],[117.197,39.75],[117.201,39.756],[117.203,39.762],[117.203,39.769],[117.201,39.778],[117.197,39.784],[117.192,39.789],[117.188,39.793],[117.184,39.797],[117.183,39.802],[117.184,39.809],[117.191,39.816],[117.197,39.821],[117.203,39.824],[117.248,39.836],[117.253,39.838],[117.258,39.841],[117.262,39.845],[117.263,39.851],[117.26,39.858],[117.255,39.862],[117.248,39.865],[117.241,39.866],[117.225,39.865],[117.209,39.867],[117.195,39.871],[117.189,39.873],[117.184,39.876],[117.18,39.879],[117.168,39.891],[117.164,39.896],[117.159,39.906],[117.15,39.937],[117.148,39.948],[117.148,39.956],[117.153,39.968],[117.164,39.987],[117.207,40.037],[117.218,40.052],[117.239,40.093],[117.289,40.1],[117.301,40.104],[117.306,40.107],[117.311,40.11],[117.316,40.116],[117.321,40.125],[117.333,40.149],[117.337,40.156],[117.34,40.159],[117.359,40.175],[117.364,40.18],[117.368,40.188],[117.371,40.194],[117.372,40.201],[117.37,40.218],[117.357,40.257],[117.451,40.227],[117.556,40.17],[117.605,40.139],[117.623,40.124],[117.635,40.099],[117.65,40.083],[117.683,40.075],[117.718,40.072],[117.732,40.069],[117.75,40.063],[117.755,40.058],[117.756,40.053],[117.746,40.039],[117.742,40.032],[117.742,40.026],[117.747,40.019],[117.765,40.011],[117.771,40.007],[117.777,40],[117.786,39.99],[117.789,39.987],[117.79,39.982],[117.785,39.974],[117.781,39.97],[117.778,39.967],[117.773,39.965],[117.766,39.964],[117.712,39.969],[117.697,39.968],[117.648,39.962],[117.634,39.961],[117.621,39.963],[117.616,39.965],[117.538,40],[117.53,40.002],[117.523,40.004],[117.516,40.002],[117.51,40],[117.503,39.993],[117.501,39.989],[117.501,39.985],[117.503,39.98],[117.511,39.966],[117.516,39.952],[117.517,39.94],[117.516,39.93],[117.504,39.882],[117.503,39.873],[117.504,39.868],[117.508,39.856],[117.524,39.828],[117.528,39.804],[117.53,39.771],[117.533,39.75],[117.538,39.746],[117.549,39.74],[117.56,39.734],[117.564,39.73],[117.568,39.724],[117.575,39.694],[117.577,39.688],[117.58,39.684],[117.585,39.681],[117.591,39.678],[117.618,39.67],[117.623,39.666],[117.627,39.66],[117.631,39.652],[117.637,39.638],[117.637,39.629],[117.636,39.621],[117.633,39.616],[117.629,39.612],[117.625,39.606],[117.622,39.599],[117.619,39.589],[117.621,39.583],[117.625,39.578],[117.631,39.576],[117.668,39.567],[117.68,39.562],[117.685,39.559],[117.69,39.555],[117.694,39.551],[117.704,39.538],[117.708,39.535],[117.714,39.533],[117.72,39.533],[117.725,39.535],[117.73,39.538],[117.734,39.542],[117.738,39.547],[117.741,39.552],[117.743,39.557],[117.743,39.562],[117.743,39.567],[117.743,39.572],[117.745,39.577],[117.75,39.58],[117.756,39.582],[117.763,39.582],[117.771,39.581],[117.778,39.58],[117.802,39.57],[117.809,39.568],[117.816,39.566],[117.824,39.566],[117.831,39.566],[117.852,39.57],[117.874,39.571],[117.883,39.569],[117.893,39.565],[117.905,39.554],[117.91,39.546],[117.913,39.539],[117.913,39.533],[117.911,39.528],[117.899,39.501],[117.897,39.493],[117.878,39.447],[117.877,39.441],[117.876,39.434],[117.876,39.425],[117.879,39.418],[117.882,39.411],[117.887,39.406],[117.891,39.402],[117.897,39.399],[117.976,39.372],[117.984,39.367],[117.991,39.361],[118.003,39.35],[118.008,39.343],[118.01,39.336],[118.012,39.325],[118.013,39.307],[118.007,39.249],[118.007,39.244],[118.007,39.239],[118.01,39.219]]]}},{"type":"Feature","id":"CN-X01~","properties":{"id":"CN-X01~","countryCode":"CN","isoSubdivision":"CN-X01~","name":"Paracel Islands","name_en":"Paracel Islands","name_ko":"파라셀 아일랜즈","type":"Principal subdivision","labelLongitude":111.201,"labelLatitude":15.783,"minZoom":4.6},"geometry":{"type":"MultiPolygon","coordinates":[[[[111.197,15.775],[111.194,15.776],[111.193,15.778],[111.196,15.786],[111.199,15.789],[111.208,15.789],[111.209,15.786],[111.208,15.782],[111.205,15.779],[111.197,15.775]]],[[[111.763,16.043],[111.753,16.045],[111.753,16.047],[111.761,16.049],[111.766,16.045],[111.763,16.043]]],[[[111.6,16.527],[111.601,16.532],[111.603,16.533],[111.606,16.534],[111.608,16.532],[111.61,16.528],[111.609,16.527],[111.606,16.524],[111.603,16.525],[111.6,16.527]]],[[[112.735,16.658],[112.73,16.66],[112.725,16.666],[112.726,16.669],[112.729,16.669],[112.733,16.666],[112.737,16.66],[112.735,16.658]]],[[[112.333,16.825],[112.327,16.83],[112.326,16.833],[112.328,16.837],[112.331,16.838],[112.335,16.833],[112.337,16.828],[112.333,16.825]]],[[[112.334,16.933],[112.337,16.932],[112.338,16.931],[112.341,16.927],[112.341,16.924],[112.335,16.924],[112.334,16.926],[112.334,16.933]]]]}},{"type":"Feature","id":"CN-XJ","properties":{"id":"CN-XJ","countryCode":"CN","isoSubdivision":"CN-XJ","name":"Xinjiang","name_en":"Xinjiang","name_ko":"신장 위구르 자치구","type":"Autonomous Region","labelLongitude":85.425,"labelLatitude":41.122,"minZoom":4.6},"geometry":{"type":"Polygon","coordinates":[[[77.883,35.431],[77.857,35.437],[77.834,35.452],[77.815,35.473],[77.8,35.495],[77.774,35.499],[77.76,35.498],[77.747,35.494],[77.717,35.475],[77.69,35.463],[77.661,35.458],[77.52,35.477],[77.512,35.478],[77.476,35.477],[77.413,35.469],[77.384,35.472],[77.352,35.486],[77.305,35.518],[77.281,35.528],[77.251,35.531],[77.178,35.523],[77.141,35.525],[77.105,35.538],[77.092,35.548],[77.071,35.571],[77.058,35.58],[77.039,35.585],[77.018,35.585],[76.976,35.579],[76.936,35.58],[76.915,35.583],[76.896,35.59],[76.881,35.601],[76.857,35.629],[76.843,35.641],[76.825,35.648],[76.783,35.646],[76.777,35.646],[76.763,35.647],[76.745,35.655],[76.733,35.667],[76.709,35.694],[76.677,35.714],[76.604,35.736],[76.571,35.751],[76.551,35.784],[76.565,35.865],[76.555,35.898],[76.537,35.903],[76.5,35.872],[76.476,35.865],[76.454,35.865],[76.443,35.863],[76.432,35.861],[76.422,35.854],[76.41,35.837],[76.403,35.831],[76.384,35.828],[76.366,35.831],[76.349,35.831],[76.312,35.81],[76.297,35.809],[76.281,35.814],[76.26,35.818],[76.237,35.815],[76.19,35.805],[76.166,35.806],[76.138,35.827],[76.128,35.862],[76.124,35.903],[76.115,35.942],[76.09,35.978],[76.061,35.992],[75.984,35.996],[75.953,36.007],[75.922,36.032],[75.9,36.063],[75.894,36.097],[75.901,36.114],[75.915,36.124],[75.964,36.15],[75.972,36.155],[75.977,36.163],[75.977,36.174],[75.969,36.192],[75.97,36.202],[75.983,36.215],[76.002,36.222],[76.014,36.23],[76.012,36.248],[76.002,36.261],[75.977,36.287],[75.969,36.302],[75.969,36.342],[75.987,36.421],[75.981,36.445],[75.977,36.462],[75.977,36.463],[75.875,36.619],[75.85,36.645],[75.791,36.688],[75.729,36.723],[75.65,36.754],[75.571,36.767],[75.508,36.748],[75.502,36.738],[75.499,36.728],[75.493,36.721],[75.432,36.723],[75.411,36.747],[75.403,36.785],[75.401,36.826],[75.394,36.864],[75.378,36.894],[75.351,36.916],[75.313,36.929],[75.195,36.949],[75.161,36.964],[75.133,36.985],[75.119,36.991],[75.1,36.994],[75.014,36.984],[74.977,36.984],[74.942,36.977],[74.925,36.971],[74.91,36.963],[74.901,36.95],[74.892,36.921],[74.886,36.911],[74.872,36.907],[74.867,36.917],[74.861,36.947],[74.853,36.959],[74.825,36.994],[74.824,36.994],[74.793,37.015],[74.719,37.016],[74.692,37.036],[74.678,37.052],[74.662,37.054],[74.626,37.043],[74.562,37.03],[74.542,37.022],[74.519,37.03],[74.506,37.047],[74.494,37.066],[74.477,37.083],[74.414,37.108],[74.383,37.127],[74.366,37.148],[74.368,37.167],[74.382,37.172],[74.42,37.168],[74.442,37.171],[74.457,37.177],[74.468,37.19],[74.477,37.21],[74.487,37.226],[74.5,37.232],[74.532,37.232],[74.576,37.242],[74.59,37.243],[74.597,37.241],[74.609,37.23],[74.615,37.228],[74.623,37.231],[74.627,37.234],[74.63,37.238],[74.643,37.248],[74.646,37.255],[74.651,37.26],[74.671,37.261],[74.676,37.264],[74.699,37.28],[74.709,37.291],[74.721,37.298],[74.737,37.296],[74.744,37.288],[74.783,37.22],[74.794,37.214],[74.813,37.215],[74.892,37.231],[74.913,37.239],[74.924,37.255],[74.933,37.273],[74.952,37.281],[74.975,37.284],[75.068,37.312],[75.077,37.324],[75.08,37.361],[75.092,37.378],[75.115,37.388],[75.164,37.401],[75.132,37.418],[75.104,37.441],[75.053,37.494],[75.036,37.506],[74.945,37.549],[74.915,37.571],[74.892,37.599],[74.882,37.634],[74.886,37.653],[74.897,37.668],[74.911,37.68],[74.924,37.695],[74.927,37.704],[74.929,37.712],[74.932,37.722],[74.939,37.731],[74.954,37.748],[74.962,37.758],[74.965,37.767],[74.961,37.785],[74.949,37.795],[74.898,37.818],[74.891,37.823],[74.886,37.831],[74.883,37.844],[74.887,37.849],[74.895,37.852],[74.912,37.874],[74.914,37.881],[74.905,37.887],[74.894,37.892],[74.891,37.898],[74.891,37.904],[74.889,37.931],[74.893,37.994],[74.88,38.022],[74.81,38.053],[74.791,38.081],[74.771,38.196],[74.771,38.292],[74.775,38.31],[74.784,38.326],[74.827,38.363],[74.838,38.379],[74.844,38.398],[74.844,38.417],[74.837,38.446],[74.836,38.455],[74.833,38.464],[74.826,38.47],[74.808,38.478],[74.801,38.483],[74.792,38.494],[74.776,38.511],[74.76,38.52],[74.742,38.523],[74.719,38.522],[74.696,38.524],[74.68,38.535],[74.664,38.549],[74.646,38.561],[74.477,38.612],[74.334,38.667],[74.313,38.669],[74.244,38.65],[74.221,38.65],[74.202,38.652],[74.14,38.669],[74.123,38.669],[74.109,38.662],[74.095,38.646],[74.093,38.638],[74.093,38.629],[74.091,38.62],[74.084,38.614],[74.045,38.603],[74.037,38.598],[74.038,38.579],[74.051,38.563],[74.059,38.547],[74.046,38.53],[74.029,38.527],[73.933,38.53],[73.917,38.537],[73.887,38.559],[73.87,38.567],[73.834,38.578],[73.816,38.587],[73.797,38.603],[73.789,38.619],[73.779,38.66],[73.772,38.675],[73.736,38.722],[73.733,38.737],[73.739,38.781],[73.736,38.8],[73.725,38.815],[73.696,38.84],[73.684,38.855],[73.681,38.873],[73.689,38.891],[73.703,38.907],[73.717,38.919],[73.74,38.927],[73.788,38.927],[73.81,38.933],[73.824,38.945],[73.829,38.96],[73.826,38.977],[73.816,38.994],[73.802,39.001],[73.769,39.03],[73.709,39.065],[73.698,39.078],[73.692,39.094],[73.683,39.129],[73.674,39.143],[73.631,39.175],[73.608,39.207],[73.602,39.236],[73.61,39.265],[73.641,39.335],[73.644,39.351],[73.643,39.372],[73.632,39.429],[73.633,39.448],[73.821,39.468],[73.838,39.476],[73.848,39.49],[73.859,39.524],[73.87,39.547],[73.883,39.561],[73.899,39.572],[73.922,39.582],[73.927,39.593],[73.904,39.646],[73.9,39.689],[73.894,39.71],[73.879,39.728],[73.86,39.737],[73.843,39.74],[73.83,39.747],[73.82,39.767],[73.819,39.786],[73.823,39.806],[73.832,39.824],[73.844,39.838],[73.873,39.857],[73.881,39.865],[73.885,39.877],[73.893,39.918],[73.908,39.938],[73.927,39.953],[73.944,39.97],[73.95,39.994],[73.952,40.008],[73.958,40.021],[73.966,40.033],[73.977,40.044],[74.004,40.061],[74.07,40.068],[74.101,40.079],[74.133,40.095],[74.168,40.106],[74.203,40.11],[74.238,40.104],[74.272,40.094],[74.303,40.09],[74.334,40.094],[74.37,40.106],[74.477,40.172],[74.565,40.247],[74.599,40.266],[74.638,40.282],[74.654,40.292],[74.706,40.331],[74.725,40.338],[74.747,40.337],[74.831,40.32],[74.862,40.326],[74.854,40.359],[74.842,40.372],[74.795,40.406],[74.787,40.421],[74.795,40.441],[74.807,40.462],[74.815,40.48],[74.816,40.484],[74.82,40.494],[74.832,40.508],[74.835,40.512],[74.856,40.513],[74.879,40.505],[74.966,40.459],[75.002,40.447],[75.039,40.441],[75.064,40.444],[75.113,40.461],[75.138,40.464],[75.157,40.458],[75.175,40.448],[75.194,40.441],[75.212,40.445],[75.22,40.453],[75.224,40.462],[75.229,40.47],[75.242,40.474],[75.253,40.476],[75.263,40.48],[75.482,40.614],[75.524,40.633],[75.56,40.633],[75.588,40.612],[75.606,40.569],[75.611,40.513],[75.618,40.494],[75.629,40.481],[75.657,40.461],[75.667,40.45],[75.669,40.432],[75.66,40.419],[75.646,40.405],[75.638,40.386],[75.64,40.367],[75.656,40.323],[75.665,40.306],[75.682,40.292],[75.704,40.293],[75.751,40.308],[75.772,40.31],[75.794,40.309],[75.859,40.296],[75.88,40.295],[75.902,40.299],[75.921,40.309],[75.938,40.326],[75.949,40.343],[75.962,40.357],[76.052,40.39],[76.076,40.392],[76.095,40.387],[76.133,40.372],[76.151,40.368],[76.185,40.384],[76.215,40.417],[76.244,40.441],[76.273,40.434],[76.283,40.417],[76.299,40.356],[76.314,40.343],[76.33,40.348],[76.362,40.372],[76.449,40.416],[76.476,40.436],[76.499,40.465],[76.531,40.535],[76.556,40.566],[76.609,40.597],[76.621,40.611],[76.624,40.628],[76.631,40.729],[76.648,40.765],[76.674,40.795],[76.707,40.818],[76.747,40.834],[76.762,40.847],[76.771,40.867],[76.768,40.887],[76.761,40.907],[76.757,40.926],[76.767,40.945],[76.784,40.957],[76.821,40.978],[76.835,40.994],[76.861,41.013],[76.9,41.026],[77.008,41.044],[77.035,41.04],[77.089,41.02],[77.119,41.012],[77.243,41.006],[77.301,41.019],[77.333,41.021],[77.389,41.012],[77.445,40.994],[77.475,40.982],[77.504,40.981],[77.581,40.998],[77.632,40.996],[77.65,40.997],[77.666,41.001],[77.798,41.055],[77.831,41.063],[77.867,41.064],[77.998,41.05],[78.037,41.036],[78.057,41.034],[78.075,41.04],[78.176,41.106],[78.191,41.118],[78.204,41.134],[78.231,41.173],[78.25,41.201],[78.275,41.229],[78.292,41.241],[78.331,41.259],[78.349,41.27],[78.36,41.287],[78.357,41.306],[78.339,41.344],[78.343,41.362],[78.36,41.378],[78.378,41.387],[78.418,41.4],[78.51,41.454],[78.584,41.466],[78.619,41.478],[78.629,41.488],[78.637,41.513],[78.645,41.524],[78.658,41.532],[78.672,41.538],[78.807,41.578],[78.897,41.626],[78.916,41.633],[78.976,41.642],[79.089,41.703],[79.128,41.714],[79.175,41.723],[79.196,41.73],[79.218,41.741],[79.265,41.775],[79.282,41.783],[79.304,41.788],[79.367,41.772],[79.391,41.773],[79.411,41.779],[79.49,41.819],[79.555,41.838],[79.611,41.868],[79.656,41.876],[79.703,41.875],[79.748,41.88],[79.783,41.905],[79.793,41.923],[79.804,41.96],[79.813,41.978],[79.827,41.992],[79.843,42.002],[79.879,42.013],[79.931,42.023],[80.182,42.021],[80.231,42.034],[80.258,42.065],[80.257,42.084],[80.247,42.098],[80.235,42.111],[80.225,42.126],[80.22,42.142],[80.217,42.174],[80.21,42.19],[80.249,42.205],[80.26,42.216],[80.268,42.238],[80.249,42.31],[80.236,42.325],[80.226,42.339],[80.219,42.355],[80.196,42.435],[80.195,42.446],[80.206,42.466],[80.212,42.479],[80.211,42.491],[80.2,42.508],[80.174,42.537],[80.162,42.552],[80.153,42.592],[80.145,42.607],[80.14,42.623],[80.144,42.645],[80.152,42.66],[80.189,42.702],[80.205,42.731],[80.227,42.791],[80.248,42.816],[80.265,42.824],[80.282,42.823],[80.317,42.816],[80.334,42.817],[80.382,42.831],[80.4,42.843],[80.476,42.864],[80.527,42.868],[80.549,42.878],[80.554,42.899],[80.543,42.917],[80.522,42.925],[80.476,42.93],[80.408,42.955],[80.374,42.975],[80.355,43.001],[80.368,43.028],[80.41,43.049],[80.498,43.076],[80.576,43.119],[80.618,43.134],[80.66,43.133],[80.711,43.105],[80.732,43.101],[80.753,43.104],[80.773,43.113],[80.788,43.128],[80.793,43.149],[80.788,43.168],[80.765,43.2],[80.76,43.219],[80.759,43.238],[80.756,43.258],[80.748,43.275],[80.735,43.289],[80.696,43.303],[80.658,43.311],[80.643,43.326],[80.694,43.395],[80.71,43.426],[80.713,43.459],[80.594,43.685],[80.476,43.91],[80.44,43.949],[80.423,43.972],[80.413,43.993],[80.412,44.014],[80.41,44.032],[80.404,44.049],[80.392,44.065],[80.36,44.089],[80.345,44.103],[80.339,44.121],[80.346,44.159],[80.373,44.231],[80.373,44.27],[80.333,44.417],[80.33,44.453],[80.338,44.494],[80.365,44.57],[80.38,44.591],[80.384,44.603],[80.377,44.615],[80.359,44.633],[80.355,44.642],[80.356,44.653],[80.376,44.671],[80.411,44.683],[80.476,44.694],[80.492,44.702],[80.497,44.715],[80.492,44.728],[80.476,44.735],[80.315,44.78],[80.263,44.809],[80.245,44.816],[80.218,44.818],[80.039,44.79],[79.992,44.794],[79.869,44.849],[79.843,44.873],[79.858,44.904],[79.878,44.915],[79.925,44.932],[80.024,44.993],[80.062,45.019],[80.103,45.032],[80.148,45.034],[80.219,45.026],[80.291,45.046],[80.365,45.043],[80.39,45.046],[80.406,45.057],[80.425,45.092],[80.445,45.104],[80.468,45.106],[80.537,45.101],[80.697,45.144],[80.746,45.144],[80.828,45.126],[80.854,45.126],[80.976,45.161],[81.022,45.162],[81.063,45.172],[81.144,45.205],[81.542,45.293],[81.623,45.334],[81.665,45.348],[81.705,45.34],[81.739,45.338],[81.765,45.308],[81.781,45.267],[81.787,45.232],[81.788,45.209],[81.794,45.196],[81.807,45.189],[81.875,45.181],[81.891,45.174],[81.91,45.158],[81.95,45.144],[82,45.154],[82.192,45.222],[82.245,45.232],[82.295,45.228],[82.342,45.205],[82.427,45.137],[82.476,45.116],[82.54,45.124],[82.585,45.177],[82.615,45.249],[82.634,45.339],[82.636,45.379],[82.632,45.416],[82.616,45.435],[82.513,45.466],[82.363,45.481],[82.328,45.493],[82.327,45.493],[82.291,45.533],[82.297,45.555],[82.305,45.583],[82.336,45.635],[82.372,45.734],[82.448,45.825],[82.476,45.873],[82.489,45.902],[82.516,45.993],[82.542,46.132],[82.568,46.197],[82.608,46.255],[82.674,46.331],[82.689,46.363],[82.701,46.417],[82.708,46.434],[82.747,46.493],[82.839,46.732],[82.986,46.943],[82.992,46.959],[82.993,46.976],[82.988,46.993],[82.986,47.013],[82.99,47.032],[83.005,47.07],[83.006,47.081],[82.999,47.1],[82.998,47.11],[83.001,47.121],[83.012,47.143],[83.015,47.154],[83.014,47.195],[83.021,47.206],[83.047,47.215],[83.072,47.219],[83.099,47.22],[83.126,47.218],[83.15,47.212],[83.202,47.18],[83.222,47.172],[83.314,47.158],[83.353,47.145],[83.524,47.067],[83.905,46.974],[83.999,46.974],[84.07,46.964],[84.094,46.967],[84.158,46.993],[84.159,46.993],[84.266,47],[84.389,46.993],[84.406,46.994],[84.422,46.993],[84.476,46.975],[84.521,46.97],[84.616,46.986],[84.664,46.984],[84.699,46.97],[84.732,46.948],[84.752,46.918],[84.75,46.882],[84.739,46.866],[84.724,46.85],[84.716,46.835],[84.72,46.821],[84.74,46.815],[84.767,46.818],[84.84,46.839],[84.916,46.851],[84.937,46.861],[84.959,46.891],[84.976,46.902],[84.99,46.908],[85.035,46.915],[85.048,46.921],[85.077,46.943],[85.146,46.978],[85.167,46.993],[85.192,47.023],[85.205,47.034],[85.226,47.042],[85.246,47.044],[85.304,47.039],[85.432,47.053],[85.499,47.052],[85.506,47.064],[85.508,47.083],[85.517,47.1],[85.53,47.114],[85.539,47.128],[85.544,47.143],[85.547,47.162],[85.557,47.179],[85.577,47.189],[85.602,47.194],[85.647,47.198],[85.66,47.207],[85.664,47.221],[85.668,47.242],[85.679,47.275],[85.679,47.291],[85.67,47.309],[85.667,47.326],[85.674,47.344],[85.679,47.364],[85.67,47.384],[85.6,47.463],[85.585,47.493],[85.58,47.524],[85.596,47.591],[85.595,47.624],[85.515,47.92],[85.518,47.945],[85.529,47.967],[85.547,47.993],[85.562,48.031],[85.586,48.141],[85.719,48.359],[85.747,48.39],[85.784,48.408],[86.006,48.43],[86.192,48.418],[86.247,48.437],[86.286,48.47],[86.307,48.483],[86.334,48.49],[86.431,48.486],[86.546,48.517],[86.565,48.527],[86.575,48.54],[86.594,48.574],[86.606,48.59],[86.621,48.603],[86.669,48.634],[86.745,48.704],[86.752,48.715],[86.752,48.729],[86.741,48.772],[86.739,48.784],[86.746,48.793],[86.765,48.808],[86.789,48.839],[86.774,48.859],[86.742,48.879],[86.718,48.913],[86.712,48.937],[86.709,48.954],[86.714,48.97],[86.728,48.99],[86.744,49.008],[86.76,49.02],[86.799,49.042],[86.816,49.058],[86.838,49.094],[86.859,49.105],[86.887,49.107],[86.947,49.094],[86.975,49.092],[87.116,49.13],[87.162,49.123],[87.201,49.109],[87.324,49.085],[87.362,49.075],[87.4,49.071],[87.438,49.075],[87.476,49.088],[87.482,49.092],[87.487,49.097],[87.492,49.103],[87.5,49.119],[87.506,49.121],[87.514,49.12],[87.525,49.12],[87.716,49.159],[87.816,49.166],[87.818,49.154],[87.832,49.124],[87.836,49.101],[87.83,49.086],[87.821,49.072],[87.816,49.051],[87.822,49.029],[87.838,49.02],[87.857,49.016],[87.872,49.004],[87.873,48.968],[87.836,48.946],[87.757,48.92],[87.744,48.905],[87.736,48.887],[87.738,48.869],[87.755,48.857],[87.777,48.851],[87.787,48.847],[87.796,48.84],[87.801,48.83],[87.802,48.81],[87.806,48.801],[87.821,48.788],[87.842,48.779],[87.908,48.759],[87.952,48.761],[87.975,48.756],[88.034,48.729],[88.059,48.708],[88.064,48.683],[88.055,48.673],[88.01,48.653],[88.003,48.646],[87.998,48.635],[87.99,48.624],[87.975,48.617],[87.943,48.599],[87.952,48.575],[87.983,48.552],[88.017,48.54],[88.028,48.54],[88.052,48.543],[88.063,48.543],[88.072,48.539],[88.088,48.526],[88.116,48.516],[88.148,48.499],[88.166,48.494],[88.183,48.493],[88.218,48.495],[88.236,48.493],[88.305,48.469],[88.332,48.454],[88.383,48.409],[88.417,48.394],[88.44,48.394],[88.459,48.398],[88.479,48.4],[88.503,48.393],[88.565,48.343],[88.573,48.325],[88.559,48.288],[88.561,48.268],[88.569,48.249],[88.573,48.23],[88.581,48.212],[88.596,48.198],[88.636,48.176],[88.655,48.171],[88.681,48.173],[88.709,48.166],[88.775,48.121],[88.805,48.106],[88.831,48.105],[88.889,48.111],[88.917,48.106],[88.932,48.097],[89.046,47.993],[89.075,47.984],[89.167,47.984],[89.219,47.977],[89.244,47.98],[89.269,47.993],[89.286,48.006],[89.334,48.032],[89.354,48.039],[89.369,48.038],[89.409,48.023],[89.425,48.022],[89.475,48.023],[89.504,48.03],[89.542,48.031],[89.572,48.02],[89.576,47.993],[89.576,47.976],[89.583,47.962],[89.597,47.953],[89.613,47.95],[89.627,47.944],[89.636,47.93],[89.644,47.913],[89.655,47.9],[89.672,47.894],[89.707,47.889],[89.723,47.878],[89.731,47.865],[89.74,47.836],[89.751,47.824],[89.784,47.819],[89.889,47.824],[89.921,47.832],[89.934,47.844],[89.938,47.858],[89.939,47.871],[89.947,47.883],[89.963,47.889],[90.002,47.88],[90.045,47.88],[90.06,47.869],[90.064,47.851],[90.056,47.829],[90.052,47.811],[90.059,47.79],[90.071,47.77],[90.083,47.756],[90.12,47.73],[90.163,47.71],[90.21,47.696],[90.302,47.679],[90.324,47.67],[90.345,47.659],[90.35,47.648],[90.337,47.637],[90.327,47.623],[90.338,47.603],[90.352,47.588],[90.382,47.538],[90.395,47.525],[90.427,47.507],[90.441,47.493],[90.444,47.463],[90.442,47.431],[90.448,47.404],[90.475,47.391],[90.487,47.378],[90.49,47.362],[90.486,47.345],[90.475,47.33],[90.469,47.324],[90.466,47.316],[90.469,47.309],[90.712,47.015],[90.742,46.992],[90.782,46.986],[90.806,46.987],[90.828,46.982],[90.849,46.973],[90.87,46.96],[90.885,46.945],[90.894,46.928],[90.9,46.911],[90.91,46.892],[90.918,46.885],[90.926,46.881],[90.933,46.875],[90.936,46.864],[90.934,46.857],[90.923,46.842],[90.92,46.834],[90.925,46.813],[90.939,46.799],[90.975,46.774],[91.005,46.74],[91.016,46.703],[91.014,46.69],[91.012,46.663],[90.998,46.62],[90.996,46.595],[91.011,46.585],[91.033,46.58],[91.047,46.566],[91.045,46.551],[91.036,46.529],[91.014,46.493],[91.001,46.475],[90.986,46.435],[90.975,46.417],[90.936,46.344],[90.906,46.317],[90.896,46.302],[90.899,46.282],[90.949,46.168],[90.975,46.141],[90.996,46.114],[91.005,46.068],[91.002,46.022],[90.986,45.993],[90.975,45.987],[90.919,45.95],[90.711,45.752],[90.697,45.73],[90.651,45.493],[90.672,45.476],[90.738,45.442],[90.753,45.421],[90.763,45.392],[90.778,45.365],[90.79,45.338],[90.791,45.304],[90.797,45.293],[90.837,45.28],[90.854,45.271],[90.867,45.254],[90.866,45.243],[90.86,45.232],[90.858,45.215],[90.873,45.186],[90.905,45.186],[90.975,45.215],[91.011,45.219],[91.057,45.218],[91.101,45.211],[91.135,45.198],[91.148,45.187],[91.17,45.164],[91.184,45.154],[91.249,45.13],[91.347,45.114],[91.367,45.114],[91.384,45.124],[91.4,45.137],[91.417,45.146],[91.438,45.146],[91.456,45.137],[91.522,45.077],[91.534,45.071],[91.543,45.072],[91.552,45.075],[91.564,45.077],[91.663,45.06],[91.684,45.061],[91.725,45.071],[91.747,45.072],[91.919,45.066],[91.975,45.073],[92.009,45.076],[92.043,45.075],[92.076,45.069],[92.108,45.058],[92.194,45.015],[92.219,45.01],[92.268,45.02],[92.285,45.02],[92.331,45.008],[92.347,45.008],[92.396,45.013],[92.414,45.011],[92.459,44.998],[92.475,44.997],[92.572,45.013],[92.639,45.016],[92.753,45.038],[92.799,45.033],[92.814,45.034],[92.848,45.039],[92.861,45.038],[92.916,45.015],[92.945,45.006],[92.975,45.005],[92.994,45.008],[93.014,45.009],[93.033,45.008],[93.052,45.003],[93.076,45.005],[93.139,45.01],[93.166,45.008],[93.244,44.982],[93.269,44.98],[93.317,44.986],[93.341,44.985],[93.361,44.978],[93.4,44.961],[93.421,44.955],[93.525,44.951],[93.688,44.891],[93.714,44.875],[93.875,44.714],[93.927,44.673],[93.975,44.66],[94.059,44.651],[94.104,44.652],[94.149,44.667],[94.165,44.666],[94.182,44.661],[94.195,44.654],[94.277,44.59],[94.295,44.571],[94.322,44.528],[94.338,44.512],[94.366,44.504],[94.43,44.504],[94.46,44.493],[94.588,44.436],[94.657,44.389],[94.673,44.374],[94.684,44.357],[94.698,44.343],[94.721,44.336],[94.906,44.294],[94.994,44.259],[95.037,44.255],[95.379,44.287],[95.398,44.281],[95.389,44.261],[95.36,44.232],[95.347,44.215],[95.341,44.188],[95.327,44.168],[95.323,44.158],[95.321,44.148],[95.328,44.098],[95.319,44.041],[95.319,44.017],[95.328,44.007],[95.423,43.989],[95.475,43.987],[95.51,43.979],[95.535,43.958],[95.589,43.869],[95.692,43.631],[95.833,43.409],[95.841,43.373],[95.845,43.326],[95.855,43.285],[95.874,43.247],[95.908,43.215],[96.294,42.933],[96.319,42.91],[96.331,42.89],[96.337,42.866],[96.351,42.741],[96.358,42.724],[96.366,42.723],[96.091,42.587],[96.073,42.573],[96.063,42.559],[96.053,42.541],[96.044,42.5],[96.018,42.139],[96.02,42.103],[96.025,42.082],[96.041,42.044],[96.044,42.031],[96.044,42.013],[96.041,42.003],[96.036,41.995],[95.952,41.919],[95.864,41.855],[95.837,41.842],[95.806,41.832],[95.772,41.83],[95.492,41.856],[95.058,41.789],[94.581,41.585],[94.011,41.104],[93.76,40.823],[93.715,40.743],[93.669,40.683],[93.577,40.588],[93.534,40.561],[93.503,40.548],[93.398,40.517],[93.319,40.477],[93.286,40.469],[93.037,40.49],[92.99,40.488],[92.942,40.473],[92.926,40.423],[92.92,40.118],[92.915,40.093],[92.907,40.079],[92.777,39.906],[92.77,39.89],[92.766,39.878],[92.764,39.862],[92.766,39.84],[92.772,39.811],[92.948,39.452],[92.951,39.442],[92.954,39.428],[92.954,39.392],[92.941,39.311],[92.935,39.164],[92.936,39.153],[92.924,39.153],[92.904,39.151],[92.811,39.126],[92.505,39.074],[92.394,39.068],[92.368,39.063],[92.344,39.055],[92.333,39.05],[92.249,38.989],[92.123,38.941],[91.975,38.907],[91.881,38.875],[91.629,38.826],[91.492,38.817],[91.466,38.812],[91.442,38.804],[91.343,38.76],[91.294,38.745],[91.226,38.744],[91.199,38.74],[91.12,38.716],[91.012,38.699],[90.924,38.703],[90.895,38.701],[90.735,38.673],[90.706,38.671],[90.666,38.678],[90.659,38.677],[90.654,38.674],[90.649,38.669],[90.645,38.661],[90.643,38.654],[90.641,38.635],[90.639,38.629],[90.636,38.624],[90.632,38.62],[90.626,38.618],[90.579,38.6],[90.55,38.582],[90.537,38.571],[90.478,38.533],[90.412,38.504],[90.401,38.497],[90.381,38.486],[90.321,38.467],[90.312,38.466],[90.256,38.474],[90.241,38.474],[90.206,38.469],[90.188,38.464],[90.172,38.456],[90.159,38.446],[90.151,38.433],[90.153,38.409],[90.165,38.379],[90.193,38.326],[90.439,37.996],[90.444,37.984],[90.448,37.966],[90.451,37.937],[90.448,37.916],[90.443,37.9],[90.41,37.847],[90.407,37.84],[90.406,37.834],[90.405,37.827],[90.406,37.817],[90.409,37.808],[90.413,37.8],[90.423,37.789],[90.43,37.783],[90.436,37.779],[90.569,37.732],[90.676,37.67],[90.834,37.608],[90.867,37.584],[90.899,37.553],[90.939,37.527],[90.957,37.519],[91.074,37.488],[91.082,37.483],[91.091,37.476],[91.106,37.458],[91.118,37.439],[91.126,37.419],[91.152,37.323],[91.163,37.3],[91.235,37.195],[91.302,37.137],[91.31,37.129],[91.316,37.119],[91.321,37.106],[91.324,37.093],[91.326,37.07],[91.326,37.053],[91.323,37.044],[91.319,37.035],[91.308,37.024],[91.299,37.018],[91.288,37.014],[91.191,37.001],[91.161,36.992],[91.055,36.945],[91,36.931],[90.982,36.93],[90.964,36.93],[90.895,36.939],[90.891,36.939],[90.838,36.928],[90.826,36.924],[90.808,36.911],[90.766,36.864],[90.712,36.822],[90.701,36.808],[90.696,36.797],[90.69,36.776],[90.686,36.746],[90.688,36.698],[90.696,36.661],[90.698,36.655],[90.702,36.646],[90.71,36.636],[90.76,36.591],[90.805,36.559],[90.841,36.544],[90.858,36.539],[90.937,36.53],[90.972,36.522],[90.985,36.518],[90.995,36.513],[91.001,36.509],[91.007,36.503],[91.025,36.46],[91.061,36.314],[91.084,36.261],[91.118,36.198],[91.136,36.141],[91.137,36.12],[91.136,36.105],[91.132,36.091],[91.124,36.081],[91.111,36.074],[91.092,36.07],[91.047,36.063],[91.006,36.053],[90.915,36.013],[90.894,36.007],[90.875,36.004],[90.853,36.005],[90.829,36.01],[90.643,36.106],[90.623,36.111],[90.292,36.116],[90.166,36.129],[90.154,36.132],[90.145,36.137],[90.139,36.143],[90.132,36.151],[90.098,36.205],[90.083,36.221],[90.069,36.233],[90.044,36.251],[90.03,36.259],[90.021,36.259],[90.014,36.253],[89.979,36.133],[89.977,36.119],[89.972,36.105],[89.963,36.092],[89.946,36.08],[89.919,36.07],[89.893,36.066],[89.867,36.066],[89.678,36.082],[89.224,36.264],[89.205,36.266],[89.111,36.262],[89.078,36.264],[89.04,36.271],[88.993,36.274],[88.983,36.276],[88.975,36.279],[88.958,36.287],[88.883,36.35],[88.851,36.367],[88.839,36.372],[88.828,36.374],[88.712,36.368],[88.522,36.414],[88.516,36.417],[88.511,36.42],[88.506,36.423],[88.503,36.426],[88.501,36.429],[88.497,36.433],[88.49,36.438],[88.475,36.445],[88.459,36.449],[88.398,36.455],[88.277,36.449],[88.149,36.428],[88.078,36.424],[88,36.428],[87.993,36.427],[87.986,36.425],[87.976,36.42],[87.967,36.414],[87.943,36.393],[87.925,36.383],[87.888,36.369],[87.852,36.363],[87.766,36.36],[87.571,36.334],[87.515,36.335],[87.501,36.337],[87.452,36.349],[87.394,36.37],[87.364,36.376],[87.346,36.374],[87.194,36.304],[87.18,36.301],[87.063,36.292],[87.03,36.285],[87.01,36.278],[87.001,36.274],[86.82,36.265],[86.787,36.26],[86.714,36.231],[86.69,36.225],[86.661,36.22],[86.59,36.217],[86.496,36.225],[86.475,36.224],[86.459,36.219],[86.449,36.21],[86.438,36.199],[86.429,36.188],[86.419,36.18],[86.411,36.175],[86.4,36.17],[86.272,36.146],[86.245,36.136],[86.234,36.131],[86.224,36.125],[86.212,36.116],[86.207,36.107],[86.202,36.096],[86.192,36.049],[86.187,36.034],[86.179,36.02],[86.169,36.009],[86.159,36],[86.133,35.985],[86.129,35.98],[86.126,35.976],[86.12,35.958],[86.113,35.921],[86.111,35.916],[86.087,35.876],[86.073,35.86],[86.028,35.826],[85.993,35.785],[85.987,35.78],[85.973,35.772],[85.951,35.764],[85.93,35.762],[85.768,35.773],[85.745,35.77],[85.729,35.766],[85.717,35.759],[85.62,35.675],[85.598,35.664],[85.583,35.658],[85.571,35.656],[85.562,35.657],[85.555,35.662],[85.549,35.669],[85.544,35.678],[85.531,35.708],[85.528,35.713],[85.524,35.716],[85.452,35.749],[85.443,35.752],[85.429,35.754],[85.389,35.757],[85.367,35.755],[85.342,35.749],[85.316,35.739],[85.284,35.732],[85.271,35.73],[85.26,35.73],[85.253,35.732],[85.224,35.745],[85.214,35.747],[85.177,35.751],[85.15,35.75],[84.924,35.689],[84.847,35.634],[84.778,35.6],[84.586,35.567],[84.563,35.559],[84.215,35.389],[84.174,35.377],[84.155,35.376],[84.133,35.378],[84.114,35.383],[84.051,35.412],[84.039,35.416],[84.024,35.418],[84.009,35.419],[83.984,35.416],[83.871,35.375],[83.615,35.359],[83.565,35.361],[83.54,35.367],[83.499,35.385],[83.453,35.394],[83.353,35.394],[83.329,35.397],[83.311,35.401],[83.278,35.413],[83.246,35.421],[83.226,35.423],[83.21,35.423],[83.157,35.407],[83.122,35.404],[83.099,35.413],[83.082,35.425],[83.064,35.441],[83.042,35.455],[83.006,35.47],[82.985,35.481],[82.972,35.49],[82.968,35.498],[82.967,35.504],[82.968,35.516],[82.978,35.601],[82.977,35.621],[82.969,35.642],[82.957,35.657],[82.936,35.674],[82.913,35.683],[82.885,35.689],[82.825,35.692],[82.803,35.689],[82.785,35.685],[82.732,35.657],[82.71,35.65],[82.672,35.651],[82.458,35.688],[82.428,35.69],[82.415,35.686],[82.401,35.679],[82.373,35.662],[82.361,35.657],[82.338,35.65],[82.328,35.644],[82.319,35.634],[82.314,35.619],[82.313,35.583],[82.31,35.572],[82.305,35.561],[82.298,35.553],[82.289,35.545],[82.222,35.506],[82.086,35.448],[82.076,35.442],[82.066,35.434],[82.06,35.426],[82.056,35.419],[82.044,35.368],[82.037,35.352],[82.03,35.341],[82.023,35.333],[82.012,35.325],[82.002,35.319],[81.924,35.292],[81.711,35.246],[81.604,35.237],[81.577,35.239],[81.559,35.245],[81.545,35.252],[81.462,35.31],[81.442,35.319],[81.417,35.326],[81.378,35.332],[81.357,35.332],[81.26,35.314],[81.233,35.314],[81.21,35.317],[81.178,35.329],[81.131,35.354],[81.107,35.374],[81.091,35.384],[81.074,35.389],[81.061,35.389],[81.051,35.383],[81.043,35.374],[81.037,35.364],[81.034,35.355],[81.033,35.348],[81.033,35.341],[81.037,35.311],[81.035,35.304],[81.029,35.3],[81.019,35.296],[81,35.293],[80.988,35.292],[80.979,35.293],[80.956,35.303],[80.893,35.337],[80.876,35.343],[80.858,35.347],[80.846,35.348],[80.83,35.348],[80.791,35.344],[80.766,35.343],[80.758,35.344],[80.744,35.348],[80.719,35.357],[80.677,35.379],[80.671,35.381],[80.656,35.384],[80.541,35.391],[80.512,35.396],[80.486,35.404],[80.388,35.458],[80.365,35.475],[80.319,35.509],[80.312,35.512],[80.274,35.528],[80.26,35.514],[80.259,35.507],[80.258,35.502],[80.261,35.486],[80.263,35.469],[80.263,35.436],[80.259,35.417],[80.254,35.403],[80.236,35.375],[80.176,35.253],[80.165,35.236],[80.151,35.219],[80.097,35.179],[80.037,35.12],[80.02,35.1],[80.014,35.086],[80.014,35.073],[80.019,35.064],[80.026,35.056],[80.033,35.049],[80.04,35.041],[80.045,35.03],[80.047,35.018],[80.044,35.001],[80.038,34.99],[80.029,34.981],[80.019,34.975],[80.01,34.971],[80.001,34.968],[79.952,34.962],[79.938,34.959],[79.926,34.955],[79.913,34.948],[79.9,34.938],[79.884,34.92],[79.88,34.906],[79.881,34.894],[79.898,34.866],[79.903,34.856],[79.908,34.818],[79.911,34.808],[79.917,34.798],[79.953,34.758],[79.958,34.749],[79.962,34.736],[79.963,34.721],[79.96,34.697],[79.956,34.685],[79.943,34.664],[79.938,34.657],[79.914,34.626],[79.879,34.55],[79.863,34.521],[79.794,34.431],[79.781,34.419],[79.77,34.414],[79.757,34.411],[79.743,34.41],[79.728,34.411],[79.717,34.413],[79.711,34.415],[79.706,34.417],[79.654,34.442],[79.603,34.459],[79.513,34.472],[79.481,34.471],[79.453,34.467],[79.434,34.462],[79.381,34.439],[79.364,34.434],[79.338,34.431],[79.24,34.441],[79.219,34.441],[79.204,34.439],[79.038,34.385],[79.027,34.38],[78.999,34.358],[78.985,34.35],[78.957,34.34],[78.951,34.349],[78.922,34.372],[78.886,34.386],[78.839,34.397],[78.802,34.415],[78.751,34.471],[78.665,34.526],[78.607,34.546],[78.379,34.579],[78.335,34.594],[78.296,34.625],[78.273,34.659],[78.211,34.848],[78.202,34.866],[78.162,34.909],[78.148,34.943],[78.139,35.019],[78.13,35.055],[78.036,35.194],[78.001,35.269],[78.01,35.347],[78.038,35.398],[78.056,35.453],[78.044,35.492],[77.986,35.494],[77.958,35.482],[77.913,35.441],[77.883,35.431]]]}},{"type":"Feature","id":"CN-XZ","properties":{"id":"CN-XZ","countryCode":"CN","isoSubdivision":"CN-XZ","name":"Tibet","name_en":"Tibet","name_ko":"티베트 자치구","type":"Autonomous Region","labelLongitude":88.414,"labelLatitude":31.452,"minZoom":4.6},"geometry":{"type":"Polygon","coordinates":[[[78.918,33.386],[78.916,33.388],[78.824,33.461],[78.801,33.494],[78.781,33.553],[78.794,33.744],[78.787,33.808],[78.77,33.872],[78.721,33.994],[78.73,34.079],[78.806,34.123],[78.903,34.158],[78.976,34.217],[78.985,34.24],[78.988,34.263],[78.985,34.286],[78.976,34.309],[78.957,34.34],[78.985,34.35],[78.999,34.358],[79.027,34.38],[79.038,34.385],[79.204,34.439],[79.219,34.441],[79.24,34.441],[79.338,34.431],[79.364,34.434],[79.381,34.439],[79.434,34.462],[79.453,34.467],[79.481,34.471],[79.513,34.472],[79.603,34.459],[79.654,34.442],[79.706,34.417],[79.711,34.415],[79.717,34.413],[79.728,34.411],[79.743,34.41],[79.757,34.411],[79.77,34.414],[79.781,34.419],[79.794,34.431],[79.863,34.521],[79.879,34.55],[79.914,34.626],[79.938,34.657],[79.943,34.664],[79.956,34.685],[79.96,34.697],[79.963,34.721],[79.962,34.736],[79.958,34.749],[79.953,34.758],[79.917,34.798],[79.911,34.808],[79.908,34.818],[79.903,34.856],[79.898,34.866],[79.881,34.894],[79.88,34.906],[79.884,34.92],[79.9,34.938],[79.913,34.948],[79.926,34.955],[79.938,34.959],[79.952,34.962],[80.001,34.968],[80.01,34.971],[80.019,34.975],[80.029,34.981],[80.038,34.99],[80.044,35.001],[80.047,35.018],[80.045,35.03],[80.04,35.041],[80.033,35.049],[80.026,35.056],[80.019,35.064],[80.014,35.073],[80.014,35.086],[80.02,35.1],[80.037,35.12],[80.097,35.179],[80.151,35.219],[80.165,35.236],[80.176,35.253],[80.236,35.375],[80.254,35.403],[80.259,35.417],[80.263,35.436],[80.263,35.469],[80.261,35.486],[80.258,35.502],[80.259,35.507],[80.26,35.514],[80.274,35.528],[80.312,35.512],[80.319,35.509],[80.365,35.475],[80.388,35.458],[80.486,35.404],[80.512,35.396],[80.541,35.391],[80.656,35.384],[80.671,35.381],[80.677,35.379],[80.719,35.357],[80.744,35.348],[80.758,35.344],[80.766,35.343],[80.791,35.344],[80.83,35.348],[80.846,35.348],[80.858,35.347],[80.876,35.343],[80.893,35.337],[80.956,35.303],[80.979,35.293],[80.988,35.292],[81,35.293],[81.019,35.296],[81.029,35.3],[81.035,35.304],[81.037,35.311],[81.033,35.341],[81.033,35.348],[81.034,35.355],[81.037,35.364],[81.043,35.374],[81.051,35.383],[81.061,35.389],[81.074,35.389],[81.091,35.384],[81.107,35.374],[81.131,35.354],[81.178,35.329],[81.21,35.317],[81.233,35.314],[81.26,35.314],[81.357,35.332],[81.378,35.332],[81.417,35.326],[81.442,35.319],[81.462,35.31],[81.545,35.252],[81.559,35.245],[81.577,35.239],[81.604,35.237],[81.711,35.246],[81.924,35.292],[82.002,35.319],[82.012,35.325],[82.023,35.333],[82.03,35.341],[82.037,35.352],[82.044,35.368],[82.056,35.419],[82.06,35.426],[82.066,35.434],[82.076,35.442],[82.086,35.448],[82.222,35.506],[82.289,35.545],[82.298,35.553],[82.305,35.561],[82.31,35.572],[82.313,35.583],[82.314,35.619],[82.319,35.634],[82.328,35.644],[82.338,35.65],[82.361,35.657],[82.373,35.662],[82.401,35.679],[82.415,35.686],[82.428,35.69],[82.458,35.688],[82.672,35.651],[82.71,35.65],[82.732,35.657],[82.785,35.685],[82.803,35.689],[82.825,35.692],[82.885,35.689],[82.913,35.683],[82.936,35.674],[82.957,35.657],[82.969,35.642],[82.977,35.621],[82.978,35.601],[82.968,35.516],[82.967,35.504],[82.968,35.498],[82.972,35.49],[82.985,35.481],[83.006,35.47],[83.042,35.455],[83.064,35.441],[83.082,35.425],[83.099,35.413],[83.122,35.404],[83.157,35.407],[83.21,35.423],[83.226,35.423],[83.246,35.421],[83.278,35.413],[83.311,35.401],[83.329,35.397],[83.353,35.394],[83.453,35.394],[83.499,35.385],[83.54,35.367],[83.565,35.361],[83.615,35.359],[83.871,35.375],[83.984,35.416],[84.009,35.419],[84.024,35.418],[84.039,35.416],[84.051,35.412],[84.114,35.383],[84.133,35.378],[84.155,35.376],[84.174,35.377],[84.215,35.389],[84.563,35.559],[84.586,35.567],[84.778,35.6],[84.847,35.634],[84.924,35.689],[85.15,35.75],[85.177,35.751],[85.214,35.747],[85.224,35.745],[85.253,35.732],[85.26,35.73],[85.271,35.73],[85.284,35.732],[85.316,35.739],[85.342,35.749],[85.367,35.755],[85.389,35.757],[85.429,35.754],[85.443,35.752],[85.452,35.749],[85.524,35.716],[85.528,35.713],[85.531,35.708],[85.544,35.678],[85.549,35.669],[85.555,35.662],[85.562,35.657],[85.571,35.656],[85.583,35.658],[85.598,35.664],[85.62,35.675],[85.717,35.759],[85.729,35.766],[85.745,35.77],[85.768,35.773],[85.93,35.762],[85.951,35.764],[85.973,35.772],[85.987,35.78],[85.993,35.785],[86.028,35.826],[86.073,35.86],[86.087,35.876],[86.111,35.916],[86.113,35.921],[86.12,35.958],[86.126,35.976],[86.129,35.98],[86.133,35.985],[86.159,36],[86.169,36.009],[86.179,36.02],[86.187,36.034],[86.192,36.049],[86.202,36.096],[86.207,36.107],[86.212,36.116],[86.224,36.125],[86.234,36.131],[86.245,36.136],[86.272,36.146],[86.4,36.17],[86.411,36.175],[86.419,36.18],[86.429,36.188],[86.438,36.199],[86.449,36.21],[86.459,36.219],[86.475,36.224],[86.496,36.225],[86.59,36.217],[86.661,36.22],[86.69,36.225],[86.714,36.231],[86.787,36.26],[86.82,36.265],[87.001,36.274],[87.01,36.278],[87.03,36.285],[87.063,36.292],[87.18,36.301],[87.194,36.304],[87.346,36.374],[87.364,36.376],[87.394,36.37],[87.452,36.349],[87.501,36.337],[87.515,36.335],[87.571,36.334],[87.766,36.36],[87.852,36.363],[87.888,36.369],[87.925,36.383],[87.943,36.393],[87.967,36.414],[87.976,36.42],[87.986,36.425],[87.993,36.427],[88,36.428],[88.078,36.424],[88.149,36.428],[88.277,36.449],[88.398,36.455],[88.459,36.449],[88.475,36.445],[88.49,36.438],[88.497,36.433],[88.501,36.429],[88.503,36.426],[88.506,36.423],[88.511,36.42],[88.516,36.417],[88.522,36.414],[88.712,36.368],[88.828,36.374],[88.839,36.372],[88.851,36.367],[88.883,36.35],[88.958,36.287],[88.975,36.279],[88.983,36.276],[88.993,36.274],[89.04,36.271],[89.078,36.264],[89.111,36.262],[89.205,36.266],[89.224,36.264],[89.678,36.082],[89.593,36.073],[89.515,36.053],[89.493,36.044],[89.467,36.027],[89.445,36.007],[89.439,36],[89.439,35.999],[89.437,35.995],[89.435,35.988],[89.436,35.973],[89.442,35.952],[89.459,35.917],[89.472,35.895],[89.485,35.88],[89.494,35.873],[89.512,35.864],[89.542,35.851],[89.581,35.84],[89.634,35.833],[89.676,35.831],[89.745,35.838],[89.76,35.838],[89.772,35.836],[89.782,35.832],[89.789,35.827],[89.793,35.818],[89.794,35.804],[89.789,35.776],[89.781,35.753],[89.772,35.735],[89.728,35.667],[89.715,35.642],[89.713,35.629],[89.714,35.616],[89.722,35.58],[89.723,35.566],[89.717,35.551],[89.696,35.529],[89.691,35.52],[89.69,35.509],[89.7,35.498],[89.712,35.491],[89.726,35.486],[89.737,35.479],[89.743,35.469],[89.742,35.457],[89.738,35.45],[89.73,35.444],[89.619,35.387],[89.576,35.373],[89.512,35.36],[89.501,35.356],[89.492,35.35],[89.484,35.342],[89.48,35.332],[89.48,35.322],[89.484,35.295],[89.485,35.281],[89.483,35.267],[89.478,35.257],[89.474,35.252],[89.463,35.243],[89.459,35.238],[89.455,35.232],[89.454,35.225],[89.455,35.213],[89.47,35.189],[89.493,35.162],[89.54,35.116],[89.56,35.092],[89.572,35.073],[89.573,35.059],[89.573,35.044],[89.567,35.004],[89.561,34.979],[89.561,34.967],[89.563,34.956],[89.569,34.948],[89.584,34.941],[89.61,34.935],[89.645,34.934],[89.725,34.938],[89.761,34.935],[89.778,34.93],[89.788,34.926],[89.808,34.906],[89.825,34.846],[89.812,34.812],[89.788,34.787],[89.724,34.74],[89.718,34.731],[89.716,34.725],[89.717,34.716],[89.72,34.705],[89.725,34.696],[89.732,34.689],[89.742,34.683],[89.753,34.674],[89.762,34.663],[89.791,34.554],[89.797,34.506],[89.792,34.44],[89.793,34.422],[89.796,34.408],[89.799,34.403],[89.804,34.399],[89.809,34.397],[89.825,34.395],[89.833,34.391],[89.84,34.383],[89.846,34.37],[89.844,34.358],[89.839,34.347],[89.825,34.33],[89.819,34.317],[89.796,34.225],[89.787,34.199],[89.781,34.191],[89.757,34.172],[89.739,34.154],[89.731,34.149],[89.718,34.146],[89.693,34.145],[89.681,34.143],[89.67,34.14],[89.658,34.131],[89.648,34.118],[89.637,34.093],[89.636,34.074],[89.64,34.058],[89.658,34.03],[89.664,34.018],[89.671,34.001],[89.681,33.983],[89.742,33.91],[89.761,33.893],[89.771,33.888],[89.791,33.883],[89.801,33.88],[89.877,33.823],[89.887,33.814],[89.892,33.802],[89.892,33.785],[89.889,33.766],[89.892,33.756],[89.9,33.748],[89.928,33.737],[89.943,33.729],[89.953,33.716],[89.961,33.689],[89.964,33.658],[89.969,33.642],[89.975,33.631],[89.982,33.625],[89.988,33.621],[89.998,33.617],[90.037,33.605],[90.06,33.602],[90.082,33.601],[90.097,33.597],[90.141,33.578],[90.151,33.571],[90.16,33.56],[90.17,33.54],[90.188,33.517],[90.198,33.508],[90.202,33.503],[90.203,33.5],[90.202,33.492],[90.195,33.471],[90.192,33.454],[90.194,33.431],[90.199,33.415],[90.206,33.402],[90.243,33.348],[90.262,33.327],[90.274,33.316],[90.289,33.305],[90.306,33.295],[90.323,33.289],[90.36,33.284],[90.375,33.284],[90.411,33.29],[90.424,33.288],[90.436,33.282],[90.469,33.252],[90.583,33.189],[90.66,33.156],[90.683,33.149],[90.742,33.141],[90.774,33.139],[90.804,33.141],[90.824,33.146],[90.842,33.155],[90.857,33.166],[90.895,33.202],[90.94,33.237],[90.95,33.239],[91.02,33.234],[91.037,33.235],[91.128,33.254],[91.138,33.26],[91.142,33.267],[91.144,33.276],[91.146,33.297],[91.149,33.306],[91.153,33.315],[91.158,33.322],[91.163,33.327],[91.17,33.332],[91.178,33.335],[91.189,33.337],[91.362,33.337],[91.371,33.336],[91.379,33.333],[91.391,33.326],[91.397,33.321],[91.4,33.317],[91.4,33.313],[91.398,33.31],[91.395,33.306],[91.39,33.303],[91.385,33.3],[91.379,33.298],[91.373,33.297],[91.37,33.296],[91.368,33.292],[91.369,33.284],[91.376,33.271],[91.475,33.141],[91.543,33.08],[91.597,33.05],[91.631,33.037],[91.72,32.983],[91.735,32.977],[91.749,32.975],[91.779,32.978],[91.794,32.976],[91.813,32.968],[91.826,32.956],[91.839,32.938],[91.855,32.923],[91.924,32.872],[91.952,32.857],[91.977,32.849],[91.996,32.848],[92.01,32.85],[92.031,32.854],[92.043,32.858],[92.053,32.865],[92.062,32.873],[92.073,32.881],[92.086,32.886],[92.101,32.888],[92.119,32.887],[92.161,32.88],[92.182,32.874],[92.196,32.869],[92.202,32.864],[92.204,32.858],[92.202,32.852],[92.198,32.845],[92.191,32.836],[92.188,32.828],[92.188,32.815],[92.203,32.762],[92.21,32.75],[92.221,32.745],[92.233,32.743],[92.246,32.743],[92.257,32.744],[92.266,32.747],[92.275,32.752],[92.29,32.761],[92.297,32.762],[92.307,32.76],[92.317,32.755],[92.327,32.752],[92.335,32.752],[92.342,32.757],[92.351,32.763],[92.36,32.768],[92.373,32.771],[92.385,32.769],[92.41,32.758],[92.419,32.756],[92.425,32.758],[92.432,32.763],[92.44,32.767],[92.451,32.77],[92.466,32.769],[92.508,32.757],[92.527,32.753],[92.549,32.752],[92.561,32.753],[92.65,32.74],[92.727,32.761],[92.85,32.729],[92.907,32.727],[92.926,32.729],[92.986,32.744],[92.998,32.742],[93.006,32.735],[93.012,32.716],[93.016,32.698],[93.024,32.678],[93.031,32.664],[93.044,32.652],[93.054,32.652],[93.062,32.656],[93.07,32.661],[93.082,32.665],[93.16,32.669],[93.196,32.667],[93.219,32.66],[93.305,32.61],[93.345,32.578],[93.362,32.569],[93.382,32.566],[93.428,32.57],[93.443,32.563],[93.453,32.55],[93.461,32.534],[93.475,32.519],[93.495,32.514],[93.51,32.516],[93.535,32.529],[93.559,32.546],[93.597,32.565],[93.645,32.574],[93.734,32.572],[93.775,32.566],[93.802,32.555],[93.835,32.511],[93.852,32.5],[93.877,32.495],[93.902,32.499],[93.907,32.501],[93.91,32.504],[93.921,32.508],[93.931,32.51],[93.953,32.497],[94.005,32.481],[94.111,32.478],[94.135,32.488],[94.147,32.495],[94.151,32.5],[94.154,32.504],[94.16,32.51],[94.178,32.522],[94.208,32.529],[94.317,32.541],[94.335,32.55],[94.345,32.565],[94.348,32.581],[94.348,32.597],[94.351,32.606],[94.357,32.614],[94.37,32.618],[94.38,32.614],[94.398,32.595],[94.411,32.591],[94.426,32.597],[94.438,32.604],[94.451,32.611],[94.504,32.625],[94.521,32.631],[94.537,32.641],[94.568,32.664],[94.582,32.672],[94.601,32.676],[94.615,32.673],[94.628,32.666],[94.658,32.632],[94.671,32.62],[94.684,32.612],[94.71,32.6],[94.722,32.593],[94.73,32.582],[94.739,32.553],[94.745,32.543],[94.755,32.535],[94.852,32.5],[94.915,32.463],[94.924,32.456],[94.932,32.448],[94.937,32.438],[94.939,32.428],[94.946,32.36],[94.948,32.347],[94.951,32.337],[94.954,32.333],[94.957,32.328],[94.968,32.32],[95,32.307],[95.062,32.261],[95.078,32.255],[95.117,32.247],[95.259,32.244],[95.269,32.241],[95.278,32.235],[95.285,32.225],[95.297,32.202],[95.307,32.192],[95.318,32.184],[95.334,32.178],[95.382,32.17],[95.396,32.162],[95.405,32.151],[95.408,32.124],[95.412,32.113],[95.419,32.105],[95.425,32.095],[95.427,32.084],[95.422,32.073],[95.412,32.061],[95.407,32.052],[95.407,32.044],[95.411,32.037],[95.417,32.031],[95.422,32.024],[95.424,32.018],[95.421,32.013],[95.413,32.008],[95.377,32.001],[95.373,31.999],[95.362,31.99],[95.355,31.98],[95.352,31.968],[95.354,31.954],[95.384,31.905],[95.39,31.888],[95.394,31.84],[95.399,31.825],[95.407,31.811],[95.419,31.798],[95.456,31.774],[95.487,31.747],[95.497,31.742],[95.507,31.742],[95.526,31.745],[95.557,31.755],[95.593,31.762],[95.622,31.762],[95.645,31.76],[95.725,31.746],[95.741,31.737],[95.754,31.724],[95.766,31.707],[95.774,31.698],[95.785,31.695],[95.799,31.697],[95.819,31.707],[95.834,31.713],[95.849,31.714],[95.899,31.706],[95.952,31.705],[96.027,31.715],[96.045,31.715],[96.062,31.714],[96.078,31.709],[96.094,31.701],[96.108,31.689],[96.117,31.674],[96.12,31.655],[96.122,31.637],[96.125,31.622],[96.133,31.607],[96.149,31.587],[96.155,31.576],[96.16,31.561],[96.167,31.548],[96.177,31.538],[96.193,31.535],[96.21,31.54],[96.229,31.558],[96.235,31.569],[96.236,31.578],[96.232,31.582],[96.22,31.591],[96.216,31.599],[96.215,31.607],[96.216,31.62],[96.22,31.634],[96.225,31.648],[96.23,31.666],[96.232,31.682],[96.23,31.702],[96.223,31.72],[96.213,31.735],[96.2,31.747],[96.164,31.768],[96.148,31.78],[96.141,31.797],[96.145,31.819],[96.168,31.843],[96.176,31.855],[96.181,31.865],[96.183,31.871],[96.197,31.882],[96.222,31.893],[96.278,31.909],[96.307,31.906],[96.332,31.891],[96.383,31.818],[96.414,31.791],[96.435,31.776],[96.465,31.761],[96.483,31.753],[96.56,31.737],[96.602,31.733],[96.637,31.726],[96.65,31.726],[96.664,31.721],[96.71,31.691],[96.737,31.68],[96.749,31.678],[96.764,31.681],[96.78,31.692],[96.795,31.715],[96.797,31.737],[96.791,31.756],[96.781,31.773],[96.76,31.799],[96.752,31.812],[96.749,31.824],[96.753,31.839],[96.764,31.855],[96.785,31.88],[96.79,31.897],[96.786,31.91],[96.744,31.942],[96.735,31.952],[96.733,31.96],[96.738,31.969],[96.754,31.974],[96.785,31.971],[96.804,31.973],[96.854,31.991],[96.872,31.994],[96.888,31.994],[96.902,31.991],[96.915,31.99],[96.933,31.994],[96.982,32.017],[97,32.022],[97.018,32.023],[97.082,32.012],[97.124,32.009],[97.143,32.013],[97.159,32.02],[97.175,32.034],[97.179,32.058],[97.184,32.065],[97.2,32.068],[97.225,32.063],[97.24,32.066],[97.255,32.076],[97.273,32.101],[97.277,32.114],[97.275,32.121],[97.267,32.123],[97.26,32.124],[97.256,32.125],[97.251,32.128],[97.247,32.136],[97.245,32.148],[97.245,32.164],[97.254,32.204],[97.265,32.233],[97.277,32.252],[97.292,32.265],[97.315,32.267],[97.335,32.262],[97.36,32.26],[97.377,32.266],[97.389,32.281],[97.388,32.29],[97.375,32.306],[97.375,32.317],[97.394,32.354],[97.396,32.371],[97.393,32.385],[97.385,32.393],[97.372,32.398],[97.351,32.401],[97.336,32.405],[97.326,32.412],[97.326,32.424],[97.335,32.437],[97.348,32.453],[97.354,32.467],[97.357,32.481],[97.359,32.491],[97.361,32.5],[97.366,32.502],[97.376,32.504],[97.401,32.503],[97.501,32.485],[97.562,32.484],[97.577,32.481],[97.59,32.474],[97.612,32.453],[97.622,32.446],[97.631,32.444],[97.643,32.447],[97.653,32.455],[97.658,32.469],[97.661,32.48],[97.667,32.489],[97.677,32.495],[97.694,32.5],[97.695,32.5],[97.696,32.501],[97.703,32.51],[97.714,32.537],[97.716,32.544],[97.818,32.513],[97.838,32.512],[97.856,32.519],[97.887,32.498],[98.014,32.465],[98.067,32.423],[98.076,32.413],[98.081,32.405],[98.091,32.402],[98.114,32.402],[98.123,32.4],[98.129,32.395],[98.135,32.388],[98.144,32.382],[98.187,32.367],[98.206,32.356],[98.213,32.338],[98.212,32.296],[98.214,32.273],[98.22,32.252],[98.272,32.191],[98.31,32.129],[98.375,32.08],[98.385,32.064],[98.394,32.04],[98.437,32.004],[98.453,31.984],[98.457,31.961],[98.453,31.933],[98.445,31.908],[98.436,31.892],[98.423,31.882],[98.419,31.88],[98.421,31.878],[98.435,31.838],[98.435,31.825],[98.426,31.813],[98.445,31.804],[98.469,31.767],[98.502,31.75],[98.542,31.69],[98.548,31.685],[98.554,31.681],[98.559,31.677],[98.563,31.669],[98.566,31.661],[98.569,31.632],[98.576,31.616],[98.592,31.599],[98.841,31.397],[98.864,31.368],[98.868,31.365],[98.885,31.354],[98.875,31.341],[98.831,31.298],[98.803,31.258],[98.782,31.239],[98.768,31.23],[98.761,31.234],[98.756,31.244],[98.732,31.278],[98.724,31.285],[98.714,31.291],[98.683,31.316],[98.665,31.321],[98.649,31.317],[98.638,31.309],[98.621,31.289],[98.611,31.256],[98.62,31.188],[98.604,31.17],[98.613,31.165],[98.639,31.16],[98.652,31.155],[98.693,31.125],[98.721,31.066],[98.726,31.06],[98.745,31.041],[98.765,31.015],[98.775,31.008],[98.797,30.997],[98.803,30.991],[98.805,30.966],[98.798,30.941],[98.786,30.918],[98.775,30.902],[98.788,30.881],[98.801,30.868],[98.833,30.844],[98.881,30.793],[98.899,30.779],[98.939,30.76],[98.954,30.748],[98.961,30.727],[98.953,30.708],[98.936,30.701],[98.918,30.695],[98.905,30.682],[98.905,30.664],[98.922,30.624],[98.927,30.604],[98.927,30.594],[98.932,30.58],[98.931,30.5],[98.933,30.491],[98.938,30.485],[98.948,30.479],[98.957,30.471],[98.961,30.46],[98.987,30.144],[99.03,30.068],[99.034,30.055],[99.037,29.976],[99.043,29.945],[99.056,29.915],[99.018,29.853],[99.005,29.82],[99.001,29.785],[99.003,29.781],[99.013,29.773],[99.015,29.768],[99.013,29.765],[99.004,29.762],[99.001,29.757],[98.988,29.689],[98.987,29.651],[98.992,29.635],[99.016,29.604],[99.024,29.582],[99.039,29.567],[99.042,29.562],[99.042,29.528],[99.059,29.418],[99.049,29.388],[99.059,29.367],[99.063,29.348],[99.063,29.308],[99.067,29.297],[99.09,29.267],[99.097,29.251],[99.109,29.224],[99.104,29.223],[99.06,29.216],[99.043,29.21],[99.029,29.207],[99.006,29.207],[98.998,29.205],[98.99,29.202],[98.98,29.193],[98.975,29.182],[98.972,29.159],[98.977,29.141],[98.984,29.125],[98.995,29.106],[99,29.093],[99.006,29.073],[99.008,29.058],[99.008,29.044],[99.003,29.034],[98.993,29.022],[98.949,29],[98.944,28.997],[98.932,28.986],[98.917,28.961],[98.908,28.936],[98.907,28.922],[98.909,28.912],[98.919,28.899],[98.938,28.88],[98.947,28.869],[98.951,28.859],[98.95,28.848],[98.946,28.842],[98.912,28.822],[98.897,28.816],[98.873,28.812],[98.861,28.813],[98.851,28.82],[98.841,28.837],[98.82,28.886],[98.785,29],[98.785,29.001],[98.783,29.002],[98.779,29.003],[98.773,29.003],[98.766,29.003],[98.76,29.001],[98.752,28.994],[98.743,28.989],[98.729,28.985],[98.665,28.974],[98.651,28.97],[98.646,28.964],[98.642,28.954],[98.635,28.941],[98.638,28.931],[98.639,28.879],[98.642,28.871],[98.655,28.855],[98.655,28.85],[98.653,28.845],[98.652,28.836],[98.653,28.826],[98.657,28.819],[98.661,28.813],[98.665,28.805],[98.678,28.757],[98.679,28.749],[98.678,28.742],[98.672,28.736],[98.619,28.704],[98.607,28.695],[98.598,28.683],[98.589,28.67],[98.585,28.649],[98.585,28.627],[98.594,28.583],[98.613,28.539],[98.636,28.5],[98.64,28.486],[98.643,28.473],[98.644,28.459],[98.644,28.444],[98.64,28.424],[98.63,28.397],[98.614,28.368],[98.576,28.318],[98.557,28.3],[98.49,28.248],[98.48,28.243],[98.448,28.232],[98.432,28.237],[98.41,28.251],[98.374,28.29],[98.346,28.326],[98.337,28.335],[98.326,28.344],[98.3,28.355],[98.283,28.315],[98.271,28.262],[98.261,28.24],[98.248,28.22],[98.23,28.203],[98.212,28.192],[98.136,28.156],[98.115,28.144],[98.049,28.2],[98.031,28.208],[97.991,28.214],[97.985,28.224],[97.994,28.253],[97.993,28.269],[97.979,28.281],[97.945,28.299],[97.898,28.355],[97.859,28.37],[97.797,28.344],[97.765,28.352],[97.74,28.383],[97.7,28.488],[97.67,28.511],[97.641,28.498],[97.614,28.482],[97.59,28.495],[97.568,28.525],[97.546,28.538],[97.528,28.53],[97.514,28.495],[97.503,28.478],[97.488,28.442],[97.475,28.426],[97.471,28.415],[97.466,28.407],[97.45,28.392],[97.445,28.383],[97.447,28.374],[97.45,28.365],[97.452,28.355],[97.452,28.318],[97.448,28.298],[97.437,28.286],[97.417,28.286],[97.398,28.289],[97.384,28.285],[97.378,28.264],[97.37,28.253],[97.334,28.235],[97.323,28.217],[97.285,28.236],[97.23,28.275],[97.221,28.283],[97.211,28.308],[97.203,28.312],[97.193,28.311],[97.183,28.315],[97.116,28.367],[97.078,28.375],[97.033,28.357],[96.997,28.337],[96.966,28.33],[96.934,28.337],[96.898,28.355],[96.717,28.437],[96.604,28.445],[96.562,28.447],[96.512,28.429],[96.495,28.421],[96.441,28.395],[96.37,28.378],[96.302,28.421],[96.336,28.48],[96.409,28.559],[96.502,28.644],[96.501,28.688],[96.598,28.71],[96.593,28.758],[96.577,28.809],[96.524,28.864],[96.511,28.886],[96.5,28.929],[96.492,28.948],[96.475,28.962],[96.46,28.963],[96.452,28.97],[96.451,28.981],[96.458,28.995],[96.367,29.037],[96.295,28.992],[96.249,28.945],[96.195,28.941],[96.176,29.017],[96.175,29.109],[96.184,29.124],[96.194,29.137],[96.21,29.146],[96.316,29.172],[96.327,29.18],[96.342,29.211],[96.367,29.244],[96.366,29.257],[96.35,29.274],[96.337,29.28],[96.323,29.275],[96.304,29.261],[96.268,29.242],[96.235,29.241],[96.205,29.257],[96.176,29.286],[96.166,29.303],[96.151,29.354],[96.142,29.368],[96.075,29.369],[96.014,29.364],[95.954,29.359],[95.863,29.324],[95.796,29.353],[95.776,29.346],[95.745,29.34],[95.747,29.274],[95.717,29.218],[95.647,29.228],[95.592,29.25],[95.582,29.247],[95.573,29.247],[95.564,29.246],[95.554,29.239],[95.551,29.23],[95.552,29.22],[95.55,29.212],[95.515,29.209],[95.512,29.198],[95.523,29.161],[95.521,29.138],[95.511,29.132],[95.488,29.069],[95.43,29.047],[95.367,29.036],[95.282,29.053],[95.225,29.059],[95.216,29.065],[95.214,29.073],[95.213,29.082],[95.208,29.09],[95.2,29.094],[95.192,29.097],[95.117,29.108],[95.099,29.114],[95.048,29.141],[94.989,29.154],[94.891,29.16],[94.854,29.17],[94.815,29.169],[94.799,29.166],[94.777,29.167],[94.761,29.175],[94.768,29.214],[94.756,29.231],[94.704,29.285],[94.668,29.307],[94.63,29.319],[94.6,29.317],[94.583,29.303],[94.529,29.231],[94.515,29.221],[94.498,29.215],[94.475,29.211],[94.422,29.21],[94.396,29.207],[94.373,29.196],[94.363,29.185],[94.346,29.159],[94.336,29.15],[94.324,29.146],[94.288,29.148],[94.271,29.098],[94.309,29.06],[94.347,29.024],[94.291,28.977],[94.25,28.933],[94.174,28.93],[94.135,28.898],[94.079,28.883],[94.027,28.864],[94.011,28.853],[93.992,28.845],[93.993,28.802],[93.982,28.768],[93.961,28.73],[93.928,28.683],[93.863,28.705],[93.782,28.681],[93.722,28.697],[93.706,28.692],[93.665,28.69],[93.643,28.68],[93.626,28.672],[93.607,28.672],[93.552,28.679],[93.446,28.672],[93.355,28.624],[93.317,28.603],[93.303,28.557],[93.287,28.521],[93.259,28.496],[93.219,28.457],[93.186,28.432],[93.218,28.395],[93.208,28.341],[93.13,28.326],[93.046,28.302],[92.975,28.282],[92.96,28.27],[92.922,28.259],[92.904,28.25],[92.89,28.236],[92.865,28.205],[92.85,28.192],[92.835,28.184],[92.82,28.179],[92.805,28.178],[92.79,28.179],[92.785,28.183],[92.783,28.191],[92.779,28.196],[92.77,28.192],[92.708,28.155],[92.679,28.133],[92.655,28.106],[92.637,28.072],[92.639,28.057],[92.654,28.052],[92.689,28.048],[92.701,28.038],[92.701,28.025],[92.736,27.986],[92.711,27.95],[92.684,27.91],[92.636,27.895],[92.593,27.868],[92.575,27.848],[92.518,27.839],[92.475,27.847],[92.439,27.823],[92.428,27.821],[92.417,27.829],[92.404,27.854],[92.393,27.856],[92.381,27.842],[92.376,27.821],[92.368,27.804],[92.35,27.803],[92.34,27.816],[92.335,27.831],[92.329,27.833],[92.317,27.804],[92.304,27.786],[92.289,27.793],[92.275,27.812],[92.258,27.848],[92.249,27.863],[92.24,27.865],[92.126,27.813],[92.106,27.786],[92.065,27.762],[91.989,27.769],[91.968,27.746],[91.952,27.725],[91.909,27.732],[91.865,27.73],[91.856,27.765],[91.827,27.808],[91.73,27.804],[91.68,27.85],[91.628,27.853],[91.637,27.877],[91.649,27.897],[91.653,27.917],[91.638,27.94],[91.622,27.951],[91.601,27.959],[91.579,27.965],[91.537,27.969],[91.497,27.984],[91.461,27.984],[91.446,27.986],[91.436,27.989],[91.419,27.995],[91.341,28.031],[91.31,28.056],[91.29,28.091],[91.27,28.073],[91.246,28.071],[91.221,28.075],[91.195,28.071],[91.176,28.057],[91.134,28.014],[91.12,27.995],[91.119,27.995],[91.093,27.972],[91.052,27.963],[91.009,27.967],[90.975,27.982],[90.961,27.995],[90.91,28.033],[90.851,28.044],[90.789,28.047],[90.755,28.055],[90.727,28.062],[90.684,28.087],[90.667,28.09],[90.651,28.087],[90.622,28.073],[90.597,28.071],[90.575,28.066],[90.51,28.074],[90.493,28.074],[90.475,28.072],[90.486,28.125],[90.515,28.154],[90.548,28.158],[90.568,28.191],[90.598,28.2],[90.588,28.233],[90.548,28.246],[90.505,28.25],[90.456,28.283],[90.417,28.283],[90.387,28.299],[90.354,28.299],[90.33,28.256],[90.291,28.261],[90.262,28.299],[90.262,28.335],[90.226,28.358],[90.199,28.349],[90.176,28.325],[90.153,28.322],[90.124,28.335],[90.071,28.345],[89.99,28.321],[89.972,28.318],[89.953,28.308],[89.916,28.316],[89.881,28.298],[89.874,28.301],[89.863,28.296],[89.854,28.287],[89.839,28.268],[89.83,28.259],[89.796,28.24],[89.781,28.229],[89.774,28.213],[89.756,28.184],[89.718,28.169],[89.598,28.15],[89.579,28.145],[89.561,28.135],[89.515,28.082],[89.495,28.068],[89.475,28.061],[89.459,28.048],[89.445,28.031],[89.421,27.995],[89.417,27.989],[89.37,27.909],[89.336,27.869],[89.299,27.844],[89.259,27.828],[89.225,27.808],[89.217,27.771],[89.206,27.747],[89.198,27.731],[89.156,27.666],[89.127,27.627],[89.125,27.615],[89.119,27.618],[89.11,27.622],[89.106,27.623],[89.102,27.624],[89.092,27.626],[89.064,27.616],[89.051,27.608],[89.04,27.594],[89.033,27.579],[89.016,27.576],[89.003,27.56],[89.005,27.55],[88.993,27.537],[88.978,27.53],[88.973,27.518],[88.975,27.507],[88.98,27.498],[88.983,27.493],[88.966,27.478],[88.958,27.457],[88.951,27.433],[88.964,27.393],[88.981,27.355],[88.997,27.331],[88.972,27.312],[88.951,27.328],[88.915,27.331],[88.892,27.316],[88.865,27.332],[88.852,27.342],[88.831,27.367],[88.82,27.374],[88.808,27.378],[88.795,27.386],[88.774,27.409],[88.76,27.435],[88.754,27.464],[88.757,27.495],[88.758,27.511],[88.742,27.532],[88.741,27.546],[88.748,27.56],[88.767,27.586],[88.783,27.622],[88.806,27.655],[88.854,27.844],[88.855,27.859],[88.852,27.877],[88.843,27.892],[88.819,27.915],[88.811,27.928],[88.81,27.944],[88.82,27.977],[88.818,27.995],[88.803,28.011],[88.78,28.028],[88.736,28.055],[88.71,28.062],[88.652,28.069],[88.632,28.083],[88.61,28.106],[88.594,28.107],[88.553,28.078],[88.531,28.059],[88.517,28.04],[88.502,28.029],[88.475,28.036],[88.456,28.032],[88.4,27.995],[88.379,27.983],[88.198,27.958],[88.175,27.95],[88.163,27.947],[88.151,27.947],[88.127,27.95],[88.116,27.947],[88.1,27.928],[88.097,27.904],[88.105,27.88],[88.118,27.861],[88.096,27.865],[88.053,27.887],[88.03,27.893],[88.018,27.892],[87.992,27.883],[87.978,27.881],[87.966,27.883],[87.945,27.892],[87.935,27.895],[87.856,27.899],[87.837,27.908],[87.826,27.907],[87.814,27.891],[87.799,27.863],[87.78,27.839],[87.756,27.82],[87.727,27.808],[87.7,27.806],[87.679,27.813],[87.66,27.82],[87.636,27.824],[87.621,27.82],[87.59,27.805],[87.573,27.805],[87.565,27.811],[87.56,27.819],[87.556,27.827],[87.551,27.832],[87.532,27.837],[87.515,27.835],[87.476,27.827],[87.387,27.804],[87.369,27.804],[87.369,27.819],[87.381,27.836],[87.385,27.849],[87.364,27.855],[87.336,27.846],[87.314,27.829],[87.291,27.816],[87.233,27.83],[87.182,27.825],[87.156,27.826],[87.117,27.845],[87.062,27.908],[87.031,27.938],[87.006,27.951],[86.989,27.952],[86.982,27.951],[86.97,27.947],[86.94,27.943],[86.915,27.945],[86.893,27.954],[86.877,27.971],[86.868,27.995],[86.84,28.015],[86.77,28.012],[86.74,28.021],[86.732,28.035],[86.736,28.065],[86.732,28.077],[86.718,28.088],[86.7,28.099],[86.68,28.106],[86.662,28.107],[86.649,28.101],[86.627,28.083],[86.612,28.08],[86.597,28.087],[86.583,28.098],[86.57,28.107],[86.554,28.104],[86.544,28.093],[86.541,28.078],[86.541,28.062],[86.538,28.047],[86.531,28.034],[86.522,28.024],[86.516,28.012],[86.516,27.995],[86.517,27.971],[86.51,27.952],[86.497,27.938],[86.475,27.928],[86.439,27.911],[86.425,27.91],[86.406,27.917],[86.372,27.942],[86.363,27.946],[86.354,27.945],[86.346,27.941],[86.338,27.938],[86.328,27.94],[86.318,27.946],[86.295,27.972],[86.278,27.984],[86.259,27.988],[86.239,27.99],[86.218,27.995],[86.203,28.003],[86.196,28.015],[86.189,28.044],[86.182,28.055],[86.174,28.062],[86.172,28.072],[86.181,28.089],[86.187,28.109],[86.186,28.134],[86.176,28.153],[86.156,28.157],[86.069,28.077],[86.07,28.067],[86.082,28.052],[86.085,28.044],[86.084,28.039],[86.08,28.022],[86.08,28.013],[86.078,28.007],[86.079,28.001],[86.089,27.995],[86.098,27.986],[86.098,27.978],[86.095,27.969],[86.096,27.958],[86.101,27.95],[86.107,27.944],[86.112,27.937],[86.113,27.927],[86.107,27.923],[86.076,27.895],[86.062,27.889],[86.055,27.888],[86.051,27.888],[86.026,27.89],[85.98,27.885],[85.963,27.891],[85.951,27.916],[85.952,27.937],[85.956,27.957],[85.957,27.976],[85.944,27.995],[85.909,28.022],[85.898,28.036],[85.89,28.059],[85.89,28.071],[85.891,28.081],[85.889,28.09],[85.872,28.111],[85.867,28.133],[85.863,28.143],[85.848,28.159],[85.827,28.17],[85.783,28.188],[85.757,28.203],[85.734,28.222],[85.716,28.243],[85.7,28.269],[85.698,28.313],[85.693,28.335],[85.679,28.333],[85.676,28.325],[85.676,28.315],[85.675,28.306],[85.668,28.301],[85.647,28.294],[85.639,28.288],[85.612,28.251],[85.599,28.251],[85.586,28.263],[85.565,28.275],[85.544,28.28],[85.521,28.283],[85.498,28.283],[85.476,28.279],[85.447,28.292],[85.432,28.297],[85.415,28.296],[85.401,28.289],[85.378,28.266],[85.363,28.26],[85.345,28.261],[85.335,28.269],[85.326,28.277],[85.313,28.283],[85.301,28.281],[85.273,28.27],[85.26,28.267],[85.243,28.268],[85.224,28.272],[85.206,28.278],[85.174,28.304],[85.155,28.301],[85.134,28.292],[85.109,28.292],[85.087,28.304],[85.08,28.319],[85.082,28.332],[85.086,28.362],[85.086,28.381],[85.078,28.436],[85.084,28.446],[85.109,28.459],[85.116,28.473],[85.116,28.491],[85.117,28.497],[85.123,28.505],[85.14,28.511],[85.148,28.516],[85.154,28.525],[85.157,28.533],[85.168,28.583],[85.161,28.595],[85.112,28.609],[85.075,28.632],[85.055,28.639],[85.032,28.634],[85.025,28.628],[85.019,28.62],[85.009,28.603],[85.002,28.594],[84.994,28.591],[84.985,28.589],[84.955,28.574],[84.949,28.568],[84.936,28.545],[84.928,28.538],[84.919,28.536],[84.908,28.537],[84.891,28.542],[84.879,28.544],[84.824,28.541],[84.812,28.542],[84.799,28.547],[84.782,28.559],[84.756,28.585],[84.737,28.594],[84.691,28.596],[84.678,28.604],[84.683,28.651],[84.671,28.659],[84.652,28.662],[84.633,28.669],[84.626,28.676],[84.616,28.694],[84.607,28.698],[84.552,28.706],[84.532,28.713],[84.516,28.721],[84.499,28.728],[84.476,28.727],[84.451,28.734],[84.438,28.753],[84.423,28.799],[84.414,28.808],[84.393,28.824],[84.377,28.849],[84.366,28.857],[84.354,28.861],[84.286,28.874],[84.235,28.9],[84.225,28.914],[84.207,28.941],[84.231,29.026],[84.221,29.039],[84.198,29.045],[84.175,29.057],[84.17,29.089],[84.166,29.098],[84.16,29.105],[84.138,29.125],[84.132,29.144],[84.142,29.16],[84.155,29.176],[84.162,29.193],[84.155,29.207],[84.142,29.208],[84.126,29.206],[84.112,29.209],[84.105,29.22],[84.099,29.247],[84.09,29.257],[84.072,29.257],[84.053,29.25],[84.035,29.248],[84.022,29.26],[84.013,29.27],[84.001,29.273],[83.988,29.27],[83.976,29.264],[83.973,29.277],[83.967,29.285],[83.958,29.289],[83.946,29.292],[83.933,29.292],[83.914,29.289],[83.883,29.282],[83.877,29.277],[83.869,29.263],[83.862,29.26],[83.838,29.254],[83.793,29.235],[83.771,29.232],[83.745,29.234],[83.72,29.234],[83.695,29.226],[83.675,29.209],[83.668,29.192],[83.663,29.175],[83.656,29.161],[83.655,29.16],[83.639,29.155],[83.624,29.155],[83.584,29.162],[83.572,29.168],[83.561,29.176],[83.536,29.179],[83.524,29.184],[83.517,29.192],[83.515,29.202],[83.513,29.223],[83.503,29.261],[83.493,29.276],[83.476,29.287],[83.448,29.297],[83.437,29.305],[83.428,29.333],[83.418,29.341],[83.405,29.346],[83.393,29.356],[83.388,29.37],[83.389,29.382],[83.387,29.394],[83.357,29.415],[83.355,29.428],[83.358,29.443],[83.355,29.461],[83.328,29.485],[83.264,29.473],[83.247,29.495],[83.249,29.507],[83.254,29.513],[83.26,29.519],[83.263,29.527],[83.261,29.542],[83.253,29.555],[83.229,29.576],[83.222,29.58],[83.205,29.585],[83.197,29.589],[83.194,29.594],[83.191,29.607],[83.187,29.612],[83.174,29.621],[83.162,29.625],[83.15,29.626],[83.127,29.623],[83.1,29.618],[83.093,29.615],[83.088,29.604],[83.086,29.59],[83.08,29.58],[83.065,29.579],[83.054,29.586],[83.041,29.61],[83.033,29.62],[82.976,29.664],[82.964,29.666],[82.942,29.663],[82.932,29.664],[82.924,29.67],[82.909,29.685],[82.9,29.688],[82.88,29.681],[82.857,29.666],[82.837,29.66],[82.822,29.678],[82.816,29.69],[82.805,29.696],[82.793,29.7],[82.781,29.705],[82.77,29.714],[82.752,29.739],[82.691,29.781],[82.682,29.798],[82.685,29.81],[82.689,29.82],[82.689,29.828],[82.677,29.834],[82.667,29.835],[82.646,29.829],[82.636,29.829],[82.619,29.84],[82.542,29.923],[82.524,29.932],[82.476,29.946],[82.457,29.954],[82.439,29.966],[82.423,29.98],[82.41,29.995],[82.394,30.003],[82.379,30.003],[82.364,30.001],[82.347,30.003],[82.339,30.009],[82.327,30.026],[82.319,30.032],[82.297,30.037],[82.276,30.037],[82.256,30.04],[82.211,30.064],[82.192,30.061],[82.174,30.055],[82.154,30.058],[82.145,30.069],[82.135,30.09],[82.129,30.111],[82.128,30.124],[82.151,30.162],[82.156,30.181],[82.14,30.194],[82.114,30.202],[82.096,30.213],[82.085,30.231],[82.082,30.257],[82.093,30.315],[82.089,30.33],[82.073,30.337],[82.05,30.339],[82.008,30.337],[81.998,30.334],[81.988,30.33],[81.979,30.327],[81.969,30.328],[81.962,30.334],[81.95,30.348],[81.941,30.354],[81.921,30.357],[81.887,30.355],[81.844,30.371],[81.823,30.368],[81.801,30.361],[81.779,30.358],[81.757,30.363],[81.636,30.411],[81.614,30.417],[81.592,30.414],[81.585,30.408],[81.582,30.399],[81.577,30.391],[81.563,30.386],[81.544,30.383],[81.537,30.379],[81.532,30.37],[81.521,30.332],[81.509,30.328],[81.483,30.332],[81.463,30.341],[81.426,30.373],[81.407,30.379],[81.388,30.374],[81.385,30.361],[81.387,30.345],[81.382,30.331],[81.372,30.317],[81.368,30.301],[81.369,30.266],[81.371,30.257],[81.377,30.241],[81.378,30.233],[81.374,30.223],[81.362,30.205],[81.357,30.174],[81.35,30.157],[81.338,30.144],[81.322,30.134],[81.31,30.132],[81.293,30.133],[81.278,30.132],[81.267,30.125],[81.266,30.118],[81.275,30.102],[81.276,30.095],[81.272,30.08],[81.268,30.072],[81.267,30.07],[81.257,30.064],[81.24,30.059],[81.226,30.05],[81.227,30.022],[81.217,30.008],[81.195,30.004],[81.148,30.023],[81.125,30.023],[81.098,30.017],[81.085,30.026],[81.084,30.028],[81.074,30.072],[81.067,30.087],[81.044,30.12],[81.031,30.153],[81.019,30.172],[81.007,30.189],[80.996,30.197],[81.003,30.213],[80.996,30.227],[80.976,30.255],[80.944,30.27],[80.867,30.288],[80.782,30.321],[80.767,30.331],[80.755,30.346],[80.735,30.378],[80.723,30.392],[80.695,30.412],[80.596,30.46],[80.575,30.466],[80.56,30.465],[80.545,30.461],[80.525,30.459],[80.508,30.462],[80.475,30.48],[80.425,30.498],[80.326,30.547],[80.253,30.565],[80.216,30.567],[80.18,30.559],[80.188,30.577],[80.198,30.591],[80.203,30.606],[80.2,30.626],[80.191,30.638],[80.177,30.65],[80.167,30.662],[80.167,30.674],[80.173,30.679],[80.182,30.68],[80.192,30.68],[80.2,30.681],[80.207,30.686],[80.231,30.725],[80.225,30.734],[80.196,30.748],[80.169,30.785],[80.157,30.793],[80.141,30.793],[80.109,30.778],[80.092,30.775],[80.063,30.785],[80.044,30.807],[80.029,30.831],[80.006,30.847],[79.935,30.873],[79.919,30.881],[79.915,30.884],[79.903,30.89],[79.88,30.913],[79.863,30.942],[79.85,30.954],[79.834,30.962],[79.761,30.977],[79.739,30.979],[79.689,30.967],[79.648,30.966],[79.63,30.963],[79.589,30.94],[79.578,30.938],[79.566,30.942],[79.544,30.947],[79.53,30.954],[79.513,30.966],[79.498,30.981],[79.488,30.994],[79.487,31],[79.484,31.005],[79.481,31.01],[79.476,31.014],[79.462,31.021],[79.446,31.024],[79.431,31.023],[79.414,31.02],[79.402,31.024],[79.395,31.037],[79.388,31.069],[79.383,31.078],[79.372,31.094],[79.367,31.112],[79.319,31.142],[79.302,31.163],[79.303,31.183],[79.298,31.203],[79.288,31.225],[79.278,31.24],[79.253,31.245],[79.248,31.257],[79.262,31.279],[79.254,31.299],[79.239,31.312],[79.238,31.33],[79.208,31.351],[79.192,31.37],[79.179,31.394],[79.158,31.415],[79.131,31.438],[79.078,31.462],[79.07,31.461],[79.05,31.423],[79.016,31.383],[78.989,31.343],[78.96,31.325],[78.94,31.302],[78.921,31.27],[78.893,31.282],[78.887,31.284],[78.862,31.291],[78.849,31.291],[78.822,31.294],[78.796,31.288],[78.784,31.288],[78.753,31.302],[78.745,31.308],[78.741,31.318],[78.738,31.335],[78.746,31.374],[78.76,31.412],[78.763,31.445],[78.733,31.468],[78.695,31.488],[78.7,31.51],[78.797,31.579],[78.814,31.595],[78.819,31.607],[78.795,31.634],[78.758,31.667],[78.74,31.666],[78.731,31.668],[78.724,31.673],[78.718,31.681],[78.71,31.698],[78.698,31.711],[78.693,31.719],[78.693,31.728],[78.695,31.738],[78.696,31.747],[78.671,31.771],[78.674,31.787],[78.7,31.822],[78.707,31.841],[78.714,31.883],[78.72,31.903],[78.742,31.945],[78.745,31.964],[78.734,31.985],[78.722,31.995],[78.678,32.017],[78.649,32.036],[78.552,32.15],[78.535,32.181],[78.513,32.208],[78.476,32.224],[78.469,32.227],[78.458,32.23],[78.456,32.242],[78.461,32.26],[78.463,32.282],[78.439,32.373],[78.436,32.378],[78.435,32.384],[78.436,32.396],[78.441,32.405],[78.448,32.411],[78.452,32.417],[78.449,32.427],[78.409,32.477],[78.381,32.528],[78.385,32.548],[78.408,32.558],[78.448,32.566],[78.59,32.57],[78.63,32.578],[78.648,32.586],[78.665,32.599],[78.694,32.63],[78.713,32.638],[78.737,32.63],[78.751,32.613],[78.749,32.596],[78.741,32.579],[78.735,32.561],[78.737,32.546],[78.755,32.494],[78.771,32.462],[78.856,32.4],[78.882,32.376],[78.911,32.355],[78.943,32.346],[78.976,32.362],[78.99,32.364],[79.015,32.374],[79.028,32.377],[79.04,32.376],[79.066,32.37],[79.075,32.371],[79.092,32.391],[79.103,32.45],[79.113,32.472],[79.133,32.485],[79.161,32.496],[79.191,32.504],[79.215,32.508],[79.236,32.504],[79.287,32.533],[79.32,32.592],[79.379,32.576],[79.407,32.53],[79.443,32.535],[79.472,32.565],[79.516,32.608],[79.531,32.648],[79.576,32.671],[79.621,32.729],[79.614,32.765],[79.564,32.794],[79.471,32.909],[79.414,32.972],[79.378,32.979],[79.334,32.994],[79.34,33.013],[79.399,33.027],[79.381,33.062],[79.373,33.112],[79.423,33.158],[79.456,33.25],[79.42,33.275],[79.34,33.275],[79.26,33.292],[79.15,33.293],[79.125,33.29],[79.098,33.288],[79.075,33.296],[79.053,33.308],[79.023,33.318],[78.993,33.331],[78.965,33.344],[78.918,33.386]]]}},{"type":"Feature","id":"CN-YN","properties":{"id":"CN-YN","countryCode":"CN","isoSubdivision":"CN-YN","name":"Yunnan","name_en":"Yunnan","name_ko":"윈난성","type":"Province","labelLongitude":101.661,"labelLatitude":24.46,"minZoom":4.6},"geometry":{"type":"Polygon","coordinates":[[[101.868,22.379],[101.843,22.383],[101.818,22.406],[101.785,22.472],[101.755,22.496],[101.751,22.496],[101.742,22.496],[101.713,22.492],[101.689,22.479],[101.669,22.462],[101.655,22.446],[101.645,22.424],[101.644,22.404],[101.646,22.385],[101.644,22.365],[101.641,22.363],[101.624,22.347],[101.623,22.342],[101.62,22.326],[101.606,22.285],[101.601,22.277],[101.588,22.271],[101.576,22.273],[101.564,22.277],[101.551,22.277],[101.541,22.271],[101.532,22.263],[101.516,22.245],[101.518,22.228],[101.549,22.194],[101.562,22.176],[101.567,22.149],[101.562,22.13],[101.555,22.112],[101.555,22.09],[101.565,22.07],[101.592,22.028],[101.6,22.007],[101.607,21.968],[101.616,21.954],[101.638,21.941],[101.674,21.931],[101.681,21.923],[101.682,21.915],[101.683,21.907],[101.686,21.899],[101.709,21.87],[101.721,21.844],[101.726,21.837],[101.751,21.816],[101.752,21.806],[101.732,21.751],[101.728,21.733],[101.729,21.718],[101.733,21.711],[101.749,21.698],[101.755,21.69],[101.756,21.68],[101.752,21.659],[101.756,21.649],[101.771,21.639],[101.79,21.634],[101.804,21.626],[101.806,21.606],[101.794,21.588],[101.773,21.583],[101.751,21.58],[101.736,21.571],[101.735,21.554],[101.748,21.515],[101.744,21.496],[101.73,21.474],[101.726,21.375],[101.716,21.338],[101.715,21.321],[101.723,21.304],[101.737,21.292],[101.789,21.274],[101.801,21.267],[101.812,21.258],[101.82,21.247],[101.824,21.234],[101.823,21.224],[101.821,21.221],[101.819,21.216],[101.813,21.21],[101.805,21.204],[101.796,21.203],[101.774,21.207],[101.76,21.196],[101.764,21.185],[101.77,21.17],[101.768,21.16],[101.767,21.151],[101.756,21.143],[101.737,21.138],[101.718,21.134],[101.704,21.135],[101.688,21.146],[101.67,21.177],[101.655,21.189],[101.636,21.189],[101.597,21.173],[101.582,21.176],[101.577,21.185],[101.581,21.195],[101.587,21.204],[101.588,21.213],[101.584,21.224],[101.58,21.228],[101.573,21.228],[101.539,21.239],[101.518,21.243],[101.495,21.243],[101.381,21.222],[101.362,21.216],[101.314,21.185],[101.293,21.176],[101.275,21.174],[101.26,21.179],[101.244,21.193],[101.235,21.206],[101.22,21.234],[101.209,21.246],[101.219,21.282],[101.22,21.296],[101.218,21.3],[101.21,21.309],[101.207,21.315],[101.223,21.335],[101.235,21.364],[101.233,21.372],[101.231,21.372],[101.226,21.371],[101.208,21.384],[101.179,21.398],[101.171,21.403],[101.168,21.425],[101.188,21.506],[101.187,21.535],[101.175,21.552],[101.159,21.553],[101.154,21.568],[101.158,21.586],[101.168,21.6],[101.174,21.612],[101.167,21.623],[101.169,21.638],[101.161,21.658],[101.149,21.677],[101.136,21.685],[101.128,21.695],[101.125,21.744],[101.119,21.76],[101.083,21.767],[101.069,21.762],[101.055,21.755],[101.043,21.745],[100.993,21.711],[100.974,21.704],[100.877,21.677],[100.835,21.658],[100.797,21.626],[100.757,21.57],[100.704,21.516],[100.662,21.495],[100.661,21.495],[100.646,21.48],[100.622,21.469],[100.572,21.455],[100.546,21.453],[100.497,21.462],[100.474,21.457],[100.457,21.455],[100.443,21.463],[100.434,21.478],[100.429,21.495],[100.399,21.519],[100.384,21.528],[100.363,21.532],[100.342,21.53],[100.327,21.524],[100.315,21.513],[100.302,21.495],[100.29,21.483],[100.275,21.475],[100.244,21.465],[100.23,21.457],[100.198,21.433],[100.187,21.428],[100.162,21.436],[100.128,21.482],[100.108,21.496],[100.097,21.508],[100.09,21.529],[100.086,21.551],[100.086,21.568],[100.089,21.582],[100.095,21.599],[100.104,21.616],[100.116,21.629],[100.126,21.635],[100.136,21.637],[100.144,21.64],[100.146,21.649],[100.143,21.655],[100.135,21.662],[100.121,21.674],[100.082,21.684],[99.997,21.686],[99.961,21.705],[99.95,21.721],[99.939,21.777],[99.922,21.812],[99.918,21.829],[99.92,21.852],[99.955,21.925],[99.966,21.963],[99.95,21.995],[99.94,22.006],[99.934,22.019],[99.935,22.033],[99.942,22.046],[99.867,22.058],[99.848,22.055],[99.842,22.047],[99.842,22.027],[99.834,22.019],[99.821,22.018],[99.813,22.023],[99.807,22.031],[99.8,22.037],[99.739,22.067],[99.724,22.071],[99.704,22.061],[99.694,22.047],[99.684,22.039],[99.664,22.049],[99.659,22.055],[99.65,22.072],[99.642,22.08],[99.634,22.085],[99.539,22.107],[99.505,22.103],[99.49,22.104],[99.439,22.124],[99.425,22.122],[99.365,22.099],[99.33,22.096],[99.253,22.103],[99.212,22.112],[99.166,22.132],[99.144,22.154],[99.175,22.169],[99.159,22.185],[99.166,22.205],[99.199,22.245],[99.206,22.261],[99.218,22.31],[99.226,22.321],[99.244,22.341],[99.248,22.354],[99.246,22.366],[99.241,22.373],[99.237,22.38],[99.243,22.393],[99.283,22.412],[99.345,22.473],[99.353,22.484],[99.358,22.495],[99.356,22.506],[99.347,22.523],[99.344,22.533],[99.347,22.553],[99.357,22.587],[99.355,22.609],[99.308,22.72],[99.308,22.745],[99.317,22.754],[99.327,22.76],[99.338,22.765],[99.351,22.768],[99.359,22.775],[99.379,22.813],[99.404,22.841],[99.414,22.857],[99.417,22.874],[99.411,22.919],[99.413,22.931],[99.43,22.937],[99.485,22.91],[99.515,22.909],[99.538,22.926],[99.535,22.949],[99.499,22.995],[99.49,23.012],[99.492,23.028],[99.495,23.043],[99.493,23.057],[99.478,23.066],[99.403,23.068],[99.381,23.082],[99.351,23.119],[99.334,23.13],[99.314,23.126],[99.302,23.113],[99.294,23.097],[99.285,23.088],[99.267,23.084],[99.257,23.079],[99.236,23.062],[99.225,23.057],[99.217,23.057],[99.21,23.062],[99.202,23.067],[99.2,23.074],[99.199,23.092],[99.194,23.096],[99.185,23.095],[99.183,23.095],[99.179,23.096],[99.164,23.098],[99.139,23.105],[99.13,23.106],[99.092,23.102],[99.075,23.102],[99.055,23.11],[99.039,23.127],[99.033,23.146],[99.026,23.16],[99.009,23.162],[98.99,23.16],[98.971,23.162],[98.933,23.172],[98.859,23.179],[98.86,23.212],[98.911,23.298],[98.897,23.323],[98.86,23.322],[98.853,23.325],[98.853,23.335],[98.862,23.341],[98.874,23.345],[98.882,23.35],[98.89,23.368],[98.892,23.387],[98.89,23.407],[98.876,23.446],[98.864,23.467],[98.849,23.48],[98.83,23.48],[98.81,23.474],[98.8,23.481],[98.781,23.533],[98.784,23.547],[98.796,23.558],[98.843,23.584],[98.85,23.591],[98.857,23.604],[98.856,23.61],[98.85,23.615],[98.808,23.676],[98.8,23.693],[98.799,23.743],[98.793,23.758],[98.778,23.769],[98.738,23.776],[98.708,23.785],[98.685,23.785],[98.676,23.787],[98.664,23.797],[98.664,23.803],[98.668,23.809],[98.671,23.817],[98.664,23.89],[98.665,23.903],[98.673,23.928],[98.675,23.937],[98.666,23.953],[98.659,23.961],[98.663,23.97],[98.68,23.976],[98.699,23.982],[98.717,23.988],[98.766,24.027],[98.856,24.084],[98.873,24.114],[98.867,24.143],[98.866,24.146],[98.855,24.139],[98.818,24.129],[98.716,24.121],[98.682,24.107],[98.64,24.101],[98.613,24.088],[98.597,24.083],[98.585,24.076],[98.57,24.082],[98.543,24.094],[98.503,24.121],[98.475,24.128],[98.435,24.13],[98.396,24.128],[98.379,24.122],[98.347,24.105],[98.331,24.099],[98.293,24.1],[98.219,24.117],[98.182,24.119],[98.105,24.102],[97.89,24.023],[97.877,24.014],[97.836,23.972],[97.818,23.958],[97.804,23.955],[97.79,23.953],[97.768,23.946],[97.748,23.934],[97.697,23.887],[97.677,23.879],[97.656,23.873],[97.647,23.869],[97.637,23.864],[97.625,23.847],[97.62,23.866],[97.615,23.875],[97.61,23.883],[97.573,23.908],[97.533,23.924],[97.516,23.943],[97.708,24.125],[97.72,24.147],[97.723,24.171],[97.719,24.182],[97.705,24.199],[97.702,24.211],[97.705,24.222],[97.711,24.228],[97.719,24.234],[97.724,24.242],[97.718,24.278],[97.645,24.302],[97.638,24.328],[97.654,24.339],[97.674,24.341],[97.69,24.346],[97.688,24.368],[97.681,24.378],[97.663,24.39],[97.657,24.402],[97.655,24.412],[97.652,24.423],[97.647,24.432],[97.64,24.439],[97.624,24.442],[97.601,24.442],[97.52,24.431],[97.513,24.439],[97.514,24.462],[97.539,24.597],[97.533,24.723],[97.536,24.745],[97.604,24.786],[97.643,24.817],[97.664,24.83],[97.686,24.834],[97.727,24.826],[97.748,24.826],[97.765,24.835],[97.773,24.855],[97.761,24.87],[97.724,24.897],[97.708,24.927],[97.703,24.96],[97.705,25.029],[97.7,25.065],[97.704,25.074],[97.722,25.079],[97.738,25.091],[97.754,25.114],[97.777,25.159],[97.801,25.238],[97.824,25.262],[97.86,25.244],[97.872,25.228],[97.879,25.214],[97.889,25.206],[97.91,25.208],[97.931,25.219],[97.976,25.272],[97.992,25.282],[98.034,25.301],[98.045,25.312],[98.063,25.354],[98.076,25.376],[98.09,25.386],[98.108,25.389],[98.112,25.396],[98.11,25.41],[98.112,25.448],[98.109,25.458],[98.105,25.467],[98.099,25.493],[98.1,25.5],[98.105,25.507],[98.123,25.522],[98.134,25.535],[98.139,25.55],[98.138,25.599],[98.14,25.611],[98.15,25.613],[98.232,25.587],[98.247,25.579],[98.277,25.552],[98.289,25.55],[98.312,25.557],[98.333,25.567],[98.347,25.578],[98.357,25.593],[98.37,25.637],[98.375,25.649],[98.413,25.692],[98.416,25.7],[98.417,25.713],[98.419,25.724],[98.425,25.731],[98.432,25.736],[98.439,25.744],[98.453,25.778],[98.461,25.795],[98.475,25.806],[98.498,25.831],[98.509,25.838],[98.527,25.839],[98.54,25.834],[98.562,25.816],[98.591,25.806],[98.6,25.802],[98.61,25.801],[98.626,25.806],[98.678,25.843],[98.685,25.853],[98.69,25.866],[98.692,25.879],[98.69,25.892],[98.685,25.898],[98.672,25.902],[98.667,25.906],[98.658,25.925],[98.625,25.97],[98.616,25.979],[98.604,25.982],[98.592,25.981],[98.582,25.982],[98.575,25.995],[98.577,26.017],[98.573,26.036],[98.554,26.071],[98.547,26.088],[98.546,26.106],[98.55,26.121],[98.563,26.131],[98.602,26.14],[98.619,26.146],[98.626,26.144],[98.624,26.108],[98.631,26.097],[98.644,26.098],[98.681,26.125],[98.687,26.133],[98.687,26.154],[98.692,26.16],[98.7,26.165],[98.706,26.175],[98.701,26.191],[98.677,26.239],[98.668,26.248],[98.648,26.245],[98.642,26.255],[98.645,26.272],[98.65,26.291],[98.658,26.312],[98.698,26.354],[98.707,26.371],[98.713,26.389],[98.717,26.409],[98.721,26.539],[98.728,26.573],[98.749,26.606],[98.756,26.625],[98.751,26.646],[98.747,26.656],[98.747,26.664],[98.747,26.673],[98.746,26.681],[98.732,26.714],[98.734,26.734],[98.749,26.771],[98.75,26.792],[98.742,26.81],[98.718,26.842],[98.715,26.862],[98.719,26.873],[98.733,26.888],[98.736,26.898],[98.736,26.907],[98.713,26.995],[98.721,27.014],[98.732,27.031],[98.738,27.049],[98.731,27.069],[98.716,27.082],[98.703,27.087],[98.691,27.092],[98.683,27.11],[98.673,27.176],[98.674,27.208],[98.68,27.237],[98.704,27.304],[98.708,27.337],[98.697,27.369],[98.691,27.373],[98.684,27.374],[98.677,27.376],[98.674,27.387],[98.668,27.475],[98.671,27.516],[98.682,27.556],[98.679,27.577],[98.674,27.586],[98.666,27.597],[98.656,27.607],[98.647,27.612],[98.635,27.611],[98.626,27.606],[98.617,27.598],[98.605,27.593],[98.578,27.592],[98.564,27.604],[98.543,27.643],[98.522,27.656],[98.492,27.643],[98.475,27.657],[98.422,27.681],[98.41,27.684],[98.4,27.676],[98.397,27.657],[98.398,27.62],[98.393,27.587],[98.383,27.556],[98.364,27.532],[98.329,27.523],[98.295,27.537],[98.276,27.57],[98.254,27.648],[98.238,27.68],[98.204,27.727],[98.202,27.737],[98.212,27.76],[98.208,27.766],[98.202,27.771],[98.198,27.781],[98.198,27.8],[98.201,27.814],[98.197,27.823],[98.162,27.843],[98.146,27.861],[98.14,27.879],[98.157,27.889],[98.177,27.898],[98.177,27.913],[98.166,27.93],[98.149,27.945],[98.114,27.962],[98.107,27.973],[98.118,27.995],[98.123,28.015],[98.128,28.105],[98.127,28.124],[98.119,28.141],[98.115,28.144],[98.136,28.156],[98.212,28.192],[98.23,28.203],[98.248,28.22],[98.261,28.24],[98.271,28.262],[98.283,28.315],[98.3,28.355],[98.326,28.344],[98.337,28.335],[98.346,28.326],[98.374,28.29],[98.41,28.251],[98.432,28.237],[98.448,28.232],[98.48,28.243],[98.49,28.248],[98.557,28.3],[98.576,28.318],[98.614,28.368],[98.63,28.397],[98.64,28.424],[98.644,28.444],[98.644,28.459],[98.643,28.473],[98.64,28.486],[98.636,28.5],[98.613,28.539],[98.594,28.583],[98.585,28.627],[98.585,28.649],[98.589,28.67],[98.598,28.683],[98.607,28.695],[98.619,28.704],[98.672,28.736],[98.678,28.742],[98.679,28.749],[98.678,28.757],[98.665,28.805],[98.661,28.813],[98.657,28.819],[98.653,28.826],[98.652,28.836],[98.653,28.845],[98.655,28.85],[98.655,28.855],[98.642,28.871],[98.639,28.879],[98.638,28.931],[98.635,28.941],[98.642,28.954],[98.646,28.964],[98.651,28.97],[98.665,28.974],[98.729,28.985],[98.743,28.989],[98.752,28.994],[98.76,29.001],[98.766,29.003],[98.773,29.003],[98.779,29.003],[98.783,29.002],[98.785,29.001],[98.785,29],[98.82,28.886],[98.841,28.837],[98.851,28.82],[98.861,28.813],[98.873,28.812],[98.897,28.816],[98.912,28.822],[98.946,28.842],[98.95,28.848],[98.951,28.859],[98.947,28.869],[98.938,28.88],[98.919,28.899],[98.909,28.912],[98.907,28.922],[98.908,28.936],[98.917,28.961],[98.932,28.986],[98.944,28.997],[98.949,29],[98.993,29.022],[99.003,29.034],[99.008,29.044],[99.008,29.058],[99.006,29.073],[99,29.093],[98.995,29.106],[98.984,29.125],[98.977,29.141],[98.972,29.159],[98.975,29.182],[98.98,29.193],[98.99,29.202],[98.998,29.205],[99.006,29.207],[99.029,29.207],[99.043,29.21],[99.06,29.216],[99.104,29.223],[99.109,29.224],[99.104,29.092],[99.121,28.965],[99.118,28.922],[99.099,28.856],[99.097,28.836],[99.101,28.814],[99.119,28.771],[99.125,28.75],[99.124,28.739],[99.118,28.72],[99.118,28.709],[99.12,28.699],[99.129,28.678],[99.131,28.665],[99.135,28.655],[99.154,28.641],[99.159,28.63],[99.16,28.617],[99.169,28.602],[99.172,28.593],[99.172,28.583],[99.167,28.565],[99.166,28.555],[99.176,28.532],[99.179,28.524],[99.18,28.505],[99.178,28.482],[99.172,28.463],[99.162,28.455],[99.163,28.438],[99.227,28.339],[99.245,28.322],[99.255,28.314],[99.265,28.311],[99.274,28.307],[99.275,28.298],[99.273,28.286],[99.275,28.277],[99.279,28.274],[99.293,28.265],[99.299,28.26],[99.304,28.251],[99.308,28.241],[99.315,28.233],[99.327,28.23],[99.34,28.224],[99.382,28.185],[99.389,28.168],[99.387,28.139],[99.399,28.127],[99.399,28.132],[99.402,28.189],[99.416,28.255],[99.413,28.267],[99.4,28.296],[99.389,28.334],[99.385,28.384],[99.387,28.408],[99.391,28.427],[99.397,28.446],[99.398,28.457],[99.396,28.467],[99.387,28.476],[99.375,28.491],[99.371,28.501],[99.371,28.503],[99.371,28.509],[99.373,28.519],[99.379,28.53],[99.385,28.537],[99.393,28.543],[99.405,28.548],[99.447,28.562],[99.468,28.572],[99.483,28.576],[99.499,28.578],[99.503,28.579],[99.51,28.588],[99.515,28.595],[99.522,28.61],[99.534,28.681],[99.541,28.696],[99.551,28.707],[99.579,28.727],[99.591,28.741],[99.599,28.757],[99.608,28.794],[99.615,28.805],[99.629,28.815],[99.644,28.82],[99.665,28.824],[99.68,28.83],[99.705,28.845],[99.713,28.846],[99.719,28.842],[99.722,28.833],[99.724,28.819],[99.723,28.774],[99.725,28.762],[99.732,28.745],[99.745,28.727],[99.755,28.717],[99.762,28.712],[99.778,28.707],[99.791,28.7],[99.809,28.69],[99.821,28.681],[99.828,28.673],[99.833,28.665],[99.837,28.654],[99.838,28.637],[99.838,28.626],[99.841,28.615],[99.846,28.604],[99.859,28.592],[99.869,28.588],[99.878,28.586],[99.89,28.586],[99.905,28.583],[99.921,28.577],[99.934,28.569],[99.945,28.56],[99.952,28.552],[99.96,28.539],[99.98,28.488],[99.989,28.471],[100.001,28.456],[100.032,28.429],[100.048,28.411],[100.068,28.384],[100.132,28.351],[100.143,28.342],[100.15,28.328],[100.152,28.313],[100.148,28.296],[100.147,28.285],[100.149,28.278],[100.162,28.267],[100.168,28.26],[100.168,28.249],[100.162,28.236],[100.137,28.217],[100.118,28.208],[100.064,28.194],[100.047,28.187],[100.035,28.179],[100.028,28.169],[100.028,28.155],[100.029,28.145],[100.052,28.105],[100.059,28.066],[100.072,28.044],[100.095,28.019],[100.16,27.964],[100.172,27.949],[100.191,27.912],[100.202,27.899],[100.219,27.888],[100.239,27.88],[100.278,27.871],[100.288,27.864],[100.296,27.853],[100.297,27.838],[100.3,27.832],[100.296,27.821],[100.303,27.78],[100.301,27.769],[100.297,27.761],[100.303,27.757],[100.321,27.733],[100.349,27.747],[100.41,27.829],[100.419,27.837],[100.432,27.846],[100.449,27.849],[100.464,27.847],[100.482,27.839],[100.504,27.826],[100.521,27.819],[100.533,27.816],[100.543,27.817],[100.551,27.82],[100.559,27.825],[100.572,27.836],[100.579,27.846],[100.593,27.87],[100.601,27.881],[100.608,27.888],[100.615,27.893],[100.625,27.897],[100.64,27.892],[100.661,27.875],[100.872,27.562],[100.873,27.549],[100.867,27.501],[100.867,27.5],[100.867,27.499],[100.867,27.495],[100.871,27.485],[100.88,27.475],[100.901,27.464],[100.914,27.46],[100.927,27.451],[100.941,27.435],[100.978,27.374],[100.992,27.331],[100.996,27.298],[100.997,27.243],[101,27.215],[101.004,27.198],[101.009,27.188],[101.016,27.18],[101.026,27.177],[101.037,27.178],[101.057,27.187],[101.081,27.201],[101.09,27.204],[101.099,27.205],[101.147,27.203],[101.16,27.201],[101.168,27.196],[101.173,27.191],[101.175,27.17],[101.171,27.152],[101.154,27.116],[101.146,27.09],[101.141,27.065],[101.141,27.045],[101.153,27.027],[101.161,27.017],[101.342,26.871],[101.35,26.863],[101.357,26.852],[101.363,26.837],[101.371,26.775],[101.376,26.761],[101.387,26.745],[101.398,26.735],[101.409,26.729],[101.421,26.729],[101.43,26.733],[101.437,26.741],[101.45,26.774],[101.459,26.783],[101.469,26.787],[101.481,26.787],[101.49,26.784],[101.497,26.779],[101.5,26.775],[101.503,26.766],[101.504,26.756],[101.501,26.727],[101.499,26.717],[101.495,26.706],[101.466,26.655],[101.453,26.627],[101.449,26.621],[101.445,26.615],[101.428,26.602],[101.42,26.594],[101.414,26.585],[101.412,26.576],[101.412,26.57],[101.418,26.561],[101.423,26.553],[101.451,26.531],[101.508,26.518],[101.517,26.514],[101.525,26.51],[101.544,26.495],[101.573,26.467],[101.582,26.455],[101.59,26.442],[101.602,26.409],[101.608,26.397],[101.616,26.388],[101.628,26.379],[101.638,26.373],[101.644,26.368],[101.647,26.361],[101.644,26.349],[101.636,26.342],[101.627,26.336],[101.618,26.333],[101.61,26.331],[101.606,26.329],[101.603,26.327],[101.597,26.32],[101.58,26.307],[101.577,26.303],[101.574,26.299],[101.573,26.294],[101.577,26.278],[101.578,26.273],[101.577,26.267],[101.574,26.256],[101.573,26.244],[101.573,26.239],[101.575,26.233],[101.577,26.229],[101.582,26.219],[101.587,26.214],[101.595,26.209],[101.606,26.206],[101.614,26.206],[101.621,26.207],[101.626,26.209],[101.631,26.212],[101.635,26.215],[101.645,26.227],[101.649,26.23],[101.654,26.233],[101.66,26.234],[101.668,26.232],[101.677,26.228],[101.723,26.195],[101.764,26.176],[101.769,26.171],[101.773,26.164],[101.777,26.148],[101.777,26.139],[101.775,26.124],[101.776,26.107],[101.777,26.099],[101.781,26.092],[101.788,26.082],[101.797,26.072],[101.807,26.066],[101.835,26.055],[101.84,26.041],[101.842,26.038],[101.845,26.036],[101.85,26.035],[101.857,26.037],[101.865,26.04],[101.877,26.049],[101.883,26.055],[101.904,26.088],[101.911,26.095],[101.915,26.098],[101.922,26.099],[102.096,26.083],[102.103,26.084],[102.113,26.084],[102.118,26.096],[102.131,26.115],[102.146,26.132],[102.222,26.187],[102.232,26.198],[102.241,26.214],[102.252,26.229],[102.267,26.235],[102.29,26.237],[102.315,26.243],[102.339,26.251],[102.358,26.263],[102.375,26.281],[102.387,26.298],[102.401,26.312],[102.424,26.317],[102.447,26.319],[102.465,26.323],[102.503,26.338],[102.554,26.373],[102.568,26.379],[102.585,26.375],[102.603,26.366],[102.618,26.355],[102.626,26.345],[102.623,26.319],[102.612,26.287],[102.61,26.26],[102.647,26.245],[102.668,26.226],[102.681,26.222],[102.699,26.224],[102.711,26.229],[102.72,26.238],[102.767,26.293],[102.791,26.31],[102.822,26.317],[102.846,26.327],[102.878,26.365],[102.893,26.365],[102.892,26.355],[102.909,26.349],[102.951,26.345],[102.972,26.351],[102.988,26.365],[103,26.383],[103.003,26.4],[103.001,26.41],[102.992,26.431],[102.99,26.441],[102.992,26.446],[103.001,26.457],[103.003,26.461],[103.003,26.469],[102.997,26.48],[102.996,26.485],[103,26.496],[103.01,26.501],[103.023,26.502],[103.034,26.502],[103.039,26.506],[103.053,26.527],[103.058,26.536],[103.058,26.557],[103.048,26.57],[103.036,26.583],[103.031,26.602],[103.031,26.644],[103.029,26.662],[103.024,26.68],[103.012,26.704],[103.009,26.715],[103.007,26.739],[103.004,26.751],[103,26.756],[102.993,26.766],[102.975,26.831],[102.953,26.862],[102.925,26.892],[102.901,26.925],[102.893,26.961],[102.901,26.993],[102.9,27.003],[102.896,27.009],[102.884,27.018],[102.88,27.024],[102.878,27.032],[102.878,27.036],[102.88,27.039],[102.88,27.047],[102.885,27.066],[102.907,27.098],[102.914,27.112],[102.916,27.134],[102.904,27.222],[102.89,27.257],[102.887,27.277],[102.889,27.291],[102.907,27.334],[102.93,27.367],[102.942,27.405],[102.955,27.421],[102.967,27.399],[102.977,27.389],[102.992,27.386],[103.013,27.386],[103.019,27.389],[103.038,27.403],[103.047,27.406],[103.071,27.408],[103.084,27.411],[103.093,27.414],[103.107,27.409],[103.121,27.412],[103.135,27.422],[103.147,27.434],[103.151,27.473],[103.16,27.497],[103.218,27.567],[103.229,27.574],[103.25,27.578],[103.285,27.581],[103.296,27.588],[103.305,27.605],[103.286,27.634],[103.284,27.641],[103.291,27.646],[103.314,27.655],[103.319,27.663],[103.327,27.674],[103.415,27.743],[103.444,27.756],[103.452,27.76],[103.455,27.769],[103.456,27.781],[103.459,27.793],[103.465,27.798],[103.477,27.8],[103.479,27.806],[103.479,27.815],[103.482,27.825],[103.503,27.85],[103.509,27.865],[103.511,27.93],[103.519,27.945],[103.537,27.961],[103.556,27.97],[103.563,27.976],[103.565,27.983],[103.56,27.988],[103.551,27.988],[103.541,27.985],[103.534,27.979],[103.514,27.971],[103.502,27.992],[103.489,28.038],[103.475,28.04],[103.457,28.037],[103.441,28.042],[103.435,28.068],[103.436,28.076],[103.44,28.083],[103.446,28.09],[103.452,28.096],[103.457,28.105],[103.453,28.124],[103.455,28.134],[103.459,28.135],[103.538,28.185],[103.552,28.206],[103.562,28.229],[103.572,28.243],[103.581,28.246],[103.603,28.248],[103.613,28.25],[103.62,28.255],[103.627,28.262],[103.634,28.268],[103.644,28.27],[103.666,28.263],[103.684,28.247],[103.697,28.228],[103.709,28.216],[103.722,28.216],[103.749,28.243],[103.789,28.256],[103.88,28.326],[103.87,28.344],[103.86,28.401],[103.822,28.485],[103.797,28.525],[103.795,28.531],[103.805,28.552],[103.828,28.587],[103.837,28.605],[103.832,28.621],[103.842,28.636],[103.845,28.654],[103.851,28.668],[103.867,28.675],[103.871,28.666],[103.873,28.657],[103.874,28.637],[103.878,28.631],[103.888,28.631],[103.9,28.633],[103.909,28.634],[103.928,28.626],[103.94,28.62],[103.953,28.615],[103.973,28.613],[103.993,28.616],[104.029,28.63],[104.048,28.634],[104.057,28.63],[104.079,28.613],[104.092,28.613],[104.101,28.616],[104.12,28.627],[104.14,28.633],[104.179,28.639],[104.233,28.64],[104.24,28.644],[104.247,28.655],[104.248,28.662],[104.251,28.662],[104.261,28.651],[104.275,28.639],[104.293,28.632],[104.312,28.631],[104.333,28.634],[104.342,28.638],[104.347,28.642],[104.353,28.646],[104.363,28.647],[104.384,28.646],[104.395,28.644],[104.414,28.64],[104.429,28.635],[104.438,28.629],[104.443,28.625],[104.445,28.62],[104.446,28.614],[104.444,28.61],[104.44,28.605],[104.433,28.602],[104.415,28.597],[104.408,28.594],[104.401,28.59],[104.396,28.585],[104.388,28.574],[104.381,28.569],[104.372,28.565],[104.362,28.565],[104.352,28.568],[104.344,28.572],[104.335,28.57],[104.316,28.56],[104.305,28.556],[104.262,28.545],[104.255,28.539],[104.25,28.531],[104.25,28.52],[104.252,28.511],[104.256,28.5],[104.256,28.499],[104.257,28.495],[104.257,28.486],[104.256,28.476],[104.257,28.465],[104.262,28.445],[104.258,28.414],[104.264,28.395],[104.263,28.359],[104.264,28.346],[104.268,28.334],[104.277,28.323],[104.294,28.31],[104.312,28.304],[104.362,28.29],[104.377,28.282],[104.387,28.273],[104.394,28.264],[104.417,28.239],[104.424,28.229],[104.423,28.22],[104.41,28.206],[104.405,28.198],[104.406,28.188],[104.41,28.178],[104.437,28.129],[104.44,28.121],[104.443,28.111],[104.445,28.1],[104.442,28.09],[104.437,28.082],[104.428,28.075],[104.383,28.059],[104.334,28.047],[104.327,28.038],[104.328,28.023],[104.35,27.99],[104.363,27.974],[104.375,27.962],[104.482,27.891],[104.492,27.886],[104.5,27.883],[104.528,27.877],[104.572,27.854],[104.588,27.848],[104.605,27.846],[104.632,27.849],[104.644,27.852],[104.655,27.856],[104.702,27.883],[104.715,27.884],[104.728,27.882],[104.759,27.873],[104.773,27.872],[104.786,27.874],[104.833,27.889],[104.876,27.893],[104.888,27.896],[104.897,27.901],[104.904,27.909],[104.91,27.918],[104.918,27.924],[104.941,27.932],[104.95,27.938],[104.956,27.946],[104.958,27.957],[104.953,27.989],[104.952,27.999],[104.952,28],[104.96,28.022],[104.966,28.048],[104.972,28.056],[104.979,28.063],[105.017,28.085],[105.056,28.088],[105.172,28.062],[105.182,28.055],[105.186,28.048],[105.187,28.021],[105.192,28.01],[105.203,28.002],[105.215,27.999],[105.224,27.999],[105.23,28],[105.255,28.007],[105.266,28.008],[105.275,28.006],[105.28,28.003],[105.282,28.001],[105.282,27.994],[105.278,27.951],[105.274,27.933],[105.269,27.918],[105.257,27.9],[105.231,27.872],[105.228,27.867],[105.228,27.856],[105.234,27.841],[105.251,27.817],[105.273,27.795],[105.277,27.787],[105.273,27.778],[105.27,27.768],[105.27,27.759],[105.297,27.722],[105.291,27.703],[105.284,27.66],[105.278,27.638],[105.267,27.613],[105.264,27.609],[105.251,27.592],[105.248,27.588],[105.246,27.583],[105.246,27.543],[105.245,27.531],[105.243,27.525],[105.24,27.521],[105.223,27.5],[105.222,27.495],[105.221,27.489],[105.222,27.477],[105.22,27.457],[105.219,27.451],[105.217,27.446],[105.214,27.442],[105.203,27.431],[105.2,27.427],[105.198,27.422],[105.199,27.404],[105.197,27.399],[105.193,27.395],[105.186,27.393],[105.174,27.394],[105.166,27.395],[105.125,27.409],[105.083,27.413],[105.069,27.411],[105.051,27.406],[105.028,27.394],[105.022,27.39],[104.998,27.368],[104.991,27.362],[104.928,27.342],[104.923,27.34],[104.914,27.334],[104.909,27.331],[104.871,27.31],[104.864,27.308],[104.856,27.307],[104.844,27.308],[104.83,27.312],[104.812,27.324],[104.802,27.329],[104.797,27.331],[104.79,27.332],[104.783,27.332],[104.777,27.331],[104.77,27.329],[104.752,27.322],[104.743,27.32],[104.73,27.32],[104.722,27.322],[104.711,27.327],[104.705,27.329],[104.69,27.329],[104.619,27.316],[104.594,27.314],[104.548,27.321],[104.522,27.318],[104.516,27.318],[104.51,27.319],[104.469,27.332],[104.452,27.341],[104.444,27.347],[104.402,27.393],[104.374,27.437],[104.37,27.441],[104.366,27.445],[104.361,27.447],[104.353,27.446],[104.344,27.441],[104.331,27.43],[104.325,27.422],[104.314,27.407],[104.264,27.371],[104.253,27.359],[104.247,27.35],[104.25,27.318],[104.249,27.311],[104.248,27.306],[104.245,27.301],[104.238,27.295],[104.203,27.276],[104.185,27.272],[104.174,27.272],[104.168,27.274],[104.156,27.284],[104.141,27.298],[104.124,27.31],[104.095,27.325],[104.067,27.336],[104.047,27.346],[104.03,27.359],[104.014,27.373],[104.001,27.387],[103.995,27.392],[103.986,27.397],[103.981,27.4],[103.975,27.401],[103.968,27.402],[103.954,27.401],[103.94,27.399],[103.924,27.395],[103.911,27.39],[103.906,27.387],[103.902,27.383],[103.895,27.374],[103.859,27.315],[103.819,27.272],[103.798,27.255],[103.695,27.152],[103.661,27.127],[103.623,27.105],[103.607,27.092],[103.603,27.088],[103.599,27.083],[103.596,27.076],[103.596,27.07],[103.597,27.064],[103.607,27.05],[103.637,27.018],[103.659,27.028],[103.675,27.04],[103.685,27.049],[103.692,27.052],[103.701,27.052],[103.706,27.05],[103.711,27.047],[103.723,27.036],[103.73,27.029],[103.739,27.016],[103.749,27.005],[103.751,27.001],[103.751,27],[103.752,27],[103.753,26.994],[103.756,26.982],[103.759,26.976],[103.77,26.967],[103.774,26.962],[103.778,26.956],[103.78,26.95],[103.78,26.944],[103.779,26.938],[103.773,26.923],[103.772,26.918],[103.771,26.912],[103.774,26.897],[103.777,26.887],[103.778,26.88],[103.776,26.875],[103.772,26.872],[103.75,26.864],[103.738,26.863],[103.733,26.861],[103.73,26.857],[103.727,26.845],[103.725,26.84],[103.722,26.836],[103.718,26.832],[103.716,26.826],[103.715,26.816],[103.717,26.799],[103.725,26.78],[103.73,26.758],[103.731,26.747],[103.733,26.741],[103.737,26.736],[103.743,26.735],[103.749,26.736],[103.766,26.741],[103.772,26.74],[103.775,26.737],[103.775,26.732],[103.763,26.694],[103.762,26.688],[103.763,26.663],[103.758,26.638],[103.758,26.629],[103.759,26.623],[103.762,26.616],[103.776,26.591],[103.781,26.583],[103.787,26.577],[103.829,26.547],[103.86,26.532],[103.883,26.524],[103.906,26.519],[103.916,26.518],[103.996,26.518],[104.02,26.514],[104.027,26.515],[104.033,26.518],[104.041,26.524],[104.045,26.528],[104.047,26.533],[104.051,26.55],[104.055,26.56],[104.077,26.596],[104.08,26.6],[104.111,26.634],[104.119,26.641],[104.124,26.644],[104.134,26.648],[104.14,26.65],[104.147,26.651],[104.153,26.651],[104.16,26.65],[104.168,26.648],[104.218,26.627],[104.224,26.625],[104.231,26.625],[104.318,26.629],[104.324,26.63],[104.331,26.631],[104.336,26.633],[104.346,26.638],[104.351,26.641],[104.355,26.644],[104.359,26.648],[104.381,26.676],[104.384,26.68],[104.386,26.686],[104.389,26.704],[104.39,26.709],[104.393,26.714],[104.398,26.717],[104.405,26.719],[104.417,26.718],[104.424,26.716],[104.43,26.713],[104.434,26.709],[104.437,26.705],[104.46,26.663],[104.462,26.658],[104.463,26.653],[104.464,26.627],[104.465,26.617],[104.466,26.613],[104.473,26.602],[104.482,26.593],[104.489,26.59],[104.496,26.588],[104.5,26.588],[104.505,26.589],[104.515,26.592],[104.523,26.593],[104.532,26.594],[104.545,26.591],[104.553,26.588],[104.559,26.585],[104.564,26.582],[104.568,26.578],[104.571,26.574],[104.573,26.569],[104.574,26.563],[104.576,26.55],[104.578,26.544],[104.582,26.539],[104.598,26.525],[104.62,26.502],[104.623,26.5],[104.624,26.5],[104.627,26.498],[104.629,26.492],[104.631,26.483],[104.633,26.466],[104.636,26.458],[104.639,26.451],[104.642,26.447],[104.646,26.444],[104.653,26.436],[104.655,26.431],[104.664,26.404],[104.668,26.395],[104.675,26.385],[104.676,26.383],[104.677,26.382],[104.677,26.38],[104.676,26.379],[104.672,26.378],[104.668,26.375],[104.664,26.372],[104.66,26.368],[104.654,26.36],[104.648,26.351],[104.645,26.347],[104.637,26.341],[104.612,26.328],[104.561,26.291],[104.545,26.27],[104.543,26.263],[104.541,26.252],[104.541,26.23],[104.535,26.198],[104.532,26.191],[104.527,26.183],[104.509,26.166],[104.506,26.161],[104.505,26.155],[104.505,26.147],[104.509,26.135],[104.515,26.122],[104.517,26.115],[104.517,26.108],[104.514,26.095],[104.505,26.077],[104.503,26.07],[104.501,26.06],[104.501,26.044],[104.499,26.031],[104.463,25.982],[104.451,25.972],[104.442,25.966],[104.437,25.964],[104.414,25.957],[104.393,25.948],[104.39,25.944],[104.39,25.937],[104.397,25.926],[104.402,25.92],[104.407,25.915],[104.412,25.912],[104.416,25.909],[104.419,25.902],[104.421,25.893],[104.422,25.875],[104.421,25.857],[104.417,25.846],[104.394,25.791],[104.391,25.78],[104.388,25.772],[104.383,25.764],[104.376,25.756],[104.372,25.753],[104.367,25.75],[104.361,25.75],[104.355,25.75],[104.349,25.752],[104.318,25.766],[104.313,25.767],[104.308,25.767],[104.303,25.765],[104.3,25.761],[104.299,25.755],[104.299,25.746],[104.308,25.71],[104.308,25.69],[104.306,25.678],[104.306,25.665],[104.307,25.658],[104.309,25.652],[104.313,25.645],[104.321,25.636],[104.335,25.624],[104.35,25.614],[104.374,25.601],[104.378,25.598],[104.394,25.59],[104.422,25.579],[104.43,25.571],[104.432,25.557],[104.433,25.507],[104.433,25.501],[104.437,25.499],[104.468,25.491],[104.485,25.492],[104.497,25.494],[104.524,25.506],[104.535,25.508],[104.546,25.501],[104.554,25.485],[104.558,25.422],[104.566,25.381],[104.595,25.368],[104.604,25.363],[104.612,25.356],[104.669,25.297],[104.677,25.29],[104.691,25.282],[104.714,25.273],[104.718,25.272],[104.754,25.268],[104.778,25.262],[104.783,25.259],[104.787,25.256],[104.789,25.251],[104.789,25.244],[104.787,25.237],[104.78,25.228],[104.774,25.223],[104.768,25.22],[104.761,25.219],[104.732,25.219],[104.726,25.216],[104.72,25.211],[104.717,25.197],[104.717,25.188],[104.719,25.175],[104.719,25.169],[104.717,25.159],[104.714,25.149],[104.694,25.115],[104.691,25.109],[104.689,25.101],[104.688,25.087],[104.689,25.074],[104.693,25.061],[104.701,25.041],[104.705,25.03],[104.707,25.017],[104.705,25.009],[104.701,24.999],[104.68,24.977],[104.674,24.972],[104.671,24.969],[104.658,24.958],[104.627,24.914],[104.613,24.9],[104.606,24.896],[104.6,24.89],[104.572,24.85],[104.552,24.834],[104.546,24.813],[104.54,24.743],[104.54,24.742],[104.538,24.741],[104.512,24.718],[104.495,24.698],[104.493,24.686],[104.485,24.672],[104.483,24.666],[104.483,24.651],[104.485,24.636],[104.502,24.578],[104.562,24.473],[104.569,24.443],[104.599,24.403],[104.667,24.34],[104.672,24.336],[104.679,24.333],[104.69,24.33],[104.698,24.328],[104.706,24.328],[104.712,24.33],[104.717,24.332],[104.721,24.335],[104.725,24.338],[104.728,24.342],[104.73,24.347],[104.731,24.353],[104.73,24.359],[104.729,24.364],[104.726,24.369],[104.723,24.373],[104.708,24.386],[104.701,24.394],[104.696,24.403],[104.694,24.409],[104.693,24.415],[104.693,24.427],[104.695,24.439],[104.699,24.449],[104.706,24.454],[104.715,24.459],[104.735,24.466],[104.745,24.468],[104.753,24.468],[104.775,24.462],[104.859,24.454],[104.872,24.451],[104.882,24.447],[104.909,24.43],[104.916,24.426],[104.925,24.423],[104.941,24.418],[104.952,24.417],[104.961,24.416],[104.967,24.418],[104.973,24.42],[104.983,24.424],[105.016,24.429],[105.061,24.431],[105.08,24.429],[105.093,24.427],[105.102,24.421],[105.11,24.414],[105.113,24.41],[105.115,24.405],[105.117,24.4],[105.119,24.395],[105.121,24.369],[105.124,24.364],[105.126,24.36],[105.141,24.346],[105.167,24.328],[105.171,24.325],[105.173,24.321],[105.176,24.316],[105.176,24.31],[105.174,24.265],[105.175,24.25],[105.174,24.227],[105.179,24.212],[105.179,24.206],[105.179,24.2],[105.176,24.189],[105.172,24.179],[105.17,24.167],[105.17,24.161],[105.173,24.151],[105.176,24.146],[105.184,24.133],[105.191,24.126],[105.253,24.086],[105.271,24.077],[105.283,24.074],[105.288,24.076],[105.292,24.079],[105.295,24.084],[105.296,24.089],[105.296,24.094],[105.295,24.1],[105.288,24.114],[105.286,24.119],[105.286,24.124],[105.289,24.129],[105.297,24.129],[105.305,24.127],[105.311,24.124],[105.32,24.118],[105.351,24.093],[105.38,24.076],[105.397,24.069],[105.407,24.064],[105.412,24.06],[105.422,24.05],[105.432,24.042],[105.44,24.039],[105.447,24.038],[105.472,24.043],[105.494,24.05],[105.498,24.053],[105.499,24.055],[105.5,24.057],[105.502,24.065],[105.503,24.07],[105.516,24.1],[105.52,24.116],[105.523,24.121],[105.527,24.124],[105.532,24.126],[105.538,24.128],[105.551,24.129],[105.558,24.13],[105.579,24.138],[105.592,24.141],[105.602,24.142],[105.608,24.14],[105.614,24.138],[105.618,24.135],[105.622,24.132],[105.625,24.128],[105.636,24.109],[105.639,24.102],[105.641,24.082],[105.645,24.076],[105.652,24.07],[105.667,24.061],[105.677,24.057],[105.685,24.055],[105.719,24.052],[105.735,24.047],[105.771,24.025],[105.78,24.022],[105.788,24.021],[105.795,24.021],[105.82,24.026],[105.833,24.027],[105.872,24.025],[105.879,24.026],[105.882,24.03],[105.884,24.034],[105.885,24.04],[105.884,24.052],[105.884,24.058],[105.886,24.063],[105.888,24.068],[105.892,24.071],[105.9,24.078],[105.905,24.08],[105.911,24.082],[105.959,24.085],[105.965,24.086],[105.971,24.088],[105.975,24.091],[105.979,24.094],[105.988,24.106],[105.994,24.11],[106.001,24.113],[106.014,24.114],[106.021,24.111],[106.019,24.097],[106.014,24.089],[106.008,24.082],[106.006,24.073],[106.015,24.059],[106.036,24.045],[106.061,24.032],[106.083,24.017],[106.088,24.014],[106.14,23.988],[106.152,23.981],[106.157,23.974],[106.156,23.969],[106.148,23.956],[106.145,23.952],[106.144,23.949],[106.143,23.945],[106.144,23.94],[106.145,23.935],[106.194,23.869],[106.196,23.864],[106.198,23.859],[106.2,23.854],[106.2,23.848],[106.199,23.842],[106.196,23.838],[106.192,23.835],[106.187,23.833],[106.15,23.826],[106.145,23.824],[106.14,23.821],[106.137,23.817],[106.134,23.813],[106.133,23.807],[106.133,23.802],[106.134,23.797],[106.152,23.75],[106.154,23.74],[106.154,23.734],[106.153,23.728],[106.149,23.718],[106.141,23.697],[106.138,23.687],[106.136,23.674],[106.138,23.622],[106.128,23.541],[106.126,23.535],[106.124,23.531],[106.121,23.527],[106.116,23.524],[106.11,23.522],[106.099,23.52],[106.093,23.518],[106.089,23.515],[106.084,23.512],[106.073,23.5],[106.071,23.496],[106.065,23.489],[106.061,23.485],[106.056,23.483],[106.016,23.472],[106.005,23.47],[105.983,23.469],[105.97,23.471],[105.959,23.475],[105.918,23.498],[105.916,23.5],[105.915,23.5],[105.913,23.503],[105.885,23.517],[105.88,23.519],[105.874,23.521],[105.867,23.521],[105.86,23.522],[105.854,23.521],[105.848,23.519],[105.843,23.517],[105.839,23.514],[105.831,23.503],[105.83,23.501],[105.83,23.5],[105.828,23.496],[105.823,23.487],[105.821,23.483],[105.804,23.471],[105.785,23.46],[105.777,23.454],[105.774,23.45],[105.759,23.428],[105.746,23.414],[105.733,23.405],[105.729,23.402],[105.723,23.4],[105.718,23.399],[105.711,23.398],[105.698,23.399],[105.693,23.396],[105.692,23.39],[105.699,23.375],[105.701,23.366],[105.702,23.359],[105.7,23.355],[105.696,23.351],[105.692,23.347],[105.688,23.345],[105.682,23.344],[105.676,23.344],[105.67,23.345],[105.651,23.355],[105.646,23.357],[105.64,23.357],[105.635,23.355],[105.632,23.352],[105.629,23.347],[105.627,23.342],[105.627,23.336],[105.626,23.33],[105.627,23.318],[105.627,23.305],[105.626,23.299],[105.624,23.294],[105.622,23.289],[105.619,23.285],[105.578,23.25],[105.557,23.232],[105.532,23.206],[105.527,23.198],[105.528,23.183],[105.521,23.163],[105.517,23.168],[105.474,23.195],[105.464,23.206],[105.444,23.245],[105.431,23.268],[105.426,23.273],[105.414,23.278],[105.407,23.277],[105.399,23.275],[105.39,23.275],[105.376,23.282],[105.36,23.292],[105.344,23.304],[105.332,23.318],[105.324,23.337],[105.32,23.354],[105.312,23.366],[105.294,23.366],[105.28,23.359],[105.246,23.33],[105.236,23.32],[105.228,23.301],[105.224,23.282],[105.218,23.265],[105.201,23.254],[105.19,23.252],[105.182,23.254],[105.177,23.258],[105.169,23.259],[105.166,23.261],[105.158,23.266],[105.156,23.267],[105.15,23.265],[105.148,23.261],[105.146,23.257],[105.142,23.254],[105.061,23.232],[105.047,23.227],[105.016,23.207],[104.981,23.19],[104.945,23.16],[104.935,23.154],[104.921,23.156],[104.895,23.17],[104.881,23.172],[104.87,23.164],[104.867,23.149],[104.866,23.133],[104.861,23.12],[104.836,23.1],[104.811,23.096],[104.798,23.086],[104.827,22.954],[104.828,22.934],[104.824,22.924],[104.774,22.896],[104.763,22.885],[104.728,22.839],[104.715,22.827],[104.701,22.818],[104.683,22.812],[104.663,22.811],[104.629,22.821],[104.61,22.823],[104.604,22.82],[104.594,22.809],[104.588,22.807],[104.579,22.809],[104.574,22.812],[104.57,22.816],[104.565,22.82],[104.561,22.824],[104.563,22.83],[104.562,22.834],[104.554,22.836],[104.551,22.833],[104.533,22.814],[104.469,22.765],[104.449,22.745],[104.362,22.693],[104.355,22.689],[104.34,22.686],[104.325,22.693],[104.304,22.705],[104.249,22.728],[104.237,22.742],[104.23,22.762],[104.229,22.783],[104.233,22.805],[104.241,22.824],[104.213,22.825],[104.128,22.797],[104.099,22.795],[104.087,22.792],[104.073,22.783],[104.066,22.774],[104.054,22.754],[104.045,22.745],[104.024,22.719],[104.014,22.691],[104.007,22.63],[104.003,22.615],[103.99,22.585],[103.986,22.57],[103.986,22.555],[103.987,22.54],[103.985,22.527],[103.974,22.515],[103.96,22.507],[103.951,22.516],[103.941,22.525],[103.925,22.528],[103.917,22.533],[103.903,22.559],[103.895,22.569],[103.889,22.572],[103.873,22.574],[103.867,22.575],[103.844,22.599],[103.836,22.603],[103.83,22.609],[103.81,22.639],[103.805,22.647],[103.794,22.659],[103.726,22.716],[103.659,22.793],[103.647,22.799],[103.604,22.776],[103.59,22.768],[103.583,22.756],[103.577,22.741],[103.568,22.725],[103.547,22.701],[103.545,22.691],[103.55,22.649],[103.551,22.641],[103.546,22.631],[103.514,22.587],[103.504,22.581],[103.485,22.584],[103.473,22.592],[103.448,22.618],[103.411,22.675],[103.404,22.689],[103.402,22.707],[103.404,22.724],[103.402,22.738],[103.388,22.745],[103.379,22.757],[103.369,22.767],[103.357,22.776],[103.344,22.783],[103.322,22.79],[103.31,22.788],[103.27,22.723],[103.252,22.679],[103.245,22.669],[103.228,22.656],[103.168,22.626],[103.142,22.607],[103.13,22.578],[103.133,22.57],[103.145,22.556],[103.146,22.546],[103.142,22.538],[103.091,22.505],[103.074,22.498],[103.058,22.495],[103.044,22.486],[103.045,22.473],[103.049,22.457],[103.045,22.441],[103.029,22.43],[103.009,22.43],[102.989,22.438],[102.957,22.46],[102.92,22.469],[102.903,22.477],[102.894,22.487],[102.859,22.551],[102.853,22.568],[102.845,22.585],[102.832,22.6],[102.813,22.609],[102.771,22.618],[102.752,22.625],[102.693,22.671],[102.672,22.678],[102.632,22.685],[102.612,22.692],[102.606,22.697],[102.591,22.713],[102.587,22.716],[102.576,22.714],[102.57,22.707],[102.566,22.7],[102.558,22.695],[102.536,22.696],[102.529,22.708],[102.526,22.726],[102.516,22.745],[102.494,22.76],[102.468,22.769],[102.443,22.765],[102.426,22.745],[102.415,22.71],[102.407,22.693],[102.395,22.681],[102.385,22.678],[102.373,22.678],[102.363,22.677],[102.356,22.67],[102.356,22.659],[102.363,22.651],[102.373,22.646],[102.379,22.639],[102.382,22.631],[102.384,22.629],[102.377,22.616],[102.325,22.565],[102.253,22.495],[102.243,22.477],[102.237,22.443],[102.231,22.426],[102.218,22.411],[102.204,22.412],[102.187,22.421],[102.165,22.426],[102.147,22.421],[102.129,22.411],[102.119,22.398],[102.107,22.398],[102.101,22.406],[102.1,22.415],[102.095,22.423],[102.086,22.429],[102.076,22.432],[102.015,22.446],[101.995,22.447],[101.974,22.445],[101.953,22.437],[101.909,22.436],[101.892,22.43],[101.882,22.412],[101.877,22.392],[101.868,22.379]]]}},{"type":"Feature","id":"CN-ZJ","properties":{"id":"CN-ZJ","countryCode":"CN","isoSubdivision":"CN-ZJ","name":"Zhejiang","name_en":"Zhejiang","name_ko":"저장성","type":"Province","labelLongitude":119.97,"labelLatitude":29.108,"minZoom":4.6},"geometry":{"type":"MultiPolygon","coordinates":[[[[121.256,28.14],[121.265,28.122],[121.285,28.102],[121.279,28.085],[121.268,28.085],[121.257,28.085],[121.247,28.088],[121.238,28.093],[121.236,28.086],[121.234,28.082],[121.234,28.079],[121.238,28.071],[121.231,28.065],[121.219,28.068],[121.219,28.058],[121.202,28.055],[121.186,28.044],[121.167,28.043],[121.152,28.041],[121.147,28.058],[121.155,28.071],[121.152,28.078],[121.143,28.083],[121.137,28.094],[121.131,28.103],[121.132,28.114],[121.127,28.127],[121.12,28.136],[121.125,28.14],[121.135,28.143],[121.165,28.151],[121.188,28.169],[121.204,28.19],[121.209,28.2],[121.211,28.209],[121.231,28.22],[121.256,28.215],[121.269,28.194],[121.27,28.182],[121.262,28.169],[121.256,28.14]]],[[[122.239,30.313],[122.204,30.291],[122.204,30.285],[122.224,30.279],[122.232,30.278],[122.22,30.27],[122.217,30.263],[122.218,30.255],[122.215,30.247],[122.202,30.242],[122.188,30.244],[122.174,30.248],[122.138,30.255],[122.114,30.265],[122.074,30.291],[122.084,30.302],[122.088,30.306],[122.096,30.311],[122.104,30.314],[122.122,30.319],[122.147,30.321],[122.153,30.323],[122.166,30.332],[122.195,30.339],[122.211,30.347],[122.225,30.332],[122.219,30.326],[122.22,30.321],[122.228,30.316],[122.239,30.313]]],[[[122.399,30.456],[122.411,30.452],[122.417,30.442],[122.423,30.415],[122.404,30.419],[122.364,30.433],[122.348,30.436],[122.306,30.423],[122.285,30.422],[122.273,30.436],[122.277,30.437],[122.287,30.442],[122.278,30.446],[122.274,30.451],[122.273,30.459],[122.273,30.469],[122.277,30.48],[122.28,30.483],[122.287,30.483],[122.291,30.472],[122.299,30.471],[122.311,30.473],[122.337,30.458],[122.349,30.461],[122.369,30.477],[122.369,30.463],[122.375,30.457],[122.385,30.456],[122.399,30.456]]],[[[121.275,30.691],[121.265,30.689],[121.222,30.675],[121.203,30.665],[121.178,30.646],[121.159,30.637],[121.149,30.628],[121.142,30.618],[121.137,30.608],[121.131,30.6],[121.121,30.593],[121.102,30.589],[121.047,30.583],[121.02,30.571],[120.998,30.558],[120.978,30.543],[120.949,30.507],[120.932,30.473],[120.929,30.453],[120.932,30.439],[120.938,30.431],[120.94,30.422],[120.929,30.408],[120.922,30.405],[120.902,30.404],[120.895,30.401],[120.905,30.389],[120.909,30.384],[120.915,30.381],[120.915,30.375],[120.901,30.374],[120.888,30.369],[120.851,30.33],[120.832,30.305],[120.811,30.297],[120.787,30.294],[120.77,30.306],[120.754,30.327],[120.745,30.36],[120.727,30.376],[120.698,30.394],[120.667,30.402],[120.619,30.406],[120.479,30.404],[120.43,30.39],[120.416,30.368],[120.407,30.354],[120.397,30.322],[120.389,30.291],[120.379,30.274],[120.365,30.269],[120.342,30.274],[120.316,30.291],[120.285,30.299],[120.258,30.298],[120.24,30.289],[120.196,30.233],[120.147,30.199],[120.179,30.201],[120.2,30.218],[120.23,30.236],[120.25,30.27],[120.274,30.278],[120.296,30.279],[120.315,30.264],[120.331,30.249],[120.35,30.241],[120.368,30.241],[120.385,30.25],[120.395,30.265],[120.405,30.28],[120.421,30.305],[120.45,30.369],[120.477,30.375],[120.525,30.378],[120.622,30.373],[120.652,30.359],[120.657,30.336],[120.685,30.272],[120.699,30.252],[120.726,30.243],[120.734,30.232],[120.691,30.197],[120.666,30.166],[120.644,30.146],[120.63,30.135],[120.632,30.122],[120.653,30.103],[120.682,30.085],[120.701,30.081],[120.723,30.08],[120.755,30.087],[120.765,30.087],[120.772,30.083],[120.784,30.072],[120.792,30.066],[120.784,30.089],[120.765,30.097],[120.714,30.093],[120.688,30.098],[120.665,30.11],[120.646,30.127],[120.663,30.141],[120.701,30.185],[120.751,30.226],[120.813,30.213],[120.829,30.185],[120.853,30.174],[120.893,30.17],[120.924,30.186],[120.954,30.192],[120.96,30.196],[120.994,30.211],[121.109,30.283],[121.129,30.302],[121.15,30.326],[121.185,30.338],[121.254,30.348],[121.313,30.338],[121.377,30.325],[121.43,30.293],[121.507,30.22],[121.555,30.161],[121.587,30.112],[121.623,30.06],[121.643,30.036],[121.658,30.018],[121.678,30.001],[121.707,29.985],[121.732,29.979],[121.722,29.961],[121.732,29.962],[121.75,29.973],[121.767,29.973],[121.797,29.963],[121.816,29.951],[121.85,29.94],[121.873,29.932],[121.899,29.923],[121.915,29.919],[121.936,29.887],[121.95,29.887],[121.962,29.888],[121.982,29.89],[122.056,29.887],[122.068,29.89],[122.087,29.899],[122.106,29.907],[122.129,29.904],[122.136,29.885],[122.115,29.872],[122.069,29.852],[122.028,29.836],[121.983,29.823],[121.966,29.811],[121.937,29.792],[121.924,29.773],[121.902,29.753],[121.885,29.761],[121.873,29.754],[121.866,29.737],[121.862,29.708],[121.835,29.687],[121.776,29.653],[121.718,29.589],[121.704,29.572],[121.687,29.563],[121.667,29.557],[121.648,29.557],[121.636,29.554],[121.624,29.554],[121.609,29.546],[121.593,29.544],[121.574,29.552],[121.531,29.51],[121.523,29.513],[121.52,29.528],[121.517,29.546],[121.511,29.549],[121.499,29.549],[121.484,29.545],[121.475,29.539],[121.468,29.531],[121.458,29.525],[121.443,29.524],[121.443,29.518],[121.448,29.514],[121.457,29.501],[121.455,29.489],[121.441,29.482],[121.428,29.468],[121.443,29.44],[121.443,29.415],[121.465,29.421],[121.473,29.449],[121.48,29.475],[121.505,29.484],[121.5,29.476],[121.492,29.456],[121.514,29.452],[121.512,29.438],[121.497,29.422],[121.481,29.415],[121.478,29.413],[121.477,29.408],[121.479,29.403],[121.485,29.391],[121.497,29.393],[121.509,29.398],[121.52,29.407],[121.531,29.417],[121.538,29.424],[121.549,29.439],[121.554,29.45],[121.56,29.463],[121.57,29.475],[121.581,29.478],[121.602,29.483],[121.643,29.495],[121.676,29.51],[121.674,29.52],[121.682,29.524],[121.7,29.534],[121.711,29.539],[121.725,29.538],[121.725,29.535],[121.725,29.529],[121.727,29.522],[121.731,29.518],[121.738,29.519],[121.746,29.523],[121.764,29.531],[121.766,29.521],[121.757,29.499],[121.761,29.486],[121.765,29.477],[121.778,29.469],[121.79,29.476],[121.812,29.49],[121.821,29.515],[121.831,29.528],[121.847,29.524],[121.845,29.536],[121.837,29.542],[121.826,29.546],[121.814,29.552],[121.8,29.546],[121.783,29.543],[121.766,29.546],[121.758,29.548],[121.745,29.545],[121.748,29.563],[121.774,29.575],[121.796,29.601],[121.818,29.607],[121.835,29.616],[121.854,29.616],[121.868,29.627],[121.88,29.624],[121.9,29.628],[121.916,29.641],[121.927,29.634],[121.943,29.611],[121.954,29.606],[121.966,29.602],[121.971,29.593],[121.971,29.569],[121.964,29.56],[121.95,29.556],[121.941,29.551],[121.95,29.538],[121.922,29.531],[121.91,29.525],[121.912,29.514],[121.922,29.509],[121.936,29.504],[121.944,29.498],[121.94,29.487],[121.943,29.48],[121.971,29.449],[121.969,29.439],[121.963,29.432],[121.958,29.423],[121.957,29.408],[121.948,29.421],[121.936,29.428],[121.93,29.425],[121.923,29.418],[121.929,29.409],[121.922,29.399],[121.916,29.391],[121.921,29.381],[121.916,29.363],[121.916,29.349],[121.927,29.339],[121.929,29.339],[121.931,29.331],[121.931,29.324],[121.925,29.319],[121.909,29.319],[121.912,29.315],[121.916,29.305],[121.9,29.299],[121.906,29.285],[121.922,29.27],[121.94,29.264],[121.95,29.267],[121.963,29.281],[121.974,29.285],[121.976,29.281],[121.986,29.263],[121.991,29.257],[121.967,29.256],[121.953,29.25],[121.951,29.237],[121.957,29.216],[121.943,29.223],[121.94,29.21],[121.94,29.204],[121.943,29.196],[121.922,29.196],[121.894,29.187],[121.841,29.161],[121.813,29.161],[121.785,29.168],[121.788,29.202],[121.79,29.216],[121.795,29.244],[121.796,29.266],[121.802,29.293],[121.8,29.305],[121.809,29.312],[121.818,29.316],[121.829,29.319],[121.841,29.319],[121.831,29.334],[121.817,29.332],[121.805,29.324],[121.8,29.319],[121.788,29.329],[121.788,29.343],[121.8,29.374],[121.787,29.374],[121.776,29.373],[121.767,29.368],[121.759,29.36],[121.771,29.338],[121.778,29.296],[121.774,29.254],[121.759,29.229],[121.746,29.202],[121.739,29.196],[121.724,29.182],[121.704,29.174],[121.671,29.176],[121.652,29.183],[121.642,29.202],[121.639,29.217],[121.642,29.268],[121.646,29.281],[121.655,29.3],[121.64,29.307],[121.625,29.301],[121.629,29.285],[121.623,29.264],[121.632,29.211],[121.629,29.188],[121.615,29.206],[121.606,29.227],[121.589,29.291],[121.584,29.3],[121.574,29.305],[121.563,29.304],[121.562,29.296],[121.567,29.285],[121.574,29.278],[121.563,29.272],[121.551,29.271],[121.526,29.278],[121.526,29.271],[121.536,29.258],[121.531,29.238],[121.517,29.219],[121.505,29.209],[121.505,29.202],[121.512,29.189],[121.504,29.179],[121.491,29.176],[121.484,29.185],[121.48,29.197],[121.471,29.191],[121.462,29.176],[121.456,29.161],[121.431,29.172],[121.42,29.171],[121.409,29.161],[121.443,29.147],[121.439,29.145],[121.438,29.145],[121.438,29.144],[121.436,29.141],[121.456,29.141],[121.456,29.134],[121.441,29.131],[121.428,29.127],[121.415,29.12],[121.402,29.107],[121.497,29.104],[121.529,29.115],[121.621,29.113],[121.625,29.104],[121.625,29.088],[121.621,29.071],[121.615,29.058],[121.599,29.05],[121.585,29.054],[121.571,29.061],[121.556,29.065],[121.537,29.061],[121.53,29.051],[121.532,29.02],[121.538,29.018],[121.549,29.021],[121.553,29.029],[121.54,29.038],[121.557,29.049],[121.617,29.04],[121.642,29.051],[121.682,29.027],[121.69,29.017],[121.676,29.013],[121.662,29.003],[121.654,28.989],[121.659,28.973],[121.664,28.97],[121.669,28.969],[121.68,28.969],[121.685,28.968],[121.684,28.963],[121.683,28.959],[121.684,28.956],[121.692,28.953],[121.709,28.951],[121.718,28.949],[121.698,28.937],[121.689,28.928],[121.684,28.915],[121.629,28.932],[121.605,28.943],[121.587,28.963],[121.585,28.938],[121.571,28.93],[121.554,28.936],[121.546,28.952],[121.537,28.955],[121.517,28.956],[121.498,28.95],[121.492,28.928],[121.505,28.935],[121.508,28.925],[121.512,28.917],[121.518,28.913],[121.526,28.915],[121.535,28.904],[121.55,28.898],[121.566,28.893],[121.581,28.887],[121.59,28.892],[121.602,28.894],[121.611,28.891],[121.617,28.88],[121.627,28.881],[121.629,28.877],[121.628,28.871],[121.623,28.861],[121.621,28.856],[121.624,28.842],[121.628,28.841],[121.635,28.845],[121.642,28.846],[121.657,28.838],[121.662,28.833],[121.67,28.825],[121.654,28.812],[121.647,28.808],[121.636,28.805],[121.636,28.798],[121.663,28.798],[121.663,28.791],[121.651,28.788],[121.643,28.784],[121.636,28.779],[121.629,28.771],[121.626,28.768],[121.622,28.766],[121.618,28.762],[121.615,28.756],[121.62,28.748],[121.622,28.742],[121.621,28.736],[121.606,28.725],[121.503,28.7],[121.351,28.712],[121.334,28.717],[121.32,28.725],[121.306,28.736],[121.298,28.744],[121.295,28.748],[121.29,28.752],[121.279,28.756],[121.269,28.758],[121.246,28.76],[121.238,28.764],[121.235,28.77],[121.227,28.791],[121.224,28.798],[121.214,28.807],[121.208,28.81],[121.201,28.81],[121.19,28.812],[121.174,28.818],[121.163,28.825],[121.158,28.831],[121.156,28.838],[121.152,28.843],[121.142,28.846],[121.142,28.84],[121.16,28.814],[121.172,28.807],[121.193,28.805],[121.206,28.799],[121.218,28.786],[121.227,28.771],[121.231,28.76],[121.241,28.753],[121.286,28.738],[121.299,28.723],[121.299,28.701],[121.286,28.693],[121.27,28.687],[121.258,28.675],[121.328,28.692],[121.365,28.696],[121.381,28.682],[121.414,28.697],[121.455,28.69],[121.49,28.666],[121.51,28.657],[121.526,28.625],[121.53,28.599],[121.538,28.571],[121.549,28.551],[121.573,28.525],[121.582,28.505],[121.551,28.502],[121.535,28.503],[121.521,28.501],[121.512,28.489],[121.521,28.491],[121.545,28.492],[121.585,28.489],[121.608,28.477],[121.6,28.465],[121.584,28.454],[121.584,28.443],[121.593,28.431],[121.607,28.42],[121.616,28.397],[121.632,28.379],[121.629,28.364],[121.632,28.356],[121.634,28.347],[121.641,28.35],[121.648,28.348],[121.656,28.339],[121.642,28.322],[121.621,28.285],[121.608,28.27],[121.586,28.257],[121.578,28.26],[121.581,28.301],[121.567,28.304],[121.541,28.322],[121.522,28.327],[121.5,28.333],[121.473,28.331],[121.456,28.319],[121.448,28.316],[121.441,28.312],[121.437,28.306],[121.436,28.297],[121.43,28.297],[121.421,28.304],[121.409,28.305],[121.399,28.298],[121.396,28.284],[121.401,28.276],[121.411,28.274],[121.419,28.27],[121.416,28.256],[121.408,28.246],[121.399,28.244],[121.388,28.243],[121.375,28.236],[121.365,28.226],[121.361,28.215],[121.359,28.202],[121.354,28.188],[121.369,28.192],[121.375,28.195],[121.377,28.184],[121.374,28.173],[121.368,28.162],[121.361,28.154],[121.351,28.147],[121.346,28.145],[121.34,28.146],[121.33,28.148],[121.326,28.152],[121.309,28.175],[121.297,28.176],[121.288,28.181],[121.275,28.208],[121.262,28.226],[121.225,28.239],[121.249,28.27],[121.237,28.306],[121.203,28.332],[121.21,28.344],[121.218,28.352],[121.23,28.348],[121.244,28.349],[121.256,28.355],[121.265,28.366],[121.231,28.359],[121.214,28.361],[121.184,28.382],[121.169,28.385],[121.162,28.378],[121.169,28.36],[121.144,28.344],[121.13,28.306],[121.088,28.293],[121.072,28.292],[121.067,28.311],[121.059,28.311],[121.035,28.308],[121.025,28.305],[121.04,28.285],[121.058,28.28],[121.079,28.278],[121.122,28.284],[121.13,28.266],[121.125,28.236],[121.119,28.219],[121.109,28.2],[121.101,28.185],[121.086,28.167],[121.053,28.148],[121.031,28.126],[121.009,28.103],[121.002,28.086],[121.001,28.051],[120.994,28.026],[120.981,28.006],[120.965,27.987],[120.921,27.982],[120.898,27.993],[120.88,27.999],[120.856,27.997],[120.82,27.989],[120.801,27.993],[120.781,28.002],[120.763,28.014],[120.748,28.027],[120.731,28.036],[120.708,28.041],[120.662,28.045],[120.621,28.04],[120.606,28.042],[120.59,28.054],[120.585,28.096],[120.577,28.116],[120.56,28.113],[120.574,28.1],[120.58,28.09],[120.58,28.046],[120.582,28.034],[120.589,28.027],[120.604,28.024],[120.659,28.024],[120.674,28.022],[120.707,28.01],[120.739,27.983],[120.751,27.976],[120.835,27.956],[120.847,27.949],[120.854,27.935],[120.864,27.918],[120.863,27.903],[120.868,27.883],[120.852,27.858],[120.827,27.849],[120.807,27.835],[120.796,27.805],[120.77,27.773],[120.741,27.733],[120.723,27.716],[120.704,27.713],[120.687,27.727],[120.653,27.753],[120.635,27.763],[120.637,27.746],[120.645,27.734],[120.672,27.711],[120.674,27.704],[120.68,27.686],[120.67,27.677],[120.668,27.668],[120.673,27.66],[120.676,27.66],[120.666,27.625],[120.636,27.609],[120.618,27.594],[120.607,27.581],[120.597,27.57],[120.606,27.55],[120.614,27.53],[120.618,27.516],[120.633,27.507],[120.652,27.503],[120.662,27.503],[120.677,27.495],[120.682,27.482],[120.678,27.466],[120.666,27.452],[120.656,27.446],[120.65,27.446],[120.646,27.444],[120.638,27.424],[120.636,27.416],[120.639,27.408],[120.649,27.4],[120.639,27.384],[120.635,27.38],[120.623,27.38],[120.56,27.402],[120.546,27.403],[120.545,27.385],[120.54,27.365],[120.527,27.35],[120.505,27.345],[120.505,27.339],[120.517,27.337],[120.534,27.333],[120.547,27.328],[120.549,27.321],[120.546,27.315],[120.545,27.308],[120.546,27.294],[120.544,27.286],[120.539,27.282],[120.535,27.28],[120.532,27.277],[120.526,27.273],[120.521,27.268],[120.518,27.263],[120.52,27.262],[120.523,27.254],[120.526,27.239],[120.521,27.23],[120.512,27.224],[120.508,27.216],[120.518,27.202],[120.499,27.197],[120.481,27.186],[120.468,27.182],[120.463,27.198],[120.46,27.22],[120.45,27.223],[120.437,27.219],[120.422,27.222],[120.419,27.21],[120.419,27.206],[120.417,27.209],[120.413,27.266],[120.406,27.297],[120.399,27.311],[120.388,27.329],[120.358,27.367],[120.351,27.375],[120.344,27.38],[120.337,27.381],[120.331,27.381],[120.306,27.377],[120.299,27.378],[120.289,27.383],[120.266,27.402],[120.258,27.407],[120.249,27.41],[120.235,27.413],[120.212,27.414],[120.148,27.4],[120.128,27.391],[120.114,27.383],[120.074,27.349],[120.064,27.344],[120.058,27.342],[120.05,27.34],[120.038,27.34],[120.03,27.341],[120.023,27.343],[119.999,27.358],[119.991,27.36],[119.984,27.36],[119.979,27.358],[119.954,27.346],[119.947,27.338],[119.944,27.334],[119.94,27.33],[119.936,27.326],[119.931,27.325],[119.896,27.325],[119.89,27.324],[119.877,27.32],[119.867,27.318],[119.858,27.32],[119.848,27.324],[119.841,27.325],[119.835,27.325],[119.83,27.322],[119.826,27.319],[119.818,27.316],[119.806,27.313],[119.781,27.313],[119.77,27.316],[119.764,27.32],[119.762,27.325],[119.761,27.331],[119.761,27.337],[119.76,27.342],[119.759,27.347],[119.756,27.352],[119.745,27.363],[119.738,27.372],[119.733,27.378],[119.707,27.399],[119.693,27.411],[119.688,27.421],[119.687,27.426],[119.687,27.432],[119.691,27.471],[119.691,27.484],[119.689,27.5],[119.687,27.511],[119.683,27.518],[119.677,27.526],[119.664,27.537],[119.658,27.544],[119.654,27.551],[119.654,27.557],[119.655,27.57],[119.654,27.578],[119.648,27.586],[119.64,27.59],[119.627,27.594],[119.62,27.597],[119.614,27.601],[119.612,27.605],[119.61,27.61],[119.611,27.616],[119.612,27.622],[119.615,27.627],[119.621,27.637],[119.623,27.642],[119.625,27.647],[119.623,27.659],[119.616,27.666],[119.611,27.668],[119.604,27.669],[119.591,27.67],[119.564,27.675],[119.558,27.676],[119.551,27.675],[119.542,27.669],[119.53,27.658],[119.512,27.637],[119.505,27.625],[119.501,27.615],[119.501,27.604],[119.5,27.6],[119.496,27.593],[119.48,27.571],[119.478,27.566],[119.475,27.541],[119.473,27.535],[119.467,27.525],[119.46,27.52],[119.449,27.514],[119.418,27.502],[119.412,27.502],[119.407,27.508],[119.403,27.511],[119.397,27.512],[119.39,27.513],[119.382,27.51],[119.373,27.506],[119.356,27.498],[119.347,27.492],[119.341,27.483],[119.336,27.471],[119.331,27.466],[119.323,27.462],[119.289,27.453],[119.283,27.45],[119.278,27.445],[119.273,27.435],[119.266,27.424],[119.257,27.42],[119.243,27.418],[119.216,27.417],[119.186,27.42],[119.158,27.426],[119.133,27.434],[119.129,27.438],[119.125,27.444],[119.121,27.455],[119.117,27.461],[119.108,27.466],[119.102,27.466],[119.096,27.464],[119.092,27.461],[119.087,27.46],[119.081,27.46],[119.075,27.462],[119.059,27.47],[119.053,27.472],[119.005,27.48],[118.996,27.48],[118.99,27.48],[118.957,27.472],[118.948,27.472],[118.932,27.474],[118.919,27.477],[118.908,27.482],[118.899,27.488],[118.885,27.501],[118.884,27.505],[118.883,27.51],[118.885,27.52],[118.89,27.524],[118.896,27.525],[118.902,27.526],[118.907,27.527],[118.912,27.53],[118.916,27.533],[118.92,27.538],[118.922,27.544],[118.923,27.55],[118.894,27.652],[118.889,27.664],[118.885,27.668],[118.882,27.673],[118.881,27.679],[118.882,27.69],[118.885,27.697],[118.891,27.707],[118.891,27.714],[118.889,27.722],[118.884,27.733],[118.869,27.753],[118.862,27.766],[118.841,27.816],[118.835,27.845],[118.83,27.885],[118.827,27.897],[118.82,27.91],[118.814,27.917],[118.809,27.921],[118.788,27.932],[118.778,27.938],[118.756,27.96],[118.753,27.964],[118.75,27.968],[118.748,27.973],[118.746,28.011],[118.75,28.087],[118.753,28.101],[118.757,28.105],[118.76,28.109],[118.784,28.13],[118.786,28.136],[118.785,28.145],[118.778,28.16],[118.773,28.168],[118.769,28.174],[118.766,28.178],[118.765,28.183],[118.766,28.191],[118.77,28.195],[118.774,28.199],[118.789,28.206],[118.797,28.213],[118.8,28.217],[118.802,28.223],[118.801,28.231],[118.796,28.24],[118.782,28.254],[118.763,28.27],[118.753,28.284],[118.735,28.326],[118.725,28.318],[118.71,28.31],[118.705,28.307],[118.698,28.3],[118.69,28.296],[118.678,28.292],[118.629,28.284],[118.623,28.284],[118.617,28.288],[118.612,28.292],[118.609,28.296],[118.602,28.299],[118.592,28.299],[118.535,28.285],[118.529,28.281],[118.524,28.277],[118.516,28.262],[118.499,28.262],[118.446,28.289],[118.471,28.32],[118.473,28.326],[118.476,28.332],[118.474,28.354],[118.466,28.38],[118.465,28.471],[118.463,28.474],[118.46,28.478],[118.445,28.488],[118.44,28.493],[118.439,28.497],[118.439,28.499],[118.44,28.5],[118.448,28.505],[118.453,28.509],[118.458,28.517],[118.457,28.523],[118.455,28.527],[118.434,28.551],[118.431,28.555],[118.428,28.563],[118.416,28.604],[118.415,28.612],[118.416,28.624],[118.426,28.662],[118.428,28.679],[118.428,28.689],[118.426,28.695],[118.422,28.699],[118.419,28.703],[118.414,28.706],[118.409,28.709],[118.394,28.726],[118.372,28.799],[118.346,28.814],[118.322,28.823],[118.31,28.83],[118.303,28.836],[118.301,28.84],[118.294,28.861],[118.293,28.872],[118.29,28.88],[118.284,28.89],[118.272,28.909],[118.265,28.917],[118.258,28.923],[118.252,28.925],[118.228,28.928],[118.225,28.932],[118.224,28.937],[118.228,28.948],[118.229,28.955],[118.227,28.958],[118.224,28.96],[118.202,28.971],[118.129,29.024],[118.064,29.051],[118.052,29.075],[118.043,29.085],[118.032,29.092],[118.01,29.113],[118.002,29.125],[117.999,29.134],[118,29.141],[118.001,29.144],[118.047,29.21],[118.05,29.216],[118.056,29.241],[118.052,29.275],[118.074,29.287],[118.116,29.292],[118.126,29.294],[118.132,29.298],[118.139,29.307],[118.163,29.33],[118.173,29.342],[118.181,29.357],[118.182,29.363],[118.184,29.369],[118.184,29.375],[118.183,29.381],[118.179,29.402],[118.175,29.408],[118.283,29.435],[118.311,29.447],[118.312,29.452],[118.312,29.457],[118.31,29.462],[118.308,29.466],[118.306,29.472],[118.307,29.478],[118.313,29.487],[118.32,29.491],[118.327,29.492],[118.333,29.49],[118.339,29.488],[118.344,29.485],[118.348,29.481],[118.351,29.477],[118.357,29.469],[118.364,29.461],[118.373,29.453],[118.389,29.456],[118.394,29.46],[118.399,29.466],[118.41,29.484],[118.416,29.49],[118.421,29.494],[118.461,29.517],[118.47,29.524],[118.497,29.561],[118.557,29.625],[118.595,29.648],[118.605,29.652],[118.611,29.654],[118.64,29.656],[118.648,29.658],[118.724,29.73],[118.729,29.737],[118.731,29.744],[118.733,29.75],[118.733,29.757],[118.733,29.763],[118.73,29.773],[118.724,29.788],[118.724,29.795],[118.726,29.803],[118.731,29.816],[118.736,29.823],[118.741,29.828],[118.82,29.88],[118.828,29.887],[118.833,29.893],[118.835,29.898],[118.839,29.919],[118.841,29.927],[118.846,29.937],[118.851,29.942],[118.884,29.967],[118.891,29.975],[118.894,29.983],[118.894,29.989],[118.894,30.001],[118.893,30.007],[118.876,30.082],[118.871,30.098],[118.87,30.103],[118.869,30.109],[118.869,30.115],[118.871,30.122],[118.873,30.128],[118.879,30.142],[118.88,30.147],[118.878,30.152],[118.874,30.155],[118.867,30.157],[118.853,30.159],[118.86,30.173],[118.896,30.203],[118.905,30.214],[118.909,30.222],[118.898,30.251],[118.879,30.288],[118.878,30.292],[118.876,30.299],[118.876,30.311],[118.878,30.319],[118.881,30.324],[118.89,30.331],[118.899,30.336],[118.935,30.352],[118.941,30.354],[118.947,30.355],[118.954,30.355],[118.962,30.354],[118.969,30.352],[118.975,30.35],[118.98,30.348],[119.005,30.332],[119.034,30.321],[119.044,30.315],[119.05,30.313],[119.058,30.312],[119.118,30.315],[119.166,30.31],[119.173,30.31],[119.198,30.314],[119.204,30.314],[119.211,30.314],[119.216,30.311],[119.224,30.304],[119.229,30.3],[119.238,30.299],[119.243,30.301],[119.247,30.305],[119.262,30.329],[119.269,30.337],[119.28,30.346],[119.307,30.362],[119.32,30.369],[119.331,30.372],[119.343,30.373],[119.392,30.368],[119.397,30.379],[119.394,30.382],[119.391,30.386],[119.375,30.395],[119.363,30.404],[119.359,30.412],[119.358,30.421],[119.358,30.441],[119.353,30.449],[119.348,30.457],[119.338,30.468],[119.334,30.476],[119.332,30.483],[119.332,30.499],[119.33,30.509],[119.326,30.515],[119.321,30.518],[119.316,30.519],[119.311,30.519],[119.306,30.519],[119.282,30.513],[119.274,30.514],[119.266,30.517],[119.254,30.524],[119.249,30.529],[119.245,30.535],[119.243,30.54],[119.242,30.545],[119.242,30.551],[119.243,30.557],[119.246,30.561],[119.251,30.564],[119.261,30.568],[119.265,30.573],[119.268,30.58],[119.267,30.595],[119.269,30.603],[119.272,30.608],[119.277,30.611],[119.306,30.619],[119.311,30.621],[119.316,30.624],[119.32,30.627],[119.324,30.632],[119.339,30.664],[119.342,30.669],[119.346,30.672],[119.351,30.675],[119.36,30.68],[119.371,30.685],[119.377,30.686],[119.384,30.685],[119.389,30.683],[119.394,30.68],[119.397,30.676],[119.4,30.672],[119.402,30.667],[119.404,30.656],[119.406,30.651],[119.409,30.647],[119.412,30.643],[119.418,30.64],[119.424,30.638],[119.431,30.637],[119.438,30.637],[119.443,30.639],[119.448,30.643],[119.451,30.648],[119.465,30.678],[119.488,30.719],[119.491,30.73],[119.492,30.74],[119.493,30.754],[119.495,30.762],[119.498,30.767],[119.501,30.769],[119.523,30.78],[119.533,30.786],[119.537,30.79],[119.541,30.796],[119.55,30.813],[119.557,30.825],[119.567,30.836],[119.575,30.847],[119.578,30.855],[119.58,30.862],[119.579,30.867],[119.577,30.879],[119.621,31.049],[119.63,31.133],[119.653,31.159],[119.663,31.163],[119.674,31.166],[119.7,31.166],[119.721,31.169],[119.74,31.176],[119.754,31.178],[119.764,31.176],[119.772,31.171],[119.78,31.165],[119.789,31.16],[119.804,31.159],[119.818,31.161],[119.836,31.166],[119.854,31.169],[119.88,31.17],[119.897,31.168],[119.909,31.165],[119.932,31.15],[119.936,31.138],[119.937,31.113],[119.939,31.099],[119.943,31.087],[119.962,31.068],[120.026,31.022],[120.051,30.995],[120.129,30.943],[120.213,30.921],[120.304,30.93],[120.355,30.938],[120.362,30.939],[120.365,30.935],[120.367,30.93],[120.368,30.913],[120.369,30.906],[120.371,30.899],[120.377,30.891],[120.383,30.888],[120.39,30.887],[120.403,30.889],[120.409,30.89],[120.414,30.893],[120.423,30.901],[120.432,30.903],[120.438,30.901],[120.442,30.898],[120.447,30.89],[120.475,30.809],[120.476,30.803],[120.491,30.764],[120.534,30.801],[120.578,30.846],[120.592,30.856],[120.604,30.86],[120.62,30.858],[120.635,30.858],[120.644,30.86],[120.696,30.88],[120.705,30.882],[120.708,30.886],[120.709,30.891],[120.707,30.914],[120.701,30.934],[120.698,30.939],[120.696,30.943],[120.692,30.947],[120.687,30.95],[120.683,30.954],[120.68,30.959],[120.682,30.969],[120.687,30.973],[120.692,30.977],[120.698,30.978],[120.726,30.978],[120.736,30.979],[120.746,30.982],[120.773,30.994],[120.781,30.997],[120.834,31.002],[120.844,31.001],[120.87,30.995],[120.878,30.994],[120.888,30.995],[120.894,30.998],[120.909,31.012],[120.94,31.013],[120.955,31.012],[120.969,31.009],[120.976,31.006],[120.981,31.001],[120.984,30.992],[120.984,30.985],[120.981,30.973],[120.981,30.967],[120.982,30.961],[120.993,30.932],[120.993,30.926],[120.993,30.921],[120.99,30.916],[120.984,30.907],[120.981,30.903],[120.979,30.897],[120.979,30.892],[120.981,30.888],[120.994,30.873],[120.997,30.867],[120.997,30.861],[120.995,30.856],[120.985,30.842],[120.982,30.837],[120.981,30.832],[120.985,30.826],[120.993,30.821],[121.031,30.809],[121.038,30.808],[121.044,30.809],[121.049,30.812],[121.053,30.815],[121.056,30.82],[121.061,30.831],[121.064,30.835],[121.068,30.839],[121.073,30.842],[121.079,30.843],[121.085,30.844],[121.094,30.841],[121.104,30.834],[121.126,30.808],[121.13,30.801],[121.134,30.796],[121.14,30.791],[121.154,30.787],[121.163,30.785],[121.171,30.785],[121.183,30.787],[121.19,30.787],[121.197,30.786],[121.204,30.785],[121.211,30.783],[121.226,30.774],[121.235,30.767],[121.241,30.762],[121.256,30.744],[121.266,30.726],[121.275,30.691]]],[[[121.958,29.12],[121.959,29.108],[121.958,29.102],[121.935,29.063],[121.925,29.063],[121.912,29.071],[121.889,29.072],[121.9,29.094],[121.888,29.11],[121.872,29.127],[121.868,29.147],[121.881,29.16],[121.903,29.167],[121.927,29.167],[121.943,29.161],[121.952,29.152],[121.955,29.144],[121.958,29.12]]],[[[122.143,29.733],[122.177,29.697],[122.187,29.673],[122.163,29.655],[122.17,29.675],[122.165,29.673],[122.149,29.669],[122.149,29.682],[122.139,29.673],[122.133,29.669],[122.127,29.669],[122.125,29.673],[122.123,29.686],[122.121,29.692],[122.115,29.698],[122.109,29.704],[122.104,29.711],[122.102,29.72],[122.093,29.726],[122.074,29.724],[122.057,29.72],[122.053,29.716],[122.045,29.717],[122.04,29.716],[122.036,29.717],[122.033,29.723],[122.033,29.731],[122.035,29.74],[122.039,29.748],[122.043,29.751],[122.049,29.756],[122.057,29.768],[122.068,29.78],[122.084,29.785],[122.098,29.787],[122.107,29.79],[122.115,29.789],[122.122,29.779],[122.124,29.771],[122.121,29.758],[122.122,29.751],[122.126,29.745],[122.14,29.735],[122.143,29.733]]],[[[122.395,29.884],[122.392,29.876],[122.387,29.871],[122.383,29.865],[122.386,29.857],[122.394,29.848],[122.396,29.843],[122.395,29.833],[122.385,29.835],[122.377,29.839],[122.365,29.85],[122.357,29.862],[122.359,29.87],[122.365,29.876],[122.369,29.884],[122.367,29.896],[122.362,29.904],[122.354,29.911],[122.334,29.921],[122.325,29.928],[122.321,29.937],[122.322,29.948],[122.325,29.954],[122.33,29.958],[122.335,29.961],[122.342,29.963],[122.346,29.949],[122.359,29.946],[122.389,29.949],[122.401,29.953],[122.407,29.953],[122.409,29.946],[122.409,29.937],[122.407,29.931],[122.403,29.926],[122.395,29.922],[122.41,29.911],[122.408,29.9],[122.395,29.884]]],[[[121.882,30.076],[121.885,30.061],[121.893,30.056],[121.902,30.054],[121.909,30.045],[121.91,30.024],[121.903,30.002],[121.89,29.984],[121.872,29.977],[121.86,29.978],[121.847,29.982],[121.836,29.989],[121.829,29.998],[121.827,30.004],[121.829,30.009],[121.832,30.014],[121.835,30.019],[121.836,30.026],[121.834,30.039],[121.835,30.045],[121.837,30.056],[121.848,30.083],[121.853,30.087],[121.865,30.086],[121.876,30.082],[121.882,30.076]]],[[[122.327,30.024],[122.327,30.011],[122.321,30.006],[122.313,30.003],[122.307,29.997],[122.303,29.986],[122.301,29.976],[122.3,29.952],[122.294,29.934],[122.278,29.94],[122.246,29.97],[122.229,29.979],[122.185,29.994],[122.144,30],[122.099,30.014],[122.077,30.018],[122.065,30.016],[122.049,30.007],[122.035,30.002],[122.031,29.999],[122.026,29.997],[122.019,29.997],[122.011,30],[122.01,30.004],[122.012,30.008],[122.012,30.011],[122.011,30.015],[122.014,30.026],[122.012,30.032],[122.009,30.033],[121.995,30.037],[121.992,30.038],[121.977,30.054],[121.973,30.06],[121.972,30.068],[121.974,30.073],[121.977,30.077],[121.98,30.085],[121.981,30.09],[121.978,30.107],[121.966,30.13],[121.963,30.142],[121.975,30.148],[122.087,30.148],[122.103,30.144],[122.117,30.136],[122.132,30.124],[122.141,30.121],[122.165,30.121],[122.17,30.117],[122.174,30.102],[122.182,30.099],[122.194,30.1],[122.204,30.1],[122.229,30.092],[122.239,30.087],[122.245,30.08],[122.25,30.073],[122.256,30.068],[122.27,30.066],[122.29,30.067],[122.297,30.063],[122.3,30.049],[122.304,30.042],[122.323,30.032],[122.327,30.024]]],[[[121.074,27.479],[121.083,27.473],[121.094,27.467],[121.103,27.46],[121.103,27.452],[121.093,27.453],[121.075,27.457],[121.066,27.455],[121.069,27.447],[121.077,27.438],[121.067,27.437],[121.059,27.444],[121.05,27.456],[121.046,27.465],[121.053,27.473],[121.074,27.479]]],[[[121.182,27.865],[121.188,27.864],[121.19,27.855],[121.189,27.848],[121.188,27.846],[121.185,27.844],[121.18,27.842],[121.175,27.844],[121.173,27.841],[121.175,27.826],[121.171,27.819],[121.16,27.819],[121.147,27.824],[121.138,27.825],[121.13,27.821],[121.116,27.818],[121.098,27.818],[121.096,27.828],[121.114,27.844],[121.133,27.847],[121.149,27.846],[121.157,27.849],[121.153,27.853],[121.154,27.856],[121.159,27.858],[121.168,27.86],[121.182,27.865]]],[[[121.049,27.951],[121.045,27.952],[121.04,27.958],[121.045,27.967],[121.065,27.981],[121.07,27.983],[121.076,27.981],[121.081,27.981],[121.111,27.984],[121.127,27.977],[121.14,27.966],[121.139,27.957],[121.126,27.951],[121.103,27.946],[121.093,27.948],[121.083,27.955],[121.072,27.957],[121.049,27.951]]],[[[121.862,29.13],[121.865,29.124],[121.867,29.116],[121.861,29.107],[121.854,29.098],[121.842,29.095],[121.837,29.1],[121.827,29.108],[121.814,29.115],[121.803,29.119],[121.793,29.119],[121.786,29.12],[121.783,29.125],[121.784,29.133],[121.786,29.144],[121.79,29.15],[121.796,29.149],[121.844,29.142],[121.857,29.134],[121.862,29.13]]],[[[122.305,29.817],[122.312,29.795],[122.315,29.784],[122.308,29.776],[122.296,29.779],[122.272,29.792],[122.265,29.798],[122.251,29.806],[122.238,29.824],[122.233,29.828],[122.232,29.836],[122.248,29.846],[122.271,29.847],[122.284,29.843],[122.312,29.829],[122.31,29.825],[122.305,29.817]]],[[[121.972,29.945],[121.987,29.93],[121.994,29.919],[121.992,29.908],[121.974,29.9],[121.946,29.904],[121.934,29.921],[121.941,29.938],[121.952,29.948],[121.96,29.953],[121.966,29.952],[121.97,29.947],[121.972,29.945]]],[[[122.346,30.242],[122.329,30.239],[122.316,30.24],[122.305,30.24],[122.295,30.237],[122.283,30.235],[122.278,30.236],[122.278,30.241],[122.287,30.248],[122.303,30.252],[122.313,30.26],[122.319,30.268],[122.324,30.272],[122.332,30.274],[122.342,30.274],[122.383,30.277],[122.4,30.275],[122.408,30.266],[122.411,30.255],[122.409,30.244],[122.396,30.239],[122.385,30.25],[122.384,30.262],[122.381,30.264],[122.375,30.262],[122.357,30.248],[122.346,30.242]]],[[[122.529,30.721],[122.526,30.714],[122.531,30.704],[122.525,30.702],[122.493,30.703],[122.487,30.702],[122.474,30.703],[122.467,30.699],[122.463,30.696],[122.461,30.694],[122.455,30.694],[122.445,30.697],[122.432,30.698],[122.427,30.704],[122.433,30.715],[122.435,30.727],[122.429,30.738],[122.43,30.743],[122.441,30.741],[122.458,30.731],[122.473,30.717],[122.484,30.715],[122.496,30.717],[122.502,30.719],[122.51,30.721],[122.525,30.724],[122.529,30.721]]]]}}]}
