{"type":"FeatureCollection","features":[{"type":"Feature","id":"CO-AMA","properties":{"id":"CO-AMA","countryCode":"CO","isoSubdivision":"CO-AMA","name":"Amazonas","name_en":"Amazonas","name_ko":"아마소나스","type":"Commissiary","labelLongitude":-71.917,"labelLatitude":-1.26,"minZoom":6.7},"geometry":{"type":"Polygon","coordinates":[[[-69.421,-1.239],[-69.418,-1.284],[-69.435,-1.376],[-69.434,-1.422],[-69.452,-1.491],[-69.452,-1.511],[-69.466,-1.561],[-69.478,-1.622],[-69.507,-1.784],[-69.536,-1.945],[-69.566,-2.106],[-69.595,-2.267],[-69.624,-2.428],[-69.654,-2.589],[-69.683,-2.751],[-69.712,-2.912],[-69.742,-3.073],[-69.771,-3.234],[-69.8,-3.395],[-69.83,-3.557],[-69.859,-3.718],[-69.889,-3.879],[-69.918,-4.04],[-69.947,-4.201],[-69.948,-4.203],[-69.949,-4.206],[-69.951,-4.208],[-69.952,-4.21],[-69.953,-4.212],[-69.954,-4.214],[-69.955,-4.217],[-69.956,-4.219],[-69.957,-4.221],[-69.958,-4.223],[-69.959,-4.225],[-69.961,-4.228],[-69.962,-4.23],[-69.963,-4.232],[-69.964,-4.234],[-69.965,-4.236],[-69.993,-4.181],[-70.01,-4.155],[-70.031,-4.132],[-70.06,-4.107],[-70.162,-4.056],[-70.188,-4.029],[-70.199,-3.996],[-70.205,-3.96],[-70.217,-3.925],[-70.241,-3.891],[-70.274,-3.857],[-70.311,-3.829],[-70.35,-3.816],[-70.378,-3.819],[-70.399,-3.832],[-70.439,-3.868],[-70.464,-3.879],[-70.491,-3.878],[-70.544,-3.865],[-70.555,-3.858],[-70.691,-3.787],[-70.734,-3.782],[-70.701,-3.73],[-70.622,-3.607],[-70.544,-3.485],[-70.465,-3.363],[-70.387,-3.24],[-70.308,-3.118],[-70.23,-2.995],[-70.152,-2.873],[-70.073,-2.751],[-70.051,-2.715],[-70.05,-2.714],[-70.056,-2.712],[-70.067,-2.703],[-70.076,-2.691],[-70.082,-2.677],[-70.095,-2.633],[-70.106,-2.625],[-70.126,-2.639],[-70.132,-2.648],[-70.136,-2.659],[-70.142,-2.667],[-70.15,-2.669],[-70.16,-2.664],[-70.161,-2.655],[-70.161,-2.645],[-70.164,-2.635],[-70.184,-2.62],[-70.201,-2.624],[-70.218,-2.632],[-70.236,-2.625],[-70.247,-2.607],[-70.261,-2.565],[-70.274,-2.546],[-70.296,-2.535],[-70.315,-2.542],[-70.335,-2.554],[-70.36,-2.561],[-70.365,-2.558],[-70.371,-2.55],[-70.376,-2.541],[-70.376,-2.533],[-70.372,-2.528],[-70.355,-2.522],[-70.35,-2.518],[-70.345,-2.497],[-70.358,-2.487],[-70.379,-2.485],[-70.4,-2.485],[-70.411,-2.487],[-70.435,-2.498],[-70.445,-2.499],[-70.457,-2.493],[-70.463,-2.484],[-70.466,-2.474],[-70.472,-2.463],[-70.484,-2.453],[-70.502,-2.444],[-70.521,-2.438],[-70.538,-2.436],[-70.553,-2.428],[-70.566,-2.414],[-70.579,-2.405],[-70.596,-2.417],[-70.599,-2.426],[-70.598,-2.437],[-70.599,-2.447],[-70.606,-2.451],[-70.648,-2.451],[-70.654,-2.445],[-70.656,-2.433],[-70.656,-2.419],[-70.658,-2.409],[-70.664,-2.398],[-70.695,-2.372],[-70.699,-2.37],[-70.699,-2.341],[-70.701,-2.333],[-70.707,-2.328],[-70.732,-2.325],[-70.751,-2.321],[-70.788,-2.307],[-70.822,-2.285],[-70.874,-2.23],[-70.905,-2.211],[-70.925,-2.22],[-70.95,-2.215],[-70.993,-2.197],[-71.021,-2.197],[-71.032,-2.211],[-71.03,-2.234],[-71.021,-2.259],[-71.03,-2.264],[-71.041,-2.265],[-71.054,-2.263],[-71.079,-2.248],[-71.092,-2.247],[-71.12,-2.252],[-71.143,-2.263],[-71.162,-2.31],[-71.19,-2.325],[-71.209,-2.339],[-71.22,-2.342],[-71.23,-2.338],[-71.242,-2.329],[-71.253,-2.327],[-71.268,-2.332],[-71.289,-2.343],[-71.308,-2.348],[-71.315,-2.334],[-71.387,-2.369],[-71.421,-2.376],[-71.432,-2.355],[-71.428,-2.348],[-71.414,-2.335],[-71.412,-2.327],[-71.415,-2.316],[-71.439,-2.286],[-71.456,-2.255],[-71.467,-2.251],[-71.481,-2.266],[-71.49,-2.303],[-71.498,-2.315],[-71.514,-2.307],[-71.521,-2.292],[-71.522,-2.25],[-71.527,-2.232],[-71.538,-2.223],[-71.596,-2.211],[-71.617,-2.2],[-71.635,-2.186],[-71.655,-2.174],[-71.679,-2.17],[-71.712,-2.187],[-71.731,-2.19],[-71.74,-2.173],[-71.738,-2.138],[-71.746,-2.132],[-71.768,-2.142],[-71.826,-2.179],[-71.836,-2.18],[-71.841,-2.19],[-71.877,-2.245],[-71.924,-2.282],[-71.932,-2.29],[-71.936,-2.312],[-71.949,-2.324],[-71.966,-2.328],[-72.029,-2.32],[-72.062,-2.32],[-72.089,-2.331],[-72.117,-2.355],[-72.161,-2.406],[-72.176,-2.41],[-72.241,-2.395],[-72.251,-2.396],[-72.277,-2.402],[-72.282,-2.406],[-72.281,-2.426],[-72.284,-2.433],[-72.292,-2.436],[-72.316,-2.438],[-72.356,-2.449],[-72.378,-2.451],[-72.397,-2.447],[-72.414,-2.437],[-72.428,-2.425],[-72.433,-2.413],[-72.442,-2.405],[-72.544,-2.389],[-72.563,-2.383],[-72.608,-2.346],[-72.626,-2.337],[-72.644,-2.334],[-72.657,-2.35],[-72.683,-2.405],[-72.696,-2.417],[-72.712,-2.422],[-72.718,-2.42],[-72.722,-2.394],[-72.725,-2.383],[-72.729,-2.375],[-72.734,-2.368],[-72.746,-2.373],[-72.754,-2.381],[-72.759,-2.39],[-72.762,-2.402],[-72.788,-2.384],[-72.805,-2.378],[-72.829,-2.39],[-72.858,-2.4],[-72.87,-2.412],[-72.884,-2.417],[-72.926,-2.425],[-72.935,-2.425],[-72.943,-2.419],[-72.953,-2.402],[-72.97,-2.356],[-72.984,-2.343],[-72.988,-2.338],[-73.056,-2.3],[-73.059,-2.311],[-73.071,-2.333],[-73.084,-2.345],[-73.09,-2.324],[-73.099,-2.315],[-73.142,-2.304],[-73.159,-2.293],[-73.161,-2.285],[-73.166,-2.256],[-73.169,-2.25],[-73.183,-2.24],[-73.186,-2.235],[-73.188,-2.229],[-73.198,-2.214],[-73.2,-2.204],[-73.199,-2.194],[-73.195,-2.187],[-73.186,-2.176],[-73.15,-2.144],[-73.141,-2.122],[-73.111,-2.073],[-73.125,-2.061],[-73.132,-2.04],[-73.138,-2.017],[-73.145,-1.998],[-73.162,-1.972],[-73.169,-1.959],[-73.173,-1.944],[-73.171,-1.93],[-73.161,-1.904],[-73.159,-1.895],[-73.165,-1.878],[-73.188,-1.851],[-73.194,-1.837],[-73.186,-1.8],[-73.193,-1.789],[-73.201,-1.783],[-73.211,-1.779],[-73.22,-1.772],[-73.247,-1.742],[-73.257,-1.742],[-73.261,-1.769],[-73.268,-1.772],[-73.301,-1.764],[-73.317,-1.765],[-73.333,-1.781],[-73.34,-1.792],[-73.351,-1.791],[-73.375,-1.769],[-73.387,-1.761],[-73.399,-1.759],[-73.41,-1.76],[-73.424,-1.758],[-73.435,-1.76],[-73.44,-1.759],[-73.442,-1.755],[-73.445,-1.742],[-73.446,-1.738],[-73.511,-1.699],[-73.531,-1.674],[-73.529,-1.635],[-73.517,-1.602],[-73.509,-1.587],[-73.485,-1.572],[-73.484,-1.553],[-73.494,-1.512],[-73.495,-1.498],[-73.495,-1.488],[-73.497,-1.478],[-73.505,-1.467],[-73.526,-1.452],[-73.537,-1.434],[-73.574,-1.417],[-73.583,-1.402],[-73.568,-1.383],[-73.563,-1.372],[-73.579,-1.365],[-73.584,-1.358],[-73.589,-1.35],[-73.591,-1.343],[-73.592,-1.322],[-73.594,-1.313],[-73.597,-1.306],[-73.601,-1.305],[-73.614,-1.307],[-73.618,-1.306],[-73.62,-1.302],[-73.622,-1.291],[-73.629,-1.275],[-73.631,-1.264],[-73.637,-1.255],[-73.66,-1.248],[-73.679,-1.234],[-73.69,-1.231],[-73.713,-1.227],[-73.732,-1.217],[-73.746,-1.201],[-73.755,-1.183],[-73.77,-1.189],[-73.786,-1.214],[-73.803,-1.224],[-73.814,-1.223],[-73.83,-1.22],[-73.857,-1.211],[-73.871,-1.201],[-73.881,-1.191],[-73.899,-1.163],[-73.914,-1.123],[-73.92,-1.114],[-73.936,-1.108],[-73.968,-1.115],[-73.981,-1.107],[-73.983,-1.099],[-73.973,-1.082],[-73.974,-1.073],[-73.983,-1.066],[-73.988,-1.069],[-73.991,-1.075],[-73.995,-1.08],[-74.006,-1.085],[-74.011,-1.09],[-74.017,-1.092],[-74.029,-1.086],[-74.037,-1.08],[-74.042,-1.071],[-74.065,-1.001],[-74.077,-0.991],[-74.092,-1.02],[-74.12,-1.021],[-74.181,-0.998],[-74.24,-0.987],[-74.267,-0.972],[-74.289,-0.943],[-74.303,-0.898],[-74.313,-0.884],[-74.338,-0.868],[-74.344,-0.859],[-74.338,-0.847],[-74.325,-0.845],[-74.309,-0.847],[-74.295,-0.847],[-74.289,-0.836],[-74.295,-0.824],[-74.305,-0.813],[-74.311,-0.801],[-74.303,-0.785],[-74.311,-0.782],[-74.328,-0.782],[-74.338,-0.779],[-74.344,-0.774],[-74.378,-0.737],[-74.385,-0.722],[-74.385,-0.703],[-74.38,-0.694],[-74.367,-0.683],[-74.365,-0.676],[-74.413,-0.573],[-74.415,-0.564],[-73.864,-0.393],[-73.787,-0.407],[-73.77,-0.407],[-73.756,-0.402],[-73.728,-0.387],[-73.714,-0.387],[-73.696,-0.394],[-73.667,-0.413],[-73.661,-0.415],[-73.655,-0.415],[-73.649,-0.417],[-73.644,-0.422],[-73.642,-0.429],[-73.646,-0.447],[-73.644,-0.454],[-73.64,-0.458],[-73.637,-0.46],[-73.633,-0.462],[-73.629,-0.463],[-73.618,-0.462],[-73.607,-0.461],[-73.596,-0.462],[-73.586,-0.471],[-73.575,-0.5],[-73.567,-0.513],[-73.554,-0.521],[-73.479,-0.533],[-73.435,-0.529],[-73.389,-0.531],[-73.367,-0.527],[-73.349,-0.518],[-73.341,-0.51],[-73.332,-0.507],[-73.315,-0.513],[-73.281,-0.538],[-73.244,-0.575],[-73.205,-0.605],[-73.165,-0.608],[-73.131,-0.601],[-73.104,-0.6],[-73.081,-0.594],[-73.058,-0.57],[-72.997,-0.527],[-72.885,-0.602],[-72.815,-0.588],[-72.779,-0.564],[-72.75,-0.559],[-72.721,-0.572],[-72.616,-0.657],[-72.59,-0.673],[-72.564,-0.685],[-72.55,-0.683],[-72.539,-0.67],[-72.526,-0.649],[-72.478,-0.594],[-72.447,-0.567],[-72.422,-0.557],[-72.39,-0.575],[-72.36,-0.606],[-72.325,-0.629],[-72.28,-0.621],[-72.254,-0.6],[-72.242,-0.587],[-72.238,-0.568],[-72.237,-0.562],[-72.239,-0.533],[-72.239,-0.499],[-72.232,-0.467],[-72.214,-0.441],[-72.193,-0.418],[-72.175,-0.394],[-72.143,-0.342],[-72.129,-0.326],[-72.075,-0.297],[-72.037,-0.26],[-72.012,-0.248],[-71.981,-0.244],[-71.845,-0.246],[-71.806,-0.238],[-71.774,-0.225],[-71.753,-0.203],[-71.739,-0.173],[-71.728,-0.13],[-71.689,-0.086],[-71.626,-0.043],[-71.441,0.038],[-71.39,0.067],[-71.322,0.133],[-71.299,0.111],[-71.285,0.104],[-71.268,0.098],[-71.252,0.096],[-71.235,0.097],[-71.194,0.115],[-71.174,0.116],[-71.159,0.095],[-71.15,0.054],[-71.14,0.038],[-71.119,0.028],[-71.099,0.022],[-71.06,0.003],[-71.042,-0.003],[-71.031,-0.001],[-71.009,0.009],[-70.997,0.009],[-70.984,0.001],[-70.972,-0.013],[-70.942,-0.056],[-70.935,-0.071],[-70.93,-0.087],[-70.929,-0.104],[-70.934,-0.122],[-70.94,-0.134],[-70.939,-0.146],[-70.901,-0.194],[-70.877,-0.26],[-70.853,-0.313],[-70.847,-0.321],[-70.839,-0.324],[-70.803,-0.325],[-70.787,-0.322],[-70.775,-0.314],[-70.77,-0.298],[-70.761,-0.281],[-70.741,-0.279],[-70.719,-0.287],[-70.701,-0.296],[-70.672,-0.319],[-70.661,-0.324],[-70.65,-0.325],[-70.627,-0.321],[-70.616,-0.321],[-70.602,-0.329],[-70.582,-0.354],[-70.567,-0.36],[-70.517,-0.356],[-70.501,-0.36],[-70.485,-0.371],[-70.47,-0.388],[-70.457,-0.407],[-70.45,-0.425],[-70.45,-0.442],[-70.453,-0.457],[-70.448,-0.466],[-70.406,-0.464],[-70.354,-0.475],[-70.334,-0.472],[-70.327,-0.46],[-70.33,-0.434],[-70.319,-0.421],[-70.299,-0.41],[-70.28,-0.405],[-70.261,-0.405],[-70.239,-0.411],[-70.216,-0.423],[-70.212,-0.435],[-70.221,-0.447],[-70.284,-0.506],[-70.305,-0.534],[-70.304,-0.557],[-70.293,-0.557],[-70.277,-0.552],[-70.26,-0.551],[-70.244,-0.564],[-70.24,-0.581],[-70.241,-0.601],[-70.246,-0.64],[-70.246,-0.658],[-70.243,-0.673],[-70.233,-0.705],[-70.235,-0.72],[-70.247,-0.73],[-70.263,-0.739],[-70.273,-0.752],[-70.264,-0.788],[-70.233,-0.821],[-70.213,-0.852],[-70.235,-0.887],[-70.265,-0.905],[-70.276,-0.917],[-70.28,-0.934],[-70.274,-0.952],[-70.26,-0.974],[-70.242,-0.988],[-70.224,-0.985],[-70.2,-0.961],[-70.186,-0.956],[-70.179,-0.969],[-70.182,-0.983],[-70.195,-1.01],[-70.196,-1.023],[-70.187,-1.033],[-70.138,-1.071],[-70.119,-1.076],[-70.099,-1.073],[-70.081,-1.063],[-70.072,-1.044],[-70.084,-1.018],[-70.11,-0.997],[-70.124,-0.974],[-70.1,-0.942],[-70.083,-0.934],[-70.071,-0.934],[-70.051,-0.944],[-70.047,-0.946],[-70.043,-0.947],[-70.039,-0.947],[-70.034,-0.947],[-70.021,-0.939],[-70.012,-0.927],[-70.002,-0.921],[-69.971,-0.936],[-69.956,-0.932],[-69.941,-0.923],[-69.925,-0.917],[-69.903,-0.916],[-69.897,-0.924],[-69.901,-0.937],[-69.909,-0.95],[-69.914,-0.955],[-69.926,-0.965],[-69.932,-0.972],[-69.933,-0.977],[-69.933,-0.992],[-69.933,-0.998],[-69.947,-1.029],[-69.947,-1.043],[-69.931,-1.055],[-69.912,-1.057],[-69.895,-1.048],[-69.88,-1.035],[-69.865,-1.026],[-69.84,-1.026],[-69.795,-1.044],[-69.774,-1.044],[-69.763,-1.035],[-69.755,-1.008],[-69.747,-0.997],[-69.732,-0.992],[-69.716,-0.995],[-69.703,-1.003],[-69.662,-1.04],[-69.649,-1.055],[-69.644,-1.072],[-69.648,-1.09],[-69.655,-1.106],[-69.66,-1.122],[-69.658,-1.142],[-69.651,-1.16],[-69.642,-1.167],[-69.631,-1.165],[-69.579,-1.136],[-69.564,-1.137],[-69.494,-1.172],[-69.48,-1.174],[-69.475,-1.176],[-69.465,-1.18],[-69.459,-1.187],[-69.455,-1.2],[-69.422,-1.238],[-69.421,-1.239]]]}},{"type":"Feature","id":"CO-ANT","properties":{"id":"CO-ANT","countryCode":"CO","isoSubdivision":"CO-ANT","name":"Antioquia","name_en":"Antioquia","name_ko":"안티오키아","type":"Department","labelLongitude":-75.507,"labelLatitude":6.704,"minZoom":6.7},"geometry":{"type":"Polygon","coordinates":[[[-76.985,8.256],[-76.976,8.254],[-76.97,8.267],[-76.962,8.267],[-76.956,8.257],[-76.956,8.24],[-76.963,8.24],[-76.966,8.243],[-76.97,8.246],[-76.97,8.221],[-76.963,8.204],[-76.951,8.197],[-76.935,8.205],[-76.935,8.185],[-76.922,8.199],[-76.918,8.189],[-76.927,8.173],[-76.929,8.158],[-76.933,8.16],[-76.944,8.163],[-76.949,8.164],[-76.943,8.129],[-76.918,8.114],[-76.896,8.117],[-76.894,8.137],[-76.832,8.137],[-76.838,8.128],[-76.844,8.118],[-76.847,8.107],[-76.847,8.096],[-76.839,8.096],[-76.836,8.098],[-76.825,8.103],[-76.825,8.096],[-76.86,8.083],[-76.86,8.076],[-76.851,8.074],[-76.845,8.072],[-76.837,8.062],[-76.838,8.061],[-76.838,8.058],[-76.839,8.055],[-76.843,8.059],[-76.849,8.062],[-76.857,8.063],[-76.866,8.062],[-76.858,8.053],[-76.848,8.047],[-76.839,8.04],[-76.832,8.027],[-76.857,8.039],[-76.884,8.046],[-76.908,8.044],[-76.922,8.027],[-76.922,8.023],[-76.921,8.022],[-76.918,8.022],[-76.915,8.021],[-76.934,7.965],[-76.907,7.93],[-76.854,7.913],[-76.791,7.911],[-76.78,7.913],[-76.768,7.917],[-76.757,7.924],[-76.75,7.932],[-76.747,7.94],[-76.747,7.946],[-76.749,7.953],[-76.75,7.962],[-76.748,7.97],[-76.739,7.98],[-76.737,7.99],[-76.731,8.051],[-76.732,8.079],[-76.744,8.103],[-76.747,8.095],[-76.748,8.09],[-76.747,8.085],[-76.744,8.076],[-76.75,8.076],[-76.755,8.092],[-76.759,8.115],[-76.759,8.138],[-76.748,8.172],[-76.752,8.193],[-76.765,8.226],[-76.77,8.258],[-76.77,8.398],[-76.775,8.417],[-76.788,8.425],[-76.802,8.43],[-76.808,8.444],[-76.812,8.462],[-76.819,8.479],[-76.839,8.5],[-76.87,8.522],[-76.906,8.539],[-76.935,8.542],[-76.935,8.534],[-76.947,8.545],[-76.931,8.571],[-76.906,8.599],[-76.894,8.62],[-76.795,8.651],[-76.771,8.653],[-76.673,8.68],[-76.66,8.687],[-76.655,8.696],[-76.655,8.707],[-76.653,8.718],[-76.649,8.728],[-76.64,8.734],[-76.64,8.74],[-76.647,8.74],[-76.647,8.747],[-76.628,8.75],[-76.56,8.775],[-76.547,8.785],[-76.503,8.829],[-76.451,8.864],[-76.445,8.87],[-76.439,8.866],[-76.412,8.84],[-76.405,8.819],[-76.389,8.739],[-76.364,8.705],[-76.346,8.675],[-76.332,8.66],[-76.278,8.642],[-76.261,8.627],[-76.245,8.602],[-76.229,8.578],[-76.216,8.496],[-76.214,8.453],[-76.217,8.41],[-76.27,8.349],[-76.318,8.281],[-76.37,8.177],[-76.4,8.132],[-76.419,8.099],[-76.417,8.006],[-76.419,7.979],[-76.433,7.931],[-76.468,7.875],[-76.505,7.741],[-76.505,7.645],[-76.498,7.6],[-76.435,7.465],[-76.408,7.38],[-76.032,7.371],[-75.966,7.368],[-75.868,7.364],[-75.857,7.367],[-75.845,7.375],[-75.844,7.385],[-75.84,7.401],[-75.769,7.499],[-75.74,7.52],[-75.705,7.532],[-75.646,7.543],[-75.609,7.557],[-75.59,7.57],[-75.565,7.606],[-75.547,7.689],[-75.534,7.707],[-75.516,7.723],[-75.49,7.739],[-75.459,7.808],[-75.441,7.824],[-75.39,7.86],[-75.362,7.884],[-75.325,7.931],[-75.263,7.996],[-75.25,8.015],[-75.229,8.046],[-75.214,8.052],[-75.189,8.06],[-75.114,8.068],[-75.092,8.066],[-75.074,8.061],[-75.061,8.059],[-75.047,8.063],[-75.033,8.071],[-75.017,8.075],[-74.998,8.075],[-74.943,8.073],[-74.912,8.113],[-74.886,8.154],[-74.869,8.172],[-74.852,8.183],[-74.835,8.189],[-74.6,7.998],[-74.581,7.967],[-74.563,7.941],[-74.552,7.929],[-74.542,7.901],[-74.531,7.801],[-74.522,7.772],[-74.51,7.752],[-74.498,7.745],[-74.486,7.737],[-74.481,7.724],[-74.484,7.707],[-74.499,7.678],[-74.517,7.661],[-74.539,7.647],[-74.561,7.631],[-74.574,7.606],[-74.587,7.524],[-74.586,7.493],[-74.582,7.467],[-74.563,7.424],[-74.529,7.382],[-74.508,7.363],[-74.489,7.358],[-74.469,7.361],[-74.446,7.381],[-74.433,7.397],[-74.416,7.44],[-74.404,7.457],[-74.364,7.489],[-74.347,7.433],[-74.352,7.408],[-74.358,7.392],[-74.368,7.38],[-74.389,7.358],[-74.396,7.343],[-74.4,7.322],[-74.396,7.298],[-74.396,7.258],[-74.406,7.224],[-74.405,7.2],[-74.398,7.169],[-74.381,7.129],[-74.372,7.097],[-74.362,7.069],[-74.359,7.047],[-74.354,7.025],[-74.344,7.01],[-74.32,7],[-74.301,6.997],[-74.272,7],[-74.253,6.996],[-73.93,7.301],[-73.931,7.297],[-73.937,7.254],[-73.927,7.126],[-73.922,7.106],[-73.912,7.09],[-73.901,7.076],[-73.893,7.061],[-73.888,7.02],[-73.901,6.993],[-73.925,6.975],[-74.007,6.935],[-74.016,6.928],[-74.022,6.913],[-74.064,6.869],[-74.095,6.808],[-74.109,6.79],[-74.293,6.654],[-74.331,6.636],[-74.371,6.632],[-74.386,6.626],[-74.393,6.612],[-74.395,6.604],[-74.407,6.575],[-74.409,6.567],[-74.406,6.475],[-74.403,6.462],[-74.387,6.445],[-74.381,6.434],[-74.379,6.423],[-74.384,6.411],[-74.392,6.403],[-74.403,6.399],[-74.413,6.404],[-74.46,6.334],[-74.485,6.307],[-74.519,6.282],[-74.547,6.263],[-74.567,6.241],[-74.58,6.216],[-74.587,6.173],[-74.601,6.15],[-74.605,6.136],[-74.604,6.121],[-74.599,6.111],[-74.585,6.095],[-74.578,6.079],[-74.576,6.064],[-74.578,6.023],[-74.577,6.015],[-74.575,6.009],[-74.574,6.002],[-74.578,5.993],[-74.583,5.989],[-74.6,5.983],[-74.605,5.978],[-74.606,5.96],[-74.591,5.918],[-74.595,5.91],[-74.607,5.905],[-74.621,5.892],[-74.632,5.876],[-74.64,5.862],[-74.649,5.799],[-74.662,5.772],[-74.671,5.767],[-74.674,5.769],[-74.683,5.778],[-74.686,5.779],[-74.69,5.779],[-74.699,5.776],[-74.704,5.777],[-74.712,5.775],[-74.715,5.773],[-74.718,5.77],[-74.719,5.761],[-74.723,5.755],[-74.727,5.744],[-74.731,5.723],[-74.744,5.7],[-74.777,5.69],[-74.787,5.694],[-74.828,5.721],[-74.839,5.731],[-74.842,5.735],[-74.847,5.738],[-74.867,5.744],[-74.89,5.74],[-74.927,5.733],[-74.991,5.714],[-74.997,5.703],[-75.001,5.698],[-75.005,5.692],[-75.009,5.686],[-75.014,5.681],[-75.022,5.677],[-75.034,5.67],[-75.054,5.663],[-75.091,5.66],[-75.094,5.633],[-75.093,5.605],[-75.092,5.6],[-75.092,5.596],[-75.1,5.581],[-75.134,5.544],[-75.134,5.535],[-75.137,5.533],[-75.143,5.53],[-75.168,5.528],[-75.172,5.527],[-75.181,5.523],[-75.195,5.516],[-75.216,5.503],[-75.226,5.495],[-75.232,5.489],[-75.242,5.471],[-75.246,5.465],[-75.25,5.461],[-75.254,5.456],[-75.265,5.437],[-75.271,5.435],[-75.276,5.434],[-75.291,5.474],[-75.318,5.464],[-75.314,5.5],[-75.314,5.506],[-75.316,5.517],[-75.34,5.587],[-75.347,5.598],[-75.353,5.601],[-75.36,5.603],[-75.367,5.608],[-75.377,5.619],[-75.379,5.629],[-75.377,5.639],[-75.376,5.658],[-75.379,5.668],[-75.385,5.674],[-75.4,5.679],[-75.407,5.682],[-75.412,5.686],[-75.416,5.69],[-75.426,5.694],[-75.471,5.67],[-75.476,5.669],[-75.487,5.67],[-75.493,5.674],[-75.531,5.688],[-75.536,5.692],[-75.54,5.697],[-75.541,5.701],[-75.542,5.704],[-75.545,5.708],[-75.545,5.711],[-75.556,5.721],[-75.569,5.723],[-75.601,5.735],[-75.613,5.735],[-75.613,5.732],[-75.613,5.701],[-75.607,5.688],[-75.592,5.683],[-75.598,5.652],[-75.598,5.638],[-75.582,5.583],[-75.58,5.562],[-75.581,5.542],[-75.586,5.519],[-75.601,5.523],[-75.612,5.527],[-75.635,5.525],[-75.657,5.528],[-75.678,5.527],[-75.687,5.529],[-75.699,5.541],[-75.71,5.548],[-75.725,5.559],[-75.739,5.557],[-75.804,5.511],[-75.858,5.489],[-75.879,5.487],[-75.925,5.494],[-75.96,5.507],[-75.983,5.521],[-76.001,5.539],[-76.013,5.563],[-76.042,5.577],[-76.082,5.618],[-76.088,5.625],[-76.098,5.643],[-76.096,5.66],[-76.084,5.702],[-76.088,5.728],[-76.096,5.742],[-76.124,5.789],[-76.13,5.811],[-76.136,5.837],[-76.133,5.861],[-76.105,5.93],[-76.111,5.976],[-76.137,5.988],[-76.164,5.989],[-76.189,5.998],[-76.217,6.035],[-76.24,6.097],[-76.249,6.158],[-76.258,6.174],[-76.277,6.187],[-76.312,6.192],[-76.35,6.192],[-76.389,6.188],[-76.421,6.181],[-76.469,6.176],[-76.525,6.171],[-76.569,6.162],[-76.649,6.159],[-76.674,6.162],[-76.7,6.169],[-76.714,6.178],[-76.715,6.182],[-76.723,6.191],[-76.726,6.211],[-76.737,6.229],[-76.765,6.259],[-76.767,6.265],[-76.771,6.287],[-76.776,6.29],[-76.783,6.291],[-76.791,6.294],[-76.798,6.301],[-76.802,6.317],[-76.799,6.336],[-76.793,6.353],[-76.784,6.363],[-76.794,6.368],[-76.798,6.369],[-76.787,6.384],[-76.789,6.396],[-76.797,6.407],[-76.805,6.423],[-76.797,6.424],[-76.791,6.427],[-76.787,6.431],[-76.784,6.438],[-76.801,6.441],[-76.803,6.451],[-76.797,6.464],[-76.788,6.475],[-76.788,6.483],[-76.812,6.513],[-76.825,6.509],[-76.834,6.517],[-76.842,6.53],[-76.853,6.54],[-76.852,6.558],[-76.857,6.572],[-76.866,6.582],[-76.881,6.589],[-76.893,6.582],[-76.898,6.595],[-76.896,6.615],[-76.887,6.63],[-76.881,6.629],[-76.874,6.625],[-76.869,6.625],[-76.866,6.64],[-76.871,6.645],[-76.893,6.647],[-76.901,6.65],[-76.908,6.661],[-76.907,6.67],[-76.903,6.679],[-76.901,6.688],[-76.906,6.694],[-76.915,6.687],[-76.923,6.677],[-76.922,6.671],[-76.932,6.672],[-76.938,6.676],[-76.941,6.684],[-76.942,6.695],[-76.945,6.702],[-76.952,6.704],[-76.961,6.704],[-76.97,6.705],[-76.951,6.726],[-76.949,6.732],[-76.952,6.741],[-76.967,6.752],[-76.97,6.763],[-76.971,6.801],[-76.973,6.81],[-76.958,6.815],[-76.929,6.824],[-76.915,6.826],[-76.883,6.845],[-76.836,6.841],[-76.827,6.844],[-76.823,6.851],[-76.811,6.863],[-76.802,6.874],[-76.797,6.889],[-76.802,6.927],[-76.806,6.943],[-76.812,6.954],[-76.819,6.959],[-76.824,6.962],[-76.827,6.965],[-76.833,6.978],[-76.836,6.986],[-76.831,7],[-76.817,7.008],[-76.797,7.016],[-76.768,7.022],[-76.704,7.027],[-76.683,7.026],[-76.601,7.006],[-76.583,7],[-76.57,6.993],[-76.546,6.991],[-76.513,7.046],[-76.509,7.055],[-76.505,7.074],[-76.508,7.186],[-76.53,7.249],[-76.543,7.267],[-76.587,7.304],[-76.598,7.312],[-76.612,7.317],[-76.646,7.321],[-76.672,7.339],[-76.692,7.354],[-76.773,7.453],[-76.877,7.565],[-76.981,7.639],[-77.109,7.754],[-77.119,7.767],[-77.126,7.781],[-77.124,7.785],[-77.119,7.788],[-77.115,7.789],[-77.113,7.788],[-77.114,7.793],[-77.116,7.799],[-77.119,7.802],[-77.12,7.801],[-77.12,7.842],[-77.093,7.837],[-77.071,7.852],[-77.051,7.873],[-77.035,7.883],[-77.022,7.898],[-77.003,7.999],[-76.997,8.015],[-76.989,8.024],[-76.97,8.037],[-76.967,8.055],[-76.96,8.065],[-76.954,8.087],[-76.961,8.17],[-76.966,8.189],[-76.973,8.205],[-76.984,8.253],[-76.985,8.256]]]}},{"type":"Feature","id":"CO-ARA","properties":{"id":"CO-ARA","countryCode":"CO","isoSubdivision":"CO-ARA","name":"Arauca","name_en":"Arauca","name_ko":"아라우카","type":"Intendancy","labelLongitude":-70.891,"labelLatitude":6.643,"minZoom":6.7},"geometry":{"type":"Polygon","coordinates":[[[-71.964,7.006],[-71.881,6.987],[-71.848,6.984],[-71.833,6.986],[-71.822,6.993],[-71.812,7.001],[-71.8,7.009],[-71.789,7.01],[-71.778,7.008],[-71.772,7.011],[-71.774,7.029],[-71.745,7.029],[-71.722,7.033],[-71.698,7.035],[-71.67,7.028],[-71.674,7.044],[-71.667,7.052],[-71.654,7.053],[-71.62,7.052],[-71.612,7.046],[-71.607,7.038],[-71.595,7.03],[-71.588,7.029],[-71.581,7.032],[-71.567,7.039],[-71.558,7.041],[-71.554,7.037],[-71.551,7.032],[-71.549,7.029],[-71.549,7.028],[-71.529,7.027],[-71.529,7.028],[-71.528,7.03],[-71.51,7.035],[-71.488,7.029],[-71.468,7.012],[-71.456,7.016],[-71.429,7.028],[-71.414,7.031],[-71.398,7.029],[-71.366,7.021],[-71.349,7.019],[-71.308,7.027],[-71.293,7.026],[-71.284,7.019],[-71.281,7.007],[-71.281,6.995],[-71.276,6.984],[-71.262,6.979],[-71.213,6.978],[-71.202,6.972],[-71.194,6.965],[-71.184,6.963],[-71.166,6.968],[-71.154,6.977],[-71.145,6.986],[-71.136,6.992],[-71.065,6.985],[-71.011,6.991],[-70.961,7.009],[-70.919,7.039],[-70.908,7.053],[-70.903,7.063],[-70.896,7.069],[-70.875,7.069],[-70.837,7.082],[-70.793,7.085],[-70.733,7.099],[-70.703,7.1],[-70.697,7.097],[-70.683,7.085],[-70.673,7.081],[-70.639,7.073],[-70.623,7.074],[-70.595,7.083],[-70.579,7.086],[-70.571,7.079],[-70.521,7.016],[-70.511,7.01],[-70.495,7.006],[-70.484,7.005],[-70.461,7.008],[-70.452,7.008],[-70.447,7.005],[-70.441,6.996],[-70.438,6.993],[-70.423,6.988],[-70.319,6.938],[-70.288,6.937],[-70.231,6.969],[-70.195,6.978],[-70.158,6.98],[-70.129,6.973],[-70.097,6.944],[-70.079,6.923],[-70.004,6.827],[-69.928,6.732],[-69.852,6.636],[-69.776,6.541],[-69.7,6.445],[-69.624,6.35],[-69.548,6.254],[-69.473,6.159],[-69.444,6.122],[-69.432,6.122],[-69.532,6.062],[-69.572,6.054],[-69.785,6.062],[-69.817,6.055],[-69.846,6.037],[-69.856,6.026],[-69.888,6.04],[-69.905,6.06],[-69.905,6.078],[-69.908,6.087],[-69.917,6.096],[-69.94,6.115],[-69.959,6.126],[-70.026,6.15],[-70.039,6.161],[-70.044,6.173],[-70.048,6.183],[-70.053,6.194],[-70.06,6.201],[-70.09,6.219],[-70.098,6.226],[-70.11,6.243],[-70.118,6.25],[-70.151,6.264],[-70.165,6.268],[-70.191,6.27],[-70.225,6.27],[-70.254,6.266],[-70.281,6.266],[-70.296,6.267],[-70.327,6.277],[-70.348,6.279],[-70.373,6.276],[-70.442,6.251],[-70.484,6.231],[-70.505,6.225],[-70.543,6.226],[-70.595,6.222],[-70.672,6.209],[-70.727,6.209],[-70.732,6.213],[-70.772,6.23],[-70.789,6.233],[-70.81,6.23],[-70.831,6.224],[-70.853,6.216],[-70.864,6.215],[-70.96,6.222],[-71.031,6.248],[-71.065,6.254],[-71.119,6.252],[-71.142,6.256],[-71.174,6.268],[-71.207,6.274],[-71.227,6.26],[-71.244,6.262],[-71.26,6.259],[-71.271,6.261],[-71.283,6.259],[-71.307,6.244],[-71.344,6.228],[-71.374,6.227],[-71.393,6.224],[-71.409,6.219],[-71.423,6.212],[-71.462,6.199],[-71.488,6.195],[-71.51,6.198],[-71.527,6.198],[-71.557,6.191],[-71.572,6.194],[-71.599,6.207],[-71.609,6.21],[-71.624,6.208],[-71.646,6.2],[-71.722,6.2],[-71.748,6.194],[-71.856,6.155],[-71.888,6.152],[-71.905,6.154],[-71.926,6.154],[-71.946,6.15],[-72.004,6.123],[-72.058,6.11],[-72.115,6.069],[-72.131,6.069],[-72.156,6.074],[-72.188,6.096],[-72.228,6.115],[-72.246,6.127],[-72.26,6.138],[-72.284,6.187],[-72.323,6.226],[-72.345,6.263],[-72.351,6.288],[-72.351,6.298],[-72.347,6.31],[-72.322,6.351],[-72.295,6.375],[-72.288,6.399],[-72.287,6.412],[-72.282,6.422],[-72.273,6.432],[-72.264,6.437],[-72.259,6.438],[-72.255,6.437],[-72.25,6.432],[-72.245,6.428],[-72.236,6.426],[-72.228,6.432],[-72.218,6.443],[-72.209,6.455],[-72.199,6.462],[-72.188,6.466],[-72.174,6.468],[-72.157,6.475],[-72.145,6.489],[-72.136,6.504],[-72.126,6.539],[-72.102,6.729],[-72.095,6.747],[-72.072,6.757],[-72.053,6.782],[-72.04,6.825],[-72.021,6.861],[-71.983,6.957],[-71.972,6.978],[-71.965,7.001],[-71.964,7.006]]]}},{"type":"Feature","id":"CO-ATL","properties":{"id":"CO-ATL","countryCode":"CO","isoSubdivision":"CO-ATL","name":"Atlántico","name_en":"Atlántico","name_ko":"아틀란티코","type":"Department","labelLongitude":-74.994,"labelLatitude":10.671,"minZoom":6.7},"geometry":{"type":"Polygon","coordinates":[[[-75.256,10.709],[-75.256,10.707],[-75.25,10.707],[-75.244,10.715],[-75.222,10.735],[-75.226,10.743],[-75.229,10.75],[-75.23,10.758],[-75.23,10.763],[-75.23,10.764],[-75.222,10.779],[-75.225,10.804],[-75.229,10.811],[-75.216,10.827],[-75.205,10.831],[-75.193,10.832],[-75.182,10.835],[-75.171,10.839],[-75.108,10.88],[-75.07,10.89],[-75.05,10.901],[-75.036,10.917],[-75.037,10.933],[-75.033,10.943],[-75.028,10.966],[-75.024,10.974],[-75.014,10.98],[-75,10.986],[-74.982,10.987],[-74.963,10.995],[-74.95,11.009],[-74.926,11.029],[-74.924,11.046],[-74.896,11.046],[-74.862,11.049],[-74.845,11.062],[-74.847,11.08],[-74.847,11.088],[-74.838,11.073],[-74.797,11.036],[-74.774,11.01],[-74.766,10.995],[-74.759,10.954],[-74.75,10.941],[-74.739,10.932],[-74.729,10.919],[-74.725,10.9],[-74.73,10.883],[-74.738,10.864],[-74.742,10.841],[-74.741,10.828],[-74.724,10.783],[-74.723,10.775],[-74.722,10.755],[-74.729,10.669],[-74.726,10.605],[-74.729,10.584],[-74.748,10.55],[-74.807,10.51],[-74.825,10.474],[-74.83,10.428],[-74.836,10.406],[-74.848,10.388],[-74.864,10.37],[-74.917,10.267],[-74.938,10.292],[-74.983,10.343],[-75.008,10.364],[-75.015,10.366],[-75.031,10.37],[-75.077,10.414],[-75.133,10.403],[-75.162,10.448],[-75.177,10.457],[-75.169,10.469],[-75.169,10.472],[-75.171,10.476],[-75.175,10.479],[-75.188,10.482],[-75.205,10.485],[-75.244,10.488],[-75.25,10.492],[-75.254,10.497],[-75.254,10.501],[-75.264,10.518],[-75.266,10.531],[-75.265,10.536],[-75.255,10.569],[-75.253,10.583],[-75.244,10.591],[-75.234,10.596],[-75.23,10.6],[-75.228,10.607],[-75.227,10.628],[-75.229,10.636],[-75.231,10.643],[-75.234,10.647],[-75.237,10.651],[-75.257,10.667],[-75.263,10.674],[-75.264,10.68],[-75.265,10.685],[-75.264,10.694],[-75.263,10.698],[-75.257,10.708],[-75.256,10.709]]]}},{"type":"Feature","id":"CO-BOL","properties":{"id":"CO-BOL","countryCode":"CO","isoSubdivision":"CO-BOL","name":"Bolívar","name_en":"Bolívar","name_ko":"볼리바르","type":"Department","labelLongitude":-74.181,"labelLatitude":8.578,"minZoom":6.7},"geometry":{"type":"MultiPolygon","coordinates":[[[[-75.582,10.092],[-75.589,10.108],[-75.589,10.128],[-75.584,10.136],[-75.58,10.139],[-75.572,10.141],[-75.565,10.144],[-75.562,10.15],[-75.551,10.172],[-75.544,10.183],[-75.541,10.189],[-75.538,10.2],[-75.536,10.211],[-75.536,10.221],[-75.536,10.231],[-75.531,10.241],[-75.563,10.223],[-75.604,10.196],[-75.644,10.154],[-75.685,10.132],[-75.704,10.134],[-75.689,10.168],[-75.66,10.184],[-75.646,10.194],[-75.638,10.204],[-75.631,10.213],[-75.625,10.226],[-75.616,10.238],[-75.614,10.249],[-75.618,10.261],[-75.615,10.27],[-75.592,10.269],[-75.598,10.277],[-75.599,10.286],[-75.598,10.294],[-75.592,10.303],[-75.584,10.282],[-75.563,10.287],[-75.527,10.31],[-75.516,10.319],[-75.516,10.341],[-75.522,10.368],[-75.524,10.392],[-75.531,10.392],[-75.539,10.386],[-75.544,10.393],[-75.551,10.419],[-75.558,10.419],[-75.561,10.41],[-75.564,10.404],[-75.569,10.4],[-75.578,10.398],[-75.575,10.407],[-75.569,10.425],[-75.565,10.433],[-75.559,10.439],[-75.547,10.444],[-75.541,10.45],[-75.512,10.482],[-75.503,10.488],[-75.508,10.471],[-75.519,10.45],[-75.522,10.433],[-75.506,10.426],[-75.493,10.435],[-75.487,10.456],[-75.486,10.481],[-75.489,10.501],[-75.493,10.506],[-75.5,10.507],[-75.51,10.508],[-75.51,10.514],[-75.504,10.527],[-75.503,10.529],[-75.504,10.541],[-75.504,10.552],[-75.508,10.56],[-75.52,10.563],[-75.525,10.567],[-75.52,10.576],[-75.51,10.586],[-75.5,10.59],[-75.488,10.592],[-75.475,10.596],[-75.464,10.603],[-75.455,10.611],[-75.455,10.616],[-75.463,10.626],[-75.462,10.631],[-75.459,10.633],[-75.451,10.636],[-75.448,10.638],[-75.44,10.642],[-75.431,10.641],[-75.424,10.643],[-75.421,10.655],[-75.418,10.656],[-75.41,10.665],[-75.404,10.675],[-75.404,10.68],[-75.398,10.682],[-75.373,10.693],[-75.307,10.71],[-75.297,10.717],[-75.287,10.733],[-75.28,10.743],[-75.274,10.744],[-75.269,10.741],[-75.263,10.74],[-75.258,10.737],[-75.256,10.731],[-75.258,10.727],[-75.262,10.724],[-75.263,10.72],[-75.256,10.714],[-75.256,10.709],[-75.257,10.708],[-75.263,10.698],[-75.264,10.694],[-75.265,10.685],[-75.264,10.68],[-75.263,10.674],[-75.257,10.667],[-75.237,10.651],[-75.234,10.647],[-75.231,10.643],[-75.229,10.636],[-75.227,10.628],[-75.228,10.607],[-75.23,10.6],[-75.234,10.596],[-75.244,10.591],[-75.253,10.583],[-75.255,10.569],[-75.265,10.536],[-75.266,10.531],[-75.264,10.518],[-75.254,10.501],[-75.254,10.497],[-75.25,10.492],[-75.244,10.488],[-75.205,10.485],[-75.188,10.482],[-75.175,10.479],[-75.171,10.476],[-75.169,10.472],[-75.169,10.469],[-75.177,10.457],[-75.162,10.448],[-75.133,10.403],[-75.077,10.414],[-75.031,10.37],[-75.015,10.366],[-75.008,10.364],[-74.983,10.343],[-74.938,10.292],[-74.917,10.267],[-74.924,10.254],[-74.931,10.22],[-74.945,10.187],[-74.948,10.166],[-74.943,10.137],[-74.932,10.126],[-74.916,10.12],[-74.897,10.107],[-74.889,10.103],[-74.859,10.097],[-74.853,10.093],[-74.847,10.088],[-74.838,10.076],[-74.825,10.046],[-74.822,10.042],[-74.815,10.039],[-74.808,10.034],[-74.804,10.025],[-74.806,9.999],[-74.812,9.985],[-74.825,9.977],[-74.86,9.959],[-74.871,9.951],[-74.877,9.938],[-74.879,9.915],[-74.878,9.87],[-74.874,9.849],[-74.865,9.829],[-74.856,9.817],[-74.821,9.785],[-74.815,9.769],[-74.82,9.747],[-74.827,9.725],[-74.832,9.706],[-74.828,9.686],[-74.82,9.672],[-74.794,9.648],[-74.781,9.631],[-74.779,9.616],[-74.791,9.576],[-74.806,9.487],[-74.8,9.449],[-74.77,9.453],[-74.762,9.445],[-74.742,9.418],[-74.73,9.426],[-74.717,9.43],[-74.703,9.43],[-74.691,9.422],[-74.686,9.415],[-74.681,9.4],[-74.677,9.395],[-74.671,9.392],[-74.658,9.393],[-74.653,9.392],[-74.636,9.382],[-74.629,9.376],[-74.626,9.367],[-74.625,9.355],[-74.62,9.345],[-74.613,9.337],[-74.605,9.33],[-74.573,9.309],[-74.557,9.292],[-74.548,9.26],[-74.542,9.25],[-74.533,9.243],[-74.523,9.24],[-74.512,9.241],[-74.506,9.246],[-74.502,9.254],[-74.495,9.261],[-74.479,9.269],[-74.463,9.271],[-74.431,9.267],[-74.426,9.262],[-74.419,9.236],[-74.413,9.227],[-74.401,9.221],[-74.392,9.224],[-74.383,9.23],[-74.372,9.233],[-74.354,9.231],[-74.331,9.224],[-74.312,9.214],[-74.303,9.203],[-74.302,9.175],[-74.295,9.166],[-74.256,9.165],[-74.238,9.154],[-74.212,9.113],[-74.197,9.093],[-74.155,9.07],[-74.142,9.058],[-74.153,9.049],[-74.125,9.037],[-74.091,9.029],[-74.06,9.032],[-74.043,9.055],[-74.033,9.044],[-74.019,9.034],[-74.01,9.023],[-74.016,9.007],[-73.984,8.989],[-73.9,8.985],[-73.872,8.973],[-73.885,8.944],[-73.882,8.914],[-73.87,8.888],[-73.855,8.867],[-73.82,8.836],[-73.808,8.817],[-73.803,8.788],[-73.808,8.767],[-73.827,8.73],[-73.831,8.709],[-73.83,8.644],[-73.824,8.624],[-73.817,8.613],[-73.8,8.591],[-73.796,8.579],[-73.796,8.545],[-73.792,8.522],[-73.769,8.482],[-73.762,8.459],[-73.755,8.389],[-73.759,8.373],[-73.767,8.359],[-73.765,8.349],[-73.759,8.34],[-73.755,8.329],[-73.757,8.322],[-73.766,8.31],[-73.77,8.301],[-73.769,8.298],[-73.77,8.271],[-73.772,8.261],[-73.781,8.24],[-73.783,8.23],[-73.785,8.226],[-73.794,8.218],[-73.796,8.213],[-73.795,8.207],[-73.791,8.198],[-73.787,8.18],[-73.784,8.171],[-73.786,8.161],[-73.796,8.15],[-73.807,8.147],[-73.816,8.138],[-73.823,8.127],[-73.831,8.116],[-73.835,8.115],[-73.855,8.105],[-73.855,8.103],[-73.865,8.076],[-73.872,8.045],[-73.874,8.026],[-73.872,8.007],[-73.855,7.952],[-73.858,7.939],[-73.844,7.879],[-73.834,7.87],[-73.829,7.861],[-73.817,7.801],[-73.816,7.78],[-73.824,7.723],[-73.828,7.711],[-73.834,7.703],[-73.836,7.695],[-73.828,7.682],[-73.823,7.672],[-73.825,7.663],[-73.829,7.653],[-73.831,7.644],[-73.83,7.61],[-73.835,7.595],[-73.848,7.589],[-73.852,7.58],[-73.907,7.51],[-73.913,7.495],[-73.913,7.456],[-73.911,7.446],[-73.902,7.432],[-73.899,7.421],[-73.901,7.412],[-73.913,7.384],[-73.924,7.342],[-73.93,7.301],[-74.253,6.996],[-74.272,7],[-74.301,6.997],[-74.32,7],[-74.344,7.01],[-74.354,7.025],[-74.359,7.047],[-74.362,7.069],[-74.372,7.097],[-74.381,7.129],[-74.398,7.169],[-74.405,7.2],[-74.406,7.224],[-74.396,7.258],[-74.396,7.298],[-74.4,7.322],[-74.396,7.343],[-74.389,7.358],[-74.368,7.38],[-74.358,7.392],[-74.352,7.408],[-74.347,7.433],[-74.364,7.489],[-74.404,7.457],[-74.416,7.44],[-74.433,7.397],[-74.446,7.381],[-74.469,7.361],[-74.489,7.358],[-74.508,7.363],[-74.529,7.382],[-74.563,7.424],[-74.582,7.467],[-74.586,7.493],[-74.587,7.524],[-74.574,7.606],[-74.561,7.631],[-74.539,7.647],[-74.517,7.661],[-74.499,7.678],[-74.484,7.707],[-74.481,7.724],[-74.486,7.737],[-74.498,7.745],[-74.51,7.752],[-74.522,7.772],[-74.531,7.801],[-74.542,7.901],[-74.552,7.929],[-74.563,7.941],[-74.581,7.967],[-74.6,7.998],[-74.835,8.189],[-74.828,8.204],[-74.827,8.217],[-74.822,8.226],[-74.816,8.234],[-74.801,8.25],[-74.799,8.257],[-74.801,8.262],[-74.805,8.28],[-74.78,8.285],[-74.771,8.29],[-74.75,8.308],[-74.74,8.311],[-74.706,8.308],[-74.68,8.31],[-74.657,8.317],[-74.636,8.332],[-74.621,8.349],[-74.61,8.372],[-74.607,8.397],[-74.604,8.405],[-74.6,8.406],[-74.591,8.403],[-74.574,8.401],[-74.568,8.413],[-74.553,8.451],[-74.551,8.463],[-74.552,8.481],[-74.561,8.515],[-74.564,8.544],[-74.564,8.565],[-74.562,8.57],[-74.575,8.582],[-74.586,8.612],[-74.603,8.727],[-74.594,8.748],[-74.568,8.77],[-74.555,8.794],[-74.548,8.8],[-74.542,8.807],[-74.542,8.815],[-74.548,8.825],[-74.561,8.838],[-74.612,8.914],[-74.659,8.966],[-74.755,9.038],[-74.782,9.049],[-74.825,9.076],[-74.844,9.112],[-74.863,9.149],[-74.881,9.164],[-74.89,9.169],[-74.9,9.177],[-74.905,9.186],[-74.908,9.2],[-74.908,9.213],[-74.918,9.256],[-74.931,9.285],[-74.936,9.303],[-74.937,9.315],[-74.931,9.334],[-74.941,9.347],[-74.938,9.357],[-74.917,9.402],[-74.904,9.424],[-74.899,9.43],[-74.904,9.437],[-74.913,9.442],[-74.933,9.456],[-74.94,9.465],[-74.942,9.469],[-74.95,9.468],[-74.962,9.463],[-74.985,9.458],[-75.005,9.461],[-75.02,9.468],[-75.027,9.475],[-75.03,9.483],[-75.008,9.531],[-75.038,9.539],[-75.068,9.54],[-75.079,9.548],[-75.122,9.585],[-75.143,9.611],[-75.183,9.643],[-75.198,9.649],[-75.21,9.65],[-75.222,9.647],[-75.235,9.649],[-75.265,9.67],[-75.283,9.676],[-75.298,9.678],[-75.311,9.672],[-75.318,9.664],[-75.335,9.649],[-75.356,9.657],[-75.374,9.64],[-75.365,9.685],[-75.358,9.697],[-75.355,9.711],[-75.354,9.729],[-75.35,9.747],[-75.34,9.778],[-75.337,9.794],[-75.341,9.818],[-75.333,9.85],[-75.327,9.866],[-75.327,9.881],[-75.348,9.883],[-75.361,9.875],[-75.375,9.878],[-75.455,9.904],[-75.478,9.915],[-75.485,9.926],[-75.483,9.936],[-75.468,9.955],[-75.464,9.965],[-75.464,9.974],[-75.473,9.993],[-75.475,10.005],[-75.476,10.04],[-75.493,10.038],[-75.51,10.032],[-75.524,10.033],[-75.534,10.038],[-75.537,10.047],[-75.532,10.063],[-75.486,10.143],[-75.582,10.092]]],[[[-75.23,10.763],[-75.23,10.768],[-75.245,10.755],[-75.25,10.748],[-75.27,10.759],[-75.276,10.778],[-75.267,10.795],[-75.232,10.807],[-75.229,10.811],[-75.225,10.804],[-75.222,10.779],[-75.23,10.764],[-75.23,10.763]]],[[[-75.587,10.368],[-75.576,10.378],[-75.568,10.373],[-75.556,10.368],[-75.538,10.363],[-75.535,10.351],[-75.546,10.339],[-75.556,10.341],[-75.567,10.344],[-75.576,10.339],[-75.578,10.326],[-75.582,10.319],[-75.591,10.319],[-75.595,10.331],[-75.596,10.348],[-75.593,10.36],[-75.587,10.368]]]]}},{"type":"Feature","id":"CO-BOY","properties":{"id":"CO-BOY","countryCode":"CO","isoSubdivision":"CO-BOY","name":"Boyacá","name_en":"Boyacá","name_ko":"보야카","type":"Department","labelLongitude":-72.933,"labelLatitude":5.685,"minZoom":6.7},"geometry":{"type":"Polygon","coordinates":[[[-71.994,7.013],[-71.964,7.006],[-71.965,7.001],[-71.972,6.978],[-71.983,6.957],[-72.021,6.861],[-72.04,6.825],[-72.053,6.782],[-72.072,6.757],[-72.095,6.747],[-72.102,6.729],[-72.126,6.539],[-72.136,6.504],[-72.145,6.489],[-72.157,6.475],[-72.174,6.468],[-72.188,6.466],[-72.199,6.462],[-72.209,6.455],[-72.218,6.443],[-72.228,6.432],[-72.236,6.426],[-72.245,6.428],[-72.25,6.432],[-72.255,6.437],[-72.259,6.438],[-72.264,6.437],[-72.273,6.432],[-72.282,6.422],[-72.287,6.412],[-72.288,6.399],[-72.295,6.375],[-72.322,6.351],[-72.354,6.334],[-72.396,6.268],[-72.416,6.204],[-72.417,6.194],[-72.414,6.187],[-72.399,6.178],[-72.393,6.172],[-72.387,6.148],[-72.381,6.135],[-72.378,6.122],[-72.371,6.109],[-72.341,6.079],[-72.344,6.06],[-72.358,6.033],[-72.367,5.983],[-72.389,5.909],[-72.393,5.901],[-72.416,5.896],[-72.431,5.89],[-72.441,5.882],[-72.448,5.874],[-72.447,5.854],[-72.351,5.803],[-72.311,5.774],[-72.304,5.751],[-72.284,5.735],[-72.261,5.703],[-72.238,5.683],[-72.253,5.67],[-72.26,5.668],[-72.267,5.659],[-72.272,5.65],[-72.275,5.631],[-72.279,5.618],[-72.284,5.607],[-72.297,5.595],[-72.303,5.584],[-72.306,5.575],[-72.319,5.506],[-72.326,5.5],[-72.335,5.502],[-72.348,5.51],[-72.37,5.527],[-72.377,5.534],[-72.386,5.551],[-72.391,5.559],[-72.398,5.564],[-72.409,5.563],[-72.421,5.558],[-72.444,5.53],[-72.555,5.412],[-72.576,5.376],[-72.59,5.354],[-72.632,5.33],[-72.69,5.278],[-72.71,5.28],[-72.738,5.316],[-72.757,5.332],[-72.78,5.366],[-72.788,5.375],[-72.808,5.384],[-72.831,5.366],[-72.842,5.359],[-72.858,5.346],[-72.874,5.328],[-72.93,5.25],[-72.938,5.24],[-72.935,5.205],[-72.942,5.197],[-72.945,5.191],[-72.948,5.183],[-72.953,5.16],[-72.953,5.147],[-72.949,5.132],[-72.938,5.115],[-72.914,5.096],[-72.906,5.083],[-72.922,5.055],[-72.927,5.032],[-72.933,5.02],[-72.95,5.005],[-72.974,4.979],[-73.011,4.995],[-73.025,4.993],[-73.031,4.985],[-73.046,4.92],[-73.05,4.874],[-73.066,4.83],[-73.069,4.811],[-73.049,4.753],[-73.053,4.735],[-73.068,4.735],[-73.073,4.728],[-73.075,4.723],[-73.074,4.718],[-73.074,4.713],[-73.077,4.707],[-73.089,4.687],[-73.093,4.679],[-73.1,4.671],[-73.113,4.664],[-73.155,4.661],[-73.196,4.677],[-73.218,4.678],[-73.225,4.695],[-73.228,4.724],[-73.237,4.73],[-73.247,4.734],[-73.257,4.734],[-73.267,4.734],[-73.285,4.728],[-73.296,4.73],[-73.304,4.738],[-73.309,4.749],[-73.329,4.784],[-73.368,4.798],[-73.37,4.804],[-73.366,4.82],[-73.373,4.831],[-73.388,4.847],[-73.403,4.871],[-73.412,4.878],[-73.441,4.887],[-73.523,4.888],[-73.545,4.919],[-73.545,4.932],[-73.514,4.991],[-73.518,5.024],[-73.478,5.052],[-73.476,5.066],[-73.491,5.094],[-73.495,5.116],[-73.49,5.13],[-73.493,5.142],[-73.518,5.184],[-73.525,5.211],[-73.522,5.237],[-73.537,5.264],[-73.542,5.27],[-73.558,5.284],[-73.585,5.305],[-73.59,5.316],[-73.594,5.331],[-73.594,5.341],[-73.589,5.355],[-73.583,5.368],[-73.59,5.378],[-73.59,5.386],[-73.591,5.387],[-73.6,5.394],[-73.642,5.431],[-73.652,5.452],[-73.654,5.462],[-73.66,5.462],[-73.668,5.46],[-73.68,5.46],[-73.695,5.466],[-73.718,5.488],[-73.739,5.483],[-73.792,5.508],[-73.792,5.559],[-73.798,5.564],[-73.803,5.564],[-73.813,5.562],[-73.822,5.558],[-73.844,5.539],[-73.899,5.482],[-73.899,5.464],[-73.907,5.442],[-73.935,5.434],[-74,5.374],[-74.047,5.4],[-74.062,5.402],[-74.078,5.411],[-74.089,5.42],[-74.099,5.435],[-74.098,5.456],[-74.148,5.453],[-74.158,5.457],[-74.177,5.466],[-74.209,5.484],[-74.231,5.485],[-74.244,5.484],[-74.25,5.491],[-74.251,5.499],[-74.249,5.518],[-74.249,5.524],[-74.257,5.545],[-74.3,5.586],[-74.314,5.614],[-74.315,5.624],[-74.313,5.636],[-74.301,5.658],[-74.291,5.669],[-74.288,5.682],[-74.29,5.691],[-74.298,5.701],[-74.303,5.717],[-74.302,5.734],[-74.303,5.747],[-74.304,5.755],[-74.312,5.765],[-74.314,5.774],[-74.313,5.784],[-74.312,5.789],[-74.313,5.793],[-74.315,5.796],[-74.319,5.797],[-74.323,5.799],[-74.326,5.803],[-74.328,5.808],[-74.33,5.813],[-74.333,5.819],[-74.339,5.826],[-74.348,5.826],[-74.362,5.817],[-74.392,5.791],[-74.407,5.782],[-74.416,5.774],[-74.441,5.767],[-74.488,5.777],[-74.501,5.781],[-74.516,5.788],[-74.534,5.791],[-74.541,5.789],[-74.552,5.78],[-74.576,5.769],[-74.63,5.76],[-74.646,5.753],[-74.651,5.758],[-74.658,5.764],[-74.662,5.772],[-74.649,5.799],[-74.64,5.862],[-74.632,5.876],[-74.621,5.892],[-74.607,5.905],[-74.595,5.91],[-74.591,5.918],[-74.606,5.96],[-74.605,5.978],[-74.6,5.983],[-74.583,5.989],[-74.578,5.993],[-74.574,6.002],[-74.575,6.009],[-74.577,6.015],[-74.578,6.023],[-74.576,6.064],[-74.578,6.079],[-74.585,6.095],[-74.599,6.111],[-74.604,6.121],[-74.605,6.136],[-74.601,6.15],[-74.587,6.173],[-74.58,6.216],[-74.567,6.241],[-74.547,6.263],[-74.519,6.282],[-74.515,6.26],[-74.513,6.251],[-74.505,6.221],[-74.495,6.201],[-74.48,6.155],[-74.441,6.096],[-74.42,6.074],[-74.406,6.063],[-74.393,6.055],[-74.384,6.05],[-74.376,6.045],[-74.366,6.041],[-74.357,6.039],[-74.343,6.043],[-74.317,6.062],[-74.303,6.069],[-74.29,6.071],[-74.279,6.063],[-74.27,6.05],[-74.258,6.02],[-74.247,6.002],[-74.239,5.982],[-74.24,5.964],[-74.264,5.918],[-74.27,5.898],[-74.27,5.883],[-74.257,5.848],[-74.241,5.845],[-74.234,5.846],[-74.222,5.854],[-74.208,5.866],[-74.194,5.888],[-74.175,5.901],[-74.153,5.882],[-74.111,5.871],[-74.097,5.856],[-74.088,5.824],[-74.07,5.824],[-74.059,5.822],[-74.049,5.814],[-74.031,5.781],[-74.008,5.752],[-73.973,5.733],[-73.962,5.733],[-73.95,5.738],[-73.942,5.74],[-73.922,5.747],[-73.904,5.749],[-73.894,5.747],[-73.884,5.743],[-73.877,5.737],[-73.879,5.711],[-73.834,5.739],[-73.769,5.756],[-73.737,5.761],[-73.715,5.759],[-73.694,5.752],[-73.676,5.741],[-73.657,5.725],[-73.649,5.715],[-73.638,5.723],[-73.635,5.733],[-73.633,5.743],[-73.633,5.765],[-73.624,5.815],[-73.614,5.845],[-73.613,5.868],[-73.614,5.888],[-73.619,5.905],[-73.614,5.922],[-73.594,5.952],[-73.589,5.989],[-73.578,6.007],[-73.535,6.042],[-73.531,6.053],[-73.499,6.107],[-73.484,6.092],[-73.438,6.07],[-73.397,6.032],[-73.385,6.013],[-73.382,6.001],[-73.382,5.983],[-73.385,5.963],[-73.401,5.922],[-73.416,5.899],[-73.438,5.887],[-73.441,5.871],[-73.442,5.867],[-73.463,5.853],[-73.472,5.848],[-73.468,5.813],[-73.429,5.764],[-73.415,5.755],[-73.403,5.756],[-73.39,5.791],[-73.369,5.811],[-73.359,5.836],[-73.355,5.858],[-73.351,5.863],[-73.345,5.863],[-73.312,5.853],[-73.286,5.856],[-73.237,5.932],[-73.219,5.982],[-73.201,5.991],[-73.195,5.991],[-73.184,5.988],[-73.159,5.972],[-73.127,5.955],[-73.035,5.941],[-73.017,5.941],[-73.007,5.951],[-72.992,6],[-72.917,6.089],[-72.907,6.107],[-72.894,6.123],[-72.866,6.134],[-72.836,6.141],[-72.817,6.153],[-72.799,6.203],[-72.782,6.213],[-72.77,6.217],[-72.755,6.23],[-72.748,6.241],[-72.745,6.251],[-72.746,6.27],[-72.743,6.289],[-72.756,6.32],[-72.735,6.376],[-72.74,6.418],[-72.733,6.457],[-72.737,6.47],[-72.745,6.486],[-72.753,6.496],[-72.764,6.503],[-72.794,6.533],[-72.802,6.552],[-72.792,6.567],[-72.772,6.574],[-72.762,6.574],[-72.743,6.556],[-72.709,6.529],[-72.692,6.507],[-72.681,6.486],[-72.662,6.435],[-72.644,6.43],[-72.617,6.438],[-72.581,6.475],[-72.561,6.484],[-72.551,6.49],[-72.542,6.503],[-72.542,6.561],[-72.536,6.578],[-72.498,6.646],[-72.481,6.722],[-72.477,6.76],[-72.487,6.794],[-72.488,6.809],[-72.486,6.822],[-72.478,6.844],[-72.505,6.915],[-72.48,6.91],[-72.423,6.879],[-72.401,6.875],[-72.383,6.878],[-72.366,6.889],[-72.338,6.913],[-72.326,6.928],[-72.316,6.943],[-72.306,6.971],[-72.288,7.006],[-72.265,7],[-72.258,6.981],[-72.251,6.977],[-72.242,6.979],[-72.233,6.985],[-72.223,6.994],[-72.217,7.003],[-72.214,7.011],[-72.213,7.018],[-72.209,7.026],[-72.202,7.033],[-72.182,7.04],[-72.1,7.038],[-72.072,7.031],[-72.053,7.024],[-72.034,7.014],[-71.994,7.013]]]}},{"type":"Feature","id":"CO-CAL","properties":{"id":"CO-CAL","countryCode":"CO","isoSubdivision":"CO-CAL","name":"Caldas","name_en":"Caldas","name_ko":"칼다스","type":"Department","labelLongitude":-75.279,"labelLatitude":5.29,"minZoom":6.7},"geometry":{"type":"Polygon","coordinates":[[[-74.662,5.772],[-74.658,5.764],[-74.651,5.758],[-74.646,5.753],[-74.646,5.718],[-74.645,5.714],[-74.642,5.71],[-74.639,5.706],[-74.632,5.703],[-74.634,5.698],[-74.638,5.692],[-74.644,5.679],[-74.65,5.669],[-74.652,5.66],[-74.643,5.656],[-74.637,5.644],[-74.643,5.617],[-74.66,5.574],[-74.645,5.57],[-74.641,5.563],[-74.647,5.557],[-74.664,5.554],[-74.678,5.549],[-74.68,5.54],[-74.674,5.53],[-74.66,5.526],[-74.667,5.511],[-74.668,5.492],[-74.666,5.474],[-74.66,5.458],[-74.675,5.456],[-74.678,5.449],[-74.673,5.427],[-74.677,5.421],[-74.684,5.417],[-74.691,5.41],[-74.699,5.384],[-74.718,5.35],[-74.722,5.33],[-74.725,5.325],[-74.741,5.311],[-74.746,5.307],[-74.751,5.302],[-74.749,5.291],[-74.759,5.288],[-74.798,5.304],[-74.833,5.314],[-74.842,5.314],[-74.863,5.31],[-74.882,5.302],[-74.92,5.31],[-74.941,5.309],[-74.977,5.297],[-74.999,5.294],[-75.013,5.294],[-75.03,5.287],[-75.038,5.28],[-75.063,5.269],[-75.068,5.251],[-75.11,5.19],[-75.116,5.178],[-75.117,5.172],[-75.12,5.167],[-75.125,5.164],[-75.134,5.161],[-75.149,5.164],[-75.171,5.174],[-75.2,5.161],[-75.209,5.151],[-75.223,5.142],[-75.242,5.136],[-75.255,5.136],[-75.267,5.14],[-75.28,5.139],[-75.294,5.132],[-75.316,5.112],[-75.339,5.086],[-75.348,5.06],[-75.331,5.051],[-75.317,5.027],[-75.349,4.967],[-75.352,4.952],[-75.354,4.939],[-75.338,4.909],[-75.329,4.894],[-75.331,4.879],[-75.338,4.863],[-75.356,4.839],[-75.378,4.8],[-75.403,4.825],[-75.433,4.849],[-75.45,4.866],[-75.464,4.883],[-75.483,4.913],[-75.492,4.919],[-75.503,4.922],[-75.524,4.924],[-75.551,4.931],[-75.562,4.932],[-75.585,4.93],[-75.611,4.934],[-75.615,4.94],[-75.615,4.945],[-75.617,4.951],[-75.626,4.967],[-75.634,4.972],[-75.638,4.974],[-75.64,4.972],[-75.64,4.971],[-75.641,4.969],[-75.661,4.95],[-75.667,4.947],[-75.674,4.945],[-75.688,4.944],[-75.698,4.945],[-75.706,4.949],[-75.709,4.953],[-75.714,4.962],[-75.748,5.045],[-75.755,5.045],[-75.783,5],[-75.786,4.992],[-75.788,4.958],[-75.791,4.948],[-75.796,4.939],[-75.811,4.924],[-75.819,4.92],[-75.84,4.925],[-75.858,4.932],[-75.862,4.94],[-75.885,4.958],[-75.896,4.973],[-75.902,4.988],[-75.904,4.994],[-75.905,5.002],[-75.906,5.018],[-75.914,5.032],[-75.927,5.043],[-75.905,5.1],[-75.892,5.121],[-75.888,5.124],[-75.879,5.125],[-75.861,5.125],[-75.855,5.122],[-75.838,5.111],[-75.83,5.149],[-75.808,5.192],[-75.805,5.2],[-75.804,5.208],[-75.805,5.228],[-75.807,5.234],[-75.814,5.239],[-75.818,5.243],[-75.82,5.251],[-75.822,5.261],[-75.817,5.272],[-75.798,5.288],[-75.793,5.288],[-75.786,5.287],[-75.769,5.279],[-75.752,5.284],[-75.737,5.27],[-75.733,5.267],[-75.724,5.264],[-75.692,5.257],[-75.675,5.264],[-75.668,5.266],[-75.648,5.294],[-75.644,5.304],[-75.655,5.317],[-75.661,5.325],[-75.664,5.338],[-75.664,5.345],[-75.669,5.353],[-75.699,5.383],[-75.71,5.391],[-75.719,5.396],[-75.724,5.396],[-75.729,5.394],[-75.74,5.386],[-75.745,5.384],[-75.756,5.384],[-75.795,5.367],[-75.803,5.365],[-75.839,5.361],[-75.856,5.374],[-75.856,5.378],[-75.857,5.388],[-75.857,5.399],[-75.858,5.489],[-75.804,5.511],[-75.739,5.557],[-75.725,5.559],[-75.71,5.548],[-75.699,5.541],[-75.687,5.529],[-75.678,5.527],[-75.657,5.528],[-75.635,5.525],[-75.612,5.527],[-75.601,5.523],[-75.586,5.519],[-75.581,5.542],[-75.58,5.562],[-75.582,5.583],[-75.598,5.638],[-75.598,5.652],[-75.592,5.683],[-75.607,5.688],[-75.613,5.701],[-75.613,5.732],[-75.613,5.735],[-75.601,5.735],[-75.569,5.723],[-75.556,5.721],[-75.545,5.711],[-75.545,5.708],[-75.542,5.704],[-75.541,5.701],[-75.54,5.697],[-75.536,5.692],[-75.531,5.688],[-75.493,5.674],[-75.487,5.67],[-75.476,5.669],[-75.471,5.67],[-75.426,5.694],[-75.416,5.69],[-75.412,5.686],[-75.407,5.682],[-75.4,5.679],[-75.385,5.674],[-75.379,5.668],[-75.376,5.658],[-75.377,5.639],[-75.379,5.629],[-75.377,5.619],[-75.367,5.608],[-75.36,5.603],[-75.353,5.601],[-75.347,5.598],[-75.34,5.587],[-75.316,5.517],[-75.314,5.506],[-75.314,5.5],[-75.318,5.464],[-75.291,5.474],[-75.276,5.434],[-75.271,5.435],[-75.265,5.437],[-75.254,5.456],[-75.25,5.461],[-75.246,5.465],[-75.242,5.471],[-75.232,5.489],[-75.226,5.495],[-75.216,5.503],[-75.195,5.516],[-75.181,5.523],[-75.172,5.527],[-75.168,5.528],[-75.143,5.53],[-75.137,5.533],[-75.134,5.535],[-75.134,5.544],[-75.1,5.581],[-75.092,5.596],[-75.092,5.6],[-75.093,5.605],[-75.094,5.633],[-75.091,5.66],[-75.054,5.663],[-75.034,5.67],[-75.022,5.677],[-75.014,5.681],[-75.009,5.686],[-75.005,5.692],[-75.001,5.698],[-74.997,5.703],[-74.991,5.714],[-74.927,5.733],[-74.89,5.74],[-74.867,5.744],[-74.847,5.738],[-74.842,5.735],[-74.839,5.731],[-74.828,5.721],[-74.787,5.694],[-74.777,5.69],[-74.744,5.7],[-74.731,5.723],[-74.727,5.744],[-74.723,5.755],[-74.719,5.761],[-74.718,5.77],[-74.715,5.773],[-74.712,5.775],[-74.704,5.777],[-74.699,5.776],[-74.69,5.779],[-74.686,5.779],[-74.683,5.778],[-74.674,5.769],[-74.671,5.767],[-74.662,5.772]]]}},{"type":"Feature","id":"CO-CAQ","properties":{"id":"CO-CAQ","countryCode":"CO","isoSubdivision":"CO-CAQ","name":"Caquetá","name_en":"Caquetá","name_ko":"카케타","type":"Intendancy","labelLongitude":-73.81,"labelLatitude":0.615,"minZoom":6.7},"geometry":{"type":"Polygon","coordinates":[[[-75.156,2.524],[-75.122,2.534],[-75.037,2.6],[-75.003,2.638],[-74.995,2.655],[-75.004,2.685],[-75.026,2.709],[-75.05,2.724],[-75.058,2.749],[-75.053,2.768],[-75.04,2.799],[-75.02,2.835],[-74.977,2.892],[-74.938,2.928],[-74.923,2.942],[-74.914,2.946],[-74.898,2.951],[-74.798,2.919],[-74.75,2.912],[-74.73,2.907],[-74.713,2.897],[-74.7,2.885],[-74.691,2.87],[-74.662,2.796],[-74.647,2.773],[-74.628,2.755],[-74.609,2.741],[-74.596,2.721],[-74.596,2.685],[-74.652,2.465],[-74.658,2.414],[-74.659,2.383],[-74.655,2.347],[-74.646,2.318],[-74.63,2.293],[-74.569,2.225],[-74.554,2.203],[-74.544,2.182],[-74.543,2.162],[-74.549,2.143],[-74.564,2.123],[-74.587,2.099],[-74.605,2.073],[-74.616,2.043],[-74.616,2.008],[-74.607,1.962],[-74.585,1.915],[-74.551,1.871],[-74.511,1.844],[-73.918,1.635],[-73.89,1.631],[-73.852,1.631],[-73.757,1.638],[-73.675,1.625],[-73.667,1.598],[-73.665,1.584],[-73.564,1.437],[-73.548,1.42],[-73.497,1.381],[-73.483,1.365],[-73.468,1.337],[-73.453,1.318],[-73.443,1.302],[-73.432,1.27],[-73.43,1.256],[-73.429,1.233],[-73.426,1.209],[-73.375,1.152],[-73.274,1.063],[-73.247,1.028],[-73.211,1.017],[-73.199,1.009],[-73.192,0.997],[-73.187,0.983],[-73.176,0.968],[-73.157,0.954],[-73.135,0.942],[-73.083,0.924],[-73.063,0.925],[-73.048,0.927],[-73.033,0.932],[-73.02,0.941],[-73.011,0.948],[-72.996,0.971],[-72.974,0.988],[-72.954,1.011],[-72.938,1.025],[-72.907,1.038],[-72.893,1.047],[-72.887,1.059],[-72.883,1.072],[-72.883,1.084],[-72.887,1.103],[-72.885,1.114],[-72.877,1.131],[-72.874,1.148],[-72.871,1.158],[-72.858,1.174],[-72.85,1.178],[-72.841,1.18],[-72.833,1.182],[-72.828,1.187],[-72.826,1.195],[-72.818,1.198],[-72.805,1.194],[-72.79,1.184],[-72.776,1.166],[-72.761,1.153],[-72.739,1.187],[-72.739,1.197],[-72.715,1.201],[-72.703,1.204],[-72.671,1.191],[-72.655,1.181],[-72.627,1.156],[-72.545,1.104],[-72.52,1.096],[-72.487,1.091],[-72.474,1.085],[-72.428,1.042],[-72.418,1.026],[-72.413,1.007],[-72.411,0.976],[-72.408,0.96],[-72.403,0.947],[-72.391,0.94],[-72.376,0.938],[-72.362,0.933],[-72.355,0.914],[-72.352,0.884],[-72.347,0.877],[-72.337,0.872],[-72.327,0.875],[-72.319,0.884],[-72.312,0.884],[-72.305,0.863],[-72.306,0.848],[-72.311,0.83],[-72.312,0.814],[-72.302,0.803],[-72.273,0.794],[-72.264,0.785],[-72.246,0.745],[-72.238,0.737],[-72.171,0.732],[-72.152,0.728],[-72.107,0.71],[-72.098,0.704],[-72.093,0.695],[-72.09,0.685],[-72.087,0.675],[-72.078,0.669],[-72.036,0.664],[-72.02,0.655],[-72.009,0.633],[-72.002,0.594],[-71.995,0.576],[-71.979,0.565],[-71.972,0.567],[-71.968,0.576],[-71.961,0.58],[-71.944,0.569],[-71.933,0.555],[-71.927,0.54],[-71.927,0.524],[-71.936,0.51],[-71.936,0.487],[-71.904,0.461],[-71.865,0.436],[-71.843,0.417],[-71.844,0.403],[-71.849,0.385],[-71.852,0.368],[-71.847,0.356],[-71.832,0.355],[-71.802,0.377],[-71.787,0.373],[-71.776,0.356],[-71.769,0.338],[-71.757,0.324],[-71.734,0.316],[-71.722,0.308],[-71.701,0.272],[-71.689,0.258],[-71.589,0.211],[-71.539,0.178],[-71.527,0.178],[-71.516,0.184],[-71.5,0.19],[-71.49,0.189],[-71.473,0.183],[-71.464,0.182],[-71.453,0.183],[-71.421,0.192],[-71.411,0.189],[-71.387,0.174],[-71.353,0.162],[-71.322,0.133],[-71.39,0.067],[-71.441,0.038],[-71.626,-0.043],[-71.689,-0.086],[-71.728,-0.13],[-71.739,-0.173],[-71.753,-0.203],[-71.774,-0.225],[-71.806,-0.238],[-71.845,-0.246],[-71.981,-0.244],[-72.012,-0.248],[-72.037,-0.26],[-72.075,-0.297],[-72.129,-0.326],[-72.143,-0.342],[-72.175,-0.394],[-72.193,-0.418],[-72.214,-0.441],[-72.232,-0.467],[-72.239,-0.499],[-72.239,-0.533],[-72.237,-0.562],[-72.238,-0.568],[-72.242,-0.587],[-72.254,-0.6],[-72.28,-0.621],[-72.325,-0.629],[-72.36,-0.606],[-72.39,-0.575],[-72.422,-0.557],[-72.447,-0.567],[-72.478,-0.594],[-72.526,-0.649],[-72.539,-0.67],[-72.55,-0.683],[-72.564,-0.685],[-72.59,-0.673],[-72.616,-0.657],[-72.721,-0.572],[-72.75,-0.559],[-72.779,-0.564],[-72.815,-0.588],[-72.885,-0.602],[-72.997,-0.527],[-73.058,-0.57],[-73.081,-0.594],[-73.104,-0.6],[-73.131,-0.601],[-73.165,-0.608],[-73.205,-0.605],[-73.244,-0.575],[-73.281,-0.538],[-73.315,-0.513],[-73.332,-0.507],[-73.341,-0.51],[-73.349,-0.518],[-73.367,-0.527],[-73.389,-0.531],[-73.435,-0.529],[-73.479,-0.533],[-73.554,-0.521],[-73.567,-0.513],[-73.575,-0.5],[-73.586,-0.471],[-73.596,-0.462],[-73.607,-0.461],[-73.618,-0.462],[-73.629,-0.463],[-73.633,-0.462],[-73.637,-0.46],[-73.64,-0.458],[-73.644,-0.454],[-73.646,-0.447],[-73.642,-0.429],[-73.644,-0.422],[-73.649,-0.417],[-73.655,-0.415],[-73.661,-0.415],[-73.667,-0.413],[-73.696,-0.394],[-73.714,-0.387],[-73.728,-0.387],[-73.756,-0.402],[-73.77,-0.407],[-73.787,-0.407],[-73.864,-0.393],[-73.866,-0.393],[-73.942,-0.37],[-73.99,-0.35],[-74.011,-0.335],[-74.044,-0.296],[-74.098,-0.256],[-74.117,-0.246],[-74.134,-0.251],[-74.15,-0.259],[-74.169,-0.258],[-74.175,-0.252],[-74.179,-0.232],[-74.184,-0.225],[-74.193,-0.22],[-74.199,-0.22],[-74.205,-0.221],[-74.215,-0.221],[-74.225,-0.222],[-74.232,-0.226],[-74.24,-0.228],[-74.252,-0.221],[-74.259,-0.213],[-74.263,-0.204],[-74.273,-0.174],[-74.274,-0.166],[-74.275,-0.159],[-74.282,-0.149],[-74.291,-0.141],[-74.328,-0.123],[-74.348,-0.118],[-74.383,-0.133],[-74.399,-0.132],[-74.407,-0.121],[-74.409,-0.105],[-74.413,-0.09],[-74.43,-0.083],[-74.446,-0.089],[-74.456,-0.119],[-74.47,-0.126],[-74.486,-0.123],[-74.496,-0.116],[-74.505,-0.113],[-74.523,-0.117],[-74.539,-0.119],[-74.559,-0.117],[-74.579,-0.11],[-74.593,-0.102],[-74.598,-0.093],[-74.605,-0.071],[-74.61,-0.064],[-74.618,-0.059],[-74.626,-0.059],[-74.633,-0.059],[-74.649,-0.057],[-74.657,-0.057],[-74.664,-0.054],[-74.668,-0.04],[-74.671,-0.023],[-74.673,-0.014],[-74.684,0.006],[-74.683,0.014],[-74.677,0.02],[-74.664,0.046],[-74.658,0.054],[-74.662,0.059],[-74.682,0.066],[-74.696,0.075],[-74.693,0.086],[-74.683,0.098],[-74.677,0.11],[-74.683,0.151],[-74.707,0.181],[-74.743,0.2],[-74.855,0.222],[-74.92,0.257],[-74.962,0.271],[-74.97,0.282],[-74.975,0.316],[-74.989,0.361],[-74.991,0.375],[-74.985,0.442],[-74.996,0.47],[-75.035,0.477],[-75.054,0.472],[-75.063,0.471],[-75.072,0.473],[-75.076,0.479],[-75.079,0.495],[-75.082,0.501],[-75.096,0.507],[-75.106,0.507],[-75.131,0.496],[-75.165,0.488],[-75.187,0.496],[-75.202,0.518],[-75.216,0.552],[-75.219,0.57],[-75.212,0.603],[-75.212,0.619],[-75.22,0.636],[-75.243,0.664],[-75.251,0.68],[-75.253,0.69],[-75.251,0.709],[-75.254,0.719],[-75.263,0.729],[-75.274,0.736],[-75.298,0.747],[-75.318,0.751],[-75.374,0.744],[-75.459,0.749],[-75.499,0.764],[-75.56,0.829],[-75.6,0.847],[-75.645,0.853],[-75.714,0.848],[-75.732,0.848],[-75.75,0.854],[-75.768,0.866],[-75.788,0.876],[-75.828,0.879],[-75.845,0.89],[-75.9,0.954],[-75.912,0.977],[-75.914,0.993],[-75.914,1.007],[-75.918,1.019],[-75.933,1.031],[-75.95,1.035],[-75.988,1.031],[-76.006,1.032],[-76.033,1.043],[-76.047,1.046],[-76.061,1.044],[-76.16,1.133],[-76.17,1.135],[-76.208,1.129],[-76.255,1.138],[-76.272,1.147],[-76.284,1.162],[-76.295,1.185],[-76.297,1.196],[-76.286,1.327],[-76.282,1.34],[-76.263,1.365],[-76.256,1.382],[-76.25,1.415],[-76.227,1.465],[-76.182,1.535],[-76.165,1.563],[-76.145,1.576],[-76.082,1.565],[-76.031,1.563],[-76.006,1.56],[-75.981,1.564],[-75.96,1.573],[-75.942,1.591],[-75.926,1.611],[-75.907,1.63],[-75.856,1.667],[-75.841,1.681],[-75.827,1.705],[-75.808,1.728],[-75.742,1.798],[-75.694,1.866],[-75.626,1.965],[-75.551,2.033],[-75.475,2.154],[-75.444,2.206],[-75.421,2.247],[-75.4,2.265],[-75.354,2.298],[-75.344,2.304],[-75.306,2.345],[-75.292,2.366],[-75.278,2.396],[-75.246,2.508],[-75.231,2.531],[-75.219,2.544],[-75.208,2.547],[-75.196,2.544],[-75.167,2.528],[-75.156,2.524]]]}},{"type":"Feature","id":"CO-CAS","properties":{"id":"CO-CAS","countryCode":"CO","isoSubdivision":"CO-CAS","name":"Casanare","name_en":"Casanare","name_ko":"카사나레","type":"Intendancy","labelLongitude":-71.462,"labelLatitude":5.462,"minZoom":6.7},"geometry":{"type":"Polygon","coordinates":[[[-72.322,6.351],[-72.347,6.31],[-72.351,6.298],[-72.351,6.288],[-72.345,6.263],[-72.323,6.226],[-72.284,6.187],[-72.26,6.138],[-72.246,6.127],[-72.228,6.115],[-72.188,6.096],[-72.156,6.074],[-72.131,6.069],[-72.115,6.069],[-72.058,6.11],[-72.004,6.123],[-71.946,6.15],[-71.926,6.154],[-71.905,6.154],[-71.888,6.152],[-71.856,6.155],[-71.748,6.194],[-71.722,6.2],[-71.646,6.2],[-71.624,6.208],[-71.609,6.21],[-71.599,6.207],[-71.572,6.194],[-71.557,6.191],[-71.527,6.198],[-71.51,6.198],[-71.488,6.195],[-71.462,6.199],[-71.423,6.212],[-71.409,6.219],[-71.393,6.224],[-71.374,6.227],[-71.344,6.228],[-71.307,6.244],[-71.283,6.259],[-71.271,6.261],[-71.26,6.259],[-71.244,6.262],[-71.227,6.26],[-71.207,6.274],[-71.174,6.268],[-71.142,6.256],[-71.119,6.252],[-71.065,6.254],[-71.031,6.248],[-70.96,6.222],[-70.864,6.215],[-70.853,6.216],[-70.831,6.224],[-70.81,6.23],[-70.789,6.233],[-70.772,6.23],[-70.732,6.213],[-70.727,6.209],[-70.672,6.209],[-70.595,6.222],[-70.543,6.226],[-70.505,6.225],[-70.484,6.231],[-70.442,6.251],[-70.373,6.276],[-70.348,6.279],[-70.327,6.277],[-70.296,6.267],[-70.281,6.266],[-70.254,6.266],[-70.225,6.27],[-70.191,6.27],[-70.165,6.268],[-70.151,6.264],[-70.118,6.25],[-70.11,6.243],[-70.098,6.226],[-70.09,6.219],[-70.06,6.201],[-70.053,6.194],[-70.048,6.183],[-70.044,6.173],[-70.039,6.161],[-70.026,6.15],[-69.959,6.126],[-69.94,6.115],[-69.917,6.096],[-69.908,6.087],[-69.905,6.078],[-69.905,6.06],[-69.888,6.04],[-69.856,6.026],[-69.876,6.004],[-69.899,5.971],[-69.969,5.808],[-69.987,5.779],[-70.029,5.736],[-70.034,5.721],[-70.069,5.669],[-70.091,5.645],[-70.123,5.621],[-70.156,5.6],[-70.185,5.587],[-70.227,5.579],[-70.306,5.575],[-70.343,5.568],[-70.406,5.543],[-70.429,5.54],[-70.449,5.533],[-70.514,5.485],[-70.58,5.449],[-70.6,5.433],[-70.619,5.422],[-70.662,5.405],[-70.679,5.389],[-70.683,5.371],[-70.687,5.323],[-70.696,5.314],[-70.712,5.307],[-70.888,5.155],[-70.905,5.146],[-70.945,5.135],[-70.96,5.118],[-71.027,4.959],[-71.049,4.93],[-71.06,4.919],[-71.087,4.895],[-71.1,4.889],[-71.113,4.886],[-71.13,4.878],[-71.158,4.862],[-71.207,4.824],[-71.215,4.816],[-71.275,4.807],[-71.565,4.682],[-71.643,4.628],[-71.686,4.608],[-71.775,4.58],[-71.788,4.579],[-71.799,4.58],[-71.809,4.578],[-71.819,4.57],[-71.897,4.485],[-71.974,4.422],[-72.012,4.399],[-72.05,4.388],[-72.07,4.394],[-72.081,4.408],[-72.089,4.423],[-72.128,4.447],[-72.139,4.451],[-72.15,4.451],[-72.31,4.416],[-72.323,4.41],[-72.367,4.344],[-72.389,4.338],[-72.415,4.341],[-72.433,4.355],[-72.481,4.328],[-72.505,4.321],[-72.515,4.337],[-72.521,4.344],[-72.534,4.349],[-72.549,4.353],[-72.56,4.355],[-72.565,4.349],[-72.588,4.31],[-72.595,4.306],[-72.602,4.311],[-72.608,4.317],[-72.615,4.321],[-72.617,4.319],[-72.62,4.316],[-72.625,4.314],[-72.632,4.313],[-72.67,4.32],[-72.68,4.321],[-72.688,4.317],[-72.701,4.304],[-72.707,4.3],[-72.718,4.298],[-72.726,4.301],[-72.748,4.313],[-72.752,4.341],[-72.753,4.349],[-72.761,4.352],[-72.769,4.351],[-72.777,4.349],[-72.784,4.351],[-72.784,4.357],[-72.783,4.363],[-72.782,4.371],[-72.788,4.38],[-72.789,4.387],[-72.792,4.395],[-72.809,4.414],[-72.813,4.422],[-72.813,4.426],[-72.817,4.43],[-72.822,4.431],[-72.837,4.43],[-72.927,4.525],[-72.995,4.65],[-73.041,4.694],[-73.046,4.705],[-73.053,4.735],[-73.049,4.753],[-73.069,4.811],[-73.066,4.83],[-73.05,4.874],[-73.046,4.92],[-73.031,4.985],[-73.025,4.993],[-73.011,4.995],[-72.974,4.979],[-72.95,5.005],[-72.933,5.02],[-72.927,5.032],[-72.922,5.055],[-72.906,5.083],[-72.914,5.096],[-72.938,5.115],[-72.949,5.132],[-72.953,5.147],[-72.953,5.16],[-72.948,5.183],[-72.945,5.191],[-72.942,5.197],[-72.935,5.205],[-72.938,5.24],[-72.93,5.25],[-72.874,5.328],[-72.858,5.346],[-72.842,5.359],[-72.831,5.366],[-72.808,5.384],[-72.788,5.375],[-72.78,5.366],[-72.757,5.332],[-72.738,5.316],[-72.71,5.28],[-72.69,5.278],[-72.632,5.33],[-72.59,5.354],[-72.576,5.376],[-72.555,5.412],[-72.444,5.53],[-72.421,5.558],[-72.409,5.563],[-72.398,5.564],[-72.391,5.559],[-72.386,5.551],[-72.377,5.534],[-72.37,5.527],[-72.348,5.51],[-72.335,5.502],[-72.326,5.5],[-72.319,5.506],[-72.306,5.575],[-72.303,5.584],[-72.297,5.595],[-72.284,5.607],[-72.279,5.618],[-72.275,5.631],[-72.272,5.65],[-72.267,5.659],[-72.26,5.668],[-72.253,5.67],[-72.238,5.683],[-72.261,5.703],[-72.284,5.735],[-72.304,5.751],[-72.311,5.774],[-72.351,5.803],[-72.447,5.854],[-72.448,5.874],[-72.441,5.882],[-72.431,5.89],[-72.416,5.896],[-72.393,5.901],[-72.389,5.909],[-72.367,5.983],[-72.358,6.033],[-72.344,6.06],[-72.341,6.079],[-72.371,6.109],[-72.378,6.122],[-72.381,6.135],[-72.387,6.148],[-72.393,6.172],[-72.399,6.178],[-72.414,6.187],[-72.417,6.194],[-72.416,6.204],[-72.396,6.268],[-72.354,6.334],[-72.322,6.351]]]}},{"type":"Feature","id":"CO-CAU","properties":{"id":"CO-CAU","countryCode":"CO","isoSubdivision":"CO-CAU","name":"Cauca","name_en":"Cauca","name_ko":"카우카","type":"Department","labelLongitude":-77.277,"labelLatitude":2.616,"minZoom":6.7},"geometry":{"type":"MultiPolygon","coordinates":[[[[-77.902,2.696],[-77.888,2.687],[-77.85,2.638],[-77.835,2.626],[-77.802,2.607],[-77.785,2.594],[-77.808,2.579],[-77.84,2.577],[-77.87,2.584],[-77.888,2.594],[-77.881,2.6],[-77.888,2.607],[-77.867,2.627],[-77.868,2.64],[-77.881,2.646],[-77.899,2.648],[-77.914,2.659],[-77.92,2.68],[-77.916,2.697],[-77.902,2.696]]],[[[-77.806,2.662],[-77.768,2.633],[-77.754,2.618],[-77.759,2.603],[-77.776,2.601],[-77.802,2.614],[-77.847,2.648],[-77.875,2.685],[-77.881,2.696],[-77.884,2.708],[-77.885,2.72],[-77.883,2.725],[-77.874,2.717],[-77.871,2.714],[-77.86,2.71],[-77.857,2.716],[-77.855,2.719],[-77.851,2.721],[-77.847,2.724],[-77.819,2.696],[-77.815,2.688],[-77.811,2.669],[-77.806,2.662]]],[[[-78.074,2.647],[-78.064,2.654],[-78.04,2.655],[-78.021,2.654],[-78.004,2.655],[-77.992,2.663],[-77.969,2.676],[-77.95,2.675],[-77.936,2.662],[-77.925,2.643],[-77.918,2.632],[-77.907,2.629],[-77.888,2.635],[-77.897,2.619],[-77.905,2.598],[-77.904,2.58],[-77.884,2.572],[-77.873,2.571],[-77.852,2.566],[-77.84,2.566],[-77.814,2.571],[-77.802,2.572],[-77.778,2.578],[-77.76,2.592],[-77.751,2.61],[-77.752,2.627],[-77.758,2.64],[-77.769,2.657],[-77.783,2.671],[-77.799,2.676],[-77.799,2.682],[-77.778,2.682],[-77.778,2.689],[-77.791,2.692],[-77.798,2.699],[-77.798,2.708],[-77.792,2.717],[-77.803,2.719],[-77.806,2.726],[-77.804,2.734],[-77.799,2.744],[-77.808,2.746],[-77.812,2.748],[-77.813,2.754],[-77.812,2.764],[-77.795,2.757],[-77.781,2.763],[-77.768,2.773],[-77.755,2.779],[-77.748,2.78],[-77.739,2.782],[-77.734,2.786],[-77.737,2.792],[-77.746,2.793],[-77.762,2.786],[-77.771,2.786],[-77.786,2.795],[-77.782,2.802],[-77.771,2.809],[-77.765,2.816],[-77.758,2.813],[-77.742,2.81],[-77.723,2.809],[-77.709,2.812],[-77.705,2.806],[-77.698,2.798],[-77.696,2.792],[-77.689,2.792],[-77.699,2.813],[-77.735,2.822],[-77.724,2.84],[-77.708,2.848],[-77.694,2.85],[-77.68,2.854],[-77.668,2.867],[-77.659,2.863],[-77.651,2.859],[-77.645,2.854],[-77.642,2.846],[-77.636,2.87],[-77.658,2.877],[-77.688,2.873],[-77.709,2.861],[-77.715,2.876],[-77.716,2.898],[-77.71,2.918],[-77.696,2.929],[-77.683,2.927],[-77.673,2.919],[-77.665,2.909],[-77.655,2.902],[-77.643,2.898],[-77.64,2.9],[-77.639,2.906],[-77.634,2.915],[-77.625,2.924],[-77.621,2.928],[-77.62,2.932],[-77.621,2.943],[-77.624,2.948],[-77.638,2.952],[-77.642,2.956],[-77.641,2.961],[-77.636,2.965],[-77.631,2.978],[-77.626,2.98],[-77.623,2.982],[-77.627,2.991],[-77.634,2.995],[-77.642,2.994],[-77.65,2.996],[-77.655,3.005],[-77.656,2.998],[-77.658,2.996],[-77.658,2.995],[-77.655,2.991],[-77.665,2.985],[-77.677,2.982],[-77.685,2.986],[-77.689,2.997],[-77.714,2.975],[-77.724,2.97],[-77.722,2.982],[-77.685,3.026],[-77.662,3.058],[-77.648,3.074],[-77.571,3.138],[-77.551,3.175],[-77.54,3.197],[-77.525,3.201],[-77.509,3.195],[-77.506,3.205],[-77.505,3.213],[-77.502,3.223],[-77.495,3.224],[-77.486,3.221],[-77.48,3.227],[-77.485,3.238],[-77.501,3.245],[-77.516,3.24],[-77.539,3.237],[-77.542,3.246],[-77.53,3.261],[-77.505,3.282],[-77.489,3.293],[-77.465,3.302],[-77.424,3.262],[-77.419,3.259],[-77.405,3.233],[-77.395,3.221],[-77.39,3.212],[-77.389,3.205],[-77.388,3.198],[-77.385,3.19],[-77.372,3.17],[-77.364,3.165],[-77.349,3.167],[-77.341,3.17],[-77.335,3.172],[-77.331,3.174],[-77.327,3.175],[-77.319,3.175],[-77.295,3.164],[-77.293,3.159],[-77.296,3.156],[-77.297,3.153],[-77.296,3.149],[-77.289,3.143],[-77.285,3.144],[-77.277,3.143],[-77.261,3.124],[-77.259,3.129],[-77.256,3.129],[-77.252,3.124],[-77.245,3.122],[-77.234,3.125],[-77.229,3.13],[-77.221,3.138],[-77.216,3.141],[-77.206,3.15],[-77.198,3.159],[-77.194,3.162],[-77.186,3.169],[-77.18,3.171],[-77.172,3.169],[-77.166,3.169],[-77.149,3.181],[-77.128,3.189],[-77.11,3.192],[-77.063,3.183],[-77.015,3.168],[-77.008,3.164],[-76.991,3.149],[-76.989,3.145],[-76.988,3.142],[-76.985,3.14],[-76.974,3.136],[-76.916,3.105],[-76.887,3.095],[-76.87,3.093],[-76.853,3.095],[-76.843,3.098],[-76.836,3.101],[-76.829,3.105],[-76.811,3.125],[-76.779,3.184],[-76.766,3.172],[-76.713,3.136],[-76.691,3.117],[-76.673,3.108],[-76.66,3.106],[-76.652,3.11],[-76.646,3.115],[-76.643,3.12],[-76.639,3.124],[-76.632,3.125],[-76.625,3.11],[-76.617,3.101],[-76.609,3.098],[-76.604,3.098],[-76.601,3.101],[-76.599,3.108],[-76.597,3.11],[-76.595,3.112],[-76.593,3.115],[-76.589,3.119],[-76.584,3.122],[-76.577,3.124],[-76.57,3.122],[-76.566,3.119],[-76.553,3.11],[-76.538,3.126],[-76.531,3.134],[-76.522,3.156],[-76.516,3.163],[-76.503,3.169],[-76.477,3.174],[-76.467,3.179],[-76.456,3.189],[-76.448,3.204],[-76.444,3.22],[-76.442,3.255],[-76.446,3.263],[-76.46,3.276],[-76.463,3.285],[-76.459,3.292],[-76.437,3.318],[-76.416,3.308],[-76.398,3.299],[-76.354,3.29],[-76.256,3.283],[-76.228,3.274],[-76.192,3.247],[-76.177,3.241],[-76.113,3.227],[-76.076,3.213],[-76.092,3.203],[-76.095,3.181],[-76.092,3.163],[-76.099,3.136],[-76.108,3.126],[-76.112,3.118],[-76.113,3.106],[-76.113,3.095],[-76.094,3.079],[-76.079,3.074],[-76.066,3.054],[-76.045,3.036],[-76.03,2.996],[-76.031,2.93],[-76.024,2.912],[-75.919,2.82],[-75.893,2.797],[-75.866,2.766],[-75.853,2.755],[-75.837,2.748],[-75.819,2.735],[-75.806,2.72],[-75.794,2.693],[-75.781,2.67],[-75.802,2.599],[-75.821,2.559],[-75.823,2.53],[-75.795,2.475],[-75.819,2.461],[-75.832,2.449],[-75.844,2.428],[-75.878,2.427],[-75.897,2.436],[-75.93,2.466],[-75.966,2.491],[-75.979,2.486],[-76.004,2.458],[-76.026,2.438],[-76.05,2.421],[-76.122,2.385],[-76.154,2.373],[-76.234,2.352],[-76.258,2.352],[-76.278,2.356],[-76.333,2.399],[-76.349,2.413],[-76.379,2.42],[-76.393,2.367],[-76.357,2.287],[-76.357,2.272],[-76.365,2.26],[-76.368,2.25],[-76.383,2.212],[-76.397,2.186],[-76.408,2.181],[-76.422,2.164],[-76.422,2.156],[-76.42,2.146],[-76.418,2.138],[-76.417,2.131],[-76.419,2.126],[-76.427,2.121],[-76.441,2.116],[-76.455,2.113],[-76.475,2.116],[-76.492,2.116],[-76.508,2.119],[-76.52,2.125],[-76.537,2.129],[-76.551,2.122],[-76.567,2.1],[-76.566,2.054],[-76.562,2.024],[-76.565,2.014],[-76.592,1.989],[-76.6,1.972],[-76.601,1.959],[-76.598,1.917],[-76.577,1.88],[-76.504,1.823],[-76.453,1.756],[-76.409,1.685],[-76.382,1.659],[-76.347,1.639],[-76.298,1.624],[-76.272,1.617],[-76.256,1.606],[-76.22,1.594],[-76.182,1.593],[-76.145,1.576],[-76.165,1.563],[-76.182,1.535],[-76.227,1.465],[-76.25,1.415],[-76.256,1.382],[-76.263,1.365],[-76.282,1.34],[-76.286,1.327],[-76.297,1.196],[-76.295,1.185],[-76.284,1.162],[-76.272,1.147],[-76.255,1.138],[-76.208,1.129],[-76.17,1.135],[-76.16,1.133],[-76.061,1.044],[-76.062,1.043],[-76.072,1.034],[-76.078,1.021],[-76.086,1.011],[-76.104,1.008],[-76.136,1.01],[-76.148,1.007],[-76.164,1],[-76.175,0.991],[-76.184,0.983],[-76.194,0.977],[-76.21,0.972],[-76.351,0.977],[-76.382,0.983],[-76.422,1.002],[-76.492,1.025],[-76.512,1.039],[-76.537,1.076],[-76.546,1.118],[-76.542,1.206],[-76.537,1.223],[-76.52,1.257],[-76.516,1.275],[-76.517,1.288],[-76.52,1.302],[-76.533,1.33],[-76.55,1.346],[-76.553,1.356],[-76.571,1.386],[-76.588,1.407],[-76.622,1.421],[-76.638,1.432],[-76.654,1.438],[-76.67,1.434],[-76.723,1.355],[-76.746,1.33],[-76.773,1.314],[-76.8,1.308],[-76.879,1.313],[-76.912,1.313],[-76.914,1.351],[-76.924,1.4],[-76.929,1.485],[-76.924,1.503],[-76.876,1.533],[-76.865,1.544],[-76.854,1.558],[-76.85,1.569],[-76.845,1.589],[-76.844,1.599],[-76.845,1.607],[-76.849,1.615],[-76.854,1.62],[-76.864,1.628],[-76.893,1.671],[-76.924,1.72],[-76.931,1.724],[-76.941,1.728],[-76.972,1.718],[-77.013,1.713],[-77.045,1.704],[-77.051,1.701],[-77.064,1.689],[-77.071,1.682],[-77.082,1.674],[-77.089,1.67],[-77.099,1.668],[-77.111,1.668],[-77.128,1.674],[-77.136,1.679],[-77.141,1.684],[-77.145,1.687],[-77.151,1.687],[-77.167,1.681],[-77.183,1.681],[-77.233,1.663],[-77.234,1.664],[-77.244,1.668],[-77.253,1.674],[-77.256,1.673],[-77.265,1.67],[-77.325,1.689],[-77.3,1.749],[-77.297,1.764],[-77.295,1.778],[-77.301,1.794],[-77.3,1.808],[-77.298,1.817],[-77.283,1.856],[-77.248,1.887],[-77.24,1.903],[-77.239,1.91],[-77.236,1.917],[-77.231,1.922],[-77.219,1.926],[-77.214,1.927],[-77.211,1.932],[-77.199,1.961],[-77.214,1.986],[-77.233,1.997],[-77.243,2.001],[-77.258,2.009],[-77.317,2.053],[-77.326,2.062],[-77.33,2.07],[-77.327,2.079],[-77.324,2.086],[-77.32,2.101],[-77.305,2.125],[-77.301,2.155],[-77.313,2.171],[-77.402,2.213],[-77.42,2.219],[-77.431,2.221],[-77.446,2.221],[-77.459,2.22],[-77.476,2.217],[-77.481,2.215],[-77.486,2.213],[-77.496,2.205],[-77.498,2.202],[-77.517,2.195],[-77.544,2.193],[-77.572,2.187],[-77.579,2.183],[-77.595,2.17],[-77.625,2.158],[-77.656,2.159],[-77.703,2.143],[-77.721,2.142],[-77.744,2.144],[-77.78,2.157],[-77.811,2.164],[-77.84,2.177],[-77.849,2.187],[-77.853,2.195],[-77.856,2.228],[-77.859,2.237],[-77.932,2.341],[-77.949,2.382],[-77.95,2.391],[-77.95,2.401],[-77.948,2.41],[-77.935,2.444],[-77.932,2.456],[-77.932,2.467],[-77.933,2.477],[-77.946,2.513],[-77.951,2.536],[-77.953,2.556],[-77.984,2.587],[-78.074,2.647]]],[[[-78.187,2.99],[-78.173,3.002],[-78.164,3.002],[-78.166,2.988],[-78.166,2.974],[-78.167,2.96],[-78.182,2.943],[-78.193,2.934],[-78.208,2.93],[-78.22,2.934],[-78.22,2.944],[-78.204,2.946],[-78.2,2.961],[-78.195,2.98],[-78.187,2.99]]]]}},{"type":"Feature","id":"CO-CES","properties":{"id":"CO-CES","countryCode":"CO","isoSubdivision":"CO-CES","name":"Cesar","name_en":"Cesar","name_ko":"세사르","type":"Department","labelLongitude":-73.434,"labelLatitude":9.849,"minZoom":6.7},"geometry":{"type":"Polygon","coordinates":[[[-72.915,10.428],[-72.916,10.414],[-72.916,10.394],[-72.936,10.175],[-72.988,9.999],[-72.988,9.96],[-72.996,9.921],[-72.997,9.901],[-72.99,9.875],[-72.982,9.857],[-72.978,9.838],[-72.986,9.812],[-73.017,9.749],[-73.072,9.664],[-73.097,9.596],[-73.108,9.578],[-73.124,9.561],[-73.164,9.536],[-73.178,9.523],[-73.197,9.479],[-73.277,9.362],[-73.312,9.276],[-73.324,9.256],[-73.342,9.239],[-73.379,9.214],[-73.391,9.195],[-73.391,9.173],[-73.378,9.165],[-73.364,9.165],[-73.408,9.155],[-73.417,9.151],[-73.437,9.116],[-73.433,9.079],[-73.445,8.941],[-73.441,8.901],[-73.441,8.893],[-73.448,8.866],[-73.435,8.816],[-73.427,8.793],[-73.427,8.782],[-73.431,8.772],[-73.445,8.758],[-73.47,8.743],[-73.476,8.736],[-73.479,8.729],[-73.477,8.72],[-73.477,8.713],[-73.48,8.706],[-73.489,8.696],[-73.526,8.667],[-73.54,8.654],[-73.547,8.645],[-73.555,8.634],[-73.56,8.623],[-73.562,8.609],[-73.563,8.598],[-73.562,8.588],[-73.553,8.564],[-73.524,8.523],[-73.505,8.478],[-73.499,8.475],[-73.492,8.462],[-73.504,8.42],[-73.528,8.393],[-73.529,8.385],[-73.527,8.381],[-73.521,8.379],[-73.504,8.378],[-73.497,8.376],[-73.49,8.372],[-73.485,8.367],[-73.469,8.357],[-73.467,8.334],[-73.462,8.328],[-73.456,8.324],[-73.451,8.328],[-73.442,8.342],[-73.436,8.35],[-73.406,8.374],[-73.412,8.411],[-73.414,8.416],[-73.421,8.428],[-73.425,8.444],[-73.425,8.449],[-73.42,8.455],[-73.412,8.457],[-73.397,8.456],[-73.374,8.453],[-73.363,8.446],[-73.357,8.439],[-73.353,8.395],[-73.367,8.333],[-73.383,8.298],[-73.391,8.268],[-73.402,8.248],[-73.409,8.228],[-73.413,8.206],[-73.409,8.128],[-73.395,8.119],[-73.38,8.085],[-73.38,8.078],[-73.378,8.069],[-73.379,8.044],[-73.376,8.03],[-73.363,8.016],[-73.319,8.012],[-73.306,7.993],[-73.297,7.989],[-73.293,7.988],[-73.289,7.986],[-73.287,7.981],[-73.286,7.973],[-73.287,7.96],[-73.291,7.946],[-73.303,7.929],[-73.312,7.919],[-73.324,7.91],[-73.343,7.903],[-73.351,7.896],[-73.355,7.885],[-73.358,7.867],[-73.355,7.831],[-73.357,7.811],[-73.361,7.801],[-73.366,7.792],[-73.388,7.763],[-73.396,7.747],[-73.408,7.736],[-73.418,7.723],[-73.433,7.709],[-73.453,7.696],[-73.484,7.682],[-73.496,7.678],[-73.505,7.679],[-73.515,7.684],[-73.534,7.7],[-73.541,7.703],[-73.552,7.705],[-73.561,7.708],[-73.569,7.715],[-73.58,7.728],[-73.589,7.733],[-73.598,7.737],[-73.636,7.745],[-73.64,7.745],[-73.625,7.735],[-73.752,7.741],[-73.751,7.77],[-73.746,7.776],[-73.74,7.787],[-73.741,7.797],[-73.742,7.807],[-73.746,7.821],[-73.744,7.831],[-73.739,7.84],[-73.723,7.858],[-73.718,7.862],[-73.705,7.87],[-73.677,7.893],[-73.67,7.911],[-73.67,7.929],[-73.676,7.946],[-73.68,7.951],[-73.682,7.955],[-73.689,7.96],[-73.693,7.963],[-73.701,7.971],[-73.704,7.973],[-73.708,7.975],[-73.716,7.976],[-73.72,7.977],[-73.724,7.981],[-73.729,7.987],[-73.729,8.006],[-73.771,8.077],[-73.779,8.098],[-73.78,8.112],[-73.786,8.161],[-73.784,8.171],[-73.787,8.18],[-73.791,8.198],[-73.795,8.207],[-73.796,8.213],[-73.794,8.218],[-73.785,8.226],[-73.783,8.23],[-73.781,8.24],[-73.772,8.261],[-73.77,8.271],[-73.769,8.298],[-73.77,8.301],[-73.766,8.31],[-73.757,8.322],[-73.755,8.329],[-73.759,8.34],[-73.765,8.349],[-73.767,8.359],[-73.759,8.373],[-73.755,8.389],[-73.762,8.459],[-73.769,8.482],[-73.792,8.522],[-73.796,8.545],[-73.796,8.579],[-73.8,8.591],[-73.817,8.613],[-73.824,8.624],[-73.83,8.644],[-73.831,8.709],[-73.827,8.73],[-73.808,8.767],[-73.803,8.788],[-73.808,8.817],[-73.82,8.836],[-73.855,8.867],[-73.87,8.888],[-73.844,8.969],[-73.834,8.988],[-73.824,9.017],[-73.8,9.056],[-73.825,9.089],[-73.855,9.118],[-73.867,9.139],[-73.872,9.159],[-73.874,9.178],[-73.879,9.184],[-73.886,9.185],[-73.894,9.183],[-73.903,9.183],[-73.941,9.191],[-73.954,9.196],[-73.959,9.203],[-73.962,9.21],[-73.963,9.215],[-73.963,9.22],[-73.962,9.224],[-73.958,9.229],[-73.954,9.234],[-73.952,9.238],[-73.951,9.243],[-73.952,9.251],[-73.953,9.259],[-73.956,9.295],[-73.959,9.302],[-73.966,9.308],[-73.975,9.314],[-73.984,9.322],[-73.995,9.342],[-74.001,9.399],[-74.019,9.415],[-74.039,9.426],[-74.082,9.467],[-74.137,9.498],[-74.108,9.519],[-74.059,9.574],[-74.042,9.585],[-74.027,9.591],[-74.004,9.593],[-73.997,9.593],[-73.989,9.591],[-73.979,9.587],[-73.962,9.587],[-73.954,9.585],[-73.94,9.575],[-73.931,9.571],[-73.895,9.57],[-73.888,9.569],[-73.876,9.569],[-73.868,9.573],[-73.826,9.597],[-73.819,9.598],[-73.813,9.595],[-73.809,9.59],[-73.806,9.585],[-73.801,9.578],[-73.784,9.597],[-73.817,9.693],[-73.843,9.74],[-73.836,9.757],[-73.837,9.763],[-73.842,9.79],[-73.885,9.83],[-73.895,9.837],[-73.953,9.915],[-73.97,9.93],[-73.984,9.939],[-73.998,9.946],[-74.008,9.958],[-74.034,10],[-74.066,10.054],[-74.068,10.065],[-74.069,10.079],[-74.065,10.091],[-74.057,10.122],[-74.051,10.17],[-74.033,10.193],[-74.023,10.214],[-74.012,10.225],[-73.997,10.248],[-73.967,10.28],[-73.957,10.294],[-73.947,10.32],[-73.939,10.337],[-73.92,10.357],[-73.906,10.368],[-73.893,10.373],[-73.858,10.38],[-73.844,10.384],[-73.835,10.384],[-73.827,10.383],[-73.819,10.38],[-73.809,10.38],[-73.77,10.391],[-73.734,10.417],[-73.721,10.42],[-73.705,10.427],[-73.691,10.444],[-73.681,10.448],[-73.669,10.448],[-73.655,10.45],[-73.647,10.456],[-73.641,10.473],[-73.637,10.481],[-73.63,10.484],[-73.601,10.493],[-73.578,10.503],[-73.571,10.512],[-73.572,10.523],[-73.58,10.531],[-73.589,10.536],[-73.595,10.541],[-73.598,10.549],[-73.594,10.565],[-73.594,10.58],[-73.6,10.617],[-73.605,10.632],[-73.614,10.65],[-73.586,10.7],[-73.576,10.711],[-73.562,10.731],[-73.564,10.744],[-73.574,10.756],[-73.59,10.763],[-73.607,10.767],[-73.623,10.768],[-73.638,10.767],[-73.646,10.771],[-73.64,10.786],[-73.607,10.835],[-73.606,10.846],[-73.452,10.866],[-73.387,10.864],[-73.365,10.859],[-73.338,10.857],[-73.302,10.851],[-73.285,10.852],[-73.272,10.843],[-73.26,10.827],[-73.255,10.81],[-73.251,10.783],[-73.252,10.772],[-73.256,10.759],[-73.258,10.748],[-73.25,10.734],[-73.221,10.725],[-73.194,10.709],[-73.164,10.702],[-73.124,10.678],[-73.085,10.646],[-73.075,10.63],[-73.086,10.614],[-73.092,10.602],[-73.1,10.578],[-73.114,10.563],[-73.125,10.527],[-73.138,10.52],[-73.159,10.484],[-73.17,10.478],[-73.177,10.468],[-73.181,10.457],[-73.163,10.45],[-73.151,10.437],[-73.145,10.423],[-73.14,10.404],[-73.131,10.4],[-73.115,10.405],[-73.098,10.412],[-73.078,10.415],[-73.062,10.412],[-73.045,10.404],[-73.031,10.402],[-73.013,10.401],[-72.994,10.403],[-72.978,10.407],[-72.94,10.423],[-72.916,10.428],[-72.915,10.428]]]}},{"type":"Feature","id":"CO-CHO","properties":{"id":"CO-CHO","countryCode":"CO","isoSubdivision":"CO-CHO","name":"Chocó","name_en":"Chocó","name_ko":"초코","type":"Department","labelLongitude":-76.726,"labelLatitude":5.383,"minZoom":6.7},"geometry":{"type":"MultiPolygon","coordinates":[[[[-77.469,8.538],[-77.441,8.568],[-77.429,8.593],[-77.43,8.61],[-77.435,8.621],[-77.434,8.628],[-77.418,8.638],[-77.402,8.642],[-77.385,8.644],[-77.375,8.651],[-77.374,8.665],[-77.373,8.669],[-77.371,8.672],[-77.369,8.675],[-77.367,8.678],[-77.352,8.669],[-77.341,8.632],[-77.329,8.614],[-77.317,8.601],[-77.307,8.589],[-77.299,8.574],[-77.292,8.555],[-77.283,8.517],[-77.275,8.496],[-77.21,8.452],[-77.159,8.432],[-77.144,8.421],[-77.134,8.408],[-77.053,8.276],[-77.032,8.26],[-77.018,8.258],[-76.99,8.257],[-76.985,8.256],[-76.984,8.253],[-76.973,8.205],[-76.966,8.189],[-76.961,8.17],[-76.954,8.087],[-76.96,8.065],[-76.967,8.055],[-76.97,8.037],[-76.989,8.024],[-76.997,8.015],[-77.003,7.999],[-77.022,7.898],[-77.035,7.883],[-77.051,7.873],[-77.071,7.852],[-77.093,7.837],[-77.12,7.842],[-77.12,7.801],[-77.119,7.802],[-77.116,7.799],[-77.114,7.793],[-77.113,7.788],[-77.115,7.789],[-77.119,7.788],[-77.124,7.785],[-77.126,7.781],[-77.119,7.767],[-77.109,7.754],[-76.981,7.639],[-76.877,7.565],[-76.773,7.453],[-76.692,7.354],[-76.672,7.339],[-76.646,7.321],[-76.612,7.317],[-76.598,7.312],[-76.587,7.304],[-76.543,7.267],[-76.53,7.249],[-76.508,7.186],[-76.505,7.074],[-76.509,7.055],[-76.513,7.046],[-76.546,6.991],[-76.57,6.993],[-76.583,7],[-76.601,7.006],[-76.683,7.026],[-76.704,7.027],[-76.768,7.022],[-76.797,7.016],[-76.817,7.008],[-76.831,7],[-76.836,6.986],[-76.833,6.978],[-76.827,6.965],[-76.824,6.962],[-76.819,6.959],[-76.812,6.954],[-76.806,6.943],[-76.802,6.927],[-76.797,6.889],[-76.802,6.874],[-76.811,6.863],[-76.823,6.851],[-76.827,6.844],[-76.836,6.841],[-76.883,6.845],[-76.915,6.826],[-76.929,6.824],[-76.958,6.815],[-76.973,6.81],[-76.971,6.801],[-76.97,6.763],[-76.967,6.752],[-76.952,6.741],[-76.949,6.732],[-76.951,6.726],[-76.97,6.705],[-76.961,6.704],[-76.952,6.704],[-76.945,6.702],[-76.942,6.695],[-76.941,6.684],[-76.938,6.676],[-76.932,6.672],[-76.922,6.671],[-76.923,6.677],[-76.915,6.687],[-76.906,6.694],[-76.901,6.688],[-76.903,6.679],[-76.907,6.67],[-76.908,6.661],[-76.901,6.65],[-76.893,6.647],[-76.871,6.645],[-76.866,6.64],[-76.869,6.625],[-76.874,6.625],[-76.881,6.629],[-76.887,6.63],[-76.896,6.615],[-76.898,6.595],[-76.893,6.582],[-76.881,6.589],[-76.866,6.582],[-76.857,6.572],[-76.852,6.558],[-76.853,6.54],[-76.842,6.53],[-76.834,6.517],[-76.825,6.509],[-76.812,6.513],[-76.788,6.483],[-76.788,6.475],[-76.797,6.464],[-76.803,6.451],[-76.801,6.441],[-76.784,6.438],[-76.787,6.431],[-76.791,6.427],[-76.797,6.424],[-76.805,6.423],[-76.797,6.407],[-76.789,6.396],[-76.787,6.384],[-76.798,6.369],[-76.794,6.368],[-76.784,6.363],[-76.793,6.353],[-76.799,6.336],[-76.802,6.317],[-76.798,6.301],[-76.791,6.294],[-76.783,6.291],[-76.776,6.29],[-76.771,6.287],[-76.767,6.265],[-76.765,6.259],[-76.737,6.229],[-76.726,6.211],[-76.723,6.191],[-76.715,6.182],[-76.714,6.178],[-76.7,6.169],[-76.674,6.162],[-76.649,6.159],[-76.569,6.162],[-76.525,6.171],[-76.469,6.176],[-76.421,6.181],[-76.389,6.188],[-76.35,6.192],[-76.312,6.192],[-76.277,6.187],[-76.258,6.174],[-76.249,6.158],[-76.24,6.097],[-76.217,6.035],[-76.189,5.998],[-76.164,5.989],[-76.137,5.988],[-76.111,5.976],[-76.105,5.93],[-76.133,5.861],[-76.136,5.837],[-76.13,5.811],[-76.124,5.789],[-76.096,5.742],[-76.088,5.728],[-76.084,5.702],[-76.096,5.66],[-76.098,5.643],[-76.088,5.625],[-76.082,5.618],[-76.042,5.577],[-76.08,5.538],[-76.082,5.511],[-76.093,5.455],[-76.145,5.425],[-76.166,5.409],[-76.183,5.352],[-76.18,5.309],[-76.098,5.175],[-76.088,5.139],[-76.09,5.11],[-76.075,5.084],[-76.076,5.036],[-76.106,5.007],[-76.116,5],[-76.132,4.983],[-76.141,4.97],[-76.167,4.897],[-76.17,4.889],[-76.21,4.843],[-76.291,4.773],[-76.299,4.764],[-76.307,4.751],[-76.312,4.738],[-76.313,4.726],[-76.307,4.716],[-76.303,4.7],[-76.317,4.679],[-76.347,4.648],[-76.374,4.629],[-76.427,4.582],[-76.436,4.566],[-76.45,4.514],[-76.451,4.502],[-76.444,4.485],[-76.442,4.466],[-76.456,4.421],[-76.47,4.409],[-76.475,4.405],[-76.484,4.402],[-76.493,4.4],[-76.504,4.396],[-76.523,4.392],[-76.53,4.392],[-76.542,4.395],[-76.546,4.395],[-76.547,4.392],[-76.546,4.384],[-76.528,4.353],[-76.519,4.34],[-76.509,4.331],[-76.502,4.326],[-76.496,4.32],[-76.494,4.312],[-76.501,4.263],[-76.497,4.238],[-76.455,4.216],[-76.44,4.201],[-76.443,4.188],[-76.446,4.182],[-76.473,4.156],[-76.497,4.149],[-76.521,4.137],[-76.546,4.11],[-76.569,4.079],[-76.573,4.069],[-76.574,4.062],[-76.575,4.056],[-76.582,4.052],[-76.594,4.051],[-76.643,4.064],[-76.654,4.063],[-76.666,4.058],[-76.68,4.044],[-76.697,4.031],[-76.73,3.999],[-76.743,3.995],[-76.761,3.996],[-76.793,4.01],[-76.806,4.014],[-76.816,4.019],[-76.82,4.023],[-76.821,4.027],[-76.823,4.03],[-76.836,4.034],[-76.868,4.03],[-76.893,4.042],[-76.934,4.106],[-76.946,4.117],[-76.957,4.123],[-76.967,4.122],[-76.98,4.124],[-76.987,4.124],[-76.992,4.121],[-77.001,4.109],[-77.009,4.104],[-77.018,4.102],[-77.028,4.101],[-77.05,4.104],[-77.066,4.104],[-77.07,4.107],[-77.082,4.122],[-77.125,4.167],[-77.137,4.169],[-77.155,4.183],[-77.165,4.185],[-77.175,4.184],[-77.197,4.177],[-77.203,4.174],[-77.207,4.17],[-77.215,4.166],[-77.221,4.168],[-77.231,4.174],[-77.239,4.183],[-77.245,4.191],[-77.247,4.2],[-77.247,4.227],[-77.253,4.241],[-77.254,4.242],[-77.236,4.265],[-77.321,4.266],[-77.337,4.269],[-77.35,4.286],[-77.387,4.347],[-77.359,4.387],[-77.353,4.402],[-77.345,4.446],[-77.335,4.461],[-77.313,4.471],[-77.313,4.478],[-77.333,4.471],[-77.33,4.5],[-77.32,4.547],[-77.319,4.684],[-77.316,4.674],[-77.312,4.667],[-77.306,4.661],[-77.299,4.656],[-77.294,4.666],[-77.292,4.682],[-77.295,4.697],[-77.319,4.71],[-77.322,4.723],[-77.323,4.739],[-77.326,4.753],[-77.303,4.749],[-77.286,4.737],[-77.273,4.721],[-77.264,4.704],[-77.258,4.704],[-77.27,4.736],[-77.312,4.787],[-77.319,4.821],[-77.324,4.819],[-77.335,4.815],[-77.34,4.813],[-77.349,4.854],[-77.361,4.982],[-77.367,4.999],[-77.373,5.149],[-77.368,5.183],[-77.359,5.216],[-77.346,5.245],[-77.361,5.253],[-77.362,5.275],[-77.359,5.297],[-77.364,5.307],[-77.373,5.316],[-77.378,5.335],[-77.381,5.375],[-77.396,5.37],[-77.405,5.375],[-77.409,5.386],[-77.408,5.403],[-77.401,5.403],[-77.397,5.398],[-77.393,5.396],[-77.389,5.397],[-77.381,5.403],[-77.391,5.41],[-77.395,5.419],[-77.403,5.45],[-77.402,5.453],[-77.402,5.457],[-77.408,5.465],[-77.413,5.466],[-77.429,5.469],[-77.436,5.471],[-77.447,5.482],[-77.454,5.493],[-77.462,5.501],[-77.477,5.505],[-77.491,5.505],[-77.501,5.502],[-77.508,5.496],[-77.511,5.485],[-77.523,5.496],[-77.535,5.495],[-77.545,5.491],[-77.552,5.492],[-77.559,5.503],[-77.557,5.512],[-77.548,5.518],[-77.535,5.52],[-77.526,5.53],[-77.503,5.579],[-77.491,5.595],[-77.482,5.598],[-77.46,5.599],[-77.45,5.602],[-77.438,5.61],[-77.429,5.619],[-77.42,5.626],[-77.405,5.628],[-77.387,5.623],[-77.372,5.613],[-77.356,5.608],[-77.333,5.615],[-77.327,5.621],[-77.324,5.627],[-77.323,5.634],[-77.319,5.643],[-77.318,5.647],[-77.32,5.659],[-77.319,5.663],[-77.314,5.664],[-77.308,5.663],[-77.302,5.663],[-77.299,5.666],[-77.294,5.677],[-77.283,5.686],[-77.271,5.694],[-77.261,5.701],[-77.255,5.711],[-77.249,5.722],[-77.246,5.734],[-77.244,5.746],[-77.246,5.787],[-77.262,5.822],[-77.302,5.888],[-77.306,5.892],[-77.313,5.896],[-77.313,5.918],[-77.353,6.026],[-77.36,6.026],[-77.36,5.999],[-77.367,5.999],[-77.383,6.043],[-77.408,6.082],[-77.47,6.156],[-77.481,6.174],[-77.484,6.189],[-77.483,6.229],[-77.477,6.264],[-77.476,6.282],[-77.483,6.294],[-77.477,6.301],[-77.439,6.269],[-77.415,6.239],[-77.405,6.246],[-77.395,6.264],[-77.381,6.301],[-77.378,6.319],[-77.377,6.337],[-77.378,6.352],[-77.381,6.363],[-77.399,6.388],[-77.396,6.396],[-77.374,6.404],[-77.371,6.398],[-77.368,6.395],[-77.364,6.393],[-77.36,6.39],[-77.356,6.405],[-77.36,6.419],[-77.369,6.43],[-77.381,6.438],[-77.381,6.445],[-77.366,6.47],[-77.361,6.486],[-77.36,6.507],[-77.348,6.522],[-77.343,6.544],[-77.345,6.566],[-77.353,6.582],[-77.387,6.609],[-77.394,6.617],[-77.399,6.624],[-77.405,6.63],[-77.415,6.636],[-77.415,6.647],[-77.41,6.668],[-77.408,6.681],[-77.411,6.694],[-77.419,6.699],[-77.429,6.702],[-77.463,6.721],[-77.486,6.715],[-77.506,6.7],[-77.517,6.685],[-77.513,6.678],[-77.511,6.671],[-77.519,6.67],[-77.524,6.667],[-77.532,6.664],[-77.538,6.664],[-77.538,6.689],[-77.536,6.701],[-77.532,6.712],[-77.573,6.801],[-77.593,6.828],[-77.622,6.856],[-77.636,6.865],[-77.663,6.872],[-77.667,6.877],[-77.671,6.88],[-77.683,6.876],[-77.686,6.87],[-77.686,6.862],[-77.687,6.854],[-77.696,6.849],[-77.701,6.918],[-77.692,6.947],[-77.665,6.959],[-77.653,6.977],[-77.665,7.016],[-77.696,7.075],[-77.703,7.075],[-77.697,7.063],[-77.694,7.059],[-77.689,7.055],[-77.689,7.047],[-77.696,7.047],[-77.713,7.071],[-77.787,7.149],[-77.798,7.155],[-77.816,7.157],[-77.826,7.163],[-77.832,7.175],[-77.84,7.187],[-77.854,7.192],[-77.847,7.198],[-77.86,7.202],[-77.871,7.211],[-77.888,7.233],[-77.896,7.235],[-77.855,7.365],[-77.82,7.477],[-77.796,7.471],[-77.774,7.475],[-77.755,7.486],[-77.74,7.505],[-77.731,7.53],[-77.734,7.552],[-77.757,7.596],[-77.766,7.626],[-77.771,7.669],[-77.764,7.706],[-77.74,7.719],[-77.73,7.713],[-77.68,7.671],[-77.67,7.66],[-77.671,7.657],[-77.675,7.648],[-77.675,7.645],[-77.672,7.642],[-77.663,7.64],[-77.661,7.638],[-77.633,7.601],[-77.625,7.587],[-77.613,7.537],[-77.603,7.526],[-77.58,7.528],[-77.555,7.548],[-77.509,7.594],[-77.369,7.681],[-77.34,7.707],[-77.346,7.726],[-77.367,7.745],[-77.38,7.774],[-77.377,7.787],[-77.347,7.824],[-77.322,7.881],[-77.3,7.902],[-77.27,7.918],[-77.236,7.929],[-77.206,7.935],[-77.169,7.935],[-77.163,7.939],[-77.171,7.955],[-77.181,7.965],[-77.192,7.973],[-77.201,7.982],[-77.208,7.997],[-77.21,8.021],[-77.231,8.099],[-77.26,8.154],[-77.269,8.168],[-77.295,8.205],[-77.317,8.251],[-77.324,8.261],[-77.337,8.267],[-77.35,8.267],[-77.363,8.272],[-77.374,8.289],[-77.383,8.325],[-77.391,8.394],[-77.406,8.428],[-77.422,8.456],[-77.433,8.465],[-77.45,8.471],[-77.48,8.468],[-77.489,8.474],[-77.489,8.497],[-77.48,8.526],[-77.469,8.538]]],[[[-77.435,4.153],[-77.435,4.155],[-77.433,4.169],[-77.427,4.18],[-77.415,4.19],[-77.401,4.193],[-77.388,4.192],[-77.378,4.194],[-77.374,4.207],[-77.37,4.214],[-77.36,4.221],[-77.348,4.225],[-77.337,4.221],[-77.32,4.201],[-77.313,4.199],[-77.299,4.203],[-77.285,4.211],[-77.284,4.204],[-77.283,4.197],[-77.284,4.193],[-77.287,4.188],[-77.292,4.183],[-77.299,4.179],[-77.305,4.177],[-77.312,4.179],[-77.317,4.182],[-77.328,4.194],[-77.338,4.197],[-77.35,4.195],[-77.395,4.16],[-77.434,4.153],[-77.435,4.153]]],[[[-77.353,4.265],[-77.332,4.255],[-77.312,4.258],[-77.291,4.262],[-77.272,4.258],[-77.29,4.229],[-77.303,4.218],[-77.316,4.223],[-77.333,4.245],[-77.358,4.236],[-77.382,4.232],[-77.434,4.232],[-77.454,4.236],[-77.466,4.237],[-77.482,4.234],[-77.491,4.227],[-77.497,4.219],[-77.505,4.211],[-77.541,4.199],[-77.545,4.196],[-77.55,4.205],[-77.549,4.219],[-77.544,4.232],[-77.535,4.237],[-77.522,4.242],[-77.5,4.261],[-77.487,4.265],[-77.474,4.264],[-77.45,4.258],[-77.436,4.258],[-77.44,4.267],[-77.455,4.277],[-77.463,4.286],[-77.428,4.286],[-77.452,4.292],[-77.449,4.301],[-77.433,4.312],[-77.415,4.321],[-77.421,4.322],[-77.424,4.324],[-77.428,4.326],[-77.436,4.327],[-77.434,4.332],[-77.433,4.334],[-77.428,4.341],[-77.401,4.327],[-77.386,4.315],[-77.375,4.3],[-77.367,4.284],[-77.353,4.265]]]]}},{"type":"Feature","id":"CO-COR","properties":{"id":"CO-COR","countryCode":"CO","isoSubdivision":"CO-COR","name":"Córdoba","name_en":"Córdoba","name_ko":"코르도바","type":"Department","labelLongitude":-75.652,"labelLatitude":8.439,"minZoom":6.7},"geometry":{"type":"Polygon","coordinates":[[[-76.445,8.87],[-76.428,8.884],[-76.428,8.891],[-76.436,8.903],[-76.427,8.911],[-76.366,8.925],[-76.343,8.939],[-76.324,8.941],[-76.316,8.948],[-76.31,8.957],[-76.301,8.97],[-76.264,8.996],[-76.256,9.007],[-76.265,9.042],[-76.255,9.071],[-76.235,9.094],[-76.202,9.123],[-76.193,9.135],[-76.187,9.15],[-76.175,9.233],[-76.168,9.247],[-76.163,9.248],[-76.134,9.259],[-76.13,9.261],[-76.117,9.266],[-76.113,9.276],[-76.113,9.295],[-76.111,9.312],[-76.107,9.322],[-76.096,9.333],[-76.087,9.34],[-76.078,9.344],[-76.038,9.357],[-76.005,9.366],[-75.977,9.383],[-75.953,9.402],[-75.951,9.427],[-75.944,9.441],[-75.921,9.438],[-75.91,9.428],[-75.877,9.43],[-75.843,9.437],[-75.819,9.446],[-75.811,9.444],[-75.803,9.439],[-75.798,9.43],[-75.798,9.418],[-75.812,9.424],[-75.827,9.426],[-75.841,9.423],[-75.853,9.412],[-75.845,9.407],[-75.839,9.405],[-75.833,9.407],[-75.825,9.412],[-75.819,9.406],[-75.815,9.403],[-75.813,9.4],[-75.812,9.392],[-75.781,9.412],[-75.762,9.422],[-75.739,9.426],[-75.717,9.422],[-75.698,9.417],[-75.698,9.415],[-75.699,9.354],[-75.673,9.345],[-75.664,9.339],[-75.634,9.332],[-75.581,9.306],[-75.566,9.287],[-75.549,9.268],[-75.511,9.26],[-75.507,9.251],[-75.503,9.249],[-75.496,9.249],[-75.482,9.247],[-75.465,9.238],[-75.458,9.195],[-75.43,9.153],[-75.256,9.073],[-75.213,9.042],[-75.222,9.023],[-75.219,9.015],[-75.201,8.989],[-75.198,8.983],[-75.202,8.977],[-75.206,8.972],[-75.209,8.924],[-75.22,8.916],[-75.27,8.902],[-75.285,8.901],[-75.297,8.897],[-75.311,8.886],[-75.331,8.866],[-75.341,8.859],[-75.35,8.852],[-75.357,8.842],[-75.36,8.803],[-75.341,8.741],[-75.347,8.715],[-75.347,8.7],[-75.344,8.679],[-75.325,8.615],[-75.325,8.572],[-75.319,8.521],[-75.313,8.504],[-75.305,8.491],[-75.295,8.481],[-75.254,8.462],[-75.221,8.44],[-75.184,8.402],[-75.078,8.453],[-75.035,8.465],[-74.98,8.485],[-74.957,8.487],[-74.943,8.486],[-74.923,8.469],[-74.886,8.441],[-74.858,8.395],[-74.835,8.374],[-74.822,8.364],[-74.809,8.351],[-74.804,8.336],[-74.805,8.28],[-74.801,8.262],[-74.799,8.257],[-74.801,8.25],[-74.816,8.234],[-74.822,8.226],[-74.827,8.217],[-74.828,8.204],[-74.835,8.189],[-74.852,8.183],[-74.869,8.172],[-74.886,8.154],[-74.912,8.113],[-74.943,8.073],[-74.998,8.075],[-75.017,8.075],[-75.033,8.071],[-75.047,8.063],[-75.061,8.059],[-75.074,8.061],[-75.092,8.066],[-75.114,8.068],[-75.189,8.06],[-75.214,8.052],[-75.229,8.046],[-75.25,8.015],[-75.263,7.996],[-75.325,7.931],[-75.362,7.884],[-75.39,7.86],[-75.441,7.824],[-75.459,7.808],[-75.49,7.739],[-75.516,7.723],[-75.534,7.707],[-75.547,7.689],[-75.565,7.606],[-75.59,7.57],[-75.609,7.557],[-75.646,7.543],[-75.705,7.532],[-75.74,7.52],[-75.769,7.499],[-75.84,7.401],[-75.844,7.385],[-75.845,7.375],[-75.857,7.367],[-75.868,7.364],[-75.966,7.368],[-76.032,7.371],[-76.408,7.38],[-76.435,7.465],[-76.498,7.6],[-76.505,7.645],[-76.505,7.741],[-76.468,7.875],[-76.433,7.931],[-76.419,7.979],[-76.417,8.006],[-76.419,8.099],[-76.4,8.132],[-76.37,8.177],[-76.318,8.281],[-76.27,8.349],[-76.217,8.41],[-76.214,8.453],[-76.216,8.496],[-76.229,8.578],[-76.245,8.602],[-76.261,8.627],[-76.278,8.642],[-76.332,8.66],[-76.346,8.675],[-76.364,8.705],[-76.389,8.739],[-76.405,8.819],[-76.412,8.84],[-76.439,8.866],[-76.445,8.87]]]}},{"type":"Feature","id":"CO-CUN","properties":{"id":"CO-CUN","countryCode":"CO","isoSubdivision":"CO-CUN","name":"Bogotá","name_en":"Bogotá","name_ko":"보고타","type":"Federal District","labelLongitude":-74.244,"labelLatitude":4.086,"minZoom":6.7},"geometry":{"type":"MultiPolygon","coordinates":[[[[-74.154,4.007],[-74.208,4.02],[-74.224,4.01],[-74.243,3.969],[-74.256,3.948],[-74.282,3.917],[-74.3,3.899],[-74.31,3.887],[-74.31,3.877],[-74.309,3.865],[-74.317,3.843],[-74.337,3.81],[-74.402,3.731],[-74.415,3.702],[-74.422,3.693],[-74.423,3.688],[-74.428,3.68],[-74.436,3.675],[-74.465,3.678],[-74.494,3.704],[-74.421,3.805],[-74.396,3.851],[-74.37,3.909],[-74.364,3.929],[-74.361,3.945],[-74.362,3.957],[-74.363,3.967],[-74.37,3.987],[-74.371,4.002],[-74.371,4.012],[-74.372,4.034],[-74.342,4.113],[-74.337,4.12],[-74.328,4.126],[-74.308,4.111],[-74.297,4.106],[-74.273,4.099],[-74.267,4.101],[-74.263,4.109],[-74.25,4.153],[-74.251,4.196],[-74.231,4.22],[-74.22,4.241],[-74.214,4.256],[-74.212,4.272],[-74.211,4.288],[-74.203,4.34],[-74.192,4.377],[-74.192,4.394],[-74.196,4.401],[-74.216,4.399],[-74.179,4.501],[-74.177,4.541],[-74.189,4.582],[-74.195,4.592],[-74.201,4.597],[-74.207,4.601],[-74.212,4.606],[-74.225,4.629],[-74.198,4.65],[-74.172,4.662],[-74.166,4.668],[-74.161,4.676],[-74.162,4.68],[-74.164,4.683],[-74.169,4.683],[-74.173,4.682],[-74.174,4.683],[-74.173,4.687],[-74.173,4.691],[-74.175,4.699],[-74.157,4.711],[-74.151,4.726],[-74.134,4.731],[-74.131,4.736],[-74.111,4.784],[-74.104,4.792],[-74.09,4.799],[-74.085,4.807],[-74.082,4.813],[-74.081,4.825],[-74.083,4.828],[-74.085,4.833],[-74.081,4.836],[-74.067,4.829],[-74.058,4.83],[-74.039,4.827],[-74.011,4.815],[-74.017,4.791],[-74.019,4.772],[-74.016,4.691],[-74.014,4.682],[-74.016,4.671],[-74.026,4.664],[-74.03,4.658],[-74.031,4.651],[-74.029,4.643],[-74.014,4.631],[-73.995,4.632],[-74.014,4.567],[-74.029,4.559],[-74.035,4.553],[-74.065,4.505],[-74.077,4.488],[-74.088,4.467],[-74.106,4.453],[-74.113,4.444],[-74.116,4.43],[-74.116,4.405],[-74.107,4.38],[-74.103,4.372],[-74.108,4.342],[-74.149,4.277],[-74.152,4.264],[-74.153,4.249],[-74.139,4.209],[-74.115,4.181],[-74.104,4.163],[-74.094,4.142],[-74.095,4.132],[-74.104,4.118],[-74.113,4.109],[-74.122,4.103],[-74.129,4.097],[-74.133,4.088],[-74.136,4.056],[-74.154,4.007]]],[[[-74.494,3.704],[-74.531,3.731],[-74.564,3.772],[-74.551,3.846],[-74.525,3.894],[-74.516,3.919],[-74.511,3.937],[-74.512,3.95],[-74.532,3.984],[-74.52,4.023],[-74.527,4.039],[-74.525,4.052],[-74.521,4.065],[-74.514,4.077],[-74.501,4.091],[-74.495,4.096],[-74.483,4.11],[-74.48,4.133],[-74.486,4.158],[-74.488,4.17],[-74.495,4.185],[-74.502,4.195],[-74.524,4.243],[-74.542,4.256],[-74.55,4.264],[-74.555,4.269],[-74.565,4.274],[-74.571,4.274],[-74.581,4.273],[-74.608,4.262],[-74.617,4.257],[-74.623,4.251],[-74.627,4.236],[-74.631,4.23],[-74.636,4.225],[-74.644,4.215],[-74.649,4.211],[-74.655,4.209],[-74.66,4.213],[-74.666,4.214],[-74.677,4.212],[-74.688,4.214],[-74.699,4.219],[-74.732,4.248],[-74.749,4.243],[-74.755,4.257],[-74.759,4.26],[-74.782,4.272],[-74.784,4.284],[-74.809,4.279],[-74.831,4.277],[-74.859,4.271],[-74.881,4.269],[-74.891,4.28],[-74.887,4.31],[-74.816,4.466],[-74.806,4.505],[-74.805,4.545],[-74.818,4.587],[-74.804,4.592],[-74.806,4.598],[-74.818,4.608],[-74.811,4.62],[-74.794,4.641],[-74.791,4.652],[-74.793,4.66],[-74.799,4.663],[-74.806,4.665],[-74.811,4.67],[-74.813,4.677],[-74.812,4.683],[-74.811,4.687],[-74.811,4.69],[-74.825,4.711],[-74.828,4.722],[-74.821,4.735],[-74.81,4.742],[-74.798,4.746],[-74.787,4.751],[-74.783,4.762],[-74.78,4.772],[-74.767,4.787],[-74.763,4.8],[-74.77,4.848],[-74.771,4.863],[-74.768,4.876],[-74.762,4.885],[-74.75,4.889],[-74.754,4.898],[-74.753,4.905],[-74.75,4.913],[-74.75,4.923],[-74.761,4.957],[-74.763,4.964],[-74.757,4.97],[-74.734,4.98],[-74.729,4.985],[-74.732,4.992],[-74.746,5.015],[-74.75,5.026],[-74.749,5.047],[-74.735,5.108],[-74.742,5.27],[-74.749,5.291],[-74.751,5.302],[-74.746,5.307],[-74.741,5.311],[-74.725,5.325],[-74.722,5.33],[-74.718,5.35],[-74.699,5.384],[-74.691,5.41],[-74.684,5.417],[-74.677,5.421],[-74.673,5.427],[-74.678,5.449],[-74.675,5.456],[-74.66,5.458],[-74.666,5.474],[-74.668,5.492],[-74.667,5.511],[-74.66,5.526],[-74.674,5.53],[-74.68,5.54],[-74.678,5.549],[-74.664,5.554],[-74.647,5.557],[-74.641,5.563],[-74.645,5.57],[-74.66,5.574],[-74.643,5.617],[-74.637,5.644],[-74.643,5.656],[-74.652,5.66],[-74.65,5.669],[-74.644,5.679],[-74.638,5.692],[-74.634,5.698],[-74.632,5.703],[-74.639,5.706],[-74.642,5.71],[-74.645,5.714],[-74.646,5.718],[-74.646,5.753],[-74.63,5.76],[-74.576,5.769],[-74.552,5.78],[-74.541,5.789],[-74.534,5.791],[-74.516,5.788],[-74.501,5.781],[-74.488,5.777],[-74.441,5.767],[-74.416,5.774],[-74.407,5.782],[-74.392,5.791],[-74.362,5.817],[-74.348,5.826],[-74.339,5.826],[-74.333,5.819],[-74.33,5.813],[-74.328,5.808],[-74.326,5.803],[-74.323,5.799],[-74.319,5.797],[-74.315,5.796],[-74.313,5.793],[-74.312,5.789],[-74.313,5.784],[-74.314,5.774],[-74.312,5.765],[-74.304,5.755],[-74.303,5.747],[-74.302,5.734],[-74.303,5.717],[-74.298,5.701],[-74.29,5.691],[-74.288,5.682],[-74.291,5.669],[-74.301,5.658],[-74.313,5.636],[-74.315,5.624],[-74.314,5.614],[-74.3,5.586],[-74.257,5.545],[-74.249,5.524],[-74.249,5.518],[-74.251,5.499],[-74.25,5.491],[-74.244,5.484],[-74.231,5.485],[-74.209,5.484],[-74.177,5.466],[-74.158,5.457],[-74.148,5.453],[-74.098,5.456],[-74.099,5.435],[-74.089,5.42],[-74.078,5.411],[-74.062,5.402],[-74.047,5.4],[-74,5.374],[-73.935,5.434],[-73.907,5.442],[-73.899,5.464],[-73.899,5.482],[-73.844,5.539],[-73.822,5.558],[-73.813,5.562],[-73.803,5.564],[-73.798,5.564],[-73.792,5.559],[-73.792,5.508],[-73.739,5.483],[-73.718,5.488],[-73.695,5.466],[-73.68,5.46],[-73.668,5.46],[-73.66,5.462],[-73.654,5.462],[-73.652,5.452],[-73.642,5.431],[-73.6,5.394],[-73.591,5.387],[-73.59,5.386],[-73.59,5.378],[-73.583,5.368],[-73.589,5.355],[-73.594,5.341],[-73.594,5.331],[-73.59,5.316],[-73.585,5.305],[-73.558,5.284],[-73.542,5.27],[-73.537,5.264],[-73.522,5.237],[-73.525,5.211],[-73.518,5.184],[-73.493,5.142],[-73.49,5.13],[-73.495,5.116],[-73.491,5.094],[-73.476,5.066],[-73.478,5.052],[-73.518,5.024],[-73.514,4.991],[-73.545,4.932],[-73.545,4.919],[-73.523,4.888],[-73.441,4.887],[-73.412,4.878],[-73.403,4.871],[-73.388,4.847],[-73.373,4.831],[-73.366,4.82],[-73.37,4.804],[-73.368,4.798],[-73.329,4.784],[-73.309,4.749],[-73.304,4.738],[-73.296,4.73],[-73.285,4.728],[-73.267,4.734],[-73.257,4.734],[-73.247,4.734],[-73.237,4.73],[-73.228,4.724],[-73.225,4.695],[-73.218,4.678],[-73.196,4.677],[-73.155,4.661],[-73.113,4.664],[-73.1,4.671],[-73.093,4.679],[-73.089,4.687],[-73.077,4.707],[-73.074,4.713],[-73.074,4.718],[-73.075,4.723],[-73.073,4.728],[-73.068,4.735],[-73.053,4.735],[-73.063,4.717],[-73.097,4.48],[-73.13,4.264],[-73.133,4.24],[-73.138,4.23],[-73.144,4.226],[-73.16,4.233],[-73.186,4.251],[-73.198,4.257],[-73.203,4.261],[-73.208,4.274],[-73.221,4.283],[-73.243,4.292],[-73.366,4.322],[-73.429,4.316],[-73.455,4.295],[-73.471,4.288],[-73.487,4.286],[-73.501,4.288],[-73.512,4.294],[-73.528,4.3],[-73.539,4.306],[-73.548,4.314],[-73.552,4.321],[-73.553,4.333],[-73.575,4.38],[-73.58,4.408],[-73.581,4.421],[-73.585,4.43],[-73.599,4.449],[-73.611,4.463],[-73.622,4.484],[-73.631,4.488],[-73.64,4.49],[-73.655,4.49],[-73.665,4.499],[-73.669,4.505],[-73.676,4.512],[-73.687,4.518],[-73.697,4.521],[-73.71,4.518],[-73.72,4.509],[-73.734,4.486],[-73.74,4.473],[-73.762,4.461],[-73.787,4.45],[-73.794,4.444],[-73.805,4.431],[-73.811,4.421],[-73.813,4.4],[-73.799,4.386],[-73.788,4.332],[-73.79,4.314],[-73.789,4.304],[-73.787,4.294],[-73.772,4.277],[-73.764,4.261],[-73.763,4.247],[-73.762,4.235],[-73.752,4.202],[-73.78,4.202],[-73.792,4.204],[-73.814,4.204],[-73.824,4.197],[-73.833,4.188],[-73.901,4.158],[-73.919,4.154],[-73.941,4.143],[-73.95,4.123],[-73.96,4.111],[-73.977,4.107],[-73.991,4.106],[-74.006,4.103],[-74.023,4.094],[-74.039,4.077],[-74.075,4.053],[-74.123,4.005],[-74.154,4.007],[-74.136,4.056],[-74.133,4.088],[-74.129,4.097],[-74.122,4.103],[-74.113,4.109],[-74.104,4.118],[-74.095,4.132],[-74.094,4.142],[-74.104,4.163],[-74.115,4.181],[-74.139,4.209],[-74.153,4.249],[-74.152,4.264],[-74.149,4.277],[-74.108,4.342],[-74.103,4.372],[-74.107,4.38],[-74.116,4.405],[-74.116,4.43],[-74.113,4.444],[-74.106,4.453],[-74.088,4.467],[-74.077,4.488],[-74.065,4.505],[-74.035,4.553],[-74.029,4.559],[-74.014,4.567],[-73.995,4.632],[-74.014,4.631],[-74.029,4.643],[-74.031,4.651],[-74.03,4.658],[-74.026,4.664],[-74.016,4.671],[-74.014,4.682],[-74.016,4.691],[-74.019,4.772],[-74.017,4.791],[-74.011,4.815],[-74.039,4.827],[-74.058,4.83],[-74.067,4.829],[-74.081,4.836],[-74.085,4.833],[-74.083,4.828],[-74.081,4.825],[-74.082,4.813],[-74.085,4.807],[-74.09,4.799],[-74.104,4.792],[-74.111,4.784],[-74.131,4.736],[-74.134,4.731],[-74.151,4.726],[-74.157,4.711],[-74.175,4.699],[-74.173,4.691],[-74.173,4.687],[-74.174,4.683],[-74.173,4.682],[-74.169,4.683],[-74.164,4.683],[-74.162,4.68],[-74.161,4.676],[-74.166,4.668],[-74.172,4.662],[-74.198,4.65],[-74.225,4.629],[-74.212,4.606],[-74.207,4.601],[-74.201,4.597],[-74.195,4.592],[-74.189,4.582],[-74.177,4.541],[-74.179,4.501],[-74.216,4.399],[-74.196,4.401],[-74.192,4.394],[-74.192,4.377],[-74.203,4.34],[-74.211,4.288],[-74.212,4.272],[-74.214,4.256],[-74.22,4.241],[-74.231,4.22],[-74.251,4.196],[-74.25,4.153],[-74.263,4.109],[-74.267,4.101],[-74.273,4.099],[-74.297,4.106],[-74.308,4.111],[-74.328,4.126],[-74.337,4.12],[-74.342,4.113],[-74.372,4.034],[-74.371,4.012],[-74.371,4.002],[-74.37,3.987],[-74.363,3.967],[-74.362,3.957],[-74.361,3.945],[-74.364,3.929],[-74.37,3.909],[-74.396,3.851],[-74.421,3.805],[-74.494,3.704]]]]}},{"type":"Feature","id":"CO-GUA","properties":{"id":"CO-GUA","countryCode":"CO","isoSubdivision":"CO-GUA","name":"Guainía","name_en":"Guainía","name_ko":"과이니아","type":"Commissiary","labelLongitude":-68.892,"labelLatitude":2.705,"minZoom":6.7},"geometry":{"type":"Polygon","coordinates":[[[-67.065,1.173],[-67.086,1.176],[-67.094,1.201],[-67.098,1.253],[-67.074,1.541],[-67.083,1.605],[-67.117,1.71],[-67.156,1.788],[-67.265,1.933],[-67.289,1.975],[-67.32,2.053],[-67.341,2.09],[-67.366,2.115],[-67.382,2.123],[-67.425,2.138],[-67.44,2.14],[-67.449,2.134],[-67.466,2.116],[-67.475,2.112],[-67.51,2.107],[-67.527,2.097],[-67.554,2.073],[-67.593,2.055],[-67.67,1.973],[-67.79,1.813],[-67.821,1.784],[-67.861,1.762],[-67.893,1.75],[-67.929,1.741],[-67.965,1.74],[-67.998,1.75],[-68.032,1.778],[-68.059,1.816],[-68.079,1.86],[-68.101,1.924],[-68.111,1.942],[-68.126,1.956],[-68.149,1.966],[-68.17,1.97],[-68.177,1.973],[-68.185,1.981],[-68.187,1.988],[-68.187,2.008],[-68.192,2.015],[-68.201,2.008],[-68.261,1.858],[-68.28,1.829],[-68.274,1.825],[-68.248,1.822],[-68.239,1.81],[-68.241,1.788],[-68.239,1.77],[-68.202,1.769],[-68.194,1.764],[-68.191,1.755],[-68.192,1.742],[-68.189,1.736],[-68.18,1.73],[-68.163,1.721],[-68.239,1.721],[-68.286,1.721],[-68.413,1.721],[-68.591,1.721],[-68.795,1.721],[-69,1.72],[-69.178,1.72],[-69.305,1.72],[-69.352,1.72],[-69.393,1.725],[-69.469,1.757],[-69.542,1.773],[-69.58,1.77],[-69.649,1.739],[-69.69,1.735],[-69.711,1.739],[-69.729,1.739],[-69.746,1.735],[-69.789,1.713],[-69.808,1.707],[-69.841,1.708],[-69.842,1.708],[-69.846,1.711],[-69.878,1.727],[-69.922,1.741],[-69.969,1.744],[-70,1.755],[-70.05,1.781],[-70.157,1.869],[-70.164,1.885],[-70.162,1.902],[-70.119,2.007],[-70.108,2.059],[-70.105,2.101],[-70.103,2.122],[-70.073,2.147],[-70.033,2.172],[-70.025,2.182],[-70,2.198],[-69.994,2.213],[-69.995,2.22],[-70,2.226],[-70.02,2.248],[-70.037,2.277],[-70.051,2.287],[-70.063,2.287],[-70.074,2.279],[-70.09,2.274],[-70.121,2.275],[-70.132,2.273],[-70.135,2.268],[-70.136,2.263],[-70.142,2.26],[-70.15,2.262],[-70.16,2.26],[-70.19,2.252],[-70.213,2.251],[-70.224,2.255],[-70.23,2.262],[-70.237,2.266],[-70.25,2.264],[-70.268,2.259],[-70.285,2.258],[-70.291,2.255],[-70.293,2.249],[-70.291,2.241],[-70.294,2.231],[-70.304,2.226],[-70.318,2.232],[-70.341,2.246],[-70.354,2.246],[-70.407,2.263],[-70.422,2.264],[-70.435,2.261],[-70.449,2.256],[-70.456,2.251],[-70.493,2.245],[-70.495,2.265],[-70.503,2.276],[-70.512,2.281],[-70.519,2.281],[-70.54,2.287],[-70.591,2.301],[-70.609,2.315],[-70.622,2.328],[-70.635,2.358],[-70.676,2.438],[-70.725,2.508],[-70.747,2.529],[-70.769,2.542],[-70.793,2.548],[-70.843,2.574],[-70.9,2.593],[-70.909,2.602],[-70.909,2.611],[-70.896,2.621],[-70.5,2.785],[-70.467,2.811],[-70.383,2.847],[-70.359,2.861],[-70.347,2.875],[-70.345,2.887],[-70.341,2.899],[-70.333,2.91],[-70.281,2.942],[-70.275,2.96],[-70.276,2.984],[-70.281,3.004],[-70.289,3.021],[-70.292,3.03],[-70.288,3.036],[-70.277,3.039],[-70.266,3.045],[-70.262,3.054],[-70.263,3.063],[-70.272,3.07],[-70.282,3.073],[-70.296,3.076],[-70.305,3.078],[-70.309,3.084],[-70.304,3.089],[-70.296,3.095],[-70.287,3.103],[-70.27,3.133],[-70.249,3.159],[-70.234,3.171],[-70.211,3.184],[-70.208,3.192],[-70.203,3.196],[-70.199,3.196],[-70.186,3.184],[-70.176,3.181],[-70.164,3.186],[-70.161,3.198],[-70.164,3.21],[-70.164,3.223],[-70.16,3.228],[-70.155,3.227],[-70.151,3.22],[-70.148,3.21],[-70.145,3.202],[-70.139,3.199],[-70.129,3.204],[-70.125,3.216],[-70.127,3.231],[-70.144,3.258],[-70.142,3.276],[-70.134,3.283],[-70.124,3.285],[-70.118,3.285],[-70.116,3.29],[-70.119,3.299],[-70.128,3.311],[-70.141,3.321],[-70.15,3.334],[-70.151,3.348],[-70.137,3.363],[-70.13,3.374],[-70.125,3.386],[-70.121,3.391],[-70.12,3.417],[-70.079,3.416],[-70.069,3.425],[-70.06,3.469],[-70.055,3.485],[-70.077,3.515],[-70.083,3.525],[-70.063,3.53],[-70.035,3.531],[-70.011,3.529],[-70,3.522],[-69.996,3.515],[-69.986,3.51],[-69.973,3.506],[-69.963,3.505],[-69.936,3.545],[-69.926,3.556],[-69.913,3.564],[-69.894,3.566],[-69.886,3.562],[-69.878,3.552],[-69.872,3.541],[-69.87,3.536],[-69.867,3.531],[-69.86,3.54],[-69.849,3.559],[-69.833,3.561],[-69.764,3.559],[-69.74,3.563],[-69.722,3.569],[-69.706,3.568],[-69.685,3.553],[-69.669,3.537],[-69.658,3.532],[-69.652,3.542],[-69.649,3.595],[-69.642,3.604],[-69.629,3.605],[-69.611,3.619],[-69.606,3.658],[-69.609,3.668],[-69.616,3.676],[-69.612,3.686],[-69.603,3.692],[-69.584,3.694],[-69.568,3.692],[-69.546,3.693],[-69.523,3.697],[-69.494,3.71],[-69.474,3.716],[-69.459,3.711],[-69.448,3.7],[-69.44,3.69],[-69.431,3.686],[-69.422,3.691],[-69.406,3.696],[-69.385,3.7],[-69.346,3.713],[-69.326,3.712],[-69.309,3.699],[-69.302,3.7],[-69.3,3.715],[-69.292,3.727],[-69.28,3.729],[-69.266,3.722],[-69.259,3.71],[-69.251,3.701],[-69.24,3.701],[-69.228,3.702],[-69.221,3.7],[-69.209,3.687],[-69.191,3.68],[-69.186,3.675],[-69.185,3.668],[-69.185,3.656],[-69.184,3.652],[-69.176,3.654],[-69.152,3.671],[-69.14,3.675],[-69.131,3.67],[-69.122,3.664],[-69.113,3.656],[-69.106,3.656],[-69.109,3.628],[-69.103,3.623],[-69.099,3.615],[-69.09,3.609],[-69.075,3.614],[-69.066,3.623],[-69.053,3.646],[-69.041,3.655],[-69.028,3.65],[-68.962,3.641],[-68.95,3.649],[-68.952,3.689],[-68.945,3.704],[-68.938,3.707],[-68.932,3.708],[-68.926,3.707],[-68.918,3.704],[-68.917,3.701],[-68.917,3.697],[-68.916,3.693],[-68.911,3.689],[-68.907,3.689],[-68.894,3.689],[-68.859,3.707],[-68.848,3.71],[-68.839,3.703],[-68.828,3.689],[-68.804,3.69],[-68.806,3.708],[-68.81,3.728],[-68.798,3.738],[-68.787,3.737],[-68.768,3.732],[-68.757,3.732],[-68.744,3.736],[-68.741,3.747],[-68.741,3.761],[-68.74,3.773],[-68.731,3.775],[-68.71,3.779],[-68.689,3.798],[-68.676,3.794],[-68.66,3.786],[-68.643,3.782],[-68.612,3.784],[-68.599,3.791],[-68.589,3.802],[-68.58,3.808],[-68.567,3.807],[-68.556,3.8],[-68.546,3.796],[-68.54,3.801],[-68.533,3.816],[-68.521,3.832],[-68.505,3.845],[-68.491,3.848],[-68.48,3.85],[-68.473,3.851],[-68.469,3.862],[-68.458,3.87],[-68.447,3.873],[-68.438,3.873],[-68.449,3.887],[-68.451,3.9],[-68.445,3.913],[-68.424,3.916],[-68.381,3.917],[-68.373,3.924],[-68.369,3.94],[-68.362,3.956],[-68.351,3.968],[-68.356,3.98],[-68.368,3.995],[-68.37,4.012],[-68.356,4.02],[-68.334,4.019],[-68.29,4.012],[-68.268,4.003],[-68.262,3.981],[-68.26,3.958],[-68.252,3.943],[-68.212,3.965],[-68.188,3.973],[-68.177,3.961],[-68.181,3.951],[-68.187,3.94],[-68.189,3.931],[-68.183,3.922],[-68.169,3.92],[-68.157,3.928],[-68.133,3.954],[-68.126,3.965],[-68.114,3.99],[-68.106,4.002],[-68.093,4.005],[-68.083,3.996],[-68.068,3.971],[-68.049,3.956],[-68.035,3.962],[-68.013,3.998],[-68.008,3.984],[-68.006,3.949],[-67.999,3.936],[-67.988,3.935],[-67.974,3.941],[-67.951,3.957],[-67.914,3.938],[-67.877,3.923],[-67.838,3.924],[-67.797,3.954],[-67.749,4.022],[-67.735,4.032],[-67.718,4.04],[-67.717,4.04],[-67.717,4.039],[-67.71,4.036],[-67.702,4.012],[-67.699,3.95],[-67.694,3.929],[-67.654,3.859],[-67.644,3.835],[-67.639,3.785],[-67.632,3.762],[-67.614,3.741],[-67.595,3.731],[-67.577,3.731],[-67.558,3.734],[-67.537,3.736],[-67.5,3.718],[-67.471,3.68],[-67.404,3.504],[-67.39,3.485],[-67.375,3.475],[-67.338,3.46],[-67.305,3.426],[-67.309,3.384],[-67.335,3.342],[-67.396,3.267],[-67.408,3.257],[-67.418,3.254],[-67.44,3.249],[-67.452,3.244],[-67.471,3.226],[-67.514,3.187],[-67.557,3.147],[-67.6,3.107],[-67.642,3.068],[-67.685,3.028],[-67.728,2.989],[-67.771,2.949],[-67.814,2.909],[-67.839,2.886],[-67.855,2.858],[-67.856,2.79],[-67.841,2.801],[-67.833,2.815],[-67.823,2.827],[-67.803,2.833],[-67.781,2.832],[-67.77,2.832],[-67.751,2.842],[-67.743,2.839],[-67.732,2.826],[-67.69,2.806],[-67.666,2.801],[-67.646,2.809],[-67.627,2.813],[-67.608,2.799],[-67.594,2.776],[-67.587,2.758],[-67.581,2.713],[-67.576,2.691],[-67.564,2.682],[-67.519,2.681],[-67.5,2.675],[-67.485,2.662],[-67.481,2.654],[-67.475,2.635],[-67.471,2.627],[-67.462,2.62],[-67.44,2.61],[-67.436,2.604],[-67.433,2.595],[-67.417,2.576],[-67.413,2.572],[-67.4,2.568],[-67.393,2.559],[-67.388,2.548],[-67.382,2.538],[-67.372,2.53],[-67.35,2.518],[-67.341,2.51],[-67.336,2.5],[-67.331,2.487],[-67.325,2.475],[-67.317,2.469],[-67.306,2.466],[-67.295,2.458],[-67.276,2.439],[-67.267,2.434],[-67.231,2.422],[-67.198,2.402],[-67.19,2.394],[-67.186,2.384],[-67.186,2.365],[-67.18,2.356],[-67.174,2.336],[-67.187,2.316],[-67.206,2.298],[-67.218,2.285],[-67.217,2.266],[-67.201,2.228],[-67.194,2.197],[-67.178,2.154],[-67.169,2.141],[-67.154,2.133],[-67.136,2.127],[-67.121,2.119],[-67.115,2.103],[-67.111,2.049],[-67.115,2.031],[-67.119,2.024],[-67.135,2.003],[-67.133,1.991],[-67.126,1.981],[-67.118,1.972],[-67.11,1.96],[-67.092,1.947],[-67.087,1.939],[-67.085,1.928],[-67.067,1.894],[-66.981,1.666],[-66.978,1.644],[-66.978,1.6],[-66.974,1.58],[-66.964,1.558],[-66.943,1.523],[-66.934,1.502],[-66.93,1.479],[-66.937,1.439],[-66.933,1.425],[-66.923,1.414],[-66.912,1.405],[-66.902,1.394],[-66.891,1.375],[-66.884,1.35],[-66.883,1.326],[-66.901,1.289],[-66.896,1.265],[-66.875,1.223],[-66.913,1.215],[-66.978,1.197],[-67.065,1.173]]]}},{"type":"Feature","id":"CO-GUV","properties":{"id":"CO-GUV","countryCode":"CO","isoSubdivision":"CO-GUV","name":"Guaviare","name_en":"Guaviare","name_ko":"과비아레","type":"Commissiary","labelLongitude":-71.835,"labelLatitude":1.851,"minZoom":6.7},"geometry":{"type":"Polygon","coordinates":[[[-73.083,0.924],[-73.135,0.942],[-73.157,0.954],[-73.176,0.968],[-73.187,0.983],[-73.192,0.997],[-73.199,1.009],[-73.211,1.017],[-73.247,1.028],[-73.274,1.063],[-73.375,1.152],[-73.426,1.209],[-73.429,1.233],[-73.43,1.256],[-73.432,1.27],[-73.443,1.302],[-73.453,1.318],[-73.468,1.337],[-73.483,1.365],[-73.497,1.381],[-73.548,1.42],[-73.564,1.437],[-73.665,1.584],[-73.667,1.598],[-73.675,1.625],[-73.661,1.642],[-73.658,2.126],[-73.66,2.253],[-73.655,2.294],[-73.647,2.302],[-73.639,2.321],[-73.63,2.332],[-73.625,2.34],[-73.624,2.348],[-73.627,2.356],[-73.627,2.366],[-73.619,2.375],[-73.607,2.383],[-73.598,2.386],[-73.593,2.385],[-73.591,2.378],[-73.591,2.369],[-73.585,2.363],[-73.577,2.361],[-73.567,2.365],[-73.537,2.383],[-73.53,2.383],[-73.526,2.377],[-73.516,2.359],[-73.51,2.352],[-73.478,2.357],[-73.469,2.354],[-73.462,2.349],[-73.455,2.347],[-73.451,2.354],[-73.445,2.386],[-73.433,2.363],[-73.436,2.352],[-73.435,2.339],[-73.431,2.332],[-73.427,2.331],[-73.42,2.336],[-73.412,2.344],[-73.395,2.344],[-73.387,2.339],[-73.382,2.33],[-73.377,2.329],[-73.373,2.336],[-73.369,2.347],[-73.363,2.354],[-73.352,2.354],[-73.346,2.349],[-73.348,2.335],[-73.344,2.329],[-73.336,2.331],[-73.33,2.338],[-73.326,2.344],[-73.318,2.347],[-73.293,2.338],[-73.275,2.342],[-73.25,2.344],[-73.241,2.35],[-73.242,2.359],[-73.248,2.366],[-73.247,2.372],[-73.215,2.388],[-73.199,2.382],[-73.173,2.385],[-73.167,2.383],[-73.164,2.375],[-73.162,2.367],[-73.154,2.361],[-73.145,2.362],[-73.135,2.366],[-73.131,2.374],[-73.13,2.39],[-73.124,2.394],[-73.117,2.392],[-73.111,2.387],[-73.102,2.382],[-73.096,2.384],[-73.082,2.398],[-73.061,2.413],[-73.046,2.418],[-73.036,2.418],[-73.03,2.413],[-73.021,2.411],[-73.007,2.419],[-72.986,2.436],[-72.968,2.445],[-72.961,2.455],[-72.952,2.464],[-72.93,2.468],[-72.928,2.477],[-72.931,2.486],[-72.937,2.493],[-72.942,2.497],[-72.938,2.514],[-72.92,2.523],[-72.914,2.534],[-72.906,2.548],[-72.82,2.597],[-72.801,2.603],[-72.79,2.601],[-72.78,2.586],[-72.771,2.58],[-72.762,2.566],[-72.737,2.56],[-72.724,2.575],[-72.715,2.597],[-72.703,2.607],[-72.67,2.614],[-72.658,2.608],[-72.652,2.574],[-72.648,2.566],[-72.642,2.563],[-72.632,2.566],[-72.625,2.607],[-72.61,2.621],[-72.6,2.615],[-72.584,2.586],[-72.591,2.586],[-72.588,2.584],[-72.577,2.58],[-72.577,2.608],[-72.573,2.629],[-72.562,2.641],[-72.536,2.642],[-72.536,2.648],[-72.541,2.651],[-72.548,2.656],[-72.554,2.661],[-72.556,2.666],[-72.554,2.675],[-72.547,2.675],[-72.539,2.671],[-72.53,2.669],[-72.519,2.668],[-72.513,2.665],[-72.507,2.665],[-72.484,2.684],[-72.475,2.688],[-72.44,2.69],[-72.422,2.694],[-72.406,2.704],[-72.367,2.738],[-72.349,2.74],[-72.31,2.717],[-72.304,2.738],[-72.295,2.751],[-72.284,2.752],[-72.269,2.737],[-72.257,2.703],[-72.252,2.698],[-72.248,2.717],[-72.248,2.738],[-72.25,2.748],[-72.248,2.755],[-72.234,2.765],[-72.221,2.772],[-72.208,2.775],[-72.194,2.773],[-72.193,2.773],[-72.192,2.797],[-72.196,2.815],[-72.197,2.834],[-72.192,2.848],[-72.181,2.854],[-72.142,2.86],[-72.121,2.867],[-72.107,2.862],[-72.093,2.838],[-72.079,2.827],[-72.056,2.821],[-72.017,2.818],[-72.006,2.808],[-72.001,2.812],[-71.993,2.8],[-71.98,2.799],[-71.966,2.803],[-71.953,2.805],[-71.947,2.807],[-71.944,2.811],[-71.94,2.812],[-71.924,2.815],[-71.837,2.831],[-71.816,2.841],[-71.806,2.853],[-71.792,2.861],[-71.784,2.86],[-71.777,2.851],[-71.77,2.822],[-71.759,2.817],[-71.751,2.827],[-71.747,2.845],[-71.748,2.875],[-71.743,2.882],[-71.735,2.881],[-71.698,2.844],[-71.683,2.84],[-71.671,2.846],[-71.664,2.855],[-71.656,2.863],[-71.65,2.863],[-71.646,2.857],[-71.649,2.83],[-71.644,2.819],[-71.623,2.816],[-71.58,2.835],[-71.569,2.846],[-71.561,2.856],[-71.551,2.859],[-71.537,2.859],[-71.51,2.863],[-71.491,2.859],[-71.469,2.852],[-71.456,2.856],[-71.443,2.876],[-71.435,2.876],[-71.401,2.854],[-71.382,2.846],[-71.37,2.848],[-71.366,2.858],[-71.363,2.868],[-71.357,2.875],[-71.348,2.874],[-71.339,2.867],[-71.33,2.858],[-71.321,2.86],[-71.315,2.87],[-71.309,2.897],[-71.303,2.905],[-71.293,2.905],[-71.285,2.898],[-71.281,2.884],[-71.274,2.872],[-71.265,2.865],[-71.247,2.865],[-71.238,2.862],[-71.225,2.855],[-71.215,2.855],[-71.203,2.859],[-71.169,2.884],[-71.16,2.883],[-71.149,2.875],[-71.139,2.867],[-71.128,2.864],[-71.119,2.869],[-71.112,2.877],[-71.104,2.874],[-71.083,2.864],[-71.064,2.869],[-71.041,2.873],[-71.023,2.862],[-71.006,2.86],[-70.987,2.855],[-70.984,2.847],[-70.984,2.838],[-70.987,2.827],[-70.986,2.818],[-70.98,2.813],[-70.974,2.816],[-70.969,2.825],[-70.97,2.838],[-70.973,2.854],[-70.97,2.865],[-70.962,2.866],[-70.945,2.854],[-70.933,2.834],[-70.924,2.828],[-70.918,2.834],[-70.919,2.847],[-70.913,2.857],[-70.904,2.858],[-70.891,2.846],[-70.889,2.832],[-70.891,2.822],[-70.89,2.816],[-70.863,2.829],[-70.849,2.829],[-70.833,2.819],[-70.821,2.797],[-70.811,2.792],[-70.795,2.796],[-70.781,2.803],[-70.767,2.812],[-70.756,2.815],[-70.748,2.814],[-70.744,2.805],[-70.743,2.794],[-70.741,2.784],[-70.735,2.783],[-70.693,2.815],[-70.686,2.823],[-70.686,2.833],[-70.69,2.844],[-70.696,2.855],[-70.698,2.863],[-70.695,2.869],[-70.684,2.869],[-70.675,2.863],[-70.65,2.832],[-70.642,2.833],[-70.63,2.846],[-70.609,2.845],[-70.593,2.842],[-70.5,2.785],[-70.896,2.621],[-70.909,2.611],[-70.909,2.602],[-70.9,2.593],[-70.843,2.574],[-70.793,2.548],[-70.769,2.542],[-70.747,2.529],[-70.725,2.508],[-70.676,2.438],[-70.635,2.358],[-70.622,2.328],[-70.609,2.315],[-70.591,2.301],[-70.54,2.287],[-70.519,2.281],[-70.512,2.281],[-70.503,2.276],[-70.495,2.265],[-70.493,2.245],[-70.456,2.251],[-70.449,2.256],[-70.435,2.261],[-70.422,2.264],[-70.407,2.263],[-70.354,2.246],[-70.341,2.246],[-70.318,2.232],[-70.304,2.226],[-70.294,2.231],[-70.291,2.241],[-70.293,2.249],[-70.291,2.255],[-70.285,2.258],[-70.268,2.259],[-70.25,2.264],[-70.237,2.266],[-70.23,2.262],[-70.224,2.255],[-70.213,2.251],[-70.19,2.252],[-70.16,2.26],[-70.15,2.262],[-70.142,2.26],[-70.136,2.263],[-70.135,2.268],[-70.132,2.273],[-70.121,2.275],[-70.09,2.274],[-70.074,2.279],[-70.063,2.287],[-70.051,2.287],[-70.037,2.277],[-70.02,2.248],[-70,2.226],[-69.995,2.22],[-69.994,2.213],[-70,2.198],[-70.025,2.182],[-70.033,2.172],[-70.073,2.147],[-70.103,2.122],[-70.105,2.101],[-70.148,2.071],[-70.171,2.048],[-70.184,2.039],[-70.202,2.031],[-70.26,2.024],[-70.304,2.013],[-70.339,2.001],[-70.359,1.999],[-70.377,1.999],[-70.388,1.994],[-70.404,1.994],[-70.444,1.988],[-70.462,1.98],[-70.477,1.965],[-70.486,1.958],[-70.499,1.952],[-70.537,1.944],[-70.558,1.936],[-70.624,1.921],[-70.655,1.904],[-70.673,1.901],[-70.688,1.9],[-70.702,1.902],[-70.713,1.905],[-70.723,1.911],[-70.735,1.914],[-70.745,1.918],[-70.758,1.915],[-70.796,1.919],[-70.888,1.916],[-70.897,1.918],[-70.905,1.919],[-70.912,1.915],[-70.927,1.893],[-70.968,1.853],[-70.993,1.836],[-71.026,1.818],[-71.078,1.8],[-71.16,1.756],[-71.208,1.721],[-71.225,1.702],[-71.246,1.685],[-71.264,1.673],[-71.283,1.676],[-71.293,1.68],[-71.312,1.701],[-71.346,1.713],[-71.375,1.736],[-71.391,1.732],[-71.395,1.648],[-71.399,1.621],[-71.405,1.599],[-71.433,1.564],[-71.441,1.548],[-71.45,1.514],[-71.471,1.464],[-71.483,1.443],[-71.488,1.416],[-71.496,1.389],[-71.542,1.279],[-71.551,1.272],[-71.552,1.262],[-71.553,1.252],[-71.552,1.229],[-71.553,1.216],[-71.539,1.191],[-71.535,1.182],[-71.523,1.162],[-71.516,1.148],[-71.507,1.137],[-71.503,1.124],[-71.505,1.115],[-71.516,1.112],[-71.528,1.117],[-71.535,1.126],[-71.538,1.137],[-71.54,1.15],[-71.542,1.158],[-71.546,1.162],[-71.553,1.161],[-71.559,1.155],[-71.56,1.142],[-71.558,1.131],[-71.56,1.124],[-71.575,1.126],[-71.582,1.122],[-71.586,1.113],[-71.586,1.102],[-71.586,1.092],[-71.587,1.082],[-71.6,1.057],[-71.61,1.043],[-71.628,1.029],[-71.673,0.982],[-71.685,0.978],[-71.696,0.979],[-71.709,0.984],[-71.725,0.987],[-71.743,0.983],[-71.757,0.971],[-71.772,0.948],[-71.779,0.931],[-71.787,0.917],[-71.817,0.885],[-71.848,0.86],[-72.036,0.664],[-72.078,0.669],[-72.087,0.675],[-72.09,0.685],[-72.093,0.695],[-72.098,0.704],[-72.107,0.71],[-72.152,0.728],[-72.171,0.732],[-72.238,0.737],[-72.246,0.745],[-72.264,0.785],[-72.273,0.794],[-72.302,0.803],[-72.312,0.814],[-72.311,0.83],[-72.306,0.848],[-72.305,0.863],[-72.312,0.884],[-72.319,0.884],[-72.327,0.875],[-72.337,0.872],[-72.347,0.877],[-72.352,0.884],[-72.355,0.914],[-72.362,0.933],[-72.376,0.938],[-72.391,0.94],[-72.403,0.947],[-72.408,0.96],[-72.411,0.976],[-72.413,1.007],[-72.418,1.026],[-72.428,1.042],[-72.474,1.085],[-72.487,1.091],[-72.52,1.096],[-72.545,1.104],[-72.627,1.156],[-72.655,1.181],[-72.671,1.191],[-72.703,1.204],[-72.715,1.201],[-72.739,1.197],[-72.739,1.187],[-72.761,1.153],[-72.776,1.166],[-72.79,1.184],[-72.805,1.194],[-72.818,1.198],[-72.826,1.195],[-72.828,1.187],[-72.833,1.182],[-72.841,1.18],[-72.85,1.178],[-72.858,1.174],[-72.871,1.158],[-72.874,1.148],[-72.877,1.131],[-72.885,1.114],[-72.887,1.103],[-72.883,1.084],[-72.883,1.072],[-72.887,1.059],[-72.893,1.047],[-72.907,1.038],[-72.938,1.025],[-72.954,1.011],[-72.974,0.988],[-72.996,0.971],[-73.011,0.948],[-73.02,0.941],[-73.033,0.932],[-73.048,0.927],[-73.063,0.925],[-73.083,0.924]]]}},{"type":"Feature","id":"CO-HUI","properties":{"id":"CO-HUI","countryCode":"CO","isoSubdivision":"CO-HUI","name":"Huila","name_en":"Huila","name_ko":"우일라","type":"Department","labelLongitude":-75.547,"labelLatitude":2.655,"minZoom":6.7},"geometry":{"type":"Polygon","coordinates":[[[-74.898,2.951],[-74.914,2.946],[-74.923,2.942],[-74.938,2.928],[-74.977,2.892],[-75.02,2.835],[-75.04,2.799],[-75.053,2.768],[-75.058,2.749],[-75.05,2.724],[-75.026,2.709],[-75.004,2.685],[-74.995,2.655],[-75.003,2.638],[-75.037,2.6],[-75.122,2.534],[-75.156,2.524],[-75.167,2.528],[-75.196,2.544],[-75.208,2.547],[-75.219,2.544],[-75.231,2.531],[-75.246,2.508],[-75.278,2.396],[-75.292,2.366],[-75.306,2.345],[-75.344,2.304],[-75.354,2.298],[-75.4,2.265],[-75.421,2.247],[-75.444,2.206],[-75.475,2.154],[-75.551,2.033],[-75.626,1.965],[-75.694,1.866],[-75.742,1.798],[-75.808,1.728],[-75.827,1.705],[-75.841,1.681],[-75.856,1.667],[-75.907,1.63],[-75.926,1.611],[-75.942,1.591],[-75.96,1.573],[-75.981,1.564],[-76.006,1.56],[-76.031,1.563],[-76.082,1.565],[-76.145,1.576],[-76.182,1.593],[-76.22,1.594],[-76.256,1.606],[-76.272,1.617],[-76.298,1.624],[-76.347,1.639],[-76.382,1.659],[-76.409,1.685],[-76.453,1.756],[-76.504,1.823],[-76.577,1.88],[-76.598,1.917],[-76.601,1.959],[-76.6,1.972],[-76.592,1.989],[-76.565,2.014],[-76.562,2.024],[-76.566,2.054],[-76.567,2.1],[-76.551,2.122],[-76.537,2.129],[-76.52,2.125],[-76.508,2.119],[-76.492,2.116],[-76.475,2.116],[-76.455,2.113],[-76.441,2.116],[-76.427,2.121],[-76.419,2.126],[-76.417,2.131],[-76.418,2.138],[-76.42,2.146],[-76.422,2.156],[-76.422,2.164],[-76.408,2.181],[-76.397,2.186],[-76.383,2.212],[-76.368,2.25],[-76.365,2.26],[-76.357,2.272],[-76.357,2.287],[-76.393,2.367],[-76.379,2.42],[-76.349,2.413],[-76.333,2.399],[-76.278,2.356],[-76.258,2.352],[-76.234,2.352],[-76.154,2.373],[-76.122,2.385],[-76.05,2.421],[-76.026,2.438],[-76.004,2.458],[-75.979,2.486],[-75.966,2.491],[-75.93,2.466],[-75.897,2.436],[-75.878,2.427],[-75.844,2.428],[-75.832,2.449],[-75.819,2.461],[-75.795,2.475],[-75.823,2.53],[-75.821,2.559],[-75.802,2.599],[-75.781,2.67],[-75.794,2.693],[-75.806,2.72],[-75.819,2.735],[-75.837,2.748],[-75.853,2.755],[-75.866,2.766],[-75.893,2.797],[-75.919,2.82],[-76.024,2.912],[-76.031,2.93],[-76.001,2.95],[-75.989,2.951],[-75.974,2.948],[-75.966,2.94],[-75.954,2.93],[-75.934,2.919],[-75.855,2.891],[-75.827,2.889],[-75.812,2.892],[-75.804,2.904],[-75.782,2.948],[-75.744,2.988],[-75.646,3.068],[-75.628,3.09],[-75.62,3.123],[-75.595,3.149],[-75.592,3.187],[-75.57,3.233],[-75.542,3.279],[-75.512,3.317],[-75.492,3.347],[-75.478,3.361],[-75.466,3.363],[-75.455,3.361],[-75.446,3.359],[-75.437,3.359],[-75.426,3.362],[-75.416,3.37],[-75.407,3.373],[-75.387,3.379],[-75.38,3.384],[-75.374,3.391],[-75.367,3.402],[-75.361,3.407],[-75.355,3.409],[-75.327,3.413],[-75.316,3.412],[-75.306,3.406],[-75.286,3.392],[-75.273,3.385],[-75.258,3.374],[-75.254,3.376],[-75.246,3.384],[-75.239,3.394],[-75.224,3.408],[-75.213,3.41],[-75.205,3.408],[-75.2,3.402],[-75.197,3.397],[-75.178,3.389],[-75.178,3.405],[-75.168,3.417],[-75.157,3.422],[-75.15,3.429],[-75.143,3.432],[-75.134,3.433],[-75.036,3.434],[-75.041,3.423],[-75.047,3.401],[-75.048,3.39],[-75.051,3.382],[-75.059,3.371],[-75.061,3.364],[-75.063,3.347],[-75.065,3.334],[-75.07,3.322],[-75.072,3.311],[-75.068,3.301],[-75.06,3.294],[-75.014,3.283],[-74.966,3.279],[-74.909,3.29],[-74.855,3.344],[-74.818,3.399],[-74.797,3.423],[-74.777,3.441],[-74.771,3.453],[-74.772,3.464],[-74.777,3.477],[-74.779,3.491],[-74.775,3.515],[-74.769,3.526],[-74.759,3.534],[-74.75,3.539],[-74.738,3.552],[-74.734,3.56],[-74.734,3.57],[-74.737,3.578],[-74.738,3.59],[-74.734,3.599],[-74.728,3.609],[-74.723,3.613],[-74.717,3.615],[-74.71,3.618],[-74.702,3.627],[-74.692,3.649],[-74.683,3.661],[-74.671,3.675],[-74.631,3.701],[-74.568,3.758],[-74.564,3.772],[-74.531,3.731],[-74.494,3.704],[-74.498,3.675],[-74.521,3.621],[-74.543,3.584],[-74.616,3.485],[-74.628,3.45],[-74.633,3.409],[-74.637,3.326],[-74.642,3.292],[-74.652,3.26],[-74.681,3.21],[-74.699,3.195],[-74.748,3.163],[-74.772,3.138],[-74.802,3.124],[-74.825,3.107],[-74.835,3.093],[-74.869,3.034],[-74.897,2.957],[-74.898,2.951]]]}},{"type":"Feature","id":"CO-LAG","properties":{"id":"CO-LAG","countryCode":"CO","isoSubdivision":"CO-LAG","name":"La Guajira","name_en":"La Guajira","name_ko":"라과히라","type":"Department","labelLongitude":-72.67,"labelLatitude":11.425,"minZoom":6.7},"geometry":{"type":"Polygon","coordinates":[[[-71.328,11.85],[-71.358,11.851],[-71.375,11.841],[-71.41,11.812],[-71.449,11.795],[-71.476,11.789],[-71.535,11.774],[-71.594,11.759],[-71.652,11.744],[-71.711,11.729],[-71.769,11.714],[-71.828,11.699],[-71.887,11.684],[-71.945,11.669],[-71.971,11.662],[-71.991,11.649],[-72.008,11.625],[-72.018,11.606],[-72.048,11.551],[-72.078,11.497],[-72.107,11.442],[-72.137,11.387],[-72.167,11.332],[-72.197,11.277],[-72.227,11.223],[-72.257,11.168],[-72.267,11.155],[-72.285,11.15],[-72.322,11.16],[-72.341,11.162],[-72.361,11.158],[-72.417,11.138],[-72.46,11.136],[-72.481,11.133],[-72.499,11.121],[-72.504,11.112],[-72.505,11.093],[-72.507,11.083],[-72.515,11.072],[-72.534,11.052],[-72.542,11.041],[-72.576,10.957],[-72.595,10.933],[-72.613,10.915],[-72.657,10.885],[-72.683,10.856],[-72.706,10.811],[-72.754,10.675],[-72.781,10.631],[-72.843,10.561],[-72.861,10.508],[-72.875,10.49],[-72.892,10.473],[-72.908,10.452],[-72.915,10.433],[-72.915,10.428],[-72.916,10.428],[-72.94,10.423],[-72.978,10.407],[-72.994,10.403],[-73.013,10.401],[-73.031,10.402],[-73.045,10.404],[-73.062,10.412],[-73.078,10.415],[-73.098,10.412],[-73.115,10.405],[-73.131,10.4],[-73.14,10.404],[-73.145,10.423],[-73.151,10.437],[-73.163,10.45],[-73.181,10.457],[-73.177,10.468],[-73.17,10.478],[-73.159,10.484],[-73.138,10.52],[-73.125,10.527],[-73.114,10.563],[-73.1,10.578],[-73.092,10.602],[-73.086,10.614],[-73.075,10.63],[-73.085,10.646],[-73.124,10.678],[-73.164,10.702],[-73.194,10.709],[-73.221,10.725],[-73.25,10.734],[-73.258,10.748],[-73.256,10.759],[-73.252,10.772],[-73.251,10.783],[-73.255,10.81],[-73.26,10.827],[-73.272,10.843],[-73.285,10.852],[-73.302,10.851],[-73.338,10.857],[-73.365,10.859],[-73.387,10.864],[-73.452,10.866],[-73.606,10.846],[-73.628,10.92],[-73.632,10.961],[-73.638,10.973],[-73.65,10.992],[-73.651,11],[-73.65,11.01],[-73.644,11.034],[-73.638,11.049],[-73.636,11.101],[-73.634,11.114],[-73.635,11.125],[-73.638,11.139],[-73.636,11.145],[-73.632,11.149],[-73.623,11.152],[-73.617,11.155],[-73.612,11.159],[-73.599,11.176],[-73.595,11.179],[-73.587,11.183],[-73.582,11.191],[-73.563,11.249],[-73.565,11.274],[-73.566,11.277],[-73.402,11.277],[-73.292,11.294],[-73.283,11.3],[-73.276,11.308],[-73.246,11.331],[-73.22,11.345],[-73.215,11.349],[-73.207,11.358],[-73.196,11.382],[-73.191,11.385],[-73.179,11.389],[-73.17,11.397],[-73.156,11.416],[-73.145,11.426],[-73.112,11.44],[-73.055,11.494],[-72.934,11.557],[-72.76,11.697],[-72.741,11.708],[-72.705,11.72],[-72.644,11.733],[-72.628,11.74],[-72.598,11.762],[-72.577,11.756],[-72.556,11.767],[-72.534,11.782],[-72.512,11.789],[-72.452,11.791],[-72.433,11.796],[-72.418,11.805],[-72.392,11.826],[-72.36,11.834],[-72.316,11.865],[-72.263,11.886],[-72.251,11.902],[-72.232,11.92],[-72.228,11.93],[-72.226,11.939],[-72.214,11.975],[-72.178,12.03],[-72.168,12.063],[-72.145,12.093],[-72.139,12.105],[-72.137,12.124],[-72.141,12.18],[-72.145,12.201],[-72.151,12.208],[-72.161,12.217],[-72.169,12.222],[-72.173,12.221],[-72.171,12.234],[-72.162,12.243],[-72.139,12.256],[-72.108,12.245],[-72.005,12.263],[-71.97,12.255],[-71.974,12.237],[-72.015,12.194],[-72,12.186],[-71.985,12.161],[-71.967,12.153],[-71.938,12.166],[-71.933,12.17],[-71.93,12.183],[-71.923,12.194],[-71.914,12.203],[-71.905,12.208],[-71.892,12.208],[-71.879,12.207],[-71.868,12.208],[-71.864,12.218],[-71.868,12.228],[-71.875,12.237],[-71.878,12.246],[-71.871,12.256],[-71.881,12.264],[-71.887,12.271],[-71.893,12.278],[-71.905,12.283],[-71.918,12.284],[-71.931,12.282],[-71.941,12.277],[-71.947,12.269],[-71.953,12.269],[-71.961,12.283],[-71.915,12.314],[-71.878,12.345],[-71.875,12.35],[-71.871,12.363],[-71.867,12.365],[-71.849,12.364],[-71.844,12.365],[-71.829,12.376],[-71.821,12.378],[-71.809,12.372],[-71.827,12.363],[-71.84,12.352],[-71.843,12.338],[-71.83,12.324],[-71.823,12.32],[-71.818,12.319],[-71.803,12.324],[-71.802,12.326],[-71.803,12.331],[-71.803,12.336],[-71.799,12.338],[-71.785,12.337],[-71.782,12.338],[-71.763,12.348],[-71.751,12.356],[-71.744,12.368],[-71.741,12.386],[-71.743,12.387],[-71.749,12.388],[-71.752,12.391],[-71.748,12.399],[-71.742,12.406],[-71.733,12.41],[-71.723,12.413],[-71.713,12.414],[-71.72,12.396],[-71.714,12.387],[-71.704,12.379],[-71.7,12.365],[-71.694,12.365],[-71.691,12.369],[-71.687,12.376],[-71.685,12.383],[-71.69,12.386],[-71.697,12.388],[-71.692,12.393],[-71.683,12.398],[-71.679,12.399],[-71.668,12.406],[-71.654,12.41],[-71.641,12.416],[-71.631,12.427],[-71.643,12.426],[-71.654,12.421],[-71.662,12.416],[-71.669,12.414],[-71.679,12.417],[-71.677,12.425],[-71.669,12.434],[-71.659,12.44],[-71.67,12.44],[-71.68,12.438],[-71.688,12.434],[-71.694,12.427],[-71.692,12.443],[-71.69,12.449],[-71.686,12.455],[-71.699,12.446],[-71.726,12.423],[-71.735,12.414],[-71.741,12.42],[-71.731,12.438],[-71.716,12.454],[-71.697,12.464],[-71.676,12.468],[-71.656,12.465],[-71.626,12.451],[-71.604,12.447],[-71.532,12.447],[-71.511,12.443],[-71.491,12.434],[-71.46,12.414],[-71.446,12.401],[-71.439,12.396],[-71.426,12.393],[-71.39,12.393],[-71.381,12.389],[-71.361,12.374],[-71.341,12.367],[-71.295,12.358],[-71.262,12.342],[-71.242,12.328],[-71.232,12.311],[-71.227,12.305],[-71.223,12.297],[-71.219,12.278],[-71.158,12.177],[-71.152,12.15],[-71.114,12.094],[-71.107,12.075],[-71.114,12.052],[-71.126,12.031],[-71.138,12.016],[-71.165,11.996],[-71.234,11.959],[-71.254,11.937],[-71.269,11.929],[-71.286,11.923],[-71.299,11.92],[-71.304,11.912],[-71.323,11.858],[-71.327,11.85],[-71.328,11.85]]]}},{"type":"Feature","id":"CO-MAG","properties":{"id":"CO-MAG","countryCode":"CO","isoSubdivision":"CO-MAG","name":"Magdalena","name_en":"Magdalena","name_ko":"마그달레나","type":"Department","labelLongitude":-74.347,"labelLatitude":10.373,"minZoom":6.7},"geometry":{"type":"Polygon","coordinates":[[[-74.847,11.088],[-74.848,11.098],[-74.85,11.103],[-74.844,11.11],[-74.819,11.098],[-74.797,11.09],[-74.743,11.073],[-74.645,11.033],[-74.572,11.009],[-74.523,10.996],[-74.471,10.99],[-74.403,10.983],[-74.337,10.987],[-74.298,10.991],[-74.312,10.981],[-74.362,10.972],[-74.458,10.974],[-74.47,10.976],[-74.481,10.979],[-74.492,10.979],[-74.503,10.974],[-74.506,10.966],[-74.505,10.954],[-74.505,10.944],[-74.513,10.94],[-74.517,10.927],[-74.506,10.898],[-74.482,10.851],[-74.497,10.859],[-74.512,10.874],[-74.525,10.883],[-74.536,10.872],[-74.543,10.881],[-74.567,10.881],[-74.581,10.888],[-74.589,10.885],[-74.597,10.868],[-74.603,10.848],[-74.605,10.834],[-74.606,10.804],[-74.605,10.789],[-74.598,10.782],[-74.585,10.787],[-74.579,10.803],[-74.574,10.82],[-74.564,10.831],[-74.564,10.821],[-74.561,10.813],[-74.554,10.81],[-74.544,10.809],[-74.546,10.799],[-74.544,10.762],[-74.529,10.755],[-74.512,10.756],[-74.5,10.765],[-74.495,10.782],[-74.507,10.776],[-74.516,10.778],[-74.521,10.788],[-74.523,10.803],[-74.519,10.816],[-74.511,10.825],[-74.506,10.833],[-74.51,10.845],[-74.49,10.841],[-74.477,10.828],[-74.471,10.808],[-74.466,10.76],[-74.457,10.748],[-74.441,10.746],[-74.402,10.748],[-74.395,10.749],[-74.386,10.755],[-74.367,10.773],[-74.362,10.776],[-74.36,10.785],[-74.331,10.837],[-74.33,10.844],[-74.331,10.872],[-74.32,10.894],[-74.318,10.902],[-74.315,10.907],[-74.301,10.923],[-74.297,10.929],[-74.29,10.967],[-74.28,10.99],[-74.218,11.079],[-74.215,11.087],[-74.218,11.099],[-74.232,11.116],[-74.236,11.125],[-74.236,11.136],[-74.23,11.153],[-74.229,11.163],[-74.23,11.173],[-74.239,11.191],[-74.242,11.2],[-74.24,11.204],[-74.231,11.213],[-74.229,11.218],[-74.23,11.224],[-74.232,11.226],[-74.235,11.228],[-74.236,11.231],[-74.234,11.241],[-74.228,11.251],[-74.215,11.269],[-74.21,11.275],[-74.205,11.278],[-74.202,11.282],[-74.201,11.293],[-74.187,11.317],[-74.172,11.318],[-74.159,11.315],[-74.152,11.32],[-74.153,11.344],[-74.146,11.344],[-74.145,11.337],[-74.144,11.333],[-74.139,11.324],[-74.128,11.338],[-74.126,11.344],[-74.123,11.342],[-74.121,11.341],[-74.119,11.337],[-74.112,11.337],[-74.112,11.358],[-74.102,11.35],[-74.095,11.334],[-74.084,11.331],[-74.074,11.335],[-74.07,11.346],[-74.065,11.352],[-74.057,11.344],[-74.05,11.344],[-74.048,11.351],[-74.044,11.355],[-74.038,11.356],[-74.03,11.358],[-74.005,11.355],[-73.985,11.348],[-73.968,11.336],[-73.951,11.32],[-73.944,11.317],[-73.898,11.308],[-73.865,11.289],[-73.826,11.277],[-73.705,11.268],[-73.592,11.277],[-73.566,11.277],[-73.565,11.274],[-73.563,11.249],[-73.582,11.191],[-73.587,11.183],[-73.595,11.179],[-73.599,11.176],[-73.612,11.159],[-73.617,11.155],[-73.623,11.152],[-73.632,11.149],[-73.636,11.145],[-73.638,11.139],[-73.635,11.125],[-73.634,11.114],[-73.636,11.101],[-73.638,11.049],[-73.644,11.034],[-73.65,11.01],[-73.651,11],[-73.65,10.992],[-73.638,10.973],[-73.632,10.961],[-73.628,10.92],[-73.606,10.846],[-73.607,10.835],[-73.64,10.786],[-73.646,10.771],[-73.638,10.767],[-73.623,10.768],[-73.607,10.767],[-73.59,10.763],[-73.574,10.756],[-73.564,10.744],[-73.562,10.731],[-73.576,10.711],[-73.586,10.7],[-73.614,10.65],[-73.605,10.632],[-73.6,10.617],[-73.594,10.58],[-73.594,10.565],[-73.598,10.549],[-73.595,10.541],[-73.589,10.536],[-73.58,10.531],[-73.572,10.523],[-73.571,10.512],[-73.578,10.503],[-73.601,10.493],[-73.63,10.484],[-73.637,10.481],[-73.641,10.473],[-73.647,10.456],[-73.655,10.45],[-73.669,10.448],[-73.681,10.448],[-73.691,10.444],[-73.705,10.427],[-73.721,10.42],[-73.734,10.417],[-73.77,10.391],[-73.809,10.38],[-73.819,10.38],[-73.827,10.383],[-73.835,10.384],[-73.844,10.384],[-73.858,10.38],[-73.893,10.373],[-73.906,10.368],[-73.92,10.357],[-73.939,10.337],[-73.947,10.32],[-73.957,10.294],[-73.967,10.28],[-73.997,10.248],[-74.012,10.225],[-74.023,10.214],[-74.033,10.193],[-74.051,10.17],[-74.057,10.122],[-74.065,10.091],[-74.069,10.079],[-74.068,10.065],[-74.066,10.054],[-74.034,10],[-74.008,9.958],[-73.998,9.946],[-73.984,9.939],[-73.97,9.93],[-73.953,9.915],[-73.895,9.837],[-73.885,9.83],[-73.842,9.79],[-73.837,9.763],[-73.836,9.757],[-73.843,9.74],[-73.817,9.693],[-73.784,9.597],[-73.801,9.578],[-73.806,9.585],[-73.809,9.59],[-73.813,9.595],[-73.819,9.598],[-73.826,9.597],[-73.868,9.573],[-73.876,9.569],[-73.888,9.569],[-73.895,9.57],[-73.931,9.571],[-73.94,9.575],[-73.954,9.585],[-73.962,9.587],[-73.979,9.587],[-73.989,9.591],[-73.997,9.593],[-74.004,9.593],[-74.027,9.591],[-74.042,9.585],[-74.059,9.574],[-74.108,9.519],[-74.137,9.498],[-74.082,9.467],[-74.039,9.426],[-74.019,9.415],[-74.001,9.399],[-73.995,9.342],[-73.984,9.322],[-73.975,9.314],[-73.966,9.308],[-73.959,9.302],[-73.956,9.295],[-73.953,9.259],[-73.952,9.251],[-73.951,9.243],[-73.952,9.238],[-73.954,9.234],[-73.958,9.229],[-73.962,9.224],[-73.963,9.22],[-73.963,9.215],[-73.962,9.21],[-73.959,9.203],[-73.954,9.196],[-73.941,9.191],[-73.903,9.183],[-73.894,9.183],[-73.886,9.185],[-73.879,9.184],[-73.874,9.178],[-73.872,9.159],[-73.867,9.139],[-73.855,9.118],[-73.825,9.089],[-73.8,9.056],[-73.824,9.017],[-73.834,8.988],[-73.844,8.969],[-73.87,8.888],[-73.882,8.914],[-73.885,8.944],[-73.872,8.973],[-73.9,8.985],[-73.984,8.989],[-74.016,9.007],[-74.01,9.023],[-74.019,9.034],[-74.033,9.044],[-74.043,9.055],[-74.06,9.032],[-74.091,9.029],[-74.125,9.037],[-74.153,9.049],[-74.142,9.058],[-74.155,9.07],[-74.197,9.093],[-74.212,9.113],[-74.238,9.154],[-74.256,9.165],[-74.295,9.166],[-74.302,9.175],[-74.303,9.203],[-74.312,9.214],[-74.331,9.224],[-74.354,9.231],[-74.372,9.233],[-74.383,9.23],[-74.392,9.224],[-74.401,9.221],[-74.413,9.227],[-74.419,9.236],[-74.426,9.262],[-74.431,9.267],[-74.463,9.271],[-74.479,9.269],[-74.495,9.261],[-74.502,9.254],[-74.506,9.246],[-74.512,9.241],[-74.523,9.24],[-74.533,9.243],[-74.542,9.25],[-74.548,9.26],[-74.557,9.292],[-74.573,9.309],[-74.605,9.33],[-74.613,9.337],[-74.62,9.345],[-74.625,9.355],[-74.626,9.367],[-74.629,9.376],[-74.636,9.382],[-74.653,9.392],[-74.658,9.393],[-74.671,9.392],[-74.677,9.395],[-74.681,9.4],[-74.686,9.415],[-74.691,9.422],[-74.703,9.43],[-74.717,9.43],[-74.73,9.426],[-74.742,9.418],[-74.762,9.445],[-74.77,9.453],[-74.8,9.449],[-74.806,9.487],[-74.791,9.576],[-74.779,9.616],[-74.781,9.631],[-74.794,9.648],[-74.82,9.672],[-74.828,9.686],[-74.832,9.706],[-74.827,9.725],[-74.82,9.747],[-74.815,9.769],[-74.821,9.785],[-74.856,9.817],[-74.865,9.829],[-74.874,9.849],[-74.878,9.87],[-74.879,9.915],[-74.877,9.938],[-74.871,9.951],[-74.86,9.959],[-74.825,9.977],[-74.812,9.985],[-74.806,9.999],[-74.804,10.025],[-74.808,10.034],[-74.815,10.039],[-74.822,10.042],[-74.825,10.046],[-74.838,10.076],[-74.847,10.088],[-74.853,10.093],[-74.859,10.097],[-74.889,10.103],[-74.897,10.107],[-74.916,10.12],[-74.932,10.126],[-74.943,10.137],[-74.948,10.166],[-74.945,10.187],[-74.931,10.22],[-74.924,10.254],[-74.917,10.267],[-74.864,10.37],[-74.848,10.388],[-74.836,10.406],[-74.83,10.428],[-74.825,10.474],[-74.807,10.51],[-74.748,10.55],[-74.729,10.584],[-74.726,10.605],[-74.729,10.669],[-74.722,10.755],[-74.723,10.775],[-74.724,10.783],[-74.741,10.828],[-74.742,10.841],[-74.738,10.864],[-74.73,10.883],[-74.725,10.9],[-74.729,10.919],[-74.739,10.932],[-74.75,10.941],[-74.759,10.954],[-74.766,10.995],[-74.774,11.01],[-74.797,11.036],[-74.838,11.073],[-74.847,11.088]]]}},{"type":"Feature","id":"CO-MET","properties":{"id":"CO-MET","countryCode":"CO","isoSubdivision":"CO-MET","name":"Meta","name_en":"Meta","name_ko":"메타","type":"Department","labelLongitude":-72.979,"labelLatitude":3.53,"minZoom":6.7},"geometry":{"type":"Polygon","coordinates":[[[-74.898,2.951],[-74.897,2.957],[-74.869,3.034],[-74.835,3.093],[-74.825,3.107],[-74.802,3.124],[-74.772,3.138],[-74.748,3.163],[-74.699,3.195],[-74.681,3.21],[-74.652,3.26],[-74.642,3.292],[-74.637,3.326],[-74.633,3.409],[-74.628,3.45],[-74.616,3.485],[-74.543,3.584],[-74.521,3.621],[-74.498,3.675],[-74.494,3.704],[-74.465,3.678],[-74.436,3.675],[-74.428,3.68],[-74.423,3.688],[-74.422,3.693],[-74.415,3.702],[-74.402,3.731],[-74.337,3.81],[-74.317,3.843],[-74.309,3.865],[-74.31,3.877],[-74.31,3.887],[-74.3,3.899],[-74.282,3.917],[-74.256,3.948],[-74.243,3.969],[-74.224,4.01],[-74.208,4.02],[-74.154,4.007],[-74.123,4.005],[-74.075,4.053],[-74.039,4.077],[-74.023,4.094],[-74.006,4.103],[-73.991,4.106],[-73.977,4.107],[-73.96,4.111],[-73.95,4.123],[-73.941,4.143],[-73.919,4.154],[-73.901,4.158],[-73.833,4.188],[-73.824,4.197],[-73.814,4.204],[-73.792,4.204],[-73.78,4.202],[-73.752,4.202],[-73.762,4.235],[-73.763,4.247],[-73.764,4.261],[-73.772,4.277],[-73.787,4.294],[-73.789,4.304],[-73.79,4.314],[-73.788,4.332],[-73.799,4.386],[-73.813,4.4],[-73.811,4.421],[-73.805,4.431],[-73.794,4.444],[-73.787,4.45],[-73.762,4.461],[-73.74,4.473],[-73.734,4.486],[-73.72,4.509],[-73.71,4.518],[-73.697,4.521],[-73.687,4.518],[-73.676,4.512],[-73.669,4.505],[-73.665,4.499],[-73.655,4.49],[-73.64,4.49],[-73.631,4.488],[-73.622,4.484],[-73.611,4.463],[-73.599,4.449],[-73.585,4.43],[-73.581,4.421],[-73.58,4.408],[-73.575,4.38],[-73.553,4.333],[-73.552,4.321],[-73.548,4.314],[-73.539,4.306],[-73.528,4.3],[-73.512,4.294],[-73.501,4.288],[-73.487,4.286],[-73.471,4.288],[-73.455,4.295],[-73.429,4.316],[-73.366,4.322],[-73.243,4.292],[-73.221,4.283],[-73.208,4.274],[-73.203,4.261],[-73.198,4.257],[-73.186,4.251],[-73.16,4.233],[-73.144,4.226],[-73.138,4.23],[-73.133,4.24],[-73.13,4.264],[-73.097,4.48],[-73.063,4.717],[-73.053,4.735],[-73.046,4.705],[-73.041,4.694],[-72.995,4.65],[-72.927,4.525],[-72.837,4.43],[-72.822,4.431],[-72.817,4.43],[-72.813,4.426],[-72.813,4.422],[-72.809,4.414],[-72.792,4.395],[-72.789,4.387],[-72.788,4.38],[-72.782,4.371],[-72.783,4.363],[-72.784,4.357],[-72.784,4.351],[-72.777,4.349],[-72.769,4.351],[-72.761,4.352],[-72.753,4.349],[-72.752,4.341],[-72.748,4.313],[-72.726,4.301],[-72.718,4.298],[-72.707,4.3],[-72.701,4.304],[-72.688,4.317],[-72.68,4.321],[-72.67,4.32],[-72.632,4.313],[-72.625,4.314],[-72.62,4.316],[-72.617,4.319],[-72.615,4.321],[-72.608,4.317],[-72.602,4.311],[-72.595,4.306],[-72.588,4.31],[-72.565,4.349],[-72.56,4.355],[-72.549,4.353],[-72.534,4.349],[-72.521,4.344],[-72.515,4.337],[-72.505,4.321],[-72.481,4.328],[-72.433,4.355],[-72.415,4.341],[-72.389,4.338],[-72.367,4.344],[-72.323,4.41],[-72.31,4.416],[-72.15,4.451],[-72.139,4.451],[-72.128,4.447],[-72.089,4.423],[-72.081,4.408],[-72.07,4.394],[-72.05,4.388],[-72.012,4.399],[-71.974,4.422],[-71.897,4.485],[-71.819,4.57],[-71.809,4.578],[-71.799,4.58],[-71.788,4.579],[-71.775,4.58],[-71.686,4.608],[-71.643,4.628],[-71.565,4.682],[-71.275,4.807],[-71.215,4.816],[-71.207,4.824],[-71.158,4.862],[-71.13,4.878],[-71.113,4.886],[-71.1,4.889],[-71.087,4.895],[-71.06,4.919],[-71.064,3.362],[-71.064,2.869],[-71.083,2.864],[-71.104,2.874],[-71.112,2.877],[-71.119,2.869],[-71.128,2.864],[-71.139,2.867],[-71.149,2.875],[-71.16,2.883],[-71.169,2.884],[-71.203,2.859],[-71.215,2.855],[-71.225,2.855],[-71.238,2.862],[-71.247,2.865],[-71.265,2.865],[-71.274,2.872],[-71.281,2.884],[-71.285,2.898],[-71.293,2.905],[-71.303,2.905],[-71.309,2.897],[-71.315,2.87],[-71.321,2.86],[-71.33,2.858],[-71.339,2.867],[-71.348,2.874],[-71.357,2.875],[-71.363,2.868],[-71.366,2.858],[-71.37,2.848],[-71.382,2.846],[-71.401,2.854],[-71.435,2.876],[-71.443,2.876],[-71.456,2.856],[-71.469,2.852],[-71.491,2.859],[-71.51,2.863],[-71.537,2.859],[-71.551,2.859],[-71.561,2.856],[-71.569,2.846],[-71.58,2.835],[-71.623,2.816],[-71.644,2.819],[-71.649,2.83],[-71.646,2.857],[-71.65,2.863],[-71.656,2.863],[-71.664,2.855],[-71.671,2.846],[-71.683,2.84],[-71.698,2.844],[-71.735,2.881],[-71.743,2.882],[-71.748,2.875],[-71.747,2.845],[-71.751,2.827],[-71.759,2.817],[-71.77,2.822],[-71.777,2.851],[-71.784,2.86],[-71.792,2.861],[-71.806,2.853],[-71.816,2.841],[-71.837,2.831],[-71.924,2.815],[-71.94,2.812],[-71.944,2.811],[-71.947,2.807],[-71.953,2.805],[-71.966,2.803],[-71.98,2.799],[-71.993,2.8],[-72.001,2.812],[-72.006,2.808],[-72.017,2.818],[-72.056,2.821],[-72.079,2.827],[-72.093,2.838],[-72.107,2.862],[-72.121,2.867],[-72.142,2.86],[-72.181,2.854],[-72.192,2.848],[-72.197,2.834],[-72.196,2.815],[-72.192,2.797],[-72.193,2.773],[-72.194,2.773],[-72.208,2.775],[-72.221,2.772],[-72.234,2.765],[-72.248,2.755],[-72.25,2.748],[-72.248,2.738],[-72.248,2.717],[-72.252,2.698],[-72.257,2.703],[-72.269,2.737],[-72.284,2.752],[-72.295,2.751],[-72.304,2.738],[-72.31,2.717],[-72.349,2.74],[-72.367,2.738],[-72.406,2.704],[-72.422,2.694],[-72.44,2.69],[-72.475,2.688],[-72.484,2.684],[-72.507,2.665],[-72.513,2.665],[-72.519,2.668],[-72.53,2.669],[-72.539,2.671],[-72.547,2.675],[-72.554,2.675],[-72.556,2.666],[-72.554,2.661],[-72.548,2.656],[-72.541,2.651],[-72.536,2.648],[-72.536,2.642],[-72.562,2.641],[-72.573,2.629],[-72.577,2.608],[-72.577,2.58],[-72.588,2.584],[-72.591,2.586],[-72.584,2.586],[-72.6,2.615],[-72.61,2.621],[-72.625,2.607],[-72.632,2.566],[-72.642,2.563],[-72.648,2.566],[-72.652,2.574],[-72.658,2.608],[-72.67,2.614],[-72.703,2.607],[-72.715,2.597],[-72.724,2.575],[-72.737,2.56],[-72.762,2.566],[-72.771,2.58],[-72.78,2.586],[-72.79,2.601],[-72.801,2.603],[-72.82,2.597],[-72.906,2.548],[-72.914,2.534],[-72.92,2.523],[-72.938,2.514],[-72.942,2.497],[-72.937,2.493],[-72.931,2.486],[-72.928,2.477],[-72.93,2.468],[-72.952,2.464],[-72.961,2.455],[-72.968,2.445],[-72.986,2.436],[-73.007,2.419],[-73.021,2.411],[-73.03,2.413],[-73.036,2.418],[-73.046,2.418],[-73.061,2.413],[-73.082,2.398],[-73.096,2.384],[-73.102,2.382],[-73.111,2.387],[-73.117,2.392],[-73.124,2.394],[-73.13,2.39],[-73.131,2.374],[-73.135,2.366],[-73.145,2.362],[-73.154,2.361],[-73.162,2.367],[-73.164,2.375],[-73.167,2.383],[-73.173,2.385],[-73.199,2.382],[-73.215,2.388],[-73.247,2.372],[-73.248,2.366],[-73.242,2.359],[-73.241,2.35],[-73.25,2.344],[-73.275,2.342],[-73.293,2.338],[-73.318,2.347],[-73.326,2.344],[-73.33,2.338],[-73.336,2.331],[-73.344,2.329],[-73.348,2.335],[-73.346,2.349],[-73.352,2.354],[-73.363,2.354],[-73.369,2.347],[-73.373,2.336],[-73.377,2.329],[-73.382,2.33],[-73.387,2.339],[-73.395,2.344],[-73.412,2.344],[-73.42,2.336],[-73.427,2.331],[-73.431,2.332],[-73.435,2.339],[-73.436,2.352],[-73.433,2.363],[-73.445,2.386],[-73.451,2.354],[-73.455,2.347],[-73.462,2.349],[-73.469,2.354],[-73.478,2.357],[-73.51,2.352],[-73.516,2.359],[-73.526,2.377],[-73.53,2.383],[-73.537,2.383],[-73.567,2.365],[-73.577,2.361],[-73.585,2.363],[-73.591,2.369],[-73.591,2.378],[-73.593,2.385],[-73.598,2.386],[-73.607,2.383],[-73.619,2.375],[-73.627,2.366],[-73.627,2.356],[-73.624,2.348],[-73.625,2.34],[-73.63,2.332],[-73.639,2.321],[-73.647,2.302],[-73.655,2.294],[-73.66,2.253],[-73.658,2.126],[-73.661,1.642],[-73.675,1.625],[-73.757,1.638],[-73.852,1.631],[-73.89,1.631],[-73.918,1.635],[-74.511,1.844],[-74.551,1.871],[-74.585,1.915],[-74.607,1.962],[-74.616,2.008],[-74.616,2.043],[-74.605,2.073],[-74.587,2.099],[-74.564,2.123],[-74.549,2.143],[-74.543,2.162],[-74.544,2.182],[-74.554,2.203],[-74.569,2.225],[-74.63,2.293],[-74.646,2.318],[-74.655,2.347],[-74.659,2.383],[-74.658,2.414],[-74.652,2.465],[-74.596,2.685],[-74.596,2.721],[-74.609,2.741],[-74.628,2.755],[-74.647,2.773],[-74.662,2.796],[-74.691,2.87],[-74.7,2.885],[-74.713,2.897],[-74.73,2.907],[-74.75,2.912],[-74.798,2.919],[-74.898,2.951]]]}},{"type":"Feature","id":"CO-NAR","properties":{"id":"CO-NAR","countryCode":"CO","isoSubdivision":"CO-NAR","name":"Nariño","name_en":"Nariño","name_ko":"나리뇨","type":"Department","labelLongitude":-77.978,"labelLatitude":1.602,"minZoom":6.7},"geometry":{"type":"MultiPolygon","coordinates":[[[[-78.641,1.259],[-78.665,1.267],[-78.684,1.282],[-78.699,1.302],[-78.709,1.324],[-78.719,1.341],[-78.749,1.365],[-78.77,1.394],[-78.829,1.434],[-78.813,1.442],[-78.82,1.46],[-78.832,1.47],[-78.845,1.479],[-78.854,1.49],[-78.856,1.505],[-78.854,1.524],[-78.853,1.543],[-78.861,1.558],[-78.867,1.56],[-78.88,1.554],[-78.9,1.545],[-78.908,1.555],[-78.918,1.564],[-78.931,1.566],[-78.941,1.575],[-78.963,1.587],[-78.972,1.591],[-78.998,1.608],[-79.013,1.624],[-79.022,1.638],[-79.017,1.655],[-79.009,1.665],[-78.993,1.671],[-78.973,1.676],[-78.956,1.692],[-78.94,1.723],[-78.926,1.741],[-78.901,1.767],[-78.88,1.79],[-78.867,1.805],[-78.846,1.822],[-78.799,1.832],[-78.777,1.828],[-78.759,1.831],[-78.738,1.826],[-78.719,1.817],[-78.697,1.812],[-78.664,1.81],[-78.642,1.805],[-78.613,1.801],[-78.608,1.799],[-78.601,1.79],[-78.591,1.783],[-78.581,1.78],[-78.571,1.782],[-78.572,1.796],[-78.571,1.804],[-78.567,1.82],[-78.553,1.834],[-78.546,1.86],[-78.554,1.876],[-78.553,1.891],[-78.551,1.894],[-78.548,1.899],[-78.545,1.906],[-78.545,1.915],[-78.548,1.921],[-78.552,1.917],[-78.558,1.904],[-78.571,1.897],[-78.591,1.897],[-78.598,1.91],[-78.598,1.929],[-78.594,1.949],[-78.593,1.964],[-78.587,1.988],[-78.586,2],[-78.59,2.009],[-78.598,2.019],[-78.608,2.028],[-78.618,2.031],[-78.629,2.025],[-78.637,2.012],[-78.647,1.981],[-78.658,1.975],[-78.666,1.983],[-78.667,2.004],[-78.671,2.031],[-78.683,2.065],[-78.692,2.112],[-78.701,2.147],[-78.703,2.19],[-78.692,2.214],[-78.679,2.242],[-78.672,2.267],[-78.645,2.278],[-78.637,2.307],[-78.607,2.36],[-78.586,2.403],[-78.574,2.433],[-78.559,2.449],[-78.565,2.433],[-78.566,2.416],[-78.564,2.398],[-78.559,2.382],[-78.545,2.427],[-78.536,2.475],[-78.525,2.496],[-78.506,2.491],[-78.481,2.522],[-78.456,2.552],[-78.432,2.587],[-78.411,2.595],[-78.393,2.612],[-78.372,2.632],[-78.346,2.648],[-78.334,2.647],[-78.325,2.624],[-78.314,2.597],[-78.298,2.571],[-78.278,2.543],[-78.255,2.542],[-78.265,2.576],[-78.271,2.604],[-78.27,2.635],[-78.262,2.65],[-78.247,2.664],[-78.236,2.646],[-78.228,2.615],[-78.235,2.593],[-78.225,2.577],[-78.216,2.555],[-78.208,2.537],[-78.193,2.521],[-78.184,2.515],[-78.149,2.498],[-78.132,2.493],[-78.123,2.494],[-78.107,2.504],[-78.087,2.511],[-78.085,2.516],[-78.085,2.524],[-78.086,2.53],[-78.087,2.532],[-78.083,2.538],[-78.082,2.541],[-78.081,2.577],[-78.085,2.592],[-78.09,2.608],[-78.1,2.625],[-78.105,2.642],[-78.096,2.651],[-78.074,2.647],[-77.984,2.587],[-77.953,2.556],[-77.951,2.536],[-77.946,2.513],[-77.933,2.477],[-77.932,2.467],[-77.932,2.456],[-77.935,2.444],[-77.948,2.41],[-77.95,2.401],[-77.95,2.391],[-77.949,2.382],[-77.932,2.341],[-77.859,2.237],[-77.856,2.228],[-77.853,2.195],[-77.849,2.187],[-77.84,2.177],[-77.811,2.164],[-77.78,2.157],[-77.744,2.144],[-77.721,2.142],[-77.703,2.143],[-77.656,2.159],[-77.625,2.158],[-77.595,2.17],[-77.579,2.183],[-77.572,2.187],[-77.544,2.193],[-77.517,2.195],[-77.498,2.202],[-77.496,2.205],[-77.486,2.213],[-77.481,2.215],[-77.476,2.217],[-77.459,2.22],[-77.446,2.221],[-77.431,2.221],[-77.42,2.219],[-77.402,2.213],[-77.313,2.171],[-77.301,2.155],[-77.305,2.125],[-77.32,2.101],[-77.324,2.086],[-77.327,2.079],[-77.33,2.07],[-77.326,2.062],[-77.317,2.053],[-77.258,2.009],[-77.243,2.001],[-77.233,1.997],[-77.214,1.986],[-77.199,1.961],[-77.211,1.932],[-77.214,1.927],[-77.219,1.926],[-77.231,1.922],[-77.236,1.917],[-77.239,1.91],[-77.24,1.903],[-77.248,1.887],[-77.283,1.856],[-77.298,1.817],[-77.3,1.808],[-77.301,1.794],[-77.295,1.778],[-77.297,1.764],[-77.3,1.749],[-77.325,1.689],[-77.265,1.67],[-77.256,1.673],[-77.253,1.674],[-77.244,1.668],[-77.234,1.664],[-77.233,1.663],[-77.183,1.681],[-77.167,1.681],[-77.151,1.687],[-77.145,1.687],[-77.141,1.684],[-77.136,1.679],[-77.128,1.674],[-77.111,1.668],[-77.099,1.668],[-77.089,1.67],[-77.082,1.674],[-77.071,1.682],[-77.064,1.689],[-77.051,1.701],[-77.045,1.704],[-77.013,1.713],[-76.972,1.718],[-76.941,1.728],[-76.931,1.724],[-76.924,1.72],[-76.893,1.671],[-76.864,1.628],[-76.854,1.62],[-76.849,1.615],[-76.845,1.607],[-76.844,1.599],[-76.845,1.589],[-76.85,1.569],[-76.854,1.558],[-76.865,1.544],[-76.876,1.533],[-76.924,1.503],[-76.929,1.485],[-76.924,1.4],[-76.914,1.351],[-76.912,1.313],[-76.942,1.287],[-76.96,1.285],[-76.964,1.292],[-76.967,1.295],[-76.97,1.295],[-76.973,1.292],[-76.975,1.28],[-76.972,1.259],[-76.973,1.248],[-76.977,1.238],[-76.991,1.226],[-77.002,1.218],[-77.073,1.191],[-77.089,1.186],[-77.091,1.172],[-77.093,1.129],[-77.087,1.073],[-77.084,1.068],[-77.08,1.067],[-77.076,1.068],[-77.069,1.065],[-77.05,1.049],[-77.036,1.045],[-77.032,1.041],[-77.029,1.032],[-77.029,1.023],[-77.038,0.996],[-77.042,0.988],[-77.09,0.884],[-77.119,0.835],[-77.138,0.822],[-77.157,0.797],[-77.218,0.72],[-77.239,0.697],[-77.199,0.658],[-77.153,0.62],[-77.134,0.608],[-77.118,0.601],[-77.112,0.594],[-77.109,0.585],[-77.11,0.568],[-77.112,0.561],[-77.116,0.559],[-77.121,0.556],[-77.124,0.55],[-77.125,0.54],[-77.123,0.529],[-77.102,0.482],[-77.099,0.468],[-77.097,0.437],[-77.087,0.417],[-77.085,0.397],[-77.086,0.391],[-77.09,0.383],[-77.096,0.379],[-77.099,0.376],[-77.102,0.361],[-77.104,0.354],[-77.117,0.358],[-77.135,0.354],[-77.185,0.335],[-77.207,0.334],[-77.223,0.339],[-77.237,0.346],[-77.256,0.353],[-77.363,0.375],[-77.397,0.388],[-77.424,0.408],[-77.435,0.434],[-77.439,0.464],[-77.448,0.497],[-77.455,0.602],[-77.468,0.651],[-77.509,0.661],[-77.514,0.661],[-77.543,0.656],[-77.58,0.671],[-77.646,0.716],[-77.667,0.748],[-77.673,0.82],[-77.703,0.843],[-77.728,0.843],[-77.808,0.813],[-77.828,0.809],[-77.848,0.809],[-77.869,0.814],[-77.893,0.823],[-77.903,0.832],[-77.905,0.843],[-77.905,0.854],[-77.909,0.864],[-77.918,0.874],[-77.923,0.875],[-77.928,0.872],[-77.939,0.873],[-78.007,0.898],[-78.078,0.901],[-78.12,0.921],[-78.25,1.02],[-78.271,1.03],[-78.33,1.047],[-78.349,1.056],[-78.373,1.074],[-78.467,1.178],[-78.478,1.187],[-78.485,1.193],[-78.541,1.205],[-78.556,1.204],[-78.57,1.196],[-78.576,1.212],[-78.597,1.234],[-78.6,1.244],[-78.602,1.264],[-78.612,1.266],[-78.626,1.262],[-78.641,1.259]]],[[[-78.131,2.627],[-78.13,2.622],[-78.107,2.594],[-78.097,2.572],[-78.096,2.54],[-78.107,2.513],[-78.134,2.504],[-78.158,2.518],[-78.185,2.545],[-78.207,2.575],[-78.216,2.597],[-78.213,2.611],[-78.206,2.617],[-78.2,2.622],[-78.195,2.632],[-78.202,2.643],[-78.217,2.67],[-78.215,2.682],[-78.205,2.687],[-78.188,2.678],[-78.166,2.686],[-78.145,2.674],[-78.14,2.655],[-78.132,2.646],[-78.129,2.634],[-78.131,2.627]]]]}},{"type":"Feature","id":"CO-NSA","properties":{"id":"CO-NSA","countryCode":"CO","isoSubdivision":"CO-NSA","name":"Norte de Santander","name_en":"Norte de Santander","name_ko":"노르테데산탄데르","type":"Department","labelLongitude":-72.817,"labelLatitude":8.086,"minZoom":6.7},"geometry":{"type":"Polygon","coordinates":[[[-73.01,9.295],[-73.004,9.288],[-72.991,9.252],[-72.991,9.248],[-72.995,9.239],[-72.996,9.235],[-72.992,9.23],[-72.983,9.221],[-72.98,9.217],[-72.976,9.192],[-72.979,9.15],[-72.973,9.128],[-72.955,9.104],[-72.936,9.099],[-72.916,9.107],[-72.882,9.129],[-72.874,9.133],[-72.862,9.137],[-72.85,9.137],[-72.842,9.134],[-72.834,9.134],[-72.827,9.142],[-72.808,9.124],[-72.791,9.114],[-72.786,9.102],[-72.8,9.079],[-72.783,9.06],[-72.778,9.041],[-72.767,8.997],[-72.755,8.954],[-72.744,8.91],[-72.732,8.866],[-72.72,8.823],[-72.709,8.779],[-72.697,8.735],[-72.686,8.692],[-72.675,8.652],[-72.655,8.618],[-72.637,8.598],[-72.617,8.577],[-72.598,8.556],[-72.578,8.535],[-72.559,8.514],[-72.539,8.493],[-72.519,8.472],[-72.5,8.45],[-72.48,8.429],[-72.456,8.404],[-72.445,8.394],[-72.434,8.39],[-72.425,8.388],[-72.416,8.383],[-72.415,8.382],[-72.403,8.37],[-72.394,8.355],[-72.387,8.339],[-72.384,8.322],[-72.386,8.306],[-72.395,8.273],[-72.396,8.257],[-72.391,8.234],[-72.357,8.172],[-72.336,8.104],[-72.334,8.065],[-72.35,8.043],[-72.367,8.043],[-72.388,8.046],[-72.407,8.044],[-72.417,8.026],[-72.422,8.006],[-72.43,7.991],[-72.442,7.977],[-72.457,7.965],[-72.467,7.96],[-72.479,7.956],[-72.488,7.949],[-72.491,7.938],[-72.487,7.929],[-72.466,7.905],[-72.459,7.894],[-72.454,7.876],[-72.452,7.833],[-72.454,7.815],[-72.474,7.754],[-72.483,7.649],[-72.48,7.629],[-72.467,7.59],[-72.463,7.571],[-72.467,7.549],[-72.476,7.529],[-72.482,7.508],[-72.479,7.484],[-72.451,7.44],[-72.415,7.414],[-72.396,7.407],[-72.371,7.399],[-72.322,7.39],[-72.24,7.391],[-72.206,7.382],[-72.172,7.337],[-72.166,7.334],[-72.164,7.329],[-72.173,7.288],[-72.174,7.28],[-72.171,7.25],[-72.164,7.221],[-72.153,7.193],[-72.098,7.087],[-72.081,7.067],[-72.07,7.059],[-72.042,7.047],[-72.029,7.039],[-72.005,7.019],[-71.994,7.013],[-72.034,7.014],[-72.053,7.024],[-72.072,7.031],[-72.1,7.038],[-72.182,7.04],[-72.202,7.033],[-72.209,7.026],[-72.213,7.018],[-72.214,7.011],[-72.217,7.003],[-72.223,6.994],[-72.233,6.985],[-72.242,6.979],[-72.251,6.977],[-72.258,6.981],[-72.265,7],[-72.288,7.006],[-72.306,6.971],[-72.316,6.943],[-72.326,6.928],[-72.338,6.913],[-72.366,6.889],[-72.383,6.878],[-72.401,6.875],[-72.423,6.879],[-72.48,6.91],[-72.505,6.915],[-72.512,6.901],[-72.516,6.897],[-72.522,6.891],[-72.527,6.887],[-72.547,6.885],[-72.551,6.911],[-72.547,6.941],[-72.548,6.957],[-72.552,6.98],[-72.555,6.992],[-72.561,6.999],[-72.567,7.002],[-72.576,7.003],[-72.584,7.002],[-72.59,7.001],[-72.601,6.997],[-72.629,6.991],[-72.638,6.992],[-72.646,6.995],[-72.651,6.995],[-72.656,6.994],[-72.658,6.991],[-72.662,6.981],[-72.666,6.977],[-72.67,6.973],[-72.673,6.977],[-72.677,6.992],[-72.682,7.001],[-72.689,7.005],[-72.696,7.005],[-72.703,7.003],[-72.715,7.003],[-72.721,7.002],[-72.728,6.998],[-72.745,6.989],[-72.771,7.013],[-72.783,7.02],[-72.793,7.031],[-72.801,7.035],[-72.826,7.042],[-72.849,7.045],[-72.876,7.057],[-72.879,7.06],[-72.886,7.074],[-72.849,7.132],[-72.836,7.149],[-72.83,7.162],[-72.831,7.167],[-72.833,7.173],[-72.835,7.18],[-72.834,7.195],[-72.835,7.203],[-72.837,7.208],[-72.847,7.212],[-72.853,7.217],[-72.857,7.222],[-72.863,7.232],[-72.868,7.237],[-72.881,7.256],[-72.845,7.301],[-72.842,7.358],[-72.856,7.363],[-72.857,7.365],[-72.857,7.372],[-72.868,7.384],[-72.898,7.429],[-72.903,7.449],[-72.901,7.461],[-72.903,7.476],[-72.975,7.533],[-72.984,7.547],[-72.989,7.561],[-72.995,7.593],[-72.995,7.599],[-72.995,7.604],[-72.991,7.613],[-73.028,7.621],[-73.047,7.616],[-73.057,7.608],[-73.073,7.613],[-73.079,7.613],[-73.091,7.614],[-73.096,7.614],[-73.099,7.616],[-73.106,7.618],[-73.116,7.62],[-73.138,7.62],[-73.171,7.624],[-73.189,7.623],[-73.195,7.624],[-73.201,7.626],[-73.204,7.628],[-73.216,7.63],[-73.224,7.628],[-73.232,7.62],[-73.248,7.597],[-73.257,7.552],[-73.261,7.545],[-73.279,7.547],[-73.308,7.549],[-73.342,7.547],[-73.36,7.55],[-73.371,7.553],[-73.376,7.563],[-73.394,7.574],[-73.448,7.581],[-73.468,7.586],[-73.482,7.591],[-73.497,7.601],[-73.504,7.607],[-73.515,7.624],[-73.516,7.627],[-73.516,7.631],[-73.517,7.635],[-73.52,7.642],[-73.544,7.67],[-73.569,7.691],[-73.593,7.702],[-73.603,7.71],[-73.61,7.717],[-73.625,7.735],[-73.64,7.745],[-73.636,7.745],[-73.598,7.737],[-73.589,7.733],[-73.58,7.728],[-73.569,7.715],[-73.561,7.708],[-73.552,7.705],[-73.541,7.703],[-73.534,7.7],[-73.515,7.684],[-73.505,7.679],[-73.496,7.678],[-73.484,7.682],[-73.453,7.696],[-73.433,7.709],[-73.418,7.723],[-73.408,7.736],[-73.396,7.747],[-73.388,7.763],[-73.366,7.792],[-73.361,7.801],[-73.357,7.811],[-73.355,7.831],[-73.358,7.867],[-73.355,7.885],[-73.351,7.896],[-73.343,7.903],[-73.324,7.91],[-73.312,7.919],[-73.303,7.929],[-73.291,7.946],[-73.287,7.96],[-73.286,7.973],[-73.287,7.981],[-73.289,7.986],[-73.293,7.988],[-73.297,7.989],[-73.306,7.993],[-73.319,8.012],[-73.363,8.016],[-73.376,8.03],[-73.379,8.044],[-73.378,8.069],[-73.38,8.078],[-73.38,8.085],[-73.395,8.119],[-73.409,8.128],[-73.413,8.206],[-73.409,8.228],[-73.402,8.248],[-73.391,8.268],[-73.383,8.298],[-73.367,8.333],[-73.353,8.395],[-73.357,8.439],[-73.363,8.446],[-73.374,8.453],[-73.397,8.456],[-73.412,8.457],[-73.42,8.455],[-73.425,8.449],[-73.425,8.444],[-73.421,8.428],[-73.414,8.416],[-73.412,8.411],[-73.406,8.374],[-73.436,8.35],[-73.442,8.342],[-73.451,8.328],[-73.456,8.324],[-73.462,8.328],[-73.467,8.334],[-73.469,8.357],[-73.485,8.367],[-73.49,8.372],[-73.497,8.376],[-73.504,8.378],[-73.521,8.379],[-73.527,8.381],[-73.529,8.385],[-73.528,8.393],[-73.504,8.42],[-73.492,8.462],[-73.499,8.475],[-73.505,8.478],[-73.524,8.523],[-73.553,8.564],[-73.562,8.588],[-73.563,8.598],[-73.562,8.609],[-73.56,8.623],[-73.555,8.634],[-73.547,8.645],[-73.54,8.654],[-73.526,8.667],[-73.489,8.696],[-73.48,8.706],[-73.477,8.713],[-73.477,8.72],[-73.479,8.729],[-73.476,8.736],[-73.47,8.743],[-73.445,8.758],[-73.431,8.772],[-73.427,8.782],[-73.427,8.793],[-73.435,8.816],[-73.448,8.866],[-73.441,8.893],[-73.441,8.901],[-73.445,8.941],[-73.433,9.079],[-73.437,9.116],[-73.417,9.151],[-73.408,9.155],[-73.364,9.165],[-73.254,9.168],[-73.212,9.173],[-73.176,9.191],[-73.142,9.223],[-73.124,9.234],[-73.099,9.242],[-73.076,9.254],[-73.033,9.295],[-73.01,9.295]]]}},{"type":"Feature","id":"CO-PUT","properties":{"id":"CO-PUT","countryCode":"CO","isoSubdivision":"CO-PUT","name":"Putumayo","name_en":"Putumayo","name_ko":"푸투마요","type":"Intendancy","labelLongitude":-75.551,"labelLatitude":0.42,"minZoom":6.7},"geometry":{"type":"Polygon","coordinates":[[[-76.178,0.4],[-76.202,0.402],[-76.224,0.407],[-76.244,0.415],[-76.263,0.428],[-76.291,0.457],[-76.3,0.462],[-76.312,0.459],[-76.33,0.445],[-76.335,0.442],[-76.341,0.437],[-76.365,0.407],[-76.375,0.404],[-76.385,0.401],[-76.407,0.4],[-76.416,0.402],[-76.416,0.395],[-76.418,0.321],[-76.408,0.255],[-76.426,0.243],[-76.525,0.231],[-76.551,0.218],[-76.565,0.216],[-76.584,0.223],[-76.611,0.247],[-76.627,0.259],[-76.641,0.263],[-76.69,0.268],[-76.725,0.278],[-76.737,0.273],[-76.734,0.233],[-76.75,0.233],[-76.785,0.249],[-76.798,0.25],[-76.867,0.24],[-76.882,0.24],[-76.897,0.245],[-76.914,0.258],[-76.936,0.28],[-76.946,0.287],[-76.962,0.293],[-76.975,0.295],[-77.015,0.296],[-77.045,0.306],[-77.083,0.349],[-77.104,0.354],[-77.102,0.361],[-77.099,0.376],[-77.096,0.379],[-77.09,0.383],[-77.086,0.391],[-77.085,0.397],[-77.087,0.417],[-77.097,0.437],[-77.099,0.468],[-77.102,0.482],[-77.123,0.529],[-77.125,0.54],[-77.124,0.55],[-77.121,0.556],[-77.116,0.559],[-77.112,0.561],[-77.11,0.568],[-77.109,0.585],[-77.112,0.594],[-77.118,0.601],[-77.134,0.608],[-77.153,0.62],[-77.199,0.658],[-77.239,0.697],[-77.218,0.72],[-77.157,0.797],[-77.138,0.822],[-77.119,0.835],[-77.09,0.884],[-77.042,0.988],[-77.038,0.996],[-77.029,1.023],[-77.029,1.032],[-77.032,1.041],[-77.036,1.045],[-77.05,1.049],[-77.069,1.065],[-77.076,1.068],[-77.08,1.067],[-77.084,1.068],[-77.087,1.073],[-77.093,1.129],[-77.091,1.172],[-77.089,1.186],[-77.073,1.191],[-77.002,1.218],[-76.991,1.226],[-76.977,1.238],[-76.973,1.248],[-76.972,1.259],[-76.975,1.28],[-76.973,1.292],[-76.97,1.295],[-76.967,1.295],[-76.964,1.292],[-76.96,1.285],[-76.942,1.287],[-76.912,1.313],[-76.879,1.313],[-76.8,1.308],[-76.773,1.314],[-76.746,1.33],[-76.723,1.355],[-76.67,1.434],[-76.654,1.438],[-76.638,1.432],[-76.622,1.421],[-76.588,1.407],[-76.571,1.386],[-76.553,1.356],[-76.55,1.346],[-76.533,1.33],[-76.52,1.302],[-76.517,1.288],[-76.516,1.275],[-76.52,1.257],[-76.537,1.223],[-76.542,1.206],[-76.546,1.118],[-76.537,1.076],[-76.512,1.039],[-76.492,1.025],[-76.422,1.002],[-76.382,0.983],[-76.351,0.977],[-76.21,0.972],[-76.194,0.977],[-76.184,0.983],[-76.175,0.991],[-76.164,1],[-76.148,1.007],[-76.136,1.01],[-76.104,1.008],[-76.086,1.011],[-76.078,1.021],[-76.072,1.034],[-76.062,1.043],[-76.061,1.044],[-76.047,1.046],[-76.033,1.043],[-76.006,1.032],[-75.988,1.031],[-75.95,1.035],[-75.933,1.031],[-75.918,1.019],[-75.914,1.007],[-75.914,0.993],[-75.912,0.977],[-75.9,0.954],[-75.845,0.89],[-75.828,0.879],[-75.788,0.876],[-75.768,0.866],[-75.75,0.854],[-75.732,0.848],[-75.714,0.848],[-75.645,0.853],[-75.6,0.847],[-75.56,0.829],[-75.499,0.764],[-75.459,0.749],[-75.374,0.744],[-75.318,0.751],[-75.298,0.747],[-75.274,0.736],[-75.263,0.729],[-75.254,0.719],[-75.251,0.709],[-75.253,0.69],[-75.251,0.68],[-75.243,0.664],[-75.22,0.636],[-75.212,0.619],[-75.212,0.603],[-75.219,0.57],[-75.216,0.552],[-75.202,0.518],[-75.187,0.496],[-75.165,0.488],[-75.131,0.496],[-75.106,0.507],[-75.096,0.507],[-75.082,0.501],[-75.079,0.495],[-75.076,0.479],[-75.072,0.473],[-75.063,0.471],[-75.054,0.472],[-75.035,0.477],[-74.996,0.47],[-74.985,0.442],[-74.991,0.375],[-74.989,0.361],[-74.975,0.316],[-74.97,0.282],[-74.962,0.271],[-74.92,0.257],[-74.855,0.222],[-74.743,0.2],[-74.707,0.181],[-74.683,0.151],[-74.677,0.11],[-74.683,0.098],[-74.693,0.086],[-74.696,0.075],[-74.682,0.066],[-74.662,0.059],[-74.658,0.054],[-74.664,0.046],[-74.677,0.02],[-74.683,0.014],[-74.684,0.006],[-74.673,-0.014],[-74.671,-0.023],[-74.668,-0.04],[-74.664,-0.054],[-74.657,-0.057],[-74.649,-0.057],[-74.633,-0.059],[-74.626,-0.059],[-74.618,-0.059],[-74.61,-0.064],[-74.605,-0.071],[-74.598,-0.093],[-74.593,-0.102],[-74.579,-0.11],[-74.559,-0.117],[-74.539,-0.119],[-74.523,-0.117],[-74.505,-0.113],[-74.496,-0.116],[-74.486,-0.123],[-74.47,-0.126],[-74.456,-0.119],[-74.446,-0.089],[-74.43,-0.083],[-74.413,-0.09],[-74.409,-0.105],[-74.407,-0.121],[-74.399,-0.132],[-74.383,-0.133],[-74.348,-0.118],[-74.328,-0.123],[-74.291,-0.141],[-74.282,-0.149],[-74.275,-0.159],[-74.274,-0.166],[-74.273,-0.174],[-74.263,-0.204],[-74.259,-0.213],[-74.252,-0.221],[-74.24,-0.228],[-74.232,-0.226],[-74.225,-0.222],[-74.215,-0.221],[-74.205,-0.221],[-74.199,-0.22],[-74.193,-0.22],[-74.184,-0.225],[-74.179,-0.232],[-74.175,-0.252],[-74.169,-0.258],[-74.15,-0.259],[-74.134,-0.251],[-74.117,-0.246],[-74.098,-0.256],[-74.044,-0.296],[-74.011,-0.335],[-73.99,-0.35],[-73.942,-0.37],[-73.866,-0.393],[-73.864,-0.393],[-74.415,-0.564],[-74.416,-0.553],[-74.418,-0.543],[-74.423,-0.538],[-74.437,-0.538],[-74.442,-0.536],[-74.451,-0.522],[-74.464,-0.507],[-74.476,-0.496],[-74.536,-0.46],[-74.562,-0.439],[-74.604,-0.395],[-74.633,-0.347],[-74.642,-0.34],[-74.653,-0.342],[-74.661,-0.347],[-74.668,-0.352],[-74.673,-0.354],[-74.687,-0.353],[-74.693,-0.35],[-74.696,-0.345],[-74.701,-0.34],[-74.708,-0.335],[-74.712,-0.33],[-74.718,-0.327],[-74.743,-0.325],[-74.763,-0.32],[-74.773,-0.319],[-74.791,-0.313],[-74.783,-0.299],[-74.755,-0.278],[-74.789,-0.209],[-74.804,-0.189],[-74.825,-0.17],[-74.837,-0.173],[-74.861,-0.213],[-74.873,-0.222],[-74.883,-0.223],[-74.899,-0.217],[-74.933,-0.209],[-74.955,-0.2],[-74.968,-0.19],[-75.009,-0.145],[-75.015,-0.141],[-75.025,-0.138],[-75.042,-0.137],[-75.051,-0.134],[-75.062,-0.123],[-75.102,-0.069],[-75.121,-0.054],[-75.142,-0.043],[-75.187,-0.031],[-75.207,-0.029],[-75.222,-0.032],[-75.232,-0.043],[-75.235,-0.062],[-75.24,-0.075],[-75.253,-0.09],[-75.268,-0.102],[-75.283,-0.107],[-75.302,-0.096],[-75.365,-0.073],[-75.421,-0.062],[-75.441,-0.048],[-75.465,-0.04],[-75.523,-0.004],[-75.57,0.038],[-75.588,0.044],[-75.598,0.05],[-75.611,0.065],[-75.627,0.079],[-75.647,0.085],[-75.666,0.083],[-75.709,0.073],[-75.732,0.071],[-75.754,0.073],[-75.773,0.078],[-75.79,0.084],[-75.818,0.1],[-75.858,0.13],[-75.866,0.144],[-75.927,0.181],[-75.952,0.204],[-75.963,0.22],[-75.968,0.239],[-75.972,0.252],[-76.04,0.337],[-76.044,0.349],[-76.053,0.364],[-76.076,0.361],[-76.101,0.353],[-76.12,0.352],[-76.125,0.36],[-76.13,0.386],[-76.136,0.397],[-76.145,0.4],[-76.156,0.401],[-76.178,0.4]]]}},{"type":"Feature","id":"CO-QUI","properties":{"id":"CO-QUI","countryCode":"CO","isoSubdivision":"CO-QUI","name":"Quindío","name_en":"Quindío","name_ko":"킨디오","type":"Department","labelLongitude":-75.64,"labelLatitude":4.472,"minZoom":6.7},"geometry":{"type":"Polygon","coordinates":[[[-75.39,4.717],[-75.39,4.709],[-75.417,4.661],[-75.422,4.637],[-75.428,4.627],[-75.435,4.62],[-75.483,4.594],[-75.505,4.57],[-75.513,4.559],[-75.53,4.512],[-75.559,4.476],[-75.582,4.427],[-75.59,4.359],[-75.601,4.296],[-75.613,4.278],[-75.637,4.243],[-75.659,4.226],[-75.666,4.208],[-75.687,4.181],[-75.694,4.165],[-75.711,4.137],[-75.762,4.079],[-75.781,4.086],[-75.8,4.099],[-75.83,4.109],[-75.835,4.114],[-75.838,4.122],[-75.839,4.138],[-75.838,4.154],[-75.832,4.167],[-75.83,4.174],[-75.829,4.183],[-75.83,4.201],[-75.828,4.21],[-75.824,4.221],[-75.819,4.232],[-75.806,4.251],[-75.79,4.288],[-75.789,4.294],[-75.79,4.308],[-75.789,4.347],[-75.788,4.351],[-75.809,4.397],[-75.854,4.415],[-75.873,4.416],[-75.89,4.424],[-75.884,4.444],[-75.881,4.448],[-75.878,4.451],[-75.867,4.458],[-75.875,4.477],[-75.877,4.553],[-75.87,4.578],[-75.868,4.586],[-75.862,4.595],[-75.86,4.6],[-75.862,4.613],[-75.825,4.664],[-75.756,4.654],[-75.746,4.658],[-75.716,4.659],[-75.711,4.662],[-75.708,4.668],[-75.709,4.684],[-75.714,4.713],[-75.703,4.72],[-75.695,4.72],[-75.688,4.717],[-75.668,4.705],[-75.659,4.703],[-75.57,4.704],[-75.533,4.699],[-75.497,4.673],[-75.492,4.672],[-75.485,4.671],[-75.479,4.675],[-75.471,4.678],[-75.455,4.68],[-75.447,4.682],[-75.441,4.685],[-75.435,4.69],[-75.431,4.692],[-75.423,4.695],[-75.417,4.699],[-75.412,4.703],[-75.39,4.717]]]}},{"type":"Feature","id":"CO-RIS","properties":{"id":"CO-RIS","countryCode":"CO","isoSubdivision":"CO-RIS","name":"Risaralda","name_en":"Risaralda","name_ko":"리사랄다","type":"Department","labelLongitude":-75.674,"labelLatitude":4.827,"minZoom":6.7},"geometry":{"type":"Polygon","coordinates":[[[-75.858,5.489],[-75.857,5.399],[-75.857,5.388],[-75.856,5.378],[-75.856,5.374],[-75.839,5.361],[-75.803,5.365],[-75.795,5.367],[-75.756,5.384],[-75.745,5.384],[-75.74,5.386],[-75.729,5.394],[-75.724,5.396],[-75.719,5.396],[-75.71,5.391],[-75.699,5.383],[-75.669,5.353],[-75.664,5.345],[-75.664,5.338],[-75.661,5.325],[-75.655,5.317],[-75.644,5.304],[-75.648,5.294],[-75.668,5.266],[-75.675,5.264],[-75.692,5.257],[-75.724,5.264],[-75.733,5.267],[-75.737,5.27],[-75.752,5.284],[-75.769,5.279],[-75.786,5.287],[-75.793,5.288],[-75.798,5.288],[-75.817,5.272],[-75.822,5.261],[-75.82,5.251],[-75.818,5.243],[-75.814,5.239],[-75.807,5.234],[-75.805,5.228],[-75.804,5.208],[-75.805,5.2],[-75.808,5.192],[-75.83,5.149],[-75.838,5.111],[-75.855,5.122],[-75.861,5.125],[-75.879,5.125],[-75.888,5.124],[-75.892,5.121],[-75.905,5.1],[-75.927,5.043],[-75.914,5.032],[-75.906,5.018],[-75.905,5.002],[-75.904,4.994],[-75.902,4.988],[-75.896,4.973],[-75.885,4.958],[-75.862,4.94],[-75.858,4.932],[-75.84,4.925],[-75.819,4.92],[-75.811,4.924],[-75.796,4.939],[-75.791,4.948],[-75.788,4.958],[-75.786,4.992],[-75.783,5],[-75.755,5.045],[-75.748,5.045],[-75.714,4.962],[-75.709,4.953],[-75.706,4.949],[-75.698,4.945],[-75.688,4.944],[-75.674,4.945],[-75.667,4.947],[-75.661,4.95],[-75.641,4.969],[-75.64,4.971],[-75.64,4.972],[-75.638,4.974],[-75.634,4.972],[-75.626,4.967],[-75.617,4.951],[-75.615,4.945],[-75.615,4.94],[-75.611,4.934],[-75.585,4.93],[-75.562,4.932],[-75.551,4.931],[-75.524,4.924],[-75.503,4.922],[-75.492,4.919],[-75.483,4.913],[-75.464,4.883],[-75.45,4.866],[-75.433,4.849],[-75.403,4.825],[-75.378,4.8],[-75.39,4.717],[-75.412,4.703],[-75.417,4.699],[-75.423,4.695],[-75.431,4.692],[-75.435,4.69],[-75.441,4.685],[-75.447,4.682],[-75.455,4.68],[-75.471,4.678],[-75.479,4.675],[-75.485,4.671],[-75.492,4.672],[-75.497,4.673],[-75.533,4.699],[-75.57,4.704],[-75.659,4.703],[-75.668,4.705],[-75.688,4.717],[-75.695,4.72],[-75.703,4.72],[-75.714,4.713],[-75.783,4.723],[-75.821,4.735],[-75.831,4.736],[-75.854,4.732],[-75.845,4.752],[-75.845,4.761],[-75.848,4.772],[-75.852,4.777],[-75.857,4.778],[-75.866,4.776],[-75.87,4.775],[-75.874,4.771],[-75.879,4.766],[-75.885,4.762],[-75.894,4.761],[-75.909,4.763],[-75.919,4.77],[-75.924,4.775],[-75.925,4.78],[-75.925,4.783],[-75.924,4.786],[-75.925,4.793],[-75.932,4.807],[-75.94,4.822],[-75.93,4.83],[-75.924,4.843],[-75.922,4.865],[-75.922,4.872],[-75.925,4.872],[-75.938,4.865],[-75.964,4.865],[-75.974,4.868],[-75.981,4.873],[-75.987,4.882],[-75.986,4.911],[-75.994,4.917],[-76.022,4.942],[-76.035,4.961],[-76.04,4.974],[-76.068,5.028],[-76.076,5.036],[-76.075,5.084],[-76.09,5.11],[-76.088,5.139],[-76.098,5.175],[-76.18,5.309],[-76.183,5.352],[-76.166,5.409],[-76.145,5.425],[-76.093,5.455],[-76.082,5.511],[-76.08,5.538],[-76.042,5.577],[-76.013,5.563],[-76.001,5.539],[-75.983,5.521],[-75.96,5.507],[-75.925,5.494],[-75.879,5.487],[-75.858,5.489]]]}},{"type":"Feature","id":"CO-SAN","properties":{"id":"CO-SAN","countryCode":"CO","isoSubdivision":"CO-SAN","name":"Santander","name_en":"Santander","name_ko":"산탄데르","type":"Department","labelLongitude":-73.498,"labelLatitude":6.854,"minZoom":6.7},"geometry":{"type":"Polygon","coordinates":[[[-73.625,7.735],[-73.61,7.717],[-73.603,7.71],[-73.593,7.702],[-73.569,7.691],[-73.544,7.67],[-73.52,7.642],[-73.517,7.635],[-73.516,7.631],[-73.516,7.627],[-73.515,7.624],[-73.504,7.607],[-73.497,7.601],[-73.482,7.591],[-73.468,7.586],[-73.448,7.581],[-73.394,7.574],[-73.376,7.563],[-73.371,7.553],[-73.36,7.55],[-73.342,7.547],[-73.308,7.549],[-73.279,7.547],[-73.261,7.545],[-73.257,7.552],[-73.248,7.597],[-73.232,7.62],[-73.224,7.628],[-73.216,7.63],[-73.204,7.628],[-73.201,7.626],[-73.195,7.624],[-73.189,7.623],[-73.171,7.624],[-73.138,7.62],[-73.116,7.62],[-73.106,7.618],[-73.099,7.616],[-73.096,7.614],[-73.091,7.614],[-73.079,7.613],[-73.073,7.613],[-73.057,7.608],[-73.047,7.616],[-73.028,7.621],[-72.991,7.613],[-72.995,7.604],[-72.995,7.599],[-72.995,7.593],[-72.989,7.561],[-72.984,7.547],[-72.975,7.533],[-72.903,7.476],[-72.901,7.461],[-72.903,7.449],[-72.898,7.429],[-72.868,7.384],[-72.857,7.372],[-72.857,7.365],[-72.856,7.363],[-72.842,7.358],[-72.845,7.301],[-72.881,7.256],[-72.868,7.237],[-72.863,7.232],[-72.857,7.222],[-72.853,7.217],[-72.847,7.212],[-72.837,7.208],[-72.835,7.203],[-72.834,7.195],[-72.835,7.18],[-72.833,7.173],[-72.831,7.167],[-72.83,7.162],[-72.836,7.149],[-72.849,7.132],[-72.886,7.074],[-72.879,7.06],[-72.876,7.057],[-72.849,7.045],[-72.826,7.042],[-72.801,7.035],[-72.793,7.031],[-72.783,7.02],[-72.771,7.013],[-72.745,6.989],[-72.728,6.998],[-72.721,7.002],[-72.715,7.003],[-72.703,7.003],[-72.696,7.005],[-72.689,7.005],[-72.682,7.001],[-72.677,6.992],[-72.673,6.977],[-72.67,6.973],[-72.666,6.977],[-72.662,6.981],[-72.658,6.991],[-72.656,6.994],[-72.651,6.995],[-72.646,6.995],[-72.638,6.992],[-72.629,6.991],[-72.601,6.997],[-72.59,7.001],[-72.584,7.002],[-72.576,7.003],[-72.567,7.002],[-72.561,6.999],[-72.555,6.992],[-72.552,6.98],[-72.548,6.957],[-72.547,6.941],[-72.551,6.911],[-72.547,6.885],[-72.527,6.887],[-72.522,6.891],[-72.516,6.897],[-72.512,6.901],[-72.505,6.915],[-72.478,6.844],[-72.486,6.822],[-72.488,6.809],[-72.487,6.794],[-72.477,6.76],[-72.481,6.722],[-72.498,6.646],[-72.536,6.578],[-72.542,6.561],[-72.542,6.503],[-72.551,6.49],[-72.561,6.484],[-72.581,6.475],[-72.617,6.438],[-72.644,6.43],[-72.662,6.435],[-72.681,6.486],[-72.692,6.507],[-72.709,6.529],[-72.743,6.556],[-72.762,6.574],[-72.772,6.574],[-72.792,6.567],[-72.802,6.552],[-72.794,6.533],[-72.764,6.503],[-72.753,6.496],[-72.745,6.486],[-72.737,6.47],[-72.733,6.457],[-72.74,6.418],[-72.735,6.376],[-72.756,6.32],[-72.743,6.289],[-72.746,6.27],[-72.745,6.251],[-72.748,6.241],[-72.755,6.23],[-72.77,6.217],[-72.782,6.213],[-72.799,6.203],[-72.817,6.153],[-72.836,6.141],[-72.866,6.134],[-72.894,6.123],[-72.907,6.107],[-72.917,6.089],[-72.992,6],[-73.007,5.951],[-73.017,5.941],[-73.035,5.941],[-73.127,5.955],[-73.159,5.972],[-73.184,5.988],[-73.195,5.991],[-73.201,5.991],[-73.219,5.982],[-73.237,5.932],[-73.286,5.856],[-73.312,5.853],[-73.345,5.863],[-73.351,5.863],[-73.355,5.858],[-73.359,5.836],[-73.369,5.811],[-73.39,5.791],[-73.403,5.756],[-73.415,5.755],[-73.429,5.764],[-73.468,5.813],[-73.472,5.848],[-73.463,5.853],[-73.442,5.867],[-73.441,5.871],[-73.438,5.887],[-73.416,5.899],[-73.401,5.922],[-73.385,5.963],[-73.382,5.983],[-73.382,6.001],[-73.385,6.013],[-73.397,6.032],[-73.438,6.07],[-73.484,6.092],[-73.499,6.107],[-73.531,6.053],[-73.535,6.042],[-73.578,6.007],[-73.589,5.989],[-73.594,5.952],[-73.614,5.922],[-73.619,5.905],[-73.614,5.888],[-73.613,5.868],[-73.614,5.845],[-73.624,5.815],[-73.633,5.765],[-73.633,5.743],[-73.635,5.733],[-73.638,5.723],[-73.649,5.715],[-73.657,5.725],[-73.676,5.741],[-73.694,5.752],[-73.715,5.759],[-73.737,5.761],[-73.769,5.756],[-73.834,5.739],[-73.879,5.711],[-73.877,5.737],[-73.884,5.743],[-73.894,5.747],[-73.904,5.749],[-73.922,5.747],[-73.942,5.74],[-73.95,5.738],[-73.962,5.733],[-73.973,5.733],[-74.008,5.752],[-74.031,5.781],[-74.049,5.814],[-74.059,5.822],[-74.07,5.824],[-74.088,5.824],[-74.097,5.856],[-74.111,5.871],[-74.153,5.882],[-74.175,5.901],[-74.194,5.888],[-74.208,5.866],[-74.222,5.854],[-74.234,5.846],[-74.241,5.845],[-74.257,5.848],[-74.27,5.883],[-74.27,5.898],[-74.264,5.918],[-74.24,5.964],[-74.239,5.982],[-74.247,6.002],[-74.258,6.02],[-74.27,6.05],[-74.279,6.063],[-74.29,6.071],[-74.303,6.069],[-74.317,6.062],[-74.343,6.043],[-74.357,6.039],[-74.366,6.041],[-74.376,6.045],[-74.384,6.05],[-74.393,6.055],[-74.406,6.063],[-74.42,6.074],[-74.441,6.096],[-74.48,6.155],[-74.495,6.201],[-74.505,6.221],[-74.513,6.251],[-74.515,6.26],[-74.519,6.282],[-74.485,6.307],[-74.46,6.334],[-74.413,6.404],[-74.403,6.399],[-74.392,6.403],[-74.384,6.411],[-74.379,6.423],[-74.381,6.434],[-74.387,6.445],[-74.403,6.462],[-74.406,6.475],[-74.409,6.567],[-74.407,6.575],[-74.395,6.604],[-74.393,6.612],[-74.386,6.626],[-74.371,6.632],[-74.331,6.636],[-74.293,6.654],[-74.109,6.79],[-74.095,6.808],[-74.064,6.869],[-74.022,6.913],[-74.016,6.928],[-74.007,6.935],[-73.925,6.975],[-73.901,6.993],[-73.888,7.02],[-73.893,7.061],[-73.901,7.076],[-73.912,7.09],[-73.922,7.106],[-73.927,7.126],[-73.937,7.254],[-73.931,7.297],[-73.93,7.301],[-73.924,7.342],[-73.913,7.384],[-73.901,7.412],[-73.899,7.421],[-73.902,7.432],[-73.911,7.446],[-73.913,7.456],[-73.913,7.495],[-73.907,7.51],[-73.852,7.58],[-73.848,7.589],[-73.835,7.595],[-73.83,7.61],[-73.831,7.644],[-73.829,7.653],[-73.825,7.663],[-73.823,7.672],[-73.828,7.682],[-73.836,7.695],[-73.834,7.703],[-73.828,7.711],[-73.824,7.723],[-73.816,7.78],[-73.817,7.801],[-73.829,7.861],[-73.834,7.87],[-73.844,7.879],[-73.858,7.939],[-73.855,7.952],[-73.872,8.007],[-73.874,8.026],[-73.872,8.045],[-73.865,8.076],[-73.855,8.103],[-73.855,8.105],[-73.835,8.115],[-73.831,8.116],[-73.823,8.127],[-73.816,8.138],[-73.807,8.147],[-73.796,8.15],[-73.786,8.161],[-73.78,8.112],[-73.779,8.098],[-73.771,8.077],[-73.729,8.006],[-73.729,7.987],[-73.724,7.981],[-73.72,7.977],[-73.716,7.976],[-73.708,7.975],[-73.704,7.973],[-73.701,7.971],[-73.693,7.963],[-73.689,7.96],[-73.682,7.955],[-73.68,7.951],[-73.676,7.946],[-73.67,7.929],[-73.67,7.911],[-73.677,7.893],[-73.705,7.87],[-73.718,7.862],[-73.723,7.858],[-73.739,7.84],[-73.744,7.831],[-73.746,7.821],[-73.742,7.807],[-73.741,7.797],[-73.74,7.787],[-73.746,7.776],[-73.751,7.77],[-73.752,7.741],[-73.625,7.735]]]}},{"type":"Feature","id":"CO-SAP","properties":{"id":"CO-SAP","countryCode":"CO","isoSubdivision":"CO-SAP","name":"Archipelago of Saint Andréws","name_en":"Archipelago of Saint Andréws","name_ko":"산안드레스이프로비덴시아","type":"Department","labelLongitude":-81.705,"labelLatitude":12.543,"minZoom":6.7},"geometry":{"type":"MultiPolygon","coordinates":[[[[-81.711,12.523],[-81.72,12.543],[-81.717,12.563],[-81.706,12.58],[-81.691,12.591],[-81.686,12.58],[-81.705,12.504],[-81.717,12.502],[-81.724,12.512],[-81.711,12.523]]],[[[-81.383,13.319],[-81.386,13.341],[-81.379,13.363],[-81.365,13.374],[-81.351,13.366],[-81.346,13.349],[-81.352,13.334],[-81.365,13.324],[-81.383,13.319]]],[[[-80.09,13.578],[-80.089,13.578],[-80.089,13.577],[-80.09,13.577],[-80.091,13.577],[-80.091,13.578],[-80.09,13.578]]]]}},{"type":"Feature","id":"CO-SUC","properties":{"id":"CO-SUC","countryCode":"CO","isoSubdivision":"CO-SUC","name":"Sucre","name_en":"Sucre","name_ko":"수크레","type":"Department","labelLongitude":-75.132,"labelLatitude":9.012,"minZoom":6.7},"geometry":{"type":"Polygon","coordinates":[[[-75.698,9.417],[-75.697,9.417],[-75.673,9.41],[-75.659,9.42],[-75.621,9.453],[-75.597,9.499],[-75.577,9.562],[-75.576,9.621],[-75.587,9.649],[-75.6,9.663],[-75.607,9.669],[-75.618,9.689],[-75.634,9.689],[-75.647,9.699],[-75.658,9.705],[-75.678,9.704],[-75.691,9.699],[-75.703,9.691],[-75.705,9.701],[-75.649,9.756],[-75.64,9.783],[-75.623,9.838],[-75.624,9.861],[-75.617,9.883],[-75.605,9.91],[-75.594,9.944],[-75.59,9.964],[-75.59,9.985],[-75.576,10.042],[-75.574,10.074],[-75.582,10.092],[-75.486,10.143],[-75.532,10.063],[-75.537,10.047],[-75.534,10.038],[-75.524,10.033],[-75.51,10.032],[-75.493,10.038],[-75.476,10.04],[-75.475,10.005],[-75.473,9.993],[-75.464,9.974],[-75.464,9.965],[-75.468,9.955],[-75.483,9.936],[-75.485,9.926],[-75.478,9.915],[-75.455,9.904],[-75.375,9.878],[-75.361,9.875],[-75.348,9.883],[-75.327,9.881],[-75.327,9.866],[-75.333,9.85],[-75.341,9.818],[-75.337,9.794],[-75.34,9.778],[-75.35,9.747],[-75.354,9.729],[-75.355,9.711],[-75.358,9.697],[-75.365,9.685],[-75.374,9.64],[-75.356,9.657],[-75.335,9.649],[-75.318,9.664],[-75.311,9.672],[-75.298,9.678],[-75.283,9.676],[-75.265,9.67],[-75.235,9.649],[-75.222,9.647],[-75.21,9.65],[-75.198,9.649],[-75.183,9.643],[-75.143,9.611],[-75.122,9.585],[-75.079,9.548],[-75.068,9.54],[-75.038,9.539],[-75.008,9.531],[-75.03,9.483],[-75.027,9.475],[-75.02,9.468],[-75.005,9.461],[-74.985,9.458],[-74.962,9.463],[-74.95,9.468],[-74.942,9.469],[-74.94,9.465],[-74.933,9.456],[-74.913,9.442],[-74.904,9.437],[-74.899,9.43],[-74.904,9.424],[-74.917,9.402],[-74.938,9.357],[-74.941,9.347],[-74.931,9.334],[-74.937,9.315],[-74.936,9.303],[-74.931,9.285],[-74.918,9.256],[-74.908,9.213],[-74.908,9.2],[-74.905,9.186],[-74.9,9.177],[-74.89,9.169],[-74.881,9.164],[-74.863,9.149],[-74.844,9.112],[-74.825,9.076],[-74.782,9.049],[-74.755,9.038],[-74.659,8.966],[-74.612,8.914],[-74.561,8.838],[-74.548,8.825],[-74.542,8.815],[-74.542,8.807],[-74.548,8.8],[-74.555,8.794],[-74.568,8.77],[-74.594,8.748],[-74.603,8.727],[-74.586,8.612],[-74.575,8.582],[-74.562,8.57],[-74.564,8.565],[-74.564,8.544],[-74.561,8.515],[-74.552,8.481],[-74.551,8.463],[-74.553,8.451],[-74.568,8.413],[-74.574,8.401],[-74.591,8.403],[-74.6,8.406],[-74.604,8.405],[-74.607,8.397],[-74.61,8.372],[-74.621,8.349],[-74.636,8.332],[-74.657,8.317],[-74.68,8.31],[-74.706,8.308],[-74.74,8.311],[-74.75,8.308],[-74.771,8.29],[-74.78,8.285],[-74.805,8.28],[-74.804,8.336],[-74.809,8.351],[-74.822,8.364],[-74.835,8.374],[-74.858,8.395],[-74.886,8.441],[-74.923,8.469],[-74.943,8.486],[-74.957,8.487],[-74.98,8.485],[-75.035,8.465],[-75.078,8.453],[-75.184,8.402],[-75.221,8.44],[-75.254,8.462],[-75.295,8.481],[-75.305,8.491],[-75.313,8.504],[-75.319,8.521],[-75.325,8.572],[-75.325,8.615],[-75.344,8.679],[-75.347,8.7],[-75.347,8.715],[-75.341,8.741],[-75.36,8.803],[-75.357,8.842],[-75.35,8.852],[-75.341,8.859],[-75.331,8.866],[-75.311,8.886],[-75.297,8.897],[-75.285,8.901],[-75.27,8.902],[-75.22,8.916],[-75.209,8.924],[-75.206,8.972],[-75.202,8.977],[-75.198,8.983],[-75.201,8.989],[-75.219,9.015],[-75.222,9.023],[-75.213,9.042],[-75.256,9.073],[-75.43,9.153],[-75.458,9.195],[-75.465,9.238],[-75.482,9.247],[-75.496,9.249],[-75.503,9.249],[-75.507,9.251],[-75.511,9.26],[-75.549,9.268],[-75.566,9.287],[-75.581,9.306],[-75.634,9.332],[-75.664,9.339],[-75.673,9.345],[-75.699,9.354],[-75.698,9.415],[-75.698,9.417]]]}},{"type":"Feature","id":"CO-TOL","properties":{"id":"CO-TOL","countryCode":"CO","isoSubdivision":"CO-TOL","name":"Tolima","name_en":"Tolima","name_ko":"톨리마","type":"Department","labelLongitude":-75.207,"labelLatitude":3.937,"minZoom":6.7},"geometry":{"type":"Polygon","coordinates":[[[-74.564,3.772],[-74.568,3.758],[-74.631,3.701],[-74.671,3.675],[-74.683,3.661],[-74.692,3.649],[-74.702,3.627],[-74.71,3.618],[-74.717,3.615],[-74.723,3.613],[-74.728,3.609],[-74.734,3.599],[-74.738,3.59],[-74.737,3.578],[-74.734,3.57],[-74.734,3.56],[-74.738,3.552],[-74.75,3.539],[-74.759,3.534],[-74.769,3.526],[-74.775,3.515],[-74.779,3.491],[-74.777,3.477],[-74.772,3.464],[-74.771,3.453],[-74.777,3.441],[-74.797,3.423],[-74.818,3.399],[-74.855,3.344],[-74.909,3.29],[-74.966,3.279],[-75.014,3.283],[-75.06,3.294],[-75.068,3.301],[-75.072,3.311],[-75.07,3.322],[-75.065,3.334],[-75.063,3.347],[-75.061,3.364],[-75.059,3.371],[-75.051,3.382],[-75.048,3.39],[-75.047,3.401],[-75.041,3.423],[-75.036,3.434],[-75.134,3.433],[-75.143,3.432],[-75.15,3.429],[-75.157,3.422],[-75.168,3.417],[-75.178,3.405],[-75.178,3.389],[-75.197,3.397],[-75.2,3.402],[-75.205,3.408],[-75.213,3.41],[-75.224,3.408],[-75.239,3.394],[-75.246,3.384],[-75.254,3.376],[-75.258,3.374],[-75.273,3.385],[-75.286,3.392],[-75.306,3.406],[-75.316,3.412],[-75.327,3.413],[-75.355,3.409],[-75.361,3.407],[-75.367,3.402],[-75.374,3.391],[-75.38,3.384],[-75.387,3.379],[-75.407,3.373],[-75.416,3.37],[-75.426,3.362],[-75.437,3.359],[-75.446,3.359],[-75.455,3.361],[-75.466,3.363],[-75.478,3.361],[-75.492,3.347],[-75.512,3.317],[-75.542,3.279],[-75.57,3.233],[-75.592,3.187],[-75.595,3.149],[-75.62,3.123],[-75.628,3.09],[-75.646,3.068],[-75.744,2.988],[-75.782,2.948],[-75.804,2.904],[-75.812,2.892],[-75.827,2.889],[-75.855,2.891],[-75.934,2.919],[-75.954,2.93],[-75.966,2.94],[-75.974,2.948],[-75.989,2.951],[-76.001,2.95],[-76.031,2.93],[-76.03,2.996],[-76.045,3.036],[-76.066,3.054],[-76.079,3.074],[-76.094,3.079],[-76.113,3.095],[-76.113,3.106],[-76.112,3.118],[-76.108,3.126],[-76.099,3.136],[-76.092,3.163],[-76.095,3.181],[-76.092,3.203],[-76.076,3.213],[-76.066,3.227],[-76.064,3.282],[-76.061,3.295],[-76.055,3.303],[-76.048,3.308],[-76.044,3.314],[-76.047,3.324],[-76.053,3.333],[-76.065,3.358],[-76.053,3.385],[-76.05,3.409],[-76.049,3.442],[-76.043,3.462],[-76.032,3.487],[-76.029,3.503],[-76.022,3.517],[-76.011,3.533],[-76.005,3.546],[-75.997,3.559],[-75.996,3.572],[-75.996,3.591],[-75.989,3.647],[-75.98,3.666],[-75.972,3.677],[-75.962,3.712],[-75.957,3.717],[-75.939,3.738],[-75.935,3.744],[-75.924,3.769],[-75.858,3.87],[-75.835,3.926],[-75.82,3.954],[-75.809,3.969],[-75.796,4.008],[-75.788,4.02],[-75.777,4.028],[-75.745,4.042],[-75.746,4.052],[-75.762,4.079],[-75.711,4.137],[-75.694,4.165],[-75.687,4.181],[-75.666,4.208],[-75.659,4.226],[-75.637,4.243],[-75.613,4.278],[-75.601,4.296],[-75.59,4.359],[-75.582,4.427],[-75.559,4.476],[-75.53,4.512],[-75.513,4.559],[-75.505,4.57],[-75.483,4.594],[-75.435,4.62],[-75.428,4.627],[-75.422,4.637],[-75.417,4.661],[-75.39,4.709],[-75.39,4.717],[-75.378,4.8],[-75.356,4.839],[-75.338,4.863],[-75.331,4.879],[-75.329,4.894],[-75.338,4.909],[-75.354,4.939],[-75.352,4.952],[-75.349,4.967],[-75.317,5.027],[-75.331,5.051],[-75.348,5.06],[-75.339,5.086],[-75.316,5.112],[-75.294,5.132],[-75.28,5.139],[-75.267,5.14],[-75.255,5.136],[-75.242,5.136],[-75.223,5.142],[-75.209,5.151],[-75.2,5.161],[-75.171,5.174],[-75.149,5.164],[-75.134,5.161],[-75.125,5.164],[-75.12,5.167],[-75.117,5.172],[-75.116,5.178],[-75.11,5.19],[-75.068,5.251],[-75.063,5.269],[-75.038,5.28],[-75.03,5.287],[-75.013,5.294],[-74.999,5.294],[-74.977,5.297],[-74.941,5.309],[-74.92,5.31],[-74.882,5.302],[-74.863,5.31],[-74.842,5.314],[-74.833,5.314],[-74.798,5.304],[-74.759,5.288],[-74.749,5.291],[-74.742,5.27],[-74.735,5.108],[-74.749,5.047],[-74.75,5.026],[-74.746,5.015],[-74.732,4.992],[-74.729,4.985],[-74.734,4.98],[-74.757,4.97],[-74.763,4.964],[-74.761,4.957],[-74.75,4.923],[-74.75,4.913],[-74.753,4.905],[-74.754,4.898],[-74.75,4.889],[-74.762,4.885],[-74.768,4.876],[-74.771,4.863],[-74.77,4.848],[-74.763,4.8],[-74.767,4.787],[-74.78,4.772],[-74.783,4.762],[-74.787,4.751],[-74.798,4.746],[-74.81,4.742],[-74.821,4.735],[-74.828,4.722],[-74.825,4.711],[-74.811,4.69],[-74.811,4.687],[-74.812,4.683],[-74.813,4.677],[-74.811,4.67],[-74.806,4.665],[-74.799,4.663],[-74.793,4.66],[-74.791,4.652],[-74.794,4.641],[-74.811,4.62],[-74.818,4.608],[-74.806,4.598],[-74.804,4.592],[-74.818,4.587],[-74.805,4.545],[-74.806,4.505],[-74.816,4.466],[-74.887,4.31],[-74.891,4.28],[-74.881,4.269],[-74.859,4.271],[-74.831,4.277],[-74.809,4.279],[-74.784,4.284],[-74.782,4.272],[-74.759,4.26],[-74.755,4.257],[-74.749,4.243],[-74.732,4.248],[-74.699,4.219],[-74.688,4.214],[-74.677,4.212],[-74.666,4.214],[-74.66,4.213],[-74.655,4.209],[-74.649,4.211],[-74.644,4.215],[-74.636,4.225],[-74.631,4.23],[-74.627,4.236],[-74.623,4.251],[-74.617,4.257],[-74.608,4.262],[-74.581,4.273],[-74.571,4.274],[-74.565,4.274],[-74.555,4.269],[-74.55,4.264],[-74.542,4.256],[-74.524,4.243],[-74.502,4.195],[-74.495,4.185],[-74.488,4.17],[-74.486,4.158],[-74.48,4.133],[-74.483,4.11],[-74.495,4.096],[-74.501,4.091],[-74.514,4.077],[-74.521,4.065],[-74.525,4.052],[-74.527,4.039],[-74.52,4.023],[-74.532,3.984],[-74.512,3.95],[-74.511,3.937],[-74.516,3.919],[-74.525,3.894],[-74.551,3.846],[-74.564,3.772]]]}},{"type":"Feature","id":"CO-VAC","properties":{"id":"CO-VAC","countryCode":"CO","isoSubdivision":"CO-VAC","name":"Valle del Cauca","name_en":"Valle del Cauca","name_ko":"바예델카우카","type":"Department","labelLongitude":-76.592,"labelLatitude":3.583,"minZoom":6.7},"geometry":{"type":"Polygon","coordinates":[[[-77.465,3.302],[-77.478,3.313],[-77.477,3.334],[-77.469,3.345],[-77.457,3.356],[-77.445,3.363],[-77.436,3.361],[-77.419,3.365],[-77.405,3.367],[-77.4,3.37],[-77.381,3.388],[-77.359,3.346],[-77.344,3.329],[-77.319,3.32],[-77.323,3.331],[-77.357,3.371],[-77.366,3.386],[-77.367,3.402],[-77.362,3.418],[-77.353,3.43],[-77.349,3.421],[-77.343,3.412],[-77.336,3.407],[-77.333,3.412],[-77.335,3.419],[-77.344,3.432],[-77.346,3.436],[-77.341,3.456],[-77.332,3.473],[-77.326,3.491],[-77.333,3.512],[-77.323,3.512],[-77.313,3.512],[-77.316,3.507],[-77.318,3.502],[-77.319,3.496],[-77.319,3.488],[-77.316,3.48],[-77.31,3.48],[-77.3,3.487],[-77.283,3.485],[-77.278,3.483],[-77.269,3.474],[-77.264,3.471],[-77.265,3.48],[-77.269,3.488],[-77.276,3.493],[-77.285,3.498],[-77.281,3.5],[-77.276,3.503],[-77.272,3.505],[-77.291,3.512],[-77.299,3.512],[-77.295,3.521],[-77.291,3.524],[-77.286,3.522],[-77.278,3.518],[-77.275,3.533],[-77.289,3.538],[-77.31,3.537],[-77.326,3.532],[-77.322,3.548],[-77.311,3.55],[-77.295,3.547],[-77.278,3.546],[-77.283,3.549],[-77.294,3.556],[-77.299,3.559],[-77.293,3.561],[-77.29,3.563],[-77.286,3.565],[-77.278,3.566],[-77.281,3.57],[-77.285,3.581],[-77.265,3.585],[-77.244,3.587],[-77.244,3.581],[-77.249,3.572],[-77.239,3.572],[-77.21,3.581],[-77.224,3.584],[-77.227,3.591],[-77.223,3.6],[-77.205,3.621],[-77.199,3.634],[-77.189,3.663],[-77.178,3.654],[-77.17,3.652],[-77.162,3.656],[-77.151,3.666],[-77.14,3.67],[-77.125,3.674],[-77.118,3.678],[-77.134,3.683],[-77.147,3.681],[-77.161,3.676],[-77.171,3.677],[-77.175,3.693],[-77.168,3.695],[-77.152,3.698],[-77.136,3.704],[-77.126,3.717],[-77.144,3.715],[-77.185,3.704],[-77.199,3.71],[-77.203,3.725],[-77.201,3.743],[-77.195,3.758],[-77.167,3.738],[-77.152,3.733],[-77.13,3.732],[-77.126,3.734],[-77.128,3.738],[-77.135,3.742],[-77.144,3.745],[-77.155,3.744],[-77.163,3.745],[-77.17,3.749],[-77.175,3.758],[-77.158,3.757],[-77.144,3.76],[-77.134,3.767],[-77.126,3.779],[-77.142,3.788],[-77.151,3.8],[-77.15,3.814],[-77.134,3.827],[-77.126,3.822],[-77.121,3.816],[-77.12,3.81],[-77.12,3.799],[-77.106,3.813],[-77.112,3.834],[-77.114,3.853],[-77.069,3.868],[-77.056,3.884],[-77.046,3.903],[-77.032,3.916],[-77.032,3.922],[-77.093,3.909],[-77.093,3.916],[-77.086,3.918],[-77.079,3.922],[-77.105,3.922],[-77.116,3.924],[-77.126,3.93],[-77.123,3.886],[-77.181,3.853],[-77.253,3.841],[-77.292,3.861],[-77.29,3.87],[-77.275,3.878],[-77.272,3.885],[-77.275,3.889],[-77.293,3.898],[-77.305,3.906],[-77.309,3.906],[-77.312,3.908],[-77.313,3.919],[-77.312,3.928],[-77.309,3.935],[-77.305,3.943],[-77.3,3.969],[-77.295,3.978],[-77.285,3.984],[-77.27,3.986],[-77.261,3.983],[-77.26,3.975],[-77.272,3.964],[-77.224,3.972],[-77.21,3.977],[-77.21,3.984],[-77.244,3.977],[-77.239,3.99],[-77.232,4.001],[-77.205,4.033],[-77.189,4.067],[-77.2,4.067],[-77.205,4.068],[-77.207,4.072],[-77.21,4.08],[-77.225,4.077],[-77.237,4.085],[-77.249,4.098],[-77.264,4.108],[-77.26,4.099],[-77.259,4.088],[-77.26,4.077],[-77.264,4.067],[-77.273,4.072],[-77.282,4.074],[-77.29,4.072],[-77.299,4.067],[-77.299,4.06],[-77.294,4.055],[-77.296,4.053],[-77.299,4.046],[-77.303,4.05],[-77.307,4.051],[-77.311,4.051],[-77.319,4.053],[-77.316,4.034],[-77.319,4.007],[-77.326,3.981],[-77.337,3.97],[-77.34,3.964],[-77.343,3.937],[-77.346,3.93],[-77.362,3.928],[-77.375,3.936],[-77.38,3.95],[-77.374,3.964],[-77.425,4.005],[-77.431,4.013],[-77.435,4.029],[-77.43,4.044],[-77.408,4.046],[-77.42,4.06],[-77.424,4.067],[-77.431,4.094],[-77.435,4.125],[-77.435,4.153],[-77.434,4.153],[-77.395,4.16],[-77.35,4.195],[-77.338,4.197],[-77.328,4.194],[-77.317,4.182],[-77.312,4.179],[-77.305,4.177],[-77.299,4.179],[-77.292,4.183],[-77.287,4.188],[-77.284,4.193],[-77.283,4.197],[-77.284,4.204],[-77.285,4.211],[-77.281,4.214],[-77.265,4.229],[-77.254,4.242],[-77.253,4.241],[-77.247,4.227],[-77.247,4.2],[-77.245,4.191],[-77.239,4.183],[-77.231,4.174],[-77.221,4.168],[-77.215,4.166],[-77.207,4.17],[-77.203,4.174],[-77.197,4.177],[-77.175,4.184],[-77.165,4.185],[-77.155,4.183],[-77.137,4.169],[-77.125,4.167],[-77.082,4.122],[-77.07,4.107],[-77.066,4.104],[-77.05,4.104],[-77.028,4.101],[-77.018,4.102],[-77.009,4.104],[-77.001,4.109],[-76.992,4.121],[-76.987,4.124],[-76.98,4.124],[-76.967,4.122],[-76.957,4.123],[-76.946,4.117],[-76.934,4.106],[-76.893,4.042],[-76.868,4.03],[-76.836,4.034],[-76.823,4.03],[-76.821,4.027],[-76.82,4.023],[-76.816,4.019],[-76.806,4.014],[-76.793,4.01],[-76.761,3.996],[-76.743,3.995],[-76.73,3.999],[-76.697,4.031],[-76.68,4.044],[-76.666,4.058],[-76.654,4.063],[-76.643,4.064],[-76.594,4.051],[-76.582,4.052],[-76.575,4.056],[-76.574,4.062],[-76.573,4.069],[-76.569,4.079],[-76.546,4.11],[-76.521,4.137],[-76.497,4.149],[-76.473,4.156],[-76.446,4.182],[-76.443,4.188],[-76.44,4.201],[-76.455,4.216],[-76.497,4.238],[-76.501,4.263],[-76.494,4.312],[-76.496,4.32],[-76.502,4.326],[-76.509,4.331],[-76.519,4.34],[-76.528,4.353],[-76.546,4.384],[-76.547,4.392],[-76.546,4.395],[-76.542,4.395],[-76.53,4.392],[-76.523,4.392],[-76.504,4.396],[-76.493,4.4],[-76.484,4.402],[-76.475,4.405],[-76.47,4.409],[-76.456,4.421],[-76.442,4.466],[-76.444,4.485],[-76.451,4.502],[-76.45,4.514],[-76.436,4.566],[-76.427,4.582],[-76.374,4.629],[-76.347,4.648],[-76.317,4.679],[-76.303,4.7],[-76.307,4.716],[-76.313,4.726],[-76.312,4.738],[-76.307,4.751],[-76.299,4.764],[-76.291,4.773],[-76.21,4.843],[-76.17,4.889],[-76.167,4.897],[-76.141,4.97],[-76.132,4.983],[-76.116,5],[-76.106,5.007],[-76.076,5.036],[-76.068,5.028],[-76.04,4.974],[-76.035,4.961],[-76.022,4.942],[-75.994,4.917],[-75.986,4.911],[-75.987,4.882],[-75.981,4.873],[-75.974,4.868],[-75.964,4.865],[-75.938,4.865],[-75.925,4.872],[-75.922,4.872],[-75.922,4.865],[-75.924,4.843],[-75.93,4.83],[-75.94,4.822],[-75.932,4.807],[-75.925,4.793],[-75.924,4.786],[-75.925,4.783],[-75.925,4.78],[-75.924,4.775],[-75.919,4.77],[-75.909,4.763],[-75.894,4.761],[-75.885,4.762],[-75.879,4.766],[-75.874,4.771],[-75.87,4.775],[-75.866,4.776],[-75.857,4.778],[-75.852,4.777],[-75.848,4.772],[-75.845,4.761],[-75.845,4.752],[-75.854,4.732],[-75.831,4.736],[-75.821,4.735],[-75.783,4.723],[-75.714,4.713],[-75.709,4.684],[-75.708,4.668],[-75.711,4.662],[-75.716,4.659],[-75.746,4.658],[-75.756,4.654],[-75.825,4.664],[-75.862,4.613],[-75.86,4.6],[-75.862,4.595],[-75.868,4.586],[-75.87,4.578],[-75.877,4.553],[-75.875,4.477],[-75.867,4.458],[-75.878,4.451],[-75.881,4.448],[-75.884,4.444],[-75.89,4.424],[-75.873,4.416],[-75.854,4.415],[-75.809,4.397],[-75.788,4.351],[-75.789,4.347],[-75.79,4.308],[-75.789,4.294],[-75.79,4.288],[-75.806,4.251],[-75.819,4.232],[-75.824,4.221],[-75.828,4.21],[-75.83,4.201],[-75.829,4.183],[-75.83,4.174],[-75.832,4.167],[-75.838,4.154],[-75.839,4.138],[-75.838,4.122],[-75.835,4.114],[-75.83,4.109],[-75.8,4.099],[-75.781,4.086],[-75.762,4.079],[-75.746,4.052],[-75.745,4.042],[-75.777,4.028],[-75.788,4.02],[-75.796,4.008],[-75.809,3.969],[-75.82,3.954],[-75.835,3.926],[-75.858,3.87],[-75.924,3.769],[-75.935,3.744],[-75.939,3.738],[-75.957,3.717],[-75.962,3.712],[-75.972,3.677],[-75.98,3.666],[-75.989,3.647],[-75.996,3.591],[-75.996,3.572],[-75.997,3.559],[-76.005,3.546],[-76.011,3.533],[-76.022,3.517],[-76.029,3.503],[-76.032,3.487],[-76.043,3.462],[-76.049,3.442],[-76.05,3.409],[-76.053,3.385],[-76.065,3.358],[-76.053,3.333],[-76.047,3.324],[-76.044,3.314],[-76.048,3.308],[-76.055,3.303],[-76.061,3.295],[-76.064,3.282],[-76.066,3.227],[-76.076,3.213],[-76.113,3.227],[-76.177,3.241],[-76.192,3.247],[-76.228,3.274],[-76.256,3.283],[-76.354,3.29],[-76.398,3.299],[-76.416,3.308],[-76.437,3.318],[-76.459,3.292],[-76.463,3.285],[-76.46,3.276],[-76.446,3.263],[-76.442,3.255],[-76.444,3.22],[-76.448,3.204],[-76.456,3.189],[-76.467,3.179],[-76.477,3.174],[-76.503,3.169],[-76.516,3.163],[-76.522,3.156],[-76.531,3.134],[-76.538,3.126],[-76.553,3.11],[-76.566,3.119],[-76.57,3.122],[-76.577,3.124],[-76.584,3.122],[-76.589,3.119],[-76.593,3.115],[-76.595,3.112],[-76.597,3.11],[-76.599,3.108],[-76.601,3.101],[-76.604,3.098],[-76.609,3.098],[-76.617,3.101],[-76.625,3.11],[-76.632,3.125],[-76.639,3.124],[-76.643,3.12],[-76.646,3.115],[-76.652,3.11],[-76.66,3.106],[-76.673,3.108],[-76.691,3.117],[-76.713,3.136],[-76.766,3.172],[-76.779,3.184],[-76.811,3.125],[-76.829,3.105],[-76.836,3.101],[-76.843,3.098],[-76.853,3.095],[-76.87,3.093],[-76.887,3.095],[-76.916,3.105],[-76.974,3.136],[-76.985,3.14],[-76.988,3.142],[-76.989,3.145],[-76.991,3.149],[-77.008,3.164],[-77.015,3.168],[-77.063,3.183],[-77.11,3.192],[-77.128,3.189],[-77.149,3.181],[-77.166,3.169],[-77.172,3.169],[-77.18,3.171],[-77.186,3.169],[-77.194,3.162],[-77.198,3.159],[-77.206,3.15],[-77.216,3.141],[-77.221,3.138],[-77.229,3.13],[-77.234,3.125],[-77.245,3.122],[-77.252,3.124],[-77.256,3.129],[-77.259,3.129],[-77.261,3.124],[-77.277,3.143],[-77.285,3.144],[-77.289,3.143],[-77.296,3.149],[-77.297,3.153],[-77.296,3.156],[-77.293,3.159],[-77.295,3.164],[-77.319,3.175],[-77.327,3.175],[-77.331,3.174],[-77.335,3.172],[-77.341,3.17],[-77.349,3.167],[-77.364,3.165],[-77.372,3.17],[-77.385,3.19],[-77.388,3.198],[-77.389,3.205],[-77.39,3.212],[-77.395,3.221],[-77.405,3.233],[-77.419,3.259],[-77.424,3.262],[-77.465,3.302]]]}},{"type":"Feature","id":"CO-VAU","properties":{"id":"CO-VAU","countryCode":"CO","isoSubdivision":"CO-VAU","name":"Vaupés","name_en":"Vaupés","name_ko":"바우페스","type":"Commissiary","labelLongitude":-70.587,"labelLatitude":0.791,"minZoom":6.7},"geometry":{"type":"Polygon","coordinates":[[[-69.841,1.708],[-69.856,1.708],[-69.849,1.669],[-69.849,1.6],[-69.85,1.531],[-69.85,1.463],[-69.85,1.394],[-69.851,1.325],[-69.851,1.257],[-69.852,1.188],[-69.852,1.119],[-69.852,1.059],[-69.829,1.057],[-69.788,1.084],[-69.763,1.091],[-69.75,1.091],[-69.737,1.088],[-69.728,1.083],[-69.727,1.061],[-69.716,1.059],[-69.62,1.073],[-69.597,1.072],[-69.553,1.057],[-69.543,1.056],[-69.51,1.056],[-69.478,1.061],[-69.469,1.059],[-69.46,1.055],[-69.455,1.051],[-69.452,1.046],[-69.447,1.042],[-69.428,1.03],[-69.418,1.029],[-69.371,1.063],[-69.355,1.067],[-69.339,1.064],[-69.289,1.038],[-69.274,1.028],[-69.257,1.007],[-69.24,0.996],[-69.233,0.988],[-69.23,0.979],[-69.229,0.967],[-69.226,0.957],[-69.204,0.944],[-69.21,0.908],[-69.194,0.892],[-69.171,0.883],[-69.159,0.876],[-69.152,0.868],[-69.152,0.854],[-69.16,0.85],[-69.169,0.848],[-69.175,0.844],[-69.178,0.824],[-69.168,0.779],[-69.168,0.756],[-69.175,0.745],[-69.185,0.738],[-69.192,0.729],[-69.189,0.715],[-69.181,0.708],[-69.159,0.697],[-69.152,0.691],[-69.141,0.668],[-69.137,0.65],[-69.144,0.638],[-69.162,0.631],[-69.171,0.633],[-69.19,0.64],[-69.201,0.639],[-69.208,0.635],[-69.219,0.62],[-69.226,0.615],[-69.242,0.614],[-69.279,0.619],[-69.297,0.618],[-69.293,0.646],[-69.302,0.657],[-69.32,0.656],[-69.342,0.65],[-69.363,0.641],[-69.369,0.644],[-69.44,0.716],[-69.458,0.728],[-69.478,0.733],[-69.504,0.73],[-69.523,0.721],[-69.556,0.7],[-69.574,0.698],[-69.594,0.689],[-69.605,0.667],[-69.619,0.651],[-69.651,0.657],[-69.679,0.67],[-69.695,0.669],[-69.733,0.639],[-69.768,0.621],[-69.805,0.607],[-69.846,0.599],[-69.914,0.595],[-69.934,0.589],[-69.953,0.586],[-69.976,0.59],[-69.999,0.59],[-70.021,0.58],[-70.039,0.575],[-70.054,0.588],[-70.056,0.519],[-70.057,0.493],[-70.059,0.426],[-70.061,0.331],[-70.064,0.222],[-70.067,0.113],[-70.07,0.018],[-70.072,-0.049],[-70.072,-0.075],[-70.074,-0.125],[-70.068,-0.16],[-70.056,-0.181],[-70.018,-0.226],[-69.967,-0.272],[-69.944,-0.305],[-69.934,-0.314],[-69.915,-0.322],[-69.875,-0.331],[-69.858,-0.341],[-69.852,-0.351],[-69.842,-0.373],[-69.835,-0.383],[-69.825,-0.39],[-69.802,-0.401],[-69.791,-0.408],[-69.762,-0.441],[-69.746,-0.453],[-69.666,-0.483],[-69.65,-0.492],[-69.632,-0.507],[-69.62,-0.525],[-69.612,-0.545],[-69.607,-0.567],[-69.607,-0.596],[-69.605,-0.606],[-69.599,-0.616],[-69.593,-0.624],[-69.587,-0.632],[-69.584,-0.645],[-69.591,-0.668],[-69.622,-0.715],[-69.628,-0.733],[-69.618,-0.757],[-69.581,-0.799],[-69.573,-0.814],[-69.576,-0.839],[-69.573,-0.849],[-69.564,-0.863],[-69.558,-0.869],[-69.55,-0.873],[-69.543,-0.879],[-69.537,-0.89],[-69.536,-0.901],[-69.539,-0.911],[-69.539,-0.921],[-69.533,-0.934],[-69.524,-0.941],[-69.502,-0.95],[-69.493,-0.956],[-69.471,-0.988],[-69.465,-0.993],[-69.455,-0.995],[-69.45,-0.997],[-69.447,-1.001],[-69.443,-1.008],[-69.445,-1.011],[-69.44,-1.049],[-69.442,-1.06],[-69.448,-1.08],[-69.448,-1.092],[-69.41,-1.153],[-69.399,-1.183],[-69.421,-1.239],[-69.422,-1.238],[-69.455,-1.2],[-69.459,-1.187],[-69.465,-1.18],[-69.475,-1.176],[-69.48,-1.174],[-69.494,-1.172],[-69.564,-1.137],[-69.579,-1.136],[-69.631,-1.165],[-69.642,-1.167],[-69.651,-1.16],[-69.658,-1.142],[-69.66,-1.122],[-69.655,-1.106],[-69.648,-1.09],[-69.644,-1.072],[-69.649,-1.055],[-69.662,-1.04],[-69.703,-1.003],[-69.716,-0.995],[-69.732,-0.992],[-69.747,-0.997],[-69.755,-1.008],[-69.763,-1.035],[-69.774,-1.044],[-69.795,-1.044],[-69.84,-1.026],[-69.865,-1.026],[-69.88,-1.035],[-69.895,-1.048],[-69.912,-1.057],[-69.931,-1.055],[-69.947,-1.043],[-69.947,-1.029],[-69.933,-0.998],[-69.933,-0.992],[-69.933,-0.977],[-69.932,-0.972],[-69.926,-0.965],[-69.914,-0.955],[-69.909,-0.95],[-69.901,-0.937],[-69.897,-0.924],[-69.903,-0.916],[-69.925,-0.917],[-69.941,-0.923],[-69.956,-0.932],[-69.971,-0.936],[-70.002,-0.921],[-70.012,-0.927],[-70.021,-0.939],[-70.034,-0.947],[-70.039,-0.947],[-70.043,-0.947],[-70.047,-0.946],[-70.051,-0.944],[-70.071,-0.934],[-70.083,-0.934],[-70.1,-0.942],[-70.124,-0.974],[-70.11,-0.997],[-70.084,-1.018],[-70.072,-1.044],[-70.081,-1.063],[-70.099,-1.073],[-70.119,-1.076],[-70.138,-1.071],[-70.187,-1.033],[-70.196,-1.023],[-70.195,-1.01],[-70.182,-0.983],[-70.179,-0.969],[-70.186,-0.956],[-70.2,-0.961],[-70.224,-0.985],[-70.242,-0.988],[-70.26,-0.974],[-70.274,-0.952],[-70.28,-0.934],[-70.276,-0.917],[-70.265,-0.905],[-70.235,-0.887],[-70.213,-0.852],[-70.233,-0.821],[-70.264,-0.788],[-70.273,-0.752],[-70.263,-0.739],[-70.247,-0.73],[-70.235,-0.72],[-70.233,-0.705],[-70.243,-0.673],[-70.246,-0.658],[-70.246,-0.64],[-70.241,-0.601],[-70.24,-0.581],[-70.244,-0.564],[-70.26,-0.551],[-70.277,-0.552],[-70.293,-0.557],[-70.304,-0.557],[-70.305,-0.534],[-70.284,-0.506],[-70.221,-0.447],[-70.212,-0.435],[-70.216,-0.423],[-70.239,-0.411],[-70.261,-0.405],[-70.28,-0.405],[-70.299,-0.41],[-70.319,-0.421],[-70.33,-0.434],[-70.327,-0.46],[-70.334,-0.472],[-70.354,-0.475],[-70.406,-0.464],[-70.448,-0.466],[-70.453,-0.457],[-70.45,-0.442],[-70.45,-0.425],[-70.457,-0.407],[-70.47,-0.388],[-70.485,-0.371],[-70.501,-0.36],[-70.517,-0.356],[-70.567,-0.36],[-70.582,-0.354],[-70.602,-0.329],[-70.616,-0.321],[-70.627,-0.321],[-70.65,-0.325],[-70.661,-0.324],[-70.672,-0.319],[-70.701,-0.296],[-70.719,-0.287],[-70.741,-0.279],[-70.761,-0.281],[-70.77,-0.298],[-70.775,-0.314],[-70.787,-0.322],[-70.803,-0.325],[-70.839,-0.324],[-70.847,-0.321],[-70.853,-0.313],[-70.877,-0.26],[-70.901,-0.194],[-70.939,-0.146],[-70.94,-0.134],[-70.934,-0.122],[-70.929,-0.104],[-70.93,-0.087],[-70.935,-0.071],[-70.942,-0.056],[-70.972,-0.013],[-70.984,0.001],[-70.997,0.009],[-71.009,0.009],[-71.031,-0.001],[-71.042,-0.003],[-71.06,0.003],[-71.099,0.022],[-71.119,0.028],[-71.14,0.038],[-71.15,0.054],[-71.159,0.095],[-71.174,0.116],[-71.194,0.115],[-71.235,0.097],[-71.252,0.096],[-71.268,0.098],[-71.285,0.104],[-71.299,0.111],[-71.322,0.133],[-71.353,0.162],[-71.387,0.174],[-71.411,0.189],[-71.421,0.192],[-71.453,0.183],[-71.464,0.182],[-71.473,0.183],[-71.49,0.189],[-71.5,0.19],[-71.516,0.184],[-71.527,0.178],[-71.539,0.178],[-71.589,0.211],[-71.689,0.258],[-71.701,0.272],[-71.722,0.308],[-71.734,0.316],[-71.757,0.324],[-71.769,0.338],[-71.776,0.356],[-71.787,0.373],[-71.802,0.377],[-71.832,0.355],[-71.847,0.356],[-71.852,0.368],[-71.849,0.385],[-71.844,0.403],[-71.843,0.417],[-71.865,0.436],[-71.904,0.461],[-71.936,0.487],[-71.936,0.51],[-71.927,0.524],[-71.927,0.54],[-71.933,0.555],[-71.944,0.569],[-71.961,0.58],[-71.968,0.576],[-71.972,0.567],[-71.979,0.565],[-71.995,0.576],[-72.002,0.594],[-72.009,0.633],[-72.02,0.655],[-72.036,0.664],[-71.848,0.86],[-71.817,0.885],[-71.787,0.917],[-71.779,0.931],[-71.772,0.948],[-71.757,0.971],[-71.743,0.983],[-71.725,0.987],[-71.709,0.984],[-71.696,0.979],[-71.685,0.978],[-71.673,0.982],[-71.628,1.029],[-71.61,1.043],[-71.6,1.057],[-71.587,1.082],[-71.586,1.092],[-71.586,1.102],[-71.586,1.113],[-71.582,1.122],[-71.575,1.126],[-71.56,1.124],[-71.558,1.131],[-71.56,1.142],[-71.559,1.155],[-71.553,1.161],[-71.546,1.162],[-71.542,1.158],[-71.54,1.15],[-71.538,1.137],[-71.535,1.126],[-71.528,1.117],[-71.516,1.112],[-71.505,1.115],[-71.503,1.124],[-71.507,1.137],[-71.516,1.148],[-71.523,1.162],[-71.535,1.182],[-71.539,1.191],[-71.553,1.216],[-71.552,1.229],[-71.553,1.252],[-71.552,1.262],[-71.551,1.272],[-71.542,1.279],[-71.496,1.389],[-71.488,1.416],[-71.483,1.443],[-71.471,1.464],[-71.45,1.514],[-71.441,1.548],[-71.433,1.564],[-71.405,1.599],[-71.399,1.621],[-71.395,1.648],[-71.391,1.732],[-71.375,1.736],[-71.346,1.713],[-71.312,1.701],[-71.293,1.68],[-71.283,1.676],[-71.264,1.673],[-71.246,1.685],[-71.225,1.702],[-71.208,1.721],[-71.16,1.756],[-71.078,1.8],[-71.026,1.818],[-70.993,1.836],[-70.968,1.853],[-70.927,1.893],[-70.912,1.915],[-70.905,1.919],[-70.897,1.918],[-70.888,1.916],[-70.796,1.919],[-70.758,1.915],[-70.745,1.918],[-70.735,1.914],[-70.723,1.911],[-70.713,1.905],[-70.702,1.902],[-70.688,1.9],[-70.673,1.901],[-70.655,1.904],[-70.624,1.921],[-70.558,1.936],[-70.537,1.944],[-70.499,1.952],[-70.486,1.958],[-70.477,1.965],[-70.462,1.98],[-70.444,1.988],[-70.404,1.994],[-70.388,1.994],[-70.377,1.999],[-70.359,1.999],[-70.339,2.001],[-70.304,2.013],[-70.26,2.024],[-70.202,2.031],[-70.184,2.039],[-70.171,2.048],[-70.148,2.071],[-70.105,2.101],[-70.108,2.059],[-70.119,2.007],[-70.162,1.902],[-70.164,1.885],[-70.157,1.869],[-70.05,1.781],[-70,1.755],[-69.969,1.744],[-69.922,1.741],[-69.878,1.727],[-69.846,1.711],[-69.842,1.708],[-69.841,1.708]]]}},{"type":"Feature","id":"CO-VID","properties":{"id":"CO-VID","countryCode":"CO","isoSubdivision":"CO-VID","name":"Vichada","name_en":"Vichada","name_ko":"비차다","type":"Commissiary","labelLongitude":-69.241,"labelLatitude":4.892,"minZoom":6.7},"geometry":{"type":"Polygon","coordinates":[[[-67.456,6.193],[-67.476,6.178],[-67.487,6.167],[-67.491,6.153],[-67.491,6.114],[-67.454,6.057],[-67.429,6.038],[-67.421,6.018],[-67.419,5.995],[-67.422,5.978],[-67.435,5.968],[-67.471,5.953],[-67.485,5.944],[-67.532,5.893],[-67.542,5.877],[-67.601,5.821],[-67.625,5.785],[-67.641,5.745],[-67.649,5.702],[-67.649,5.656],[-67.638,5.597],[-67.636,5.578],[-67.633,5.573],[-67.618,5.559],[-67.614,5.554],[-67.617,5.542],[-67.623,5.533],[-67.63,5.527],[-67.636,5.52],[-67.647,5.483],[-67.652,5.478],[-67.664,5.475],[-67.675,5.467],[-67.694,5.447],[-67.702,5.441],[-67.732,5.43],[-67.737,5.426],[-67.747,5.414],[-67.752,5.41],[-67.757,5.409],[-67.768,5.41],[-67.773,5.41],[-67.81,5.379],[-67.835,5.339],[-67.844,5.297],[-67.834,5.259],[-67.825,5.243],[-67.819,5.228],[-67.815,5.21],[-67.814,5.187],[-67.816,5.178],[-67.825,5.154],[-67.827,5.142],[-67.828,5.131],[-67.827,5.12],[-67.825,5.111],[-67.821,5.101],[-67.815,5.091],[-67.797,5.07],[-67.793,5.063],[-67.795,5.053],[-67.8,5.046],[-67.805,5.041],[-67.807,5.036],[-67.805,4.991],[-67.807,4.972],[-67.82,4.933],[-67.826,4.895],[-67.827,4.872],[-67.825,4.865],[-67.816,4.847],[-67.814,4.841],[-67.814,4.828],[-67.817,4.822],[-67.819,4.816],[-67.814,4.806],[-67.821,4.788],[-67.823,4.744],[-67.831,4.728],[-67.841,4.711],[-67.846,4.69],[-67.849,4.634],[-67.855,4.608],[-67.854,4.576],[-67.855,4.566],[-67.861,4.558],[-67.868,4.553],[-67.873,4.547],[-67.875,4.533],[-67.872,4.522],[-67.865,4.512],[-67.857,4.504],[-67.848,4.498],[-67.848,4.505],[-67.829,4.491],[-67.822,4.478],[-67.814,4.443],[-67.809,4.439],[-67.797,4.435],[-67.793,4.429],[-67.793,4.421],[-67.798,4.407],[-67.8,4.399],[-67.797,4.386],[-67.783,4.364],[-67.779,4.351],[-67.782,4.339],[-67.8,4.306],[-67.805,4.268],[-67.799,4.235],[-67.791,4.204],[-67.786,4.173],[-67.778,4.154],[-67.759,4.139],[-67.74,4.119],[-67.732,4.086],[-67.721,4.075],[-67.714,4.056],[-67.717,4.04],[-67.718,4.04],[-67.735,4.032],[-67.749,4.022],[-67.797,3.954],[-67.838,3.924],[-67.877,3.923],[-67.914,3.938],[-67.951,3.957],[-67.974,3.941],[-67.988,3.935],[-67.999,3.936],[-68.006,3.949],[-68.008,3.984],[-68.013,3.998],[-68.035,3.962],[-68.049,3.956],[-68.068,3.971],[-68.083,3.996],[-68.093,4.005],[-68.106,4.002],[-68.114,3.99],[-68.126,3.965],[-68.133,3.954],[-68.157,3.928],[-68.169,3.92],[-68.183,3.922],[-68.189,3.931],[-68.187,3.94],[-68.181,3.951],[-68.177,3.961],[-68.188,3.973],[-68.212,3.965],[-68.252,3.943],[-68.26,3.958],[-68.262,3.981],[-68.268,4.003],[-68.29,4.012],[-68.334,4.019],[-68.356,4.02],[-68.37,4.012],[-68.368,3.995],[-68.356,3.98],[-68.351,3.968],[-68.362,3.956],[-68.369,3.94],[-68.373,3.924],[-68.381,3.917],[-68.424,3.916],[-68.445,3.913],[-68.451,3.9],[-68.449,3.887],[-68.438,3.873],[-68.447,3.873],[-68.458,3.87],[-68.469,3.862],[-68.473,3.851],[-68.48,3.85],[-68.491,3.848],[-68.505,3.845],[-68.521,3.832],[-68.533,3.816],[-68.54,3.801],[-68.546,3.796],[-68.556,3.8],[-68.567,3.807],[-68.58,3.808],[-68.589,3.802],[-68.599,3.791],[-68.612,3.784],[-68.643,3.782],[-68.66,3.786],[-68.676,3.794],[-68.689,3.798],[-68.71,3.779],[-68.731,3.775],[-68.74,3.773],[-68.741,3.761],[-68.741,3.747],[-68.744,3.736],[-68.757,3.732],[-68.768,3.732],[-68.787,3.737],[-68.798,3.738],[-68.81,3.728],[-68.806,3.708],[-68.804,3.69],[-68.828,3.689],[-68.839,3.703],[-68.848,3.71],[-68.859,3.707],[-68.894,3.689],[-68.907,3.689],[-68.911,3.689],[-68.916,3.693],[-68.917,3.697],[-68.917,3.701],[-68.918,3.704],[-68.926,3.707],[-68.932,3.708],[-68.938,3.707],[-68.945,3.704],[-68.952,3.689],[-68.95,3.649],[-68.962,3.641],[-69.028,3.65],[-69.041,3.655],[-69.053,3.646],[-69.066,3.623],[-69.075,3.614],[-69.09,3.609],[-69.099,3.615],[-69.103,3.623],[-69.109,3.628],[-69.106,3.656],[-69.113,3.656],[-69.122,3.664],[-69.131,3.67],[-69.14,3.675],[-69.152,3.671],[-69.176,3.654],[-69.184,3.652],[-69.185,3.656],[-69.185,3.668],[-69.186,3.675],[-69.191,3.68],[-69.209,3.687],[-69.221,3.7],[-69.228,3.702],[-69.24,3.701],[-69.251,3.701],[-69.259,3.71],[-69.266,3.722],[-69.28,3.729],[-69.292,3.727],[-69.3,3.715],[-69.302,3.7],[-69.309,3.699],[-69.326,3.712],[-69.346,3.713],[-69.385,3.7],[-69.406,3.696],[-69.422,3.691],[-69.431,3.686],[-69.44,3.69],[-69.448,3.7],[-69.459,3.711],[-69.474,3.716],[-69.494,3.71],[-69.523,3.697],[-69.546,3.693],[-69.568,3.692],[-69.584,3.694],[-69.603,3.692],[-69.612,3.686],[-69.616,3.676],[-69.609,3.668],[-69.606,3.658],[-69.611,3.619],[-69.629,3.605],[-69.642,3.604],[-69.649,3.595],[-69.652,3.542],[-69.658,3.532],[-69.669,3.537],[-69.685,3.553],[-69.706,3.568],[-69.722,3.569],[-69.74,3.563],[-69.764,3.559],[-69.833,3.561],[-69.849,3.559],[-69.86,3.54],[-69.867,3.531],[-69.87,3.536],[-69.872,3.541],[-69.878,3.552],[-69.886,3.562],[-69.894,3.566],[-69.913,3.564],[-69.926,3.556],[-69.936,3.545],[-69.963,3.505],[-69.973,3.506],[-69.986,3.51],[-69.996,3.515],[-70,3.522],[-70.011,3.529],[-70.035,3.531],[-70.063,3.53],[-70.083,3.525],[-70.077,3.515],[-70.055,3.485],[-70.06,3.469],[-70.069,3.425],[-70.079,3.416],[-70.12,3.417],[-70.121,3.391],[-70.125,3.386],[-70.13,3.374],[-70.137,3.363],[-70.151,3.348],[-70.15,3.334],[-70.141,3.321],[-70.128,3.311],[-70.119,3.299],[-70.116,3.29],[-70.118,3.285],[-70.124,3.285],[-70.134,3.283],[-70.142,3.276],[-70.144,3.258],[-70.127,3.231],[-70.125,3.216],[-70.129,3.204],[-70.139,3.199],[-70.145,3.202],[-70.148,3.21],[-70.151,3.22],[-70.155,3.227],[-70.16,3.228],[-70.164,3.223],[-70.164,3.21],[-70.161,3.198],[-70.164,3.186],[-70.176,3.181],[-70.186,3.184],[-70.199,3.196],[-70.203,3.196],[-70.208,3.192],[-70.211,3.184],[-70.234,3.171],[-70.249,3.159],[-70.27,3.133],[-70.287,3.103],[-70.296,3.095],[-70.304,3.089],[-70.309,3.084],[-70.305,3.078],[-70.296,3.076],[-70.282,3.073],[-70.272,3.07],[-70.263,3.063],[-70.262,3.054],[-70.266,3.045],[-70.277,3.039],[-70.288,3.036],[-70.292,3.03],[-70.289,3.021],[-70.281,3.004],[-70.276,2.984],[-70.275,2.96],[-70.281,2.942],[-70.333,2.91],[-70.341,2.899],[-70.345,2.887],[-70.347,2.875],[-70.359,2.861],[-70.383,2.847],[-70.467,2.811],[-70.5,2.785],[-70.593,2.842],[-70.609,2.845],[-70.63,2.846],[-70.642,2.833],[-70.65,2.832],[-70.675,2.863],[-70.684,2.869],[-70.695,2.869],[-70.698,2.863],[-70.696,2.855],[-70.69,2.844],[-70.686,2.833],[-70.686,2.823],[-70.693,2.815],[-70.735,2.783],[-70.741,2.784],[-70.743,2.794],[-70.744,2.805],[-70.748,2.814],[-70.756,2.815],[-70.767,2.812],[-70.781,2.803],[-70.795,2.796],[-70.811,2.792],[-70.821,2.797],[-70.833,2.819],[-70.849,2.829],[-70.863,2.829],[-70.89,2.816],[-70.891,2.822],[-70.889,2.832],[-70.891,2.846],[-70.904,2.858],[-70.913,2.857],[-70.919,2.847],[-70.918,2.834],[-70.924,2.828],[-70.933,2.834],[-70.945,2.854],[-70.962,2.866],[-70.97,2.865],[-70.973,2.854],[-70.97,2.838],[-70.969,2.825],[-70.974,2.816],[-70.98,2.813],[-70.986,2.818],[-70.987,2.827],[-70.984,2.838],[-70.984,2.847],[-70.987,2.855],[-71.006,2.86],[-71.023,2.862],[-71.041,2.873],[-71.064,2.869],[-71.064,3.362],[-71.06,4.919],[-71.049,4.93],[-71.027,4.959],[-70.96,5.118],[-70.945,5.135],[-70.905,5.146],[-70.888,5.155],[-70.712,5.307],[-70.696,5.314],[-70.687,5.323],[-70.683,5.371],[-70.679,5.389],[-70.662,5.405],[-70.619,5.422],[-70.6,5.433],[-70.58,5.449],[-70.514,5.485],[-70.449,5.533],[-70.429,5.54],[-70.406,5.543],[-70.343,5.568],[-70.306,5.575],[-70.227,5.579],[-70.185,5.587],[-70.156,5.6],[-70.123,5.621],[-70.091,5.645],[-70.069,5.669],[-70.034,5.721],[-70.029,5.736],[-69.987,5.779],[-69.969,5.808],[-69.899,5.971],[-69.876,6.004],[-69.856,6.026],[-69.846,6.037],[-69.817,6.055],[-69.785,6.062],[-69.572,6.054],[-69.532,6.062],[-69.432,6.122],[-69.431,6.122],[-69.406,6.129],[-69.358,6.152],[-69.331,6.156],[-69.311,6.146],[-69.269,6.097],[-69.246,6.081],[-69.189,6.113],[-69.13,6.17],[-69.108,6.183],[-69.08,6.209],[-69.061,6.218],[-69.037,6.219],[-69.016,6.214],[-68.979,6.197],[-68.961,6.202],[-68.938,6.197],[-68.914,6.189],[-68.893,6.184],[-68.829,6.188],[-68.808,6.184],[-68.744,6.165],[-68.722,6.163],[-68.701,6.158],[-68.659,6.139],[-68.635,6.136],[-68.622,6.142],[-68.596,6.165],[-68.585,6.17],[-68.523,6.173],[-68.449,6.195],[-68.427,6.197],[-68.407,6.195],[-68.341,6.177],[-68.304,6.177],[-68.19,6.218],[-68.147,6.224],[-68.019,6.212],[-67.978,6.218],[-67.943,6.23],[-67.934,6.231],[-67.924,6.235],[-67.916,6.242],[-67.911,6.252],[-67.909,6.263],[-67.904,6.275],[-67.893,6.278],[-67.879,6.278],[-67.868,6.28],[-67.858,6.288],[-67.839,6.308],[-67.827,6.313],[-67.819,6.314],[-67.801,6.309],[-67.731,6.303],[-67.574,6.266],[-67.545,6.248],[-67.518,6.223],[-67.49,6.202],[-67.451,6.198],[-67.45,6.198],[-67.456,6.193]]]}},{"type":"Feature","id":"CO-X01~","properties":{"id":"CO-X01~","countryCode":"CO","isoSubdivision":"CO-X01~","name":"CO-X01~","name_en":"CO-X01~","name_ko":"CO-X01~","type":"Principal subdivision","labelLongitude":-81.593,"labelLatitude":3.978,"minZoom":6.7},"geometry":{"type":"Polygon","coordinates":[[[-81.612,3.959],[-81.615,3.961],[-81.616,3.964],[-81.615,3.969],[-81.61,3.975],[-81.604,3.977],[-81.602,3.98],[-81.601,3.988],[-81.596,3.991],[-81.591,3.99],[-81.585,3.992],[-81.582,3.992],[-81.579,3.978],[-81.58,3.976],[-81.585,3.975],[-81.589,3.97],[-81.594,3.971],[-81.606,3.96],[-81.612,3.959]]]}}]}
