{"type":"FeatureCollection","features":[{"type":"Feature","id":"DE-BB","properties":{"id":"DE-BB","countryCode":"DE","isoSubdivision":"DE-BB","name":"Brandenburg","name_en":"Brandenburg","name_ko":"브란덴부르크","type":"State","labelLongitude":12.921,"labelLatitude":52.816,"minZoom":6.6},"geometry":{"type":"Polygon","coordinates":[[[14.608,52.596],[14.614,52.593],[14.645,52.577],[14.617,52.541],[14.609,52.518],[14.628,52.507],[14.632,52.497],[14.616,52.473],[14.592,52.45],[14.54,52.422],[14.545,52.382],[14.569,52.339],[14.59,52.309],[14.584,52.291],[14.607,52.276],[14.64,52.265],[14.669,52.261],[14.697,52.253],[14.712,52.236],[14.712,52.215],[14.693,52.2],[14.693,52.193],[14.707,52.179],[14.703,52.165],[14.692,52.147],[14.686,52.121],[14.696,52.107],[14.761,52.077],[14.743,52.063],[14.735,52.054],[14.732,52.045],[14.73,52.036],[14.726,52.026],[14.704,52.002],[14.699,51.993],[14.696,51.931],[14.687,51.912],[14.672,51.894],[14.653,51.879],[14.596,51.842],[14.583,51.825],[14.586,51.804],[14.602,51.788],[14.62,51.781],[14.634,51.769],[14.638,51.743],[14.648,51.717],[14.671,51.701],[14.72,51.676],[14.732,51.658],[14.742,51.633],[14.744,51.607],[14.732,51.587],[14.713,51.567],[14.705,51.548],[14.707,51.541],[14.663,51.542],[14.62,51.553],[14.595,51.562],[14.574,51.565],[14.553,51.565],[14.509,51.557],[14.377,51.516],[14.339,51.51],[14.305,51.524],[14.269,51.532],[14.221,51.536],[14.159,51.527],[14.119,51.513],[14.106,51.506],[14.067,51.474],[14.061,51.466],[14.061,51.459],[14.059,51.451],[14.044,51.428],[13.988,51.378],[13.97,51.359],[13.967,51.358],[13.961,51.357],[13.956,51.359],[13.946,51.36],[13.938,51.361],[13.873,51.356],[13.766,51.348],[13.731,51.35],[13.614,51.355],[13.568,51.365],[13.555,51.366],[13.546,51.366],[13.534,51.364],[13.522,51.367],[13.505,51.382],[13.491,51.389],[13.48,51.393],[13.472,51.399],[13.458,51.407],[13.411,51.421],[13.398,51.422],[13.387,51.42],[13.378,51.413],[13.363,51.408],[13.271,51.389],[13.252,51.385],[13.239,51.399],[13.232,51.401],[13.219,51.403],[13.215,51.397],[13.203,51.398],[13.199,51.394],[13.194,51.391],[13.188,51.385],[13.184,51.387],[13.181,51.388],[13.178,51.393],[13.176,51.397],[13.175,51.4],[13.174,51.404],[13.174,51.407],[13.175,51.409],[13.177,51.411],[13.189,51.418],[13.191,51.42],[13.193,51.423],[13.198,51.433],[13.197,51.447],[13.2,51.458],[13.198,51.467],[13.192,51.47],[13.189,51.476],[13.191,51.478],[13.193,51.48],[13.196,51.481],[13.204,51.484],[13.207,51.486],[13.21,51.491],[13.21,51.496],[13.208,51.504],[13.203,51.518],[13.2,51.524],[13.196,51.529],[13.175,51.537],[13.165,51.545],[13.165,51.551],[13.168,51.555],[13.17,51.559],[13.172,51.566],[13.169,51.571],[13.166,51.573],[13.154,51.578],[13.141,51.585],[13.137,51.587],[13.134,51.587],[13.13,51.586],[13.127,51.584],[13.123,51.583],[13.115,51.585],[13.101,51.591],[13.073,51.612],[13.062,51.615],[13.082,51.638],[13.09,51.644],[13.15,51.673],[13.178,51.697],[13.182,51.709],[13.174,51.72],[13.165,51.73],[13.159,51.741],[13.157,51.749],[13.156,51.775],[13.158,51.782],[13.163,51.789],[13.194,51.819],[13.228,51.843],[13.237,51.855],[13.218,51.861],[13.185,51.862],[13.179,51.861],[13.173,51.858],[13.165,51.849],[13.161,51.844],[13.153,51.847],[13.148,51.849],[13.139,51.857],[13.132,51.858],[13.066,51.853],[13.048,51.857],[12.992,51.882],[12.984,51.886],[12.98,51.892],[12.974,51.897],[12.962,51.904],[12.951,51.907],[12.931,51.909],[12.885,51.91],[12.877,51.911],[12.872,51.913],[12.864,51.929],[12.859,51.935],[12.844,51.942],[12.806,51.944],[12.795,51.946],[12.705,51.98],[12.667,51.994],[12.661,51.995],[12.655,51.994],[12.653,51.992],[12.653,51.989],[12.651,51.986],[12.646,51.982],[12.634,51.979],[12.622,51.974],[12.608,51.965],[12.562,51.972],[12.544,51.978],[12.497,52],[12.477,52.017],[12.472,52.02],[12.467,52.022],[12.463,52.021],[12.46,52.02],[12.457,52.018],[12.454,52.013],[12.45,52.011],[12.444,52.01],[12.432,52.009],[12.426,52.01],[12.421,52.012],[12.409,52.018],[12.379,52.031],[12.371,52.036],[12.365,52.04],[12.364,52.045],[12.364,52.048],[12.364,52.051],[12.361,52.058],[12.299,52.11],[12.281,52.122],[12.261,52.128],[12.256,52.131],[12.253,52.134],[12.246,52.148],[12.22,52.164],[12.217,52.166],[12.208,52.178],[12.199,52.194],[12.2,52.197],[12.202,52.2],[12.209,52.207],[12.222,52.232],[12.245,52.247],[12.247,52.249],[12.248,52.252],[12.246,52.254],[12.24,52.259],[12.236,52.265],[12.233,52.268],[12.23,52.27],[12.22,52.271],[12.214,52.273],[12.209,52.279],[12.206,52.294],[12.206,52.302],[12.207,52.307],[12.208,52.309],[12.215,52.319],[12.218,52.325],[12.219,52.328],[12.221,52.333],[12.234,52.346],[12.235,52.35],[12.235,52.353],[12.233,52.356],[12.231,52.361],[12.229,52.368],[12.231,52.372],[12.233,52.376],[12.234,52.379],[12.232,52.383],[12.232,52.386],[12.233,52.389],[12.245,52.403],[12.249,52.408],[12.256,52.422],[12.257,52.427],[12.257,52.431],[12.256,52.433],[12.251,52.437],[12.249,52.439],[12.247,52.442],[12.248,52.445],[12.249,52.446],[12.26,52.451],[12.266,52.456],[12.275,52.472],[12.287,52.484],[12.288,52.487],[12.289,52.491],[12.288,52.499],[12.288,52.506],[12.291,52.51],[12.295,52.516],[12.294,52.518],[12.291,52.518],[12.284,52.516],[12.28,52.515],[12.276,52.515],[12.272,52.515],[12.268,52.515],[12.264,52.514],[12.261,52.513],[12.256,52.514],[12.25,52.517],[12.235,52.532],[12.23,52.537],[12.222,52.541],[12.217,52.542],[12.212,52.542],[12.208,52.541],[12.206,52.539],[12.205,52.536],[12.202,52.527],[12.201,52.525],[12.198,52.523],[12.196,52.521],[12.193,52.519],[12.19,52.518],[12.182,52.515],[12.169,52.514],[12.156,52.516],[12.153,52.518],[12.15,52.52],[12.148,52.523],[12.146,52.528],[12.146,52.532],[12.148,52.535],[12.152,52.539],[12.156,52.541],[12.159,52.543],[12.163,52.547],[12.162,52.549],[12.159,52.55],[12.155,52.551],[12.145,52.551],[12.135,52.55],[12.13,52.55],[12.124,52.551],[12.123,52.553],[12.124,52.555],[12.151,52.58],[12.153,52.586],[12.155,52.597],[12.157,52.62],[12.159,52.63],[12.162,52.636],[12.166,52.637],[12.186,52.636],[12.194,52.637],[12.205,52.641],[12.21,52.646],[12.216,52.653],[12.226,52.673],[12.228,52.682],[12.228,52.69],[12.226,52.693],[12.223,52.695],[12.213,52.7],[12.21,52.703],[12.208,52.706],[12.206,52.713],[12.204,52.717],[12.202,52.721],[12.196,52.725],[12.193,52.728],[12.19,52.733],[12.19,52.736],[12.191,52.739],[12.195,52.743],[12.205,52.749],[12.209,52.752],[12.208,52.755],[12.207,52.758],[12.203,52.761],[12.199,52.764],[12.197,52.768],[12.194,52.776],[12.195,52.779],[12.197,52.782],[12.23,52.799],[12.234,52.81],[12.233,52.816],[12.214,52.855],[12.208,52.862],[12.203,52.866],[12.192,52.868],[12.18,52.872],[12.175,52.872],[12.171,52.872],[12.136,52.866],[12.126,52.866],[12.111,52.867],[12.112,52.878],[12.11,52.881],[12.107,52.885],[12.101,52.89],[12.097,52.891],[12.093,52.892],[12.023,52.886],[11.998,52.887],[11.983,52.883],[11.966,52.885],[11.938,52.895],[11.925,52.898],[11.907,52.9],[11.897,52.902],[11.832,52.928],[11.833,52.933],[11.845,52.944],[11.851,52.955],[11.839,52.959],[11.807,52.96],[11.793,52.967],[11.763,52.995],[11.747,52.993],[11.722,52.984],[11.712,52.982],[11.694,52.984],[11.689,52.99],[11.688,53],[11.681,53.012],[11.669,53.017],[11.636,53.018],[11.622,53.022],[11.631,53.028],[11.636,53.037],[11.636,53.039],[11.636,53.046],[11.626,53.05],[11.581,53.043],[11.532,53.055],[11.509,53.057],[11.491,53.061],[11.461,53.079],[11.438,53.084],[11.417,53.081],[11.384,53.067],[11.366,53.064],[11.344,53.066],[11.328,53.072],[11.291,53.099],[11.275,53.117],[11.274,53.118],[11.275,53.118],[11.296,53.119],[11.32,53.116],[11.352,53.116],[11.376,53.11],[11.394,53.108],[11.396,53.122],[11.399,53.133],[11.415,53.138],[11.447,53.138],[11.475,53.128],[11.502,53.119],[11.528,53.121],[11.548,53.13],[11.555,53.146],[11.551,53.153],[11.548,53.17],[11.545,53.177],[11.54,53.183],[11.532,53.188],[11.53,53.195],[11.536,53.205],[11.58,53.23],[11.6,53.237],[11.654,53.25],[11.688,53.251],[11.7,53.248],[11.732,53.233],[11.744,53.216],[11.765,53.223],[11.786,53.228],[11.808,53.228],[11.839,53.226],[11.836,53.24],[11.816,53.25],[11.825,53.253],[11.834,53.256],[11.861,53.251],[11.884,53.268],[11.923,53.28],[11.94,53.283],[11.959,53.278],[11.979,53.29],[11.996,53.298],[12.012,53.3],[12.021,53.315],[12.023,53.329],[12.049,53.34],[12.064,53.356],[12.069,53.356],[12.078,53.358],[12.095,53.364],[12.11,53.365],[12.119,53.367],[12.123,53.367],[12.128,53.366],[12.144,53.355],[12.148,53.354],[12.155,53.356],[12.159,53.358],[12.179,53.367],[12.187,53.369],[12.192,53.369],[12.198,53.368],[12.204,53.366],[12.21,53.361],[12.219,53.349],[12.226,53.343],[12.234,53.341],[12.296,53.331],[12.333,53.318],[12.339,53.316],[12.369,53.302],[12.373,53.299],[12.378,53.296],[12.381,53.294],[12.387,53.291],[12.415,53.281],[12.418,53.279],[12.427,53.27],[12.43,53.268],[12.436,53.267],[12.446,53.266],[12.481,53.268],[12.497,53.271],[12.512,53.273],[12.618,53.256],[12.624,53.256],[12.637,53.252],[12.664,53.236],[12.706,53.229],[12.731,53.228],[12.74,53.225],[12.742,53.211],[12.741,53.204],[12.742,53.201],[12.744,53.199],[12.746,53.197],[12.748,53.195],[12.753,53.194],[12.758,53.193],[12.765,53.193],[12.809,53.199],[12.823,53.198],[12.83,53.197],[12.837,53.195],[12.852,53.188],[12.859,53.186],[12.866,53.185],[12.882,53.186],[12.89,53.188],[12.899,53.19],[12.906,53.191],[12.933,53.191],[12.941,53.192],[12.946,53.194],[12.949,53.196],[12.953,53.195],[12.957,53.194],[12.959,53.189],[12.958,53.186],[12.955,53.184],[12.949,53.181],[12.946,53.179],[12.944,53.178],[12.946,53.174],[12.951,53.171],[12.975,53.165],[13.001,53.168],[13.026,53.183],[13.031,53.187],[13.041,53.195],[13.047,53.198],[13.076,53.209],[13.09,53.217],[13.099,53.221],[13.102,53.223],[13.104,53.225],[13.106,53.227],[13.107,53.229],[13.108,53.231],[13.109,53.233],[13.111,53.238],[13.113,53.241],[13.117,53.243],[13.121,53.245],[13.13,53.248],[13.136,53.251],[13.138,53.254],[13.142,53.256],[13.146,53.258],[13.154,53.259],[13.161,53.259],[13.168,53.257],[13.181,53.247],[13.187,53.239],[13.19,53.237],[13.202,53.233],[13.23,53.233],[13.234,53.243],[13.235,53.25],[13.237,53.253],[13.24,53.258],[13.249,53.271],[13.255,53.276],[13.266,53.283],[13.282,53.288],[13.309,53.289],[13.33,53.287],[13.352,53.281],[13.37,53.274],[13.388,53.271],[13.406,53.275],[13.458,53.3],[13.469,53.302],[13.48,53.309],[13.494,53.319],[13.507,53.342],[13.526,53.367],[13.531,53.385],[13.539,53.397],[13.553,53.405],[13.572,53.411],[13.607,53.411],[13.63,53.424],[13.648,53.444],[13.709,53.475],[13.745,53.478],[13.779,53.477],[13.809,53.485],[13.804,53.497],[13.779,53.525],[13.781,53.544],[13.798,53.542],[13.823,53.519],[13.869,53.508],[13.871,53.486],[13.9,53.455],[13.905,53.441],[13.921,53.427],[13.991,53.43],[14.05,53.428],[14.072,53.422],[14.096,53.419],[14.117,53.436],[14.142,53.44],[14.177,53.429],[14.219,53.43],[14.243,53.427],[14.244,53.401],[14.24,53.382],[14.224,53.36],[14.188,53.326],[14.104,53.292],[14.103,53.285],[14.103,53.273],[14.145,53.269],[14.183,53.263],[14.249,53.259],[14.263,53.265],[14.269,53.279],[14.296,53.287],[14.324,53.309],[14.391,53.334],[14.398,53.315],[14.4,53.307],[14.4,53.289],[14.403,53.279],[14.409,53.272],[14.425,53.265],[14.429,53.259],[14.442,53.252],[14.416,53.221],[14.408,53.214],[14.398,53.211],[14.388,53.202],[14.381,53.19],[14.378,53.177],[14.381,53.16],[14.387,53.146],[14.39,53.132],[14.36,53.075],[14.357,53.067],[14.343,53.049],[14.313,53.029],[14.254,53.001],[14.193,52.982],[14.144,52.96],[14.144,52.954],[14.15,52.944],[14.163,52.908],[14.165,52.896],[14.161,52.877],[14.15,52.865],[14.124,52.851],[14.135,52.837],[14.153,52.828],[14.174,52.824],[14.196,52.823],[14.216,52.818],[14.249,52.795],[14.276,52.786],[14.382,52.738],[14.398,52.727],[14.432,52.686],[14.442,52.68],[14.461,52.675],[14.49,52.651],[14.55,52.636],[14.608,52.596]],[[13.626,52.487],[13.623,52.491],[13.625,52.498],[13.649,52.532],[13.648,52.539],[13.626,52.541],[13.612,52.545],[13.603,52.551],[13.591,52.553],[13.569,52.563],[13.503,52.61],[13.5,52.613],[13.5,52.614],[13.499,52.619],[13.499,52.624],[13.501,52.629],[13.503,52.639],[13.502,52.641],[13.501,52.644],[13.5,52.645],[13.484,52.654],[13.479,52.658],[13.477,52.662],[13.474,52.664],[13.469,52.663],[13.445,52.65],[13.442,52.647],[13.44,52.644],[13.438,52.642],[13.434,52.641],[13.431,52.641],[13.412,52.649],[13.389,52.637],[13.383,52.631],[13.382,52.628],[13.38,52.626],[13.374,52.625],[13.364,52.624],[13.327,52.625],[13.31,52.63],[13.307,52.631],[13.304,52.633],[13.303,52.635],[13.304,52.645],[13.303,52.647],[13.3,52.651],[13.3,52.653],[13.302,52.655],[13.303,52.656],[13.3,52.657],[13.289,52.657],[13.286,52.656],[13.282,52.654],[13.28,52.648],[13.277,52.644],[13.273,52.639],[13.262,52.633],[13.253,52.63],[13.224,52.627],[13.221,52.626],[13.211,52.61],[13.21,52.607],[13.209,52.604],[13.209,52.601],[13.21,52.598],[13.212,52.596],[13.215,52.593],[13.216,52.591],[13.217,52.589],[13.217,52.587],[13.208,52.587],[13.165,52.598],[13.157,52.6],[13.155,52.6],[13.152,52.598],[13.149,52.593],[13.147,52.591],[13.145,52.588],[13.145,52.585],[13.147,52.581],[13.148,52.576],[13.148,52.567],[13.143,52.552],[13.141,52.524],[13.157,52.507],[13.156,52.504],[13.157,52.501],[13.13,52.482],[13.127,52.48],[13.12,52.478],[13.117,52.476],[13.114,52.474],[13.113,52.471],[13.111,52.465],[13.109,52.459],[13.109,52.455],[13.111,52.45],[13.112,52.447],[13.117,52.442],[13.117,52.44],[13.112,52.438],[13.11,52.437],[13.107,52.435],[13.106,52.432],[13.105,52.43],[13.105,52.428],[13.104,52.427],[13.103,52.426],[13.094,52.419],[13.092,52.417],[13.092,52.415],[13.092,52.414],[13.093,52.413],[13.095,52.412],[13.112,52.404],[13.118,52.402],[13.122,52.401],[13.156,52.397],[13.159,52.397],[13.163,52.398],[13.167,52.402],[13.17,52.404],[13.173,52.405],[13.214,52.417],[13.22,52.417],[13.227,52.416],[13.24,52.411],[13.248,52.405],[13.252,52.405],[13.258,52.406],[13.286,52.412],[13.291,52.414],[13.292,52.415],[13.294,52.415],[13.296,52.414],[13.299,52.41],[13.305,52.402],[13.309,52.401],[13.313,52.4],[13.337,52.406],[13.346,52.407],[13.349,52.406],[13.355,52.402],[13.366,52.395],[13.372,52.39],[13.376,52.387],[13.394,52.381],[13.426,52.381],[13.428,52.388],[13.428,52.391],[13.427,52.394],[13.425,52.399],[13.424,52.402],[13.424,52.404],[13.425,52.407],[13.427,52.409],[13.43,52.411],[13.434,52.412],[13.449,52.416],[13.458,52.417],[13.463,52.416],[13.468,52.414],[13.473,52.408],[13.476,52.404],[13.48,52.4],[13.484,52.399],[13.495,52.398],[13.503,52.398],[13.506,52.399],[13.509,52.4],[13.512,52.402],[13.514,52.404],[13.52,52.405],[13.528,52.405],[13.566,52.396],[13.585,52.389],[13.61,52.384],[13.615,52.383],[13.626,52.384],[13.632,52.382],[13.637,52.376],[13.641,52.361],[13.643,52.347],[13.643,52.345],[13.644,52.344],[13.644,52.342],[13.654,52.342],[13.667,52.36],[13.671,52.362],[13.673,52.363],[13.696,52.368],[13.698,52.368],[13.7,52.369],[13.701,52.37],[13.703,52.372],[13.705,52.374],[13.707,52.378],[13.707,52.383],[13.705,52.392],[13.705,52.398],[13.709,52.405],[13.712,52.408],[13.716,52.41],[13.734,52.42],[13.737,52.423],[13.739,52.427],[13.738,52.433],[13.739,52.436],[13.74,52.439],[13.743,52.442],[13.75,52.445],[13.751,52.447],[13.751,52.45],[13.743,52.456],[13.736,52.46],[13.696,52.471],[13.678,52.486],[13.665,52.49],[13.626,52.487]]]}},{"type":"Feature","id":"DE-BE","properties":{"id":"DE-BE","countryCode":"DE","isoSubdivision":"DE-BE","name":"Berlin","name_en":"Berlin","name_ko":"베를린","type":"State","labelLongitude":13.421,"labelLatitude":52.513,"minZoom":6.6},"geometry":{"type":"Polygon","coordinates":[[[13.474,52.664],[13.477,52.662],[13.479,52.658],[13.484,52.654],[13.5,52.645],[13.501,52.644],[13.502,52.641],[13.503,52.639],[13.501,52.629],[13.499,52.624],[13.499,52.619],[13.5,52.614],[13.5,52.613],[13.503,52.61],[13.569,52.563],[13.591,52.553],[13.603,52.551],[13.612,52.545],[13.626,52.541],[13.648,52.539],[13.649,52.532],[13.625,52.498],[13.623,52.491],[13.626,52.487],[13.665,52.49],[13.678,52.486],[13.696,52.471],[13.736,52.46],[13.743,52.456],[13.751,52.45],[13.751,52.447],[13.75,52.445],[13.743,52.442],[13.74,52.439],[13.739,52.436],[13.738,52.433],[13.739,52.427],[13.737,52.423],[13.734,52.42],[13.716,52.41],[13.712,52.408],[13.709,52.405],[13.705,52.398],[13.705,52.392],[13.707,52.383],[13.707,52.378],[13.705,52.374],[13.703,52.372],[13.701,52.37],[13.7,52.369],[13.698,52.368],[13.696,52.368],[13.673,52.363],[13.671,52.362],[13.667,52.36],[13.654,52.342],[13.644,52.342],[13.644,52.344],[13.643,52.345],[13.643,52.347],[13.641,52.361],[13.637,52.376],[13.632,52.382],[13.626,52.384],[13.615,52.383],[13.61,52.384],[13.585,52.389],[13.566,52.396],[13.528,52.405],[13.52,52.405],[13.514,52.404],[13.512,52.402],[13.509,52.4],[13.506,52.399],[13.503,52.398],[13.495,52.398],[13.484,52.399],[13.48,52.4],[13.476,52.404],[13.473,52.408],[13.468,52.414],[13.463,52.416],[13.458,52.417],[13.449,52.416],[13.434,52.412],[13.43,52.411],[13.427,52.409],[13.425,52.407],[13.424,52.404],[13.424,52.402],[13.425,52.399],[13.427,52.394],[13.428,52.391],[13.428,52.388],[13.426,52.381],[13.394,52.381],[13.376,52.387],[13.372,52.39],[13.366,52.395],[13.355,52.402],[13.349,52.406],[13.346,52.407],[13.337,52.406],[13.313,52.4],[13.309,52.401],[13.305,52.402],[13.299,52.41],[13.296,52.414],[13.294,52.415],[13.292,52.415],[13.291,52.414],[13.286,52.412],[13.258,52.406],[13.252,52.405],[13.248,52.405],[13.24,52.411],[13.227,52.416],[13.22,52.417],[13.214,52.417],[13.173,52.405],[13.17,52.404],[13.167,52.402],[13.163,52.398],[13.159,52.397],[13.156,52.397],[13.122,52.401],[13.118,52.402],[13.112,52.404],[13.095,52.412],[13.093,52.413],[13.092,52.414],[13.092,52.415],[13.092,52.417],[13.094,52.419],[13.103,52.426],[13.104,52.427],[13.105,52.428],[13.105,52.43],[13.106,52.432],[13.107,52.435],[13.11,52.437],[13.112,52.438],[13.117,52.44],[13.117,52.442],[13.112,52.447],[13.111,52.45],[13.109,52.455],[13.109,52.459],[13.111,52.465],[13.113,52.471],[13.114,52.474],[13.117,52.476],[13.12,52.478],[13.127,52.48],[13.13,52.482],[13.157,52.501],[13.156,52.504],[13.157,52.507],[13.141,52.524],[13.143,52.552],[13.148,52.567],[13.148,52.576],[13.147,52.581],[13.145,52.585],[13.145,52.588],[13.147,52.591],[13.149,52.593],[13.152,52.598],[13.155,52.6],[13.157,52.6],[13.165,52.598],[13.208,52.587],[13.217,52.587],[13.217,52.589],[13.216,52.591],[13.215,52.593],[13.212,52.596],[13.21,52.598],[13.209,52.601],[13.209,52.604],[13.21,52.607],[13.211,52.61],[13.221,52.626],[13.224,52.627],[13.253,52.63],[13.262,52.633],[13.273,52.639],[13.277,52.644],[13.28,52.648],[13.282,52.654],[13.286,52.656],[13.289,52.657],[13.3,52.657],[13.303,52.656],[13.302,52.655],[13.3,52.653],[13.3,52.651],[13.303,52.647],[13.304,52.645],[13.303,52.635],[13.304,52.633],[13.307,52.631],[13.31,52.63],[13.327,52.625],[13.364,52.624],[13.374,52.625],[13.38,52.626],[13.382,52.628],[13.383,52.631],[13.389,52.637],[13.412,52.649],[13.431,52.641],[13.434,52.641],[13.438,52.642],[13.44,52.644],[13.442,52.647],[13.445,52.65],[13.469,52.663],[13.474,52.664]]]}},{"type":"Feature","id":"DE-BW","properties":{"id":"DE-BW","countryCode":"DE","isoSubdivision":"DE-BW","name":"Baden-Württemberg","name_en":"Baden-Württemberg","name_ko":"바덴뷔르템베르크","type":"State","labelLongitude":9.003,"labelLatitude":48.59,"minZoom":6.6},"geometry":{"type":"Polygon","coordinates":[[[9.55,47.534],[9.547,47.535],[9.273,47.65],[9.234,47.656],[9.197,47.656],[9.183,47.67],[9.128,47.67],[9.017,47.679],[8.998,47.674],[8.982,47.662],[8.945,47.654],[8.906,47.652],[8.882,47.656],[8.853,47.671],[8.852,47.671],[8.838,47.681],[8.838,47.688],[8.856,47.691],[8.83,47.707],[8.798,47.72],[8.771,47.721],[8.762,47.701],[8.77,47.695],[8.717,47.695],[8.715,47.701],[8.713,47.709],[8.705,47.715],[8.7,47.723],[8.704,47.73],[8.717,47.744],[8.72,47.747],[8.713,47.757],[8.703,47.759],[8.692,47.757],[8.682,47.759],[8.674,47.767],[8.667,47.778],[8.657,47.788],[8.644,47.791],[8.635,47.785],[8.63,47.763],[8.617,47.757],[8.608,47.762],[8.604,47.774],[8.603,47.787],[8.602,47.795],[8.583,47.8],[8.558,47.801],[8.542,47.795],[8.552,47.779],[8.537,47.774],[8.483,47.767],[8.472,47.767],[8.464,47.764],[8.45,47.75],[8.445,47.743],[8.438,47.723],[8.427,47.716],[8.402,47.707],[8.392,47.7],[8.391,47.692],[8.395,47.685],[8.398,47.676],[8.391,47.665],[8.407,47.662],[8.412,47.661],[8.438,47.648],[8.458,47.64],[8.476,47.64],[8.491,47.646],[8.505,47.652],[8.52,47.657],[8.568,47.663],[8.582,47.661],[8.594,47.658],[8.598,47.657],[8.607,47.656],[8.602,47.633],[8.595,47.635],[8.594,47.641],[8.594,47.643],[8.589,47.642],[8.584,47.641],[8.58,47.639],[8.578,47.633],[8.58,47.629],[8.582,47.625],[8.583,47.622],[8.581,47.615],[8.582,47.608],[8.581,47.6],[8.576,47.595],[8.574,47.592],[8.561,47.589],[8.552,47.597],[8.55,47.599],[8.538,47.612],[8.522,47.622],[8.492,47.62],[8.462,47.606],[8.45,47.589],[8.449,47.584],[8.421,47.581],[8.418,47.581],[8.354,47.581],[8.316,47.588],[8.306,47.592],[8.299,47.602],[8.294,47.611],[8.289,47.616],[8.277,47.617],[8.251,47.622],[8.233,47.622],[8.179,47.616],[8.174,47.614],[8.169,47.609],[8.162,47.604],[8.144,47.6],[8.122,47.592],[8.114,47.588],[8.105,47.581],[8.101,47.576],[8.097,47.572],[8.087,47.567],[8.042,47.561],[7.912,47.561],[7.909,47.565],[7.908,47.574],[7.904,47.584],[7.898,47.588],[7.834,47.59],[7.82,47.595],[7.801,47.576],[7.786,47.563],[7.767,47.556],[7.727,47.55],[7.683,47.544],[7.661,47.546],[7.647,47.551],[7.61,47.565],[7.612,47.565],[7.636,47.565],[7.647,47.572],[7.66,47.597],[7.637,47.595],[7.586,47.585],[7.59,47.595],[7.592,47.598],[7.59,47.608],[7.585,47.613],[7.579,47.617],[7.573,47.622],[7.55,47.652],[7.537,47.665],[7.522,47.67],[7.518,47.675],[7.515,47.686],[7.512,47.707],[7.515,47.713],[7.532,47.725],[7.538,47.732],[7.538,47.748],[7.526,47.783],[7.529,47.797],[7.543,47.829],[7.548,47.834],[7.562,47.839],[7.564,47.85],[7.559,47.869],[7.559,47.873],[7.558,47.876],[7.558,47.879],[7.559,47.883],[7.562,47.887],[7.569,47.891],[7.573,47.896],[7.579,47.906],[7.581,47.911],[7.58,47.927],[7.585,47.94],[7.612,47.959],[7.621,47.971],[7.619,48.003],[7.576,48.054],[7.573,48.095],[7.579,48.114],[7.582,48.121],[7.586,48.13],[7.593,48.139],[7.6,48.145],[7.605,48.153],[7.607,48.167],[7.613,48.179],[7.677,48.238],[7.687,48.253],[7.693,48.27],[7.696,48.29],[7.702,48.311],[7.719,48.32],[7.737,48.327],[7.751,48.341],[7.752,48.355],[7.747,48.369],[7.74,48.381],[7.737,48.393],[7.738,48.407],[7.746,48.433],[7.751,48.444],[7.758,48.454],[7.764,48.46],[7.769,48.47],[7.771,48.489],[7.776,48.498],[7.788,48.506],[7.813,48.519],[7.813,48.526],[7.802,48.548],[7.802,48.582],[7.81,48.615],[7.852,48.659],[7.864,48.664],[7.881,48.668],[7.896,48.677],[7.923,48.698],[7.935,48.703],[7.948,48.712],[7.959,48.721],[7.964,48.729],[7.965,48.748],[7.97,48.757],[7.982,48.76],[8.01,48.76],[8.017,48.762],[8.023,48.765],[8.025,48.771],[8.027,48.78],[8.032,48.785],[8.037,48.788],[8.039,48.791],[8.048,48.791],[8.084,48.804],[8.09,48.808],[8.103,48.821],[8.148,48.904],[8.179,48.943],[8.2,48.958],[8.23,48.966],[8.263,48.988],[8.284,49.01],[8.357,49.11],[8.362,49.12],[8.381,49.215],[8.387,49.232],[8.398,49.239],[8.411,49.244],[8.48,49.297],[8.483,49.31],[8.46,49.315],[8.462,49.323],[8.498,49.376],[8.498,49.386],[8.491,49.403],[8.49,49.411],[8.492,49.413],[8.501,49.429],[8.505,49.431],[8.494,49.443],[8.478,49.446],[8.46,49.448],[8.443,49.452],[8.443,49.459],[8.464,49.466],[8.464,49.473],[8.45,49.491],[8.428,49.534],[8.408,49.555],[8.417,49.579],[8.45,49.588],[8.458,49.589],[8.462,49.588],[8.474,49.586],[8.498,49.573],[8.566,49.527],[8.588,49.532],[8.591,49.534],[8.595,49.535],[8.597,49.536],[8.609,49.539],[8.613,49.541],[8.615,49.543],[8.617,49.545],[8.617,49.547],[8.617,49.55],[8.617,49.553],[8.614,49.561],[8.605,49.583],[8.605,49.585],[8.598,49.606],[8.598,49.609],[8.599,49.61],[8.601,49.611],[8.672,49.623],[8.676,49.623],[8.678,49.621],[8.679,49.615],[8.681,49.612],[8.692,49.602],[8.693,49.597],[8.693,49.594],[8.691,49.592],[8.689,49.589],[8.687,49.587],[8.687,49.586],[8.687,49.584],[8.692,49.574],[8.704,49.554],[8.706,49.551],[8.709,49.548],[8.711,49.546],[8.718,49.542],[8.746,49.53],[8.765,49.524],[8.782,49.522],[8.802,49.524],[8.808,49.523],[8.811,49.522],[8.816,49.517],[8.82,49.509],[8.822,49.507],[8.824,49.505],[8.828,49.503],[8.842,49.502],[8.89,49.506],[8.893,49.501],[8.894,49.5],[8.894,49.499],[8.893,49.497],[8.893,49.494],[8.891,49.49],[8.888,49.486],[8.885,49.482],[8.877,49.475],[8.874,49.475],[8.871,49.475],[8.865,49.477],[8.861,49.48],[8.855,49.485],[8.852,49.485],[8.849,49.483],[8.833,49.471],[8.831,49.469],[8.829,49.466],[8.829,49.462],[8.829,49.458],[8.829,49.454],[8.833,49.438],[8.833,49.435],[8.832,49.433],[8.83,49.431],[8.828,49.429],[8.818,49.426],[8.815,49.425],[8.814,49.423],[8.813,49.422],[8.811,49.417],[8.81,49.409],[8.811,49.407],[8.813,49.404],[8.814,49.403],[8.817,49.402],[8.831,49.399],[8.839,49.399],[8.846,49.396],[8.852,49.397],[8.861,49.402],[8.879,49.414],[8.891,49.425],[8.893,49.428],[8.894,49.43],[8.898,49.442],[8.899,49.445],[8.901,49.447],[8.904,49.447],[8.907,49.445],[8.909,49.44],[8.91,49.438],[8.914,49.438],[8.92,49.439],[8.94,49.447],[8.944,49.452],[8.946,49.455],[8.943,49.462],[8.941,49.465],[8.939,49.468],[8.934,49.474],[8.928,49.479],[8.927,49.48],[8.927,49.482],[8.93,49.484],[8.953,49.5],[8.953,49.501],[8.953,49.502],[8.954,49.503],[8.958,49.504],[9.011,49.504],[9.019,49.503],[9.022,49.503],[9.035,49.501],[9.04,49.503],[9.045,49.504],[9.068,49.518],[9.076,49.519],[9.087,49.518],[9.099,49.519],[9.102,49.518],[9.104,49.518],[9.106,49.517],[9.113,49.51],[9.116,49.509],[9.118,49.508],[9.121,49.507],[9.125,49.508],[9.127,49.508],[9.127,49.511],[9.125,49.516],[9.116,49.527],[9.106,49.537],[9.104,49.54],[9.099,49.547],[9.095,49.551],[9.078,49.563],[9.075,49.567],[9.074,49.57],[9.075,49.572],[9.08,49.574],[9.094,49.565],[9.099,49.565],[9.102,49.565],[9.111,49.575],[9.118,49.571],[9.122,49.571],[9.179,49.579],[9.194,49.577],[9.253,49.578],[9.259,49.579],[9.264,49.581],[9.269,49.587],[9.271,49.59],[9.274,49.598],[9.276,49.601],[9.279,49.603],[9.288,49.609],[9.29,49.611],[9.29,49.612],[9.289,49.614],[9.286,49.627],[9.289,49.63],[9.294,49.633],[9.308,49.639],[9.316,49.64],[9.324,49.641],[9.338,49.641],[9.348,49.642],[9.377,49.65],[9.379,49.65],[9.383,49.649],[9.395,49.64],[9.4,49.64],[9.404,49.64],[9.423,49.651],[9.419,49.658],[9.416,49.662],[9.416,49.663],[9.415,49.663],[9.416,49.668],[9.427,49.708],[9.426,49.709],[9.424,49.711],[9.421,49.713],[9.402,49.718],[9.4,49.719],[9.397,49.718],[9.395,49.717],[9.393,49.716],[9.392,49.715],[9.391,49.713],[9.388,49.706],[9.386,49.702],[9.383,49.7],[9.379,49.698],[9.376,49.698],[9.373,49.698],[9.369,49.698],[9.367,49.701],[9.367,49.705],[9.371,49.712],[9.371,49.715],[9.37,49.719],[9.367,49.721],[9.361,49.723],[9.327,49.727],[9.319,49.728],[9.315,49.73],[9.314,49.732],[9.313,49.735],[9.313,49.739],[9.318,49.745],[9.319,49.748],[9.32,49.75],[9.319,49.752],[9.312,49.766],[9.318,49.771],[9.328,49.778],[9.34,49.783],[9.352,49.786],[9.401,49.784],[9.437,49.792],[9.473,49.796],[9.491,49.795],[9.545,49.779],[9.557,49.778],[9.569,49.78],[9.574,49.782],[9.602,49.771],[9.612,49.772],[9.629,49.776],[9.638,49.78],[9.643,49.783],[9.646,49.784],[9.649,49.783],[9.653,49.781],[9.655,49.777],[9.655,49.775],[9.653,49.772],[9.65,49.77],[9.648,49.768],[9.647,49.766],[9.647,49.765],[9.648,49.759],[9.65,49.754],[9.651,49.752],[9.651,49.75],[9.65,49.749],[9.648,49.747],[9.647,49.745],[9.646,49.743],[9.645,49.74],[9.645,49.736],[9.647,49.731],[9.647,49.729],[9.645,49.728],[9.64,49.725],[9.639,49.724],[9.638,49.722],[9.639,49.717],[9.639,49.715],[9.639,49.713],[9.632,49.703],[9.631,49.701],[9.631,49.699],[9.631,49.698],[9.632,49.697],[9.636,49.694],[9.644,49.691],[9.653,49.688],[9.667,49.687],[9.673,49.688],[9.678,49.691],[9.678,49.693],[9.679,49.695],[9.68,49.702],[9.681,49.705],[9.682,49.707],[9.685,49.709],[9.696,49.712],[9.698,49.714],[9.703,49.72],[9.704,49.721],[9.705,49.721],[9.707,49.721],[9.71,49.72],[9.711,49.716],[9.711,49.71],[9.712,49.707],[9.713,49.704],[9.722,49.69],[9.724,49.689],[9.728,49.687],[9.732,49.689],[9.735,49.691],[9.74,49.697],[9.76,49.709],[9.761,49.71],[9.764,49.712],[9.768,49.714],[9.784,49.718],[9.793,49.722],[9.795,49.721],[9.797,49.72],[9.804,49.713],[9.832,49.691],[9.833,49.689],[9.833,49.686],[9.834,49.682],[9.833,49.662],[9.834,49.653],[9.835,49.651],[9.836,49.649],[9.84,49.645],[9.875,49.621],[9.88,49.616],[9.882,49.613],[9.882,49.611],[9.882,49.609],[9.882,49.608],[9.881,49.606],[9.88,49.604],[9.878,49.602],[9.871,49.596],[9.862,49.588],[9.86,49.585],[9.859,49.582],[9.859,49.579],[9.861,49.573],[9.861,49.571],[9.86,49.568],[9.858,49.566],[9.856,49.564],[9.842,49.554],[9.839,49.551],[9.839,49.548],[9.842,49.546],[9.849,49.543],[9.855,49.542],[9.864,49.545],[9.867,49.548],[9.87,49.552],[9.871,49.559],[9.873,49.561],[9.877,49.563],[9.881,49.564],[9.887,49.565],[9.889,49.566],[9.89,49.568],[9.893,49.571],[9.899,49.576],[9.902,49.578],[9.905,49.58],[9.909,49.58],[9.913,49.579],[9.917,49.576],[9.919,49.573],[9.919,49.572],[9.918,49.57],[9.916,49.567],[9.914,49.565],[9.913,49.563],[9.912,49.562],[9.913,49.561],[9.926,49.554],[9.929,49.552],[9.93,49.55],[9.932,49.537],[9.934,49.529],[9.934,49.524],[9.934,49.519],[9.932,49.514],[9.932,49.51],[9.932,49.506],[9.937,49.486],[9.937,49.485],[9.936,49.483],[9.936,49.482],[9.939,49.48],[9.948,49.479],[10.02,49.48],[10.028,49.483],[10.037,49.488],[10.066,49.509],[10.067,49.512],[10.067,49.517],[10.066,49.52],[10.064,49.522],[10.063,49.523],[10.06,49.524],[10.059,49.525],[10.058,49.526],[10.057,49.527],[10.061,49.532],[10.085,49.544],[10.093,49.542],[10.096,49.541],[10.102,49.538],[10.103,49.536],[10.103,49.534],[10.099,49.529],[10.098,49.527],[10.097,49.526],[10.096,49.524],[10.096,49.522],[10.099,49.519],[10.105,49.516],[10.109,49.515],[10.112,49.515],[10.115,49.515],[10.118,49.515],[10.12,49.515],[10.123,49.514],[10.128,49.511],[10.129,49.509],[10.129,49.506],[10.126,49.5],[10.121,49.494],[10.121,49.492],[10.122,49.487],[10.132,49.472],[10.124,49.456],[10.121,49.451],[10.115,49.447],[10.113,49.445],[10.112,49.442],[10.115,49.44],[10.134,49.436],[10.138,49.434],[10.14,49.433],[10.142,49.431],[10.171,49.384],[10.172,49.382],[10.17,49.38],[10.162,49.381],[10.157,49.382],[10.151,49.385],[10.144,49.384],[10.14,49.384],[10.122,49.37],[10.121,49.352],[10.119,49.348],[10.119,49.342],[10.122,49.335],[10.132,49.326],[10.138,49.323],[10.144,49.322],[10.147,49.321],[10.15,49.321],[10.151,49.32],[10.153,49.319],[10.154,49.317],[10.154,49.313],[10.147,49.299],[10.148,49.296],[10.15,49.291],[10.157,49.281],[10.16,49.275],[10.159,49.269],[10.157,49.267],[10.154,49.266],[10.15,49.266],[10.14,49.269],[10.137,49.27],[10.133,49.272],[10.131,49.273],[10.129,49.272],[10.128,49.27],[10.127,49.268],[10.127,49.264],[10.13,49.26],[10.144,49.25],[10.145,49.246],[10.145,49.237],[10.145,49.234],[10.145,49.229],[10.147,49.225],[10.15,49.222],[10.157,49.217],[10.16,49.215],[10.161,49.212],[10.159,49.209],[10.157,49.208],[10.155,49.207],[10.151,49.207],[10.149,49.206],[10.147,49.205],[10.148,49.203],[10.15,49.201],[10.159,49.196],[10.177,49.188],[10.181,49.186],[10.185,49.183],[10.205,49.164],[10.219,49.155],[10.221,49.154],[10.223,49.155],[10.234,49.16],[10.237,49.16],[10.239,49.161],[10.242,49.16],[10.244,49.16],[10.246,49.159],[10.261,49.149],[10.263,49.148],[10.265,49.144],[10.266,49.138],[10.264,49.127],[10.262,49.122],[10.26,49.119],[10.258,49.117],[10.257,49.116],[10.256,49.115],[10.254,49.11],[10.253,49.109],[10.251,49.108],[10.249,49.107],[10.247,49.106],[10.245,49.106],[10.24,49.106],[10.236,49.106],[10.234,49.106],[10.232,49.106],[10.231,49.104],[10.23,49.103],[10.231,49.101],[10.235,49.099],[10.246,49.095],[10.255,49.093],[10.26,49.092],[10.261,49.091],[10.263,49.089],[10.261,49.086],[10.259,49.082],[10.259,49.08],[10.259,49.079],[10.263,49.075],[10.278,49.066],[10.278,49.061],[10.277,49.057],[10.276,49.056],[10.275,49.053],[10.274,49.052],[10.274,49.05],[10.277,49.048],[10.282,49.046],[10.3,49.042],[10.305,49.042],[10.313,49.042],[10.316,49.042],[10.32,49.041],[10.337,49.034],[10.339,49.034],[10.342,49.033],[10.354,49.033],[10.357,49.032],[10.36,49.028],[10.364,49.021],[10.367,49.011],[10.373,49.005],[10.415,48.983],[10.423,48.973],[10.436,48.963],[10.437,48.962],[10.439,48.961],[10.44,48.959],[10.442,48.957],[10.446,48.949],[10.449,48.946],[10.454,48.944],[10.457,48.942],[10.459,48.939],[10.46,48.937],[10.463,48.93],[10.468,48.921],[10.468,48.918],[10.467,48.915],[10.463,48.912],[10.459,48.911],[10.448,48.909],[10.446,48.908],[10.445,48.906],[10.446,48.905],[10.454,48.9],[10.456,48.899],[10.456,48.894],[10.456,48.888],[10.453,48.861],[10.452,48.859],[10.452,48.858],[10.448,48.851],[10.448,48.85],[10.448,48.848],[10.449,48.846],[10.457,48.837],[10.458,48.835],[10.459,48.834],[10.459,48.831],[10.458,48.826],[10.456,48.818],[10.454,48.814],[10.452,48.811],[10.451,48.81],[10.444,48.806],[10.441,48.804],[10.439,48.8],[10.439,48.794],[10.44,48.78],[10.44,48.775],[10.439,48.772],[10.436,48.771],[10.435,48.769],[10.434,48.768],[10.432,48.766],[10.432,48.763],[10.431,48.761],[10.432,48.756],[10.433,48.751],[10.433,48.75],[10.434,48.748],[10.441,48.742],[10.461,48.735],[10.467,48.736],[10.469,48.735],[10.471,48.734],[10.475,48.729],[10.477,48.722],[10.495,48.699],[10.452,48.673],[10.438,48.668],[10.437,48.668],[10.435,48.669],[10.434,48.671],[10.433,48.673],[10.432,48.675],[10.432,48.678],[10.433,48.679],[10.434,48.682],[10.438,48.687],[10.438,48.69],[10.437,48.693],[10.438,48.695],[10.441,48.696],[10.443,48.698],[10.444,48.699],[10.442,48.703],[10.439,48.704],[10.435,48.705],[10.431,48.705],[10.424,48.702],[10.379,48.667],[10.375,48.665],[10.372,48.664],[10.37,48.665],[10.368,48.667],[10.362,48.674],[10.354,48.686],[10.351,48.689],[10.346,48.69],[10.325,48.689],[10.32,48.69],[10.316,48.691],[10.312,48.694],[10.303,48.701],[10.298,48.703],[10.294,48.703],[10.29,48.7],[10.283,48.691],[10.274,48.684],[10.272,48.683],[10.27,48.681],[10.269,48.669],[10.273,48.662],[10.277,48.659],[10.28,48.657],[10.282,48.655],[10.284,48.653],[10.286,48.649],[10.287,48.647],[10.289,48.645],[10.293,48.644],[10.299,48.642],[10.305,48.64],[10.31,48.637],[10.315,48.633],[10.32,48.629],[10.329,48.626],[10.331,48.625],[10.333,48.623],[10.334,48.621],[10.334,48.617],[10.329,48.614],[10.327,48.612],[10.319,48.61],[10.313,48.608],[10.312,48.607],[10.311,48.605],[10.312,48.6],[10.312,48.598],[10.313,48.596],[10.316,48.592],[10.321,48.587],[10.322,48.584],[10.324,48.579],[10.324,48.573],[10.324,48.568],[10.323,48.562],[10.312,48.543],[10.311,48.54],[10.311,48.537],[10.313,48.536],[10.314,48.535],[10.317,48.533],[10.319,48.533],[10.317,48.532],[10.315,48.531],[10.277,48.53],[10.268,48.528],[10.266,48.527],[10.262,48.525],[10.257,48.521],[10.254,48.518],[10.253,48.516],[10.251,48.505],[10.153,48.466],[10.148,48.466],[10.146,48.467],[10.144,48.468],[10.142,48.469],[10.141,48.471],[10.141,48.472],[10.14,48.479],[10.139,48.481],[10.138,48.483],[10.137,48.484],[10.133,48.487],[10.132,48.487],[10.13,48.488],[10.125,48.488],[10.121,48.487],[10.109,48.482],[10.101,48.477],[10.098,48.476],[10.08,48.473],[10.068,48.472],[10.064,48.471],[10.059,48.468],[10.051,48.462],[10.046,48.458],[10.041,48.45],[10.04,48.446],[10.041,48.442],[10.044,48.437],[10.037,48.433],[9.981,48.381],[9.99,48.37],[9.997,48.37],[9.999,48.37],[10,48.37],[10.001,48.37],[10.002,48.37],[10.003,48.369],[10.004,48.368],[10.022,48.341],[10.036,48.325],[10.05,48.311],[10.054,48.305],[10.07,48.269],[10.109,48.148],[10.136,48.107],[10.139,48.094],[10.14,48.084],[10.138,48.057],[10.13,48.035],[10.101,47.98],[10.093,47.977],[10.091,47.975],[10.088,47.973],[10.085,47.97],[10.085,47.966],[10.087,47.96],[10.096,47.948],[10.098,47.946],[10.109,47.938],[10.11,47.934],[10.109,47.91],[10.108,47.903],[10.106,47.898],[10.102,47.893],[10.101,47.89],[10.098,47.878],[10.097,47.875],[10.096,47.874],[10.093,47.871],[10.091,47.871],[10.09,47.87],[10.087,47.867],[10.086,47.866],[10.087,47.865],[10.088,47.862],[10.093,47.861],[10.095,47.861],[10.097,47.861],[10.099,47.862],[10.1,47.862],[10.101,47.862],[10.102,47.862],[10.104,47.86],[10.108,47.854],[10.111,47.845],[10.13,47.817],[10.124,47.814],[10.122,47.814],[10.12,47.814],[10.118,47.812],[10.117,47.81],[10.114,47.806],[10.112,47.804],[10.109,47.802],[10.092,47.802],[10.089,47.802],[10.087,47.801],[10.085,47.799],[10.08,47.793],[10.079,47.79],[10.08,47.787],[10.086,47.783],[10.093,47.779],[10.097,47.775],[10.099,47.77],[10.101,47.769],[10.104,47.768],[10.112,47.768],[10.114,47.767],[10.116,47.765],[10.117,47.763],[10.118,47.759],[10.119,47.73],[10.123,47.711],[10.126,47.701],[10.13,47.694],[10.131,47.691],[10.131,47.688],[10.13,47.683],[10.129,47.68],[10.127,47.677],[10.125,47.675],[10.121,47.674],[10.112,47.675],[10.093,47.68],[10.092,47.68],[10.09,47.679],[10.088,47.677],[10.087,47.673],[10.085,47.658],[10.076,47.65],[10.069,47.658],[10.065,47.664],[10.06,47.676],[10.058,47.678],[10.053,47.68],[10.046,47.68],[10.034,47.68],[10.009,47.675],[9.988,47.667],[9.97,47.662],[9.953,47.659],[9.929,47.659],[9.905,47.663],[9.872,47.673],[9.865,47.675],[9.853,47.672],[9.834,47.665],[9.76,47.62],[9.715,47.605],[9.686,47.611],[9.68,47.612],[9.664,47.606],[9.661,47.602],[9.659,47.599],[9.659,47.598],[9.655,47.596],[9.647,47.594],[9.62,47.591],[9.614,47.589],[9.612,47.588],[9.601,47.577],[9.554,47.533],[9.55,47.534]]]}},{"type":"Feature","id":"DE-BY","properties":{"id":"DE-BY","countryCode":"DE","isoSubdivision":"DE-BY","name":"Bavaria","name_en":"Bavaria","name_ko":"바이에른","type":"State","labelLongitude":11.397,"labelLatitude":49.006,"minZoom":6.6},"geometry":{"type":"Polygon","coordinates":[[[12.101,50.314],[12.076,50.315],[12.099,50.3],[12.107,50.291],[12.111,50.277],[12.109,50.264],[12.102,50.259],[12.092,50.255],[12.08,50.243],[12.09,50.231],[12.139,50.211],[12.164,50.194],[12.175,50.183],[12.183,50.171],[12.186,50.156],[12.179,50.133],[12.179,50.118],[12.188,50.103],[12.202,50.095],[12.218,50.089],[12.233,50.081],[12.241,50.071],[12.243,50.06],[12.244,50.051],[12.247,50.045],[12.398,49.993],[12.399,49.993],[12.415,49.983],[12.451,49.981],[12.468,49.97],[12.471,49.956],[12.464,49.942],[12.463,49.931],[12.504,49.916],[12.518,49.912],[12.524,49.905],[12.521,49.886],[12.513,49.87],[12.49,49.843],[12.483,49.827],[12.462,49.831],[12.456,49.817],[12.456,49.796],[12.453,49.78],[12.437,49.769],[12.395,49.758],[12.384,49.743],[12.389,49.732],[12.399,49.719],[12.42,49.7],[12.434,49.692],[12.449,49.685],[12.483,49.675],[12.496,49.67],[12.505,49.659],[12.505,49.646],[12.497,49.634],[12.499,49.633],[12.507,49.63],[12.503,49.622],[12.502,49.62],[12.512,49.612],[12.536,49.603],[12.547,49.596],[12.554,49.585],[12.558,49.563],[12.562,49.551],[12.569,49.539],[12.575,49.53],[12.583,49.522],[12.594,49.515],[12.605,49.513],[12.616,49.514],[12.623,49.51],[12.624,49.493],[12.627,49.46],[12.632,49.444],[12.644,49.429],[12.663,49.419],[12.709,49.405],[12.729,49.391],[12.762,49.343],[12.778,49.333],[12.798,49.328],[12.857,49.322],[12.875,49.324],[12.871,49.337],[12.885,49.34],[12.923,49.333],[12.94,49.327],[12.954,49.319],[12.982,49.3],[13,49.295],[13.005,49.287],[13.007,49.277],[13.011,49.268],[13.043,49.243],[13.056,49.238],[13.149,49.155],[13.163,49.135],[13.179,49.118],[13.207,49.107],[13.267,49.106],[13.287,49.101],[13.3,49.094],[13.33,49.067],[13.372,49.039],[13.384,49.021],[13.384,48.993],[13.399,48.978],[13.427,48.96],[13.459,48.945],[13.482,48.938],[13.493,48.955],[13.502,48.966],[13.516,48.97],[13.522,48.969],[13.539,48.967],[13.556,48.96],[13.573,48.951],[13.59,48.945],[13.609,48.946],[13.611,48.927],[13.622,48.909],[13.637,48.893],[13.654,48.882],[13.673,48.876],[13.711,48.872],[13.725,48.867],[13.748,48.843],[13.796,48.78],[13.816,48.766],[13.786,48.725],[13.784,48.715],[13.789,48.717],[13.799,48.703],[13.804,48.7],[13.817,48.696],[13.804,48.687],[13.801,48.675],[13.806,48.643],[13.805,48.626],[13.802,48.612],[13.796,48.599],[13.779,48.574],[13.774,48.569],[13.766,48.564],[13.758,48.561],[13.737,48.559],[13.734,48.56],[13.725,48.548],[13.717,48.522],[13.714,48.523],[13.673,48.535],[13.658,48.551],[13.642,48.559],[13.624,48.565],[13.521,48.585],[13.487,48.582],[13.455,48.573],[13.446,48.568],[13.44,48.561],[13.441,48.557],[13.444,48.553],[13.448,48.535],[13.457,48.525],[13.459,48.516],[13.456,48.507],[13.443,48.488],[13.438,48.479],[13.436,48.469],[13.438,48.441],[13.436,48.431],[13.432,48.424],[13.427,48.419],[13.425,48.413],[13.42,48.392],[13.406,48.377],[13.308,48.32],[13.274,48.307],[13.136,48.291],[13.033,48.264],[13.017,48.256],[12.979,48.232],[12.947,48.22],[12.932,48.212],[12.933,48.209],[12.878,48.202],[12.863,48.197],[12.853,48.19],[12.835,48.171],[12.822,48.161],[12.782,48.142],[12.778,48.139],[12.764,48.124],[12.758,48.122],[12.751,48.122],[12.745,48.121],[12.739,48.113],[12.737,48.1],[12.742,48.087],[12.751,48.075],[12.76,48.065],[12.831,48.015],[12.846,47.993],[12.848,47.982],[12.849,47.981],[12.854,47.97],[12.862,47.963],[12.886,47.953],[12.906,47.939],[12.914,47.936],[12.931,47.925],[12.965,47.872],[12.987,47.85],[12.991,47.847],[12.927,47.777],[12.921,47.77],[12.919,47.763],[12.919,47.757],[12.917,47.75],[12.911,47.743],[12.892,47.724],[12.908,47.712],[12.964,47.705],[12.979,47.707],[13.004,47.715],[13.02,47.713],[13.032,47.707],[13.045,47.697],[13.064,47.674],[13.072,47.659],[13.075,47.647],[13.074,47.635],[13.072,47.622],[13.07,47.62],[13.058,47.6],[13.057,47.598],[13.041,47.583],[13.038,47.584],[13.039,47.561],[13.041,47.562],[13.04,47.56],[13.031,47.544],[13.028,47.542],[13.028,47.524],[13.029,47.518],[13.031,47.513],[13.034,47.507],[13.037,47.501],[13.037,47.493],[13.009,47.47],[13.002,47.466],[12.991,47.466],[12.985,47.468],[12.979,47.472],[12.97,47.476],[12.959,47.476],[12.951,47.472],[12.943,47.47],[12.932,47.474],[12.883,47.499],[12.837,47.533],[12.828,47.537],[12.819,47.54],[12.804,47.541],[12.779,47.555],[12.774,47.58],[12.786,47.603],[12.813,47.612],[12.793,47.625],[12.767,47.636],[12.752,47.649],[12.762,47.667],[12.745,47.665],[12.689,47.675],[12.653,47.675],[12.617,47.669],[12.598,47.663],[12.563,47.642],[12.554,47.636],[12.538,47.631],[12.517,47.629],[12.497,47.629],[12.483,47.634],[12.453,47.65],[12.445,47.656],[12.439,47.664],[12.429,47.686],[12.424,47.692],[12.408,47.694],[12.368,47.684],[12.351,47.682],[12.294,47.69],[12.272,47.688],[12.25,47.68],[12.239,47.679],[12.229,47.685],[12.223,47.696],[12.227,47.703],[12.233,47.709],[12.237,47.717],[12.239,47.727],[12.242,47.732],[12.24,47.732],[12.225,47.727],[12.216,47.724],[12.192,47.71],[12.177,47.706],[12.179,47.698],[12.182,47.692],[12.189,47.686],[12.197,47.68],[12.202,47.678],[12.205,47.672],[12.207,47.646],[12.206,47.636],[12.202,47.63],[12.174,47.605],[12.166,47.604],[11.936,47.611],[11.852,47.599],[11.841,47.595],[11.831,47.578],[11.82,47.575],[11.764,47.583],[11.683,47.583],[11.639,47.589],[11.62,47.59],[11.617,47.587],[11.589,47.57],[11.582,47.56],[11.574,47.537],[11.569,47.527],[11.551,47.514],[11.53,47.508],[11.483,47.503],[11.46,47.507],[11.435,47.51],[11.413,47.506],[11.365,47.469],[11.378,47.467],[11.389,47.462],[11.392,47.455],[11.384,47.445],[11.368,47.44],[11.324,47.439],[11.306,47.435],[11.286,47.423],[11.273,47.411],[11.259,47.401],[11.237,47.394],[11.213,47.396],[11.215,47.423],[11.194,47.429],[11.169,47.424],[11.103,47.394],[11.084,47.39],[10.979,47.391],[10.966,47.396],[10.955,47.41],[10.958,47.41],[10.961,47.414],[10.963,47.421],[10.963,47.428],[10.96,47.433],[10.91,47.469],[10.858,47.485],[10.852,47.493],[10.884,47.508],[10.892,47.515],[10.869,47.527],[10.859,47.531],[10.845,47.531],[10.831,47.529],[10.79,47.516],[10.761,47.514],[10.752,47.515],[10.747,47.52],[10.744,47.525],[10.74,47.528],[10.608,47.562],[10.584,47.562],[10.57,47.556],[10.55,47.537],[10.537,47.53],[10.525,47.528],[10.483,47.533],[10.467,47.538],[10.459,47.542],[10.454,47.546],[10.452,47.555],[10.455,47.561],[10.46,47.566],[10.462,47.57],[10.457,47.579],[10.454,47.581],[10.446,47.579],[10.429,47.577],[10.414,47.573],[10.416,47.564],[10.424,47.553],[10.431,47.542],[10.43,47.533],[10.42,47.493],[10.434,47.488],[10.442,47.481],[10.448,47.473],[10.452,47.46],[10.452,47.439],[10.443,47.416],[10.428,47.396],[10.412,47.381],[10.403,47.377],[10.382,47.372],[10.372,47.367],[10.366,47.361],[10.343,47.331],[10.325,47.314],[10.306,47.302],[10.261,47.283],[10.239,47.278],[10.175,47.272],[10.16,47.271],[10.155,47.273],[10.159,47.279],[10.169,47.29],[10.173,47.292],[10.186,47.295],[10.191,47.298],[10.193,47.305],[10.193,47.311],[10.19,47.317],[10.209,47.354],[10.209,47.372],[10.191,47.379],[10.147,47.374],[10.135,47.365],[10.131,47.363],[10.126,47.363],[10.115,47.367],[10.11,47.367],[10.097,47.363],[10.09,47.359],[10.083,47.359],[10.073,47.365],[10.068,47.375],[10.067,47.386],[10.064,47.396],[10.053,47.405],[10.076,47.417],[10.081,47.427],[10.072,47.439],[10.023,47.488],[10.011,47.484],[10.002,47.479],[9.994,47.477],[9.983,47.481],[9.981,47.487],[9.981,47.49],[9.981,47.493],[9.972,47.506],[9.959,47.515],[9.949,47.524],[9.946,47.541],[9.934,47.534],[9.919,47.532],[9.889,47.534],[9.859,47.541],[9.854,47.54],[9.842,47.535],[9.833,47.535],[9.813,47.542],[9.809,47.552],[9.811,47.564],[9.808,47.576],[9.796,47.585],[9.782,47.588],[9.767,47.587],[9.753,47.582],[9.731,47.565],[9.718,47.547],[9.704,47.531],[9.677,47.523],[9.613,47.522],[9.554,47.533],[9.601,47.577],[9.612,47.588],[9.614,47.589],[9.62,47.591],[9.647,47.594],[9.655,47.596],[9.659,47.598],[9.659,47.599],[9.661,47.602],[9.664,47.606],[9.68,47.612],[9.686,47.611],[9.715,47.605],[9.76,47.62],[9.834,47.665],[9.853,47.672],[9.865,47.675],[9.872,47.673],[9.905,47.663],[9.929,47.659],[9.953,47.659],[9.97,47.662],[9.988,47.667],[10.009,47.675],[10.034,47.68],[10.046,47.68],[10.053,47.68],[10.058,47.678],[10.06,47.676],[10.065,47.664],[10.069,47.658],[10.076,47.65],[10.085,47.658],[10.087,47.673],[10.088,47.677],[10.09,47.679],[10.092,47.68],[10.093,47.68],[10.112,47.675],[10.121,47.674],[10.125,47.675],[10.127,47.677],[10.129,47.68],[10.13,47.683],[10.131,47.688],[10.131,47.691],[10.13,47.694],[10.126,47.701],[10.123,47.711],[10.119,47.73],[10.118,47.759],[10.117,47.763],[10.116,47.765],[10.114,47.767],[10.112,47.768],[10.104,47.768],[10.101,47.769],[10.099,47.77],[10.097,47.775],[10.093,47.779],[10.086,47.783],[10.08,47.787],[10.079,47.79],[10.08,47.793],[10.085,47.799],[10.087,47.801],[10.089,47.802],[10.092,47.802],[10.109,47.802],[10.112,47.804],[10.114,47.806],[10.117,47.81],[10.118,47.812],[10.12,47.814],[10.122,47.814],[10.124,47.814],[10.13,47.817],[10.111,47.845],[10.108,47.854],[10.104,47.86],[10.102,47.862],[10.101,47.862],[10.1,47.862],[10.099,47.862],[10.097,47.861],[10.095,47.861],[10.093,47.861],[10.088,47.862],[10.087,47.865],[10.086,47.866],[10.087,47.867],[10.09,47.87],[10.091,47.871],[10.093,47.871],[10.096,47.874],[10.097,47.875],[10.098,47.878],[10.101,47.89],[10.102,47.893],[10.106,47.898],[10.108,47.903],[10.109,47.91],[10.11,47.934],[10.109,47.938],[10.098,47.946],[10.096,47.948],[10.087,47.96],[10.085,47.966],[10.085,47.97],[10.088,47.973],[10.091,47.975],[10.093,47.977],[10.101,47.98],[10.13,48.035],[10.138,48.057],[10.14,48.084],[10.139,48.094],[10.136,48.107],[10.109,48.148],[10.07,48.269],[10.054,48.305],[10.05,48.311],[10.036,48.325],[10.022,48.341],[10.004,48.368],[10.003,48.369],[10.002,48.37],[10.001,48.37],[10,48.37],[9.999,48.37],[9.997,48.37],[9.99,48.37],[9.981,48.381],[10.037,48.433],[10.044,48.437],[10.041,48.442],[10.04,48.446],[10.041,48.45],[10.046,48.458],[10.051,48.462],[10.059,48.468],[10.064,48.471],[10.068,48.472],[10.08,48.473],[10.098,48.476],[10.101,48.477],[10.109,48.482],[10.121,48.487],[10.125,48.488],[10.13,48.488],[10.132,48.487],[10.133,48.487],[10.137,48.484],[10.138,48.483],[10.139,48.481],[10.14,48.479],[10.141,48.472],[10.141,48.471],[10.142,48.469],[10.144,48.468],[10.146,48.467],[10.148,48.466],[10.153,48.466],[10.251,48.505],[10.253,48.516],[10.254,48.518],[10.257,48.521],[10.262,48.525],[10.266,48.527],[10.268,48.528],[10.277,48.53],[10.315,48.531],[10.317,48.532],[10.319,48.533],[10.317,48.533],[10.314,48.535],[10.313,48.536],[10.311,48.537],[10.311,48.54],[10.312,48.543],[10.323,48.562],[10.324,48.568],[10.324,48.573],[10.324,48.579],[10.322,48.584],[10.321,48.587],[10.316,48.592],[10.313,48.596],[10.312,48.598],[10.312,48.6],[10.311,48.605],[10.312,48.607],[10.313,48.608],[10.319,48.61],[10.327,48.612],[10.329,48.614],[10.334,48.617],[10.334,48.621],[10.333,48.623],[10.331,48.625],[10.329,48.626],[10.32,48.629],[10.315,48.633],[10.31,48.637],[10.305,48.64],[10.299,48.642],[10.293,48.644],[10.289,48.645],[10.287,48.647],[10.286,48.649],[10.284,48.653],[10.282,48.655],[10.28,48.657],[10.277,48.659],[10.273,48.662],[10.269,48.669],[10.27,48.681],[10.272,48.683],[10.274,48.684],[10.283,48.691],[10.29,48.7],[10.294,48.703],[10.298,48.703],[10.303,48.701],[10.312,48.694],[10.316,48.691],[10.32,48.69],[10.325,48.689],[10.346,48.69],[10.351,48.689],[10.354,48.686],[10.362,48.674],[10.368,48.667],[10.37,48.665],[10.372,48.664],[10.375,48.665],[10.379,48.667],[10.424,48.702],[10.431,48.705],[10.435,48.705],[10.439,48.704],[10.442,48.703],[10.444,48.699],[10.443,48.698],[10.441,48.696],[10.438,48.695],[10.437,48.693],[10.438,48.69],[10.438,48.687],[10.434,48.682],[10.433,48.679],[10.432,48.678],[10.432,48.675],[10.433,48.673],[10.434,48.671],[10.435,48.669],[10.437,48.668],[10.438,48.668],[10.452,48.673],[10.495,48.699],[10.477,48.722],[10.475,48.729],[10.471,48.734],[10.469,48.735],[10.467,48.736],[10.461,48.735],[10.441,48.742],[10.434,48.748],[10.433,48.75],[10.433,48.751],[10.432,48.756],[10.431,48.761],[10.432,48.763],[10.432,48.766],[10.434,48.768],[10.435,48.769],[10.436,48.771],[10.439,48.772],[10.44,48.775],[10.44,48.78],[10.439,48.794],[10.439,48.8],[10.441,48.804],[10.444,48.806],[10.451,48.81],[10.452,48.811],[10.454,48.814],[10.456,48.818],[10.458,48.826],[10.459,48.831],[10.459,48.834],[10.458,48.835],[10.457,48.837],[10.449,48.846],[10.448,48.848],[10.448,48.85],[10.448,48.851],[10.452,48.858],[10.452,48.859],[10.453,48.861],[10.456,48.888],[10.456,48.894],[10.456,48.899],[10.454,48.9],[10.446,48.905],[10.445,48.906],[10.446,48.908],[10.448,48.909],[10.459,48.911],[10.463,48.912],[10.467,48.915],[10.468,48.918],[10.468,48.921],[10.463,48.93],[10.46,48.937],[10.459,48.939],[10.457,48.942],[10.454,48.944],[10.449,48.946],[10.446,48.949],[10.442,48.957],[10.44,48.959],[10.439,48.961],[10.437,48.962],[10.436,48.963],[10.423,48.973],[10.415,48.983],[10.373,49.005],[10.367,49.011],[10.364,49.021],[10.36,49.028],[10.357,49.032],[10.354,49.033],[10.342,49.033],[10.339,49.034],[10.337,49.034],[10.32,49.041],[10.316,49.042],[10.313,49.042],[10.305,49.042],[10.3,49.042],[10.282,49.046],[10.277,49.048],[10.274,49.05],[10.274,49.052],[10.275,49.053],[10.276,49.056],[10.277,49.057],[10.278,49.061],[10.278,49.066],[10.263,49.075],[10.259,49.079],[10.259,49.08],[10.259,49.082],[10.261,49.086],[10.263,49.089],[10.261,49.091],[10.26,49.092],[10.255,49.093],[10.246,49.095],[10.235,49.099],[10.231,49.101],[10.23,49.103],[10.231,49.104],[10.232,49.106],[10.234,49.106],[10.236,49.106],[10.24,49.106],[10.245,49.106],[10.247,49.106],[10.249,49.107],[10.251,49.108],[10.253,49.109],[10.254,49.11],[10.256,49.115],[10.257,49.116],[10.258,49.117],[10.26,49.119],[10.262,49.122],[10.264,49.127],[10.266,49.138],[10.265,49.144],[10.263,49.148],[10.261,49.149],[10.246,49.159],[10.244,49.16],[10.242,49.16],[10.239,49.161],[10.237,49.16],[10.234,49.16],[10.223,49.155],[10.221,49.154],[10.219,49.155],[10.205,49.164],[10.185,49.183],[10.181,49.186],[10.177,49.188],[10.159,49.196],[10.15,49.201],[10.148,49.203],[10.147,49.205],[10.149,49.206],[10.151,49.207],[10.155,49.207],[10.157,49.208],[10.159,49.209],[10.161,49.212],[10.16,49.215],[10.157,49.217],[10.15,49.222],[10.147,49.225],[10.145,49.229],[10.145,49.234],[10.145,49.237],[10.145,49.246],[10.144,49.25],[10.13,49.26],[10.127,49.264],[10.127,49.268],[10.128,49.27],[10.129,49.272],[10.131,49.273],[10.133,49.272],[10.137,49.27],[10.14,49.269],[10.15,49.266],[10.154,49.266],[10.157,49.267],[10.159,49.269],[10.16,49.275],[10.157,49.281],[10.15,49.291],[10.148,49.296],[10.147,49.299],[10.154,49.313],[10.154,49.317],[10.153,49.319],[10.151,49.32],[10.15,49.321],[10.147,49.321],[10.144,49.322],[10.138,49.323],[10.132,49.326],[10.122,49.335],[10.119,49.342],[10.119,49.348],[10.121,49.352],[10.122,49.37],[10.14,49.384],[10.144,49.384],[10.151,49.385],[10.157,49.382],[10.162,49.381],[10.17,49.38],[10.172,49.382],[10.171,49.384],[10.142,49.431],[10.14,49.433],[10.138,49.434],[10.134,49.436],[10.115,49.44],[10.112,49.442],[10.113,49.445],[10.115,49.447],[10.121,49.451],[10.124,49.456],[10.132,49.472],[10.122,49.487],[10.121,49.492],[10.121,49.494],[10.126,49.5],[10.129,49.506],[10.129,49.509],[10.128,49.511],[10.123,49.514],[10.12,49.515],[10.118,49.515],[10.115,49.515],[10.112,49.515],[10.109,49.515],[10.105,49.516],[10.099,49.519],[10.096,49.522],[10.096,49.524],[10.097,49.526],[10.098,49.527],[10.099,49.529],[10.103,49.534],[10.103,49.536],[10.102,49.538],[10.096,49.541],[10.093,49.542],[10.085,49.544],[10.061,49.532],[10.057,49.527],[10.058,49.526],[10.059,49.525],[10.06,49.524],[10.063,49.523],[10.064,49.522],[10.066,49.52],[10.067,49.517],[10.067,49.512],[10.066,49.509],[10.037,49.488],[10.028,49.483],[10.02,49.48],[9.948,49.479],[9.939,49.48],[9.936,49.482],[9.936,49.483],[9.937,49.485],[9.937,49.486],[9.932,49.506],[9.932,49.51],[9.932,49.514],[9.934,49.519],[9.934,49.524],[9.934,49.529],[9.932,49.537],[9.93,49.55],[9.929,49.552],[9.926,49.554],[9.913,49.561],[9.912,49.562],[9.913,49.563],[9.914,49.565],[9.916,49.567],[9.918,49.57],[9.919,49.572],[9.919,49.573],[9.917,49.576],[9.913,49.579],[9.909,49.58],[9.905,49.58],[9.902,49.578],[9.899,49.576],[9.893,49.571],[9.89,49.568],[9.889,49.566],[9.887,49.565],[9.881,49.564],[9.877,49.563],[9.873,49.561],[9.871,49.559],[9.87,49.552],[9.867,49.548],[9.864,49.545],[9.855,49.542],[9.849,49.543],[9.842,49.546],[9.839,49.548],[9.839,49.551],[9.842,49.554],[9.856,49.564],[9.858,49.566],[9.86,49.568],[9.861,49.571],[9.861,49.573],[9.859,49.579],[9.859,49.582],[9.86,49.585],[9.862,49.588],[9.871,49.596],[9.878,49.602],[9.88,49.604],[9.881,49.606],[9.882,49.608],[9.882,49.609],[9.882,49.611],[9.882,49.613],[9.88,49.616],[9.875,49.621],[9.84,49.645],[9.836,49.649],[9.835,49.651],[9.834,49.653],[9.833,49.662],[9.834,49.682],[9.833,49.686],[9.833,49.689],[9.832,49.691],[9.804,49.713],[9.797,49.72],[9.795,49.721],[9.793,49.722],[9.784,49.718],[9.768,49.714],[9.764,49.712],[9.761,49.71],[9.76,49.709],[9.74,49.697],[9.735,49.691],[9.732,49.689],[9.728,49.687],[9.724,49.689],[9.722,49.69],[9.713,49.704],[9.712,49.707],[9.711,49.71],[9.711,49.716],[9.71,49.72],[9.707,49.721],[9.705,49.721],[9.704,49.721],[9.703,49.72],[9.698,49.714],[9.696,49.712],[9.685,49.709],[9.682,49.707],[9.681,49.705],[9.68,49.702],[9.679,49.695],[9.678,49.693],[9.678,49.691],[9.673,49.688],[9.667,49.687],[9.653,49.688],[9.644,49.691],[9.636,49.694],[9.632,49.697],[9.631,49.698],[9.631,49.699],[9.631,49.701],[9.632,49.703],[9.639,49.713],[9.639,49.715],[9.639,49.717],[9.638,49.722],[9.639,49.724],[9.64,49.725],[9.645,49.728],[9.647,49.729],[9.647,49.731],[9.645,49.736],[9.645,49.74],[9.646,49.743],[9.647,49.745],[9.648,49.747],[9.65,49.749],[9.651,49.75],[9.651,49.752],[9.65,49.754],[9.648,49.759],[9.647,49.765],[9.647,49.766],[9.648,49.768],[9.65,49.77],[9.653,49.772],[9.655,49.775],[9.655,49.777],[9.653,49.781],[9.649,49.783],[9.646,49.784],[9.643,49.783],[9.638,49.78],[9.629,49.776],[9.612,49.772],[9.602,49.771],[9.574,49.782],[9.569,49.78],[9.557,49.778],[9.545,49.779],[9.491,49.795],[9.473,49.796],[9.437,49.792],[9.401,49.784],[9.352,49.786],[9.34,49.783],[9.328,49.778],[9.318,49.771],[9.312,49.766],[9.319,49.752],[9.32,49.75],[9.319,49.748],[9.318,49.745],[9.313,49.739],[9.313,49.735],[9.314,49.732],[9.315,49.73],[9.319,49.728],[9.327,49.727],[9.361,49.723],[9.367,49.721],[9.37,49.719],[9.371,49.715],[9.371,49.712],[9.367,49.705],[9.367,49.701],[9.369,49.698],[9.373,49.698],[9.376,49.698],[9.379,49.698],[9.383,49.7],[9.386,49.702],[9.388,49.706],[9.391,49.713],[9.392,49.715],[9.393,49.716],[9.395,49.717],[9.397,49.718],[9.4,49.719],[9.402,49.718],[9.421,49.713],[9.424,49.711],[9.426,49.709],[9.427,49.708],[9.416,49.668],[9.415,49.663],[9.416,49.663],[9.416,49.662],[9.419,49.658],[9.423,49.651],[9.404,49.64],[9.4,49.64],[9.395,49.64],[9.383,49.649],[9.379,49.65],[9.377,49.65],[9.348,49.642],[9.338,49.641],[9.324,49.641],[9.316,49.64],[9.308,49.639],[9.294,49.633],[9.289,49.63],[9.286,49.627],[9.289,49.614],[9.29,49.612],[9.29,49.611],[9.288,49.609],[9.279,49.603],[9.276,49.601],[9.274,49.598],[9.271,49.59],[9.269,49.587],[9.264,49.581],[9.259,49.579],[9.253,49.578],[9.194,49.577],[9.179,49.579],[9.122,49.571],[9.118,49.571],[9.111,49.575],[9.096,49.591],[9.077,49.603],[9.073,49.607],[9.073,49.611],[9.077,49.614],[9.079,49.616],[9.081,49.618],[9.091,49.625],[9.099,49.63],[9.103,49.631],[9.106,49.633],[9.108,49.635],[9.111,49.64],[9.11,49.646],[9.1,49.673],[9.099,49.681],[9.099,49.686],[9.104,49.688],[9.108,49.688],[9.115,49.688],[9.119,49.689],[9.123,49.69],[9.128,49.692],[9.133,49.696],[9.135,49.698],[9.135,49.7],[9.133,49.703],[9.132,49.709],[9.132,49.713],[9.133,49.717],[9.135,49.722],[9.149,49.74],[9.149,49.744],[9.147,49.746],[9.131,49.751],[9.123,49.754],[9.12,49.758],[9.12,49.762],[9.122,49.766],[9.136,49.778],[9.14,49.784],[9.141,49.787],[9.139,49.791],[9.136,49.794],[9.133,49.796],[9.13,49.796],[9.127,49.796],[9.122,49.795],[9.118,49.794],[9.113,49.794],[9.109,49.794],[9.104,49.796],[9.099,49.8],[9.096,49.805],[9.091,49.815],[9.09,49.822],[9.09,49.828],[9.093,49.836],[9.093,49.84],[9.093,49.842],[9.091,49.843],[9.09,49.844],[9.088,49.844],[9.086,49.843],[9.083,49.841],[9.077,49.834],[9.075,49.832],[9.073,49.831],[9.072,49.83],[9.07,49.831],[9.069,49.831],[9.068,49.833],[9.065,49.837],[9.062,49.84],[9.049,49.866],[9.04,49.882],[9.027,49.907],[9.026,49.911],[9.028,49.985],[9.049,49.98],[9.051,49.981],[9.053,49.982],[9.052,49.984],[9.045,49.993],[9.041,49.999],[9.041,50],[9.042,50.012],[9.032,50.021],[9.027,50.043],[9.026,50.045],[9.021,50.048],[9.012,50.05],[9.002,50.048],[8.997,50.045],[8.992,50.046],[8.983,50.05],[8.977,50.053],[8.979,50.055],[8.988,50.062],[8.991,50.064],[8.995,50.063],[8.999,50.063],[9.003,50.064],[9.006,50.066],[9.007,50.07],[9.008,50.074],[9.008,50.089],[9.009,50.093],[9.01,50.097],[9.012,50.099],[9.014,50.101],[9.019,50.104],[9.024,50.105],[9.057,50.11],[9.108,50.125],[9.111,50.126],[9.114,50.126],[9.117,50.125],[9.121,50.124],[9.134,50.117],[9.139,50.115],[9.153,50.112],[9.155,50.111],[9.155,50.11],[9.154,50.108],[9.148,50.102],[9.147,50.099],[9.146,50.098],[9.149,50.098],[9.156,50.1],[9.171,50.107],[9.188,50.12],[9.19,50.123],[9.191,50.125],[9.19,50.13],[9.191,50.135],[9.194,50.137],[9.198,50.138],[9.229,50.144],[9.235,50.144],[9.241,50.144],[9.251,50.142],[9.296,50.141],[9.299,50.141],[9.306,50.139],[9.311,50.139],[9.324,50.14],[9.329,50.139],[9.368,50.127],[9.378,50.123],[9.384,50.119],[9.386,50.117],[9.387,50.115],[9.391,50.106],[9.393,50.104],[9.4,50.098],[9.407,50.092],[9.43,50.09],[9.446,50.091],[9.507,50.108],[9.514,50.113],[9.517,50.116],[9.511,50.135],[9.51,50.138],[9.512,50.143],[9.515,50.148],[9.527,50.164],[9.529,50.167],[9.529,50.169],[9.527,50.17],[9.525,50.171],[9.522,50.172],[9.504,50.174],[9.502,50.175],[9.5,50.175],[9.499,50.177],[9.498,50.179],[9.498,50.181],[9.499,50.184],[9.5,50.189],[9.507,50.203],[9.509,50.207],[9.505,50.227],[9.506,50.233],[9.508,50.236],[9.511,50.236],[9.52,50.234],[9.526,50.233],[9.53,50.233],[9.539,50.236],[9.541,50.237],[9.543,50.236],[9.546,50.235],[9.549,50.233],[9.553,50.228],[9.555,50.227],[9.558,50.226],[9.56,50.226],[9.576,50.229],[9.58,50.229],[9.584,50.229],[9.586,50.228],[9.588,50.228],[9.59,50.226],[9.593,50.225],[9.598,50.224],[9.612,50.224],[9.631,50.228],[9.661,50.234],[9.663,50.236],[9.665,50.238],[9.66,50.242],[9.658,50.247],[9.658,50.254],[9.665,50.268],[9.673,50.275],[9.68,50.28],[9.694,50.284],[9.704,50.285],[9.722,50.29],[9.738,50.298],[9.745,50.301],[9.749,50.306],[9.749,50.315],[9.748,50.324],[9.747,50.328],[9.746,50.333],[9.743,50.347],[9.767,50.402],[9.779,50.414],[9.784,50.415],[9.796,50.419],[9.799,50.42],[9.802,50.419],[9.804,50.418],[9.807,50.417],[9.814,50.409],[9.819,50.405],[9.828,50.401],[9.835,50.399],[9.839,50.398],[9.847,50.398],[9.859,50.399],[9.918,50.414],[9.981,50.437],[10.001,50.448],[10.013,50.461],[10.023,50.474],[10.044,50.497],[10.046,50.499],[10.048,50.503],[10.049,50.506],[10.055,50.517],[10.11,50.555],[10.126,50.563],[10.128,50.561],[10.128,50.558],[10.128,50.556],[10.127,50.553],[10.128,50.55],[10.13,50.548],[10.134,50.547],[10.139,50.546],[10.188,50.549],[10.197,50.548],[10.203,50.546],[10.205,50.544],[10.209,50.542],[10.215,50.539],[10.218,50.536],[10.22,50.534],[10.222,50.528],[10.226,50.521],[10.228,50.516],[10.232,50.513],[10.238,50.51],[10.319,50.492],[10.328,50.489],[10.333,50.486],[10.334,50.483],[10.337,50.478],[10.338,50.476],[10.338,50.473],[10.337,50.467],[10.337,50.464],[10.339,50.461],[10.341,50.459],[10.355,50.451],[10.36,50.448],[10.365,50.444],[10.369,50.44],[10.373,50.437],[10.399,50.423],[10.402,50.42],[10.401,50.417],[10.398,50.415],[10.393,50.412],[10.392,50.409],[10.393,50.405],[10.397,50.4],[10.401,50.397],[10.405,50.396],[10.425,50.395],[10.434,50.396],[10.443,50.398],[10.449,50.399],[10.452,50.397],[10.453,50.395],[10.454,50.392],[10.458,50.388],[10.461,50.384],[10.466,50.38],[10.493,50.366],[10.495,50.363],[10.496,50.36],[10.496,50.356],[10.497,50.354],[10.5,50.354],[10.513,50.353],[10.521,50.352],[10.526,50.352],[10.529,50.354],[10.536,50.357],[10.552,50.359],[10.566,50.34],[10.574,50.334],[10.588,50.329],[10.591,50.326],[10.592,50.323],[10.593,50.318],[10.594,50.311],[10.599,50.299],[10.6,50.293],[10.6,50.288],[10.598,50.285],[10.598,50.279],[10.595,50.276],[10.594,50.271],[10.595,50.268],[10.598,50.261],[10.607,50.25],[10.608,50.247],[10.607,50.243],[10.604,50.241],[10.604,50.238],[10.605,50.235],[10.609,50.231],[10.617,50.224],[10.662,50.225],[10.687,50.22],[10.7,50.214],[10.714,50.208],[10.721,50.207],[10.725,50.208],[10.727,50.21],[10.727,50.213],[10.727,50.221],[10.732,50.242],[10.739,50.248],[10.743,50.248],[10.747,50.247],[10.749,50.246],[10.753,50.244],[10.758,50.243],[10.767,50.244],[10.798,50.248],[10.803,50.247],[10.817,50.243],[10.829,50.241],[10.835,50.241],[10.84,50.242],[10.843,50.244],[10.846,50.247],[10.847,50.251],[10.848,50.254],[10.847,50.258],[10.847,50.261],[10.845,50.266],[10.843,50.268],[10.841,50.27],[10.838,50.272],[10.82,50.275],[10.816,50.276],[10.813,50.277],[10.81,50.279],[10.808,50.281],[10.807,50.283],[10.804,50.288],[10.802,50.29],[10.799,50.292],[10.795,50.292],[10.778,50.291],[10.773,50.292],[10.769,50.293],[10.766,50.294],[10.763,50.296],[10.751,50.305],[10.75,50.306],[10.738,50.311],[10.727,50.314],[10.723,50.316],[10.719,50.318],[10.715,50.322],[10.714,50.328],[10.718,50.352],[10.722,50.357],[10.726,50.361],[10.73,50.361],[10.735,50.361],[10.749,50.357],[10.751,50.357],[10.755,50.357],[10.758,50.358],[10.761,50.36],[10.763,50.363],[10.765,50.366],[10.78,50.381],[10.784,50.384],[10.789,50.386],[10.792,50.386],[10.794,50.386],[10.804,50.383],[10.806,50.382],[10.81,50.382],[10.817,50.384],[10.821,50.385],[10.833,50.39],[10.837,50.391],[10.841,50.392],[10.859,50.389],[10.867,50.392],[10.871,50.394],[10.875,50.394],[10.877,50.394],[10.88,50.394],[10.883,50.392],[10.885,50.391],[10.887,50.388],[10.889,50.386],[10.891,50.384],[10.893,50.383],[10.896,50.382],[10.899,50.382],[10.902,50.382],[10.928,50.388],[10.936,50.389],[10.943,50.387],[10.978,50.355],[10.982,50.353],[10.988,50.35],[10.99,50.351],[10.992,50.353],[10.992,50.355],[10.994,50.362],[10.995,50.363],[10.998,50.364],[11.025,50.361],[11.032,50.359],[11.037,50.355],[11.042,50.349],[11.046,50.348],[11.05,50.348],[11.064,50.352],[11.068,50.353],[11.082,50.354],[11.086,50.354],[11.088,50.356],[11.09,50.358],[11.094,50.361],[11.098,50.363],[11.109,50.365],[11.113,50.365],[11.116,50.364],[11.118,50.358],[11.121,50.354],[11.125,50.353],[11.131,50.353],[11.135,50.352],[11.138,50.35],[11.145,50.342],[11.15,50.338],[11.154,50.334],[11.155,50.331],[11.156,50.329],[11.157,50.327],[11.156,50.326],[11.155,50.324],[11.135,50.309],[11.143,50.301],[11.192,50.272],[11.202,50.283],[11.208,50.285],[11.216,50.28],[11.221,50.278],[11.244,50.273],[11.251,50.274],[11.255,50.275],[11.257,50.277],[11.257,50.279],[11.257,50.281],[11.255,50.288],[11.256,50.291],[11.258,50.294],[11.264,50.301],[11.266,50.305],[11.266,50.308],[11.265,50.311],[11.259,50.317],[11.259,50.321],[11.261,50.326],[11.269,50.339],[11.271,50.341],[11.27,50.344],[11.269,50.347],[11.268,50.351],[11.269,50.353],[11.271,50.354],[11.279,50.356],[11.28,50.357],[11.28,50.359],[11.278,50.363],[11.278,50.366],[11.277,50.368],[11.277,50.371],[11.277,50.374],[11.276,50.376],[11.274,50.378],[11.267,50.384],[11.265,50.386],[11.265,50.389],[11.265,50.394],[11.264,50.396],[11.26,50.401],[11.259,50.403],[11.259,50.407],[11.262,50.425],[11.263,50.428],[11.262,50.431],[11.261,50.436],[11.26,50.439],[11.258,50.442],[11.256,50.445],[11.254,50.449],[11.257,50.453],[11.257,50.455],[11.256,50.457],[11.253,50.462],[11.249,50.473],[11.276,50.481],[11.296,50.484],[11.316,50.493],[11.32,50.495],[11.32,50.497],[11.32,50.498],[11.32,50.5],[11.321,50.501],[11.321,50.503],[11.325,50.508],[11.33,50.51],[11.337,50.511],[11.347,50.519],[11.41,50.517],[11.427,50.513],[11.436,50.503],[11.438,50.5],[11.438,50.499],[11.439,50.497],[11.438,50.495],[11.436,50.493],[11.426,50.489],[11.421,50.486],[11.418,50.452],[11.419,50.448],[11.421,50.443],[11.431,50.44],[11.441,50.435],[11.448,50.429],[11.454,50.428],[11.458,50.428],[11.462,50.429],[11.466,50.43],[11.471,50.429],[11.477,50.427],[11.48,50.425],[11.482,50.422],[11.484,50.414],[11.485,50.4],[11.487,50.397],[11.493,50.394],[11.502,50.39],[11.518,50.382],[11.526,50.379],[11.532,50.378],[11.539,50.38],[11.552,50.381],[11.556,50.382],[11.559,50.384],[11.561,50.386],[11.564,50.391],[11.566,50.393],[11.57,50.395],[11.579,50.395],[11.592,50.394],[11.621,50.387],[11.74,50.403],[11.757,50.406],[11.758,50.408],[11.76,50.409],[11.761,50.412],[11.768,50.413],[11.785,50.414],[11.792,50.414],[11.797,50.414],[11.798,50.412],[11.799,50.411],[11.8,50.409],[11.801,50.409],[11.804,50.407],[11.809,50.405],[11.82,50.402],[11.823,50.401],[11.824,50.399],[11.823,50.397],[11.822,50.395],[11.824,50.391],[11.829,50.391],[11.832,50.392],[11.836,50.394],[11.839,50.395],[11.85,50.398],[11.867,50.401],[11.872,50.403],[11.881,50.407],[11.905,50.415],[11.932,50.417],[11.941,50.415],[11.944,50.411],[11.946,50.409],[11.948,50.407],[11.95,50.405],[11.96,50.394],[11.981,50.385],[11.985,50.381],[11.983,50.379],[11.982,50.375],[11.982,50.371],[11.986,50.352],[11.989,50.349],[11.999,50.346],[12.04,50.329],[12.043,50.328],[12.048,50.327],[12.052,50.327],[12.065,50.328],[12.094,50.323],[12.101,50.314]]]}},{"type":"Feature","id":"DE-HB","properties":{"id":"DE-HB","countryCode":"DE","isoSubdivision":"DE-HB","name":"Free Hanseatic Bremen","name_en":"Free Hanseatic Bremen","name_ko":"브레멘","type":"State","labelLongitude":8.743,"labelLatitude":53.121,"minZoom":6.6},"geometry":{"type":"MultiPolygon","coordinates":[[[[8.557,53.52],[8.566,53.547],[8.561,53.552],[8.535,53.591],[8.528,53.597],[8.517,53.61],[8.513,53.617],[8.562,53.606],[8.584,53.604],[8.625,53.605],[8.631,53.604],[8.632,53.602],[8.628,53.599],[8.625,53.597],[8.623,53.594],[8.622,53.591],[8.62,53.588],[8.621,53.582],[8.624,53.577],[8.631,53.568],[8.635,53.56],[8.642,53.539],[8.643,53.532],[8.642,53.525],[8.641,53.52],[8.639,53.517],[8.624,53.502],[8.603,53.49],[8.601,53.49],[8.6,53.49],[8.597,53.491],[8.595,53.492],[8.588,53.5],[8.587,53.5],[8.586,53.5],[8.578,53.499],[8.573,53.502],[8.561,53.516],[8.557,53.52]]],[[[8.519,53.226],[8.53,53.225],[8.561,53.213],[8.564,53.212],[8.566,53.212],[8.585,53.215],[8.59,53.215],[8.618,53.205],[8.677,53.19],[8.69,53.188],[8.701,53.189],[8.704,53.19],[8.705,53.19],[8.707,53.191],[8.71,53.192],[8.733,53.193],[8.746,53.192],[8.748,53.191],[8.749,53.19],[8.75,53.188],[8.75,53.187],[8.75,53.185],[8.749,53.184],[8.751,53.181],[8.757,53.179],[8.779,53.17],[8.784,53.169],[8.812,53.17],[8.824,53.168],[8.826,53.167],[8.841,53.158],[8.861,53.149],[8.895,53.139],[8.904,53.138],[8.909,53.139],[8.912,53.139],[8.914,53.141],[8.916,53.142],[8.917,53.144],[8.918,53.147],[8.919,53.15],[8.924,53.157],[8.926,53.159],[8.928,53.161],[8.933,53.163],[8.936,53.163],[8.939,53.162],[8.949,53.156],[8.973,53.14],[8.975,53.137],[8.975,53.135],[8.972,53.132],[8.96,53.126],[8.958,53.123],[8.958,53.122],[8.962,53.116],[8.986,53.1],[8.988,53.097],[8.99,53.094],[8.988,53.092],[8.981,53.086],[8.979,53.082],[8.977,53.076],[8.975,53.062],[8.974,53.056],[8.973,53.053],[8.958,53.043],[8.923,53.027],[8.915,53.025],[8.866,53.048],[8.866,53.047],[8.865,53.045],[8.866,53.043],[8.866,53.04],[8.863,53.037],[8.858,53.036],[8.844,53.033],[8.834,53.034],[8.825,53.035],[8.777,53.053],[8.772,53.055],[8.768,53.055],[8.759,53.052],[8.719,53.048],[8.705,53.05],[8.704,53.05],[8.702,53.051],[8.703,53.052],[8.703,53.053],[8.702,53.054],[8.703,53.08],[8.702,53.083],[8.7,53.086],[8.693,53.088],[8.654,53.116],[8.638,53.13],[8.636,53.134],[8.634,53.139],[8.633,53.141],[8.631,53.16],[8.617,53.177],[8.611,53.18],[8.589,53.179],[8.578,53.18],[8.554,53.19],[8.513,53.2],[8.505,53.211],[8.501,53.217],[8.496,53.224],[8.519,53.226]]]]}},{"type":"Feature","id":"DE-HE","properties":{"id":"DE-HE","countryCode":"DE","isoSubdivision":"DE-HE","name":"Hesse","name_en":"Hesse","name_ko":"헤센","type":"State","labelLongitude":8.959,"labelLatitude":50.61,"minZoom":6.6},"geometry":{"type":"Polygon","coordinates":[[[9.949,51.382],[9.93,51.372],[9.927,51.367],[9.923,51.36],[9.924,51.356],[9.925,51.353],[9.927,51.351],[9.928,51.348],[9.929,51.342],[9.93,51.34],[9.932,51.338],[9.937,51.334],[9.941,51.331],[9.943,51.327],[9.946,51.317],[9.945,51.308],[9.947,51.304],[9.95,51.303],[9.954,51.304],[9.959,51.303],[9.965,51.3],[9.973,51.292],[9.979,51.288],[9.984,51.286],[9.989,51.286],[10,51.286],[10.002,51.286],[10.025,51.28],[10.04,51.279],[10.049,51.277],[10.053,51.274],[10.054,51.271],[10.049,51.263],[10.049,51.258],[10.051,51.254],[10.054,51.252],[10.069,51.244],[10.072,51.239],[10.074,51.228],[10.077,51.225],[10.081,51.223],[10.086,51.223],[10.09,51.222],[10.096,51.219],[10.1,51.218],[10.105,51.217],[10.112,51.216],[10.117,51.215],[10.127,51.214],[10.133,51.213],[10.142,51.209],[10.148,51.207],[10.154,51.206],[10.163,51.207],[10.173,51.206],[10.186,51.201],[10.197,51.195],[10.217,51.187],[10.23,51.184],[10.232,51.183],[10.233,51.18],[10.233,51.179],[10.229,51.173],[10.214,51.161],[10.209,51.151],[10.208,51.147],[10.208,51.141],[10.203,51.12],[10.199,51.116],[10.196,51.116],[10.195,51.118],[10.194,51.122],[10.191,51.124],[10.186,51.127],[10.185,51.128],[10.185,51.129],[10.186,51.131],[10.186,51.133],[10.185,51.135],[10.177,51.142],[10.174,51.145],[10.166,51.145],[10.157,51.145],[10.134,51.141],[10.128,51.138],[10.126,51.136],[10.129,51.135],[10.132,51.133],[10.134,51.131],[10.136,51.129],[10.137,51.126],[10.138,51.124],[10.14,51.122],[10.143,51.12],[10.147,51.119],[10.166,51.117],[10.169,51.115],[10.169,51.111],[10.165,51.103],[10.152,51.089],[10.147,51.081],[10.144,51.074],[10.141,51.064],[10.141,51.059],[10.142,51.055],[10.146,51.054],[10.156,51.054],[10.16,51.053],[10.163,51.052],[10.169,51.048],[10.172,51.047],[10.176,51.046],[10.19,51.046],[10.193,51.045],[10.195,51.043],[10.198,51.038],[10.205,51.032],[10.208,51.029],[10.21,51.024],[10.209,51.021],[10.194,50.999],[10.191,50.997],[10.188,50.996],[10.165,50.996],[10.143,50.994],[10.138,50.994],[10.133,50.995],[10.13,50.996],[10.124,50.998],[10.123,50.999],[10.122,51],[10.122,51.001],[10.124,51.006],[10.123,51.008],[10.121,51.009],[10.118,51.009],[10.108,51.006],[10.104,51.006],[10.093,51.009],[10.063,51.009],[10.051,51.007],[10.026,50.996],[10.024,50.982],[10.026,50.976],[10.029,50.974],[10.033,50.973],[10.037,50.968],[10.043,50.962],[10.046,50.949],[10.045,50.944],[10.041,50.941],[10.025,50.938],[10.013,50.937],[9.978,50.939],[9.975,50.94],[9.973,50.941],[9.971,50.942],[9.968,50.943],[9.963,50.943],[9.956,50.942],[9.953,50.939],[9.952,50.936],[9.951,50.93],[9.953,50.927],[9.956,50.925],[9.959,50.925],[9.962,50.926],[9.967,50.93],[9.97,50.929],[9.971,50.926],[9.97,50.914],[9.972,50.909],[9.974,50.906],[9.978,50.906],[9.981,50.908],[9.984,50.909],[9.986,50.911],[9.988,50.914],[9.99,50.916],[9.992,50.918],[9.995,50.919],[9.997,50.92],[10,50.921],[10.003,50.921],[10.006,50.921],[10.009,50.921],[10.011,50.92],[10.021,50.915],[10.033,50.909],[10.036,50.906],[10.039,50.901],[10.044,50.893],[10.048,50.889],[10.056,50.883],[10.029,50.862],[10.026,50.859],[10.023,50.854],[10.027,50.847],[10.026,50.837],[10.023,50.833],[10.019,50.832],[10.013,50.832],[10.007,50.831],[9.998,50.827],[9.992,50.826],[9.972,50.824],[9.958,50.82],[9.952,50.818],[9.949,50.815],[9.95,50.813],[9.95,50.81],[9.944,50.803],[9.943,50.8],[9.942,50.796],[9.942,50.793],[9.943,50.79],[9.945,50.785],[9.946,50.781],[9.946,50.777],[9.945,50.774],[9.943,50.774],[9.941,50.776],[9.939,50.776],[9.936,50.776],[9.931,50.774],[9.926,50.773],[9.921,50.764],[9.932,50.756],[9.936,50.751],[9.936,50.749],[9.936,50.743],[9.935,50.737],[9.933,50.733],[9.93,50.727],[9.916,50.711],[9.913,50.705],[9.912,50.7],[9.914,50.695],[9.913,50.693],[9.907,50.687],[9.904,50.685],[9.901,50.684],[9.897,50.682],[9.893,50.68],[9.888,50.676],[9.881,50.667],[9.879,50.662],[9.878,50.657],[9.878,50.652],[9.878,50.644],[9.88,50.637],[9.883,50.634],[9.887,50.633],[9.895,50.635],[9.898,50.636],[9.902,50.637],[9.905,50.638],[9.91,50.637],[9.926,50.63],[9.934,50.628],[9.943,50.627],[9.948,50.627],[9.951,50.628],[9.954,50.63],[9.957,50.635],[9.96,50.64],[9.96,50.642],[9.957,50.644],[9.95,50.65],[9.947,50.653],[9.947,50.656],[9.947,50.658],[9.949,50.661],[9.951,50.663],[9.955,50.664],[9.971,50.667],[9.978,50.669],[9.991,50.674],[9.998,50.676],[10.004,50.677],[10.008,50.676],[10.025,50.673],[10.043,50.671],[10.052,50.67],[10.057,50.668],[10.06,50.666],[10.063,50.663],[10.074,50.645],[10.076,50.622],[10.074,50.62],[10.072,50.618],[10.07,50.619],[10.065,50.619],[10.059,50.617],[10.048,50.61],[10.046,50.605],[10.046,50.602],[10.048,50.6],[10.049,50.598],[10.049,50.594],[10.048,50.576],[10.048,50.573],[10.048,50.57],[10.049,50.567],[10.05,50.565],[10.057,50.554],[10.056,50.549],[10.047,50.532],[10.045,50.526],[10.044,50.522],[10.045,50.52],[10.047,50.517],[10.055,50.517],[10.049,50.506],[10.048,50.503],[10.046,50.499],[10.044,50.497],[10.023,50.474],[10.013,50.461],[10.001,50.448],[9.981,50.437],[9.918,50.414],[9.859,50.399],[9.847,50.398],[9.839,50.398],[9.835,50.399],[9.828,50.401],[9.819,50.405],[9.814,50.409],[9.807,50.417],[9.804,50.418],[9.802,50.419],[9.799,50.42],[9.796,50.419],[9.784,50.415],[9.779,50.414],[9.767,50.402],[9.743,50.347],[9.746,50.333],[9.747,50.328],[9.748,50.324],[9.749,50.315],[9.749,50.306],[9.745,50.301],[9.738,50.298],[9.722,50.29],[9.704,50.285],[9.694,50.284],[9.68,50.28],[9.673,50.275],[9.665,50.268],[9.658,50.254],[9.658,50.247],[9.66,50.242],[9.665,50.238],[9.663,50.236],[9.661,50.234],[9.631,50.228],[9.612,50.224],[9.598,50.224],[9.593,50.225],[9.59,50.226],[9.588,50.228],[9.586,50.228],[9.584,50.229],[9.58,50.229],[9.576,50.229],[9.56,50.226],[9.558,50.226],[9.555,50.227],[9.553,50.228],[9.549,50.233],[9.546,50.235],[9.543,50.236],[9.541,50.237],[9.539,50.236],[9.53,50.233],[9.526,50.233],[9.52,50.234],[9.511,50.236],[9.508,50.236],[9.506,50.233],[9.505,50.227],[9.509,50.207],[9.507,50.203],[9.5,50.189],[9.499,50.184],[9.498,50.181],[9.498,50.179],[9.499,50.177],[9.5,50.175],[9.502,50.175],[9.504,50.174],[9.522,50.172],[9.525,50.171],[9.527,50.17],[9.529,50.169],[9.529,50.167],[9.527,50.164],[9.515,50.148],[9.512,50.143],[9.51,50.138],[9.511,50.135],[9.517,50.116],[9.514,50.113],[9.507,50.108],[9.446,50.091],[9.43,50.09],[9.407,50.092],[9.4,50.098],[9.393,50.104],[9.391,50.106],[9.387,50.115],[9.386,50.117],[9.384,50.119],[9.378,50.123],[9.368,50.127],[9.329,50.139],[9.324,50.14],[9.311,50.139],[9.306,50.139],[9.299,50.141],[9.296,50.141],[9.251,50.142],[9.241,50.144],[9.235,50.144],[9.229,50.144],[9.198,50.138],[9.194,50.137],[9.191,50.135],[9.19,50.13],[9.191,50.125],[9.19,50.123],[9.188,50.12],[9.171,50.107],[9.156,50.1],[9.149,50.098],[9.146,50.098],[9.147,50.099],[9.148,50.102],[9.154,50.108],[9.155,50.11],[9.155,50.111],[9.153,50.112],[9.139,50.115],[9.134,50.117],[9.121,50.124],[9.117,50.125],[9.114,50.126],[9.111,50.126],[9.108,50.125],[9.057,50.11],[9.024,50.105],[9.019,50.104],[9.014,50.101],[9.012,50.099],[9.01,50.097],[9.009,50.093],[9.008,50.089],[9.008,50.074],[9.007,50.07],[9.006,50.066],[9.003,50.064],[8.999,50.063],[8.995,50.063],[8.991,50.064],[8.988,50.062],[8.979,50.055],[8.977,50.053],[8.983,50.05],[8.992,50.046],[8.997,50.045],[9.002,50.048],[9.012,50.05],[9.021,50.048],[9.026,50.045],[9.027,50.043],[9.032,50.021],[9.042,50.012],[9.041,50],[9.041,49.999],[9.045,49.993],[9.052,49.984],[9.053,49.982],[9.051,49.981],[9.049,49.98],[9.028,49.985],[9.026,49.911],[9.027,49.907],[9.04,49.882],[9.049,49.866],[9.062,49.84],[9.065,49.837],[9.068,49.833],[9.069,49.831],[9.07,49.831],[9.072,49.83],[9.073,49.831],[9.075,49.832],[9.077,49.834],[9.083,49.841],[9.086,49.843],[9.088,49.844],[9.09,49.844],[9.091,49.843],[9.093,49.842],[9.093,49.84],[9.093,49.836],[9.09,49.828],[9.09,49.822],[9.091,49.815],[9.096,49.805],[9.099,49.8],[9.104,49.796],[9.109,49.794],[9.113,49.794],[9.118,49.794],[9.122,49.795],[9.127,49.796],[9.13,49.796],[9.133,49.796],[9.136,49.794],[9.139,49.791],[9.141,49.787],[9.14,49.784],[9.136,49.778],[9.122,49.766],[9.12,49.762],[9.12,49.758],[9.123,49.754],[9.131,49.751],[9.147,49.746],[9.149,49.744],[9.149,49.74],[9.135,49.722],[9.133,49.717],[9.132,49.713],[9.132,49.709],[9.133,49.703],[9.135,49.7],[9.135,49.698],[9.133,49.696],[9.128,49.692],[9.123,49.69],[9.119,49.689],[9.115,49.688],[9.108,49.688],[9.104,49.688],[9.099,49.686],[9.099,49.681],[9.1,49.673],[9.11,49.646],[9.111,49.64],[9.108,49.635],[9.106,49.633],[9.103,49.631],[9.099,49.63],[9.091,49.625],[9.081,49.618],[9.079,49.616],[9.077,49.614],[9.073,49.611],[9.073,49.607],[9.077,49.603],[9.096,49.591],[9.111,49.575],[9.102,49.565],[9.099,49.565],[9.094,49.565],[9.08,49.574],[9.075,49.572],[9.074,49.57],[9.075,49.567],[9.078,49.563],[9.095,49.551],[9.099,49.547],[9.104,49.54],[9.106,49.537],[9.116,49.527],[9.125,49.516],[9.127,49.511],[9.127,49.508],[9.125,49.508],[9.121,49.507],[9.118,49.508],[9.116,49.509],[9.113,49.51],[9.106,49.517],[9.104,49.518],[9.102,49.518],[9.099,49.519],[9.087,49.518],[9.076,49.519],[9.068,49.518],[9.045,49.504],[9.04,49.503],[9.035,49.501],[9.022,49.503],[9.019,49.503],[9.011,49.504],[8.958,49.504],[8.954,49.503],[8.953,49.502],[8.953,49.501],[8.953,49.5],[8.93,49.484],[8.927,49.482],[8.927,49.48],[8.928,49.479],[8.934,49.474],[8.939,49.468],[8.941,49.465],[8.943,49.462],[8.946,49.455],[8.944,49.452],[8.94,49.447],[8.92,49.439],[8.914,49.438],[8.91,49.438],[8.909,49.44],[8.907,49.445],[8.904,49.447],[8.901,49.447],[8.899,49.445],[8.898,49.442],[8.894,49.43],[8.893,49.428],[8.891,49.425],[8.879,49.414],[8.861,49.402],[8.852,49.397],[8.846,49.396],[8.839,49.399],[8.831,49.399],[8.817,49.402],[8.814,49.403],[8.813,49.404],[8.811,49.407],[8.81,49.409],[8.811,49.417],[8.813,49.422],[8.814,49.423],[8.815,49.425],[8.818,49.426],[8.828,49.429],[8.83,49.431],[8.832,49.433],[8.833,49.435],[8.833,49.438],[8.829,49.454],[8.829,49.458],[8.829,49.462],[8.829,49.466],[8.831,49.469],[8.833,49.471],[8.849,49.483],[8.852,49.485],[8.855,49.485],[8.861,49.48],[8.865,49.477],[8.871,49.475],[8.874,49.475],[8.877,49.475],[8.885,49.482],[8.888,49.486],[8.891,49.49],[8.893,49.494],[8.893,49.497],[8.894,49.499],[8.894,49.5],[8.893,49.501],[8.89,49.506],[8.842,49.502],[8.828,49.503],[8.824,49.505],[8.822,49.507],[8.82,49.509],[8.816,49.517],[8.811,49.522],[8.808,49.523],[8.802,49.524],[8.782,49.522],[8.765,49.524],[8.746,49.53],[8.718,49.542],[8.711,49.546],[8.709,49.548],[8.706,49.551],[8.704,49.554],[8.692,49.574],[8.687,49.584],[8.687,49.586],[8.687,49.587],[8.689,49.589],[8.691,49.592],[8.693,49.594],[8.693,49.597],[8.692,49.602],[8.681,49.612],[8.679,49.615],[8.678,49.621],[8.676,49.623],[8.672,49.623],[8.601,49.611],[8.599,49.61],[8.598,49.609],[8.598,49.606],[8.605,49.585],[8.605,49.583],[8.614,49.561],[8.617,49.553],[8.617,49.55],[8.617,49.547],[8.617,49.545],[8.615,49.543],[8.613,49.541],[8.609,49.539],[8.597,49.536],[8.595,49.535],[8.591,49.534],[8.588,49.532],[8.566,49.527],[8.498,49.573],[8.474,49.586],[8.462,49.588],[8.458,49.589],[8.45,49.588],[8.417,49.579],[8.4,49.61],[8.375,49.641],[8.361,49.664],[8.362,49.691],[8.379,49.71],[8.406,49.722],[8.439,49.727],[8.461,49.744],[8.474,49.757],[8.477,49.768],[8.463,49.771],[8.442,49.768],[8.424,49.767],[8.416,49.778],[8.414,49.785],[8.409,49.793],[8.39,49.815],[8.386,49.824],[8.384,49.832],[8.38,49.843],[8.37,49.857],[8.348,49.879],[8.34,49.891],[8.355,49.926],[8.335,49.96],[8.228,50.038],[8.213,50.044],[8.201,50.046],[8.174,50.046],[8.049,50.018],[8.01,49.999],[7.962,49.983],[7.919,49.974],[7.878,49.973],[7.86,49.99],[7.857,50.003],[7.85,50.011],[7.785,50.049],[7.775,50.051],[7.771,50.053],[7.811,50.073],[7.828,50.079],[7.839,50.084],[7.843,50.088],[7.843,50.097],[7.844,50.102],[7.847,50.107],[7.855,50.116],[7.859,50.119],[7.864,50.12],[7.868,50.118],[7.873,50.118],[7.878,50.118],[7.887,50.12],[7.893,50.121],[7.896,50.121],[7.9,50.119],[7.905,50.114],[7.909,50.112],[7.913,50.11],[7.919,50.108],[7.922,50.109],[7.922,50.112],[7.923,50.115],[7.923,50.118],[7.925,50.122],[7.93,50.132],[7.931,50.134],[7.93,50.136],[7.929,50.138],[7.926,50.14],[7.907,50.147],[7.904,50.149],[7.9,50.152],[7.897,50.155],[7.896,50.162],[7.898,50.171],[7.91,50.189],[7.916,50.196],[7.922,50.2],[7.939,50.205],[7.953,50.211],[7.98,50.219],[7.987,50.225],[7.991,50.227],[7.993,50.228],[7.996,50.228],[7.998,50.227],[8.004,50.223],[8.007,50.22],[8.011,50.218],[8.016,50.216],[8.023,50.216],[8.027,50.218],[8.03,50.223],[8.042,50.234],[8.044,50.236],[8.043,50.238],[8.034,50.246],[8.033,50.248],[8.034,50.252],[8.038,50.259],[8.042,50.262],[8.046,50.263],[8.096,50.262],[8.112,50.265],[8.118,50.267],[8.121,50.269],[8.122,50.272],[8.123,50.274],[8.123,50.278],[8.122,50.281],[8.119,50.286],[8.107,50.311],[8.101,50.319],[8.099,50.321],[8.089,50.324],[8.08,50.33],[8.073,50.339],[8.055,50.366],[8.049,50.371],[8.032,50.377],[8.03,50.379],[8.029,50.382],[8.029,50.386],[8.026,50.388],[8.022,50.389],[7.98,50.396],[7.976,50.398],[7.973,50.4],[7.975,50.405],[7.988,50.412],[7.993,50.421],[7.996,50.432],[8,50.44],[8.015,50.45],[8.018,50.453],[8.019,50.455],[8.018,50.456],[8.008,50.459],[8.005,50.461],[8.002,50.462],[8,50.464],[7.999,50.466],[7.998,50.472],[7.998,50.474],[7.998,50.476],[8,50.509],[8.003,50.516],[8.004,50.521],[8.009,50.522],[8.015,50.525],[8.021,50.528],[8.031,50.538],[8.036,50.542],[8.042,50.544],[8.053,50.546],[8.063,50.546],[8.067,50.546],[8.07,50.544],[8.087,50.53],[8.09,50.529],[8.093,50.528],[8.104,50.527],[8.107,50.527],[8.11,50.527],[8.115,50.529],[8.13,50.536],[8.135,50.539],[8.137,50.542],[8.139,50.543],[8.154,50.569],[8.164,50.586],[8.161,50.588],[8.16,50.591],[8.151,50.594],[8.148,50.597],[8.144,50.603],[8.141,50.618],[8.135,50.627],[8.122,50.646],[8.12,50.65],[8.121,50.653],[8.122,50.656],[8.127,50.661],[8.13,50.667],[8.134,50.684],[8.144,50.698],[8.147,50.7],[8.151,50.703],[8.161,50.704],[8.165,50.705],[8.167,50.708],[8.17,50.716],[8.175,50.742],[8.175,50.744],[8.174,50.746],[8.173,50.747],[8.172,50.749],[8.167,50.752],[8.145,50.762],[8.143,50.764],[8.142,50.765],[8.142,50.766],[8.142,50.769],[8.142,50.771],[8.141,50.772],[8.139,50.773],[8.137,50.773],[8.135,50.774],[8.134,50.776],[8.133,50.777],[8.133,50.778],[8.133,50.78],[8.134,50.781],[8.139,50.785],[8.187,50.812],[8.194,50.824],[8.195,50.826],[8.197,50.827],[8.217,50.836],[8.219,50.838],[8.223,50.842],[8.225,50.844],[8.268,50.868],[8.281,50.878],[8.283,50.879],[8.287,50.88],[8.3,50.881],[8.303,50.88],[8.306,50.877],[8.314,50.864],[8.32,50.862],[8.337,50.86],[8.351,50.861],[8.364,50.862],[8.369,50.863],[8.374,50.865],[8.395,50.875],[8.397,50.877],[8.398,50.879],[8.398,50.884],[8.397,50.889],[8.401,50.892],[8.427,50.909],[8.444,50.916],[8.45,50.916],[8.461,50.915],[8.464,50.914],[8.466,50.917],[8.468,50.921],[8.468,50.937],[8.469,50.942],[8.47,50.944],[8.478,50.955],[8.491,50.973],[8.497,50.978],[8.505,50.979],[8.507,50.979],[8.51,50.98],[8.511,50.982],[8.512,50.983],[8.515,50.987],[8.519,50.994],[8.523,51],[8.526,51.004],[8.528,51.005],[8.538,51.013],[8.545,51.021],[8.544,51.025],[8.543,51.03],[8.537,51.044],[8.535,51.05],[8.536,51.056],[8.538,51.06],[8.537,51.063],[8.535,51.067],[8.528,51.076],[8.524,51.08],[8.521,51.085],[8.525,51.093],[8.627,51.094],[8.658,51.088],[8.661,51.088],[8.663,51.088],[8.666,51.089],[8.679,51.096],[8.704,51.105],[8.706,51.106],[8.707,51.109],[8.707,51.114],[8.705,51.116],[8.697,51.125],[8.696,51.126],[8.696,51.128],[8.696,51.129],[8.696,51.13],[8.698,51.133],[8.718,51.15],[8.75,51.173],[8.751,51.175],[8.752,51.178],[8.753,51.184],[8.752,51.188],[8.752,51.191],[8.75,51.196],[8.75,51.197],[8.749,51.199],[8.745,51.211],[8.744,51.215],[8.738,51.232],[8.738,51.234],[8.737,51.237],[8.732,51.25],[8.731,51.251],[8.73,51.252],[8.722,51.254],[8.72,51.255],[8.72,51.256],[8.72,51.257],[8.724,51.264],[8.724,51.266],[8.724,51.267],[8.723,51.269],[8.721,51.27],[8.719,51.271],[8.717,51.271],[8.712,51.271],[8.708,51.269],[8.686,51.259],[8.665,51.255],[8.645,51.254],[8.64,51.253],[8.638,51.252],[8.636,51.251],[8.635,51.25],[8.63,51.244],[8.628,51.242],[8.625,51.241],[8.622,51.24],[8.617,51.24],[8.608,51.241],[8.604,51.243],[8.602,51.244],[8.6,51.245],[8.599,51.246],[8.598,51.248],[8.597,51.251],[8.596,51.255],[8.595,51.256],[8.594,51.258],[8.591,51.26],[8.584,51.263],[8.58,51.265],[8.578,51.266],[8.577,51.267],[8.576,51.269],[8.576,51.27],[8.576,51.272],[8.578,51.276],[8.588,51.29],[8.594,51.296],[8.616,51.314],[8.648,51.334],[8.651,51.337],[8.653,51.34],[8.653,51.341],[8.653,51.343],[8.654,51.344],[8.662,51.348],[8.673,51.352],[8.679,51.359],[8.68,51.361],[8.682,51.362],[8.685,51.363],[8.704,51.366],[8.728,51.373],[8.735,51.374],[8.752,51.374],[8.773,51.375],[8.796,51.38],[8.809,51.382],[8.815,51.382],[8.82,51.381],[8.825,51.38],[8.83,51.379],[8.851,51.375],[8.853,51.375],[8.856,51.375],[8.858,51.375],[8.883,51.388],[8.894,51.39],[8.935,51.391],[8.939,51.393],[8.942,51.396],[8.947,51.404],[8.949,51.409],[8.95,51.412],[8.947,51.416],[8.944,51.417],[8.941,51.418],[8.92,51.42],[8.918,51.42],[8.917,51.421],[8.916,51.423],[8.916,51.425],[8.916,51.434],[8.916,51.436],[8.914,51.446],[8.913,51.45],[8.91,51.454],[8.909,51.455],[8.9,51.463],[8.899,51.465],[8.898,51.467],[8.898,51.469],[8.899,51.474],[8.901,51.476],[8.902,51.478],[8.906,51.481],[8.958,51.497],[8.999,51.504],[9.015,51.509],[9.021,51.508],[9.03,51.505],[9.05,51.496],[9.064,51.491],[9.066,51.492],[9.071,51.492],[9.075,51.491],[9.079,51.488],[9.085,51.483],[9.087,51.473],[9.086,51.471],[9.086,51.47],[9.084,51.46],[9.084,51.458],[9.085,51.457],[9.09,51.453],[9.109,51.443],[9.146,51.438],[9.154,51.438],[9.158,51.439],[9.193,51.456],[9.198,51.458],[9.21,51.456],[9.212,51.457],[9.215,51.459],[9.217,51.464],[9.218,51.466],[9.219,51.468],[9.219,51.47],[9.219,51.472],[9.219,51.475],[9.219,51.477],[9.22,51.48],[9.222,51.484],[9.224,51.487],[9.228,51.49],[9.233,51.492],[9.252,51.5],[9.263,51.502],[9.27,51.506],[9.283,51.513],[9.296,51.518],[9.3,51.52],[9.303,51.523],[9.307,51.531],[9.311,51.536],[9.316,51.54],[9.326,51.546],[9.332,51.55],[9.336,51.554],[9.34,51.561],[9.343,51.568],[9.343,51.569],[9.344,51.571],[9.347,51.576],[9.349,51.58],[9.35,51.584],[9.354,51.59],[9.355,51.591],[9.355,51.593],[9.355,51.594],[9.354,51.595],[9.352,51.596],[9.339,51.602],[9.337,51.603],[9.334,51.605],[9.333,51.607],[9.337,51.609],[9.346,51.612],[9.418,51.627],[9.424,51.632],[9.44,51.649],[9.448,51.644],[9.467,51.655],[9.483,51.655],[9.487,51.653],[9.49,51.649],[9.491,51.646],[9.49,51.643],[9.49,51.64],[9.491,51.637],[9.492,51.634],[9.494,51.632],[9.5,51.63],[9.508,51.628],[9.521,51.628],[9.528,51.629],[9.533,51.63],[9.535,51.632],[9.538,51.634],[9.543,51.638],[9.546,51.639],[9.549,51.64],[9.553,51.64],[9.556,51.638],[9.56,51.634],[9.565,51.63],[9.577,51.627],[9.585,51.626],[9.593,51.626],[9.605,51.627],[9.616,51.631],[9.621,51.631],[9.623,51.629],[9.625,51.624],[9.627,51.62],[9.631,51.617],[9.651,51.611],[9.654,51.608],[9.657,51.604],[9.66,51.595],[9.666,51.585],[9.686,51.572],[9.677,51.561],[9.671,51.559],[9.668,51.56],[9.644,51.572],[9.642,51.573],[9.64,51.573],[9.638,51.572],[9.636,51.571],[9.634,51.569],[9.634,51.566],[9.635,51.562],[9.645,51.552],[9.645,51.55],[9.641,51.549],[9.637,51.548],[9.633,51.549],[9.63,51.55],[9.623,51.552],[9.62,51.552],[9.617,51.55],[9.616,51.544],[9.616,51.533],[9.615,51.527],[9.613,51.524],[9.61,51.522],[9.606,51.521],[9.597,51.521],[9.595,51.518],[9.597,51.512],[9.616,51.484],[9.623,51.477],[9.628,51.474],[9.636,51.472],[9.638,51.47],[9.639,51.468],[9.637,51.465],[9.631,51.461],[9.63,51.458],[9.631,51.455],[9.635,51.451],[9.637,51.447],[9.637,51.442],[9.635,51.438],[9.635,51.434],[9.639,51.409],[9.636,51.404],[9.633,51.401],[9.604,51.399],[9.597,51.397],[9.593,51.397],[9.586,51.399],[9.582,51.399],[9.579,51.398],[9.577,51.395],[9.575,51.392],[9.572,51.39],[9.564,51.384],[9.563,51.381],[9.565,51.377],[9.571,51.368],[9.572,51.364],[9.571,51.361],[9.567,51.361],[9.563,51.361],[9.554,51.362],[9.538,51.366],[9.535,51.367],[9.536,51.364],[9.541,51.358],[9.569,51.342],[9.586,51.339],[9.656,51.32],[9.662,51.319],[9.669,51.32],[9.683,51.315],[9.711,51.292],[9.722,51.29],[9.726,51.291],[9.734,51.293],[9.762,51.309],[9.77,51.315],[9.773,51.319],[9.773,51.321],[9.773,51.323],[9.773,51.325],[9.773,51.327],[9.774,51.328],[9.776,51.329],[9.778,51.33],[9.779,51.331],[9.78,51.331],[9.783,51.334],[9.784,51.336],[9.785,51.338],[9.785,51.339],[9.783,51.34],[9.782,51.341],[9.779,51.342],[9.775,51.342],[9.77,51.341],[9.759,51.334],[9.757,51.332],[9.754,51.331],[9.751,51.331],[9.743,51.335],[9.719,51.351],[9.715,51.354],[9.713,51.359],[9.713,51.361],[9.713,51.363],[9.714,51.364],[9.756,51.379],[9.768,51.386],[9.792,51.39],[9.799,51.395],[9.802,51.397],[9.798,51.401],[9.797,51.402],[9.796,51.404],[9.796,51.407],[9.796,51.408],[9.801,51.409],[9.808,51.407],[9.826,51.401],[9.833,51.398],[9.837,51.394],[9.839,51.39],[9.844,51.382],[9.849,51.377],[9.852,51.374],[9.856,51.372],[9.861,51.372],[9.866,51.373],[9.873,51.379],[9.876,51.382],[9.876,51.385],[9.867,51.396],[9.865,51.398],[9.864,51.4],[9.863,51.402],[9.862,51.404],[9.862,51.407],[9.863,51.409],[9.866,51.41],[9.87,51.411],[9.882,51.411],[9.885,51.411],[9.892,51.416],[9.894,51.418],[9.898,51.419],[9.902,51.419],[9.904,51.417],[9.905,51.411],[9.906,51.405],[9.906,51.404],[9.915,51.398],[9.949,51.382]]]}},{"type":"Feature","id":"DE-HH","properties":{"id":"DE-HH","countryCode":"DE","isoSubdivision":"DE-HH","name":"Hamburg","name_en":"Hamburg","name_ko":"함부르크","type":"State","labelLongitude":10.034,"labelLatitude":53.559,"minZoom":6.6},"geometry":{"type":"Polygon","coordinates":[[[9.764,53.548],[9.819,53.54],[9.832,53.544],[9.82,53.557],[9.782,53.57],[9.741,53.573],[9.749,53.592],[9.751,53.598],[9.752,53.605],[9.753,53.608],[9.754,53.61],[9.756,53.612],[9.76,53.614],[9.763,53.617],[9.765,53.619],[9.767,53.626],[9.768,53.629],[9.772,53.63],[9.776,53.629],[9.788,53.628],[9.797,53.625],[9.799,53.623],[9.807,53.62],[9.81,53.618],[9.81,53.615],[9.808,53.606],[9.806,53.602],[9.806,53.599],[9.807,53.597],[9.808,53.596],[9.809,53.595],[9.81,53.595],[9.813,53.594],[9.816,53.593],[9.829,53.597],[9.927,53.646],[9.953,53.65],[9.98,53.647],[9.984,53.647],[9.99,53.649],[9.994,53.651],[10.004,53.667],[10.008,53.671],[10.014,53.673],[10.026,53.676],[10.033,53.676],[10.039,53.676],[10.052,53.675],[10.06,53.678],[10.065,53.681],[10.078,53.713],[10.082,53.716],[10.086,53.719],[10.089,53.72],[10.09,53.72],[10.093,53.72],[10.142,53.713],[10.148,53.714],[10.154,53.716],[10.171,53.725],[10.177,53.727],[10.182,53.728],[10.187,53.728],[10.192,53.727],[10.194,53.725],[10.195,53.723],[10.193,53.718],[10.191,53.715],[10.18,53.706],[10.17,53.694],[10.166,53.687],[10.165,53.685],[10.166,53.682],[10.169,53.679],[10.205,53.663],[10.205,53.662],[10.206,53.657],[10.207,53.65],[10.209,53.645],[10.215,53.642],[10.219,53.64],[10.222,53.638],[10.223,53.634],[10.221,53.626],[10.22,53.623],[10.217,53.618],[10.215,53.614],[10.213,53.602],[10.212,53.588],[10.212,53.586],[10.211,53.584],[10.209,53.583],[10.206,53.582],[10.196,53.579],[10.178,53.577],[10.175,53.575],[10.173,53.574],[10.173,53.571],[10.174,53.566],[10.181,53.55],[10.182,53.541],[10.182,53.534],[10.183,53.529],[10.187,53.525],[10.197,53.522],[10.214,53.519],[10.223,53.513],[10.248,53.489],[10.27,53.481],[10.278,53.478],[10.313,53.455],[10.315,53.456],[10.319,53.456],[10.321,53.456],[10.323,53.45],[10.328,53.433],[10.285,53.433],[10.276,53.431],[10.266,53.427],[10.244,53.409],[10.242,53.407],[10.187,53.404],[10.17,53.407],[10.154,53.414],[10.143,53.423],[10.131,53.431],[10.111,53.434],[10.099,53.439],[10.083,53.451],[10.076,53.45],[10.039,53.443],[10.032,53.441],[10.029,53.438],[10.03,53.437],[10.03,53.435],[10.031,53.433],[10.031,53.431],[10.03,53.429],[10.028,53.427],[10.011,53.421],[9.985,53.415],[9.975,53.414],[9.968,53.414],[9.95,53.422],[9.945,53.423],[9.939,53.422],[9.919,53.416],[9.913,53.416],[9.909,53.418],[9.909,53.422],[9.908,53.431],[9.905,53.441],[9.9,53.447],[9.896,53.449],[9.891,53.449],[9.883,53.447],[9.878,53.445],[9.865,53.433],[9.861,53.432],[9.857,53.433],[9.824,53.451],[9.817,53.457],[9.811,53.462],[9.805,53.469],[9.801,53.475],[9.796,53.484],[9.794,53.488],[9.791,53.49],[9.785,53.492],[9.782,53.494],[9.781,53.497],[9.779,53.5],[9.777,53.502],[9.768,53.508],[9.765,53.544],[9.764,53.548]]]}},{"type":"Feature","id":"DE-MV","properties":{"id":"DE-MV","countryCode":"DE","isoSubdivision":"DE-MV","name":"Mecklenburg-Western Pomerania","name_en":"Mecklenburg-Western Pomerania","name_ko":"메클렌부르크포어포메른","type":"State","labelLongitude":12.565,"labelLatitude":53.753,"minZoom":6.6},"geometry":{"type":"MultiPolygon","coordinates":[[[[14.264,53.7],[14.265,53.672],[14.261,53.656],[14.276,53.637],[14.297,53.598],[14.299,53.588],[14.296,53.551],[14.297,53.529],[14.304,53.509],[14.328,53.486],[14.339,53.465],[14.36,53.444],[14.37,53.392],[14.391,53.334],[14.324,53.309],[14.296,53.287],[14.269,53.279],[14.263,53.265],[14.249,53.259],[14.183,53.263],[14.145,53.269],[14.103,53.273],[14.103,53.285],[14.104,53.292],[14.188,53.326],[14.224,53.36],[14.24,53.382],[14.244,53.401],[14.243,53.427],[14.219,53.43],[14.177,53.429],[14.142,53.44],[14.117,53.436],[14.096,53.419],[14.072,53.422],[14.05,53.428],[13.991,53.43],[13.921,53.427],[13.905,53.441],[13.9,53.455],[13.871,53.486],[13.869,53.508],[13.823,53.519],[13.798,53.542],[13.781,53.544],[13.779,53.525],[13.804,53.497],[13.809,53.485],[13.779,53.477],[13.745,53.478],[13.709,53.475],[13.648,53.444],[13.63,53.424],[13.607,53.411],[13.572,53.411],[13.553,53.405],[13.539,53.397],[13.531,53.385],[13.526,53.367],[13.507,53.342],[13.494,53.319],[13.48,53.309],[13.469,53.302],[13.458,53.3],[13.406,53.275],[13.388,53.271],[13.37,53.274],[13.352,53.281],[13.33,53.287],[13.309,53.289],[13.282,53.288],[13.266,53.283],[13.255,53.276],[13.249,53.271],[13.24,53.258],[13.237,53.253],[13.235,53.25],[13.234,53.243],[13.23,53.233],[13.202,53.233],[13.19,53.237],[13.187,53.239],[13.181,53.247],[13.168,53.257],[13.161,53.259],[13.154,53.259],[13.146,53.258],[13.142,53.256],[13.138,53.254],[13.136,53.251],[13.13,53.248],[13.121,53.245],[13.117,53.243],[13.113,53.241],[13.111,53.238],[13.109,53.233],[13.108,53.231],[13.107,53.229],[13.106,53.227],[13.104,53.225],[13.102,53.223],[13.099,53.221],[13.09,53.217],[13.076,53.209],[13.047,53.198],[13.041,53.195],[13.031,53.187],[13.026,53.183],[13.001,53.168],[12.975,53.165],[12.951,53.171],[12.946,53.174],[12.944,53.178],[12.946,53.179],[12.949,53.181],[12.955,53.184],[12.958,53.186],[12.959,53.189],[12.957,53.194],[12.953,53.195],[12.949,53.196],[12.946,53.194],[12.941,53.192],[12.933,53.191],[12.906,53.191],[12.899,53.19],[12.89,53.188],[12.882,53.186],[12.866,53.185],[12.859,53.186],[12.852,53.188],[12.837,53.195],[12.83,53.197],[12.823,53.198],[12.809,53.199],[12.765,53.193],[12.758,53.193],[12.753,53.194],[12.748,53.195],[12.746,53.197],[12.744,53.199],[12.742,53.201],[12.741,53.204],[12.742,53.211],[12.74,53.225],[12.731,53.228],[12.706,53.229],[12.664,53.236],[12.637,53.252],[12.624,53.256],[12.618,53.256],[12.512,53.273],[12.497,53.271],[12.481,53.268],[12.446,53.266],[12.436,53.267],[12.43,53.268],[12.427,53.27],[12.418,53.279],[12.415,53.281],[12.387,53.291],[12.381,53.294],[12.378,53.296],[12.373,53.299],[12.369,53.302],[12.339,53.316],[12.333,53.318],[12.296,53.331],[12.234,53.341],[12.226,53.343],[12.219,53.349],[12.21,53.361],[12.204,53.366],[12.198,53.368],[12.192,53.369],[12.187,53.369],[12.179,53.367],[12.159,53.358],[12.155,53.356],[12.148,53.354],[12.144,53.355],[12.128,53.366],[12.123,53.367],[12.119,53.367],[12.11,53.365],[12.095,53.364],[12.078,53.358],[12.069,53.356],[12.064,53.356],[12.049,53.34],[12.023,53.329],[12.021,53.315],[12.012,53.3],[11.996,53.298],[11.979,53.29],[11.959,53.278],[11.94,53.283],[11.923,53.28],[11.884,53.268],[11.861,53.251],[11.834,53.256],[11.825,53.253],[11.816,53.25],[11.836,53.24],[11.839,53.226],[11.808,53.228],[11.786,53.228],[11.765,53.223],[11.744,53.216],[11.732,53.233],[11.7,53.248],[11.688,53.251],[11.654,53.25],[11.6,53.237],[11.58,53.23],[11.536,53.205],[11.53,53.195],[11.532,53.188],[11.54,53.183],[11.545,53.177],[11.548,53.17],[11.551,53.153],[11.555,53.146],[11.548,53.13],[11.528,53.121],[11.502,53.119],[11.475,53.128],[11.447,53.138],[11.415,53.138],[11.399,53.133],[11.396,53.122],[11.394,53.108],[11.376,53.11],[11.352,53.116],[11.32,53.116],[11.296,53.119],[11.275,53.118],[11.274,53.118],[11.262,53.131],[11.256,53.136],[11.24,53.142],[11.232,53.149],[11.225,53.153],[11.214,53.149],[11.201,53.14],[11.194,53.141],[11.184,53.152],[11.176,53.159],[11.17,53.165],[11.165,53.171],[11.156,53.174],[11.143,53.173],[11.133,53.168],[11.125,53.162],[11.109,53.156],[11.1,53.149],[11.089,53.144],[11.078,53.149],[11.068,53.156],[11.04,53.166],[10.93,53.228],[10.839,53.26],[10.807,53.276],[10.787,53.293],[10.775,53.3],[10.756,53.303],[10.739,53.308],[10.735,53.322],[10.734,53.338],[10.732,53.352],[10.71,53.368],[10.676,53.374],[10.601,53.372],[10.612,53.381],[10.622,53.391],[10.626,53.397],[10.627,53.402],[10.627,53.404],[10.626,53.407],[10.627,53.414],[10.635,53.445],[10.637,53.448],[10.641,53.451],[10.647,53.454],[10.661,53.458],[10.669,53.459],[10.675,53.459],[10.686,53.457],[10.691,53.458],[10.695,53.46],[10.697,53.465],[10.699,53.469],[10.702,53.476],[10.704,53.478],[10.708,53.479],[10.726,53.481],[10.745,53.486],[10.755,53.487],[10.76,53.488],[10.805,53.509],[10.82,53.515],[10.823,53.516],[10.821,53.52],[10.822,53.523],[10.824,53.528],[10.824,53.531],[10.826,53.535],[10.832,53.544],[10.833,53.548],[10.833,53.551],[10.831,53.556],[10.829,53.565],[10.828,53.567],[10.83,53.57],[10.833,53.572],[10.841,53.572],[10.85,53.569],[10.853,53.568],[10.858,53.568],[10.904,53.572],[10.908,53.572],[10.911,53.571],[10.915,53.57],[10.917,53.568],[10.919,53.565],[10.921,53.563],[10.922,53.561],[10.923,53.555],[10.924,53.552],[10.926,53.55],[10.929,53.548],[10.933,53.55],[10.938,53.553],[10.944,53.56],[10.95,53.563],[10.953,53.565],[10.954,53.566],[10.951,53.568],[10.943,53.569],[10.942,53.57],[10.95,53.572],[10.953,53.574],[10.954,53.578],[10.953,53.584],[10.941,53.611],[10.94,53.629],[10.948,53.631],[10.953,53.634],[10.955,53.637],[10.956,53.639],[10.956,53.642],[10.956,53.645],[10.956,53.648],[10.956,53.65],[10.956,53.653],[10.955,53.655],[10.946,53.665],[10.945,53.668],[10.945,53.671],[10.946,53.674],[10.946,53.677],[10.943,53.681],[10.938,53.685],[10.925,53.692],[10.915,53.697],[10.896,53.701],[10.886,53.702],[10.879,53.702],[10.866,53.7],[10.857,53.703],[10.847,53.709],[10.825,53.725],[10.817,53.733],[10.81,53.739],[10.806,53.741],[10.778,53.746],[10.769,53.746],[10.761,53.747],[10.759,53.748],[10.758,53.749],[10.758,53.752],[10.767,53.775],[10.77,53.783],[10.771,53.793],[10.767,53.805],[10.765,53.811],[10.763,53.82],[10.762,53.823],[10.753,53.834],[10.752,53.837],[10.751,53.839],[10.751,53.841],[10.751,53.843],[10.754,53.852],[10.755,53.854],[10.763,53.865],[10.767,53.867],[10.773,53.87],[10.793,53.875],[10.812,53.883],[10.861,53.91],[10.885,53.919],[10.889,53.919],[10.892,53.919],[10.895,53.918],[10.907,53.915],[10.908,53.914],[10.908,53.913],[10.907,53.911],[10.906,53.909],[10.906,53.907],[10.907,53.905],[10.909,53.904],[10.911,53.903],[10.912,53.902],[10.913,53.902],[10.918,53.902],[10.945,53.905],[10.951,53.907],[10.955,53.91],[10.957,53.911],[10.958,53.911],[10.96,53.911],[10.961,53.912],[10.96,53.913],[10.92,53.921],[10.918,53.921],[10.915,53.923],[10.911,53.925],[10.907,53.928],[10.904,53.931],[10.904,53.957],[10.906,53.961],[10.918,53.961],[10.923,53.961],[10.935,53.967],[10.965,53.985],[10.981,53.989],[11,53.992],[11.053,54.008],[11.175,54.018],[11.184,54.016],[11.191,54.01],[11.197,53.996],[11.204,53.989],[11.24,53.983],[11.245,53.978],[11.241,53.956],[11.243,53.945],[11.256,53.941],[11.285,53.94],[11.294,53.941],[11.334,53.961],[11.342,53.958],[11.352,53.944],[11.358,53.941],[11.4,53.941],[11.4,53.938],[11.439,53.909],[11.446,53.906],[11.458,53.906],[11.459,53.917],[11.469,53.933],[11.477,53.953],[11.472,53.969],[11.48,53.976],[11.49,53.981],[11.498,53.982],[11.496,53.986],[11.494,53.998],[11.492,54.002],[11.526,54.023],[11.526,54.03],[11.519,54.03],[11.519,54.036],[11.545,54.03],[11.553,54.03],[11.573,54.039],[11.591,54.066],[11.605,54.071],[11.613,54.073],[11.619,54.077],[11.625,54.084],[11.629,54.091],[11.63,54.096],[11.622,54.1],[11.622,54.105],[11.625,54.11],[11.629,54.113],[11.633,54.116],[11.658,54.142],[11.69,54.155],[11.729,54.159],[11.812,54.15],[12.051,54.18],[12.088,54.194],[12.093,54.165],[12.09,54.138],[12.092,54.114],[12.115,54.098],[12.105,54.11],[12.1,54.136],[12.095,54.146],[12.105,54.157],[12.134,54.167],[12.143,54.18],[12.132,54.181],[12.121,54.18],[12.111,54.177],[12.101,54.174],[12.109,54.183],[12.143,54.209],[12.163,54.22],[12.187,54.243],[12.201,54.249],[12.214,54.251],[12.289,54.275],[12.327,54.294],[12.342,54.304],[12.378,54.345],[12.438,54.396],[12.445,54.405],[12.486,54.447],[12.502,54.474],[12.513,54.482],[12.534,54.488],[12.534,54.482],[12.527,54.482],[12.548,54.462],[12.591,54.452],[12.819,54.452],[12.857,54.441],[12.88,54.449],[12.908,54.445],[12.921,54.433],[12.896,54.42],[12.871,54.417],[12.764,54.422],[12.721,54.432],[12.695,54.434],[12.687,54.432],[12.676,54.423],[12.67,54.42],[12.65,54.42],[12.624,54.423],[12.615,54.42],[12.608,54.406],[12.602,54.414],[12.597,54.412],[12.588,54.407],[12.582,54.406],[12.584,54.398],[12.588,54.394],[12.594,54.393],[12.602,54.392],[12.599,54.392],[12.596,54.392],[12.594,54.39],[12.595,54.386],[12.576,54.392],[12.554,54.391],[12.536,54.384],[12.527,54.372],[12.511,54.384],[12.491,54.39],[12.455,54.392],[12.438,54.388],[12.425,54.376],[12.418,54.361],[12.424,54.345],[12.41,54.347],[12.404,54.348],[12.397,54.352],[12.39,54.345],[12.396,54.333],[12.392,54.321],[12.379,54.312],[12.363,54.31],[12.37,54.297],[12.378,54.286],[12.38,54.277],[12.369,54.269],[12.412,54.251],[12.437,54.248],[12.458,54.256],[12.443,54.255],[12.431,54.259],[12.41,54.269],[12.417,54.281],[12.426,54.29],[12.451,54.304],[12.457,54.306],[12.468,54.308],[12.472,54.31],[12.476,54.315],[12.477,54.328],[12.479,54.332],[12.496,54.34],[12.561,54.359],[12.547,54.364],[12.541,54.365],[12.541,54.372],[12.559,54.376],[12.566,54.376],[12.574,54.372],[12.574,54.379],[12.593,54.369],[12.623,54.374],[12.677,54.392],[12.675,54.395],[12.672,54.403],[12.67,54.406],[12.681,54.411],[12.693,54.414],[12.705,54.415],[12.718,54.414],[12.718,54.406],[12.702,54.404],[12.692,54.396],[12.687,54.385],[12.684,54.372],[12.697,54.385],[12.701,54.392],[12.705,54.4],[12.714,54.39],[12.724,54.381],[12.735,54.378],[12.746,54.386],[12.758,54.38],[12.769,54.38],[12.778,54.385],[12.787,54.392],[12.79,54.384],[12.795,54.377],[12.801,54.371],[12.818,54.358],[12.822,54.356],[12.825,54.357],[12.835,54.359],[12.855,54.358],[12.865,54.36],[12.876,54.365],[12.885,54.373],[12.895,54.39],[12.904,54.4],[12.929,54.414],[12.969,54.429],[13.009,54.438],[13.034,54.434],[13.021,54.426],[13.021,54.415],[13.029,54.402],[13.04,54.392],[13.084,54.379],[13.096,54.372],[13.077,54.353],[13.081,54.337],[13.109,54.31],[13.112,54.299],[13.112,54.288],[13.115,54.28],[13.126,54.277],[13.171,54.277],[13.171,54.269],[13.161,54.269],[13.155,54.267],[13.143,54.263],[13.176,54.265],[13.228,54.247],[13.263,54.242],[13.289,54.234],[13.322,54.195],[13.349,54.18],[13.333,54.174],[13.322,54.167],[13.347,54.167],[13.384,54.178],[13.403,54.174],[13.396,54.162],[13.391,54.157],[13.383,54.153],[13.395,54.149],[13.402,54.151],[13.409,54.155],[13.418,54.153],[13.423,54.148],[13.438,54.125],[13.45,54.11],[13.465,54.098],[13.484,54.091],[13.507,54.091],[13.507,54.098],[13.499,54.102],[13.487,54.114],[13.479,54.118],[13.479,54.125],[13.603,54.139],[13.632,54.148],[13.683,54.168],[13.712,54.174],[13.716,54.168],[13.715,54.164],[13.708,54.161],[13.698,54.159],[13.698,54.153],[13.729,54.144],[13.808,54.105],[13.808,54.098],[13.794,54.083],[13.785,54.064],[13.773,54.046],[13.746,54.036],[13.758,54.031],[13.787,54.009],[13.798,53.999],[13.803,53.996],[13.832,53.989],[13.839,53.986],[13.843,53.98],[13.846,53.972],[13.849,53.968],[13.85,53.964],[13.849,53.959],[13.849,53.956],[13.853,53.954],[13.867,53.955],[13.87,53.954],[13.875,53.951],[13.882,53.949],[13.888,53.948],[13.894,53.947],[13.906,53.943],[13.908,53.934],[13.901,53.922],[13.89,53.913],[13.819,53.878],[13.808,53.865],[13.817,53.853],[13.836,53.847],[13.854,53.845],[13.863,53.841],[13.869,53.83],[13.884,53.818],[13.9,53.809],[13.911,53.81],[13.984,53.774],[14.017,53.77],[14.034,53.758],[14.037,53.755],[14.062,53.756],[14.069,53.755],[14.094,53.746],[14.106,53.743],[14.187,53.74],[14.215,53.745],[14.227,53.759],[14.234,53.762],[14.25,53.76],[14.264,53.752],[14.267,53.735],[14.26,53.728],[14.213,53.708],[14.225,53.704],[14.24,53.701],[14.256,53.699],[14.264,53.7]]],[[[14.21,53.938],[14.193,53.911],[14.185,53.908],[14.175,53.906],[14.193,53.894],[14.201,53.878],[14.087,53.87],[14.065,53.872],[14.048,53.879],[14.025,53.864],[13.996,53.854],[13.938,53.845],[13.875,53.844],[13.84,53.85],[13.822,53.865],[13.835,53.868],[13.855,53.877],[13.888,53.882],[13.922,53.893],[13.932,53.899],[13.939,53.928],[13.902,53.97],[13.904,53.995],[13.955,53.994],[13.973,53.989],[13.966,53.982],[13.968,53.976],[13.96,53.957],[13.959,53.941],[13.975,53.957],[13.987,53.961],[14.028,53.961],[14.023,53.959],[14.019,53.956],[14.016,53.953],[14.014,53.947],[14.048,53.941],[14.04,53.954],[14.053,53.978],[14.051,54.005],[14.037,54.022],[14.014,54.016],[14.006,54.032],[13.995,54.046],[13.982,54.056],[13.966,54.064],[13.946,54.067],[13.926,54.064],[13.916,54.056],[13.925,54.044],[13.925,54.036],[13.916,54.034],[13.907,54.027],[13.9,54.02],[13.897,54.012],[13.891,54.01],[13.856,54.002],[13.858,54.016],[13.866,54.024],[13.874,54.03],[13.876,54.036],[13.871,54.049],[13.864,54.05],[13.855,54.046],[13.823,54.038],[13.808,54.026],[13.794,54.018],[13.774,54.023],[13.782,54.042],[13.809,54.075],[13.815,54.101],[13.806,54.117],[13.765,54.142],[13.753,54.153],[13.762,54.164],[13.778,54.174],[13.796,54.178],[13.815,54.174],[13.824,54.164],[13.844,54.131],[13.856,54.118],[13.882,54.102],[13.948,54.08],[13.986,54.071],[14.017,54.06],[14.192,53.946],[14.209,53.939],[14.21,53.938]]],[[[11.376,53.982],[11.39,54.005],[11.427,54.023],[11.468,54.031],[11.498,54.023],[11.468,53.971],[11.458,53.961],[11.445,53.961],[11.445,53.968],[11.451,53.986],[11.447,53.997],[11.439,53.997],[11.433,53.989],[11.438,53.975],[11.423,53.968],[11.407,53.968],[11.391,53.974],[11.376,53.982]]],[[[11.528,54.075],[11.529,54.077],[11.534,54.085],[11.602,54.104],[11.616,54.112],[11.599,54.098],[11.553,54.073],[11.54,54.057],[11.534,54.057],[11.528,54.075]]],[[[13.143,54.598],[13.119,54.586],[13.113,54.57],[13.112,54.551],[13.103,54.53],[13.095,54.524],[13.081,54.517],[13.075,54.509],[13.071,54.5],[13.07,54.49],[13.068,54.468],[13.061,54.468],[13.061,54.482],[13.064,54.505],[13.096,54.571],[13.102,54.596],[13.11,54.603],[13.126,54.606],[13.14,54.606],[13.151,54.605],[13.157,54.599],[13.157,54.588],[13.157,54.589],[13.154,54.591],[13.15,54.591],[13.15,54.578],[13.143,54.578],[13.143,54.598]]],[[[13.698,54.392],[13.725,54.364],[13.742,54.35],[13.766,54.345],[13.753,54.339],[13.74,54.33],[13.73,54.317],[13.726,54.301],[13.726,54.285],[13.723,54.278],[13.713,54.279],[13.691,54.284],[13.703,54.284],[13.712,54.287],[13.716,54.293],[13.712,54.304],[13.705,54.304],[13.695,54.297],[13.679,54.294],[13.663,54.294],[13.651,54.297],[13.651,54.304],[13.688,54.313],[13.704,54.32],[13.712,54.332],[13.66,54.33],[13.637,54.326],[13.617,54.318],[13.672,54.34],[13.691,54.345],[13.691,54.352],[13.664,54.353],[13.65,54.352],[13.64,54.348],[13.627,54.339],[13.618,54.341],[13.611,54.348],[13.599,54.352],[13.5,54.345],[13.482,54.338],[13.429,54.311],[13.418,54.301],[13.406,54.285],[13.382,54.282],[13.36,54.275],[13.356,54.249],[13.369,54.256],[13.37,54.261],[13.368,54.262],[13.365,54.262],[13.363,54.263],[13.411,54.268],[13.418,54.266],[13.425,54.243],[13.423,54.233],[13.407,54.228],[13.379,54.231],[13.347,54.237],[13.312,54.251],[13.32,54.256],[13.325,54.268],[13.335,54.284],[13.321,54.278],[13.314,54.274],[13.308,54.269],[13.312,54.266],[13.315,54.263],[13.295,54.264],[13.284,54.263],[13.277,54.259],[13.268,54.256],[13.258,54.26],[13.249,54.266],[13.242,54.269],[13.228,54.271],[13.21,54.276],[13.199,54.284],[13.205,54.297],[13.19,54.3],[13.16,54.291],[13.15,54.29],[13.143,54.298],[13.149,54.305],[13.162,54.308],[13.178,54.304],[13.178,54.31],[13.115,54.338],[13.129,54.36],[13.149,54.377],[13.174,54.384],[13.205,54.372],[13.212,54.379],[13.223,54.373],[13.237,54.374],[13.267,54.386],[13.251,54.387],[13.239,54.394],[13.234,54.403],[13.239,54.414],[13.239,54.42],[13.225,54.421],[13.218,54.426],[13.212,54.431],[13.201,54.434],[13.157,54.427],[13.174,54.448],[13.182,54.453],[13.209,54.457],[13.239,54.466],[13.26,54.468],[13.26,54.475],[13.261,54.475],[13.267,54.477],[13.273,54.482],[13.245,54.488],[13.233,54.493],[13.225,54.502],[13.229,54.504],[13.232,54.506],[13.234,54.509],[13.233,54.516],[13.203,54.509],[13.185,54.508],[13.178,54.513],[13.175,54.516],[13.171,54.517],[13.166,54.519],[13.164,54.527],[13.163,54.535],[13.159,54.541],[13.152,54.543],[13.143,54.543],[13.166,54.549],[13.243,54.556],[13.26,54.554],[13.265,54.548],[13.277,54.545],[13.288,54.54],[13.294,54.527],[13.298,54.52],[13.306,54.523],[13.309,54.535],[13.301,54.55],[13.315,54.562],[13.334,54.573],[13.353,54.581],[13.369,54.585],[13.358,54.565],[13.351,54.556],[13.342,54.55],[13.348,54.55],[13.354,54.55],[13.359,54.548],[13.363,54.543],[13.358,54.538],[13.349,54.524],[13.363,54.523],[13.375,54.526],[13.384,54.532],[13.39,54.543],[13.381,54.544],[13.372,54.549],[13.363,54.55],[13.363,54.557],[13.377,54.565],[13.388,54.551],[13.406,54.538],[13.417,54.525],[13.411,54.509],[13.431,54.493],[13.456,54.487],[13.507,54.488],[13.5,54.496],[13.509,54.509],[13.514,54.513],[13.521,54.516],[13.521,54.524],[13.513,54.538],[13.507,54.545],[13.5,54.55],[13.5,54.557],[13.506,54.56],[13.509,54.562],[13.513,54.564],[13.521,54.565],[13.521,54.571],[13.508,54.57],[13.5,54.566],[13.494,54.561],[13.487,54.557],[13.476,54.556],[13.441,54.557],[13.436,54.56],[13.431,54.567],[13.424,54.575],[13.414,54.578],[13.399,54.58],[13.393,54.585],[13.39,54.591],[13.383,54.598],[13.371,54.608],[13.369,54.612],[13.356,54.606],[13.348,54.601],[13.332,54.588],[13.308,54.58],[13.291,54.569],[13.273,54.561],[13.253,54.565],[13.25,54.576],[13.257,54.595],[13.27,54.612],[13.284,54.619],[13.287,54.624],[13.291,54.633],[13.293,54.642],[13.291,54.647],[13.246,54.64],[13.231,54.634],[13.225,54.635],[13.225,54.647],[13.231,54.653],[13.242,54.66],[13.254,54.665],[13.391,54.688],[13.419,54.688],[13.445,54.68],[13.445,54.674],[13.43,54.667],[13.409,54.66],[13.391,54.651],[13.383,54.636],[13.386,54.619],[13.395,54.604],[13.408,54.593],[13.425,54.585],[13.466,54.577],[13.596,54.591],[13.64,54.586],[13.671,54.566],[13.677,54.54],[13.651,54.516],[13.607,54.499],[13.585,54.487],[13.575,54.472],[13.579,54.455],[13.588,54.438],[13.599,54.423],[13.61,54.414],[13.63,54.408],[13.677,54.401],[13.698,54.392]]]]}},{"type":"Feature","id":"DE-NI","properties":{"id":"DE-NI","countryCode":"DE","isoSubdivision":"DE-NI","name":"Lower Saxony","name_en":"Lower Saxony","name_ko":"니더작센","type":"State","labelLongitude":8.862,"labelLatitude":52.775,"minZoom":6.6},"geometry":{"type":"MultiPolygon","coordinates":[[[[7.072,52.841],[7.08,52.854],[7.162,52.933],[7.184,52.966],[7.193,52.998],[7.194,53.034],[7.185,53.105],[7.181,53.114],[7.176,53.119],[7.173,53.126],[7.172,53.138],[7.174,53.146],[7.189,53.168],[7.195,53.185],[7.199,53.201],[7.197,53.217],[7.195,53.245],[7.204,53.248],[7.216,53.256],[7.225,53.263],[7.234,53.274],[7.237,53.286],[7.23,53.297],[7.255,53.32],[7.268,53.324],[7.292,53.324],[7.313,53.321],[7.348,53.307],[7.367,53.303],[7.343,53.324],[7.303,53.333],[7.075,53.338],[7.038,53.349],[7.024,53.376],[7.023,53.451],[7.028,53.467],[7.047,53.498],[7.051,53.513],[7.06,53.522],[7.079,53.522],[7.12,53.516],[7.125,53.524],[7.135,53.527],[7.142,53.537],[7.14,53.55],[7.131,53.557],[7.102,53.566],[7.089,53.574],[7.087,53.587],[7.101,53.598],[7.133,53.611],[7.169,53.635],[7.189,53.644],[7.226,53.666],[7.305,53.685],[7.459,53.695],[7.47,53.691],[7.48,53.682],[7.504,53.679],[7.651,53.697],[7.951,53.722],[8.031,53.708],[8.031,53.701],[8.025,53.673],[8.053,53.636],[8.094,53.605],[8.128,53.591],[8.128,53.585],[8.119,53.572],[8.135,53.567],[8.157,53.564],[8.168,53.553],[8.165,53.535],[8.155,53.526],[8.134,53.516],[8.116,53.511],[8.076,53.509],[8.059,53.502],[8.077,53.469],[8.086,53.456],[8.1,53.447],[8.112,53.451],[8.124,53.454],[8.141,53.454],[8.152,53.45],[8.171,53.437],[8.179,53.434],[8.187,53.43],[8.195,53.42],[8.205,53.411],[8.22,53.406],[8.237,53.407],[8.249,53.408],[8.259,53.412],[8.272,53.42],[8.293,53.44],[8.315,53.475],[8.32,53.509],[8.292,53.529],[8.252,53.523],[8.231,53.525],[8.233,53.54],[8.242,53.556],[8.249,53.59],[8.257,53.604],[8.271,53.613],[8.288,53.617],[8.329,53.618],[8.348,53.613],[8.363,53.601],[8.375,53.587],[8.388,53.577],[8.428,53.565],[8.513,53.555],[8.552,53.544],[8.552,53.536],[8.528,53.524],[8.506,53.508],[8.49,53.486],[8.484,53.457],[8.485,53.401],[8.491,53.376],[8.504,53.358],[8.507,53.383],[8.497,53.445],[8.498,53.475],[8.513,53.496],[8.536,53.506],[8.557,53.518],[8.557,53.52],[8.561,53.516],[8.573,53.502],[8.578,53.499],[8.586,53.5],[8.587,53.5],[8.588,53.5],[8.595,53.492],[8.597,53.491],[8.6,53.49],[8.601,53.49],[8.603,53.49],[8.624,53.502],[8.639,53.517],[8.641,53.52],[8.642,53.525],[8.643,53.532],[8.642,53.539],[8.635,53.56],[8.631,53.568],[8.624,53.577],[8.621,53.582],[8.62,53.588],[8.622,53.591],[8.623,53.594],[8.625,53.597],[8.628,53.599],[8.632,53.602],[8.631,53.604],[8.625,53.605],[8.584,53.604],[8.562,53.606],[8.513,53.617],[8.508,53.625],[8.501,53.644],[8.487,53.667],[8.484,53.684],[8.486,53.7],[8.492,53.715],[8.53,53.771],[8.556,53.831],[8.573,53.858],[8.588,53.87],[8.607,53.882],[8.629,53.889],[8.652,53.892],[8.673,53.892],[8.685,53.888],[8.709,53.872],[8.745,53.854],[8.782,53.842],[8.861,53.831],[8.904,53.832],[8.976,53.842],[9.016,53.841],[9.035,53.854],[9.115,53.865],[9.194,53.865],[9.211,53.872],[9.224,53.866],[9.241,53.864],[9.275,53.865],[9.283,53.862],[9.305,53.845],[9.403,53.742],[9.443,53.714],[9.471,53.701],[9.485,53.69],[9.498,53.66],[9.567,53.6],[9.582,53.591],[9.601,53.586],[9.625,53.585],[9.637,53.581],[9.697,53.557],[9.764,53.548],[9.765,53.544],[9.768,53.508],[9.777,53.502],[9.779,53.5],[9.781,53.497],[9.782,53.494],[9.785,53.492],[9.791,53.49],[9.794,53.488],[9.796,53.484],[9.801,53.475],[9.805,53.469],[9.811,53.462],[9.817,53.457],[9.824,53.451],[9.857,53.433],[9.861,53.432],[9.865,53.433],[9.878,53.445],[9.883,53.447],[9.891,53.449],[9.896,53.449],[9.9,53.447],[9.905,53.441],[9.908,53.431],[9.909,53.422],[9.909,53.418],[9.913,53.416],[9.919,53.416],[9.939,53.422],[9.945,53.423],[9.95,53.422],[9.968,53.414],[9.975,53.414],[9.985,53.415],[10.011,53.421],[10.028,53.427],[10.03,53.429],[10.031,53.431],[10.031,53.433],[10.03,53.435],[10.03,53.437],[10.029,53.438],[10.032,53.441],[10.039,53.443],[10.076,53.45],[10.083,53.451],[10.099,53.439],[10.111,53.434],[10.131,53.431],[10.143,53.423],[10.154,53.414],[10.17,53.407],[10.187,53.404],[10.242,53.407],[10.244,53.409],[10.266,53.427],[10.276,53.431],[10.285,53.433],[10.328,53.433],[10.351,53.432],[10.386,53.424],[10.528,53.372],[10.57,53.364],[10.601,53.372],[10.676,53.374],[10.71,53.368],[10.732,53.352],[10.734,53.338],[10.735,53.322],[10.739,53.308],[10.756,53.303],[10.775,53.3],[10.787,53.293],[10.807,53.276],[10.839,53.26],[10.93,53.228],[11.04,53.166],[11.068,53.156],[11.078,53.149],[11.089,53.144],[11.1,53.149],[11.109,53.156],[11.125,53.162],[11.133,53.168],[11.143,53.173],[11.156,53.174],[11.165,53.171],[11.17,53.165],[11.176,53.159],[11.184,53.152],[11.194,53.141],[11.201,53.14],[11.214,53.149],[11.225,53.153],[11.232,53.149],[11.24,53.142],[11.256,53.136],[11.262,53.131],[11.274,53.118],[11.275,53.117],[11.291,53.099],[11.328,53.072],[11.344,53.066],[11.366,53.064],[11.384,53.067],[11.417,53.081],[11.438,53.084],[11.461,53.079],[11.491,53.061],[11.509,53.057],[11.532,53.055],[11.581,53.043],[11.562,53.01],[11.552,53.006],[11.539,53.006],[11.531,53.008],[11.525,53.008],[11.515,53.007],[11.51,53.004],[11.507,53.001],[11.502,52.992],[11.501,52.989],[11.496,52.969],[11.496,52.963],[11.497,52.96],[11.498,52.954],[11.5,52.95],[11.502,52.944],[11.5,52.943],[11.498,52.942],[11.479,52.941],[11.47,52.94],[11.412,52.906],[11.409,52.905],[11.374,52.9],[11.313,52.884],[11.292,52.883],[11.284,52.885],[11.279,52.884],[11.273,52.882],[11.264,52.878],[11.258,52.876],[11.253,52.876],[11.251,52.877],[11.248,52.878],[11.246,52.88],[11.244,52.882],[11.243,52.884],[11.241,52.886],[11.238,52.888],[11.225,52.891],[11.222,52.892],[11.22,52.894],[11.217,52.896],[11.214,52.898],[11.165,52.903],[11.107,52.901],[11.099,52.901],[11.081,52.908],[11.051,52.912],[11.034,52.913],[11.015,52.912],[11.003,52.909],[11.001,52.908],[11,52.907],[10.999,52.906],[10.997,52.904],[10.996,52.901],[10.995,52.898],[10.994,52.896],[10.994,52.893],[10.994,52.888],[10.993,52.886],[10.992,52.884],[10.989,52.882],[10.97,52.873],[10.961,52.865],[10.942,52.859],[10.914,52.854],[10.899,52.849],[10.886,52.847],[10.843,52.848],[10.795,52.846],[10.762,52.838],[10.759,52.835],[10.761,52.83],[10.76,52.826],[10.758,52.822],[10.757,52.818],[10.757,52.815],[10.759,52.81],[10.76,52.807],[10.76,52.804],[10.76,52.801],[10.757,52.792],[10.757,52.789],[10.757,52.786],[10.758,52.784],[10.759,52.782],[10.764,52.777],[10.774,52.762],[10.779,52.758],[10.792,52.75],[10.794,52.748],[10.795,52.74],[10.796,52.734],[10.801,52.722],[10.806,52.718],[10.811,52.716],[10.822,52.716],[10.829,52.714],[10.837,52.71],[10.847,52.697],[10.885,52.651],[10.92,52.619],[10.928,52.614],[10.934,52.613],[10.937,52.614],[10.949,52.621],[10.952,52.622],[10.957,52.623],[10.963,52.622],[10.973,52.619],[10.977,52.616],[10.978,52.613],[10.976,52.611],[10.974,52.608],[10.969,52.604],[10.953,52.593],[10.95,52.591],[10.948,52.589],[10.947,52.586],[10.946,52.584],[10.946,52.568],[10.946,52.563],[10.949,52.554],[10.951,52.549],[10.954,52.545],[10.956,52.543],[10.961,52.54],[10.964,52.538],[10.966,52.536],[10.994,52.509],[11,52.503],[11.002,52.498],[10.999,52.497],[10.994,52.497],[10.976,52.499],[10.971,52.5],[10.967,52.499],[10.963,52.498],[10.956,52.496],[10.953,52.494],[10.95,52.492],[10.948,52.49],[10.947,52.488],[10.947,52.484],[10.946,52.483],[10.945,52.482],[10.943,52.48],[10.941,52.476],[10.94,52.473],[10.939,52.462],[11.011,52.403],[11.015,52.401],[11.021,52.398],[11.024,52.397],[11.038,52.395],[11.067,52.38],[11.07,52.377],[11.073,52.372],[11.072,52.369],[11.07,52.365],[11.069,52.358],[11.067,52.356],[11.064,52.354],[11.047,52.351],[11.019,52.349],[11.008,52.346],[11.001,52.344],[10.999,52.342],[10.999,52.34],[11,52.338],[11.001,52.333],[11.002,52.33],[11.003,52.329],[11.006,52.328],[11.014,52.326],[11.021,52.323],[11.023,52.322],[11.024,52.32],[11.025,52.318],[11.025,52.316],[11.026,52.314],[11.028,52.312],[11.03,52.31],[11.034,52.306],[11.034,52.304],[11.032,52.301],[11.021,52.296],[11.016,52.292],[11.014,52.29],[11.015,52.287],[11.027,52.275],[11.033,52.271],[11.037,52.269],[11.042,52.263],[11.045,52.262],[11.048,52.261],[11.056,52.263],[11.061,52.261],[11.062,52.259],[11.062,52.251],[11.063,52.246],[11.064,52.244],[11.066,52.244],[11.069,52.245],[11.07,52.247],[11.073,52.25],[11.073,52.251],[11.076,52.251],[11.078,52.251],[11.083,52.247],[11.084,52.244],[11.085,52.24],[11.085,52.231],[11.084,52.228],[11.083,52.225],[11.081,52.223],[11.078,52.221],[11.072,52.219],[11.058,52.217],[11.037,52.211],[11.034,52.21],[11.029,52.206],[11.021,52.194],[11.019,52.19],[11.019,52.187],[11.023,52.182],[11.025,52.179],[11.027,52.178],[11.03,52.176],[11.033,52.174],[11.037,52.173],[11.042,52.173],[11.046,52.173],[11.05,52.172],[11.054,52.168],[11.058,52.158],[11.058,52.153],[11.057,52.149],[11.048,52.14],[11.043,52.136],[11.038,52.132],[11.014,52.119],[10.993,52.112],[10.958,52.105],[10.952,52.102],[10.949,52.1],[10.948,52.097],[10.949,52.095],[10.949,52.094],[10.952,52.092],[10.967,52.085],[10.969,52.084],[10.97,52.081],[10.971,52.077],[10.97,52.069],[10.968,52.065],[10.966,52.061],[10.963,52.06],[10.959,52.059],[10.956,52.058],[10.946,52.058],[10.896,52.059],[10.876,52.057],[10.85,52.05],[10.717,52.05],[10.661,52.045],[10.652,52.043],[10.651,52.04],[10.651,52.038],[10.652,52.035],[10.652,52.032],[10.651,52.03],[10.643,52.024],[10.635,52.018],[10.622,52.011],[10.615,52.009],[10.609,52.008],[10.58,52.01],[10.574,52.009],[10.57,52.007],[10.57,52.004],[10.57,52.002],[10.571,52.001],[10.571,52],[10.573,51.999],[10.586,51.987],[10.588,51.985],[10.589,51.984],[10.59,51.976],[10.615,51.968],[10.619,51.966],[10.625,51.96],[10.629,51.958],[10.635,51.958],[10.642,51.959],[10.645,51.959],[10.645,51.957],[10.644,51.955],[10.642,51.953],[10.627,51.949],[10.624,51.948],[10.618,51.943],[10.615,51.934],[10.613,51.925],[10.613,51.923],[10.615,51.921],[10.632,51.914],[10.635,51.912],[10.638,51.907],[10.641,51.892],[10.641,51.887],[10.64,51.884],[10.639,51.882],[10.636,51.881],[10.634,51.879],[10.631,51.874],[10.629,51.871],[10.626,51.87],[10.618,51.868],[10.614,51.866],[10.611,51.864],[10.608,51.859],[10.604,51.856],[10.601,51.855],[10.587,51.851],[10.582,51.848],[10.58,51.845],[10.58,51.83],[10.578,51.805],[10.578,51.8],[10.579,51.8],[10.58,51.797],[10.582,51.784],[10.584,51.78],[10.585,51.778],[10.59,51.775],[10.596,51.771],[10.598,51.769],[10.603,51.766],[10.609,51.763],[10.616,51.76],[10.619,51.759],[10.622,51.756],[10.625,51.752],[10.628,51.741],[10.63,51.738],[10.638,51.731],[10.644,51.721],[10.646,51.72],[10.658,51.714],[10.661,51.711],[10.664,51.707],[10.668,51.698],[10.669,51.693],[10.669,51.67],[10.698,51.637],[10.649,51.62],[10.631,51.607],[10.63,51.603],[10.629,51.601],[10.631,51.599],[10.635,51.595],[10.641,51.589],[10.651,51.582],[10.652,51.581],[10.654,51.578],[10.655,51.574],[10.653,51.566],[10.65,51.562],[10.645,51.561],[10.642,51.562],[10.638,51.564],[10.624,51.573],[10.618,51.573],[10.61,51.573],[10.562,51.557],[10.557,51.557],[10.527,51.555],[10.514,51.556],[10.479,51.575],[10.431,51.591],[10.422,51.592],[10.414,51.59],[10.4,51.588],[10.385,51.588],[10.378,51.587],[10.375,51.586],[10.374,51.584],[10.374,51.583],[10.374,51.582],[10.375,51.581],[10.378,51.578],[10.379,51.577],[10.379,51.575],[10.38,51.572],[10.378,51.566],[10.375,51.561],[10.365,51.542],[10.358,51.536],[10.341,51.529],[10.338,51.526],[10.337,51.523],[10.335,51.521],[10.332,51.52],[10.324,51.517],[10.306,51.511],[10.302,51.507],[10.299,51.504],[10.297,51.5],[10.294,51.493],[10.291,51.491],[10.287,51.49],[10.283,51.489],[10.24,51.472],[10.232,51.47],[10.223,51.47],[10.219,51.471],[10.216,51.472],[10.214,51.474],[10.214,51.475],[10.213,51.477],[10.213,51.478],[10.21,51.479],[10.204,51.48],[10.195,51.479],[10.19,51.478],[10.186,51.476],[10.184,51.474],[10.181,51.472],[10.18,51.47],[10.18,51.468],[10.18,51.466],[10.181,51.465],[10.182,51.463],[10.182,51.461],[10.18,51.458],[10.172,51.449],[10.168,51.447],[10.163,51.445],[10.15,51.443],[10.147,51.441],[10.146,51.438],[10.147,51.437],[10.15,51.432],[10.1,51.433],[10.085,51.431],[10.079,51.425],[10.073,51.421],[10.069,51.42],[10.066,51.421],[10.046,51.432],[10.042,51.432],[10.04,51.431],[10.037,51.428],[10.032,51.424],[10.018,51.419],[10.011,51.417],[10,51.408],[9.949,51.382],[9.915,51.398],[9.906,51.404],[9.906,51.405],[9.905,51.411],[9.904,51.417],[9.902,51.419],[9.898,51.419],[9.894,51.418],[9.892,51.416],[9.885,51.411],[9.882,51.411],[9.87,51.411],[9.866,51.41],[9.863,51.409],[9.862,51.407],[9.862,51.404],[9.863,51.402],[9.864,51.4],[9.865,51.398],[9.867,51.396],[9.876,51.385],[9.876,51.382],[9.873,51.379],[9.866,51.373],[9.861,51.372],[9.856,51.372],[9.852,51.374],[9.849,51.377],[9.844,51.382],[9.839,51.39],[9.837,51.394],[9.833,51.398],[9.826,51.401],[9.808,51.407],[9.801,51.409],[9.796,51.408],[9.796,51.407],[9.796,51.404],[9.797,51.402],[9.798,51.401],[9.802,51.397],[9.799,51.395],[9.792,51.39],[9.768,51.386],[9.756,51.379],[9.714,51.364],[9.713,51.363],[9.713,51.361],[9.713,51.359],[9.715,51.354],[9.719,51.351],[9.743,51.335],[9.751,51.331],[9.754,51.331],[9.757,51.332],[9.759,51.334],[9.77,51.341],[9.775,51.342],[9.779,51.342],[9.782,51.341],[9.783,51.34],[9.785,51.339],[9.785,51.338],[9.784,51.336],[9.783,51.334],[9.78,51.331],[9.779,51.331],[9.778,51.33],[9.776,51.329],[9.774,51.328],[9.773,51.327],[9.773,51.325],[9.773,51.323],[9.773,51.321],[9.773,51.319],[9.77,51.315],[9.762,51.309],[9.734,51.293],[9.726,51.291],[9.722,51.29],[9.711,51.292],[9.683,51.315],[9.669,51.32],[9.662,51.319],[9.656,51.32],[9.586,51.339],[9.569,51.342],[9.541,51.358],[9.536,51.364],[9.535,51.367],[9.538,51.366],[9.554,51.362],[9.563,51.361],[9.567,51.361],[9.571,51.361],[9.572,51.364],[9.571,51.368],[9.565,51.377],[9.563,51.381],[9.564,51.384],[9.572,51.39],[9.575,51.392],[9.577,51.395],[9.579,51.398],[9.582,51.399],[9.586,51.399],[9.593,51.397],[9.597,51.397],[9.604,51.399],[9.633,51.401],[9.636,51.404],[9.639,51.409],[9.635,51.434],[9.635,51.438],[9.637,51.442],[9.637,51.447],[9.635,51.451],[9.631,51.455],[9.63,51.458],[9.631,51.461],[9.637,51.465],[9.639,51.468],[9.638,51.47],[9.636,51.472],[9.628,51.474],[9.623,51.477],[9.616,51.484],[9.597,51.512],[9.595,51.518],[9.597,51.521],[9.606,51.521],[9.61,51.522],[9.613,51.524],[9.615,51.527],[9.616,51.533],[9.616,51.544],[9.617,51.55],[9.62,51.552],[9.623,51.552],[9.63,51.55],[9.633,51.549],[9.637,51.548],[9.641,51.549],[9.645,51.55],[9.645,51.552],[9.635,51.562],[9.634,51.566],[9.634,51.569],[9.636,51.571],[9.638,51.572],[9.64,51.573],[9.642,51.573],[9.644,51.572],[9.668,51.56],[9.671,51.559],[9.677,51.561],[9.686,51.572],[9.666,51.585],[9.66,51.595],[9.657,51.604],[9.654,51.608],[9.651,51.611],[9.631,51.617],[9.627,51.62],[9.625,51.624],[9.623,51.629],[9.621,51.631],[9.616,51.631],[9.605,51.627],[9.593,51.626],[9.585,51.626],[9.577,51.627],[9.565,51.63],[9.56,51.634],[9.556,51.638],[9.553,51.64],[9.549,51.64],[9.546,51.639],[9.543,51.638],[9.538,51.634],[9.535,51.632],[9.533,51.63],[9.528,51.629],[9.521,51.628],[9.508,51.628],[9.5,51.63],[9.494,51.632],[9.492,51.634],[9.491,51.637],[9.49,51.64],[9.49,51.643],[9.491,51.646],[9.49,51.649],[9.487,51.653],[9.483,51.655],[9.467,51.655],[9.448,51.644],[9.44,51.649],[9.394,51.64],[9.379,51.64],[9.376,51.642],[9.374,51.644],[9.373,51.647],[9.372,51.651],[9.372,51.656],[9.373,51.661],[9.375,51.665],[9.377,51.667],[9.38,51.669],[9.386,51.672],[9.389,51.674],[9.39,51.678],[9.388,51.685],[9.387,51.689],[9.388,51.693],[9.39,51.695],[9.393,51.698],[9.394,51.701],[9.393,51.705],[9.39,51.717],[9.39,51.724],[9.39,51.729],[9.391,51.734],[9.392,51.735],[9.394,51.737],[9.396,51.738],[9.399,51.74],[9.401,51.743],[9.403,51.745],[9.404,51.75],[9.405,51.752],[9.407,51.753],[9.41,51.755],[9.423,51.76],[9.428,51.763],[9.434,51.767],[9.437,51.77],[9.446,51.785],[9.452,51.798],[9.453,51.806],[9.452,51.816],[9.453,51.821],[9.455,51.824],[9.462,51.829],[9.462,51.83],[9.461,51.832],[9.458,51.833],[9.449,51.835],[9.444,51.835],[9.441,51.838],[9.44,51.841],[9.442,51.843],[9.451,51.851],[9.456,51.856],[9.458,51.859],[9.461,51.865],[9.458,51.867],[9.455,51.868],[9.45,51.867],[9.443,51.865],[9.433,51.863],[9.41,51.86],[9.366,51.861],[9.36,51.861],[9.343,51.856],[9.332,51.855],[9.322,51.856],[9.336,51.882],[9.338,51.893],[9.336,51.901],[9.335,51.906],[9.333,51.908],[9.331,51.911],[9.326,51.916],[9.302,51.923],[9.289,51.924],[9.263,51.921],[9.257,51.921],[9.255,51.922],[9.258,51.924],[9.265,51.928],[9.269,51.931],[9.273,51.935],[9.275,51.938],[9.286,51.965],[9.287,51.97],[9.286,51.973],[9.248,51.984],[9.243,51.984],[9.238,51.983],[9.234,51.983],[9.23,51.981],[9.228,51.98],[9.226,51.978],[9.224,51.976],[9.224,51.975],[9.223,51.974],[9.224,51.971],[9.219,51.97],[9.21,51.972],[9.185,51.979],[9.175,51.983],[9.171,51.986],[9.173,51.987],[9.175,51.988],[9.176,51.99],[9.177,51.992],[9.177,51.994],[9.177,51.996],[9.177,51.997],[9.177,51.998],[9.179,51.999],[9.185,52.001],[9.19,52.004],[9.193,52.006],[9.196,52.009],[9.197,52.011],[9.198,52.013],[9.199,52.017],[9.198,52.019],[9.186,52.037],[9.177,52.053],[9.177,52.057],[9.177,52.059],[9.178,52.06],[9.188,52.072],[9.19,52.075],[9.189,52.079],[9.188,52.085],[9.177,52.095],[9.149,52.102],[9.141,52.108],[9.14,52.11],[9.14,52.112],[9.142,52.115],[9.145,52.121],[9.146,52.126],[9.143,52.129],[9.135,52.132],[9.064,52.138],[9.044,52.136],[9.031,52.137],[9.016,52.136],[9.004,52.133],[8.999,52.133],[8.996,52.134],[8.997,52.137],[9.002,52.143],[9.003,52.144],[9.006,52.147],[9.007,52.149],[9.008,52.153],[9.007,52.156],[9.006,52.161],[9.004,52.164],[8.994,52.178],[8.988,52.188],[9.019,52.194],[9.042,52.193],[9.046,52.194],[9.048,52.196],[9.046,52.204],[9.043,52.21],[9.041,52.213],[9.039,52.216],[9.038,52.219],[9.042,52.224],[9.049,52.228],[9.07,52.237],[9.073,52.239],[9.071,52.24],[9.066,52.241],[9.044,52.245],[9.011,52.254],[8.993,52.257],[8.99,52.258],[8.987,52.26],[8.983,52.265],[8.982,52.268],[8.983,52.27],[8.985,52.274],[8.987,52.279],[8.989,52.288],[8.993,52.316],[8.995,52.322],[9.001,52.333],[9.004,52.337],[9.008,52.339],[9.013,52.341],[9.018,52.341],[9.041,52.339],[9.049,52.34],[9.058,52.344],[9.063,52.346],[9.074,52.349],[9.078,52.352],[9.095,52.376],[9.128,52.408],[9.111,52.442],[9.11,52.446],[9.109,52.452],[9.111,52.453],[9.117,52.456],[9.121,52.458],[9.126,52.461],[9.13,52.465],[9.135,52.472],[9.134,52.475],[9.132,52.477],[9.124,52.478],[9.12,52.479],[9.116,52.48],[9.113,52.482],[9.111,52.483],[9.097,52.495],[9.091,52.497],[9.086,52.498],[9.081,52.498],[9.026,52.48],[8.999,52.463],[8.994,52.458],[8.984,52.445],[8.969,52.416],[8.967,52.413],[8.964,52.411],[8.961,52.409],[8.894,52.4],[8.888,52.398],[8.859,52.391],[8.827,52.389],[8.724,52.396],[8.713,52.397],[8.711,52.399],[8.709,52.401],[8.708,52.403],[8.707,52.407],[8.707,52.412],[8.707,52.418],[8.71,52.429],[8.711,52.432],[8.71,52.435],[8.706,52.439],[8.705,52.443],[8.704,52.447],[8.704,52.452],[8.707,52.461],[8.707,52.465],[8.707,52.471],[8.704,52.48],[8.676,52.511],[8.668,52.515],[8.66,52.52],[8.643,52.524],[8.637,52.524],[8.632,52.524],[8.583,52.509],[8.566,52.507],[8.517,52.508],[8.497,52.507],[8.492,52.503],[8.481,52.498],[8.472,52.495],[8.466,52.491],[8.464,52.49],[8.463,52.488],[8.462,52.486],[8.454,52.462],[8.452,52.458],[8.448,52.455],[8.441,52.451],[8.424,52.446],[8.367,52.441],[8.358,52.443],[8.351,52.445],[8.347,52.446],[8.324,52.446],[8.301,52.451],[8.321,52.41],[8.326,52.405],[8.334,52.398],[8.399,52.38],[8.428,52.367],[8.435,52.361],[8.441,52.354],[8.45,52.338],[8.456,52.321],[8.46,52.304],[8.461,52.287],[8.459,52.25],[8.461,52.214],[8.464,52.205],[8.466,52.204],[8.487,52.195],[8.498,52.189],[8.498,52.187],[8.497,52.183],[8.492,52.176],[8.486,52.17],[8.481,52.165],[8.476,52.162],[8.466,52.157],[8.426,52.141],[8.422,52.138],[8.418,52.134],[8.41,52.119],[8.408,52.116],[8.406,52.114],[8.401,52.112],[8.394,52.111],[8.267,52.134],[8.235,52.116],[8.218,52.103],[8.211,52.097],[8.199,52.09],[8.181,52.083],[8.11,52.067],[8.075,52.075],[8.038,52.071],[8.023,52.066],[7.979,52.04],[7.974,52.038],[7.97,52.039],[7.965,52.041],[7.948,52.047],[7.92,52.053],[7.915,52.055],[7.912,52.056],[7.904,52.072],[7.9,52.078],[7.892,52.09],[7.893,52.095],[7.905,52.103],[7.922,52.112],[7.947,52.119],[7.967,52.121],[7.979,52.122],[7.99,52.123],[7.994,52.128],[7.997,52.133],[7.997,52.138],[8.004,52.151],[8.014,52.164],[8.017,52.17],[8.017,52.174],[8.014,52.176],[8.008,52.178],[7.991,52.182],[7.978,52.182],[7.96,52.18],[7.948,52.18],[7.943,52.181],[7.939,52.184],[7.937,52.19],[7.934,52.195],[7.933,52.195],[7.924,52.196],[7.915,52.197],[7.908,52.198],[7.904,52.2],[7.901,52.205],[7.901,52.208],[7.904,52.211],[7.917,52.22],[7.923,52.226],[7.925,52.23],[7.926,52.233],[7.924,52.236],[7.919,52.243],[7.916,52.247],[7.916,52.249],[7.916,52.251],[7.92,52.254],[7.938,52.266],[7.944,52.271],[7.946,52.274],[7.946,52.277],[7.941,52.283],[7.935,52.289],[7.933,52.291],[7.931,52.294],[7.929,52.3],[7.93,52.303],[7.932,52.305],[7.936,52.306],[7.966,52.309],[7.97,52.31],[7.974,52.312],[7.973,52.315],[7.97,52.318],[7.961,52.327],[7.942,52.348],[7.929,52.36],[7.92,52.365],[7.911,52.371],[7.906,52.377],[7.9,52.378],[7.895,52.379],[7.829,52.363],[7.823,52.363],[7.816,52.365],[7.805,52.374],[7.802,52.376],[7.734,52.402],[7.71,52.407],[7.706,52.41],[7.703,52.413],[7.694,52.448],[7.692,52.453],[7.689,52.458],[7.685,52.46],[7.681,52.462],[7.609,52.476],[7.606,52.476],[7.601,52.474],[7.599,52.473],[7.594,52.468],[7.582,52.436],[7.583,52.433],[7.586,52.428],[7.594,52.425],[7.601,52.42],[7.603,52.417],[7.602,52.415],[7.595,52.414],[7.591,52.41],[7.587,52.405],[7.581,52.39],[7.576,52.383],[7.575,52.383],[7.573,52.382],[7.571,52.38],[7.566,52.375],[7.562,52.372],[7.561,52.372],[7.558,52.371],[7.54,52.373],[7.533,52.373],[7.519,52.372],[7.514,52.37],[7.467,52.346],[7.416,52.314],[7.409,52.311],[7.398,52.307],[7.373,52.304],[7.368,52.303],[7.363,52.301],[7.349,52.292],[7.301,52.272],[7.259,52.266],[7.122,52.263],[7.116,52.26],[7.108,52.255],[7.094,52.249],[7.053,52.238],[7.027,52.239],[7.021,52.245],[7.012,52.267],[7.012,52.285],[7.02,52.3],[7.04,52.329],[7.048,52.365],[7.034,52.391],[6.973,52.451],[6.967,52.45],[6.961,52.443],[6.951,52.437],[6.926,52.433],[6.9,52.432],[6.872,52.435],[6.82,52.447],[6.741,52.454],[6.715,52.462],[6.695,52.476],[6.689,52.491],[6.688,52.508],[6.684,52.526],[6.672,52.542],[6.688,52.543],[6.744,52.56],[6.711,52.577],[6.704,52.583],[6.704,52.591],[6.708,52.6],[6.71,52.609],[6.702,52.619],[6.719,52.627],[6.737,52.635],[6.771,52.641],[6.865,52.642],[6.918,52.632],[6.968,52.637],[6.983,52.633],[7.018,52.626],[7.037,52.647],[7.044,52.683],[7.053,52.791],[7.062,52.824],[7.072,52.841]],[[8.564,53.212],[8.561,53.213],[8.53,53.225],[8.519,53.226],[8.496,53.224],[8.501,53.217],[8.505,53.211],[8.513,53.2],[8.554,53.19],[8.578,53.18],[8.589,53.179],[8.611,53.18],[8.617,53.177],[8.631,53.16],[8.633,53.141],[8.634,53.139],[8.636,53.134],[8.638,53.13],[8.654,53.116],[8.693,53.088],[8.7,53.086],[8.702,53.083],[8.703,53.08],[8.702,53.054],[8.703,53.053],[8.703,53.052],[8.702,53.051],[8.704,53.05],[8.705,53.05],[8.719,53.048],[8.759,53.052],[8.768,53.055],[8.772,53.055],[8.777,53.053],[8.825,53.035],[8.834,53.034],[8.844,53.033],[8.858,53.036],[8.863,53.037],[8.866,53.04],[8.866,53.043],[8.865,53.045],[8.866,53.047],[8.866,53.048],[8.915,53.025],[8.923,53.027],[8.958,53.043],[8.973,53.053],[8.974,53.056],[8.975,53.062],[8.977,53.076],[8.979,53.082],[8.981,53.086],[8.988,53.092],[8.99,53.094],[8.988,53.097],[8.986,53.1],[8.962,53.116],[8.958,53.122],[8.958,53.123],[8.96,53.126],[8.972,53.132],[8.975,53.135],[8.975,53.137],[8.973,53.14],[8.949,53.156],[8.939,53.162],[8.936,53.163],[8.933,53.163],[8.928,53.161],[8.926,53.159],[8.924,53.157],[8.919,53.15],[8.918,53.147],[8.917,53.144],[8.916,53.142],[8.914,53.141],[8.912,53.139],[8.909,53.139],[8.904,53.138],[8.895,53.139],[8.861,53.149],[8.841,53.158],[8.826,53.167],[8.824,53.168],[8.812,53.17],[8.784,53.169],[8.779,53.17],[8.757,53.179],[8.751,53.181],[8.749,53.184],[8.75,53.185],[8.75,53.187],[8.75,53.188],[8.749,53.19],[8.748,53.191],[8.746,53.192],[8.733,53.193],[8.71,53.192],[8.707,53.191],[8.705,53.19],[8.704,53.19],[8.701,53.189],[8.69,53.188],[8.677,53.19],[8.618,53.205],[8.59,53.215],[8.585,53.215],[8.566,53.212],[8.564,53.212]]],[[[6.798,53.604],[6.776,53.602],[6.741,53.593],[6.722,53.591],[6.722,53.585],[6.734,53.582],[6.742,53.578],[6.75,53.572],[6.757,53.563],[6.748,53.566],[6.735,53.575],[6.726,53.577],[6.716,53.576],[6.701,53.571],[6.695,53.57],[6.677,53.576],[6.663,53.587],[6.66,53.599],[6.671,53.604],[6.747,53.618],[6.785,53.62],[6.798,53.604]]],[[[6.874,53.673],[6.911,53.684],[7.047,53.694],[7.085,53.687],[6.874,53.673]]],[[[7.133,53.708],[7.179,53.724],[7.233,53.729],[7.346,53.728],[7.347,53.723],[7.345,53.722],[7.342,53.722],[7.296,53.711],[7.174,53.701],[7.133,53.708]]],[[[7.367,53.728],[7.383,53.735],[7.403,53.737],[7.423,53.734],[7.436,53.728],[7.432,53.724],[7.429,53.722],[7.421,53.721],[7.381,53.729],[7.367,53.728]]],[[[8.12,53.721],[8.133,53.734],[8.152,53.739],[8.175,53.737],[8.196,53.728],[8.182,53.728],[8.172,53.726],[8.156,53.716],[8.151,53.714],[8.142,53.716],[8.137,53.718],[8.131,53.718],[8.12,53.714],[8.12,53.721]]],[[[7.517,53.762],[7.607,53.763],[7.627,53.755],[7.627,53.751],[7.626,53.75],[7.623,53.75],[7.621,53.749],[7.548,53.75],[7.514,53.746],[7.511,53.728],[7.482,53.727],[7.473,53.732],[7.47,53.745],[7.475,53.757],[7.487,53.761],[7.517,53.762]]],[[[7.661,53.762],[7.686,53.781],[7.728,53.787],[7.813,53.783],[7.813,53.776],[7.799,53.776],[7.776,53.768],[7.748,53.761],[7.719,53.76],[7.695,53.77],[7.686,53.762],[7.677,53.758],[7.669,53.758],[7.661,53.762]]],[[[7.874,53.776],[7.855,53.785],[7.859,53.791],[7.877,53.795],[7.898,53.796],[7.914,53.795],[7.929,53.793],[7.956,53.783],[7.946,53.784],[7.935,53.783],[7.893,53.789],[7.875,53.788],[7.874,53.776]]]]}},{"type":"Feature","id":"DE-NW","properties":{"id":"DE-NW","countryCode":"DE","isoSubdivision":"DE-NW","name":"North Rhine-Westphalia","name_en":"North Rhine-Westphalia","name_ko":"노르트라인베스트팔렌","type":"State","labelLongitude":7.657,"labelLatitude":51.615,"minZoom":6.6},"geometry":{"type":"Polygon","coordinates":[[[6.772,52.109],[6.831,52.113],[6.843,52.12],[6.865,52.148],[6.885,52.16],[6.928,52.172],[6.948,52.183],[6.971,52.206],[6.982,52.214],[7.026,52.231],[7.029,52.236],[7.027,52.239],[7.053,52.238],[7.094,52.249],[7.108,52.255],[7.116,52.26],[7.122,52.263],[7.259,52.266],[7.301,52.272],[7.349,52.292],[7.363,52.301],[7.368,52.303],[7.373,52.304],[7.398,52.307],[7.409,52.311],[7.416,52.314],[7.467,52.346],[7.514,52.37],[7.519,52.372],[7.533,52.373],[7.54,52.373],[7.558,52.371],[7.561,52.372],[7.562,52.372],[7.566,52.375],[7.571,52.38],[7.573,52.382],[7.575,52.383],[7.576,52.383],[7.581,52.39],[7.587,52.405],[7.591,52.41],[7.595,52.414],[7.602,52.415],[7.603,52.417],[7.601,52.42],[7.594,52.425],[7.586,52.428],[7.583,52.433],[7.582,52.436],[7.594,52.468],[7.599,52.473],[7.601,52.474],[7.606,52.476],[7.609,52.476],[7.681,52.462],[7.685,52.46],[7.689,52.458],[7.692,52.453],[7.694,52.448],[7.703,52.413],[7.706,52.41],[7.71,52.407],[7.734,52.402],[7.802,52.376],[7.805,52.374],[7.816,52.365],[7.823,52.363],[7.829,52.363],[7.895,52.379],[7.9,52.378],[7.906,52.377],[7.911,52.371],[7.92,52.365],[7.929,52.36],[7.942,52.348],[7.961,52.327],[7.97,52.318],[7.973,52.315],[7.974,52.312],[7.97,52.31],[7.966,52.309],[7.936,52.306],[7.932,52.305],[7.93,52.303],[7.929,52.3],[7.931,52.294],[7.933,52.291],[7.935,52.289],[7.941,52.283],[7.946,52.277],[7.946,52.274],[7.944,52.271],[7.938,52.266],[7.92,52.254],[7.916,52.251],[7.916,52.249],[7.916,52.247],[7.919,52.243],[7.924,52.236],[7.926,52.233],[7.925,52.23],[7.923,52.226],[7.917,52.22],[7.904,52.211],[7.901,52.208],[7.901,52.205],[7.904,52.2],[7.908,52.198],[7.915,52.197],[7.924,52.196],[7.933,52.195],[7.934,52.195],[7.937,52.19],[7.939,52.184],[7.943,52.181],[7.948,52.18],[7.96,52.18],[7.978,52.182],[7.991,52.182],[8.008,52.178],[8.014,52.176],[8.017,52.174],[8.017,52.17],[8.014,52.164],[8.004,52.151],[7.997,52.138],[7.997,52.133],[7.994,52.128],[7.99,52.123],[7.979,52.122],[7.967,52.121],[7.947,52.119],[7.922,52.112],[7.905,52.103],[7.893,52.095],[7.892,52.09],[7.9,52.078],[7.904,52.072],[7.912,52.056],[7.915,52.055],[7.92,52.053],[7.948,52.047],[7.965,52.041],[7.97,52.039],[7.974,52.038],[7.979,52.04],[8.023,52.066],[8.038,52.071],[8.075,52.075],[8.11,52.067],[8.181,52.083],[8.199,52.09],[8.211,52.097],[8.218,52.103],[8.235,52.116],[8.267,52.134],[8.394,52.111],[8.401,52.112],[8.406,52.114],[8.408,52.116],[8.41,52.119],[8.418,52.134],[8.422,52.138],[8.426,52.141],[8.466,52.157],[8.476,52.162],[8.481,52.165],[8.486,52.17],[8.492,52.176],[8.497,52.183],[8.498,52.187],[8.498,52.189],[8.487,52.195],[8.466,52.204],[8.464,52.205],[8.461,52.214],[8.459,52.25],[8.461,52.287],[8.46,52.304],[8.456,52.321],[8.45,52.338],[8.441,52.354],[8.435,52.361],[8.428,52.367],[8.399,52.38],[8.334,52.398],[8.326,52.405],[8.321,52.41],[8.301,52.451],[8.324,52.446],[8.347,52.446],[8.351,52.445],[8.358,52.443],[8.367,52.441],[8.424,52.446],[8.441,52.451],[8.448,52.455],[8.452,52.458],[8.454,52.462],[8.462,52.486],[8.463,52.488],[8.464,52.49],[8.466,52.491],[8.472,52.495],[8.481,52.498],[8.492,52.503],[8.497,52.507],[8.517,52.508],[8.566,52.507],[8.583,52.509],[8.632,52.524],[8.637,52.524],[8.643,52.524],[8.66,52.52],[8.668,52.515],[8.676,52.511],[8.704,52.48],[8.707,52.471],[8.707,52.465],[8.707,52.461],[8.704,52.452],[8.704,52.447],[8.705,52.443],[8.706,52.439],[8.71,52.435],[8.711,52.432],[8.71,52.429],[8.707,52.418],[8.707,52.412],[8.707,52.407],[8.708,52.403],[8.709,52.401],[8.711,52.399],[8.713,52.397],[8.724,52.396],[8.827,52.389],[8.859,52.391],[8.888,52.398],[8.894,52.4],[8.961,52.409],[8.964,52.411],[8.967,52.413],[8.969,52.416],[8.984,52.445],[8.994,52.458],[8.999,52.463],[9.026,52.48],[9.081,52.498],[9.086,52.498],[9.091,52.497],[9.097,52.495],[9.111,52.483],[9.113,52.482],[9.116,52.48],[9.12,52.479],[9.124,52.478],[9.132,52.477],[9.134,52.475],[9.135,52.472],[9.13,52.465],[9.126,52.461],[9.121,52.458],[9.117,52.456],[9.111,52.453],[9.109,52.452],[9.11,52.446],[9.111,52.442],[9.128,52.408],[9.095,52.376],[9.078,52.352],[9.074,52.349],[9.063,52.346],[9.058,52.344],[9.049,52.34],[9.041,52.339],[9.018,52.341],[9.013,52.341],[9.008,52.339],[9.004,52.337],[9.001,52.333],[8.995,52.322],[8.993,52.316],[8.989,52.288],[8.987,52.279],[8.985,52.274],[8.983,52.27],[8.982,52.268],[8.983,52.265],[8.987,52.26],[8.99,52.258],[8.993,52.257],[9.011,52.254],[9.044,52.245],[9.066,52.241],[9.071,52.24],[9.073,52.239],[9.07,52.237],[9.049,52.228],[9.042,52.224],[9.038,52.219],[9.039,52.216],[9.041,52.213],[9.043,52.21],[9.046,52.204],[9.048,52.196],[9.046,52.194],[9.042,52.193],[9.019,52.194],[8.988,52.188],[8.994,52.178],[9.004,52.164],[9.006,52.161],[9.007,52.156],[9.008,52.153],[9.007,52.149],[9.006,52.147],[9.003,52.144],[9.002,52.143],[8.997,52.137],[8.996,52.134],[8.999,52.133],[9.004,52.133],[9.016,52.136],[9.031,52.137],[9.044,52.136],[9.064,52.138],[9.135,52.132],[9.143,52.129],[9.146,52.126],[9.145,52.121],[9.142,52.115],[9.14,52.112],[9.14,52.11],[9.141,52.108],[9.149,52.102],[9.177,52.095],[9.188,52.085],[9.189,52.079],[9.19,52.075],[9.188,52.072],[9.178,52.06],[9.177,52.059],[9.177,52.057],[9.177,52.053],[9.186,52.037],[9.198,52.019],[9.199,52.017],[9.198,52.013],[9.197,52.011],[9.196,52.009],[9.193,52.006],[9.19,52.004],[9.185,52.001],[9.179,51.999],[9.177,51.998],[9.177,51.997],[9.177,51.996],[9.177,51.994],[9.177,51.992],[9.176,51.99],[9.175,51.988],[9.173,51.987],[9.171,51.986],[9.175,51.983],[9.185,51.979],[9.21,51.972],[9.219,51.97],[9.224,51.971],[9.223,51.974],[9.224,51.975],[9.224,51.976],[9.226,51.978],[9.228,51.98],[9.23,51.981],[9.234,51.983],[9.238,51.983],[9.243,51.984],[9.248,51.984],[9.286,51.973],[9.287,51.97],[9.286,51.965],[9.275,51.938],[9.273,51.935],[9.269,51.931],[9.265,51.928],[9.258,51.924],[9.255,51.922],[9.257,51.921],[9.263,51.921],[9.289,51.924],[9.302,51.923],[9.326,51.916],[9.331,51.911],[9.333,51.908],[9.335,51.906],[9.336,51.901],[9.338,51.893],[9.336,51.882],[9.322,51.856],[9.332,51.855],[9.343,51.856],[9.36,51.861],[9.366,51.861],[9.41,51.86],[9.433,51.863],[9.443,51.865],[9.45,51.867],[9.455,51.868],[9.458,51.867],[9.461,51.865],[9.458,51.859],[9.456,51.856],[9.451,51.851],[9.442,51.843],[9.44,51.841],[9.441,51.838],[9.444,51.835],[9.449,51.835],[9.458,51.833],[9.461,51.832],[9.462,51.83],[9.462,51.829],[9.455,51.824],[9.453,51.821],[9.452,51.816],[9.453,51.806],[9.452,51.798],[9.446,51.785],[9.437,51.77],[9.434,51.767],[9.428,51.763],[9.423,51.76],[9.41,51.755],[9.407,51.753],[9.405,51.752],[9.404,51.75],[9.403,51.745],[9.401,51.743],[9.399,51.74],[9.396,51.738],[9.394,51.737],[9.392,51.735],[9.391,51.734],[9.39,51.729],[9.39,51.724],[9.39,51.717],[9.393,51.705],[9.394,51.701],[9.393,51.698],[9.39,51.695],[9.388,51.693],[9.387,51.689],[9.388,51.685],[9.39,51.678],[9.389,51.674],[9.386,51.672],[9.38,51.669],[9.377,51.667],[9.375,51.665],[9.373,51.661],[9.372,51.656],[9.372,51.651],[9.373,51.647],[9.374,51.644],[9.376,51.642],[9.379,51.64],[9.394,51.64],[9.44,51.649],[9.424,51.632],[9.418,51.627],[9.346,51.612],[9.337,51.609],[9.333,51.607],[9.334,51.605],[9.337,51.603],[9.339,51.602],[9.352,51.596],[9.354,51.595],[9.355,51.594],[9.355,51.593],[9.355,51.591],[9.354,51.59],[9.35,51.584],[9.349,51.58],[9.347,51.576],[9.344,51.571],[9.343,51.569],[9.343,51.568],[9.34,51.561],[9.336,51.554],[9.332,51.55],[9.326,51.546],[9.316,51.54],[9.311,51.536],[9.307,51.531],[9.303,51.523],[9.3,51.52],[9.296,51.518],[9.283,51.513],[9.27,51.506],[9.263,51.502],[9.252,51.5],[9.233,51.492],[9.228,51.49],[9.224,51.487],[9.222,51.484],[9.22,51.48],[9.219,51.477],[9.219,51.475],[9.219,51.472],[9.219,51.47],[9.219,51.468],[9.218,51.466],[9.217,51.464],[9.215,51.459],[9.212,51.457],[9.21,51.456],[9.198,51.458],[9.193,51.456],[9.158,51.439],[9.154,51.438],[9.146,51.438],[9.109,51.443],[9.09,51.453],[9.085,51.457],[9.084,51.458],[9.084,51.46],[9.086,51.47],[9.086,51.471],[9.087,51.473],[9.085,51.483],[9.079,51.488],[9.075,51.491],[9.071,51.492],[9.066,51.492],[9.064,51.491],[9.05,51.496],[9.03,51.505],[9.021,51.508],[9.015,51.509],[8.999,51.504],[8.958,51.497],[8.906,51.481],[8.902,51.478],[8.901,51.476],[8.899,51.474],[8.898,51.469],[8.898,51.467],[8.899,51.465],[8.9,51.463],[8.909,51.455],[8.91,51.454],[8.913,51.45],[8.914,51.446],[8.916,51.436],[8.916,51.434],[8.916,51.425],[8.916,51.423],[8.917,51.421],[8.918,51.42],[8.92,51.42],[8.941,51.418],[8.944,51.417],[8.947,51.416],[8.95,51.412],[8.949,51.409],[8.947,51.404],[8.942,51.396],[8.939,51.393],[8.935,51.391],[8.894,51.39],[8.883,51.388],[8.858,51.375],[8.856,51.375],[8.853,51.375],[8.851,51.375],[8.83,51.379],[8.825,51.38],[8.82,51.381],[8.815,51.382],[8.809,51.382],[8.796,51.38],[8.773,51.375],[8.752,51.374],[8.735,51.374],[8.728,51.373],[8.704,51.366],[8.685,51.363],[8.682,51.362],[8.68,51.361],[8.679,51.359],[8.673,51.352],[8.662,51.348],[8.654,51.344],[8.653,51.343],[8.653,51.341],[8.653,51.34],[8.651,51.337],[8.648,51.334],[8.616,51.314],[8.594,51.296],[8.588,51.29],[8.578,51.276],[8.576,51.272],[8.576,51.27],[8.576,51.269],[8.577,51.267],[8.578,51.266],[8.58,51.265],[8.584,51.263],[8.591,51.26],[8.594,51.258],[8.595,51.256],[8.596,51.255],[8.597,51.251],[8.598,51.248],[8.599,51.246],[8.6,51.245],[8.602,51.244],[8.604,51.243],[8.608,51.241],[8.617,51.24],[8.622,51.24],[8.625,51.241],[8.628,51.242],[8.63,51.244],[8.635,51.25],[8.636,51.251],[8.638,51.252],[8.64,51.253],[8.645,51.254],[8.665,51.255],[8.686,51.259],[8.708,51.269],[8.712,51.271],[8.717,51.271],[8.719,51.271],[8.721,51.27],[8.723,51.269],[8.724,51.267],[8.724,51.266],[8.724,51.264],[8.72,51.257],[8.72,51.256],[8.72,51.255],[8.722,51.254],[8.73,51.252],[8.731,51.251],[8.732,51.25],[8.737,51.237],[8.738,51.234],[8.738,51.232],[8.744,51.215],[8.745,51.211],[8.749,51.199],[8.75,51.197],[8.75,51.196],[8.752,51.191],[8.752,51.188],[8.753,51.184],[8.752,51.178],[8.751,51.175],[8.75,51.173],[8.718,51.15],[8.698,51.133],[8.696,51.13],[8.696,51.129],[8.696,51.128],[8.696,51.126],[8.697,51.125],[8.705,51.116],[8.707,51.114],[8.707,51.109],[8.706,51.106],[8.704,51.105],[8.679,51.096],[8.666,51.089],[8.663,51.088],[8.661,51.088],[8.658,51.088],[8.627,51.094],[8.525,51.093],[8.521,51.085],[8.524,51.08],[8.528,51.076],[8.535,51.067],[8.537,51.063],[8.538,51.06],[8.536,51.056],[8.535,51.05],[8.537,51.044],[8.543,51.03],[8.544,51.025],[8.545,51.021],[8.538,51.013],[8.528,51.005],[8.526,51.004],[8.523,51],[8.519,50.994],[8.515,50.987],[8.512,50.983],[8.511,50.982],[8.51,50.98],[8.507,50.979],[8.505,50.979],[8.497,50.978],[8.491,50.973],[8.478,50.955],[8.47,50.944],[8.469,50.942],[8.468,50.937],[8.468,50.921],[8.466,50.917],[8.464,50.914],[8.461,50.915],[8.45,50.916],[8.444,50.916],[8.427,50.909],[8.401,50.892],[8.397,50.889],[8.398,50.884],[8.398,50.879],[8.397,50.877],[8.395,50.875],[8.374,50.865],[8.369,50.863],[8.364,50.862],[8.351,50.861],[8.337,50.86],[8.32,50.862],[8.314,50.864],[8.306,50.877],[8.303,50.88],[8.3,50.881],[8.287,50.88],[8.283,50.879],[8.281,50.878],[8.268,50.868],[8.225,50.844],[8.223,50.842],[8.219,50.838],[8.217,50.836],[8.197,50.827],[8.195,50.826],[8.194,50.824],[8.187,50.812],[8.139,50.785],[8.134,50.781],[8.133,50.78],[8.133,50.778],[8.133,50.777],[8.134,50.776],[8.135,50.774],[8.137,50.773],[8.139,50.773],[8.141,50.772],[8.142,50.771],[8.142,50.769],[8.142,50.766],[8.142,50.765],[8.143,50.764],[8.145,50.762],[8.167,50.752],[8.172,50.749],[8.173,50.747],[8.174,50.746],[8.175,50.744],[8.175,50.742],[8.17,50.716],[8.167,50.708],[8.165,50.705],[8.161,50.704],[8.151,50.703],[8.147,50.7],[8.144,50.698],[8.134,50.684],[8.107,50.695],[8.096,50.697],[8.089,50.697],[8.065,50.69],[8.059,50.689],[8.056,50.691],[8.055,50.699],[8.052,50.704],[8.05,50.707],[8.034,50.726],[7.991,50.761],[7.981,50.774],[7.981,50.778],[7.981,50.785],[7.984,50.795],[7.984,50.803],[7.982,50.811],[7.977,50.827],[7.973,50.833],[7.97,50.837],[7.968,50.837],[7.965,50.837],[7.962,50.837],[7.949,50.833],[7.947,50.832],[7.943,50.832],[7.934,50.835],[7.924,50.841],[7.894,50.863],[7.886,50.867],[7.859,50.873],[7.85,50.876],[7.846,50.879],[7.845,50.882],[7.845,50.885],[7.847,50.891],[7.849,50.895],[7.852,50.899],[7.856,50.908],[7.86,50.922],[7.802,50.933],[7.789,50.93],[7.758,50.911],[7.756,50.907],[7.754,50.9],[7.758,50.875],[7.759,50.87],[7.761,50.867],[7.763,50.864],[7.766,50.863],[7.768,50.86],[7.77,50.855],[7.771,50.844],[7.77,50.839],[7.768,50.836],[7.765,50.836],[7.763,50.836],[7.741,50.842],[7.738,50.842],[7.734,50.84],[7.719,50.828],[7.713,50.824],[7.676,50.81],[7.694,50.798],[7.699,50.792],[7.7,50.788],[7.699,50.784],[7.699,50.782],[7.697,50.779],[7.696,50.777],[7.694,50.776],[7.692,50.775],[7.69,50.775],[7.687,50.775],[7.684,50.776],[7.683,50.777],[7.681,50.779],[7.68,50.78],[7.677,50.779],[7.674,50.777],[7.665,50.767],[7.662,50.764],[7.659,50.763],[7.627,50.756],[7.618,50.752],[7.613,50.749],[7.61,50.746],[7.606,50.738],[7.603,50.735],[7.599,50.733],[7.581,50.736],[7.577,50.736],[7.572,50.735],[7.563,50.733],[7.532,50.721],[7.449,50.706],[7.411,50.708],[7.387,50.704],[7.38,50.699],[7.381,50.697],[7.383,50.696],[7.384,50.694],[7.385,50.692],[7.383,50.684],[7.383,50.681],[7.384,50.677],[7.384,50.673],[7.383,50.668],[7.377,50.662],[7.375,50.657],[7.373,50.653],[7.374,50.647],[7.373,50.644],[7.372,50.643],[7.344,50.63],[7.34,50.629],[7.294,50.62],[7.283,50.619],[7.226,50.621],[7.224,50.622],[7.223,50.624],[7.222,50.628],[7.221,50.63],[7.219,50.632],[7.218,50.633],[7.216,50.634],[7.209,50.636],[7.202,50.638],[7.199,50.638],[7.197,50.636],[7.195,50.634],[7.194,50.631],[7.186,50.619],[7.179,50.617],[7.155,50.601],[7.144,50.599],[7.122,50.604],[7.118,50.604],[7.115,50.602],[7.113,50.598],[7.11,50.594],[7.105,50.589],[7.099,50.587],[7.094,50.586],[7.091,50.587],[7.074,50.592],[7.062,50.593],[7.052,50.59],[6.999,50.567],[6.971,50.56],[6.954,50.558],[6.945,50.556],[6.939,50.555],[6.938,50.553],[6.936,50.552],[6.935,50.549],[6.928,50.541],[6.913,50.529],[6.89,50.525],[6.888,50.524],[6.885,50.522],[6.886,50.517],[6.888,50.513],[6.889,50.506],[6.89,50.497],[6.888,50.477],[6.881,50.468],[6.874,50.462],[6.864,50.461],[6.86,50.461],[6.853,50.461],[6.846,50.463],[6.84,50.465],[6.836,50.468],[6.834,50.469],[6.828,50.475],[6.822,50.483],[6.821,50.486],[6.815,50.486],[6.777,50.477],[6.76,50.471],[6.76,50.469],[6.76,50.467],[6.762,50.464],[6.762,50.46],[6.761,50.454],[6.755,50.445],[6.753,50.44],[6.753,50.437],[6.754,50.435],[6.757,50.434],[6.77,50.43],[6.773,50.428],[6.776,50.426],[6.778,50.424],[6.778,50.421],[6.778,50.41],[6.779,50.4],[6.781,50.393],[6.784,50.389],[6.786,50.385],[6.795,50.376],[6.798,50.373],[6.8,50.37],[6.801,50.363],[6.8,50.359],[6.798,50.357],[6.795,50.356],[6.77,50.353],[6.718,50.342],[6.702,50.344],[6.689,50.354],[6.682,50.358],[6.671,50.362],[6.663,50.362],[6.657,50.359],[6.65,50.355],[6.635,50.35],[6.625,50.35],[6.62,50.351],[6.618,50.353],[6.62,50.356],[6.623,50.359],[6.625,50.363],[6.623,50.366],[6.616,50.369],[6.599,50.375],[6.591,50.377],[6.586,50.377],[6.579,50.375],[6.573,50.374],[6.532,50.369],[6.528,50.368],[6.526,50.367],[6.481,50.346],[6.464,50.342],[6.458,50.341],[6.454,50.343],[6.45,50.354],[6.448,50.356],[6.445,50.359],[6.428,50.365],[6.422,50.368],[6.419,50.371],[6.418,50.373],[6.417,50.375],[6.414,50.378],[6.406,50.382],[6.402,50.383],[6.398,50.383],[6.395,50.382],[6.392,50.38],[6.391,50.378],[6.391,50.375],[6.392,50.372],[6.424,50.339],[6.426,50.337],[6.426,50.335],[6.427,50.334],[6.426,50.332],[6.42,50.33],[6.398,50.323],[6.373,50.323],[6.372,50.329],[6.338,50.368],[6.336,50.38],[6.343,50.393],[6.35,50.417],[6.351,50.434],[6.347,50.437],[6.34,50.438],[6.332,50.447],[6.326,50.457],[6.323,50.466],[6.326,50.474],[6.337,50.481],[6.319,50.482],[6.275,50.488],[6.26,50.493],[6.258,50.494],[6.256,50.495],[6.253,50.494],[6.251,50.493],[6.217,50.486],[6.207,50.486],[6.199,50.49],[6.191,50.502],[6.183,50.507],[6.191,50.515],[6.179,50.516],[6.171,50.518],[6.169,50.522],[6.177,50.53],[6.161,50.544],[6.179,50.562],[6.211,50.579],[6.233,50.587],[6.233,50.591],[6.244,50.6],[6.251,50.608],[6.249,50.614],[6.18,50.616],[6.159,50.622],[6.148,50.637],[6.161,50.642],[6.1,50.701],[6.081,50.713],[6.064,50.714],[6.025,50.708],[6.012,50.709],[6.008,50.717],[6.011,50.727],[6.011,50.737],[5.994,50.743],[5.993,50.744],[5.993,50.746],[5.993,50.748],[5.995,50.75],[5.997,50.763],[5.991,50.769],[5.981,50.773],[5.973,50.782],[5.969,50.795],[5.984,50.792],[5.998,50.801],[6.004,50.813],[6.001,50.822],[6,50.83],[6.009,50.84],[6.023,50.845],[6.046,50.844],[6.057,50.853],[6.063,50.863],[6.063,50.871],[6.055,50.891],[6.057,50.898],[6.062,50.904],[6.064,50.908],[6.031,50.915],[6.008,50.924],[6,50.929],[5.997,50.937],[5.996,50.952],[6,50.96],[6.006,50.969],[6.004,50.974],[5.968,50.971],[5.942,50.976],[5.928,50.978],[5.914,50.975],[5.888,50.967],[5.875,50.965],[5.874,50.991],[5.858,51.019],[5.852,51.043],[5.88,51.052],[5.894,51.047],[5.906,51.037],[5.92,51.03],[5.938,51.031],[5.95,51.039],[5.969,51.065],[5.983,51.075],[6.075,51.12],[6.132,51.14],[6.147,51.152],[6.126,51.165],[6.149,51.176],[6.157,51.179],[6.134,51.184],[6.084,51.163],[6.061,51.171],[6.054,51.189],[6.057,51.212],[6.065,51.232],[6.075,51.243],[6.097,51.259],[6.148,51.318],[6.158,51.325],[6.184,51.336],[6.194,51.345],[6.199,51.357],[6.202,51.379],[6.208,51.388],[6.193,51.399],[6.194,51.417],[6.202,51.439],[6.205,51.458],[6.2,51.477],[6.193,51.509],[6.153,51.538],[6.086,51.596],[6.082,51.608],[6.088,51.622],[6.099,51.644],[6.031,51.663],[6.009,51.681],[6.022,51.71],[6.012,51.716],[5.99,51.726],[5.978,51.73],[5.949,51.729],[5.939,51.732],[5.94,51.743],[5.946,51.746],[5.962,51.756],[5.964,51.777],[5.951,51.796],[5.928,51.807],[5.931,51.816],[5.948,51.823],[5.989,51.827],[6.008,51.833],[6.029,51.842],[6.043,51.847],[6.084,51.854],[6.116,51.848],[6.14,51.845],[6.156,51.842],[6.143,51.855],[6.105,51.879],[6.093,51.885],[6.127,51.897],[6.159,51.887],[6.191,51.871],[6.225,51.863],[6.256,51.867],[6.265,51.866],[6.272,51.862],[6.283,51.85],[6.287,51.846],[6.326,51.843],[6.342,51.837],[6.345,51.821],[6.382,51.828],[6.387,51.838],[6.378,51.86],[6.443,51.848],[6.463,51.848],[6.479,51.853],[6.529,51.876],[6.628,51.898],[6.717,51.899],[6.744,51.908],[6.767,51.926],[6.79,51.951],[6.798,51.957],[6.806,51.958],[6.811,51.961],[6.812,51.973],[6.809,51.98],[6.804,51.984],[6.778,52.001],[6.713,52.024],[6.691,52.028],[6.675,52.035],[6.673,52.05],[6.68,52.06],[6.689,52.063],[6.699,52.064],[6.711,52.067],[6.719,52.074],[6.728,52.086],[6.733,52.092],[6.75,52.103],[6.766,52.108],[6.772,52.109]]]}},{"type":"Feature","id":"DE-RP","properties":{"id":"DE-RP","countryCode":"DE","isoSubdivision":"DE-RP","name":"Rhineland-Palatinate","name_en":"Rhineland-Palatinate","name_ko":"라인란트팔츠","type":"State","labelLongitude":7.37,"labelLatitude":49.869,"minZoom":6.6},"geometry":{"type":"Polygon","coordinates":[[[6.101,50.063],[6.099,50.064],[6.106,50.092],[6.111,50.106],[6.117,50.12],[6.127,50.127],[6.129,50.134],[6.126,50.14],[6.116,50.145],[6.118,50.15],[6.121,50.162],[6.123,50.165],[6.132,50.168],[6.152,50.169],[6.159,50.172],[6.165,50.182],[6.166,50.193],[6.16,50.205],[6.147,50.214],[6.157,50.223],[6.18,50.233],[6.19,50.243],[6.21,50.249],[6.253,50.257],[6.272,50.267],[6.267,50.276],[6.269,50.286],[6.276,50.296],[6.286,50.304],[6.299,50.309],[6.311,50.308],[6.322,50.305],[6.335,50.304],[6.362,50.307],[6.375,50.315],[6.373,50.323],[6.398,50.323],[6.42,50.33],[6.426,50.332],[6.427,50.334],[6.426,50.335],[6.426,50.337],[6.424,50.339],[6.392,50.372],[6.391,50.375],[6.391,50.378],[6.392,50.38],[6.395,50.382],[6.398,50.383],[6.402,50.383],[6.406,50.382],[6.414,50.378],[6.417,50.375],[6.418,50.373],[6.419,50.371],[6.422,50.368],[6.428,50.365],[6.445,50.359],[6.448,50.356],[6.45,50.354],[6.454,50.343],[6.458,50.341],[6.464,50.342],[6.481,50.346],[6.526,50.367],[6.528,50.368],[6.532,50.369],[6.573,50.374],[6.579,50.375],[6.586,50.377],[6.591,50.377],[6.599,50.375],[6.616,50.369],[6.623,50.366],[6.625,50.363],[6.623,50.359],[6.62,50.356],[6.618,50.353],[6.62,50.351],[6.625,50.35],[6.635,50.35],[6.65,50.355],[6.657,50.359],[6.663,50.362],[6.671,50.362],[6.682,50.358],[6.689,50.354],[6.702,50.344],[6.718,50.342],[6.77,50.353],[6.795,50.356],[6.798,50.357],[6.8,50.359],[6.801,50.363],[6.8,50.37],[6.798,50.373],[6.795,50.376],[6.786,50.385],[6.784,50.389],[6.781,50.393],[6.779,50.4],[6.778,50.41],[6.778,50.421],[6.778,50.424],[6.776,50.426],[6.773,50.428],[6.77,50.43],[6.757,50.434],[6.754,50.435],[6.753,50.437],[6.753,50.44],[6.755,50.445],[6.761,50.454],[6.762,50.46],[6.762,50.464],[6.76,50.467],[6.76,50.469],[6.76,50.471],[6.777,50.477],[6.815,50.486],[6.821,50.486],[6.822,50.483],[6.828,50.475],[6.834,50.469],[6.836,50.468],[6.84,50.465],[6.846,50.463],[6.853,50.461],[6.86,50.461],[6.864,50.461],[6.874,50.462],[6.881,50.468],[6.888,50.477],[6.89,50.497],[6.889,50.506],[6.888,50.513],[6.886,50.517],[6.885,50.522],[6.888,50.524],[6.89,50.525],[6.913,50.529],[6.928,50.541],[6.935,50.549],[6.936,50.552],[6.938,50.553],[6.939,50.555],[6.945,50.556],[6.954,50.558],[6.971,50.56],[6.999,50.567],[7.052,50.59],[7.062,50.593],[7.074,50.592],[7.091,50.587],[7.094,50.586],[7.099,50.587],[7.105,50.589],[7.11,50.594],[7.113,50.598],[7.115,50.602],[7.118,50.604],[7.122,50.604],[7.144,50.599],[7.155,50.601],[7.179,50.617],[7.186,50.619],[7.194,50.631],[7.195,50.634],[7.197,50.636],[7.199,50.638],[7.202,50.638],[7.209,50.636],[7.216,50.634],[7.218,50.633],[7.219,50.632],[7.221,50.63],[7.222,50.628],[7.223,50.624],[7.224,50.622],[7.226,50.621],[7.283,50.619],[7.294,50.62],[7.34,50.629],[7.344,50.63],[7.372,50.643],[7.373,50.644],[7.374,50.647],[7.373,50.653],[7.375,50.657],[7.377,50.662],[7.383,50.668],[7.384,50.673],[7.384,50.677],[7.383,50.681],[7.383,50.684],[7.385,50.692],[7.384,50.694],[7.383,50.696],[7.381,50.697],[7.38,50.699],[7.387,50.704],[7.411,50.708],[7.449,50.706],[7.532,50.721],[7.563,50.733],[7.572,50.735],[7.577,50.736],[7.581,50.736],[7.599,50.733],[7.603,50.735],[7.606,50.738],[7.61,50.746],[7.613,50.749],[7.618,50.752],[7.627,50.756],[7.659,50.763],[7.662,50.764],[7.665,50.767],[7.674,50.777],[7.677,50.779],[7.68,50.78],[7.681,50.779],[7.683,50.777],[7.684,50.776],[7.687,50.775],[7.69,50.775],[7.692,50.775],[7.694,50.776],[7.696,50.777],[7.697,50.779],[7.699,50.782],[7.699,50.784],[7.7,50.788],[7.699,50.792],[7.694,50.798],[7.676,50.81],[7.713,50.824],[7.719,50.828],[7.734,50.84],[7.738,50.842],[7.741,50.842],[7.763,50.836],[7.765,50.836],[7.768,50.836],[7.77,50.839],[7.771,50.844],[7.77,50.855],[7.768,50.86],[7.766,50.863],[7.763,50.864],[7.761,50.867],[7.759,50.87],[7.758,50.875],[7.754,50.9],[7.756,50.907],[7.758,50.911],[7.789,50.93],[7.802,50.933],[7.86,50.922],[7.856,50.908],[7.852,50.899],[7.849,50.895],[7.847,50.891],[7.845,50.885],[7.845,50.882],[7.846,50.879],[7.85,50.876],[7.859,50.873],[7.886,50.867],[7.894,50.863],[7.924,50.841],[7.934,50.835],[7.943,50.832],[7.947,50.832],[7.949,50.833],[7.962,50.837],[7.965,50.837],[7.968,50.837],[7.97,50.837],[7.973,50.833],[7.977,50.827],[7.982,50.811],[7.984,50.803],[7.984,50.795],[7.981,50.785],[7.981,50.778],[7.981,50.774],[7.991,50.761],[8.034,50.726],[8.05,50.707],[8.052,50.704],[8.055,50.699],[8.056,50.691],[8.059,50.689],[8.065,50.69],[8.089,50.697],[8.096,50.697],[8.107,50.695],[8.134,50.684],[8.13,50.667],[8.127,50.661],[8.122,50.656],[8.121,50.653],[8.12,50.65],[8.122,50.646],[8.135,50.627],[8.141,50.618],[8.144,50.603],[8.148,50.597],[8.151,50.594],[8.16,50.591],[8.161,50.588],[8.164,50.586],[8.154,50.569],[8.139,50.543],[8.137,50.542],[8.135,50.539],[8.13,50.536],[8.115,50.529],[8.11,50.527],[8.107,50.527],[8.104,50.527],[8.093,50.528],[8.09,50.529],[8.087,50.53],[8.07,50.544],[8.067,50.546],[8.063,50.546],[8.053,50.546],[8.042,50.544],[8.036,50.542],[8.031,50.538],[8.021,50.528],[8.015,50.525],[8.009,50.522],[8.004,50.521],[8.003,50.516],[8,50.509],[7.998,50.476],[7.998,50.474],[7.998,50.472],[7.999,50.466],[8,50.464],[8.002,50.462],[8.005,50.461],[8.008,50.459],[8.018,50.456],[8.019,50.455],[8.018,50.453],[8.015,50.45],[8,50.44],[7.996,50.432],[7.993,50.421],[7.988,50.412],[7.975,50.405],[7.973,50.4],[7.976,50.398],[7.98,50.396],[8.022,50.389],[8.026,50.388],[8.029,50.386],[8.029,50.382],[8.03,50.379],[8.032,50.377],[8.049,50.371],[8.055,50.366],[8.073,50.339],[8.08,50.33],[8.089,50.324],[8.099,50.321],[8.101,50.319],[8.107,50.311],[8.119,50.286],[8.122,50.281],[8.123,50.278],[8.123,50.274],[8.122,50.272],[8.121,50.269],[8.118,50.267],[8.112,50.265],[8.096,50.262],[8.046,50.263],[8.042,50.262],[8.038,50.259],[8.034,50.252],[8.033,50.248],[8.034,50.246],[8.043,50.238],[8.044,50.236],[8.042,50.234],[8.03,50.223],[8.027,50.218],[8.023,50.216],[8.016,50.216],[8.011,50.218],[8.007,50.22],[8.004,50.223],[7.998,50.227],[7.996,50.228],[7.993,50.228],[7.991,50.227],[7.987,50.225],[7.98,50.219],[7.953,50.211],[7.939,50.205],[7.922,50.2],[7.916,50.196],[7.91,50.189],[7.898,50.171],[7.896,50.162],[7.897,50.155],[7.9,50.152],[7.904,50.149],[7.907,50.147],[7.926,50.14],[7.929,50.138],[7.93,50.136],[7.931,50.134],[7.93,50.132],[7.925,50.122],[7.923,50.118],[7.923,50.115],[7.922,50.112],[7.922,50.109],[7.919,50.108],[7.913,50.11],[7.909,50.112],[7.905,50.114],[7.9,50.119],[7.896,50.121],[7.893,50.121],[7.887,50.12],[7.878,50.118],[7.873,50.118],[7.868,50.118],[7.864,50.12],[7.859,50.119],[7.855,50.116],[7.847,50.107],[7.844,50.102],[7.843,50.097],[7.843,50.088],[7.839,50.084],[7.828,50.079],[7.811,50.073],[7.771,50.053],[7.775,50.051],[7.785,50.049],[7.85,50.011],[7.857,50.003],[7.86,49.99],[7.878,49.973],[7.919,49.974],[7.962,49.983],[8.01,49.999],[8.049,50.018],[8.174,50.046],[8.201,50.046],[8.213,50.044],[8.228,50.038],[8.335,49.96],[8.355,49.926],[8.34,49.891],[8.348,49.879],[8.37,49.857],[8.38,49.843],[8.384,49.832],[8.386,49.824],[8.39,49.815],[8.409,49.793],[8.414,49.785],[8.416,49.778],[8.424,49.767],[8.442,49.768],[8.463,49.771],[8.477,49.768],[8.474,49.757],[8.461,49.744],[8.439,49.727],[8.406,49.722],[8.379,49.71],[8.362,49.691],[8.361,49.664],[8.375,49.641],[8.4,49.61],[8.417,49.579],[8.408,49.555],[8.428,49.534],[8.45,49.491],[8.464,49.473],[8.464,49.466],[8.443,49.459],[8.443,49.452],[8.46,49.448],[8.478,49.446],[8.494,49.443],[8.505,49.431],[8.501,49.429],[8.492,49.413],[8.49,49.411],[8.491,49.403],[8.498,49.386],[8.498,49.376],[8.462,49.323],[8.46,49.315],[8.483,49.31],[8.48,49.297],[8.411,49.244],[8.398,49.239],[8.387,49.232],[8.381,49.215],[8.362,49.12],[8.357,49.11],[8.284,49.01],[8.263,48.988],[8.23,48.966],[8.2,48.958],[8.2,48.959],[8.189,48.966],[8.09,48.979],[7.932,49.035],[7.914,49.036],[7.857,49.032],[7.774,49.048],[7.763,49.046],[7.739,49.038],[7.727,49.036],[7.717,49.037],[7.696,49.042],[7.685,49.043],[7.672,49.041],[7.661,49.038],[7.649,49.036],[7.645,49.036],[7.635,49.038],[7.626,49.043],[7.616,49.056],[7.609,49.062],[7.586,49.07],[7.543,49.075],[7.521,49.084],[7.508,49.095],[7.485,49.119],[7.471,49.128],[7.473,49.132],[7.475,49.134],[7.483,49.137],[7.476,49.152],[7.458,49.156],[7.415,49.158],[7.41,49.169],[7.391,49.17],[7.372,49.166],[7.371,49.167],[7.369,49.169],[7.349,49.169],[7.33,49.179],[7.295,49.205],[7.294,49.207],[7.292,49.217],[7.29,49.223],[7.287,49.231],[7.287,49.236],[7.288,49.24],[7.294,49.248],[7.296,49.25],[7.297,49.25],[7.3,49.251],[7.302,49.251],[7.304,49.251],[7.305,49.25],[7.306,49.25],[7.307,49.25],[7.312,49.25],[7.315,49.251],[7.317,49.252],[7.319,49.253],[7.321,49.255],[7.323,49.257],[7.33,49.264],[7.333,49.272],[7.335,49.279],[7.336,49.283],[7.337,49.286],[7.34,49.289],[7.343,49.291],[7.35,49.295],[7.353,49.298],[7.354,49.302],[7.357,49.313],[7.358,49.316],[7.363,49.319],[7.375,49.325],[7.379,49.327],[7.383,49.331],[7.387,49.337],[7.388,49.34],[7.387,49.344],[7.383,49.348],[7.384,49.352],[7.385,49.354],[7.391,49.361],[7.385,49.37],[7.375,49.373],[7.351,49.379],[7.301,49.385],[7.291,49.389],[7.293,49.391],[7.295,49.393],[7.296,49.394],[7.293,49.399],[7.276,49.412],[7.252,49.431],[7.246,49.446],[7.251,49.451],[7.255,49.452],[7.26,49.455],[7.279,49.471],[7.288,49.475],[7.295,49.479],[7.305,49.482],[7.308,49.485],[7.309,49.49],[7.308,49.497],[7.307,49.5],[7.306,49.503],[7.304,49.503],[7.3,49.504],[7.296,49.504],[7.294,49.507],[7.292,49.512],[7.292,49.525],[7.291,49.534],[7.279,49.549],[7.273,49.562],[7.273,49.577],[7.271,49.578],[7.268,49.578],[7.262,49.576],[7.256,49.572],[7.247,49.568],[7.238,49.566],[7.219,49.564],[7.208,49.564],[7.202,49.565],[7.2,49.567],[7.197,49.57],[7.16,49.587],[7.138,49.601],[7.133,49.602],[7.072,49.604],[7.065,49.605],[7.06,49.608],[6.999,49.629],[6.979,49.62],[6.971,49.619],[6.962,49.624],[6.949,49.627],[6.942,49.628],[6.936,49.627],[6.86,49.594],[6.712,49.55],[6.697,49.548],[6.694,49.548],[6.67,49.549],[6.605,49.53],[6.49,49.534],[6.356,49.526],[6.349,49.525],[6.351,49.535],[6.351,49.567],[6.356,49.578],[6.372,49.593],[6.398,49.614],[6.408,49.627],[6.415,49.635],[6.418,49.639],[6.417,49.646],[6.411,49.65],[6.404,49.652],[6.403,49.656],[6.418,49.67],[6.492,49.701],[6.49,49.703],[6.483,49.708],[6.486,49.713],[6.491,49.714],[6.5,49.712],[6.493,49.718],[6.488,49.726],[6.486,49.734],[6.486,49.743],[6.496,49.748],[6.496,49.752],[6.494,49.757],[6.494,49.764],[6.499,49.785],[6.5,49.786],[6.5,49.794],[6.502,49.796],[6.503,49.796],[6.497,49.799],[6.493,49.8],[6.462,49.805],[6.415,49.805],[6.397,49.809],[6.38,49.816],[6.351,49.833],[6.334,49.84],[6.326,49.84],[6.311,49.834],[6.303,49.835],[6.302,49.838],[6.296,49.849],[6.292,49.856],[6.287,49.861],[6.272,49.867],[6.238,49.877],[6.223,49.887],[6.19,49.938],[6.173,49.956],[6.162,49.942],[6.154,49.951],[6.139,49.979],[6.122,49.996],[6.117,50.004],[6.12,50.016],[6.114,50.036],[6.107,50.045],[6.096,50.049],[6.106,50.06],[6.109,50.064],[6.107,50.064],[6.101,50.063]]]}},{"type":"Feature","id":"DE-SH","properties":{"id":"DE-SH","countryCode":"DE","isoSubdivision":"DE-SH","name":"Schleswig-Holstein","name_en":"Schleswig-Holstein","name_ko":"슐레스비히홀슈타인","type":"State","labelLongitude":9.846,"labelLatitude":54.132,"minZoom":6.6},"geometry":{"type":"MultiPolygon","coordinates":[[[[8.824,54.906],[8.904,54.898],[8.983,54.879],[9.195,54.85],[9.212,54.842],[9.216,54.832],[9.219,54.818],[9.226,54.806],[9.244,54.802],[9.317,54.802],[9.332,54.803],[9.342,54.809],[9.356,54.811],[9.367,54.817],[9.385,54.819],[9.405,54.808],[9.422,54.807],[9.437,54.81],[9.438,54.81],[9.451,54.81],[9.511,54.828],[9.53,54.841],[9.554,54.847],[9.567,54.86],[9.58,54.866],[9.583,54.83],[9.632,54.82],[9.693,54.818],[9.735,54.807],[9.752,54.8],[9.778,54.793],[9.802,54.783],[9.812,54.766],[9.824,54.757],[9.85,54.759],[9.895,54.769],[9.891,54.79],[9.915,54.791],[9.948,54.78],[9.97,54.763],[9.984,54.729],[9.99,54.721],[10,54.713],[10.018,54.701],[10.005,54.696],[9.992,54.696],[9.98,54.7],[9.97,54.701],[9.971,54.699],[9.946,54.688],[9.943,54.688],[9.937,54.685],[9.932,54.685],[9.93,54.683],[9.929,54.674],[9.944,54.673],[9.97,54.678],[9.996,54.679],[10.011,54.667],[10.022,54.672],[10.034,54.673],[10.039,54.667],[10.032,54.653],[10.037,54.639],[10.038,54.619],[10.032,54.578],[10.027,54.56],[10.02,54.546],[10.01,54.534],[9.998,54.524],[9.966,54.506],[9.925,54.493],[9.882,54.485],[9.84,54.482],[9.84,54.475],[9.883,54.462],[10.125,54.496],[10.143,54.492],[10.204,54.461],[10.184,54.449],[10.184,54.438],[10.192,54.426],[10.197,54.41],[10.191,54.397],[10.177,54.384],[10.159,54.375],[10.142,54.372],[10.144,54.37],[10.148,54.368],[10.148,54.365],[10.142,54.359],[10.153,54.352],[10.156,54.343],[10.152,54.334],[10.142,54.324],[10.164,54.329],[10.18,54.341],[10.204,54.372],[10.217,54.405],[10.224,54.414],[10.234,54.418],[10.272,54.42],[10.286,54.425],[10.292,54.43],[10.298,54.436],[10.307,54.441],[10.318,54.443],[10.361,54.441],[10.383,54.435],[10.443,54.406],[10.601,54.365],[10.69,54.316],[10.731,54.31],[10.777,54.315],[10.811,54.327],[10.868,54.359],[10.901,54.371],[10.935,54.38],[11.019,54.386],[11.019,54.379],[11.001,54.379],[10.976,54.378],[10.993,54.374],[11.011,54.377],[11.034,54.368],[11.104,54.393],[11.136,54.386],[11.098,54.362],[11.088,54.352],[11.082,54.355],[11.067,54.359],[11.077,54.342],[11.087,54.302],[11.094,54.284],[11.087,54.271],[11.088,54.254],[11.094,54.225],[11.09,54.208],[11.081,54.199],[11.071,54.193],[11.067,54.184],[10.95,54.139],[10.91,54.109],[10.893,54.103],[10.852,54.094],[10.845,54.094],[10.836,54.09],[10.829,54.093],[10.822,54.097],[10.813,54.098],[10.805,54.095],[10.801,54.092],[10.763,54.057],[10.753,54.05],[10.753,54.044],[10.766,54.024],[10.78,54.01],[10.8,54.001],[10.827,53.995],[10.866,53.998],[10.875,53.995],[10.883,53.985],[10.884,53.973],[10.887,53.964],[10.902,53.961],[10.906,53.961],[10.904,53.957],[10.904,53.931],[10.907,53.928],[10.911,53.925],[10.915,53.923],[10.918,53.921],[10.92,53.921],[10.96,53.913],[10.961,53.912],[10.96,53.911],[10.958,53.911],[10.957,53.911],[10.955,53.91],[10.951,53.907],[10.945,53.905],[10.918,53.902],[10.913,53.902],[10.912,53.902],[10.911,53.903],[10.909,53.904],[10.907,53.905],[10.906,53.907],[10.906,53.909],[10.907,53.911],[10.908,53.913],[10.908,53.914],[10.907,53.915],[10.895,53.918],[10.892,53.919],[10.889,53.919],[10.885,53.919],[10.861,53.91],[10.812,53.883],[10.793,53.875],[10.773,53.87],[10.767,53.867],[10.763,53.865],[10.755,53.854],[10.754,53.852],[10.751,53.843],[10.751,53.841],[10.751,53.839],[10.752,53.837],[10.753,53.834],[10.762,53.823],[10.763,53.82],[10.765,53.811],[10.767,53.805],[10.771,53.793],[10.77,53.783],[10.767,53.775],[10.758,53.752],[10.758,53.749],[10.759,53.748],[10.761,53.747],[10.769,53.746],[10.778,53.746],[10.806,53.741],[10.81,53.739],[10.817,53.733],[10.825,53.725],[10.847,53.709],[10.857,53.703],[10.866,53.7],[10.879,53.702],[10.886,53.702],[10.896,53.701],[10.915,53.697],[10.925,53.692],[10.938,53.685],[10.943,53.681],[10.946,53.677],[10.946,53.674],[10.945,53.671],[10.945,53.668],[10.946,53.665],[10.955,53.655],[10.956,53.653],[10.956,53.65],[10.956,53.648],[10.956,53.645],[10.956,53.642],[10.956,53.639],[10.955,53.637],[10.953,53.634],[10.948,53.631],[10.94,53.629],[10.941,53.611],[10.953,53.584],[10.954,53.578],[10.953,53.574],[10.95,53.572],[10.942,53.57],[10.943,53.569],[10.951,53.568],[10.954,53.566],[10.953,53.565],[10.95,53.563],[10.944,53.56],[10.938,53.553],[10.933,53.55],[10.929,53.548],[10.926,53.55],[10.924,53.552],[10.923,53.555],[10.922,53.561],[10.921,53.563],[10.919,53.565],[10.917,53.568],[10.915,53.57],[10.911,53.571],[10.908,53.572],[10.904,53.572],[10.858,53.568],[10.853,53.568],[10.85,53.569],[10.841,53.572],[10.833,53.572],[10.83,53.57],[10.828,53.567],[10.829,53.565],[10.831,53.556],[10.833,53.551],[10.833,53.548],[10.832,53.544],[10.826,53.535],[10.824,53.531],[10.824,53.528],[10.822,53.523],[10.821,53.52],[10.823,53.516],[10.82,53.515],[10.805,53.509],[10.76,53.488],[10.755,53.487],[10.745,53.486],[10.726,53.481],[10.708,53.479],[10.704,53.478],[10.702,53.476],[10.699,53.469],[10.697,53.465],[10.695,53.46],[10.691,53.458],[10.686,53.457],[10.675,53.459],[10.669,53.459],[10.661,53.458],[10.647,53.454],[10.641,53.451],[10.637,53.448],[10.635,53.445],[10.627,53.414],[10.626,53.407],[10.627,53.404],[10.627,53.402],[10.626,53.397],[10.622,53.391],[10.612,53.381],[10.601,53.372],[10.57,53.364],[10.528,53.372],[10.386,53.424],[10.351,53.432],[10.328,53.433],[10.323,53.45],[10.321,53.456],[10.319,53.456],[10.315,53.456],[10.313,53.455],[10.278,53.478],[10.27,53.481],[10.248,53.489],[10.223,53.513],[10.214,53.519],[10.197,53.522],[10.187,53.525],[10.183,53.529],[10.182,53.534],[10.182,53.541],[10.181,53.55],[10.174,53.566],[10.173,53.571],[10.173,53.574],[10.175,53.575],[10.178,53.577],[10.196,53.579],[10.206,53.582],[10.209,53.583],[10.211,53.584],[10.212,53.586],[10.212,53.588],[10.213,53.602],[10.215,53.614],[10.217,53.618],[10.22,53.623],[10.221,53.626],[10.223,53.634],[10.222,53.638],[10.219,53.64],[10.215,53.642],[10.209,53.645],[10.207,53.65],[10.206,53.657],[10.205,53.662],[10.205,53.663],[10.169,53.679],[10.166,53.682],[10.165,53.685],[10.166,53.687],[10.17,53.694],[10.18,53.706],[10.191,53.715],[10.193,53.718],[10.195,53.723],[10.194,53.725],[10.192,53.727],[10.187,53.728],[10.182,53.728],[10.177,53.727],[10.171,53.725],[10.154,53.716],[10.148,53.714],[10.142,53.713],[10.093,53.72],[10.09,53.72],[10.089,53.72],[10.086,53.719],[10.082,53.716],[10.078,53.713],[10.065,53.681],[10.06,53.678],[10.052,53.675],[10.039,53.676],[10.033,53.676],[10.026,53.676],[10.014,53.673],[10.008,53.671],[10.004,53.667],[9.994,53.651],[9.99,53.649],[9.984,53.647],[9.98,53.647],[9.953,53.65],[9.927,53.646],[9.829,53.597],[9.816,53.593],[9.813,53.594],[9.81,53.595],[9.809,53.595],[9.808,53.596],[9.807,53.597],[9.806,53.599],[9.806,53.602],[9.808,53.606],[9.81,53.615],[9.81,53.618],[9.807,53.62],[9.799,53.623],[9.797,53.625],[9.788,53.628],[9.776,53.629],[9.772,53.63],[9.768,53.629],[9.767,53.626],[9.765,53.619],[9.763,53.617],[9.76,53.614],[9.756,53.612],[9.754,53.61],[9.753,53.608],[9.752,53.605],[9.751,53.598],[9.749,53.592],[9.741,53.573],[9.692,53.576],[9.656,53.585],[9.584,53.612],[9.551,53.635],[9.539,53.666],[9.536,53.694],[9.532,53.711],[9.522,53.717],[9.475,53.732],[9.46,53.735],[9.436,53.749],[9.412,53.779],[9.397,53.811],[9.395,53.831],[9.359,53.84],[9.296,53.872],[9.258,53.886],[9.22,53.891],[9.093,53.892],[9.055,53.903],[9.03,53.907],[9.018,53.903],[9.008,53.892],[8.985,53.897],[8.949,53.913],[8.916,53.937],[8.833,54.036],[8.872,54.047],[8.891,54.048],[8.915,54.044],[8.954,54.028],[8.975,54.024],[8.997,54.03],[9.005,54.041],[9.013,54.061],[9.019,54.082],[9.018,54.098],[9.007,54.108],[8.988,54.118],[8.974,54.128],[8.977,54.139],[8.977,54.146],[8.953,54.15],[8.918,54.146],[8.885,54.137],[8.867,54.125],[8.861,54.125],[8.833,54.153],[8.816,54.176],[8.813,54.18],[8.821,54.201],[8.836,54.218],[8.847,54.234],[8.84,54.249],[8.84,54.256],[8.852,54.261],[8.894,54.268],[8.911,54.269],[8.922,54.274],[8.938,54.287],[8.953,54.303],[8.963,54.318],[8.94,54.315],[8.903,54.296],[8.881,54.29],[8.883,54.294],[8.886,54.301],[8.888,54.304],[8.858,54.302],[8.805,54.292],[8.775,54.29],[8.739,54.294],[8.723,54.29],[8.69,54.271],[8.678,54.269],[8.652,54.275],[8.623,54.29],[8.603,54.312],[8.6,54.338],[8.614,54.348],[8.641,54.356],[8.672,54.359],[8.696,54.359],[8.696,54.365],[8.678,54.368],[8.664,54.376],[8.651,54.378],[8.635,54.365],[8.626,54.376],[8.629,54.388],[8.638,54.398],[8.648,54.406],[8.67,54.401],[8.751,54.414],[8.861,54.414],[8.886,54.418],[8.907,54.426],[8.949,54.447],[8.988,54.458],[9.005,54.466],[9.011,54.482],[9.012,54.506],[8.986,54.529],[8.904,54.581],[8.893,54.591],[8.888,54.602],[8.879,54.607],[8.858,54.606],[8.837,54.603],[8.826,54.598],[8.819,54.606],[8.853,54.619],[8.818,54.674],[8.805,54.688],[8.777,54.698],[8.723,54.726],[8.689,54.735],[8.689,54.742],[8.694,54.76],[8.681,54.781],[8.662,54.801],[8.648,54.818],[8.643,54.844],[8.647,54.867],[8.661,54.896],[8.696,54.89],[8.733,54.889],[8.801,54.904],[8.824,54.906]]],[[[8.963,54.524],[8.959,54.522],[8.956,54.519],[8.956,54.515],[8.957,54.509],[8.938,54.499],[8.926,54.487],[8.911,54.475],[8.888,54.468],[8.844,54.466],[8.824,54.471],[8.813,54.482],[8.824,54.486],[8.826,54.491],[8.821,54.497],[8.813,54.502],[8.844,54.52],[8.88,54.529],[8.919,54.53],[8.963,54.524]]],[[[11.256,54.479],[11.314,54.414],[11.188,54.426],[11.17,54.42],[11.175,54.416],[11.179,54.414],[11.139,54.413],[11.113,54.415],[11.101,54.423],[11.103,54.444],[11.099,54.452],[11.084,54.455],[11.058,54.455],[11.047,54.453],[11.04,54.447],[11.032,54.447],[11.029,54.455],[11.026,54.459],[11.02,54.459],[11.008,54.455],[11.006,54.468],[11.034,54.509],[11.073,54.531],[11.121,54.536],[11.207,54.514],[11.232,54.502],[11.24,54.496],[11.256,54.479]]],[[[8.332,54.694],[8.382,54.639],[8.401,54.633],[8.388,54.626],[8.354,54.619],[8.33,54.631],[8.311,54.651],[8.292,54.667],[8.32,54.699],[8.338,54.71],[8.36,54.715],[8.361,54.71],[8.359,54.709],[8.356,54.709],[8.354,54.708],[8.342,54.701],[8.332,54.694]]],[[[8.498,54.756],[8.553,54.754],[8.576,54.746],[8.594,54.729],[8.594,54.722],[8.585,54.714],[8.574,54.694],[8.566,54.688],[8.552,54.685],[8.535,54.686],[8.52,54.69],[8.511,54.694],[8.485,54.688],[8.453,54.694],[8.395,54.715],[8.414,54.736],[8.437,54.748],[8.464,54.755],[8.498,54.756]]],[[[8.36,54.948],[8.355,54.913],[8.388,54.894],[8.437,54.887],[8.654,54.894],[8.629,54.882],[8.504,54.886],[8.489,54.881],[8.461,54.869],[8.446,54.866],[8.377,54.866],[8.371,54.868],[8.362,54.877],[8.354,54.879],[8.344,54.879],[8.337,54.878],[8.307,54.865],[8.302,54.863],[8.299,54.855],[8.298,54.836],[8.295,54.832],[8.298,54.777],[8.296,54.759],[8.291,54.745],[8.284,54.742],[8.278,54.756],[8.277,54.783],[8.289,54.891],[8.298,54.913],[8.374,55.035],[8.416,55.065],[8.463,55.051],[8.402,55.049],[8.395,55.044],[8.422,55.042],[8.43,55.03],[8.422,55.016],[8.381,55.003],[8.362,54.987],[8.352,54.967],[8.36,54.948]]],[[[8.635,54.543],[8.699,54.559],[8.701,54.548],[8.693,54.523],[8.67,54.502],[8.641,54.492],[8.619,54.493],[8.606,54.499],[8.596,54.514],[8.602,54.53],[8.62,54.538],[8.627,54.54],[8.635,54.543]]],[[[7.904,54.18],[7.899,54.178],[7.898,54.182],[7.894,54.183],[7.89,54.188],[7.886,54.191],[7.88,54.194],[7.895,54.195],[7.901,54.191],[7.904,54.18]]],[[[7.912,54.192],[7.93,54.195],[7.933,54.19],[7.918,54.187],[7.912,54.192]]]]}},{"type":"Feature","id":"DE-SL","properties":{"id":"DE-SL","countryCode":"DE","isoSubdivision":"DE-SL","name":"Saarland","name_en":"Saarland","name_ko":"자를란트","type":"State","labelLongitude":6.866,"labelLatitude":49.403,"minZoom":6.6},"geometry":{"type":"Polygon","coordinates":[[[6.345,49.455],[6.345,49.463],[6.342,49.493],[6.349,49.525],[6.356,49.526],[6.49,49.534],[6.605,49.53],[6.67,49.549],[6.694,49.548],[6.697,49.548],[6.712,49.55],[6.86,49.594],[6.936,49.627],[6.942,49.628],[6.949,49.627],[6.962,49.624],[6.971,49.619],[6.979,49.62],[6.999,49.629],[7.06,49.608],[7.065,49.605],[7.072,49.604],[7.133,49.602],[7.138,49.601],[7.16,49.587],[7.197,49.57],[7.2,49.567],[7.202,49.565],[7.208,49.564],[7.219,49.564],[7.238,49.566],[7.247,49.568],[7.256,49.572],[7.262,49.576],[7.268,49.578],[7.271,49.578],[7.273,49.577],[7.273,49.562],[7.279,49.549],[7.291,49.534],[7.292,49.525],[7.292,49.512],[7.294,49.507],[7.296,49.504],[7.3,49.504],[7.304,49.503],[7.306,49.503],[7.307,49.5],[7.308,49.497],[7.309,49.49],[7.308,49.485],[7.305,49.482],[7.295,49.479],[7.288,49.475],[7.279,49.471],[7.26,49.455],[7.255,49.452],[7.251,49.451],[7.246,49.446],[7.252,49.431],[7.276,49.412],[7.293,49.399],[7.296,49.394],[7.295,49.393],[7.293,49.391],[7.291,49.389],[7.301,49.385],[7.351,49.379],[7.375,49.373],[7.385,49.37],[7.391,49.361],[7.385,49.354],[7.384,49.352],[7.383,49.348],[7.387,49.344],[7.388,49.34],[7.387,49.337],[7.383,49.331],[7.379,49.327],[7.375,49.325],[7.363,49.319],[7.358,49.316],[7.357,49.313],[7.354,49.302],[7.353,49.298],[7.35,49.295],[7.343,49.291],[7.34,49.289],[7.337,49.286],[7.336,49.283],[7.335,49.279],[7.333,49.272],[7.33,49.264],[7.323,49.257],[7.321,49.255],[7.319,49.253],[7.317,49.252],[7.315,49.251],[7.312,49.25],[7.307,49.25],[7.306,49.25],[7.305,49.25],[7.304,49.251],[7.302,49.251],[7.3,49.251],[7.297,49.25],[7.296,49.25],[7.294,49.248],[7.288,49.24],[7.287,49.236],[7.287,49.231],[7.29,49.223],[7.292,49.217],[7.294,49.207],[7.295,49.205],[7.33,49.179],[7.349,49.169],[7.369,49.169],[7.371,49.167],[7.372,49.166],[7.368,49.165],[7.351,49.159],[7.346,49.154],[7.339,49.14],[7.334,49.134],[7.326,49.132],[7.306,49.13],[7.297,49.128],[7.291,49.123],[7.28,49.109],[7.274,49.105],[7.268,49.106],[7.241,49.114],[7.155,49.114],[7.139,49.118],[7.124,49.123],[7.085,49.142],[7.08,49.142],[7.071,49.136],[7.072,49.131],[7.075,49.125],[7.073,49.12],[7.043,49.108],[7.021,49.119],[7.009,49.146],[7.009,49.182],[6.988,49.182],[6.925,49.206],[6.914,49.207],[6.885,49.205],[6.843,49.211],[6.833,49.209],[6.828,49.196],[6.835,49.179],[6.839,49.163],[6.822,49.148],[6.809,49.146],[6.77,49.155],[6.726,49.156],[6.714,49.159],[6.701,49.173],[6.704,49.185],[6.709,49.198],[6.703,49.214],[6.698,49.214],[6.685,49.208],[6.681,49.207],[6.678,49.211],[6.676,49.219],[6.675,49.221],[6.672,49.225],[6.664,49.244],[6.66,49.247],[6.646,49.25],[6.64,49.253],[6.639,49.257],[6.641,49.267],[6.64,49.271],[6.573,49.313],[6.556,49.326],[6.55,49.338],[6.556,49.347],[6.573,49.348],[6.578,49.356],[6.574,49.362],[6.526,49.395],[6.519,49.402],[6.521,49.403],[6.521,49.408],[6.518,49.416],[6.512,49.425],[6.495,49.436],[6.403,49.465],[6.392,49.467],[6.384,49.465],[6.365,49.456],[6.354,49.455],[6.345,49.455]]]}},{"type":"Feature","id":"DE-SN","properties":{"id":"DE-SN","countryCode":"DE","isoSubdivision":"DE-SN","name":"Saxony","name_en":"Saxony","name_ko":"작센","type":"State","labelLongitude":13.46,"labelLatitude":51.005,"minZoom":6.6},"geometry":{"type":"Polygon","coordinates":[[[14.398,51.013],[14.387,51.013],[14.376,51.017],[14.369,51.022],[14.364,51.028],[14.357,51.032],[14.319,51.04],[14.288,51.037],[14.264,51.021],[14.249,50.993],[14.238,50.982],[14.25,50.978],[14.284,50.975],[14.304,50.97],[14.302,50.968],[14.294,50.964],[14.293,50.953],[14.318,50.938],[14.355,50.931],[14.382,50.921],[14.376,50.896],[14.347,50.88],[14.268,50.884],[14.232,50.879],[14.221,50.873],[14.203,50.855],[14.191,50.848],[14.035,50.803],[14.016,50.802],[13.979,50.805],[13.96,50.802],[13.949,50.797],[13.934,50.785],[13.923,50.78],[13.911,50.779],[13.901,50.781],[13.893,50.78],[13.883,50.773],[13.879,50.764],[13.88,50.755],[13.883,50.748],[13.882,50.743],[13.875,50.737],[13.87,50.735],[13.863,50.735],[13.835,50.724],[13.817,50.721],[13.771,50.725],[13.749,50.723],[13.711,50.714],[13.692,50.712],[13.602,50.712],[13.557,50.707],[13.516,50.691],[13.527,50.676],[13.523,50.662],[13.51,50.651],[13.493,50.643],[13.499,50.635],[13.498,50.629],[13.492,50.624],[13.482,50.621],[13.465,50.607],[13.448,50.597],[13.429,50.594],[13.407,50.601],[13.4,50.607],[13.386,50.622],[13.381,50.625],[13.369,50.628],[13.366,50.627],[13.365,50.623],[13.359,50.619],[13.322,50.602],[13.316,50.596],[13.306,50.576],[13.285,50.569],[13.268,50.574],[13.252,50.581],[13.232,50.582],[13.199,50.525],[13.185,50.509],[13.16,50.497],[13.107,50.499],[13.079,50.493],[13.07,50.491],[13.06,50.491],[13.051,50.491],[13.042,50.493],[13.035,50.497],[13.026,50.498],[13.018,50.496],[13.01,50.493],[13.003,50.452],[12.997,50.434],[12.982,50.423],[12.961,50.409],[12.953,50.404],[12.918,50.405],[12.826,50.441],[12.817,50.443],[12.808,50.442],[12.794,50.436],[12.788,50.434],[12.77,50.436],[12.754,50.435],[12.738,50.432],[12.725,50.423],[12.703,50.402],[12.692,50.395],[12.679,50.394],[12.625,50.4],[12.551,50.396],[12.51,50.389],[12.483,50.374],[12.475,50.369],[12.472,50.364],[12.47,50.359],[12.467,50.355],[12.467,50.353],[12.468,50.349],[12.469,50.346],[12.467,50.342],[12.463,50.34],[12.454,50.341],[12.45,50.339],[12.438,50.333],[12.409,50.322],[12.398,50.315],[12.367,50.279],[12.356,50.271],[12.345,50.266],[12.336,50.259],[12.334,50.243],[12.314,50.226],[12.309,50.217],[12.306,50.199],[12.309,50.187],[12.314,50.176],[12.314,50.167],[12.3,50.161],[12.283,50.162],[12.273,50.172],[12.261,50.2],[12.26,50.205],[12.258,50.211],[12.254,50.217],[12.25,50.221],[12.233,50.232],[12.23,50.235],[12.229,50.237],[12.23,50.239],[12.233,50.241],[12.234,50.242],[12.235,50.242],[12.236,50.243],[12.238,50.243],[12.242,50.248],[12.243,50.253],[12.24,50.257],[12.233,50.259],[12.204,50.26],[12.189,50.262],[12.178,50.269],[12.174,50.277],[12.174,50.294],[12.169,50.303],[12.149,50.312],[12.101,50.314],[12.094,50.323],[12.065,50.328],[12.052,50.327],[12.048,50.327],[12.043,50.328],[12.04,50.329],[11.999,50.346],[11.989,50.349],[11.986,50.352],[11.982,50.371],[11.982,50.375],[11.983,50.379],[11.985,50.381],[11.981,50.385],[11.96,50.394],[11.95,50.405],[11.948,50.407],[11.946,50.409],[11.944,50.411],[11.941,50.415],[11.932,50.417],[11.905,50.415],[11.897,50.423],[11.897,50.426],[11.9,50.429],[11.906,50.433],[11.911,50.435],[11.915,50.437],[11.931,50.44],[11.934,50.442],[11.936,50.445],[11.936,50.45],[11.937,50.453],[11.945,50.458],[11.948,50.462],[11.947,50.471],[11.945,50.475],[11.942,50.478],[11.93,50.484],[11.928,50.486],[11.926,50.488],[11.926,50.492],[11.928,50.497],[11.934,50.506],[11.945,50.516],[11.968,50.527],[11.982,50.537],[11.984,50.54],[11.986,50.543],[11.987,50.544],[11.989,50.546],[11.994,50.547],[12.001,50.548],[12.01,50.547],[12.015,50.545],[12.018,50.544],[12.025,50.537],[12.026,50.536],[12.028,50.534],[12.031,50.533],[12.035,50.532],[12.039,50.531],[12.044,50.531],[12.049,50.532],[12.059,50.538],[12.081,50.561],[12.097,50.563],[12.105,50.562],[12.107,50.56],[12.11,50.559],[12.114,50.557],[12.118,50.557],[12.124,50.558],[12.135,50.561],[12.145,50.563],[12.149,50.565],[12.153,50.568],[12.158,50.577],[12.16,50.584],[12.159,50.604],[12.177,50.618],[12.183,50.624],[12.187,50.626],[12.192,50.628],[12.209,50.628],[12.228,50.625],[12.253,50.626],[12.259,50.628],[12.29,50.643],[12.298,50.648],[12.302,50.652],[12.322,50.674],[12.312,50.677],[12.299,50.676],[12.29,50.676],[12.285,50.677],[12.282,50.678],[12.279,50.68],[12.276,50.683],[12.272,50.687],[12.267,50.695],[12.265,50.701],[12.267,50.708],[12.27,50.711],[12.271,50.715],[12.269,50.718],[12.263,50.722],[12.258,50.723],[12.254,50.723],[12.249,50.722],[12.245,50.722],[12.241,50.722],[12.24,50.726],[12.242,50.731],[12.249,50.743],[12.255,50.746],[12.26,50.748],[12.266,50.748],[12.269,50.748],[12.271,50.749],[12.273,50.75],[12.279,50.755],[12.287,50.761],[12.289,50.763],[12.289,50.766],[12.285,50.769],[12.269,50.774],[12.257,50.782],[12.258,50.793],[12.331,50.806],[12.339,50.81],[12.364,50.823],[12.371,50.826],[12.377,50.827],[12.407,50.829],[12.414,50.827],[12.417,50.826],[12.418,50.824],[12.421,50.824],[12.424,50.824],[12.442,50.841],[12.463,50.857],[12.501,50.87],[12.504,50.871],[12.506,50.873],[12.508,50.882],[12.523,50.877],[12.528,50.877],[12.549,50.878],[12.582,50.875],[12.586,50.876],[12.594,50.878],[12.598,50.878],[12.602,50.876],[12.606,50.872],[12.608,50.87],[12.611,50.87],[12.619,50.875],[12.628,50.885],[12.63,50.887],[12.636,50.889],[12.647,50.892],[12.647,50.897],[12.647,50.9],[12.626,50.929],[12.602,50.952],[12.574,50.963],[12.56,50.966],[12.546,50.971],[12.532,50.98],[12.522,50.995],[12.495,51.025],[12.491,51.028],[12.484,51.058],[12.329,51.088],[12.265,51.084],[12.223,51.089],[12.218,51.091],[12.215,51.095],[12.212,51.103],[12.213,51.107],[12.211,51.112],[12.207,51.115],[12.189,51.125],[12.179,51.137],[12.184,51.164],[12.163,51.167],[12.153,51.17],[12.153,51.178],[12.159,51.183],[12.163,51.187],[12.165,51.189],[12.166,51.192],[12.167,51.194],[12.168,51.197],[12.165,51.227],[12.161,51.237],[12.142,51.253],[12.14,51.274],[12.137,51.281],[12.135,51.283],[12.134,51.285],[12.133,51.287],[12.133,51.289],[12.132,51.292],[12.134,51.297],[12.137,51.303],[12.146,51.314],[12.152,51.318],[12.158,51.32],[12.173,51.32],[12.176,51.321],[12.179,51.323],[12.182,51.325],[12.183,51.327],[12.185,51.331],[12.186,51.337],[12.186,51.344],[12.185,51.351],[12.178,51.362],[12.174,51.367],[12.171,51.372],[12.17,51.375],[12.171,51.392],[12.168,51.414],[12.163,51.421],[12.16,51.423],[12.159,51.426],[12.158,51.429],[12.158,51.44],[12.157,51.443],[12.156,51.446],[12.157,51.449],[12.162,51.452],[12.173,51.457],[12.176,51.459],[12.182,51.466],[12.184,51.468],[12.187,51.469],[12.191,51.47],[12.195,51.482],[12.195,51.529],[12.222,51.543],[12.225,51.544],[12.226,51.547],[12.228,51.549],[12.23,51.554],[12.231,51.559],[12.232,51.561],[12.235,51.562],[12.242,51.561],[12.252,51.557],[12.267,51.553],[12.298,51.551],[12.306,51.552],[12.356,51.568],[12.431,51.572],[12.435,51.574],[12.438,51.578],[12.439,51.582],[12.443,51.601],[12.452,51.604],[12.459,51.604],[12.532,51.602],[12.545,51.596],[12.641,51.606],[12.646,51.605],[12.649,51.603],[12.65,51.601],[12.655,51.6],[12.662,51.601],[12.675,51.607],[12.683,51.613],[12.69,51.622],[12.701,51.633],[12.715,51.638],[12.752,51.635],[12.782,51.627],[12.801,51.633],[12.853,51.66],[12.862,51.668],[12.891,51.67],[12.902,51.655],[12.915,51.65],[12.93,51.646],[12.942,51.645],[12.964,51.638],[12.978,51.628],[12.991,51.629],[12.997,51.633],[13.002,51.635],[13.009,51.637],[13.015,51.635],[13.023,51.632],[13.044,51.618],[13.062,51.615],[13.073,51.612],[13.101,51.591],[13.115,51.585],[13.123,51.583],[13.127,51.584],[13.13,51.586],[13.134,51.587],[13.137,51.587],[13.141,51.585],[13.154,51.578],[13.166,51.573],[13.169,51.571],[13.172,51.566],[13.17,51.559],[13.168,51.555],[13.165,51.551],[13.165,51.545],[13.175,51.537],[13.196,51.529],[13.2,51.524],[13.203,51.518],[13.208,51.504],[13.21,51.496],[13.21,51.491],[13.207,51.486],[13.204,51.484],[13.196,51.481],[13.193,51.48],[13.191,51.478],[13.189,51.476],[13.192,51.47],[13.198,51.467],[13.2,51.458],[13.197,51.447],[13.198,51.433],[13.193,51.423],[13.191,51.42],[13.189,51.418],[13.177,51.411],[13.175,51.409],[13.174,51.407],[13.174,51.404],[13.175,51.4],[13.176,51.397],[13.178,51.393],[13.181,51.388],[13.184,51.387],[13.188,51.385],[13.194,51.391],[13.199,51.394],[13.203,51.398],[13.215,51.397],[13.219,51.403],[13.232,51.401],[13.239,51.399],[13.252,51.385],[13.271,51.389],[13.363,51.408],[13.378,51.413],[13.387,51.42],[13.398,51.422],[13.411,51.421],[13.458,51.407],[13.472,51.399],[13.48,51.393],[13.491,51.389],[13.505,51.382],[13.522,51.367],[13.534,51.364],[13.546,51.366],[13.555,51.366],[13.568,51.365],[13.614,51.355],[13.731,51.35],[13.766,51.348],[13.873,51.356],[13.938,51.361],[13.946,51.36],[13.956,51.359],[13.961,51.357],[13.967,51.358],[13.97,51.359],[13.988,51.378],[14.044,51.428],[14.059,51.451],[14.061,51.459],[14.061,51.466],[14.067,51.474],[14.106,51.506],[14.119,51.513],[14.159,51.527],[14.221,51.536],[14.269,51.532],[14.305,51.524],[14.339,51.51],[14.377,51.516],[14.509,51.557],[14.553,51.565],[14.574,51.565],[14.595,51.562],[14.62,51.553],[14.663,51.542],[14.707,51.541],[14.71,51.53],[14.732,51.516],[14.797,51.502],[14.819,51.493],[14.841,51.484],[14.888,51.476],[14.911,51.469],[14.927,51.461],[14.945,51.449],[14.955,51.435],[14.947,51.423],[14.951,51.397],[14.957,51.354],[14.957,51.353],[14.961,51.335],[14.964,51.328],[14.982,51.308],[15.005,51.291],[15.019,51.272],[15.014,51.243],[15.018,51.24],[15.022,51.237],[15.005,51.216],[14.991,51.189],[14.983,51.161],[14.982,51.136],[14.98,51.123],[14.973,51.116],[14.966,51.112],[14.96,51.105],[14.958,51.095],[14.958,51.076],[14.955,51.064],[14.911,50.993],[14.86,50.917],[14.825,50.892],[14.81,50.877],[14.81,50.858],[14.795,50.832],[14.785,50.82],[14.775,50.813],[14.759,50.81],[14.738,50.811],[14.7,50.816],[14.662,50.834],[14.648,50.839],[14.613,50.846],[14.608,50.853],[14.612,50.871],[14.629,50.896],[14.635,50.909],[14.629,50.921],[14.617,50.921],[14.562,50.906],[14.55,50.912],[14.556,50.924],[14.568,50.939],[14.576,50.951],[14.577,50.966],[14.574,50.975],[14.567,50.983],[14.555,50.993],[14.542,50.999],[14.515,51.003],[14.503,51.009],[14.494,51.017],[14.49,51.023],[14.488,51.029],[14.482,51.037],[14.473,51.023],[14.462,51.02],[14.426,51.021],[14.398,51.013]]]}},{"type":"Feature","id":"DE-ST","properties":{"id":"DE-ST","countryCode":"DE","isoSubdivision":"DE-ST","name":"Saxony-Anhalt","name_en":"Saxony-Anhalt","name_ko":"작센안할트","type":"State","labelLongitude":11.68,"labelLatitude":51.934,"minZoom":6.6},"geometry":{"type":"Polygon","coordinates":[[[10.713,51.631],[10.698,51.637],[10.669,51.67],[10.669,51.693],[10.668,51.698],[10.664,51.707],[10.661,51.711],[10.658,51.714],[10.646,51.72],[10.644,51.721],[10.638,51.731],[10.63,51.738],[10.628,51.741],[10.625,51.752],[10.622,51.756],[10.619,51.759],[10.616,51.76],[10.609,51.763],[10.603,51.766],[10.598,51.769],[10.596,51.771],[10.59,51.775],[10.585,51.778],[10.584,51.78],[10.582,51.784],[10.58,51.797],[10.579,51.8],[10.578,51.8],[10.578,51.805],[10.58,51.83],[10.58,51.845],[10.582,51.848],[10.587,51.851],[10.601,51.855],[10.604,51.856],[10.608,51.859],[10.611,51.864],[10.614,51.866],[10.618,51.868],[10.626,51.87],[10.629,51.871],[10.631,51.874],[10.634,51.879],[10.636,51.881],[10.639,51.882],[10.64,51.884],[10.641,51.887],[10.641,51.892],[10.638,51.907],[10.635,51.912],[10.632,51.914],[10.615,51.921],[10.613,51.923],[10.613,51.925],[10.615,51.934],[10.618,51.943],[10.624,51.948],[10.627,51.949],[10.642,51.953],[10.644,51.955],[10.645,51.957],[10.645,51.959],[10.642,51.959],[10.635,51.958],[10.629,51.958],[10.625,51.96],[10.619,51.966],[10.615,51.968],[10.59,51.976],[10.589,51.984],[10.588,51.985],[10.586,51.987],[10.573,51.999],[10.571,52],[10.571,52.001],[10.57,52.002],[10.57,52.004],[10.57,52.007],[10.574,52.009],[10.58,52.01],[10.609,52.008],[10.615,52.009],[10.622,52.011],[10.635,52.018],[10.643,52.024],[10.651,52.03],[10.652,52.032],[10.652,52.035],[10.651,52.038],[10.651,52.04],[10.652,52.043],[10.661,52.045],[10.717,52.05],[10.85,52.05],[10.876,52.057],[10.896,52.059],[10.946,52.058],[10.956,52.058],[10.959,52.059],[10.963,52.06],[10.966,52.061],[10.968,52.065],[10.97,52.069],[10.971,52.077],[10.97,52.081],[10.969,52.084],[10.967,52.085],[10.952,52.092],[10.949,52.094],[10.949,52.095],[10.948,52.097],[10.949,52.1],[10.952,52.102],[10.958,52.105],[10.993,52.112],[11.014,52.119],[11.038,52.132],[11.043,52.136],[11.048,52.14],[11.057,52.149],[11.058,52.153],[11.058,52.158],[11.054,52.168],[11.05,52.172],[11.046,52.173],[11.042,52.173],[11.037,52.173],[11.033,52.174],[11.03,52.176],[11.027,52.178],[11.025,52.179],[11.023,52.182],[11.019,52.187],[11.019,52.19],[11.021,52.194],[11.029,52.206],[11.034,52.21],[11.037,52.211],[11.058,52.217],[11.072,52.219],[11.078,52.221],[11.081,52.223],[11.083,52.225],[11.084,52.228],[11.085,52.231],[11.085,52.24],[11.084,52.244],[11.083,52.247],[11.078,52.251],[11.076,52.251],[11.073,52.251],[11.073,52.25],[11.07,52.247],[11.069,52.245],[11.066,52.244],[11.064,52.244],[11.063,52.246],[11.062,52.251],[11.062,52.259],[11.061,52.261],[11.056,52.263],[11.048,52.261],[11.045,52.262],[11.042,52.263],[11.037,52.269],[11.033,52.271],[11.027,52.275],[11.015,52.287],[11.014,52.29],[11.016,52.292],[11.021,52.296],[11.032,52.301],[11.034,52.304],[11.034,52.306],[11.03,52.31],[11.028,52.312],[11.026,52.314],[11.025,52.316],[11.025,52.318],[11.024,52.32],[11.023,52.322],[11.021,52.323],[11.014,52.326],[11.006,52.328],[11.003,52.329],[11.002,52.33],[11.001,52.333],[11,52.338],[10.999,52.34],[10.999,52.342],[11.001,52.344],[11.008,52.346],[11.019,52.349],[11.047,52.351],[11.064,52.354],[11.067,52.356],[11.069,52.358],[11.07,52.365],[11.072,52.369],[11.073,52.372],[11.07,52.377],[11.067,52.38],[11.038,52.395],[11.024,52.397],[11.021,52.398],[11.015,52.401],[11.011,52.403],[10.939,52.462],[10.94,52.473],[10.941,52.476],[10.943,52.48],[10.945,52.482],[10.946,52.483],[10.947,52.484],[10.947,52.488],[10.948,52.49],[10.95,52.492],[10.953,52.494],[10.956,52.496],[10.963,52.498],[10.967,52.499],[10.971,52.5],[10.976,52.499],[10.994,52.497],[10.999,52.497],[11.002,52.498],[11,52.503],[10.994,52.509],[10.966,52.536],[10.964,52.538],[10.961,52.54],[10.956,52.543],[10.954,52.545],[10.951,52.549],[10.949,52.554],[10.946,52.563],[10.946,52.568],[10.946,52.584],[10.947,52.586],[10.948,52.589],[10.95,52.591],[10.953,52.593],[10.969,52.604],[10.974,52.608],[10.976,52.611],[10.978,52.613],[10.977,52.616],[10.973,52.619],[10.963,52.622],[10.957,52.623],[10.952,52.622],[10.949,52.621],[10.937,52.614],[10.934,52.613],[10.928,52.614],[10.92,52.619],[10.885,52.651],[10.847,52.697],[10.837,52.71],[10.829,52.714],[10.822,52.716],[10.811,52.716],[10.806,52.718],[10.801,52.722],[10.796,52.734],[10.795,52.74],[10.794,52.748],[10.792,52.75],[10.779,52.758],[10.774,52.762],[10.764,52.777],[10.759,52.782],[10.758,52.784],[10.757,52.786],[10.757,52.789],[10.757,52.792],[10.76,52.801],[10.76,52.804],[10.76,52.807],[10.759,52.81],[10.757,52.815],[10.757,52.818],[10.758,52.822],[10.76,52.826],[10.761,52.83],[10.759,52.835],[10.762,52.838],[10.795,52.846],[10.843,52.848],[10.886,52.847],[10.899,52.849],[10.914,52.854],[10.942,52.859],[10.961,52.865],[10.97,52.873],[10.989,52.882],[10.992,52.884],[10.993,52.886],[10.994,52.888],[10.994,52.893],[10.994,52.896],[10.995,52.898],[10.996,52.901],[10.997,52.904],[10.999,52.906],[11,52.907],[11.001,52.908],[11.003,52.909],[11.015,52.912],[11.034,52.913],[11.051,52.912],[11.081,52.908],[11.099,52.901],[11.107,52.901],[11.165,52.903],[11.214,52.898],[11.217,52.896],[11.22,52.894],[11.222,52.892],[11.225,52.891],[11.238,52.888],[11.241,52.886],[11.243,52.884],[11.244,52.882],[11.246,52.88],[11.248,52.878],[11.251,52.877],[11.253,52.876],[11.258,52.876],[11.264,52.878],[11.273,52.882],[11.279,52.884],[11.284,52.885],[11.292,52.883],[11.313,52.884],[11.374,52.9],[11.409,52.905],[11.412,52.906],[11.47,52.94],[11.479,52.941],[11.498,52.942],[11.5,52.943],[11.502,52.944],[11.5,52.95],[11.498,52.954],[11.497,52.96],[11.496,52.963],[11.496,52.969],[11.501,52.989],[11.502,52.992],[11.507,53.001],[11.51,53.004],[11.515,53.007],[11.525,53.008],[11.531,53.008],[11.539,53.006],[11.552,53.006],[11.562,53.01],[11.581,53.043],[11.626,53.05],[11.636,53.046],[11.636,53.039],[11.636,53.037],[11.631,53.028],[11.622,53.022],[11.636,53.018],[11.669,53.017],[11.681,53.012],[11.688,53],[11.689,52.99],[11.694,52.984],[11.712,52.982],[11.722,52.984],[11.747,52.993],[11.763,52.995],[11.793,52.967],[11.807,52.96],[11.839,52.959],[11.851,52.955],[11.845,52.944],[11.833,52.933],[11.832,52.928],[11.897,52.902],[11.907,52.9],[11.925,52.898],[11.938,52.895],[11.966,52.885],[11.983,52.883],[11.998,52.887],[12.023,52.886],[12.093,52.892],[12.097,52.891],[12.101,52.89],[12.107,52.885],[12.11,52.881],[12.112,52.878],[12.111,52.867],[12.126,52.866],[12.136,52.866],[12.171,52.872],[12.175,52.872],[12.18,52.872],[12.192,52.868],[12.203,52.866],[12.208,52.862],[12.214,52.855],[12.233,52.816],[12.234,52.81],[12.23,52.799],[12.197,52.782],[12.195,52.779],[12.194,52.776],[12.197,52.768],[12.199,52.764],[12.203,52.761],[12.207,52.758],[12.208,52.755],[12.209,52.752],[12.205,52.749],[12.195,52.743],[12.191,52.739],[12.19,52.736],[12.19,52.733],[12.193,52.728],[12.196,52.725],[12.202,52.721],[12.204,52.717],[12.206,52.713],[12.208,52.706],[12.21,52.703],[12.213,52.7],[12.223,52.695],[12.226,52.693],[12.228,52.69],[12.228,52.682],[12.226,52.673],[12.216,52.653],[12.21,52.646],[12.205,52.641],[12.194,52.637],[12.186,52.636],[12.166,52.637],[12.162,52.636],[12.159,52.63],[12.157,52.62],[12.155,52.597],[12.153,52.586],[12.151,52.58],[12.124,52.555],[12.123,52.553],[12.124,52.551],[12.13,52.55],[12.135,52.55],[12.145,52.551],[12.155,52.551],[12.159,52.55],[12.162,52.549],[12.163,52.547],[12.159,52.543],[12.156,52.541],[12.152,52.539],[12.148,52.535],[12.146,52.532],[12.146,52.528],[12.148,52.523],[12.15,52.52],[12.153,52.518],[12.156,52.516],[12.169,52.514],[12.182,52.515],[12.19,52.518],[12.193,52.519],[12.196,52.521],[12.198,52.523],[12.201,52.525],[12.202,52.527],[12.205,52.536],[12.206,52.539],[12.208,52.541],[12.212,52.542],[12.217,52.542],[12.222,52.541],[12.23,52.537],[12.235,52.532],[12.25,52.517],[12.256,52.514],[12.261,52.513],[12.264,52.514],[12.268,52.515],[12.272,52.515],[12.276,52.515],[12.28,52.515],[12.284,52.516],[12.291,52.518],[12.294,52.518],[12.295,52.516],[12.291,52.51],[12.288,52.506],[12.288,52.499],[12.289,52.491],[12.288,52.487],[12.287,52.484],[12.275,52.472],[12.266,52.456],[12.26,52.451],[12.249,52.446],[12.248,52.445],[12.247,52.442],[12.249,52.439],[12.251,52.437],[12.256,52.433],[12.257,52.431],[12.257,52.427],[12.256,52.422],[12.249,52.408],[12.245,52.403],[12.233,52.389],[12.232,52.386],[12.232,52.383],[12.234,52.379],[12.233,52.376],[12.231,52.372],[12.229,52.368],[12.231,52.361],[12.233,52.356],[12.235,52.353],[12.235,52.35],[12.234,52.346],[12.221,52.333],[12.219,52.328],[12.218,52.325],[12.215,52.319],[12.208,52.309],[12.207,52.307],[12.206,52.302],[12.206,52.294],[12.209,52.279],[12.214,52.273],[12.22,52.271],[12.23,52.27],[12.233,52.268],[12.236,52.265],[12.24,52.259],[12.246,52.254],[12.248,52.252],[12.247,52.249],[12.245,52.247],[12.222,52.232],[12.209,52.207],[12.202,52.2],[12.2,52.197],[12.199,52.194],[12.208,52.178],[12.217,52.166],[12.22,52.164],[12.246,52.148],[12.253,52.134],[12.256,52.131],[12.261,52.128],[12.281,52.122],[12.299,52.11],[12.361,52.058],[12.364,52.051],[12.364,52.048],[12.364,52.045],[12.365,52.04],[12.371,52.036],[12.379,52.031],[12.409,52.018],[12.421,52.012],[12.426,52.01],[12.432,52.009],[12.444,52.01],[12.45,52.011],[12.454,52.013],[12.457,52.018],[12.46,52.02],[12.463,52.021],[12.467,52.022],[12.472,52.02],[12.477,52.017],[12.497,52],[12.544,51.978],[12.562,51.972],[12.608,51.965],[12.622,51.974],[12.634,51.979],[12.646,51.982],[12.651,51.986],[12.653,51.989],[12.653,51.992],[12.655,51.994],[12.661,51.995],[12.667,51.994],[12.705,51.98],[12.795,51.946],[12.806,51.944],[12.844,51.942],[12.859,51.935],[12.864,51.929],[12.872,51.913],[12.877,51.911],[12.885,51.91],[12.931,51.909],[12.951,51.907],[12.962,51.904],[12.974,51.897],[12.98,51.892],[12.984,51.886],[12.992,51.882],[13.048,51.857],[13.066,51.853],[13.132,51.858],[13.139,51.857],[13.148,51.849],[13.153,51.847],[13.161,51.844],[13.165,51.849],[13.173,51.858],[13.179,51.861],[13.185,51.862],[13.218,51.861],[13.237,51.855],[13.228,51.843],[13.194,51.819],[13.163,51.789],[13.158,51.782],[13.156,51.775],[13.157,51.749],[13.159,51.741],[13.165,51.73],[13.174,51.72],[13.182,51.709],[13.178,51.697],[13.15,51.673],[13.09,51.644],[13.082,51.638],[13.062,51.615],[13.044,51.618],[13.023,51.632],[13.015,51.635],[13.009,51.637],[13.002,51.635],[12.997,51.633],[12.991,51.629],[12.978,51.628],[12.964,51.638],[12.942,51.645],[12.93,51.646],[12.915,51.65],[12.902,51.655],[12.891,51.67],[12.862,51.668],[12.853,51.66],[12.801,51.633],[12.782,51.627],[12.752,51.635],[12.715,51.638],[12.701,51.633],[12.69,51.622],[12.683,51.613],[12.675,51.607],[12.662,51.601],[12.655,51.6],[12.65,51.601],[12.649,51.603],[12.646,51.605],[12.641,51.606],[12.545,51.596],[12.532,51.602],[12.459,51.604],[12.452,51.604],[12.443,51.601],[12.439,51.582],[12.438,51.578],[12.435,51.574],[12.431,51.572],[12.356,51.568],[12.306,51.552],[12.298,51.551],[12.267,51.553],[12.252,51.557],[12.242,51.561],[12.235,51.562],[12.232,51.561],[12.231,51.559],[12.23,51.554],[12.228,51.549],[12.226,51.547],[12.225,51.544],[12.222,51.543],[12.195,51.529],[12.195,51.482],[12.191,51.47],[12.187,51.469],[12.184,51.468],[12.182,51.466],[12.176,51.459],[12.173,51.457],[12.162,51.452],[12.157,51.449],[12.156,51.446],[12.157,51.443],[12.158,51.44],[12.158,51.429],[12.159,51.426],[12.16,51.423],[12.163,51.421],[12.168,51.414],[12.171,51.392],[12.17,51.375],[12.171,51.372],[12.174,51.367],[12.178,51.362],[12.185,51.351],[12.186,51.344],[12.186,51.337],[12.185,51.331],[12.183,51.327],[12.182,51.325],[12.179,51.323],[12.176,51.321],[12.173,51.32],[12.158,51.32],[12.152,51.318],[12.146,51.314],[12.137,51.303],[12.134,51.297],[12.132,51.292],[12.133,51.289],[12.133,51.287],[12.134,51.285],[12.135,51.283],[12.137,51.281],[12.14,51.274],[12.142,51.253],[12.161,51.237],[12.165,51.227],[12.168,51.197],[12.167,51.194],[12.166,51.192],[12.165,51.189],[12.163,51.187],[12.159,51.183],[12.153,51.178],[12.153,51.17],[12.163,51.167],[12.184,51.164],[12.179,51.137],[12.189,51.125],[12.207,51.115],[12.211,51.112],[12.213,51.107],[12.212,51.103],[12.215,51.095],[12.218,51.091],[12.223,51.089],[12.265,51.084],[12.267,51.076],[12.265,51.074],[12.249,51.057],[12.245,51.042],[12.244,51.036],[12.246,51.033],[12.262,51.028],[12.267,51.026],[12.271,51.023],[12.275,51.017],[12.276,51.013],[12.275,51.01],[12.252,50.982],[12.246,50.977],[12.217,50.954],[12.215,50.946],[12.219,50.937],[12.201,50.928],[12.193,50.928],[12.185,50.937],[12.178,50.94],[12.159,50.952],[12.154,50.953],[12.149,50.954],[12.141,50.949],[12.132,50.945],[12.126,50.944],[12.12,50.945],[12.068,50.956],[12.06,50.956],[12.057,50.955],[12.039,50.952],[12.005,50.949],[11.998,50.949],[11.996,50.951],[11.995,50.953],[11.993,50.96],[11.961,50.971],[11.957,50.974],[11.952,50.978],[11.951,50.982],[11.946,50.989],[11.94,50.993],[11.931,50.998],[11.883,51.012],[11.861,51.023],[11.849,51.024],[11.84,51.023],[11.759,51.019],[11.747,51.013],[11.739,51.015],[11.733,51.017],[11.728,51.02],[11.726,51.023],[11.725,51.025],[11.722,51.034],[11.721,51.036],[11.715,51.043],[11.709,51.047],[11.706,51.055],[11.697,51.064],[11.696,51.074],[11.696,51.084],[11.694,51.088],[11.689,51.092],[11.674,51.099],[11.668,51.101],[11.663,51.101],[11.643,51.098],[11.635,51.096],[11.628,51.096],[11.608,51.097],[11.581,51.096],[11.535,51.1],[11.531,51.1],[11.524,51.097],[11.516,51.092],[11.512,51.091],[11.509,51.09],[11.505,51.089],[11.45,51.091],[11.444,51.092],[11.433,51.096],[11.43,51.097],[11.427,51.099],[11.425,51.102],[11.424,51.104],[11.42,51.111],[11.417,51.122],[11.417,51.124],[11.419,51.125],[11.422,51.126],[11.426,51.127],[11.428,51.129],[11.428,51.134],[11.427,51.139],[11.426,51.144],[11.426,51.147],[11.42,51.16],[11.399,51.183],[11.389,51.19],[11.367,51.195],[11.345,51.204],[11.336,51.211],[11.333,51.216],[11.337,51.221],[11.34,51.224],[11.346,51.229],[11.352,51.23],[11.397,51.235],[11.422,51.244],[11.434,51.251],[11.443,51.259],[11.452,51.271],[11.394,51.325],[11.367,51.357],[11.315,51.383],[11.289,51.389],[11.196,51.397],[11.154,51.397],[10.999,51.409],[10.973,51.418],[10.965,51.428],[10.965,51.436],[10.966,51.444],[10.972,51.463],[10.972,51.467],[10.97,51.47],[10.961,51.477],[10.949,51.493],[10.947,51.497],[10.945,51.5],[10.945,51.502],[10.948,51.519],[10.947,51.523],[10.945,51.526],[10.942,51.527],[10.938,51.528],[10.933,51.533],[10.926,51.54],[10.916,51.557],[10.912,51.565],[10.911,51.571],[10.913,51.573],[10.916,51.575],[10.919,51.576],[10.924,51.576],[10.927,51.575],[10.935,51.573],[10.939,51.572],[10.943,51.572],[10.948,51.574],[10.952,51.577],[10.952,51.581],[10.95,51.586],[10.946,51.595],[10.942,51.599],[10.938,51.601],[10.924,51.601],[10.891,51.61],[10.878,51.617],[10.854,51.617],[10.849,51.618],[10.841,51.62],[10.819,51.629],[10.81,51.631],[10.803,51.633],[10.713,51.631]]]}},{"type":"Feature","id":"DE-TH","properties":{"id":"DE-TH","countryCode":"DE","isoSubdivision":"DE-TH","name":"Thuringia","name_en":"Thuringia","name_ko":"튀링겐","type":"State","labelLongitude":11.098,"labelLatitude":50.905,"minZoom":6.6},"geometry":{"type":"Polygon","coordinates":[[[9.95,51.303],[9.947,51.304],[9.945,51.308],[9.946,51.317],[9.943,51.327],[9.941,51.331],[9.937,51.334],[9.932,51.338],[9.93,51.34],[9.929,51.342],[9.928,51.348],[9.927,51.351],[9.925,51.353],[9.924,51.356],[9.923,51.36],[9.927,51.367],[9.93,51.372],[9.949,51.382],[10,51.408],[10.011,51.417],[10.018,51.419],[10.032,51.424],[10.037,51.428],[10.04,51.431],[10.042,51.432],[10.046,51.432],[10.066,51.421],[10.069,51.42],[10.073,51.421],[10.079,51.425],[10.085,51.431],[10.1,51.433],[10.15,51.432],[10.147,51.437],[10.146,51.438],[10.147,51.441],[10.15,51.443],[10.163,51.445],[10.168,51.447],[10.172,51.449],[10.18,51.458],[10.182,51.461],[10.182,51.463],[10.181,51.465],[10.18,51.466],[10.18,51.468],[10.18,51.47],[10.181,51.472],[10.184,51.474],[10.186,51.476],[10.19,51.478],[10.195,51.479],[10.204,51.48],[10.21,51.479],[10.213,51.478],[10.213,51.477],[10.214,51.475],[10.214,51.474],[10.216,51.472],[10.219,51.471],[10.223,51.47],[10.232,51.47],[10.24,51.472],[10.283,51.489],[10.287,51.49],[10.291,51.491],[10.294,51.493],[10.297,51.5],[10.299,51.504],[10.302,51.507],[10.306,51.511],[10.324,51.517],[10.332,51.52],[10.335,51.521],[10.337,51.523],[10.338,51.526],[10.341,51.529],[10.358,51.536],[10.365,51.542],[10.375,51.561],[10.378,51.566],[10.38,51.572],[10.379,51.575],[10.379,51.577],[10.378,51.578],[10.375,51.581],[10.374,51.582],[10.374,51.583],[10.374,51.584],[10.375,51.586],[10.378,51.587],[10.385,51.588],[10.4,51.588],[10.414,51.59],[10.422,51.592],[10.431,51.591],[10.479,51.575],[10.514,51.556],[10.527,51.555],[10.557,51.557],[10.562,51.557],[10.61,51.573],[10.618,51.573],[10.624,51.573],[10.638,51.564],[10.642,51.562],[10.645,51.561],[10.65,51.562],[10.653,51.566],[10.655,51.574],[10.654,51.578],[10.652,51.581],[10.651,51.582],[10.641,51.589],[10.635,51.595],[10.631,51.599],[10.629,51.601],[10.63,51.603],[10.631,51.607],[10.649,51.62],[10.698,51.637],[10.713,51.631],[10.803,51.633],[10.81,51.631],[10.819,51.629],[10.841,51.62],[10.849,51.618],[10.854,51.617],[10.878,51.617],[10.891,51.61],[10.924,51.601],[10.938,51.601],[10.942,51.599],[10.946,51.595],[10.95,51.586],[10.952,51.581],[10.952,51.577],[10.948,51.574],[10.943,51.572],[10.939,51.572],[10.935,51.573],[10.927,51.575],[10.924,51.576],[10.919,51.576],[10.916,51.575],[10.913,51.573],[10.911,51.571],[10.912,51.565],[10.916,51.557],[10.926,51.54],[10.933,51.533],[10.938,51.528],[10.942,51.527],[10.945,51.526],[10.947,51.523],[10.948,51.519],[10.945,51.502],[10.945,51.5],[10.947,51.497],[10.949,51.493],[10.961,51.477],[10.97,51.47],[10.972,51.467],[10.972,51.463],[10.966,51.444],[10.965,51.436],[10.965,51.428],[10.973,51.418],[10.999,51.409],[11.154,51.397],[11.196,51.397],[11.289,51.389],[11.315,51.383],[11.367,51.357],[11.394,51.325],[11.452,51.271],[11.443,51.259],[11.434,51.251],[11.422,51.244],[11.397,51.235],[11.352,51.23],[11.346,51.229],[11.34,51.224],[11.337,51.221],[11.333,51.216],[11.336,51.211],[11.345,51.204],[11.367,51.195],[11.389,51.19],[11.399,51.183],[11.42,51.16],[11.426,51.147],[11.426,51.144],[11.427,51.139],[11.428,51.134],[11.428,51.129],[11.426,51.127],[11.422,51.126],[11.419,51.125],[11.417,51.124],[11.417,51.122],[11.42,51.111],[11.424,51.104],[11.425,51.102],[11.427,51.099],[11.43,51.097],[11.433,51.096],[11.444,51.092],[11.45,51.091],[11.505,51.089],[11.509,51.09],[11.512,51.091],[11.516,51.092],[11.524,51.097],[11.531,51.1],[11.535,51.1],[11.581,51.096],[11.608,51.097],[11.628,51.096],[11.635,51.096],[11.643,51.098],[11.663,51.101],[11.668,51.101],[11.674,51.099],[11.689,51.092],[11.694,51.088],[11.696,51.084],[11.696,51.074],[11.697,51.064],[11.706,51.055],[11.709,51.047],[11.715,51.043],[11.721,51.036],[11.722,51.034],[11.725,51.025],[11.726,51.023],[11.728,51.02],[11.733,51.017],[11.739,51.015],[11.747,51.013],[11.759,51.019],[11.84,51.023],[11.849,51.024],[11.861,51.023],[11.883,51.012],[11.931,50.998],[11.94,50.993],[11.946,50.989],[11.951,50.982],[11.952,50.978],[11.957,50.974],[11.961,50.971],[11.993,50.96],[11.995,50.953],[11.996,50.951],[11.998,50.949],[12.005,50.949],[12.039,50.952],[12.057,50.955],[12.06,50.956],[12.068,50.956],[12.12,50.945],[12.126,50.944],[12.132,50.945],[12.141,50.949],[12.149,50.954],[12.154,50.953],[12.159,50.952],[12.178,50.94],[12.185,50.937],[12.193,50.928],[12.201,50.928],[12.219,50.937],[12.215,50.946],[12.217,50.954],[12.246,50.977],[12.252,50.982],[12.275,51.01],[12.276,51.013],[12.275,51.017],[12.271,51.023],[12.267,51.026],[12.262,51.028],[12.246,51.033],[12.244,51.036],[12.245,51.042],[12.249,51.057],[12.265,51.074],[12.267,51.076],[12.265,51.084],[12.329,51.088],[12.484,51.058],[12.491,51.028],[12.495,51.025],[12.522,50.995],[12.532,50.98],[12.546,50.971],[12.56,50.966],[12.574,50.963],[12.602,50.952],[12.626,50.929],[12.647,50.9],[12.647,50.897],[12.647,50.892],[12.636,50.889],[12.63,50.887],[12.628,50.885],[12.619,50.875],[12.611,50.87],[12.608,50.87],[12.606,50.872],[12.602,50.876],[12.598,50.878],[12.594,50.878],[12.586,50.876],[12.582,50.875],[12.549,50.878],[12.528,50.877],[12.523,50.877],[12.508,50.882],[12.506,50.873],[12.504,50.871],[12.501,50.87],[12.463,50.857],[12.442,50.841],[12.424,50.824],[12.421,50.824],[12.418,50.824],[12.417,50.826],[12.414,50.827],[12.407,50.829],[12.377,50.827],[12.371,50.826],[12.364,50.823],[12.339,50.81],[12.331,50.806],[12.258,50.793],[12.257,50.782],[12.269,50.774],[12.285,50.769],[12.289,50.766],[12.289,50.763],[12.287,50.761],[12.279,50.755],[12.273,50.75],[12.271,50.749],[12.269,50.748],[12.266,50.748],[12.26,50.748],[12.255,50.746],[12.249,50.743],[12.242,50.731],[12.24,50.726],[12.241,50.722],[12.245,50.722],[12.249,50.722],[12.254,50.723],[12.258,50.723],[12.263,50.722],[12.269,50.718],[12.271,50.715],[12.27,50.711],[12.267,50.708],[12.265,50.701],[12.267,50.695],[12.272,50.687],[12.276,50.683],[12.279,50.68],[12.282,50.678],[12.285,50.677],[12.29,50.676],[12.299,50.676],[12.312,50.677],[12.322,50.674],[12.302,50.652],[12.298,50.648],[12.29,50.643],[12.259,50.628],[12.253,50.626],[12.228,50.625],[12.209,50.628],[12.192,50.628],[12.187,50.626],[12.183,50.624],[12.177,50.618],[12.159,50.604],[12.16,50.584],[12.158,50.577],[12.153,50.568],[12.149,50.565],[12.145,50.563],[12.135,50.561],[12.124,50.558],[12.118,50.557],[12.114,50.557],[12.11,50.559],[12.107,50.56],[12.105,50.562],[12.097,50.563],[12.081,50.561],[12.059,50.538],[12.049,50.532],[12.044,50.531],[12.039,50.531],[12.035,50.532],[12.031,50.533],[12.028,50.534],[12.026,50.536],[12.025,50.537],[12.018,50.544],[12.015,50.545],[12.01,50.547],[12.001,50.548],[11.994,50.547],[11.989,50.546],[11.987,50.544],[11.986,50.543],[11.984,50.54],[11.982,50.537],[11.968,50.527],[11.945,50.516],[11.934,50.506],[11.928,50.497],[11.926,50.492],[11.926,50.488],[11.928,50.486],[11.93,50.484],[11.942,50.478],[11.945,50.475],[11.947,50.471],[11.948,50.462],[11.945,50.458],[11.937,50.453],[11.936,50.45],[11.936,50.445],[11.934,50.442],[11.931,50.44],[11.915,50.437],[11.911,50.435],[11.906,50.433],[11.9,50.429],[11.897,50.426],[11.897,50.423],[11.905,50.415],[11.881,50.407],[11.872,50.403],[11.867,50.401],[11.85,50.398],[11.839,50.395],[11.836,50.394],[11.832,50.392],[11.829,50.391],[11.824,50.391],[11.822,50.395],[11.823,50.397],[11.824,50.399],[11.823,50.401],[11.82,50.402],[11.809,50.405],[11.804,50.407],[11.801,50.409],[11.8,50.409],[11.799,50.411],[11.798,50.412],[11.797,50.414],[11.792,50.414],[11.785,50.414],[11.768,50.413],[11.761,50.412],[11.76,50.409],[11.758,50.408],[11.757,50.406],[11.74,50.403],[11.621,50.387],[11.592,50.394],[11.579,50.395],[11.57,50.395],[11.566,50.393],[11.564,50.391],[11.561,50.386],[11.559,50.384],[11.556,50.382],[11.552,50.381],[11.539,50.38],[11.532,50.378],[11.526,50.379],[11.518,50.382],[11.502,50.39],[11.493,50.394],[11.487,50.397],[11.485,50.4],[11.484,50.414],[11.482,50.422],[11.48,50.425],[11.477,50.427],[11.471,50.429],[11.466,50.43],[11.462,50.429],[11.458,50.428],[11.454,50.428],[11.448,50.429],[11.441,50.435],[11.431,50.44],[11.421,50.443],[11.419,50.448],[11.418,50.452],[11.421,50.486],[11.426,50.489],[11.436,50.493],[11.438,50.495],[11.439,50.497],[11.438,50.499],[11.438,50.5],[11.436,50.503],[11.427,50.513],[11.41,50.517],[11.347,50.519],[11.337,50.511],[11.33,50.51],[11.325,50.508],[11.321,50.503],[11.321,50.501],[11.32,50.5],[11.32,50.498],[11.32,50.497],[11.32,50.495],[11.316,50.493],[11.296,50.484],[11.276,50.481],[11.249,50.473],[11.253,50.462],[11.256,50.457],[11.257,50.455],[11.257,50.453],[11.254,50.449],[11.256,50.445],[11.258,50.442],[11.26,50.439],[11.261,50.436],[11.262,50.431],[11.263,50.428],[11.262,50.425],[11.259,50.407],[11.259,50.403],[11.26,50.401],[11.264,50.396],[11.265,50.394],[11.265,50.389],[11.265,50.386],[11.267,50.384],[11.274,50.378],[11.276,50.376],[11.277,50.374],[11.277,50.371],[11.277,50.368],[11.278,50.366],[11.278,50.363],[11.28,50.359],[11.28,50.357],[11.279,50.356],[11.271,50.354],[11.269,50.353],[11.268,50.351],[11.269,50.347],[11.27,50.344],[11.271,50.341],[11.269,50.339],[11.261,50.326],[11.259,50.321],[11.259,50.317],[11.265,50.311],[11.266,50.308],[11.266,50.305],[11.264,50.301],[11.258,50.294],[11.256,50.291],[11.255,50.288],[11.257,50.281],[11.257,50.279],[11.257,50.277],[11.255,50.275],[11.251,50.274],[11.244,50.273],[11.221,50.278],[11.216,50.28],[11.208,50.285],[11.202,50.283],[11.192,50.272],[11.143,50.301],[11.135,50.309],[11.155,50.324],[11.156,50.326],[11.157,50.327],[11.156,50.329],[11.155,50.331],[11.154,50.334],[11.15,50.338],[11.145,50.342],[11.138,50.35],[11.135,50.352],[11.131,50.353],[11.125,50.353],[11.121,50.354],[11.118,50.358],[11.116,50.364],[11.113,50.365],[11.109,50.365],[11.098,50.363],[11.094,50.361],[11.09,50.358],[11.088,50.356],[11.086,50.354],[11.082,50.354],[11.068,50.353],[11.064,50.352],[11.05,50.348],[11.046,50.348],[11.042,50.349],[11.037,50.355],[11.032,50.359],[11.025,50.361],[10.998,50.364],[10.995,50.363],[10.994,50.362],[10.992,50.355],[10.992,50.353],[10.99,50.351],[10.988,50.35],[10.982,50.353],[10.978,50.355],[10.943,50.387],[10.936,50.389],[10.928,50.388],[10.902,50.382],[10.899,50.382],[10.896,50.382],[10.893,50.383],[10.891,50.384],[10.889,50.386],[10.887,50.388],[10.885,50.391],[10.883,50.392],[10.88,50.394],[10.877,50.394],[10.875,50.394],[10.871,50.394],[10.867,50.392],[10.859,50.389],[10.841,50.392],[10.837,50.391],[10.833,50.39],[10.821,50.385],[10.817,50.384],[10.81,50.382],[10.806,50.382],[10.804,50.383],[10.794,50.386],[10.792,50.386],[10.789,50.386],[10.784,50.384],[10.78,50.381],[10.765,50.366],[10.763,50.363],[10.761,50.36],[10.758,50.358],[10.755,50.357],[10.751,50.357],[10.749,50.357],[10.735,50.361],[10.73,50.361],[10.726,50.361],[10.722,50.357],[10.718,50.352],[10.714,50.328],[10.715,50.322],[10.719,50.318],[10.723,50.316],[10.727,50.314],[10.738,50.311],[10.75,50.306],[10.751,50.305],[10.763,50.296],[10.766,50.294],[10.769,50.293],[10.773,50.292],[10.778,50.291],[10.795,50.292],[10.799,50.292],[10.802,50.29],[10.804,50.288],[10.807,50.283],[10.808,50.281],[10.81,50.279],[10.813,50.277],[10.816,50.276],[10.82,50.275],[10.838,50.272],[10.841,50.27],[10.843,50.268],[10.845,50.266],[10.847,50.261],[10.847,50.258],[10.848,50.254],[10.847,50.251],[10.846,50.247],[10.843,50.244],[10.84,50.242],[10.835,50.241],[10.829,50.241],[10.817,50.243],[10.803,50.247],[10.798,50.248],[10.767,50.244],[10.758,50.243],[10.753,50.244],[10.749,50.246],[10.747,50.247],[10.743,50.248],[10.739,50.248],[10.732,50.242],[10.727,50.221],[10.727,50.213],[10.727,50.21],[10.725,50.208],[10.721,50.207],[10.714,50.208],[10.7,50.214],[10.687,50.22],[10.662,50.225],[10.617,50.224],[10.609,50.231],[10.605,50.235],[10.604,50.238],[10.604,50.241],[10.607,50.243],[10.608,50.247],[10.607,50.25],[10.598,50.261],[10.595,50.268],[10.594,50.271],[10.595,50.276],[10.598,50.279],[10.598,50.285],[10.6,50.288],[10.6,50.293],[10.599,50.299],[10.594,50.311],[10.593,50.318],[10.592,50.323],[10.591,50.326],[10.588,50.329],[10.574,50.334],[10.566,50.34],[10.552,50.359],[10.536,50.357],[10.529,50.354],[10.526,50.352],[10.521,50.352],[10.513,50.353],[10.5,50.354],[10.497,50.354],[10.496,50.356],[10.496,50.36],[10.495,50.363],[10.493,50.366],[10.466,50.38],[10.461,50.384],[10.458,50.388],[10.454,50.392],[10.453,50.395],[10.452,50.397],[10.449,50.399],[10.443,50.398],[10.434,50.396],[10.425,50.395],[10.405,50.396],[10.401,50.397],[10.397,50.4],[10.393,50.405],[10.392,50.409],[10.393,50.412],[10.398,50.415],[10.401,50.417],[10.402,50.42],[10.399,50.423],[10.373,50.437],[10.369,50.44],[10.365,50.444],[10.36,50.448],[10.355,50.451],[10.341,50.459],[10.339,50.461],[10.337,50.464],[10.337,50.467],[10.338,50.473],[10.338,50.476],[10.337,50.478],[10.334,50.483],[10.333,50.486],[10.328,50.489],[10.319,50.492],[10.238,50.51],[10.232,50.513],[10.228,50.516],[10.226,50.521],[10.222,50.528],[10.22,50.534],[10.218,50.536],[10.215,50.539],[10.209,50.542],[10.205,50.544],[10.203,50.546],[10.197,50.548],[10.188,50.549],[10.139,50.546],[10.134,50.547],[10.13,50.548],[10.128,50.55],[10.127,50.553],[10.128,50.556],[10.128,50.558],[10.128,50.561],[10.126,50.563],[10.11,50.555],[10.055,50.517],[10.047,50.517],[10.045,50.52],[10.044,50.522],[10.045,50.526],[10.047,50.532],[10.056,50.549],[10.057,50.554],[10.05,50.565],[10.049,50.567],[10.048,50.57],[10.048,50.573],[10.048,50.576],[10.049,50.594],[10.049,50.598],[10.048,50.6],[10.046,50.602],[10.046,50.605],[10.048,50.61],[10.059,50.617],[10.065,50.619],[10.07,50.619],[10.072,50.618],[10.074,50.62],[10.076,50.622],[10.074,50.645],[10.063,50.663],[10.06,50.666],[10.057,50.668],[10.052,50.67],[10.043,50.671],[10.025,50.673],[10.008,50.676],[10.004,50.677],[9.998,50.676],[9.991,50.674],[9.978,50.669],[9.971,50.667],[9.955,50.664],[9.951,50.663],[9.949,50.661],[9.947,50.658],[9.947,50.656],[9.947,50.653],[9.95,50.65],[9.957,50.644],[9.96,50.642],[9.96,50.64],[9.957,50.635],[9.954,50.63],[9.951,50.628],[9.948,50.627],[9.943,50.627],[9.934,50.628],[9.926,50.63],[9.91,50.637],[9.905,50.638],[9.902,50.637],[9.898,50.636],[9.895,50.635],[9.887,50.633],[9.883,50.634],[9.88,50.637],[9.878,50.644],[9.878,50.652],[9.878,50.657],[9.879,50.662],[9.881,50.667],[9.888,50.676],[9.893,50.68],[9.897,50.682],[9.901,50.684],[9.904,50.685],[9.907,50.687],[9.913,50.693],[9.914,50.695],[9.912,50.7],[9.913,50.705],[9.916,50.711],[9.93,50.727],[9.933,50.733],[9.935,50.737],[9.936,50.743],[9.936,50.749],[9.936,50.751],[9.932,50.756],[9.921,50.764],[9.926,50.773],[9.931,50.774],[9.936,50.776],[9.939,50.776],[9.941,50.776],[9.943,50.774],[9.945,50.774],[9.946,50.777],[9.946,50.781],[9.945,50.785],[9.943,50.79],[9.942,50.793],[9.942,50.796],[9.943,50.8],[9.944,50.803],[9.95,50.81],[9.95,50.813],[9.949,50.815],[9.952,50.818],[9.958,50.82],[9.972,50.824],[9.992,50.826],[9.998,50.827],[10.007,50.831],[10.013,50.832],[10.019,50.832],[10.023,50.833],[10.026,50.837],[10.027,50.847],[10.023,50.854],[10.026,50.859],[10.029,50.862],[10.056,50.883],[10.048,50.889],[10.044,50.893],[10.039,50.901],[10.036,50.906],[10.033,50.909],[10.021,50.915],[10.011,50.92],[10.009,50.921],[10.006,50.921],[10.003,50.921],[10,50.921],[9.997,50.92],[9.995,50.919],[9.992,50.918],[9.99,50.916],[9.988,50.914],[9.986,50.911],[9.984,50.909],[9.981,50.908],[9.978,50.906],[9.974,50.906],[9.972,50.909],[9.97,50.914],[9.971,50.926],[9.97,50.929],[9.967,50.93],[9.962,50.926],[9.959,50.925],[9.956,50.925],[9.953,50.927],[9.951,50.93],[9.952,50.936],[9.953,50.939],[9.956,50.942],[9.963,50.943],[9.968,50.943],[9.971,50.942],[9.973,50.941],[9.975,50.94],[9.978,50.939],[10.013,50.937],[10.025,50.938],[10.041,50.941],[10.045,50.944],[10.046,50.949],[10.043,50.962],[10.037,50.968],[10.033,50.973],[10.029,50.974],[10.026,50.976],[10.024,50.982],[10.026,50.996],[10.051,51.007],[10.063,51.009],[10.093,51.009],[10.104,51.006],[10.108,51.006],[10.118,51.009],[10.121,51.009],[10.123,51.008],[10.124,51.006],[10.122,51.001],[10.122,51],[10.123,50.999],[10.124,50.998],[10.13,50.996],[10.133,50.995],[10.138,50.994],[10.143,50.994],[10.165,50.996],[10.188,50.996],[10.191,50.997],[10.194,50.999],[10.209,51.021],[10.21,51.024],[10.208,51.029],[10.205,51.032],[10.198,51.038],[10.195,51.043],[10.193,51.045],[10.19,51.046],[10.176,51.046],[10.172,51.047],[10.169,51.048],[10.163,51.052],[10.16,51.053],[10.156,51.054],[10.146,51.054],[10.142,51.055],[10.141,51.059],[10.141,51.064],[10.144,51.074],[10.147,51.081],[10.152,51.089],[10.165,51.103],[10.169,51.111],[10.169,51.115],[10.166,51.117],[10.147,51.119],[10.143,51.12],[10.14,51.122],[10.138,51.124],[10.137,51.126],[10.136,51.129],[10.134,51.131],[10.132,51.133],[10.129,51.135],[10.126,51.136],[10.128,51.138],[10.134,51.141],[10.157,51.145],[10.166,51.145],[10.174,51.145],[10.177,51.142],[10.185,51.135],[10.186,51.133],[10.186,51.131],[10.185,51.129],[10.185,51.128],[10.186,51.127],[10.191,51.124],[10.194,51.122],[10.195,51.118],[10.196,51.116],[10.199,51.116],[10.203,51.12],[10.208,51.141],[10.208,51.147],[10.209,51.151],[10.214,51.161],[10.229,51.173],[10.233,51.179],[10.233,51.18],[10.232,51.183],[10.23,51.184],[10.217,51.187],[10.197,51.195],[10.186,51.201],[10.173,51.206],[10.163,51.207],[10.154,51.206],[10.148,51.207],[10.142,51.209],[10.133,51.213],[10.127,51.214],[10.117,51.215],[10.112,51.216],[10.105,51.217],[10.1,51.218],[10.096,51.219],[10.09,51.222],[10.086,51.223],[10.081,51.223],[10.077,51.225],[10.074,51.228],[10.072,51.239],[10.069,51.244],[10.054,51.252],[10.051,51.254],[10.049,51.258],[10.049,51.263],[10.054,51.271],[10.053,51.274],[10.049,51.277],[10.04,51.279],[10.025,51.28],[10.002,51.286],[10,51.286],[9.989,51.286],[9.984,51.286],[9.979,51.288],[9.973,51.292],[9.965,51.3],[9.959,51.303],[9.954,51.304],[9.95,51.303]]]}}]}
