{"type":"FeatureCollection","features":[{"type":"Feature","id":"FR-01","properties":{"id":"FR-01","countryCode":"FR","isoSubdivision":"FR-01","name":"Ain","name_en":"Ain","name_ko":"앵","type":"Metropolitan department","labelLongitude":5.377,"labelLatitude":46.084,"minZoom":8},"geometry":{"type":"Polygon","coordinates":[[[6.119,46.332],[6.104,46.309],[6.101,46.301],[6.094,46.273],[6.093,46.262],[6.094,46.253],[6.09,46.246],[6.068,46.242],[6.062,46.241],[6.056,46.242],[6.048,46.243],[6.046,46.244],[6.045,46.243],[6.043,46.243],[5.983,46.223],[5.959,46.212],[5.955,46.2],[5.965,46.186],[5.983,46.171],[5.98,46.162],[5.972,46.152],[5.959,46.13],[5.955,46.128],[5.945,46.127],[5.923,46.13],[5.914,46.128],[5.906,46.123],[5.893,46.106],[5.886,46.099],[5.872,46.093],[5.864,46.097],[5.857,46.105],[5.846,46.111],[5.825,46.095],[5.824,46.05],[5.839,45.971],[5.84,45.939],[5.841,45.933],[5.832,45.898],[5.8,45.832],[5.792,45.811],[5.784,45.797],[5.784,45.795],[5.784,45.793],[5.783,45.79],[5.783,45.788],[5.783,45.786],[5.782,45.783],[5.782,45.78],[5.782,45.778],[5.781,45.775],[5.781,45.773],[5.78,45.77],[5.78,45.767],[5.779,45.765],[5.779,45.762],[5.778,45.759],[5.777,45.757],[5.777,45.754],[5.776,45.752],[5.775,45.749],[5.774,45.746],[5.773,45.744],[5.772,45.742],[5.771,45.739],[5.77,45.737],[5.769,45.735],[5.768,45.732],[5.767,45.73],[5.765,45.728],[5.764,45.726],[5.762,45.724],[5.761,45.722],[5.759,45.721],[5.757,45.719],[5.756,45.718],[5.754,45.716],[5.752,45.715],[5.75,45.714],[5.747,45.713],[5.745,45.712],[5.743,45.711],[5.74,45.711],[5.738,45.71],[5.735,45.71],[5.732,45.71],[5.713,45.7],[5.694,45.687],[5.661,45.657],[5.641,45.646],[5.62,45.644],[5.6,45.656],[5.566,45.701],[5.547,45.72],[5.478,45.764],[5.45,45.793],[5.433,45.831],[5.434,45.832],[5.437,45.833],[5.439,45.834],[5.435,45.839],[5.43,45.844],[5.385,45.874],[5.369,45.88],[5.362,45.879],[5.357,45.876],[5.347,45.874],[5.333,45.868],[5.319,45.854],[5.273,45.8],[5.257,45.79],[5.239,45.786],[5.22,45.789],[5.191,45.803],[5.167,45.809],[5.134,45.823],[5.118,45.827],[5.102,45.826],[5.067,45.821],[5.05,45.82],[4.992,45.827],[4.976,45.825],[4.947,45.816],[4.917,45.811],[4.915,45.831],[4.904,45.858],[4.909,45.874],[4.887,45.883],[4.867,45.899],[4.846,45.91],[4.82,45.907],[4.813,45.923],[4.794,45.931],[4.79,45.94],[4.784,45.945],[4.757,45.951],[4.749,45.957],[4.747,45.967],[4.755,45.998],[4.754,46.02],[4.75,46.04],[4.749,46.059],[4.759,46.077],[4.769,46.108],[4.774,46.118],[4.79,46.142],[4.795,46.151],[4.798,46.172],[4.795,46.179],[4.794,46.182],[4.794,46.188],[4.795,46.192],[4.801,46.203],[4.815,46.251],[4.819,46.257],[4.873,46.338],[4.874,46.341],[4.875,46.345],[4.875,46.349],[4.874,46.356],[4.874,46.36],[4.876,46.363],[4.878,46.367],[4.886,46.376],[4.899,46.396],[4.903,46.404],[4.905,46.413],[4.912,46.447],[4.913,46.451],[4.915,46.455],[4.926,46.473],[4.927,46.477],[4.934,46.487],[4.935,46.491],[4.937,46.501],[4.938,46.502],[4.941,46.504],[4.947,46.507],[4.96,46.51],[4.973,46.509],[4.988,46.506],[5.025,46.493],[5.041,46.491],[5.064,46.493],[5.125,46.509],[5.155,46.511],[5.166,46.509],[5.179,46.505],[5.196,46.495],[5.214,46.48],[5.24,46.469],[5.311,46.455],[5.311,46.42],[5.32,46.408],[5.345,46.403],[5.354,46.399],[5.364,46.391],[5.368,46.383],[5.37,46.374],[5.375,46.36],[5.383,46.352],[5.392,46.347],[5.414,46.343],[5.427,46.339],[5.44,46.325],[5.448,46.322],[5.469,46.32],[5.474,46.316],[5.475,46.31],[5.473,46.302],[5.47,46.295],[5.469,46.287],[5.47,46.277],[5.475,46.27],[5.483,46.266],[5.51,46.261],[5.515,46.262],[5.518,46.264],[5.521,46.267],[5.528,46.271],[5.548,46.278],[5.553,46.28],[5.557,46.282],[5.565,46.291],[5.568,46.294],[5.572,46.295],[5.576,46.297],[5.587,46.297],[5.592,46.298],[5.595,46.3],[5.598,46.303],[5.601,46.311],[5.603,46.314],[5.606,46.317],[5.614,46.32],[5.617,46.322],[5.626,46.331],[5.629,46.334],[5.648,46.344],[5.651,46.342],[5.698,46.312],[5.708,46.302],[5.711,46.293],[5.711,46.286],[5.714,46.278],[5.722,46.274],[5.731,46.271],[5.84,46.267],[5.862,46.27],[5.872,46.272],[5.881,46.275],[5.916,46.297],[5.922,46.302],[5.928,46.308],[5.934,46.313],[5.943,46.317],[5.948,46.32],[5.952,46.323],[5.965,46.34],[5.969,46.345],[6.003,46.37],[6.01,46.379],[6.017,46.386],[6.059,46.417],[6.108,46.396],[6.123,46.386],[6.135,46.37],[6.136,46.359],[6.119,46.332]]]}},{"type":"Feature","id":"FR-02","properties":{"id":"FR-02","countryCode":"FR","isoSubdivision":"FR-02","name":"Aisne","name_en":"Aisne","name_ko":"엔","type":"Metropolitan department","labelLongitude":3.516,"labelLatitude":49.567,"minZoom":8},"geometry":{"type":"Polygon","coordinates":[[[4.132,49.975],[4.188,49.956],[4.201,49.953],[4.216,49.954],[4.218,49.938],[4.217,49.917],[4.224,49.907],[4.234,49.898],[4.247,49.881],[4.25,49.87],[4.25,49.861],[4.248,49.855],[4.239,49.842],[4.224,49.825],[4.217,49.814],[4.21,49.778],[4.213,49.771],[4.229,49.761],[4.235,49.75],[4.235,49.737],[4.231,49.727],[4.221,49.72],[4.185,49.699],[4.17,49.687],[4.161,49.683],[4.151,49.68],[4.141,49.674],[4.13,49.665],[4.118,49.649],[4.105,49.642],[4.094,49.639],[4.074,49.639],[4.063,49.638],[4.054,49.634],[4.046,49.626],[4.049,49.619],[4.057,49.604],[4.061,49.591],[4.065,49.584],[4.071,49.577],[4.073,49.567],[4.07,49.559],[4.066,49.55],[4.066,49.542],[4.07,49.533],[4.072,49.523],[4.066,49.516],[4.048,49.505],[4.042,49.496],[4.043,49.487],[4.048,49.48],[4.067,49.459],[4.072,49.448],[4.053,49.445],[4.044,49.44],[4.038,49.435],[4.034,49.427],[4.047,49.422],[4.055,49.407],[4.054,49.382],[4.051,49.375],[4.047,49.367],[4.041,49.362],[4.032,49.36],[4.022,49.362],[4.003,49.37],[3.996,49.371],[3.984,49.369],[3.974,49.363],[3.964,49.362],[3.953,49.364],[3.925,49.377],[3.914,49.38],[3.902,49.381],[3.878,49.381],[3.866,49.377],[3.859,49.371],[3.859,49.365],[3.861,49.358],[3.861,49.352],[3.857,49.347],[3.85,49.346],[3.788,49.34],[3.703,49.325],[3.668,49.312],[3.65,49.303],[3.652,49.296],[3.663,49.281],[3.666,49.273],[3.667,49.266],[3.671,49.223],[3.673,49.216],[3.675,49.21],[3.68,49.206],[3.688,49.204],[3.697,49.204],[3.705,49.202],[3.711,49.197],[3.717,49.191],[3.725,49.186],[3.742,49.179],[3.746,49.175],[3.747,49.17],[3.742,49.161],[3.734,49.154],[3.724,49.149],[3.713,49.147],[3.703,49.146],[3.66,49.151],[3.649,49.151],[3.636,49.147],[3.63,49.143],[3.625,49.138],[3.624,49.133],[3.623,49.126],[3.624,49.12],[3.629,49.106],[3.629,49.099],[3.626,49.09],[3.618,49.079],[3.609,49.071],[3.601,49.067],[3.586,49.06],[3.584,49.055],[3.584,49.049],[3.584,49.045],[3.585,49.041],[3.587,49.037],[3.595,49.033],[3.604,49.032],[3.637,49.034],[3.647,49.034],[3.657,49.033],[3.665,49.03],[3.671,49.024],[3.671,49.016],[3.666,49.009],[3.658,49.003],[3.648,48.999],[3.631,48.988],[3.62,48.974],[3.602,48.966],[3.591,48.959],[3.586,48.952],[3.582,48.942],[3.574,48.933],[3.512,48.893],[3.503,48.884],[3.492,48.871],[3.478,48.85],[3.45,48.847],[3.435,48.848],[3.419,48.853],[3.383,48.871],[3.375,48.88],[3.373,48.887],[3.371,48.899],[3.367,48.915],[3.363,48.92],[3.356,48.925],[3.348,48.924],[3.332,48.917],[3.32,48.92],[3.176,49.004],[3.169,49.01],[3.166,49.019],[3.166,49.024],[3.168,49.03],[3.172,49.036],[3.176,49.046],[3.174,49.056],[3.159,49.078],[3.149,49.087],[3.141,49.093],[3.08,49.106],[3.094,49.114],[3.11,49.126],[3.123,49.141],[3.131,49.156],[3.129,49.171],[3.118,49.181],[3.103,49.188],[3.068,49.197],[3.048,49.197],[2.995,49.188],[2.985,49.187],[2.977,49.191],[2.97,49.201],[2.965,49.224],[2.983,49.235],[3.007,49.244],[3.02,49.263],[3.018,49.275],[3.011,49.284],[2.966,49.316],[2.964,49.321],[2.992,49.335],[3.042,49.338],[3.071,49.351],[3.083,49.37],[3.1,49.419],[3.119,49.429],[3.128,49.427],[3.145,49.42],[3.154,49.421],[3.165,49.427],[3.169,49.437],[3.168,49.449],[3.161,49.46],[3.153,49.466],[3.136,49.472],[3.128,49.481],[3.123,49.492],[3.121,49.503],[3.121,49.515],[3.133,49.562],[3.132,49.58],[3.126,49.597],[3.11,49.617],[3.107,49.626],[3.108,49.636],[3.121,49.686],[3.121,49.697],[3.119,49.706],[3.11,49.721],[3.105,49.754],[3.1,49.766],[3.095,49.769],[3.075,49.771],[3.057,49.778],[3.057,49.788],[3.064,49.795],[3.081,49.805],[3.085,49.814],[3.085,49.825],[3.081,49.846],[3.084,49.861],[3.094,49.869],[3.106,49.875],[3.118,49.883],[3.153,49.941],[3.188,49.969],[3.193,49.976],[3.187,49.986],[3.157,50.019],[3.226,50.029],[3.257,50.028],[3.316,50.018],[3.33,50.02],[3.342,50.024],[3.351,50.029],[3.362,50.032],[3.373,50.032],[3.384,50.03],[3.408,50.022],[3.449,50.015],[3.465,50.016],[3.478,50.019],[3.486,50.024],[3.495,50.027],[3.501,50.03],[3.517,50.033],[3.527,50.036],[3.555,50.049],[3.564,50.05],[3.574,50.049],[3.597,50.04],[3.616,50.037],[3.63,50.038],[3.642,50.042],[3.654,50.049],[3.683,50.059],[3.697,50.06],[3.708,50.059],[3.752,50.051],[3.854,50.043],[3.863,50.04],[3.87,50.034],[3.876,50.027],[3.886,50.021],[3.896,50.02],[3.906,50.022],[3.922,50.031],[3.93,50.034],[3.942,50.038],[3.962,50.043],[3.975,50.041],[3.983,50.037],[3.986,50.031],[3.983,50.01],[3.984,50.004],[3.985,50.001],[3.987,49.998],[3.991,49.995],[3.997,49.992],[4.081,49.971],[4.099,49.969],[4.107,49.97],[4.118,49.972],[4.122,49.974],[4.132,49.975]]]}},{"type":"Feature","id":"FR-03","properties":{"id":"FR-03","countryCode":"FR","isoSubdivision":"FR-03","name":"Allier","name_en":"Allier","name_ko":"알리에","type":"Metropolitan department","labelLongitude":3.187,"labelLatitude":46.408,"minZoom":8},"geometry":{"type":"Polygon","coordinates":[[[3.017,46.102],[2.984,46.116],[2.95,46.142],[2.924,46.174],[2.915,46.207],[2.917,46.241],[2.91,46.253],[2.89,46.261],[2.872,46.263],[2.852,46.26],[2.834,46.253],[2.819,46.242],[2.817,46.23],[2.819,46.214],[2.816,46.201],[2.799,46.197],[2.744,46.221],[2.733,46.223],[2.725,46.215],[2.723,46.204],[2.723,46.191],[2.721,46.18],[2.714,46.169],[2.678,46.139],[2.651,46.126],[2.621,46.122],[2.592,46.128],[2.567,46.136],[2.558,46.152],[2.538,46.176],[2.531,46.185],[2.527,46.194],[2.521,46.216],[2.515,46.226],[2.474,46.271],[2.463,46.28],[2.449,46.283],[2.441,46.281],[2.431,46.274],[2.425,46.275],[2.419,46.282],[2.415,46.289],[2.411,46.299],[2.406,46.305],[2.397,46.31],[2.368,46.314],[2.349,46.318],[2.34,46.323],[2.332,46.329],[2.324,46.346],[2.322,46.357],[2.316,46.367],[2.289,46.385],[2.254,46.42],[2.28,46.451],[2.287,46.463],[2.292,46.468],[2.298,46.472],[2.307,46.473],[2.315,46.477],[2.325,46.484],[2.34,46.501],[2.4,46.522],[2.419,46.525],[2.435,46.526],[2.445,46.525],[2.455,46.525],[2.483,46.53],[2.53,46.532],[2.613,46.549],[2.617,46.552],[2.619,46.557],[2.618,46.561],[2.618,46.566],[2.616,46.57],[2.612,46.576],[2.606,46.582],[2.591,46.595],[2.586,46.601],[2.583,46.608],[2.585,46.615],[2.592,46.625],[2.593,46.629],[2.591,46.634],[2.58,46.645],[2.576,46.651],[2.577,46.656],[2.581,46.66],[2.587,46.661],[2.61,46.66],[2.62,46.661],[2.625,46.667],[2.621,46.681],[2.622,46.686],[2.628,46.689],[2.653,46.69],[2.671,46.699],[2.7,46.717],[2.716,46.731],[2.722,46.734],[2.73,46.732],[2.734,46.728],[2.739,46.723],[2.773,46.713],[2.781,46.715],[2.796,46.727],[2.806,46.731],[2.818,46.729],[2.828,46.727],[2.838,46.726],[2.849,46.733],[2.855,46.74],[2.862,46.75],[2.868,46.754],[2.931,46.783],[2.976,46.793],[3.002,46.79],[3.03,46.791],[3.029,46.781],[3.03,46.776],[3.031,46.772],[3.033,46.769],[3.037,46.763],[3.052,46.75],[3.071,46.739],[3.09,46.733],[3.098,46.728],[3.103,46.727],[3.108,46.727],[3.118,46.729],[3.13,46.728],[3.147,46.725],[3.159,46.719],[3.186,46.696],[3.194,46.691],[3.204,46.687],[3.216,46.687],[3.256,46.701],[3.269,46.703],[3.286,46.702],[3.313,46.699],[3.328,46.694],[3.349,46.686],[3.358,46.685],[3.368,46.686],[3.379,46.693],[3.39,46.705],[3.397,46.71],[3.408,46.711],[3.434,46.706],[3.439,46.7],[3.446,46.687],[3.452,46.681],[3.457,46.675],[3.458,46.669],[3.457,46.662],[3.457,46.656],[3.461,46.651],[3.47,46.65],[3.483,46.651],[3.495,46.654],[3.537,46.673],[3.55,46.676],[3.56,46.681],[3.564,46.692],[3.565,46.7],[3.568,46.706],[3.58,46.711],[3.589,46.716],[3.594,46.725],[3.594,46.732],[3.595,46.739],[3.597,46.743],[3.625,46.739],[3.65,46.708],[3.653,46.701],[3.656,46.691],[3.658,46.686],[3.671,46.677],[3.673,46.674],[3.685,46.664],[3.689,46.662],[3.694,46.66],[3.699,46.657],[3.703,46.652],[3.708,46.64],[3.724,46.623],[3.736,46.619],[3.74,46.615],[3.743,46.61],[3.746,46.593],[3.745,46.568],[3.743,46.564],[3.739,46.557],[3.739,46.553],[3.741,46.549],[3.749,46.546],[3.765,46.542],[3.767,46.541],[3.776,46.535],[3.781,46.533],[3.791,46.531],[3.796,46.53],[3.799,46.528],[3.802,46.525],[3.805,46.523],[3.81,46.522],[3.825,46.523],[3.83,46.523],[3.835,46.522],[3.839,46.519],[3.85,46.509],[3.865,46.503],[3.867,46.501],[3.871,46.497],[3.874,46.495],[3.878,46.493],[3.907,46.487],[3.937,46.484],[3.947,46.481],[3.959,46.475],[3.972,46.471],[3.974,46.469],[3.977,46.467],[3.979,46.463],[3.98,46.455],[3.981,46.448],[3.982,46.443],[3.984,46.44],[3.987,46.436],[3.989,46.432],[3.989,46.427],[3.989,46.423],[3.979,46.395],[3.979,46.388],[3.98,46.383],[3.982,46.38],[3.984,46.378],[3.986,46.375],[3.988,46.371],[3.987,46.366],[3.986,46.361],[3.986,46.356],[3.987,46.353],[3.989,46.349],[3.992,46.346],[3.995,46.342],[3.998,46.339],[4,46.338],[4.001,46.335],[4.001,46.332],[4.001,46.329],[4,46.326],[3.988,46.319],[3.978,46.312],[3.886,46.276],[3.821,46.262],[3.812,46.258],[3.806,46.254],[3.803,46.251],[3.8,46.248],[3.796,46.245],[3.789,46.241],[3.772,46.234],[3.767,46.229],[3.767,46.221],[3.771,46.217],[3.775,46.214],[3.78,46.212],[3.783,46.209],[3.786,46.204],[3.785,46.19],[3.787,46.18],[3.79,46.172],[3.793,46.162],[3.793,46.151],[3.789,46.131],[3.789,46.119],[3.79,46.109],[3.801,46.082],[3.804,46.065],[3.807,46.037],[3.809,46.03],[3.812,46.023],[3.815,46.016],[3.818,46.009],[3.816,46.001],[3.809,45.992],[3.797,45.985],[3.781,45.98],[3.718,45.972],[3.68,45.957],[3.655,45.965],[3.609,45.995],[3.584,46.005],[3.52,46.015],[3.488,46.013],[3.457,46.003],[3.458,46.02],[3.438,46.072],[3.332,46.044],[3.313,46.058],[3.233,46.073],[3.146,46.067],[3.128,46.072],[3.116,46.081],[3.091,46.112],[3.076,46.112],[3.035,46.103],[3.017,46.102]]]}},{"type":"Feature","id":"FR-04","properties":{"id":"FR-04","countryCode":"FR","isoSubdivision":"FR-04","name":"Alpes-de-Haute-Provence","name_en":"Alpes-de-Haute-Provence","name_ko":"알프드오트프로방스","type":"Metropolitan department","labelLongitude":6.248,"labelLatitude":44.045,"minZoom":8},"geometry":{"type":"Polygon","coordinates":[[[6.938,44.658],[6.934,44.647],[6.946,44.625],[6.932,44.618],[6.897,44.575],[6.846,44.547],[6.836,44.534],[6.839,44.503],[6.861,44.475],[6.892,44.452],[6.918,44.436],[6.884,44.423],[6.877,44.414],[6.869,44.383],[6.866,44.377],[6.866,44.372],[6.87,44.363],[6.874,44.358],[6.878,44.355],[6.859,44.343],[6.819,44.33],[6.799,44.318],[6.771,44.283],[6.743,44.263],[6.731,44.246],[6.702,44.188],[6.695,44.153],[6.717,44.125],[6.745,44.1],[6.755,44.074],[6.758,44.037],[6.785,44.02],[6.819,44.007],[6.858,43.955],[6.916,43.921],[6.942,43.897],[6.909,43.892],[6.893,43.892],[6.844,43.913],[6.828,43.915],[6.809,43.912],[6.799,43.908],[6.775,43.885],[6.76,43.878],[6.716,43.875],[6.707,43.871],[6.7,43.864],[6.695,43.855],[6.692,43.845],[6.694,43.836],[6.704,43.818],[6.705,43.811],[6.701,43.806],[6.695,43.804],[6.669,43.801],[6.647,43.795],[6.636,43.789],[6.617,43.807],[6.595,43.804],[6.573,43.795],[6.55,43.791],[6.543,43.793],[6.531,43.8],[6.524,43.802],[6.516,43.802],[6.493,43.795],[6.477,43.793],[6.444,43.796],[6.427,43.794],[6.411,43.779],[6.401,43.759],[6.386,43.741],[6.354,43.736],[6.327,43.748],[6.265,43.792],[6.244,43.801],[6.213,43.792],[6.141,43.738],[6.073,43.716],[6.052,43.699],[6.037,43.676],[6.028,43.672],[6.01,43.676],[5.989,43.707],[5.976,43.716],[5.961,43.723],[5.941,43.744],[5.93,43.749],[5.91,43.749],[5.902,43.741],[5.896,43.732],[5.882,43.725],[5.855,43.725],[5.779,43.758],[5.759,43.736],[5.754,43.732],[5.663,43.812],[5.609,43.835],[5.545,43.818],[5.547,43.838],[5.585,43.89],[5.589,43.904],[5.586,43.922],[5.577,43.936],[5.562,43.943],[5.53,43.943],[5.517,43.947],[5.508,43.958],[5.508,43.97],[5.539,44.021],[5.544,44.036],[5.544,44.05],[5.538,44.061],[5.518,44.067],[5.507,44.067],[5.503,44.063],[5.506,44.122],[5.537,44.136],[5.565,44.157],[5.578,44.17],[5.59,44.178],[5.604,44.181],[5.627,44.178],[5.638,44.172],[5.643,44.166],[5.645,44.159],[5.649,44.154],[5.656,44.15],[5.664,44.149],[5.671,44.151],[5.675,44.157],[5.671,44.181],[5.679,44.191],[5.706,44.189],[5.805,44.211],[5.826,44.207],[5.869,44.192],[5.89,44.191],[5.901,44.2],[5.891,44.214],[5.852,44.249],[5.828,44.263],[5.823,44.277],[5.835,44.3],[5.864,44.297],[5.914,44.269],[5.916,44.289],[5.92,44.306],[5.914,44.313],[5.906,44.317],[5.904,44.325],[5.909,44.337],[5.918,44.346],[5.928,44.354],[5.937,44.362],[5.956,44.396],[5.966,44.406],[5.982,44.414],[6.016,44.426],[6.032,44.434],[6.073,44.468],[6.094,44.474],[6.095,44.474],[6.096,44.474],[6.097,44.473],[6.098,44.473],[6.099,44.473],[6.1,44.473],[6.101,44.473],[6.102,44.473],[6.103,44.473],[6.104,44.473],[6.105,44.473],[6.106,44.473],[6.108,44.473],[6.109,44.473],[6.11,44.473],[6.111,44.473],[6.112,44.473],[6.113,44.473],[6.115,44.473],[6.116,44.473],[6.117,44.473],[6.118,44.473],[6.119,44.473],[6.121,44.473],[6.122,44.473],[6.123,44.473],[6.124,44.473],[6.125,44.472],[6.126,44.472],[6.127,44.472],[6.128,44.472],[6.129,44.472],[6.13,44.472],[6.131,44.472],[6.132,44.472],[6.133,44.472],[6.134,44.472],[6.135,44.472],[6.139,44.464],[6.157,44.443],[6.162,44.434],[6.183,44.428],[6.217,44.389],[6.236,44.385],[6.261,44.401],[6.27,44.422],[6.268,44.446],[6.259,44.468],[6.297,44.477],[6.325,44.494],[6.365,44.535],[6.433,44.479],[6.467,44.459],[6.513,44.449],[6.613,44.447],[6.63,44.452],[6.646,44.482],[6.669,44.504],[6.673,44.513],[6.679,44.535],[6.684,44.541],[6.714,44.543],[6.792,44.599],[6.874,44.629],[6.904,44.654],[6.919,44.661],[6.938,44.658]]]}},{"type":"Feature","id":"FR-05","properties":{"id":"FR-05","countryCode":"FR","isoSubdivision":"FR-05","name":"Hautes-Alpes","name_en":"Hautes-Alpes","name_ko":"오트잘프","type":"Metropolitan department","labelLongitude":6.376,"labelLatitude":44.673,"minZoom":8},"geometry":{"type":"Polygon","coordinates":[[[7.039,44.712],[7.049,44.698],[7.055,44.685],[7.037,44.685],[7.001,44.692],[6.983,44.692],[6.96,44.683],[6.941,44.667],[6.938,44.658],[6.919,44.661],[6.904,44.654],[6.874,44.629],[6.792,44.599],[6.714,44.543],[6.684,44.541],[6.679,44.535],[6.673,44.513],[6.669,44.504],[6.646,44.482],[6.63,44.452],[6.613,44.447],[6.513,44.449],[6.467,44.459],[6.433,44.479],[6.365,44.535],[6.325,44.494],[6.297,44.477],[6.259,44.468],[6.268,44.446],[6.27,44.422],[6.261,44.401],[6.236,44.385],[6.217,44.389],[6.183,44.428],[6.162,44.434],[6.157,44.443],[6.139,44.464],[6.135,44.472],[6.134,44.472],[6.133,44.472],[6.132,44.472],[6.131,44.472],[6.13,44.472],[6.129,44.472],[6.128,44.472],[6.127,44.472],[6.126,44.472],[6.125,44.472],[6.124,44.473],[6.123,44.473],[6.122,44.473],[6.121,44.473],[6.119,44.473],[6.118,44.473],[6.117,44.473],[6.116,44.473],[6.115,44.473],[6.113,44.473],[6.112,44.473],[6.111,44.473],[6.11,44.473],[6.109,44.473],[6.108,44.473],[6.106,44.473],[6.105,44.473],[6.104,44.473],[6.103,44.473],[6.102,44.473],[6.101,44.473],[6.1,44.473],[6.099,44.473],[6.098,44.473],[6.097,44.473],[6.096,44.474],[6.095,44.474],[6.094,44.474],[6.073,44.468],[6.032,44.434],[6.016,44.426],[5.982,44.414],[5.966,44.406],[5.956,44.396],[5.937,44.362],[5.928,44.354],[5.918,44.346],[5.909,44.337],[5.904,44.325],[5.906,44.317],[5.914,44.313],[5.92,44.306],[5.916,44.289],[5.914,44.269],[5.864,44.297],[5.835,44.3],[5.823,44.277],[5.828,44.263],[5.852,44.249],[5.891,44.214],[5.901,44.2],[5.89,44.191],[5.869,44.192],[5.826,44.207],[5.805,44.211],[5.706,44.189],[5.679,44.191],[5.682,44.194],[5.685,44.233],[5.684,44.259],[5.678,44.267],[5.671,44.271],[5.655,44.276],[5.648,44.281],[5.636,44.293],[5.628,44.298],[5.623,44.303],[5.623,44.31],[5.629,44.318],[5.631,44.325],[5.627,44.33],[5.619,44.332],[5.61,44.332],[5.564,44.33],[5.556,44.332],[5.538,44.34],[5.527,44.342],[5.508,44.345],[5.501,44.346],[5.497,44.348],[5.459,44.37],[5.455,44.375],[5.454,44.38],[5.452,44.39],[5.45,44.396],[5.444,44.402],[5.43,44.413],[5.427,44.419],[5.428,44.425],[5.439,44.429],[5.449,44.429],[5.476,44.423],[5.485,44.423],[5.493,44.424],[5.498,44.427],[5.5,44.431],[5.5,44.438],[5.498,44.442],[5.492,44.446],[5.485,44.448],[5.478,44.453],[5.472,44.458],[5.469,44.465],[5.467,44.472],[5.466,44.479],[5.467,44.485],[5.472,44.489],[5.484,44.491],[5.494,44.491],[5.525,44.488],[5.587,44.471],[5.596,44.471],[5.607,44.473],[5.651,44.496],[5.659,44.503],[5.658,44.514],[5.653,44.521],[5.646,44.526],[5.62,44.539],[5.613,44.546],[5.61,44.55],[5.608,44.556],[5.608,44.561],[5.61,44.566],[5.615,44.573],[5.644,44.606],[5.651,44.618],[5.653,44.628],[5.654,44.635],[5.658,44.641],[5.673,44.645],[5.683,44.646],[5.693,44.645],[5.705,44.643],[5.723,44.641],[5.734,44.643],[5.747,44.646],[5.764,44.652],[5.793,44.655],[5.801,44.659],[5.817,44.67],[5.824,44.677],[5.83,44.683],[5.831,44.69],[5.829,44.697],[5.818,44.703],[5.812,44.712],[5.836,44.742],[5.845,44.75],[5.858,44.753],[5.868,44.754],[5.898,44.754],[5.918,44.756],[5.958,44.765],[5.966,44.77],[5.972,44.777],[5.973,44.786],[5.97,44.794],[5.968,44.801],[5.973,44.808],[5.996,44.822],[6.013,44.83],[6.022,44.833],[6.032,44.834],[6.041,44.832],[6.058,44.828],[6.067,44.828],[6.077,44.83],[6.129,44.855],[6.139,44.858],[6.148,44.857],[6.167,44.853],[6.176,44.852],[6.206,44.857],[6.215,44.857],[6.234,44.855],[6.244,44.856],[6.277,44.866],[6.287,44.868],[6.296,44.868],[6.305,44.867],[6.341,44.858],[6.349,44.857],[6.357,44.858],[6.362,44.862],[6.365,44.868],[6.368,44.883],[6.37,44.912],[6.368,44.92],[6.364,44.928],[6.352,44.939],[6.343,44.946],[6.335,44.954],[6.331,44.962],[6.331,44.984],[6.33,44.992],[6.325,44.999],[6.315,45.006],[6.305,45.007],[6.259,45],[6.246,45.001],[6.237,45.003],[6.227,45.007],[6.222,45.017],[6.222,45.034],[6.232,45.069],[6.235,45.086],[6.239,45.1],[6.242,45.105],[6.266,45.125],[6.283,45.115],[6.292,45.113],[6.308,45.111],[6.332,45.112],[6.357,45.108],[6.371,45.102],[6.379,45.096],[6.384,45.082],[6.387,45.076],[6.394,45.07],[6.459,45.054],[6.47,45.054],[6.481,45.058],[6.496,45.071],[6.501,45.08],[6.505,45.088],[6.506,45.095],[6.511,45.101],[6.52,45.104],[6.549,45.103],[6.561,45.105],[6.598,45.121],[6.628,45.123],[6.629,45.124],[6.615,45.115],[6.603,45.103],[6.62,45.084],[6.637,45.074],[6.638,45.067],[6.637,45.059],[6.64,45.05],[6.652,45.036],[6.662,45.029],[6.697,45.027],[6.723,45.013],[6.73,44.985],[6.728,44.929],[6.745,44.908],[6.778,44.888],[6.847,44.859],[6.866,44.856],[6.915,44.863],[6.933,44.862],[6.983,44.847],[7.001,44.833],[7.005,44.828],[7.007,44.822],[7.007,44.819],[7.006,44.816],[7.006,44.812],[7.004,44.811],[6.999,44.795],[6.998,44.794],[7.01,44.772],[7.015,44.747],[7.019,44.739],[7.039,44.712]]]}},{"type":"Feature","id":"FR-06","properties":{"id":"FR-06","countryCode":"FR","isoSubdivision":"FR-06","name":"Alpes-Maritimes","name_en":"Alpes-Maritimes","name_ko":"알프마리팀","type":"Metropolitan department","labelLongitude":7.187,"labelLatitude":43.87,"minZoom":8},"geometry":{"type":"Polygon","coordinates":[[[7.688,44.091],[7.692,44.085],[7.69,44.067],[7.679,44.057],[7.664,44.049],[7.653,44.04],[7.647,44.027],[7.639,44.005],[7.631,43.994],[7.609,43.976],[7.557,43.944],[7.537,43.921],[7.493,43.886],[7.478,43.866],[7.483,43.84],[7.502,43.792],[7.489,43.785],[7.485,43.785],[7.481,43.786],[7.476,43.784],[7.476,43.781],[7.477,43.768],[7.476,43.765],[7.468,43.762],[7.463,43.762],[7.454,43.757],[7.446,43.75],[7.437,43.743],[7.426,43.755],[7.407,43.764],[7.388,43.758],[7.373,43.746],[7.367,43.734],[7.366,43.723],[7.353,43.716],[7.342,43.708],[7.338,43.698],[7.331,43.686],[7.319,43.685],[7.301,43.688],[7.28,43.693],[7.257,43.692],[7.242,43.685],[7.229,43.674],[7.232,43.663],[7.214,43.649],[7.204,43.644],[7.197,43.657],[7.178,43.66],[7.165,43.656],[7.152,43.655],[7.144,43.645],[7.137,43.641],[7.133,43.634],[7.126,43.606],[7.132,43.579],[7.133,43.574],[7.136,43.562],[7.139,43.554],[7.126,43.548],[7.113,43.565],[7.104,43.568],[7.088,43.569],[7.071,43.561],[7.058,43.55],[7.045,43.542],[7.037,43.536],[7.031,43.548],[7.014,43.547],[6.994,43.549],[6.976,43.547],[6.962,43.54],[6.945,43.527],[6.941,43.512],[6.95,43.508],[6.949,43.507],[6.954,43.505],[6.954,43.5],[6.933,43.48],[6.89,43.501],[6.879,43.518],[6.887,43.542],[6.907,43.568],[6.914,43.583],[6.912,43.598],[6.9,43.609],[6.885,43.61],[6.868,43.606],[6.853,43.606],[6.837,43.613],[6.775,43.655],[6.771,43.659],[6.768,43.667],[6.772,43.691],[6.771,43.701],[6.757,43.731],[6.749,43.738],[6.712,43.74],[6.665,43.753],[6.648,43.766],[6.636,43.789],[6.647,43.795],[6.669,43.801],[6.695,43.804],[6.701,43.806],[6.705,43.811],[6.704,43.818],[6.694,43.836],[6.692,43.845],[6.695,43.855],[6.7,43.864],[6.707,43.871],[6.716,43.875],[6.76,43.878],[6.775,43.885],[6.799,43.908],[6.809,43.912],[6.828,43.915],[6.844,43.913],[6.893,43.892],[6.909,43.892],[6.942,43.897],[6.916,43.921],[6.858,43.955],[6.819,44.007],[6.785,44.02],[6.758,44.037],[6.755,44.074],[6.745,44.1],[6.717,44.125],[6.695,44.153],[6.702,44.188],[6.731,44.246],[6.743,44.263],[6.771,44.283],[6.799,44.318],[6.819,44.33],[6.859,44.343],[6.878,44.355],[6.896,44.34],[6.904,44.33],[6.916,44.31],[6.921,44.302],[6.93,44.295],[6.95,44.285],[6.959,44.277],[6.966,44.268],[6.969,44.258],[6.973,44.249],[6.983,44.242],[6.996,44.238],[7.008,44.239],[7.02,44.242],[7.033,44.243],[7.046,44.24],[7.105,44.218],[7.145,44.207],[7.251,44.16],[7.27,44.154],[7.296,44.151],[7.309,44.147],[7.316,44.14],[7.322,44.132],[7.331,44.125],[7.341,44.124],[7.381,44.123],[7.555,44.159],[7.584,44.161],[7.625,44.18],[7.656,44.176],[7.642,44.144],[7.654,44.125],[7.676,44.109],[7.688,44.091]]]}},{"type":"Feature","id":"FR-07","properties":{"id":"FR-07","countryCode":"FR","isoSubdivision":"FR-07","name":"Ardèche","name_en":"Ardèche","name_ko":"아르데슈","type":"Metropolitan department","labelLongitude":4.5,"labelLatitude":44.801,"minZoom":8},"geometry":{"type":"Polygon","coordinates":[[[4.811,45.296],[4.811,45.279],[4.817,45.279],[4.813,45.26],[4.812,45.229],[4.814,45.197],[4.827,45.158],[4.822,45.133],[4.823,45.111],[4.845,45.101],[4.841,45.088],[4.846,45.081],[4.853,45.074],[4.858,45.066],[4.859,45.054],[4.853,45.033],[4.851,45.022],[4.857,45.002],[4.886,44.967],[4.893,44.95],[4.889,44.932],[4.869,44.885],[4.862,44.875],[4.858,44.871],[4.836,44.854],[4.831,44.851],[4.828,44.837],[4.822,44.831],[4.814,44.827],[4.803,44.821],[4.788,44.808],[4.778,44.795],[4.771,44.779],[4.769,44.755],[4.773,44.741],[4.791,44.713],[4.796,44.696],[4.789,44.658],[4.767,44.631],[4.74,44.606],[4.721,44.573],[4.703,44.475],[4.7,44.466],[4.677,44.437],[4.672,44.429],[4.67,44.421],[4.673,44.415],[4.666,44.392],[4.658,44.327],[4.658,44.282],[4.612,44.291],[4.585,44.301],[4.58,44.304],[4.576,44.306],[4.571,44.311],[4.568,44.314],[4.56,44.317],[4.557,44.32],[4.555,44.323],[4.551,44.327],[4.521,44.337],[4.496,44.338],[4.466,44.336],[4.456,44.332],[4.451,44.326],[4.45,44.313],[4.449,44.307],[4.445,44.301],[4.439,44.296],[4.429,44.292],[4.418,44.29],[4.407,44.293],[4.396,44.301],[4.392,44.308],[4.392,44.316],[4.395,44.322],[4.397,44.328],[4.394,44.334],[4.386,44.339],[4.373,44.34],[4.342,44.334],[4.334,44.331],[4.312,44.316],[4.286,44.304],[4.279,44.299],[4.267,44.288],[4.26,44.284],[4.251,44.282],[4.24,44.283],[4.229,44.285],[4.16,44.315],[4.149,44.317],[4.141,44.322],[4.135,44.329],[4.131,44.332],[4.12,44.333],[4.102,44.328],[4.094,44.327],[4.085,44.329],[4.076,44.329],[4.058,44.324],[4.05,44.325],[4.044,44.331],[4.041,44.363],[4.036,44.376],[4.04,44.385],[4.046,44.39],[4.051,44.395],[4.05,44.404],[4.036,44.417],[4.022,44.44],[3.994,44.458],[3.965,44.536],[3.957,44.551],[3.943,44.57],[3.922,44.58],[3.912,44.595],[3.9,44.622],[3.892,44.663],[3.88,44.692],[3.877,44.695],[3.875,44.699],[3.871,44.71],[3.868,44.722],[3.872,44.751],[3.894,44.758],[3.898,44.762],[3.904,44.768],[3.947,44.818],[3.956,44.823],[3.965,44.825],[3.974,44.826],[3.991,44.831],[3.999,44.831],[4.005,44.833],[4.013,44.836],[4.016,44.843],[4.018,44.85],[4.024,44.861],[4.031,44.865],[4.041,44.866],[4.069,44.864],[4.111,44.871],[4.14,44.873],[4.154,44.875],[4.162,44.88],[4.169,44.886],[4.193,44.915],[4.203,44.929],[4.206,44.935],[4.211,44.95],[4.215,44.959],[4.223,44.964],[4.232,44.964],[4.252,44.96],[4.283,44.969],[4.297,44.974],[4.3,44.98],[4.298,44.988],[4.291,44.998],[4.29,45],[4.289,45.001],[4.29,45.005],[4.292,45.011],[4.302,45.021],[4.311,45.026],[4.321,45.028],[4.344,45.029],[4.36,45.033],[4.368,45.038],[4.369,45.044],[4.364,45.05],[4.35,45.061],[4.348,45.068],[4.352,45.076],[4.364,45.088],[4.377,45.095],[4.383,45.101],[4.384,45.107],[4.373,45.119],[4.369,45.126],[4.37,45.133],[4.376,45.136],[4.384,45.136],[4.392,45.134],[4.4,45.131],[4.407,45.127],[4.414,45.121],[4.42,45.117],[4.43,45.116],[4.436,45.12],[4.439,45.126],[4.441,45.132],[4.442,45.145],[4.443,45.151],[4.446,45.157],[4.449,45.163],[4.468,45.188],[4.474,45.201],[4.476,45.207],[4.478,45.218],[4.478,45.226],[4.463,45.236],[4.593,45.243],[4.598,45.242],[4.599,45.245],[4.601,45.257],[4.595,45.286],[4.597,45.297],[4.61,45.313],[4.63,45.325],[4.72,45.359],[4.77,45.366],[4.773,45.357],[4.776,45.337],[4.783,45.325],[4.799,45.313],[4.812,45.299],[4.811,45.296]]]}},{"type":"Feature","id":"FR-08","properties":{"id":"FR-08","countryCode":"FR","isoSubdivision":"FR-08","name":"Ardennes","name_en":"Ardennes","name_ko":"아르덴","type":"Metropolitan department","labelLongitude":4.624,"labelLatitude":49.54,"minZoom":8},"geometry":{"type":"Polygon","coordinates":[[[4.816,50.161],[4.82,50.146],[4.831,50.143],[4.863,50.148],[4.872,50.14],[4.871,50.122],[4.865,50.102],[4.863,50.084],[4.852,50.092],[4.846,50.091],[4.827,50.064],[4.826,50.055],[4.828,50.047],[4.827,50.036],[4.788,49.974],[4.784,49.958],[4.797,49.944],[4.845,49.932],[4.86,49.913],[4.862,49.9],[4.859,49.892],[4.854,49.883],[4.849,49.871],[4.846,49.866],[4.837,49.859],[4.835,49.853],[4.837,49.848],[4.847,49.838],[4.849,49.832],[4.849,49.794],[4.858,49.787],[4.884,49.784],[4.907,49.786],[4.95,49.796],[4.968,49.797],[4.971,49.797],[4.989,49.791],[5.026,49.767],[5.046,49.759],[5.082,49.753],[5.094,49.745],[5.136,49.705],[5.151,49.696],[5.169,49.687],[5.192,49.683],[5.238,49.691],[5.259,49.691],[5.28,49.678],[5.299,49.662],[5.306,49.648],[5.302,49.644],[5.294,49.641],[5.291,49.626],[5.293,49.617],[5.298,49.613],[5.315,49.611],[5.322,49.613],[5.327,49.618],[5.331,49.623],[5.335,49.626],[5.341,49.625],[5.352,49.621],[5.383,49.613],[5.391,49.609],[5.39,49.593],[5.371,49.585],[5.354,49.579],[5.302,49.55],[5.283,49.543],[5.273,49.544],[5.269,49.548],[5.266,49.554],[5.263,49.559],[5.255,49.561],[5.246,49.563],[5.203,49.56],[5.194,49.561],[5.184,49.564],[5.155,49.581],[5.14,49.585],[5.126,49.583],[5.113,49.576],[5.106,49.57],[5.101,49.564],[5.1,49.559],[5.1,49.554],[5.1,49.55],[5.097,49.542],[5.098,49.537],[5.095,49.521],[5.081,49.509],[5.075,49.503],[5.071,49.501],[5.071,49.499],[5.072,49.496],[5.079,49.477],[5.082,49.472],[5.096,49.466],[5.1,49.461],[5.101,49.458],[5.101,49.453],[5.103,49.447],[5.112,49.43],[5.114,49.422],[5.11,49.411],[5.092,49.379],[5.072,49.362],[5.042,49.332],[5.037,49.323],[5.036,49.316],[5.038,49.31],[5.042,49.303],[5.047,49.296],[5.05,49.288],[5.049,49.28],[5.043,49.275],[5.02,49.263],[4.979,49.236],[4.94,49.255],[4.907,49.254],[4.836,49.236],[4.723,49.252],[4.637,49.235],[4.618,49.245],[4.6,49.272],[4.577,49.284],[4.551,49.287],[4.449,49.276],[4.414,49.282],[4.375,49.319],[4.364,49.32],[4.352,49.317],[4.334,49.319],[4.318,49.326],[4.295,49.344],[4.197,49.395],[4.166,49.401],[4.055,49.407],[4.047,49.422],[4.034,49.427],[4.038,49.435],[4.044,49.44],[4.053,49.445],[4.072,49.448],[4.067,49.459],[4.048,49.48],[4.043,49.487],[4.042,49.496],[4.048,49.505],[4.066,49.516],[4.072,49.523],[4.07,49.533],[4.066,49.542],[4.066,49.55],[4.07,49.559],[4.073,49.567],[4.071,49.577],[4.065,49.584],[4.061,49.591],[4.057,49.604],[4.049,49.619],[4.046,49.626],[4.054,49.634],[4.063,49.638],[4.074,49.639],[4.094,49.639],[4.105,49.642],[4.118,49.649],[4.13,49.665],[4.141,49.674],[4.151,49.68],[4.161,49.683],[4.17,49.687],[4.185,49.699],[4.221,49.72],[4.231,49.727],[4.235,49.737],[4.235,49.75],[4.229,49.761],[4.213,49.771],[4.21,49.778],[4.217,49.814],[4.224,49.825],[4.239,49.842],[4.248,49.855],[4.25,49.861],[4.25,49.87],[4.247,49.881],[4.234,49.898],[4.224,49.907],[4.217,49.917],[4.218,49.938],[4.216,49.954],[4.278,49.96],[4.428,49.934],[4.435,49.932],[4.465,49.936],[4.604,49.98],[4.646,49.984],[4.657,49.989],[4.666,50.001],[4.673,50.016],[4.681,50.048],[4.68,50.055],[4.676,50.06],[4.673,50.066],[4.676,50.076],[4.682,50.084],[4.789,50.153],[4.816,50.161]]]}},{"type":"Feature","id":"FR-09","properties":{"id":"FR-09","countryCode":"FR","isoSubdivision":"FR-09","name":"Ariège","name_en":"Ariège","name_ko":"아리에주","type":"Metropolitan department","labelLongitude":1.537,"labelLatitude":42.905,"minZoom":8},"geometry":{"type":"Polygon","coordinates":[[[0.921,42.784],[0.91,42.788],[0.894,42.799],[0.886,42.804],[0.856,42.813],[0.832,42.884],[0.838,42.907],[0.845,42.913],[0.862,42.918],[0.869,42.925],[0.872,42.932],[0.875,42.948],[0.879,42.954],[0.887,42.959],[0.914,42.959],[0.956,42.967],[0.976,42.976],[0.992,42.99],[0.998,43.01],[0.987,43.058],[0.988,43.081],[0.997,43.095],[1.009,43.1],[1.023,43.103],[1.038,43.11],[1.046,43.117],[1.054,43.137],[1.065,43.144],[1.07,43.145],[1.089,43.144],[1.122,43.155],[1.131,43.155],[1.137,43.154],[1.193,43.128],[1.206,43.114],[1.216,43.1],[1.226,43.091],[1.243,43.089],[1.29,43.123],[1.273,43.141],[1.225,43.157],[1.22,43.17],[1.237,43.185],[1.258,43.189],[1.305,43.191],[1.349,43.204],[1.373,43.216],[1.382,43.231],[1.37,43.244],[1.316,43.26],[1.301,43.273],[1.306,43.299],[1.326,43.308],[1.352,43.306],[1.374,43.296],[1.42,43.261],[1.424,43.252],[1.417,43.233],[1.417,43.226],[1.441,43.213],[1.467,43.214],[1.49,43.227],[1.505,43.249],[1.501,43.258],[1.493,43.268],[1.489,43.28],[1.496,43.293],[1.515,43.297],[1.554,43.271],[1.574,43.263],[1.601,43.266],[1.609,43.265],[1.618,43.261],[1.625,43.249],[1.631,43.245],[1.647,43.248],[1.66,43.263],[1.675,43.274],[1.703,43.267],[1.697,43.244],[1.699,43.237],[1.709,43.217],[1.712,43.206],[1.714,43.19],[1.719,43.183],[1.727,43.178],[1.736,43.174],[1.757,43.16],[1.766,43.155],[1.775,43.152],[1.841,43.137],[1.856,43.132],[1.881,43.12],[1.896,43.118],[1.925,43.117],[1.935,43.112],[1.945,43.104],[1.953,43.096],[1.958,43.087],[1.961,43.077],[1.96,43.069],[1.956,43.062],[1.949,43.057],[1.944,43.051],[1.943,43.046],[1.948,43.04],[1.968,43.03],[1.974,43.023],[1.977,43.015],[1.982,43],[1.992,42.976],[1.992,42.967],[1.99,42.961],[1.982,42.957],[1.974,42.954],[1.956,42.951],[1.948,42.948],[1.942,42.942],[1.942,42.935],[1.948,42.93],[1.969,42.92],[1.975,42.913],[1.978,42.906],[1.985,42.879],[1.986,42.873],[1.984,42.868],[1.977,42.864],[1.93,42.849],[1.92,42.849],[1.902,42.849],[1.894,42.848],[1.887,42.844],[1.882,42.838],[1.877,42.831],[1.87,42.825],[1.865,42.816],[1.869,42.81],[1.876,42.808],[1.884,42.806],[1.893,42.804],[1.901,42.799],[1.91,42.791],[1.914,42.783],[1.914,42.775],[1.913,42.767],[1.913,42.757],[1.918,42.752],[1.925,42.749],[1.933,42.747],[1.956,42.735],[1.965,42.732],[1.974,42.731],[1.992,42.731],[2.056,42.744],[2.066,42.745],[2.075,42.744],[2.086,42.738],[2.093,42.73],[2.101,42.718],[2.108,42.712],[2.117,42.707],[2.136,42.702],[2.147,42.698],[2.158,42.691],[2.165,42.684],[2.168,42.676],[2.169,42.67],[2.167,42.664],[2.166,42.664],[2.163,42.66],[2.154,42.656],[2.098,42.664],[2.006,42.656],[1.994,42.653],[1.98,42.642],[1.968,42.629],[1.963,42.622],[1.96,42.615],[1.959,42.608],[1.959,42.594],[1.956,42.587],[1.951,42.58],[1.938,42.572],[1.929,42.569],[1.919,42.569],[1.882,42.578],[1.873,42.579],[1.845,42.578],[1.782,42.57],[1.761,42.568],[1.753,42.577],[1.729,42.582],[1.713,42.59],[1.722,42.61],[1.608,42.618],[1.597,42.622],[1.543,42.649],[1.528,42.649],[1.498,42.64],[1.467,42.641],[1.451,42.602],[1.429,42.595],[1.415,42.609],[1.398,42.644],[1.379,42.663],[1.361,42.687],[1.353,42.69],[1.343,42.69],[1.338,42.694],[1.343,42.709],[1.319,42.713],[1.196,42.714],[1.163,42.706],[1.151,42.707],[1.134,42.716],[1.124,42.73],[1.117,42.745],[1.107,42.76],[1.089,42.771],[1.068,42.776],[0.983,42.78],[0.975,42.784],[0.959,42.794],[0.95,42.796],[0.94,42.794],[0.931,42.788],[0.921,42.784]]]}},{"type":"Feature","id":"FR-10","properties":{"id":"FR-10","countryCode":"FR","isoSubdivision":"FR-10","name":"Aube","name_en":"Aube","name_ko":"오브","type":"Metropolitan department","labelLongitude":4.163,"labelLatitude":48.313,"minZoom":8},"geometry":{"type":"Polygon","coordinates":[[[4.196,48.711],[4.307,48.706],[4.317,48.703],[4.325,48.696],[4.33,48.686],[4.332,48.675],[4.33,48.654],[4.321,48.624],[4.323,48.617],[4.328,48.611],[4.526,48.529],[4.539,48.53],[4.576,48.546],[4.599,48.55],[4.67,48.532],[4.672,48.519],[4.669,48.505],[4.663,48.493],[4.64,48.469],[4.637,48.461],[4.644,48.452],[4.68,48.436],[4.716,48.399],[4.753,48.383],[4.774,48.358],[4.781,48.354],[4.82,48.344],[4.824,48.342],[4.827,48.338],[4.826,48.333],[4.82,48.325],[4.818,48.32],[4.819,48.313],[4.823,48.307],[4.828,48.303],[4.84,48.297],[4.844,48.294],[4.847,48.29],[4.862,48.198],[4.862,48.19],[4.858,48.184],[4.846,48.171],[4.845,48.167],[4.843,48.145],[4.837,48.127],[4.828,48.111],[4.814,48.105],[4.758,48.115],[4.742,48.115],[4.726,48.112],[4.711,48.103],[4.695,48.079],[4.718,48.043],[4.699,48.022],[4.67,48.011],[4.659,48.009],[4.643,48.009],[4.61,48.015],[4.597,48.015],[4.583,48.011],[4.563,47.998],[4.559,47.989],[4.559,47.981],[4.56,47.974],[4.554,47.969],[4.542,47.965],[4.326,47.946],[4.288,47.924],[4.277,47.924],[4.267,47.928],[4.255,47.935],[4.238,47.95],[4.224,47.968],[4.218,47.972],[4.213,47.97],[4.211,47.966],[4.211,47.96],[4.212,47.953],[4.211,47.947],[4.209,47.942],[4.203,47.939],[4.195,47.941],[4.185,47.948],[4.175,47.953],[4.162,47.954],[4.152,47.951],[4.146,47.945],[4.141,47.94],[4.136,47.935],[4.127,47.933],[4.118,47.932],[4.096,47.932],[4.077,47.937],[4.068,47.938],[4.059,47.936],[4.046,47.926],[4.038,47.923],[4.029,47.922],[4.02,47.924],[4.004,47.93],[3.998,47.931],[3.991,47.931],[3.952,47.928],[3.925,47.931],[3.916,47.934],[3.909,47.939],[3.904,47.948],[3.903,47.955],[3.906,47.976],[3.903,47.982],[3.898,47.986],[3.887,47.987],[3.868,47.982],[3.859,47.983],[3.839,47.99],[3.832,47.994],[3.83,47.999],[3.83,48.001],[3.836,48.004],[3.852,48.006],[3.859,48.01],[3.859,48.015],[3.854,48.022],[3.783,48.104],[3.766,48.12],[3.752,48.128],[3.747,48.136],[3.744,48.143],[3.741,48.151],[3.733,48.157],[3.717,48.162],[3.708,48.161],[3.704,48.156],[3.702,48.15],[3.698,48.146],[3.68,48.142],[3.666,48.144],[3.649,48.151],[3.618,48.169],[3.582,48.181],[3.582,48.188],[3.587,48.194],[3.605,48.205],[3.611,48.211],[3.613,48.217],[3.613,48.223],[3.608,48.238],[3.607,48.243],[3.607,48.251],[3.607,48.257],[3.6,48.267],[3.588,48.281],[3.523,48.339],[3.51,48.347],[3.493,48.356],[3.462,48.368],[3.445,48.37],[3.427,48.367],[3.421,48.37],[3.418,48.38],[3.416,48.389],[3.413,48.402],[3.395,48.412],[3.392,48.421],[3.395,48.433],[3.4,48.445],[3.401,48.45],[3.4,48.453],[3.389,48.468],[3.391,48.474],[3.397,48.481],[3.418,48.493],[3.421,48.498],[3.42,48.502],[3.409,48.513],[3.404,48.519],[3.406,48.525],[3.411,48.528],[3.427,48.53],[3.439,48.531],[3.451,48.533],[3.461,48.54],[3.469,48.552],[3.476,48.57],[3.494,48.588],[3.538,48.613],[3.566,48.615],[3.6,48.578],[3.624,48.579],[3.634,48.55],[3.636,48.541],[3.655,48.549],[3.677,48.553],[3.697,48.555],[3.701,48.556],[3.707,48.559],[3.712,48.562],[3.714,48.564],[3.716,48.569],[3.721,48.567],[3.727,48.563],[3.731,48.561],[3.743,48.544],[3.748,48.54],[3.787,48.531],[3.831,48.529],[3.848,48.526],[3.855,48.55],[3.86,48.561],[3.869,48.57],[3.889,48.578],[4.01,48.658],[4.022,48.661],[4.038,48.661],[4.057,48.667],[4.079,48.695],[4.098,48.696],[4.116,48.693],[4.196,48.711]]]}},{"type":"Feature","id":"FR-11","properties":{"id":"FR-11","countryCode":"FR","isoSubdivision":"FR-11","name":"Aude","name_en":"Aude","name_ko":"오드","type":"Metropolitan department","labelLongitude":2.482,"labelLatitude":43.1,"minZoom":8},"geometry":{"type":"Polygon","coordinates":[[[3.244,43.219],[3.228,43.204],[3.221,43.195],[3.207,43.187],[3.196,43.177],[3.179,43.165],[3.166,43.152],[3.154,43.135],[3.136,43.121],[3.114,43.106],[3.104,43.088],[3.096,43.073],[3.086,43.054],[3.07,43.027],[3.063,43.008],[3.056,42.993],[3.046,42.964],[3.039,42.943],[3.042,42.933],[3.055,42.927],[3.056,42.907],[3.048,42.847],[3.046,42.837],[2.893,42.896],[2.866,42.912],[2.855,42.914],[2.784,42.89],[2.768,42.879],[2.742,42.849],[2.73,42.84],[2.704,42.834],[2.375,42.847],[2.341,42.837],[2.331,42.822],[2.351,42.745],[2.351,42.73],[2.343,42.719],[2.323,42.708],[2.307,42.705],[2.277,42.71],[2.265,42.709],[2.217,42.668],[2.189,42.652],[2.166,42.664],[2.167,42.664],[2.169,42.67],[2.168,42.676],[2.165,42.684],[2.158,42.691],[2.147,42.698],[2.136,42.702],[2.117,42.707],[2.108,42.712],[2.101,42.718],[2.093,42.73],[2.086,42.738],[2.075,42.744],[2.066,42.745],[2.056,42.744],[1.992,42.731],[1.974,42.731],[1.965,42.732],[1.956,42.735],[1.933,42.747],[1.925,42.749],[1.918,42.752],[1.913,42.757],[1.913,42.767],[1.914,42.775],[1.914,42.783],[1.91,42.791],[1.901,42.799],[1.893,42.804],[1.884,42.806],[1.876,42.808],[1.869,42.81],[1.865,42.816],[1.87,42.825],[1.877,42.831],[1.882,42.838],[1.887,42.844],[1.894,42.848],[1.902,42.849],[1.92,42.849],[1.93,42.849],[1.977,42.864],[1.984,42.868],[1.986,42.873],[1.985,42.879],[1.978,42.906],[1.975,42.913],[1.969,42.92],[1.948,42.93],[1.942,42.935],[1.942,42.942],[1.948,42.948],[1.956,42.951],[1.974,42.954],[1.982,42.957],[1.99,42.961],[1.992,42.967],[1.992,42.976],[1.982,43],[1.977,43.015],[1.974,43.023],[1.968,43.03],[1.948,43.04],[1.943,43.046],[1.944,43.051],[1.949,43.057],[1.956,43.062],[1.96,43.069],[1.961,43.077],[1.958,43.087],[1.953,43.096],[1.945,43.104],[1.935,43.112],[1.925,43.117],[1.896,43.118],[1.881,43.12],[1.856,43.132],[1.841,43.137],[1.775,43.152],[1.766,43.155],[1.757,43.16],[1.736,43.174],[1.727,43.178],[1.719,43.183],[1.714,43.19],[1.712,43.206],[1.709,43.217],[1.699,43.237],[1.697,43.244],[1.703,43.267],[1.706,43.282],[1.709,43.289],[1.724,43.303],[1.726,43.31],[1.725,43.316],[1.73,43.323],[1.742,43.328],[1.767,43.332],[1.795,43.333],[1.803,43.336],[1.811,43.344],[1.813,43.35],[1.812,43.354],[1.808,43.36],[1.806,43.366],[1.805,43.373],[1.807,43.38],[1.813,43.387],[1.819,43.393],[1.827,43.398],[1.833,43.404],[1.836,43.41],[1.837,43.416],[1.841,43.421],[1.85,43.423],[1.866,43.42],[1.874,43.414],[1.876,43.408],[1.875,43.402],[1.877,43.396],[1.884,43.393],[1.894,43.394],[1.91,43.4],[1.92,43.406],[1.951,43.414],[2.032,43.423],[2.063,43.399],[2.072,43.395],[2.081,43.393],[2.09,43.392],[2.102,43.392],[2.116,43.393],[2.153,43.4],[2.167,43.401],[2.182,43.396],[2.2,43.385],[2.208,43.383],[2.217,43.384],[2.227,43.39],[2.231,43.396],[2.232,43.403],[2.227,43.415],[2.227,43.421],[2.229,43.427],[2.234,43.433],[2.24,43.438],[2.25,43.442],[2.261,43.442],[2.282,43.437],[2.367,43.425],[2.462,43.43],[2.568,43.423],[2.593,43.412],[2.568,43.39],[2.555,43.369],[2.559,43.347],[2.583,43.325],[2.611,43.307],[2.638,43.296],[2.663,43.298],[2.688,43.323],[2.7,43.305],[2.704,43.289],[2.711,43.275],[2.732,43.266],[2.756,43.258],[2.84,43.316],[2.852,43.345],[2.851,43.373],[2.856,43.384],[2.87,43.387],[2.881,43.381],[2.922,43.323],[2.933,43.316],[2.949,43.313],[2.996,43.317],[3.004,43.32],[3.003,43.295],[3.011,43.283],[3.026,43.278],[3.048,43.279],[3.062,43.276],[3.094,43.259],[3.11,43.254],[3.153,43.253],[3.189,43.246],[3.217,43.236],[3.244,43.219]]]}},{"type":"Feature","id":"FR-12","properties":{"id":"FR-12","countryCode":"FR","isoSubdivision":"FR-12","name":"Aveyron","name_en":"Aveyron","name_ko":"아베롱","type":"Metropolitan department","labelLongitude":2.664,"labelLatitude":44.288,"minZoom":8},"geometry":{"type":"Polygon","coordinates":[[[2.141,44.581],[2.18,44.589],[2.204,44.599],[2.205,44.622],[2.214,44.647],[2.23,44.653],[2.239,44.654],[2.3,44.669],[2.312,44.669],[2.321,44.667],[2.327,44.662],[2.332,44.657],[2.34,44.652],[2.346,44.652],[2.353,44.654],[2.361,44.659],[2.368,44.66],[2.374,44.66],[2.385,44.659],[2.422,44.659],[2.455,44.662],[2.472,44.668],[2.482,44.676],[2.493,44.688],[2.524,44.711],[2.529,44.717],[2.534,44.723],[2.537,44.73],[2.541,44.749],[2.543,44.755],[2.555,44.772],[2.578,44.795],[2.583,44.802],[2.586,44.809],[2.588,44.822],[2.59,44.828],[2.594,44.835],[2.727,44.935],[2.735,44.935],[2.74,44.931],[2.744,44.924],[2.75,44.918],[2.764,44.907],[2.77,44.9],[2.773,44.893],[2.775,44.887],[2.775,44.88],[2.773,44.868],[2.776,44.863],[2.783,44.862],[2.812,44.866],[2.821,44.867],[2.826,44.866],[2.83,44.865],[2.841,44.849],[2.862,44.83],[2.867,44.824],[2.874,44.803],[2.879,44.797],[2.885,44.792],[2.894,44.788],[2.916,44.784],[2.921,44.782],[2.927,44.778],[2.929,44.773],[2.927,44.769],[2.917,44.765],[2.91,44.762],[2.907,44.757],[2.91,44.751],[2.914,44.744],[2.917,44.738],[2.918,44.731],[2.92,44.711],[2.921,44.704],[2.926,44.691],[2.934,44.678],[2.939,44.671],[2.946,44.665],[2.98,44.644],[3.066,44.564],[3.084,44.537],[3.084,44.531],[3.082,44.524],[3.081,44.516],[3.081,44.506],[3.085,44.489],[3.091,44.48],[3.097,44.473],[3.135,44.438],[3.14,44.429],[3.141,44.421],[3.139,44.414],[3.137,44.407],[3.137,44.398],[3.135,44.391],[3.131,44.384],[3.127,44.378],[3.125,44.371],[3.126,44.364],[3.127,44.347],[3.131,44.335],[3.145,44.318],[3.147,44.31],[3.146,44.303],[3.128,44.278],[3.124,44.271],[3.123,44.263],[3.129,44.261],[3.148,44.259],[3.169,44.247],[3.204,44.235],[3.213,44.231],[3.223,44.224],[3.228,44.217],[3.23,44.209],[3.231,44.202],[3.234,44.195],[3.241,44.192],[3.249,44.191],[3.323,44.196],[3.341,44.196],[3.351,44.194],[3.36,44.189],[3.37,44.183],[3.377,44.168],[3.342,44.15],[3.327,44.133],[3.324,44.127],[3.326,44.113],[3.324,44.104],[3.316,44.099],[3.297,44.091],[3.287,44.086],[3.286,44.081],[3.291,44.076],[3.298,44.072],[3.306,44.069],[3.315,44.069],[3.324,44.071],[3.332,44.072],[3.339,44.069],[3.345,44.062],[3.352,44.057],[3.36,44.055],[3.378,44.055],[3.386,44.054],[3.394,44.05],[3.409,44.04],[3.433,44.028],[3.44,44.022],[3.447,44.014],[3.448,44.008],[3.445,44.003],[3.443,44.001],[3.442,44],[3.411,43.979],[3.399,43.968],[3.393,43.962],[3.375,43.952],[3.365,43.944],[3.357,43.939],[3.342,43.904],[3.322,43.891],[3.315,43.89],[3.274,43.888],[3.261,43.882],[3.245,43.872],[3.238,43.864],[3.235,43.857],[3.234,43.849],[3.232,43.839],[3.22,43.825],[3.209,43.819],[3.199,43.815],[3.189,43.813],[3.181,43.813],[3.173,43.814],[3.158,43.817],[3.153,43.818],[3.128,43.817],[3.12,43.818],[3.101,43.822],[3.088,43.823],[3.067,43.821],[3.057,43.816],[3.053,43.81],[3.052,43.804],[3.049,43.792],[3.049,43.785],[3.052,43.779],[3.058,43.773],[3.061,43.766],[3.061,43.759],[3.059,43.753],[3.056,43.747],[3.054,43.74],[3.056,43.725],[3.056,43.716],[3.051,43.701],[3.043,43.695],[3.034,43.691],[3.025,43.69],[3.017,43.691],[3.009,43.694],[2.998,43.698],[2.99,43.701],[2.982,43.701],[2.962,43.699],[2.934,43.694],[2.923,43.723],[2.904,43.737],[2.817,43.755],[2.772,43.735],[2.741,43.729],[2.707,43.736],[2.672,43.753],[2.614,43.798],[2.586,43.83],[2.566,43.866],[2.551,43.917],[2.538,43.93],[2.523,43.94],[2.515,43.951],[2.514,43.964],[2.522,43.981],[2.476,44.034],[2.46,44.047],[2.428,44.05],[2.41,44.056],[2.409,44.06],[2.395,44.088],[2.381,44.1],[2.346,44.115],[2.302,44.123],[2.283,44.139],[2.275,44.142],[2.234,44.144],[2.221,44.152],[2.204,44.167],[2.155,44.191],[2.134,44.195],[2.11,44.193],[2.02,44.155],[1.99,44.149],[1.977,44.171],[1.974,44.176],[1.918,44.19],[1.908,44.212],[1.92,44.235],[1.963,44.25],[1.971,44.276],[1.892,44.282],[1.869,44.293],[1.872,44.305],[1.87,44.318],[1.871,44.33],[1.882,44.34],[1.902,44.35],[1.902,44.362],[1.876,44.389],[1.861,44.411],[1.834,44.488],[1.889,44.506],[1.928,44.521],[1.988,44.556],[2.027,44.57],[2.044,44.579],[2.063,44.587],[2.141,44.581]]]}},{"type":"Feature","id":"FR-13","properties":{"id":"FR-13","countryCode":"FR","isoSubdivision":"FR-13","name":"Bouches-du-Rhône","name_en":"Bouches-du-Rhône","name_ko":"부슈뒤론","type":"Metropolitan department","labelLongitude":5.404,"labelLatitude":43.532,"minZoom":8},"geometry":{"type":"Polygon","coordinates":[[[5.672,43.18],[5.655,43.186],[5.634,43.187],[5.623,43.177],[5.612,43.16],[5.588,43.168],[5.573,43.169],[5.559,43.182],[5.547,43.194],[5.538,43.207],[5.525,43.213],[5.514,43.208],[5.504,43.206],[5.46,43.209],[5.44,43.208],[5.41,43.211],[5.395,43.212],[5.37,43.208],[5.347,43.216],[5.351,43.234],[5.354,43.244],[5.361,43.254],[5.369,43.27],[5.357,43.28],[5.356,43.292],[5.352,43.298],[5.339,43.334],[5.294,43.355],[5.238,43.328],[5.163,43.329],[5.125,43.326],[5.065,43.328],[5.034,43.335],[5.014,43.358],[5.006,43.382],[5.026,43.409],[5.057,43.422],[5.146,43.422],[5.174,43.428],[5.193,43.44],[5.214,43.458],[5.226,43.48],[5.223,43.504],[5.194,43.49],[5.166,43.482],[5.14,43.486],[5.118,43.504],[5.112,43.519],[5.111,43.528],[5.106,43.533],[5.085,43.538],[5.077,43.539],[5.054,43.538],[5.05,43.541],[5.035,43.556],[5.029,43.559],[5.022,43.552],[5.016,43.539],[5.011,43.525],[5.009,43.518],[5.015,43.499],[5.024,43.49],[5.036,43.486],[5.05,43.477],[5.062,43.452],[5.051,43.429],[5.028,43.417],[4.998,43.415],[4.983,43.417],[4.928,43.44],[4.903,43.432],[4.893,43.425],[4.868,43.421],[4.858,43.415],[4.85,43.401],[4.855,43.396],[4.865,43.378],[4.868,43.365],[4.901,43.367],[4.877,43.351],[4.856,43.342],[4.851,43.359],[4.833,43.382],[4.792,43.399],[4.758,43.422],[4.742,43.449],[4.745,43.507],[4.742,43.524],[4.736,43.539],[4.726,43.557],[4.712,43.572],[4.695,43.579],[4.695,43.573],[4.724,43.538],[4.729,43.528],[4.729,43.456],[4.743,43.423],[4.77,43.402],[4.8,43.386],[4.823,43.367],[4.82,43.346],[4.791,43.345],[4.666,43.348],[4.592,43.36],[4.566,43.371],[4.566,43.388],[4.586,43.404],[4.588,43.417],[4.58,43.43],[4.555,43.443],[4.513,43.456],[4.409,43.448],[4.206,43.46],[4.231,43.472],[4.242,43.486],[4.244,43.495],[4.246,43.5],[4.247,43.5],[4.248,43.501],[4.25,43.502],[4.255,43.504],[4.264,43.504],[4.272,43.507],[4.279,43.513],[4.287,43.518],[4.309,43.521],[4.321,43.525],[4.337,43.532],[4.378,43.558],[4.382,43.559],[4.4,43.562],[4.405,43.564],[4.407,43.567],[4.408,43.574],[4.41,43.578],[4.413,43.582],[4.42,43.585],[4.426,43.586],[4.443,43.587],[4.448,43.587],[4.453,43.591],[4.458,43.597],[4.463,43.609],[4.463,43.615],[4.46,43.618],[4.45,43.617],[4.445,43.617],[4.439,43.618],[4.435,43.62],[4.432,43.622],[4.43,43.625],[4.429,43.628],[4.432,43.632],[4.44,43.645],[4.443,43.65],[4.447,43.66],[4.452,43.667],[4.477,43.693],[4.5,43.706],[4.526,43.713],[4.531,43.714],[4.536,43.714],[4.541,43.713],[4.573,43.706],[4.581,43.702],[4.588,43.698],[4.593,43.697],[4.598,43.696],[4.602,43.696],[4.605,43.696],[4.609,43.699],[4.613,43.704],[4.617,43.716],[4.618,43.722],[4.617,43.727],[4.616,43.73],[4.615,43.733],[4.615,43.737],[4.617,43.741],[4.634,43.768],[4.646,43.795],[4.649,43.806],[4.649,43.812],[4.649,43.819],[4.645,43.841],[4.643,43.844],[4.641,43.851],[4.64,43.862],[4.641,43.871],[4.647,43.876],[4.659,43.883],[4.689,43.895],[4.727,43.917],[4.739,43.922],[4.773,43.933],[4.906,43.895],[4.969,43.867],[5.066,43.799],[5.087,43.787],[5.193,43.749],[5.255,43.749],[5.308,43.742],[5.325,43.742],[5.337,43.74],[5.347,43.734],[5.378,43.711],[5.395,43.702],[5.414,43.695],[5.531,43.669],[5.583,43.666],[5.622,43.681],[5.644,43.695],[5.711,43.706],[5.736,43.718],[5.754,43.732],[5.774,43.726],[5.795,43.696],[5.813,43.689],[5.791,43.661],[5.707,43.643],[5.681,43.611],[5.682,43.584],[5.697,43.57],[5.714,43.562],[5.725,43.551],[5.726,43.537],[5.711,43.498],[5.71,43.486],[5.713,43.477],[5.779,43.41],[5.754,43.405],[5.706,43.407],[5.683,43.399],[5.697,43.372],[5.701,43.359],[5.696,43.347],[5.69,43.34],[5.688,43.332],[5.688,43.323],[5.691,43.313],[5.72,43.313],[5.748,43.299],[5.761,43.279],[5.746,43.262],[5.712,43.25],[5.692,43.236],[5.68,43.214],[5.672,43.18]]]}},{"type":"Feature","id":"FR-14","properties":{"id":"FR-14","countryCode":"FR","isoSubdivision":"FR-14","name":"Calvados","name_en":"Calvados","name_ko":"칼바도스","type":"Metropolitan department","labelLongitude":-0.289,"labelLatitude":49.06,"minZoom":8},"geometry":{"type":"Polygon","coordinates":[[[-1.119,49.346],[-1.103,49.349],[-1.103,49.356],[-1.114,49.366],[-1.106,49.379],[-1.09,49.392],[-1.072,49.397],[-0.94,49.392],[-0.822,49.363],[-0.651,49.356],[-0.608,49.347],[-0.583,49.346],[-0.547,49.359],[-0.523,49.355],[-0.479,49.343],[-0.411,49.343],[-0.394,49.338],[-0.363,49.325],[-0.313,49.317],[-0.219,49.28],[-0.194,49.295],[-0.034,49.32],[0.013,49.335],[0.04,49.35],[0.063,49.354],[0.072,49.359],[0.096,49.384],[0.162,49.415],[0.287,49.434],[0.294,49.435],[0.295,49.431],[0.304,49.393],[0.304,49.364],[0.307,49.349],[0.308,49.339],[0.305,49.323],[0.305,49.313],[0.318,49.294],[0.325,49.288],[0.334,49.284],[0.355,49.283],[0.365,49.281],[0.375,49.275],[0.376,49.269],[0.372,49.262],[0.364,49.258],[0.354,49.254],[0.34,49.251],[0.337,49.249],[0.336,49.246],[0.335,49.238],[0.339,49.231],[0.344,49.224],[0.351,49.218],[0.36,49.214],[0.372,49.208],[0.385,49.195],[0.396,49.17],[0.405,49.156],[0.421,49.137],[0.423,49.13],[0.418,49.123],[0.412,49.116],[0.408,49.106],[0.41,49.097],[0.415,49.087],[0.416,49.08],[0.415,49.076],[0.411,49.073],[0.403,49.072],[0.386,49.074],[0.378,49.073],[0.374,49.065],[0.374,49.058],[0.378,49.051],[0.383,49.044],[0.39,49.039],[0.418,49.025],[0.427,49.016],[0.43,49.009],[0.431,49.003],[0.431,49.001],[0.429,48.993],[0.428,48.98],[0.428,48.966],[0.426,48.959],[0.424,48.953],[0.417,48.946],[0.395,48.963],[0.38,48.964],[0.345,48.946],[0.329,48.945],[0.31,48.948],[0.294,48.957],[0.284,48.971],[0.268,48.969],[0.259,48.961],[0.251,48.95],[0.239,48.942],[0.228,48.941],[0.193,48.941],[0.183,48.938],[0.164,48.927],[0.155,48.925],[0.148,48.93],[0.135,48.948],[0.128,48.952],[0.105,48.948],[0.057,48.903],[-0.14,48.826],[-0.31,48.856],[-0.325,48.853],[-0.328,48.849],[-0.33,48.841],[-0.331,48.836],[-0.335,48.831],[-0.34,48.828],[-0.345,48.828],[-0.352,48.829],[-0.368,48.838],[-0.395,48.861],[-0.411,48.87],[-0.441,48.873],[-0.49,48.852],[-0.613,48.832],[-0.631,48.833],[-0.666,48.843],[-0.684,48.844],[-0.691,48.843],[-0.698,48.839],[-0.703,48.833],[-0.704,48.826],[-0.702,48.821],[-0.697,48.818],[-0.694,48.815],[-0.695,48.809],[-0.709,48.8],[-0.776,48.788],[-0.792,48.78],[-0.821,48.758],[-0.841,48.752],[-0.897,48.772],[-0.957,48.783],[-0.996,48.774],[-1.045,48.775],[-1.092,48.787],[-1.099,48.794],[-1.101,48.811],[-1.108,48.815],[-1.147,48.822],[-1.144,48.836],[-1.131,48.85],[-1.1,48.869],[-1.059,48.881],[-1.047,48.889],[-1.038,48.898],[-1.037,48.906],[-1.042,48.912],[-1.053,48.917],[-1.064,48.927],[-1.065,48.941],[-1.056,48.953],[-1.042,48.959],[-0.998,48.951],[-0.983,48.953],[-0.951,48.971],[-0.895,49.015],[-0.863,49.026],[-0.871,49.041],[-0.884,49.108],[-0.889,49.118],[-0.918,49.153],[-0.922,49.163],[-0.922,49.174],[-0.911,49.195],[-0.91,49.202],[-0.912,49.209],[-0.917,49.211],[-0.923,49.211],[-0.983,49.196],[-1.009,49.197],[-1.123,49.276],[-1.137,49.298],[-1.13,49.313],[-1.118,49.327],[-1.119,49.346]]]}},{"type":"Feature","id":"FR-15","properties":{"id":"FR-15","countryCode":"FR","isoSubdivision":"FR-15","name":"Cantal","name_en":"Cantal","name_ko":"캉탈","type":"Metropolitan department","labelLongitude":2.748,"labelLatitude":45.159,"minZoom":8},"geometry":{"type":"Polygon","coordinates":[[[3.104,45.354],[3.11,45.338],[3.113,45.32],[3.112,45.285],[3.166,45.29],[3.193,45.286],[3.218,45.277],[3.227,45.268],[3.233,45.232],[3.242,45.22],[3.262,45.202],[3.268,45.188],[3.27,45.153],[3.275,45.136],[3.288,45.121],[3.298,45.117],[3.32,45.117],[3.328,45.112],[3.331,45.098],[3.32,45.088],[3.305,45.079],[3.295,45.07],[3.29,45.053],[3.296,45.039],[3.356,44.993],[3.367,44.975],[3.37,44.954],[3.357,44.955],[3.345,44.953],[3.338,44.95],[3.297,44.93],[3.285,44.926],[3.275,44.924],[3.266,44.925],[3.258,44.926],[3.244,44.922],[3.188,44.881],[3.168,44.872],[3.154,44.87],[3.147,44.875],[3.131,44.893],[3.124,44.896],[3.116,44.894],[3.107,44.889],[3.1,44.881],[3.097,44.859],[3.089,44.837],[3.08,44.83],[3.063,44.824],[3.054,44.811],[3.045,44.792],[3.031,44.749],[3.025,44.715],[3.021,44.707],[3.004,44.69],[2.994,44.677],[2.98,44.644],[2.946,44.665],[2.939,44.671],[2.934,44.678],[2.926,44.691],[2.921,44.704],[2.92,44.711],[2.918,44.731],[2.917,44.738],[2.914,44.744],[2.91,44.751],[2.907,44.757],[2.91,44.762],[2.917,44.765],[2.927,44.769],[2.929,44.773],[2.927,44.778],[2.921,44.782],[2.916,44.784],[2.894,44.788],[2.885,44.792],[2.879,44.797],[2.874,44.803],[2.867,44.824],[2.862,44.83],[2.841,44.849],[2.83,44.865],[2.826,44.866],[2.821,44.867],[2.812,44.866],[2.783,44.862],[2.776,44.863],[2.773,44.868],[2.775,44.88],[2.775,44.887],[2.773,44.893],[2.77,44.9],[2.764,44.907],[2.75,44.918],[2.744,44.924],[2.74,44.931],[2.735,44.935],[2.727,44.935],[2.594,44.835],[2.59,44.828],[2.588,44.822],[2.586,44.809],[2.583,44.802],[2.578,44.795],[2.555,44.772],[2.543,44.755],[2.541,44.749],[2.537,44.73],[2.534,44.723],[2.529,44.717],[2.524,44.711],[2.493,44.688],[2.482,44.676],[2.472,44.668],[2.455,44.662],[2.422,44.659],[2.385,44.659],[2.374,44.66],[2.368,44.66],[2.361,44.659],[2.353,44.654],[2.346,44.652],[2.34,44.652],[2.332,44.657],[2.327,44.662],[2.321,44.667],[2.312,44.669],[2.3,44.669],[2.239,44.654],[2.23,44.653],[2.214,44.647],[2.205,44.622],[2.195,44.623],[2.182,44.631],[2.176,44.64],[2.171,44.65],[2.165,44.678],[2.161,44.685],[2.153,44.69],[2.137,44.695],[2.132,44.699],[2.134,44.706],[2.143,44.72],[2.159,44.775],[2.157,44.784],[2.152,44.796],[2.136,44.818],[2.094,44.866],[2.085,44.88],[2.079,44.897],[2.071,44.957],[2.059,44.975],[2.082,44.983],[2.117,44.986],[2.125,44.988],[2.132,44.993],[2.134,44.997],[2.135,45],[2.134,45.002],[2.133,45.005],[2.13,45.011],[2.11,45.037],[2.107,45.043],[2.107,45.051],[2.114,45.059],[2.152,45.079],[2.161,45.086],[2.168,45.095],[2.175,45.108],[2.179,45.117],[2.185,45.128],[2.207,45.159],[2.21,45.171],[2.207,45.18],[2.201,45.187],[2.195,45.194],[2.192,45.201],[2.191,45.21],[2.193,45.217],[2.195,45.224],[2.233,45.245],[2.238,45.25],[2.244,45.271],[2.246,45.275],[2.25,45.277],[2.269,45.28],[2.29,45.289],[2.298,45.293],[2.33,45.331],[2.338,45.334],[2.343,45.336],[2.348,45.34],[2.355,45.353],[2.367,45.369],[2.368,45.372],[2.369,45.377],[2.369,45.38],[2.369,45.385],[2.367,45.388],[2.365,45.391],[2.363,45.394],[2.359,45.396],[2.356,45.398],[2.352,45.4],[2.35,45.403],[2.352,45.407],[2.358,45.41],[2.374,45.414],[2.384,45.414],[2.391,45.413],[2.396,45.412],[2.404,45.408],[2.418,45.4],[2.441,45.392],[2.47,45.389],[2.476,45.39],[2.482,45.392],[2.489,45.397],[2.499,45.418],[2.519,45.479],[2.537,45.48],[2.591,45.454],[2.642,45.445],[2.668,45.435],[2.703,45.388],[2.748,45.386],[2.834,45.396],[2.9,45.373],[2.917,45.359],[2.935,45.325],[2.949,45.309],[2.995,45.289],[3.034,45.3],[3.104,45.354]]]}},{"type":"Feature","id":"FR-16","properties":{"id":"FR-16","countryCode":"FR","isoSubdivision":"FR-16","name":"Charente","name_en":"Charente","name_ko":"샤랑트","type":"Metropolitan department","labelLongitude":0.155,"labelLatitude":45.7,"minZoom":8},"geometry":{"type":"Polygon","coordinates":[[[-0.204,45.776],[-0.173,45.79],[-0.144,45.813],[-0.128,45.832],[-0.124,45.847],[-0.125,45.861],[-0.152,45.921],[-0.151,45.927],[-0.128,45.929],[-0.101,45.936],[-0.087,45.949],[-0.103,45.97],[-0.08,45.974],[-0.063,45.983],[-0.05,45.996],[-0.04,46.015],[-0.011,46.052],[0.036,46.08],[0.089,46.099],[0.136,46.104],[0.153,46.099],[0.165,46.091],[0.178,46.087],[0.197,46.096],[0.222,46.09],[0.266,46.066],[0.287,46.062],[0.403,46.063],[0.442,46.054],[0.457,46.059],[0.471,46.081],[0.444,46.096],[0.456,46.116],[0.464,46.125],[0.473,46.13],[0.488,46.134],[0.5,46.132],[0.511,46.126],[0.52,46.116],[0.553,46.091],[0.6,46.083],[0.647,46.091],[0.681,46.115],[0.697,46.131],[0.708,46.137],[0.718,46.138],[0.796,46.133],[0.806,46.106],[0.807,46.099],[0.807,46.092],[0.806,46.08],[0.806,46.074],[0.806,46.067],[0.809,46.06],[0.813,46.054],[0.847,46.02],[0.855,46.017],[0.863,46.017],[0.877,46.022],[0.885,46.022],[0.892,46.017],[0.898,46.011],[0.924,45.974],[0.924,45.966],[0.918,45.957],[0.902,45.946],[0.889,45.939],[0.877,45.934],[0.866,45.93],[0.855,45.928],[0.845,45.927],[0.826,45.927],[0.817,45.926],[0.81,45.922],[0.806,45.912],[0.807,45.896],[0.807,45.89],[0.804,45.882],[0.801,45.873],[0.799,45.866],[0.794,45.825],[0.789,45.809],[0.786,45.803],[0.781,45.797],[0.774,45.793],[0.753,45.792],[0.744,45.795],[0.727,45.803],[0.719,45.802],[0.711,45.797],[0.703,45.784],[0.696,45.775],[0.685,45.766],[0.666,45.756],[0.659,45.75],[0.636,45.71],[0.601,45.687],[0.584,45.671],[0.565,45.648],[0.555,45.642],[0.545,45.641],[0.535,45.642],[0.523,45.639],[0.517,45.634],[0.514,45.628],[0.513,45.621],[0.513,45.599],[0.513,45.591],[0.511,45.582],[0.505,45.568],[0.498,45.56],[0.474,45.537],[0.445,45.499],[0.434,45.489],[0.425,45.484],[0.419,45.484],[0.41,45.486],[0.39,45.48],[0.288,45.429],[0.281,45.422],[0.275,45.416],[0.269,45.404],[0.256,45.366],[0.254,45.354],[0.253,45.34],[0.257,45.313],[0.256,45.305],[0.249,45.293],[0.238,45.284],[0.22,45.272],[0.206,45.267],[0.179,45.26],[0.173,45.255],[0.17,45.252],[0.168,45.248],[0.16,45.231],[0.152,45.224],[0.143,45.218],[0.133,45.215],[0.125,45.214],[0.117,45.215],[0.1,45.221],[0.092,45.223],[0.083,45.222],[0.073,45.22],[0,45.192],[-0.005,45.226],[-0.036,45.242],[-0.115,45.248],[-0.109,45.29],[-0.144,45.29],[-0.214,45.316],[-0.25,45.312],[-0.266,45.307],[-0.278,45.31],[-0.285,45.319],[-0.286,45.334],[-0.283,45.343],[-0.28,45.347],[-0.28,45.351],[-0.286,45.36],[-0.311,45.377],[-0.272,45.399],[-0.256,45.415],[-0.248,45.435],[-0.267,45.472],[-0.264,45.478],[-0.244,45.503],[-0.322,45.535],[-0.315,45.542],[-0.303,45.558],[-0.297,45.564],[-0.387,45.613],[-0.42,45.62],[-0.421,45.633],[-0.412,45.666],[-0.417,45.723],[-0.416,45.742],[-0.459,45.74],[-0.452,45.765],[-0.436,45.778],[-0.413,45.783],[-0.356,45.786],[-0.272,45.804],[-0.247,45.8],[-0.226,45.783],[-0.204,45.776]]]}},{"type":"Feature","id":"FR-17","properties":{"id":"FR-17","countryCode":"FR","isoSubdivision":"FR-17","name":"Charente-Maritime","name_en":"Charente-Maritime","name_ko":"샤랑트마리팀","type":"Metropolitan department","labelLongitude":-0.714,"labelLatitude":45.844,"minZoom":8},"geometry":{"type":"MultiPolygon","coordinates":[[[[-0.707,45.322],[-0.72,45.361],[-0.753,45.424],[-0.773,45.452],[-0.795,45.477],[-0.842,45.515],[-0.984,45.587],[-0.987,45.591],[-0.991,45.61],[-0.997,45.614],[-1.03,45.623],[-1.084,45.66],[-1.114,45.669],[-1.133,45.672],[-1.149,45.679],[-1.163,45.689],[-1.176,45.7],[-1.194,45.71],[-1.229,45.705],[-1.247,45.71],[-1.23,45.78],[-1.23,45.792],[-1.164,45.807],[-1.144,45.806],[-1.081,45.753],[-1.069,45.748],[-1.057,45.74],[-0.987,45.717],[-1.01,45.735],[-1.099,45.786],[-1.125,45.808],[-1.131,45.817],[-1.132,45.828],[-1.137,45.843],[-1.143,45.858],[-1.152,45.868],[-1.141,45.872],[-1.134,45.878],[-1.129,45.884],[-1.124,45.889],[-1.113,45.896],[-1.097,45.902],[-1.088,45.903],[-1.08,45.902],[-1.073,45.904],[-1.069,45.916],[-1.07,45.926],[-1.076,45.937],[-1.083,45.945],[-1.09,45.951],[-1.084,45.954],[-1.074,45.962],[-1.069,45.964],[-1.086,45.972],[-1.097,45.985],[-1.111,46.018],[-1.09,46.008],[-1.073,46.007],[-1.06,46.016],[-1.049,46.033],[-1.049,46.039],[-1.053,46.043],[-1.059,46.048],[-1.065,46.052],[-1.084,46.057],[-1.088,46.065],[-1.089,46.075],[-1.096,46.088],[-1.096,46.098],[-1.097,46.102],[-1.101,46.103],[-1.114,46.106],[-1.117,46.108],[-1.123,46.112],[-1.129,46.116],[-1.129,46.12],[-1.117,46.128],[-1.14,46.141],[-1.148,46.142],[-1.152,46.144],[-1.152,46.148],[-1.151,46.153],[-1.152,46.156],[-1.157,46.157],[-1.172,46.156],[-1.183,46.158],[-1.192,46.158],[-1.2,46.159],[-1.21,46.166],[-1.211,46.175],[-1.204,46.184],[-1.194,46.193],[-1.185,46.197],[-1.191,46.216],[-1.18,46.229],[-1.111,46.259],[-1.103,46.272],[-1.104,46.28],[-1.108,46.289],[-1.111,46.303],[-1.119,46.311],[-1.115,46.317],[-1.097,46.335],[-1.09,46.34],[-1.08,46.343],[-1.02,46.353],[-0.998,46.355],[-0.988,46.357],[-0.97,46.362],[-0.962,46.362],[-0.955,46.354],[-0.957,46.346],[-0.961,46.34],[-0.969,46.335],[-0.973,46.329],[-0.97,46.324],[-0.96,46.32],[-0.941,46.321],[-0.931,46.322],[-0.92,46.325],[-0.888,46.329],[-0.882,46.331],[-0.867,46.334],[-0.851,46.334],[-0.825,46.331],[-0.757,46.301],[-0.747,46.286],[-0.741,46.272],[-0.742,46.258],[-0.751,46.245],[-0.723,46.231],[-0.637,46.154],[-0.615,46.143],[-0.592,46.139],[-0.55,46.14],[-0.53,46.132],[-0.51,46.115],[-0.49,46.103],[-0.444,46.107],[-0.422,46.105],[-0.371,46.078],[-0.304,46.076],[-0.26,46.065],[-0.178,46.023],[-0.124,45.976],[-0.103,45.97],[-0.087,45.949],[-0.101,45.936],[-0.128,45.929],[-0.151,45.927],[-0.152,45.921],[-0.125,45.861],[-0.124,45.847],[-0.128,45.832],[-0.144,45.813],[-0.173,45.79],[-0.204,45.776],[-0.226,45.783],[-0.247,45.8],[-0.272,45.804],[-0.356,45.786],[-0.413,45.783],[-0.436,45.778],[-0.452,45.765],[-0.459,45.74],[-0.416,45.742],[-0.417,45.723],[-0.412,45.666],[-0.421,45.633],[-0.42,45.62],[-0.387,45.613],[-0.297,45.564],[-0.303,45.558],[-0.315,45.542],[-0.322,45.535],[-0.244,45.503],[-0.264,45.478],[-0.267,45.472],[-0.248,45.435],[-0.256,45.415],[-0.272,45.399],[-0.311,45.377],[-0.286,45.36],[-0.28,45.351],[-0.28,45.347],[-0.283,45.343],[-0.286,45.334],[-0.285,45.319],[-0.278,45.31],[-0.266,45.307],[-0.25,45.312],[-0.214,45.316],[-0.144,45.29],[-0.109,45.29],[-0.115,45.248],[-0.036,45.242],[-0.005,45.226],[0,45.192],[-0.012,45.178],[-0.011,45.174],[-0.007,45.167],[0,45.158],[-0.001,45.152],[-0.006,45.146],[-0.013,45.142],[-0.034,45.12],[-0.061,45.112],[-0.089,45.119],[-0.104,45.117],[-0.145,45.104],[-0.16,45.102],[-0.174,45.101],[-0.226,45.113],[-0.24,45.118],[-0.251,45.123],[-0.268,45.137],[-0.278,45.143],[-0.292,45.149],[-0.307,45.151],[-0.339,45.167],[-0.351,45.167],[-0.378,45.163],[-0.388,45.164],[-0.394,45.166],[-0.402,45.173],[-0.414,45.189],[-0.418,45.195],[-0.421,45.202],[-0.423,45.208],[-0.424,45.215],[-0.424,45.222],[-0.421,45.243],[-0.422,45.25],[-0.429,45.258],[-0.441,45.268],[-0.469,45.283],[-0.485,45.289],[-0.498,45.291],[-0.51,45.29],[-0.524,45.29],[-0.545,45.294],[-0.557,45.299],[-0.563,45.306],[-0.567,45.325],[-0.57,45.333],[-0.575,45.34],[-0.584,45.346],[-0.592,45.347],[-0.6,45.344],[-0.605,45.339],[-0.608,45.333],[-0.613,45.327],[-0.619,45.322],[-0.627,45.32],[-0.635,45.319],[-0.671,45.324],[-0.706,45.322],[-0.707,45.322]]],[[[-1.219,45.944],[-1.224,45.935],[-1.214,45.928],[-1.185,45.916],[-1.178,45.907],[-1.176,45.899],[-1.184,45.856],[-1.195,45.83],[-1.209,45.814],[-1.227,45.82],[-1.241,45.855],[-1.249,45.868],[-1.26,45.882],[-1.319,45.928],[-1.34,45.939],[-1.362,45.957],[-1.378,45.976],[-1.374,45.985],[-1.372,45.995],[-1.383,46.019],[-1.405,46.053],[-1.374,46.05],[-1.34,46.038],[-1.309,46.02],[-1.285,46.002],[-1.274,45.998],[-1.261,46.001],[-1.248,46.002],[-1.234,45.992],[-1.23,45.979],[-1.231,45.968],[-1.23,45.958],[-1.219,45.951],[-1.219,45.944]]],[[[-1.281,46.156],[-1.286,46.16],[-1.291,46.161],[-1.336,46.167],[-1.433,46.211],[-1.489,46.203],[-1.504,46.208],[-1.545,46.24],[-1.556,46.246],[-1.556,46.252],[-1.498,46.262],[-1.48,46.259],[-1.473,46.255],[-1.468,46.25],[-1.467,46.244],[-1.474,46.238],[-1.498,46.245],[-1.508,46.246],[-1.491,46.224],[-1.464,46.225],[-1.435,46.234],[-1.411,46.238],[-1.411,46.231],[-1.425,46.231],[-1.425,46.224],[-1.409,46.218],[-1.308,46.207],[-1.285,46.196],[-1.266,46.181],[-1.254,46.162],[-1.263,46.162],[-1.271,46.16],[-1.281,46.156]]]]}},{"type":"Feature","id":"FR-18","properties":{"id":"FR-18","countryCode":"FR","isoSubdivision":"FR-18","name":"Cher","name_en":"Cher","name_ko":"셰르","type":"Metropolitan department","labelLongitude":2.519,"labelLatitude":47.136,"minZoom":8},"geometry":{"type":"Polygon","coordinates":[[[1.886,47.104],[1.795,47.122],[1.774,47.131],[1.825,47.167],[1.84,47.191],[1.839,47.219],[1.854,47.214],[1.873,47.213],[1.891,47.215],[1.905,47.222],[1.91,47.228],[1.911,47.234],[1.909,47.247],[1.911,47.255],[1.914,47.261],[1.942,47.283],[1.95,47.285],[2.001,47.27],[2.051,47.266],[2.101,47.27],[2.139,47.286],[2.148,47.297],[2.149,47.309],[2.12,47.36],[2.116,47.375],[2.116,47.392],[2.119,47.406],[2.127,47.416],[2.139,47.423],[2.152,47.427],[2.216,47.411],[2.245,47.411],[2.259,47.439],[2.258,47.455],[2.254,47.469],[2.246,47.482],[2.222,47.502],[2.199,47.541],[2.183,47.549],[2.141,47.549],[2.128,47.559],[2.133,47.588],[2.163,47.603],[2.239,47.621],[2.271,47.624],[2.294,47.622],[2.346,47.599],[2.373,47.595],[2.424,47.609],[2.442,47.607],[2.489,47.577],[2.512,47.572],[2.566,47.573],[2.584,47.564],[2.627,47.518],[2.662,47.492],[2.679,47.485],[2.704,47.487],[2.718,47.5],[2.725,47.516],[2.733,47.525],[2.754,47.523],[2.783,47.504],[2.798,47.497],[2.819,47.499],[2.854,47.515],[2.875,47.521],[2.882,47.515],[2.893,47.5],[2.902,47.482],[2.908,47.474],[2.925,47.459],[2.93,47.453],[2.932,47.448],[2.932,47.44],[2.925,47.412],[2.923,47.409],[2.916,47.399],[2.913,47.392],[2.911,47.389],[2.909,47.384],[2.897,47.368],[2.885,47.358],[2.876,47.345],[2.875,47.341],[2.875,47.337],[2.877,47.332],[2.884,47.323],[2.888,47.319],[2.893,47.316],[2.897,47.314],[2.901,47.312],[2.911,47.309],[2.916,47.307],[2.919,47.305],[2.945,47.282],[2.951,47.278],[2.968,47.27],[2.972,47.267],[2.977,47.26],[2.98,47.252],[2.99,47.216],[2.991,47.213],[2.998,47.203],[3.013,47.174],[3.025,47.144],[3.027,47.14],[3.033,47.122],[3.034,47.115],[3.034,47.107],[3.032,47.092],[3.031,47.083],[3.032,47.076],[3.036,47.069],[3.041,47.065],[3.061,47.054],[3.064,47.051],[3.066,47.048],[3.068,47.046],[3.071,47.027],[3.071,47.001],[3.074,46.989],[3.075,46.981],[3.076,46.974],[3.073,46.963],[3.064,46.941],[3.056,46.923],[3.054,46.919],[3.054,46.913],[3.057,46.905],[3.059,46.9],[3.069,46.885],[3.071,46.881],[3.072,46.878],[3.073,46.87],[3.07,46.863],[3.064,46.853],[3.04,46.823],[3.035,46.815],[3.034,46.812],[3.03,46.791],[3.002,46.79],[2.976,46.793],[2.931,46.783],[2.868,46.754],[2.862,46.75],[2.855,46.74],[2.849,46.733],[2.838,46.726],[2.828,46.727],[2.818,46.729],[2.806,46.731],[2.796,46.727],[2.781,46.715],[2.773,46.713],[2.739,46.723],[2.734,46.728],[2.73,46.732],[2.722,46.734],[2.716,46.731],[2.7,46.717],[2.671,46.699],[2.653,46.69],[2.628,46.689],[2.622,46.686],[2.621,46.681],[2.625,46.667],[2.62,46.661],[2.61,46.66],[2.587,46.661],[2.581,46.66],[2.577,46.656],[2.576,46.651],[2.58,46.645],[2.591,46.634],[2.593,46.629],[2.592,46.625],[2.585,46.615],[2.583,46.608],[2.586,46.601],[2.591,46.595],[2.606,46.582],[2.612,46.576],[2.616,46.57],[2.618,46.566],[2.618,46.561],[2.619,46.557],[2.617,46.552],[2.613,46.549],[2.53,46.532],[2.483,46.53],[2.455,46.525],[2.445,46.525],[2.435,46.526],[2.419,46.525],[2.4,46.522],[2.34,46.501],[2.325,46.484],[2.315,46.477],[2.307,46.473],[2.298,46.472],[2.292,46.468],[2.287,46.463],[2.28,46.451],[2.254,46.42],[2.155,46.424],[2.139,46.421],[2.145,46.438],[2.156,46.45],[2.182,46.468],[2.191,46.478],[2.195,46.49],[2.194,46.503],[2.184,46.527],[2.176,46.537],[2.162,46.546],[2.159,46.549],[2.158,46.561],[2.181,46.592],[2.186,46.607],[2.187,46.623],[2.183,46.637],[2.172,46.648],[2.15,46.656],[2.145,46.662],[2.144,46.673],[2.147,46.684],[2.147,46.693],[2.138,46.702],[2.125,46.707],[2.083,46.712],[2.072,46.718],[2.067,46.727],[2.068,46.737],[2.076,46.746],[2.109,46.765],[2.114,46.775],[2.11,46.788],[2.1,46.794],[2.087,46.799],[2.077,46.806],[2.073,46.821],[2.078,46.839],[2.087,46.857],[2.097,46.869],[2.129,46.893],[2.132,46.903],[2.122,46.913],[2.088,46.928],[2.079,46.942],[2.081,46.957],[2.093,46.984],[2.093,47],[2.086,47.013],[2.075,47.023],[2.05,47.04],[2.042,47.048],[2.042,47.055],[2.05,47.075],[2.053,47.086],[2.052,47.096],[2.047,47.106],[2.039,47.113],[2.018,47.12],[1.967,47.124],[1.945,47.12],[1.905,47.107],[1.886,47.104]]]}},{"type":"Feature","id":"FR-19","properties":{"id":"FR-19","countryCode":"FR","isoSubdivision":"FR-19","name":"Corrèze","name_en":"Corrèze","name_ko":"코레즈","type":"Metropolitan department","labelLongitude":1.901,"labelLatitude":45.355,"minZoom":8},"geometry":{"type":"Polygon","coordinates":[[[1.864,45.668],[1.873,45.668],[1.909,45.682],[1.894,45.696],[1.92,45.696],[1.98,45.704],[1.99,45.722],[2.005,45.739],[2.023,45.753],[2.041,45.76],[2.057,45.761],[2.065,45.759],[2.072,45.755],[2.093,45.74],[2.103,45.735],[2.174,45.726],[2.289,45.675],[2.301,45.674],[2.315,45.676],[2.328,45.68],[2.339,45.687],[2.358,45.71],[2.364,45.713],[2.435,45.708],[2.458,45.716],[2.49,45.736],[2.516,45.713],[2.525,45.698],[2.525,45.691],[2.525,45.677],[2.524,45.659],[2.522,45.649],[2.52,45.644],[2.518,45.641],[2.514,45.637],[2.509,45.633],[2.489,45.627],[2.481,45.624],[2.476,45.618],[2.465,45.585],[2.467,45.576],[2.473,45.569],[2.489,45.556],[2.495,45.545],[2.497,45.534],[2.496,45.515],[2.497,45.501],[2.499,45.491],[2.502,45.487],[2.519,45.479],[2.499,45.418],[2.489,45.397],[2.482,45.392],[2.476,45.39],[2.47,45.389],[2.441,45.392],[2.418,45.4],[2.404,45.408],[2.396,45.412],[2.391,45.413],[2.384,45.414],[2.374,45.414],[2.358,45.41],[2.352,45.407],[2.35,45.403],[2.352,45.4],[2.356,45.398],[2.359,45.396],[2.363,45.394],[2.365,45.391],[2.367,45.388],[2.369,45.385],[2.369,45.38],[2.369,45.377],[2.368,45.372],[2.367,45.369],[2.355,45.353],[2.348,45.34],[2.343,45.336],[2.338,45.334],[2.33,45.331],[2.298,45.293],[2.29,45.289],[2.269,45.28],[2.25,45.277],[2.246,45.275],[2.244,45.271],[2.238,45.25],[2.233,45.245],[2.195,45.224],[2.193,45.217],[2.191,45.21],[2.192,45.201],[2.195,45.194],[2.201,45.187],[2.207,45.18],[2.21,45.171],[2.207,45.159],[2.185,45.128],[2.179,45.117],[2.175,45.108],[2.168,45.095],[2.161,45.086],[2.152,45.079],[2.114,45.059],[2.107,45.051],[2.107,45.043],[2.11,45.037],[2.13,45.011],[2.133,45.005],[2.134,45.002],[2.135,45],[2.134,44.997],[2.132,44.993],[2.125,44.988],[2.117,44.986],[2.082,44.983],[2.059,44.975],[2.005,44.975],[1.984,44.972],[1.979,44.971],[1.954,44.961],[1.946,44.961],[1.941,44.962],[1.935,44.966],[1.926,44.97],[1.917,44.97],[1.908,44.968],[1.852,44.946],[1.8,44.933],[1.778,44.933],[1.766,44.935],[1.76,44.939],[1.754,44.943],[1.745,44.949],[1.733,44.954],[1.714,44.96],[1.706,44.966],[1.702,44.973],[1.699,44.979],[1.693,44.985],[1.659,45.007],[1.626,45.023],[1.61,45.029],[1.581,45.036],[1.568,45.035],[1.546,45.028],[1.54,45.03],[1.538,45.035],[1.535,45.041],[1.53,45.045],[1.523,45.045],[1.515,45.042],[1.506,45.034],[1.503,45.032],[1.487,45.029],[1.477,45.023],[1.474,45.02],[1.459,45.015],[1.448,45.03],[1.43,45.041],[1.423,45.048],[1.416,45.059],[1.405,45.071],[1.398,45.085],[1.394,45.094],[1.395,45.101],[1.397,45.109],[1.401,45.117],[1.402,45.127],[1.397,45.132],[1.39,45.134],[1.333,45.132],[1.322,45.134],[1.309,45.138],[1.289,45.147],[1.28,45.154],[1.278,45.161],[1.281,45.167],[1.286,45.173],[1.29,45.179],[1.291,45.186],[1.288,45.195],[1.281,45.2],[1.273,45.201],[1.253,45.199],[1.242,45.202],[1.239,45.207],[1.239,45.213],[1.242,45.219],[1.247,45.225],[1.273,45.24],[1.28,45.247],[1.283,45.255],[1.275,45.261],[1.262,45.266],[1.248,45.275],[1.243,45.282],[1.243,45.289],[1.247,45.296],[1.25,45.302],[1.251,45.314],[1.254,45.32],[1.26,45.325],[1.275,45.333],[1.29,45.349],[1.316,45.361],[1.324,45.367],[1.327,45.376],[1.325,45.383],[1.318,45.387],[1.31,45.387],[1.3,45.384],[1.29,45.383],[1.281,45.384],[1.273,45.39],[1.27,45.397],[1.271,45.404],[1.276,45.41],[1.282,45.417],[1.287,45.425],[1.291,45.434],[1.287,45.44],[1.279,45.444],[1.272,45.445],[1.26,45.444],[1.255,45.446],[1.26,45.457],[1.281,45.478],[1.307,45.494],[1.329,45.499],[1.349,45.501],[1.371,45.507],[1.407,45.528],[1.42,45.542],[1.444,45.584],[1.508,45.556],[1.566,45.56],[1.699,45.631],[1.75,45.646],[1.767,45.657],[1.778,45.669],[1.789,45.678],[1.806,45.68],[1.814,45.677],[1.825,45.667],[1.834,45.667],[1.849,45.669],[1.856,45.669],[1.864,45.668]]]}},{"type":"Feature","id":"FR-21","properties":{"id":"FR-21","countryCode":"FR","isoSubdivision":"FR-21","name":"Côte-d’Or","name_en":"Côte-d’Or","name_ko":"코트도르","type":"Metropolitan department","labelLongitude":4.77,"labelLatitude":47.4,"minZoom":8},"geometry":{"type":"Polygon","coordinates":[[[4.156,47.245],[4.125,47.25],[4.123,47.323],[4.106,47.339],[4.102,47.368],[4.098,47.375],[4.092,47.377],[4.086,47.378],[4.081,47.38],[4.067,47.405],[4.065,47.415],[4.068,47.425],[4.075,47.431],[4.084,47.435],[4.103,47.44],[4.117,47.456],[4.118,47.505],[4.126,47.517],[4.143,47.525],[4.202,47.6],[4.219,47.632],[4.245,47.656],[4.251,47.666],[4.257,47.688],[4.256,47.716],[4.259,47.734],[4.33,47.76],[4.341,47.775],[4.338,47.792],[4.313,47.841],[4.308,47.845],[4.299,47.846],[4.271,47.846],[4.263,47.844],[4.264,47.868],[4.27,47.888],[4.288,47.924],[4.326,47.946],[4.542,47.965],[4.554,47.969],[4.56,47.974],[4.559,47.981],[4.559,47.989],[4.563,47.998],[4.583,48.011],[4.597,48.015],[4.61,48.015],[4.643,48.009],[4.659,48.009],[4.67,48.011],[4.699,48.022],[4.732,48.006],[4.793,47.997],[4.805,47.991],[4.807,47.985],[4.798,47.974],[4.801,47.966],[4.812,47.963],[4.847,47.954],[4.856,47.948],[4.861,47.944],[4.86,47.94],[4.858,47.935],[4.848,47.924],[4.844,47.917],[4.844,47.909],[4.849,47.9],[4.856,47.896],[4.864,47.896],[4.871,47.899],[4.879,47.909],[4.884,47.913],[4.895,47.911],[4.946,47.866],[4.968,47.842],[4.986,47.814],[4.989,47.807],[4.989,47.801],[4.986,47.795],[4.978,47.791],[4.97,47.79],[4.95,47.789],[4.941,47.787],[4.933,47.782],[4.932,47.773],[4.937,47.766],[4.947,47.759],[4.955,47.751],[4.955,47.75],[4.955,47.744],[4.96,47.715],[4.964,47.706],[4.971,47.693],[4.982,47.688],[4.991,47.686],[4.999,47.688],[5.004,47.691],[5.016,47.701],[5.022,47.705],[5.034,47.704],[5.043,47.695],[5.059,47.677],[5.07,47.667],[5.08,47.66],[5.1,47.651],[5.109,47.648],[5.119,47.648],[5.129,47.648],[5.138,47.651],[5.146,47.655],[5.151,47.66],[5.155,47.666],[5.161,47.671],[5.168,47.675],[5.179,47.677],[5.186,47.672],[5.19,47.667],[5.19,47.661],[5.194,47.654],[5.204,47.646],[5.222,47.636],[5.246,47.625],[5.258,47.622],[5.263,47.619],[5.267,47.615],[5.269,47.601],[5.276,47.591],[5.284,47.588],[5.294,47.59],[5.322,47.605],[5.331,47.609],[5.339,47.607],[5.345,47.602],[5.351,47.595],[5.359,47.593],[5.366,47.597],[5.371,47.601],[5.375,47.608],[5.409,47.597],[5.422,47.605],[5.428,47.612],[5.441,47.619],[5.451,47.619],[5.461,47.617],[5.469,47.611],[5.476,47.605],[5.479,47.599],[5.479,47.592],[5.476,47.586],[5.475,47.58],[5.481,47.573],[5.487,47.567],[5.491,47.561],[5.494,47.553],[5.496,47.546],[5.496,47.538],[5.493,47.531],[5.486,47.525],[5.471,47.513],[5.461,47.501],[5.459,47.5],[5.456,47.499],[5.439,47.498],[5.43,47.496],[5.422,47.492],[5.415,47.486],[5.41,47.473],[5.408,47.465],[5.407,47.457],[5.412,47.452],[5.42,47.449],[5.43,47.448],[5.439,47.446],[5.449,47.439],[5.452,47.433],[5.453,47.426],[5.453,47.418],[5.454,47.409],[5.458,47.395],[5.465,47.387],[5.475,47.382],[5.485,47.378],[5.494,47.371],[5.497,47.365],[5.498,47.357],[5.499,47.329],[5.5,47.32],[5.503,47.308],[5.508,47.301],[5.522,47.289],[5.498,47.229],[5.494,47.203],[5.486,47.191],[5.404,47.099],[5.393,47.088],[5.383,47.081],[5.366,47.078],[5.349,47.073],[5.337,47.066],[5.316,47.06],[5.307,47.056],[5.302,47.05],[5.3,47.043],[5.302,47.035],[5.305,47.028],[5.309,47.022],[5.311,47.013],[5.307,47.007],[5.3,47.003],[5.268,46.991],[5.251,46.981],[5.231,46.987],[5.209,46.982],[5.165,46.964],[5.079,46.961],[5.071,46.964],[5.057,46.978],[5.049,46.981],[5.038,46.981],[4.99,46.969],[4.906,46.962],[4.786,46.925],[4.735,46.923],[4.732,46.922],[4.728,46.92],[4.709,46.907],[4.7,46.904],[4.687,46.903],[4.677,46.905],[4.672,46.91],[4.666,46.926],[4.655,46.941],[4.599,46.953],[4.582,46.966],[4.553,47.016],[4.546,47.02],[4.54,47.021],[4.519,47.018],[4.506,47.018],[4.441,47.034],[4.424,47.044],[4.405,47.067],[4.394,47.073],[4.377,47.07],[4.362,47.065],[4.352,47.065],[4.345,47.072],[4.337,47.087],[4.324,47.103],[4.307,47.109],[4.288,47.112],[4.269,47.119],[4.229,47.152],[4.21,47.155],[4.212,47.176],[4.224,47.2],[4.219,47.219],[4.207,47.235],[4.191,47.245],[4.174,47.248],[4.156,47.245]]]}},{"type":"Feature","id":"FR-22","properties":{"id":"FR-22","countryCode":"FR","isoSubdivision":"FR-22","name":"Côtes-d'Armor","name_en":"Côtes-d'Armor","name_ko":"코트다르모르","type":"Metropolitan department","labelLongitude":-2.932,"labelLatitude":48.438,"minZoom":8},"geometry":{"type":"Polygon","coordinates":[[[-3.639,48.688],[-3.614,48.683],[-3.585,48.683],[-3.571,48.688],[-3.58,48.711],[-3.585,48.726],[-3.58,48.733],[-3.528,48.739],[-3.543,48.746],[-3.577,48.774],[-3.582,48.791],[-3.571,48.799],[-3.543,48.808],[-3.521,48.834],[-3.515,48.842],[-3.509,48.842],[-3.5,48.837],[-3.468,48.836],[-3.434,48.822],[-3.42,48.821],[-3.425,48.818],[-3.428,48.816],[-3.43,48.812],[-3.433,48.808],[-3.41,48.807],[-3.398,48.807],[-3.389,48.811],[-3.379,48.819],[-3.372,48.822],[-3.287,48.843],[-3.276,48.849],[-3.269,48.849],[-3.26,48.848],[-3.23,48.872],[-3.214,48.87],[-3.207,48.855],[-3.208,48.836],[-3.215,48.818],[-3.228,48.808],[-3.227,48.803],[-3.226,48.8],[-3.221,48.794],[-3.217,48.807],[-3.209,48.816],[-3.179,48.841],[-3.154,48.855],[-3.145,48.862],[-3.135,48.859],[-3.116,48.874],[-3.104,48.877],[-3.091,48.871],[-3.084,48.862],[-3.084,48.852],[-3.091,48.842],[-3.091,48.836],[-3.077,48.828],[-3.085,48.82],[-3.098,48.794],[-3.104,48.786],[-3.125,48.767],[-3.125,48.76],[-3.118,48.76],[-3.085,48.805],[-3.065,48.824],[-3.049,48.821],[-3.039,48.827],[-3.029,48.829],[-3.018,48.827],[-3.008,48.821],[-3.016,48.815],[-3.012,48.814],[-3.009,48.814],[-3.008,48.812],[-3.008,48.808],[-3.018,48.806],[-3.026,48.803],[-3.042,48.794],[-3.042,48.788],[-3.029,48.78],[-3.004,48.774],[-2.953,48.772],[-2.933,48.767],[-2.934,48.759],[-2.934,48.753],[-2.933,48.746],[-2.943,48.741],[-2.947,48.739],[-2.947,48.733],[-2.932,48.727],[-2.914,48.716],[-2.899,48.705],[-2.892,48.695],[-2.827,48.658],[-2.817,48.628],[-2.813,48.62],[-2.811,48.615],[-2.814,48.61],[-2.816,48.605],[-2.813,48.599],[-2.808,48.596],[-2.795,48.591],[-2.771,48.579],[-2.714,48.561],[-2.717,48.552],[-2.721,48.545],[-2.727,48.539],[-2.734,48.534],[-2.723,48.534],[-2.713,48.53],[-2.705,48.524],[-2.696,48.517],[-2.682,48.509],[-2.68,48.518],[-2.68,48.533],[-2.676,48.54],[-2.636,48.539],[-2.62,48.544],[-2.601,48.558],[-2.577,48.582],[-2.569,48.589],[-2.559,48.594],[-2.541,48.598],[-2.474,48.626],[-2.46,48.636],[-2.46,48.643],[-2.468,48.644],[-2.487,48.65],[-2.443,48.659],[-2.421,48.657],[-2.412,48.643],[-2.386,48.65],[-2.356,48.663],[-2.33,48.68],[-2.316,48.699],[-2.312,48.687],[-2.305,48.68],[-2.295,48.677],[-2.282,48.678],[-2.282,48.671],[-2.289,48.667],[-2.294,48.661],[-2.297,48.656],[-2.302,48.65],[-2.33,48.63],[-2.313,48.62],[-2.294,48.629],[-2.274,48.643],[-2.251,48.65],[-2.246,48.645],[-2.241,48.621],[-2.237,48.616],[-2.226,48.612],[-2.219,48.604],[-2.216,48.592],[-2.214,48.582],[-2.203,48.586],[-2.196,48.593],[-2.192,48.604],[-2.193,48.616],[-2.188,48.601],[-2.183,48.589],[-2.174,48.583],[-2.159,48.589],[-2.159,48.595],[-2.163,48.597],[-2.172,48.602],[-2.161,48.613],[-2.149,48.619],[-2.137,48.618],[-2.124,48.609],[-2.131,48.615],[-2.137,48.622],[-2.145,48.636],[-2.1,48.647],[-2.052,48.65],[-2.05,48.646],[-2.029,48.62],[-2.027,48.609],[-2.022,48.599],[-2.013,48.592],[-2.001,48.589],[-2.005,48.579],[-2.008,48.575],[-1.982,48.549],[-1.976,48.536],[-1.98,48.514],[-1.97,48.521],[-1.939,48.534],[-1.949,48.538],[-1.933,48.55],[-1.925,48.545],[-1.91,48.504],[-1.909,48.489],[-1.918,48.473],[-1.944,48.447],[-1.952,48.43],[-1.952,48.423],[-1.933,48.364],[-1.932,48.356],[-1.937,48.348],[-1.945,48.345],[-1.953,48.345],[-1.961,48.342],[-1.965,48.333],[-1.961,48.311],[-1.961,48.3],[-1.982,48.28],[-2.01,48.283],[-2.04,48.293],[-2.066,48.295],[-2.089,48.283],[-2.102,48.27],[-2.117,48.261],[-2.16,48.261],[-2.17,48.256],[-2.177,48.247],[-2.186,48.223],[-2.193,48.218],[-2.211,48.21],[-2.218,48.2],[-2.225,48.175],[-2.232,48.164],[-2.247,48.153],[-2.275,48.143],[-2.287,48.134],[-2.306,48.133],[-2.34,48.118],[-2.356,48.117],[-2.364,48.123],[-2.382,48.149],[-2.391,48.156],[-2.402,48.162],[-2.425,48.167],[-2.508,48.165],[-2.524,48.16],[-2.533,48.146],[-2.534,48.114],[-2.538,48.1],[-2.549,48.085],[-2.604,48.049],[-2.638,48.034],[-2.66,48.04],[-2.659,48.124],[-2.672,48.129],[-2.73,48.115],[-2.759,48.095],[-2.77,48.094],[-2.779,48.1],[-2.796,48.129],[-2.811,48.136],[-2.85,48.141],[-2.917,48.169],[-2.944,48.172],[-2.987,48.16],[-3,48.161],[-3.005,48.167],[-3.011,48.191],[-3.016,48.198],[-3.037,48.204],[-3.101,48.207],[-3.123,48.203],[-3.13,48.195],[-3.138,48.172],[-3.148,48.161],[-3.163,48.156],[-3.292,48.144],[-3.319,48.15],[-3.329,48.157],[-3.334,48.164],[-3.34,48.168],[-3.354,48.167],[-3.396,48.153],[-3.42,48.151],[-3.435,48.161],[-3.437,48.168],[-3.436,48.173],[-3.437,48.179],[-3.442,48.183],[-3.449,48.184],[-3.543,48.18],[-3.565,48.186],[-3.543,48.194],[-3.554,48.222],[-3.545,48.241],[-3.53,48.259],[-3.523,48.282],[-3.526,48.292],[-3.552,48.328],[-3.556,48.337],[-3.562,48.367],[-3.567,48.374],[-3.574,48.379],[-3.582,48.383],[-3.609,48.39],[-3.614,48.392],[-3.615,48.407],[-3.613,48.413],[-3.609,48.418],[-3.6,48.421],[-3.578,48.421],[-3.567,48.423],[-3.559,48.431],[-3.555,48.441],[-3.555,48.451],[-3.561,48.461],[-3.57,48.464],[-3.59,48.467],[-3.597,48.474],[-3.597,48.487],[-3.575,48.514],[-3.568,48.527],[-3.568,48.541],[-3.572,48.552],[-3.578,48.563],[-3.623,48.6],[-3.632,48.611],[-3.638,48.627],[-3.639,48.688]]]}},{"type":"Feature","id":"FR-23","properties":{"id":"FR-23","countryCode":"FR","isoSubdivision":"FR-23","name":"Creuse","name_en":"Creuse","name_ko":"크뢰즈","type":"Metropolitan department","labelLongitude":2.043,"labelLatitude":46.071,"minZoom":8},"geometry":{"type":"Polygon","coordinates":[[[1.92,45.696],[1.894,45.696],[1.871,45.71],[1.883,45.737],[1.885,45.773],[1.868,45.793],[1.8,45.818],[1.787,45.826],[1.781,45.831],[1.771,45.847],[1.765,45.853],[1.756,45.856],[1.732,45.857],[1.66,45.842],[1.637,45.843],[1.625,45.845],[1.616,45.85],[1.612,45.863],[1.62,45.892],[1.619,45.905],[1.609,45.916],[1.595,45.921],[1.527,45.922],[1.516,45.931],[1.519,45.95],[1.517,45.952],[1.542,45.961],[1.561,45.973],[1.578,45.994],[1.552,45.997],[1.541,46.02],[1.536,46.049],[1.526,46.07],[1.493,46.084],[1.488,46.095],[1.489,46.109],[1.493,46.121],[1.495,46.133],[1.488,46.147],[1.465,46.168],[1.451,46.175],[1.404,46.187],[1.387,46.209],[1.385,46.237],[1.438,46.313],[1.44,46.336],[1.414,46.351],[1.446,46.365],[1.511,46.412],[1.526,46.414],[1.536,46.413],[1.548,46.409],[1.562,46.407],[1.588,46.41],[1.598,46.407],[1.602,46.402],[1.601,46.396],[1.604,46.389],[1.612,46.384],[1.629,46.381],[1.641,46.383],[1.651,46.388],[1.66,46.395],[1.672,46.401],[1.684,46.403],[1.725,46.396],[1.737,46.398],[1.745,46.403],[1.75,46.409],[1.752,46.415],[1.753,46.421],[1.752,46.428],[1.751,46.435],[1.753,46.442],[1.762,46.45],[1.771,46.452],[1.78,46.451],[1.788,46.446],[1.809,46.427],[1.819,46.422],[1.831,46.42],[1.841,46.424],[1.861,46.435],[1.872,46.437],[1.882,46.438],[1.971,46.436],[1.984,46.434],[2.004,46.427],[2.012,46.425],[2.068,46.425],[2.102,46.416],[2.139,46.421],[2.155,46.424],[2.254,46.42],[2.289,46.385],[2.316,46.367],[2.322,46.357],[2.324,46.346],[2.332,46.329],[2.34,46.323],[2.349,46.318],[2.368,46.314],[2.397,46.31],[2.406,46.305],[2.411,46.299],[2.415,46.289],[2.419,46.282],[2.425,46.275],[2.431,46.274],[2.441,46.281],[2.449,46.283],[2.463,46.28],[2.474,46.271],[2.515,46.226],[2.521,46.216],[2.527,46.194],[2.531,46.185],[2.538,46.176],[2.558,46.152],[2.567,46.136],[2.56,46.091],[2.561,46.082],[2.564,46.07],[2.569,46.062],[2.586,46.041],[2.595,46.027],[2.597,46.017],[2.598,46.01],[2.594,46],[2.594,45.995],[2.593,45.986],[2.595,45.971],[2.59,45.964],[2.575,45.953],[2.568,45.946],[2.562,45.938],[2.556,45.928],[2.549,45.913],[2.542,45.903],[2.534,45.897],[2.526,45.892],[2.52,45.887],[2.506,45.873],[2.502,45.87],[2.498,45.869],[2.492,45.868],[2.473,45.871],[2.464,45.869],[2.454,45.864],[2.442,45.853],[2.432,45.847],[2.412,45.838],[2.401,45.829],[2.398,45.822],[2.401,45.814],[2.422,45.794],[2.428,45.788],[2.431,45.781],[2.435,45.768],[2.439,45.762],[2.444,45.757],[2.452,45.755],[2.46,45.754],[2.469,45.752],[2.471,45.751],[2.476,45.746],[2.484,45.741],[2.49,45.736],[2.458,45.716],[2.435,45.708],[2.364,45.713],[2.358,45.71],[2.339,45.687],[2.328,45.68],[2.315,45.676],[2.301,45.674],[2.289,45.675],[2.174,45.726],[2.103,45.735],[2.093,45.74],[2.072,45.755],[2.065,45.759],[2.057,45.761],[2.041,45.76],[2.023,45.753],[2.005,45.739],[1.99,45.722],[1.98,45.704],[1.92,45.696]]]}},{"type":"Feature","id":"FR-24","properties":{"id":"FR-24","countryCode":"FR","isoSubdivision":"FR-24","name":"Dordogne","name_en":"Dordogne","name_ko":"도르도뉴","type":"Metropolitan department","labelLongitude":0.781,"labelLatitude":45.159,"minZoom":8},"geometry":{"type":"Polygon","coordinates":[[[-0.013,44.861],[0.031,44.911],[0.031,44.92],[0.011,44.937],[0.005,44.946],[0.007,44.96],[0.014,44.973],[0.023,44.982],[0.034,44.99],[0.039,44.996],[0.036,45.011],[0.038,45.019],[0.066,45.064],[0.064,45.082],[0.049,45.109],[0.031,45.12],[-0.034,45.12],[-0.013,45.142],[-0.006,45.146],[-0.001,45.152],[0,45.158],[-0.007,45.167],[-0.011,45.174],[-0.012,45.178],[0,45.192],[0.073,45.22],[0.083,45.222],[0.092,45.223],[0.1,45.221],[0.117,45.215],[0.125,45.214],[0.133,45.215],[0.143,45.218],[0.152,45.224],[0.16,45.231],[0.168,45.248],[0.17,45.252],[0.173,45.255],[0.179,45.26],[0.206,45.267],[0.22,45.272],[0.238,45.284],[0.249,45.293],[0.256,45.305],[0.257,45.313],[0.253,45.34],[0.254,45.354],[0.256,45.366],[0.269,45.404],[0.275,45.416],[0.281,45.422],[0.288,45.429],[0.39,45.48],[0.41,45.486],[0.419,45.484],[0.425,45.484],[0.434,45.489],[0.445,45.499],[0.474,45.537],[0.498,45.56],[0.505,45.568],[0.511,45.582],[0.513,45.591],[0.513,45.599],[0.513,45.621],[0.514,45.628],[0.517,45.634],[0.523,45.639],[0.535,45.642],[0.545,45.641],[0.555,45.642],[0.565,45.648],[0.584,45.671],[0.601,45.687],[0.636,45.71],[0.655,45.699],[0.683,45.695],[0.714,45.697],[0.724,45.696],[0.735,45.693],[0.749,45.682],[0.771,45.662],[0.773,45.654],[0.773,45.648],[0.762,45.621],[0.761,45.614],[0.769,45.607],[0.786,45.602],[0.819,45.596],[0.836,45.597],[0.847,45.601],[0.858,45.614],[0.864,45.619],[0.872,45.62],[0.883,45.613],[0.891,45.609],[0.905,45.608],[0.936,45.615],[0.944,45.615],[0.971,45.612],[0.979,45.612],[0.997,45.615],[1.009,45.615],[1.017,45.611],[1.028,45.605],[1.041,45.591],[1.065,45.561],[1.072,45.554],[1.083,45.547],[1.103,45.541],[1.145,45.537],[1.153,45.533],[1.159,45.528],[1.16,45.52],[1.155,45.513],[1.146,45.508],[1.133,45.5],[1.131,45.499],[1.128,45.495],[1.126,45.489],[1.131,45.483],[1.141,45.477],[1.162,45.473],[1.176,45.468],[1.199,45.457],[1.229,45.461],[1.255,45.446],[1.26,45.444],[1.272,45.445],[1.279,45.444],[1.287,45.44],[1.291,45.434],[1.287,45.425],[1.282,45.417],[1.276,45.41],[1.271,45.404],[1.27,45.397],[1.273,45.39],[1.281,45.384],[1.29,45.383],[1.3,45.384],[1.31,45.387],[1.318,45.387],[1.325,45.383],[1.327,45.376],[1.324,45.367],[1.316,45.361],[1.29,45.349],[1.275,45.333],[1.26,45.325],[1.254,45.32],[1.251,45.314],[1.25,45.302],[1.247,45.296],[1.243,45.289],[1.243,45.282],[1.248,45.275],[1.262,45.266],[1.275,45.261],[1.283,45.255],[1.28,45.247],[1.273,45.24],[1.247,45.225],[1.242,45.219],[1.239,45.213],[1.239,45.207],[1.242,45.202],[1.253,45.199],[1.273,45.201],[1.281,45.2],[1.288,45.195],[1.291,45.186],[1.29,45.179],[1.286,45.173],[1.281,45.167],[1.278,45.161],[1.28,45.154],[1.289,45.147],[1.309,45.138],[1.322,45.134],[1.333,45.132],[1.39,45.134],[1.397,45.132],[1.402,45.127],[1.401,45.117],[1.397,45.109],[1.395,45.101],[1.394,45.094],[1.398,45.085],[1.405,45.071],[1.416,45.059],[1.423,45.048],[1.43,45.041],[1.448,45.03],[1.459,45.015],[1.43,45],[1.425,44.984],[1.447,44.933],[1.446,44.921],[1.441,44.913],[1.434,44.906],[1.434,44.899],[1.437,44.89],[1.437,44.883],[1.433,44.876],[1.427,44.87],[1.399,44.853],[1.391,44.846],[1.383,44.837],[1.372,44.82],[1.364,44.811],[1.355,44.807],[1.346,44.807],[1.336,44.806],[1.326,44.802],[1.314,44.789],[1.31,44.78],[1.312,44.773],[1.317,44.768],[1.322,44.762],[1.322,44.751],[1.315,44.741],[1.3,44.726],[1.288,44.717],[1.276,44.712],[1.258,44.707],[1.25,44.702],[1.235,44.693],[1.227,44.689],[1.218,44.687],[1.199,44.685],[1.19,44.683],[1.175,44.673],[1.131,44.615],[1.12,44.604],[1.095,44.585],[1.077,44.575],[1.056,44.6],[1.017,44.623],[0.972,44.638],[0.939,44.638],[0.873,44.604],[0.841,44.602],[0.817,44.627],[0.838,44.642],[0.842,44.66],[0.832,44.677],[0.812,44.69],[0.793,44.692],[0.735,44.677],[0.686,44.674],[0.664,44.68],[0.651,44.696],[0.641,44.7],[0.6,44.701],[0.587,44.699],[0.577,44.691],[0.56,44.672],[0.547,44.665],[0.537,44.666],[0.516,44.675],[0.505,44.676],[0.439,44.65],[0.417,44.645],[0.375,44.657],[0.35,44.689],[0.329,44.728],[0.297,44.762],[0.283,44.775],[0.274,44.79],[0.264,44.826],[0.28,44.827],[0.296,44.834],[0.311,44.844],[0.322,44.857],[0.315,44.861],[0.31,44.866],[0.305,44.868],[0.251,44.879],[0.233,44.881],[0.24,44.868],[0.224,44.858],[0.193,44.832],[0.174,44.827],[0.031,44.84],[0.028,44.843],[0.011,44.856],[0.006,44.858],[0.001,44.863],[-0.013,44.861]]]}},{"type":"Feature","id":"FR-25","properties":{"id":"FR-25","countryCode":"FR","isoSubdivision":"FR-25","name":"Doubs","name_en":"Doubs","name_ko":"두","type":"Metropolitan department","labelLongitude":6.319,"labelLatitude":47.158,"minZoom":8},"geometry":{"type":"Polygon","coordinates":[[[6.939,47.427],[6.926,47.425],[6.925,47.406],[6.899,47.396],[6.884,47.383],[6.872,47.367],[6.867,47.354],[6.986,47.362],[7.004,47.368],[7.019,47.36],[7.034,47.351],[7.044,47.34],[7.037,47.33],[7.027,47.325],[7.017,47.324],[7.006,47.319],[6.992,47.306],[6.987,47.305],[6.977,47.304],[6.959,47.291],[6.952,47.27],[6.956,47.245],[6.888,47.211],[6.859,47.191],[6.84,47.17],[6.838,47.168],[6.775,47.128],[6.745,47.121],[6.746,47.104],[6.732,47.099],[6.728,47.097],[6.724,47.091],[6.699,47.085],[6.69,47.078],[6.676,47.062],[6.688,47.044],[6.665,47.021],[6.599,46.987],[6.491,46.963],[6.443,46.944],[6.428,46.909],[6.432,46.9],[6.445,46.883],[6.448,46.872],[6.447,46.858],[6.443,46.851],[6.441,46.848],[6.434,46.84],[6.419,46.807],[6.417,46.802],[6.42,46.797],[6.425,46.792],[6.433,46.786],[6.433,46.769],[6.429,46.761],[6.418,46.751],[6.407,46.746],[6.374,46.734],[6.348,46.713],[6.338,46.707],[6.266,46.68],[6.132,46.596],[6.118,46.583],[6.122,46.57],[6.138,46.558],[6.116,46.564],[6.085,46.58],[6.06,46.6],[6.054,46.616],[6.06,46.625],[6.067,46.632],[6.096,46.649],[6.097,46.653],[6.095,46.661],[6.083,46.675],[6.081,46.683],[6.083,46.691],[6.089,46.696],[6.193,46.752],[6.207,46.766],[6.082,46.847],[6.071,46.851],[6.046,46.851],[6.035,46.853],[6.025,46.858],[6.002,46.882],[5.994,46.896],[5.99,46.935],[5.984,46.949],[5.974,46.964],[5.962,46.976],[5.95,46.985],[5.915,46.997],[5.837,47.009],[5.815,47.026],[5.804,47.031],[5.791,47.029],[5.774,47.016],[5.767,47.014],[5.759,47.015],[5.752,47.019],[5.748,47.025],[5.748,47.033],[5.752,47.04],[5.769,47.052],[5.776,47.058],[5.778,47.065],[5.775,47.083],[5.778,47.092],[5.784,47.098],[5.799,47.108],[5.806,47.116],[5.812,47.124],[5.815,47.134],[5.815,47.144],[5.813,47.151],[5.782,47.19],[5.725,47.218],[5.719,47.226],[5.708,47.254],[5.699,47.265],[5.732,47.264],[5.927,47.343],[5.939,47.344],[5.976,47.336],[5.997,47.336],[6.075,47.355],[6.089,47.365],[6.115,47.389],[6.123,47.394],[6.156,47.392],[6.168,47.395],[6.174,47.397],[6.179,47.401],[6.182,47.405],[6.188,47.419],[6.192,47.422],[6.202,47.429],[6.206,47.431],[6.22,47.432],[6.248,47.427],[6.261,47.429],[6.276,47.44],[6.308,47.492],[6.321,47.501],[6.337,47.507],[6.425,47.518],[6.441,47.517],[6.451,47.512],[6.467,47.5],[6.476,47.495],[6.482,47.497],[6.495,47.508],[6.5,47.51],[6.554,47.49],[6.566,47.5],[6.584,47.529],[6.596,47.538],[6.604,47.538],[6.624,47.533],[6.634,47.533],[6.643,47.536],[6.667,47.55],[6.703,47.558],[6.78,47.543],[6.807,47.563],[6.825,47.548],[6.847,47.548],[6.871,47.553],[6.894,47.552],[6.908,47.545],[6.919,47.534],[6.923,47.521],[6.914,47.497],[6.914,47.487],[6.933,47.449],[6.939,47.427]]]}},{"type":"Feature","id":"FR-26","properties":{"id":"FR-26","countryCode":"FR","isoSubdivision":"FR-26","name":"Drôme","name_en":"Drôme","name_ko":"드롬","type":"Metropolitan department","labelLongitude":5.134,"labelLatitude":44.741,"minZoom":8},"geometry":{"type":"Polygon","coordinates":[[[4.99,45.344],[5.004,45.341],[5.009,45.335],[5.012,45.327],[5.021,45.319],[5.03,45.318],[5.049,45.319],[5.056,45.313],[5.071,45.293],[5.085,45.284],[5.131,45.284],[5.122,45.245],[5.16,45.257],[5.173,45.238],[5.176,45.205],[5.19,45.15],[5.171,45.1],[5.177,45.081],[5.191,45.087],[5.233,45.086],[5.245,45.064],[5.262,45.06],[5.28,45.063],[5.309,45.057],[5.33,45.062],[5.341,45.062],[5.343,45.06],[5.346,45.051],[5.351,45.047],[5.391,45.047],[5.458,45.08],[5.486,45.081],[5.471,45.056],[5.474,45.038],[5.484,45.02],[5.493,44.995],[5.492,44.984],[5.482,44.959],[5.482,44.922],[5.46,44.818],[5.46,44.8],[5.476,44.787],[5.549,44.771],[5.548,44.793],[5.566,44.787],[5.591,44.766],[5.621,44.751],[5.643,44.729],[5.655,44.724],[5.773,44.709],[5.812,44.712],[5.818,44.703],[5.829,44.697],[5.831,44.69],[5.83,44.683],[5.824,44.677],[5.817,44.67],[5.801,44.659],[5.793,44.655],[5.764,44.652],[5.747,44.646],[5.734,44.643],[5.723,44.641],[5.705,44.643],[5.693,44.645],[5.683,44.646],[5.673,44.645],[5.658,44.641],[5.654,44.635],[5.653,44.628],[5.651,44.618],[5.644,44.606],[5.615,44.573],[5.61,44.566],[5.608,44.561],[5.608,44.556],[5.61,44.55],[5.613,44.546],[5.62,44.539],[5.646,44.526],[5.653,44.521],[5.658,44.514],[5.659,44.503],[5.651,44.496],[5.607,44.473],[5.596,44.471],[5.587,44.471],[5.525,44.488],[5.494,44.491],[5.484,44.491],[5.472,44.489],[5.467,44.485],[5.466,44.479],[5.467,44.472],[5.469,44.465],[5.472,44.458],[5.478,44.453],[5.485,44.448],[5.492,44.446],[5.498,44.442],[5.5,44.438],[5.5,44.431],[5.498,44.427],[5.493,44.424],[5.485,44.423],[5.476,44.423],[5.449,44.429],[5.439,44.429],[5.428,44.425],[5.427,44.419],[5.43,44.413],[5.444,44.402],[5.45,44.396],[5.452,44.39],[5.454,44.38],[5.455,44.375],[5.459,44.37],[5.497,44.348],[5.501,44.346],[5.508,44.345],[5.527,44.342],[5.538,44.34],[5.556,44.332],[5.564,44.33],[5.61,44.332],[5.619,44.332],[5.627,44.33],[5.631,44.325],[5.629,44.318],[5.623,44.31],[5.623,44.303],[5.628,44.298],[5.636,44.293],[5.648,44.281],[5.655,44.276],[5.671,44.271],[5.678,44.267],[5.684,44.259],[5.685,44.233],[5.682,44.194],[5.679,44.191],[5.671,44.181],[5.675,44.157],[5.671,44.151],[5.664,44.149],[5.656,44.15],[5.649,44.154],[5.645,44.159],[5.643,44.166],[5.638,44.172],[5.627,44.178],[5.604,44.181],[5.59,44.178],[5.578,44.17],[5.565,44.157],[5.537,44.136],[5.506,44.122],[5.471,44.125],[5.462,44.128],[5.426,44.151],[5.409,44.157],[5.399,44.163],[5.393,44.169],[5.391,44.177],[5.389,44.184],[5.385,44.193],[5.379,44.202],[5.371,44.206],[5.362,44.208],[5.353,44.207],[5.339,44.209],[5.269,44.227],[5.255,44.228],[5.24,44.225],[5.223,44.224],[5.193,44.229],[5.177,44.234],[5.167,44.241],[5.164,44.247],[5.162,44.254],[5.162,44.269],[5.163,44.276],[5.171,44.29],[5.175,44.297],[5.173,44.305],[5.167,44.308],[5.16,44.307],[5.153,44.303],[5.139,44.293],[5.127,44.289],[5.111,44.288],[5.066,44.296],[5.052,44.296],[4.984,44.282],[4.965,44.276],[4.946,44.268],[4.928,44.262],[4.919,44.261],[4.891,44.259],[4.882,44.257],[4.873,44.253],[4.855,44.243],[4.845,44.239],[4.832,44.237],[4.822,44.238],[4.814,44.243],[4.81,44.249],[4.787,44.296],[4.781,44.303],[4.774,44.311],[4.759,44.32],[4.751,44.324],[4.744,44.326],[4.716,44.329],[4.686,44.33],[4.658,44.327],[4.666,44.392],[4.673,44.415],[4.67,44.421],[4.672,44.429],[4.677,44.437],[4.7,44.466],[4.703,44.475],[4.721,44.573],[4.74,44.606],[4.767,44.631],[4.789,44.658],[4.796,44.696],[4.791,44.713],[4.773,44.741],[4.769,44.755],[4.771,44.779],[4.778,44.795],[4.788,44.808],[4.803,44.821],[4.814,44.827],[4.822,44.831],[4.828,44.837],[4.831,44.851],[4.836,44.854],[4.858,44.871],[4.862,44.875],[4.869,44.885],[4.889,44.932],[4.893,44.95],[4.886,44.967],[4.857,45.002],[4.851,45.022],[4.853,45.033],[4.859,45.054],[4.858,45.066],[4.853,45.074],[4.846,45.081],[4.841,45.088],[4.845,45.101],[4.823,45.111],[4.822,45.133],[4.827,45.158],[4.814,45.197],[4.812,45.229],[4.813,45.26],[4.817,45.279],[4.811,45.279],[4.811,45.296],[4.878,45.301],[4.968,45.34],[4.99,45.344]],[[4.897,44.312],[4.981,44.313],[4.992,44.316],[5.001,44.323],[5.014,44.343],[5.022,44.352],[5.038,44.362],[5.043,44.368],[5.043,44.378],[5.039,44.386],[5.032,44.394],[4.992,44.423],[4.979,44.428],[4.964,44.429],[4.95,44.424],[4.938,44.416],[4.889,44.356],[4.882,44.342],[4.881,44.332],[4.883,44.323],[4.888,44.316],[4.897,44.312]]]}},{"type":"Feature","id":"FR-27","properties":{"id":"FR-27","countryCode":"FR","isoSubdivision":"FR-27","name":"Eure","name_en":"Eure","name_ko":"외르","type":"Metropolitan department","labelLongitude":0.93,"labelLatitude":49.041,"minZoom":8},"geometry":{"type":"Polygon","coordinates":[[[0.294,49.435],[0.411,49.452],[0.457,49.467],[0.477,49.479],[0.493,49.494],[0.502,49.494],[0.508,49.492],[0.52,49.486],[0.54,49.473],[0.573,49.444],[0.592,49.438],[0.616,49.44],[0.634,49.445],[0.664,49.408],[0.71,49.403],[0.805,49.42],[0.819,49.416],[0.867,49.385],[0.907,49.371],[0.919,49.361],[0.92,49.339],[0.859,49.345],[0.874,49.315],[0.904,49.302],[0.939,49.294],[0.968,49.28],[0.986,49.266],[1.003,49.258],[1.022,49.256],[1.044,49.262],[1.037,49.278],[1.046,49.292],[1.063,49.301],[1.127,49.313],[1.137,49.318],[1.151,49.336],[1.171,49.346],[1.194,49.352],[1.267,49.348],[1.279,49.355],[1.323,49.418],[1.35,49.442],[1.392,49.454],[1.539,49.44],[1.677,49.399],[1.718,49.411],[1.721,49.382],[1.75,49.311],[1.777,49.267],[1.783,49.251],[1.783,49.25],[1.78,49.249],[1.775,49.246],[1.768,49.246],[1.761,49.248],[1.757,49.249],[1.755,49.25],[1.744,49.262],[1.735,49.267],[1.726,49.27],[1.715,49.27],[1.705,49.266],[1.692,49.252],[1.691,49.25],[1.693,49.243],[1.698,49.231],[1.668,49.191],[1.62,49.083],[1.581,49.069],[1.454,49.049],[1.445,49.043],[1.443,49.036],[1.453,49.022],[1.455,49.015],[1.456,49.009],[1.455,49.006],[1.452,48.997],[1.451,48.992],[1.452,48.986],[1.456,48.981],[1.464,48.979],[1.474,48.978],[1.483,48.977],[1.488,48.973],[1.488,48.966],[1.487,48.958],[1.488,48.952],[1.493,48.94],[1.453,48.923],[1.448,48.917],[1.445,48.91],[1.454,48.888],[1.454,48.881],[1.451,48.871],[1.444,48.864],[1.436,48.859],[1.412,48.851],[1.395,48.844],[1.372,48.831],[1.362,48.821],[1.355,48.811],[1.352,48.801],[1.344,48.788],[1.334,48.78],[1.324,48.775],[1.3,48.768],[1.258,48.752],[1.253,48.75],[1.249,48.75],[1.247,48.75],[1.238,48.754],[1.229,48.757],[1.219,48.758],[1.184,48.756],[1.173,48.756],[1.163,48.757],[1.154,48.76],[1.126,48.776],[1.114,48.779],[1.109,48.778],[1.105,48.774],[1.105,48.762],[1.103,48.756],[1.097,48.752],[1.09,48.751],[1.087,48.75],[1.085,48.75],[1.065,48.752],[1.053,48.751],[1.039,48.748],[1.03,48.742],[1.024,48.736],[1.018,48.729],[1.009,48.721],[0.999,48.718],[0.989,48.716],[0.979,48.717],[0.968,48.717],[0.873,48.699],[0.86,48.694],[0.849,48.688],[0.816,48.665],[0.79,48.673],[0.78,48.675],[0.769,48.679],[0.755,48.694],[0.748,48.699],[0.737,48.702],[0.73,48.706],[0.729,48.713],[0.736,48.72],[0.744,48.726],[0.752,48.732],[0.756,48.738],[0.758,48.744],[0.76,48.75],[0.76,48.751],[0.76,48.752],[0.756,48.758],[0.747,48.77],[0.742,48.776],[0.735,48.78],[0.724,48.785],[0.687,48.791],[0.672,48.796],[0.66,48.803],[0.614,48.846],[0.61,48.854],[0.607,48.861],[0.605,48.868],[0.6,48.874],[0.592,48.878],[0.577,48.877],[0.559,48.869],[0.55,48.867],[0.541,48.867],[0.464,48.882],[0.44,48.881],[0.43,48.881],[0.421,48.884],[0.407,48.893],[0.401,48.897],[0.397,48.906],[0.396,48.913],[0.413,48.941],[0.417,48.946],[0.424,48.953],[0.426,48.959],[0.428,48.966],[0.428,48.98],[0.429,48.993],[0.431,49.001],[0.431,49.003],[0.43,49.009],[0.427,49.016],[0.418,49.025],[0.39,49.039],[0.383,49.044],[0.378,49.051],[0.374,49.058],[0.374,49.065],[0.378,49.073],[0.386,49.074],[0.403,49.072],[0.411,49.073],[0.415,49.076],[0.416,49.08],[0.415,49.087],[0.41,49.097],[0.408,49.106],[0.412,49.116],[0.418,49.123],[0.423,49.13],[0.421,49.137],[0.405,49.156],[0.396,49.17],[0.385,49.195],[0.372,49.208],[0.36,49.214],[0.351,49.218],[0.344,49.224],[0.339,49.231],[0.335,49.238],[0.336,49.246],[0.337,49.249],[0.34,49.251],[0.354,49.254],[0.364,49.258],[0.372,49.262],[0.376,49.269],[0.375,49.275],[0.365,49.281],[0.355,49.283],[0.334,49.284],[0.325,49.288],[0.318,49.294],[0.305,49.313],[0.305,49.323],[0.308,49.339],[0.307,49.349],[0.304,49.364],[0.304,49.393],[0.295,49.431],[0.294,49.435]]]}},{"type":"Feature","id":"FR-28","properties":{"id":"FR-28","countryCode":"FR","isoSubdivision":"FR-28","name":"Eure-et-Loir","name_en":"Eure-et-Loir","name_ko":"외르에루아르","type":"Metropolitan department","labelLongitude":1.367,"labelLatitude":48.356,"minZoom":8},"geometry":{"type":"Polygon","coordinates":[[[1.212,47.968],[1.205,47.969],[1.193,47.977],[1.163,48.013],[1.121,48.042],[1.097,48.068],[1.083,48.073],[1.05,48.076],[1.036,48.082],[1.031,48.093],[1.027,48.119],[1.019,48.129],[1.006,48.131],[0.992,48.127],[0.965,48.113],[0.931,48.105],[0.867,48.103],[0.833,48.094],[0.832,48.103],[0.836,48.107],[0.847,48.112],[0.883,48.129],[0.903,48.134],[0.913,48.141],[0.913,48.147],[0.907,48.153],[0.898,48.156],[0.889,48.158],[0.858,48.159],[0.847,48.161],[0.798,48.186],[0.81,48.191],[0.818,48.195],[0.825,48.201],[0.827,48.209],[0.823,48.22],[0.817,48.228],[0.8,48.248],[0.798,48.25],[0.797,48.253],[0.796,48.26],[0.796,48.269],[0.798,48.281],[0.798,48.29],[0.794,48.296],[0.786,48.3],[0.779,48.305],[0.775,48.313],[0.779,48.324],[0.784,48.331],[0.789,48.335],[0.796,48.336],[0.814,48.338],[0.827,48.34],[0.895,48.359],[0.916,48.369],[0.945,48.388],[0.95,48.393],[0.957,48.407],[0.961,48.413],[0.966,48.42],[0.975,48.426],[0.98,48.433],[0.979,48.441],[0.968,48.451],[0.959,48.458],[0.953,48.464],[0.949,48.469],[0.947,48.479],[0.946,48.486],[0.947,48.493],[0.95,48.5],[0.951,48.501],[0.952,48.504],[0.953,48.509],[0.951,48.516],[0.945,48.523],[0.893,48.562],[0.864,48.574],[0.85,48.583],[0.833,48.605],[0.823,48.621],[0.816,48.665],[0.849,48.688],[0.86,48.694],[0.873,48.699],[0.968,48.717],[0.979,48.717],[0.989,48.716],[0.999,48.718],[1.009,48.721],[1.018,48.729],[1.024,48.736],[1.03,48.742],[1.039,48.748],[1.053,48.751],[1.065,48.752],[1.085,48.75],[1.087,48.75],[1.09,48.751],[1.097,48.752],[1.103,48.756],[1.105,48.762],[1.105,48.774],[1.109,48.778],[1.114,48.779],[1.126,48.776],[1.154,48.76],[1.163,48.757],[1.173,48.756],[1.184,48.756],[1.219,48.758],[1.229,48.757],[1.238,48.754],[1.247,48.75],[1.249,48.75],[1.253,48.75],[1.258,48.752],[1.3,48.768],[1.324,48.775],[1.334,48.78],[1.344,48.788],[1.352,48.801],[1.355,48.811],[1.362,48.821],[1.372,48.831],[1.395,48.844],[1.412,48.851],[1.436,48.859],[1.444,48.864],[1.451,48.871],[1.454,48.881],[1.454,48.888],[1.445,48.91],[1.448,48.917],[1.453,48.923],[1.493,48.94],[1.547,48.868],[1.562,48.854],[1.57,48.845],[1.575,48.832],[1.575,48.823],[1.573,48.814],[1.568,48.799],[1.567,48.793],[1.566,48.787],[1.566,48.783],[1.568,48.773],[1.571,48.768],[1.577,48.762],[1.605,48.751],[1.606,48.749],[1.606,48.745],[1.604,48.737],[1.599,48.73],[1.584,48.717],[1.578,48.711],[1.575,48.704],[1.576,48.698],[1.579,48.693],[1.595,48.687],[1.603,48.681],[1.611,48.664],[1.62,48.653],[1.635,48.643],[1.685,48.619],[1.698,48.612],[1.703,48.603],[1.705,48.589],[1.709,48.582],[1.718,48.575],[1.736,48.568],[1.748,48.562],[1.758,48.552],[1.762,48.544],[1.764,48.536],[1.765,48.529],[1.765,48.523],[1.763,48.508],[1.764,48.501],[1.765,48.5],[1.774,48.486],[1.785,48.477],[1.801,48.468],[1.85,48.45],[1.875,48.444],[1.911,48.449],[1.919,48.444],[1.92,48.421],[1.923,48.413],[1.932,48.405],[1.942,48.4],[1.951,48.393],[1.958,48.383],[1.963,48.359],[1.968,48.347],[1.977,48.336],[1.996,48.329],[1.999,48.326],[2,48.32],[1.986,48.306],[1.977,48.3],[1.972,48.295],[1.971,48.289],[1.972,48.284],[1.988,48.277],[1.968,48.254],[1.965,48.246],[1.966,48.234],[1.976,48.201],[1.971,48.186],[1.964,48.178],[1.953,48.175],[1.939,48.173],[1.918,48.167],[1.908,48.152],[1.89,48.115],[1.873,48.098],[1.855,48.086],[1.834,48.082],[1.809,48.087],[1.789,48.085],[1.729,48.067],[1.675,48.074],[1.647,48.072],[1.631,48.065],[1.614,48.046],[1.599,48.035],[1.584,48.033],[1.553,48.043],[1.537,48.04],[1.521,48.029],[1.516,48.018],[1.52,47.986],[1.52,47.982],[1.491,47.992],[1.47,47.993],[1.451,47.989],[1.371,47.955],[1.349,47.951],[1.325,47.951],[1.252,47.975],[1.234,47.975],[1.212,47.968]]]}},{"type":"Feature","id":"FR-29","properties":{"id":"FR-29","countryCode":"FR","isoSubdivision":"FR-29","name":"Finistère","name_en":"Finistère","name_ko":"피니스테르","type":"Metropolitan department","labelLongitude":-3.926,"labelLatitude":48.331,"minZoom":8},"geometry":{"type":"MultiPolygon","coordinates":[[[[-3.539,47.774],[-3.556,47.774],[-3.591,47.78],[-3.617,47.779],[-3.625,47.78],[-3.633,47.783],[-3.644,47.792],[-3.649,47.794],[-3.687,47.792],[-3.706,47.797],[-3.715,47.811],[-3.723,47.813],[-3.775,47.794],[-3.79,47.803],[-3.811,47.803],[-3.834,47.8],[-3.852,47.801],[-3.853,47.804],[-3.872,47.828],[-3.879,47.834],[-3.886,47.837],[-3.89,47.843],[-3.886,47.855],[-3.895,47.855],[-3.901,47.857],[-3.913,47.862],[-3.916,47.873],[-3.935,47.888],[-3.962,47.9],[-3.988,47.903],[-3.979,47.883],[-3.986,47.868],[-4.009,47.851],[-4.029,47.855],[-4.019,47.854],[-4.011,47.856],[-4.005,47.861],[-4.002,47.869],[-4.014,47.866],[-4.024,47.866],[-4.032,47.864],[-4.037,47.855],[-4.065,47.871],[-4.078,47.874],[-4.094,47.875],[-4.107,47.88],[-4.119,47.892],[-4.129,47.908],[-4.132,47.924],[-4.143,47.912],[-4.137,47.897],[-4.123,47.883],[-4.111,47.875],[-4.111,47.869],[-4.124,47.869],[-4.134,47.866],[-4.143,47.862],[-4.153,47.855],[-4.172,47.877],[-4.186,47.874],[-4.188,47.862],[-4.174,47.855],[-4.177,47.851],[-4.18,47.848],[-4.18,47.842],[-4.153,47.842],[-4.153,47.834],[-4.185,47.813],[-4.201,47.807],[-4.225,47.802],[-4.372,47.807],[-4.371,47.815],[-4.373,47.829],[-4.372,47.834],[-4.365,47.837],[-4.356,47.837],[-4.348,47.838],[-4.344,47.845],[-4.347,47.863],[-4.362,47.889],[-4.372,47.916],[-4.387,47.934],[-4.435,47.976],[-4.523,48.023],[-4.533,48.026],[-4.547,48.021],[-4.559,48.011],[-4.572,48.006],[-4.602,48.026],[-4.619,48.028],[-4.653,48.026],[-4.728,48.041],[-4.722,48.044],[-4.716,48.05],[-4.712,48.057],[-4.706,48.064],[-4.706,48.067],[-4.704,48.071],[-4.701,48.075],[-4.697,48.075],[-4.69,48.069],[-4.684,48.067],[-4.362,48.116],[-4.305,48.104],[-4.29,48.108],[-4.285,48.115],[-4.276,48.144],[-4.28,48.155],[-4.294,48.167],[-4.297,48.174],[-4.302,48.196],[-4.316,48.206],[-4.358,48.212],[-4.366,48.215],[-4.372,48.22],[-4.377,48.226],[-4.379,48.232],[-4.404,48.226],[-4.458,48.249],[-4.485,48.243],[-4.5,48.225],[-4.514,48.202],[-4.532,48.183],[-4.557,48.177],[-4.549,48.198],[-4.544,48.205],[-4.555,48.217],[-4.561,48.225],[-4.564,48.232],[-4.559,48.244],[-4.551,48.249],[-4.547,48.253],[-4.554,48.263],[-4.566,48.265],[-4.626,48.267],[-4.624,48.277],[-4.626,48.287],[-4.615,48.291],[-4.607,48.291],[-4.599,48.288],[-4.588,48.287],[-4.575,48.29],[-4.573,48.297],[-4.576,48.304],[-4.577,48.308],[-4.559,48.339],[-4.547,48.347],[-4.53,48.342],[-4.543,48.305],[-4.516,48.296],[-4.427,48.3],[-4.416,48.297],[-4.41,48.292],[-4.402,48.289],[-4.389,48.287],[-4.377,48.288],[-4.33,48.297],[-4.263,48.3],[-4.269,48.296],[-4.275,48.294],[-4.29,48.294],[-4.269,48.288],[-4.187,48.3],[-4.187,48.308],[-4.219,48.306],[-4.231,48.31],[-4.235,48.322],[-4.244,48.314],[-4.258,48.311],[-4.27,48.315],[-4.276,48.325],[-4.282,48.324],[-4.325,48.322],[-4.316,48.331],[-4.312,48.333],[-4.304,48.335],[-4.303,48.34],[-4.298,48.344],[-4.289,48.349],[-4.269,48.363],[-4.286,48.363],[-4.309,48.352],[-4.325,48.348],[-4.325,48.355],[-4.317,48.355],[-4.317,48.363],[-4.325,48.363],[-4.328,48.358],[-4.334,48.353],[-4.338,48.348],[-4.353,48.353],[-4.384,48.338],[-4.407,48.335],[-4.404,48.339],[-4.403,48.34],[-4.399,48.342],[-4.407,48.348],[-4.415,48.343],[-4.427,48.339],[-4.44,48.336],[-4.454,48.335],[-4.454,48.342],[-4.397,48.388],[-4.386,48.394],[-4.29,48.432],[-4.308,48.428],[-4.339,48.416],[-4.359,48.411],[-4.427,48.404],[-4.458,48.395],[-4.521,48.368],[-4.57,48.36],[-4.599,48.35],[-4.619,48.348],[-4.636,48.351],[-4.671,48.361],[-4.691,48.363],[-4.694,48.359],[-4.694,48.352],[-4.696,48.345],[-4.704,48.342],[-4.755,48.342],[-4.768,48.345],[-4.777,48.356],[-4.783,48.376],[-4.765,48.378],[-4.766,48.39],[-4.783,48.417],[-4.785,48.436],[-4.78,48.455],[-4.768,48.469],[-4.749,48.473],[-4.749,48.479],[-4.775,48.491],[-4.765,48.52],[-4.74,48.551],[-4.722,48.568],[-4.712,48.564],[-4.701,48.561],[-4.708,48.568],[-4.692,48.576],[-4.673,48.58],[-4.642,48.582],[-4.623,48.578],[-4.59,48.566],[-4.577,48.568],[-4.6,48.589],[-4.608,48.603],[-4.595,48.609],[-4.549,48.601],[-4.53,48.602],[-4.557,48.609],[-4.554,48.613],[-4.553,48.617],[-4.555,48.62],[-4.564,48.623],[-4.564,48.63],[-4.485,48.63],[-4.463,48.632],[-4.43,48.643],[-4.407,48.643],[-4.42,48.649],[-4.427,48.65],[-4.427,48.658],[-4.398,48.661],[-4.37,48.672],[-4.343,48.679],[-4.317,48.678],[-4.299,48.664],[-4.307,48.642],[-4.283,48.643],[-4.253,48.655],[-4.242,48.658],[-4.23,48.656],[-4.207,48.65],[-4.194,48.65],[-4.194,48.658],[-4.213,48.661],[-4.208,48.671],[-4.191,48.683],[-4.174,48.691],[-4.155,48.696],[-4.131,48.699],[-4.109,48.698],[-4.091,48.691],[-4.085,48.697],[-4.079,48.697],[-4.074,48.692],[-4.07,48.685],[-4.064,48.685],[-4.057,48.69],[-4.053,48.696],[-4.053,48.703],[-4.057,48.712],[-4.043,48.714],[-4.031,48.717],[-4.009,48.726],[-3.974,48.733],[-3.968,48.73],[-3.97,48.72],[-3.974,48.713],[-3.973,48.708],[-3.961,48.705],[-3.961,48.699],[-3.968,48.699],[-3.968,48.691],[-3.958,48.687],[-3.951,48.679],[-3.95,48.669],[-3.955,48.658],[-3.927,48.676],[-3.912,48.681],[-3.892,48.678],[-3.902,48.672],[-3.906,48.671],[-3.906,48.664],[-3.894,48.654],[-3.865,48.641],[-3.852,48.63],[-3.844,48.636],[-3.852,48.643],[-3.844,48.65],[-3.849,48.656],[-3.852,48.665],[-3.858,48.685],[-3.852,48.685],[-3.848,48.679],[-3.845,48.676],[-3.837,48.671],[-3.84,48.688],[-3.837,48.707],[-3.829,48.718],[-3.817,48.712],[-3.813,48.717],[-3.81,48.722],[-3.81,48.727],[-3.81,48.733],[-3.797,48.721],[-3.778,48.717],[-3.732,48.719],[-3.721,48.716],[-3.698,48.702],[-3.687,48.699],[-3.674,48.698],[-3.638,48.705],[-3.639,48.688],[-3.638,48.627],[-3.632,48.611],[-3.623,48.6],[-3.578,48.563],[-3.572,48.552],[-3.568,48.541],[-3.568,48.527],[-3.575,48.514],[-3.597,48.487],[-3.597,48.474],[-3.59,48.467],[-3.57,48.464],[-3.561,48.461],[-3.555,48.451],[-3.555,48.441],[-3.559,48.431],[-3.567,48.423],[-3.578,48.421],[-3.6,48.421],[-3.609,48.418],[-3.613,48.413],[-3.615,48.407],[-3.614,48.392],[-3.609,48.39],[-3.582,48.383],[-3.574,48.379],[-3.567,48.374],[-3.562,48.367],[-3.556,48.337],[-3.552,48.328],[-3.526,48.292],[-3.523,48.282],[-3.53,48.259],[-3.545,48.241],[-3.554,48.222],[-3.543,48.194],[-3.565,48.186],[-3.708,48.143],[-3.725,48.132],[-3.732,48.113],[-3.731,48.101],[-3.724,48.095],[-3.715,48.09],[-3.681,48.063],[-3.674,48.054],[-3.646,47.994],[-3.627,47.983],[-3.572,47.991],[-3.548,47.989],[-3.497,47.965],[-3.473,47.959],[-3.425,47.966],[-3.407,47.964],[-3.394,47.952],[-3.387,47.932],[-3.386,47.917],[-3.391,47.884],[-3.398,47.871],[-3.41,47.863],[-3.437,47.865],[-3.45,47.861],[-3.458,47.853],[-3.461,47.845],[-3.466,47.836],[-3.479,47.828],[-3.491,47.827],[-3.512,47.835],[-3.524,47.838],[-3.534,47.836],[-3.541,47.831],[-3.547,47.824],[-3.552,47.815],[-3.553,47.805],[-3.551,47.793],[-3.547,47.782],[-3.539,47.774]]],[[[-5.05,48.479],[-5.048,48.477],[-5.046,48.474],[-5.043,48.472],[-5.037,48.473],[-5.037,48.465],[-5.088,48.447],[-5.106,48.445],[-5.106,48.451],[-5.102,48.452],[-5.095,48.451],[-5.092,48.451],[-5.098,48.461],[-5.107,48.463],[-5.133,48.458],[-5.133,48.465],[-5.092,48.481],[-5.069,48.485],[-5.05,48.479]]]]}},{"type":"Feature","id":"FR-2A","properties":{"id":"FR-2A","countryCode":"FR","isoSubdivision":"FR-2A","name":"Corse-du-Sud","name_en":"Corse-du-Sud","name_ko":"코르스뒤쉬드","type":"Metropolitan department","labelLongitude":9.023,"labelLatitude":41.845,"minZoom":8},"geometry":{"type":"Polygon","coordinates":[[[9.396,41.86],[9.394,41.848],[9.403,41.78],[9.402,41.706],[9.399,41.701],[9.391,41.699],[9.381,41.693],[9.372,41.684],[9.367,41.674],[9.381,41.674],[9.378,41.656],[9.373,41.645],[9.364,41.64],[9.353,41.641],[9.345,41.64],[9.342,41.635],[9.347,41.62],[9.333,41.624],[9.318,41.627],[9.304,41.628],[9.292,41.626],[9.294,41.618],[9.284,41.608],[9.279,41.598],[9.292,41.592],[9.325,41.602],[9.345,41.604],[9.354,41.595],[9.351,41.581],[9.341,41.569],[9.327,41.561],[9.309,41.558],[9.3,41.553],[9.292,41.543],[9.282,41.533],[9.265,41.531],[9.269,41.524],[9.27,41.517],[9.269,41.51],[9.265,41.503],[9.276,41.499],[9.279,41.492],[9.275,41.483],[9.265,41.476],[9.271,41.469],[9.255,41.464],[9.228,41.45],[9.211,41.448],[9.211,41.441],[9.22,41.435],[9.223,41.427],[9.22,41.42],[9.211,41.414],[9.211,41.407],[9.222,41.411],[9.238,41.422],[9.25,41.428],[9.247,41.413],[9.239,41.396],[9.23,41.381],[9.223,41.373],[9.207,41.366],[9.194,41.369],[9.169,41.386],[9.153,41.391],[9.122,41.395],[9.096,41.404],[9.107,41.429],[9.112,41.433],[9.121,41.435],[9.105,41.446],[9.081,41.453],[9.067,41.462],[9.08,41.476],[9.08,41.482],[9.068,41.479],[9.039,41.462],[9.032,41.469],[9.034,41.471],[9.035,41.472],[9.037,41.473],[9.039,41.476],[9.028,41.474],[9.024,41.472],[9.018,41.469],[9.011,41.476],[9.001,41.483],[8.976,41.489],[8.951,41.492],[8.936,41.489],[8.925,41.495],[8.917,41.502],[8.907,41.507],[8.884,41.511],[8.881,41.515],[8.879,41.519],[8.874,41.523],[8.864,41.525],[8.856,41.525],[8.848,41.526],[8.84,41.531],[8.853,41.538],[8.853,41.544],[8.841,41.547],[8.833,41.551],[8.824,41.55],[8.81,41.553],[8.797,41.557],[8.792,41.561],[8.796,41.581],[8.793,41.587],[8.778,41.592],[8.785,41.605],[8.792,41.625],[8.802,41.639],[8.819,41.633],[8.873,41.651],[8.881,41.657],[8.886,41.671],[8.897,41.678],[8.911,41.684],[8.923,41.695],[8.899,41.695],[8.836,41.709],[8.812,41.709],[8.789,41.713],[8.776,41.722],[8.785,41.742],[8.76,41.743],[8.719,41.731],[8.696,41.729],[8.698,41.733],[8.703,41.742],[8.689,41.742],[8.678,41.744],[8.668,41.748],[8.655,41.75],[8.668,41.755],[8.696,41.758],[8.709,41.764],[8.718,41.772],[8.722,41.782],[8.72,41.792],[8.709,41.797],[8.709,41.805],[8.732,41.805],[8.752,41.81],[8.785,41.824],[8.78,41.834],[8.772,41.84],[8.762,41.844],[8.751,41.846],[8.784,41.854],[8.792,41.859],[8.789,41.861],[8.786,41.868],[8.782,41.874],[8.778,41.873],[8.79,41.887],[8.792,41.887],[8.795,41.892],[8.803,41.901],[8.805,41.907],[8.803,41.907],[8.792,41.914],[8.786,41.923],[8.781,41.929],[8.775,41.932],[8.764,41.934],[8.744,41.933],[8.71,41.919],[8.689,41.914],[8.648,41.912],[8.63,41.909],[8.614,41.901],[8.607,41.914],[8.619,41.93],[8.614,41.944],[8.586,41.969],[8.636,41.973],[8.655,41.979],[8.669,41.996],[8.656,42.003],[8.665,42.014],[8.684,42.026],[8.706,42.03],[8.711,42.033],[8.738,42.044],[8.743,42.044],[8.745,42.057],[8.739,42.063],[8.723,42.072],[8.706,42.1],[8.699,42.109],[8.689,42.111],[8.661,42.105],[8.655,42.109],[8.648,42.122],[8.63,42.13],[8.607,42.134],[8.586,42.133],[8.591,42.143],[8.594,42.147],[8.586,42.151],[8.578,42.154],[8.569,42.155],[8.56,42.154],[8.57,42.156],[8.578,42.159],[8.594,42.167],[8.594,42.175],[8.566,42.175],[8.566,42.181],[8.578,42.185],[8.582,42.195],[8.578,42.204],[8.566,42.209],[8.574,42.22],[8.566,42.226],[8.552,42.229],[8.545,42.233],[8.549,42.242],[8.56,42.244],[8.586,42.243],[8.594,42.246],[8.601,42.251],[8.611,42.255],[8.651,42.26],[8.665,42.265],[8.675,42.271],[8.681,42.273],[8.685,42.272],[8.688,42.273],[8.689,42.281],[8.674,42.289],[8.672,42.291],[8.635,42.305],[8.632,42.309],[8.63,42.315],[8.625,42.319],[8.611,42.31],[8.605,42.31],[8.601,42.315],[8.6,42.322],[8.605,42.326],[8.635,42.339],[8.613,42.352],[8.592,42.351],[8.552,42.339],[8.56,42.346],[8.553,42.355],[8.55,42.366],[8.549,42.377],[8.552,42.387],[8.561,42.382],[8.57,42.382],[8.586,42.376],[8.627,42.374],[8.709,42.342],[8.82,42.32],[8.856,42.327],[8.868,42.321],[8.88,42.282],[8.887,42.268],[8.993,42.213],[9.017,42.208],[9.035,42.208],[9.043,42.205],[9.049,42.197],[9.057,42.167],[9.063,42.157],[9.129,42.098],[9.137,42.08],[9.142,42.049],[9.156,42.031],[9.169,42.025],[9.221,42.028],[9.218,42.015],[9.221,41.959],[9.239,41.925],[9.245,41.907],[9.243,41.889],[9.227,41.855],[9.299,41.835],[9.313,41.834],[9.356,41.858],[9.379,41.864],[9.396,41.86]]]}},{"type":"Feature","id":"FR-2B","properties":{"id":"FR-2B","countryCode":"FR","isoSubdivision":"FR-2B","name":"Haute-Corse","name_en":"Haute-Corse","name_ko":"오트코르스","type":"Metropolitan department","labelLongitude":9.231,"labelLatitude":42.4,"minZoom":8},"geometry":{"type":"MultiPolygon","coordinates":[[[[9.457,42.647],[9.482,42.62],[9.477,42.62],[9.477,42.619],[9.457,42.647]]],[[[8.57,42.382],[8.58,42.386],[8.586,42.393],[8.599,42.388],[8.602,42.392],[8.604,42.4],[8.607,42.407],[8.612,42.412],[8.614,42.416],[8.619,42.42],[8.651,42.423],[8.66,42.43],[8.662,42.44],[8.661,42.452],[8.672,42.464],[8.677,42.472],[8.672,42.476],[8.66,42.477],[8.657,42.48],[8.659,42.484],[8.667,42.51],[8.68,42.521],[8.698,42.527],[8.717,42.531],[8.711,42.54],[8.716,42.562],[8.709,42.572],[8.709,42.579],[8.717,42.576],[8.72,42.576],[8.721,42.574],[8.723,42.565],[8.74,42.572],[8.751,42.569],[8.76,42.562],[8.771,42.558],[8.787,42.562],[8.799,42.572],[8.807,42.585],[8.813,42.6],[8.805,42.606],[8.843,42.608],[8.907,42.632],[9.018,42.65],[9.05,42.662],[9.053,42.682],[9.107,42.726],[9.118,42.732],[9.141,42.735],[9.165,42.735],[9.176,42.733],[9.185,42.733],[9.237,42.723],[9.258,42.714],[9.265,42.709],[9.271,42.702],[9.276,42.694],[9.285,42.675],[9.292,42.675],[9.328,42.72],[9.343,42.749],[9.333,42.771],[9.341,42.79],[9.335,42.808],[9.322,42.824],[9.306,42.839],[9.333,42.867],[9.333,42.876],[9.326,42.885],[9.326,42.894],[9.33,42.904],[9.337,42.91],[9.36,42.929],[9.357,42.934],[9.356,42.937],[9.357,42.941],[9.36,42.949],[9.35,42.957],[9.343,42.973],[9.342,42.991],[9.347,43.004],[9.363,43.012],[9.404,43.012],[9.422,43.017],[9.436,43.004],[9.445,42.998],[9.464,42.99],[9.464,42.983],[9.456,42.975],[9.454,42.964],[9.459,42.952],[9.47,42.942],[9.466,42.924],[9.484,42.832],[9.483,42.802],[9.45,42.709],[9.451,42.697],[9.449,42.683],[9.45,42.654],[9.449,42.651],[9.446,42.649],[9.443,42.645],[9.443,42.641],[9.445,42.638],[9.45,42.636],[9.455,42.635],[9.457,42.634],[9.459,42.625],[9.462,42.62],[9.461,42.615],[9.457,42.606],[9.465,42.602],[9.468,42.595],[9.471,42.587],[9.477,42.579],[9.485,42.574],[9.512,42.565],[9.509,42.58],[9.505,42.587],[9.49,42.613],[9.519,42.581],[9.528,42.564],[9.532,42.544],[9.53,42.486],[9.533,42.456],[9.546,42.435],[9.54,42.422],[9.535,42.408],[9.533,42.393],[9.532,42.374],[9.537,42.353],[9.555,42.314],[9.56,42.295],[9.552,42.17],[9.56,42.147],[9.557,42.138],[9.555,42.121],[9.553,42.113],[9.546,42.104],[9.519,42.085],[9.508,42.072],[9.492,42.048],[9.424,41.974],[9.409,41.962],[9.403,41.953],[9.403,41.917],[9.396,41.86],[9.379,41.864],[9.356,41.858],[9.313,41.834],[9.299,41.835],[9.227,41.855],[9.243,41.889],[9.245,41.907],[9.239,41.925],[9.221,41.959],[9.218,42.015],[9.221,42.028],[9.169,42.025],[9.156,42.031],[9.142,42.049],[9.137,42.08],[9.129,42.098],[9.063,42.157],[9.057,42.167],[9.049,42.197],[9.043,42.205],[9.035,42.208],[9.017,42.208],[8.993,42.213],[8.887,42.268],[8.88,42.282],[8.868,42.321],[8.856,42.327],[8.82,42.32],[8.709,42.342],[8.627,42.374],[8.586,42.376],[8.57,42.382]]]]}},{"type":"Feature","id":"FR-30","properties":{"id":"FR-30","countryCode":"FR","isoSubdivision":"FR-30","name":"Gard","name_en":"Gard","name_ko":"가르","type":"Metropolitan department","labelLongitude":4.189,"labelLatitude":43.991,"minZoom":8},"geometry":{"type":"Polygon","coordinates":[[[4.206,43.46],[4.182,43.464],[4.16,43.472],[4.133,43.487],[4.117,43.51],[4.133,43.533],[4.131,43.536],[4.105,43.552],[4.1,43.56],[4.1,43.585],[4.155,43.601],[4.181,43.641],[4.176,43.691],[4.142,43.738],[4.128,43.746],[4.083,43.762],[4.025,43.796],[3.981,43.799],[3.971,43.802],[3.968,43.813],[3.969,43.848],[3.964,43.862],[3.954,43.872],[3.94,43.879],[3.904,43.881],[3.831,43.872],[3.8,43.891],[3.824,43.936],[3.783,43.965],[3.722,43.971],[3.682,43.945],[3.675,43.923],[3.668,43.914],[3.655,43.913],[3.631,43.916],[3.609,43.911],[3.582,43.878],[3.566,43.866],[3.545,43.866],[3.514,43.887],[3.494,43.892],[3.478,43.888],[3.472,43.877],[3.469,43.865],[3.461,43.854],[3.449,43.852],[3.437,43.857],[3.427,43.867],[3.41,43.898],[3.393,43.905],[3.342,43.904],[3.357,43.939],[3.365,43.944],[3.375,43.952],[3.393,43.962],[3.399,43.968],[3.411,43.979],[3.442,44],[3.443,44.001],[3.445,44.003],[3.448,44.008],[3.447,44.014],[3.44,44.022],[3.433,44.028],[3.409,44.04],[3.394,44.05],[3.386,44.054],[3.378,44.055],[3.36,44.055],[3.352,44.057],[3.345,44.062],[3.339,44.069],[3.332,44.072],[3.324,44.071],[3.315,44.069],[3.306,44.069],[3.298,44.072],[3.291,44.076],[3.286,44.081],[3.287,44.086],[3.297,44.091],[3.316,44.099],[3.324,44.104],[3.326,44.113],[3.324,44.127],[3.327,44.133],[3.342,44.15],[3.377,44.168],[3.48,44.122],[3.518,44.113],[3.616,44.117],[3.637,44.127],[3.641,44.147],[3.638,44.164],[3.643,44.177],[3.671,44.184],[3.69,44.18],[3.791,44.136],[3.866,44.13],[3.876,44.131],[3.92,44.166],[3.958,44.225],[3.965,44.247],[3.962,44.262],[3.937,44.307],[3.931,44.34],[3.927,44.351],[3.895,44.39],[3.911,44.401],[3.943,44.405],[3.959,44.414],[3.985,44.449],[3.994,44.458],[4.022,44.44],[4.036,44.417],[4.05,44.404],[4.051,44.395],[4.046,44.39],[4.04,44.385],[4.036,44.376],[4.041,44.363],[4.044,44.331],[4.05,44.325],[4.058,44.324],[4.076,44.329],[4.085,44.329],[4.094,44.327],[4.102,44.328],[4.12,44.333],[4.131,44.332],[4.135,44.329],[4.141,44.322],[4.149,44.317],[4.16,44.315],[4.229,44.285],[4.24,44.283],[4.251,44.282],[4.26,44.284],[4.267,44.288],[4.279,44.299],[4.286,44.304],[4.312,44.316],[4.334,44.331],[4.342,44.334],[4.373,44.34],[4.386,44.339],[4.394,44.334],[4.397,44.328],[4.395,44.322],[4.392,44.316],[4.392,44.308],[4.396,44.301],[4.407,44.293],[4.418,44.29],[4.429,44.292],[4.439,44.296],[4.445,44.301],[4.449,44.307],[4.45,44.313],[4.451,44.326],[4.456,44.332],[4.466,44.336],[4.496,44.338],[4.521,44.337],[4.551,44.327],[4.555,44.323],[4.557,44.32],[4.56,44.317],[4.568,44.314],[4.571,44.311],[4.576,44.306],[4.58,44.304],[4.585,44.301],[4.612,44.291],[4.658,44.282],[4.667,44.258],[4.677,44.247],[4.686,44.24],[4.688,44.236],[4.689,44.232],[4.688,44.227],[4.688,44.219],[4.69,44.215],[4.694,44.212],[4.706,44.206],[4.715,44.199],[4.719,44.195],[4.721,44.19],[4.724,44.16],[4.724,44.152],[4.723,44.14],[4.722,44.136],[4.72,44.133],[4.72,44.13],[4.719,44.125],[4.723,44.094],[4.726,44.089],[4.73,44.086],[4.733,44.086],[4.741,44.089],[4.745,44.091],[4.75,44.091],[4.761,44.091],[4.766,44.09],[4.773,44.088],[4.778,44.084],[4.825,44.037],[4.844,44.022],[4.848,44.017],[4.85,44.013],[4.85,44.009],[4.849,44.005],[4.847,44.002],[4.846,44.001],[4.846,44],[4.845,44],[4.843,44],[4.84,44],[4.834,44],[4.833,44],[4.829,44.001],[4.825,44.001],[4.821,44],[4.82,43.999],[4.82,43.997],[4.82,43.991],[4.822,43.976],[4.821,43.972],[4.82,43.968],[4.818,43.965],[4.813,43.959],[4.806,43.953],[4.8,43.949],[4.788,43.944],[4.782,43.939],[4.779,43.937],[4.773,43.933],[4.739,43.922],[4.727,43.917],[4.689,43.895],[4.659,43.883],[4.647,43.876],[4.641,43.871],[4.64,43.862],[4.641,43.851],[4.643,43.844],[4.645,43.841],[4.649,43.819],[4.649,43.812],[4.649,43.806],[4.646,43.795],[4.634,43.768],[4.617,43.741],[4.615,43.737],[4.615,43.733],[4.616,43.73],[4.617,43.727],[4.618,43.722],[4.617,43.716],[4.613,43.704],[4.609,43.699],[4.605,43.696],[4.602,43.696],[4.598,43.696],[4.593,43.697],[4.588,43.698],[4.581,43.702],[4.573,43.706],[4.541,43.713],[4.536,43.714],[4.531,43.714],[4.526,43.713],[4.5,43.706],[4.477,43.693],[4.452,43.667],[4.447,43.66],[4.443,43.65],[4.44,43.645],[4.432,43.632],[4.429,43.628],[4.43,43.625],[4.432,43.622],[4.435,43.62],[4.439,43.618],[4.445,43.617],[4.45,43.617],[4.46,43.618],[4.463,43.615],[4.463,43.609],[4.458,43.597],[4.453,43.591],[4.448,43.587],[4.443,43.587],[4.426,43.586],[4.42,43.585],[4.413,43.582],[4.41,43.578],[4.408,43.574],[4.407,43.567],[4.405,43.564],[4.4,43.562],[4.382,43.559],[4.378,43.558],[4.337,43.532],[4.321,43.525],[4.309,43.521],[4.287,43.518],[4.279,43.513],[4.272,43.507],[4.264,43.504],[4.255,43.504],[4.25,43.502],[4.248,43.501],[4.247,43.5],[4.246,43.5],[4.244,43.495],[4.242,43.486],[4.231,43.472],[4.206,43.46]]]}},{"type":"Feature","id":"FR-31","properties":{"id":"FR-31","countryCode":"FR","isoSubdivision":"FR-31","name":"Haute-Garonne","name_en":"Haute-Garonne","name_ko":"오트가론","type":"Metropolitan department","labelLongitude":1.417,"labelLatitude":43.546,"minZoom":8},"geometry":{"type":"Polygon","coordinates":[[[0.776,42.832],[0.759,42.835],[0.724,42.845],[0.707,42.847],[0.679,42.845],[0.656,42.838],[0.652,42.824],[0.654,42.803],[0.64,42.775],[0.651,42.763],[0.643,42.759],[0.64,42.755],[0.633,42.745],[0.648,42.741],[0.66,42.73],[0.666,42.715],[0.665,42.699],[0.663,42.696],[0.657,42.688],[0.644,42.684],[0.608,42.688],[0.484,42.685],[0.467,42.69],[0.468,42.705],[0.456,42.765],[0.458,42.826],[0.464,42.85],[0.477,42.869],[0.497,42.872],[0.55,42.867],[0.581,42.886],[0.645,42.957],[0.639,42.968],[0.624,43.001],[0.606,43.032],[0.574,43.023],[0.545,43.007],[0.531,43.003],[0.529,43.016],[0.537,43.031],[0.557,43.058],[0.563,43.074],[0.442,43.131],[0.505,43.179],[0.519,43.198],[0.525,43.203],[0.533,43.207],[0.561,43.213],[0.569,43.222],[0.568,43.231],[0.564,43.242],[0.567,43.252],[0.604,43.278],[0.615,43.291],[0.607,43.311],[0.638,43.313],[0.663,43.324],[0.714,43.373],[0.748,43.387],[0.773,43.407],[0.782,43.412],[0.789,43.414],[0.912,43.407],[0.934,43.397],[0.98,43.364],[1,43.359],[1.025,43.377],[1.033,43.41],[1.035,43.475],[1.055,43.52],[1.072,43.537],[1.133,43.536],[1.177,43.562],[1.192,43.599],[1.145,43.634],[1.067,43.67],[1.063,43.674],[1.059,43.679],[1.055,43.694],[1.051,43.701],[1.044,43.705],[1.017,43.718],[0.973,43.754],[0.958,43.775],[0.954,43.787],[1.052,43.806],[1.104,43.805],[1.137,43.815],[1.165,43.816],[1.183,43.803],[1.2,43.787],[1.222,43.774],[1.246,43.774],[1.358,43.821],[1.347,43.83],[1.32,43.838],[1.3,43.851],[1.374,43.884],[1.402,43.884],[1.427,43.879],[1.44,43.879],[1.453,43.883],[1.474,43.904],[1.484,43.907],[1.491,43.906],[1.504,43.901],[1.511,43.899],[1.522,43.902],[1.544,43.914],[1.556,43.918],[1.549,43.884],[1.58,43.839],[1.58,43.814],[1.612,43.801],[1.644,43.792],[1.646,43.782],[1.681,43.71],[1.694,43.699],[1.718,43.683],[1.726,43.673],[1.729,43.657],[1.716,43.655],[1.704,43.65],[1.695,43.642],[1.688,43.631],[1.79,43.586],[1.821,43.579],[1.839,43.568],[1.882,43.523],[1.891,43.516],[1.923,43.501],[1.95,43.482],[1.965,43.479],[1.983,43.486],[2.001,43.507],[2.011,43.511],[2.027,43.508],[2.044,43.498],[2.053,43.486],[2.047,43.477],[2.034,43.468],[2.027,43.455],[2.025,43.439],[2.032,43.423],[1.951,43.414],[1.92,43.406],[1.91,43.4],[1.894,43.394],[1.884,43.393],[1.877,43.396],[1.875,43.402],[1.876,43.408],[1.874,43.414],[1.866,43.42],[1.85,43.423],[1.841,43.421],[1.837,43.416],[1.836,43.41],[1.833,43.404],[1.827,43.398],[1.819,43.393],[1.813,43.387],[1.807,43.38],[1.805,43.373],[1.806,43.366],[1.808,43.36],[1.812,43.354],[1.813,43.35],[1.811,43.344],[1.803,43.336],[1.795,43.333],[1.767,43.332],[1.742,43.328],[1.73,43.323],[1.725,43.316],[1.726,43.31],[1.724,43.303],[1.709,43.289],[1.706,43.282],[1.703,43.267],[1.675,43.274],[1.66,43.263],[1.647,43.248],[1.631,43.245],[1.625,43.249],[1.618,43.261],[1.609,43.265],[1.601,43.266],[1.574,43.263],[1.554,43.271],[1.515,43.297],[1.496,43.293],[1.489,43.28],[1.493,43.268],[1.501,43.258],[1.505,43.249],[1.49,43.227],[1.467,43.214],[1.441,43.213],[1.417,43.226],[1.417,43.233],[1.424,43.252],[1.42,43.261],[1.374,43.296],[1.352,43.306],[1.326,43.308],[1.306,43.299],[1.301,43.273],[1.316,43.26],[1.37,43.244],[1.382,43.231],[1.373,43.216],[1.349,43.204],[1.305,43.191],[1.258,43.189],[1.237,43.185],[1.22,43.17],[1.225,43.157],[1.273,43.141],[1.29,43.123],[1.243,43.089],[1.226,43.091],[1.216,43.1],[1.206,43.114],[1.193,43.128],[1.137,43.154],[1.131,43.155],[1.122,43.155],[1.089,43.144],[1.07,43.145],[1.065,43.144],[1.054,43.137],[1.046,43.117],[1.038,43.11],[1.023,43.103],[1.009,43.1],[0.997,43.095],[0.988,43.081],[0.987,43.058],[0.998,43.01],[0.992,42.99],[0.976,42.976],[0.956,42.967],[0.914,42.959],[0.887,42.959],[0.879,42.954],[0.875,42.948],[0.872,42.932],[0.869,42.925],[0.862,42.918],[0.845,42.913],[0.838,42.907],[0.832,42.884],[0.856,42.813],[0.813,42.832],[0.796,42.834],[0.776,42.832]]]}},{"type":"Feature","id":"FR-32","properties":{"id":"FR-32","countryCode":"FR","isoSubdivision":"FR-32","name":"Gers","name_en":"Gers","name_ko":"제르","type":"Metropolitan department","labelLongitude":0.537,"labelLatitude":43.681,"minZoom":8},"geometry":{"type":"Polygon","coordinates":[[[0.104,43.509],[0.092,43.51],[0.041,43.534],[0.025,43.536],[0.004,43.572],[-0.006,43.609],[-0.034,43.612],[-0.063,43.605],[-0.089,43.591],[-0.11,43.575],[-0.203,43.589],[-0.236,43.587],[-0.244,43.594],[-0.247,43.599],[-0.25,43.611],[-0.252,43.616],[-0.267,43.623],[-0.268,43.629],[-0.263,43.637],[-0.251,43.649],[-0.245,43.66],[-0.246,43.668],[-0.252,43.675],[-0.255,43.681],[-0.253,43.686],[-0.243,43.69],[-0.227,43.69],[-0.222,43.693],[-0.215,43.699],[-0.197,43.733],[-0.195,43.739],[-0.199,43.745],[-0.204,43.751],[-0.209,43.757],[-0.209,43.763],[-0.207,43.772],[-0.208,43.788],[-0.207,43.796],[-0.203,43.805],[-0.191,43.818],[-0.183,43.835],[-0.184,43.842],[-0.188,43.848],[-0.192,43.855],[-0.198,43.867],[-0.202,43.873],[-0.218,43.885],[-0.224,43.891],[-0.222,43.899],[-0.214,43.907],[-0.179,43.926],[-0.167,43.931],[-0.132,43.926],[-0.112,43.927],[-0.1,43.928],[-0.089,43.935],[-0.069,43.952],[-0.045,43.966],[-0.034,43.969],[-0.024,43.971],[-0.009,43.967],[-0.002,43.964],[0.003,43.959],[0.005,43.953],[0.005,43.948],[0.001,43.943],[-0.007,43.935],[-0.009,43.93],[-0.009,43.924],[-0.005,43.918],[0,43.915],[0.005,43.913],[0.012,43.91],[0.021,43.909],[0.055,43.907],[0.064,43.909],[0.073,43.913],[0.08,43.922],[0.082,43.931],[0.076,43.956],[0.085,43.967],[0.09,43.973],[0.116,43.981],[0.124,43.981],[0.134,43.979],[0.141,43.969],[0.148,43.968],[0.157,43.969],[0.169,43.975],[0.177,43.981],[0.183,43.988],[0.198,44.008],[0.204,44.013],[0.212,44.017],[0.222,44.019],[0.268,44.005],[0.287,43.998],[0.294,43.996],[0.304,43.997],[0.314,43.999],[0.34,44.012],[0.354,44.017],[0.375,44.02],[0.447,44.046],[0.456,44.052],[0.466,44.056],[0.477,44.057],[0.491,44.053],[0.5,44.052],[0.509,44.052],[0.577,44.071],[0.593,44.073],[0.613,44.067],[0.624,44.062],[0.652,44.041],[0.659,44.038],[0.68,44.04],[0.742,44.067],[0.751,44.06],[0.757,44.052],[0.762,44.042],[0.764,44.03],[0.772,44.035],[0.819,44.053],[0.838,44.05],[0.848,44.04],[0.848,44.024],[0.839,44.008],[0.786,43.958],[0.774,43.95],[0.76,43.945],[0.773,43.931],[0.802,43.923],[0.834,43.919],[0.858,43.921],[0.874,43.92],[0.885,43.907],[0.891,43.891],[0.896,43.852],[0.908,43.816],[0.906,43.805],[0.897,43.788],[0.954,43.787],[0.958,43.775],[0.973,43.754],[1.017,43.718],[1.044,43.705],[1.051,43.701],[1.055,43.694],[1.059,43.679],[1.063,43.674],[1.067,43.67],[1.145,43.634],[1.192,43.599],[1.177,43.562],[1.133,43.536],[1.072,43.537],[1.055,43.52],[1.035,43.475],[1.033,43.41],[1.025,43.377],[1,43.359],[0.98,43.364],[0.934,43.397],[0.912,43.407],[0.789,43.414],[0.782,43.412],[0.773,43.407],[0.748,43.387],[0.714,43.373],[0.663,43.324],[0.638,43.313],[0.607,43.311],[0.468,43.335],[0.423,43.332],[0.409,43.335],[0.404,43.34],[0.402,43.347],[0.394,43.358],[0.387,43.363],[0.384,43.362],[0.381,43.358],[0.376,43.355],[0.362,43.349],[0.351,43.348],[0.341,43.35],[0.331,43.357],[0.317,43.374],[0.309,43.378],[0.293,43.38],[0.227,43.368],[0.211,43.368],[0.196,43.372],[0.182,43.381],[0.169,43.398],[0.164,43.403],[0.144,43.412],[0.14,43.419],[0.141,43.429],[0.149,43.447],[0.15,43.456],[0.146,43.463],[0.133,43.477],[0.124,43.505],[0.115,43.509],[0.104,43.509]]]}},{"type":"Feature","id":"FR-33","properties":{"id":"FR-33","countryCode":"FR","isoSubdivision":"FR-33","name":"Gironde","name_en":"Gironde","name_ko":"지롱드","type":"Metropolitan department","labelLongitude":-0.516,"labelLatitude":44.734,"minZoom":8},"geometry":{"type":"Polygon","coordinates":[[[-1.251,44.468],[-1.247,44.505],[-1.25,44.519],[-1.258,44.548],[-1.257,44.556],[-1.231,44.584],[-1.227,44.59],[-1.224,44.602],[-1.206,44.648],[-1.187,44.665],[-1.161,44.666],[-1.1,44.655],[-1.065,44.659],[-1.045,44.669],[-1.044,44.685],[-1.069,44.703],[-1.055,44.703],[-1.065,44.717],[-1.141,44.768],[-1.152,44.771],[-1.156,44.773],[-1.161,44.777],[-1.165,44.779],[-1.172,44.778],[-1.177,44.775],[-1.178,44.771],[-1.18,44.767],[-1.182,44.765],[-1.189,44.756],[-1.234,44.707],[-1.245,44.663],[-1.254,44.639],[-1.26,44.627],[-1.199,45.121],[-1.158,45.279],[-1.14,45.49],[-1.134,45.505],[-1.1,45.554],[-1.085,45.569],[-1.069,45.573],[-1.059,45.57],[-1.056,45.565],[-1.057,45.558],[-1.057,45.546],[-1.06,45.543],[-1.062,45.538],[-1.062,45.532],[-1.059,45.527],[-1.049,45.515],[-1.04,45.507],[-0.973,45.471],[-0.931,45.454],[-0.915,45.45],[-0.794,45.355],[-0.766,45.326],[-0.755,45.296],[-0.752,45.276],[-0.739,45.239],[-0.72,45.146],[-0.716,45.135],[-0.682,45.076],[-0.648,45.045],[-0.61,45.018],[-0.578,45.005],[-0.569,44.998],[-0.561,44.985],[-0.559,44.976],[-0.562,44.96],[-0.561,44.939],[-0.557,44.919],[-0.548,44.902],[-0.535,44.895],[-0.539,44.909],[-0.542,44.937],[-0.548,44.95],[-0.539,44.977],[-0.55,44.998],[-0.573,45.014],[-0.596,45.025],[-0.565,45.024],[-0.539,45.02],[-0.516,45.011],[-0.494,44.998],[-0.519,45.029],[-0.559,45.043],[-0.602,45.053],[-0.638,45.073],[-0.656,45.099],[-0.669,45.131],[-0.707,45.322],[-0.706,45.322],[-0.671,45.324],[-0.635,45.319],[-0.627,45.32],[-0.619,45.322],[-0.613,45.327],[-0.608,45.333],[-0.605,45.339],[-0.6,45.344],[-0.592,45.347],[-0.584,45.346],[-0.575,45.34],[-0.57,45.333],[-0.567,45.325],[-0.563,45.306],[-0.557,45.299],[-0.545,45.294],[-0.524,45.29],[-0.51,45.29],[-0.498,45.291],[-0.485,45.289],[-0.469,45.283],[-0.441,45.268],[-0.429,45.258],[-0.422,45.25],[-0.421,45.243],[-0.424,45.222],[-0.424,45.215],[-0.423,45.208],[-0.421,45.202],[-0.418,45.195],[-0.414,45.189],[-0.402,45.173],[-0.394,45.166],[-0.388,45.164],[-0.378,45.163],[-0.351,45.167],[-0.339,45.167],[-0.307,45.151],[-0.292,45.149],[-0.278,45.143],[-0.268,45.137],[-0.251,45.123],[-0.24,45.118],[-0.226,45.113],[-0.174,45.101],[-0.16,45.102],[-0.145,45.104],[-0.104,45.117],[-0.089,45.119],[-0.061,45.112],[-0.034,45.12],[0.031,45.12],[0.049,45.109],[0.064,45.082],[0.066,45.064],[0.038,45.019],[0.036,45.011],[0.039,44.996],[0.034,44.99],[0.023,44.982],[0.014,44.973],[0.007,44.96],[0.005,44.946],[0.011,44.937],[0.031,44.92],[0.031,44.911],[-0.013,44.861],[0.001,44.863],[0.006,44.858],[0.011,44.856],[0.028,44.843],[0.031,44.84],[0.174,44.827],[0.193,44.832],[0.224,44.858],[0.24,44.868],[0.233,44.881],[0.251,44.879],[0.305,44.868],[0.31,44.866],[0.315,44.861],[0.322,44.857],[0.311,44.844],[0.296,44.834],[0.28,44.827],[0.264,44.826],[0.274,44.79],[0.283,44.775],[0.297,44.762],[0.285,44.758],[0.273,44.757],[0.239,44.76],[0.232,44.758],[0.227,44.754],[0.225,44.745],[0.224,44.727],[0.221,44.72],[0.214,44.715],[0.2,44.714],[0.19,44.721],[0.181,44.731],[0.171,44.739],[0.159,44.74],[0.143,44.737],[0.129,44.731],[0.119,44.724],[0.11,44.71],[0.108,44.696],[0.113,44.684],[0.125,44.673],[0.166,44.664],[0.175,44.656],[0.17,44.637],[0.082,44.557],[0.072,44.551],[0.062,44.55],[0.041,44.553],[0.033,44.549],[-0.006,44.509],[-0.014,44.498],[-0.018,44.485],[-0.015,44.474],[-0.008,44.468],[0.008,44.458],[0.011,44.449],[0.009,44.439],[0,44.42],[-0.001,44.41],[0.004,44.4],[0.011,44.391],[0.016,44.381],[0.015,44.367],[-0.005,44.37],[-0.074,44.354],[-0.085,44.346],[-0.076,44.331],[-0.048,44.307],[-0.035,44.276],[-0.066,44.254],[-0.141,44.227],[-0.203,44.264],[-0.22,44.258],[-0.224,44.212],[-0.239,44.198],[-0.38,44.209],[-0.39,44.217],[-0.396,44.237],[-0.384,44.28],[-0.391,44.289],[-0.438,44.319],[-0.503,44.332],[-0.518,44.339],[-0.522,44.345],[-0.526,44.361],[-0.531,44.366],[-0.61,44.4],[-0.622,44.412],[-0.627,44.434],[-0.644,44.449],[-0.681,44.451],[-0.841,44.423],[-0.922,44.44],[-0.972,44.431],[-0.989,44.431],[-1.008,44.436],[-0.989,44.483],[-1,44.504],[-1.079,44.53],[-1.086,44.524],[-1.145,44.494],[-1.251,44.468]]]}},{"type":"Feature","id":"FR-34","properties":{"id":"FR-34","countryCode":"FR","isoSubdivision":"FR-34","name":"Hérault","name_en":"Hérault","name_ko":"에로","type":"Metropolitan department","labelLongitude":3.273,"labelLatitude":43.552,"minZoom":8},"geometry":{"type":"Polygon","coordinates":[[[4.105,43.552],[4.047,43.556],[3.991,43.551],[3.953,43.54],[3.939,43.533],[3.74,43.413],[3.622,43.375],[3.59,43.355],[3.513,43.281],[3.492,43.274],[3.452,43.289],[3.428,43.285],[3.385,43.284],[3.318,43.263],[3.244,43.219],[3.217,43.236],[3.189,43.246],[3.153,43.253],[3.11,43.254],[3.094,43.259],[3.062,43.276],[3.048,43.279],[3.026,43.278],[3.011,43.283],[3.003,43.295],[3.004,43.32],[2.996,43.317],[2.949,43.313],[2.933,43.316],[2.922,43.323],[2.881,43.381],[2.87,43.387],[2.856,43.384],[2.851,43.373],[2.852,43.345],[2.84,43.316],[2.756,43.258],[2.732,43.266],[2.711,43.275],[2.704,43.289],[2.7,43.305],[2.688,43.323],[2.663,43.298],[2.638,43.296],[2.611,43.307],[2.583,43.325],[2.559,43.347],[2.555,43.369],[2.568,43.39],[2.593,43.412],[2.568,43.423],[2.579,43.424],[2.586,43.425],[2.606,43.431],[2.63,43.442],[2.657,43.461],[2.662,43.469],[2.661,43.473],[2.659,43.476],[2.656,43.479],[2.652,43.485],[2.65,43.49],[2.65,43.496],[2.65,43.499],[2.651,43.5],[2.651,43.501],[2.653,43.504],[2.661,43.522],[2.657,43.53],[2.651,43.536],[2.636,43.546],[2.629,43.552],[2.624,43.558],[2.621,43.565],[2.621,43.572],[2.623,43.585],[2.622,43.598],[2.625,43.604],[2.634,43.615],[2.636,43.621],[2.637,43.627],[2.641,43.633],[2.651,43.638],[2.674,43.64],[2.688,43.639],[2.7,43.638],[2.709,43.636],[2.752,43.619],[2.761,43.617],[2.776,43.618],[2.886,43.653],[2.895,43.657],[2.903,43.664],[2.917,43.683],[2.934,43.694],[2.962,43.699],[2.982,43.701],[2.99,43.701],[2.998,43.698],[3.009,43.694],[3.017,43.691],[3.025,43.69],[3.034,43.691],[3.043,43.695],[3.051,43.701],[3.056,43.716],[3.056,43.725],[3.054,43.74],[3.056,43.747],[3.059,43.753],[3.061,43.759],[3.061,43.766],[3.058,43.773],[3.052,43.779],[3.049,43.785],[3.049,43.792],[3.052,43.804],[3.053,43.81],[3.057,43.816],[3.067,43.821],[3.088,43.823],[3.101,43.822],[3.12,43.818],[3.128,43.817],[3.153,43.818],[3.158,43.817],[3.173,43.814],[3.181,43.813],[3.189,43.813],[3.199,43.815],[3.209,43.819],[3.22,43.825],[3.232,43.839],[3.234,43.849],[3.235,43.857],[3.238,43.864],[3.245,43.872],[3.261,43.882],[3.274,43.888],[3.315,43.89],[3.322,43.891],[3.342,43.904],[3.393,43.905],[3.41,43.898],[3.427,43.867],[3.437,43.857],[3.449,43.852],[3.461,43.854],[3.469,43.865],[3.472,43.877],[3.478,43.888],[3.494,43.892],[3.514,43.887],[3.545,43.866],[3.566,43.866],[3.582,43.878],[3.609,43.911],[3.631,43.916],[3.655,43.913],[3.668,43.914],[3.675,43.923],[3.682,43.945],[3.722,43.971],[3.783,43.965],[3.824,43.936],[3.8,43.891],[3.831,43.872],[3.904,43.881],[3.94,43.879],[3.954,43.872],[3.964,43.862],[3.969,43.848],[3.968,43.813],[3.971,43.802],[3.981,43.799],[4.025,43.796],[4.083,43.762],[4.128,43.746],[4.142,43.738],[4.176,43.691],[4.181,43.641],[4.155,43.601],[4.1,43.585],[4.1,43.56],[4.105,43.552]]]}},{"type":"Feature","id":"FR-35","properties":{"id":"FR-35","countryCode":"FR","isoSubdivision":"FR-35","name":"Ille-et-Vilaine","name_en":"Ille-et-Vilaine","name_ko":"일에빌렌","type":"Metropolitan department","labelLongitude":-1.656,"labelLatitude":48.143,"minZoom":8},"geometry":{"type":"Polygon","coordinates":[[[-1.949,48.538],[-1.967,48.547],[-1.962,48.555],[-1.977,48.573],[-1.98,48.589],[-1.973,48.589],[-1.969,48.584],[-1.965,48.581],[-1.953,48.575],[-1.96,48.587],[-1.969,48.593],[-1.98,48.595],[-1.991,48.595],[-2,48.601],[-2.019,48.631],[-2.029,48.643],[-2.026,48.651],[-2.018,48.66],[-2.007,48.668],[-1.991,48.671],[-1.988,48.674],[-1.988,48.681],[-1.986,48.688],[-1.977,48.691],[-1.939,48.691],[-1.946,48.699],[-1.844,48.712],[-1.847,48.708],[-1.847,48.703],[-1.844,48.698],[-1.836,48.691],[-1.861,48.664],[-1.861,48.641],[-1.838,48.624],[-1.796,48.616],[-1.723,48.615],[-1.644,48.623],[-1.596,48.641],[-1.59,48.642],[-1.589,48.64],[-1.585,48.632],[-1.583,48.627],[-1.58,48.62],[-1.572,48.606],[-1.556,48.586],[-1.55,48.574],[-1.545,48.569],[-1.543,48.563],[-1.54,48.552],[-1.537,48.545],[-1.529,48.531],[-1.499,48.495],[-1.491,48.489],[-1.466,48.478],[-1.458,48.472],[-1.448,48.466],[-1.433,48.463],[-1.41,48.463],[-1.382,48.47],[-1.366,48.477],[-1.345,48.491],[-1.336,48.495],[-1.312,48.501],[-1.303,48.504],[-1.295,48.509],[-1.288,48.515],[-1.274,48.529],[-1.266,48.535],[-1.248,48.537],[-1.223,48.535],[-1.121,48.516],[-1.105,48.507],[-1.079,48.499],[-1.079,48.458],[-1.082,48.44],[-1.082,48.423],[-1.07,48.349],[-1.069,48.33],[-1.07,48.318],[-1.072,48.313],[-1.092,48.287],[-1.097,48.279],[-1.102,48.267],[-1.101,48.26],[-1.099,48.255],[-1.094,48.252],[-1.092,48.25],[-1.085,48.24],[-1.084,48.235],[-1.082,48.229],[-1.079,48.21],[-1.077,48.203],[-1.07,48.174],[-1.07,48.168],[-1.072,48.164],[-1.074,48.161],[-1.077,48.16],[-1.08,48.157],[-1.082,48.152],[-1.07,48.091],[-1.07,48.088],[-1.067,48.083],[-1.062,48.077],[-1.047,48.068],[-1.042,48.062],[-1.041,48.056],[-1.044,48.044],[-1.043,48.033],[-1.039,48.016],[-1.039,48.007],[-1.041,48.002],[-1.042,48],[-1.049,47.996],[-1.057,47.993],[-1.067,47.991],[-1.078,47.989],[-1.112,47.988],[-1.124,47.986],[-1.135,47.983],[-1.145,47.979],[-1.154,47.973],[-1.168,47.961],[-1.173,47.955],[-1.177,47.948],[-1.183,47.934],[-1.194,47.9],[-1.201,47.884],[-1.211,47.868],[-1.216,47.858],[-1.224,47.832],[-1.229,47.823],[-1.234,47.817],[-1.243,47.81],[-1.251,47.78],[-1.351,47.792],[-1.365,47.795],[-1.379,47.802],[-1.383,47.809],[-1.39,47.817],[-1.399,47.821],[-1.409,47.824],[-1.431,47.825],[-1.462,47.823],[-1.473,47.819],[-1.489,47.808],[-1.592,47.775],[-1.613,47.765],[-1.622,47.759],[-1.629,47.753],[-1.636,47.746],[-1.641,47.74],[-1.658,47.73],[-1.685,47.718],[-1.806,47.692],[-1.816,47.692],[-1.835,47.695],[-1.866,47.703],[-1.938,47.685],[-1.958,47.676],[-1.993,47.676],[-2.023,47.673],[-2.031,47.671],[-2.035,47.67],[-2.05,47.661],[-2.081,47.65],[-2.089,47.633],[-2.103,47.639],[-2.107,47.648],[-2.106,47.669],[-2.11,47.676],[-2.119,47.689],[-2.123,47.698],[-2.126,47.714],[-2.124,47.725],[-2.116,47.732],[-2.1,47.734],[-2.077,47.733],[-2.066,47.736],[-2.062,47.745],[-2.072,47.757],[-2.11,47.759],[-2.122,47.764],[-2.122,47.774],[-2.116,47.78],[-2.107,47.784],[-2.082,47.788],[-2.075,47.791],[-2.068,47.796],[-2.059,47.807],[-2.052,47.822],[-2.052,47.836],[-2.061,47.846],[-2.072,47.849],[-2.109,47.849],[-2.107,47.859],[-2.105,47.891],[-2.1,47.912],[-2.1,47.92],[-2.102,47.934],[-2.106,47.945],[-2.113,47.955],[-2.124,47.964],[-2.168,47.985],[-2.255,47.997],[-2.271,48.005],[-2.272,48.024],[-2.258,48.039],[-2.191,48.053],[-2.178,48.063],[-2.178,48.073],[-2.188,48.08],[-2.205,48.081],[-2.223,48.078],[-2.235,48.079],[-2.245,48.085],[-2.26,48.112],[-2.268,48.121],[-2.287,48.134],[-2.275,48.143],[-2.247,48.153],[-2.232,48.164],[-2.225,48.175],[-2.218,48.2],[-2.211,48.21],[-2.193,48.218],[-2.186,48.223],[-2.177,48.247],[-2.17,48.256],[-2.16,48.261],[-2.117,48.261],[-2.102,48.27],[-2.089,48.283],[-2.066,48.295],[-2.04,48.293],[-2.01,48.283],[-1.982,48.28],[-1.961,48.3],[-1.961,48.311],[-1.965,48.333],[-1.961,48.342],[-1.953,48.345],[-1.945,48.345],[-1.937,48.348],[-1.932,48.356],[-1.933,48.364],[-1.952,48.423],[-1.952,48.43],[-1.944,48.447],[-1.918,48.473],[-1.909,48.489],[-1.91,48.504],[-1.925,48.545],[-1.933,48.55],[-1.949,48.538]]]}},{"type":"Feature","id":"FR-36","properties":{"id":"FR-36","countryCode":"FR","isoSubdivision":"FR-36","name":"Indre","name_en":"Indre","name_ko":"앵드르","type":"Metropolitan department","labelLongitude":1.616,"labelLatitude":46.8,"minZoom":8},"geometry":{"type":"Polygon","coordinates":[[[1.307,47.072],[1.311,47.079],[1.317,47.103],[1.326,47.105],[1.349,47.105],[1.356,47.108],[1.362,47.13],[1.357,47.152],[1.344,47.171],[1.327,47.186],[1.424,47.226],[1.472,47.236],[1.525,47.226],[1.531,47.247],[1.548,47.258],[1.571,47.261],[1.593,47.258],[1.595,47.263],[1.602,47.279],[1.604,47.285],[1.638,47.281],[1.658,47.275],[1.673,47.273],[1.724,47.289],[1.839,47.219],[1.84,47.191],[1.825,47.167],[1.774,47.131],[1.795,47.122],[1.886,47.104],[1.905,47.107],[1.945,47.12],[1.967,47.124],[2.018,47.12],[2.039,47.113],[2.047,47.106],[2.052,47.096],[2.053,47.086],[2.05,47.075],[2.042,47.055],[2.042,47.048],[2.05,47.04],[2.075,47.023],[2.086,47.013],[2.093,47],[2.093,46.984],[2.081,46.957],[2.079,46.942],[2.088,46.928],[2.122,46.913],[2.132,46.903],[2.129,46.893],[2.097,46.869],[2.087,46.857],[2.078,46.839],[2.073,46.821],[2.077,46.806],[2.087,46.799],[2.1,46.794],[2.11,46.788],[2.114,46.775],[2.109,46.765],[2.076,46.746],[2.068,46.737],[2.067,46.727],[2.072,46.718],[2.083,46.712],[2.125,46.707],[2.138,46.702],[2.147,46.693],[2.147,46.684],[2.144,46.673],[2.145,46.662],[2.15,46.656],[2.172,46.648],[2.183,46.637],[2.187,46.623],[2.186,46.607],[2.181,46.592],[2.158,46.561],[2.159,46.549],[2.162,46.546],[2.176,46.537],[2.184,46.527],[2.194,46.503],[2.195,46.49],[2.191,46.478],[2.182,46.468],[2.156,46.45],[2.145,46.438],[2.139,46.421],[2.102,46.416],[2.068,46.425],[2.012,46.425],[2.004,46.427],[1.984,46.434],[1.971,46.436],[1.882,46.438],[1.872,46.437],[1.861,46.435],[1.841,46.424],[1.831,46.42],[1.819,46.422],[1.809,46.427],[1.788,46.446],[1.78,46.451],[1.771,46.452],[1.762,46.45],[1.753,46.442],[1.751,46.435],[1.752,46.428],[1.753,46.421],[1.752,46.415],[1.75,46.409],[1.745,46.403],[1.737,46.398],[1.725,46.396],[1.684,46.403],[1.672,46.401],[1.66,46.395],[1.651,46.388],[1.641,46.383],[1.629,46.381],[1.612,46.384],[1.604,46.389],[1.601,46.396],[1.602,46.402],[1.598,46.407],[1.588,46.41],[1.562,46.407],[1.548,46.409],[1.536,46.413],[1.526,46.414],[1.511,46.412],[1.446,46.365],[1.414,46.351],[1.37,46.372],[1.365,46.378],[1.36,46.385],[1.354,46.391],[1.345,46.396],[1.335,46.397],[1.321,46.392],[1.316,46.386],[1.312,46.38],[1.305,46.375],[1.291,46.372],[1.247,46.368],[1.233,46.368],[1.221,46.369],[1.207,46.376],[1.194,46.378],[1.177,46.387],[1.195,46.428],[1.183,46.441],[1.163,46.448],[1.153,46.454],[1.142,46.465],[1.141,46.474],[1.149,46.498],[1.149,46.5],[1.147,46.506],[1.143,46.512],[1.137,46.518],[1.129,46.525],[1.121,46.529],[1.112,46.533],[1.101,46.534],[1.039,46.534],[1.027,46.538],[1.022,46.545],[1.02,46.56],[1.014,46.564],[1.007,46.567],[0.987,46.571],[0.96,46.581],[0.936,46.596],[0.924,46.606],[0.916,46.615],[0.91,46.63],[0.907,46.644],[0.907,46.664],[0.908,46.671],[0.911,46.677],[0.914,46.683],[0.917,46.69],[0.917,46.699],[0.914,46.711],[0.902,46.73],[0.895,46.739],[0.881,46.75],[0.917,46.766],[0.941,46.743],[0.98,46.755],[1.006,46.804],[1.035,46.916],[1.036,46.934],[1.037,46.942],[1.058,46.95],[1.058,46.961],[1.055,46.986],[1.056,46.997],[1.074,47.014],[1.101,47.024],[1.154,47.034],[1.176,47.033],[1.223,47.018],[1.237,47.017],[1.27,47.041],[1.294,47.072],[1.299,47.075],[1.303,47.072],[1.307,47.072]]]}},{"type":"Feature","id":"FR-37","properties":{"id":"FR-37","countryCode":"FR","isoSubdivision":"FR-37","name":"Indre-et-Loire","name_en":"Indre-et-Loire","name_ko":"앵드르에루아르","type":"Metropolitan department","labelLongitude":0.714,"labelLatitude":47.29,"minZoom":8},"geometry":{"type":"Polygon","coordinates":[[[1.327,47.186],[1.344,47.171],[1.357,47.152],[1.362,47.13],[1.356,47.108],[1.349,47.105],[1.326,47.105],[1.317,47.103],[1.311,47.079],[1.307,47.072],[1.303,47.072],[1.299,47.075],[1.294,47.072],[1.27,47.041],[1.237,47.017],[1.223,47.018],[1.176,47.033],[1.154,47.034],[1.101,47.024],[1.074,47.014],[1.056,46.997],[1.055,46.986],[1.058,46.961],[1.058,46.95],[1.037,46.942],[1.036,46.934],[1.035,46.916],[1.006,46.804],[0.98,46.755],[0.941,46.743],[0.917,46.766],[0.881,46.75],[0.874,46.756],[0.831,46.779],[0.713,46.9],[0.693,46.943],[0.682,46.958],[0.672,46.966],[0.661,46.971],[0.64,46.977],[0.584,47.001],[0.572,47.004],[0.57,47.002],[0.569,47.001],[0.569,46.998],[0.569,46.994],[0.57,46.987],[0.572,46.983],[0.574,46.981],[0.577,46.978],[0.579,46.975],[0.581,46.972],[0.583,46.968],[0.584,46.965],[0.584,46.961],[0.581,46.958],[0.573,46.955],[0.563,46.953],[0.484,46.951],[0.465,46.947],[0.457,46.944],[0.451,46.94],[0.444,46.935],[0.434,46.933],[0.389,46.939],[0.345,46.936],[0.327,46.939],[0.315,46.944],[0.308,46.951],[0.305,46.958],[0.304,46.966],[0.302,46.98],[0.304,47],[0.311,47.02],[0.312,47.032],[0.31,47.038],[0.307,47.043],[0.299,47.044],[0.277,47.045],[0.271,47.05],[0.265,47.06],[0.258,47.063],[0.249,47.064],[0.227,47.058],[0.214,47.055],[0.2,47.056],[0.192,47.06],[0.191,47.066],[0.192,47.072],[0.195,47.079],[0.197,47.087],[0.196,47.095],[0.192,47.102],[0.183,47.104],[0.16,47.099],[0.147,47.099],[0.14,47.103],[0.139,47.108],[0.14,47.115],[0.14,47.121],[0.136,47.127],[0.129,47.127],[0.112,47.12],[0.1,47.119],[0.092,47.122],[0.087,47.127],[0.083,47.135],[0.077,47.141],[0.067,47.154],[0.082,47.23],[0.099,47.287],[0.105,47.299],[0.11,47.307],[0.122,47.32],[0.15,47.346],[0.177,47.377],[0.178,47.386],[0.172,47.405],[0.174,47.415],[0.186,47.44],[0.19,47.454],[0.222,47.502],[0.223,47.51],[0.221,47.517],[0.215,47.535],[0.214,47.549],[0.218,47.561],[0.242,47.603],[0.286,47.595],[0.314,47.592],[0.371,47.58],[0.385,47.581],[0.39,47.586],[0.387,47.592],[0.384,47.604],[0.382,47.61],[0.381,47.617],[0.385,47.624],[0.397,47.631],[0.408,47.631],[0.431,47.621],[0.444,47.619],[0.451,47.622],[0.454,47.627],[0.462,47.633],[0.478,47.64],[0.518,47.646],[0.571,47.665],[0.584,47.667],[0.599,47.668],[0.608,47.671],[0.613,47.676],[0.613,47.681],[0.61,47.688],[0.61,47.689],[0.62,47.698],[0.632,47.703],[0.645,47.706],[0.658,47.705],[0.706,47.684],[0.715,47.684],[0.732,47.693],[0.741,47.694],[0.839,47.676],[0.851,47.671],[0.86,47.662],[0.863,47.647],[0.857,47.625],[0.856,47.614],[0.862,47.605],[0.873,47.6],[0.885,47.6],[0.896,47.604],[0.916,47.621],[0.931,47.626],[0.962,47.629],[0.976,47.628],[0.982,47.626],[0.987,47.622],[0.99,47.615],[0.993,47.601],[0.998,47.595],[1.004,47.593],[1.01,47.595],[1.021,47.602],[1.031,47.604],[1.038,47.601],[1.063,47.575],[1.067,47.567],[1.068,47.558],[1.065,47.551],[1.055,47.54],[1.052,47.533],[1.052,47.524],[1.058,47.518],[1.073,47.51],[1.105,47.472],[1.12,47.443],[1.124,47.407],[1.119,47.371],[1.099,47.326],[1.105,47.313],[1.118,47.303],[1.152,47.284],[1.164,47.281],[1.197,47.285],[1.239,47.278],[1.273,47.257],[1.327,47.186]]]}},{"type":"Feature","id":"FR-38","properties":{"id":"FR-38","countryCode":"FR","isoSubdivision":"FR-38","name":"Isère","name_en":"Isère","name_ko":"이제르","type":"Metropolitan department","labelLongitude":5.418,"labelLatitude":45.248,"minZoom":8},"geometry":{"type":"Polygon","coordinates":[[[5.03,45.318],[5.021,45.319],[5.012,45.327],[5.009,45.335],[5.004,45.341],[4.99,45.344],[4.968,45.34],[4.878,45.301],[4.811,45.296],[4.812,45.299],[4.799,45.313],[4.783,45.325],[4.776,45.337],[4.773,45.357],[4.77,45.366],[4.755,45.402],[4.76,45.444],[4.786,45.473],[4.855,45.515],[4.87,45.55],[4.839,45.573],[4.802,45.593],[4.806,45.593],[4.82,45.6],[5.014,45.612],[5.035,45.622],[5.049,45.651],[5.057,45.66],[5.103,45.69],[5.131,45.7],[5.154,45.7],[5.157,45.715],[5.146,45.725],[5.083,45.75],[5.071,45.762],[5.071,45.778],[5.098,45.812],[5.102,45.826],[5.118,45.827],[5.134,45.823],[5.167,45.809],[5.191,45.803],[5.22,45.789],[5.239,45.786],[5.257,45.79],[5.273,45.8],[5.319,45.854],[5.333,45.868],[5.347,45.874],[5.357,45.876],[5.362,45.879],[5.369,45.88],[5.385,45.874],[5.43,45.844],[5.435,45.839],[5.439,45.834],[5.437,45.833],[5.434,45.832],[5.433,45.831],[5.45,45.793],[5.478,45.764],[5.547,45.72],[5.566,45.701],[5.6,45.656],[5.624,45.613],[5.741,45.451],[5.756,45.439],[5.911,45.394],[5.909,45.411],[5.912,45.463],[5.915,45.476],[5.931,45.486],[5.948,45.49],[5.966,45.488],[5.984,45.483],[6.045,45.444],[6.116,45.438],[6.125,45.435],[6.169,45.4],[6.187,45.378],[6.195,45.352],[6.19,45.33],[6.177,45.319],[6.161,45.311],[6.144,45.298],[6.133,45.28],[6.131,45.261],[6.154,45.193],[6.156,45.162],[6.16,45.155],[6.17,45.152],[6.227,45.151],[6.257,45.143],[6.266,45.125],[6.242,45.105],[6.239,45.1],[6.235,45.086],[6.232,45.069],[6.222,45.034],[6.222,45.017],[6.227,45.007],[6.237,45.003],[6.246,45.001],[6.259,45],[6.305,45.007],[6.315,45.006],[6.325,44.999],[6.33,44.992],[6.331,44.984],[6.331,44.962],[6.335,44.954],[6.343,44.946],[6.352,44.939],[6.364,44.928],[6.368,44.92],[6.37,44.912],[6.368,44.883],[6.365,44.868],[6.362,44.862],[6.357,44.858],[6.349,44.857],[6.341,44.858],[6.305,44.867],[6.296,44.868],[6.287,44.868],[6.277,44.866],[6.244,44.856],[6.234,44.855],[6.215,44.857],[6.206,44.857],[6.176,44.852],[6.167,44.853],[6.148,44.857],[6.139,44.858],[6.129,44.855],[6.077,44.83],[6.067,44.828],[6.058,44.828],[6.041,44.832],[6.032,44.834],[6.022,44.833],[6.013,44.83],[5.996,44.822],[5.973,44.808],[5.968,44.801],[5.97,44.794],[5.973,44.786],[5.972,44.777],[5.966,44.77],[5.958,44.765],[5.918,44.756],[5.898,44.754],[5.868,44.754],[5.858,44.753],[5.845,44.75],[5.836,44.742],[5.812,44.712],[5.773,44.709],[5.655,44.724],[5.643,44.729],[5.621,44.751],[5.591,44.766],[5.566,44.787],[5.548,44.793],[5.549,44.771],[5.476,44.787],[5.46,44.8],[5.46,44.818],[5.482,44.922],[5.482,44.959],[5.492,44.984],[5.493,44.995],[5.484,45.02],[5.474,45.038],[5.471,45.056],[5.486,45.081],[5.458,45.08],[5.391,45.047],[5.351,45.047],[5.346,45.051],[5.343,45.06],[5.341,45.062],[5.33,45.062],[5.309,45.057],[5.28,45.063],[5.262,45.06],[5.245,45.064],[5.233,45.086],[5.191,45.087],[5.177,45.081],[5.171,45.1],[5.19,45.15],[5.176,45.205],[5.173,45.238],[5.16,45.257],[5.122,45.245],[5.131,45.284],[5.085,45.284],[5.071,45.293],[5.056,45.313],[5.049,45.319],[5.03,45.318]]]}},{"type":"Feature","id":"FR-39","properties":{"id":"FR-39","countryCode":"FR","isoSubdivision":"FR-39","name":"Jura","name_en":"Jura","name_ko":"쥐라","type":"Metropolitan department","labelLongitude":5.728,"labelLatitude":46.732,"minZoom":8},"geometry":{"type":"Polygon","coordinates":[[[6.138,46.558],[6.146,46.552],[6.11,46.521],[6.076,46.48],[6.064,46.471],[6.06,46.465],[6.06,46.46],[6.062,46.455],[6.065,46.451],[6.066,46.448],[6.066,46.44],[6.068,46.434],[6.066,46.427],[6.054,46.419],[6.059,46.417],[6.017,46.386],[6.01,46.379],[6.003,46.37],[5.969,46.345],[5.965,46.34],[5.952,46.323],[5.948,46.32],[5.943,46.317],[5.934,46.313],[5.928,46.308],[5.922,46.302],[5.916,46.297],[5.881,46.275],[5.872,46.272],[5.862,46.27],[5.84,46.267],[5.731,46.271],[5.722,46.274],[5.714,46.278],[5.711,46.286],[5.711,46.293],[5.708,46.302],[5.698,46.312],[5.651,46.342],[5.648,46.344],[5.629,46.334],[5.626,46.331],[5.617,46.322],[5.614,46.32],[5.606,46.317],[5.603,46.314],[5.601,46.311],[5.598,46.303],[5.595,46.3],[5.592,46.298],[5.587,46.297],[5.576,46.297],[5.572,46.295],[5.568,46.294],[5.565,46.291],[5.557,46.282],[5.553,46.28],[5.548,46.278],[5.528,46.271],[5.521,46.267],[5.518,46.264],[5.515,46.262],[5.51,46.261],[5.483,46.266],[5.475,46.27],[5.47,46.277],[5.469,46.287],[5.47,46.295],[5.473,46.302],[5.475,46.31],[5.474,46.316],[5.469,46.32],[5.448,46.322],[5.44,46.325],[5.427,46.339],[5.414,46.343],[5.392,46.347],[5.383,46.352],[5.375,46.36],[5.37,46.374],[5.368,46.383],[5.364,46.391],[5.354,46.399],[5.345,46.403],[5.32,46.408],[5.311,46.42],[5.311,46.455],[5.332,46.463],[5.403,46.475],[5.413,46.479],[5.421,46.484],[5.425,46.491],[5.424,46.499],[5.416,46.508],[5.407,46.513],[5.379,46.522],[5.374,46.525],[5.369,46.529],[5.364,46.537],[5.361,46.547],[5.361,46.56],[5.364,46.569],[5.369,46.576],[5.376,46.581],[5.393,46.587],[5.402,46.591],[5.407,46.597],[5.41,46.603],[5.411,46.612],[5.414,46.619],[5.418,46.625],[5.423,46.632],[5.424,46.644],[5.421,46.662],[5.401,46.715],[5.394,46.727],[5.376,46.738],[5.37,46.745],[5.373,46.753],[5.384,46.765],[5.386,46.771],[5.383,46.778],[5.373,46.785],[5.363,46.79],[5.355,46.795],[5.349,46.801],[5.35,46.81],[5.356,46.816],[5.365,46.82],[5.376,46.822],[5.437,46.828],[5.446,46.832],[5.452,46.839],[5.456,46.845],[5.459,46.851],[5.458,46.856],[5.444,46.861],[5.423,46.865],[5.415,46.87],[5.406,46.878],[5.395,46.883],[5.381,46.886],[5.368,46.887],[5.351,46.893],[5.33,46.903],[5.275,46.944],[5.25,46.981],[5.251,46.981],[5.268,46.991],[5.3,47.003],[5.307,47.007],[5.311,47.013],[5.309,47.022],[5.305,47.028],[5.302,47.035],[5.3,47.043],[5.302,47.05],[5.307,47.056],[5.316,47.06],[5.337,47.066],[5.349,47.073],[5.366,47.078],[5.383,47.081],[5.393,47.088],[5.404,47.099],[5.486,47.191],[5.494,47.203],[5.498,47.229],[5.522,47.289],[5.529,47.292],[5.541,47.283],[5.584,47.264],[5.6,47.261],[5.616,47.26],[5.666,47.271],[5.683,47.271],[5.699,47.265],[5.708,47.254],[5.719,47.226],[5.725,47.218],[5.782,47.19],[5.813,47.151],[5.815,47.144],[5.815,47.134],[5.812,47.124],[5.806,47.116],[5.799,47.108],[5.784,47.098],[5.778,47.092],[5.775,47.083],[5.778,47.065],[5.776,47.058],[5.769,47.052],[5.752,47.04],[5.748,47.033],[5.748,47.025],[5.752,47.019],[5.759,47.015],[5.767,47.014],[5.774,47.016],[5.791,47.029],[5.804,47.031],[5.815,47.026],[5.837,47.009],[5.915,46.997],[5.95,46.985],[5.962,46.976],[5.974,46.964],[5.984,46.949],[5.99,46.935],[5.994,46.896],[6.002,46.882],[6.025,46.858],[6.035,46.853],[6.046,46.851],[6.071,46.851],[6.082,46.847],[6.207,46.766],[6.193,46.752],[6.089,46.696],[6.083,46.691],[6.081,46.683],[6.083,46.675],[6.095,46.661],[6.097,46.653],[6.096,46.649],[6.067,46.632],[6.06,46.625],[6.054,46.616],[6.06,46.6],[6.085,46.58],[6.116,46.564],[6.138,46.558]]]}},{"type":"Feature","id":"FR-40","properties":{"id":"FR-40","countryCode":"FR","isoSubdivision":"FR-40","name":"Landes","name_en":"Landes","name_ko":"랑드","type":"Metropolitan department","labelLongitude":-0.792,"labelLatitude":43.964,"minZoom":8},"geometry":{"type":"Polygon","coordinates":[[[-1.514,43.539],[-1.506,43.55],[-1.477,43.58],[-1.47,43.612],[-1.446,43.668],[-1.405,43.832],[-1.381,43.89],[-1.346,44.019],[-1.282,44.302],[-1.254,44.442],[-1.251,44.468],[-1.145,44.494],[-1.086,44.524],[-1.079,44.53],[-1,44.504],[-0.989,44.483],[-1.008,44.436],[-0.989,44.431],[-0.972,44.431],[-0.922,44.44],[-0.841,44.423],[-0.681,44.451],[-0.644,44.449],[-0.627,44.434],[-0.622,44.412],[-0.61,44.4],[-0.531,44.366],[-0.526,44.361],[-0.522,44.345],[-0.518,44.339],[-0.503,44.332],[-0.438,44.319],[-0.391,44.289],[-0.384,44.28],[-0.396,44.237],[-0.39,44.217],[-0.38,44.209],[-0.239,44.198],[-0.224,44.212],[-0.22,44.258],[-0.203,44.264],[-0.141,44.227],[-0.133,44.209],[-0.129,44.191],[-0.129,44.152],[-0.079,44.154],[0.119,44.126],[0.135,44.117],[0.102,44.08],[0.079,44.038],[0.06,44.025],[0.085,43.967],[0.076,43.956],[0.082,43.931],[0.08,43.922],[0.073,43.913],[0.064,43.909],[0.055,43.907],[0.021,43.909],[0.012,43.91],[0.005,43.913],[0,43.915],[-0.005,43.918],[-0.009,43.924],[-0.009,43.93],[-0.007,43.935],[0.001,43.943],[0.005,43.948],[0.005,43.953],[0.003,43.959],[-0.002,43.964],[-0.009,43.967],[-0.024,43.971],[-0.034,43.969],[-0.045,43.966],[-0.069,43.952],[-0.089,43.935],[-0.1,43.928],[-0.112,43.927],[-0.132,43.926],[-0.167,43.931],[-0.179,43.926],[-0.214,43.907],[-0.222,43.899],[-0.224,43.891],[-0.218,43.885],[-0.202,43.873],[-0.198,43.867],[-0.192,43.855],[-0.188,43.848],[-0.184,43.842],[-0.183,43.835],[-0.191,43.818],[-0.203,43.805],[-0.207,43.796],[-0.208,43.788],[-0.207,43.772],[-0.209,43.763],[-0.209,43.757],[-0.204,43.751],[-0.199,43.745],[-0.195,43.739],[-0.197,43.733],[-0.215,43.699],[-0.222,43.693],[-0.227,43.69],[-0.243,43.69],[-0.253,43.686],[-0.255,43.681],[-0.252,43.675],[-0.246,43.668],[-0.245,43.66],[-0.251,43.649],[-0.263,43.637],[-0.268,43.629],[-0.267,43.623],[-0.252,43.616],[-0.25,43.611],[-0.247,43.599],[-0.244,43.594],[-0.236,43.587],[-0.267,43.582],[-0.323,43.564],[-0.434,43.553],[-0.451,43.56],[-0.452,43.571],[-0.447,43.581],[-0.447,43.588],[-0.46,43.592],[-0.472,43.59],[-0.548,43.546],[-0.562,43.543],[-0.672,43.557],[-0.705,43.548],[-0.715,43.547],[-0.761,43.567],[-0.78,43.569],[-0.8,43.567],[-0.859,43.544],[-0.903,43.547],[-0.913,43.544],[-0.924,43.535],[-0.924,43.534],[-0.943,43.54],[-0.984,43.545],[-0.983,43.523],[-0.991,43.511],[-1.005,43.505],[-1.024,43.502],[-1.038,43.504],[-1.081,43.523],[-1.106,43.513],[-1.131,43.497],[-1.154,43.49],[-1.172,43.505],[-1.167,43.537],[-1.173,43.551],[-1.204,43.564],[-1.21,43.554],[-1.243,43.531],[-1.284,43.514],[-1.317,43.509],[-1.385,43.508],[-1.418,43.504],[-1.441,43.499],[-1.471,43.509],[-1.514,43.539]]]}},{"type":"Feature","id":"FR-41","properties":{"id":"FR-41","countryCode":"FR","isoSubdivision":"FR-41","name":"Loir-et-Cher","name_en":"Loir-et-Cher","name_ko":"루아르에셰르","type":"Metropolitan department","labelLongitude":1.592,"labelLatitude":47.548,"minZoom":8},"geometry":{"type":"Polygon","coordinates":[[[1.839,47.219],[1.724,47.289],[1.673,47.273],[1.658,47.275],[1.638,47.281],[1.604,47.285],[1.602,47.279],[1.595,47.263],[1.593,47.258],[1.571,47.261],[1.548,47.258],[1.531,47.247],[1.525,47.226],[1.472,47.236],[1.424,47.226],[1.327,47.186],[1.273,47.257],[1.239,47.278],[1.197,47.285],[1.164,47.281],[1.152,47.284],[1.118,47.303],[1.105,47.313],[1.099,47.326],[1.119,47.371],[1.124,47.407],[1.12,47.443],[1.105,47.472],[1.073,47.51],[1.058,47.518],[1.052,47.524],[1.052,47.533],[1.055,47.54],[1.065,47.551],[1.068,47.558],[1.067,47.567],[1.063,47.575],[1.038,47.601],[1.031,47.604],[1.021,47.602],[1.01,47.595],[1.004,47.593],[0.998,47.595],[0.993,47.601],[0.99,47.615],[0.987,47.622],[0.982,47.626],[0.976,47.628],[0.962,47.629],[0.931,47.626],[0.916,47.621],[0.896,47.604],[0.885,47.6],[0.873,47.6],[0.862,47.605],[0.856,47.614],[0.857,47.625],[0.863,47.647],[0.86,47.662],[0.851,47.671],[0.839,47.676],[0.741,47.694],[0.732,47.693],[0.715,47.684],[0.706,47.684],[0.658,47.705],[0.645,47.706],[0.632,47.703],[0.62,47.698],[0.61,47.689],[0.602,47.701],[0.613,47.723],[0.636,47.739],[0.657,47.748],[0.667,47.75],[0.67,47.75],[0.692,47.758],[0.721,47.771],[0.735,47.779],[0.745,47.788],[0.77,47.842],[0.772,47.849],[0.772,47.857],[0.772,47.865],[0.771,47.872],[0.771,47.879],[0.771,47.888],[0.774,47.897],[0.78,47.907],[0.791,47.915],[0.805,47.921],[0.828,47.936],[0.837,47.946],[0.841,47.955],[0.834,47.968],[0.833,47.979],[0.835,47.99],[0.843,48.011],[0.844,48.022],[0.84,48.027],[0.822,48.028],[0.815,48.029],[0.81,48.034],[0.807,48.04],[0.801,48.047],[0.797,48.054],[0.798,48.063],[0.804,48.068],[0.813,48.069],[0.833,48.07],[0.843,48.071],[0.852,48.076],[0.852,48.081],[0.847,48.086],[0.839,48.09],[0.833,48.094],[0.867,48.103],[0.931,48.105],[0.965,48.113],[0.992,48.127],[1.006,48.131],[1.019,48.129],[1.027,48.119],[1.031,48.093],[1.036,48.082],[1.05,48.076],[1.083,48.073],[1.097,48.068],[1.121,48.042],[1.163,48.013],[1.193,47.977],[1.205,47.969],[1.212,47.968],[1.234,47.975],[1.252,47.975],[1.325,47.951],[1.349,47.951],[1.371,47.955],[1.451,47.989],[1.47,47.993],[1.491,47.992],[1.52,47.982],[1.52,47.986],[1.54,47.988],[1.552,47.987],[1.562,47.98],[1.568,47.966],[1.563,47.955],[1.541,47.937],[1.537,47.926],[1.549,47.919],[1.566,47.913],[1.579,47.904],[1.579,47.866],[1.55,47.845],[1.534,47.826],[1.57,47.797],[1.564,47.791],[1.554,47.776],[1.548,47.769],[1.599,47.735],[1.612,47.739],[1.617,47.743],[1.629,47.764],[1.666,47.745],[1.706,47.734],[1.718,47.725],[1.733,47.676],[1.757,47.655],[1.789,47.641],[1.82,47.644],[1.839,47.669],[1.843,47.691],[1.849,47.698],[1.861,47.7],[1.889,47.693],[1.941,47.667],[1.97,47.664],[2.172,47.677],[2.224,47.663],[2.239,47.621],[2.163,47.603],[2.133,47.588],[2.128,47.559],[2.141,47.549],[2.183,47.549],[2.199,47.541],[2.222,47.502],[2.246,47.482],[2.254,47.469],[2.258,47.455],[2.259,47.439],[2.245,47.411],[2.216,47.411],[2.152,47.427],[2.139,47.423],[2.127,47.416],[2.119,47.406],[2.116,47.392],[2.116,47.375],[2.12,47.36],[2.149,47.309],[2.148,47.297],[2.139,47.286],[2.101,47.27],[2.051,47.266],[2.001,47.27],[1.95,47.285],[1.942,47.283],[1.914,47.261],[1.911,47.255],[1.909,47.247],[1.911,47.234],[1.91,47.228],[1.905,47.222],[1.891,47.215],[1.873,47.213],[1.854,47.214],[1.839,47.219]]]}},{"type":"Feature","id":"FR-42","properties":{"id":"FR-42","countryCode":"FR","isoSubdivision":"FR-42","name":"Loire","name_en":"Loire","name_ko":"루아르","type":"Metropolitan department","labelLongitude":4.162,"labelLatitude":45.706,"minZoom":8},"geometry":{"type":"Polygon","coordinates":[[[4.76,45.444],[4.755,45.402],[4.77,45.366],[4.72,45.359],[4.63,45.325],[4.61,45.313],[4.597,45.297],[4.595,45.286],[4.601,45.257],[4.599,45.245],[4.598,45.242],[4.593,45.243],[4.463,45.236],[4.43,45.259],[4.406,45.269],[4.375,45.271],[4.359,45.274],[4.354,45.278],[4.349,45.286],[4.347,45.295],[4.339,45.307],[4.338,45.315],[4.342,45.322],[4.347,45.328],[4.352,45.334],[4.351,45.344],[4.345,45.356],[4.326,45.381],[4.313,45.39],[4.303,45.393],[4.295,45.389],[4.281,45.378],[4.273,45.374],[4.265,45.372],[4.256,45.373],[4.217,45.384],[4.197,45.387],[4.171,45.388],[4.16,45.387],[4.152,45.383],[4.152,45.377],[4.151,45.37],[4.146,45.364],[4.138,45.36],[4.128,45.357],[4.042,45.346],[4.012,45.346],[4.003,45.345],[3.999,45.346],[3.992,45.349],[3.987,45.355],[3.98,45.362],[3.971,45.368],[3.962,45.37],[3.946,45.364],[3.929,45.362],[3.921,45.358],[3.909,45.348],[3.902,45.346],[3.896,45.348],[3.89,45.351],[3.886,45.359],[3.895,45.396],[3.908,45.414],[3.922,45.427],[3.941,45.441],[3.954,45.453],[3.961,45.464],[3.969,45.482],[3.969,45.492],[3.967,45.498],[3.957,45.51],[3.932,45.564],[3.927,45.57],[3.921,45.577],[3.804,45.649],[3.794,45.662],[3.782,45.679],[3.752,45.733],[3.743,45.745],[3.736,45.748],[3.73,45.75],[3.726,45.753],[3.712,45.773],[3.697,45.789],[3.695,45.795],[3.696,45.801],[3.709,45.819],[3.711,45.825],[3.711,45.832],[3.71,45.839],[3.71,45.845],[3.71,45.85],[3.711,45.854],[3.713,45.858],[3.725,45.874],[3.729,45.881],[3.73,45.892],[3.728,45.9],[3.723,45.908],[3.715,45.914],[3.689,45.928],[3.682,45.933],[3.676,45.942],[3.675,45.948],[3.68,45.957],[3.718,45.972],[3.781,45.98],[3.797,45.985],[3.809,45.992],[3.816,46.001],[3.818,46.009],[3.815,46.016],[3.812,46.023],[3.809,46.03],[3.807,46.037],[3.804,46.065],[3.801,46.082],[3.79,46.109],[3.789,46.119],[3.789,46.131],[3.793,46.151],[3.793,46.162],[3.79,46.172],[3.787,46.18],[3.785,46.19],[3.786,46.204],[3.783,46.209],[3.78,46.212],[3.775,46.214],[3.771,46.217],[3.767,46.221],[3.767,46.229],[3.772,46.234],[3.789,46.241],[3.796,46.245],[3.8,46.248],[3.803,46.251],[3.806,46.254],[3.812,46.258],[3.821,46.262],[3.886,46.276],[3.895,46.263],[3.898,46.253],[3.899,46.251],[3.899,46.249],[3.895,46.225],[3.896,46.219],[3.898,46.213],[3.904,46.209],[3.912,46.206],[3.936,46.201],[3.946,46.197],[3.972,46.182],[3.98,46.178],[3.992,46.176],[4.007,46.177],[4.064,46.193],[4.075,46.194],[4.093,46.191],[4.134,46.182],[4.143,46.181],[4.154,46.182],[4.18,46.189],[4.192,46.19],[4.24,46.182],[4.27,46.174],[4.28,46.173],[4.289,46.173],[4.3,46.174],[4.312,46.177],[4.328,46.182],[4.354,46.197],[4.384,46.225],[4.402,46.22],[4.419,46.208],[4.433,46.192],[4.439,46.174],[4.432,46.151],[4.41,46.144],[4.357,46.142],[4.34,46.132],[4.258,46.067],[4.253,46.05],[4.272,46.036],[4.3,46.023],[4.308,46.012],[4.3,45.999],[4.267,45.992],[4.253,45.985],[4.259,45.97],[4.328,45.942],[4.34,45.925],[4.339,45.914],[4.331,45.897],[4.334,45.887],[4.342,45.878],[4.372,45.866],[4.394,45.843],[4.383,45.818],[4.344,45.778],[4.344,45.76],[4.36,45.755],[4.382,45.753],[4.397,45.749],[4.399,45.737],[4.373,45.711],[4.365,45.699],[4.384,45.654],[4.436,45.613],[4.497,45.585],[4.546,45.578],[4.607,45.584],[4.64,45.581],[4.662,45.569],[4.666,45.555],[4.653,45.51],[4.654,45.491],[4.664,45.481],[4.679,45.478],[4.718,45.48],[4.732,45.473],[4.76,45.444]]]}},{"type":"Feature","id":"FR-43","properties":{"id":"FR-43","countryCode":"FR","isoSubdivision":"FR-43","name":"Haute-Loire","name_en":"Haute-Loire","name_ko":"오트루아르","type":"Metropolitan department","labelLongitude":3.724,"labelLatitude":45.125,"minZoom":8},"geometry":{"type":"Polygon","coordinates":[[[3.112,45.285],[3.113,45.32],[3.11,45.338],[3.104,45.354],[3.169,45.354],[3.201,45.36],[3.235,45.388],[3.251,45.394],[3.287,45.4],[3.303,45.405],[3.326,45.422],[3.344,45.422],[3.382,45.404],[3.395,45.401],[3.481,45.417],[3.505,45.416],[3.568,45.394],[3.579,45.386],[3.597,45.363],[3.607,45.354],[3.623,45.348],[3.637,45.349],[3.664,45.365],[3.679,45.37],[3.689,45.369],[3.735,45.351],[3.76,45.35],[3.781,45.357],[3.791,45.378],[3.805,45.386],[3.886,45.359],[3.89,45.351],[3.896,45.348],[3.902,45.346],[3.909,45.348],[3.921,45.358],[3.929,45.362],[3.946,45.364],[3.962,45.37],[3.971,45.368],[3.98,45.362],[3.987,45.355],[3.992,45.349],[3.999,45.346],[4.003,45.345],[4.012,45.346],[4.042,45.346],[4.128,45.357],[4.138,45.36],[4.146,45.364],[4.151,45.37],[4.152,45.377],[4.152,45.383],[4.16,45.387],[4.171,45.388],[4.197,45.387],[4.217,45.384],[4.256,45.373],[4.265,45.372],[4.273,45.374],[4.281,45.378],[4.295,45.389],[4.303,45.393],[4.313,45.39],[4.326,45.381],[4.345,45.356],[4.351,45.344],[4.352,45.334],[4.347,45.328],[4.342,45.322],[4.338,45.315],[4.339,45.307],[4.347,45.295],[4.349,45.286],[4.354,45.278],[4.359,45.274],[4.375,45.271],[4.406,45.269],[4.43,45.259],[4.463,45.236],[4.478,45.226],[4.478,45.218],[4.476,45.207],[4.474,45.201],[4.468,45.188],[4.449,45.163],[4.446,45.157],[4.443,45.151],[4.442,45.145],[4.441,45.132],[4.439,45.126],[4.436,45.12],[4.43,45.116],[4.42,45.117],[4.414,45.121],[4.407,45.127],[4.4,45.131],[4.392,45.134],[4.384,45.136],[4.376,45.136],[4.37,45.133],[4.369,45.126],[4.373,45.119],[4.384,45.107],[4.383,45.101],[4.377,45.095],[4.364,45.088],[4.352,45.076],[4.348,45.068],[4.35,45.061],[4.364,45.05],[4.369,45.044],[4.368,45.038],[4.36,45.033],[4.344,45.029],[4.321,45.028],[4.311,45.026],[4.302,45.021],[4.292,45.011],[4.29,45.005],[4.289,45.001],[4.29,45],[4.291,44.998],[4.298,44.988],[4.3,44.98],[4.297,44.974],[4.283,44.969],[4.252,44.96],[4.232,44.964],[4.223,44.964],[4.215,44.959],[4.211,44.95],[4.206,44.935],[4.203,44.929],[4.193,44.915],[4.169,44.886],[4.162,44.88],[4.154,44.875],[4.14,44.873],[4.111,44.871],[4.069,44.864],[4.041,44.866],[4.031,44.865],[4.024,44.861],[4.018,44.85],[4.016,44.843],[4.013,44.836],[4.005,44.833],[3.999,44.831],[3.991,44.831],[3.974,44.826],[3.965,44.825],[3.956,44.823],[3.947,44.818],[3.904,44.768],[3.898,44.762],[3.894,44.758],[3.872,44.751],[3.848,44.755],[3.842,44.757],[3.835,44.76],[3.829,44.765],[3.823,44.768],[3.808,44.771],[3.795,44.776],[3.765,44.795],[3.738,44.816],[3.729,44.821],[3.716,44.825],[3.661,44.831],[3.655,44.834],[3.653,44.839],[3.656,44.844],[3.661,44.85],[3.663,44.856],[3.661,44.863],[3.654,44.869],[3.643,44.874],[3.625,44.877],[3.613,44.877],[3.602,44.875],[3.595,44.871],[3.59,44.865],[3.589,44.859],[3.587,44.845],[3.584,44.839],[3.578,44.833],[3.569,44.829],[3.56,44.828],[3.526,44.826],[3.516,44.825],[3.507,44.822],[3.493,44.816],[3.479,44.822],[3.46,44.837],[3.403,44.915],[3.394,44.935],[3.391,44.948],[3.387,44.953],[3.379,44.957],[3.37,44.954],[3.367,44.975],[3.356,44.993],[3.296,45.039],[3.29,45.053],[3.295,45.07],[3.305,45.079],[3.32,45.088],[3.331,45.098],[3.328,45.112],[3.32,45.117],[3.298,45.117],[3.288,45.121],[3.275,45.136],[3.27,45.153],[3.268,45.188],[3.262,45.202],[3.242,45.22],[3.233,45.232],[3.227,45.268],[3.218,45.277],[3.193,45.286],[3.166,45.29],[3.112,45.285]]]}},{"type":"Feature","id":"FR-44","properties":{"id":"FR-44","countryCode":"FR","isoSubdivision":"FR-44","name":"Loire-Atlantique","name_en":"Loire-Atlantique","name_ko":"루아르아틀랑티크","type":"Metropolitan department","labelLongitude":-1.602,"labelLatitude":47.364,"minZoom":8},"geometry":{"type":"Polygon","coordinates":[[[-1.991,47.035],[-1.993,47.052],[-2.004,47.07],[-2.015,47.082],[-2.03,47.092],[-2.09,47.115],[-2.205,47.129],[-2.241,47.142],[-2.228,47.149],[-2.217,47.156],[-2.205,47.161],[-2.173,47.164],[-2.165,47.168],[-2.162,47.176],[-2.159,47.191],[-2.159,47.204],[-2.169,47.22],[-2.172,47.235],[-2.171,47.246],[-2.167,47.259],[-2.161,47.271],[-2.152,47.28],[-2.128,47.287],[-2.036,47.293],[-2.029,47.297],[-2.022,47.299],[-2.015,47.3],[-2.007,47.293],[-1.999,47.289],[-1.948,47.279],[-1.932,47.28],[-1.939,47.286],[-1.928,47.286],[-1.917,47.284],[-1.907,47.28],[-1.898,47.273],[-1.919,47.273],[-1.919,47.266],[-1.878,47.246],[-1.836,47.24],[-1.826,47.235],[-1.804,47.219],[-1.781,47.212],[-1.727,47.211],[-1.747,47.22],[-1.788,47.226],[-1.806,47.235],[-1.836,47.26],[-1.871,47.28],[-1.906,47.294],[-1.926,47.298],[-1.949,47.3],[-1.958,47.302],[-1.972,47.312],[-2.01,47.32],[-2.148,47.313],[-2.18,47.3],[-2.187,47.293],[-2.191,47.286],[-2.196,47.28],[-2.206,47.273],[-2.236,47.267],[-2.259,47.252],[-2.278,47.246],[-2.298,47.247],[-2.316,47.252],[-2.331,47.261],[-2.355,47.28],[-2.371,47.286],[-2.388,47.288],[-2.397,47.288],[-2.405,47.286],[-2.413,47.282],[-2.417,47.275],[-2.418,47.269],[-2.419,47.266],[-2.448,47.267],[-2.542,47.3],[-2.542,47.307],[-2.519,47.305],[-2.476,47.291],[-2.453,47.293],[-2.436,47.307],[-2.445,47.32],[-2.465,47.334],[-2.481,47.348],[-2.488,47.345],[-2.491,47.344],[-2.494,47.342],[-2.489,47.334],[-2.489,47.33],[-2.494,47.321],[-2.502,47.321],[-2.503,47.35],[-2.515,47.365],[-2.556,47.383],[-2.477,47.416],[-2.466,47.415],[-2.456,47.412],[-2.439,47.41],[-2.441,47.404],[-2.442,47.404],[-2.446,47.403],[-2.439,47.396],[-2.429,47.404],[-2.395,47.417],[-2.392,47.424],[-2.407,47.426],[-2.432,47.426],[-2.448,47.431],[-2.439,47.445],[-2.455,47.452],[-2.461,47.453],[-2.46,47.453],[-2.453,47.462],[-2.445,47.465],[-2.433,47.466],[-2.423,47.463],[-2.413,47.458],[-2.404,47.456],[-2.395,47.455],[-2.376,47.459],[-2.366,47.459],[-2.356,47.458],[-2.346,47.459],[-2.334,47.464],[-2.32,47.477],[-2.312,47.487],[-2.307,47.494],[-2.303,47.5],[-2.302,47.502],[-2.299,47.503],[-2.292,47.506],[-2.281,47.507],[-2.274,47.504],[-2.27,47.502],[-2.269,47.501],[-2.266,47.499],[-2.262,47.497],[-2.253,47.495],[-2.241,47.497],[-2.228,47.5],[-2.211,47.508],[-2.203,47.507],[-2.199,47.504],[-2.199,47.502],[-2.199,47.496],[-2.199,47.491],[-2.198,47.488],[-2.193,47.484],[-2.187,47.481],[-2.179,47.482],[-2.173,47.486],[-2.166,47.495],[-2.161,47.505],[-2.154,47.513],[-2.143,47.52],[-2.132,47.522],[-2.12,47.53],[-2.11,47.542],[-2.098,47.587],[-2.091,47.599],[-2.087,47.604],[-2.086,47.608],[-2.087,47.612],[-2.087,47.616],[-2.085,47.62],[-2.084,47.623],[-2.086,47.629],[-2.089,47.633],[-2.081,47.65],[-2.05,47.661],[-2.035,47.67],[-2.031,47.671],[-2.023,47.673],[-1.993,47.676],[-1.958,47.676],[-1.938,47.685],[-1.866,47.703],[-1.835,47.695],[-1.816,47.692],[-1.806,47.692],[-1.685,47.718],[-1.658,47.73],[-1.641,47.74],[-1.636,47.746],[-1.629,47.753],[-1.622,47.759],[-1.613,47.765],[-1.592,47.775],[-1.489,47.808],[-1.473,47.819],[-1.462,47.823],[-1.431,47.825],[-1.409,47.824],[-1.399,47.821],[-1.39,47.817],[-1.383,47.809],[-1.379,47.802],[-1.365,47.795],[-1.351,47.792],[-1.251,47.78],[-1.247,47.766],[-1.248,47.734],[-1.241,47.723],[-1.234,47.721],[-1.212,47.72],[-1.194,47.713],[-1.186,47.707],[-1.179,47.699],[-1.175,47.685],[-1.176,47.655],[-1.17,47.641],[-1.158,47.631],[-1.031,47.601],[-1.008,47.588],[-1.032,47.57],[-1.058,47.564],[-1.162,47.571],[-1.179,47.564],[-1.175,47.542],[-1.153,47.517],[-1.129,47.505],[-0.966,47.492],[-0.965,47.467],[-0.956,47.439],[-0.942,47.412],[-0.924,47.394],[-0.925,47.394],[-0.926,47.394],[-0.927,47.394],[-0.928,47.394],[-0.929,47.394],[-0.93,47.393],[-0.932,47.393],[-0.933,47.393],[-0.935,47.393],[-0.937,47.392],[-0.939,47.392],[-0.94,47.392],[-0.942,47.392],[-0.944,47.391],[-0.947,47.391],[-0.949,47.391],[-0.951,47.39],[-0.953,47.39],[-0.955,47.39],[-0.958,47.389],[-0.96,47.389],[-0.962,47.389],[-0.965,47.388],[-0.967,47.388],[-0.969,47.388],[-0.972,47.387],[-0.974,47.387],[-0.976,47.387],[-0.978,47.387],[-0.98,47.386],[-0.982,47.386],[-0.984,47.386],[-0.986,47.385],[-0.988,47.385],[-0.99,47.385],[-0.991,47.385],[-0.993,47.384],[-0.994,47.384],[-0.996,47.384],[-0.997,47.384],[-0.998,47.384],[-0.999,47.384],[-1,47.383],[-1.001,47.383],[-1.129,47.382],[-1.165,47.376],[-1.223,47.351],[-1.244,47.348],[-1.286,47.346],[-1.304,47.341],[-1.305,47.341],[-1.305,47.34],[-1.306,47.34],[-1.307,47.339],[-1.308,47.339],[-1.309,47.338],[-1.31,47.338],[-1.311,47.337],[-1.312,47.337],[-1.312,47.336],[-1.313,47.336],[-1.314,47.335],[-1.315,47.335],[-1.316,47.334],[-1.317,47.334],[-1.318,47.333],[-1.319,47.333],[-1.319,47.332],[-1.32,47.332],[-1.321,47.331],[-1.322,47.331],[-1.323,47.33],[-1.324,47.33],[-1.325,47.329],[-1.326,47.329],[-1.327,47.328],[-1.328,47.328],[-1.329,47.327],[-1.33,47.327],[-1.33,47.326],[-1.331,47.326],[-1.332,47.326],[-1.332,47.325],[-1.333,47.325],[-1.334,47.325],[-1.334,47.324],[-1.335,47.324],[-1.339,47.301],[-1.301,47.297],[-1.251,47.246],[-1.225,47.243],[-1.196,47.248],[-1.184,47.232],[-1.176,47.206],[-1.162,47.186],[-1.219,47.132],[-1.23,47.109],[-1.161,47.084],[-1.129,47.063],[-1.118,47.041],[-1.149,47.029],[-1.231,47.067],[-1.27,47.076],[-1.293,47.056],[-1.305,47.039],[-1.344,47.045],[-1.363,47.036],[-1.368,47.024],[-1.362,46.986],[-1.365,46.974],[-1.37,46.965],[-1.379,46.957],[-1.424,46.936],[-1.443,46.934],[-1.459,46.94],[-1.468,46.956],[-1.468,47.011],[-1.475,47.026],[-1.485,47.034],[-1.498,47.035],[-1.547,47.02],[-1.553,46.993],[-1.539,46.946],[-1.518,46.901],[-1.5,46.883],[-1.505,46.88],[-1.519,46.868],[-1.55,46.86],[-1.652,46.879],[-1.705,46.879],[-1.72,46.885],[-1.772,46.924],[-1.877,46.959],[-1.908,46.977],[-1.968,47.025],[-1.991,47.035]]]}},{"type":"Feature","id":"FR-45","properties":{"id":"FR-45","countryCode":"FR","isoSubdivision":"FR-45","name":"Loiret","name_en":"Loiret","name_ko":"루아레","type":"Metropolitan department","labelLongitude":2.192,"labelLatitude":47.901,"minZoom":8},"geometry":{"type":"Polygon","coordinates":[[[1.599,47.735],[1.548,47.769],[1.554,47.776],[1.564,47.791],[1.57,47.797],[1.534,47.826],[1.55,47.845],[1.579,47.866],[1.579,47.904],[1.566,47.913],[1.549,47.919],[1.537,47.926],[1.541,47.937],[1.563,47.955],[1.568,47.966],[1.562,47.98],[1.552,47.987],[1.54,47.988],[1.52,47.986],[1.516,48.018],[1.521,48.029],[1.537,48.04],[1.553,48.043],[1.584,48.033],[1.599,48.035],[1.614,48.046],[1.631,48.065],[1.647,48.072],[1.675,48.074],[1.729,48.067],[1.789,48.085],[1.809,48.087],[1.834,48.082],[1.855,48.086],[1.873,48.098],[1.89,48.115],[1.908,48.152],[1.918,48.167],[1.939,48.173],[1.953,48.175],[1.964,48.178],[1.971,48.186],[1.976,48.201],[1.966,48.234],[1.965,48.246],[1.968,48.254],[1.988,48.277],[2.134,48.299],[2.168,48.31],[2.177,48.315],[2.182,48.321],[2.191,48.335],[2.198,48.339],[2.208,48.339],[2.221,48.332],[2.23,48.326],[2.236,48.319],[2.238,48.313],[2.244,48.308],[2.256,48.306],[2.282,48.311],[2.293,48.316],[2.299,48.323],[2.305,48.327],[2.316,48.328],[2.36,48.31],[2.391,48.314],[2.399,48.315],[2.414,48.301],[2.42,48.292],[2.434,48.255],[2.436,48.251],[2.437,48.25],[2.493,48.225],[2.506,48.215],[2.514,48.207],[2.513,48.2],[2.511,48.193],[2.5,48.181],[2.5,48.178],[2.501,48.176],[2.506,48.168],[2.509,48.163],[2.507,48.157],[2.502,48.154],[2.498,48.153],[2.473,48.157],[2.464,48.156],[2.456,48.152],[2.451,48.147],[2.449,48.14],[2.451,48.134],[2.457,48.129],[2.467,48.124],[2.482,48.122],[2.496,48.122],[2.532,48.129],[2.548,48.13],[2.685,48.123],[2.698,48.125],[2.719,48.134],[2.728,48.141],[2.736,48.148],[2.746,48.154],[2.761,48.158],[2.788,48.16],[2.801,48.157],[2.803,48.151],[2.799,48.146],[2.795,48.139],[2.795,48.133],[2.811,48.131],[2.825,48.131],[2.926,48.156],[2.939,48.156],[2.957,48.154],[2.995,48.147],[3.008,48.142],[3.015,48.138],[3.023,48.132],[3.027,48.125],[3.045,48.076],[3.053,48.068],[3.061,48.061],[3.092,48.044],[3.108,48.032],[3.112,48.026],[3.115,48.018],[3.118,48.001],[3.112,47.989],[3.094,47.958],[3.085,47.949],[3.076,47.944],[3.055,47.936],[3.045,47.93],[3.029,47.917],[3.021,47.911],[3.013,47.909],[2.999,47.91],[2.995,47.907],[2.992,47.9],[2.996,47.875],[3,47.865],[3.01,47.854],[3.012,47.847],[3.007,47.839],[3.002,47.834],[2.999,47.829],[2.998,47.823],[3,47.815],[3.001,47.809],[3,47.801],[2.992,47.792],[2.983,47.788],[2.95,47.779],[2.918,47.765],[2.909,47.763],[2.9,47.763],[2.881,47.764],[2.86,47.762],[2.851,47.759],[2.843,47.756],[2.836,47.751],[2.835,47.749],[2.832,47.739],[2.831,47.73],[2.833,47.722],[2.837,47.716],[2.847,47.711],[2.857,47.711],[2.867,47.708],[2.875,47.704],[2.903,47.687],[2.915,47.677],[2.928,47.66],[2.934,47.649],[2.934,47.639],[2.925,47.627],[2.925,47.619],[2.931,47.609],[2.961,47.583],[2.969,47.568],[2.948,47.563],[2.91,47.562],[2.9,47.56],[2.859,47.544],[2.859,47.54],[2.856,47.536],[2.875,47.521],[2.854,47.515],[2.819,47.499],[2.798,47.497],[2.783,47.504],[2.754,47.523],[2.733,47.525],[2.725,47.516],[2.718,47.5],[2.704,47.487],[2.679,47.485],[2.662,47.492],[2.627,47.518],[2.584,47.564],[2.566,47.573],[2.512,47.572],[2.489,47.577],[2.442,47.607],[2.424,47.609],[2.373,47.595],[2.346,47.599],[2.294,47.622],[2.271,47.624],[2.239,47.621],[2.224,47.663],[2.172,47.677],[1.97,47.664],[1.941,47.667],[1.889,47.693],[1.861,47.7],[1.849,47.698],[1.843,47.691],[1.839,47.669],[1.82,47.644],[1.789,47.641],[1.757,47.655],[1.733,47.676],[1.718,47.725],[1.706,47.734],[1.666,47.745],[1.629,47.764],[1.617,47.743],[1.612,47.739],[1.599,47.735]]]}},{"type":"Feature","id":"FR-46","properties":{"id":"FR-46","countryCode":"FR","isoSubdivision":"FR-46","name":"Lot","name_en":"Lot","name_ko":"로트","type":"Metropolitan department","labelLongitude":1.611,"labelLatitude":44.633,"minZoom":8},"geometry":{"type":"Polygon","coordinates":[[[2.205,44.622],[2.204,44.599],[2.18,44.589],[2.141,44.581],[2.063,44.587],[2.044,44.579],[2.027,44.57],[1.988,44.556],[1.928,44.521],[1.889,44.506],[1.834,44.488],[1.861,44.411],[1.876,44.389],[1.902,44.362],[1.902,44.35],[1.882,44.34],[1.846,44.331],[1.767,44.328],[1.685,44.302],[1.654,44.274],[1.643,44.27],[1.633,44.274],[1.622,44.293],[1.617,44.298],[1.591,44.3],[1.573,44.295],[1.568,44.281],[1.58,44.258],[1.581,44.244],[1.566,44.235],[1.545,44.234],[1.528,44.246],[1.516,44.261],[1.504,44.271],[1.491,44.278],[1.474,44.284],[1.458,44.264],[1.437,44.249],[1.364,44.22],[1.34,44.222],[1.288,44.234],[1.281,44.24],[1.287,44.251],[1.296,44.261],[1.3,44.269],[1.285,44.282],[1.269,44.281],[1.25,44.27],[1.217,44.276],[1.147,44.304],[1.129,44.316],[1.117,44.331],[1.115,44.345],[1.127,44.37],[1.129,44.384],[1.119,44.393],[1.1,44.391],[1.065,44.379],[1.065,44.403],[1.068,44.412],[1.067,44.422],[1.061,44.431],[1.044,44.441],[1.038,44.446],[1.034,44.453],[1.03,44.465],[1.027,44.471],[1.023,44.475],[1.021,44.48],[1.02,44.486],[1.021,44.501],[1.019,44.506],[1.015,44.511],[1.01,44.517],[1.004,44.523],[1,44.527],[0.998,44.533],[1.002,44.539],[1.013,44.548],[1.062,44.565],[1.077,44.575],[1.095,44.585],[1.12,44.604],[1.131,44.615],[1.175,44.673],[1.19,44.683],[1.199,44.685],[1.218,44.687],[1.227,44.689],[1.235,44.693],[1.25,44.702],[1.258,44.707],[1.276,44.712],[1.288,44.717],[1.3,44.726],[1.315,44.741],[1.322,44.751],[1.322,44.762],[1.317,44.768],[1.312,44.773],[1.31,44.78],[1.314,44.789],[1.326,44.802],[1.336,44.806],[1.346,44.807],[1.355,44.807],[1.364,44.811],[1.372,44.82],[1.383,44.837],[1.391,44.846],[1.399,44.853],[1.427,44.87],[1.433,44.876],[1.437,44.883],[1.437,44.89],[1.434,44.899],[1.434,44.906],[1.441,44.913],[1.446,44.921],[1.447,44.933],[1.425,44.984],[1.43,45],[1.459,45.015],[1.474,45.02],[1.477,45.023],[1.487,45.029],[1.503,45.032],[1.506,45.034],[1.515,45.042],[1.523,45.045],[1.53,45.045],[1.535,45.041],[1.538,45.035],[1.54,45.03],[1.546,45.028],[1.568,45.035],[1.581,45.036],[1.61,45.029],[1.626,45.023],[1.659,45.007],[1.693,44.985],[1.699,44.979],[1.702,44.973],[1.706,44.966],[1.714,44.96],[1.733,44.954],[1.745,44.949],[1.754,44.943],[1.76,44.939],[1.766,44.935],[1.778,44.933],[1.8,44.933],[1.852,44.946],[1.908,44.968],[1.917,44.97],[1.926,44.97],[1.935,44.966],[1.941,44.962],[1.946,44.961],[1.954,44.961],[1.979,44.971],[1.984,44.972],[2.005,44.975],[2.059,44.975],[2.071,44.957],[2.079,44.897],[2.085,44.88],[2.094,44.866],[2.136,44.818],[2.152,44.796],[2.157,44.784],[2.159,44.775],[2.143,44.72],[2.134,44.706],[2.132,44.699],[2.137,44.695],[2.153,44.69],[2.161,44.685],[2.165,44.678],[2.171,44.65],[2.176,44.64],[2.182,44.631],[2.195,44.623],[2.205,44.622]]]}},{"type":"Feature","id":"FR-47","properties":{"id":"FR-47","countryCode":"FR","isoSubdivision":"FR-47","name":"Lot-et-Garonne","name_en":"Lot-et-Garonne","name_ko":"로트에가론","type":"Metropolitan department","labelLongitude":0.45,"labelLatitude":44.383,"minZoom":8},"geometry":{"type":"Polygon","coordinates":[[[-0.129,44.152],[-0.129,44.191],[-0.133,44.209],[-0.141,44.227],[-0.066,44.254],[-0.035,44.276],[-0.048,44.307],[-0.076,44.331],[-0.085,44.346],[-0.074,44.354],[-0.005,44.37],[0.015,44.367],[0.016,44.381],[0.011,44.391],[0.004,44.4],[-0.001,44.41],[0,44.42],[0.009,44.439],[0.011,44.449],[0.008,44.458],[-0.008,44.468],[-0.015,44.474],[-0.018,44.485],[-0.014,44.498],[-0.006,44.509],[0.033,44.549],[0.041,44.553],[0.062,44.55],[0.072,44.551],[0.082,44.557],[0.17,44.637],[0.175,44.656],[0.166,44.664],[0.125,44.673],[0.113,44.684],[0.108,44.696],[0.11,44.71],[0.119,44.724],[0.129,44.731],[0.143,44.737],[0.159,44.74],[0.171,44.739],[0.181,44.731],[0.19,44.721],[0.2,44.714],[0.214,44.715],[0.221,44.72],[0.224,44.727],[0.225,44.745],[0.227,44.754],[0.232,44.758],[0.239,44.76],[0.273,44.757],[0.285,44.758],[0.297,44.762],[0.329,44.728],[0.35,44.689],[0.375,44.657],[0.417,44.645],[0.439,44.65],[0.505,44.676],[0.516,44.675],[0.537,44.666],[0.547,44.665],[0.56,44.672],[0.577,44.691],[0.587,44.699],[0.6,44.701],[0.641,44.7],[0.651,44.696],[0.664,44.68],[0.686,44.674],[0.735,44.677],[0.793,44.692],[0.812,44.69],[0.832,44.677],[0.842,44.66],[0.838,44.642],[0.817,44.627],[0.841,44.602],[0.873,44.604],[0.939,44.638],[0.972,44.638],[1.017,44.623],[1.056,44.6],[1.077,44.575],[1.062,44.565],[1.013,44.548],[1.002,44.539],[0.998,44.533],[1,44.527],[1.004,44.523],[1.01,44.517],[1.015,44.511],[1.019,44.506],[1.021,44.501],[1.02,44.486],[1.021,44.48],[1.023,44.475],[1.027,44.471],[1.03,44.465],[1.034,44.453],[1.038,44.446],[1.044,44.441],[1.061,44.431],[1.067,44.422],[1.068,44.412],[1.065,44.403],[1.065,44.379],[1.065,44.378],[1.064,44.378],[1.051,44.368],[0.97,44.363],[0.95,44.366],[0.937,44.37],[0.93,44.376],[0.92,44.379],[0.911,44.378],[0.904,44.373],[0.901,44.367],[0.9,44.36],[0.901,44.354],[0.901,44.347],[0.9,44.341],[0.897,44.334],[0.887,44.319],[0.887,44.313],[0.894,44.301],[0.898,44.296],[0.905,44.293],[0.931,44.287],[0.938,44.284],[0.945,44.279],[0.947,44.273],[0.946,44.266],[0.943,44.26],[0.906,44.201],[0.895,44.193],[0.872,44.181],[0.871,44.176],[0.876,44.172],[0.884,44.169],[0.891,44.164],[0.895,44.158],[0.894,44.15],[0.889,44.144],[0.882,44.141],[0.873,44.14],[0.864,44.14],[0.855,44.142],[0.838,44.147],[0.829,44.149],[0.819,44.149],[0.808,44.145],[0.804,44.142],[0.801,44.136],[0.799,44.13],[0.795,44.123],[0.787,44.118],[0.766,44.111],[0.758,44.105],[0.753,44.098],[0.746,44.084],[0.744,44.078],[0.742,44.067],[0.68,44.04],[0.659,44.038],[0.652,44.041],[0.624,44.062],[0.613,44.067],[0.593,44.073],[0.577,44.071],[0.509,44.052],[0.5,44.052],[0.491,44.053],[0.477,44.057],[0.466,44.056],[0.456,44.052],[0.447,44.046],[0.375,44.02],[0.354,44.017],[0.34,44.012],[0.314,43.999],[0.304,43.997],[0.294,43.996],[0.287,43.998],[0.268,44.005],[0.222,44.019],[0.212,44.017],[0.204,44.013],[0.198,44.008],[0.183,43.988],[0.177,43.981],[0.169,43.975],[0.157,43.969],[0.148,43.968],[0.141,43.969],[0.134,43.979],[0.124,43.981],[0.116,43.981],[0.09,43.973],[0.085,43.967],[0.06,44.025],[0.079,44.038],[0.102,44.08],[0.135,44.117],[0.119,44.126],[-0.079,44.154],[-0.129,44.152]]]}},{"type":"Feature","id":"FR-48","properties":{"id":"FR-48","countryCode":"FR","isoSubdivision":"FR-48","name":"Lozère","name_en":"Lozère","name_ko":"로제르","type":"Metropolitan department","labelLongitude":3.548,"labelLatitude":44.491,"minZoom":8},"geometry":{"type":"Polygon","coordinates":[[[3.994,44.458],[3.985,44.449],[3.959,44.414],[3.943,44.405],[3.911,44.401],[3.895,44.39],[3.927,44.351],[3.931,44.34],[3.937,44.307],[3.962,44.262],[3.965,44.247],[3.958,44.225],[3.92,44.166],[3.876,44.131],[3.866,44.13],[3.791,44.136],[3.69,44.18],[3.671,44.184],[3.643,44.177],[3.638,44.164],[3.641,44.147],[3.637,44.127],[3.616,44.117],[3.518,44.113],[3.48,44.122],[3.377,44.168],[3.37,44.183],[3.36,44.189],[3.351,44.194],[3.341,44.196],[3.323,44.196],[3.249,44.191],[3.241,44.192],[3.234,44.195],[3.231,44.202],[3.23,44.209],[3.228,44.217],[3.223,44.224],[3.213,44.231],[3.204,44.235],[3.169,44.247],[3.148,44.259],[3.129,44.261],[3.123,44.263],[3.124,44.271],[3.128,44.278],[3.146,44.303],[3.147,44.31],[3.145,44.318],[3.131,44.335],[3.127,44.347],[3.126,44.364],[3.125,44.371],[3.127,44.378],[3.131,44.384],[3.135,44.391],[3.137,44.398],[3.137,44.407],[3.139,44.414],[3.141,44.421],[3.14,44.429],[3.135,44.438],[3.097,44.473],[3.091,44.48],[3.085,44.489],[3.081,44.506],[3.081,44.516],[3.082,44.524],[3.084,44.531],[3.084,44.537],[3.066,44.564],[2.98,44.644],[2.994,44.677],[3.004,44.69],[3.021,44.707],[3.025,44.715],[3.031,44.749],[3.045,44.792],[3.054,44.811],[3.063,44.824],[3.08,44.83],[3.089,44.837],[3.097,44.859],[3.1,44.881],[3.107,44.889],[3.116,44.894],[3.124,44.896],[3.131,44.893],[3.147,44.875],[3.154,44.87],[3.168,44.872],[3.188,44.881],[3.244,44.922],[3.258,44.926],[3.266,44.925],[3.275,44.924],[3.285,44.926],[3.297,44.93],[3.338,44.95],[3.345,44.953],[3.357,44.955],[3.37,44.954],[3.379,44.957],[3.387,44.953],[3.391,44.948],[3.394,44.935],[3.403,44.915],[3.46,44.837],[3.479,44.822],[3.493,44.816],[3.507,44.822],[3.516,44.825],[3.526,44.826],[3.56,44.828],[3.569,44.829],[3.578,44.833],[3.584,44.839],[3.587,44.845],[3.589,44.859],[3.59,44.865],[3.595,44.871],[3.602,44.875],[3.613,44.877],[3.625,44.877],[3.643,44.874],[3.654,44.869],[3.661,44.863],[3.663,44.856],[3.661,44.85],[3.656,44.844],[3.653,44.839],[3.655,44.834],[3.661,44.831],[3.716,44.825],[3.729,44.821],[3.738,44.816],[3.765,44.795],[3.795,44.776],[3.808,44.771],[3.823,44.768],[3.829,44.765],[3.835,44.76],[3.842,44.757],[3.848,44.755],[3.872,44.751],[3.868,44.722],[3.871,44.71],[3.875,44.699],[3.877,44.695],[3.88,44.692],[3.892,44.663],[3.9,44.622],[3.912,44.595],[3.922,44.58],[3.943,44.57],[3.957,44.551],[3.965,44.536],[3.994,44.458]]]}},{"type":"Feature","id":"FR-49","properties":{"id":"FR-49","countryCode":"FR","isoSubdivision":"FR-49","name":"Maine-et-Loire","name_en":"Maine-et-Loire","name_ko":"멘에루아르","type":"Metropolitan department","labelLongitude":-0.528,"labelLatitude":47.377,"minZoom":8},"geometry":{"type":"Polygon","coordinates":[[[-1.058,47.564],[-1.032,47.57],[-1.008,47.588],[-1.031,47.601],[-1.158,47.631],[-1.17,47.641],[-1.176,47.655],[-1.175,47.685],[-1.179,47.699],[-1.186,47.707],[-1.194,47.713],[-1.212,47.72],[-1.234,47.721],[-1.241,47.723],[-1.248,47.734],[-1.247,47.766],[-1.251,47.78],[-1.243,47.81],[-1.19,47.788],[-1.139,47.778],[-1.027,47.775],[-0.984,47.763],[-0.975,47.767],[-0.964,47.79],[-0.956,47.793],[-0.627,47.735],[-0.611,47.736],[-0.603,47.74],[-0.589,47.755],[-0.579,47.758],[-0.553,47.753],[-0.539,47.752],[-0.528,47.757],[-0.51,47.775],[-0.502,47.779],[-0.454,47.761],[-0.437,47.758],[-0.42,47.762],[-0.244,47.706],[-0.231,47.708],[-0.205,47.722],[-0.195,47.719],[-0.184,47.705],[-0.188,47.705],[-0.204,47.695],[-0.208,47.691],[-0.21,47.685],[-0.21,47.68],[-0.207,47.669],[-0.193,47.651],[-0.169,47.639],[-0.143,47.634],[-0.12,47.641],[-0.105,47.655],[-0.097,47.657],[-0.044,47.651],[0.063,47.61],[0.099,47.606],[0.151,47.588],[0.175,47.589],[0.186,47.616],[0.242,47.603],[0.218,47.561],[0.214,47.549],[0.215,47.535],[0.221,47.517],[0.223,47.51],[0.222,47.502],[0.19,47.454],[0.186,47.44],[0.174,47.415],[0.172,47.405],[0.178,47.386],[0.177,47.377],[0.15,47.346],[0.122,47.32],[0.11,47.307],[0.105,47.299],[0.099,47.287],[0.082,47.23],[0.067,47.154],[0.014,47.161],[-0.004,47.157],[-0.037,47.128],[-0.041,47.121],[-0.042,47.114],[-0.045,47.106],[-0.053,47.096],[-0.064,47.092],[-0.092,47.086],[-0.1,47.08],[-0.106,47.074],[-0.109,47.07],[-0.118,47.057],[-0.143,47.063],[-0.148,47.068],[-0.152,47.074],[-0.154,47.082],[-0.159,47.091],[-0.171,47.098],[-0.181,47.101],[-0.192,47.1],[-0.212,47.096],[-0.27,47.097],[-0.376,47.088],[-0.403,47.08],[-0.459,47.068],[-0.473,47.066],[-0.496,47.075],[-0.507,47.076],[-0.518,47.075],[-0.538,47.07],[-0.547,47.067],[-0.555,47.061],[-0.558,47.055],[-0.556,47.048],[-0.545,47.036],[-0.544,47.03],[-0.549,47.025],[-0.592,47.01],[-0.609,46.999],[-0.614,46.997],[-0.632,46.992],[-0.696,46.988],[-0.752,46.991],[-0.78,46.997],[-0.838,46.99],[-0.851,46.99],[-0.861,46.991],[-0.87,46.994],[-0.909,47.012],[-0.92,47.014],[-0.935,47.017],[-0.941,47.013],[-0.943,47.009],[-0.943,47.007],[-0.946,47],[-0.961,47.003],[-0.977,47.013],[-0.993,47.02],[-1.035,47.003],[-1.075,47.007],[-1.149,47.029],[-1.118,47.041],[-1.129,47.063],[-1.161,47.084],[-1.23,47.109],[-1.219,47.132],[-1.162,47.186],[-1.176,47.206],[-1.184,47.232],[-1.196,47.248],[-1.225,47.243],[-1.251,47.246],[-1.301,47.297],[-1.339,47.301],[-1.335,47.324],[-1.334,47.324],[-1.334,47.325],[-1.333,47.325],[-1.332,47.325],[-1.332,47.326],[-1.331,47.326],[-1.33,47.326],[-1.33,47.327],[-1.329,47.327],[-1.328,47.328],[-1.327,47.328],[-1.326,47.329],[-1.325,47.329],[-1.324,47.33],[-1.323,47.33],[-1.322,47.331],[-1.321,47.331],[-1.32,47.332],[-1.319,47.332],[-1.319,47.333],[-1.318,47.333],[-1.317,47.334],[-1.316,47.334],[-1.315,47.335],[-1.314,47.335],[-1.313,47.336],[-1.312,47.336],[-1.312,47.337],[-1.311,47.337],[-1.31,47.338],[-1.309,47.338],[-1.308,47.339],[-1.307,47.339],[-1.306,47.34],[-1.305,47.34],[-1.305,47.341],[-1.304,47.341],[-1.286,47.346],[-1.244,47.348],[-1.223,47.351],[-1.165,47.376],[-1.129,47.382],[-1.001,47.383],[-1,47.383],[-0.999,47.384],[-0.998,47.384],[-0.997,47.384],[-0.996,47.384],[-0.994,47.384],[-0.993,47.384],[-0.991,47.385],[-0.99,47.385],[-0.988,47.385],[-0.986,47.385],[-0.984,47.386],[-0.982,47.386],[-0.98,47.386],[-0.978,47.387],[-0.976,47.387],[-0.974,47.387],[-0.972,47.387],[-0.969,47.388],[-0.967,47.388],[-0.965,47.388],[-0.962,47.389],[-0.96,47.389],[-0.958,47.389],[-0.955,47.39],[-0.953,47.39],[-0.951,47.39],[-0.949,47.391],[-0.947,47.391],[-0.944,47.391],[-0.942,47.392],[-0.94,47.392],[-0.939,47.392],[-0.937,47.392],[-0.935,47.393],[-0.933,47.393],[-0.932,47.393],[-0.93,47.393],[-0.929,47.394],[-0.928,47.394],[-0.927,47.394],[-0.926,47.394],[-0.925,47.394],[-0.924,47.394],[-0.942,47.412],[-0.956,47.439],[-0.965,47.467],[-0.966,47.492],[-1.129,47.505],[-1.153,47.517],[-1.175,47.542],[-1.179,47.564],[-1.162,47.571],[-1.058,47.564]]]}},{"type":"Feature","id":"FR-50","properties":{"id":"FR-50","countryCode":"FR","isoSubdivision":"FR-50","name":"Manche","name_en":"Manche","name_ko":"망슈","type":"Metropolitan department","labelLongitude":-1.347,"labelLatitude":49.164,"minZoom":8},"geometry":{"type":"Polygon","coordinates":[[[-1.59,48.642],[-1.58,48.643],[-1.501,48.636],[-1.393,48.652],[-1.357,48.643],[-1.372,48.661],[-1.395,48.668],[-1.433,48.671],[-1.433,48.668],[-1.438,48.664],[-1.443,48.663],[-1.446,48.667],[-1.447,48.674],[-1.451,48.68],[-1.456,48.683],[-1.49,48.69],[-1.503,48.696],[-1.508,48.702],[-1.516,48.725],[-1.554,48.747],[-1.562,48.771],[-1.563,48.798],[-1.567,48.822],[-1.579,48.838],[-1.603,48.842],[-1.603,48.849],[-1.589,48.854],[-1.579,48.863],[-1.572,48.874],[-1.564,48.922],[-1.557,48.932],[-1.548,48.924],[-1.543,48.935],[-1.542,48.944],[-1.547,48.95],[-1.559,48.952],[-1.563,48.958],[-1.552,49.015],[-1.546,49.03],[-1.532,49.035],[-1.508,49.028],[-1.508,49.034],[-1.527,49.04],[-1.55,49.04],[-1.568,49.033],[-1.576,49.017],[-1.579,49.013],[-1.587,49.019],[-1.594,49.029],[-1.597,49.037],[-1.596,49.061],[-1.594,49.072],[-1.589,49.082],[-1.603,49.084],[-1.609,49.091],[-1.608,49.103],[-1.603,49.116],[-1.596,49.128],[-1.589,49.135],[-1.569,49.144],[-1.582,49.15],[-1.584,49.148],[-1.589,49.144],[-1.598,49.159],[-1.604,49.178],[-1.609,49.198],[-1.61,49.216],[-1.603,49.225],[-1.584,49.226],[-1.548,49.219],[-1.548,49.225],[-1.57,49.23],[-1.595,49.238],[-1.617,49.238],[-1.625,49.219],[-1.641,49.232],[-1.657,49.268],[-1.672,49.28],[-1.665,49.285],[-1.663,49.286],[-1.658,49.288],[-1.687,49.302],[-1.699,49.314],[-1.707,49.329],[-1.686,49.329],[-1.686,49.335],[-1.699,49.356],[-1.707,49.356],[-1.715,49.339],[-1.733,49.346],[-1.756,49.362],[-1.776,49.37],[-1.773,49.377],[-1.771,49.38],[-1.768,49.384],[-1.782,49.382],[-1.795,49.378],[-1.807,49.377],[-1.816,49.384],[-1.82,49.397],[-1.816,49.431],[-1.816,49.445],[-1.819,49.452],[-1.824,49.458],[-1.838,49.476],[-1.84,49.481],[-1.84,49.486],[-1.844,49.494],[-1.854,49.504],[-1.879,49.525],[-1.885,49.531],[-1.878,49.545],[-1.85,49.562],[-1.844,49.572],[-1.839,49.603],[-1.84,49.62],[-1.847,49.634],[-1.855,49.645],[-1.861,49.655],[-1.869,49.662],[-1.902,49.666],[-1.946,49.678],[-1.938,49.702],[-1.94,49.716],[-1.935,49.724],[-1.908,49.726],[-1.899,49.724],[-1.879,49.715],[-1.867,49.713],[-1.839,49.715],[-1.829,49.713],[-1.825,49.708],[-1.821,49.696],[-1.816,49.692],[-1.812,49.691],[-1.801,49.692],[-1.796,49.692],[-1.774,49.687],[-1.708,49.68],[-1.633,49.664],[-1.617,49.664],[-1.617,49.662],[-1.616,49.657],[-1.614,49.652],[-1.607,49.65],[-1.597,49.652],[-1.584,49.662],[-1.573,49.664],[-1.561,49.663],[-1.54,49.658],[-1.528,49.657],[-1.511,49.663],[-1.496,49.672],[-1.47,49.695],[-1.456,49.702],[-1.409,49.712],[-1.391,49.713],[-1.271,49.698],[-1.263,49.696],[-1.259,49.688],[-1.254,49.672],[-1.232,49.641],[-1.228,49.624],[-1.253,49.612],[-1.258,49.603],[-1.26,49.593],[-1.264,49.589],[-1.286,49.589],[-1.295,49.587],[-1.301,49.582],[-1.306,49.558],[-1.294,49.538],[-1.277,49.521],[-1.262,49.493],[-1.185,49.43],[-1.176,49.415],[-1.172,49.393],[-1.174,49.382],[-1.179,49.375],[-1.183,49.369],[-1.185,49.366],[-1.182,49.356],[-1.174,49.357],[-1.163,49.362],[-1.152,49.363],[-1.141,49.357],[-1.133,49.35],[-1.123,49.345],[-1.119,49.346],[-1.118,49.327],[-1.13,49.313],[-1.137,49.298],[-1.123,49.276],[-1.009,49.197],[-0.983,49.196],[-0.923,49.211],[-0.917,49.211],[-0.912,49.209],[-0.91,49.202],[-0.911,49.195],[-0.922,49.174],[-0.922,49.163],[-0.918,49.153],[-0.889,49.118],[-0.884,49.108],[-0.871,49.041],[-0.863,49.026],[-0.895,49.015],[-0.951,48.971],[-0.983,48.953],[-0.998,48.951],[-1.042,48.959],[-1.056,48.953],[-1.065,48.941],[-1.064,48.927],[-1.053,48.917],[-1.042,48.912],[-1.037,48.906],[-1.038,48.898],[-1.047,48.889],[-1.059,48.881],[-1.1,48.869],[-1.131,48.85],[-1.144,48.836],[-1.147,48.822],[-1.108,48.815],[-1.101,48.811],[-1.099,48.794],[-1.092,48.787],[-1.045,48.775],[-0.996,48.774],[-0.957,48.783],[-0.897,48.772],[-0.841,48.752],[-0.842,48.729],[-0.82,48.727],[-0.737,48.686],[-0.757,48.671],[-0.767,48.66],[-0.767,48.647],[-0.756,48.626],[-0.752,48.612],[-0.756,48.603],[-0.763,48.595],[-0.786,48.56],[-0.84,48.526],[-0.863,48.502],[-0.899,48.497],[-0.906,48.499],[-0.912,48.5],[-0.916,48.501],[-0.936,48.507],[-0.947,48.506],[-0.954,48.503],[-0.957,48.501],[-0.962,48.499],[-0.995,48.493],[-1.029,48.493],[-1.079,48.499],[-1.105,48.507],[-1.121,48.516],[-1.223,48.535],[-1.248,48.537],[-1.266,48.535],[-1.274,48.529],[-1.288,48.515],[-1.295,48.509],[-1.303,48.504],[-1.312,48.501],[-1.336,48.495],[-1.345,48.491],[-1.366,48.477],[-1.382,48.47],[-1.41,48.463],[-1.433,48.463],[-1.448,48.466],[-1.458,48.472],[-1.466,48.478],[-1.491,48.489],[-1.499,48.495],[-1.529,48.531],[-1.537,48.545],[-1.54,48.552],[-1.543,48.563],[-1.545,48.569],[-1.55,48.574],[-1.556,48.586],[-1.572,48.606],[-1.58,48.62],[-1.583,48.627],[-1.585,48.632],[-1.589,48.64],[-1.59,48.642]]]}},{"type":"Feature","id":"FR-51","properties":{"id":"FR-51","countryCode":"FR","isoSubdivision":"FR-51","name":"Marne","name_en":"Marne","name_ko":"마른","type":"Metropolitan department","labelLongitude":4.264,"labelLatitude":49.022,"minZoom":8},"geometry":{"type":"Polygon","coordinates":[[[4.992,48.693],[4.867,48.693],[4.802,48.678],[4.773,48.644],[4.795,48.646],[4.837,48.645],[4.854,48.613],[4.844,48.613],[4.786,48.601],[4.776,48.595],[4.769,48.586],[4.769,48.576],[4.786,48.548],[4.785,48.538],[4.773,48.535],[4.67,48.532],[4.599,48.55],[4.576,48.546],[4.539,48.53],[4.526,48.529],[4.328,48.611],[4.323,48.617],[4.321,48.624],[4.33,48.654],[4.332,48.675],[4.33,48.686],[4.325,48.696],[4.317,48.703],[4.307,48.706],[4.196,48.711],[4.116,48.693],[4.098,48.696],[4.079,48.695],[4.057,48.667],[4.038,48.661],[4.022,48.661],[4.01,48.658],[3.889,48.578],[3.869,48.57],[3.86,48.561],[3.855,48.55],[3.848,48.526],[3.831,48.529],[3.787,48.531],[3.748,48.54],[3.743,48.544],[3.731,48.561],[3.727,48.563],[3.721,48.567],[3.716,48.569],[3.714,48.564],[3.712,48.562],[3.707,48.559],[3.701,48.556],[3.697,48.555],[3.677,48.553],[3.655,48.549],[3.636,48.541],[3.634,48.55],[3.624,48.579],[3.6,48.578],[3.566,48.615],[3.538,48.613],[3.515,48.633],[3.508,48.642],[3.501,48.644],[3.495,48.644],[3.477,48.639],[3.467,48.639],[3.459,48.642],[3.456,48.65],[3.455,48.662],[3.463,48.686],[3.462,48.696],[3.455,48.712],[3.454,48.718],[3.451,48.724],[3.446,48.73],[3.438,48.734],[3.431,48.739],[3.426,48.746],[3.423,48.749],[3.42,48.75],[3.416,48.751],[3.404,48.75],[3.399,48.75],[3.397,48.751],[3.396,48.754],[3.395,48.76],[3.399,48.77],[3.406,48.778],[3.418,48.785],[3.426,48.79],[3.425,48.796],[3.411,48.804],[3.406,48.809],[3.409,48.813],[3.421,48.816],[3.455,48.815],[3.464,48.817],[3.472,48.823],[3.475,48.829],[3.478,48.85],[3.492,48.871],[3.503,48.884],[3.512,48.893],[3.574,48.933],[3.582,48.942],[3.586,48.952],[3.591,48.959],[3.602,48.966],[3.62,48.974],[3.631,48.988],[3.648,48.999],[3.658,49.003],[3.666,49.009],[3.671,49.016],[3.671,49.024],[3.665,49.03],[3.657,49.033],[3.647,49.034],[3.637,49.034],[3.604,49.032],[3.595,49.033],[3.587,49.037],[3.585,49.041],[3.584,49.045],[3.584,49.049],[3.584,49.055],[3.586,49.06],[3.601,49.067],[3.609,49.071],[3.618,49.079],[3.626,49.09],[3.629,49.099],[3.629,49.106],[3.624,49.12],[3.623,49.126],[3.624,49.133],[3.625,49.138],[3.63,49.143],[3.636,49.147],[3.649,49.151],[3.66,49.151],[3.703,49.146],[3.713,49.147],[3.724,49.149],[3.734,49.154],[3.742,49.161],[3.747,49.17],[3.746,49.175],[3.742,49.179],[3.725,49.186],[3.717,49.191],[3.711,49.197],[3.705,49.202],[3.697,49.204],[3.688,49.204],[3.68,49.206],[3.675,49.21],[3.673,49.216],[3.671,49.223],[3.667,49.266],[3.666,49.273],[3.663,49.281],[3.652,49.296],[3.65,49.303],[3.668,49.312],[3.703,49.325],[3.788,49.34],[3.85,49.346],[3.857,49.347],[3.861,49.352],[3.861,49.358],[3.859,49.365],[3.859,49.371],[3.866,49.377],[3.878,49.381],[3.902,49.381],[3.914,49.38],[3.925,49.377],[3.953,49.364],[3.964,49.362],[3.974,49.363],[3.984,49.369],[3.996,49.371],[4.003,49.37],[4.022,49.362],[4.032,49.36],[4.041,49.362],[4.047,49.367],[4.051,49.375],[4.054,49.382],[4.055,49.407],[4.166,49.401],[4.197,49.395],[4.295,49.344],[4.318,49.326],[4.334,49.319],[4.352,49.317],[4.364,49.32],[4.375,49.319],[4.414,49.282],[4.449,49.276],[4.551,49.287],[4.577,49.284],[4.6,49.272],[4.618,49.245],[4.637,49.235],[4.723,49.252],[4.836,49.236],[4.907,49.254],[4.94,49.255],[4.979,49.236],[4.98,49.21],[4.968,49.193],[4.958,49.181],[4.955,49.173],[4.955,49.165],[4.979,49.12],[4.985,49.103],[4.987,49.091],[4.987,49.048],[4.992,49.037],[4.998,49.031],[5.019,49.026],[5.027,49.021],[5.034,49.013],[5.034,49.006],[5.032,49.002],[5.031,49],[5.029,48.999],[5.025,48.997],[5.02,48.991],[5.017,48.98],[5.02,48.966],[5.019,48.955],[5.017,48.947],[5.014,48.941],[5.009,48.935],[5.003,48.93],[4.997,48.927],[4.989,48.925],[4.955,48.919],[4.945,48.916],[4.936,48.908],[4.929,48.898],[4.922,48.878],[4.921,48.867],[4.923,48.857],[4.928,48.849],[4.932,48.84],[4.93,48.832],[4.914,48.817],[4.907,48.805],[4.908,48.797],[4.913,48.791],[4.917,48.788],[4.95,48.771],[4.983,48.75],[4.985,48.746],[4.994,48.722],[4.992,48.693]]]}},{"type":"Feature","id":"FR-52","properties":{"id":"FR-52","countryCode":"FR","isoSubdivision":"FR-52","name":"Haute-Marne","name_en":"Haute-Marne","name_ko":"오트마른","type":"Metropolitan department","labelLongitude":5.241,"labelLatitude":48.155,"minZoom":8},"geometry":{"type":"Polygon","coordinates":[[[4.867,48.693],[4.992,48.693],[5,48.687],[5.005,48.655],[5.009,48.647],[5.015,48.637],[5.025,48.626],[5.036,48.618],[5.071,48.598],[5.117,48.581],[5.187,48.542],[5.269,48.511],[5.287,48.507],[5.319,48.507],[5.335,48.505],[5.345,48.5],[5.345,48.499],[5.345,48.496],[5.349,48.49],[5.356,48.481],[5.455,48.419],[5.444,48.404],[5.424,48.388],[5.422,48.38],[5.424,48.373],[5.429,48.367],[5.43,48.347],[5.432,48.337],[5.438,48.331],[5.446,48.33],[5.454,48.334],[5.46,48.339],[5.464,48.344],[5.469,48.349],[5.478,48.352],[5.487,48.352],[5.508,48.351],[5.52,48.345],[5.534,48.334],[5.558,48.306],[5.572,48.293],[5.584,48.284],[5.594,48.282],[5.614,48.284],[5.625,48.284],[5.638,48.281],[5.646,48.276],[5.65,48.273],[5.652,48.269],[5.653,48.265],[5.654,48.26],[5.652,48.25],[5.652,48.248],[5.655,48.243],[5.662,48.239],[5.694,48.223],[5.713,48.211],[5.719,48.203],[5.72,48.196],[5.704,48.186],[5.698,48.18],[5.694,48.174],[5.693,48.167],[5.692,48.158],[5.691,48.153],[5.689,48.148],[5.669,48.122],[5.668,48.113],[5.664,48.106],[5.659,48.101],[5.658,48.096],[5.663,48.091],[5.681,48.083],[5.716,48.06],[5.732,48.047],[5.745,48.04],[5.755,48.036],[5.766,48.033],[5.777,48.03],[5.788,48.023],[5.794,48.016],[5.798,48.009],[5.799,48.001],[5.796,47.981],[5.796,47.974],[5.798,47.964],[5.804,47.958],[5.813,47.957],[5.821,47.961],[5.828,47.966],[5.849,47.968],[5.892,47.933],[5.898,47.919],[5.896,47.914],[5.892,47.909],[5.883,47.906],[5.873,47.905],[5.861,47.901],[5.852,47.894],[5.833,47.871],[5.821,47.863],[5.716,47.813],[5.704,47.801],[5.7,47.792],[5.708,47.775],[5.71,47.764],[5.704,47.745],[5.701,47.733],[5.701,47.723],[5.703,47.715],[5.704,47.706],[5.701,47.693],[5.692,47.686],[5.683,47.681],[5.587,47.658],[5.576,47.657],[5.566,47.658],[5.555,47.66],[5.501,47.682],[5.484,47.682],[5.467,47.677],[5.443,47.674],[5.433,47.674],[5.421,47.671],[5.413,47.666],[5.407,47.659],[5.375,47.608],[5.371,47.601],[5.366,47.597],[5.359,47.593],[5.351,47.595],[5.345,47.602],[5.339,47.607],[5.331,47.609],[5.322,47.605],[5.294,47.59],[5.284,47.588],[5.276,47.591],[5.269,47.601],[5.267,47.615],[5.263,47.619],[5.258,47.622],[5.246,47.625],[5.222,47.636],[5.204,47.646],[5.194,47.654],[5.19,47.661],[5.19,47.667],[5.186,47.672],[5.179,47.677],[5.168,47.675],[5.161,47.671],[5.155,47.666],[5.151,47.66],[5.146,47.655],[5.138,47.651],[5.129,47.648],[5.119,47.648],[5.109,47.648],[5.1,47.651],[5.08,47.66],[5.07,47.667],[5.059,47.677],[5.043,47.695],[5.034,47.704],[5.022,47.705],[5.016,47.701],[5.004,47.691],[4.999,47.688],[4.991,47.686],[4.982,47.688],[4.971,47.693],[4.964,47.706],[4.96,47.715],[4.955,47.744],[4.955,47.75],[4.955,47.751],[4.947,47.759],[4.937,47.766],[4.932,47.773],[4.933,47.782],[4.941,47.787],[4.95,47.789],[4.97,47.79],[4.978,47.791],[4.986,47.795],[4.989,47.801],[4.989,47.807],[4.986,47.814],[4.968,47.842],[4.946,47.866],[4.895,47.911],[4.884,47.913],[4.879,47.909],[4.871,47.899],[4.864,47.896],[4.856,47.896],[4.849,47.9],[4.844,47.909],[4.844,47.917],[4.848,47.924],[4.858,47.935],[4.86,47.94],[4.861,47.944],[4.856,47.948],[4.847,47.954],[4.812,47.963],[4.801,47.966],[4.798,47.974],[4.807,47.985],[4.805,47.991],[4.793,47.997],[4.732,48.006],[4.699,48.022],[4.718,48.043],[4.695,48.079],[4.711,48.103],[4.726,48.112],[4.742,48.115],[4.758,48.115],[4.814,48.105],[4.828,48.111],[4.837,48.127],[4.843,48.145],[4.845,48.167],[4.846,48.171],[4.858,48.184],[4.862,48.19],[4.862,48.198],[4.847,48.29],[4.844,48.294],[4.84,48.297],[4.828,48.303],[4.823,48.307],[4.819,48.313],[4.818,48.32],[4.82,48.325],[4.826,48.333],[4.827,48.338],[4.824,48.342],[4.82,48.344],[4.781,48.354],[4.774,48.358],[4.753,48.383],[4.716,48.399],[4.68,48.436],[4.644,48.452],[4.637,48.461],[4.64,48.469],[4.663,48.493],[4.669,48.505],[4.672,48.519],[4.67,48.532],[4.773,48.535],[4.785,48.538],[4.786,48.548],[4.769,48.576],[4.769,48.586],[4.776,48.595],[4.786,48.601],[4.844,48.613],[4.854,48.613],[4.837,48.645],[4.795,48.646],[4.773,48.644],[4.802,48.678],[4.867,48.693]]]}},{"type":"Feature","id":"FR-53","properties":{"id":"FR-53","countryCode":"FR","isoSubdivision":"FR-53","name":"Mayenne","name_en":"Mayenne","name_ko":"마옌","type":"Metropolitan department","labelLongitude":-0.635,"labelLatitude":48.156,"minZoom":8},"geometry":{"type":"Polygon","coordinates":[[[-0.382,47.8],[-0.384,47.781],[-0.399,47.77],[-0.42,47.762],[-0.437,47.758],[-0.454,47.761],[-0.502,47.779],[-0.51,47.775],[-0.528,47.757],[-0.539,47.752],[-0.553,47.753],[-0.579,47.758],[-0.589,47.755],[-0.603,47.74],[-0.611,47.736],[-0.627,47.735],[-0.956,47.793],[-0.964,47.79],[-0.975,47.767],[-0.984,47.763],[-1.027,47.775],[-1.139,47.778],[-1.19,47.788],[-1.243,47.81],[-1.234,47.817],[-1.229,47.823],[-1.224,47.832],[-1.216,47.858],[-1.211,47.868],[-1.201,47.884],[-1.194,47.9],[-1.183,47.934],[-1.177,47.948],[-1.173,47.955],[-1.168,47.961],[-1.154,47.973],[-1.145,47.979],[-1.135,47.983],[-1.124,47.986],[-1.112,47.988],[-1.078,47.989],[-1.067,47.991],[-1.057,47.993],[-1.049,47.996],[-1.042,48],[-1.041,48.002],[-1.039,48.007],[-1.039,48.016],[-1.043,48.033],[-1.044,48.044],[-1.041,48.056],[-1.042,48.062],[-1.047,48.068],[-1.062,48.077],[-1.067,48.083],[-1.07,48.088],[-1.07,48.091],[-1.082,48.152],[-1.08,48.157],[-1.077,48.16],[-1.074,48.161],[-1.072,48.164],[-1.07,48.168],[-1.07,48.174],[-1.077,48.203],[-1.079,48.21],[-1.082,48.229],[-1.084,48.235],[-1.085,48.24],[-1.092,48.25],[-1.094,48.252],[-1.099,48.255],[-1.101,48.26],[-1.102,48.267],[-1.097,48.279],[-1.092,48.287],[-1.072,48.313],[-1.07,48.318],[-1.069,48.33],[-1.07,48.349],[-1.082,48.423],[-1.082,48.44],[-1.079,48.458],[-1.079,48.499],[-1.029,48.493],[-0.995,48.493],[-0.962,48.499],[-0.957,48.501],[-0.954,48.503],[-0.947,48.506],[-0.936,48.507],[-0.916,48.501],[-0.912,48.5],[-0.906,48.499],[-0.899,48.497],[-0.863,48.502],[-0.846,48.492],[-0.835,48.479],[-0.822,48.46],[-0.817,48.454],[-0.81,48.451],[-0.801,48.454],[-0.794,48.456],[-0.786,48.457],[-0.778,48.453],[-0.772,48.448],[-0.764,48.443],[-0.754,48.441],[-0.742,48.444],[-0.736,48.45],[-0.734,48.456],[-0.73,48.462],[-0.723,48.465],[-0.674,48.473],[-0.665,48.473],[-0.657,48.468],[-0.654,48.461],[-0.65,48.456],[-0.641,48.455],[-0.554,48.468],[-0.544,48.472],[-0.535,48.476],[-0.501,48.501],[-0.493,48.505],[-0.483,48.506],[-0.47,48.507],[-0.42,48.504],[-0.353,48.492],[-0.338,48.494],[-0.333,48.498],[-0.329,48.503],[-0.319,48.512],[-0.308,48.516],[-0.294,48.519],[-0.271,48.518],[-0.258,48.522],[-0.249,48.527],[-0.244,48.533],[-0.241,48.539],[-0.243,48.546],[-0.245,48.553],[-0.242,48.558],[-0.233,48.561],[-0.171,48.545],[-0.163,48.54],[-0.158,48.533],[-0.161,48.522],[-0.167,48.514],[-0.164,48.503],[-0.154,48.49],[-0.121,48.463],[-0.103,48.453],[-0.088,48.449],[-0.079,48.448],[-0.07,48.447],[-0.062,48.439],[-0.057,48.432],[-0.053,48.381],[-0.066,48.377],[-0.124,48.37],[-0.138,48.364],[-0.148,48.353],[-0.153,48.338],[-0.138,48.229],[-0.155,48.2],[-0.225,48.168],[-0.232,48.164],[-0.235,48.157],[-0.237,48.145],[-0.237,48.134],[-0.224,48.11],[-0.222,48.097],[-0.224,48.084],[-0.23,48.073],[-0.24,48.065],[-0.257,48.057],[-0.327,48.046],[-0.333,48.044],[-0.338,48.04],[-0.342,48.027],[-0.334,48.014],[-0.307,47.993],[-0.297,47.982],[-0.29,47.969],[-0.289,47.956],[-0.3,47.945],[-0.315,47.941],[-0.363,47.938],[-0.375,47.934],[-0.387,47.927],[-0.395,47.917],[-0.397,47.905],[-0.394,47.898],[-0.385,47.886],[-0.382,47.879],[-0.383,47.871],[-0.385,47.866],[-0.39,47.861],[-0.396,47.857],[-0.429,47.848],[-0.444,47.839],[-0.444,47.826],[-0.432,47.812],[-0.418,47.806],[-0.382,47.8]]]}},{"type":"Feature","id":"FR-54","properties":{"id":"FR-54","countryCode":"FR","isoSubdivision":"FR-54","name":"Meurthe-et-Moselle","name_en":"Meurthe-et-Moselle","name_ko":"뫼르트에모젤","type":"Metropolitan department","labelLongitude":6.276,"labelLatitude":48.706,"minZoom":8},"geometry":{"type":"Polygon","coordinates":[[[5.746,49.549],[5.757,49.548],[5.779,49.54],[5.791,49.538],[5.822,49.511],[5.84,49.5],[5.865,49.492],[5.928,49.482],[5.938,49.456],[5.942,49.43],[5.938,49.417],[5.925,49.39],[5.924,49.376],[5.928,49.37],[5.933,49.366],[5.946,49.359],[5.953,49.353],[5.957,49.347],[5.961,49.332],[5.97,49.318],[5.996,49.305],[6.004,49.293],[6.009,49.269],[6.02,49.244],[6.02,49.232],[6.012,49.222],[5.996,49.213],[5.987,49.201],[5.994,49.184],[6.008,49.167],[6.016,49.152],[6.009,49.131],[5.992,49.119],[5.949,49.108],[5.935,49.099],[5.935,49.084],[5.954,49.053],[5.967,49.041],[6.034,49.02],[6.041,49.015],[6.045,49.008],[6.048,48.987],[6.052,48.981],[6.063,48.976],[6.108,48.966],[6.117,48.96],[6.128,48.942],[6.143,48.935],[6.288,48.931],[6.309,48.925],[6.318,48.918],[6.323,48.909],[6.323,48.902],[6.32,48.898],[6.311,48.891],[6.303,48.881],[6.299,48.871],[6.298,48.859],[6.302,48.847],[6.313,48.833],[6.372,48.78],[6.391,48.78],[6.412,48.786],[6.433,48.789],[6.454,48.783],[6.497,48.761],[6.521,48.754],[6.558,48.755],[6.566,48.752],[6.59,48.723],[6.599,48.716],[6.624,48.705],[6.666,48.695],[6.707,48.668],[6.868,48.62],[6.883,48.621],[6.912,48.626],[6.925,48.626],[6.97,48.611],[7.089,48.523],[7.055,48.518],[6.968,48.472],[6.915,48.432],[6.887,48.419],[6.864,48.436],[6.818,48.401],[6.807,48.396],[6.736,48.416],[6.664,48.423],[6.649,48.433],[6.645,48.447],[6.644,48.46],[6.635,48.471],[6.606,48.469],[6.502,48.415],[6.433,48.41],[6.403,48.394],[6.387,48.392],[6.39,48.408],[6.361,48.404],[6.331,48.406],[6.304,48.417],[6.284,48.438],[6.276,48.43],[6.265,48.415],[6.257,48.41],[6.257,48.404],[6.174,48.399],[6.147,48.408],[6.149,48.372],[6.117,48.361],[5.977,48.357],[5.949,48.365],[5.955,48.387],[5.881,48.41],[5.874,48.414],[5.872,48.421],[5.878,48.429],[5.888,48.438],[5.897,48.448],[5.902,48.46],[5.903,48.474],[5.902,48.48],[5.9,48.485],[5.896,48.488],[5.866,48.499],[5.842,48.502],[5.818,48.5],[5.791,48.487],[5.78,48.486],[5.765,48.497],[5.764,48.5],[5.765,48.526],[5.763,48.533],[5.759,48.54],[5.755,48.543],[5.724,48.555],[5.718,48.561],[5.716,48.57],[5.723,48.588],[5.748,48.6],[5.756,48.613],[5.758,48.627],[5.752,48.701],[5.747,48.711],[5.734,48.72],[5.724,48.73],[5.726,48.742],[5.735,48.753],[5.754,48.77],[5.76,48.779],[5.776,48.823],[5.779,48.848],[5.776,48.873],[5.765,48.895],[5.761,48.901],[5.759,48.907],[5.759,48.913],[5.762,48.919],[5.769,48.927],[5.797,48.945],[5.809,48.947],[5.833,48.942],[5.843,48.943],[5.848,48.947],[5.85,48.954],[5.85,48.96],[5.848,48.966],[5.843,48.97],[5.83,48.976],[5.825,48.979],[5.818,48.991],[5.819,49.004],[5.825,49.016],[5.839,49.037],[5.842,49.046],[5.841,49.056],[5.821,49.104],[5.81,49.112],[5.774,49.106],[5.76,49.109],[5.754,49.118],[5.75,49.129],[5.75,49.151],[5.752,49.159],[5.762,49.181],[5.76,49.194],[5.732,49.202],[5.722,49.211],[5.721,49.222],[5.724,49.25],[5.728,49.259],[5.756,49.289],[5.759,49.3],[5.755,49.306],[5.738,49.312],[5.727,49.321],[5.726,49.332],[5.729,49.344],[5.729,49.357],[5.725,49.37],[5.718,49.382],[5.699,49.403],[5.665,49.428],[5.644,49.436],[5.625,49.431],[5.605,49.419],[5.581,49.413],[5.51,49.409],[5.499,49.412],[5.489,49.418],[5.485,49.422],[5.466,49.459],[5.464,49.465],[5.466,49.473],[5.476,49.486],[5.478,49.495],[5.504,49.505],[5.529,49.518],[5.548,49.523],[5.579,49.514],[5.587,49.512],[5.602,49.514],[5.606,49.518],[5.608,49.525],[5.62,49.536],[5.645,49.544],[5.667,49.54],[5.689,49.534],[5.71,49.531],[5.723,49.535],[5.736,49.546],[5.746,49.549]]]}},{"type":"Feature","id":"FR-55","properties":{"id":"FR-55","countryCode":"FR","isoSubdivision":"FR-55","name":"Meuse","name_en":"Meuse","name_ko":"뫼즈","type":"Metropolitan department","labelLongitude":5.509,"labelLatitude":48.951,"minZoom":8},"geometry":{"type":"Polygon","coordinates":[[[5.391,49.609],[5.402,49.602],[5.45,49.546],[5.454,49.537],[5.454,49.526],[5.451,49.517],[5.45,49.508],[5.456,49.499],[5.478,49.495],[5.476,49.486],[5.466,49.473],[5.464,49.465],[5.466,49.459],[5.485,49.422],[5.489,49.418],[5.499,49.412],[5.51,49.409],[5.581,49.413],[5.605,49.419],[5.625,49.431],[5.644,49.436],[5.665,49.428],[5.699,49.403],[5.718,49.382],[5.725,49.37],[5.729,49.357],[5.729,49.344],[5.726,49.332],[5.727,49.321],[5.738,49.312],[5.755,49.306],[5.759,49.3],[5.756,49.289],[5.728,49.259],[5.724,49.25],[5.721,49.222],[5.722,49.211],[5.732,49.202],[5.76,49.194],[5.762,49.181],[5.752,49.159],[5.75,49.151],[5.75,49.129],[5.754,49.118],[5.76,49.109],[5.774,49.106],[5.81,49.112],[5.821,49.104],[5.841,49.056],[5.842,49.046],[5.839,49.037],[5.825,49.016],[5.819,49.004],[5.818,48.991],[5.825,48.979],[5.83,48.976],[5.843,48.97],[5.848,48.966],[5.85,48.96],[5.85,48.954],[5.848,48.947],[5.843,48.943],[5.833,48.942],[5.809,48.947],[5.797,48.945],[5.769,48.927],[5.762,48.919],[5.759,48.913],[5.759,48.907],[5.761,48.901],[5.765,48.895],[5.776,48.873],[5.779,48.848],[5.776,48.823],[5.76,48.779],[5.754,48.77],[5.735,48.753],[5.726,48.742],[5.724,48.73],[5.734,48.72],[5.747,48.711],[5.752,48.701],[5.758,48.627],[5.756,48.613],[5.748,48.6],[5.723,48.588],[5.716,48.57],[5.718,48.561],[5.724,48.555],[5.755,48.543],[5.759,48.54],[5.763,48.533],[5.765,48.526],[5.764,48.5],[5.765,48.497],[5.752,48.478],[5.736,48.467],[5.717,48.463],[5.669,48.466],[5.615,48.441],[5.599,48.438],[5.568,48.441],[5.554,48.44],[5.504,48.418],[5.479,48.412],[5.455,48.419],[5.356,48.481],[5.349,48.49],[5.345,48.496],[5.345,48.499],[5.345,48.5],[5.335,48.505],[5.319,48.507],[5.287,48.507],[5.269,48.511],[5.187,48.542],[5.117,48.581],[5.071,48.598],[5.036,48.618],[5.025,48.626],[5.015,48.637],[5.009,48.647],[5.005,48.655],[5,48.687],[4.992,48.693],[4.994,48.722],[4.985,48.746],[4.983,48.75],[4.95,48.771],[4.917,48.788],[4.913,48.791],[4.908,48.797],[4.907,48.805],[4.914,48.817],[4.93,48.832],[4.932,48.84],[4.928,48.849],[4.923,48.857],[4.921,48.867],[4.922,48.878],[4.929,48.898],[4.936,48.908],[4.945,48.916],[4.955,48.919],[4.989,48.925],[4.997,48.927],[5.003,48.93],[5.009,48.935],[5.014,48.941],[5.017,48.947],[5.019,48.955],[5.02,48.966],[5.017,48.98],[5.02,48.991],[5.025,48.997],[5.029,48.999],[5.031,49],[5.032,49.002],[5.034,49.006],[5.034,49.013],[5.027,49.021],[5.019,49.026],[4.998,49.031],[4.992,49.037],[4.987,49.048],[4.987,49.091],[4.985,49.103],[4.979,49.12],[4.955,49.165],[4.955,49.173],[4.958,49.181],[4.968,49.193],[4.98,49.21],[4.979,49.236],[5.02,49.263],[5.043,49.275],[5.049,49.28],[5.05,49.288],[5.047,49.296],[5.042,49.303],[5.038,49.31],[5.036,49.316],[5.037,49.323],[5.042,49.332],[5.072,49.362],[5.092,49.379],[5.11,49.411],[5.114,49.422],[5.112,49.43],[5.103,49.447],[5.101,49.453],[5.101,49.458],[5.1,49.461],[5.096,49.466],[5.082,49.472],[5.079,49.477],[5.072,49.496],[5.071,49.499],[5.071,49.501],[5.075,49.503],[5.081,49.509],[5.095,49.521],[5.098,49.537],[5.097,49.542],[5.1,49.55],[5.1,49.554],[5.1,49.559],[5.101,49.564],[5.106,49.57],[5.113,49.576],[5.126,49.583],[5.14,49.585],[5.155,49.581],[5.184,49.564],[5.194,49.561],[5.203,49.56],[5.246,49.563],[5.255,49.561],[5.263,49.559],[5.266,49.554],[5.269,49.548],[5.273,49.544],[5.283,49.543],[5.302,49.55],[5.354,49.579],[5.371,49.585],[5.39,49.593],[5.391,49.609]]]}},{"type":"Feature","id":"FR-56","properties":{"id":"FR-56","countryCode":"FR","isoSubdivision":"FR-56","name":"Morbihan","name_en":"Morbihan","name_ko":"모르비앙","type":"Metropolitan department","labelLongitude":-2.894,"labelLatitude":47.87,"minZoom":8},"geometry":{"type":"MultiPolygon","coordinates":[[[[-2.461,47.453],[-2.476,47.454],[-2.489,47.459],[-2.481,47.478],[-2.495,47.491],[-2.484,47.498],[-2.421,47.5],[-2.385,47.507],[-2.364,47.506],[-2.38,47.509],[-2.407,47.506],[-2.425,47.506],[-2.502,47.527],[-2.517,47.528],[-2.531,47.527],[-2.563,47.52],[-2.601,47.52],[-2.61,47.518],[-2.616,47.514],[-2.622,47.513],[-2.632,47.52],[-2.617,47.522],[-2.599,47.529],[-2.584,47.54],[-2.577,47.554],[-2.592,47.544],[-2.606,47.542],[-2.621,47.543],[-2.638,47.54],[-2.63,47.539],[-2.624,47.537],[-2.62,47.533],[-2.618,47.527],[-2.643,47.526],[-2.655,47.528],[-2.666,47.534],[-2.667,47.51],[-2.681,47.504],[-2.714,47.512],[-2.731,47.512],[-2.783,47.499],[-2.802,47.498],[-2.817,47.499],[-2.83,47.504],[-2.844,47.512],[-2.846,47.516],[-2.861,47.536],[-2.865,47.537],[-2.869,47.542],[-2.879,47.545],[-2.89,47.547],[-2.893,47.548],[-2.892,47.549],[-2.892,47.554],[-2.909,47.558],[-2.893,47.567],[-2.865,47.567],[-2.851,47.547],[-2.844,47.547],[-2.838,47.552],[-2.832,47.554],[-2.825,47.552],[-2.816,47.547],[-2.815,47.553],[-2.81,47.568],[-2.794,47.555],[-2.769,47.55],[-2.741,47.551],[-2.72,47.561],[-2.728,47.568],[-2.689,47.604],[-2.684,47.623],[-2.707,47.643],[-2.707,47.637],[-2.697,47.63],[-2.696,47.623],[-2.702,47.618],[-2.714,47.616],[-2.7,47.609],[-2.704,47.604],[-2.709,47.602],[-2.72,47.602],[-2.725,47.607],[-2.775,47.629],[-2.754,47.627],[-2.734,47.622],[-2.746,47.634],[-2.758,47.639],[-2.789,47.643],[-2.775,47.637],[-2.796,47.63],[-2.848,47.626],[-2.858,47.619],[-2.867,47.607],[-2.886,47.601],[-2.919,47.596],[-2.919,47.602],[-2.913,47.602],[-2.913,47.609],[-2.926,47.608],[-2.929,47.606],[-2.933,47.602],[-2.94,47.602],[-2.944,47.614],[-2.945,47.624],[-2.942,47.632],[-2.933,47.637],[-2.947,47.637],[-2.958,47.642],[-2.965,47.651],[-2.967,47.664],[-2.975,47.664],[-2.973,47.656],[-2.969,47.644],[-2.967,47.637],[-2.967,47.613],[-2.964,47.603],[-2.955,47.592],[-2.944,47.581],[-2.933,47.574],[-2.936,47.568],[-2.937,47.565],[-2.94,47.561],[-2.943,47.564],[-2.953,47.574],[-2.961,47.571],[-2.97,47.577],[-2.981,47.587],[-2.994,47.596],[-2.989,47.582],[-2.994,47.576],[-3.003,47.579],[-3.008,47.592],[-3.012,47.607],[-3.018,47.606],[-3.022,47.595],[-3.016,47.581],[-3.03,47.582],[-3.036,47.583],[-3.042,47.588],[-3.074,47.576],[-3.09,47.576],[-3.104,47.581],[-3.097,47.584],[-3.091,47.588],[-3.1,47.594],[-3.112,47.599],[-3.123,47.599],[-3.132,47.588],[-3.127,47.587],[-3.123,47.583],[-3.118,47.581],[-3.129,47.548],[-3.123,47.519],[-3.107,47.496],[-3.085,47.478],[-3.098,47.479],[-3.119,47.483],[-3.125,47.478],[-3.132,47.478],[-3.144,47.507],[-3.145,47.516],[-3.143,47.527],[-3.134,47.544],[-3.132,47.557],[-3.134,47.581],[-3.141,47.598],[-3.152,47.611],[-3.166,47.622],[-3.176,47.626],[-3.187,47.63],[-3.197,47.633],[-3.201,47.64],[-3.198,47.653],[-3.186,47.681],[-3.111,47.704],[-3.115,47.709],[-3.117,47.715],[-3.118,47.722],[-3.118,47.732],[-3.123,47.73],[-3.135,47.727],[-3.139,47.725],[-3.14,47.746],[-3.139,47.753],[-3.145,47.753],[-3.153,47.742],[-3.164,47.744],[-3.177,47.749],[-3.193,47.746],[-3.179,47.743],[-3.17,47.735],[-3.163,47.725],[-3.159,47.711],[-3.164,47.71],[-3.165,47.71],[-3.165,47.708],[-3.166,47.704],[-3.178,47.71],[-3.185,47.706],[-3.193,47.7],[-3.207,47.697],[-3.204,47.694],[-3.193,47.684],[-3.207,47.679],[-3.212,47.67],[-3.215,47.661],[-3.224,47.656],[-3.232,47.66],[-3.262,47.684],[-3.288,47.689],[-3.332,47.697],[-3.358,47.697],[-3.34,47.702],[-3.322,47.701],[-3.283,47.691],[-3.283,47.697],[-3.298,47.704],[-3.316,47.708],[-3.358,47.711],[-3.358,47.718],[-3.349,47.719],[-3.345,47.721],[-3.344,47.726],[-3.344,47.736],[-3.341,47.739],[-3.324,47.738],[-3.317,47.739],[-3.304,47.761],[-3.295,47.773],[-3.283,47.78],[-3.283,47.787],[-3.304,47.77],[-3.332,47.753],[-3.362,47.74],[-3.383,47.737],[-3.375,47.734],[-3.369,47.73],[-3.364,47.725],[-3.364,47.718],[-3.446,47.705],[-3.461,47.708],[-3.465,47.713],[-3.495,47.739],[-3.509,47.759],[-3.52,47.768],[-3.524,47.772],[-3.528,47.78],[-3.539,47.774],[-3.547,47.782],[-3.551,47.793],[-3.553,47.805],[-3.552,47.815],[-3.547,47.824],[-3.541,47.831],[-3.534,47.836],[-3.524,47.838],[-3.512,47.835],[-3.491,47.827],[-3.479,47.828],[-3.466,47.836],[-3.461,47.845],[-3.458,47.853],[-3.45,47.861],[-3.437,47.865],[-3.41,47.863],[-3.398,47.871],[-3.391,47.884],[-3.386,47.917],[-3.387,47.932],[-3.394,47.952],[-3.407,47.964],[-3.425,47.966],[-3.473,47.959],[-3.497,47.965],[-3.548,47.989],[-3.572,47.991],[-3.627,47.983],[-3.646,47.994],[-3.674,48.054],[-3.681,48.063],[-3.715,48.09],[-3.724,48.095],[-3.731,48.101],[-3.732,48.113],[-3.725,48.132],[-3.708,48.143],[-3.565,48.186],[-3.543,48.18],[-3.449,48.184],[-3.442,48.183],[-3.437,48.179],[-3.436,48.173],[-3.437,48.168],[-3.435,48.161],[-3.42,48.151],[-3.396,48.153],[-3.354,48.167],[-3.34,48.168],[-3.334,48.164],[-3.329,48.157],[-3.319,48.15],[-3.292,48.144],[-3.163,48.156],[-3.148,48.161],[-3.138,48.172],[-3.13,48.195],[-3.123,48.203],[-3.101,48.207],[-3.037,48.204],[-3.016,48.198],[-3.011,48.191],[-3.005,48.167],[-3,48.161],[-2.987,48.16],[-2.944,48.172],[-2.917,48.169],[-2.85,48.141],[-2.811,48.136],[-2.796,48.129],[-2.779,48.1],[-2.77,48.094],[-2.759,48.095],[-2.73,48.115],[-2.672,48.129],[-2.659,48.124],[-2.66,48.04],[-2.638,48.034],[-2.604,48.049],[-2.549,48.085],[-2.538,48.1],[-2.534,48.114],[-2.533,48.146],[-2.524,48.16],[-2.508,48.165],[-2.425,48.167],[-2.402,48.162],[-2.391,48.156],[-2.382,48.149],[-2.364,48.123],[-2.356,48.117],[-2.34,48.118],[-2.306,48.133],[-2.287,48.134],[-2.268,48.121],[-2.26,48.112],[-2.245,48.085],[-2.235,48.079],[-2.223,48.078],[-2.205,48.081],[-2.188,48.08],[-2.178,48.073],[-2.178,48.063],[-2.191,48.053],[-2.258,48.039],[-2.272,48.024],[-2.271,48.005],[-2.255,47.997],[-2.168,47.985],[-2.124,47.964],[-2.113,47.955],[-2.106,47.945],[-2.102,47.934],[-2.1,47.92],[-2.1,47.912],[-2.105,47.891],[-2.107,47.859],[-2.109,47.849],[-2.072,47.849],[-2.061,47.846],[-2.052,47.836],[-2.052,47.822],[-2.059,47.807],[-2.068,47.796],[-2.075,47.791],[-2.082,47.788],[-2.107,47.784],[-2.116,47.78],[-2.122,47.774],[-2.122,47.764],[-2.11,47.759],[-2.072,47.757],[-2.062,47.745],[-2.066,47.736],[-2.077,47.733],[-2.1,47.734],[-2.116,47.732],[-2.124,47.725],[-2.126,47.714],[-2.123,47.698],[-2.119,47.689],[-2.11,47.676],[-2.106,47.669],[-2.107,47.648],[-2.103,47.639],[-2.089,47.633],[-2.086,47.629],[-2.084,47.623],[-2.085,47.62],[-2.087,47.616],[-2.087,47.612],[-2.086,47.608],[-2.087,47.604],[-2.091,47.599],[-2.098,47.587],[-2.11,47.542],[-2.12,47.53],[-2.132,47.522],[-2.143,47.52],[-2.154,47.513],[-2.161,47.505],[-2.166,47.495],[-2.173,47.486],[-2.179,47.482],[-2.187,47.481],[-2.193,47.484],[-2.198,47.488],[-2.199,47.491],[-2.199,47.496],[-2.199,47.502],[-2.199,47.504],[-2.203,47.507],[-2.211,47.508],[-2.228,47.5],[-2.241,47.497],[-2.253,47.495],[-2.262,47.497],[-2.266,47.499],[-2.269,47.501],[-2.27,47.502],[-2.274,47.504],[-2.281,47.507],[-2.292,47.506],[-2.299,47.503],[-2.302,47.502],[-2.303,47.5],[-2.307,47.494],[-2.312,47.487],[-2.32,47.477],[-2.334,47.464],[-2.346,47.459],[-2.356,47.458],[-2.366,47.459],[-2.376,47.459],[-2.395,47.455],[-2.404,47.456],[-2.413,47.458],[-2.423,47.463],[-2.433,47.466],[-2.445,47.465],[-2.453,47.462],[-2.46,47.453],[-2.461,47.453]]],[[[-3.115,47.331],[-3.103,47.327],[-3.073,47.328],[-3.063,47.321],[-3.067,47.302],[-3.094,47.297],[-3.172,47.302],[-3.223,47.312],[-3.241,47.321],[-3.238,47.336],[-3.245,47.353],[-3.256,47.369],[-3.262,47.383],[-3.254,47.389],[-3.25,47.395],[-3.243,47.395],[-3.234,47.39],[-3.222,47.388],[-3.177,47.371],[-3.152,47.358],[-3.149,47.355],[-3.115,47.331]]]]}},{"type":"Feature","id":"FR-57","properties":{"id":"FR-57","countryCode":"FR","isoSubdivision":"FR-57","name":"Moselle","name_en":"Moselle","name_ko":"모젤","type":"Metropolitan department","labelLongitude":6.519,"labelLatitude":49.085,"minZoom":8},"geometry":{"type":"Polygon","coordinates":[[[6.345,49.455],[6.354,49.455],[6.365,49.456],[6.384,49.465],[6.392,49.467],[6.403,49.465],[6.495,49.436],[6.512,49.425],[6.518,49.416],[6.521,49.408],[6.521,49.403],[6.519,49.402],[6.526,49.395],[6.574,49.362],[6.578,49.356],[6.573,49.348],[6.556,49.347],[6.55,49.338],[6.556,49.326],[6.573,49.313],[6.64,49.271],[6.641,49.267],[6.639,49.257],[6.64,49.253],[6.646,49.25],[6.66,49.247],[6.664,49.244],[6.672,49.225],[6.675,49.221],[6.676,49.219],[6.678,49.211],[6.681,49.207],[6.685,49.208],[6.698,49.214],[6.703,49.214],[6.709,49.198],[6.704,49.185],[6.701,49.173],[6.714,49.159],[6.726,49.156],[6.77,49.155],[6.809,49.146],[6.822,49.148],[6.839,49.163],[6.835,49.179],[6.828,49.196],[6.833,49.209],[6.843,49.211],[6.885,49.205],[6.914,49.207],[6.925,49.206],[6.988,49.182],[7.009,49.182],[7.009,49.146],[7.021,49.119],[7.043,49.108],[7.073,49.12],[7.075,49.125],[7.072,49.131],[7.071,49.136],[7.08,49.142],[7.085,49.142],[7.124,49.123],[7.139,49.118],[7.155,49.114],[7.241,49.114],[7.268,49.106],[7.274,49.105],[7.28,49.109],[7.291,49.123],[7.297,49.128],[7.306,49.13],[7.326,49.132],[7.334,49.134],[7.339,49.14],[7.346,49.154],[7.351,49.159],[7.368,49.165],[7.372,49.166],[7.391,49.17],[7.41,49.169],[7.415,49.158],[7.458,49.156],[7.476,49.152],[7.483,49.137],[7.475,49.134],[7.473,49.132],[7.471,49.128],[7.485,49.119],[7.508,49.095],[7.521,49.084],[7.543,49.075],[7.586,49.07],[7.609,49.062],[7.616,49.056],[7.626,49.043],[7.635,49.038],[7.645,49.036],[7.611,48.996],[7.59,48.961],[7.581,48.951],[7.573,48.944],[7.564,48.94],[7.555,48.938],[7.545,48.938],[7.536,48.94],[7.509,48.953],[7.5,48.957],[7.491,48.959],[7.481,48.959],[7.374,48.944],[7.342,48.943],[7.32,48.947],[7.31,48.95],[7.302,48.955],[7.297,48.961],[7.295,48.967],[7.291,48.973],[7.284,48.977],[7.275,48.98],[7.235,48.987],[7.196,48.998],[7.156,49.006],[7.145,49.01],[7.137,49.015],[7.133,49.021],[7.124,49.05],[7.119,49.056],[7.113,49.062],[7.097,49.066],[7.086,49.065],[7.079,49.06],[7.078,49.054],[7.083,49.041],[7.083,49.035],[7.077,49.029],[7.062,49.018],[7.055,49.011],[7.047,49],[7.046,48.999],[7.045,48.996],[7.045,48.991],[7.045,48.986],[7.045,48.981],[7.043,48.977],[7.037,48.972],[7.001,48.952],[6.991,48.944],[6.985,48.937],[6.981,48.93],[6.978,48.924],[6.977,48.918],[6.978,48.911],[6.981,48.905],[6.986,48.899],[6.993,48.893],[7,48.889],[7.015,48.882],[7.071,48.864],[7.09,48.861],[7.096,48.858],[7.097,48.852],[7.08,48.84],[7.075,48.832],[7.075,48.825],[7.081,48.82],[7.088,48.816],[7.093,48.811],[7.099,48.798],[7.103,48.793],[7.111,48.789],[7.12,48.789],[7.129,48.793],[7.135,48.799],[7.147,48.813],[7.155,48.816],[7.163,48.818],[7.175,48.82],[7.184,48.825],[7.189,48.831],[7.189,48.839],[7.192,48.847],[7.197,48.853],[7.204,48.854],[7.211,48.852],[7.214,48.847],[7.215,48.841],[7.215,48.835],[7.216,48.83],[7.222,48.825],[7.239,48.822],[7.248,48.818],[7.304,48.775],[7.31,48.77],[7.314,48.765],[7.317,48.759],[7.318,48.756],[7.317,48.751],[7.317,48.748],[7.313,48.741],[7.289,48.711],[7.273,48.696],[7.265,48.685],[7.265,48.678],[7.269,48.672],[7.277,48.668],[7.287,48.665],[7.295,48.661],[7.3,48.656],[7.297,48.645],[7.286,48.622],[7.277,48.597],[7.27,48.584],[7.263,48.576],[7.253,48.568],[7.214,48.553],[7.208,48.548],[7.201,48.537],[7.193,48.534],[7.098,48.529],[7.089,48.523],[6.97,48.611],[6.925,48.626],[6.912,48.626],[6.883,48.621],[6.868,48.62],[6.707,48.668],[6.666,48.695],[6.624,48.705],[6.599,48.716],[6.59,48.723],[6.566,48.752],[6.558,48.755],[6.521,48.754],[6.497,48.761],[6.454,48.783],[6.433,48.789],[6.412,48.786],[6.391,48.78],[6.372,48.78],[6.313,48.833],[6.302,48.847],[6.298,48.859],[6.299,48.871],[6.303,48.881],[6.311,48.891],[6.32,48.898],[6.323,48.902],[6.323,48.909],[6.318,48.918],[6.309,48.925],[6.288,48.931],[6.143,48.935],[6.128,48.942],[6.117,48.96],[6.108,48.966],[6.063,48.976],[6.052,48.981],[6.048,48.987],[6.045,49.008],[6.041,49.015],[6.034,49.02],[5.967,49.041],[5.954,49.053],[5.935,49.084],[5.935,49.099],[5.949,49.108],[5.992,49.119],[6.009,49.131],[6.016,49.152],[6.008,49.167],[5.994,49.184],[5.987,49.201],[5.996,49.213],[6.012,49.222],[6.02,49.232],[6.02,49.244],[6.009,49.269],[6.004,49.293],[5.996,49.305],[5.97,49.318],[5.961,49.332],[5.957,49.347],[5.953,49.353],[5.946,49.359],[5.933,49.366],[5.928,49.37],[5.924,49.376],[5.925,49.39],[5.938,49.417],[5.942,49.43],[5.938,49.456],[5.928,49.482],[5.947,49.47],[5.961,49.441],[5.978,49.445],[6.063,49.448],[6.078,49.452],[6.088,49.462],[6.1,49.465],[6.102,49.47],[6.102,49.476],[6.107,49.483],[6.114,49.484],[6.143,49.486],[6.136,49.495],[6.194,49.499],[6.222,49.497],[6.249,49.49],[6.251,49.489],[6.299,49.466],[6.325,49.457],[6.345,49.455]]]}},{"type":"Feature","id":"FR-58","properties":{"id":"FR-58","countryCode":"FR","isoSubdivision":"FR-58","name":"Nièvre","name_en":"Nièvre","name_ko":"니에브르","type":"Metropolitan department","labelLongitude":3.568,"labelLatitude":47.151,"minZoom":8},"geometry":{"type":"Polygon","coordinates":[[[4.106,47.339],[4.123,47.323],[4.125,47.25],[4.156,47.245],[4.174,47.248],[4.191,47.245],[4.207,47.235],[4.219,47.219],[4.224,47.2],[4.212,47.176],[4.21,47.155],[4.187,47.151],[4.128,47.125],[4.062,47.119],[4.057,47.114],[4.048,47.095],[4.047,47.085],[4.049,47.074],[4.064,47.046],[4.065,47.036],[4.063,47.026],[4.057,47.018],[4.05,47.012],[4.041,47.008],[4.013,47.006],[4.001,47.001],[3.996,46.989],[4,46.977],[4.01,46.973],[4.035,46.969],[4.046,46.958],[4.047,46.942],[4.044,46.908],[4.053,46.899],[4.072,46.892],[4.089,46.882],[4.093,46.865],[4.082,46.852],[4.048,46.844],[4.039,46.836],[4.04,46.832],[4.052,46.82],[4.053,46.817],[4.053,46.798],[4.051,46.791],[4.047,46.786],[4.041,46.784],[4.016,46.782],[3.997,46.778],[3.917,46.74],[3.857,46.725],[3.831,46.709],[3.809,46.702],[3.765,46.74],[3.739,46.752],[3.625,46.739],[3.597,46.743],[3.595,46.739],[3.594,46.732],[3.594,46.725],[3.589,46.716],[3.58,46.711],[3.568,46.706],[3.565,46.7],[3.564,46.692],[3.56,46.681],[3.55,46.676],[3.537,46.673],[3.495,46.654],[3.483,46.651],[3.47,46.65],[3.461,46.651],[3.457,46.656],[3.457,46.662],[3.458,46.669],[3.457,46.675],[3.452,46.681],[3.446,46.687],[3.439,46.7],[3.434,46.706],[3.408,46.711],[3.397,46.71],[3.39,46.705],[3.379,46.693],[3.368,46.686],[3.358,46.685],[3.349,46.686],[3.328,46.694],[3.313,46.699],[3.286,46.702],[3.269,46.703],[3.256,46.701],[3.216,46.687],[3.204,46.687],[3.194,46.691],[3.186,46.696],[3.159,46.719],[3.147,46.725],[3.13,46.728],[3.118,46.729],[3.108,46.727],[3.103,46.727],[3.098,46.728],[3.09,46.733],[3.071,46.739],[3.052,46.75],[3.037,46.763],[3.033,46.769],[3.031,46.772],[3.03,46.776],[3.029,46.781],[3.03,46.791],[3.034,46.812],[3.035,46.815],[3.04,46.823],[3.064,46.853],[3.07,46.863],[3.073,46.87],[3.072,46.878],[3.071,46.881],[3.069,46.885],[3.059,46.9],[3.057,46.905],[3.054,46.913],[3.054,46.919],[3.056,46.923],[3.064,46.941],[3.073,46.963],[3.076,46.974],[3.075,46.981],[3.074,46.989],[3.071,47.001],[3.071,47.027],[3.068,47.046],[3.066,47.048],[3.064,47.051],[3.061,47.054],[3.041,47.065],[3.036,47.069],[3.032,47.076],[3.031,47.083],[3.032,47.092],[3.034,47.107],[3.034,47.115],[3.033,47.122],[3.027,47.14],[3.025,47.144],[3.013,47.174],[2.998,47.203],[2.991,47.213],[2.99,47.216],[2.98,47.252],[2.977,47.26],[2.972,47.267],[2.968,47.27],[2.951,47.278],[2.945,47.282],[2.919,47.305],[2.916,47.307],[2.911,47.309],[2.901,47.312],[2.897,47.314],[2.893,47.316],[2.888,47.319],[2.884,47.323],[2.877,47.332],[2.875,47.337],[2.875,47.341],[2.876,47.345],[2.885,47.358],[2.897,47.368],[2.909,47.384],[2.911,47.389],[2.913,47.392],[2.916,47.399],[2.923,47.409],[2.925,47.412],[2.932,47.44],[2.932,47.448],[2.93,47.453],[2.925,47.459],[2.908,47.474],[2.902,47.482],[2.893,47.5],[2.882,47.515],[2.875,47.521],[2.856,47.536],[2.859,47.54],[2.859,47.544],[2.9,47.56],[2.91,47.562],[2.948,47.563],[2.969,47.568],[2.994,47.563],[3.099,47.579],[3.109,47.577],[3.119,47.573],[3.123,47.565],[3.124,47.546],[3.127,47.537],[3.145,47.525],[3.191,47.522],[3.212,47.516],[3.23,47.499],[3.239,47.493],[3.255,47.491],[3.285,47.501],[3.291,47.501],[3.332,47.481],[3.346,47.481],[3.36,47.486],[3.391,47.507],[3.415,47.509],[3.488,47.494],[3.494,47.527],[3.492,47.56],[3.501,47.554],[3.531,47.52],[3.562,47.5],[3.573,47.489],[3.579,47.476],[3.587,47.465],[3.603,47.462],[3.625,47.462],[3.645,47.457],[3.716,47.412],[3.804,47.386],[3.813,47.386],[3.821,47.39],[3.826,47.398],[3.833,47.417],[3.839,47.424],[3.847,47.43],[3.857,47.433],[3.866,47.431],[3.873,47.426],[3.877,47.417],[3.877,47.406],[3.868,47.386],[3.869,47.374],[3.884,47.367],[3.951,47.393],[3.966,47.376],[3.977,47.327],[4.001,47.312],[4.018,47.313],[4.028,47.321],[4.036,47.331],[4.048,47.339],[4.061,47.342],[4.106,47.339]]]}},{"type":"Feature","id":"FR-59","properties":{"id":"FR-59","countryCode":"FR","isoSubdivision":"FR-59","name":"Nord","name_en":"Nord","name_ko":"노르","type":"Metropolitan department","labelLongitude":3.227,"labelLatitude":50.403,"minZoom":8},"geometry":{"type":"MultiPolygon","coordinates":[[[[2.522,51.088],[2.537,51.065],[2.547,51.02],[2.557,51.001],[2.593,50.976],[2.608,50.961],[2.612,50.941],[2.606,50.935],[2.583,50.921],[2.577,50.912],[2.597,50.868],[2.596,50.861],[2.588,50.85],[2.587,50.845],[2.59,50.842],[2.602,50.838],[2.607,50.835],[2.615,50.822],[2.62,50.816],[2.628,50.814],[2.642,50.812],[2.651,50.812],[2.669,50.814],[2.679,50.813],[2.692,50.809],[2.697,50.803],[2.7,50.796],[2.707,50.789],[2.744,50.766],[2.75,50.76],[2.763,50.739],[2.768,50.733],[2.787,50.723],[2.867,50.7],[2.871,50.699],[2.887,50.697],[2.9,50.703],[2.93,50.736],[2.948,50.749],[2.971,50.758],[3.024,50.768],[3.103,50.784],[3.129,50.779],[3.146,50.769],[3.163,50.75],[3.177,50.734],[3.189,50.715],[3.197,50.709],[3.211,50.708],[3.224,50.705],[3.232,50.696],[3.244,50.672],[3.23,50.655],[3.238,50.626],[3.264,50.57],[3.266,50.538],[3.271,50.527],[3.287,50.514],[3.3,50.507],[3.344,50.493],[3.361,50.49],[3.385,50.492],[3.429,50.502],[3.443,50.508],[3.453,50.515],[3.463,50.519],[3.477,50.52],[3.491,50.517],[3.498,50.512],[3.496,50.504],[3.487,50.493],[3.499,50.487],[3.564,50.487],[3.586,50.483],[3.608,50.477],[3.628,50.464],[3.644,50.446],[3.653,50.407],[3.653,50.36],[3.662,50.319],[3.697,50.298],[3.701,50.305],[3.702,50.305],[3.704,50.304],[3.708,50.306],[3.711,50.309],[3.715,50.318],[3.733,50.337],[3.742,50.343],[3.755,50.346],[3.799,50.348],[3.84,50.345],[3.861,50.338],[3.878,50.331],[3.896,50.325],[3.919,50.325],[3.982,50.343],[4.003,50.344],[4.023,50.338],[4.056,50.315],[4.077,50.307],[4.098,50.295],[4.125,50.257],[4.144,50.252],[4.151,50.256],[4.15,50.263],[4.15,50.27],[4.163,50.273],[4.172,50.271],[4.185,50.265],[4.198,50.258],[4.204,50.252],[4.201,50.242],[4.192,50.234],[4.168,50.222],[4.157,50.213],[4.153,50.205],[4.147,50.186],[4.128,50.146],[4.126,50.128],[4.14,50.124],[4.16,50.129],[4.171,50.13],[4.181,50.127],[4.197,50.084],[4.203,50.075],[4.21,50.067],[4.21,50.06],[4.186,50.052],[4.163,50.042],[4.145,50.031],[4.137,50.025],[4.132,50.018],[4.128,50.006],[4.133,50.004],[4.138,49.989],[4.14,49.975],[4.132,49.975],[4.122,49.974],[4.118,49.972],[4.107,49.97],[4.099,49.969],[4.081,49.971],[3.997,49.992],[3.991,49.995],[3.987,49.998],[3.985,50.001],[3.984,50.004],[3.983,50.01],[3.986,50.031],[3.983,50.037],[3.975,50.041],[3.962,50.043],[3.942,50.038],[3.93,50.034],[3.922,50.031],[3.906,50.022],[3.896,50.02],[3.886,50.021],[3.876,50.027],[3.87,50.034],[3.863,50.04],[3.854,50.043],[3.752,50.051],[3.708,50.059],[3.697,50.06],[3.683,50.059],[3.654,50.049],[3.642,50.042],[3.63,50.038],[3.616,50.037],[3.597,50.04],[3.574,50.049],[3.564,50.05],[3.555,50.049],[3.527,50.036],[3.517,50.033],[3.501,50.03],[3.495,50.027],[3.486,50.024],[3.478,50.019],[3.465,50.016],[3.449,50.015],[3.408,50.022],[3.384,50.03],[3.373,50.032],[3.362,50.032],[3.351,50.029],[3.342,50.024],[3.33,50.02],[3.316,50.018],[3.257,50.028],[3.226,50.029],[3.157,50.019],[3.094,50.048],[3.088,50.05],[3.089,50.074],[3.126,50.183],[3.137,50.198],[3.164,50.217],[3.169,50.224],[3.168,50.233],[3.163,50.24],[3.135,50.261],[3.117,50.268],[3.098,50.27],[3.079,50.27],[3.043,50.257],[3.031,50.258],[3.02,50.267],[3.021,50.279],[3.029,50.289],[3.059,50.308],[3.063,50.316],[3.06,50.329],[3.044,50.347],[3.02,50.364],[3.002,50.381],[3.007,50.4],[3.041,50.416],[3.055,50.426],[3.059,50.443],[3.05,50.449],[3.015,50.454],[3.003,50.468],[2.998,50.487],[2.993,50.495],[2.986,50.501],[2.973,50.507],[2.958,50.508],[2.911,50.504],[2.9,50.511],[2.891,50.522],[2.877,50.531],[2.86,50.532],[2.824,50.525],[2.807,50.528],[2.801,50.531],[2.795,50.536],[2.791,50.542],[2.788,50.548],[2.788,50.555],[2.792,50.559],[2.801,50.567],[2.806,50.578],[2.805,50.599],[2.811,50.61],[2.823,50.619],[2.839,50.626],[2.855,50.63],[2.87,50.631],[2.839,50.657],[2.821,50.666],[2.803,50.668],[2.783,50.661],[2.753,50.635],[2.734,50.626],[2.726,50.626],[2.711,50.629],[2.489,50.633],[2.474,50.637],[2.425,50.667],[2.407,50.671],[2.383,50.671],[2.371,50.674],[2.363,50.682],[2.363,50.689],[2.369,50.702],[2.369,50.709],[2.363,50.717],[2.357,50.721],[2.352,50.727],[2.354,50.737],[2.366,50.749],[2.384,50.76],[2.393,50.771],[2.382,50.782],[2.362,50.787],[2.273,50.785],[2.245,50.792],[2.222,50.806],[2.187,50.878],[2.106,50.984],[2.063,51.014],[2.134,51.02],[2.306,51.055],[2.316,51.059],[2.324,51.06],[2.384,51.055],[2.466,51.069],[2.507,51.081],[2.521,51.087],[2.522,51.088]]],[[[3.063,50.174],[3.069,50.153],[3.072,50.131],[3.048,50.128],[3.02,50.121],[3.001,50.123],[3.004,50.15],[3.021,50.15],[3.037,50.154],[3.051,50.162],[3.063,50.174]]]]}},{"type":"Feature","id":"FR-60","properties":{"id":"FR-60","countryCode":"FR","isoSubdivision":"FR-60","name":"Oise","name_en":"Oise","name_ko":"우아즈","type":"Metropolitan department","labelLongitude":2.643,"labelLatitude":49.397,"minZoom":8},"geometry":{"type":"Polygon","coordinates":[[[3.119,49.706],[3.121,49.697],[3.121,49.686],[3.108,49.636],[3.107,49.626],[3.11,49.617],[3.126,49.597],[3.132,49.58],[3.133,49.562],[3.121,49.515],[3.121,49.503],[3.123,49.492],[3.128,49.481],[3.136,49.472],[3.153,49.466],[3.161,49.46],[3.168,49.449],[3.169,49.437],[3.165,49.427],[3.154,49.421],[3.145,49.42],[3.128,49.427],[3.119,49.429],[3.1,49.419],[3.083,49.37],[3.071,49.351],[3.042,49.338],[2.992,49.335],[2.964,49.321],[2.966,49.316],[3.011,49.284],[3.018,49.275],[3.02,49.263],[3.007,49.244],[2.983,49.235],[2.965,49.224],[2.97,49.201],[2.977,49.191],[2.985,49.187],[2.995,49.188],[3.048,49.197],[3.068,49.197],[3.103,49.188],[3.118,49.181],[3.129,49.171],[3.131,49.156],[3.123,49.141],[3.11,49.126],[3.094,49.114],[3.08,49.106],[3.056,49.095],[3.045,49.092],[3.03,49.093],[3.016,49.092],[3.002,49.088],[2.987,49.079],[2.979,49.078],[2.964,49.086],[2.954,49.089],[2.938,49.085],[2.859,49.075],[2.804,49.086],[2.795,49.087],[2.785,49.085],[2.774,49.08],[2.769,49.074],[2.763,49.07],[2.756,49.068],[2.746,49.068],[2.735,49.071],[2.73,49.073],[2.721,49.08],[2.712,49.082],[2.691,49.076],[2.681,49.076],[2.669,49.081],[2.651,49.094],[2.626,49.098],[2.583,49.085],[2.562,49.096],[2.553,49.105],[2.549,49.11],[2.543,49.115],[2.536,49.118],[2.519,49.112],[2.509,49.113],[2.335,49.176],[2.319,49.18],[2.301,49.176],[2.267,49.162],[2.253,49.161],[2.238,49.163],[2.174,49.182],[2.15,49.185],[2.135,49.185],[2.109,49.194],[2.096,49.201],[2.089,49.206],[2.081,49.211],[2.072,49.212],[2.057,49.209],[2.045,49.204],[2.002,49.182],[1.988,49.177],[1.968,49.175],[1.92,49.174],[1.886,49.168],[1.868,49.173],[1.839,49.175],[1.792,49.186],[1.76,49.186],[1.749,49.187],[1.737,49.189],[1.725,49.196],[1.719,49.204],[1.715,49.214],[1.713,49.222],[1.698,49.231],[1.693,49.243],[1.691,49.25],[1.692,49.252],[1.705,49.266],[1.715,49.27],[1.726,49.27],[1.735,49.267],[1.744,49.262],[1.755,49.25],[1.757,49.249],[1.761,49.248],[1.768,49.246],[1.775,49.246],[1.78,49.249],[1.783,49.25],[1.783,49.251],[1.777,49.267],[1.75,49.311],[1.721,49.382],[1.718,49.411],[1.717,49.424],[1.721,49.436],[1.731,49.451],[1.737,49.465],[1.741,49.469],[1.744,49.471],[1.747,49.471],[1.753,49.473],[1.762,49.478],[1.768,49.49],[1.769,49.499],[1.762,49.508],[1.752,49.509],[1.742,49.508],[1.733,49.504],[1.726,49.503],[1.72,49.503],[1.713,49.51],[1.709,49.521],[1.705,49.555],[1.702,49.567],[1.697,49.577],[1.693,49.608],[1.694,49.627],[1.689,49.634],[1.684,49.64],[1.681,49.645],[1.688,49.651],[1.708,49.658],[1.719,49.664],[1.73,49.677],[1.735,49.685],[1.729,49.694],[1.721,49.694],[1.71,49.693],[1.7,49.69],[1.69,49.688],[1.681,49.689],[1.679,49.697],[1.685,49.71],[1.719,49.745],[1.728,49.753],[1.746,49.759],[1.755,49.766],[1.821,49.748],[1.837,49.74],[1.842,49.73],[1.847,49.706],[1.856,49.701],[1.972,49.715],[2.066,49.684],[2.239,49.698],[2.307,49.689],[2.358,49.664],[2.438,49.653],[2.467,49.631],[2.477,49.627],[2.488,49.626],[2.51,49.631],[2.521,49.63],[2.56,49.605],[2.576,49.6],[2.588,49.602],[2.61,49.612],[2.621,49.61],[2.628,49.602],[2.634,49.58],[2.645,49.575],[2.653,49.578],[2.659,49.585],[2.664,49.593],[2.669,49.6],[2.699,49.622],[2.713,49.625],[2.739,49.625],[2.78,49.614],[2.792,49.616],[2.798,49.622],[2.799,49.63],[2.797,49.639],[2.797,49.647],[2.804,49.657],[2.816,49.661],[2.843,49.665],[2.855,49.674],[2.873,49.7],[2.885,49.709],[2.902,49.709],[2.936,49.693],[2.955,49.695],[2.969,49.7],[2.983,49.703],[2.997,49.701],[3.027,49.686],[3.043,49.686],[3.053,49.695],[3.052,49.714],[3.119,49.706]]]}},{"type":"Feature","id":"FR-61","properties":{"id":"FR-61","countryCode":"FR","isoSubdivision":"FR-61","name":"Orne","name_en":"Orne","name_ko":"오른","type":"Metropolitan department","labelLongitude":0.063,"labelLatitude":48.653,"minZoom":8},"geometry":{"type":"Polygon","coordinates":[[[-0.863,48.502],[-0.84,48.526],[-0.786,48.56],[-0.763,48.595],[-0.756,48.603],[-0.752,48.612],[-0.756,48.626],[-0.767,48.647],[-0.767,48.66],[-0.757,48.671],[-0.737,48.686],[-0.82,48.727],[-0.842,48.729],[-0.841,48.752],[-0.821,48.758],[-0.792,48.78],[-0.776,48.788],[-0.709,48.8],[-0.695,48.809],[-0.694,48.815],[-0.697,48.818],[-0.702,48.821],[-0.704,48.826],[-0.703,48.833],[-0.698,48.839],[-0.691,48.843],[-0.684,48.844],[-0.666,48.843],[-0.631,48.833],[-0.613,48.832],[-0.49,48.852],[-0.441,48.873],[-0.411,48.87],[-0.395,48.861],[-0.368,48.838],[-0.352,48.829],[-0.345,48.828],[-0.34,48.828],[-0.335,48.831],[-0.331,48.836],[-0.33,48.841],[-0.328,48.849],[-0.325,48.853],[-0.31,48.856],[-0.14,48.826],[0.057,48.903],[0.105,48.948],[0.128,48.952],[0.135,48.948],[0.148,48.93],[0.155,48.925],[0.164,48.927],[0.183,48.938],[0.193,48.941],[0.228,48.941],[0.239,48.942],[0.251,48.95],[0.259,48.961],[0.268,48.969],[0.284,48.971],[0.294,48.957],[0.31,48.948],[0.329,48.945],[0.345,48.946],[0.38,48.964],[0.395,48.963],[0.417,48.946],[0.413,48.941],[0.396,48.913],[0.397,48.906],[0.401,48.897],[0.407,48.893],[0.421,48.884],[0.43,48.881],[0.44,48.881],[0.464,48.882],[0.541,48.867],[0.55,48.867],[0.559,48.869],[0.577,48.877],[0.592,48.878],[0.6,48.874],[0.605,48.868],[0.607,48.861],[0.61,48.854],[0.614,48.846],[0.66,48.803],[0.672,48.796],[0.687,48.791],[0.724,48.785],[0.735,48.78],[0.742,48.776],[0.747,48.77],[0.756,48.758],[0.76,48.752],[0.76,48.751],[0.76,48.75],[0.758,48.744],[0.756,48.738],[0.752,48.732],[0.744,48.726],[0.736,48.72],[0.729,48.713],[0.73,48.706],[0.737,48.702],[0.748,48.699],[0.755,48.694],[0.769,48.679],[0.78,48.675],[0.79,48.673],[0.816,48.665],[0.823,48.621],[0.833,48.605],[0.85,48.583],[0.864,48.574],[0.893,48.562],[0.945,48.523],[0.951,48.516],[0.953,48.509],[0.952,48.504],[0.951,48.501],[0.95,48.5],[0.947,48.493],[0.946,48.486],[0.947,48.479],[0.949,48.469],[0.953,48.464],[0.959,48.458],[0.968,48.451],[0.979,48.441],[0.98,48.433],[0.975,48.426],[0.966,48.42],[0.961,48.413],[0.957,48.407],[0.95,48.393],[0.945,48.388],[0.916,48.369],[0.895,48.359],[0.827,48.34],[0.814,48.338],[0.796,48.336],[0.789,48.335],[0.784,48.331],[0.779,48.324],[0.775,48.313],[0.779,48.305],[0.786,48.3],[0.794,48.296],[0.798,48.29],[0.798,48.281],[0.796,48.269],[0.796,48.26],[0.797,48.253],[0.798,48.25],[0.8,48.248],[0.817,48.228],[0.823,48.22],[0.827,48.209],[0.825,48.201],[0.818,48.195],[0.81,48.191],[0.798,48.186],[0.771,48.181],[0.75,48.184],[0.726,48.195],[0.716,48.202],[0.706,48.21],[0.685,48.233],[0.667,48.248],[0.655,48.253],[0.645,48.253],[0.641,48.251],[0.639,48.25],[0.638,48.249],[0.6,48.25],[0.515,48.266],[0.501,48.271],[0.499,48.274],[0.5,48.283],[0.5,48.289],[0.498,48.296],[0.493,48.305],[0.486,48.307],[0.477,48.305],[0.463,48.303],[0.443,48.305],[0.416,48.316],[0.401,48.324],[0.39,48.333],[0.383,48.346],[0.378,48.356],[0.374,48.37],[0.373,48.398],[0.378,48.425],[0.378,48.432],[0.377,48.44],[0.372,48.449],[0.364,48.454],[0.352,48.459],[0.31,48.472],[0.294,48.474],[0.281,48.474],[0.192,48.46],[0.176,48.451],[0.165,48.448],[0.153,48.445],[0.143,48.44],[0.136,48.433],[0.128,48.423],[0.121,48.417],[0.115,48.413],[0.111,48.411],[0.1,48.408],[0.092,48.408],[0.085,48.407],[0.08,48.405],[0.074,48.402],[0.07,48.397],[0.067,48.384],[0.061,48.38],[0.047,48.379],[0.029,48.383],[0.017,48.385],[0.007,48.385],[-0.053,48.381],[-0.057,48.432],[-0.062,48.439],[-0.07,48.447],[-0.079,48.448],[-0.088,48.449],[-0.103,48.453],[-0.121,48.463],[-0.154,48.49],[-0.164,48.503],[-0.167,48.514],[-0.161,48.522],[-0.158,48.533],[-0.163,48.54],[-0.171,48.545],[-0.233,48.561],[-0.242,48.558],[-0.245,48.553],[-0.243,48.546],[-0.241,48.539],[-0.244,48.533],[-0.249,48.527],[-0.258,48.522],[-0.271,48.518],[-0.294,48.519],[-0.308,48.516],[-0.319,48.512],[-0.329,48.503],[-0.333,48.498],[-0.338,48.494],[-0.353,48.492],[-0.42,48.504],[-0.47,48.507],[-0.483,48.506],[-0.493,48.505],[-0.501,48.501],[-0.535,48.476],[-0.544,48.472],[-0.554,48.468],[-0.641,48.455],[-0.65,48.456],[-0.654,48.461],[-0.657,48.468],[-0.665,48.473],[-0.674,48.473],[-0.723,48.465],[-0.73,48.462],[-0.734,48.456],[-0.736,48.45],[-0.742,48.444],[-0.754,48.441],[-0.764,48.443],[-0.772,48.448],[-0.778,48.453],[-0.786,48.457],[-0.794,48.456],[-0.801,48.454],[-0.81,48.451],[-0.817,48.454],[-0.822,48.46],[-0.835,48.479],[-0.846,48.492],[-0.863,48.502]]]}},{"type":"Feature","id":"FR-62","properties":{"id":"FR-62","countryCode":"FR","isoSubdivision":"FR-62","name":"Pas-de-Calais","name_en":"Pas-de-Calais","name_ko":"파드칼레","type":"Metropolitan department","labelLongitude":2.361,"labelLatitude":50.466,"minZoom":8},"geometry":{"type":"Polygon","coordinates":[[[1.595,50.373],[1.61,50.371],[1.61,50.377],[1.555,50.405],[1.555,50.412],[1.573,50.445],[1.574,50.492],[1.579,50.533],[1.61,50.548],[1.583,50.575],[1.578,50.589],[1.574,50.636],[1.563,50.678],[1.563,50.699],[1.568,50.717],[1.589,50.756],[1.6,50.771],[1.606,50.79],[1.599,50.813],[1.583,50.85],[1.581,50.864],[1.581,50.869],[1.605,50.881],[1.613,50.883],[1.634,50.885],[1.653,50.889],[1.67,50.9],[1.699,50.926],[1.73,50.944],[1.921,50.997],[1.939,50.994],[1.973,51.007],[2.063,51.014],[2.106,50.984],[2.187,50.878],[2.222,50.806],[2.245,50.792],[2.273,50.785],[2.362,50.787],[2.382,50.782],[2.393,50.771],[2.384,50.76],[2.366,50.749],[2.354,50.737],[2.352,50.727],[2.357,50.721],[2.363,50.717],[2.369,50.709],[2.369,50.702],[2.363,50.689],[2.363,50.682],[2.371,50.674],[2.383,50.671],[2.407,50.671],[2.425,50.667],[2.474,50.637],[2.489,50.633],[2.711,50.629],[2.726,50.626],[2.734,50.626],[2.753,50.635],[2.783,50.661],[2.803,50.668],[2.821,50.666],[2.839,50.657],[2.87,50.631],[2.855,50.63],[2.839,50.626],[2.823,50.619],[2.811,50.61],[2.805,50.599],[2.806,50.578],[2.801,50.567],[2.792,50.559],[2.788,50.555],[2.788,50.548],[2.791,50.542],[2.795,50.536],[2.801,50.531],[2.807,50.528],[2.824,50.525],[2.86,50.532],[2.877,50.531],[2.891,50.522],[2.9,50.511],[2.911,50.504],[2.958,50.508],[2.973,50.507],[2.986,50.501],[2.993,50.495],[2.998,50.487],[3.003,50.468],[3.015,50.454],[3.05,50.449],[3.059,50.443],[3.055,50.426],[3.041,50.416],[3.007,50.4],[3.002,50.381],[3.02,50.364],[3.044,50.347],[3.06,50.329],[3.063,50.316],[3.059,50.308],[3.029,50.289],[3.021,50.279],[3.02,50.267],[3.031,50.258],[3.043,50.257],[3.079,50.27],[3.098,50.27],[3.117,50.268],[3.135,50.261],[3.163,50.24],[3.168,50.233],[3.169,50.224],[3.164,50.217],[3.137,50.198],[3.126,50.183],[3.089,50.074],[3.088,50.05],[3.032,50.073],[3.023,50.075],[3.011,50.077],[2.99,50.077],[2.979,50.073],[2.974,50.068],[2.976,50.053],[2.975,50.048],[2.971,50.042],[2.965,50.038],[2.945,50.035],[2.906,50.034],[2.889,50.03],[2.868,50.019],[2.86,50.018],[2.852,50.021],[2.849,50.029],[2.85,50.036],[2.851,50.044],[2.851,50.051],[2.849,50.057],[2.845,50.064],[2.84,50.069],[2.832,50.071],[2.823,50.068],[2.787,50.047],[2.766,50.038],[2.756,50.038],[2.747,50.04],[2.743,50.048],[2.746,50.054],[2.76,50.066],[2.764,50.072],[2.765,50.078],[2.763,50.085],[2.753,50.098],[2.743,50.109],[2.728,50.121],[2.72,50.126],[2.711,50.129],[2.703,50.126],[2.699,50.121],[2.697,50.114],[2.696,50.107],[2.696,50.094],[2.698,50.089],[2.699,50.084],[2.697,50.081],[2.691,50.078],[2.683,50.078],[2.677,50.08],[2.665,50.086],[2.65,50.092],[2.629,50.098],[2.585,50.103],[2.573,50.106],[2.568,50.112],[2.57,50.118],[2.574,50.124],[2.574,50.129],[2.567,50.134],[2.55,50.134],[2.538,50.132],[2.529,50.127],[2.519,50.123],[2.504,50.123],[2.481,50.128],[2.458,50.128],[2.442,50.125],[2.433,50.119],[2.428,50.113],[2.42,50.101],[2.415,50.096],[2.406,50.094],[2.396,50.096],[2.386,50.103],[2.38,50.11],[2.377,50.117],[2.374,50.123],[2.374,50.129],[2.375,50.136],[2.377,50.142],[2.381,50.149],[2.394,50.159],[2.415,50.171],[2.448,50.183],[2.46,50.189],[2.468,50.194],[2.467,50.201],[2.456,50.209],[2.41,50.225],[2.396,50.228],[2.384,50.226],[2.372,50.217],[2.364,50.214],[2.355,50.217],[2.346,50.224],[2.34,50.232],[2.333,50.238],[2.325,50.24],[2.316,50.237],[2.313,50.233],[2.31,50.224],[2.302,50.22],[2.289,50.218],[2.266,50.217],[2.24,50.21],[2.229,50.209],[2.213,50.21],[2.2,50.21],[2.174,50.205],[2.113,50.203],[2.098,50.204],[2.085,50.208],[2.069,50.219],[2.062,50.227],[2.058,50.235],[2.058,50.242],[2.057,50.249],[2.046,50.256],[2.028,50.264],[1.936,50.296],[1.935,50.302],[1.94,50.308],[1.948,50.314],[1.952,50.32],[1.948,50.325],[1.939,50.329],[1.922,50.328],[1.913,50.323],[1.907,50.318],[1.899,50.314],[1.887,50.314],[1.87,50.32],[1.86,50.327],[1.846,50.34],[1.838,50.345],[1.82,50.355],[1.804,50.357],[1.783,50.357],[1.742,50.354],[1.681,50.339],[1.668,50.338],[1.654,50.339],[1.64,50.343],[1.631,50.348],[1.604,50.369],[1.595,50.373]],[[3.02,50.121],[3.048,50.128],[3.072,50.131],[3.069,50.153],[3.063,50.174],[3.051,50.162],[3.037,50.154],[3.021,50.15],[3.004,50.15],[3.001,50.123],[3.02,50.121]]]}},{"type":"Feature","id":"FR-63","properties":{"id":"FR-63","countryCode":"FR","isoSubdivision":"FR-63","name":"Puy-de-Dôme","name_en":"Puy-de-Dôme","name_ko":"퓌드돔","type":"Metropolitan department","labelLongitude":3.268,"labelLatitude":45.814,"minZoom":8},"geometry":{"type":"Polygon","coordinates":[[[2.872,46.263],[2.89,46.261],[2.91,46.253],[2.917,46.241],[2.915,46.207],[2.924,46.174],[2.95,46.142],[2.984,46.116],[3.017,46.102],[3.035,46.103],[3.076,46.112],[3.091,46.112],[3.116,46.081],[3.128,46.072],[3.146,46.067],[3.233,46.073],[3.313,46.058],[3.332,46.044],[3.438,46.072],[3.458,46.02],[3.457,46.003],[3.488,46.013],[3.52,46.015],[3.584,46.005],[3.609,45.995],[3.655,45.965],[3.68,45.957],[3.675,45.948],[3.676,45.942],[3.682,45.933],[3.689,45.928],[3.715,45.914],[3.723,45.908],[3.728,45.9],[3.73,45.892],[3.729,45.881],[3.725,45.874],[3.713,45.858],[3.711,45.854],[3.71,45.85],[3.71,45.845],[3.71,45.839],[3.711,45.832],[3.711,45.825],[3.709,45.819],[3.696,45.801],[3.695,45.795],[3.697,45.789],[3.712,45.773],[3.726,45.753],[3.73,45.75],[3.736,45.748],[3.743,45.745],[3.752,45.733],[3.782,45.679],[3.794,45.662],[3.804,45.649],[3.921,45.577],[3.927,45.57],[3.932,45.564],[3.957,45.51],[3.967,45.498],[3.969,45.492],[3.969,45.482],[3.961,45.464],[3.954,45.453],[3.941,45.441],[3.922,45.427],[3.908,45.414],[3.895,45.396],[3.886,45.359],[3.805,45.386],[3.791,45.378],[3.781,45.357],[3.76,45.35],[3.735,45.351],[3.689,45.369],[3.679,45.37],[3.664,45.365],[3.637,45.349],[3.623,45.348],[3.607,45.354],[3.597,45.363],[3.579,45.386],[3.568,45.394],[3.505,45.416],[3.481,45.417],[3.395,45.401],[3.382,45.404],[3.344,45.422],[3.326,45.422],[3.303,45.405],[3.287,45.4],[3.251,45.394],[3.235,45.388],[3.201,45.36],[3.169,45.354],[3.104,45.354],[3.034,45.3],[2.995,45.289],[2.949,45.309],[2.935,45.325],[2.917,45.359],[2.9,45.373],[2.834,45.396],[2.748,45.386],[2.703,45.388],[2.668,45.435],[2.642,45.445],[2.591,45.454],[2.537,45.48],[2.519,45.479],[2.502,45.487],[2.499,45.491],[2.497,45.501],[2.496,45.515],[2.497,45.534],[2.495,45.545],[2.489,45.556],[2.473,45.569],[2.467,45.576],[2.465,45.585],[2.476,45.618],[2.481,45.624],[2.489,45.627],[2.509,45.633],[2.514,45.637],[2.518,45.641],[2.52,45.644],[2.522,45.649],[2.524,45.659],[2.525,45.677],[2.525,45.691],[2.525,45.698],[2.516,45.713],[2.49,45.736],[2.484,45.741],[2.476,45.746],[2.471,45.751],[2.469,45.752],[2.46,45.754],[2.452,45.755],[2.444,45.757],[2.439,45.762],[2.435,45.768],[2.431,45.781],[2.428,45.788],[2.422,45.794],[2.401,45.814],[2.398,45.822],[2.401,45.829],[2.412,45.838],[2.432,45.847],[2.442,45.853],[2.454,45.864],[2.464,45.869],[2.473,45.871],[2.492,45.868],[2.498,45.869],[2.502,45.87],[2.506,45.873],[2.52,45.887],[2.526,45.892],[2.534,45.897],[2.542,45.903],[2.549,45.913],[2.556,45.928],[2.562,45.938],[2.568,45.946],[2.575,45.953],[2.59,45.964],[2.595,45.971],[2.593,45.986],[2.594,45.995],[2.594,46],[2.598,46.01],[2.597,46.017],[2.595,46.027],[2.586,46.041],[2.569,46.062],[2.564,46.07],[2.561,46.082],[2.56,46.091],[2.567,46.136],[2.592,46.128],[2.621,46.122],[2.651,46.126],[2.678,46.139],[2.714,46.169],[2.721,46.18],[2.723,46.191],[2.723,46.204],[2.725,46.215],[2.733,46.223],[2.744,46.221],[2.799,46.197],[2.816,46.201],[2.819,46.214],[2.817,46.23],[2.819,46.242],[2.834,46.253],[2.852,46.26],[2.872,46.263]]]}},{"type":"Feature","id":"FR-64","properties":{"id":"FR-64","countryCode":"FR","isoSubdivision":"FR-64","name":"Pyrenees-Atlantics","name_en":"Pyrenees-Atlantics","name_ko":"피레네자틀랑티크","type":"Metropolitan department","labelLongitude":-0.75,"labelLatitude":43.259,"minZoom":8},"geometry":{"type":"Polygon","coordinates":[[[-1.747,43.291],[-1.75,43.295],[-1.752,43.299],[-1.756,43.319],[-1.768,43.331],[-1.797,43.341],[-1.797,43.353],[-1.796,43.374],[-1.794,43.386],[-1.791,43.385],[-1.791,43.384],[-1.776,43.376],[-1.768,43.384],[-1.75,43.389],[-1.661,43.4],[-1.638,43.424],[-1.615,43.433],[-1.597,43.443],[-1.588,43.451],[-1.566,43.482],[-1.562,43.493],[-1.553,43.501],[-1.514,43.539],[-1.471,43.509],[-1.441,43.499],[-1.418,43.504],[-1.385,43.508],[-1.317,43.509],[-1.284,43.514],[-1.243,43.531],[-1.21,43.554],[-1.204,43.564],[-1.173,43.551],[-1.167,43.537],[-1.172,43.505],[-1.154,43.49],[-1.131,43.497],[-1.106,43.513],[-1.081,43.523],[-1.038,43.504],[-1.024,43.502],[-1.005,43.505],[-0.991,43.511],[-0.983,43.523],[-0.984,43.545],[-0.943,43.54],[-0.924,43.534],[-0.924,43.535],[-0.913,43.544],[-0.903,43.547],[-0.859,43.544],[-0.8,43.567],[-0.78,43.569],[-0.761,43.567],[-0.715,43.547],[-0.705,43.548],[-0.672,43.557],[-0.562,43.543],[-0.548,43.546],[-0.472,43.59],[-0.46,43.592],[-0.447,43.588],[-0.447,43.581],[-0.452,43.571],[-0.451,43.56],[-0.434,43.553],[-0.323,43.564],[-0.267,43.582],[-0.236,43.587],[-0.203,43.589],[-0.11,43.575],[-0.09,43.565],[-0.08,43.545],[-0.072,43.54],[-0.061,43.535],[-0.053,43.529],[-0.047,43.522],[-0.023,43.479],[-0.018,43.468],[-0.016,43.459],[-0.02,43.454],[-0.027,43.451],[-0.035,43.452],[-0.043,43.453],[-0.05,43.45],[-0.052,43.441],[-0.049,43.421],[-0.042,43.415],[-0.034,43.414],[-0.027,43.42],[-0.022,43.426],[-0.015,43.431],[-0.008,43.434],[0.002,43.433],[0.007,43.429],[0.009,43.422],[0.006,43.385],[0.009,43.371],[0.022,43.349],[0.023,43.339],[0.019,43.332],[0.011,43.329],[-0.008,43.325],[-0.015,43.322],[-0.022,43.317],[-0.028,43.31],[-0.033,43.302],[-0.036,43.292],[-0.037,43.277],[-0.028,43.258],[-0.026,43.253],[-0.027,43.248],[-0.03,43.242],[-0.035,43.236],[-0.042,43.229],[-0.059,43.218],[-0.066,43.211],[-0.071,43.204],[-0.077,43.181],[-0.081,43.173],[-0.086,43.166],[-0.093,43.164],[-0.105,43.166],[-0.111,43.165],[-0.118,43.159],[-0.132,43.134],[-0.139,43.125],[-0.148,43.119],[-0.156,43.114],[-0.177,43.107],[-0.184,43.102],[-0.191,43.092],[-0.193,43.077],[-0.192,43.066],[-0.185,43.046],[-0.19,43.039],[-0.199,43.034],[-0.209,43.033],[-0.238,43.033],[-0.246,43.03],[-0.253,43.026],[-0.265,43.015],[-0.282,43.003],[-0.288,42.995],[-0.29,42.988],[-0.289,42.981],[-0.284,42.966],[-0.283,42.956],[-0.284,42.941],[-0.289,42.932],[-0.297,42.924],[-0.305,42.917],[-0.313,42.908],[-0.316,42.901],[-0.317,42.894],[-0.317,42.887],[-0.315,42.874],[-0.309,42.848],[-0.305,42.831],[-0.307,42.832],[-0.323,42.843],[-0.328,42.833],[-0.335,42.825],[-0.343,42.823],[-0.352,42.829],[-0.4,42.801],[-0.424,42.791],[-0.454,42.789],[-0.508,42.807],[-0.534,42.808],[-0.536,42.784],[-0.544,42.782],[-0.561,42.774],[-0.569,42.773],[-0.579,42.777],[-0.579,42.783],[-0.577,42.79],[-0.583,42.796],[-0.587,42.797],[-0.604,42.797],[-0.61,42.799],[-0.61,42.803],[-0.608,42.807],[-0.609,42.811],[-0.648,42.85],[-0.666,42.861],[-0.7,42.876],[-0.711,42.878],[-0.72,42.877],[-0.73,42.878],[-0.74,42.885],[-0.746,42.894],[-0.745,42.899],[-0.741,42.904],[-0.741,42.911],[-0.745,42.919],[-0.76,42.947],[-0.786,42.953],[-0.864,42.943],[-0.943,42.948],[-0.981,42.957],[-1.016,42.976],[-1.028,42.987],[-1.045,42.99],[-1.08,42.993],[-1.087,42.998],[-1.104,43.006],[-1.112,43.008],[-1.15,43.006],[-1.183,43.025],[-1.217,43.039],[-1.275,43.047],[-1.294,43.055],[-1.311,43.069],[-1.315,43.083],[-1.307,43.096],[-1.286,43.109],[-1.309,43.114],[-1.331,43.107],[-1.348,43.093],[-1.355,43.073],[-1.358,43.047],[-1.366,43.033],[-1.383,43.029],[-1.411,43.031],[-1.435,43.036],[-1.457,43.045],[-1.475,43.06],[-1.488,43.082],[-1.48,43.09],[-1.438,43.123],[-1.426,43.135],[-1.411,43.167],[-1.4,43.207],[-1.404,43.243],[-1.432,43.265],[-1.444,43.265],[-1.455,43.262],[-1.466,43.261],[-1.508,43.277],[-1.539,43.284],[-1.559,43.284],[-1.574,43.277],[-1.582,43.26],[-1.588,43.252],[-1.598,43.247],[-1.611,43.246],[-1.622,43.247],[-1.634,43.251],[-1.639,43.256],[-1.646,43.273],[-1.648,43.282],[-1.645,43.288],[-1.645,43.292],[-1.655,43.298],[-1.674,43.304],[-1.683,43.305],[-1.703,43.299],[-1.725,43.297],[-1.737,43.292],[-1.747,43.291]],[[-0.097,43.328],[-0.087,43.328],[-0.083,43.329],[-0.08,43.331],[-0.077,43.334],[-0.074,43.337],[-0.066,43.351],[-0.064,43.359],[-0.063,43.367],[-0.064,43.373],[-0.067,43.378],[-0.071,43.381],[-0.076,43.384],[-0.087,43.387],[-0.093,43.386],[-0.099,43.385],[-0.107,43.379],[-0.112,43.369],[-0.115,43.349],[-0.112,43.338],[-0.106,43.331],[-0.097,43.328]],[[-0.118,43.248],[-0.108,43.248],[-0.097,43.251],[-0.081,43.272],[-0.09,43.295],[-0.114,43.305],[-0.137,43.286],[-0.139,43.272],[-0.138,43.265],[-0.135,43.258],[-0.128,43.251],[-0.118,43.248]]]}},{"type":"Feature","id":"FR-65","properties":{"id":"FR-65","countryCode":"FR","isoSubdivision":"FR-65","name":"Hautes-Pyrénées","name_en":"Hautes-Pyrénées","name_ko":"오트피레네","type":"Metropolitan department","labelLongitude":0.139,"labelLatitude":43.06,"minZoom":8},"geometry":{"type":"MultiPolygon","coordinates":[[[[-0.208,42.784],[-0.235,42.786],[-0.247,42.805],[-0.305,42.831],[-0.309,42.848],[-0.315,42.874],[-0.317,42.887],[-0.317,42.894],[-0.316,42.901],[-0.313,42.908],[-0.305,42.917],[-0.297,42.924],[-0.289,42.932],[-0.284,42.941],[-0.283,42.956],[-0.284,42.966],[-0.289,42.981],[-0.29,42.988],[-0.288,42.995],[-0.282,43.003],[-0.265,43.015],[-0.253,43.026],[-0.246,43.03],[-0.238,43.033],[-0.209,43.033],[-0.199,43.034],[-0.19,43.039],[-0.185,43.046],[-0.192,43.066],[-0.193,43.077],[-0.191,43.092],[-0.184,43.102],[-0.177,43.107],[-0.156,43.114],[-0.148,43.119],[-0.139,43.125],[-0.132,43.134],[-0.118,43.159],[-0.111,43.165],[-0.105,43.166],[-0.093,43.164],[-0.086,43.166],[-0.081,43.173],[-0.077,43.181],[-0.071,43.204],[-0.066,43.211],[-0.059,43.218],[-0.042,43.229],[-0.035,43.236],[-0.03,43.242],[-0.027,43.248],[-0.026,43.253],[-0.028,43.258],[-0.037,43.277],[-0.036,43.292],[-0.033,43.302],[-0.028,43.31],[-0.022,43.317],[-0.015,43.322],[-0.008,43.325],[0.011,43.329],[0.019,43.332],[0.023,43.339],[0.022,43.349],[0.009,43.371],[0.006,43.385],[0.009,43.422],[0.007,43.429],[0.002,43.433],[-0.008,43.434],[-0.015,43.431],[-0.022,43.426],[-0.027,43.42],[-0.034,43.414],[-0.042,43.415],[-0.049,43.421],[-0.052,43.441],[-0.05,43.45],[-0.043,43.453],[-0.035,43.452],[-0.027,43.451],[-0.02,43.454],[-0.016,43.459],[-0.018,43.468],[-0.023,43.479],[-0.047,43.522],[-0.053,43.529],[-0.061,43.535],[-0.072,43.54],[-0.08,43.545],[-0.09,43.565],[-0.11,43.575],[-0.089,43.591],[-0.063,43.605],[-0.034,43.612],[-0.006,43.609],[0.004,43.572],[0.025,43.536],[0.041,43.534],[0.092,43.51],[0.104,43.509],[0.115,43.509],[0.124,43.505],[0.133,43.477],[0.146,43.463],[0.15,43.456],[0.149,43.447],[0.141,43.429],[0.14,43.419],[0.144,43.412],[0.164,43.403],[0.169,43.398],[0.182,43.381],[0.196,43.372],[0.211,43.368],[0.227,43.368],[0.293,43.38],[0.309,43.378],[0.317,43.374],[0.331,43.357],[0.341,43.35],[0.351,43.348],[0.362,43.349],[0.376,43.355],[0.381,43.358],[0.384,43.362],[0.387,43.363],[0.394,43.358],[0.402,43.347],[0.404,43.34],[0.409,43.335],[0.423,43.332],[0.468,43.335],[0.607,43.311],[0.615,43.291],[0.604,43.278],[0.567,43.252],[0.564,43.242],[0.568,43.231],[0.569,43.222],[0.561,43.213],[0.533,43.207],[0.525,43.203],[0.519,43.198],[0.505,43.179],[0.442,43.131],[0.563,43.074],[0.557,43.058],[0.537,43.031],[0.529,43.016],[0.531,43.003],[0.545,43.007],[0.574,43.023],[0.606,43.032],[0.624,43.001],[0.639,42.968],[0.645,42.957],[0.581,42.886],[0.55,42.867],[0.497,42.872],[0.477,42.869],[0.464,42.85],[0.458,42.826],[0.456,42.765],[0.468,42.705],[0.467,42.69],[0.429,42.683],[0.409,42.682],[0.389,42.685],[0.384,42.689],[0.384,42.693],[0.384,42.697],[0.382,42.7],[0.354,42.717],[0.336,42.713],[0.318,42.7],[0.29,42.67],[0.275,42.669],[0.26,42.682],[0.238,42.71],[0.222,42.716],[0.169,42.726],[0.153,42.725],[0.134,42.715],[0.073,42.708],[-0.004,42.688],[-0.039,42.685],[-0.078,42.697],[-0.084,42.701],[-0.089,42.706],[-0.096,42.711],[-0.108,42.713],[-0.119,42.717],[-0.122,42.723],[-0.123,42.73],[-0.129,42.736],[-0.146,42.746],[-0.158,42.761],[-0.164,42.778],[-0.161,42.795],[-0.179,42.79],[-0.208,42.784]]],[[[-0.087,43.387],[-0.076,43.384],[-0.071,43.381],[-0.067,43.378],[-0.064,43.373],[-0.063,43.367],[-0.064,43.359],[-0.066,43.351],[-0.074,43.337],[-0.077,43.334],[-0.08,43.331],[-0.083,43.329],[-0.087,43.328],[-0.097,43.328],[-0.106,43.331],[-0.112,43.338],[-0.115,43.349],[-0.112,43.369],[-0.107,43.379],[-0.099,43.385],[-0.093,43.386],[-0.087,43.387]]],[[[-0.114,43.305],[-0.09,43.295],[-0.081,43.272],[-0.097,43.251],[-0.108,43.248],[-0.118,43.248],[-0.128,43.251],[-0.135,43.258],[-0.138,43.265],[-0.139,43.272],[-0.137,43.286],[-0.114,43.305]]]]}},{"type":"Feature","id":"FR-66","properties":{"id":"FR-66","countryCode":"FR","isoSubdivision":"FR-66","name":"Pyrénées-Orientales","name_en":"Pyrénées-Orientales","name_ko":"피레네오리앙탈","type":"Metropolitan department","labelLongitude":2.549,"labelLatitude":42.574,"minZoom":8},"geometry":{"type":"Polygon","coordinates":[[[1.717,42.54],[1.722,42.549],[1.74,42.562],[1.765,42.563],[1.761,42.568],[1.782,42.57],[1.845,42.578],[1.873,42.579],[1.882,42.578],[1.919,42.569],[1.929,42.569],[1.938,42.572],[1.951,42.58],[1.956,42.587],[1.959,42.594],[1.959,42.608],[1.96,42.615],[1.963,42.622],[1.968,42.629],[1.98,42.642],[1.994,42.653],[2.006,42.656],[2.098,42.664],[2.154,42.656],[2.163,42.66],[2.166,42.664],[2.189,42.652],[2.217,42.668],[2.265,42.709],[2.277,42.71],[2.307,42.705],[2.323,42.708],[2.343,42.719],[2.351,42.73],[2.351,42.745],[2.331,42.822],[2.341,42.837],[2.375,42.847],[2.704,42.834],[2.73,42.84],[2.742,42.849],[2.768,42.879],[2.784,42.89],[2.855,42.914],[2.866,42.912],[2.893,42.896],[3.046,42.837],[3.04,42.79],[3.039,42.75],[3.043,42.725],[3.038,42.683],[3.042,42.629],[3.046,42.588],[3.052,42.555],[3.066,42.542],[3.087,42.535],[3.115,42.531],[3.137,42.525],[3.146,42.515],[3.146,42.504],[3.143,42.492],[3.15,42.482],[3.16,42.475],[3.176,42.456],[3.182,42.435],[3.181,42.431],[3.138,42.426],[3.112,42.425],[3.086,42.427],[3.066,42.432],[3.054,42.438],[3.044,42.445],[3.036,42.455],[3.03,42.466],[3.023,42.467],[2.994,42.468],[2.983,42.469],[2.966,42.461],[2.934,42.47],[2.901,42.451],[2.884,42.449],[2.867,42.45],[2.851,42.448],[2.835,42.441],[2.805,42.42],[2.789,42.412],[2.768,42.41],[2.729,42.414],[2.708,42.413],[2.69,42.406],[2.648,42.381],[2.64,42.373],[2.649,42.354],[2.662,42.343],[2.662,42.339],[2.635,42.338],[2.613,42.341],[2.567,42.353],[2.548,42.352],[2.54,42.347],[2.532,42.331],[2.525,42.326],[2.515,42.326],[2.504,42.328],[2.483,42.337],[2.465,42.341],[2.446,42.352],[2.43,42.368],[2.423,42.384],[2.407,42.384],[2.375,42.389],[2.317,42.41],[2.305,42.417],[2.277,42.429],[2.246,42.426],[2.184,42.412],[2.137,42.416],[2.121,42.411],[2.116,42.405],[2.109,42.391],[2.104,42.385],[2.08,42.371],[2.063,42.358],[2.052,42.352],[2.035,42.349],[2.009,42.347],[1.996,42.349],[1.983,42.355],[1.964,42.367],[1.954,42.383],[1.941,42.42],[1.927,42.437],[1.912,42.442],[1.893,42.443],[1.87,42.447],[1.814,42.475],[1.793,42.482],[1.731,42.488],[1.712,42.494],[1.713,42.497],[1.712,42.499],[1.71,42.501],[1.707,42.503],[1.711,42.528],[1.717,42.54]],[[1.983,42.441],[1.986,42.441],[1.996,42.443],[1.999,42.444],[1.988,42.458],[1.978,42.475],[1.968,42.486],[1.957,42.482],[1.946,42.464],[1.948,42.451],[1.961,42.444],[1.983,42.441]]]}},{"type":"Feature","id":"FR-67","properties":{"id":"FR-67","countryCode":"FR","isoSubdivision":"FR-67","name":"Bas-Rhin","name_en":"Bas-Rhin","name_ko":"바랭","type":"Metropolitan department","labelLongitude":7.566,"labelLatitude":48.618,"minZoom":8},"geometry":{"type":"Polygon","coordinates":[[[7.645,49.036],[7.649,49.036],[7.661,49.038],[7.672,49.041],[7.685,49.043],[7.696,49.042],[7.717,49.037],[7.727,49.036],[7.739,49.038],[7.763,49.046],[7.774,49.048],[7.857,49.032],[7.914,49.036],[7.932,49.035],[8.09,48.979],[8.189,48.966],[8.2,48.959],[8.2,48.958],[8.179,48.943],[8.148,48.904],[8.103,48.821],[8.09,48.808],[8.084,48.804],[8.048,48.791],[8.039,48.791],[8.037,48.788],[8.032,48.785],[8.027,48.78],[8.025,48.771],[8.023,48.765],[8.017,48.762],[8.01,48.76],[7.982,48.76],[7.97,48.757],[7.965,48.748],[7.964,48.729],[7.959,48.721],[7.948,48.712],[7.935,48.703],[7.923,48.698],[7.896,48.677],[7.881,48.668],[7.864,48.664],[7.852,48.659],[7.81,48.615],[7.802,48.582],[7.802,48.548],[7.813,48.526],[7.813,48.519],[7.788,48.506],[7.776,48.498],[7.771,48.489],[7.769,48.47],[7.764,48.46],[7.758,48.454],[7.751,48.444],[7.746,48.433],[7.738,48.407],[7.737,48.393],[7.74,48.381],[7.747,48.369],[7.752,48.355],[7.751,48.341],[7.737,48.327],[7.719,48.32],[7.702,48.311],[7.696,48.29],[7.693,48.27],[7.687,48.253],[7.677,48.238],[7.613,48.179],[7.607,48.167],[7.605,48.153],[7.6,48.145],[7.593,48.139],[7.586,48.13],[7.582,48.121],[7.543,48.123],[7.526,48.127],[7.514,48.151],[7.5,48.154],[7.483,48.154],[7.47,48.16],[7.468,48.173],[7.473,48.186],[7.476,48.198],[7.466,48.207],[7.303,48.26],[7.292,48.294],[7.264,48.301],[7.209,48.303],[7.209,48.315],[7.203,48.322],[7.189,48.331],[7.176,48.333],[7.144,48.332],[7.135,48.333],[7.127,48.335],[7.116,48.339],[7.11,48.342],[7.107,48.346],[7.104,48.353],[7.107,48.362],[7.116,48.378],[7.118,48.387],[7.119,48.402],[7.127,48.447],[7.128,48.484],[7.134,48.492],[7.141,48.497],[7.149,48.5],[7.139,48.505],[7.089,48.523],[7.098,48.529],[7.193,48.534],[7.201,48.537],[7.208,48.548],[7.214,48.553],[7.253,48.568],[7.263,48.576],[7.27,48.584],[7.277,48.597],[7.286,48.622],[7.297,48.645],[7.3,48.656],[7.295,48.661],[7.287,48.665],[7.277,48.668],[7.269,48.672],[7.265,48.678],[7.265,48.685],[7.273,48.696],[7.289,48.711],[7.313,48.741],[7.317,48.748],[7.317,48.751],[7.318,48.756],[7.317,48.759],[7.314,48.765],[7.31,48.77],[7.304,48.775],[7.248,48.818],[7.239,48.822],[7.222,48.825],[7.216,48.83],[7.215,48.835],[7.215,48.841],[7.214,48.847],[7.211,48.852],[7.204,48.854],[7.197,48.853],[7.192,48.847],[7.189,48.839],[7.189,48.831],[7.184,48.825],[7.175,48.82],[7.163,48.818],[7.155,48.816],[7.147,48.813],[7.135,48.799],[7.129,48.793],[7.12,48.789],[7.111,48.789],[7.103,48.793],[7.099,48.798],[7.093,48.811],[7.088,48.816],[7.081,48.82],[7.075,48.825],[7.075,48.832],[7.08,48.84],[7.097,48.852],[7.096,48.858],[7.09,48.861],[7.071,48.864],[7.015,48.882],[7,48.889],[6.993,48.893],[6.986,48.899],[6.981,48.905],[6.978,48.911],[6.977,48.918],[6.978,48.924],[6.981,48.93],[6.985,48.937],[6.991,48.944],[7.001,48.952],[7.037,48.972],[7.043,48.977],[7.045,48.981],[7.045,48.986],[7.045,48.991],[7.045,48.996],[7.046,48.999],[7.047,49],[7.055,49.011],[7.062,49.018],[7.077,49.029],[7.083,49.035],[7.083,49.041],[7.078,49.054],[7.079,49.06],[7.086,49.065],[7.097,49.066],[7.113,49.062],[7.119,49.056],[7.124,49.05],[7.133,49.021],[7.137,49.015],[7.145,49.01],[7.156,49.006],[7.196,48.998],[7.235,48.987],[7.275,48.98],[7.284,48.977],[7.291,48.973],[7.295,48.967],[7.297,48.961],[7.302,48.955],[7.31,48.95],[7.32,48.947],[7.342,48.943],[7.374,48.944],[7.481,48.959],[7.491,48.959],[7.5,48.957],[7.509,48.953],[7.536,48.94],[7.545,48.938],[7.555,48.938],[7.564,48.94],[7.573,48.944],[7.581,48.951],[7.59,48.961],[7.611,48.996],[7.645,49.036]]]}},{"type":"Feature","id":"FR-68","properties":{"id":"FR-68","countryCode":"FR","isoSubdivision":"FR-68","name":"Haut-Rhin","name_en":"Haut-Rhin","name_ko":"오랭","type":"Metropolitan department","labelLongitude":7.254,"labelLatitude":47.886,"minZoom":8},"geometry":{"type":"Polygon","coordinates":[[[7.582,48.121],[7.579,48.114],[7.573,48.095],[7.576,48.054],[7.619,48.003],[7.621,47.971],[7.612,47.959],[7.585,47.94],[7.58,47.927],[7.581,47.911],[7.579,47.906],[7.573,47.896],[7.569,47.891],[7.562,47.887],[7.559,47.883],[7.558,47.879],[7.558,47.876],[7.559,47.873],[7.559,47.869],[7.564,47.85],[7.562,47.839],[7.548,47.834],[7.543,47.829],[7.529,47.797],[7.526,47.783],[7.538,47.748],[7.538,47.732],[7.532,47.725],[7.515,47.713],[7.512,47.707],[7.515,47.686],[7.518,47.675],[7.522,47.67],[7.537,47.665],[7.55,47.652],[7.573,47.622],[7.579,47.617],[7.585,47.613],[7.59,47.608],[7.592,47.598],[7.59,47.595],[7.586,47.585],[7.585,47.584],[7.55,47.575],[7.526,47.566],[7.521,47.563],[7.483,47.542],[7.485,47.542],[7.502,47.533],[7.505,47.533],[7.505,47.523],[7.501,47.517],[7.493,47.515],[7.483,47.517],[7.477,47.515],[7.476,47.512],[7.478,47.508],[7.485,47.501],[7.486,47.499],[7.486,47.498],[7.486,47.496],[7.484,47.493],[7.483,47.491],[7.467,47.482],[7.455,47.483],[7.446,47.487],[7.441,47.489],[7.426,47.493],[7.414,47.49],[7.414,47.484],[7.419,47.478],[7.423,47.475],[7.428,47.471],[7.429,47.465],[7.426,47.456],[7.421,47.451],[7.406,47.438],[7.388,47.433],[7.379,47.431],[7.337,47.432],[7.309,47.433],[7.283,47.429],[7.245,47.418],[7.238,47.417],[7.23,47.419],[7.226,47.423],[7.224,47.426],[7.219,47.428],[7.19,47.435],[7.168,47.444],[7.163,47.46],[7.181,47.488],[7.154,47.486],[7.142,47.488],[7.147,47.499],[7.151,47.508],[7.151,47.513],[7.151,47.519],[7.151,47.525],[7.149,47.532],[7.143,47.54],[7.134,47.55],[7.08,47.591],[7.067,47.595],[7.056,47.597],[7.047,47.596],[7.037,47.596],[7.029,47.6],[7.023,47.606],[7.022,47.614],[7.024,47.619],[7.027,47.624],[7.044,47.639],[7.049,47.646],[7.053,47.653],[7.056,47.66],[7.058,47.666],[7.059,47.673],[7.059,47.68],[7.055,47.703],[7.05,47.716],[7.04,47.725],[7.024,47.736],[6.883,47.791],[6.875,47.797],[6.87,47.802],[6.869,47.819],[6.88,47.821],[6.908,47.831],[6.917,47.836],[6.924,47.843],[6.925,47.853],[6.922,47.861],[6.917,47.868],[6.915,47.876],[6.917,47.883],[6.934,47.903],[6.942,47.917],[6.945,47.927],[6.946,47.935],[6.948,47.948],[6.952,47.957],[6.96,47.968],[6.995,48],[7.009,48.01],[7.028,48.034],[7.059,48.085],[7.081,48.105],[7.087,48.114],[7.087,48.125],[7.082,48.133],[7.077,48.14],[7.074,48.146],[7.075,48.153],[7.083,48.165],[7.209,48.303],[7.264,48.301],[7.292,48.294],[7.303,48.26],[7.466,48.207],[7.476,48.198],[7.473,48.186],[7.468,48.173],[7.47,48.16],[7.483,48.154],[7.5,48.154],[7.514,48.151],[7.526,48.127],[7.543,48.123],[7.582,48.121]]]}},{"type":"Feature","id":"FR-69","properties":{"id":"FR-69","countryCode":"FR","isoSubdivision":"FR-69","name":"Rhône","name_en":"Rhône","name_ko":"론","type":"Metropolitan department","labelLongitude":4.648,"labelLatitude":45.841,"minZoom":8},"geometry":{"type":"Polygon","coordinates":[[[4.798,46.172],[4.795,46.151],[4.79,46.142],[4.774,46.118],[4.769,46.108],[4.759,46.077],[4.749,46.059],[4.75,46.04],[4.754,46.02],[4.755,45.998],[4.747,45.967],[4.749,45.957],[4.757,45.951],[4.784,45.945],[4.79,45.94],[4.794,45.931],[4.813,45.923],[4.82,45.907],[4.846,45.91],[4.867,45.899],[4.887,45.883],[4.909,45.874],[4.904,45.858],[4.915,45.831],[4.917,45.811],[4.947,45.816],[4.976,45.825],[4.992,45.827],[5.05,45.82],[5.067,45.821],[5.102,45.826],[5.098,45.812],[5.071,45.778],[5.071,45.762],[5.083,45.75],[5.146,45.725],[5.157,45.715],[5.154,45.7],[5.131,45.7],[5.103,45.69],[5.057,45.66],[5.049,45.651],[5.035,45.622],[5.014,45.612],[4.82,45.6],[4.806,45.593],[4.802,45.593],[4.839,45.573],[4.87,45.55],[4.855,45.515],[4.786,45.473],[4.76,45.444],[4.732,45.473],[4.718,45.48],[4.679,45.478],[4.664,45.481],[4.654,45.491],[4.653,45.51],[4.666,45.555],[4.662,45.569],[4.64,45.581],[4.607,45.584],[4.546,45.578],[4.497,45.585],[4.436,45.613],[4.384,45.654],[4.365,45.699],[4.373,45.711],[4.399,45.737],[4.397,45.749],[4.382,45.753],[4.36,45.755],[4.344,45.76],[4.344,45.778],[4.383,45.818],[4.394,45.843],[4.372,45.866],[4.342,45.878],[4.334,45.887],[4.331,45.897],[4.339,45.914],[4.34,45.925],[4.328,45.942],[4.259,45.97],[4.253,45.985],[4.267,45.992],[4.3,45.999],[4.308,46.012],[4.3,46.023],[4.272,46.036],[4.253,46.05],[4.258,46.067],[4.34,46.132],[4.357,46.142],[4.41,46.144],[4.432,46.151],[4.439,46.174],[4.433,46.192],[4.419,46.208],[4.402,46.22],[4.384,46.225],[4.388,46.233],[4.397,46.254],[4.403,46.278],[4.405,46.284],[4.408,46.29],[4.414,46.293],[4.423,46.294],[4.46,46.282],[4.499,46.275],[4.518,46.276],[4.531,46.28],[4.537,46.286],[4.545,46.289],[4.554,46.289],[4.565,46.28],[4.572,46.273],[4.581,46.266],[4.592,46.262],[4.606,46.263],[4.614,46.267],[4.619,46.273],[4.62,46.279],[4.621,46.286],[4.623,46.293],[4.628,46.297],[4.638,46.299],[4.665,46.292],[4.673,46.288],[4.675,46.28],[4.674,46.273],[4.674,46.267],[4.677,46.261],[4.697,46.252],[4.704,46.247],[4.706,46.239],[4.703,46.225],[4.705,46.218],[4.714,46.203],[4.72,46.189],[4.739,46.177],[4.798,46.172]]]}},{"type":"Feature","id":"FR-70","properties":{"id":"FR-70","countryCode":"FR","isoSubdivision":"FR-70","name":"Haute-Saône","name_en":"Haute-Saône","name_ko":"오트손","type":"Metropolitan department","labelLongitude":6.167,"labelLatitude":47.697,"minZoom":8},"geometry":{"type":"Polygon","coordinates":[[[5.616,47.26],[5.6,47.261],[5.584,47.264],[5.541,47.283],[5.529,47.292],[5.522,47.289],[5.508,47.301],[5.503,47.308],[5.5,47.32],[5.499,47.329],[5.498,47.357],[5.497,47.365],[5.494,47.371],[5.485,47.378],[5.475,47.382],[5.465,47.387],[5.458,47.395],[5.454,47.409],[5.453,47.418],[5.453,47.426],[5.452,47.433],[5.449,47.439],[5.439,47.446],[5.43,47.448],[5.42,47.449],[5.412,47.452],[5.407,47.457],[5.408,47.465],[5.41,47.473],[5.415,47.486],[5.422,47.492],[5.43,47.496],[5.439,47.498],[5.456,47.499],[5.459,47.5],[5.461,47.501],[5.471,47.513],[5.486,47.525],[5.493,47.531],[5.496,47.538],[5.496,47.546],[5.494,47.553],[5.491,47.561],[5.487,47.567],[5.481,47.573],[5.475,47.58],[5.476,47.586],[5.479,47.592],[5.479,47.599],[5.476,47.605],[5.469,47.611],[5.461,47.617],[5.451,47.619],[5.441,47.619],[5.428,47.612],[5.422,47.605],[5.409,47.597],[5.375,47.608],[5.407,47.659],[5.413,47.666],[5.421,47.671],[5.433,47.674],[5.443,47.674],[5.467,47.677],[5.484,47.682],[5.501,47.682],[5.555,47.66],[5.566,47.658],[5.576,47.657],[5.587,47.658],[5.683,47.681],[5.692,47.686],[5.701,47.693],[5.704,47.706],[5.703,47.715],[5.701,47.723],[5.701,47.733],[5.704,47.745],[5.71,47.764],[5.708,47.775],[5.7,47.792],[5.704,47.801],[5.716,47.813],[5.821,47.863],[5.833,47.871],[5.852,47.894],[5.861,47.901],[5.873,47.905],[5.883,47.906],[5.892,47.909],[5.896,47.914],[5.898,47.919],[5.892,47.933],[5.911,47.937],[5.922,47.944],[5.926,47.948],[5.943,47.971],[5.949,47.976],[5.955,47.98],[5.962,47.979],[5.967,47.975],[5.968,47.969],[5.968,47.963],[5.965,47.95],[5.966,47.944],[5.971,47.941],[5.982,47.944],[5.99,47.948],[6.001,47.956],[6.026,47.967],[6.034,47.973],[6.053,47.991],[6.064,48],[6.071,48.004],[6.083,48.007],[6.099,48.009],[6.147,48.002],[6.167,47.992],[6.177,47.984],[6.183,47.977],[6.184,47.97],[6.182,47.958],[6.186,47.953],[6.196,47.948],[6.214,47.944],[6.228,47.937],[6.244,47.932],[6.269,47.932],[6.283,47.935],[6.293,47.939],[6.304,47.946],[6.322,47.95],[6.373,47.953],[6.412,47.942],[6.499,47.905],[6.507,47.903],[6.518,47.901],[6.538,47.9],[6.553,47.901],[6.566,47.904],[6.577,47.908],[6.585,47.913],[6.592,47.92],[6.601,47.932],[6.606,47.937],[6.614,47.941],[6.625,47.94],[6.637,47.935],[6.656,47.921],[6.675,47.903],[6.685,47.896],[6.697,47.89],[6.728,47.881],[6.741,47.876],[6.762,47.862],[6.836,47.824],[6.785,47.78],[6.765,47.753],[6.759,47.723],[6.761,47.714],[6.786,47.655],[6.788,47.644],[6.788,47.612],[6.79,47.604],[6.794,47.597],[6.799,47.591],[6.808,47.583],[6.81,47.58],[6.811,47.576],[6.807,47.563],[6.78,47.543],[6.703,47.558],[6.667,47.55],[6.643,47.536],[6.634,47.533],[6.624,47.533],[6.604,47.538],[6.596,47.538],[6.584,47.529],[6.566,47.5],[6.554,47.49],[6.5,47.51],[6.495,47.508],[6.482,47.497],[6.476,47.495],[6.467,47.5],[6.451,47.512],[6.441,47.517],[6.425,47.518],[6.337,47.507],[6.321,47.501],[6.308,47.492],[6.276,47.44],[6.261,47.429],[6.248,47.427],[6.22,47.432],[6.206,47.431],[6.202,47.429],[6.192,47.422],[6.188,47.419],[6.182,47.405],[6.179,47.401],[6.174,47.397],[6.168,47.395],[6.156,47.392],[6.123,47.394],[6.115,47.389],[6.089,47.365],[6.075,47.355],[5.997,47.336],[5.976,47.336],[5.939,47.344],[5.927,47.343],[5.732,47.264],[5.699,47.265],[5.683,47.271],[5.666,47.271],[5.616,47.26]]]}},{"type":"Feature","id":"FR-71","properties":{"id":"FR-71","countryCode":"FR","isoSubdivision":"FR-71","name":"Saône-et-Loire","name_en":"Saône-et-Loire","name_ko":"손에루아르","type":"Metropolitan department","labelLongitude":4.514,"labelLatitude":46.679,"minZoom":8},"geometry":{"type":"Polygon","coordinates":[[[3.809,46.702],[3.831,46.709],[3.857,46.725],[3.917,46.74],[3.997,46.778],[4.016,46.782],[4.041,46.784],[4.047,46.786],[4.051,46.791],[4.053,46.798],[4.053,46.817],[4.052,46.82],[4.04,46.832],[4.039,46.836],[4.048,46.844],[4.082,46.852],[4.093,46.865],[4.089,46.882],[4.072,46.892],[4.053,46.899],[4.044,46.908],[4.047,46.942],[4.046,46.958],[4.035,46.969],[4.01,46.973],[4,46.977],[3.996,46.989],[4.001,47.001],[4.013,47.006],[4.041,47.008],[4.05,47.012],[4.057,47.018],[4.063,47.026],[4.065,47.036],[4.064,47.046],[4.049,47.074],[4.047,47.085],[4.048,47.095],[4.057,47.114],[4.062,47.119],[4.128,47.125],[4.187,47.151],[4.21,47.155],[4.229,47.152],[4.269,47.119],[4.288,47.112],[4.307,47.109],[4.324,47.103],[4.337,47.087],[4.345,47.072],[4.352,47.065],[4.362,47.065],[4.377,47.07],[4.394,47.073],[4.405,47.067],[4.424,47.044],[4.441,47.034],[4.506,47.018],[4.519,47.018],[4.54,47.021],[4.546,47.02],[4.553,47.016],[4.582,46.966],[4.599,46.953],[4.655,46.941],[4.666,46.926],[4.672,46.91],[4.677,46.905],[4.687,46.903],[4.7,46.904],[4.709,46.907],[4.728,46.92],[4.732,46.922],[4.735,46.923],[4.786,46.925],[4.906,46.962],[4.99,46.969],[5.038,46.981],[5.049,46.981],[5.057,46.978],[5.071,46.964],[5.079,46.961],[5.165,46.964],[5.209,46.982],[5.231,46.987],[5.251,46.981],[5.25,46.981],[5.275,46.944],[5.33,46.903],[5.351,46.893],[5.368,46.887],[5.381,46.886],[5.395,46.883],[5.406,46.878],[5.415,46.87],[5.423,46.865],[5.444,46.861],[5.458,46.856],[5.459,46.851],[5.456,46.845],[5.452,46.839],[5.446,46.832],[5.437,46.828],[5.376,46.822],[5.365,46.82],[5.356,46.816],[5.35,46.81],[5.349,46.801],[5.355,46.795],[5.363,46.79],[5.373,46.785],[5.383,46.778],[5.386,46.771],[5.384,46.765],[5.373,46.753],[5.37,46.745],[5.376,46.738],[5.394,46.727],[5.401,46.715],[5.421,46.662],[5.424,46.644],[5.423,46.632],[5.418,46.625],[5.414,46.619],[5.411,46.612],[5.41,46.603],[5.407,46.597],[5.402,46.591],[5.393,46.587],[5.376,46.581],[5.369,46.576],[5.364,46.569],[5.361,46.56],[5.361,46.547],[5.364,46.537],[5.369,46.529],[5.374,46.525],[5.379,46.522],[5.407,46.513],[5.416,46.508],[5.424,46.499],[5.425,46.491],[5.421,46.484],[5.413,46.479],[5.403,46.475],[5.332,46.463],[5.311,46.455],[5.24,46.469],[5.214,46.48],[5.196,46.495],[5.179,46.505],[5.166,46.509],[5.155,46.511],[5.125,46.509],[5.064,46.493],[5.041,46.491],[5.025,46.493],[4.988,46.506],[4.973,46.509],[4.96,46.51],[4.947,46.507],[4.941,46.504],[4.938,46.502],[4.937,46.501],[4.935,46.491],[4.934,46.487],[4.927,46.477],[4.926,46.473],[4.915,46.455],[4.913,46.451],[4.912,46.447],[4.905,46.413],[4.903,46.404],[4.899,46.396],[4.886,46.376],[4.878,46.367],[4.876,46.363],[4.874,46.36],[4.874,46.356],[4.875,46.349],[4.875,46.345],[4.874,46.341],[4.873,46.338],[4.819,46.257],[4.815,46.251],[4.801,46.203],[4.795,46.192],[4.794,46.188],[4.794,46.182],[4.795,46.179],[4.798,46.172],[4.739,46.177],[4.72,46.189],[4.714,46.203],[4.705,46.218],[4.703,46.225],[4.706,46.239],[4.704,46.247],[4.697,46.252],[4.677,46.261],[4.674,46.267],[4.674,46.273],[4.675,46.28],[4.673,46.288],[4.665,46.292],[4.638,46.299],[4.628,46.297],[4.623,46.293],[4.621,46.286],[4.62,46.279],[4.619,46.273],[4.614,46.267],[4.606,46.263],[4.592,46.262],[4.581,46.266],[4.572,46.273],[4.565,46.28],[4.554,46.289],[4.545,46.289],[4.537,46.286],[4.531,46.28],[4.518,46.276],[4.499,46.275],[4.46,46.282],[4.423,46.294],[4.414,46.293],[4.408,46.29],[4.405,46.284],[4.403,46.278],[4.397,46.254],[4.388,46.233],[4.384,46.225],[4.354,46.197],[4.328,46.182],[4.312,46.177],[4.3,46.174],[4.289,46.173],[4.28,46.173],[4.27,46.174],[4.24,46.182],[4.192,46.19],[4.18,46.189],[4.154,46.182],[4.143,46.181],[4.134,46.182],[4.093,46.191],[4.075,46.194],[4.064,46.193],[4.007,46.177],[3.992,46.176],[3.98,46.178],[3.972,46.182],[3.946,46.197],[3.936,46.201],[3.912,46.206],[3.904,46.209],[3.898,46.213],[3.896,46.219],[3.895,46.225],[3.899,46.249],[3.899,46.251],[3.898,46.253],[3.895,46.263],[3.886,46.276],[3.978,46.312],[3.988,46.319],[4,46.326],[4.001,46.329],[4.001,46.332],[4.001,46.335],[4,46.338],[3.998,46.339],[3.995,46.342],[3.992,46.346],[3.989,46.349],[3.987,46.353],[3.986,46.356],[3.986,46.361],[3.987,46.366],[3.988,46.371],[3.986,46.375],[3.984,46.378],[3.982,46.38],[3.98,46.383],[3.979,46.388],[3.979,46.395],[3.989,46.423],[3.989,46.427],[3.989,46.432],[3.987,46.436],[3.984,46.44],[3.982,46.443],[3.981,46.448],[3.98,46.455],[3.979,46.463],[3.977,46.467],[3.974,46.469],[3.972,46.471],[3.959,46.475],[3.947,46.481],[3.937,46.484],[3.907,46.487],[3.878,46.493],[3.874,46.495],[3.871,46.497],[3.867,46.501],[3.865,46.503],[3.85,46.509],[3.839,46.519],[3.835,46.522],[3.83,46.523],[3.825,46.523],[3.81,46.522],[3.805,46.523],[3.802,46.525],[3.799,46.528],[3.796,46.53],[3.791,46.531],[3.781,46.533],[3.776,46.535],[3.767,46.541],[3.765,46.542],[3.749,46.546],[3.741,46.549],[3.739,46.553],[3.739,46.557],[3.743,46.564],[3.745,46.568],[3.746,46.593],[3.743,46.61],[3.74,46.615],[3.736,46.619],[3.724,46.623],[3.708,46.64],[3.703,46.652],[3.699,46.657],[3.694,46.66],[3.689,46.662],[3.685,46.664],[3.673,46.674],[3.671,46.677],[3.658,46.686],[3.656,46.691],[3.653,46.701],[3.65,46.708],[3.625,46.739],[3.739,46.752],[3.765,46.74],[3.809,46.702]]]}},{"type":"Feature","id":"FR-72","properties":{"id":"FR-72","countryCode":"FR","isoSubdivision":"FR-72","name":"Sarthe","name_en":"Sarthe","name_ko":"사르트","type":"Metropolitan department","labelLongitude":0.171,"labelLatitude":47.968,"minZoom":8},"geometry":{"type":"Polygon","coordinates":[[[-0.42,47.762],[-0.399,47.77],[-0.384,47.781],[-0.382,47.8],[-0.418,47.806],[-0.432,47.812],[-0.444,47.826],[-0.444,47.839],[-0.429,47.848],[-0.396,47.857],[-0.39,47.861],[-0.385,47.866],[-0.383,47.871],[-0.382,47.879],[-0.385,47.886],[-0.394,47.898],[-0.397,47.905],[-0.395,47.917],[-0.387,47.927],[-0.375,47.934],[-0.363,47.938],[-0.315,47.941],[-0.3,47.945],[-0.289,47.956],[-0.29,47.969],[-0.297,47.982],[-0.307,47.993],[-0.334,48.014],[-0.342,48.027],[-0.338,48.04],[-0.333,48.044],[-0.327,48.046],[-0.257,48.057],[-0.24,48.065],[-0.23,48.073],[-0.224,48.084],[-0.222,48.097],[-0.224,48.11],[-0.237,48.134],[-0.237,48.145],[-0.235,48.157],[-0.232,48.164],[-0.225,48.168],[-0.155,48.2],[-0.138,48.229],[-0.153,48.338],[-0.148,48.353],[-0.138,48.364],[-0.124,48.37],[-0.066,48.377],[-0.053,48.381],[0.007,48.385],[0.017,48.385],[0.029,48.383],[0.047,48.379],[0.061,48.38],[0.067,48.384],[0.07,48.397],[0.074,48.402],[0.08,48.405],[0.085,48.407],[0.092,48.408],[0.1,48.408],[0.111,48.411],[0.115,48.413],[0.121,48.417],[0.128,48.423],[0.136,48.433],[0.143,48.44],[0.153,48.445],[0.165,48.448],[0.176,48.451],[0.192,48.46],[0.281,48.474],[0.294,48.474],[0.31,48.472],[0.352,48.459],[0.364,48.454],[0.372,48.449],[0.377,48.44],[0.378,48.432],[0.378,48.425],[0.373,48.398],[0.374,48.37],[0.378,48.356],[0.383,48.346],[0.39,48.333],[0.401,48.324],[0.416,48.316],[0.443,48.305],[0.463,48.303],[0.477,48.305],[0.486,48.307],[0.493,48.305],[0.498,48.296],[0.5,48.289],[0.5,48.283],[0.499,48.274],[0.501,48.271],[0.515,48.266],[0.6,48.25],[0.638,48.249],[0.639,48.25],[0.641,48.251],[0.645,48.253],[0.655,48.253],[0.667,48.248],[0.685,48.233],[0.706,48.21],[0.716,48.202],[0.726,48.195],[0.75,48.184],[0.771,48.181],[0.798,48.186],[0.847,48.161],[0.858,48.159],[0.889,48.158],[0.898,48.156],[0.907,48.153],[0.913,48.147],[0.913,48.141],[0.903,48.134],[0.883,48.129],[0.847,48.112],[0.836,48.107],[0.832,48.103],[0.833,48.094],[0.839,48.09],[0.847,48.086],[0.852,48.081],[0.852,48.076],[0.843,48.071],[0.833,48.07],[0.813,48.069],[0.804,48.068],[0.798,48.063],[0.797,48.054],[0.801,48.047],[0.807,48.04],[0.81,48.034],[0.815,48.029],[0.822,48.028],[0.84,48.027],[0.844,48.022],[0.843,48.011],[0.835,47.99],[0.833,47.979],[0.834,47.968],[0.841,47.955],[0.837,47.946],[0.828,47.936],[0.805,47.921],[0.791,47.915],[0.78,47.907],[0.774,47.897],[0.771,47.888],[0.771,47.879],[0.771,47.872],[0.772,47.865],[0.772,47.857],[0.772,47.849],[0.77,47.842],[0.745,47.788],[0.735,47.779],[0.721,47.771],[0.692,47.758],[0.67,47.75],[0.667,47.75],[0.657,47.748],[0.636,47.739],[0.613,47.723],[0.602,47.701],[0.61,47.689],[0.61,47.688],[0.613,47.681],[0.613,47.676],[0.608,47.671],[0.599,47.668],[0.584,47.667],[0.571,47.665],[0.518,47.646],[0.478,47.64],[0.462,47.633],[0.454,47.627],[0.451,47.622],[0.444,47.619],[0.431,47.621],[0.408,47.631],[0.397,47.631],[0.385,47.624],[0.381,47.617],[0.382,47.61],[0.384,47.604],[0.387,47.592],[0.39,47.586],[0.385,47.581],[0.371,47.58],[0.314,47.592],[0.286,47.595],[0.242,47.603],[0.186,47.616],[0.175,47.589],[0.151,47.588],[0.099,47.606],[0.063,47.61],[-0.044,47.651],[-0.097,47.657],[-0.105,47.655],[-0.12,47.641],[-0.143,47.634],[-0.169,47.639],[-0.193,47.651],[-0.207,47.669],[-0.21,47.68],[-0.21,47.685],[-0.208,47.691],[-0.204,47.695],[-0.188,47.705],[-0.184,47.705],[-0.195,47.719],[-0.205,47.722],[-0.231,47.708],[-0.244,47.706],[-0.42,47.762]]]}},{"type":"Feature","id":"FR-73","properties":{"id":"FR-73","countryCode":"FR","isoSubdivision":"FR-73","name":"Savoie","name_en":"Savoie","name_ko":"사부아","type":"Metropolitan department","labelLongitude":6.471,"labelLatitude":45.483,"minZoom":8},"geometry":{"type":"Polygon","coordinates":[[[7.075,45.466],[7.082,45.459],[7.089,45.447],[7.097,45.435],[7.11,45.428],[7.153,45.415],[7.161,45.411],[7.16,45.398],[7.151,45.383],[7.13,45.357],[7.098,45.33],[7.093,45.324],[7.098,45.295],[7.108,45.275],[7.108,45.259],[7.081,45.243],[7.062,45.219],[7.055,45.214],[7.05,45.215],[7.038,45.226],[7.03,45.228],[6.994,45.221],[6.959,45.21],[6.946,45.201],[6.928,45.18],[6.914,45.17],[6.905,45.169],[6.881,45.168],[6.873,45.166],[6.868,45.157],[6.873,45.152],[6.879,45.147],[6.877,45.141],[6.844,45.13],[6.808,45.139],[6.771,45.153],[6.736,45.157],[6.729,45.155],[6.711,45.145],[6.702,45.141],[6.694,45.14],[6.676,45.141],[6.667,45.14],[6.633,45.126],[6.629,45.124],[6.628,45.123],[6.598,45.121],[6.561,45.105],[6.549,45.103],[6.52,45.104],[6.511,45.101],[6.506,45.095],[6.505,45.088],[6.501,45.08],[6.496,45.071],[6.481,45.058],[6.47,45.054],[6.459,45.054],[6.394,45.07],[6.387,45.076],[6.384,45.082],[6.379,45.096],[6.371,45.102],[6.357,45.108],[6.332,45.112],[6.308,45.111],[6.292,45.113],[6.283,45.115],[6.266,45.125],[6.257,45.143],[6.227,45.151],[6.17,45.152],[6.16,45.155],[6.156,45.162],[6.154,45.193],[6.131,45.261],[6.133,45.28],[6.144,45.298],[6.161,45.311],[6.177,45.319],[6.19,45.33],[6.195,45.352],[6.187,45.378],[6.169,45.4],[6.125,45.435],[6.116,45.438],[6.045,45.444],[5.984,45.483],[5.966,45.488],[5.948,45.49],[5.931,45.486],[5.915,45.476],[5.912,45.463],[5.909,45.411],[5.911,45.394],[5.756,45.439],[5.741,45.451],[5.624,45.613],[5.6,45.656],[5.62,45.644],[5.641,45.646],[5.661,45.657],[5.694,45.687],[5.713,45.7],[5.732,45.71],[5.735,45.71],[5.738,45.71],[5.74,45.711],[5.743,45.711],[5.745,45.712],[5.747,45.713],[5.75,45.714],[5.752,45.715],[5.754,45.716],[5.756,45.718],[5.757,45.719],[5.759,45.721],[5.761,45.722],[5.762,45.724],[5.764,45.726],[5.765,45.728],[5.767,45.73],[5.768,45.732],[5.769,45.735],[5.77,45.737],[5.771,45.739],[5.772,45.742],[5.773,45.744],[5.774,45.746],[5.775,45.749],[5.776,45.752],[5.777,45.754],[5.777,45.757],[5.778,45.759],[5.779,45.762],[5.779,45.765],[5.78,45.767],[5.78,45.77],[5.781,45.773],[5.781,45.775],[5.782,45.778],[5.782,45.78],[5.782,45.783],[5.783,45.786],[5.783,45.788],[5.783,45.79],[5.784,45.793],[5.784,45.795],[5.784,45.797],[5.792,45.811],[5.8,45.832],[5.832,45.898],[5.841,45.933],[5.84,45.939],[5.858,45.935],[5.867,45.923],[5.878,45.851],[5.884,45.835],[5.897,45.823],[5.915,45.818],[5.954,45.814],[5.97,45.805],[5.974,45.795],[5.979,45.775],[5.984,45.765],[5.993,45.758],[6.003,45.752],[6.025,45.745],[6.049,45.742],[6.074,45.743],[6.082,45.747],[6.097,45.756],[6.105,45.76],[6.137,45.759],[6.168,45.748],[6.196,45.73],[6.243,45.687],[6.254,45.684],[6.281,45.684],[6.307,45.691],[6.33,45.704],[6.349,45.723],[6.367,45.765],[6.368,45.771],[6.416,45.797],[6.429,45.81],[6.449,45.851],[6.463,45.867],[6.512,45.907],[6.523,45.908],[6.534,45.907],[6.544,45.902],[6.555,45.895],[6.56,45.89],[6.562,45.885],[6.559,45.868],[6.548,45.856],[6.542,45.844],[6.553,45.826],[6.584,45.804],[6.603,45.797],[6.65,45.793],[6.68,45.78],[6.698,45.758],[6.69,45.728],[6.711,45.728],[6.784,45.765],[6.785,45.76],[6.796,45.718],[6.816,45.697],[6.843,45.683],[6.869,45.679],[6.883,45.676],[6.905,45.66],[6.919,45.653],[6.951,45.647],[6.963,45.641],[6.969,45.626],[6.967,45.62],[6.956,45.603],[6.953,45.594],[6.955,45.586],[6.966,45.574],[6.97,45.567],[6.975,45.526],[6.983,45.511],[7.028,45.493],[7.072,45.47],[7.075,45.466]]]}},{"type":"Feature","id":"FR-74","properties":{"id":"FR-74","countryCode":"FR","isoSubdivision":"FR-74","name":"Haute-Savoie","name_en":"Haute-Savoie","name_ko":"오트사부아","type":"Metropolitan department","labelLongitude":6.518,"labelLatitude":46.05,"minZoom":8},"geometry":{"type":"Polygon","coordinates":[[[7.022,45.925],[7.008,45.921],[6.997,45.911],[6.989,45.899],[6.983,45.886],[6.969,45.87],[6.949,45.858],[6.926,45.85],[6.905,45.845],[6.88,45.846],[6.873,45.845],[6.873,45.84],[6.872,45.833],[6.871,45.828],[6.864,45.827],[6.859,45.833],[6.852,45.836],[6.843,45.839],[6.816,45.833],[6.801,45.826],[6.788,45.812],[6.783,45.795],[6.782,45.777],[6.784,45.765],[6.711,45.728],[6.69,45.728],[6.698,45.758],[6.68,45.78],[6.65,45.793],[6.603,45.797],[6.584,45.804],[6.553,45.826],[6.542,45.844],[6.548,45.856],[6.559,45.868],[6.562,45.885],[6.56,45.89],[6.555,45.895],[6.544,45.902],[6.534,45.907],[6.523,45.908],[6.512,45.907],[6.463,45.867],[6.449,45.851],[6.429,45.81],[6.416,45.797],[6.368,45.771],[6.367,45.765],[6.349,45.723],[6.33,45.704],[6.307,45.691],[6.281,45.684],[6.254,45.684],[6.243,45.687],[6.196,45.73],[6.168,45.748],[6.137,45.759],[6.105,45.76],[6.097,45.756],[6.082,45.747],[6.074,45.743],[6.049,45.742],[6.025,45.745],[6.003,45.752],[5.993,45.758],[5.984,45.765],[5.979,45.775],[5.974,45.795],[5.97,45.805],[5.954,45.814],[5.915,45.818],[5.897,45.823],[5.884,45.835],[5.878,45.851],[5.867,45.923],[5.858,45.935],[5.84,45.939],[5.839,45.971],[5.824,46.05],[5.825,46.095],[5.846,46.111],[5.857,46.105],[5.864,46.097],[5.872,46.093],[5.886,46.099],[5.893,46.106],[5.906,46.123],[5.914,46.128],[5.923,46.13],[5.945,46.127],[5.955,46.128],[5.959,46.13],[5.983,46.14],[6.028,46.148],[6.074,46.149],[6.108,46.139],[6.14,46.15],[6.191,46.192],[6.255,46.221],[6.281,46.24],[6.276,46.263],[6.269,46.265],[6.252,46.26],[6.242,46.264],[6.238,46.268],[6.228,46.284],[6.227,46.288],[6.218,46.305],[6.217,46.31],[6.214,46.315],[6.219,46.329],[6.241,46.349],[6.269,46.375],[6.302,46.394],[6.332,46.401],[6.365,46.402],[6.398,46.408],[6.483,46.449],[6.547,46.457],[6.614,46.456],[6.763,46.429],[6.778,46.424],[6.787,46.414],[6.788,46.405],[6.789,46.395],[6.782,46.378],[6.756,46.357],[6.75,46.346],[6.769,46.323],[6.805,46.297],[6.828,46.269],[6.792,46.222],[6.775,46.186],[6.766,46.152],[6.774,46.135],[6.854,46.123],[6.869,46.112],[6.868,46.105],[6.861,46.097],[6.853,46.09],[6.849,46.085],[6.851,46.086],[6.853,46.076],[6.853,46.066],[6.852,46.065],[6.852,46.057],[6.85,46.053],[6.851,46.05],[6.86,46.045],[6.869,46.044],[6.877,46.048],[6.884,46.053],[6.892,46.056],[6.915,46.049],[6.983,45.995],[6.988,45.993],[6.991,45.982],[7.003,45.962],[7.01,45.943],[7.015,45.933],[7.022,45.925]]]}},{"type":"Feature","id":"FR-75","properties":{"id":"FR-75","countryCode":"FR","isoSubdivision":"FR-75","name":"Paris","name_en":"Paris","name_ko":"파리","type":"Metropolitan department","labelLongitude":2.343,"labelLatitude":48.859,"minZoom":8},"geometry":{"type":"Polygon","coordinates":[[[2.235,48.834],[2.227,48.853],[2.233,48.869],[2.248,48.886],[2.267,48.901],[2.377,48.901],[2.392,48.897],[2.414,48.877],[2.429,48.869],[2.473,48.859],[2.465,48.835],[2.457,48.821],[2.443,48.816],[2.332,48.817],[2.255,48.838],[2.235,48.834]]]}},{"type":"Feature","id":"FR-76","properties":{"id":"FR-76","countryCode":"FR","isoSubdivision":"FR-76","name":"Seine-Maritime","name_en":"Seine-Maritime","name_ko":"센마리팀","type":"Metropolitan department","labelLongitude":1.151,"labelLatitude":49.594,"minZoom":8},"geometry":{"type":"Polygon","coordinates":[[[0.493,49.494],[0.422,49.464],[0.34,49.457],[0.257,49.464],[0.185,49.48],[0.165,49.48],[0.147,49.481],[0.124,49.486],[0.104,49.494],[0.096,49.503],[0.093,49.509],[0.079,49.516],[0.075,49.524],[0.077,49.535],[0.08,49.542],[0.131,49.604],[0.171,49.692],[0.186,49.703],[0.236,49.729],[0.247,49.729],[0.257,49.736],[0.387,49.775],[0.398,49.784],[0.523,49.833],[0.557,49.84],[0.597,49.857],[0.675,49.876],[0.761,49.875],[1.173,49.961],[1.197,49.974],[1.221,49.979],[1.261,50.008],[1.373,50.066],[1.516,50.001],[1.681,49.888],[1.695,49.874],[1.71,49.835],[1.72,49.82],[1.741,49.798],[1.75,49.784],[1.753,49.777],[1.755,49.766],[1.746,49.759],[1.728,49.753],[1.719,49.745],[1.685,49.71],[1.679,49.697],[1.681,49.689],[1.69,49.688],[1.7,49.69],[1.71,49.693],[1.721,49.694],[1.729,49.694],[1.735,49.685],[1.73,49.677],[1.719,49.664],[1.708,49.658],[1.688,49.651],[1.681,49.645],[1.684,49.64],[1.689,49.634],[1.694,49.627],[1.693,49.608],[1.697,49.577],[1.702,49.567],[1.705,49.555],[1.709,49.521],[1.713,49.51],[1.72,49.503],[1.726,49.503],[1.733,49.504],[1.742,49.508],[1.752,49.509],[1.762,49.508],[1.769,49.499],[1.768,49.49],[1.762,49.478],[1.753,49.473],[1.747,49.471],[1.744,49.471],[1.741,49.469],[1.737,49.465],[1.731,49.451],[1.721,49.436],[1.717,49.424],[1.718,49.411],[1.677,49.399],[1.539,49.44],[1.392,49.454],[1.35,49.442],[1.323,49.418],[1.279,49.355],[1.267,49.348],[1.194,49.352],[1.171,49.346],[1.151,49.336],[1.137,49.318],[1.127,49.313],[1.063,49.301],[1.046,49.292],[1.037,49.278],[1.044,49.262],[1.022,49.256],[1.003,49.258],[0.986,49.266],[0.968,49.28],[0.939,49.294],[0.904,49.302],[0.874,49.315],[0.859,49.345],[0.92,49.339],[0.919,49.361],[0.907,49.371],[0.867,49.385],[0.819,49.416],[0.805,49.42],[0.71,49.403],[0.664,49.408],[0.634,49.445],[0.616,49.44],[0.592,49.438],[0.573,49.444],[0.54,49.473],[0.52,49.486],[0.508,49.492],[0.502,49.494],[0.493,49.494]]]}},{"type":"Feature","id":"FR-77","properties":{"id":"FR-77","countryCode":"FR","isoSubdivision":"FR-77","name":"Seine-et-Marne","name_en":"Seine-et-Marne","name_ko":"센에마른","type":"Metropolitan department","labelLongitude":2.842,"labelLatitude":48.552,"minZoom":8},"geometry":{"type":"Polygon","coordinates":[[[2.391,48.314],[2.391,48.324],[2.393,48.328],[2.486,48.397],[2.516,48.41],[2.526,48.421],[2.505,48.433],[2.503,48.441],[2.501,48.476],[2.496,48.494],[2.496,48.517],[2.515,48.558],[2.521,48.58],[2.524,48.63],[2.538,48.646],[2.56,48.66],[2.576,48.673],[2.572,48.692],[2.571,48.705],[2.577,48.713],[2.586,48.72],[2.594,48.73],[2.599,48.748],[2.592,48.807],[2.589,48.824],[2.571,48.858],[2.573,48.874],[2.588,48.902],[2.592,48.919],[2.592,48.934],[2.57,48.971],[2.573,48.981],[2.579,48.991],[2.574,49.001],[2.564,49.007],[2.553,49.01],[2.566,49.03],[2.572,49.068],[2.583,49.085],[2.626,49.098],[2.651,49.094],[2.669,49.081],[2.681,49.076],[2.691,49.076],[2.712,49.082],[2.721,49.08],[2.73,49.073],[2.735,49.071],[2.746,49.068],[2.756,49.068],[2.763,49.07],[2.769,49.074],[2.774,49.08],[2.785,49.085],[2.795,49.087],[2.804,49.086],[2.859,49.075],[2.938,49.085],[2.954,49.089],[2.964,49.086],[2.979,49.078],[2.987,49.079],[3.002,49.088],[3.016,49.092],[3.03,49.093],[3.045,49.092],[3.056,49.095],[3.08,49.106],[3.141,49.093],[3.149,49.087],[3.159,49.078],[3.174,49.056],[3.176,49.046],[3.172,49.036],[3.168,49.03],[3.166,49.024],[3.166,49.019],[3.169,49.01],[3.176,49.004],[3.32,48.92],[3.332,48.917],[3.348,48.924],[3.356,48.925],[3.363,48.92],[3.367,48.915],[3.371,48.899],[3.373,48.887],[3.375,48.88],[3.383,48.871],[3.419,48.853],[3.435,48.848],[3.45,48.847],[3.478,48.85],[3.475,48.829],[3.472,48.823],[3.464,48.817],[3.455,48.815],[3.421,48.816],[3.409,48.813],[3.406,48.809],[3.411,48.804],[3.425,48.796],[3.426,48.79],[3.418,48.785],[3.406,48.778],[3.399,48.77],[3.395,48.76],[3.396,48.754],[3.397,48.751],[3.399,48.75],[3.404,48.75],[3.416,48.751],[3.42,48.75],[3.423,48.749],[3.426,48.746],[3.431,48.739],[3.438,48.734],[3.446,48.73],[3.451,48.724],[3.454,48.718],[3.455,48.712],[3.462,48.696],[3.463,48.686],[3.455,48.662],[3.456,48.65],[3.459,48.642],[3.467,48.639],[3.477,48.639],[3.495,48.644],[3.501,48.644],[3.508,48.642],[3.515,48.633],[3.538,48.613],[3.494,48.588],[3.476,48.57],[3.469,48.552],[3.461,48.54],[3.451,48.533],[3.439,48.531],[3.427,48.53],[3.411,48.528],[3.406,48.525],[3.404,48.519],[3.409,48.513],[3.42,48.502],[3.421,48.498],[3.418,48.493],[3.397,48.481],[3.391,48.474],[3.389,48.468],[3.4,48.453],[3.401,48.45],[3.4,48.445],[3.395,48.433],[3.392,48.421],[3.395,48.412],[3.37,48.393],[3.355,48.374],[3.346,48.371],[3.337,48.372],[3.317,48.377],[3.308,48.378],[3.206,48.366],[3.191,48.367],[3.18,48.37],[3.131,48.372],[3.12,48.371],[3.112,48.369],[3.106,48.367],[3.099,48.362],[3.092,48.361],[3.042,48.362],[3.036,48.358],[3.032,48.354],[3.029,48.347],[3.027,48.338],[3.024,48.332],[3.019,48.327],[3.015,48.321],[3.013,48.314],[3.012,48.308],[3.012,48.301],[3.013,48.294],[3.016,48.287],[3.021,48.281],[3.027,48.275],[3.03,48.268],[3.028,48.262],[3.024,48.257],[3.017,48.251],[3.016,48.249],[3.008,48.236],[3.002,48.229],[2.99,48.221],[2.959,48.211],[2.947,48.205],[2.941,48.2],[2.937,48.194],[2.933,48.182],[2.93,48.17],[2.926,48.156],[2.825,48.131],[2.811,48.131],[2.795,48.133],[2.795,48.139],[2.799,48.146],[2.803,48.151],[2.801,48.157],[2.788,48.16],[2.761,48.158],[2.746,48.154],[2.736,48.148],[2.728,48.141],[2.719,48.134],[2.698,48.125],[2.685,48.123],[2.548,48.13],[2.532,48.129],[2.496,48.122],[2.482,48.122],[2.467,48.124],[2.457,48.129],[2.451,48.134],[2.449,48.14],[2.451,48.147],[2.456,48.152],[2.464,48.156],[2.473,48.157],[2.498,48.153],[2.502,48.154],[2.507,48.157],[2.509,48.163],[2.506,48.168],[2.501,48.176],[2.5,48.178],[2.5,48.181],[2.511,48.193],[2.513,48.2],[2.514,48.207],[2.506,48.215],[2.493,48.225],[2.437,48.25],[2.436,48.251],[2.434,48.255],[2.42,48.292],[2.414,48.301],[2.399,48.315],[2.391,48.314]]]}},{"type":"Feature","id":"FR-78","properties":{"id":"FR-78","countryCode":"FR","isoSubdivision":"FR-78","name":"Yvelines","name_en":"Yvelines","name_ko":"이블린","type":"Metropolitan department","labelLongitude":1.901,"labelLatitude":48.819,"minZoom":8},"geometry":{"type":"Polygon","coordinates":[[[1.62,49.083],[1.653,49.078],[1.675,49.076],[1.699,49.069],[1.697,49.065],[1.705,49.047],[1.724,49.047],[1.782,49.069],[1.803,49.073],[1.823,49.073],[1.841,49.068],[1.851,49.062],[1.855,49.056],[1.867,49.018],[1.881,48.998],[1.941,49.014],[1.96,49.014],[1.978,49.01],[1.99,49.001],[2.008,48.979],[2,48.96],[2.008,48.947],[2.024,48.943],[2.042,48.952],[2.061,48.983],[2.073,48.995],[2.093,49],[2.145,48.997],[2.167,48.99],[2.173,48.989],[2.177,48.985],[2.179,48.976],[2.177,48.968],[2.172,48.96],[2.167,48.954],[2.136,48.939],[2.122,48.911],[2.125,48.886],[2.152,48.883],[2.153,48.842],[2.166,48.818],[2.227,48.776],[2.209,48.776],[2.124,48.756],[2.115,48.749],[2.107,48.736],[2.099,48.708],[2.09,48.698],[2.079,48.694],[2.057,48.692],[2.046,48.687],[2.031,48.67],[2.028,48.653],[2.037,48.614],[2.036,48.597],[2.029,48.579],[2.017,48.564],[2.002,48.558],[1.966,48.559],[1.956,48.557],[1.949,48.549],[1.92,48.461],[1.919,48.444],[1.911,48.449],[1.875,48.444],[1.85,48.45],[1.801,48.468],[1.785,48.477],[1.774,48.486],[1.765,48.5],[1.764,48.501],[1.763,48.508],[1.765,48.523],[1.765,48.529],[1.764,48.536],[1.762,48.544],[1.758,48.552],[1.748,48.562],[1.736,48.568],[1.718,48.575],[1.709,48.582],[1.705,48.589],[1.703,48.603],[1.698,48.612],[1.685,48.619],[1.635,48.643],[1.62,48.653],[1.611,48.664],[1.603,48.681],[1.595,48.687],[1.579,48.693],[1.576,48.698],[1.575,48.704],[1.578,48.711],[1.584,48.717],[1.599,48.73],[1.604,48.737],[1.606,48.745],[1.606,48.749],[1.605,48.751],[1.577,48.762],[1.571,48.768],[1.568,48.773],[1.566,48.783],[1.566,48.787],[1.567,48.793],[1.568,48.799],[1.573,48.814],[1.575,48.823],[1.575,48.832],[1.57,48.845],[1.562,48.854],[1.547,48.868],[1.493,48.94],[1.488,48.952],[1.487,48.958],[1.488,48.966],[1.488,48.973],[1.483,48.977],[1.474,48.978],[1.464,48.979],[1.456,48.981],[1.452,48.986],[1.451,48.992],[1.452,48.997],[1.455,49.006],[1.456,49.009],[1.455,49.015],[1.453,49.022],[1.443,49.036],[1.445,49.043],[1.454,49.049],[1.581,49.069],[1.62,49.083]]]}},{"type":"Feature","id":"FR-79","properties":{"id":"FR-79","countryCode":"FR","isoSubdivision":"FR-79","name":"Deux-Sèvres","name_en":"Deux-Sèvres","name_ko":"되세브르","type":"Metropolitan department","labelLongitude":-0.301,"labelLatitude":46.568,"minZoom":8},"geometry":{"type":"Polygon","coordinates":[[[-0.592,46.139],[-0.615,46.143],[-0.637,46.154],[-0.723,46.231],[-0.751,46.245],[-0.742,46.258],[-0.741,46.272],[-0.747,46.286],[-0.757,46.301],[-0.745,46.304],[-0.729,46.309],[-0.722,46.314],[-0.695,46.324],[-0.685,46.325],[-0.656,46.325],[-0.65,46.326],[-0.642,46.329],[-0.612,46.352],[-0.603,46.355],[-0.594,46.356],[-0.586,46.355],[-0.578,46.354],[-0.573,46.355],[-0.565,46.357],[-0.558,46.362],[-0.555,46.37],[-0.558,46.377],[-0.569,46.387],[-0.603,46.406],[-0.611,46.407],[-0.617,46.404],[-0.624,46.403],[-0.63,46.409],[-0.634,46.423],[-0.632,46.433],[-0.625,46.448],[-0.624,46.455],[-0.624,46.461],[-0.64,46.515],[-0.637,46.525],[-0.631,46.531],[-0.623,46.536],[-0.618,46.541],[-0.616,46.548],[-0.617,46.557],[-0.625,46.586],[-0.627,46.607],[-0.629,46.614],[-0.635,46.622],[-0.648,46.632],[-0.653,46.643],[-0.655,46.651],[-0.655,46.658],[-0.655,46.665],[-0.658,46.673],[-0.662,46.683],[-0.689,46.721],[-0.716,46.751],[-0.725,46.768],[-0.726,46.779],[-0.716,46.792],[-0.713,46.797],[-0.712,46.802],[-0.716,46.808],[-0.724,46.816],[-0.746,46.83],[-0.803,46.855],[-0.812,46.863],[-0.821,46.873],[-0.828,46.89],[-0.83,46.91],[-0.834,46.919],[-0.846,46.932],[-0.873,46.942],[-0.883,46.953],[-0.896,46.971],[-0.909,46.982],[-0.946,47],[-0.943,47.007],[-0.943,47.009],[-0.941,47.013],[-0.935,47.017],[-0.92,47.014],[-0.909,47.012],[-0.87,46.994],[-0.861,46.991],[-0.851,46.99],[-0.838,46.99],[-0.78,46.997],[-0.752,46.991],[-0.696,46.988],[-0.632,46.992],[-0.614,46.997],[-0.609,46.999],[-0.592,47.01],[-0.549,47.025],[-0.544,47.03],[-0.545,47.036],[-0.556,47.048],[-0.558,47.055],[-0.555,47.061],[-0.547,47.067],[-0.538,47.07],[-0.518,47.075],[-0.507,47.076],[-0.496,47.075],[-0.473,47.066],[-0.459,47.068],[-0.403,47.08],[-0.376,47.088],[-0.27,47.097],[-0.212,47.096],[-0.192,47.1],[-0.181,47.101],[-0.171,47.098],[-0.159,47.091],[-0.154,47.082],[-0.152,47.074],[-0.148,47.068],[-0.143,47.063],[-0.118,47.057],[-0.109,47.07],[-0.087,47.033],[-0.082,47.005],[-0.076,46.997],[-0.069,46.993],[-0.053,46.991],[-0.046,46.987],[-0.04,46.979],[-0.04,46.972],[-0.042,46.964],[-0.041,46.955],[-0.013,46.889],[0.002,46.871],[0.023,46.859],[0.028,46.85],[0.025,46.836],[0.014,46.828],[-0.003,46.829],[-0.016,46.828],[-0.019,46.812],[-0.018,46.785],[-0.016,46.772],[-0.008,46.762],[0.007,46.752],[0.012,46.745],[0.014,46.736],[0.012,46.725],[0.002,46.703],[-0.016,46.682],[-0.025,46.667],[-0.029,46.65],[-0.027,46.633],[-0.023,46.627],[-0.017,46.621],[-0.01,46.617],[0.014,46.612],[0.019,46.606],[0.02,46.597],[0.017,46.588],[-0.008,46.539],[-0.03,46.519],[-0.034,46.511],[-0.036,46.498],[-0.036,46.491],[-0.034,46.485],[-0.03,46.479],[-0.019,46.472],[-0.015,46.467],[-0.011,46.449],[-0.015,46.412],[-0.004,46.396],[0.016,46.385],[0.02,46.379],[0.022,46.372],[0.02,46.352],[0.027,46.336],[0.045,46.318],[0.066,46.307],[0.083,46.311],[0.096,46.326],[0.112,46.338],[0.13,46.345],[0.15,46.345],[0.171,46.331],[0.176,46.309],[0.17,46.285],[0.156,46.265],[0.12,46.231],[0.112,46.217],[0.107,46.203],[0.107,46.195],[0.109,46.189],[0.118,46.181],[0.13,46.175],[0.186,46.158],[0.199,46.151],[0.205,46.137],[0.202,46.126],[0.197,46.117],[0.194,46.106],[0.197,46.096],[0.178,46.087],[0.165,46.091],[0.153,46.099],[0.136,46.104],[0.089,46.099],[0.036,46.08],[-0.011,46.052],[-0.04,46.015],[-0.05,45.996],[-0.063,45.983],[-0.08,45.974],[-0.103,45.97],[-0.124,45.976],[-0.178,46.023],[-0.26,46.065],[-0.304,46.076],[-0.371,46.078],[-0.422,46.105],[-0.444,46.107],[-0.49,46.103],[-0.51,46.115],[-0.53,46.132],[-0.55,46.14],[-0.592,46.139]]]}},{"type":"Feature","id":"FR-80","properties":{"id":"FR-80","countryCode":"FR","isoSubdivision":"FR-80","name":"Somme","name_en":"Somme","name_ko":"솜","type":"Metropolitan department","labelLongitude":2.36,"labelLatitude":49.876,"minZoom":8},"geometry":{"type":"Polygon","coordinates":[[[1.373,50.066],[1.391,50.075],[1.444,50.117],[1.456,50.124],[1.465,50.132],[1.487,50.185],[1.521,50.215],[1.555,50.218],[1.654,50.187],[1.664,50.187],[1.673,50.193],[1.673,50.199],[1.662,50.199],[1.655,50.201],[1.65,50.205],[1.645,50.212],[1.665,50.212],[1.665,50.22],[1.646,50.22],[1.625,50.224],[1.61,50.232],[1.604,50.243],[1.594,50.256],[1.551,50.27],[1.542,50.278],[1.543,50.31],[1.552,50.349],[1.572,50.376],[1.595,50.373],[1.604,50.369],[1.631,50.348],[1.64,50.343],[1.654,50.339],[1.668,50.338],[1.681,50.339],[1.742,50.354],[1.783,50.357],[1.804,50.357],[1.82,50.355],[1.838,50.345],[1.846,50.34],[1.86,50.327],[1.87,50.32],[1.887,50.314],[1.899,50.314],[1.907,50.318],[1.913,50.323],[1.922,50.328],[1.939,50.329],[1.948,50.325],[1.952,50.32],[1.948,50.314],[1.94,50.308],[1.935,50.302],[1.936,50.296],[2.028,50.264],[2.046,50.256],[2.057,50.249],[2.058,50.242],[2.058,50.235],[2.062,50.227],[2.069,50.219],[2.085,50.208],[2.098,50.204],[2.113,50.203],[2.174,50.205],[2.2,50.21],[2.213,50.21],[2.229,50.209],[2.24,50.21],[2.266,50.217],[2.289,50.218],[2.302,50.22],[2.31,50.224],[2.313,50.233],[2.316,50.237],[2.325,50.24],[2.333,50.238],[2.34,50.232],[2.346,50.224],[2.355,50.217],[2.364,50.214],[2.372,50.217],[2.384,50.226],[2.396,50.228],[2.41,50.225],[2.456,50.209],[2.467,50.201],[2.468,50.194],[2.46,50.189],[2.448,50.183],[2.415,50.171],[2.394,50.159],[2.381,50.149],[2.377,50.142],[2.375,50.136],[2.374,50.129],[2.374,50.123],[2.377,50.117],[2.38,50.11],[2.386,50.103],[2.396,50.096],[2.406,50.094],[2.415,50.096],[2.42,50.101],[2.428,50.113],[2.433,50.119],[2.442,50.125],[2.458,50.128],[2.481,50.128],[2.504,50.123],[2.519,50.123],[2.529,50.127],[2.538,50.132],[2.55,50.134],[2.567,50.134],[2.574,50.129],[2.574,50.124],[2.57,50.118],[2.568,50.112],[2.573,50.106],[2.585,50.103],[2.629,50.098],[2.65,50.092],[2.665,50.086],[2.677,50.08],[2.683,50.078],[2.691,50.078],[2.697,50.081],[2.699,50.084],[2.698,50.089],[2.696,50.094],[2.696,50.107],[2.697,50.114],[2.699,50.121],[2.703,50.126],[2.711,50.129],[2.72,50.126],[2.728,50.121],[2.743,50.109],[2.753,50.098],[2.763,50.085],[2.765,50.078],[2.764,50.072],[2.76,50.066],[2.746,50.054],[2.743,50.048],[2.747,50.04],[2.756,50.038],[2.766,50.038],[2.787,50.047],[2.823,50.068],[2.832,50.071],[2.84,50.069],[2.845,50.064],[2.849,50.057],[2.851,50.051],[2.851,50.044],[2.85,50.036],[2.849,50.029],[2.852,50.021],[2.86,50.018],[2.868,50.019],[2.889,50.03],[2.906,50.034],[2.945,50.035],[2.965,50.038],[2.971,50.042],[2.975,50.048],[2.976,50.053],[2.974,50.068],[2.979,50.073],[2.99,50.077],[3.011,50.077],[3.023,50.075],[3.032,50.073],[3.088,50.05],[3.094,50.048],[3.157,50.019],[3.187,49.986],[3.193,49.976],[3.188,49.969],[3.153,49.941],[3.118,49.883],[3.106,49.875],[3.094,49.869],[3.084,49.861],[3.081,49.846],[3.085,49.825],[3.085,49.814],[3.081,49.805],[3.064,49.795],[3.057,49.788],[3.057,49.778],[3.075,49.771],[3.095,49.769],[3.1,49.766],[3.105,49.754],[3.11,49.721],[3.119,49.706],[3.052,49.714],[3.053,49.695],[3.043,49.686],[3.027,49.686],[2.997,49.701],[2.983,49.703],[2.969,49.7],[2.955,49.695],[2.936,49.693],[2.902,49.709],[2.885,49.709],[2.873,49.7],[2.855,49.674],[2.843,49.665],[2.816,49.661],[2.804,49.657],[2.797,49.647],[2.797,49.639],[2.799,49.63],[2.798,49.622],[2.792,49.616],[2.78,49.614],[2.739,49.625],[2.713,49.625],[2.699,49.622],[2.669,49.6],[2.664,49.593],[2.659,49.585],[2.653,49.578],[2.645,49.575],[2.634,49.58],[2.628,49.602],[2.621,49.61],[2.61,49.612],[2.588,49.602],[2.576,49.6],[2.56,49.605],[2.521,49.63],[2.51,49.631],[2.488,49.626],[2.477,49.627],[2.467,49.631],[2.438,49.653],[2.358,49.664],[2.307,49.689],[2.239,49.698],[2.066,49.684],[1.972,49.715],[1.856,49.701],[1.847,49.706],[1.842,49.73],[1.837,49.74],[1.821,49.748],[1.755,49.766],[1.753,49.777],[1.75,49.784],[1.741,49.798],[1.72,49.82],[1.71,49.835],[1.695,49.874],[1.681,49.888],[1.516,50.001],[1.373,50.066]]]}},{"type":"Feature","id":"FR-81","properties":{"id":"FR-81","countryCode":"FR","isoSubdivision":"FR-81","name":"Tarn","name_en":"Tarn","name_ko":"타른","type":"Metropolitan department","labelLongitude":2.137,"labelLatitude":43.802,"minZoom":8},"geometry":{"type":"Polygon","coordinates":[[[1.968,44.162],[1.977,44.171],[1.99,44.149],[2.02,44.155],[2.11,44.193],[2.134,44.195],[2.155,44.191],[2.204,44.167],[2.221,44.152],[2.234,44.144],[2.275,44.142],[2.283,44.139],[2.302,44.123],[2.346,44.115],[2.381,44.1],[2.395,44.088],[2.409,44.06],[2.41,44.056],[2.428,44.05],[2.46,44.047],[2.476,44.034],[2.522,43.981],[2.514,43.964],[2.515,43.951],[2.523,43.94],[2.538,43.93],[2.551,43.917],[2.566,43.866],[2.586,43.83],[2.614,43.798],[2.672,43.753],[2.707,43.736],[2.741,43.729],[2.772,43.735],[2.817,43.755],[2.904,43.737],[2.923,43.723],[2.934,43.694],[2.917,43.683],[2.903,43.664],[2.895,43.657],[2.886,43.653],[2.776,43.618],[2.761,43.617],[2.752,43.619],[2.709,43.636],[2.7,43.638],[2.688,43.639],[2.674,43.64],[2.651,43.638],[2.641,43.633],[2.637,43.627],[2.636,43.621],[2.634,43.615],[2.625,43.604],[2.622,43.598],[2.623,43.585],[2.621,43.572],[2.621,43.565],[2.624,43.558],[2.629,43.552],[2.636,43.546],[2.651,43.536],[2.657,43.53],[2.661,43.522],[2.653,43.504],[2.651,43.501],[2.651,43.5],[2.65,43.499],[2.65,43.496],[2.65,43.49],[2.652,43.485],[2.656,43.479],[2.659,43.476],[2.661,43.473],[2.662,43.469],[2.657,43.461],[2.63,43.442],[2.606,43.431],[2.586,43.425],[2.579,43.424],[2.568,43.423],[2.462,43.43],[2.367,43.425],[2.282,43.437],[2.261,43.442],[2.25,43.442],[2.24,43.438],[2.234,43.433],[2.229,43.427],[2.227,43.421],[2.227,43.415],[2.232,43.403],[2.231,43.396],[2.227,43.39],[2.217,43.384],[2.208,43.383],[2.2,43.385],[2.182,43.396],[2.167,43.401],[2.153,43.4],[2.116,43.393],[2.102,43.392],[2.09,43.392],[2.081,43.393],[2.072,43.395],[2.063,43.399],[2.032,43.423],[2.025,43.439],[2.027,43.455],[2.034,43.468],[2.047,43.477],[2.053,43.486],[2.044,43.498],[2.027,43.508],[2.011,43.511],[2.001,43.507],[1.983,43.486],[1.965,43.479],[1.95,43.482],[1.923,43.501],[1.891,43.516],[1.882,43.523],[1.839,43.568],[1.821,43.579],[1.79,43.586],[1.688,43.631],[1.695,43.642],[1.704,43.65],[1.716,43.655],[1.729,43.657],[1.726,43.673],[1.718,43.683],[1.694,43.699],[1.681,43.71],[1.646,43.782],[1.644,43.792],[1.612,43.801],[1.58,43.814],[1.58,43.839],[1.549,43.884],[1.556,43.918],[1.555,43.928],[1.548,43.95],[1.552,43.959],[1.563,43.964],[1.607,43.962],[1.617,43.966],[1.641,43.992],[1.681,44.015],[1.698,44.031],[1.699,44.052],[1.686,44.066],[1.665,44.081],[1.652,44.097],[1.659,44.117],[1.686,44.125],[1.778,44.097],[1.787,44.102],[1.802,44.122],[1.812,44.128],[1.854,44.147],[1.873,44.145],[1.899,44.146],[1.926,44.164],[1.968,44.162]]]}},{"type":"Feature","id":"FR-82","properties":{"id":"FR-82","countryCode":"FR","isoSubdivision":"FR-82","name":"Tarn-et-Garonne","name_en":"Tarn-et-Garonne","name_ko":"타른에가론","type":"Metropolitan department","labelLongitude":1.233,"labelLatitude":44.066,"minZoom":8},"geometry":{"type":"Polygon","coordinates":[[[1.977,44.171],[1.968,44.162],[1.926,44.164],[1.899,44.146],[1.873,44.145],[1.854,44.147],[1.812,44.128],[1.802,44.122],[1.787,44.102],[1.778,44.097],[1.686,44.125],[1.659,44.117],[1.652,44.097],[1.665,44.081],[1.686,44.066],[1.699,44.052],[1.698,44.031],[1.681,44.015],[1.641,43.992],[1.617,43.966],[1.607,43.962],[1.563,43.964],[1.552,43.959],[1.548,43.95],[1.555,43.928],[1.556,43.918],[1.544,43.914],[1.522,43.902],[1.511,43.899],[1.504,43.901],[1.491,43.906],[1.484,43.907],[1.474,43.904],[1.453,43.883],[1.44,43.879],[1.427,43.879],[1.402,43.884],[1.374,43.884],[1.3,43.851],[1.32,43.838],[1.347,43.83],[1.358,43.821],[1.246,43.774],[1.222,43.774],[1.2,43.787],[1.183,43.803],[1.165,43.816],[1.137,43.815],[1.104,43.805],[1.052,43.806],[0.954,43.787],[0.897,43.788],[0.906,43.805],[0.908,43.816],[0.896,43.852],[0.891,43.891],[0.885,43.907],[0.874,43.92],[0.858,43.921],[0.834,43.919],[0.802,43.923],[0.773,43.931],[0.76,43.945],[0.774,43.95],[0.786,43.958],[0.839,44.008],[0.848,44.024],[0.848,44.04],[0.838,44.05],[0.819,44.053],[0.772,44.035],[0.764,44.03],[0.762,44.042],[0.757,44.052],[0.751,44.06],[0.742,44.067],[0.744,44.078],[0.746,44.084],[0.753,44.098],[0.758,44.105],[0.766,44.111],[0.787,44.118],[0.795,44.123],[0.799,44.13],[0.801,44.136],[0.804,44.142],[0.808,44.145],[0.819,44.149],[0.829,44.149],[0.838,44.147],[0.855,44.142],[0.864,44.14],[0.873,44.14],[0.882,44.141],[0.889,44.144],[0.894,44.15],[0.895,44.158],[0.891,44.164],[0.884,44.169],[0.876,44.172],[0.871,44.176],[0.872,44.181],[0.895,44.193],[0.906,44.201],[0.943,44.26],[0.946,44.266],[0.947,44.273],[0.945,44.279],[0.938,44.284],[0.931,44.287],[0.905,44.293],[0.898,44.296],[0.894,44.301],[0.887,44.313],[0.887,44.319],[0.897,44.334],[0.9,44.341],[0.901,44.347],[0.901,44.354],[0.9,44.36],[0.901,44.367],[0.904,44.373],[0.911,44.378],[0.92,44.379],[0.93,44.376],[0.937,44.37],[0.95,44.366],[0.97,44.363],[1.051,44.368],[1.064,44.378],[1.065,44.378],[1.065,44.379],[1.1,44.391],[1.119,44.393],[1.129,44.384],[1.127,44.37],[1.115,44.345],[1.117,44.331],[1.129,44.316],[1.147,44.304],[1.217,44.276],[1.25,44.27],[1.269,44.281],[1.285,44.282],[1.3,44.269],[1.296,44.261],[1.287,44.251],[1.281,44.24],[1.288,44.234],[1.34,44.222],[1.364,44.22],[1.437,44.249],[1.458,44.264],[1.474,44.284],[1.491,44.278],[1.504,44.271],[1.516,44.261],[1.528,44.246],[1.545,44.234],[1.566,44.235],[1.581,44.244],[1.58,44.258],[1.568,44.281],[1.573,44.295],[1.591,44.3],[1.617,44.298],[1.622,44.293],[1.633,44.274],[1.643,44.27],[1.654,44.274],[1.685,44.302],[1.767,44.328],[1.846,44.331],[1.882,44.34],[1.871,44.33],[1.87,44.318],[1.872,44.305],[1.869,44.293],[1.892,44.282],[1.971,44.276],[1.963,44.25],[1.92,44.235],[1.908,44.212],[1.918,44.19],[1.974,44.176],[1.977,44.171]]]}},{"type":"Feature","id":"FR-83","properties":{"id":"FR-83","countryCode":"FR","isoSubdivision":"FR-83","name":"Var","name_en":"Var","name_ko":"바르","type":"Metropolitan department","labelLongitude":6.271,"labelLatitude":43.41,"minZoom":8},"geometry":{"type":"MultiPolygon","coordinates":[[[[6.933,43.48],[6.925,43.473],[6.92,43.449],[6.898,43.438],[6.894,43.428],[6.871,43.426],[6.87,43.432],[6.867,43.435],[6.863,43.439],[6.858,43.436],[6.856,43.429],[6.86,43.416],[6.847,43.413],[6.835,43.416],[6.819,43.416],[6.783,43.409],[6.773,43.418],[6.757,43.423],[6.747,43.418],[6.731,43.408],[6.733,43.382],[6.718,43.367],[6.718,43.351],[6.694,43.348],[6.675,43.346],[6.666,43.333],[6.661,43.322],[6.652,43.315],[6.625,43.296],[6.597,43.284],[6.591,43.269],[6.612,43.264],[6.672,43.276],[6.693,43.273],[6.698,43.265],[6.685,43.248],[6.668,43.24],[6.665,43.221],[6.672,43.214],[6.68,43.202],[6.66,43.19],[6.64,43.182],[6.629,43.18],[6.61,43.173],[6.599,43.175],[6.595,43.18],[6.593,43.188],[6.581,43.184],[6.564,43.184],[6.54,43.182],[6.536,43.173],[6.527,43.161],[6.506,43.151],[6.479,43.156],[6.451,43.153],[6.422,43.152],[6.402,43.147],[6.379,43.136],[6.366,43.119],[6.37,43.106],[6.375,43.091],[6.342,43.091],[6.329,43.1],[6.326,43.104],[6.306,43.109],[6.28,43.119],[6.253,43.121],[6.22,43.117],[6.193,43.109],[6.179,43.103],[6.163,43.093],[6.153,43.072],[6.153,43.048],[6.171,43.042],[6.185,43.045],[6.18,43.036],[6.154,43.034],[6.098,43.031],[6.089,43.035],[6.103,43.041],[6.119,43.045],[6.132,43.053],[6.129,43.071],[6.11,43.084],[6.092,43.083],[6.045,43.078],[6.027,43.078],[6.017,43.099],[5.992,43.102],[5.959,43.102],[5.934,43.114],[5.937,43.119],[5.938,43.129],[5.941,43.134],[5.924,43.134],[5.909,43.131],[5.879,43.12],[5.896,43.115],[5.911,43.093],[5.927,43.088],[5.951,43.08],[5.94,43.071],[5.917,43.073],[5.888,43.072],[5.875,43.069],[5.857,43.045],[5.819,43.053],[5.79,43.07],[5.782,43.079],[5.803,43.089],[5.818,43.099],[5.811,43.107],[5.801,43.112],[5.783,43.115],[5.781,43.123],[5.776,43.131],[5.761,43.132],[5.741,43.132],[5.696,43.147],[5.688,43.169],[5.674,43.18],[5.672,43.18],[5.68,43.214],[5.692,43.236],[5.712,43.25],[5.746,43.262],[5.761,43.279],[5.748,43.299],[5.72,43.313],[5.691,43.313],[5.688,43.323],[5.688,43.332],[5.69,43.34],[5.696,43.347],[5.701,43.359],[5.697,43.372],[5.683,43.399],[5.706,43.407],[5.754,43.405],[5.779,43.41],[5.713,43.477],[5.71,43.486],[5.711,43.498],[5.726,43.537],[5.725,43.551],[5.714,43.562],[5.697,43.57],[5.682,43.584],[5.681,43.611],[5.707,43.643],[5.791,43.661],[5.813,43.689],[5.795,43.696],[5.774,43.726],[5.754,43.732],[5.759,43.736],[5.779,43.758],[5.855,43.725],[5.882,43.725],[5.896,43.732],[5.902,43.741],[5.91,43.749],[5.93,43.749],[5.941,43.744],[5.961,43.723],[5.976,43.716],[5.989,43.707],[6.01,43.676],[6.028,43.672],[6.037,43.676],[6.052,43.699],[6.073,43.716],[6.141,43.738],[6.213,43.792],[6.244,43.801],[6.265,43.792],[6.327,43.748],[6.354,43.736],[6.386,43.741],[6.401,43.759],[6.411,43.779],[6.427,43.794],[6.444,43.796],[6.477,43.793],[6.493,43.795],[6.516,43.802],[6.524,43.802],[6.531,43.8],[6.543,43.793],[6.55,43.791],[6.573,43.795],[6.595,43.804],[6.617,43.807],[6.636,43.789],[6.648,43.766],[6.665,43.753],[6.712,43.74],[6.749,43.738],[6.757,43.731],[6.771,43.701],[6.772,43.691],[6.768,43.667],[6.771,43.659],[6.775,43.655],[6.837,43.613],[6.853,43.606],[6.868,43.606],[6.885,43.61],[6.9,43.609],[6.912,43.598],[6.914,43.583],[6.907,43.568],[6.887,43.542],[6.879,43.518],[6.89,43.501],[6.933,43.48]]],[[[6.235,43.022],[6.242,43.026],[6.251,43.017],[6.252,43.003],[6.23,42.995],[6.216,42.99],[6.202,42.987],[6.19,42.99],[6.166,43],[6.165,43.005],[6.175,43.009],[6.203,43.008],[6.212,43.012],[6.215,43.015],[6.218,43.015],[6.221,43.015],[6.233,43.016],[6.235,43.022]]]]}},{"type":"Feature","id":"FR-84","properties":{"id":"FR-84","countryCode":"FR","isoSubdivision":"FR-84","name":"Vaucluse","name_en":"Vaucluse","name_ko":"보클뤼즈","type":"Metropolitan department","labelLongitude":5.215,"labelLatitude":43.998,"minZoom":8},"geometry":{"type":"MultiPolygon","coordinates":[[[[5.754,43.732],[5.736,43.718],[5.711,43.706],[5.644,43.695],[5.622,43.681],[5.583,43.666],[5.531,43.669],[5.414,43.695],[5.395,43.702],[5.378,43.711],[5.347,43.734],[5.337,43.74],[5.325,43.742],[5.308,43.742],[5.255,43.749],[5.193,43.749],[5.087,43.787],[5.066,43.799],[4.969,43.867],[4.906,43.895],[4.773,43.933],[4.779,43.937],[4.782,43.939],[4.788,43.944],[4.8,43.949],[4.806,43.953],[4.813,43.959],[4.818,43.965],[4.82,43.968],[4.821,43.972],[4.822,43.976],[4.82,43.991],[4.82,43.997],[4.82,43.999],[4.821,44],[4.825,44.001],[4.829,44.001],[4.833,44],[4.834,44],[4.84,44],[4.843,44],[4.845,44],[4.846,44],[4.846,44.001],[4.847,44.002],[4.849,44.005],[4.85,44.009],[4.85,44.013],[4.848,44.017],[4.844,44.022],[4.825,44.037],[4.778,44.084],[4.773,44.088],[4.766,44.09],[4.761,44.091],[4.75,44.091],[4.745,44.091],[4.741,44.089],[4.733,44.086],[4.73,44.086],[4.726,44.089],[4.723,44.094],[4.719,44.125],[4.72,44.13],[4.72,44.133],[4.722,44.136],[4.723,44.14],[4.724,44.152],[4.724,44.16],[4.721,44.19],[4.719,44.195],[4.715,44.199],[4.706,44.206],[4.694,44.212],[4.69,44.215],[4.688,44.219],[4.688,44.227],[4.689,44.232],[4.688,44.236],[4.686,44.24],[4.677,44.247],[4.667,44.258],[4.658,44.282],[4.658,44.327],[4.686,44.33],[4.716,44.329],[4.744,44.326],[4.751,44.324],[4.759,44.32],[4.774,44.311],[4.781,44.303],[4.787,44.296],[4.81,44.249],[4.814,44.243],[4.822,44.238],[4.832,44.237],[4.845,44.239],[4.855,44.243],[4.873,44.253],[4.882,44.257],[4.891,44.259],[4.919,44.261],[4.928,44.262],[4.946,44.268],[4.965,44.276],[4.984,44.282],[5.052,44.296],[5.066,44.296],[5.111,44.288],[5.127,44.289],[5.139,44.293],[5.153,44.303],[5.16,44.307],[5.167,44.308],[5.173,44.305],[5.175,44.297],[5.171,44.29],[5.163,44.276],[5.162,44.269],[5.162,44.254],[5.164,44.247],[5.167,44.241],[5.177,44.234],[5.193,44.229],[5.223,44.224],[5.24,44.225],[5.255,44.228],[5.269,44.227],[5.339,44.209],[5.353,44.207],[5.362,44.208],[5.371,44.206],[5.379,44.202],[5.385,44.193],[5.389,44.184],[5.391,44.177],[5.393,44.169],[5.399,44.163],[5.409,44.157],[5.426,44.151],[5.462,44.128],[5.471,44.125],[5.506,44.122],[5.503,44.063],[5.507,44.067],[5.518,44.067],[5.538,44.061],[5.544,44.05],[5.544,44.036],[5.539,44.021],[5.508,43.97],[5.508,43.958],[5.517,43.947],[5.53,43.943],[5.562,43.943],[5.577,43.936],[5.586,43.922],[5.589,43.904],[5.585,43.89],[5.547,43.838],[5.545,43.818],[5.609,43.835],[5.663,43.812],[5.754,43.732]]],[[[4.964,44.429],[4.979,44.428],[4.992,44.423],[5.032,44.394],[5.039,44.386],[5.043,44.378],[5.043,44.368],[5.038,44.362],[5.022,44.352],[5.014,44.343],[5.001,44.323],[4.992,44.316],[4.981,44.313],[4.897,44.312],[4.888,44.316],[4.883,44.323],[4.881,44.332],[4.882,44.342],[4.889,44.356],[4.938,44.416],[4.95,44.424],[4.964,44.429]]]]}},{"type":"Feature","id":"FR-85","properties":{"id":"FR-85","countryCode":"FR","isoSubdivision":"FR-85","name":"Vendée","name_en":"Vendée","name_ko":"방데","type":"Metropolitan department","labelLongitude":-1.318,"labelLatitude":46.689,"minZoom":8},"geometry":{"type":"MultiPolygon","coordinates":[[[[-1.119,46.311],[-1.132,46.324],[-1.177,46.326],[-1.214,46.311],[-1.213,46.279],[-1.24,46.284],[-1.259,46.3],[-1.277,46.32],[-1.293,46.323],[-1.303,46.324],[-1.334,46.337],[-1.357,46.35],[-1.37,46.354],[-1.423,46.342],[-1.449,46.343],[-1.46,46.365],[-1.465,46.39],[-1.481,46.408],[-1.504,46.419],[-1.532,46.423],[-1.599,46.425],[-1.626,46.431],[-1.617,46.444],[-1.633,46.454],[-1.687,46.461],[-1.72,46.481],[-1.749,46.487],[-1.761,46.492],[-1.768,46.5],[-1.78,46.522],[-1.789,46.533],[-1.789,46.52],[-1.783,46.504],[-1.782,46.495],[-1.786,46.491],[-1.795,46.495],[-1.805,46.504],[-1.827,46.577],[-1.823,46.594],[-1.839,46.599],[-1.847,46.61],[-1.851,46.624],[-1.857,46.635],[-1.872,46.647],[-1.888,46.657],[-1.9,46.666],[-1.91,46.692],[-1.923,46.699],[-1.94,46.703],[-1.956,46.704],[-1.965,46.71],[-1.995,46.752],[-2.05,46.792],[-2.081,46.807],[-2.107,46.813],[-2.119,46.82],[-2.126,46.836],[-2.13,46.855],[-2.131,46.872],[-2.129,46.893],[-2.122,46.904],[-2.096,46.916],[-2.102,46.931],[-2.087,46.941],[-2.049,46.957],[-2.037,46.973],[-2.02,47.009],[-2.008,47.026],[-1.991,47.035],[-1.968,47.025],[-1.908,46.977],[-1.877,46.959],[-1.772,46.924],[-1.72,46.885],[-1.705,46.879],[-1.652,46.879],[-1.55,46.86],[-1.519,46.868],[-1.505,46.88],[-1.5,46.883],[-1.518,46.901],[-1.539,46.946],[-1.553,46.993],[-1.547,47.02],[-1.498,47.035],[-1.485,47.034],[-1.475,47.026],[-1.468,47.011],[-1.468,46.956],[-1.459,46.94],[-1.443,46.934],[-1.424,46.936],[-1.379,46.957],[-1.37,46.965],[-1.365,46.974],[-1.362,46.986],[-1.368,47.024],[-1.363,47.036],[-1.344,47.045],[-1.305,47.039],[-1.293,47.056],[-1.27,47.076],[-1.231,47.067],[-1.149,47.029],[-1.075,47.007],[-1.035,47.003],[-0.993,47.02],[-0.977,47.013],[-0.961,47.003],[-0.946,47],[-0.909,46.982],[-0.896,46.971],[-0.883,46.953],[-0.873,46.942],[-0.846,46.932],[-0.834,46.919],[-0.83,46.91],[-0.828,46.89],[-0.821,46.873],[-0.812,46.863],[-0.803,46.855],[-0.746,46.83],[-0.724,46.816],[-0.716,46.808],[-0.712,46.802],[-0.713,46.797],[-0.716,46.792],[-0.726,46.779],[-0.725,46.768],[-0.716,46.751],[-0.689,46.721],[-0.662,46.683],[-0.658,46.673],[-0.655,46.665],[-0.655,46.658],[-0.655,46.651],[-0.653,46.643],[-0.648,46.632],[-0.635,46.622],[-0.629,46.614],[-0.627,46.607],[-0.625,46.586],[-0.617,46.557],[-0.616,46.548],[-0.618,46.541],[-0.623,46.536],[-0.631,46.531],[-0.637,46.525],[-0.64,46.515],[-0.624,46.461],[-0.624,46.455],[-0.625,46.448],[-0.632,46.433],[-0.634,46.423],[-0.63,46.409],[-0.624,46.403],[-0.617,46.404],[-0.611,46.407],[-0.603,46.406],[-0.569,46.387],[-0.558,46.377],[-0.555,46.37],[-0.558,46.362],[-0.565,46.357],[-0.573,46.355],[-0.578,46.354],[-0.586,46.355],[-0.594,46.356],[-0.603,46.355],[-0.612,46.352],[-0.642,46.329],[-0.65,46.326],[-0.656,46.325],[-0.685,46.325],[-0.695,46.324],[-0.722,46.314],[-0.729,46.309],[-0.745,46.304],[-0.757,46.301],[-0.825,46.331],[-0.851,46.334],[-0.867,46.334],[-0.882,46.331],[-0.888,46.329],[-0.92,46.325],[-0.931,46.322],[-0.941,46.321],[-0.96,46.32],[-0.97,46.324],[-0.973,46.329],[-0.969,46.335],[-0.961,46.34],[-0.957,46.346],[-0.955,46.354],[-0.962,46.362],[-0.97,46.362],[-0.988,46.357],[-0.998,46.355],[-1.02,46.353],[-1.08,46.343],[-1.09,46.34],[-1.097,46.335],[-1.115,46.317],[-1.119,46.311]]],[[[-2.337,46.732],[-2.298,46.72],[-2.28,46.71],[-2.269,46.697],[-2.291,46.704],[-2.371,46.704],[-2.383,46.723],[-2.375,46.732],[-2.357,46.734],[-2.337,46.732]]],[[[-2.2,46.985],[-2.19,46.977],[-2.156,46.965],[-2.145,46.957],[-2.14,46.943],[-2.138,46.923],[-2.143,46.91],[-2.159,46.916],[-2.174,46.939],[-2.195,46.962],[-2.22,46.974],[-2.247,46.964],[-2.263,46.98],[-2.279,47.018],[-2.296,47.033],[-2.239,47.035],[-2.22,47.033],[-2.2,47.024],[-2.197,47.013],[-2.201,47],[-2.2,46.985]]]]}},{"type":"Feature","id":"FR-86","properties":{"id":"FR-86","countryCode":"FR","isoSubdivision":"FR-86","name":"Vienne","name_en":"Vienne","name_ko":"비엔","type":"Metropolitan department","labelLongitude":0.413,"labelLatitude":46.534,"minZoom":8},"geometry":{"type":"Polygon","coordinates":[[[0.796,46.133],[0.718,46.138],[0.708,46.137],[0.697,46.131],[0.681,46.115],[0.647,46.091],[0.6,46.083],[0.553,46.091],[0.52,46.116],[0.511,46.126],[0.5,46.132],[0.488,46.134],[0.473,46.13],[0.464,46.125],[0.456,46.116],[0.444,46.096],[0.471,46.081],[0.457,46.059],[0.442,46.054],[0.403,46.063],[0.287,46.062],[0.266,46.066],[0.222,46.09],[0.197,46.096],[0.194,46.106],[0.197,46.117],[0.202,46.126],[0.205,46.137],[0.199,46.151],[0.186,46.158],[0.13,46.175],[0.118,46.181],[0.109,46.189],[0.107,46.195],[0.107,46.203],[0.112,46.217],[0.12,46.231],[0.156,46.265],[0.17,46.285],[0.176,46.309],[0.171,46.331],[0.15,46.345],[0.13,46.345],[0.112,46.338],[0.096,46.326],[0.083,46.311],[0.066,46.307],[0.045,46.318],[0.027,46.336],[0.02,46.352],[0.022,46.372],[0.02,46.379],[0.016,46.385],[-0.004,46.396],[-0.015,46.412],[-0.011,46.449],[-0.015,46.467],[-0.019,46.472],[-0.03,46.479],[-0.034,46.485],[-0.036,46.491],[-0.036,46.498],[-0.034,46.511],[-0.03,46.519],[-0.008,46.539],[0.017,46.588],[0.02,46.597],[0.019,46.606],[0.014,46.612],[-0.01,46.617],[-0.017,46.621],[-0.023,46.627],[-0.027,46.633],[-0.029,46.65],[-0.025,46.667],[-0.016,46.682],[0.002,46.703],[0.012,46.725],[0.014,46.736],[0.012,46.745],[0.007,46.752],[-0.008,46.762],[-0.016,46.772],[-0.018,46.785],[-0.019,46.812],[-0.016,46.828],[-0.003,46.829],[0.014,46.828],[0.025,46.836],[0.028,46.85],[0.023,46.859],[0.002,46.871],[-0.013,46.889],[-0.041,46.955],[-0.042,46.964],[-0.04,46.972],[-0.04,46.979],[-0.046,46.987],[-0.053,46.991],[-0.069,46.993],[-0.076,46.997],[-0.082,47.005],[-0.087,47.033],[-0.109,47.07],[-0.106,47.074],[-0.1,47.08],[-0.092,47.086],[-0.064,47.092],[-0.053,47.096],[-0.045,47.106],[-0.042,47.114],[-0.041,47.121],[-0.037,47.128],[-0.004,47.157],[0.014,47.161],[0.067,47.154],[0.077,47.141],[0.083,47.135],[0.087,47.127],[0.092,47.122],[0.1,47.119],[0.112,47.12],[0.129,47.127],[0.136,47.127],[0.14,47.121],[0.14,47.115],[0.139,47.108],[0.14,47.103],[0.147,47.099],[0.16,47.099],[0.183,47.104],[0.192,47.102],[0.196,47.095],[0.197,47.087],[0.195,47.079],[0.192,47.072],[0.191,47.066],[0.192,47.06],[0.2,47.056],[0.214,47.055],[0.227,47.058],[0.249,47.064],[0.258,47.063],[0.265,47.06],[0.271,47.05],[0.277,47.045],[0.299,47.044],[0.307,47.043],[0.31,47.038],[0.312,47.032],[0.311,47.02],[0.304,47],[0.302,46.98],[0.304,46.966],[0.305,46.958],[0.308,46.951],[0.315,46.944],[0.327,46.939],[0.345,46.936],[0.389,46.939],[0.434,46.933],[0.444,46.935],[0.451,46.94],[0.457,46.944],[0.465,46.947],[0.484,46.951],[0.563,46.953],[0.573,46.955],[0.581,46.958],[0.584,46.961],[0.584,46.965],[0.583,46.968],[0.581,46.972],[0.579,46.975],[0.577,46.978],[0.574,46.981],[0.572,46.983],[0.57,46.987],[0.569,46.994],[0.569,46.998],[0.569,47.001],[0.57,47.002],[0.572,47.004],[0.584,47.001],[0.64,46.977],[0.661,46.971],[0.672,46.966],[0.682,46.958],[0.693,46.943],[0.713,46.9],[0.831,46.779],[0.874,46.756],[0.881,46.75],[0.895,46.739],[0.902,46.73],[0.914,46.711],[0.917,46.699],[0.917,46.69],[0.914,46.683],[0.911,46.677],[0.908,46.671],[0.907,46.664],[0.907,46.644],[0.91,46.63],[0.916,46.615],[0.924,46.606],[0.936,46.596],[0.96,46.581],[0.987,46.571],[1.007,46.567],[1.014,46.564],[1.02,46.56],[1.022,46.545],[1.027,46.538],[1.039,46.534],[1.101,46.534],[1.112,46.533],[1.121,46.529],[1.129,46.525],[1.137,46.518],[1.143,46.512],[1.147,46.506],[1.149,46.5],[1.149,46.498],[1.141,46.474],[1.142,46.465],[1.153,46.454],[1.163,46.448],[1.183,46.441],[1.195,46.428],[1.177,46.387],[1.166,46.386],[1.121,46.366],[1.108,46.363],[1.096,46.363],[1.087,46.365],[1.078,46.364],[1.068,46.363],[1.058,46.36],[1.048,46.354],[1.038,46.346],[1.027,46.332],[1.018,46.322],[1.005,46.313],[0.998,46.307],[0.994,46.299],[0.994,46.293],[0.992,46.288],[0.987,46.284],[0.976,46.279],[0.966,46.278],[0.911,46.279],[0.902,46.277],[0.892,46.274],[0.868,46.259],[0.842,46.24],[0.833,46.235],[0.823,46.232],[0.802,46.23],[0.795,46.226],[0.791,46.219],[0.797,46.204],[0.804,46.194],[0.812,46.186],[0.818,46.179],[0.828,46.14],[0.825,46.134],[0.82,46.13],[0.796,46.133]]]}},{"type":"Feature","id":"FR-87","properties":{"id":"FR-87","countryCode":"FR","isoSubdivision":"FR-87","name":"Haute-Vienne","name_en":"Haute-Vienne","name_ko":"오트비엔","type":"Metropolitan department","labelLongitude":1.219,"labelLatitude":45.847,"minZoom":8},"geometry":{"type":"Polygon","coordinates":[[[1.894,45.696],[1.909,45.682],[1.873,45.668],[1.864,45.668],[1.856,45.669],[1.849,45.669],[1.834,45.667],[1.825,45.667],[1.814,45.677],[1.806,45.68],[1.789,45.678],[1.778,45.669],[1.767,45.657],[1.75,45.646],[1.699,45.631],[1.566,45.56],[1.508,45.556],[1.444,45.584],[1.42,45.542],[1.407,45.528],[1.371,45.507],[1.349,45.501],[1.329,45.499],[1.307,45.494],[1.281,45.478],[1.26,45.457],[1.255,45.446],[1.229,45.461],[1.199,45.457],[1.176,45.468],[1.162,45.473],[1.141,45.477],[1.131,45.483],[1.126,45.489],[1.128,45.495],[1.131,45.499],[1.133,45.5],[1.146,45.508],[1.155,45.513],[1.16,45.52],[1.159,45.528],[1.153,45.533],[1.145,45.537],[1.103,45.541],[1.083,45.547],[1.072,45.554],[1.065,45.561],[1.041,45.591],[1.028,45.605],[1.017,45.611],[1.009,45.615],[0.997,45.615],[0.979,45.612],[0.971,45.612],[0.944,45.615],[0.936,45.615],[0.905,45.608],[0.891,45.609],[0.883,45.613],[0.872,45.62],[0.864,45.619],[0.858,45.614],[0.847,45.601],[0.836,45.597],[0.819,45.596],[0.786,45.602],[0.769,45.607],[0.761,45.614],[0.762,45.621],[0.773,45.648],[0.773,45.654],[0.771,45.662],[0.749,45.682],[0.735,45.693],[0.724,45.696],[0.714,45.697],[0.683,45.695],[0.655,45.699],[0.636,45.71],[0.659,45.75],[0.666,45.756],[0.685,45.766],[0.696,45.775],[0.703,45.784],[0.711,45.797],[0.719,45.802],[0.727,45.803],[0.744,45.795],[0.753,45.792],[0.774,45.793],[0.781,45.797],[0.786,45.803],[0.789,45.809],[0.794,45.825],[0.799,45.866],[0.801,45.873],[0.804,45.882],[0.807,45.89],[0.807,45.896],[0.806,45.912],[0.81,45.922],[0.817,45.926],[0.826,45.927],[0.845,45.927],[0.855,45.928],[0.866,45.93],[0.877,45.934],[0.889,45.939],[0.902,45.946],[0.918,45.957],[0.924,45.966],[0.924,45.974],[0.898,46.011],[0.892,46.017],[0.885,46.022],[0.877,46.022],[0.863,46.017],[0.855,46.017],[0.847,46.02],[0.813,46.054],[0.809,46.06],[0.806,46.067],[0.806,46.074],[0.806,46.08],[0.807,46.092],[0.807,46.099],[0.806,46.106],[0.796,46.133],[0.82,46.13],[0.825,46.134],[0.828,46.14],[0.818,46.179],[0.812,46.186],[0.804,46.194],[0.797,46.204],[0.791,46.219],[0.795,46.226],[0.802,46.23],[0.823,46.232],[0.833,46.235],[0.842,46.24],[0.868,46.259],[0.892,46.274],[0.902,46.277],[0.911,46.279],[0.966,46.278],[0.976,46.279],[0.987,46.284],[0.992,46.288],[0.994,46.293],[0.994,46.299],[0.998,46.307],[1.005,46.313],[1.018,46.322],[1.027,46.332],[1.038,46.346],[1.048,46.354],[1.058,46.36],[1.068,46.363],[1.078,46.364],[1.087,46.365],[1.096,46.363],[1.108,46.363],[1.121,46.366],[1.166,46.386],[1.177,46.387],[1.194,46.378],[1.207,46.376],[1.221,46.369],[1.233,46.368],[1.247,46.368],[1.291,46.372],[1.305,46.375],[1.312,46.38],[1.316,46.386],[1.321,46.392],[1.335,46.397],[1.345,46.396],[1.354,46.391],[1.36,46.385],[1.365,46.378],[1.37,46.372],[1.414,46.351],[1.44,46.336],[1.438,46.313],[1.385,46.237],[1.387,46.209],[1.404,46.187],[1.451,46.175],[1.465,46.168],[1.488,46.147],[1.495,46.133],[1.493,46.121],[1.489,46.109],[1.488,46.095],[1.493,46.084],[1.526,46.07],[1.536,46.049],[1.541,46.02],[1.552,45.997],[1.578,45.994],[1.561,45.973],[1.542,45.961],[1.517,45.952],[1.519,45.95],[1.516,45.931],[1.527,45.922],[1.595,45.921],[1.609,45.916],[1.619,45.905],[1.62,45.892],[1.612,45.863],[1.616,45.85],[1.625,45.845],[1.637,45.843],[1.66,45.842],[1.732,45.857],[1.756,45.856],[1.765,45.853],[1.771,45.847],[1.781,45.831],[1.787,45.826],[1.8,45.818],[1.868,45.793],[1.885,45.773],[1.883,45.737],[1.871,45.71],[1.894,45.696]]]}},{"type":"Feature","id":"FR-88","properties":{"id":"FR-88","countryCode":"FR","isoSubdivision":"FR-88","name":"Vosges","name_en":"Vosges","name_ko":"보주","type":"Metropolitan department","labelLongitude":6.671,"labelLatitude":48.245,"minZoom":8},"geometry":{"type":"Polygon","coordinates":[[[6.887,48.419],[6.915,48.432],[6.968,48.472],[7.055,48.518],[7.089,48.523],[7.139,48.505],[7.149,48.5],[7.141,48.497],[7.134,48.492],[7.128,48.484],[7.127,48.447],[7.119,48.402],[7.118,48.387],[7.116,48.378],[7.107,48.362],[7.104,48.353],[7.107,48.346],[7.11,48.342],[7.116,48.339],[7.127,48.335],[7.135,48.333],[7.144,48.332],[7.176,48.333],[7.189,48.331],[7.203,48.322],[7.209,48.315],[7.209,48.303],[7.083,48.165],[7.075,48.153],[7.074,48.146],[7.077,48.14],[7.082,48.133],[7.087,48.125],[7.087,48.114],[7.081,48.105],[7.059,48.085],[7.028,48.034],[7.009,48.01],[6.995,48],[6.96,47.968],[6.952,47.957],[6.948,47.948],[6.946,47.935],[6.945,47.927],[6.942,47.917],[6.934,47.903],[6.917,47.883],[6.915,47.876],[6.917,47.868],[6.922,47.861],[6.925,47.853],[6.924,47.843],[6.917,47.836],[6.908,47.831],[6.88,47.821],[6.869,47.819],[6.842,47.821],[6.836,47.824],[6.762,47.862],[6.741,47.876],[6.728,47.881],[6.697,47.89],[6.685,47.896],[6.675,47.903],[6.656,47.921],[6.637,47.935],[6.625,47.94],[6.614,47.941],[6.606,47.937],[6.601,47.932],[6.592,47.92],[6.585,47.913],[6.577,47.908],[6.566,47.904],[6.553,47.901],[6.538,47.9],[6.518,47.901],[6.507,47.903],[6.499,47.905],[6.412,47.942],[6.373,47.953],[6.322,47.95],[6.304,47.946],[6.293,47.939],[6.283,47.935],[6.269,47.932],[6.244,47.932],[6.228,47.937],[6.214,47.944],[6.196,47.948],[6.186,47.953],[6.182,47.958],[6.184,47.97],[6.183,47.977],[6.177,47.984],[6.167,47.992],[6.147,48.002],[6.099,48.009],[6.083,48.007],[6.071,48.004],[6.064,48],[6.053,47.991],[6.034,47.973],[6.026,47.967],[6.001,47.956],[5.99,47.948],[5.982,47.944],[5.971,47.941],[5.966,47.944],[5.965,47.95],[5.968,47.963],[5.968,47.969],[5.967,47.975],[5.962,47.979],[5.955,47.98],[5.949,47.976],[5.943,47.971],[5.926,47.948],[5.922,47.944],[5.911,47.937],[5.892,47.933],[5.849,47.968],[5.828,47.966],[5.821,47.961],[5.813,47.957],[5.804,47.958],[5.798,47.964],[5.796,47.974],[5.796,47.981],[5.799,48.001],[5.798,48.009],[5.794,48.016],[5.788,48.023],[5.777,48.03],[5.766,48.033],[5.755,48.036],[5.745,48.04],[5.732,48.047],[5.716,48.06],[5.681,48.083],[5.663,48.091],[5.658,48.096],[5.659,48.101],[5.664,48.106],[5.668,48.113],[5.669,48.122],[5.689,48.148],[5.691,48.153],[5.692,48.158],[5.693,48.167],[5.694,48.174],[5.698,48.18],[5.704,48.186],[5.72,48.196],[5.719,48.203],[5.713,48.211],[5.694,48.223],[5.662,48.239],[5.655,48.243],[5.652,48.248],[5.652,48.25],[5.654,48.26],[5.653,48.265],[5.652,48.269],[5.65,48.273],[5.646,48.276],[5.638,48.281],[5.625,48.284],[5.614,48.284],[5.594,48.282],[5.584,48.284],[5.572,48.293],[5.558,48.306],[5.534,48.334],[5.52,48.345],[5.508,48.351],[5.487,48.352],[5.478,48.352],[5.469,48.349],[5.464,48.344],[5.46,48.339],[5.454,48.334],[5.446,48.33],[5.438,48.331],[5.432,48.337],[5.43,48.347],[5.429,48.367],[5.424,48.373],[5.422,48.38],[5.424,48.388],[5.444,48.404],[5.455,48.419],[5.479,48.412],[5.504,48.418],[5.554,48.44],[5.568,48.441],[5.599,48.438],[5.615,48.441],[5.669,48.466],[5.717,48.463],[5.736,48.467],[5.752,48.478],[5.765,48.497],[5.78,48.486],[5.791,48.487],[5.818,48.5],[5.842,48.502],[5.866,48.499],[5.896,48.488],[5.9,48.485],[5.902,48.48],[5.903,48.474],[5.902,48.46],[5.897,48.448],[5.888,48.438],[5.878,48.429],[5.872,48.421],[5.874,48.414],[5.881,48.41],[5.955,48.387],[5.949,48.365],[5.977,48.357],[6.117,48.361],[6.149,48.372],[6.147,48.408],[6.174,48.399],[6.257,48.404],[6.257,48.41],[6.265,48.415],[6.276,48.43],[6.284,48.438],[6.304,48.417],[6.331,48.406],[6.361,48.404],[6.39,48.408],[6.387,48.392],[6.403,48.394],[6.433,48.41],[6.502,48.415],[6.606,48.469],[6.635,48.471],[6.644,48.46],[6.645,48.447],[6.649,48.433],[6.664,48.423],[6.736,48.416],[6.807,48.396],[6.818,48.401],[6.864,48.436],[6.887,48.419]]]}},{"type":"Feature","id":"FR-89","properties":{"id":"FR-89","countryCode":"FR","isoSubdivision":"FR-89","name":"Yonne","name_en":"Yonne","name_ko":"욘","type":"Metropolitan department","labelLongitude":3.643,"labelLatitude":47.772,"minZoom":8},"geometry":{"type":"Polygon","coordinates":[[[3.255,47.491],[3.239,47.493],[3.23,47.499],[3.212,47.516],[3.191,47.522],[3.145,47.525],[3.127,47.537],[3.124,47.546],[3.123,47.565],[3.119,47.573],[3.109,47.577],[3.099,47.579],[2.994,47.563],[2.969,47.568],[2.961,47.583],[2.931,47.609],[2.925,47.619],[2.925,47.627],[2.934,47.639],[2.934,47.649],[2.928,47.66],[2.915,47.677],[2.903,47.687],[2.875,47.704],[2.867,47.708],[2.857,47.711],[2.847,47.711],[2.837,47.716],[2.833,47.722],[2.831,47.73],[2.832,47.739],[2.835,47.749],[2.836,47.751],[2.843,47.756],[2.851,47.759],[2.86,47.762],[2.881,47.764],[2.9,47.763],[2.909,47.763],[2.918,47.765],[2.95,47.779],[2.983,47.788],[2.992,47.792],[3,47.801],[3.001,47.809],[3,47.815],[2.998,47.823],[2.999,47.829],[3.002,47.834],[3.007,47.839],[3.012,47.847],[3.01,47.854],[3,47.865],[2.996,47.875],[2.992,47.9],[2.995,47.907],[2.999,47.91],[3.013,47.909],[3.021,47.911],[3.029,47.917],[3.045,47.93],[3.055,47.936],[3.076,47.944],[3.085,47.949],[3.094,47.958],[3.112,47.989],[3.118,48.001],[3.115,48.018],[3.112,48.026],[3.108,48.032],[3.092,48.044],[3.061,48.061],[3.053,48.068],[3.045,48.076],[3.027,48.125],[3.023,48.132],[3.015,48.138],[3.008,48.142],[2.995,48.147],[2.957,48.154],[2.939,48.156],[2.926,48.156],[2.93,48.17],[2.933,48.182],[2.937,48.194],[2.941,48.2],[2.947,48.205],[2.959,48.211],[2.99,48.221],[3.002,48.229],[3.008,48.236],[3.016,48.249],[3.017,48.251],[3.024,48.257],[3.028,48.262],[3.03,48.268],[3.027,48.275],[3.021,48.281],[3.016,48.287],[3.013,48.294],[3.012,48.301],[3.012,48.308],[3.013,48.314],[3.015,48.321],[3.019,48.327],[3.024,48.332],[3.027,48.338],[3.029,48.347],[3.032,48.354],[3.036,48.358],[3.042,48.362],[3.092,48.361],[3.099,48.362],[3.106,48.367],[3.112,48.369],[3.12,48.371],[3.131,48.372],[3.18,48.37],[3.191,48.367],[3.206,48.366],[3.308,48.378],[3.317,48.377],[3.337,48.372],[3.346,48.371],[3.355,48.374],[3.37,48.393],[3.395,48.412],[3.413,48.402],[3.416,48.389],[3.418,48.38],[3.421,48.37],[3.427,48.367],[3.445,48.37],[3.462,48.368],[3.493,48.356],[3.51,48.347],[3.523,48.339],[3.588,48.281],[3.6,48.267],[3.607,48.257],[3.607,48.251],[3.607,48.243],[3.608,48.238],[3.613,48.223],[3.613,48.217],[3.611,48.211],[3.605,48.205],[3.587,48.194],[3.582,48.188],[3.582,48.181],[3.618,48.169],[3.649,48.151],[3.666,48.144],[3.68,48.142],[3.698,48.146],[3.702,48.15],[3.704,48.156],[3.708,48.161],[3.717,48.162],[3.733,48.157],[3.741,48.151],[3.744,48.143],[3.747,48.136],[3.752,48.128],[3.766,48.12],[3.783,48.104],[3.854,48.022],[3.859,48.015],[3.859,48.01],[3.852,48.006],[3.836,48.004],[3.83,48.001],[3.83,47.999],[3.832,47.994],[3.839,47.99],[3.859,47.983],[3.868,47.982],[3.887,47.987],[3.898,47.986],[3.903,47.982],[3.906,47.976],[3.903,47.955],[3.904,47.948],[3.909,47.939],[3.916,47.934],[3.925,47.931],[3.952,47.928],[3.991,47.931],[3.998,47.931],[4.004,47.93],[4.02,47.924],[4.029,47.922],[4.038,47.923],[4.046,47.926],[4.059,47.936],[4.068,47.938],[4.077,47.937],[4.096,47.932],[4.118,47.932],[4.127,47.933],[4.136,47.935],[4.141,47.94],[4.146,47.945],[4.152,47.951],[4.162,47.954],[4.175,47.953],[4.185,47.948],[4.195,47.941],[4.203,47.939],[4.209,47.942],[4.211,47.947],[4.212,47.953],[4.211,47.96],[4.211,47.966],[4.213,47.97],[4.218,47.972],[4.224,47.968],[4.238,47.95],[4.255,47.935],[4.267,47.928],[4.277,47.924],[4.288,47.924],[4.27,47.888],[4.264,47.868],[4.263,47.844],[4.271,47.846],[4.299,47.846],[4.308,47.845],[4.313,47.841],[4.338,47.792],[4.341,47.775],[4.33,47.76],[4.259,47.734],[4.256,47.716],[4.257,47.688],[4.251,47.666],[4.245,47.656],[4.219,47.632],[4.202,47.6],[4.143,47.525],[4.126,47.517],[4.118,47.505],[4.117,47.456],[4.103,47.44],[4.084,47.435],[4.075,47.431],[4.068,47.425],[4.065,47.415],[4.067,47.405],[4.081,47.38],[4.086,47.378],[4.092,47.377],[4.098,47.375],[4.102,47.368],[4.106,47.339],[4.061,47.342],[4.048,47.339],[4.036,47.331],[4.028,47.321],[4.018,47.313],[4.001,47.312],[3.977,47.327],[3.966,47.376],[3.951,47.393],[3.884,47.367],[3.869,47.374],[3.868,47.386],[3.877,47.406],[3.877,47.417],[3.873,47.426],[3.866,47.431],[3.857,47.433],[3.847,47.43],[3.839,47.424],[3.833,47.417],[3.826,47.398],[3.821,47.39],[3.813,47.386],[3.804,47.386],[3.716,47.412],[3.645,47.457],[3.625,47.462],[3.603,47.462],[3.587,47.465],[3.579,47.476],[3.573,47.489],[3.562,47.5],[3.531,47.52],[3.501,47.554],[3.492,47.56],[3.494,47.527],[3.488,47.494],[3.415,47.509],[3.391,47.507],[3.36,47.486],[3.346,47.481],[3.332,47.481],[3.291,47.501],[3.285,47.501],[3.255,47.491]]]}},{"type":"Feature","id":"FR-90","properties":{"id":"FR-90","countryCode":"FR","isoSubdivision":"FR-90","name":"Territoire de Belfort","name_en":"Territoire de Belfort","name_ko":"테리투아르드벨포르","type":"Metropolitan department","labelLongitude":6.937,"labelLatitude":47.657,"minZoom":8},"geometry":{"type":"Polygon","coordinates":[[[7.054,47.49],[7.028,47.493],[7.019,47.498],[7.01,47.499],[7.001,47.498],[6.992,47.493],[6.973,47.489],[6.976,47.478],[6.986,47.464],[6.991,47.452],[6.983,47.444],[6.969,47.435],[6.952,47.429],[6.939,47.427],[6.933,47.449],[6.914,47.487],[6.914,47.497],[6.923,47.521],[6.919,47.534],[6.908,47.545],[6.894,47.552],[6.871,47.553],[6.847,47.548],[6.825,47.548],[6.807,47.563],[6.811,47.576],[6.81,47.58],[6.808,47.583],[6.799,47.591],[6.794,47.597],[6.79,47.604],[6.788,47.612],[6.788,47.644],[6.786,47.655],[6.761,47.714],[6.759,47.723],[6.765,47.753],[6.785,47.78],[6.836,47.824],[6.842,47.821],[6.869,47.819],[6.87,47.802],[6.875,47.797],[6.883,47.791],[7.024,47.736],[7.04,47.725],[7.05,47.716],[7.055,47.703],[7.059,47.68],[7.059,47.673],[7.058,47.666],[7.056,47.66],[7.053,47.653],[7.049,47.646],[7.044,47.639],[7.027,47.624],[7.024,47.619],[7.022,47.614],[7.023,47.606],[7.029,47.6],[7.037,47.596],[7.047,47.596],[7.056,47.597],[7.067,47.595],[7.08,47.591],[7.134,47.55],[7.143,47.54],[7.149,47.532],[7.151,47.525],[7.151,47.519],[7.151,47.513],[7.151,47.508],[7.147,47.499],[7.142,47.488],[7.14,47.488],[7.127,47.493],[7.104,47.496],[7.054,47.49]]]}},{"type":"Feature","id":"FR-91","properties":{"id":"FR-91","countryCode":"FR","isoSubdivision":"FR-91","name":"Essonne","name_en":"Essonne","name_ko":"에손","type":"Metropolitan department","labelLongitude":2.296,"labelLatitude":48.563,"minZoom":8},"geometry":{"type":"Polygon","coordinates":[[[2.002,48.558],[2.017,48.564],[2.029,48.579],[2.036,48.597],[2.037,48.614],[2.028,48.653],[2.031,48.67],[2.046,48.687],[2.057,48.692],[2.079,48.694],[2.09,48.698],[2.099,48.708],[2.107,48.736],[2.115,48.749],[2.124,48.756],[2.209,48.776],[2.227,48.776],[2.24,48.765],[2.268,48.755],[2.29,48.731],[2.303,48.73],[2.314,48.736],[2.321,48.749],[2.34,48.743],[2.371,48.724],[2.389,48.722],[2.495,48.734],[2.508,48.73],[2.53,48.704],[2.541,48.694],[2.555,48.69],[2.572,48.692],[2.576,48.673],[2.56,48.66],[2.538,48.646],[2.524,48.63],[2.521,48.58],[2.515,48.558],[2.496,48.517],[2.496,48.494],[2.501,48.476],[2.503,48.441],[2.505,48.433],[2.526,48.421],[2.516,48.41],[2.486,48.397],[2.393,48.328],[2.391,48.324],[2.391,48.314],[2.36,48.31],[2.316,48.328],[2.305,48.327],[2.299,48.323],[2.293,48.316],[2.282,48.311],[2.256,48.306],[2.244,48.308],[2.238,48.313],[2.236,48.319],[2.23,48.326],[2.221,48.332],[2.208,48.339],[2.198,48.339],[2.191,48.335],[2.182,48.321],[2.177,48.315],[2.168,48.31],[2.134,48.299],[1.988,48.277],[1.972,48.284],[1.971,48.289],[1.972,48.295],[1.977,48.3],[1.986,48.306],[2,48.32],[1.999,48.326],[1.996,48.329],[1.977,48.336],[1.968,48.347],[1.963,48.359],[1.958,48.383],[1.951,48.393],[1.942,48.4],[1.932,48.405],[1.923,48.413],[1.92,48.421],[1.919,48.444],[1.92,48.461],[1.949,48.549],[1.956,48.557],[1.966,48.559],[2.002,48.558]]]}},{"type":"Feature","id":"FR-92","properties":{"id":"FR-92","countryCode":"FR","isoSubdivision":"FR-92","name":"Hauts-de-Seine","name_en":"Hauts-de-Seine","name_ko":"오드센","type":"Metropolitan department","labelLongitude":2.197,"labelLatitude":48.856,"minZoom":8},"geometry":{"type":"Polygon","coordinates":[[[2.267,48.901],[2.248,48.886],[2.233,48.869],[2.227,48.853],[2.235,48.834],[2.255,48.838],[2.332,48.817],[2.325,48.804],[2.319,48.783],[2.317,48.761],[2.321,48.749],[2.314,48.736],[2.303,48.73],[2.29,48.731],[2.268,48.755],[2.24,48.765],[2.227,48.776],[2.166,48.818],[2.153,48.842],[2.152,48.883],[2.163,48.89],[2.184,48.913],[2.196,48.918],[2.214,48.921],[2.229,48.928],[2.255,48.945],[2.295,48.957],[2.319,48.958],[2.33,48.948],[2.327,48.931],[2.319,48.923],[2.282,48.911],[2.267,48.901]]]}},{"type":"Feature","id":"FR-93","properties":{"id":"FR-93","countryCode":"FR","isoSubdivision":"FR-93","name":"Seine-Saint-Denis","name_en":"Seine-Saint-Denis","name_ko":"센생드니","type":"Metropolitan department","labelLongitude":2.519,"labelLatitude":48.929,"minZoom":8},"geometry":{"type":"Polygon","coordinates":[[[2.267,48.901],[2.282,48.911],[2.319,48.923],[2.327,48.931],[2.33,48.948],[2.319,48.958],[2.346,48.972],[2.441,48.955],[2.474,48.963],[2.525,48.998],[2.553,49.01],[2.564,49.007],[2.574,49.001],[2.579,48.991],[2.573,48.981],[2.57,48.971],[2.592,48.934],[2.592,48.919],[2.588,48.902],[2.573,48.874],[2.571,48.858],[2.589,48.824],[2.592,48.807],[2.555,48.833],[2.515,48.85],[2.474,48.859],[2.473,48.859],[2.429,48.869],[2.414,48.877],[2.392,48.897],[2.377,48.901],[2.267,48.901]]]}},{"type":"Feature","id":"FR-94","properties":{"id":"FR-94","countryCode":"FR","isoSubdivision":"FR-94","name":"Val-de-Marne","name_en":"Val-de-Marne","name_ko":"발드마른","type":"Metropolitan department","labelLongitude":2.516,"labelLatitude":48.775,"minZoom":8},"geometry":{"type":"Polygon","coordinates":[[[2.473,48.859],[2.474,48.859],[2.515,48.85],[2.555,48.833],[2.592,48.807],[2.599,48.748],[2.594,48.73],[2.586,48.72],[2.577,48.713],[2.571,48.705],[2.572,48.692],[2.555,48.69],[2.541,48.694],[2.53,48.704],[2.508,48.73],[2.495,48.734],[2.389,48.722],[2.371,48.724],[2.34,48.743],[2.321,48.749],[2.317,48.761],[2.319,48.783],[2.325,48.804],[2.332,48.817],[2.443,48.816],[2.457,48.821],[2.465,48.835],[2.473,48.859]]]}},{"type":"Feature","id":"FR-95","properties":{"id":"FR-95","countryCode":"FR","isoSubdivision":"FR-95","name":"Val-d'Oise","name_en":"Val-d'Oise","name_ko":"발두아즈","type":"Metropolitan department","labelLongitude":2.234,"labelLatitude":49.075,"minZoom":8},"geometry":{"type":"Polygon","coordinates":[[[2.319,48.958],[2.295,48.957],[2.255,48.945],[2.229,48.928],[2.214,48.921],[2.196,48.918],[2.184,48.913],[2.163,48.89],[2.152,48.883],[2.125,48.886],[2.122,48.911],[2.136,48.939],[2.167,48.954],[2.172,48.96],[2.177,48.968],[2.179,48.976],[2.177,48.985],[2.173,48.989],[2.167,48.99],[2.145,48.997],[2.093,49],[2.073,48.995],[2.061,48.983],[2.042,48.952],[2.024,48.943],[2.008,48.947],[2,48.96],[2.008,48.979],[1.99,49.001],[1.978,49.01],[1.96,49.014],[1.941,49.014],[1.881,48.998],[1.867,49.018],[1.855,49.056],[1.851,49.062],[1.841,49.068],[1.823,49.073],[1.803,49.073],[1.782,49.069],[1.724,49.047],[1.705,49.047],[1.697,49.065],[1.699,49.069],[1.675,49.076],[1.653,49.078],[1.62,49.083],[1.668,49.191],[1.698,49.231],[1.713,49.222],[1.715,49.214],[1.719,49.204],[1.725,49.196],[1.737,49.189],[1.749,49.187],[1.76,49.186],[1.792,49.186],[1.839,49.175],[1.868,49.173],[1.886,49.168],[1.92,49.174],[1.968,49.175],[1.988,49.177],[2.002,49.182],[2.045,49.204],[2.057,49.209],[2.072,49.212],[2.081,49.211],[2.089,49.206],[2.096,49.201],[2.109,49.194],[2.135,49.185],[2.15,49.185],[2.174,49.182],[2.238,49.163],[2.253,49.161],[2.267,49.162],[2.301,49.176],[2.319,49.18],[2.335,49.176],[2.509,49.113],[2.519,49.112],[2.536,49.118],[2.543,49.115],[2.549,49.11],[2.553,49.105],[2.562,49.096],[2.583,49.085],[2.572,49.068],[2.566,49.03],[2.553,49.01],[2.525,48.998],[2.474,48.963],[2.441,48.955],[2.346,48.972],[2.319,48.958]]]}},{"type":"Feature","id":"FR-GF","properties":{"id":"FR-GF","countryCode":"FR","isoSubdivision":"FR-GF","name":"French Guiana","name_en":"French Guiana","name_ko":"프랑스령 기아나","type":"Overseas department","labelLongitude":-53.132,"labelLatitude":3.858,"minZoom":8},"geometry":{"type":"Polygon","coordinates":[[[-54.211,3.127],[-54.19,3.178],[-54.177,3.201],[-54.14,3.245],[-54.114,3.285],[-54.081,3.309],[-54.08,3.31],[-54.069,3.327],[-54.063,3.347],[-54.06,3.364],[-54.056,3.378],[-54.019,3.415],[-54.003,3.455],[-54.006,3.531],[-53.998,3.573],[-53.99,3.596],[-53.989,3.611],[-53.995,3.624],[-54.009,3.638],[-54.018,3.641],[-54.028,3.64],[-54.039,3.636],[-54.05,3.635],[-54.051,3.641],[-54.074,3.676],[-54.094,3.747],[-54.105,3.758],[-54.126,3.789],[-54.136,3.796],[-54.17,3.806],[-54.182,3.811],[-54.187,3.815],[-54.197,3.827],[-54.207,3.846],[-54.215,3.858],[-54.218,3.858],[-54.222,3.866],[-54.241,3.876],[-54.266,3.923],[-54.273,3.93],[-54.286,3.941],[-54.293,3.95],[-54.304,3.984],[-54.31,3.994],[-54.344,4.025],[-54.354,4.042],[-54.355,4.067],[-54.351,4.082],[-54.338,4.117],[-54.335,4.132],[-54.339,4.152],[-54.349,4.161],[-54.382,4.17],[-54.395,4.178],[-54.407,4.192],[-54.411,4.209],[-54.4,4.227],[-54.393,4.244],[-54.394,4.27],[-54.403,4.313],[-54.433,4.376],[-54.451,4.484],[-54.448,4.51],[-54.428,4.546],[-54.423,4.563],[-54.423,4.604],[-54.425,4.616],[-54.438,4.649],[-54.439,4.673],[-54.435,4.692],[-54.435,4.709],[-54.447,4.728],[-54.457,4.733],[-54.467,4.736],[-54.475,4.742],[-54.479,4.755],[-54.479,4.879],[-54.485,4.893],[-54.487,4.903],[-54.482,4.913],[-54.456,4.931],[-54.451,4.937],[-54.449,4.951],[-54.458,4.991],[-54.455,5.009],[-54.449,5.024],[-54.43,5.053],[-54.376,5.115],[-54.372,5.121],[-54.37,5.132],[-54.365,5.139],[-54.35,5.15],[-54.344,5.156],[-54.332,5.196],[-54.321,5.212],[-54.311,5.226],[-54.269,5.269],[-54.19,5.326],[-54.171,5.348],[-54.138,5.36],[-54.107,5.381],[-54.08,5.408],[-54.061,5.437],[-54.033,5.505],[-54.013,5.541],[-54.007,5.558],[-53.992,5.661],[-53.974,5.692],[-53.955,5.726],[-53.944,5.745],[-53.934,5.745],[-53.89,5.738],[-53.859,5.734],[-53.836,5.724],[-53.816,5.716],[-53.808,5.715],[-53.811,5.721],[-53.832,5.732],[-53.825,5.733],[-53.81,5.731],[-53.777,5.714],[-53.75,5.697],[-53.732,5.684],[-53.715,5.674],[-53.696,5.663],[-53.583,5.618],[-53.547,5.6],[-53.517,5.581],[-53.495,5.572],[-53.482,5.57],[-53.448,5.561],[-53.408,5.562],[-53.336,5.544],[-53.303,5.535],[-53.277,5.538],[-53.264,5.53],[-53.248,5.51],[-53.23,5.495],[-53.208,5.502],[-53.208,5.514],[-53.225,5.517],[-53.244,5.53],[-53.265,5.546],[-53.283,5.55],[-53.29,5.549],[-53.291,5.555],[-53.281,5.562],[-53.271,5.56],[-53.252,5.549],[-53.221,5.536],[-53.178,5.524],[-53.155,5.514],[-53.13,5.505],[-53.083,5.472],[-53.046,5.46],[-53.006,5.451],[-53.001,5.459],[-52.995,5.458],[-52.965,5.444],[-52.897,5.406],[-52.829,5.342],[-52.783,5.317],[-52.753,5.267],[-52.681,5.21],[-52.541,5.079],[-52.53,5.073],[-52.526,5.071],[-52.527,5.065],[-52.528,5.058],[-52.527,5.054],[-52.522,5.053],[-52.51,5.055],[-52.505,5.054],[-52.48,5.04],[-52.402,4.974],[-52.38,4.937],[-52.389,4.896],[-52.371,4.907],[-52.345,4.943],[-52.324,4.951],[-52.3,4.945],[-52.279,4.931],[-52.264,4.913],[-52.259,4.892],[-52.277,4.859],[-52.313,4.811],[-52.343,4.761],[-52.34,4.725],[-52.334,4.725],[-52.332,4.738],[-52.325,4.748],[-52.317,4.755],[-52.314,4.762],[-52.309,4.787],[-52.3,4.813],[-52.286,4.83],[-52.243,4.856],[-52.232,4.875],[-52.213,4.867],[-52.193,4.85],[-52.176,4.829],[-52.169,4.81],[-52.159,4.796],[-52.094,4.758],[-52.06,4.73],[-52.025,4.694],[-51.996,4.652],[-51.985,4.611],[-51.98,4.571],[-51.956,4.494],[-51.951,4.454],[-51.962,4.408],[-51.988,4.386],[-52.02,4.367],[-52.046,4.334],[-51.986,4.353],[-51.951,4.371],[-51.937,4.392],[-51.934,4.402],[-51.925,4.429],[-51.923,4.447],[-51.931,4.59],[-51.925,4.626],[-51.909,4.656],[-51.896,4.665],[-51.881,4.668],[-51.865,4.665],[-51.848,4.656],[-51.802,4.613],[-51.793,4.601],[-51.801,4.59],[-51.774,4.552],[-51.765,4.529],[-51.764,4.506],[-51.758,4.478],[-51.748,4.457],[-51.731,4.457],[-51.733,4.448],[-51.738,4.44],[-51.742,4.436],[-51.745,4.437],[-51.744,4.429],[-51.738,4.413],[-51.731,4.399],[-51.714,4.395],[-51.698,4.393],[-51.69,4.385],[-51.694,4.371],[-51.703,4.364],[-51.712,4.354],[-51.717,4.334],[-51.715,4.316],[-51.708,4.3],[-51.669,4.242],[-51.657,4.217],[-51.651,4.19],[-51.649,4.152],[-51.652,4.122],[-51.672,4.061],[-51.683,4.039],[-51.758,4.003],[-51.783,3.981],[-51.798,3.95],[-51.806,3.918],[-51.819,3.891],[-51.835,3.868],[-51.9,3.797],[-51.931,3.781],[-51.939,3.774],[-51.941,3.764],[-51.938,3.743],[-51.94,3.734],[-51.949,3.725],[-51.956,3.724],[-51.963,3.725],[-51.973,3.722],[-51.988,3.705],[-51.995,3.685],[-52.003,3.642],[-52.013,3.619],[-52.054,3.557],[-52.066,3.529],[-52.074,3.517],[-52.094,3.507],[-52.094,3.499],[-52.092,3.49],[-52.093,3.481],[-52.228,3.26],[-52.238,3.25],[-52.251,3.243],[-52.259,3.243],[-52.267,3.245],[-52.279,3.242],[-52.299,3.225],[-52.319,3.178],[-52.355,3.152],[-52.362,3.132],[-52.361,3.109],[-52.352,3.066],[-52.353,3.058],[-52.417,2.943],[-52.422,2.927],[-52.418,2.915],[-52.411,2.906],[-52.409,2.897],[-52.422,2.891],[-52.433,2.887],[-52.442,2.881],[-52.448,2.874],[-52.455,2.865],[-52.533,2.69],[-52.54,2.659],[-52.543,2.652],[-52.551,2.646],[-52.572,2.639],[-52.576,2.634],[-52.572,2.623],[-52.556,2.598],[-52.552,2.587],[-52.553,2.573],[-52.558,2.566],[-52.564,2.559],[-52.569,2.55],[-52.59,2.505],[-52.619,2.463],[-52.656,2.431],[-52.677,2.39],[-52.691,2.373],[-52.708,2.359],[-52.82,2.292],[-52.863,2.274],[-52.88,2.26],[-52.892,2.237],[-52.9,2.214],[-52.907,2.205],[-52.917,2.196],[-52.923,2.194],[-52.934,2.196],[-52.939,2.196],[-52.944,2.191],[-52.953,2.179],[-52.96,2.175],[-52.981,2.173],[-53.019,2.182],[-53.061,2.186],[-53.092,2.212],[-53.113,2.219],[-53.132,2.219],[-53.253,2.197],[-53.269,2.196],[-53.28,2.205],[-53.272,2.22],[-53.254,2.234],[-53.235,2.241],[-53.234,2.251],[-53.297,2.304],[-53.323,2.339],[-53.331,2.346],[-53.344,2.35],[-53.349,2.348],[-53.351,2.342],[-53.379,2.308],[-53.39,2.299],[-53.425,2.286],[-53.462,2.259],[-53.473,2.254],[-53.512,2.252],[-53.532,2.247],[-53.547,2.252],[-53.579,2.27],[-53.595,2.274],[-53.629,2.275],[-53.646,2.278],[-53.713,2.307],[-53.742,2.309],[-53.749,2.313],[-53.748,2.319],[-53.738,2.339],[-53.737,2.349],[-53.748,2.365],[-53.765,2.369],[-53.783,2.364],[-53.801,2.354],[-53.812,2.34],[-53.821,2.324],[-53.831,2.31],[-53.843,2.307],[-53.867,2.305],[-53.879,2.291],[-53.888,2.274],[-53.901,2.265],[-53.922,2.266],[-53.933,2.27],[-53.938,2.265],[-53.939,2.24],[-53.946,2.222],[-53.964,2.209],[-54.006,2.194],[-54.012,2.191],[-54.021,2.181],[-54.028,2.179],[-54.033,2.18],[-54.043,2.188],[-54.048,2.189],[-54.069,2.188],[-54.077,2.184],[-54.084,2.169],[-54.098,2.128],[-54.111,2.114],[-54.112,2.114],[-54.135,2.111],[-54.148,2.114],[-54.157,2.122],[-54.189,2.161],[-54.194,2.163],[-54.21,2.162],[-54.23,2.157],[-54.246,2.152],[-54.264,2.148],[-54.314,2.155],[-54.323,2.157],[-54.335,2.164],[-54.361,2.188],[-54.374,2.197],[-54.381,2.198],[-54.388,2.196],[-54.403,2.197],[-54.411,2.2],[-54.427,2.207],[-54.434,2.209],[-54.477,2.214],[-54.493,2.223],[-54.511,2.243],[-54.546,2.269],[-54.549,2.279],[-54.526,2.283],[-54.544,2.3],[-54.565,2.315],[-54.588,2.324],[-54.615,2.326],[-54.599,2.346],[-54.585,2.348],[-54.551,2.338],[-54.532,2.34],[-54.52,2.349],[-54.493,2.417],[-54.483,2.423],[-54.473,2.429],[-54.451,2.429],[-54.435,2.431],[-54.423,2.436],[-54.376,2.484],[-54.359,2.508],[-54.32,2.607],[-54.285,2.678],[-54.213,2.776],[-54.205,2.792],[-54.189,2.838],[-54.182,2.847],[-54.17,2.853],[-54.183,2.864],[-54.19,2.871],[-54.191,2.877],[-54.191,2.888],[-54.187,2.899],[-54.173,2.92],[-54.17,2.925],[-54.163,2.956],[-54.163,2.97],[-54.169,2.971],[-54.18,2.984],[-54.185,2.998],[-54.174,3.005],[-54.169,3.011],[-54.171,3.025],[-54.177,3.049],[-54.179,3.052],[-54.189,3.058],[-54.191,3.059],[-54.188,3.065],[-54.184,3.068],[-54.179,3.07],[-54.177,3.073],[-54.175,3.094],[-54.177,3.117],[-54.188,3.131],[-54.211,3.127]]]}},{"type":"Feature","id":"FR-GP","properties":{"id":"FR-GP","countryCode":"FR","isoSubdivision":"FR-GP","name":"Guadeloupe","name_en":"Guadeloupe","name_ko":"과들루프","type":"Overseas department","labelLongitude":-61.682,"labelLatitude":16.188,"minZoom":8},"geometry":{"type":"MultiPolygon","coordinates":[[[[-61.194,15.932],[-61.195,15.92],[-61.198,15.911],[-61.204,15.903],[-61.216,15.894],[-61.241,15.882],[-61.275,15.874],[-61.305,15.878],[-61.318,15.904],[-61.319,15.911],[-61.322,15.919],[-61.325,15.926],[-61.329,15.929],[-61.332,15.932],[-61.328,15.939],[-61.318,15.953],[-61.315,15.967],[-61.308,15.978],[-61.29,15.998],[-61.268,16.009],[-61.244,16.004],[-61.224,15.988],[-61.212,15.959],[-61.205,15.953],[-61.197,15.945],[-61.194,15.932]]],[[[-60.989,16.346],[-61.04,16.314],[-61.069,16.302],[-61.092,16.305],[-61.079,16.312],[-61.039,16.344],[-61.015,16.354],[-60.989,16.346]]],[[[-61.552,16.286],[-61.549,16.281],[-61.555,16.258],[-61.548,16.238],[-61.555,16.237],[-61.573,16.233],[-61.579,16.222],[-61.577,16.176],[-61.565,16.141],[-61.558,16.086],[-61.566,16.034],[-61.597,15.997],[-61.643,15.97],[-61.695,15.949],[-61.697,15.955],[-61.702,15.97],[-61.695,15.976],[-61.702,15.99],[-61.711,15.997],[-61.721,16.004],[-61.733,16.014],[-61.74,16.026],[-61.744,16.037],[-61.748,16.047],[-61.756,16.052],[-61.769,16.088],[-61.769,16.166],[-61.784,16.202],[-61.779,16.217],[-61.784,16.229],[-61.792,16.24],[-61.797,16.251],[-61.798,16.268],[-61.794,16.299],[-61.797,16.312],[-61.788,16.32],[-61.771,16.349],[-61.756,16.361],[-61.738,16.365],[-61.729,16.36],[-61.722,16.351],[-61.712,16.346],[-61.687,16.342],[-61.65,16.329],[-61.616,16.312],[-61.599,16.292],[-61.613,16.286],[-61.605,16.282],[-61.603,16.281],[-61.603,16.282],[-61.599,16.286],[-61.596,16.282],[-61.585,16.271],[-61.58,16.282],[-61.571,16.29],[-61.558,16.292],[-61.552,16.286]]],[[[-61.544,16.285],[-61.544,16.286],[-61.528,16.338],[-61.518,16.349],[-61.5,16.353],[-61.497,16.357],[-61.496,16.365],[-61.495,16.374],[-61.496,16.381],[-61.5,16.386],[-61.507,16.39],[-61.516,16.393],[-61.524,16.395],[-61.529,16.43],[-61.534,16.439],[-61.534,16.449],[-61.526,16.462],[-61.51,16.48],[-61.506,16.487],[-61.496,16.494],[-61.465,16.51],[-61.463,16.513],[-61.459,16.512],[-61.427,16.489],[-61.409,16.472],[-61.398,16.452],[-61.393,16.425],[-61.396,16.399],[-61.394,16.389],[-61.386,16.374],[-61.377,16.36],[-61.366,16.349],[-61.353,16.34],[-61.339,16.333],[-61.332,16.34],[-61.322,16.335],[-61.312,16.334],[-61.302,16.335],[-61.29,16.333],[-61.281,16.327],[-61.259,16.309],[-61.253,16.305],[-61.243,16.3],[-61.188,16.264],[-61.169,16.259],[-61.164,16.253],[-61.175,16.244],[-61.183,16.244],[-61.211,16.251],[-61.219,16.254],[-61.234,16.258],[-61.411,16.219],[-61.444,16.205],[-61.462,16.202],[-61.484,16.206],[-61.503,16.213],[-61.52,16.223],[-61.534,16.233],[-61.544,16.246],[-61.548,16.258],[-61.548,16.271],[-61.544,16.285]]],[[[-61.625,15.871],[-61.621,15.868],[-61.616,15.86],[-61.619,15.852],[-61.628,15.847],[-61.638,15.853],[-61.635,15.866],[-61.625,15.871]]],[[[-61.566,15.878],[-61.566,15.877],[-61.565,15.874],[-61.571,15.87],[-61.582,15.862],[-61.593,15.858],[-61.596,15.863],[-61.59,15.868],[-61.585,15.871],[-61.58,15.881],[-61.574,15.883],[-61.568,15.881],[-61.566,15.878]]]]}},{"type":"Feature","id":"FR-MQ","properties":{"id":"FR-MQ","countryCode":"FR","isoSubdivision":"FR-MQ","name":"Martinique","name_en":"Martinique","name_ko":"마르티니크","type":"Overseas department","labelLongitude":-61.064,"labelLatitude":14.725,"minZoom":8},"geometry":{"type":"Polygon","coordinates":[[[-60.81,14.462],[-60.823,14.457],[-60.835,14.428],[-60.845,14.414],[-60.856,14.409],[-60.871,14.408],[-60.882,14.413],[-60.887,14.428],[-60.881,14.438],[-60.869,14.441],[-60.86,14.447],[-60.859,14.462],[-60.869,14.476],[-60.882,14.471],[-60.898,14.461],[-60.914,14.462],[-60.913,14.472],[-60.92,14.473],[-60.948,14.469],[-61.006,14.476],[-61.022,14.474],[-61.046,14.464],[-61.061,14.462],[-61.07,14.467],[-61.092,14.497],[-61.091,14.504],[-61.092,14.508],[-61.097,14.512],[-61.106,14.517],[-61.079,14.545],[-61.052,14.557],[-61.044,14.565],[-61.033,14.55],[-61.018,14.545],[-61.003,14.551],[-60.996,14.565],[-60.999,14.571],[-61.007,14.582],[-61.014,14.596],[-61.016,14.613],[-61.031,14.608],[-61.044,14.605],[-61.054,14.605],[-61.065,14.606],[-61.086,14.605],[-61.092,14.606],[-61.096,14.61],[-61.102,14.622],[-61.106,14.626],[-61.142,14.65],[-61.16,14.667],[-61.167,14.685],[-61.168,14.691],[-61.17,14.696],[-61.174,14.701],[-61.178,14.706],[-61.182,14.713],[-61.18,14.72],[-61.177,14.726],[-61.175,14.733],[-61.177,14.745],[-61.183,14.756],[-61.191,14.766],[-61.219,14.795],[-61.226,14.808],[-61.229,14.822],[-61.226,14.836],[-61.219,14.847],[-61.211,14.854],[-61.171,14.876],[-61.136,14.877],[-61.102,14.866],[-61.058,14.839],[-61.019,14.822],[-61.002,14.811],[-60.998,14.804],[-60.996,14.795],[-60.991,14.788],[-60.979,14.785],[-60.961,14.75],[-60.947,14.761],[-60.927,14.771],[-60.903,14.777],[-60.879,14.777],[-60.886,14.772],[-60.892,14.768],[-60.895,14.764],[-60.893,14.757],[-60.914,14.736],[-60.926,14.756],[-60.934,14.75],[-60.937,14.731],[-60.935,14.709],[-60.926,14.713],[-60.919,14.712],[-60.913,14.709],[-60.907,14.703],[-60.935,14.688],[-60.927,14.681],[-60.939,14.675],[-60.937,14.666],[-60.929,14.664],[-60.92,14.675],[-60.887,14.661],[-60.894,14.66],[-60.898,14.658],[-60.902,14.656],[-60.907,14.654],[-60.901,14.639],[-60.893,14.631],[-60.873,14.62],[-60.87,14.614],[-60.869,14.608],[-60.865,14.602],[-60.855,14.599],[-60.848,14.596],[-60.845,14.589],[-60.844,14.579],[-60.845,14.571],[-60.832,14.579],[-60.836,14.566],[-60.836,14.553],[-60.833,14.541],[-60.825,14.53],[-60.831,14.527],[-60.833,14.524],[-60.835,14.521],[-60.838,14.517],[-60.825,14.51],[-60.82,14.497],[-60.817,14.481],[-60.81,14.469],[-60.81,14.462]]]}},{"type":"Feature","id":"FR-RE","properties":{"id":"FR-RE","countryCode":"FR","isoSubdivision":"FR-RE","name":"Réunion","name_en":"Réunion","name_ko":"레위니옹","type":"Overseas department","labelLongitude":55.541,"labelLatitude":-21.115,"minZoom":8},"geometry":{"type":"Polygon","coordinates":[[[55.788,-21.103],[55.802,-21.112],[55.838,-21.126],[55.85,-21.138],[55.855,-21.157],[55.849,-21.174],[55.841,-21.191],[55.824,-21.264],[55.822,-21.285],[55.823,-21.304],[55.821,-21.325],[55.812,-21.343],[55.791,-21.35],[55.756,-21.349],[55.738,-21.352],[55.707,-21.367],[55.683,-21.371],[55.66,-21.37],[55.644,-21.364],[55.627,-21.369],[55.602,-21.37],[55.575,-21.368],[55.554,-21.364],[55.537,-21.355],[55.506,-21.334],[55.475,-21.327],[55.434,-21.312],[55.418,-21.302],[55.41,-21.293],[55.404,-21.284],[55.398,-21.278],[55.387,-21.275],[55.355,-21.275],[55.35,-21.271],[55.342,-21.258],[55.308,-21.219],[55.296,-21.2],[55.291,-21.176],[55.291,-21.159],[55.288,-21.144],[55.246,-21.091],[55.233,-21.069],[55.225,-21.048],[55.225,-21.03],[55.231,-21.01],[55.242,-20.993],[55.275,-20.98],[55.288,-20.965],[55.292,-20.947],[55.287,-20.932],[55.293,-20.926],[55.295,-20.922],[55.293,-20.917],[55.287,-20.912],[55.303,-20.905],[55.336,-20.905],[55.364,-20.886],[55.408,-20.863],[55.456,-20.861],[55.473,-20.863],[55.501,-20.873],[55.514,-20.875],[55.527,-20.87],[55.542,-20.875],[55.578,-20.875],[55.592,-20.88],[55.606,-20.888],[55.651,-20.898],[55.664,-20.905],[55.674,-20.913],[55.695,-20.935],[55.703,-20.949],[55.707,-20.982],[55.712,-20.994],[55.737,-21.018],[55.74,-21.025],[55.741,-21.045],[55.744,-21.055],[55.747,-21.063],[55.753,-21.067],[55.771,-21.074],[55.774,-21.079],[55.776,-21.084],[55.788,-21.103]]]}},{"type":"Feature","id":"FR-YT","properties":{"id":"FR-YT","countryCode":"FR","isoSubdivision":"FR-YT","name":"Mayotte","name_en":"Mayotte","name_ko":"마요트","type":"Overseas department","labelLongitude":45.277,"labelLatitude":-12.777,"minZoom":8},"geometry":{"type":"MultiPolygon","coordinates":[[[[45.262,-12.763],[45.277,-12.747],[45.283,-12.743],[45.289,-12.76],[45.291,-12.774],[45.288,-12.788],[45.283,-12.805],[45.276,-12.805],[45.262,-12.763]]],[[[45.201,-12.723],[45.218,-12.734],[45.225,-12.746],[45.225,-12.76],[45.221,-12.778],[45.197,-12.812],[45.188,-12.817],[45.189,-12.829],[45.195,-12.841],[45.213,-12.852],[45.211,-12.865],[45.204,-12.879],[45.201,-12.884],[45.192,-12.905],[45.175,-12.924],[45.168,-12.944],[45.186,-12.969],[45.182,-12.976],[45.178,-12.981],[45.173,-12.985],[45.166,-12.989],[45.16,-12.979],[45.153,-12.98],[45.144,-12.986],[45.132,-12.989],[45.121,-12.986],[45.113,-12.981],[45.107,-12.978],[45.097,-12.982],[45.098,-12.968],[45.094,-12.958],[45.085,-12.954],[45.07,-12.955],[45.07,-12.949],[45.088,-12.94],[45.09,-12.924],[45.081,-12.908],[45.063,-12.899],[45.065,-12.893],[45.073,-12.888],[45.084,-12.887],[45.09,-12.891],[45.108,-12.912],[45.125,-12.921],[45.134,-12.917],[45.136,-12.904],[45.132,-12.887],[45.124,-12.875],[45.113,-12.863],[45.084,-12.839],[45.098,-12.833],[45.105,-12.833],[45.105,-12.826],[45.099,-12.817],[45.094,-12.803],[45.091,-12.774],[45.087,-12.76],[45.078,-12.754],[45.067,-12.75],[45.057,-12.743],[45.049,-12.734],[45.045,-12.725],[45.043,-12.714],[45.042,-12.698],[45.091,-12.647],[45.095,-12.654],[45.096,-12.657],[45.097,-12.661],[45.093,-12.662],[45.09,-12.663],[45.084,-12.668],[45.091,-12.667],[45.094,-12.669],[45.095,-12.672],[45.097,-12.674],[45.111,-12.686],[45.129,-12.707],[45.139,-12.715],[45.153,-12.718],[45.184,-12.718],[45.201,-12.723]]]]}},{"type":"Feature","id":"NE:CLP+00?","properties":{"id":"NE:CLP+00?","countryCode":"FR","isoSubdivision":null,"name":"Clipperton Island","name_en":"Clipperton Island","name_ko":"클리퍼턴섬","type":"Principal subdivision","labelLongitude":-109.222,"labelLatitude":10.297,"minZoom":11},"geometry":{"type":"Polygon","coordinates":[[[-109.212,10.303],[-109.21,10.289],[-109.219,10.282],[-109.228,10.292],[-109.234,10.308],[-109.226,10.311],[-109.212,10.303]]]}}]}
