{"type":"FeatureCollection","features":[{"type":"Feature","id":"ID-AC","properties":{"id":"ID-AC","countryCode":"ID","isoSubdivision":"ID-AC","name":"Aceh","name_en":"Aceh","name_ko":"아체","type":"Autonomous Province","labelLongitude":96.996,"labelLatitude":4.415,"minZoom":4.6},"geometry":{"type":"MultiPolygon","coordinates":[[[[98.101,2.189],[98.09,2.196],[97.984,2.244],[97.956,2.272],[97.933,2.27],[97.881,2.25],[97.867,2.247],[97.851,2.251],[97.829,2.264],[97.818,2.259],[97.81,2.264],[97.803,2.272],[97.795,2.278],[97.786,2.278],[97.769,2.273],[97.757,2.272],[97.744,2.281],[97.706,2.346],[97.676,2.376],[97.664,2.392],[97.658,2.412],[97.661,2.527],[97.644,2.669],[97.609,2.849],[97.603,2.866],[97.593,2.874],[97.577,2.876],[97.535,2.888],[97.485,2.913],[97.464,2.92],[97.442,2.922],[97.422,2.928],[97.405,2.943],[97.332,3.031],[97.313,3.062],[97.301,3.093],[97.285,3.178],[97.271,3.214],[97.24,3.238],[97.207,3.241],[97.183,3.246],[97.172,3.255],[97.166,3.268],[97.019,3.523],[97,3.546],[96.922,3.606],[96.903,3.635],[96.892,3.666],[96.884,3.682],[96.873,3.689],[96.866,3.692],[96.842,3.707],[96.838,3.713],[96.829,3.717],[96.818,3.72],[96.808,3.724],[96.778,3.743],[96.761,3.749],[96.56,3.747],[96.52,3.755],[96.48,3.779],[96.43,3.825],[96.279,4.026],[96.211,4.094],[96.208,4.1],[96.202,4.115],[96.198,4.121],[96.191,4.126],[96.175,4.133],[96.168,4.138],[96.16,4.141],[96.147,4.142],[96.135,4.142],[96.13,4.138],[96.125,4.136],[96.114,4.147],[96.065,4.205],[96.05,4.214],[96.031,4.217],[96.01,4.226],[95.903,4.345],[95.814,4.433],[95.807,4.446],[95.759,4.484],[95.726,4.532],[95.657,4.58],[95.617,4.628],[95.599,4.635],[95.576,4.635],[95.565,4.638],[95.561,4.646],[95.563,4.652],[95.573,4.661],[95.575,4.667],[95.573,4.674],[95.567,4.675],[95.56,4.675],[95.554,4.676],[95.527,4.697],[95.515,4.714],[95.489,4.762],[95.468,4.789],[95.46,4.797],[95.441,4.811],[95.434,4.817],[95.426,4.827],[95.425,4.832],[95.425,4.837],[95.424,4.847],[95.418,4.862],[95.406,4.888],[95.4,4.911],[95.386,4.935],[95.38,4.96],[95.349,5.038],[95.339,5.054],[95.324,5.07],[95.313,5.087],[95.306,5.104],[95.297,5.116],[95.28,5.123],[95.299,5.15],[95.302,5.172],[95.291,5.192],[95.273,5.211],[95.256,5.223],[95.249,5.231],[95.246,5.242],[95.244,5.256],[95.24,5.271],[95.232,5.282],[95.221,5.287],[95.199,5.293],[95.205,5.308],[95.222,5.326],[95.232,5.345],[95.234,5.359],[95.245,5.379],[95.252,5.396],[95.254,5.412],[95.25,5.425],[95.232,5.451],[95.245,5.461],[95.237,5.474],[95.224,5.49],[95.225,5.505],[95.204,5.534],[95.197,5.546],[95.213,5.573],[95.224,5.58],[95.239,5.574],[95.25,5.579],[95.26,5.578],[95.27,5.574],[95.28,5.574],[95.288,5.579],[95.305,5.592],[95.316,5.598],[95.335,5.612],[95.345,5.615],[95.359,5.617],[95.369,5.621],[95.413,5.65],[95.432,5.655],[95.45,5.65],[95.477,5.624],[95.494,5.612],[95.503,5.605],[95.511,5.603],[95.521,5.609],[95.534,5.622],[95.576,5.631],[95.612,5.627],[95.762,5.577],[95.84,5.529],[95.855,5.522],[95.873,5.52],[95.888,5.512],[95.894,5.494],[95.904,5.451],[95.93,5.414],[96.055,5.314],[96.088,5.295],[96.126,5.282],[96.291,5.259],[96.304,5.254],[96.344,5.232],[96.362,5.225],[96.407,5.217],[96.429,5.218],[96.448,5.229],[96.466,5.236],[96.486,5.229],[96.507,5.219],[96.527,5.211],[96.568,5.208],[96.651,5.216],[96.685,5.225],[96.785,5.26],[96.828,5.28],[96.849,5.277],[96.894,5.262],[96.907,5.263],[96.923,5.269],[96.973,5.273],[97.03,5.251],[97.074,5.238],[97.11,5.214],[97.149,5.199],[97.166,5.174],[97.176,5.161],[97.195,5.157],[97.227,5.146],[97.268,5.155],[97.497,5.252],[97.526,5.242],[97.664,5.073],[97.83,4.939],[97.874,4.919],[97.894,4.906],[97.909,4.89],[97.956,4.808],[97.963,4.789],[97.975,4.706],[97.984,4.678],[98.007,4.634],[98.009,4.624],[98.007,4.598],[97.997,4.57],[97.993,4.554],[97.997,4.546],[98.026,4.553],[98.039,4.552],[98.048,4.539],[98.054,4.553],[98.061,4.555],[98.076,4.546],[98.079,4.541],[98.083,4.536],[98.09,4.533],[98.094,4.533],[98.106,4.538],[98.114,4.539],[98.138,4.534],[98.16,4.522],[98.176,4.505],[98.186,4.484],[98.192,4.484],[98.195,4.489],[98.202,4.494],[98.206,4.498],[98.219,4.485],[98.241,4.457],[98.254,4.443],[98.268,4.432],[98.276,4.425],[98.279,4.415],[98.282,4.365],[98.268,4.293],[98.268,4.288],[98.264,4.288],[98.188,4.295],[98.178,4.294],[98.147,4.286],[98.138,4.282],[98.127,4.266],[98.115,4.259],[98.104,4.256],[98.075,4.255],[98.066,4.251],[98.063,4.24],[98.073,4.223],[98.075,4.213],[98.072,4.202],[98.063,4.192],[98.056,4.182],[98.045,4.136],[98.033,4.104],[98.024,4.062],[98.023,4.051],[98.019,4.032],[98.012,4.014],[98.008,3.997],[98.001,3.98],[97.986,3.964],[97.956,3.941],[97.945,3.931],[97.939,3.919],[97.936,3.909],[97.931,3.902],[97.921,3.9],[97.911,3.901],[97.89,3.915],[97.885,3.885],[97.888,3.865],[97.892,3.856],[97.893,3.848],[97.877,3.822],[97.798,3.757],[97.79,3.751],[97.784,3.745],[97.778,3.736],[97.778,3.725],[97.783,3.712],[97.81,3.67],[97.82,3.648],[97.837,3.594],[97.844,3.58],[97.855,3.57],[97.863,3.566],[97.87,3.561],[97.876,3.553],[97.881,3.541],[97.888,3.52],[97.894,3.507],[97.911,3.491],[97.914,3.484],[97.911,3.473],[97.904,3.457],[97.903,3.447],[97.907,3.433],[97.914,3.417],[97.92,3.405],[97.93,3.394],[97.969,3.368],[97.976,3.361],[97.99,3.33],[97.973,3.3],[97.952,3.286],[97.886,3.269],[97.873,3.264],[97.864,3.257],[97.871,3.246],[97.887,3.231],[97.894,3.223],[97.899,3.214],[97.903,3.203],[97.907,3.185],[97.911,3.173],[97.936,3.141],[97.94,3.128],[97.942,3.117],[97.938,3.086],[97.927,3.08],[97.919,3.08],[97.903,3.083],[97.896,3.083],[97.893,3.079],[97.893,3.072],[97.898,3.057],[97.915,2.978],[97.909,2.936],[97.91,2.924],[97.914,2.917],[97.923,2.909],[97.935,2.904],[97.958,2.899],[97.967,2.894],[97.996,2.854],[98.005,2.844],[98.02,2.837],[98.037,2.832],[98.048,2.824],[98.057,2.812],[98.06,2.798],[98.053,2.788],[98.047,2.778],[98.045,2.761],[98.047,2.742],[98.057,2.712],[98.07,2.691],[98.072,2.685],[98.069,2.677],[98.059,2.666],[98.039,2.652],[98.037,2.646],[98.037,2.628],[98.036,2.62],[98.028,2.6],[98.026,2.589],[98.025,2.576],[98.034,2.528],[98.055,2.458],[98.063,2.444],[98.071,2.44],[98.081,2.439],[98.089,2.435],[98.097,2.425],[98.104,2.403],[98.119,2.367],[98.128,2.327],[98.126,2.309],[98.101,2.189]]],[[[97.151,2.058],[97.145,2.052],[97.123,2.039],[97.12,2.035],[97.124,2.022],[97.115,2.015],[97.102,2.016],[97.069,2.087],[97.075,2.086],[97.087,2.097],[97.093,2.106],[97.1,2.111],[97.12,2.113],[97.134,2.107],[97.143,2.092],[97.148,2.074],[97.151,2.058]]],[[[96.644,2.127],[96.658,2.122],[96.668,2.113],[96.672,2.102],[96.665,2.088],[96.644,2.074],[96.623,2.071],[96.61,2.08],[96.61,2.107],[96.613,2.119],[96.618,2.127],[96.628,2.129],[96.644,2.127]]],[[[97.329,2.148],[97.336,2.127],[97.341,2.106],[97.343,2.083],[97.342,2.058],[97.34,2.049],[97.335,2.042],[97.329,2.036],[97.322,2.031],[97.32,2.05],[97.322,2.058],[97.306,2.057],[97.296,2.07],[97.288,2.087],[97.278,2.103],[97.234,2.147],[97.227,2.158],[97.207,2.176],[97.103,2.213],[97.109,2.22],[97.125,2.225],[97.167,2.233],[97.172,2.233],[97.178,2.231],[97.183,2.226],[97.192,2.209],[97.208,2.208],[97.221,2.214],[97.233,2.224],[97.247,2.231],[97.265,2.232],[97.281,2.229],[97.289,2.221],[97.282,2.209],[97.306,2.185],[97.32,2.179],[97.324,2.17],[97.329,2.148]]],[[[96.48,2.415],[96.475,2.398],[96.481,2.379],[96.481,2.364],[96.459,2.36],[96.466,2.36],[96.431,2.349],[96.421,2.343],[96.411,2.344],[96.37,2.367],[96.351,2.355],[96.335,2.355],[96.321,2.363],[96.308,2.374],[96.313,2.379],[96.323,2.39],[96.328,2.395],[96.306,2.405],[96.285,2.436],[96.24,2.449],[96.066,2.579],[96.043,2.592],[96.02,2.6],[96.011,2.601],[95.986,2.6],[95.981,2.603],[95.972,2.612],[95.965,2.614],[95.961,2.607],[95.958,2.602],[95.955,2.6],[95.948,2.598],[95.94,2.595],[95.931,2.596],[95.911,2.61],[95.892,2.616],[95.883,2.62],[95.878,2.629],[95.878,2.637],[95.875,2.646],[95.863,2.655],[95.791,2.655],[95.785,2.661],[95.787,2.674],[95.794,2.696],[95.789,2.704],[95.759,2.724],[95.762,2.74],[95.749,2.75],[95.735,2.758],[95.736,2.768],[95.74,2.778],[95.728,2.779],[95.71,2.777],[95.698,2.779],[95.693,2.792],[95.693,2.813],[95.7,2.832],[95.715,2.84],[95.769,2.841],[95.78,2.846],[95.782,2.855],[95.777,2.861],[95.77,2.865],[95.766,2.867],[95.767,2.878],[95.772,2.895],[95.773,2.905],[95.785,2.925],[95.787,2.933],[95.792,2.943],[95.802,2.938],[95.811,2.927],[95.814,2.922],[95.884,2.919],[95.912,2.906],[95.91,2.874],[95.891,2.889],[95.883,2.884],[95.883,2.846],[95.917,2.861],[95.928,2.845],[95.965,2.828],[95.982,2.79],[96.003,2.777],[96.028,2.768],[96.091,2.758],[96.107,2.75],[96.126,2.734],[96.131,2.715],[96.102,2.675],[96.103,2.655],[96.119,2.666],[96.13,2.665],[96.138,2.658],[96.147,2.655],[96.156,2.648],[96.162,2.648],[96.164,2.655],[96.161,2.661],[96.147,2.671],[96.144,2.679],[96.158,2.68],[96.246,2.6],[96.258,2.592],[96.291,2.575],[96.304,2.572],[96.321,2.566],[96.336,2.552],[96.359,2.521],[96.364,2.508],[96.368,2.49],[96.375,2.474],[96.39,2.47],[96.395,2.477],[96.397,2.493],[96.396,2.525],[96.411,2.509],[96.417,2.506],[96.424,2.511],[96.444,2.49],[96.465,2.438],[96.48,2.415]]],[[[95.177,5.628],[95.191,5.608],[95.181,5.609],[95.171,5.607],[95.163,5.602],[95.156,5.595],[95.145,5.604],[95.134,5.606],[95.122,5.607],[95.112,5.612],[95.109,5.622],[95.118,5.632],[95.13,5.64],[95.136,5.646],[95.142,5.664],[95.155,5.657],[95.177,5.628]]],[[[95.115,5.711],[95.127,5.702],[95.133,5.691],[95.132,5.68],[95.122,5.669],[95.095,5.684],[95.061,5.656],[95.057,5.669],[95.057,5.675],[95.061,5.684],[95.05,5.686],[95.048,5.69],[95.051,5.694],[95.057,5.701],[95.057,5.707],[95.051,5.713],[95.049,5.718],[95.061,5.725],[95.061,5.732],[95.049,5.736],[95.04,5.736],[95.033,5.734],[95.023,5.732],[95.013,5.736],[95.015,5.745],[95.024,5.754],[95.034,5.76],[95.058,5.757],[95.081,5.741],[95.102,5.72],[95.122,5.705],[95.115,5.711]]],[[[95.342,5.896],[95.351,5.887],[95.383,5.842],[95.383,5.807],[95.376,5.807],[95.373,5.814],[95.369,5.818],[95.355,5.828],[95.355,5.795],[95.35,5.784],[95.338,5.779],[95.32,5.781],[95.303,5.786],[95.287,5.794],[95.273,5.807],[95.266,5.821],[95.26,5.839],[95.253,5.855],[95.231,5.869],[95.221,5.886],[95.214,5.903],[95.215,5.91],[95.236,5.909],[95.248,5.905],[95.259,5.896],[95.272,5.87],[95.284,5.857],[95.297,5.859],[95.307,5.872],[95.315,5.888],[95.325,5.898],[95.342,5.896]]]]}},{"type":"Feature","id":"ID-BA","properties":{"id":"ID-BA","countryCode":"ID","isoSubdivision":"ID-BA","name":"Bali","name_en":"Bali","name_ko":"발리","type":"Province","labelLongitude":115.179,"labelLatitude":-8.341,"minZoom":4.6},"geometry":{"type":"MultiPolygon","coordinates":[[[[115.55,-8.666],[115.573,-8.672],[115.589,-8.696],[115.598,-8.719],[115.616,-8.74],[115.624,-8.769],[115.607,-8.787],[115.589,-8.807],[115.561,-8.799],[115.505,-8.761],[115.489,-8.741],[115.475,-8.737],[115.468,-8.732],[115.471,-8.724],[115.507,-8.679],[115.518,-8.67],[115.535,-8.674],[115.55,-8.666]]],[[[115.619,-8.289],[115.653,-8.318],[115.691,-8.344],[115.714,-8.375],[115.701,-8.419],[115.691,-8.429],[115.658,-8.455],[115.64,-8.466],[115.615,-8.492],[115.605,-8.501],[115.534,-8.507],[115.523,-8.511],[115.516,-8.534],[115.499,-8.548],[115.364,-8.597],[115.323,-8.624],[115.291,-8.659],[115.269,-8.699],[115.254,-8.715],[115.232,-8.721],[115.212,-8.728],[115.203,-8.747],[115.205,-8.769],[115.221,-8.789],[115.228,-8.782],[115.223,-8.778],[115.214,-8.762],[115.232,-8.754],[115.238,-8.772],[115.236,-8.82],[115.229,-8.83],[115.213,-8.84],[115.195,-8.847],[115.181,-8.851],[115.157,-8.852],[115.135,-8.851],[115.113,-8.845],[115.095,-8.834],[115.094,-8.818],[115.115,-8.803],[115.159,-8.782],[115.171,-8.769],[115.182,-8.746],[115.186,-8.722],[115.177,-8.703],[115.172,-8.697],[115.156,-8.662],[115.149,-8.658],[115.14,-8.655],[115.132,-8.652],[115.103,-8.63],[115.09,-8.615],[115.085,-8.6],[115.077,-8.585],[115.058,-8.571],[115.023,-8.549],[114.953,-8.485],[114.927,-8.467],[114.797,-8.405],[114.756,-8.398],[114.639,-8.399],[114.605,-8.386],[114.574,-8.362],[114.549,-8.334],[114.468,-8.219],[114.448,-8.122],[114.452,-8.095],[114.481,-8.09],[114.505,-8.09],[114.518,-8.1],[114.527,-8.114],[114.54,-8.128],[114.555,-8.134],[114.571,-8.129],[114.597,-8.111],[114.613,-8.122],[114.634,-8.127],[114.673,-8.131],[114.691,-8.135],[114.858,-8.193],[114.893,-8.18],[114.984,-8.18],[115.023,-8.173],[115.063,-8.143],[115.136,-8.073],[115.173,-8.055],[115.193,-8.055],[115.216,-8.06],[115.236,-8.068],[115.252,-8.08],[115.269,-8.089],[115.338,-8.104],[115.502,-8.173],[115.535,-8.195],[115.565,-8.222],[115.619,-8.289]]]]}},{"type":"Feature","id":"ID-BB","properties":{"id":"ID-BB","countryCode":"ID","isoSubdivision":"ID-BB","name":"Bangka Belitung Islands","name_en":"Bangka Belitung Islands","name_ko":"방카벨리퉁","type":"Province","labelLongitude":106.819,"labelLatitude":-2.958,"minZoom":4.6},"geometry":{"type":"MultiPolygon","coordinates":[[[[106.909,-2.93],[106.916,-2.951],[106.891,-2.995],[106.895,-3.018],[106.866,-3.027],[106.861,-3.029],[106.816,-3.018],[106.799,-3.011],[106.758,-2.978],[106.723,-2.966],[106.726,-2.956],[106.734,-2.947],[106.738,-2.943],[106.746,-2.927],[106.75,-2.923],[106.772,-2.907],[106.792,-2.896],[106.813,-2.892],[106.826,-2.903],[106.844,-2.912],[106.89,-2.92],[106.909,-2.93]]],[[[107.099,-2.859],[107.097,-2.885],[107.091,-2.903],[107.084,-2.91],[107.07,-2.907],[107.06,-2.901],[107.044,-2.897],[107.034,-2.889],[107.017,-2.88],[107.033,-2.859],[107.046,-2.841],[107.059,-2.832],[107.061,-2.827],[107.065,-2.823],[107.073,-2.82],[107.078,-2.823],[107.086,-2.84],[107.099,-2.859]]],[[[107.395,-2.869],[107.4,-2.851],[107.426,-2.835],[107.458,-2.824],[107.484,-2.82],[107.495,-2.823],[107.494,-2.838],[107.498,-2.845],[107.505,-2.855],[107.495,-2.876],[107.481,-2.899],[107.463,-2.916],[107.428,-2.926],[107.41,-2.948],[107.398,-2.938],[107.369,-2.905],[107.341,-2.887],[107.348,-2.875],[107.366,-2.882],[107.381,-2.875],[107.395,-2.869]]],[[[108.294,-2.848],[108.289,-2.867],[108.279,-2.88],[108.27,-2.891],[108.266,-2.9],[108.257,-2.926],[108.216,-2.979],[108.204,-3.005],[108.205,-3.015],[108.21,-3.03],[108.211,-3.04],[108.208,-3.049],[108.199,-3.069],[108.198,-3.077],[108.195,-3.081],[108.191,-3.087],[108.186,-3.095],[108.184,-3.105],[108.188,-3.112],[108.205,-3.126],[108.211,-3.136],[108.188,-3.137],[108.152,-3.152],[108.132,-3.156],[108.109,-3.157],[108.091,-3.161],[108.079,-3.172],[108.074,-3.19],[108.074,-3.226],[108.064,-3.231],[108.036,-3.232],[108.012,-3.237],[107.994,-3.242],[107.981,-3.24],[107.971,-3.218],[107.97,-3.172],[107.966,-3.151],[107.941,-3.134],[107.888,-3.087],[107.89,-3.086],[107.891,-3.079],[107.889,-3.07],[107.882,-3.06],[107.87,-3.052],[107.865,-3.053],[107.859,-3.057],[107.845,-3.06],[107.825,-3.066],[107.825,-3.081],[107.841,-3.108],[107.842,-3.145],[107.815,-3.167],[107.753,-3.198],[107.686,-3.198],[107.659,-3.233],[107.631,-3.241],[107.603,-3.229],[107.594,-3.206],[107.605,-3.177],[107.641,-3.133],[107.643,-3.128],[107.64,-3.122],[107.636,-3.118],[107.631,-3.115],[107.625,-3.105],[107.598,-3.084],[107.594,-3.075],[107.593,-3.063],[107.594,-3.05],[107.594,-3.04],[107.59,-3.029],[107.585,-3.02],[107.581,-3.011],[107.581,-2.998],[107.586,-2.986],[107.604,-2.964],[107.608,-2.954],[107.611,-2.918],[107.605,-2.914],[107.587,-2.917],[107.563,-2.928],[107.553,-2.928],[107.547,-2.917],[107.549,-2.905],[107.558,-2.894],[107.571,-2.886],[107.584,-2.883],[107.603,-2.871],[107.61,-2.844],[107.606,-2.812],[107.594,-2.786],[107.607,-2.781],[107.623,-2.771],[107.637,-2.759],[107.643,-2.748],[107.639,-2.685],[107.655,-2.585],[107.67,-2.561],[107.711,-2.553],[107.728,-2.553],[107.757,-2.561],[107.773,-2.56],[107.789,-2.554],[107.818,-2.532],[107.834,-2.525],[107.848,-2.55],[107.883,-2.564],[107.92,-2.569],[107.936,-2.564],[107.988,-2.574],[108.005,-2.58],[108.014,-2.591],[108.032,-2.642],[108.04,-2.642],[108.046,-2.615],[108.053,-2.603],[108.067,-2.594],[108.098,-2.608],[108.104,-2.612],[108.115,-2.631],[108.118,-2.635],[108.136,-2.639],[108.15,-2.65],[108.159,-2.666],[108.163,-2.683],[108.183,-2.674],[108.198,-2.678],[108.267,-2.757],[108.276,-2.794],[108.291,-2.829],[108.294,-2.848]]],[[[106.769,-2.56],[106.815,-2.561],[106.833,-2.567],[106.833,-2.58],[106.826,-2.586],[106.819,-2.586],[106.81,-2.585],[106.799,-2.587],[106.766,-2.606],[106.755,-2.608],[106.738,-2.614],[106.722,-2.629],[106.675,-2.7],[106.612,-2.87],[106.604,-2.91],[106.613,-2.943],[106.649,-2.964],[106.66,-2.966],[106.674,-2.967],[106.683,-2.971],[106.693,-2.979],[106.698,-2.988],[106.706,-2.995],[106.721,-2.998],[106.738,-3.005],[106.746,-3.02],[106.745,-3.038],[106.738,-3.053],[106.748,-3.069],[106.752,-3.074],[106.744,-3.08],[106.736,-3.077],[106.728,-3.082],[106.72,-3.09],[106.707,-3.094],[106.7,-3.092],[106.694,-3.089],[106.687,-3.087],[106.671,-3.096],[106.665,-3.092],[106.661,-3.085],[106.656,-3.08],[106.601,-3.071],[106.574,-3.077],[106.566,-3.102],[106.556,-3.097],[106.553,-3.094],[106.532,-3.106],[106.517,-3.095],[106.508,-3.072],[106.504,-3.05],[106.5,-3.039],[106.489,-3.03],[106.467,-3.015],[106.459,-3.004],[106.447,-2.981],[106.436,-2.971],[106.417,-2.966],[106.369,-2.967],[106.35,-2.961],[106.302,-2.913],[106.094,-2.841],[106.074,-2.836],[106.002,-2.831],[105.987,-2.821],[105.923,-2.716],[105.908,-2.675],[105.902,-2.629],[105.912,-2.586],[105.933,-2.542],[105.944,-2.499],[105.929,-2.457],[105.897,-2.436],[105.859,-2.42],[105.829,-2.395],[105.819,-2.347],[105.826,-2.319],[105.826,-2.307],[105.823,-2.298],[105.815,-2.282],[105.811,-2.266],[105.801,-2.246],[105.799,-2.235],[105.799,-2.201],[105.796,-2.172],[105.79,-2.16],[105.78,-2.151],[105.764,-2.142],[105.748,-2.136],[105.689,-2.128],[105.684,-2.125],[105.674,-2.117],[105.669,-2.115],[105.663,-2.115],[105.652,-2.121],[105.648,-2.122],[105.616,-2.118],[105.607,-2.115],[105.594,-2.104],[105.578,-2.077],[105.566,-2.067],[105.542,-2.082],[105.491,-2.098],[105.47,-2.108],[105.45,-2.123],[105.441,-2.124],[105.422,-2.122],[105.357,-2.122],[105.306,-2.135],[105.298,-2.132],[105.293,-2.126],[105.271,-2.095],[105.268,-2.087],[105.23,-2.07],[105.213,-2.067],[105.179,-2.07],[105.161,-2.074],[105.147,-2.08],[105.128,-2.045],[105.125,-2.004],[105.136,-1.966],[105.154,-1.936],[105.184,-1.917],[105.298,-1.874],[105.376,-1.822],[105.402,-1.783],[105.395,-1.738],[105.355,-1.715],[105.335,-1.698],[105.343,-1.69],[105.351,-1.687],[105.351,-1.678],[105.346,-1.659],[105.35,-1.649],[105.359,-1.644],[105.37,-1.641],[105.38,-1.635],[105.384,-1.629],[105.389,-1.614],[105.395,-1.608],[105.4,-1.606],[105.413,-1.608],[105.419,-1.604],[105.46,-1.563],[105.472,-1.558],[105.518,-1.56],[105.537,-1.555],[105.546,-1.549],[105.554,-1.541],[105.566,-1.532],[105.594,-1.526],[105.611,-1.54],[105.619,-1.565],[105.621,-1.59],[105.629,-1.614],[105.648,-1.633],[105.675,-1.647],[105.703,-1.655],[105.691,-1.671],[105.652,-1.707],[105.65,-1.722],[105.663,-1.74],[105.682,-1.756],[105.696,-1.765],[105.715,-1.774],[105.728,-1.773],[105.741,-1.768],[105.761,-1.765],[105.766,-1.769],[105.773,-1.787],[105.778,-1.793],[105.785,-1.794],[105.813,-1.793],[105.805,-1.773],[105.792,-1.754],[105.761,-1.721],[105.751,-1.703],[105.751,-1.684],[105.758,-1.645],[105.755,-1.643],[105.737,-1.614],[105.734,-1.605],[105.732,-1.589],[105.73,-1.58],[105.724,-1.566],[105.717,-1.552],[105.707,-1.541],[105.696,-1.532],[105.72,-1.524],[105.809,-1.526],[105.834,-1.518],[105.876,-1.489],[105.894,-1.491],[105.914,-1.494],[105.922,-1.504],[105.928,-1.519],[105.939,-1.535],[105.948,-1.539],[105.959,-1.54],[105.98,-1.539],[105.987,-1.542],[106.034,-1.576],[106.042,-1.584],[106.046,-1.594],[106.044,-1.604],[106.034,-1.613],[106.032,-1.625],[106.032,-1.666],[106.035,-1.678],[106.044,-1.686],[106.053,-1.692],[106.059,-1.696],[106.064,-1.705],[106.069,-1.723],[106.073,-1.731],[106.079,-1.736],[106.086,-1.74],[106.091,-1.746],[106.093,-1.755],[106.094,-1.767],[106.098,-1.777],[106.106,-1.783],[106.118,-1.786],[106.127,-1.79],[106.126,-1.8],[106.123,-1.811],[106.121,-1.819],[106.175,-1.879],[106.179,-1.888],[106.175,-1.898],[106.162,-1.963],[106.163,-2.007],[106.201,-2.178],[106.264,-2.351],[106.289,-2.393],[106.319,-2.431],[106.354,-2.463],[106.371,-2.472],[106.396,-2.482],[106.419,-2.485],[106.429,-2.474],[106.441,-2.471],[106.553,-2.51],[106.683,-2.532],[106.748,-2.557],[106.769,-2.56]]]]}},{"type":"Feature","id":"ID-BE","properties":{"id":"ID-BE","countryCode":"ID","isoSubdivision":"ID-BE","name":"Bengkulu","name_en":"Bengkulu","name_ko":"븡쿨루","type":"Province","labelLongitude":102.368,"labelLatitude":-3.486,"minZoom":4.6},"geometry":{"type":"MultiPolygon","coordinates":[[[[103.608,-4.916],[103.592,-4.91],[103.585,-4.91],[103.561,-4.91],[103.554,-4.909],[103.55,-4.905],[103.548,-4.901],[103.544,-4.897],[103.534,-4.89],[103.518,-4.876],[103.51,-4.869],[103.5,-4.864],[103.488,-4.859],[103.475,-4.856],[103.462,-4.856],[103.45,-4.86],[103.437,-4.866],[103.425,-4.871],[103.415,-4.869],[103.41,-4.86],[103.393,-4.814],[103.386,-4.805],[103.378,-4.799],[103.359,-4.787],[103.344,-4.8],[103.329,-4.794],[103.317,-4.777],[103.304,-4.734],[103.285,-4.715],[103.173,-4.618],[103.05,-4.543],[102.92,-4.493],[102.904,-4.478],[102.89,-4.44],[102.876,-4.421],[102.701,-4.27],[102.528,-4.151],[102.366,-4.026],[102.339,-4.011],[102.313,-3.991],[102.292,-3.965],[102.284,-3.931],[102.288,-3.915],[102.307,-3.885],[102.311,-3.865],[102.305,-3.845],[102.274,-3.81],[102.263,-3.793],[102.261,-3.782],[102.262,-3.773],[102.263,-3.765],[102.263,-3.758],[102.258,-3.747],[102.251,-3.738],[102.245,-3.728],[102.243,-3.715],[102.24,-3.678],[102.234,-3.659],[102.222,-3.643],[102.066,-3.55],[101.877,-3.421],[101.637,-3.251],[101.611,-3.225],[101.584,-3.177],[101.565,-3.162],[101.419,-2.927],[101.408,-2.886],[101.327,-2.739],[101.299,-2.708],[101.263,-2.683],[101.178,-2.641],[101.14,-2.617],[101.105,-2.587],[101.027,-2.48],[101.078,-2.434],[101.171,-2.367],[101.188,-2.36],[101.238,-2.346],[101.26,-2.336],[101.304,-2.306],[101.336,-2.297],[101.419,-2.239],[101.436,-2.236],[101.444,-2.241],[101.452,-2.249],[101.46,-2.258],[101.483,-2.281],[101.501,-2.29],[101.511,-2.298],[101.517,-2.305],[101.519,-2.311],[101.521,-2.323],[101.539,-2.351],[101.564,-2.45],[101.573,-2.465],[101.586,-2.474],[101.617,-2.487],[101.632,-2.5],[101.639,-2.51],[101.646,-2.536],[101.682,-2.567],[101.704,-2.601],[101.737,-2.636],[101.773,-2.664],[101.828,-2.692],[101.842,-2.698],[101.868,-2.705],[101.879,-2.714],[101.9,-2.74],[101.91,-2.745],[101.92,-2.745],[101.941,-2.737],[101.949,-2.735],[101.963,-2.735],[101.995,-2.749],[102.02,-2.764],[102.033,-2.77],[102.057,-2.776],[102.067,-2.782],[102.088,-2.81],[102.115,-2.83],[102.125,-2.84],[102.133,-2.854],[102.148,-2.888],[102.16,-2.902],[102.205,-2.942],[102.224,-2.954],[102.231,-2.965],[102.235,-2.977],[102.24,-3],[102.24,-3.002],[102.238,-3.004],[102.233,-3.007],[102.215,-3.008],[102.208,-3.011],[102.21,-3.023],[102.241,-3.059],[102.252,-3.066],[102.26,-3.069],[102.269,-3.068],[102.282,-3.069],[102.303,-3.08],[102.317,-3.085],[102.327,-3.085],[102.333,-3.082],[102.343,-3.071],[102.35,-3.066],[102.358,-3.065],[102.369,-3.067],[102.431,-3.088],[102.456,-3.111],[102.472,-3.123],[102.481,-3.132],[102.487,-3.142],[102.489,-3.151],[102.487,-3.16],[102.48,-3.18],[102.476,-3.213],[102.472,-3.221],[102.467,-3.227],[102.462,-3.233],[102.459,-3.238],[102.459,-3.244],[102.462,-3.25],[102.469,-3.256],[102.479,-3.26],[102.492,-3.269],[102.502,-3.279],[102.512,-3.294],[102.523,-3.305],[102.538,-3.32],[102.552,-3.336],[102.563,-3.344],[102.574,-3.349],[102.582,-3.35],[102.611,-3.367],[102.631,-3.373],[102.641,-3.369],[102.651,-3.362],[102.684,-3.33],[102.725,-3.298],[102.747,-3.285],[102.766,-3.279],[102.775,-3.283],[102.782,-3.291],[102.792,-3.321],[102.801,-3.336],[102.856,-3.371],[102.87,-3.376],[102.929,-3.386],[102.947,-3.392],[102.975,-3.396],[102.989,-3.402],[102.999,-3.408],[103.005,-3.415],[103.009,-3.425],[103.012,-3.434],[103.016,-3.459],[103.017,-3.485],[103.007,-3.565],[102.993,-3.584],[102.968,-3.581],[102.958,-3.582],[102.945,-3.585],[102.932,-3.587],[102.917,-3.584],[102.892,-3.574],[102.883,-3.574],[102.88,-3.579],[102.883,-3.59],[102.892,-3.604],[102.898,-3.617],[102.897,-3.631],[102.885,-3.642],[102.864,-3.656],[102.844,-3.666],[102.822,-3.681],[102.702,-3.791],[102.685,-3.799],[102.655,-3.807],[102.63,-3.814],[102.636,-3.827],[102.661,-3.845],[102.672,-3.858],[102.684,-3.875],[102.696,-3.887],[102.732,-3.91],[102.744,-3.924],[102.768,-3.961],[102.781,-3.972],[102.799,-3.982],[102.845,-4],[102.857,-4.003],[102.873,-4.001],[102.908,-3.991],[102.927,-3.996],[102.936,-4],[102.981,-4.035],[102.999,-4.026],[103.021,-4.024],[103.035,-4.025],[103.054,-4.023],[103.08,-4.022],[103.091,-4.019],[103.101,-4.019],[103.107,-4.02],[103.122,-4.03],[103.129,-4.033],[103.136,-4.04],[103.142,-4.047],[103.148,-4.08],[103.175,-4.14],[103.181,-4.161],[103.186,-4.243],[103.199,-4.265],[103.215,-4.263],[103.222,-4.265],[103.241,-4.272],[103.269,-4.287],[103.313,-4.296],[103.358,-4.323],[103.391,-4.335],[103.448,-4.339],[103.493,-4.369],[103.522,-4.378],[103.536,-4.378],[103.581,-4.381],[103.592,-4.384],[103.603,-4.39],[103.611,-4.402],[103.616,-4.418],[103.622,-4.505],[103.629,-4.531],[103.637,-4.548],[103.667,-4.583],[103.68,-4.618],[103.689,-4.626],[103.694,-4.639],[103.718,-4.73],[103.72,-4.744],[103.723,-4.757],[103.729,-4.766],[103.748,-4.777],[103.757,-4.786],[103.765,-4.805],[103.735,-4.839],[103.703,-4.863],[103.677,-4.877],[103.639,-4.903],[103.623,-4.908],[103.608,-4.916]]],[[[102.407,-5.404],[102.4,-5.418],[102.386,-5.43],[102.366,-5.442],[102.37,-5.453],[102.382,-5.466],[102.39,-5.477],[102.379,-5.482],[102.332,-5.472],[102.324,-5.469],[102.321,-5.473],[102.314,-5.473],[102.305,-5.472],[102.298,-5.473],[102.294,-5.477],[102.284,-5.499],[102.27,-5.489],[102.257,-5.457],[102.246,-5.442],[102.128,-5.35],[102.099,-5.335],[102.147,-5.29],[102.172,-5.28],[102.201,-5.287],[102.228,-5.302],[102.242,-5.306],[102.26,-5.308],[102.274,-5.312],[102.286,-5.323],[102.304,-5.342],[102.366,-5.361],[102.394,-5.376],[102.407,-5.404]]]]}},{"type":"Feature","id":"ID-BT","properties":{"id":"ID-BT","countryCode":"ID","isoSubdivision":"ID-BT","name":"Banten","name_en":"Banten","name_ko":"반텐","type":"Province","labelLongitude":106.167,"labelLatitude":-6.258,"minZoom":4.6},"geometry":{"type":"MultiPolygon","coordinates":[[[[106.405,-6.991],[106.402,-6.993],[106.379,-7],[106.355,-7.003],[106.333,-7.001],[106.32,-6.996],[106.311,-6.991],[106.302,-6.988],[106.289,-6.987],[106.283,-6.983],[106.273,-6.969],[106.268,-6.966],[106.254,-6.964],[106.25,-6.96],[106.249,-6.953],[106.244,-6.946],[106.238,-6.941],[106.201,-6.914],[106.168,-6.916],[106.125,-6.896],[106.053,-6.837],[106.008,-6.822],[105.979,-6.818],[105.96,-6.818],[105.94,-6.821],[105.919,-6.824],[105.902,-6.83],[105.898,-6.843],[105.884,-6.848],[105.874,-6.835],[105.855,-6.838],[105.823,-6.839],[105.792,-6.846],[105.775,-6.85],[105.756,-6.845],[105.723,-6.839],[105.703,-6.836],[105.597,-6.849],[105.555,-6.856],[105.535,-6.872],[105.498,-6.861],[105.486,-6.868],[105.471,-6.853],[105.46,-6.845],[105.442,-6.843],[105.439,-6.846],[105.43,-6.853],[105.42,-6.857],[105.416,-6.853],[105.414,-6.846],[105.409,-6.838],[105.403,-6.832],[105.398,-6.83],[105.356,-6.813],[105.311,-6.81],[105.301,-6.814],[105.296,-6.833],[105.291,-6.841],[105.284,-6.847],[105.275,-6.849],[105.256,-6.842],[105.247,-6.825],[105.236,-6.788],[105.222,-6.778],[105.217,-6.772],[105.22,-6.764],[105.227,-6.763],[105.261,-6.767],[105.275,-6.762],[105.292,-6.748],[105.319,-6.72],[105.329,-6.703],[105.336,-6.685],[105.346,-6.671],[105.364,-6.665],[105.376,-6.67],[105.39,-6.681],[105.401,-6.695],[105.408,-6.706],[105.411,-6.718],[105.41,-6.729],[105.412,-6.739],[105.435,-6.778],[105.441,-6.794],[105.454,-6.809],[105.471,-6.816],[105.49,-6.809],[105.503,-6.791],[105.517,-6.744],[105.529,-6.723],[105.607,-6.651],[105.622,-6.632],[105.628,-6.616],[105.619,-6.533],[105.644,-6.482],[105.656,-6.473],[105.678,-6.475],[105.682,-6.512],[105.699,-6.521],[105.711,-6.535],[105.739,-6.53],[105.782,-6.512],[105.809,-6.477],[105.824,-6.435],[105.821,-6.401],[105.832,-6.229],[105.84,-6.192],[105.867,-6.11],[105.888,-6.071],[105.957,-5.999],[105.967,-5.993],[105.977,-5.983],[105.997,-5.918],[106.02,-5.893],[106.053,-5.881],[106.085,-5.886],[106.107,-5.911],[106.112,-5.975],[106.118,-5.986],[106.129,-5.99],[106.159,-6.01],[106.176,-6.014],[106.209,-5.998],[106.231,-5.967],[106.257,-5.942],[106.299,-5.945],[106.361,-5.993],[106.385,-6],[106.409,-6.004],[106.47,-6.034],[106.495,-6.035],[106.512,-6.025],[106.528,-6.012],[106.549,-6.007],[106.663,-6.008],[106.685,-6.012],[106.706,-6.02],[106.721,-6.031],[106.729,-6.048],[106.731,-6.059],[106.727,-6.061],[106.695,-6.086],[106.684,-6.102],[106.702,-6.21],[106.731,-6.243],[106.742,-6.284],[106.753,-6.299],[106.763,-6.301],[106.762,-6.354],[106.766,-6.37],[106.739,-6.386],[106.631,-6.384],[106.601,-6.376],[106.581,-6.364],[106.56,-6.355],[106.532,-6.354],[106.515,-6.361],[106.502,-6.371],[106.489,-6.377],[106.48,-6.373],[106.473,-6.36],[106.469,-6.346],[106.462,-6.338],[106.452,-6.338],[106.444,-6.342],[106.431,-6.35],[106.421,-6.37],[106.426,-6.388],[106.432,-6.412],[106.434,-6.439],[106.424,-6.464],[106.41,-6.492],[106.405,-6.524],[106.427,-6.697],[106.435,-6.72],[106.444,-6.735],[106.476,-6.745],[106.489,-6.751],[106.508,-6.768],[106.506,-6.783],[106.451,-6.836],[106.413,-6.905],[106.403,-6.931],[106.397,-6.953],[106.397,-6.967],[106.4,-6.978],[106.405,-6.991]]],[[[105.264,-6.528],[105.266,-6.553],[105.264,-6.592],[105.256,-6.628],[105.24,-6.644],[105.222,-6.649],[105.204,-6.673],[105.192,-6.679],[105.183,-6.672],[105.185,-6.655],[105.194,-6.637],[105.202,-6.623],[105.19,-6.618],[105.183,-6.608],[105.175,-6.583],[105.132,-6.627],[105.12,-6.631],[105.118,-6.612],[105.138,-6.587],[105.188,-6.548],[105.196,-6.555],[105.204,-6.545],[105.216,-6.539],[105.226,-6.536],[105.23,-6.538],[105.234,-6.532],[105.242,-6.528],[105.253,-6.527],[105.264,-6.528]]]]}},{"type":"Feature","id":"ID-GO","properties":{"id":"ID-GO","countryCode":"ID","isoSubdivision":"ID-GO","name":"Gorontalo","name_en":"Gorontalo","name_ko":"고론탈로","type":"Province","labelLongitude":122.331,"labelLatitude":0.761,"minZoom":4.6},"geometry":{"type":"Polygon","coordinates":[[[122.197,1.028],[122.223,1.012],[122.235,1.01],[122.245,1.011],[122.265,1.016],[122.276,1.017],[122.281,1.016],[122.291,1.011],[122.297,1.01],[122.3,1.012],[122.308,1.021],[122.314,1.024],[122.328,1.024],[122.376,1.01],[122.396,1.011],[122.442,1.022],[122.454,1.021],[122.486,0.996],[122.524,0.98],[122.565,0.971],[122.624,0.966],[122.645,0.959],[122.663,0.947],[122.67,0.931],[122.679,0.919],[122.7,0.908],[122.739,0.894],[122.747,0.887],[122.751,0.88],[122.757,0.875],[122.77,0.873],[122.779,0.87],[122.781,0.856],[122.806,0.848],[122.831,0.825],[122.849,0.818],[122.89,0.848],[122.907,0.853],[122.918,0.86],[122.938,0.907],[122.943,0.913],[122.954,0.921],[122.958,0.928],[122.958,0.946],[122.961,0.957],[122.968,0.963],[122.991,0.962],[123.005,0.959],[123.071,0.935],[123.096,0.929],[123.097,0.929],[123.099,0.922],[123.122,0.882],[123.147,0.867],[123.158,0.862],[123.205,0.837],[123.217,0.827],[123.223,0.818],[123.225,0.811],[123.225,0.783],[123.247,0.733],[123.257,0.723],[123.271,0.712],[123.303,0.693],[123.325,0.664],[123.439,0.611],[123.461,0.586],[123.481,0.557],[123.496,0.493],[123.501,0.46],[123.5,0.43],[123.492,0.398],[123.469,0.335],[123.458,0.312],[123.445,0.311],[123.407,0.3],[123.39,0.298],[123.292,0.308],[123.259,0.321],[123.246,0.322],[123.239,0.325],[123.235,0.329],[123.227,0.343],[123.222,0.346],[123.216,0.353],[123.191,0.39],[123.187,0.394],[123.168,0.393],[123.164,0.397],[123.162,0.401],[123.133,0.448],[123.089,0.494],[123.074,0.516],[123.067,0.516],[123.054,0.501],[123.032,0.491],[122.978,0.483],[122.831,0.492],[122.738,0.482],[122.694,0.483],[122.682,0.489],[122.663,0.516],[122.65,0.524],[122.656,0.493],[122.653,0.48],[122.639,0.475],[122.622,0.477],[122.608,0.481],[122.597,0.489],[122.583,0.494],[122.566,0.497],[122.324,0.497],[122.313,0.495],[122.293,0.485],[122.283,0.483],[122.207,0.484],[122.197,0.483],[122.188,0.48],[122.173,0.471],[122.166,0.469],[122.145,0.471],[122.104,0.481],[122.038,0.482],[122.02,0.477],[122.004,0.455],[121.985,0.448],[121.893,0.435],[121.841,0.434],[121.8,0.426],[121.786,0.428],[121.779,0.433],[121.733,0.5],[121.716,0.515],[121.69,0.524],[121.676,0.523],[121.645,0.517],[121.636,0.516],[121.624,0.523],[121.617,0.531],[121.612,0.541],[121.602,0.552],[121.597,0.539],[121.588,0.533],[121.574,0.531],[121.557,0.531],[121.545,0.534],[121.536,0.538],[121.528,0.537],[121.519,0.524],[121.515,0.51],[121.513,0.497],[121.508,0.487],[121.495,0.483],[121.479,0.482],[121.465,0.48],[121.454,0.475],[121.444,0.469],[121.427,0.482],[121.413,0.483],[121.397,0.478],[121.361,0.473],[121.342,0.464],[121.333,0.462],[121.343,0.486],[121.344,0.497],[121.341,0.554],[121.338,0.567],[121.334,0.576],[121.329,0.578],[121.324,0.578],[121.32,0.577],[121.315,0.576],[121.309,0.575],[121.303,0.575],[121.296,0.576],[121.28,0.582],[121.257,0.587],[121.245,0.594],[121.228,0.609],[121.216,0.628],[121.16,0.686],[121.215,0.709],[121.224,0.715],[121.235,0.725],[121.241,0.735],[121.253,0.763],[121.261,0.779],[121.279,0.803],[121.291,0.816],[121.303,0.826],[121.343,0.85],[121.358,0.856],[121.378,0.861],[121.395,0.862],[121.423,0.86],[121.465,0.851],[121.475,0.847],[121.484,0.845],[121.494,0.844],[121.508,0.847],[121.552,0.863],[121.612,0.878],[121.63,0.885],[121.657,0.899],[121.721,0.919],[121.84,0.97],[121.856,0.975],[121.865,0.975],[121.875,0.974],[121.89,0.971],[121.993,0.935],[122.046,0.944],[122.141,0.987],[122.194,1.023],[122.197,1.028]]]}},{"type":"Feature","id":"ID-JA","properties":{"id":"ID-JA","countryCode":"ID","isoSubdivision":"ID-JA","name":"Jambi","name_en":"Jambi","name_ko":"잠비","type":"Province","labelLongitude":102.823,"labelLatitude":-1.655,"minZoom":4.6},"geometry":{"type":"Polygon","coordinates":[[[103.439,-0.746],[103.451,-0.75],[103.463,-0.758],[103.469,-0.768],[103.465,-0.783],[103.448,-0.799],[103.441,-0.813],[103.485,-0.805],[103.507,-0.805],[103.527,-0.816],[103.538,-0.83],[103.553,-0.861],[103.565,-0.875],[103.569,-0.876],[103.581,-0.874],[103.586,-0.875],[103.587,-0.877],[103.591,-0.885],[103.592,-0.888],[103.598,-0.894],[103.605,-0.904],[103.613,-0.912],[103.634,-0.919],[103.641,-0.929],[103.645,-0.939],[103.65,-0.943],[103.689,-0.949],[103.703,-0.96],[103.725,-0.986],[103.74,-0.991],[103.762,-0.993],[103.78,-0.999],[103.794,-1.009],[103.805,-1.025],[103.821,-1.063],[103.829,-1.073],[103.839,-1.033],[103.856,-1.014],[103.879,-0.999],[103.9,-0.991],[103.942,-0.982],[103.956,-0.977],[104.022,-1.008],[104.041,-1.022],[104.057,-1.028],[104.108,-1.029],[104.127,-1.032],[104.189,-1.068],[104.212,-1.073],[104.254,-1.056],[104.263,-1.051],[104.32,-1.034],[104.377,-1.032],[104.382,-1.041],[104.41,-1.128],[104.397,-1.191],[104.401,-1.231],[104.411,-1.262],[104.415,-1.272],[104.445,-1.305],[104.449,-1.316],[104.456,-1.379],[104.454,-1.531],[104.463,-1.573],[104.479,-1.616],[104.517,-1.688],[104.532,-1.734],[104.515,-1.741],[104.508,-1.74],[104.496,-1.738],[104.486,-1.732],[104.457,-1.711],[104.428,-1.694],[104.411,-1.689],[104.398,-1.69],[104.389,-1.696],[104.382,-1.703],[104.376,-1.714],[104.349,-1.781],[104.338,-1.792],[104.322,-1.804],[104.236,-1.829],[104.174,-1.836],[104.126,-1.831],[103.958,-1.791],[103.918,-1.789],[103.886,-1.795],[103.535,-1.968],[103.52,-1.979],[103.529,-1.998],[103.518,-2.12],[103.522,-2.151],[103.532,-2.174],[103.537,-2.181],[103.548,-2.192],[103.553,-2.197],[103.553,-2.203],[103.548,-2.21],[103.538,-2.218],[103.524,-2.225],[103.507,-2.229],[103.47,-2.234],[103.46,-2.238],[103.454,-2.246],[103.45,-2.259],[103.449,-2.268],[103.45,-2.277],[103.461,-2.324],[103.463,-2.352],[103.463,-2.358],[103.46,-2.365],[103.46,-2.371],[103.46,-2.377],[103.461,-2.383],[103.461,-2.39],[103.461,-2.397],[103.457,-2.402],[103.449,-2.404],[103.439,-2.403],[103.419,-2.394],[103.304,-2.285],[103.296,-2.269],[103.289,-2.246],[103.272,-2.209],[103.259,-2.194],[103.248,-2.184],[103.233,-2.179],[103.216,-2.186],[103.194,-2.226],[103.178,-2.249],[103.17,-2.271],[103.17,-2.286],[103.178,-2.297],[103.187,-2.307],[103.196,-2.318],[103.203,-2.334],[103.205,-2.349],[103.205,-2.361],[103.199,-2.37],[103.187,-2.378],[103.143,-2.394],[103.123,-2.398],[103.098,-2.391],[103.044,-2.369],[103.015,-2.382],[102.986,-2.38],[102.954,-2.369],[102.923,-2.363],[102.894,-2.354],[102.874,-2.352],[102.862,-2.354],[102.852,-2.365],[102.844,-2.381],[102.84,-2.398],[102.841,-2.411],[102.848,-2.422],[102.856,-2.429],[102.864,-2.438],[102.867,-2.448],[102.864,-2.462],[102.792,-2.568],[102.779,-2.583],[102.762,-2.597],[102.745,-2.607],[102.734,-2.61],[102.728,-2.607],[102.724,-2.602],[102.719,-2.602],[102.699,-2.621],[102.682,-2.633],[102.634,-2.658],[102.619,-2.672],[102.61,-2.686],[102.605,-2.699],[102.596,-2.71],[102.579,-2.717],[102.516,-2.722],[102.503,-2.727],[102.487,-2.73],[102.47,-2.73],[102.448,-2.728],[102.421,-2.72],[102.398,-2.71],[102.351,-2.68],[102.298,-2.667],[102.26,-2.64],[102.233,-2.684],[102.179,-2.718],[102.161,-2.726],[102.117,-2.735],[102.107,-2.742],[102.067,-2.782],[102.057,-2.776],[102.033,-2.77],[102.02,-2.764],[101.995,-2.749],[101.963,-2.735],[101.949,-2.735],[101.941,-2.737],[101.92,-2.745],[101.91,-2.745],[101.9,-2.74],[101.879,-2.714],[101.868,-2.705],[101.842,-2.698],[101.828,-2.692],[101.773,-2.664],[101.737,-2.636],[101.704,-2.601],[101.682,-2.567],[101.646,-2.536],[101.639,-2.51],[101.632,-2.5],[101.617,-2.487],[101.586,-2.474],[101.573,-2.465],[101.564,-2.45],[101.539,-2.351],[101.521,-2.323],[101.519,-2.311],[101.517,-2.305],[101.511,-2.298],[101.501,-2.29],[101.483,-2.281],[101.46,-2.258],[101.452,-2.249],[101.444,-2.241],[101.436,-2.236],[101.419,-2.239],[101.336,-2.297],[101.3,-2.18],[101.26,-2.081],[101.246,-2.058],[101.236,-2.044],[101.204,-2.019],[101.189,-2.002],[101.171,-1.975],[101.142,-1.92],[101.128,-1.865],[101.119,-1.807],[101.114,-1.705],[101.151,-1.712],[101.168,-1.709],[101.185,-1.715],[101.204,-1.726],[101.226,-1.728],[101.403,-1.702],[101.416,-1.714],[101.449,-1.717],[101.461,-1.712],[101.476,-1.702],[101.5,-1.664],[101.519,-1.64],[101.558,-1.605],[101.639,-1.543],[101.663,-1.519],[101.675,-1.5],[101.686,-1.469],[101.686,-1.461],[101.682,-1.454],[101.676,-1.447],[101.674,-1.436],[101.685,-1.407],[101.687,-1.396],[101.669,-1.337],[101.673,-1.308],[101.678,-1.289],[101.688,-1.279],[101.695,-1.275],[101.703,-1.274],[101.713,-1.274],[101.747,-1.268],[101.774,-1.255],[101.794,-1.239],[101.818,-1.209],[101.832,-1.186],[101.841,-1.166],[101.843,-1.154],[101.841,-1.148],[101.835,-1.145],[101.83,-1.148],[101.825,-1.151],[101.815,-1.151],[101.796,-1.143],[101.783,-1.132],[101.786,-1.11],[101.786,-1.087],[101.782,-1.065],[101.77,-1.038],[101.882,-1],[101.89,-0.995],[101.899,-0.987],[101.905,-0.98],[101.916,-0.959],[101.921,-0.946],[101.927,-0.938],[101.935,-0.927],[101.955,-0.907],[101.976,-0.892],[101.984,-0.887],[101.993,-0.884],[102.002,-0.882],[102.013,-0.88],[102.07,-0.882],[102.12,-0.876],[102.136,-0.871],[102.166,-0.86],[102.177,-0.857],[102.189,-0.856],[102.201,-0.857],[102.241,-0.868],[102.252,-0.873],[102.261,-0.88],[102.267,-0.893],[102.275,-0.918],[102.28,-0.926],[102.332,-0.971],[102.342,-0.984],[102.347,-0.994],[102.348,-1.003],[102.35,-1.007],[102.356,-1.01],[102.382,-1.015],[102.393,-1.02],[102.401,-1.027],[102.408,-1.035],[102.419,-1.052],[102.43,-1.06],[102.452,-1.068],[102.541,-1.085],[102.563,-1.081],[102.577,-1.065],[102.595,-1.012],[102.601,-1.001],[102.631,-0.982],[102.639,-0.975],[102.646,-0.968],[102.655,-0.955],[102.669,-0.925],[102.674,-0.916],[102.682,-0.904],[102.69,-0.897],[102.72,-0.876],[102.729,-0.868],[102.766,-0.822],[102.781,-0.808],[102.792,-0.8],[102.804,-0.793],[102.917,-0.763],[102.958,-0.762],[103.1,-0.772],[103.427,-0.749],[103.439,-0.746]]]}},{"type":"Feature","id":"ID-JB","properties":{"id":"ID-JB","countryCode":"ID","isoSubdivision":"ID-JB","name":"West Java","name_en":"West Java","name_ko":"자와바랏","type":"Province","labelLongitude":107.638,"labelLatitude":-6.908,"minZoom":4.6},"geometry":{"type":"Polygon","coordinates":[[[106.988,-6.079],[106.994,-6.079],[107.005,-6.072],[107.009,-6.053],[107.014,-6.04],[107.015,-6.029],[107.005,-6.014],[106.999,-6.004],[107.005,-5.988],[107.026,-5.959],[107.021,-5.924],[107.044,-5.914],[107.08,-5.922],[107.114,-5.938],[107.126,-5.949],[107.136,-5.962],[107.15,-5.973],[107.17,-5.98],[107.188,-5.98],[107.205,-5.977],[107.281,-5.955],[107.321,-5.962],[107.354,-5.976],[107.38,-6.009],[107.413,-6.063],[107.446,-6.104],[107.47,-6.145],[107.511,-6.164],[107.563,-6.184],[107.621,-6.187],[107.655,-6.225],[107.678,-6.238],[107.7,-6.227],[107.716,-6.236],[107.732,-6.233],[107.745,-6.223],[107.768,-6.213],[107.774,-6.208],[107.783,-6.206],[107.793,-6.208],[107.803,-6.212],[107.81,-6.211],[107.813,-6.202],[107.811,-6.189],[107.826,-6.185],[107.848,-6.192],[107.849,-6.206],[107.864,-6.206],[107.878,-6.191],[107.885,-6.187],[107.896,-6.21],[107.896,-6.231],[107.947,-6.263],[107.99,-6.281],[108.049,-6.31],[108.074,-6.318],[108.094,-6.327],[108.113,-6.327],[108.129,-6.326],[108.142,-6.323],[108.158,-6.312],[108.184,-6.297],[108.187,-6.295],[108.195,-6.287],[108.204,-6.276],[108.207,-6.263],[108.205,-6.25],[108.198,-6.241],[108.187,-6.231],[108.198,-6.228],[108.216,-6.238],[108.249,-6.247],[108.311,-6.249],[108.332,-6.262],[108.339,-6.251],[108.36,-6.246],[108.365,-6.273],[108.372,-6.34],[108.455,-6.442],[108.475,-6.452],[108.488,-6.457],[108.54,-6.487],[108.575,-6.67],[108.605,-6.762],[108.663,-6.767],[108.705,-6.796],[108.749,-6.812],[108.792,-6.811],[108.835,-6.788],[108.843,-6.798],[108.859,-6.802],[108.876,-6.805],[108.89,-6.809],[108.895,-6.814],[108.893,-6.816],[108.823,-6.896],[108.801,-6.935],[108.796,-6.951],[108.789,-7],[108.791,-7.03],[108.793,-7.048],[108.789,-7.061],[108.781,-7.073],[108.769,-7.083],[108.757,-7.098],[108.744,-7.111],[108.717,-7.13],[108.707,-7.135],[108.695,-7.14],[108.67,-7.141],[108.632,-7.136],[108.614,-7.137],[108.595,-7.142],[108.584,-7.151],[108.576,-7.163],[108.573,-7.179],[108.571,-7.201],[108.547,-7.279],[108.553,-7.31],[108.579,-7.317],[108.603,-7.323],[108.611,-7.339],[108.616,-7.346],[108.626,-7.348],[108.65,-7.341],[108.662,-7.34],[108.668,-7.344],[108.671,-7.358],[108.675,-7.38],[108.683,-7.383],[108.693,-7.386],[108.705,-7.391],[108.71,-7.398],[108.713,-7.406],[108.716,-7.421],[108.721,-7.464],[108.742,-7.537],[108.742,-7.552],[108.742,-7.564],[108.736,-7.581],[108.734,-7.591],[108.734,-7.605],[108.737,-7.612],[108.742,-7.618],[108.799,-7.665],[108.788,-7.674],[108.761,-7.693],[108.735,-7.679],[108.729,-7.676],[108.722,-7.67],[108.714,-7.666],[108.704,-7.666],[108.692,-7.672],[108.682,-7.682],[108.673,-7.691],[108.68,-7.71],[108.678,-7.719],[108.673,-7.721],[108.652,-7.716],[108.646,-7.693],[108.639,-7.688],[108.625,-7.686],[108.559,-7.687],[108.54,-7.692],[108.508,-7.719],[108.504,-7.764],[108.495,-7.793],[108.454,-7.819],[108.327,-7.817],[108.138,-7.787],[107.954,-7.74],[107.905,-7.739],[107.865,-7.745],[107.83,-7.729],[107.828,-7.7],[107.807,-7.687],[107.779,-7.68],[107.714,-7.672],[107.687,-7.662],[107.678,-7.64],[107.661,-7.614],[107.625,-7.598],[107.591,-7.57],[107.555,-7.562],[107.529,-7.549],[107.481,-7.538],[107.471,-7.517],[107.452,-7.513],[107.432,-7.507],[107.426,-7.508],[107.42,-7.506],[107.411,-7.496],[107.362,-7.504],[107.298,-7.496],[107.246,-7.49],[107.212,-7.485],[107.18,-7.476],[107.146,-7.467],[107.107,-7.456],[106.871,-7.438],[106.791,-7.435],[106.608,-7.418],[106.523,-7.411],[106.481,-7.376],[106.459,-7.366],[106.434,-7.362],[106.407,-7.375],[106.398,-7.378],[106.399,-7.36],[106.399,-7.335],[106.375,-7.31],[106.383,-7.268],[106.381,-7.247],[106.386,-7.231],[106.398,-7.208],[106.415,-7.188],[106.433,-7.179],[106.45,-7.179],[106.467,-7.176],[106.473,-7.167],[106.457,-7.145],[106.474,-7.128],[106.514,-7.08],[106.541,-7.055],[106.542,-7.017],[106.537,-6.983],[106.511,-6.964],[106.481,-6.967],[106.452,-6.955],[106.424,-6.963],[106.405,-6.991],[106.4,-6.978],[106.397,-6.967],[106.397,-6.953],[106.403,-6.931],[106.413,-6.905],[106.451,-6.836],[106.506,-6.783],[106.508,-6.768],[106.489,-6.751],[106.476,-6.745],[106.444,-6.735],[106.435,-6.72],[106.427,-6.697],[106.405,-6.524],[106.41,-6.492],[106.424,-6.464],[106.434,-6.439],[106.432,-6.412],[106.426,-6.388],[106.421,-6.37],[106.431,-6.35],[106.444,-6.342],[106.452,-6.338],[106.462,-6.338],[106.469,-6.346],[106.473,-6.36],[106.48,-6.373],[106.489,-6.377],[106.502,-6.371],[106.515,-6.361],[106.532,-6.354],[106.56,-6.355],[106.581,-6.364],[106.601,-6.376],[106.631,-6.384],[106.739,-6.386],[106.766,-6.37],[106.762,-6.354],[106.763,-6.301],[106.777,-6.31],[106.78,-6.317],[106.784,-6.326],[106.791,-6.333],[106.803,-6.34],[106.814,-6.35],[106.825,-6.351],[106.834,-6.348],[106.854,-6.336],[106.885,-6.351],[106.924,-6.382],[106.941,-6.374],[106.953,-6.346],[106.971,-6.278],[106.98,-6.262],[106.983,-6.25],[106.985,-6.235],[106.985,-6.201],[106.988,-6.146],[106.989,-6.082],[106.988,-6.079]]]}},{"type":"Feature","id":"ID-JI","properties":{"id":"ID-JI","countryCode":"ID","isoSubdivision":"ID-JI","name":"East Java","name_en":"East Java","name_ko":"동자와","type":"Province","labelLongitude":112.616,"labelLatitude":-7.881,"minZoom":4.6},"geometry":{"type":"MultiPolygon","coordinates":[[[[113.395,-8.447],[113.406,-8.453],[113.412,-8.467],[113.413,-8.481],[113.409,-8.487],[113.397,-8.488],[113.372,-8.495],[113.292,-8.495],[113.282,-8.488],[113.278,-8.473],[113.282,-8.457],[113.296,-8.447],[113.292,-8.44],[113.289,-8.433],[113.34,-8.444],[113.395,-8.447]]],[[[111.673,-6.734],[111.695,-6.755],[111.717,-6.771],[111.74,-6.782],[111.807,-6.799],[111.849,-6.804],[111.866,-6.808],[111.882,-6.809],[111.904,-6.802],[111.937,-6.785],[111.959,-6.779],[111.976,-6.785],[112.01,-6.819],[112.068,-6.894],[112.084,-6.906],[112.107,-6.911],[112.151,-6.91],[112.193,-6.905],[112.227,-6.893],[112.237,-6.891],[112.278,-6.891],[112.299,-6.887],[112.34,-6.873],[112.364,-6.871],[112.4,-6.877],[112.415,-6.883],[112.422,-6.879],[112.429,-6.873],[112.435,-6.871],[112.455,-6.875],[112.471,-6.887],[112.486,-6.901],[112.501,-6.911],[112.523,-6.918],[112.543,-6.918],[112.557,-6.908],[112.563,-6.887],[112.562,-6.874],[112.563,-6.867],[112.568,-6.865],[112.583,-6.871],[112.59,-6.876],[112.596,-6.885],[112.601,-6.896],[112.604,-6.905],[112.603,-6.926],[112.587,-6.966],[112.583,-6.99],[112.587,-7],[112.61,-7.033],[112.618,-7.041],[112.629,-7.045],[112.643,-7.039],[112.657,-7.038],[112.666,-7.055],[112.634,-7.064],[112.618,-7.071],[112.611,-7.079],[112.614,-7.091],[112.623,-7.108],[112.633,-7.124],[112.642,-7.131],[112.658,-7.138],[112.675,-7.154],[112.684,-7.175],[112.679,-7.193],[112.664,-7.199],[112.604,-7.193],[112.62,-7.215],[112.646,-7.23],[112.701,-7.255],[112.716,-7.239],[112.73,-7.22],[112.745,-7.205],[112.768,-7.199],[112.784,-7.205],[112.798,-7.219],[112.809,-7.235],[112.823,-7.263],[112.827,-7.278],[112.826,-7.293],[112.818,-7.33],[112.816,-7.347],[112.816,-7.387],[112.807,-7.407],[112.77,-7.433],[112.761,-7.449],[112.761,-7.531],[112.845,-7.593],[112.972,-7.648],[112.99,-7.652],[113.016,-7.652],[113.037,-7.655],[113.056,-7.663],[113.076,-7.679],[113.112,-7.713],[113.133,-7.728],[113.165,-7.736],[113.187,-7.745],[113.2,-7.747],[113.208,-7.746],[113.23,-7.741],[113.241,-7.741],[113.261,-7.75],[113.285,-7.782],[113.299,-7.789],[113.323,-7.786],[113.343,-7.778],[113.378,-7.754],[113.414,-7.736],[113.436,-7.729],[113.457,-7.726],[113.473,-7.722],[113.505,-7.704],[113.529,-7.7],[113.659,-7.72],[113.671,-7.718],[113.691,-7.709],[113.7,-7.707],[113.723,-7.708],[113.763,-7.723],[113.786,-7.726],[113.804,-7.722],[113.817,-7.711],[113.837,-7.686],[113.855,-7.677],[113.87,-7.678],[113.886,-7.683],[113.909,-7.686],[113.931,-7.684],[113.945,-7.678],[114.016,-7.618],[114.046,-7.612],[114.077,-7.631],[114.117,-7.681],[114.14,-7.701],[114.172,-7.713],[114.196,-7.714],[114.237,-7.703],[114.259,-7.7],[114.274,-7.705],[114.31,-7.741],[114.325,-7.75],[114.334,-7.753],[114.348,-7.754],[114.37,-7.753],[114.381,-7.754],[114.389,-7.758],[114.407,-7.773],[114.446,-7.795],[114.46,-7.81],[114.467,-7.831],[114.466,-7.853],[114.46,-7.895],[114.457,-7.903],[114.445,-7.921],[114.44,-7.933],[114.44,-7.944],[114.443,-7.952],[114.445,-7.96],[114.447,-7.967],[114.447,-8.014],[114.405,-8.158],[114.366,-8.357],[114.364,-8.386],[114.359,-8.409],[114.358,-8.419],[114.36,-8.431],[114.372,-8.453],[114.373,-8.498],[114.377,-8.519],[114.389,-8.528],[114.401,-8.517],[114.405,-8.492],[114.406,-8.447],[114.423,-8.465],[114.427,-8.497],[114.426,-8.562],[114.433,-8.583],[114.445,-8.603],[114.461,-8.618],[114.478,-8.625],[114.498,-8.625],[114.511,-8.628],[114.536,-8.645],[114.589,-8.664],[114.597,-8.676],[114.603,-8.688],[114.616,-8.7],[114.626,-8.716],[114.625,-8.741],[114.597,-8.776],[114.555,-8.778],[114.468,-8.748],[114.445,-8.744],[114.389,-8.748],[114.367,-8.741],[114.37,-8.726],[114.392,-8.7],[114.385,-8.665],[114.35,-8.633],[114.303,-8.612],[114.262,-8.611],[114.221,-8.636],[114.197,-8.646],[114.187,-8.635],[114.175,-8.62],[114.148,-8.622],[114.104,-8.638],[114.095,-8.638],[114.059,-8.631],[114.051,-8.627],[114.042,-8.608],[114.032,-8.604],[114.012,-8.609],[113.995,-8.618],[113.98,-8.62],[113.968,-8.604],[113.969,-8.594],[113.973,-8.58],[113.974,-8.568],[113.964,-8.562],[113.954,-8.565],[113.934,-8.574],[113.923,-8.577],[113.906,-8.574],[113.88,-8.566],[113.854,-8.555],[113.837,-8.542],[113.832,-8.547],[113.828,-8.549],[113.826,-8.551],[113.823,-8.556],[113.819,-8.542],[113.814,-8.508],[113.806,-8.501],[113.791,-8.503],[113.774,-8.508],[113.76,-8.516],[113.755,-8.525],[113.751,-8.528],[113.742,-8.529],[113.724,-8.528],[113.72,-8.525],[113.722,-8.507],[113.72,-8.501],[113.707,-8.492],[113.699,-8.494],[113.689,-8.497],[113.673,-8.495],[113.658,-8.485],[113.64,-8.459],[113.628,-8.453],[113.597,-8.447],[113.591,-8.442],[113.579,-8.429],[113.573,-8.426],[113.541,-8.431],[113.527,-8.429],[113.49,-8.408],[113.484,-8.402],[113.479,-8.395],[113.472,-8.382],[113.467,-8.378],[113.446,-8.376],[113.429,-8.384],[113.414,-8.39],[113.395,-8.381],[113.346,-8.324],[113.323,-8.309],[113.282,-8.292],[113.241,-8.281],[113.198,-8.277],[113.07,-8.292],[113.027,-8.303],[112.987,-8.323],[112.937,-8.381],[112.903,-8.404],[112.871,-8.392],[112.857,-8.393],[112.834,-8.376],[112.83,-8.381],[112.826,-8.39],[112.818,-8.397],[112.808,-8.399],[112.799,-8.395],[112.79,-8.388],[112.784,-8.387],[112.769,-8.395],[112.755,-8.408],[112.748,-8.413],[112.733,-8.418],[112.717,-8.419],[112.702,-8.422],[112.69,-8.43],[112.673,-8.447],[112.656,-8.436],[112.612,-8.416],[112.573,-8.41],[112.521,-8.392],[112.442,-8.392],[112.427,-8.388],[112.414,-8.379],[112.399,-8.372],[112.377,-8.371],[112.381,-8.361],[112.384,-8.358],[112.366,-8.342],[112.342,-8.333],[112.316,-8.329],[112.295,-8.33],[112.285,-8.333],[112.258,-8.343],[112.244,-8.342],[112.238,-8.338],[112.233,-8.334],[112.227,-8.33],[112.209,-8.324],[112.025,-8.305],[112.003,-8.298],[111.971,-8.278],[111.961,-8.278],[111.936,-8.295],[111.932,-8.3],[111.927,-8.303],[111.919,-8.303],[111.899,-8.296],[111.875,-8.274],[111.86,-8.269],[111.834,-8.271],[111.822,-8.269],[111.811,-8.264],[111.802,-8.259],[111.792,-8.257],[111.781,-8.261],[111.771,-8.282],[111.772,-8.302],[111.77,-8.317],[111.751,-8.323],[111.747,-8.318],[111.742,-8.306],[111.735,-8.294],[111.726,-8.289],[111.717,-8.293],[111.712,-8.302],[111.706,-8.323],[111.702,-8.327],[111.697,-8.337],[111.695,-8.346],[111.709,-8.354],[111.711,-8.361],[111.708,-8.368],[111.696,-8.371],[111.673,-8.368],[111.654,-8.358],[111.639,-8.343],[111.631,-8.323],[111.624,-8.323],[111.613,-8.337],[111.596,-8.334],[111.562,-8.317],[111.548,-8.316],[111.533,-8.327],[111.518,-8.33],[111.449,-8.313],[111.442,-8.297],[111.444,-8.285],[111.442,-8.276],[111.425,-8.269],[111.417,-8.269],[111.4,-8.274],[111.39,-8.275],[111.384,-8.273],[111.372,-8.264],[111.363,-8.261],[111.312,-8.261],[111.301,-8.263],[111.295,-8.26],[111.284,-8.251],[111.276,-8.248],[111.266,-8.249],[111.257,-8.253],[111.253,-8.258],[111.171,-8.283],[111.162,-8.282],[111.158,-8.272],[111.155,-8.261],[111.148,-8.254],[111.138,-8.249],[111.127,-8.248],[111.115,-8.242],[111.111,-8.229],[111.11,-8.215],[111.103,-8.207],[111.096,-8.208],[111.091,-8.216],[111.087,-8.225],[111.082,-8.233],[111.073,-8.247],[111.067,-8.253],[111.058,-8.255],[111.017,-8.255],[110.998,-8.25],[110.944,-8.226],[110.946,-8.219],[110.96,-8.17],[110.961,-8.165],[110.961,-8.157],[110.96,-8.134],[110.961,-8.126],[110.965,-8.117],[110.98,-8.1],[111,-8.084],[111.036,-8.06],[111.099,-8.009],[111.149,-7.978],[111.177,-7.967],[111.192,-7.958],[111.217,-7.94],[111.228,-7.938],[111.235,-7.941],[111.244,-7.946],[111.253,-7.951],[111.263,-7.951],[111.273,-7.945],[111.28,-7.939],[111.285,-7.904],[111.301,-7.861],[111.308,-7.838],[111.31,-7.799],[111.308,-7.784],[111.301,-7.773],[111.291,-7.76],[111.265,-7.732],[111.254,-7.723],[111.242,-7.719],[111.208,-7.716],[111.191,-7.707],[111.188,-7.69],[111.188,-7.673],[111.186,-7.664],[111.182,-7.658],[111.182,-7.652],[111.187,-7.644],[111.212,-7.624],[111.217,-7.613],[111.206,-7.601],[111.198,-7.583],[111.185,-7.529],[111.202,-7.405],[111.202,-7.385],[111.198,-7.355],[111.197,-7.309],[111.203,-7.267],[111.22,-7.251],[111.246,-7.256],[111.264,-7.265],[111.278,-7.269],[111.289,-7.269],[111.298,-7.266],[111.306,-7.264],[111.313,-7.266],[111.326,-7.274],[111.342,-7.282],[111.404,-7.304],[111.444,-7.311],[111.444,-7.299],[111.447,-7.292],[111.455,-7.28],[111.46,-7.274],[111.465,-7.269],[111.473,-7.263],[111.494,-7.251],[111.522,-7.23],[111.536,-7.218],[111.551,-7.199],[111.592,-7.164],[111.608,-7.154],[111.61,-7.146],[111.609,-7.136],[111.599,-7.093],[111.598,-7.081],[111.602,-7.047],[111.598,-6.961],[111.604,-6.934],[111.621,-6.844],[111.622,-6.826],[111.629,-6.8],[111.669,-6.738],[111.673,-6.734]]],[[[115.571,-6.905],[115.572,-6.931],[115.557,-6.94],[115.513,-6.939],[115.503,-6.937],[115.483,-6.927],[115.467,-6.924],[115.455,-6.918],[115.451,-6.915],[115.444,-6.91],[115.439,-6.912],[115.434,-6.918],[115.426,-6.92],[115.419,-6.925],[115.413,-6.925],[115.405,-6.922],[115.4,-6.917],[115.394,-6.913],[115.382,-6.911],[115.35,-6.928],[115.345,-6.928],[115.348,-6.941],[115.357,-6.945],[115.368,-6.948],[115.379,-6.952],[115.391,-6.961],[115.396,-6.966],[115.401,-6.973],[115.378,-6.987],[115.355,-6.982],[115.317,-6.952],[115.303,-6.966],[115.301,-6.972],[115.301,-6.978],[115.302,-6.981],[115.303,-6.98],[115.304,-6.986],[115.311,-6.996],[115.311,-7.001],[115.306,-7.004],[115.299,-7.007],[115.293,-7.008],[115.291,-7.004],[115.287,-7.003],[115.266,-6.983],[115.265,-6.976],[115.276,-6.939],[115.238,-6.942],[115.221,-6.94],[115.214,-6.928],[115.219,-6.904],[115.229,-6.892],[115.242,-6.881],[115.255,-6.863],[115.244,-6.846],[115.255,-6.838],[115.276,-6.835],[115.295,-6.836],[115.379,-6.835],[115.461,-6.843],[115.484,-6.852],[115.553,-6.889],[115.571,-6.905]]],[[[112.701,-5.726],[112.715,-5.736],[112.727,-5.747],[112.736,-5.763],[112.74,-5.787],[112.739,-5.81],[112.731,-5.828],[112.719,-5.842],[112.701,-5.849],[112.691,-5.85],[112.664,-5.848],[112.658,-5.845],[112.655,-5.837],[112.646,-5.839],[112.631,-5.849],[112.604,-5.847],[112.596,-5.836],[112.593,-5.817],[112.583,-5.794],[112.59,-5.786],[112.618,-5.763],[112.621,-5.758],[112.645,-5.732],[112.657,-5.737],[112.67,-5.733],[112.685,-5.728],[112.701,-5.726]]],[[[114.046,-6.915],[114.066,-6.923],[114.094,-6.933],[114.11,-6.947],[114.125,-6.982],[114.097,-6.983],[114.051,-7.011],[113.981,-7.021],[113.956,-7.045],[113.936,-7.05],[113.91,-7.048],[113.892,-7.059],[113.871,-7.095],[113.886,-7.1],[113.895,-7.109],[113.895,-7.121],[113.873,-7.129],[113.833,-7.132],[113.777,-7.125],[113.706,-7.114],[113.687,-7.113],[113.665,-7.11],[113.645,-7.131],[113.61,-7.129],[113.593,-7.139],[113.583,-7.153],[113.577,-7.168],[113.57,-7.182],[113.566,-7.194],[113.559,-7.212],[113.549,-7.234],[113.534,-7.24],[113.513,-7.248],[113.507,-7.24],[113.495,-7.231],[113.472,-7.222],[113.423,-7.227],[113.269,-7.217],[113.251,-7.21],[113.234,-7.208],[113.187,-7.223],[113.166,-7.22],[113.159,-7.185],[113.153,-7.177],[113.146,-7.172],[113.146,-7.166],[113.159,-7.158],[113.159,-7.151],[113.146,-7.15],[113.122,-7.139],[113.114,-7.141],[113.11,-7.151],[113.11,-7.171],[113.103,-7.179],[113.116,-7.191],[113.135,-7.203],[113.149,-7.215],[113.145,-7.227],[113.128,-7.231],[112.818,-7.161],[112.778,-7.158],[112.743,-7.161],[112.726,-7.159],[112.72,-7.148],[112.717,-7.118],[112.719,-7.103],[112.727,-7.09],[112.72,-7.083],[112.71,-7.097],[112.701,-7.092],[112.695,-7.076],[112.693,-7.059],[112.695,-7.039],[112.701,-7.033],[112.714,-7.032],[112.734,-7.028],[112.764,-7.011],[112.793,-6.984],[112.844,-6.925],[112.842,-6.909],[112.873,-6.898],[112.915,-6.892],[112.944,-6.891],[112.982,-6.891],[113.067,-6.881],[113.146,-6.894],[113.273,-6.893],[113.446,-6.882],[113.526,-6.896],[113.672,-6.879],[113.793,-6.882],[113.924,-6.865],[113.968,-6.871],[113.99,-6.878],[114.01,-6.887],[114.028,-6.899],[114.046,-6.915]]],[[[114.594,-7.131],[114.605,-7.131],[114.615,-7.132],[114.622,-7.137],[114.625,-7.148],[114.623,-7.163],[114.619,-7.167],[114.533,-7.158],[114.511,-7.159],[114.5,-7.158],[114.495,-7.155],[114.496,-7.144],[114.499,-7.138],[114.505,-7.134],[114.541,-7.119],[114.55,-7.117],[114.559,-7.119],[114.581,-7.128],[114.594,-7.131]]],[[[114.369,-7.09],[114.383,-7.113],[114.397,-7.131],[114.395,-7.158],[114.392,-7.179],[114.378,-7.178],[114.357,-7.167],[114.332,-7.159],[114.325,-7.148],[114.307,-7.149],[114.293,-7.143],[114.285,-7.126],[114.273,-7.101],[114.27,-7.081],[114.295,-7.055],[114.322,-7.05],[114.343,-7.056],[114.358,-7.069],[114.369,-7.09]]],[[[115.891,-7.107],[115.894,-7.112],[115.896,-7.125],[115.894,-7.164],[115.876,-7.186],[115.838,-7.197],[115.796,-7.19],[115.757,-7.17],[115.743,-7.15],[115.753,-7.14],[115.762,-7.139],[115.766,-7.144],[115.77,-7.142],[115.778,-7.115],[115.786,-7.116],[115.791,-7.126],[115.795,-7.138],[115.801,-7.146],[115.808,-7.15],[115.823,-7.15],[115.843,-7.158],[115.87,-7.16],[115.88,-7.158],[115.884,-7.153],[115.881,-7.153],[115.875,-7.154],[115.869,-7.147],[115.867,-7.137],[115.87,-7.129],[115.877,-7.123],[115.884,-7.124],[115.886,-7.13],[115.887,-7.127],[115.889,-7.114],[115.891,-7.107]]]]}},{"type":"Feature","id":"ID-JK","properties":{"id":"ID-JK","countryCode":"ID","isoSubdivision":"ID-JK","name":"Jakarta","name_en":"Jakarta","name_ko":"자카르타","type":"Special district","labelLongitude":106.837,"labelLatitude":-6.225,"minZoom":4.6},"geometry":{"type":"Polygon","coordinates":[[[106.731,-6.059],[106.732,-6.067],[106.738,-6.084],[106.752,-6.096],[106.793,-6.104],[106.838,-6.103],[106.988,-6.079],[106.989,-6.082],[106.988,-6.146],[106.985,-6.201],[106.985,-6.235],[106.983,-6.25],[106.98,-6.262],[106.971,-6.278],[106.953,-6.346],[106.941,-6.374],[106.924,-6.382],[106.885,-6.351],[106.854,-6.336],[106.834,-6.348],[106.825,-6.351],[106.814,-6.35],[106.803,-6.34],[106.791,-6.333],[106.784,-6.326],[106.78,-6.317],[106.777,-6.31],[106.763,-6.301],[106.753,-6.299],[106.742,-6.284],[106.731,-6.243],[106.702,-6.21],[106.684,-6.102],[106.695,-6.086],[106.727,-6.061],[106.731,-6.059]]]}},{"type":"Feature","id":"ID-JT","properties":{"id":"ID-JT","countryCode":"ID","isoSubdivision":"ID-JT","name":"Central Java","name_en":"Central Java","name_ko":"중앙자와","type":"Province","labelLongitude":109.896,"labelLatitude":-7.29,"minZoom":4.6},"geometry":{"type":"MultiPolygon","coordinates":[[[[108.895,-6.814],[108.904,-6.822],[108.912,-6.835],[108.923,-6.845],[108.945,-6.849],[108.969,-6.848],[108.983,-6.842],[108.991,-6.828],[108.993,-6.805],[109.001,-6.789],[109.021,-6.789],[109.042,-6.796],[109.053,-6.802],[109.092,-6.831],[109.115,-6.839],[109.143,-6.856],[109.15,-6.857],[109.177,-6.856],[109.352,-6.876],[109.438,-6.86],[109.493,-6.802],[109.532,-6.835],[109.726,-6.863],[109.896,-6.918],[109.941,-6.923],[109.984,-6.923],[110.114,-6.904],[110.139,-6.897],[110.15,-6.887],[110.153,-6.882],[110.17,-6.861],[110.178,-6.856],[110.188,-6.86],[110.192,-6.87],[110.194,-6.881],[110.198,-6.891],[110.213,-6.9],[110.259,-6.921],[110.293,-6.931],[110.335,-6.961],[110.356,-6.973],[110.381,-6.976],[110.399,-6.968],[110.415,-6.957],[110.435,-6.952],[110.456,-6.951],[110.472,-6.946],[110.486,-6.938],[110.527,-6.895],[110.572,-6.836],[110.645,-6.688],[110.657,-6.644],[110.663,-6.606],[110.665,-6.565],[110.67,-6.546],[110.678,-6.535],[110.682,-6.522],[110.671,-6.5],[110.692,-6.496],[110.702,-6.489],[110.719,-6.466],[110.73,-6.457],[110.781,-6.436],[110.808,-6.432],[110.818,-6.428],[110.834,-6.421],[110.842,-6.418],[110.903,-6.411],[110.925,-6.404],[110.934,-6.411],[110.962,-6.428],[110.973,-6.432],[110.992,-6.432],[111.002,-6.431],[111.007,-6.428],[111.011,-6.421],[111.019,-6.426],[111.027,-6.435],[111.028,-6.438],[111.041,-6.447],[111.052,-6.457],[111.059,-6.47],[111.065,-6.509],[111.082,-6.544],[111.119,-6.65],[111.137,-6.685],[111.144,-6.692],[111.151,-6.693],[111.157,-6.692],[111.343,-6.713],[111.366,-6.712],[111.408,-6.702],[111.429,-6.699],[111.444,-6.689],[111.478,-6.64],[111.493,-6.623],[111.52,-6.64],[111.577,-6.651],[111.61,-6.665],[111.621,-6.675],[111.655,-6.716],[111.673,-6.734],[111.669,-6.738],[111.629,-6.8],[111.622,-6.826],[111.621,-6.844],[111.604,-6.934],[111.598,-6.961],[111.602,-7.047],[111.598,-7.081],[111.599,-7.093],[111.609,-7.136],[111.61,-7.146],[111.608,-7.154],[111.592,-7.164],[111.551,-7.199],[111.536,-7.218],[111.522,-7.23],[111.494,-7.251],[111.473,-7.263],[111.465,-7.269],[111.46,-7.274],[111.455,-7.28],[111.447,-7.292],[111.444,-7.299],[111.444,-7.311],[111.404,-7.304],[111.342,-7.282],[111.326,-7.274],[111.313,-7.266],[111.306,-7.264],[111.298,-7.266],[111.289,-7.269],[111.278,-7.269],[111.264,-7.265],[111.246,-7.256],[111.22,-7.251],[111.203,-7.267],[111.197,-7.309],[111.198,-7.355],[111.202,-7.385],[111.202,-7.405],[111.185,-7.529],[111.198,-7.583],[111.206,-7.601],[111.217,-7.613],[111.212,-7.624],[111.187,-7.644],[111.182,-7.652],[111.182,-7.658],[111.186,-7.664],[111.188,-7.673],[111.188,-7.69],[111.191,-7.707],[111.208,-7.716],[111.242,-7.719],[111.254,-7.723],[111.265,-7.732],[111.291,-7.76],[111.301,-7.773],[111.308,-7.784],[111.31,-7.799],[111.308,-7.838],[111.301,-7.861],[111.285,-7.904],[111.28,-7.939],[111.273,-7.945],[111.263,-7.951],[111.253,-7.951],[111.244,-7.946],[111.235,-7.941],[111.228,-7.938],[111.217,-7.94],[111.192,-7.958],[111.177,-7.967],[111.149,-7.978],[111.099,-8.009],[111.036,-8.06],[111,-8.084],[110.98,-8.1],[110.965,-8.117],[110.961,-8.126],[110.96,-8.134],[110.961,-8.157],[110.961,-8.165],[110.96,-8.17],[110.946,-8.219],[110.944,-8.226],[110.931,-8.22],[110.848,-8.201],[110.844,-8.201],[110.837,-8.133],[110.831,-8.132],[110.825,-8.133],[110.818,-8.138],[110.811,-8.139],[110.802,-8.132],[110.799,-8.122],[110.793,-7.947],[110.788,-7.92],[110.787,-7.874],[110.785,-7.863],[110.781,-7.854],[110.773,-7.843],[110.753,-7.833],[110.705,-7.825],[110.689,-7.82],[110.654,-7.823],[110.633,-7.821],[110.579,-7.821],[110.537,-7.81],[110.507,-7.783],[110.49,-7.757],[110.474,-7.72],[110.441,-7.569],[110.438,-7.56],[110.411,-7.59],[110.301,-7.669],[110.287,-7.682],[110.267,-7.707],[110.259,-7.715],[110.256,-7.712],[110.253,-7.704],[110.25,-7.677],[110.246,-7.672],[110.24,-7.672],[110.235,-7.674],[110.228,-7.676],[110.22,-7.675],[110.159,-7.668],[110.137,-7.677],[110.13,-7.686],[110.127,-7.698],[110.128,-7.724],[110.125,-7.744],[110.117,-7.762],[110.065,-7.837],[110.049,-7.855],[110.046,-7.865],[110.043,-7.889],[110.034,-7.885],[109.932,-7.855],[109.906,-7.838],[109.883,-7.845],[109.847,-7.837],[109.812,-7.823],[109.752,-7.812],[109.657,-7.782],[109.486,-7.762],[109.447,-7.772],[109.426,-7.774],[109.417,-7.765],[109.415,-7.758],[109.409,-7.755],[109.402,-7.753],[109.397,-7.747],[109.397,-7.742],[109.405,-7.731],[109.403,-7.726],[109.398,-7.723],[109.369,-7.713],[109.197,-7.696],[109.098,-7.687],[109.047,-7.702],[109.033,-7.72],[109.021,-7.732],[109.014,-7.733],[108.984,-7.707],[108.974,-7.702],[108.962,-7.7],[108.939,-7.699],[108.918,-7.696],[108.902,-7.69],[108.89,-7.679],[108.882,-7.633],[108.873,-7.611],[108.859,-7.614],[108.852,-7.619],[108.827,-7.631],[108.82,-7.638],[108.807,-7.658],[108.799,-7.665],[108.742,-7.618],[108.737,-7.612],[108.734,-7.605],[108.734,-7.591],[108.736,-7.581],[108.742,-7.564],[108.742,-7.552],[108.742,-7.537],[108.721,-7.464],[108.716,-7.421],[108.713,-7.406],[108.71,-7.398],[108.705,-7.391],[108.693,-7.386],[108.683,-7.383],[108.675,-7.38],[108.671,-7.358],[108.668,-7.344],[108.662,-7.34],[108.65,-7.341],[108.626,-7.348],[108.616,-7.346],[108.611,-7.339],[108.603,-7.323],[108.579,-7.317],[108.553,-7.31],[108.547,-7.279],[108.571,-7.201],[108.573,-7.179],[108.576,-7.163],[108.584,-7.151],[108.595,-7.142],[108.614,-7.137],[108.632,-7.136],[108.67,-7.141],[108.695,-7.14],[108.707,-7.135],[108.717,-7.13],[108.744,-7.111],[108.757,-7.098],[108.769,-7.083],[108.781,-7.073],[108.789,-7.061],[108.793,-7.048],[108.791,-7.03],[108.789,-7],[108.796,-6.951],[108.801,-6.935],[108.823,-6.896],[108.893,-6.816],[108.895,-6.814]]],[[[109.019,-7.758],[109.024,-7.762],[109.043,-7.761],[109.047,-7.768],[109.043,-7.779],[109.036,-7.78],[109.026,-7.778],[108.999,-7.773],[108.945,-7.754],[108.886,-7.744],[108.873,-7.737],[108.857,-7.732],[108.815,-7.738],[108.8,-7.734],[108.794,-7.719],[108.797,-7.702],[108.807,-7.686],[108.822,-7.679],[108.874,-7.703],[108.925,-7.71],[108.958,-7.72],[109.011,-7.75],[109.019,-7.758]]],[[[110.431,-5.837],[110.459,-5.832],[110.466,-5.84],[110.464,-5.857],[110.45,-5.874],[110.438,-5.881],[110.43,-5.874],[110.427,-5.862],[110.422,-5.851],[110.421,-5.844],[110.431,-5.837]]]]}},{"type":"Feature","id":"ID-KB","properties":{"id":"ID-KB","countryCode":"ID","isoSubdivision":"ID-KB","name":"West Kalimantan","name_en":"West Kalimantan","name_ko":"서칼리만탄","type":"Province","labelLongitude":111.304,"labelLatitude":-0.064,"minZoom":4.6},"geometry":{"type":"MultiPolygon","coordinates":[[[[109.645,2.083],[109.627,2.03],[109.6,1.983],[109.585,1.961],[109.574,1.949],[109.538,1.918],[109.529,1.905],[109.528,1.89],[109.535,1.854],[109.534,1.846],[109.535,1.839],[109.54,1.827],[109.547,1.814],[109.556,1.802],[109.567,1.793],[109.58,1.788],[109.624,1.788],[109.642,1.781],[109.647,1.762],[109.641,1.683],[109.642,1.637],[109.647,1.618],[109.658,1.597],[109.677,1.573],[109.766,1.496],[109.773,1.486],[109.776,1.458],[109.782,1.456],[109.801,1.467],[109.808,1.46],[109.825,1.418],[109.843,1.403],[109.863,1.401],[109.883,1.404],[109.902,1.404],[109.92,1.395],[109.933,1.379],[109.952,1.32],[109.964,1.299],[109.976,1.288],[110.012,1.271],[110.031,1.254],[110.052,1.215],[110.075,1.199],[110.093,1.192],[110.152,1.184],[110.17,1.174],[110.185,1.154],[110.207,1.112],[110.257,1.039],[110.262,1.015],[110.263,0.994],[110.273,0.991],[110.286,0.995],[110.301,0.998],[110.352,0.987],[110.364,0.981],[110.381,0.967],[110.423,0.909],[110.46,0.88],[110.506,0.857],[110.554,0.851],[110.596,0.871],[110.606,0.883],[110.61,0.891],[110.613,0.894],[110.625,0.893],[110.632,0.889],[110.639,0.881],[110.648,0.874],[110.661,0.872],[110.674,0.877],[110.693,0.895],[110.704,0.901],[110.709,0.901],[110.721,0.897],[110.725,0.897],[110.745,0.905],[110.746,0.908],[110.758,0.915],[110.761,0.913],[110.771,0.904],[110.777,0.903],[110.784,0.908],[110.786,0.916],[110.787,0.934],[110.797,0.95],[110.853,0.997],[110.88,1.011],[110.911,1.016],[110.973,1.018],[111.198,1.075],[111.218,1.073],[111.352,1.014],[111.374,1.008],[111.396,1.006],[111.415,1.01],[111.455,1.023],[111.472,1.022],[111.482,1.013],[111.488,0.998],[111.492,0.981],[111.503,0.958],[111.515,0.964],[111.539,0.998],[111.623,1.03],[111.637,1.032],[111.655,1.031],[111.682,1.023],[111.734,1.001],[111.763,0.993],[111.823,1.008],[111.91,1.114],[111.973,1.134],[112.054,1.134],[112.079,1.137],[112.093,1.143],[112.1,1.155],[112.153,1.306],[112.184,1.369],[112.187,1.38],[112.188,1.391],[112.182,1.4],[112.159,1.401],[112.154,1.41],[112.162,1.435],[112.18,1.449],[112.295,1.504],[112.319,1.512],[112.381,1.518],[112.399,1.523],[112.416,1.537],[112.43,1.551],[112.446,1.562],[112.47,1.568],[112.769,1.552],[112.795,1.544],[112.802,1.544],[112.814,1.549],[112.821,1.558],[112.827,1.567],[112.836,1.576],[112.855,1.583],[112.871,1.581],[112.888,1.575],[112.908,1.571],[112.956,1.572],[112.973,1.57],[112.997,1.56],[113.014,1.551],[113.023,1.537],[113.024,1.514],[113.018,1.492],[113.007,1.473],[112.992,1.457],[112.961,1.434],[112.955,1.424],[112.958,1.416],[112.973,1.415],[113.011,1.428],[113.051,1.435],[113.089,1.431],[113.126,1.414],[113.159,1.388],[113.173,1.384],[113.218,1.381],[113.276,1.369],[113.324,1.351],[113.398,1.294],[113.443,1.292],[113.482,1.309],[113.503,1.314],[113.524,1.314],[113.546,1.302],[113.597,1.242],[113.625,1.228],[113.65,1.233],[113.808,1.34],[113.868,1.415],[113.891,1.435],[113.91,1.442],[114.054,1.465],[114.094,1.466],[114.131,1.454],[114.141,1.445],[114.15,1.434],[114.16,1.425],[114.173,1.421],[114.183,1.423],[114.205,1.438],[114.207,1.439],[114.206,1.425],[114.191,1.344],[114.191,1.33],[114.193,1.314],[114.204,1.295],[114.208,1.278],[114.209,1.262],[114.206,1.241],[114.201,1.225],[114.192,1.214],[114.183,1.208],[114.173,1.202],[114.146,1.178],[114.123,1.167],[114.112,1.161],[114.018,1.079],[114.007,1.072],[113.99,1.064],[113.979,1.058],[113.949,1.034],[113.899,1.011],[113.886,1.003],[113.87,0.987],[113.864,0.976],[113.863,0.964],[113.865,0.953],[113.864,0.942],[113.861,0.92],[113.86,0.91],[113.863,0.902],[113.867,0.898],[113.874,0.896],[113.883,0.897],[113.903,0.904],[113.913,0.906],[113.923,0.906],[113.933,0.9],[113.942,0.892],[113.947,0.879],[113.948,0.862],[113.943,0.841],[113.933,0.82],[113.927,0.802],[113.924,0.782],[113.923,0.762],[113.918,0.736],[113.908,0.719],[113.874,0.68],[113.851,0.646],[113.841,0.637],[113.818,0.628],[113.807,0.62],[113.794,0.604],[113.788,0.592],[113.776,0.559],[113.753,0.542],[113.735,0.521],[113.725,0.514],[113.712,0.506],[113.703,0.495],[113.687,0.462],[113.675,0.441],[113.663,0.427],[113.647,0.41],[113.639,0.395],[113.635,0.38],[113.636,0.345],[113.631,0.321],[113.623,0.311],[113.612,0.307],[113.601,0.305],[113.589,0.298],[113.557,0.272],[113.544,0.264],[113.532,0.261],[113.51,0.264],[113.491,0.262],[113.479,0.263],[113.445,0.275],[113.434,0.277],[113.424,0.277],[113.416,0.275],[113.398,0.268],[113.359,0.26],[113.325,0.245],[113.352,0.206],[113.369,0.172],[113.381,0.16],[113.419,0.131],[113.432,0.113],[113.453,0.066],[113.457,0.051],[113.459,0.039],[113.458,0.031],[113.459,0.022],[113.479,-0.048],[113.481,-0.063],[113.48,-0.072],[113.477,-0.08],[113.448,-0.128],[113.433,-0.167],[113.429,-0.19],[113.426,-0.197],[113.419,-0.201],[113.411,-0.202],[113.403,-0.205],[113.396,-0.211],[113.384,-0.227],[113.379,-0.232],[113.371,-0.235],[113.364,-0.237],[113.356,-0.239],[113.343,-0.242],[113.337,-0.245],[113.331,-0.248],[113.326,-0.252],[113.272,-0.311],[113.253,-0.339],[113.25,-0.347],[113.249,-0.361],[113.252,-0.369],[113.258,-0.375],[113.264,-0.379],[113.276,-0.384],[113.283,-0.391],[113.29,-0.402],[113.301,-0.423],[113.303,-0.436],[113.301,-0.448],[113.281,-0.489],[113.263,-0.541],[113.256,-0.551],[113.235,-0.552],[113.226,-0.547],[113.216,-0.539],[113.206,-0.529],[113.198,-0.52],[113.176,-0.482],[113.169,-0.474],[113.161,-0.47],[113.152,-0.47],[113.144,-0.472],[113.13,-0.481],[113.122,-0.484],[113.113,-0.486],[113.107,-0.488],[113.103,-0.492],[113.096,-0.505],[113.091,-0.513],[113.084,-0.518],[113.06,-0.522],[113.047,-0.521],[113.026,-0.517],[113.013,-0.517],[113.004,-0.519],[112.95,-0.542],[112.925,-0.56],[112.893,-0.575],[112.79,-0.61],[112.773,-0.622],[112.766,-0.628],[112.755,-0.636],[112.578,-0.704],[112.565,-0.707],[112.552,-0.707],[112.521,-0.699],[112.508,-0.698],[112.497,-0.702],[112.472,-0.718],[112.38,-0.755],[112.366,-0.757],[112.354,-0.755],[112.33,-0.749],[112.315,-0.747],[112.29,-0.746],[112.239,-0.736],[112.119,-0.735],[112.106,-0.738],[112.096,-0.743],[112.09,-0.752],[112.084,-0.773],[112.059,-0.796],[111.969,-0.823],[111.862,-0.895],[111.82,-0.917],[111.806,-0.921],[111.75,-0.949],[111.651,-1.015],[111.628,-1.036],[111.598,-1.076],[111.591,-1.088],[111.587,-1.102],[111.588,-1.116],[111.597,-1.143],[111.598,-1.158],[111.59,-1.175],[111.577,-1.187],[111.544,-1.206],[111.49,-1.224],[111.473,-1.242],[111.416,-1.269],[111.391,-1.288],[111.371,-1.309],[111.361,-1.314],[111.348,-1.331],[111.327,-1.373],[111.293,-1.394],[111.269,-1.405],[111.242,-1.421],[111.222,-1.44],[111.188,-1.482],[111.171,-1.494],[111.134,-1.53],[111.12,-1.536],[111.108,-1.536],[111.094,-1.527],[111.087,-1.525],[111.076,-1.525],[111.065,-1.523],[111.053,-1.519],[111.036,-1.519],[111.012,-1.526],[110.976,-1.55],[110.958,-1.567],[110.936,-1.594],[110.927,-1.604],[110.92,-1.613],[110.919,-1.621],[110.922,-1.631],[110.929,-1.644],[110.938,-1.655],[110.951,-1.664],[110.962,-1.666],[110.979,-1.66],[110.992,-1.654],[110.999,-1.652],[111.004,-1.651],[111.011,-1.654],[111.017,-1.66],[111.021,-1.673],[111.021,-1.686],[111.014,-1.711],[111.014,-1.719],[111.02,-1.726],[111.028,-1.732],[111.034,-1.744],[111.036,-1.758],[111.026,-1.797],[111.026,-1.812],[111.027,-1.83],[111.025,-1.867],[110.995,-1.985],[110.993,-2.004],[110.996,-2.071],[111.002,-2.097],[111.012,-2.127],[111.138,-2.405],[111.141,-2.428],[111.131,-2.464],[111.127,-2.487],[111.128,-2.578],[111.132,-2.608],[111.137,-2.623],[111.143,-2.635],[111.151,-2.646],[111.16,-2.667],[111.162,-2.683],[111.161,-2.698],[111.156,-2.712],[111.148,-2.723],[111.138,-2.733],[111.123,-2.741],[111.067,-2.765],[111.053,-2.775],[111.043,-2.792],[111.026,-2.834],[111.013,-2.856],[111.006,-2.865],[110.998,-2.87],[110.987,-2.875],[110.96,-2.886],[110.959,-2.886],[110.956,-2.879],[110.934,-2.884],[110.897,-2.91],[110.879,-2.918],[110.83,-2.934],[110.812,-2.937],[110.794,-2.944],[110.777,-2.96],[110.698,-3.063],[110.662,-3.081],[110.631,-3.053],[110.628,-3.043],[110.633,-3.039],[110.64,-3.037],[110.644,-3.029],[110.643,-3.019],[110.637,-2.995],[110.635,-2.974],[110.63,-2.951],[110.617,-2.91],[110.589,-2.877],[110.549,-2.868],[110.508,-2.875],[110.404,-2.921],[110.301,-2.998],[110.263,-3.003],[110.24,-2.973],[110.224,-2.93],[110.205,-2.896],[110.222,-2.876],[110.238,-2.847],[110.247,-2.815],[110.246,-2.786],[110.228,-2.742],[110.223,-2.702],[110.214,-2.669],[110.212,-2.653],[110.204,-2.64],[110.167,-2.632],[110.157,-2.621],[110.16,-2.612],[110.18,-2.59],[110.184,-2.577],[110.199,-2.552],[110.232,-2.557],[110.265,-2.557],[110.281,-2.518],[110.247,-2.54],[110.221,-2.533],[110.201,-2.508],[110.16,-2.436],[110.157,-2.42],[110.155,-2.376],[110.141,-2.29],[110.132,-2.268],[110.119,-2.259],[110.105,-2.252],[110.097,-2.236],[110.095,-2.216],[110.096,-2.197],[110.105,-2.154],[110.12,-2.112],[110.129,-2.07],[110.124,-2.025],[110.095,-1.96],[110.093,-1.95],[110.075,-1.922],[110.066,-1.918],[110.034,-1.909],[109.988,-1.885],[109.969,-1.881],[109.954,-1.874],[109.904,-1.826],[109.909,-1.823],[109.919,-1.816],[109.924,-1.813],[109.916,-1.808],[109.911,-1.8],[109.909,-1.79],[109.911,-1.779],[109.922,-1.77],[109.968,-1.743],[109.983,-1.738],[109.994,-1.73],[110.005,-1.712],[110.034,-1.646],[110.039,-1.628],[110.042,-1.56],[110.069,-1.433],[110.071,-1.39],[110.061,-1.346],[110.044,-1.305],[110.03,-1.286],[110.01,-1.278],[109.988,-1.275],[109.964,-1.266],[109.948,-1.251],[109.952,-1.231],[109.93,-1.223],[109.922,-1.202],[109.924,-1.174],[109.937,-1.128],[109.935,-1.113],[109.923,-1.104],[109.9,-1.101],[109.894,-1.099],[109.87,-1.086],[109.859,-1.085],[109.835,-1.086],[109.823,-1.075],[109.81,-1.045],[109.786,-1.033],[109.775,-1.019],[109.76,-0.991],[109.74,-0.968],[109.734,-0.954],[109.732,-0.932],[109.735,-0.918],[109.742,-0.908],[109.751,-0.9],[109.76,-0.888],[109.765,-0.874],[109.764,-0.871],[109.735,-0.879],[109.724,-0.889],[109.719,-0.904],[109.718,-0.926],[109.714,-0.947],[109.704,-0.961],[109.677,-0.984],[109.648,-0.967],[109.63,-0.952],[109.623,-0.952],[109.616,-0.955],[109.605,-0.957],[109.599,-0.948],[109.582,-0.894],[109.56,-0.877],[109.526,-0.862],[109.489,-0.852],[109.438,-0.846],[109.428,-0.847],[109.421,-0.85],[109.414,-0.86],[109.416,-0.867],[109.421,-0.874],[109.424,-0.884],[109.419,-0.904],[109.407,-0.911],[109.391,-0.912],[109.376,-0.909],[109.335,-0.889],[109.328,-0.884],[109.32,-0.883],[109.284,-0.863],[109.273,-0.854],[109.245,-0.696],[109.251,-0.678],[109.263,-0.667],[109.279,-0.669],[109.297,-0.686],[109.314,-0.695],[109.383,-0.696],[109.398,-0.703],[109.429,-0.726],[109.456,-0.732],[109.462,-0.735],[109.469,-0.737],[109.479,-0.737],[109.502,-0.731],[109.51,-0.725],[109.507,-0.716],[109.497,-0.714],[109.472,-0.717],[109.462,-0.713],[109.444,-0.687],[109.435,-0.679],[109.413,-0.664],[109.39,-0.655],[109.379,-0.653],[109.363,-0.652],[109.355,-0.648],[109.355,-0.641],[109.36,-0.64],[109.369,-0.634],[109.365,-0.63],[109.36,-0.624],[109.355,-0.62],[109.355,-0.614],[109.373,-0.614],[109.406,-0.62],[109.424,-0.62],[109.424,-0.614],[109.401,-0.597],[109.375,-0.587],[109.344,-0.584],[109.278,-0.586],[109.262,-0.592],[109.257,-0.588],[109.25,-0.582],[109.235,-0.576],[109.231,-0.57],[109.228,-0.563],[109.225,-0.559],[109.215,-0.553],[109.212,-0.552],[109.208,-0.552],[109.198,-0.552],[109.187,-0.553],[109.18,-0.556],[109.171,-0.556],[109.16,-0.549],[109.139,-0.529],[109.13,-0.516],[109.123,-0.5],[109.103,-0.41],[109.101,-0.37],[109.103,-0.361],[109.112,-0.36],[109.136,-0.36],[109.103,-0.314],[109.091,-0.287],[109.101,-0.264],[109.101,-0.258],[109.089,-0.253],[109.076,-0.251],[109.067,-0.255],[109.067,-0.271],[109.05,-0.262],[109.046,-0.246],[109.051,-0.229],[109.06,-0.217],[109.07,-0.212],[109.086,-0.207],[109.119,-0.203],[109.147,-0.205],[109.176,-0.212],[109.202,-0.223],[109.219,-0.237],[109.225,-0.237],[109.219,-0.222],[109.199,-0.201],[109.191,-0.189],[109.188,-0.177],[109.191,-0.137],[109.187,-0.082],[109.18,-0.055],[109.16,-0.024],[109.157,-0.009],[109.157,0.02],[109.161,0.034],[109.172,0.034],[109.198,0.024],[109.3,0.01],[109.281,0.027],[109.237,0.057],[109.177,0.108],[109.167,0.112],[109.102,0.243],[109.047,0.287],[109.033,0.293],[109.016,0.297],[108.953,0.302],[108.929,0.315],[108.921,0.34],[108.931,0.38],[108.942,0.408],[108.944,0.423],[108.945,0.445],[108.938,0.465],[108.913,0.504],[108.91,0.531],[108.914,0.541],[108.928,0.564],[108.931,0.575],[108.931,0.616],[108.927,0.641],[108.917,0.661],[108.876,0.715],[108.877,0.724],[108.885,0.733],[108.89,0.754],[108.883,0.778],[108.856,0.812],[108.855,0.832],[108.863,0.842],[108.877,0.856],[108.893,0.868],[108.907,0.873],[108.926,0.876],[108.941,0.884],[108.954,0.897],[108.965,0.914],[108.981,0.956],[108.98,0.996],[108.927,1.14],[108.924,1.164],[108.933,1.178],[108.952,1.184],[108.993,1.188],[109.033,1.199],[109.108,1.229],[109.143,1.251],[109.158,1.265],[109.216,1.335],[109.228,1.359],[109.243,1.38],[109.266,1.395],[109.266,1.401],[109.24,1.404],[109.227,1.389],[109.217,1.369],[109.201,1.36],[109.188,1.349],[109.165,1.302],[109.153,1.292],[109.149,1.286],[109.145,1.274],[109.137,1.262],[109.126,1.257],[109.114,1.254],[109.105,1.249],[109.088,1.236],[109.066,1.23],[109.012,1.224],[108.986,1.216],[108.99,1.247],[109.006,1.274],[109.04,1.319],[109.054,1.352],[109.061,1.384],[109.061,1.499],[109.073,1.534],[109.096,1.561],[109.253,1.668],[109.272,1.694],[109.303,1.753],[109.321,1.778],[109.339,1.798],[109.342,1.802],[109.343,1.804],[109.345,1.806],[109.348,1.81],[109.349,1.815],[109.347,1.819],[109.342,1.82],[109.337,1.819],[109.335,1.815],[109.287,1.778],[109.289,1.796],[109.3,1.807],[109.314,1.817],[109.328,1.833],[109.335,1.85],[109.336,1.868],[109.335,1.901],[109.341,1.936],[109.359,1.948],[109.424,1.956],[109.561,1.99],[109.579,1.998],[109.593,2.008],[109.605,2.021],[109.635,2.074],[109.645,2.083]]],[[[108.677,-1.714],[108.691,-1.699],[108.723,-1.694],[108.757,-1.695],[108.778,-1.703],[108.759,-1.717],[108.725,-1.719],[108.677,-1.714]]],[[[109.17,-1.258],[109.182,-1.266],[109.177,-1.278],[109.144,-1.311],[109.139,-1.314],[109.136,-1.309],[109.134,-1.297],[109.128,-1.297],[109.122,-1.3],[109.115,-1.299],[109.116,-1.304],[109.108,-1.304],[109.101,-1.301],[109.101,-1.292],[109.108,-1.285],[109.115,-1.28],[109.123,-1.278],[109.133,-1.278],[109.144,-1.274],[109.161,-1.257],[109.17,-1.258]]],[[[109.255,-1.169],[109.265,-1.175],[109.265,-1.188],[109.26,-1.202],[109.253,-1.212],[109.246,-1.218],[109.234,-1.225],[109.223,-1.227],[109.219,-1.22],[109.219,-1.207],[109.22,-1.198],[109.224,-1.191],[109.242,-1.174],[109.249,-1.171],[109.255,-1.169]]],[[[108.964,-1.573],[108.968,-1.588],[108.964,-1.604],[108.957,-1.62],[108.948,-1.632],[108.933,-1.641],[108.87,-1.662],[108.858,-1.664],[108.831,-1.662],[108.828,-1.657],[108.825,-1.645],[108.823,-1.632],[108.824,-1.625],[108.83,-1.616],[108.832,-1.605],[108.832,-1.595],[108.827,-1.587],[108.821,-1.583],[108.804,-1.585],[108.793,-1.58],[108.807,-1.565],[108.831,-1.556],[108.876,-1.546],[108.887,-1.54],[108.893,-1.534],[108.901,-1.533],[108.917,-1.539],[108.929,-1.545],[108.956,-1.564],[108.964,-1.573]]],[[[109.76,-1.104],[109.763,-1.11],[109.77,-1.115],[109.777,-1.122],[109.78,-1.132],[109.777,-1.141],[109.768,-1.147],[109.746,-1.155],[109.698,-1.191],[109.688,-1.196],[109.674,-1.199],[109.601,-1.23],[109.57,-1.248],[109.536,-1.259],[109.502,-1.292],[109.479,-1.299],[109.466,-1.293],[109.445,-1.281],[109.426,-1.267],[109.417,-1.254],[109.421,-1.232],[109.445,-1.169],[109.452,-1.004],[109.459,-0.985],[109.475,-0.977],[109.491,-0.979],[109.525,-0.988],[109.544,-0.991],[109.556,-0.987],[109.577,-0.973],[109.588,-0.97],[109.606,-0.975],[109.64,-0.996],[109.657,-1.004],[109.675,-1.004],[109.686,-0.997],[109.695,-0.989],[109.705,-0.984],[109.723,-0.987],[109.739,-0.999],[109.751,-1.015],[109.76,-1.032],[109.76,-1.104]]]]}},{"type":"Feature","id":"ID-KI","properties":{"id":"ID-KI","countryCode":"ID","isoSubdivision":"ID-KI","name":"East Kalimantan","name_en":"East Kalimantan","name_ko":"동칼리만탄","type":"Province","labelLongitude":116.354,"labelLatitude":1.289,"minZoom":4.6},"geometry":{"type":"MultiPolygon","coordinates":[[[[117.704,4.163],[117.738,4.157],[117.784,4.157],[117.853,4.157],[117.907,4.157],[117.912,4.145],[117.918,4.1],[117.935,4.06],[117.901,4.037],[117.887,4.032],[117.873,4.032],[117.839,4.04],[117.819,4.069],[117.763,4.101],[117.739,4.132],[117.704,4.163]]],[[[116.522,4.397],[116.533,4.395],[116.577,4.332],[116.59,4.331],[116.616,4.344],[116.642,4.334],[116.661,4.334],[116.68,4.34],[116.712,4.367],[116.729,4.364],[116.766,4.339],[116.804,4.33],[116.883,4.345],[116.924,4.345],[116.981,4.33],[117.165,4.333],[117.174,4.338],[117.19,4.353],[117.203,4.356],[117.217,4.353],[117.225,4.347],[117.231,4.337],[117.239,4.327],[117.276,4.301],[117.357,4.26],[117.413,4.2],[117.436,4.186],[117.464,4.178],[117.498,4.173],[117.515,4.172],[117.542,4.174],[117.558,4.168],[117.567,4.16],[117.556,4.152],[117.528,4.128],[117.519,4.122],[117.508,4.123],[117.373,4.17],[117.374,4.165],[117.377,4.154],[117.379,4.149],[117.387,4.142],[117.396,4.14],[117.404,4.135],[117.407,4.125],[117.403,4.12],[117.396,4.11],[117.396,4.099],[117.41,4.094],[117.431,4.093],[117.451,4.088],[117.466,4.08],[117.476,4.067],[117.468,4.053],[117.468,4.044],[117.479,4.039],[117.489,4.043],[117.5,4.05],[117.51,4.054],[117.52,4.049],[117.614,3.957],[117.628,3.947],[117.661,3.94],[117.678,3.932],[117.689,3.921],[117.688,3.909],[117.673,3.898],[117.651,3.895],[117.628,3.9],[117.591,3.926],[117.57,3.933],[117.523,3.936],[117.523,3.93],[117.552,3.927],[117.579,3.915],[117.604,3.897],[117.623,3.879],[117.637,3.873],[117.652,3.875],[117.668,3.88],[117.682,3.882],[117.69,3.879],[117.719,3.861],[117.725,3.851],[117.777,3.799],[117.782,3.787],[117.783,3.779],[117.777,3.774],[117.761,3.772],[117.702,3.779],[117.715,3.764],[117.734,3.752],[117.777,3.738],[117.818,3.73],[117.829,3.722],[117.826,3.704],[117.817,3.695],[117.788,3.679],[117.777,3.669],[117.761,3.644],[117.749,3.637],[117.651,3.628],[117.629,3.632],[117.588,3.651],[117.568,3.655],[117.547,3.664],[117.534,3.685],[117.524,3.709],[117.509,3.736],[117.505,3.747],[117.504,3.769],[117.499,3.776],[117.489,3.782],[117.469,3.792],[117.48,3.771],[117.482,3.765],[117.492,3.707],[117.5,3.693],[117.513,3.675],[117.523,3.65],[117.524,3.625],[117.51,3.607],[117.494,3.608],[117.451,3.629],[117.431,3.635],[117.302,3.633],[117.219,3.647],[117.091,3.646],[117.056,3.632],[117.031,3.594],[117.054,3.608],[117.083,3.617],[117.114,3.621],[117.169,3.621],[117.199,3.616],[117.217,3.603],[117.205,3.577],[117.2,3.555],[117.21,3.529],[117.228,3.505],[117.243,3.491],[117.253,3.486],[117.291,3.477],[117.305,3.469],[117.312,3.461],[117.325,3.436],[117.345,3.447],[117.374,3.449],[117.405,3.444],[117.428,3.436],[117.436,3.434],[117.442,3.436],[117.447,3.435],[117.448,3.426],[117.448,3.399],[117.447,3.385],[117.442,3.373],[117.434,3.364],[117.424,3.361],[117.414,3.356],[117.406,3.346],[117.394,3.326],[117.387,3.32],[117.378,3.313],[117.37,3.305],[117.366,3.296],[117.363,3.255],[117.36,3.244],[117.345,3.23],[117.334,3.232],[117.312,3.252],[117.282,3.263],[117.274,3.265],[117.265,3.262],[117.264,3.254],[117.268,3.245],[117.27,3.234],[117.282,3.223],[117.353,3.183],[117.37,3.177],[117.39,3.175],[117.431,3.175],[117.454,3.171],[117.458,3.16],[117.454,3.145],[117.455,3.128],[117.482,3.101],[117.52,3.098],[117.564,3.102],[117.606,3.093],[117.617,3.086],[117.621,3.079],[117.623,3.072],[117.63,3.063],[117.634,3.052],[117.629,3.042],[117.62,3.035],[117.609,3.032],[117.601,3.025],[117.575,2.993],[117.565,2.984],[117.58,2.979],[117.602,2.981],[117.622,2.986],[117.637,2.994],[117.656,2.997],[117.675,2.986],[117.688,2.971],[117.685,2.963],[117.667,2.96],[117.631,2.942],[117.613,2.936],[117.544,2.929],[117.544,2.922],[117.567,2.923],[117.64,2.909],[117.736,2.902],[117.725,2.887],[117.704,2.879],[117.681,2.873],[117.664,2.864],[117.627,2.837],[117.62,2.826],[117.633,2.812],[117.674,2.799],[117.714,2.794],[117.752,2.785],[117.784,2.758],[117.792,2.742],[117.796,2.723],[117.801,2.657],[117.807,2.638],[117.816,2.622],[117.826,2.607],[117.867,2.573],[117.882,2.551],[117.979,2.467],[117.988,2.456],[118,2.434],[118.007,2.426],[118.024,2.382],[118.037,2.364],[118.045,2.382],[118.063,2.367],[118.082,2.337],[118.096,2.304],[118.099,2.278],[118.091,2.262],[118.058,2.22],[118.045,2.209],[117.976,2.192],[117.955,2.182],[117.941,2.163],[117.939,2.143],[117.935,2.124],[117.915,2.107],[117.915,2.093],[117.883,2.095],[117.826,2.107],[117.844,2.088],[117.882,2.068],[117.9,2.05],[117.86,2.038],[117.825,2.036],[117.792,2.038],[117.755,2.046],[117.741,2.045],[117.75,2.031],[117.765,2.025],[117.803,2.021],[117.819,2.017],[117.832,2.006],[117.844,1.991],[117.856,1.983],[117.867,1.99],[117.873,1.99],[117.875,1.947],[117.872,1.925],[117.864,1.915],[117.857,1.909],[117.857,1.898],[117.863,1.886],[117.87,1.881],[117.881,1.882],[117.884,1.884],[117.886,1.883],[117.894,1.874],[117.903,1.857],[117.912,1.837],[117.924,1.819],[117.945,1.812],[117.965,1.808],[117.981,1.801],[117.995,1.792],[118.011,1.784],[118.035,1.785],[118.046,1.783],[118.051,1.774],[118.049,1.762],[118.047,1.752],[118.048,1.744],[118.055,1.733],[118.127,1.655],[118.185,1.632],[118.271,1.563],[118.311,1.542],[118.353,1.534],[118.37,1.523],[118.394,1.497],[118.417,1.492],[118.425,1.486],[118.418,1.473],[118.404,1.462],[118.4,1.454],[118.405,1.445],[118.415,1.441],[118.438,1.441],[118.449,1.436],[118.451,1.428],[118.454,1.403],[118.456,1.395],[118.463,1.395],[118.476,1.402],[118.492,1.396],[118.524,1.374],[118.536,1.371],[118.582,1.367],[118.613,1.351],[118.675,1.28],[118.713,1.264],[118.729,1.254],[118.754,1.23],[118.776,1.202],[118.785,1.182],[118.781,1.177],[118.774,1.176],[118.767,1.173],[118.764,1.164],[118.798,1.15],[118.809,1.14],[118.826,1.12],[118.857,1.058],[118.871,1.056],[118.878,1.056],[118.888,1.058],[118.894,1.063],[118.907,1.075],[118.916,1.079],[118.934,1.076],[118.985,1.058],[119.001,1.048],[119.006,1.038],[119.003,1.026],[118.999,1.015],[118.998,1.004],[119.001,0.999],[119.006,0.995],[119.011,0.988],[119.012,0.976],[119.003,0.962],[118.971,0.936],[118.957,0.913],[118.94,0.902],[118.865,0.869],[118.851,0.857],[118.841,0.83],[118.828,0.818],[118.813,0.809],[118.798,0.805],[118.786,0.805],[118.774,0.806],[118.763,0.809],[118.742,0.822],[118.718,0.828],[118.706,0.836],[118.686,0.846],[118.663,0.846],[118.639,0.841],[118.583,0.814],[118.575,0.808],[118.565,0.804],[118.555,0.808],[118.544,0.815],[118.534,0.818],[118.514,0.822],[118.473,0.838],[118.428,0.84],[118.419,0.837],[118.411,0.822],[118.402,0.814],[118.392,0.808],[118.384,0.805],[118.367,0.81],[118.356,0.823],[118.347,0.839],[118.333,0.853],[118.317,0.859],[118.188,0.875],[118.129,0.893],[118.097,0.909],[118.069,0.929],[118.045,0.955],[118.028,0.985],[118.006,1.051],[117.99,1.079],[117.976,1.088],[117.937,1.108],[117.929,1.117],[117.924,1.125],[117.913,1.125],[117.902,1.12],[117.894,1.113],[117.891,1.104],[117.893,1.095],[117.901,1.079],[117.934,1.039],[117.938,1.031],[117.975,0.983],[117.98,0.966],[117.985,0.926],[117.993,0.911],[117.996,0.907],[118.003,0.894],[118.006,0.892],[118.014,0.888],[118.017,0.886],[118.025,0.873],[118.03,0.859],[118.034,0.843],[118.036,0.821],[118.033,0.8],[118.021,0.791],[118.005,0.789],[117.994,0.788],[117.983,0.791],[117.973,0.798],[117.962,0.817],[117.955,0.825],[117.947,0.831],[117.938,0.836],[117.927,0.839],[117.914,0.84],[117.903,0.837],[117.895,0.833],[117.889,0.828],[117.884,0.825],[117.85,0.824],[117.829,0.82],[117.811,0.812],[117.788,0.792],[117.743,0.741],[117.73,0.716],[117.725,0.653],[117.719,0.637],[117.696,0.617],[117.688,0.606],[117.684,0.596],[117.679,0.575],[117.675,0.565],[117.62,0.502],[117.613,0.479],[117.615,0.469],[117.626,0.444],[117.627,0.434],[117.619,0.424],[117.608,0.417],[117.595,0.412],[117.585,0.407],[117.57,0.389],[117.554,0.35],[117.517,0.291],[117.514,0.28],[117.516,0.275],[117.52,0.271],[117.523,0.263],[117.527,0.242],[117.523,0.226],[117.514,0.212],[117.491,0.19],[117.484,0.179],[117.48,0.166],[117.482,0.154],[117.488,0.151],[117.498,0.151],[117.509,0.149],[117.517,0.14],[117.507,0.133],[117.484,0.125],[117.476,0.119],[117.47,0.109],[117.471,0.102],[117.474,0.096],[117.476,0.086],[117.475,0.075],[117.474,0.069],[117.473,0.065],[117.476,0.058],[117.482,0.055],[117.492,0.055],[117.497,0.051],[117.489,0.037],[117.5,0.033],[117.509,0.026],[117.517,0.016],[117.523,0.003],[117.529,-0.019],[117.53,-0.032],[117.527,-0.038],[117.525,-0.042],[117.513,-0.059],[117.507,-0.07],[117.495,-0.08],[117.489,-0.086],[117.485,-0.092],[117.469,-0.129],[117.465,-0.144],[117.462,-0.186],[117.456,-0.205],[117.435,-0.24],[117.434,-0.264],[117.442,-0.282],[117.458,-0.308],[117.475,-0.33],[117.486,-0.336],[117.495,-0.334],[117.497,-0.35],[117.494,-0.373],[117.489,-0.387],[117.468,-0.412],[117.458,-0.427],[117.459,-0.439],[117.466,-0.457],[117.462,-0.48],[117.452,-0.502],[117.441,-0.518],[117.441,-0.525],[117.475,-0.509],[117.596,-0.423],[117.616,-0.415],[117.63,-0.419],[117.639,-0.436],[117.632,-0.448],[117.619,-0.456],[117.613,-0.467],[117.605,-0.476],[117.57,-0.485],[117.558,-0.49],[117.555,-0.503],[117.59,-0.511],[117.599,-0.521],[117.598,-0.56],[117.594,-0.575],[117.581,-0.593],[117.578,-0.597],[117.574,-0.599],[117.543,-0.601],[117.536,-0.603],[117.53,-0.607],[117.53,-0.614],[117.547,-0.62],[117.565,-0.623],[117.576,-0.63],[117.572,-0.648],[117.56,-0.658],[117.546,-0.666],[117.54,-0.674],[117.551,-0.69],[117.539,-0.695],[117.528,-0.694],[117.5,-0.69],[117.486,-0.693],[117.483,-0.7],[117.489,-0.706],[117.5,-0.71],[117.521,-0.713],[117.575,-0.727],[117.602,-0.731],[117.614,-0.734],[117.622,-0.743],[117.627,-0.756],[117.627,-0.771],[117.623,-0.782],[117.615,-0.786],[117.586,-0.792],[117.572,-0.791],[117.565,-0.791],[117.558,-0.796],[117.545,-0.809],[117.538,-0.813],[117.489,-0.799],[117.494,-0.828],[117.458,-0.82],[117.448,-0.843],[117.452,-0.866],[117.447,-0.877],[117.428,-0.881],[117.413,-0.875],[117.391,-0.849],[117.379,-0.839],[117.375,-0.856],[117.364,-0.879],[117.35,-0.897],[117.339,-0.901],[117.333,-0.892],[117.331,-0.878],[117.332,-0.85],[117.328,-0.841],[117.301,-0.816],[117.282,-0.809],[117.267,-0.828],[117.259,-0.858],[117.257,-0.884],[117.25,-0.909],[117.235,-0.924],[117.195,-0.949],[117.164,-0.982],[117.065,-1.122],[117.039,-1.138],[117.033,-1.159],[117.03,-1.184],[117.024,-1.203],[117.008,-1.216],[116.983,-1.23],[116.958,-1.24],[116.852,-1.264],[116.83,-1.266],[116.82,-1.261],[116.817,-1.247],[116.818,-1.22],[116.829,-1.204],[116.831,-1.195],[116.818,-1.189],[116.811,-1.193],[116.805,-1.201],[116.797,-1.217],[116.793,-1.203],[116.792,-1.171],[116.787,-1.159],[116.746,-1.111],[116.743,-1.085],[116.757,-1.024],[116.743,-1.025],[116.729,-1.044],[116.72,-1.071],[116.715,-1.125],[116.719,-1.136],[116.749,-1.169],[116.757,-1.182],[116.758,-1.188],[116.754,-1.193],[116.749,-1.203],[116.738,-1.215],[116.736,-1.221],[116.777,-1.234],[116.779,-1.236],[116.783,-1.238],[116.788,-1.239],[116.791,-1.244],[116.791,-1.249],[116.789,-1.254],[116.779,-1.274],[116.767,-1.288],[116.763,-1.299],[116.767,-1.344],[116.762,-1.365],[116.74,-1.374],[116.719,-1.377],[116.61,-1.421],[116.568,-1.447],[116.539,-1.481],[116.537,-1.526],[116.545,-1.54],[116.554,-1.551],[116.561,-1.564],[116.564,-1.583],[116.557,-1.606],[116.54,-1.623],[116.518,-1.634],[116.43,-1.659],[116.391,-1.685],[116.346,-1.696],[116.325,-1.704],[116.272,-1.749],[116.263,-1.762],[116.232,-1.777],[116.222,-1.79],[116.243,-1.806],[116.261,-1.809],[116.286,-1.807],[116.308,-1.801],[116.317,-1.789],[116.321,-1.783],[116.33,-1.778],[116.351,-1.772],[116.357,-1.772],[116.367,-1.778],[116.373,-1.779],[116.373,-1.777],[116.379,-1.767],[116.38,-1.765],[116.403,-1.764],[116.425,-1.766],[116.442,-1.776],[116.448,-1.796],[116.433,-1.822],[116.414,-1.847],[116.452,-1.884],[116.467,-1.907],[116.45,-1.957],[116.463,-2.02],[116.458,-2.042],[116.438,-2.067],[116.427,-2.076],[116.359,-2.094],[116.337,-2.108],[116.312,-2.129],[116.292,-2.151],[116.283,-2.169],[116.289,-2.169],[116.337,-2.146],[116.371,-2.138],[116.386,-2.152],[116.393,-2.191],[116.411,-2.204],[116.437,-2.198],[116.501,-2.17],[116.518,-2.166],[116.531,-2.169],[116.532,-2.178],[116.535,-2.195],[116.543,-2.209],[116.554,-2.207],[116.566,-2.198],[116.583,-2.188],[116.599,-2.184],[116.605,-2.194],[116.603,-2.224],[116.573,-2.363],[116.568,-2.362],[116.468,-2.327],[116.39,-2.314],[116.157,-2.299],[116.128,-2.293],[116.043,-2.288],[116.022,-2.283],[115.994,-2.271],[115.985,-2.272],[115.975,-2.277],[115.955,-2.295],[115.943,-2.302],[115.922,-2.309],[115.916,-2.316],[115.912,-2.328],[115.907,-2.338],[115.896,-2.345],[115.874,-2.351],[115.866,-2.348],[115.861,-2.343],[115.853,-2.327],[115.851,-2.32],[115.85,-2.312],[115.84,-2.255],[115.814,-2.184],[115.812,-2.162],[115.819,-2.09],[115.829,-2.047],[115.823,-2.036],[115.81,-2.029],[115.779,-2.026],[115.763,-2.017],[115.749,-2.001],[115.74,-1.972],[115.737,-1.954],[115.738,-1.937],[115.742,-1.924],[115.746,-1.906],[115.741,-1.784],[115.699,-1.681],[115.692,-1.658],[115.689,-1.636],[115.683,-1.625],[115.665,-1.606],[115.657,-1.594],[115.653,-1.577],[115.651,-1.545],[115.643,-1.533],[115.631,-1.525],[115.615,-1.522],[115.57,-1.518],[115.607,-1.467],[115.629,-1.444],[115.64,-1.435],[115.652,-1.429],[115.678,-1.426],[115.694,-1.429],[115.707,-1.43],[115.72,-1.426],[115.734,-1.411],[115.751,-1.387],[115.802,-1.294],[115.808,-1.272],[115.811,-1.222],[115.817,-1.207],[115.805,-1.085],[115.785,-1.092],[115.772,-1.098],[115.759,-1.106],[115.752,-1.107],[115.746,-1.107],[115.74,-1.104],[115.733,-1.097],[115.726,-1.087],[115.717,-1.072],[115.693,-1.052],[115.688,-1.044],[115.681,-1.026],[115.673,-1.013],[115.655,-0.994],[115.642,-0.985],[115.629,-0.978],[115.619,-0.976],[115.611,-0.975],[115.605,-0.973],[115.574,-0.958],[115.54,-0.95],[115.529,-0.945],[115.518,-0.938],[115.467,-0.897],[115.46,-0.886],[115.458,-0.872],[115.46,-0.859],[115.459,-0.843],[115.453,-0.828],[115.421,-0.786],[115.415,-0.774],[115.391,-0.655],[115.391,-0.615],[115.387,-0.598],[115.381,-0.582],[115.33,-0.511],[115.312,-0.473],[115.3,-0.438],[115.295,-0.417],[115.291,-0.366],[115.288,-0.351],[115.274,-0.311],[115.273,-0.294],[115.277,-0.22],[115.284,-0.185],[115.291,-0.168],[115.318,-0.121],[115.322,-0.11],[115.326,-0.098],[115.337,-0.029],[115.342,-0.01],[115.347,0.002],[115.348,0.006],[115.347,0.01],[115.343,0.014],[115.337,0.017],[115.303,0.023],[115.275,0.031],[115.265,0.031],[115.249,0.027],[115.227,0.025],[115.213,0.025],[115.187,0.005],[115.108,-0.087],[115.099,-0.103],[115.093,-0.11],[115.086,-0.118],[115.077,-0.123],[115.046,-0.137],[115.038,-0.143],[115.003,-0.178],[114.996,-0.179],[114.986,-0.179],[114.978,-0.167],[114.976,-0.155],[114.977,-0.141],[114.979,-0.129],[114.978,-0.12],[114.975,-0.113],[114.97,-0.106],[114.967,-0.098],[114.968,-0.086],[114.97,-0.068],[114.985,-0.017],[115.018,0.058],[115.02,0.07],[115.019,0.081],[115.016,0.095],[115.011,0.108],[115,0.131],[114.978,0.166],[114.974,0.176],[114.972,0.186],[114.973,0.212],[114.972,0.226],[114.969,0.237],[114.959,0.258],[114.955,0.271],[114.953,0.284],[114.953,0.313],[114.956,0.329],[114.968,0.364],[115.025,0.48],[115.033,0.489],[115.058,0.509],[115.069,0.521],[115.076,0.533],[115.078,0.547],[115.077,0.558],[115.072,0.568],[115.066,0.58],[115.062,0.593],[115.057,0.637],[115.053,0.645],[115.042,0.658],[115.038,0.666],[115.033,0.677],[115.027,0.687],[115.019,0.695],[115.01,0.7],[115.002,0.703],[114.997,0.706],[114.991,0.711],[114.983,0.728],[114.976,0.735],[114.964,0.739],[114.947,0.74],[114.89,0.737],[114.883,0.736],[114.879,0.733],[114.874,0.727],[114.866,0.711],[114.856,0.706],[114.833,0.698],[114.785,0.69],[114.735,0.673],[114.705,0.654],[114.683,0.635],[114.663,0.621],[114.378,0.589],[114.359,0.591],[114.343,0.597],[114.267,0.61],[114.251,0.614],[114.237,0.622],[114.212,0.64],[114.198,0.646],[114.184,0.65],[114.137,0.653],[114.095,0.649],[114.052,0.649],[114.036,0.647],[114.017,0.638],[114.007,0.63],[113.994,0.615],[113.984,0.608],[113.97,0.604],[113.928,0.599],[113.912,0.596],[113.87,0.578],[113.854,0.574],[113.804,0.568],[113.776,0.559],[113.788,0.592],[113.794,0.604],[113.807,0.62],[113.818,0.628],[113.841,0.637],[113.851,0.646],[113.874,0.68],[113.908,0.719],[113.918,0.736],[113.923,0.762],[113.924,0.782],[113.927,0.802],[113.933,0.82],[113.943,0.841],[113.948,0.862],[113.947,0.879],[113.942,0.892],[113.933,0.9],[113.923,0.906],[113.913,0.906],[113.903,0.904],[113.883,0.897],[113.874,0.896],[113.867,0.898],[113.863,0.902],[113.86,0.91],[113.861,0.92],[113.864,0.942],[113.865,0.953],[113.863,0.964],[113.864,0.976],[113.87,0.987],[113.886,1.003],[113.899,1.011],[113.949,1.034],[113.979,1.058],[113.99,1.064],[114.007,1.072],[114.018,1.079],[114.112,1.161],[114.123,1.167],[114.146,1.178],[114.173,1.202],[114.183,1.208],[114.192,1.214],[114.201,1.225],[114.206,1.241],[114.209,1.262],[114.208,1.278],[114.204,1.295],[114.193,1.314],[114.191,1.33],[114.191,1.344],[114.206,1.425],[114.207,1.439],[114.356,1.502],[114.375,1.507],[114.398,1.504],[114.421,1.492],[114.501,1.436],[114.522,1.429],[114.546,1.435],[114.562,1.45],[114.568,1.469],[114.568,1.491],[114.563,1.512],[114.563,1.536],[114.575,1.553],[114.61,1.582],[114.624,1.599],[114.65,1.641],[114.669,1.694],[114.68,1.763],[114.679,1.794],[114.676,1.807],[114.673,1.814],[114.671,1.821],[114.674,1.832],[114.68,1.841],[114.689,1.85],[114.699,1.858],[114.709,1.862],[114.763,1.869],[114.819,1.89],[114.832,1.903],[114.834,1.921],[114.829,1.943],[114.829,1.96],[114.834,1.977],[114.843,1.997],[114.845,2.01],[114.845,2.025],[114.841,2.038],[114.831,2.045],[114.808,2.042],[114.792,2.035],[114.781,2.036],[114.77,2.058],[114.769,2.067],[114.77,2.1],[114.768,2.11],[114.757,2.126],[114.753,2.135],[114.752,2.154],[114.763,2.208],[114.779,2.247],[114.809,2.265],[114.886,2.275],[114.913,2.284],[114.92,2.296],[114.917,2.311],[114.915,2.332],[114.922,2.354],[114.935,2.361],[114.973,2.357],[114.992,2.37],[115.035,2.406],[115.052,2.414],[115.067,2.423],[115.105,2.466],[115.127,2.479],[115.172,2.483],[115.193,2.491],[115.206,2.51],[115.204,2.528],[115.192,2.551],[115.177,2.574],[115.162,2.59],[115.152,2.597],[115.14,2.603],[115.127,2.607],[115.115,2.608],[115.104,2.605],[115.083,2.594],[115.071,2.595],[115.056,2.609],[115.059,2.629],[115.067,2.651],[115.072,2.672],[115.069,2.682],[115.058,2.701],[115.057,2.711],[115.063,2.724],[115.072,2.727],[115.083,2.73],[115.094,2.737],[115.105,2.761],[115.098,2.781],[115.072,2.815],[115.067,2.828],[115.069,2.833],[115.078,2.837],[115.091,2.848],[115.099,2.86],[115.103,2.87],[115.105,2.88],[115.11,2.892],[115.123,2.913],[115.139,2.928],[115.196,2.968],[115.208,2.981],[115.225,3.016],[115.242,3.042],[115.256,3.037],[115.281,3],[115.31,2.986],[115.342,2.991],[115.407,3.02],[115.448,3.024],[115.464,3.031],[115.472,3.051],[115.476,3.093],[115.482,3.111],[115.517,3.157],[115.514,3.165],[115.499,3.17],[115.484,3.189],[115.483,3.206],[115.518,3.357],[115.536,3.404],[115.557,3.425],[115.567,3.424],[115.576,3.419],[115.585,3.417],[115.595,3.421],[115.601,3.43],[115.601,3.441],[115.593,3.462],[115.576,3.492],[115.573,3.504],[115.572,3.514],[115.574,3.535],[115.573,3.545],[115.549,3.605],[115.544,3.629],[115.545,3.669],[115.55,3.708],[115.589,3.825],[115.589,3.858],[115.575,3.872],[115.554,3.884],[115.538,3.898],[115.539,3.921],[115.546,3.928],[115.581,3.947],[115.59,3.958],[115.61,3.997],[115.622,4.04],[115.633,4.129],[115.639,4.146],[115.647,4.169],[115.656,4.179],[115.676,4.184],[115.683,4.191],[115.69,4.2],[115.733,4.239],[115.74,4.236],[115.747,4.228],[115.757,4.222],[115.771,4.226],[115.775,4.236],[115.779,4.249],[115.817,4.281],[115.822,4.311],[115.821,4.344],[115.831,4.376],[115.844,4.389],[115.856,4.391],[115.865,4.383],[115.869,4.367],[115.879,4.352],[115.899,4.347],[115.941,4.344],[115.965,4.335],[115.977,4.329],[115.983,4.321],[115.987,4.305],[115.994,4.289],[116.004,4.277],[116.021,4.271],[116.033,4.278],[116.081,4.325],[116.099,4.337],[116.11,4.345],[116.117,4.357],[116.126,4.379],[116.137,4.373],[116.147,4.371],[116.17,4.37],[116.215,4.358],[116.229,4.356],[116.257,4.364],[116.285,4.378],[116.311,4.383],[116.338,4.357],[116.344,4.357],[116.351,4.358],[116.358,4.355],[116.362,4.35],[116.365,4.338],[116.391,4.295],[116.401,4.29],[116.411,4.289],[116.422,4.292],[116.446,4.317],[116.457,4.317],[116.468,4.312],[116.486,4.317],[116.494,4.325],[116.492,4.331],[116.487,4.339],[116.486,4.349],[116.494,4.363],[116.515,4.384],[116.522,4.397]]],[[[118.6,2.244],[118.624,2.213],[118.639,2.199],[118.654,2.19],[118.654,2.182],[118.632,2.187],[118.61,2.202],[118.591,2.221],[118.578,2.237],[118.568,2.256],[118.557,2.286],[118.556,2.312],[118.578,2.319],[118.59,2.306],[118.623,2.286],[118.634,2.272],[118.633,2.261],[118.617,2.269],[118.586,2.291],[118.575,2.294],[118.575,2.292],[118.58,2.287],[118.586,2.278],[118.6,2.244]]],[[[117.504,3.334],[117.521,3.325],[117.528,3.317],[117.53,3.306],[117.528,3.291],[117.521,3.288],[117.513,3.291],[117.504,3.293],[117.472,3.294],[117.462,3.293],[117.453,3.289],[117.44,3.28],[117.434,3.279],[117.417,3.289],[117.414,3.305],[117.421,3.322],[117.433,3.336],[117.45,3.344],[117.468,3.345],[117.487,3.341],[117.504,3.334]]],[[[117.625,3.438],[117.64,3.437],[117.657,3.434],[117.672,3.427],[117.682,3.416],[117.684,3.4],[117.682,3.378],[117.677,3.356],[117.665,3.329],[117.667,3.272],[117.66,3.255],[117.648,3.246],[117.638,3.249],[117.633,3.268],[117.625,3.283],[117.572,3.313],[117.556,3.332],[117.544,3.355],[117.535,3.379],[117.531,3.403],[117.542,3.428],[117.567,3.438],[117.625,3.438]]],[[[117.894,3.498],[117.896,3.486],[117.896,3.468],[117.891,3.456],[117.877,3.46],[117.826,3.494],[117.819,3.512],[117.785,3.538],[117.778,3.558],[117.785,3.582],[117.804,3.591],[117.827,3.588],[117.848,3.575],[117.863,3.559],[117.877,3.54],[117.887,3.519],[117.894,3.498]]],[[[117.517,3.477],[117.497,3.456],[117.456,3.464],[117.373,3.498],[117.288,3.498],[117.271,3.5],[117.255,3.507],[117.241,3.516],[117.23,3.525],[117.222,3.536],[117.218,3.548],[117.218,3.56],[117.224,3.571],[117.233,3.579],[117.244,3.586],[117.257,3.592],[117.268,3.593],[117.279,3.589],[117.297,3.576],[117.308,3.573],[117.394,3.566],[117.408,3.556],[117.435,3.525],[117.452,3.518],[117.462,3.516],[117.482,3.507],[117.506,3.502],[117.514,3.495],[117.517,3.486],[117.517,3.477]]],[[[117.846,3.799],[117.832,3.798],[117.812,3.805],[117.784,3.82],[117.77,3.831],[117.745,3.858],[117.73,3.868],[117.736,3.868],[117.755,3.873],[117.763,3.874],[117.767,3.874],[117.788,3.867],[117.807,3.856],[117.829,3.841],[117.844,3.828],[117.853,3.812],[117.846,3.799]]],[[[117.699,4.111],[117.741,4.088],[117.75,4.08],[117.753,4.052],[117.741,4.026],[117.706,3.987],[117.665,3.983],[117.62,4.015],[117.594,4.064],[117.613,4.108],[117.646,4.141],[117.661,4.149],[117.674,4.141],[117.699,4.111]]]]}},{"type":"Feature","id":"ID-KR","properties":{"id":"ID-KR","countryCode":"ID","isoSubdivision":"ID-KR","name":"Riau Islands","name_en":"Riau Islands","name_ko":"리아우 제도","type":"Province","labelLongitude":104.601,"labelLatitude":-0.143,"minZoom":4.6},"geometry":{"type":"MultiPolygon","coordinates":[[[[104.48,-0.271],[104.488,-0.274],[104.494,-0.281],[104.497,-0.29],[104.497,-0.299],[104.493,-0.309],[104.487,-0.311],[104.479,-0.31],[104.47,-0.312],[104.456,-0.319],[104.446,-0.32],[104.418,-0.319],[104.407,-0.312],[104.401,-0.297],[104.405,-0.283],[104.421,-0.278],[104.48,-0.271]]],[[[103.506,0.702],[103.517,0.698],[103.522,0.69],[103.521,0.679],[103.518,0.668],[103.506,0.641],[103.498,0.627],[103.489,0.62],[103.472,0.623],[103.469,0.637],[103.474,0.653],[103.479,0.661],[103.486,0.667],[103.5,0.696],[103.506,0.702]]],[[[104.565,0.798],[104.606,0.794],[104.622,0.787],[104.62,0.777],[104.614,0.766],[104.602,0.764],[104.572,0.771],[104.554,0.771],[104.541,0.767],[104.511,0.75],[104.512,0.774],[104.523,0.788],[104.542,0.796],[104.565,0.798]]],[[[103.668,0.84],[103.703,0.814],[103.718,0.798],[103.727,0.78],[103.725,0.767],[103.713,0.762],[103.701,0.766],[103.695,0.774],[103.689,0.792],[103.667,0.824],[103.668,0.84]]],[[[103.462,0.919],[103.473,0.909],[103.48,0.894],[103.479,0.879],[103.469,0.87],[103.458,0.87],[103.445,0.874],[103.433,0.881],[103.428,0.89],[103.422,0.897],[103.41,0.905],[103.407,0.911],[103.453,0.921],[103.462,0.919]]],[[[103.519,0.818],[103.523,0.808],[103.524,0.798],[103.523,0.778],[103.49,0.821],[103.476,0.832],[103.44,0.844],[103.426,0.854],[103.421,0.873],[103.431,0.868],[103.489,0.845],[103.497,0.84],[103.506,0.834],[103.513,0.827],[103.519,0.818]]],[[[103.819,0.886],[103.863,0.877],[103.898,0.853],[103.924,0.822],[103.942,0.791],[103.941,0.776],[103.933,0.77],[103.921,0.773],[103.911,0.781],[103.895,0.81],[103.887,0.818],[103.852,0.835],[103.846,0.842],[103.842,0.851],[103.819,0.88],[103.819,0.886]]],[[[103.489,0.777],[103.502,0.763],[103.507,0.755],[103.51,0.743],[103.48,0.685],[103.459,0.658],[103.434,0.647],[103.416,0.657],[103.403,0.678],[103.394,0.699],[103.384,0.708],[103.346,0.763],[103.341,0.784],[103.339,0.805],[103.341,0.817],[103.35,0.839],[103.357,0.872],[103.37,0.886],[103.386,0.889],[103.401,0.88],[103.41,0.865],[103.417,0.847],[103.428,0.832],[103.46,0.82],[103.47,0.808],[103.489,0.777]]],[[[103.802,0.853],[103.817,0.842],[103.831,0.816],[103.84,0.788],[103.838,0.77],[103.832,0.765],[103.827,0.766],[103.821,0.769],[103.801,0.784],[103.764,0.805],[103.746,0.823],[103.73,0.848],[103.726,0.873],[103.743,0.894],[103.75,0.889],[103.768,0.884],[103.778,0.88],[103.802,0.853]]],[[[103.942,0.996],[103.952,0.988],[103.961,0.975],[103.967,0.96],[103.967,0.947],[103.959,0.94],[103.946,0.936],[103.933,0.934],[103.922,0.935],[103.911,0.938],[103.857,0.968],[103.846,0.977],[103.84,0.99],[103.839,1.003],[103.845,1.013],[103.857,1.014],[103.874,1.004],[103.874,1.012],[103.88,1.031],[103.893,1.014],[103.909,1.006],[103.942,0.996]]],[[[104.799,1.031],[104.811,1.026],[104.83,1.023],[104.844,1.018],[104.839,1.004],[104.846,0.998],[104.85,0.991],[104.852,0.984],[104.853,0.975],[104.85,0.969],[104.845,0.963],[104.84,0.959],[104.833,0.955],[104.828,0.965],[104.826,0.977],[104.826,0.993],[104.822,0.999],[104.791,1.024],[104.799,1.031]]],[[[107.562,1.037],[107.586,1.026],[107.599,1.017],[107.602,1.01],[107.575,0.98],[107.56,0.97],[107.547,0.976],[107.548,0.982],[107.553,0.987],[107.559,0.994],[107.559,1.004],[107.554,1.007],[107.545,1.006],[107.536,1.008],[107.53,1.018],[107.531,1.028],[107.539,1.034],[107.55,1.038],[107.562,1.037]]],[[[103.443,1.013],[103.445,1.006],[103.445,1],[103.442,0.995],[103.437,0.991],[103.424,0.99],[103.408,0.995],[103.38,1.01],[103.358,1.004],[103.341,1.02],[103.315,1.062],[103.316,1.073],[103.323,1.093],[103.334,1.111],[103.342,1.12],[103.348,1.122],[103.366,1.131],[103.377,1.133],[103.39,1.13],[103.391,1.122],[103.388,1.112],[103.387,1.1],[103.393,1.076],[103.398,1.064],[103.404,1.055],[103.41,1.051],[103.423,1.05],[103.428,1.047],[103.431,1.043],[103.432,1.038],[103.431,1.033],[103.432,1.028],[103.434,1.024],[103.441,1.017],[103.443,1.013]]],[[[104.146,1.16],[104.152,1.14],[104.152,1.119],[104.131,1.049],[104.123,1.05],[104.106,1.065],[104.104,1.058],[104.104,1.052],[104.107,1.045],[104.113,1.038],[104.105,1.033],[104.101,1.027],[104.098,1.019],[104.092,1.01],[104.092,1.006],[104.093,0.994],[104.092,0.99],[104.088,0.989],[104.076,0.99],[104.072,0.99],[104.049,0.984],[104.032,0.989],[103.996,1.01],[103.988,1.01],[103.967,1.008],[103.956,1.01],[103.951,1.014],[103.918,1.051],[103.907,1.072],[103.903,1.091],[103.914,1.1],[103.924,1.096],[103.938,1.08],[103.949,1.079],[103.956,1.085],[103.955,1.094],[103.951,1.104],[103.947,1.125],[103.943,1.131],[103.945,1.135],[103.956,1.141],[103.967,1.142],[103.988,1.134],[103.996,1.133],[104.011,1.145],[104.019,1.179],[104.031,1.188],[104.041,1.181],[104.071,1.146],[104.085,1.133],[104.092,1.145],[104.092,1.158],[104.087,1.171],[104.079,1.182],[104.091,1.188],[104.103,1.19],[104.116,1.187],[104.128,1.181],[104.138,1.172],[104.143,1.166],[104.146,1.16]]],[[[104.655,1.096],[104.656,1.08],[104.667,1.031],[104.652,1.009],[104.647,0.997],[104.654,0.977],[104.655,0.948],[104.658,0.941],[104.662,0.937],[104.659,0.928],[104.65,0.918],[104.637,0.914],[104.624,0.912],[104.616,0.906],[104.614,0.896],[104.613,0.883],[104.6,0.835],[104.567,0.83],[104.483,0.859],[104.489,0.875],[104.484,0.893],[104.469,0.908],[104.449,0.914],[104.449,0.922],[104.473,0.921],[104.485,0.922],[104.49,0.928],[104.487,0.937],[104.475,0.94],[104.449,0.941],[104.429,0.949],[104.421,0.957],[104.421,0.969],[104.428,0.975],[104.463,0.983],[104.458,0.994],[104.457,1.002],[104.463,1.017],[104.468,1.018],[104.48,1.025],[104.485,1.034],[104.473,1.038],[104.468,1.041],[104.458,1.055],[104.452,1.058],[104.439,1.057],[104.43,1.054],[104.386,1.03],[104.371,1.026],[104.349,1.024],[104.341,1.021],[104.327,1.007],[104.315,1.004],[104.282,1.002],[104.271,1.004],[104.246,1.017],[104.241,1.036],[104.242,1.056],[104.233,1.076],[104.232,1.093],[104.256,1.109],[104.305,1.126],[104.317,1.133],[104.322,1.139],[104.333,1.154],[104.337,1.165],[104.337,1.174],[104.341,1.18],[104.356,1.182],[104.378,1.177],[104.389,1.179],[104.394,1.192],[104.4,1.203],[104.413,1.201],[104.436,1.188],[104.476,1.178],[104.508,1.18],[104.538,1.19],[104.572,1.209],[104.568,1.22],[104.576,1.225],[104.587,1.22],[104.593,1.199],[104.587,1.162],[104.588,1.145],[104.599,1.126],[104.647,1.105],[104.655,1.096]]],[[[109.109,2.532],[109.114,2.523],[109.111,2.516],[109.095,2.504],[109.078,2.496],[109.052,2.488],[109.027,2.486],[109.012,2.498],[109.015,2.511],[109.022,2.52],[109.023,2.528],[109.006,2.538],[109.001,2.537],[108.991,2.53],[108.986,2.528],[108.98,2.529],[108.974,2.533],[108.97,2.538],[108.968,2.544],[108.972,2.555],[108.983,2.561],[108.996,2.562],[109.008,2.56],[109.02,2.555],[109.042,2.542],[109.053,2.538],[109.097,2.537],[109.109,2.532]]],[[[106.243,2.76],[106.243,2.745],[106.242,2.738],[106.238,2.733],[106.232,2.742],[106.219,2.758],[106.213,2.781],[106.204,2.796],[106.199,2.81],[106.203,2.819],[106.216,2.822],[106.226,2.817],[106.233,2.806],[106.238,2.794],[106.243,2.76]]],[[[108.842,2.974],[108.856,3.003],[108.881,3.003],[108.899,2.983],[108.886,2.953],[108.884,2.942],[108.892,2.904],[108.89,2.888],[108.884,2.884],[108.863,2.877],[108.855,2.874],[108.852,2.868],[108.846,2.851],[108.842,2.846],[108.83,2.848],[108.818,2.856],[108.8,2.874],[108.783,2.882],[108.776,2.888],[108.775,2.895],[108.776,2.896],[108.797,2.908],[108.814,2.921],[108.829,2.936],[108.836,2.948],[108.841,2.96],[108.842,2.974]]],[[[107.807,3.015],[107.813,2.995],[107.811,2.987],[107.768,2.979],[107.756,2.978],[107.745,2.984],[107.751,3.012],[107.773,3.025],[107.796,3.026],[107.807,3.015]]],[[[105.802,2.997],[105.813,2.996],[105.844,2.988],[105.853,2.984],[105.847,2.97],[105.84,2.97],[105.84,2.977],[105.833,2.977],[105.812,2.904],[105.802,2.898],[105.789,2.907],[105.781,2.905],[105.776,2.899],[105.73,2.881],[105.734,2.873],[105.739,2.869],[105.745,2.868],[105.754,2.867],[105.762,2.864],[105.765,2.857],[105.764,2.85],[105.761,2.846],[105.749,2.845],[105.737,2.841],[105.724,2.84],[105.713,2.843],[105.705,2.851],[105.699,2.862],[105.696,2.873],[105.696,2.885],[105.698,2.896],[105.707,2.921],[105.712,2.944],[105.722,2.969],[105.723,2.977],[105.715,2.989],[105.691,3.002],[105.682,3.011],[105.692,3.02],[105.696,3.034],[105.694,3.049],[105.689,3.06],[105.703,3.066],[105.71,3.048],[105.713,3.046],[105.715,3.044],[105.732,3.035],[105.737,3.032],[105.739,3.015],[105.737,3],[105.739,2.988],[105.754,2.984],[105.762,2.982],[105.778,2.978],[105.785,2.977],[105.79,2.982],[105.792,2.988],[105.795,2.995],[105.802,2.997]]],[[[106.285,3.179],[106.285,3.087],[106.279,3.087],[106.258,3.114],[106.242,3.108],[106.234,3.115],[106.226,3.126],[106.211,3.128],[106.215,3.135],[106.216,3.141],[106.216,3.147],[106.217,3.155],[106.206,3.206],[106.208,3.225],[106.224,3.224],[106.239,3.227],[106.259,3.215],[106.277,3.196],[106.285,3.179]]],[[[106.271,3.361],[106.292,3.368],[106.297,3.358],[106.292,3.317],[106.294,3.281],[106.292,3.272],[106.286,3.264],[106.282,3.268],[106.28,3.278],[106.279,3.289],[106.277,3.292],[106.272,3.294],[106.267,3.292],[106.265,3.289],[106.265,3.282],[106.275,3.254],[106.28,3.248],[106.283,3.241],[106.279,3.231],[106.23,3.258],[106.235,3.263],[106.237,3.269],[106.237,3.285],[106.247,3.306],[106.25,3.327],[106.255,3.345],[106.271,3.361]]],[[[108.396,3.875],[108.407,3.885],[108.406,3.874],[108.389,3.822],[108.383,3.81],[108.341,3.756],[108.333,3.74],[108.328,3.724],[108.324,3.693],[108.318,3.684],[108.3,3.676],[108.285,3.674],[108.254,3.677],[108.239,3.676],[108.224,3.67],[108.195,3.652],[108.184,3.648],[108.174,3.652],[108.142,3.676],[108.105,3.691],[108.094,3.696],[108.118,3.726],[108.122,3.735],[108.125,3.748],[108.132,3.752],[108.14,3.752],[108.146,3.751],[108.165,3.757],[108.171,3.771],[108.176,3.786],[108.187,3.792],[108.202,3.792],[108.214,3.791],[108.224,3.785],[108.239,3.772],[108.267,3.739],[108.28,3.732],[108.278,3.745],[108.262,3.792],[108.257,3.795],[108.249,3.809],[108.245,3.813],[108.237,3.815],[108.208,3.813],[108.18,3.817],[108.103,3.846],[108.072,3.852],[108.062,3.856],[108.053,3.865],[108.045,3.877],[108.03,3.909],[108.028,3.917],[108.026,3.933],[108.023,3.942],[108.017,3.947],[108.01,3.951],[108.005,3.957],[108.004,3.964],[108.005,3.987],[108.002,3.998],[107.995,4.002],[107.989,4.006],[107.985,4.012],[107.988,4.021],[107.997,4.034],[108.022,4.064],[108.032,4.07],[108.042,4.071],[108.051,4.071],[108.06,4.074],[108.067,4.08],[108.08,4.097],[108.084,4.101],[108.094,4.105],[108.17,4.179],[108.182,4.205],[108.196,4.22],[108.212,4.235],[108.225,4.245],[108.242,4.231],[108.25,4.211],[108.252,4.159],[108.257,4.131],[108.271,4.113],[108.307,4.086],[108.365,4.015],[108.391,3.997],[108.396,3.991],[108.398,3.976],[108.398,3.949],[108.404,3.936],[108.393,3.924],[108.378,3.916],[108.366,3.905],[108.362,3.889],[108.372,3.894],[108.38,3.891],[108.396,3.875]]],[[[108.005,4.772],[108.013,4.768],[108.012,4.761],[108.008,4.753],[108.005,4.745],[108,4.709],[107.993,4.691],[107.981,4.684],[107.959,4.684],[107.946,4.687],[107.937,4.691],[107.936,4.695],[107.935,4.698],[107.937,4.703],[107.941,4.709],[107.952,4.718],[107.967,4.726],[107.979,4.736],[107.985,4.749],[107.986,4.756],[107.991,4.764],[107.998,4.77],[108.005,4.772]]],[[[104.549,-0.398],[104.593,-0.448],[104.599,-0.464],[104.592,-0.484],[104.573,-0.5],[104.534,-0.529],[104.527,-0.548],[104.522,-0.597],[104.511,-0.614],[104.477,-0.614],[104.447,-0.588],[104.42,-0.575],[104.394,-0.614],[104.384,-0.653],[104.376,-0.66],[104.356,-0.662],[104.346,-0.579],[104.336,-0.543],[104.326,-0.53],[104.312,-0.532],[104.256,-0.476],[104.254,-0.46],[104.263,-0.446],[104.277,-0.413],[104.284,-0.401],[104.312,-0.378],[104.325,-0.365],[104.333,-0.346],[104.339,-0.346],[104.346,-0.364],[104.335,-0.405],[104.339,-0.428],[104.346,-0.428],[104.348,-0.407],[104.353,-0.387],[104.36,-0.387],[104.383,-0.401],[104.416,-0.382],[104.47,-0.332],[104.489,-0.349],[104.497,-0.354],[104.518,-0.363],[104.525,-0.367],[104.531,-0.373],[104.541,-0.389],[104.549,-0.398]]],[[[104.929,-0.237],[105.011,-0.282],[105.003,-0.295],[104.982,-0.291],[104.957,-0.281],[104.935,-0.278],[104.917,-0.288],[104.92,-0.299],[104.931,-0.313],[104.935,-0.332],[104.882,-0.308],[104.864,-0.305],[104.851,-0.301],[104.833,-0.282],[104.778,-0.258],[104.763,-0.243],[104.751,-0.227],[104.736,-0.214],[104.713,-0.209],[104.671,-0.212],[104.655,-0.216],[104.64,-0.223],[104.617,-0.24],[104.606,-0.244],[104.6,-0.244],[104.585,-0.237],[104.58,-0.24],[104.571,-0.248],[104.563,-0.254],[104.551,-0.268],[104.541,-0.271],[104.529,-0.27],[104.524,-0.266],[104.522,-0.259],[104.517,-0.25],[104.507,-0.236],[104.498,-0.228],[104.484,-0.224],[104.459,-0.223],[104.447,-0.221],[104.44,-0.214],[104.436,-0.204],[104.436,-0.192],[104.437,-0.181],[104.442,-0.176],[104.456,-0.168],[104.494,-0.136],[104.511,-0.114],[104.517,-0.089],[104.525,-0.008],[104.537,0.021],[104.558,0.003],[104.56,0.01],[104.564,0.023],[104.565,0.03],[104.572,0.018],[104.588,0.008],[104.62,-0.004],[104.676,-0.054],[104.681,-0.065],[104.647,-0.073],[104.647,-0.081],[104.653,-0.09],[104.659,-0.097],[104.665,-0.099],[104.675,-0.096],[104.683,-0.09],[104.692,-0.087],[104.706,-0.096],[104.737,-0.127],[104.754,-0.171],[104.766,-0.188],[104.788,-0.196],[104.814,-0.193],[104.82,-0.184],[104.82,-0.17],[104.826,-0.148],[104.849,-0.14],[104.877,-0.167],[104.929,-0.237]]],[[[104.497,0.071],[104.486,0.066],[104.48,0.064],[104.47,0.064],[104.48,0.045],[104.483,0.036],[104.483,0.024],[104.477,0.024],[104.459,0.047],[104.411,0.092],[104.401,0.119],[104.408,0.119],[104.412,0.115],[104.416,0.112],[104.429,0.106],[104.424,0.112],[104.409,0.151],[104.407,0.161],[104.408,0.171],[104.414,0.176],[104.421,0.173],[104.428,0.164],[104.44,0.146],[104.49,0.083],[104.497,0.071]]],[[[104.689,0.071],[104.708,0.044],[104.703,0.033],[104.684,0.036],[104.661,0.051],[104.64,0.07],[104.634,0.078],[104.626,0.102],[104.62,0.106],[104.606,0.092],[104.595,0.102],[104.579,0.125],[104.568,0.137],[104.566,0.143],[104.564,0.158],[104.562,0.161],[104.553,0.162],[104.547,0.163],[104.541,0.165],[104.534,0.171],[104.53,0.177],[104.527,0.19],[104.525,0.195],[104.499,0.223],[104.494,0.231],[104.49,0.243],[104.502,0.238],[104.512,0.233],[104.531,0.216],[104.531,0.219],[104.532,0.223],[104.535,0.226],[104.539,0.228],[104.543,0.227],[104.548,0.224],[104.689,0.071]]],[[[104.406,0.339],[104.416,0.329],[104.421,0.318],[104.42,0.306],[104.411,0.294],[104.405,0.292],[104.4,0.295],[104.396,0.301],[104.392,0.317],[104.387,0.319],[104.38,0.32],[104.374,0.325],[104.347,0.36],[104.339,0.365],[104.341,0.366],[104.348,0.371],[104.352,0.371],[104.358,0.369],[104.376,0.354],[104.406,0.339]]],[[[104.216,0.708],[104.241,0.695],[104.271,0.675],[104.288,0.651],[104.277,0.626],[104.266,0.633],[104.26,0.643],[104.25,0.667],[104.222,0.696],[104.216,0.708]]],[[[104.284,0.708],[104.274,0.703],[104.265,0.702],[104.255,0.705],[104.236,0.718],[104.215,0.721],[104.206,0.726],[104.192,0.746],[104.188,0.764],[104.196,0.78],[104.216,0.791],[104.234,0.786],[104.245,0.787],[104.25,0.795],[104.254,0.798],[104.264,0.799],[104.273,0.797],[104.277,0.788],[104.278,0.764],[104.28,0.747],[104.286,0.73],[104.298,0.708],[104.284,0.708]]],[[[104.226,0.88],[104.241,0.877],[104.258,0.869],[104.266,0.856],[104.257,0.84],[104.25,0.83],[104.24,0.822],[104.188,0.799],[104.176,0.798],[104.167,0.805],[104.161,0.819],[104.156,0.846],[104.148,0.859],[104.134,0.867],[104.107,0.873],[104.092,0.88],[104.099,0.895],[104.094,0.933],[104.099,0.949],[104.113,0.953],[104.128,0.943],[104.157,0.911],[104.163,0.902],[104.166,0.892],[104.172,0.883],[104.185,0.88],[104.226,0.88]]],[[[104.725,0.75],[104.741,0.749],[104.754,0.737],[104.749,0.723],[104.739,0.716],[104.731,0.722],[104.721,0.738],[104.725,0.75]]],[[[104.659,0.846],[104.663,0.834],[104.663,0.829],[104.661,0.82],[104.657,0.814],[104.652,0.81],[104.643,0.807],[104.63,0.807],[104.625,0.811],[104.63,0.816],[104.635,0.829],[104.639,0.848],[104.649,0.858],[104.659,0.846]]]]}},{"type":"Feature","id":"ID-KS","properties":{"id":"ID-KS","countryCode":"ID","isoSubdivision":"ID-KS","name":"South Kalimantan","name_en":"South Kalimantan","name_ko":"남칼리만탄","type":"Province","labelLongitude":115.451,"labelLatitude":-3.007,"minZoom":4.6},"geometry":{"type":"MultiPolygon","coordinates":[[[[116.573,-2.363],[116.54,-2.513],[116.518,-2.554],[116.482,-2.56],[116.473,-2.547],[116.468,-2.526],[116.461,-2.507],[116.445,-2.498],[116.419,-2.497],[116.407,-2.498],[116.402,-2.501],[116.392,-2.509],[116.386,-2.512],[116.38,-2.512],[116.374,-2.509],[116.37,-2.506],[116.366,-2.505],[116.333,-2.511],[116.321,-2.512],[116.31,-2.516],[116.304,-2.526],[116.303,-2.535],[116.307,-2.539],[116.324,-2.548],[116.321,-2.567],[116.297,-2.608],[116.311,-2.615],[116.342,-2.567],[116.366,-2.557],[116.382,-2.558],[116.393,-2.574],[116.39,-2.589],[116.371,-2.633],[116.366,-2.653],[116.37,-2.824],[116.365,-2.861],[116.351,-2.896],[116.334,-2.926],[116.288,-2.987],[116.263,-3.005],[116.244,-3.009],[116.229,-3.002],[116.219,-2.985],[116.215,-2.939],[116.212,-2.93],[116.208,-2.923],[116.2,-2.915],[116.184,-2.909],[116.174,-2.903],[116.166,-2.889],[116.159,-2.867],[116.155,-2.844],[116.154,-2.824],[116.151,-2.816],[116.145,-2.817],[116.138,-2.823],[116.133,-2.834],[116.134,-2.84],[116.14,-2.858],[116.14,-2.869],[116.131,-2.89],[116.117,-2.91],[116.111,-2.93],[116.123,-2.954],[116.127,-2.966],[116.12,-2.976],[116.11,-2.987],[116.106,-2.998],[116.11,-3.006],[116.118,-3.005],[116.133,-2.998],[116.161,-3.004],[116.167,-3.015],[116.167,-3.031],[116.178,-3.05],[116.192,-3.064],[116.255,-3.109],[116.267,-3.124],[116.265,-3.137],[116.219,-3.147],[116.18,-3.161],[116.167,-3.156],[116.163,-3.173],[116.183,-3.208],[116.188,-3.232],[116.181,-3.256],[116.168,-3.266],[116.15,-3.271],[116.126,-3.28],[116.128,-3.265],[116.134,-3.254],[116.144,-3.252],[116.154,-3.259],[116.161,-3.253],[116.167,-3.246],[116.172,-3.226],[116.156,-3.226],[116.123,-3.238],[116.111,-3.246],[116.1,-3.265],[116.085,-3.307],[116.023,-3.412],[116.01,-3.451],[116,-3.54],[115.99,-3.583],[115.968,-3.609],[115.949,-3.614],[115.883,-3.615],[115.858,-3.62],[115.836,-3.633],[115.797,-3.67],[115.759,-3.697],[115.583,-3.781],[115.314,-3.883],[115.06,-3.986],[114.876,-4.071],[114.713,-4.171],[114.664,-4.184],[114.625,-4.171],[114.607,-4.132],[114.611,-4.089],[114.632,-4.013],[114.611,-3.926],[114.604,-3.855],[114.611,-3.684],[114.596,-3.638],[114.537,-3.563],[114.522,-3.519],[114.524,-3.476],[114.55,-3.348],[114.529,-3.357],[114.512,-3.368],[114.5,-3.383],[114.488,-3.488],[114.477,-3.501],[114.452,-3.499],[114.412,-3.485],[114.368,-3.459],[114.311,-3.434],[114.471,-3.004],[114.494,-2.906],[114.498,-2.893],[114.504,-2.881],[114.528,-2.85],[114.534,-2.846],[114.541,-2.843],[114.611,-2.829],[114.631,-2.822],[114.637,-2.818],[114.644,-2.812],[114.654,-2.799],[114.659,-2.791],[114.661,-2.784],[114.66,-2.772],[114.665,-2.765],[114.675,-2.759],[114.743,-2.735],[114.749,-2.73],[114.757,-2.723],[114.775,-2.705],[114.785,-2.689],[114.79,-2.666],[114.791,-2.644],[114.795,-2.621],[114.801,-2.6],[114.81,-2.58],[114.822,-2.562],[114.869,-2.515],[114.872,-2.507],[114.886,-2.47],[114.902,-2.44],[114.906,-2.429],[114.908,-2.419],[114.906,-2.384],[114.904,-2.374],[114.9,-2.368],[114.895,-2.363],[114.891,-2.352],[114.882,-2.336],[114.879,-2.326],[114.879,-2.293],[114.879,-2.285],[114.879,-2.279],[114.88,-2.275],[114.89,-2.269],[114.905,-2.263],[115.026,-2.235],[115.085,-2.22],[115.131,-2.208],[115.155,-2.196],[115.188,-2.171],[115.33,-2.037],[115.308,-1.992],[115.311,-1.98],[115.322,-1.96],[115.34,-1.939],[115.358,-1.904],[115.361,-1.88],[115.354,-1.856],[115.341,-1.828],[115.335,-1.799],[115.338,-1.765],[115.404,-1.474],[115.41,-1.453],[115.417,-1.443],[115.427,-1.434],[115.474,-1.417],[115.48,-1.416],[115.51,-1.412],[115.553,-1.404],[115.643,-1.366],[115.666,-1.361],[115.68,-1.361],[115.686,-1.368],[115.686,-1.382],[115.678,-1.426],[115.652,-1.429],[115.64,-1.435],[115.629,-1.444],[115.607,-1.467],[115.57,-1.518],[115.615,-1.522],[115.631,-1.525],[115.643,-1.533],[115.651,-1.545],[115.653,-1.577],[115.657,-1.594],[115.665,-1.606],[115.683,-1.625],[115.689,-1.636],[115.692,-1.658],[115.699,-1.681],[115.741,-1.784],[115.746,-1.906],[115.742,-1.924],[115.738,-1.937],[115.737,-1.954],[115.74,-1.972],[115.749,-2.001],[115.763,-2.017],[115.779,-2.026],[115.81,-2.029],[115.823,-2.036],[115.829,-2.047],[115.819,-2.09],[115.812,-2.162],[115.814,-2.184],[115.84,-2.255],[115.85,-2.312],[115.851,-2.32],[115.853,-2.327],[115.861,-2.343],[115.866,-2.348],[115.874,-2.351],[115.896,-2.345],[115.907,-2.338],[115.912,-2.328],[115.916,-2.316],[115.922,-2.309],[115.943,-2.302],[115.955,-2.295],[115.975,-2.277],[115.985,-2.272],[115.994,-2.271],[116.022,-2.283],[116.043,-2.288],[116.128,-2.293],[116.157,-2.299],[116.39,-2.314],[116.468,-2.327],[116.568,-2.362],[116.573,-2.363]]],[[[115.846,-4.764],[115.847,-4.769],[115.849,-4.775],[115.853,-4.779],[115.858,-4.78],[115.807,-4.822],[115.786,-4.828],[115.773,-4.815],[115.795,-4.786],[115.852,-4.739],[115.852,-4.746],[115.847,-4.758],[115.846,-4.764]]],[[[116.399,-3.393],[116.404,-3.375],[116.416,-3.382],[116.434,-3.41],[116.431,-3.448],[116.411,-3.521],[116.405,-3.577],[116.395,-3.613],[116.393,-3.632],[116.386,-3.64],[116.37,-3.621],[116.332,-3.562],[116.325,-3.548],[116.325,-3.533],[116.331,-3.512],[116.356,-3.46],[116.359,-3.441],[116.365,-3.429],[116.393,-3.406],[116.399,-3.393]]],[[[116.304,-3.718],[116.31,-3.725],[116.325,-3.732],[116.331,-3.739],[116.333,-3.75],[116.321,-3.757],[116.312,-3.786],[116.299,-3.799],[116.289,-3.816],[116.289,-3.841],[116.295,-3.855],[116.308,-3.879],[116.311,-3.893],[116.306,-3.904],[116.297,-3.908],[116.285,-3.908],[116.276,-3.91],[116.268,-3.918],[116.263,-3.927],[116.257,-3.935],[116.246,-3.938],[116.231,-3.938],[116.222,-3.94],[116.215,-3.944],[116.208,-3.951],[116.207,-3.957],[116.208,-3.969],[116.205,-3.975],[116.199,-3.979],[116.184,-3.987],[116.181,-3.989],[116.178,-3.995],[116.17,-4.004],[116.154,-4.02],[116.145,-4.024],[116.125,-4.03],[116.116,-4.037],[116.1,-4.061],[116.091,-4.067],[116.09,-4.051],[116.083,-4.038],[116.071,-4.033],[116.057,-4.041],[116.05,-4.02],[116.053,-3.998],[116.06,-3.975],[116.064,-3.955],[116.068,-3.951],[116.078,-3.948],[116.087,-3.944],[116.091,-3.934],[116.089,-3.925],[116.076,-3.91],[116.072,-3.903],[116.069,-3.886],[116.078,-3.824],[116.074,-3.801],[116.066,-3.787],[116.044,-3.766],[116.026,-3.74],[116.019,-3.725],[116.013,-3.65],[116.016,-3.629],[116.041,-3.566],[116.046,-3.497],[116.053,-3.479],[116.097,-3.4],[116.118,-3.336],[116.119,-3.324],[116.126,-3.319],[116.159,-3.304],[116.171,-3.297],[116.229,-3.246],[116.246,-3.238],[116.255,-3.233],[116.261,-3.223],[116.268,-3.219],[116.276,-3.232],[116.279,-3.245],[116.276,-3.256],[116.272,-3.268],[116.259,-3.367],[116.263,-3.406],[116.289,-3.444],[116.305,-3.46],[116.319,-3.48],[116.321,-3.498],[116.276,-3.514],[116.274,-3.533],[116.282,-3.554],[116.289,-3.567],[116.297,-3.585],[116.299,-3.602],[116.297,-3.646],[116.303,-3.67],[116.304,-3.68],[116.304,-3.718]]]]}},{"type":"Feature","id":"ID-KT","properties":{"id":"ID-KT","countryCode":"ID","isoSubdivision":"ID-KT","name":"Central Kalimantan","name_en":"Central Kalimantan","name_ko":"중앙칼리만탄","type":"Province","labelLongitude":113.286,"labelLatitude":-1.842,"minZoom":4.6},"geometry":{"type":"Polygon","coordinates":[[[114.311,-3.434],[114.289,-3.424],[114.272,-3.413],[114.264,-3.398],[114.265,-3.378],[114.275,-3.362],[114.293,-3.356],[114.302,-3.346],[114.324,-3.28],[114.351,-3.249],[114.36,-3.234],[114.365,-3.212],[114.324,-3.248],[114.29,-3.306],[114.248,-3.36],[114.187,-3.382],[114.153,-3.378],[114.126,-3.368],[114.108,-3.347],[114.104,-3.314],[114.123,-3.216],[114.118,-3.19],[114.112,-3.199],[114.109,-3.208],[114.099,-3.253],[114.097,-3.276],[114.094,-3.281],[114.08,-3.291],[114.042,-3.356],[113.981,-3.385],[113.948,-3.395],[113.886,-3.431],[113.815,-3.455],[113.713,-3.473],[113.632,-3.457],[113.625,-3.382],[113.638,-3.342],[113.644,-3.298],[113.642,-3.256],[113.62,-3.185],[113.612,-3.174],[113.594,-3.17],[113.508,-3.17],[113.486,-3.175],[113.466,-3.184],[113.452,-3.199],[113.447,-3.221],[113.44,-3.238],[113.423,-3.247],[113.366,-3.253],[113.353,-3.249],[113.346,-3.238],[113.344,-3.215],[113.34,-3.2],[113.329,-3.183],[113.316,-3.168],[113.303,-3.163],[113.345,-3.247],[113.351,-3.272],[113.299,-3.215],[113.285,-3.204],[113.255,-3.187],[113.241,-3.177],[113.23,-3.164],[113.222,-3.15],[113.216,-3.134],[113.21,-3.104],[113.202,-3.093],[113.183,-3.077],[113.159,-3.065],[113.128,-3.055],[113.101,-3.043],[113.035,-2.923],[113.037,-2.993],[113.032,-3.009],[113.025,-3.017],[113.017,-3.037],[113.008,-3.046],[113.003,-3.047],[112.992,-3.046],[112.987,-3.046],[112.983,-3.05],[112.976,-3.058],[112.963,-3.069],[112.949,-3.086],[112.941,-3.106],[112.949,-3.125],[112.962,-3.138],[112.968,-3.144],[112.98,-3.15],[112.99,-3.152],[113.011,-3.153],[113.021,-3.156],[113.021,-3.163],[112.67,-3.389],[112.638,-3.417],[112.618,-3.424],[112.582,-3.416],[112.576,-3.42],[112.573,-3.43],[112.566,-3.438],[112.556,-3.443],[112.545,-3.444],[112.525,-3.438],[112.39,-3.34],[112.349,-3.323],[112.303,-3.314],[112.203,-3.33],[112.117,-3.382],[111.973,-3.526],[111.931,-3.559],[111.905,-3.572],[111.887,-3.57],[111.869,-3.56],[111.822,-3.545],[111.809,-3.533],[111.808,-3.512],[111.83,-3.468],[111.835,-3.448],[111.843,-3.384],[111.843,-3.362],[111.815,-3.19],[111.818,-3.144],[111.833,-3.062],[111.822,-3.018],[111.76,-2.908],[111.754,-2.869],[111.754,-2.824],[111.751,-2.82],[111.744,-2.817],[111.737,-2.813],[111.734,-2.803],[111.737,-2.783],[111.753,-2.756],[111.754,-2.739],[111.739,-2.746],[111.723,-2.759],[111.711,-2.775],[111.706,-2.79],[111.713,-2.835],[111.713,-2.848],[111.708,-2.86],[111.699,-2.868],[111.69,-2.874],[111.686,-2.879],[111.683,-2.883],[111.678,-2.888],[111.673,-2.895],[111.672,-2.903],[111.675,-2.911],[111.681,-2.914],[111.687,-2.917],[111.696,-2.926],[111.7,-2.928],[111.704,-2.932],[111.706,-2.94],[111.703,-2.944],[111.694,-2.943],[111.692,-2.947],[111.649,-2.962],[111.584,-3.009],[111.57,-3.016],[111.552,-3.018],[111.534,-3.012],[111.526,-2.997],[111.521,-2.979],[111.514,-2.964],[111.486,-2.942],[111.448,-2.93],[111.363,-2.923],[111.324,-2.926],[111.296,-2.936],[111.061,-3.061],[110.986,-3.087],[110.942,-3.091],[110.907,-3.083],[110.824,-3.037],[110.807,-3.033],[110.77,-3.032],[110.754,-3.026],[110.756,-3.012],[110.765,-2.996],[110.774,-2.984],[110.804,-2.959],[110.838,-2.945],[110.872,-2.935],[110.956,-2.9],[110.966,-2.9],[110.959,-2.886],[110.96,-2.886],[110.987,-2.875],[110.998,-2.87],[111.006,-2.865],[111.013,-2.856],[111.026,-2.834],[111.043,-2.792],[111.053,-2.775],[111.067,-2.765],[111.123,-2.741],[111.138,-2.733],[111.148,-2.723],[111.156,-2.712],[111.161,-2.698],[111.162,-2.683],[111.16,-2.667],[111.151,-2.646],[111.143,-2.635],[111.137,-2.623],[111.132,-2.608],[111.128,-2.578],[111.127,-2.487],[111.131,-2.464],[111.141,-2.428],[111.138,-2.405],[111.012,-2.127],[111.002,-2.097],[110.996,-2.071],[110.993,-2.004],[110.995,-1.985],[111.025,-1.867],[111.027,-1.83],[111.026,-1.812],[111.026,-1.797],[111.036,-1.758],[111.034,-1.744],[111.028,-1.732],[111.02,-1.726],[111.014,-1.719],[111.014,-1.711],[111.021,-1.686],[111.021,-1.673],[111.017,-1.66],[111.011,-1.654],[111.004,-1.651],[110.999,-1.652],[110.992,-1.654],[110.979,-1.66],[110.962,-1.666],[110.951,-1.664],[110.938,-1.655],[110.929,-1.644],[110.922,-1.631],[110.919,-1.621],[110.92,-1.613],[110.927,-1.604],[110.936,-1.594],[110.958,-1.567],[110.976,-1.55],[111.012,-1.526],[111.036,-1.519],[111.053,-1.519],[111.065,-1.523],[111.076,-1.525],[111.087,-1.525],[111.094,-1.527],[111.108,-1.536],[111.12,-1.536],[111.134,-1.53],[111.171,-1.494],[111.188,-1.482],[111.222,-1.44],[111.242,-1.421],[111.269,-1.405],[111.293,-1.394],[111.327,-1.373],[111.348,-1.331],[111.361,-1.314],[111.371,-1.309],[111.391,-1.288],[111.416,-1.269],[111.473,-1.242],[111.49,-1.224],[111.544,-1.206],[111.577,-1.187],[111.59,-1.175],[111.598,-1.158],[111.597,-1.143],[111.588,-1.116],[111.587,-1.102],[111.591,-1.088],[111.598,-1.076],[111.628,-1.036],[111.651,-1.015],[111.75,-0.949],[111.806,-0.921],[111.82,-0.917],[111.862,-0.895],[111.969,-0.823],[112.059,-0.796],[112.084,-0.773],[112.09,-0.752],[112.096,-0.743],[112.106,-0.738],[112.119,-0.735],[112.239,-0.736],[112.29,-0.746],[112.315,-0.747],[112.33,-0.749],[112.354,-0.755],[112.366,-0.757],[112.38,-0.755],[112.472,-0.718],[112.497,-0.702],[112.508,-0.698],[112.521,-0.699],[112.552,-0.707],[112.565,-0.707],[112.578,-0.704],[112.755,-0.636],[112.766,-0.628],[112.773,-0.622],[112.79,-0.61],[112.893,-0.575],[112.925,-0.56],[112.95,-0.542],[113.004,-0.519],[113.013,-0.517],[113.026,-0.517],[113.047,-0.521],[113.06,-0.522],[113.084,-0.518],[113.091,-0.513],[113.096,-0.505],[113.103,-0.492],[113.107,-0.488],[113.113,-0.486],[113.122,-0.484],[113.13,-0.481],[113.144,-0.472],[113.152,-0.47],[113.161,-0.47],[113.169,-0.474],[113.176,-0.482],[113.198,-0.52],[113.206,-0.529],[113.216,-0.539],[113.226,-0.547],[113.235,-0.552],[113.256,-0.551],[113.263,-0.541],[113.281,-0.489],[113.301,-0.448],[113.303,-0.436],[113.301,-0.423],[113.29,-0.402],[113.283,-0.391],[113.276,-0.384],[113.264,-0.379],[113.258,-0.375],[113.252,-0.369],[113.249,-0.361],[113.25,-0.347],[113.253,-0.339],[113.272,-0.311],[113.326,-0.252],[113.331,-0.248],[113.337,-0.245],[113.343,-0.242],[113.356,-0.239],[113.364,-0.237],[113.371,-0.235],[113.379,-0.232],[113.384,-0.227],[113.396,-0.211],[113.403,-0.205],[113.411,-0.202],[113.419,-0.201],[113.426,-0.197],[113.429,-0.19],[113.433,-0.167],[113.448,-0.128],[113.477,-0.08],[113.48,-0.072],[113.481,-0.063],[113.479,-0.048],[113.459,0.022],[113.458,0.031],[113.459,0.039],[113.457,0.051],[113.453,0.066],[113.432,0.113],[113.419,0.131],[113.381,0.16],[113.369,0.172],[113.352,0.206],[113.325,0.245],[113.359,0.26],[113.398,0.268],[113.416,0.275],[113.424,0.277],[113.434,0.277],[113.445,0.275],[113.479,0.263],[113.491,0.262],[113.51,0.264],[113.532,0.261],[113.544,0.264],[113.557,0.272],[113.589,0.298],[113.601,0.305],[113.612,0.307],[113.623,0.311],[113.631,0.321],[113.636,0.345],[113.635,0.38],[113.639,0.395],[113.647,0.41],[113.663,0.427],[113.675,0.441],[113.687,0.462],[113.703,0.495],[113.712,0.506],[113.725,0.514],[113.735,0.521],[113.753,0.542],[113.776,0.559],[113.804,0.568],[113.854,0.574],[113.87,0.578],[113.912,0.596],[113.928,0.599],[113.97,0.604],[113.984,0.608],[113.994,0.615],[114.007,0.63],[114.017,0.638],[114.036,0.647],[114.052,0.649],[114.095,0.649],[114.137,0.653],[114.184,0.65],[114.198,0.646],[114.212,0.64],[114.237,0.622],[114.251,0.614],[114.267,0.61],[114.343,0.597],[114.359,0.591],[114.378,0.589],[114.663,0.621],[114.683,0.635],[114.705,0.654],[114.735,0.673],[114.785,0.69],[114.833,0.698],[114.856,0.706],[114.866,0.711],[114.874,0.727],[114.879,0.733],[114.883,0.736],[114.89,0.737],[114.947,0.74],[114.964,0.739],[114.976,0.735],[114.983,0.728],[114.991,0.711],[114.997,0.706],[115.002,0.703],[115.01,0.7],[115.019,0.695],[115.027,0.687],[115.033,0.677],[115.038,0.666],[115.042,0.658],[115.053,0.645],[115.057,0.637],[115.062,0.593],[115.066,0.58],[115.072,0.568],[115.077,0.558],[115.078,0.547],[115.076,0.533],[115.069,0.521],[115.058,0.509],[115.033,0.489],[115.025,0.48],[114.968,0.364],[114.956,0.329],[114.953,0.313],[114.953,0.284],[114.955,0.271],[114.959,0.258],[114.969,0.237],[114.972,0.226],[114.973,0.212],[114.972,0.186],[114.974,0.176],[114.978,0.166],[115,0.131],[115.011,0.108],[115.016,0.095],[115.019,0.081],[115.02,0.07],[115.018,0.058],[114.985,-0.017],[114.97,-0.068],[114.968,-0.086],[114.967,-0.098],[114.97,-0.106],[114.975,-0.113],[114.978,-0.12],[114.979,-0.129],[114.977,-0.141],[114.976,-0.155],[114.978,-0.167],[114.986,-0.179],[114.996,-0.179],[115.003,-0.178],[115.038,-0.143],[115.046,-0.137],[115.077,-0.123],[115.086,-0.118],[115.093,-0.11],[115.099,-0.103],[115.108,-0.087],[115.187,0.005],[115.213,0.025],[115.227,0.025],[115.249,0.027],[115.265,0.031],[115.275,0.031],[115.303,0.023],[115.337,0.017],[115.343,0.014],[115.347,0.01],[115.348,0.006],[115.347,0.002],[115.342,-0.01],[115.337,-0.029],[115.326,-0.098],[115.322,-0.11],[115.318,-0.121],[115.291,-0.168],[115.284,-0.185],[115.277,-0.22],[115.273,-0.294],[115.274,-0.311],[115.288,-0.351],[115.291,-0.366],[115.295,-0.417],[115.3,-0.438],[115.312,-0.473],[115.33,-0.511],[115.381,-0.582],[115.387,-0.598],[115.391,-0.615],[115.391,-0.655],[115.415,-0.774],[115.421,-0.786],[115.453,-0.828],[115.459,-0.843],[115.46,-0.859],[115.458,-0.872],[115.46,-0.886],[115.467,-0.897],[115.518,-0.938],[115.529,-0.945],[115.54,-0.95],[115.574,-0.958],[115.605,-0.973],[115.611,-0.975],[115.619,-0.976],[115.629,-0.978],[115.642,-0.985],[115.655,-0.994],[115.673,-1.013],[115.681,-1.026],[115.688,-1.044],[115.693,-1.052],[115.717,-1.072],[115.726,-1.087],[115.733,-1.097],[115.74,-1.104],[115.746,-1.107],[115.752,-1.107],[115.759,-1.106],[115.772,-1.098],[115.785,-1.092],[115.805,-1.085],[115.817,-1.207],[115.811,-1.222],[115.808,-1.272],[115.802,-1.294],[115.751,-1.387],[115.734,-1.411],[115.72,-1.426],[115.707,-1.43],[115.694,-1.429],[115.678,-1.426],[115.686,-1.382],[115.686,-1.368],[115.68,-1.361],[115.666,-1.361],[115.643,-1.366],[115.553,-1.404],[115.51,-1.412],[115.48,-1.416],[115.474,-1.417],[115.427,-1.434],[115.417,-1.443],[115.41,-1.453],[115.404,-1.474],[115.338,-1.765],[115.335,-1.799],[115.341,-1.828],[115.354,-1.856],[115.361,-1.88],[115.358,-1.904],[115.34,-1.939],[115.322,-1.96],[115.311,-1.98],[115.308,-1.992],[115.33,-2.037],[115.188,-2.171],[115.155,-2.196],[115.131,-2.208],[115.085,-2.22],[115.026,-2.235],[114.905,-2.263],[114.89,-2.269],[114.88,-2.275],[114.879,-2.279],[114.879,-2.285],[114.879,-2.293],[114.879,-2.326],[114.882,-2.336],[114.891,-2.352],[114.895,-2.363],[114.9,-2.368],[114.904,-2.374],[114.906,-2.384],[114.908,-2.419],[114.906,-2.429],[114.902,-2.44],[114.886,-2.47],[114.872,-2.507],[114.869,-2.515],[114.822,-2.562],[114.81,-2.58],[114.801,-2.6],[114.795,-2.621],[114.791,-2.644],[114.79,-2.666],[114.785,-2.689],[114.775,-2.705],[114.757,-2.723],[114.749,-2.73],[114.743,-2.735],[114.675,-2.759],[114.665,-2.765],[114.66,-2.772],[114.661,-2.784],[114.659,-2.791],[114.654,-2.799],[114.644,-2.812],[114.637,-2.818],[114.631,-2.822],[114.611,-2.829],[114.541,-2.843],[114.534,-2.846],[114.528,-2.85],[114.504,-2.881],[114.498,-2.893],[114.494,-2.906],[114.471,-3.004],[114.311,-3.434]]]}},{"type":"Feature","id":"ID-LA","properties":{"id":"ID-LA","countryCode":"ID","isoSubdivision":"ID-LA","name":"Lampung","name_en":"Lampung","name_ko":"람풍","type":"Province","labelLongitude":105.059,"labelLatitude":-4.919,"minZoom":4.6},"geometry":{"type":"MultiPolygon","coordinates":[[[[105.828,-4.158],[105.813,-4.239],[105.814,-4.273],[105.819,-4.3],[105.83,-4.324],[105.846,-4.353],[105.857,-4.381],[105.853,-4.404],[105.868,-4.412],[105.879,-4.425],[105.895,-4.458],[105.897,-4.455],[105.902,-4.452],[105.906,-4.469],[105.899,-4.512],[105.909,-4.547],[105.903,-4.566],[105.893,-4.585],[105.888,-4.602],[105.891,-4.619],[105.905,-4.67],[105.89,-4.678],[105.882,-4.696],[105.869,-4.781],[105.867,-4.825],[105.872,-4.849],[105.908,-4.91],[105.91,-4.943],[105.897,-4.975],[105.88,-5.008],[105.867,-5.041],[105.862,-5.127],[105.867,-5.211],[105.865,-5.256],[105.84,-5.337],[105.833,-5.383],[105.84,-5.469],[105.836,-5.492],[105.824,-5.53],[105.833,-5.593],[105.833,-5.634],[105.83,-5.655],[105.811,-5.697],[105.805,-5.718],[105.794,-5.796],[105.783,-5.829],[105.764,-5.856],[105.734,-5.89],[105.73,-5.897],[105.72,-5.887],[105.719,-5.849],[105.713,-5.832],[105.681,-5.819],[105.602,-5.81],[105.586,-5.791],[105.581,-5.713],[105.569,-5.68],[105.545,-5.658],[105.54,-5.663],[105.53,-5.676],[105.525,-5.679],[105.515,-5.678],[105.507,-5.673],[105.501,-5.667],[105.494,-5.664],[105.484,-5.659],[105.45,-5.623],[105.398,-5.581],[105.376,-5.558],[105.311,-5.466],[105.28,-5.444],[105.25,-5.459],[105.246,-5.479],[105.257,-5.517],[105.247,-5.538],[105.248,-5.541],[105.239,-5.569],[105.236,-5.572],[105.231,-5.576],[105.219,-5.575],[105.202,-5.569],[105.18,-5.58],[105.18,-5.597],[105.19,-5.617],[105.196,-5.64],[105.196,-5.668],[105.199,-5.679],[105.207,-5.687],[105.214,-5.693],[105.216,-5.698],[105.202,-5.707],[105.175,-5.716],[105.155,-5.727],[105.158,-5.743],[105.178,-5.75],[105.202,-5.754],[105.215,-5.759],[105.202,-5.774],[105.184,-5.782],[105.163,-5.786],[105.131,-5.787],[105.118,-5.782],[105.073,-5.746],[104.901,-5.671],[104.839,-5.623],[104.791,-5.609],[104.769,-5.592],[104.71,-5.526],[104.698,-5.516],[104.681,-5.507],[104.642,-5.498],[104.623,-5.491],[104.613,-5.479],[104.606,-5.479],[104.608,-5.483],[104.613,-5.499],[104.587,-5.499],[104.568,-5.501],[104.551,-5.508],[104.534,-5.524],[104.528,-5.54],[104.533,-5.56],[104.689,-5.808],[104.698,-5.845],[104.702,-5.887],[104.714,-5.91],[104.716,-5.921],[104.711,-5.928],[104.699,-5.93],[104.561,-5.928],[104.553,-5.919],[104.558,-5.884],[104.554,-5.86],[104.542,-5.842],[104.489,-5.797],[104.479,-5.79],[104.463,-5.783],[104.457,-5.772],[104.449,-5.753],[104.384,-5.692],[104.368,-5.686],[104.298,-5.643],[104.291,-5.625],[104.314,-5.605],[104.302,-5.586],[104.258,-5.54],[104.236,-5.527],[104.225,-5.524],[104.216,-5.523],[104.207,-5.52],[104.195,-5.514],[104.19,-5.505],[104.185,-5.494],[104.178,-5.483],[104.145,-5.474],[104.127,-5.462],[104.111,-5.446],[104.039,-5.357],[103.993,-5.313],[103.988,-5.296],[104,-5.277],[104.002,-5.263],[103.991,-5.246],[103.975,-5.232],[103.963,-5.225],[103.941,-5.223],[103.919,-5.223],[103.901,-5.219],[103.894,-5.201],[103.897,-5.192],[103.911,-5.172],[103.914,-5.16],[103.913,-5.139],[103.912,-5.131],[103.908,-5.123],[103.891,-5.104],[103.832,-5.068],[103.808,-5.042],[103.792,-5.031],[103.774,-5.026],[103.748,-5.027],[103.737,-5.024],[103.726,-5.017],[103.726,-5.007],[103.736,-4.978],[103.733,-4.972],[103.727,-4.969],[103.717,-4.962],[103.705,-4.955],[103.692,-4.952],[103.682,-4.955],[103.672,-4.962],[103.654,-4.979],[103.631,-4.935],[103.617,-4.92],[103.608,-4.916],[103.623,-4.908],[103.639,-4.903],[103.677,-4.877],[103.703,-4.863],[103.735,-4.839],[103.765,-4.805],[103.822,-4.835],[103.837,-4.841],[103.847,-4.847],[103.855,-4.854],[103.857,-4.863],[103.857,-4.873],[103.855,-4.883],[103.854,-4.893],[103.857,-4.902],[103.862,-4.912],[103.864,-4.922],[103.873,-4.929],[103.889,-4.934],[103.927,-4.934],[103.986,-4.942],[104.021,-4.943],[104.052,-4.946],[104.081,-4.947],[104.155,-4.931],[104.21,-4.893],[104.246,-4.891],[104.277,-4.896],[104.288,-4.895],[104.298,-4.892],[104.303,-4.888],[104.321,-4.871],[104.336,-4.842],[104.338,-4.834],[104.339,-4.821],[104.337,-4.814],[104.332,-4.809],[104.326,-4.805],[104.316,-4.795],[104.311,-4.788],[104.294,-4.771],[104.29,-4.762],[104.287,-4.753],[104.285,-4.728],[104.282,-4.723],[104.272,-4.716],[104.265,-4.708],[104.263,-4.701],[104.264,-4.695],[104.266,-4.689],[104.269,-4.671],[104.272,-4.667],[104.288,-4.657],[104.294,-4.651],[104.3,-4.643],[104.309,-4.628],[104.31,-4.61],[104.308,-4.595],[104.297,-4.525],[104.293,-4.495],[104.299,-4.467],[104.309,-4.44],[104.397,-4.405],[104.41,-4.392],[104.442,-4.363],[104.466,-4.348],[104.527,-4.32],[104.55,-4.314],[104.602,-4.314],[104.674,-4.297],[104.84,-4.221],[104.885,-4.21],[104.924,-4.195],[104.974,-4.186],[105.009,-4.169],[105.018,-4.159],[105.029,-4.148],[105.045,-4.135],[105.053,-4.124],[105.057,-4.11],[105.064,-4.096],[105.073,-4.085],[105.082,-4.077],[105.111,-4.06],[105.116,-4.053],[105.116,-4.047],[105.107,-4.037],[105.105,-4.032],[105.105,-4.027],[105.109,-4.019],[105.124,-3.998],[105.126,-3.994],[105.127,-3.986],[105.128,-3.966],[105.129,-3.956],[105.134,-3.947],[105.142,-3.94],[105.157,-3.935],[105.166,-3.928],[105.183,-3.911],[105.192,-3.907],[105.202,-3.906],[105.217,-3.912],[105.229,-3.911],[105.241,-3.908],[105.251,-3.9],[105.266,-3.886],[105.27,-3.879],[105.283,-3.844],[105.284,-3.835],[105.284,-3.817],[105.285,-3.812],[105.287,-3.809],[105.291,-3.806],[105.296,-3.804],[105.299,-3.799],[105.3,-3.792],[105.3,-3.782],[105.302,-3.772],[105.305,-3.764],[105.31,-3.756],[105.316,-3.752],[105.322,-3.752],[105.331,-3.763],[105.341,-3.787],[105.347,-3.797],[105.359,-3.801],[105.367,-3.8],[105.381,-3.794],[105.391,-3.793],[105.402,-3.797],[105.414,-3.805],[105.433,-3.834],[105.442,-3.842],[105.474,-3.847],[105.504,-3.86],[105.513,-3.868],[105.519,-3.883],[105.521,-3.892],[105.521,-3.9],[105.524,-3.905],[105.53,-3.91],[105.541,-3.911],[105.55,-3.916],[105.563,-3.932],[105.572,-3.946],[105.584,-3.957],[105.592,-3.97],[105.596,-3.982],[105.605,-3.998],[105.606,-4],[105.61,-4.01],[105.611,-4.019],[105.609,-4.028],[105.602,-4.047],[105.602,-4.054],[105.607,-4.059],[105.625,-4.056],[105.632,-4.057],[105.639,-4.061],[105.647,-4.071],[105.648,-4.079],[105.648,-4.088],[105.649,-4.099],[105.656,-4.105],[105.677,-4.104],[105.686,-4.111],[105.693,-4.119],[105.701,-4.142],[105.709,-4.15],[105.748,-4.15],[105.765,-4.142],[105.789,-4.137],[105.828,-4.158]]],[[[104.833,-5.76],[104.846,-5.773],[104.85,-5.783],[104.846,-5.811],[104.838,-5.82],[104.82,-5.812],[104.79,-5.788],[104.777,-5.772],[104.772,-5.762],[104.77,-5.752],[104.777,-5.741],[104.787,-5.742],[104.808,-5.754],[104.827,-5.758],[104.833,-5.76]]]]}},{"type":"Feature","id":"ID-MA","properties":{"id":"ID-MA","countryCode":"ID","isoSubdivision":"ID-MA","name":"Maluku","name_en":"Maluku","name_ko":"말루쿠","type":"Province","labelLongitude":128.161,"labelLatitude":-8.248,"minZoom":4.6},"geometry":{"type":"MultiPolygon","coordinates":[[[[128.231,-8.251],[128.238,-8.264],[128.231,-8.273],[128.219,-8.279],[128.207,-8.282],[128.182,-8.285],[128.152,-8.285],[128.123,-8.281],[128.104,-8.275],[128.097,-8.271],[128.088,-8.264],[128.083,-8.255],[128.087,-8.244],[128.095,-8.232],[128.098,-8.221],[128.104,-8.212],[128.118,-8.207],[128.139,-8.216],[128.166,-8.211],[128.193,-8.201],[128.214,-8.199],[128.222,-8.209],[128.226,-8.24],[128.231,-8.251]]],[[[129.03,-8.207],[129.036,-8.22],[129.035,-8.236],[129.028,-8.251],[129.016,-8.261],[129.006,-8.264],[128.993,-8.261],[128.979,-8.255],[128.965,-8.244],[128.949,-8.236],[128.939,-8.241],[128.93,-8.25],[128.916,-8.255],[128.888,-8.245],[128.852,-8.223],[128.834,-8.2],[128.858,-8.186],[128.889,-8.178],[128.985,-8.186],[128.99,-8.189],[129.03,-8.207]]],[[[127.742,-8.159],[127.761,-8.174],[127.772,-8.194],[127.769,-8.213],[127.745,-8.22],[127.724,-8.224],[127.689,-8.238],[127.669,-8.241],[127.648,-8.236],[127.621,-8.213],[127.604,-8.207],[127.683,-8.155],[127.703,-8.151],[127.723,-8.153],[127.742,-8.159]]],[[[127.216,-8.027],[127.226,-8.039],[127.232,-8.054],[127.234,-8.07],[127.235,-8.087],[127.225,-8.109],[127.202,-8.111],[127.152,-8.097],[127.152,-8.09],[127.158,-8.079],[127.156,-8.048],[127.159,-8.035],[127.171,-8.024],[127.186,-8.019],[127.202,-8.02],[127.216,-8.027]]],[[[131.105,-7.629],[131.119,-7.619],[131.126,-7.618],[131.133,-7.623],[131.119,-7.663],[131.109,-7.682],[131.092,-7.692],[131.05,-7.684],[131.036,-7.688],[131.044,-7.713],[130.987,-7.712],[130.971,-7.701],[130.982,-7.672],[130.99,-7.664],[131,-7.657],[131.012,-7.653],[131.04,-7.65],[131.055,-7.646],[131.069,-7.639],[131.078,-7.631],[131.078,-7.633],[131.083,-7.635],[131.09,-7.636],[131.094,-7.635],[131.105,-7.629]]],[[[130.969,-7.535],[130.977,-7.536],[130.984,-7.54],[130.988,-7.545],[130.986,-7.552],[130.979,-7.555],[130.973,-7.551],[130.967,-7.545],[130.959,-7.542],[130.954,-7.544],[130.942,-7.553],[130.938,-7.556],[130.898,-7.554],[130.857,-7.547],[130.845,-7.542],[130.841,-7.529],[130.844,-7.514],[130.859,-7.487],[130.865,-7.489],[130.894,-7.514],[130.907,-7.508],[130.92,-7.511],[130.934,-7.518],[130.945,-7.522],[130.978,-7.515],[130.985,-7.518],[130.969,-7.535]]],[[[131.175,-7.404],[131.178,-7.407],[131.181,-7.411],[131.183,-7.416],[131.166,-7.424],[131.127,-7.466],[131.116,-7.472],[131.105,-7.476],[131.096,-7.481],[131.089,-7.498],[131.08,-7.504],[131.069,-7.508],[131.057,-7.508],[131.057,-7.5],[131.063,-7.497],[131.067,-7.493],[131.072,-7.479],[131.047,-7.48],[131.025,-7.485],[131.005,-7.486],[130.989,-7.473],[130.985,-7.456],[130.991,-7.439],[131.003,-7.424],[131.018,-7.415],[131.027,-7.413],[131.035,-7.414],[131.051,-7.417],[131.067,-7.418],[131.125,-7.41],[131.141,-7.405],[131.154,-7.404],[131.16,-7.403],[131.163,-7.4],[131.167,-7.4],[131.175,-7.404]]],[[[131.284,-7.33],[131.293,-7.318],[131.298,-7.319],[131.299,-7.327],[131.298,-7.337],[131.293,-7.341],[131.271,-7.357],[131.277,-7.371],[131.228,-7.362],[131.216,-7.357],[131.223,-7.351],[131.231,-7.344],[131.243,-7.33],[131.258,-7.304],[131.265,-7.297],[131.27,-7.303],[131.282,-7.323],[131.284,-7.33]]],[[[131.597,-6.679],[131.619,-6.683],[131.629,-6.694],[131.625,-6.71],[131.606,-6.727],[131.584,-6.719],[131.569,-6.733],[131.566,-6.752],[131.591,-6.768],[131.582,-6.782],[131.565,-6.796],[131.551,-6.802],[131.527,-6.781],[131.537,-6.738],[131.566,-6.696],[131.597,-6.679]]],[[[134.707,-6.589],[134.72,-6.595],[134.73,-6.605],[134.736,-6.617],[134.738,-6.631],[134.73,-6.665],[134.722,-6.683],[134.714,-6.696],[134.703,-6.708],[134.68,-6.743],[134.676,-6.758],[134.669,-6.773],[134.654,-6.769],[134.621,-6.747],[134.63,-6.736],[134.632,-6.727],[134.628,-6.709],[134.633,-6.7],[134.666,-6.65],[134.677,-6.611],[134.681,-6.6],[134.688,-6.592],[134.696,-6.588],[134.707,-6.589]]],[[[134.608,-6.421],[134.602,-6.442],[134.588,-6.455],[134.554,-6.473],[134.566,-6.491],[134.561,-6.516],[134.542,-6.529],[134.512,-6.514],[134.502,-6.5],[134.496,-6.485],[134.492,-6.472],[134.491,-6.462],[134.487,-6.454],[134.464,-6.425],[134.451,-6.425],[134.438,-6.428],[134.427,-6.426],[134.423,-6.415],[134.418,-6.406],[134.358,-6.379],[134.35,-6.372],[134.347,-6.36],[134.35,-6.351],[134.356,-6.342],[134.365,-6.334],[134.372,-6.328],[134.387,-6.32],[134.391,-6.316],[134.406,-6.3],[134.413,-6.295],[134.421,-6.29],[134.429,-6.287],[134.438,-6.285],[134.446,-6.285],[134.452,-6.288],[134.464,-6.297],[134.495,-6.314],[134.505,-6.321],[134.529,-6.35],[134.544,-6.364],[134.563,-6.37],[134.575,-6.375],[134.59,-6.388],[134.602,-6.405],[134.608,-6.421]]],[[[134.841,-6.288],[134.856,-6.284],[134.872,-6.289],[134.884,-6.299],[134.888,-6.314],[134.886,-6.336],[134.879,-6.356],[134.861,-6.39],[134.838,-6.46],[134.826,-6.473],[134.812,-6.464],[134.798,-6.452],[134.794,-6.441],[134.806,-6.432],[134.806,-6.425],[134.794,-6.402],[134.799,-6.371],[134.814,-6.346],[134.834,-6.342],[134.834,-6.311],[134.836,-6.297],[134.841,-6.288]]],[[[134.378,-6.254],[134.386,-6.258],[134.396,-6.265],[134.408,-6.272],[134.423,-6.274],[134.423,-6.281],[134.397,-6.285],[134.381,-6.299],[134.366,-6.316],[134.347,-6.329],[134.338,-6.332],[134.335,-6.329],[134.333,-6.321],[134.327,-6.308],[134.304,-6.288],[134.291,-6.28],[134.285,-6.284],[134.278,-6.275],[134.234,-6.239],[134.218,-6.208],[134.203,-6.194],[134.183,-6.206],[134.162,-6.197],[134.166,-6.183],[134.18,-6.167],[134.189,-6.15],[134.186,-6.134],[134.172,-6.136],[134.141,-6.158],[134.12,-6.122],[134.115,-6.077],[134.126,-6.034],[134.155,-6.007],[134.155,-6.048],[134.161,-6.044],[134.207,-6.025],[134.218,-6.024],[134.226,-6.029],[134.236,-6.063],[134.24,-6.073],[134.245,-6.076],[134.251,-6.071],[134.271,-6.062],[134.266,-6.077],[134.246,-6.096],[134.237,-6.11],[134.234,-6.13],[134.243,-6.144],[134.257,-6.158],[134.271,-6.178],[134.286,-6.175],[134.3,-6.185],[134.333,-6.235],[134.343,-6.239],[134.362,-6.239],[134.353,-6.25],[134.356,-6.255],[134.378,-6.254]]],[[[132.797,-5.609],[132.797,-5.626],[132.799,-5.642],[132.805,-5.657],[132.813,-5.671],[132.807,-5.68],[132.805,-5.685],[132.798,-5.68],[132.792,-5.674],[132.788,-5.667],[132.785,-5.658],[132.785,-5.673],[132.781,-5.68],[132.773,-5.682],[132.764,-5.679],[132.758,-5.671],[132.743,-5.63],[132.743,-5.604],[132.751,-5.573],[132.765,-5.545],[132.785,-5.527],[132.79,-5.536],[132.791,-5.544],[132.789,-5.553],[132.785,-5.561],[132.79,-5.557],[132.797,-5.554],[132.805,-5.553],[132.811,-5.556],[132.812,-5.566],[132.797,-5.609]]],[[[132.319,-5.514],[132.346,-5.536],[132.361,-5.54],[132.381,-5.534],[132.378,-5.544],[132.371,-5.554],[132.363,-5.563],[132.354,-5.569],[132.34,-5.574],[132.334,-5.573],[132.332,-5.568],[132.317,-5.551],[132.309,-5.536],[132.307,-5.521],[132.319,-5.514]]],[[[129.927,-4.53],[129.932,-4.515],[129.941,-4.509],[129.948,-4.514],[129.946,-4.556],[129.933,-4.563],[129.916,-4.564],[129.899,-4.568],[129.893,-4.56],[129.884,-4.556],[129.872,-4.554],[129.859,-4.555],[129.874,-4.546],[129.918,-4.537],[129.927,-4.53]]],[[[127.235,-3.821],[127.246,-3.836],[127.253,-3.849],[127.256,-3.875],[127.25,-3.89],[127.243,-3.9],[127.241,-3.911],[127.227,-3.917],[127.21,-3.915],[127.191,-3.912],[127.173,-3.91],[127.161,-3.899],[127.145,-3.885],[127.136,-3.87],[127.138,-3.847],[127.165,-3.814],[127.182,-3.809],[127.199,-3.81],[127.235,-3.821]]],[[[127.615,-3.307],[127.629,-3.322],[127.642,-3.34],[127.644,-3.356],[127.625,-3.362],[127.603,-3.357],[127.565,-3.338],[127.52,-3.33],[127.504,-3.32],[127.491,-3.307],[127.48,-3.293],[127.485,-3.292],[127.51,-3.277],[127.513,-3.274],[127.522,-3.262],[127.525,-3.256],[127.526,-3.254],[127.53,-3.253],[127.532,-3.254],[127.534,-3.256],[127.564,-3.256],[127.583,-3.268],[127.615,-3.307]]],[[[127.772,-3.163],[127.784,-3.169],[127.788,-3.183],[127.79,-3.2],[127.796,-3.212],[127.786,-3.234],[127.778,-3.244],[127.766,-3.246],[127.742,-3.246],[127.679,-3.252],[127.659,-3.246],[127.643,-3.224],[127.66,-3.201],[127.687,-3.178],[127.706,-3.156],[127.742,-3.156],[127.753,-3.151],[127.758,-3.15],[127.761,-3.152],[127.763,-3.156],[127.766,-3.16],[127.772,-3.163]]],[[[127.954,-2.917],[127.97,-2.92],[127.985,-2.929],[127.994,-2.939],[127.992,-2.943],[127.984,-2.949],[127.969,-2.972],[127.964,-2.978],[127.961,-2.983],[127.951,-3.011],[127.947,-3.018],[127.934,-3.026],[127.918,-3.029],[127.838,-3.033],[127.827,-3.029],[127.825,-3.017],[127.837,-3.002],[127.854,-2.989],[127.868,-2.984],[127.875,-2.983],[127.88,-2.979],[127.889,-2.967],[127.896,-2.962],[127.902,-2.962],[127.907,-2.965],[127.912,-2.964],[127.925,-2.955],[127.933,-2.946],[127.934,-2.934],[127.926,-2.917],[127.954,-2.917]]],[[[128.091,-8.131],[128.124,-8.15],[128.127,-8.161],[128.118,-8.179],[128.066,-8.22],[128.054,-8.227],[128.042,-8.255],[128.026,-8.261],[128.009,-8.259],[127.994,-8.252],[127.952,-8.224],[127.939,-8.218],[127.925,-8.215],[127.864,-8.211],[127.844,-8.206],[127.827,-8.196],[127.802,-8.176],[127.793,-8.162],[127.79,-8.141],[127.785,-8.132],[127.776,-8.125],[127.762,-8.117],[127.766,-8.108],[127.774,-8.103],[127.785,-8.102],[127.796,-8.104],[127.833,-8.099],[127.868,-8.106],[127.94,-8.131],[128.018,-8.143],[128.057,-8.142],[128.091,-8.131]]],[[[131.109,-8.131],[131.125,-8.128],[131.142,-8.122],[131.16,-8.119],[131.182,-8.125],[131.161,-8.152],[131.132,-8.168],[131.101,-8.18],[131.061,-8.206],[130.991,-8.235],[130.98,-8.236],[130.952,-8.233],[130.902,-8.25],[130.894,-8.251],[130.896,-8.284],[130.892,-8.296],[130.879,-8.309],[130.835,-8.336],[130.821,-8.347],[130.811,-8.351],[130.763,-8.351],[130.774,-8.334],[130.815,-8.285],[130.836,-8.269],[130.844,-8.254],[130.855,-8.24],[130.869,-8.233],[130.879,-8.231],[130.906,-8.219],[130.913,-8.214],[130.922,-8.198],[130.921,-8.188],[130.916,-8.176],[130.913,-8.159],[130.917,-8.141],[130.926,-8.133],[130.938,-8.133],[130.952,-8.141],[130.974,-8.145],[131.014,-8.095],[131.038,-8.083],[131.051,-8.091],[131.085,-8.125],[131.08,-8.133],[131.077,-8.142],[131.079,-8.149],[131.089,-8.152],[131.094,-8.148],[131.104,-8.134],[131.109,-8.131]]],[[[129.841,-7.878],[129.855,-7.884],[129.861,-7.899],[129.862,-7.917],[129.859,-7.933],[129.848,-7.947],[129.812,-7.983],[129.782,-8.046],[129.776,-8.055],[129.759,-8.054],[129.694,-8.038],[129.688,-8.028],[129.594,-7.924],[129.585,-7.902],[129.588,-7.836],[129.601,-7.807],[129.632,-7.796],[129.725,-7.796],[129.733,-7.798],[129.759,-7.809],[129.766,-7.813],[129.775,-7.817],[129.811,-7.817],[129.819,-7.819],[129.83,-7.824],[129.839,-7.83],[129.845,-7.836],[129.844,-7.847],[129.838,-7.873],[129.841,-7.878]]],[[[126.837,-7.726],[126.84,-7.739],[126.839,-7.748],[126.833,-7.758],[126.823,-7.762],[126.813,-7.758],[126.803,-7.751],[126.792,-7.747],[126.749,-7.754],[126.728,-7.755],[126.713,-7.747],[126.631,-7.775],[126.62,-7.781],[126.597,-7.802],[126.589,-7.806],[126.568,-7.814],[126.559,-7.82],[126.504,-7.888],[126.502,-7.895],[126.504,-7.903],[126.504,-7.912],[126.497,-7.923],[126.488,-7.933],[126.475,-7.955],[126.466,-7.967],[126.455,-7.958],[126.433,-7.937],[126.422,-7.933],[126.374,-7.933],[126.35,-7.929],[126.301,-7.915],[126.274,-7.912],[126.19,-7.924],[126.169,-7.916],[126.156,-7.902],[126.137,-7.889],[126.115,-7.883],[126.09,-7.892],[126.075,-7.884],[126.054,-7.885],[125.999,-7.894],[125.98,-7.903],[125.969,-7.906],[125.946,-7.906],[125.935,-7.908],[125.925,-7.912],[125.924,-7.915],[125.921,-7.928],[125.918,-7.933],[125.913,-7.935],[125.902,-7.937],[125.898,-7.939],[125.812,-8.008],[125.789,-8.016],[125.774,-8.008],[125.776,-7.992],[125.786,-7.971],[125.798,-7.953],[125.805,-7.945],[125.808,-7.934],[125.808,-7.864],[125.814,-7.85],[125.825,-7.837],[125.839,-7.827],[125.853,-7.823],[125.87,-7.815],[125.876,-7.795],[125.879,-7.772],[125.884,-7.754],[125.888,-7.752],[125.903,-7.747],[125.908,-7.744],[125.914,-7.737],[125.921,-7.721],[125.948,-7.678],[125.957,-7.668],[125.969,-7.66],[125.981,-7.659],[125.993,-7.662],[126.023,-7.676],[126.031,-7.682],[126.035,-7.689],[126.046,-7.693],[126.203,-7.713],[126.215,-7.709],[126.245,-7.691],[126.261,-7.686],[126.28,-7.688],[126.304,-7.693],[126.328,-7.696],[126.346,-7.689],[126.398,-7.644],[126.452,-7.62],[126.485,-7.597],[126.504,-7.59],[126.604,-7.569],[126.617,-7.562],[126.627,-7.56],[126.631,-7.565],[126.63,-7.587],[126.631,-7.599],[126.635,-7.607],[126.647,-7.617],[126.693,-7.638],[126.703,-7.648],[126.712,-7.659],[126.722,-7.668],[126.738,-7.672],[126.799,-7.664],[126.813,-7.669],[126.822,-7.68],[126.829,-7.695],[126.834,-7.712],[126.837,-7.726]]],[[[127.47,-7.528],[127.484,-7.532],[127.489,-7.545],[127.488,-7.579],[127.482,-7.59],[127.467,-7.599],[127.431,-7.613],[127.419,-7.615],[127.413,-7.618],[127.408,-7.623],[127.399,-7.644],[127.389,-7.65],[127.373,-7.656],[127.358,-7.656],[127.351,-7.641],[127.348,-7.623],[127.348,-7.615],[127.355,-7.607],[127.362,-7.603],[127.37,-7.6],[127.376,-7.596],[127.379,-7.586],[127.376,-7.57],[127.364,-7.537],[127.364,-7.522],[127.373,-7.506],[127.385,-7.503],[127.418,-7.508],[127.441,-7.521],[127.454,-7.526],[127.47,-7.528]]],[[[131.699,-7.227],[131.684,-7.225],[131.675,-7.223],[131.667,-7.224],[131.655,-7.234],[131.646,-7.245],[131.643,-7.255],[131.647,-7.282],[131.646,-7.302],[131.647,-7.309],[131.649,-7.31],[131.669,-7.344],[131.675,-7.358],[131.673,-7.372],[131.661,-7.384],[131.668,-7.394],[131.678,-7.401],[131.687,-7.406],[131.695,-7.412],[131.699,-7.414],[131.703,-7.413],[131.706,-7.413],[131.709,-7.418],[131.709,-7.425],[131.704,-7.425],[131.698,-7.425],[131.695,-7.429],[131.683,-7.452],[131.68,-7.473],[131.676,-7.48],[131.669,-7.485],[131.661,-7.487],[131.669,-7.509],[131.663,-7.532],[131.653,-7.555],[131.643,-7.599],[131.633,-7.62],[131.619,-7.637],[131.603,-7.644],[131.599,-7.649],[131.579,-7.689],[131.574,-7.695],[131.558,-7.707],[131.539,-7.713],[131.513,-7.717],[131.497,-7.726],[131.503,-7.747],[131.497,-7.756],[131.49,-7.763],[131.481,-7.766],[131.469,-7.762],[131.475,-7.783],[131.464,-7.794],[131.449,-7.8],[131.441,-7.806],[131.434,-7.814],[131.39,-7.847],[131.383,-7.86],[131.38,-7.873],[131.38,-7.892],[131.369,-7.904],[131.358,-7.912],[131.348,-7.922],[131.339,-7.939],[131.349,-7.939],[131.357,-7.942],[131.361,-7.947],[131.356,-7.956],[131.35,-7.964],[131.348,-7.97],[131.348,-7.977],[131.345,-7.987],[131.335,-8.001],[131.317,-8.018],[131.299,-8.026],[131.292,-8.011],[131.306,-7.973],[131.311,-7.954],[131.301,-7.945],[131.294,-7.942],[131.289,-7.937],[131.283,-7.936],[131.271,-7.945],[131.266,-7.954],[131.262,-7.977],[131.257,-7.987],[131.23,-8.004],[131.191,-8.007],[131.116,-8.001],[131.107,-7.991],[131.112,-7.969],[131.127,-7.929],[131.124,-7.914],[131.116,-7.899],[131.105,-7.89],[131.092,-7.892],[131.086,-7.872],[131.09,-7.849],[131.103,-7.829],[131.12,-7.817],[131.133,-7.817],[131.144,-7.821],[131.153,-7.822],[131.161,-7.81],[131.161,-7.8],[131.155,-7.792],[131.147,-7.786],[131.14,-7.782],[131.14,-7.775],[131.157,-7.774],[131.157,-7.766],[131.151,-7.754],[131.154,-7.741],[131.144,-7.744],[131.137,-7.743],[131.134,-7.737],[131.133,-7.726],[131.127,-7.726],[131.127,-7.734],[131.12,-7.734],[131.115,-7.707],[131.123,-7.691],[131.139,-7.686],[131.161,-7.692],[131.204,-7.713],[131.223,-7.714],[131.25,-7.707],[131.232,-7.703],[131.212,-7.695],[131.195,-7.684],[131.181,-7.65],[131.181,-7.641],[131.192,-7.638],[131.19,-7.632],[131.195,-7.597],[131.202,-7.58],[131.225,-7.546],[131.23,-7.531],[131.233,-7.507],[131.242,-7.488],[131.255,-7.472],[131.315,-7.423],[131.328,-7.418],[131.336,-7.423],[131.341,-7.432],[131.347,-7.438],[131.356,-7.435],[131.361,-7.428],[131.373,-7.398],[131.38,-7.389],[131.384,-7.386],[131.388,-7.382],[131.393,-7.371],[131.391,-7.368],[131.39,-7.359],[131.391,-7.348],[131.397,-7.343],[131.453,-7.334],[131.454,-7.328],[131.45,-7.32],[131.448,-7.309],[131.455,-7.291],[131.463,-7.279],[131.483,-7.255],[131.487,-7.245],[131.489,-7.237],[131.494,-7.23],[131.507,-7.227],[131.527,-7.226],[131.536,-7.223],[131.545,-7.22],[131.532,-7.19],[131.529,-7.17],[131.537,-7.154],[131.569,-7.131],[131.59,-7.12],[131.617,-7.112],[131.638,-7.109],[131.654,-7.113],[131.661,-7.129],[131.654,-7.166],[131.655,-7.172],[131.668,-7.167],[131.677,-7.161],[131.692,-7.141],[131.704,-7.132],[131.71,-7.137],[131.714,-7.15],[131.74,-7.196],[131.743,-7.196],[131.738,-7.207],[131.726,-7.217],[131.711,-7.224],[131.699,-7.227]]],[[[131.982,-7.189],[131.986,-7.225],[131.982,-7.246],[131.966,-7.255],[131.956,-7.249],[131.922,-7.224],[131.914,-7.216],[131.904,-7.18],[131.878,-7.164],[131.843,-7.162],[131.772,-7.165],[131.743,-7.158],[131.732,-7.141],[131.757,-7.11],[131.878,-7.106],[131.9,-7.11],[131.918,-7.104],[131.934,-7.112],[131.944,-7.127],[131.948,-7.141],[131.953,-7.154],[131.977,-7.174],[131.982,-7.189]]],[[[128.67,-7.137],[128.659,-7.144],[128.668,-7.158],[128.681,-7.172],[128.677,-7.179],[128.639,-7.22],[128.622,-7.21],[128.584,-7.179],[128.547,-7.163],[128.533,-7.151],[128.529,-7.131],[128.539,-7.112],[128.563,-7.091],[128.592,-7.073],[128.62,-7.063],[128.629,-7.069],[128.643,-7.083],[128.652,-7.09],[128.661,-7.092],[128.679,-7.094],[128.686,-7.096],[128.7,-7.11],[128.701,-7.123],[128.691,-7.133],[128.67,-7.137]]],[[[134.484,-6.576],[134.511,-6.581],[134.521,-6.587],[134.515,-6.6],[134.508,-6.609],[134.504,-6.628],[134.499,-6.638],[134.472,-6.662],[134.45,-6.661],[134.429,-6.653],[134.402,-6.657],[134.402,-6.665],[134.42,-6.664],[134.434,-6.677],[134.437,-6.682],[134.432,-6.692],[134.422,-6.704],[134.409,-6.715],[134.398,-6.72],[134.347,-6.802],[134.364,-6.808],[134.359,-6.821],[134.311,-6.859],[134.245,-6.883],[134.207,-6.911],[134.185,-6.919],[134.158,-6.874],[134.146,-6.859],[134.14,-6.855],[134.127,-6.849],[134.09,-6.838],[134.073,-6.827],[134.064,-6.796],[134.055,-6.775],[134.053,-6.764],[134.054,-6.752],[134.067,-6.72],[134.086,-6.642],[134.104,-6.475],[134.111,-6.459],[134.118,-6.452],[134.121,-6.462],[134.131,-6.48],[134.186,-6.489],[134.21,-6.507],[134.208,-6.49],[134.191,-6.463],[134.189,-6.445],[134.137,-6.45],[134.12,-6.42],[134.127,-6.325],[134.122,-6.292],[134.099,-6.226],[134.098,-6.192],[134.103,-6.18],[134.112,-6.173],[134.124,-6.172],[134.136,-6.177],[134.146,-6.189],[134.154,-6.203],[134.164,-6.215],[134.199,-6.224],[134.214,-6.235],[134.247,-6.268],[134.277,-6.29],[134.289,-6.295],[134.295,-6.298],[134.299,-6.306],[134.3,-6.316],[134.296,-6.325],[134.288,-6.336],[134.288,-6.342],[134.313,-6.374],[134.33,-6.389],[134.349,-6.4],[134.392,-6.408],[134.407,-6.419],[134.42,-6.433],[134.437,-6.445],[134.443,-6.446],[134.446,-6.443],[134.45,-6.441],[134.457,-6.445],[134.461,-6.451],[134.462,-6.456],[134.462,-6.46],[134.464,-6.466],[134.482,-6.498],[134.485,-6.507],[134.488,-6.509],[134.49,-6.511],[134.491,-6.517],[134.489,-6.521],[134.484,-6.523],[134.48,-6.525],[134.478,-6.531],[134.484,-6.576]]],[[[132.802,-5.787],[132.811,-5.797],[132.812,-5.82],[132.805,-5.862],[132.797,-5.886],[132.787,-5.906],[132.776,-5.924],[132.761,-5.942],[132.742,-5.95],[132.731,-5.934],[132.724,-5.91],[132.716,-5.897],[132.716,-5.907],[132.714,-5.918],[132.709,-5.928],[132.699,-5.931],[132.692,-5.929],[132.686,-5.922],[132.675,-5.904],[132.675,-5.911],[132.67,-5.9],[132.668,-5.888],[132.668,-5.862],[132.667,-5.858],[132.665,-5.855],[132.662,-5.852],[132.661,-5.845],[132.663,-5.839],[132.668,-5.837],[132.673,-5.836],[132.675,-5.836],[132.672,-5.783],[132.674,-5.76],[132.689,-5.76],[132.683,-5.749],[132.675,-5.712],[132.67,-5.712],[132.661,-5.711],[132.655,-5.709],[132.658,-5.702],[132.66,-5.697],[132.662,-5.691],[132.662,-5.684],[132.661,-5.679],[132.657,-5.677],[132.65,-5.678],[132.644,-5.675],[132.641,-5.668],[132.642,-5.649],[132.641,-5.643],[132.634,-5.633],[132.628,-5.626],[132.622,-5.617],[132.62,-5.603],[132.657,-5.62],[132.661,-5.623],[132.675,-5.613],[132.688,-5.6],[132.698,-5.597],[132.703,-5.617],[132.699,-5.632],[132.692,-5.642],[132.691,-5.65],[132.703,-5.658],[132.711,-5.659],[132.726,-5.655],[132.734,-5.655],[132.74,-5.66],[132.744,-5.668],[132.745,-5.686],[132.757,-5.723],[132.758,-5.732],[132.762,-5.722],[132.764,-5.718],[132.771,-5.718],[132.776,-5.738],[132.779,-5.761],[132.786,-5.78],[132.802,-5.787]]],[[[134.758,-6.158],[134.758,-6.168],[134.757,-6.176],[134.753,-6.183],[134.748,-6.189],[134.744,-6.199],[134.751,-6.219],[134.748,-6.23],[134.74,-6.242],[134.721,-6.282],[134.717,-6.298],[134.702,-6.322],[134.63,-6.351],[134.608,-6.37],[134.584,-6.352],[134.571,-6.349],[134.559,-6.356],[134.554,-6.356],[134.54,-6.338],[134.536,-6.335],[134.535,-6.331],[134.516,-6.314],[134.512,-6.312],[134.502,-6.299],[134.459,-6.278],[134.449,-6.264],[134.438,-6.264],[134.378,-6.239],[134.372,-6.238],[134.369,-6.233],[134.367,-6.228],[134.365,-6.223],[134.359,-6.22],[134.354,-6.221],[134.349,-6.225],[134.344,-6.226],[134.334,-6.221],[134.327,-6.211],[134.321,-6.198],[134.316,-6.189],[134.291,-6.156],[134.277,-6.119],[134.276,-6.084],[134.292,-6.055],[134.312,-6.047],[134.331,-6.05],[134.349,-6.051],[134.368,-6.034],[134.369,-6.024],[134.333,-6.026],[134.313,-6.028],[134.302,-6.016],[134.306,-6.001],[134.315,-5.984],[134.319,-5.966],[134.312,-5.954],[134.288,-5.924],[134.289,-5.918],[134.299,-5.913],[134.313,-5.902],[134.323,-5.889],[134.323,-5.868],[134.36,-5.85],[134.354,-5.836],[134.354,-5.828],[134.376,-5.806],[134.378,-5.794],[134.362,-5.781],[134.352,-5.793],[134.341,-5.804],[134.331,-5.804],[134.327,-5.784],[134.318,-5.773],[134.299,-5.768],[134.265,-5.767],[134.248,-5.76],[134.233,-5.751],[134.207,-5.729],[134.202,-5.712],[134.216,-5.696],[134.237,-5.683],[134.258,-5.679],[134.277,-5.686],[134.31,-5.713],[134.33,-5.718],[134.352,-5.714],[134.359,-5.704],[134.361,-5.688],[134.368,-5.671],[134.378,-5.662],[134.392,-5.652],[134.404,-5.641],[134.409,-5.627],[134.412,-5.614],[134.457,-5.534],[134.463,-5.553],[134.473,-5.558],[134.483,-5.553],[134.491,-5.541],[134.495,-5.543],[134.505,-5.548],[134.506,-5.528],[134.505,-5.518],[134.502,-5.51],[134.495,-5.501],[134.492,-5.496],[134.491,-5.448],[134.493,-5.442],[134.497,-5.436],[134.502,-5.432],[134.508,-5.429],[134.515,-5.429],[134.519,-5.432],[134.522,-5.436],[134.527,-5.44],[134.54,-5.441],[134.568,-5.428],[134.581,-5.424],[134.628,-5.445],[134.636,-5.455],[134.648,-5.493],[134.659,-5.505],[134.688,-5.524],[134.697,-5.534],[134.689,-5.537],[134.669,-5.548],[134.675,-5.552],[134.679,-5.558],[134.682,-5.575],[134.676,-5.575],[134.676,-5.569],[134.652,-5.575],[134.641,-5.579],[134.635,-5.589],[134.644,-5.586],[134.672,-5.589],[134.68,-5.591],[134.691,-5.596],[134.71,-5.609],[134.737,-5.638],[134.758,-5.671],[134.74,-5.685],[134.726,-5.711],[134.719,-5.738],[134.717,-5.753],[134.726,-5.754],[134.733,-5.757],[134.738,-5.76],[134.739,-5.766],[134.739,-5.774],[134.738,-5.787],[134.731,-5.803],[134.711,-5.824],[134.703,-5.836],[134.724,-5.838],[134.743,-5.847],[134.754,-5.861],[134.751,-5.877],[134.756,-5.879],[134.76,-5.886],[134.765,-5.89],[134.754,-5.898],[134.734,-5.91],[134.724,-5.918],[134.72,-5.901],[134.71,-5.896],[134.699,-5.903],[134.697,-5.918],[134.703,-5.926],[134.728,-5.937],[134.738,-5.945],[134.727,-5.945],[134.724,-5.945],[134.736,-5.969],[134.721,-5.972],[134.695,-5.962],[134.676,-5.952],[134.668,-5.945],[134.663,-5.938],[134.654,-5.933],[134.639,-5.931],[134.626,-5.933],[134.615,-5.937],[134.606,-5.944],[134.601,-5.952],[134.643,-5.948],[134.657,-5.954],[134.662,-5.976],[134.671,-5.987],[134.711,-6.02],[134.727,-6.028],[134.765,-6.077],[134.772,-6.09],[134.768,-6.113],[134.755,-6.136],[134.736,-6.154],[134.717,-6.165],[134.713,-6.162],[134.71,-6.16],[134.703,-6.158],[134.701,-6.171],[134.697,-6.181],[134.691,-6.188],[134.741,-6.171],[134.758,-6.158]]],[[[133.184,-5.31],[133.188,-5.325],[133.189,-5.344],[133.184,-5.362],[133.172,-5.37],[133.165,-5.38],[133.139,-5.521],[133.113,-5.596],[133.106,-5.606],[133.08,-5.632],[133.069,-5.637],[133.061,-5.639],[133.047,-5.649],[133.034,-5.654],[133.027,-5.663],[133.017,-5.679],[132.997,-5.7],[132.975,-5.729],[132.958,-5.761],[132.949,-5.794],[132.951,-5.813],[132.959,-5.844],[132.957,-5.862],[132.949,-5.874],[132.857,-5.989],[132.842,-5.997],[132.841,-5.985],[132.9,-5.814],[132.924,-5.787],[132.929,-5.777],[132.931,-5.715],[132.929,-5.698],[132.964,-5.641],[132.98,-5.645],[132.997,-5.652],[133.004,-5.647],[133.015,-5.607],[133.019,-5.566],[133.023,-5.549],[133.039,-5.514],[133.076,-5.398],[133.097,-5.366],[133.104,-5.351],[133.11,-5.311],[133.121,-5.295],[133.138,-5.287],[133.156,-5.288],[133.173,-5.296],[133.184,-5.31]]],[[[131.733,-4.693],[131.75,-4.711],[131.754,-4.737],[131.749,-4.759],[131.737,-4.766],[131.729,-4.755],[131.725,-4.732],[131.726,-4.708],[131.733,-4.693]]],[[[131.606,-4.43],[131.614,-4.425],[131.62,-4.424],[131.626,-4.427],[131.633,-4.43],[131.649,-4.452],[131.671,-4.49],[131.68,-4.524],[131.661,-4.534],[131.655,-4.526],[131.616,-4.442],[131.606,-4.43]]],[[[131.366,-4.122],[131.386,-4.14],[131.392,-4.153],[131.385,-4.156],[131.353,-4.133],[131.305,-4.115],[131.297,-4.109],[131.289,-4.1],[131.284,-4.09],[131.281,-4.08],[131.28,-4.075],[131.282,-4.07],[131.284,-4.066],[131.288,-4.063],[131.295,-4.063],[131.299,-4.066],[131.304,-4.075],[131.318,-4.088],[131.366,-4.122]]],[[[131.235,-3.988],[131.24,-3.992],[131.245,-3.997],[131.249,-4.003],[131.25,-4.01],[131.25,-4.032],[131.248,-4.043],[131.24,-4.047],[131.226,-4.038],[131.216,-4.019],[131.211,-3.996],[131.209,-3.979],[131.235,-3.988]]],[[[131.445,-4.037],[131.453,-4.056],[131.442,-4.065],[131.422,-4.063],[131.401,-4.047],[131.391,-4.032],[131.37,-3.985],[131.366,-3.968],[131.37,-3.962],[131.378,-3.957],[131.394,-3.952],[131.416,-3.959],[131.427,-3.983],[131.434,-4.014],[131.445,-4.037]]],[[[128.796,-3.643],[128.797,-3.653],[128.8,-3.661],[128.804,-3.669],[128.811,-3.676],[128.797,-3.694],[128.779,-3.702],[128.762,-3.7],[128.749,-3.684],[128.746,-3.66],[128.758,-3.644],[128.777,-3.637],[128.796,-3.643]]],[[[128.529,-3.533],[128.543,-3.547],[128.559,-3.57],[128.564,-3.592],[128.546,-3.601],[128.529,-3.604],[128.491,-3.619],[128.449,-3.623],[128.432,-3.627],[128.393,-3.643],[128.388,-3.627],[128.393,-3.607],[128.401,-3.586],[128.406,-3.57],[128.407,-3.557],[128.41,-3.543],[128.417,-3.531],[128.427,-3.523],[128.461,-3.512],[128.477,-3.52],[128.513,-3.526],[128.529,-3.533]]],[[[128.331,-3.512],[128.349,-3.529],[128.345,-3.542],[128.331,-3.554],[128.323,-3.57],[128.329,-3.592],[128.337,-3.612],[128.335,-3.627],[128.31,-3.635],[128.303,-3.634],[128.283,-3.622],[128.269,-3.616],[128.263,-3.615],[128.252,-3.615],[128.247,-3.62],[128.251,-3.633],[128.276,-3.666],[128.278,-3.674],[128.275,-3.681],[128.255,-3.71],[128.237,-3.722],[128.213,-3.729],[128.183,-3.732],[128.161,-3.739],[128.147,-3.755],[128.129,-3.77],[128.097,-3.773],[128.104,-3.764],[128.127,-3.749],[128.132,-3.742],[128.152,-3.703],[128.204,-3.668],[128.221,-3.649],[128.203,-3.639],[128.184,-3.647],[128.145,-3.676],[128.107,-3.692],[128.081,-3.708],[128.056,-3.713],[128.043,-3.718],[128.022,-3.736],[128.006,-3.757],[127.986,-3.772],[127.954,-3.773],[127.933,-3.763],[127.927,-3.747],[127.923,-3.726],[127.912,-3.703],[127.916,-3.694],[127.961,-3.64],[127.984,-3.621],[128.035,-3.589],[128.048,-3.585],[128.063,-3.584],[128.147,-3.588],[128.159,-3.585],[128.242,-3.522],[128.287,-3.505],[128.331,-3.512]]],[[[128.721,-3.526],[128.726,-3.546],[128.728,-3.615],[128.707,-3.603],[128.687,-3.582],[128.669,-3.569],[128.652,-3.581],[128.652,-3.591],[128.655,-3.602],[128.656,-3.612],[128.646,-3.622],[128.636,-3.623],[128.627,-3.618],[128.619,-3.608],[128.611,-3.594],[128.618,-3.594],[128.604,-3.583],[128.594,-3.569],[128.586,-3.553],[128.568,-3.528],[128.559,-3.509],[128.561,-3.494],[128.584,-3.491],[128.598,-3.492],[128.606,-3.497],[128.622,-3.516],[128.632,-3.523],[128.661,-3.533],[128.673,-3.54],[128.682,-3.517],[128.693,-3.502],[128.706,-3.503],[128.721,-3.526]]],[[[127.241,-3.471],[127.243,-3.606],[127.227,-3.643],[127.206,-3.66],[127.186,-3.66],[127.165,-3.653],[127.141,-3.649],[127.122,-3.653],[127.002,-3.714],[126.991,-3.718],[126.981,-3.725],[126.957,-3.756],[126.946,-3.766],[126.907,-3.787],[126.827,-3.81],[126.777,-3.833],[126.742,-3.859],[126.719,-3.855],[126.697,-3.864],[126.674,-3.843],[126.656,-3.835],[126.589,-3.817],[126.559,-3.793],[126.525,-3.79],[126.439,-3.75],[126.381,-3.703],[126.364,-3.697],[126.325,-3.688],[126.275,-3.663],[126.259,-3.642],[126.244,-3.631],[126.203,-3.631],[126.174,-3.603],[126.165,-3.568],[126.149,-3.526],[126.088,-3.484],[126.069,-3.467],[126.053,-3.446],[126.042,-3.42],[126.041,-3.413],[126.007,-3.361],[125.992,-3.248],[126.017,-3.171],[126.037,-3.154],[126.065,-3.133],[126.091,-3.112],[126.111,-3.122],[126.122,-3.148],[126.136,-3.161],[126.161,-3.172],[126.185,-3.181],[126.202,-3.182],[126.228,-3.175],[126.227,-3.15],[126.258,-3.122],[126.297,-3.106],[126.421,-3.07],[126.72,-3.06],[126.84,-3.074],[126.859,-3.086],[126.875,-3.109],[126.893,-3.126],[126.919,-3.115],[126.934,-3.131],[126.956,-3.138],[126.979,-3.142],[127.001,-3.15],[127.035,-3.174],[127.055,-3.179],[127.084,-3.194],[127.094,-3.201],[127.102,-3.21],[127.107,-3.219],[127.109,-3.229],[127.112,-3.264],[127.112,-3.272],[127.106,-3.273],[127.094,-3.272],[127.083,-3.268],[127.07,-3.261],[127.056,-3.26],[127.042,-3.272],[127.041,-3.287],[127.046,-3.305],[127.055,-3.323],[127.063,-3.334],[127.07,-3.337],[127.08,-3.349],[127.095,-3.362],[127.114,-3.369],[127.125,-3.363],[127.138,-3.34],[127.148,-3.334],[127.159,-3.337],[127.193,-3.356],[127.239,-3.363],[127.26,-3.371],[127.269,-3.386],[127.265,-3.405],[127.246,-3.45],[127.241,-3.471]]],[[[130.873,-3.574],[130.876,-3.586],[130.876,-3.595],[130.873,-3.615],[130.869,-3.626],[130.855,-3.646],[130.852,-3.653],[130.849,-3.663],[130.835,-3.682],[130.832,-3.694],[130.825,-3.824],[130.831,-3.837],[130.841,-3.853],[130.842,-3.865],[130.818,-3.869],[130.8,-3.862],[130.767,-3.834],[130.753,-3.828],[130.731,-3.826],[130.632,-3.789],[130.616,-3.786],[130.607,-3.778],[130.565,-3.732],[130.551,-3.721],[130.535,-3.712],[130.516,-3.705],[130.493,-3.703],[130.478,-3.697],[130.466,-3.684],[130.448,-3.657],[130.435,-3.645],[130.419,-3.637],[130.399,-3.631],[130.376,-3.629],[130.356,-3.625],[130.311,-3.594],[130.126,-3.533],[130.107,-3.515],[130.102,-3.512],[130.088,-3.51],[130.037,-3.491],[130.002,-3.473],[129.983,-3.46],[129.975,-3.448],[129.973,-3.442],[129.964,-3.428],[129.961,-3.42],[129.962,-3.391],[129.961,-3.382],[129.934,-3.348],[129.89,-3.333],[129.545,-3.298],[129.51,-3.303],[129.502,-3.334],[129.551,-3.403],[129.563,-3.44],[129.53,-3.465],[129.486,-3.463],[129.402,-3.423],[129.358,-3.41],[129.236,-3.402],[129.194,-3.39],[129.114,-3.349],[129.084,-3.341],[129.058,-3.341],[128.984,-3.347],[128.961,-3.356],[128.94,-3.333],[128.938,-3.32],[128.947,-3.3],[128.982,-3.252],[128.969,-3.233],[128.953,-3.22],[128.933,-3.214],[128.91,-3.212],[128.89,-3.204],[128.877,-3.203],[128.872,-3.208],[128.869,-3.214],[128.851,-3.238],[128.792,-3.26],[128.783,-3.269],[128.777,-3.279],[128.693,-3.349],[128.686,-3.359],[128.684,-3.364],[128.68,-3.369],[128.675,-3.375],[128.673,-3.386],[128.676,-3.395],[128.683,-3.401],[128.69,-3.406],[128.694,-3.41],[128.678,-3.432],[128.636,-3.437],[128.587,-3.434],[128.549,-3.437],[128.508,-3.457],[128.484,-3.462],[128.464,-3.455],[128.45,-3.443],[128.416,-3.426],[128.399,-3.41],[128.282,-3.221],[128.272,-3.212],[128.231,-3.209],[128.211,-3.204],[128.183,-3.194],[128.179,-3.194],[128.179,-3.191],[128.18,-3.167],[128.186,-3.141],[128.2,-3.111],[128.197,-3.091],[128.184,-3.074],[128.166,-3.067],[128.136,-3.075],[128.111,-3.1],[128.091,-3.132],[128.077,-3.163],[128.067,-3.197],[128.057,-3.297],[128.053,-3.311],[128.044,-3.326],[128.032,-3.358],[128.022,-3.369],[128.014,-3.371],[127.994,-3.374],[127.988,-3.376],[127.981,-3.385],[127.976,-3.405],[127.962,-3.426],[127.953,-3.444],[127.94,-3.478],[127.936,-3.497],[127.937,-3.506],[127.944,-3.516],[127.943,-3.522],[127.929,-3.543],[127.926,-3.553],[127.899,-3.524],[127.903,-3.477],[127.933,-3.39],[127.934,-3.345],[127.93,-3.323],[127.923,-3.314],[127.916,-3.307],[127.886,-3.266],[127.875,-3.209],[127.868,-3.194],[127.842,-3.173],[127.844,-3.166],[127.865,-3.156],[127.874,-3.154],[127.896,-3.152],[127.906,-3.15],[127.916,-3.14],[127.939,-3.113],[127.951,-3.108],[127.967,-3.104],[127.993,-3.083],[128.008,-3.074],[128.026,-3.069],[128.046,-3.066],[128.067,-3.067],[128.084,-3.074],[128.104,-3.067],[128.092,-3.035],[128.091,-3.022],[128.095,-3.011],[128.114,-2.994],[128.118,-2.984],[128.106,-2.976],[128.085,-2.974],[128.07,-2.971],[128.077,-2.958],[128.085,-2.955],[128.112,-2.95],[128.121,-2.945],[128.139,-2.91],[128.136,-2.912],[128.136,-2.908],[128.137,-2.901],[128.139,-2.896],[128.143,-2.895],[128.15,-2.895],[128.156,-2.893],[128.159,-2.886],[128.161,-2.874],[128.167,-2.864],[128.175,-2.857],[128.187,-2.855],[128.212,-2.861],[128.381,-2.86],[128.417,-2.851],[128.46,-2.846],[128.499,-2.837],[128.516,-2.834],[128.538,-2.837],[128.575,-2.851],[128.601,-2.855],[128.801,-2.856],[128.842,-2.862],[128.865,-2.862],[128.908,-2.855],[128.947,-2.844],[129.016,-2.814],[129.053,-2.804],[129.069,-2.821],[129.071,-2.855],[129.064,-2.896],[129.079,-2.905],[129.105,-2.948],[129.122,-2.958],[129.133,-2.956],[129.153,-2.951],[129.163,-2.95],[129.169,-2.951],[129.172,-2.954],[129.174,-2.956],[129.177,-2.958],[129.185,-2.955],[129.184,-2.949],[129.181,-2.942],[129.181,-2.937],[129.18,-2.934],[129.178,-2.93],[129.179,-2.926],[129.187,-2.923],[129.192,-2.923],[129.195,-2.928],[129.2,-2.93],[129.212,-2.941],[129.219,-2.941],[129.221,-2.926],[129.228,-2.915],[129.243,-2.907],[129.276,-2.896],[129.328,-2.867],[129.358,-2.856],[129.364,-2.842],[129.366,-2.824],[129.373,-2.807],[129.4,-2.792],[129.444,-2.785],[129.523,-2.786],[129.535,-2.78],[129.541,-2.78],[129.544,-2.79],[129.545,-2.794],[129.55,-2.797],[129.555,-2.799],[129.612,-2.807],[129.754,-2.866],[129.766,-2.869],[129.778,-2.875],[129.798,-2.906],[129.811,-2.917],[129.825,-2.918],[129.838,-2.913],[129.85,-2.906],[129.862,-2.903],[129.868,-2.907],[129.87,-2.916],[129.873,-2.928],[129.886,-2.937],[129.895,-2.925],[129.912,-2.933],[129.928,-2.947],[129.944,-2.965],[129.965,-2.974],[130.047,-2.992],[130.213,-2.99],[130.302,-2.977],[130.345,-2.978],[130.389,-2.994],[130.489,-3.087],[130.503,-3.094],[130.578,-3.123],[130.588,-3.129],[130.592,-3.139],[130.599,-3.173],[130.602,-3.18],[130.622,-3.213],[130.631,-3.253],[130.633,-3.338],[130.637,-3.354],[130.656,-3.381],[130.66,-3.393],[130.667,-3.404],[130.683,-3.406],[130.722,-3.403],[130.761,-3.406],[130.793,-3.416],[130.817,-3.434],[130.832,-3.458],[130.811,-3.465],[130.811,-3.485],[130.819,-3.505],[130.831,-3.526],[130.863,-3.557],[130.873,-3.574]]],[[[130.067,-7.763],[130.077,-7.766],[130.084,-7.773],[130.08,-7.787],[130.066,-7.788],[130.053,-7.777],[130.045,-7.775],[130.032,-7.775],[130.026,-7.773],[130.029,-7.768],[130.031,-7.763],[130.037,-7.762],[130.047,-7.763],[130.056,-7.761],[130.067,-7.763]]],[[[130.008,-7.725],[130.015,-7.744],[130.008,-7.75],[129.997,-7.748],[129.994,-7.744],[129.993,-7.739],[129.983,-7.732],[129.98,-7.722],[129.979,-7.713],[129.983,-7.705],[129.992,-7.702],[130.001,-7.707],[130.006,-7.714],[130.008,-7.725]]],[[[129.675,-7.572],[129.655,-7.56],[129.654,-7.547],[129.659,-7.535],[129.664,-7.537],[129.681,-7.554],[129.691,-7.56],[129.7,-7.558],[129.707,-7.555],[129.714,-7.558],[129.712,-7.57],[129.695,-7.578],[129.682,-7.577],[129.675,-7.572]]],[[[129.125,-6.993],[129.116,-6.983],[129.117,-6.973],[129.125,-6.966],[129.134,-6.961],[129.145,-6.962],[129.153,-6.976],[129.15,-6.991],[129.143,-6.997],[129.135,-6.998],[129.125,-6.993]]],[[[129.485,-6.755],[129.481,-6.76],[129.478,-6.756],[129.479,-6.744],[129.486,-6.729],[129.497,-6.723],[129.51,-6.723],[129.52,-6.721],[129.529,-6.723],[129.531,-6.731],[129.529,-6.739],[129.518,-6.763],[129.512,-6.77],[129.501,-6.771],[129.493,-6.766],[129.488,-6.761],[129.486,-6.755],[129.485,-6.755]]],[[[130.014,-6.328],[130.006,-6.325],[129.999,-6.317],[129.998,-6.31],[130.004,-6.306],[130.021,-6.312],[130.026,-6.318],[130.022,-6.325],[130.014,-6.328]]],[[[127.551,-5.512],[127.555,-5.507],[127.561,-5.517],[127.551,-5.512]]],[[[127.555,-5.49],[127.557,-5.5],[127.546,-5.495],[127.555,-5.49]]],[[[127.79,-5.41],[127.799,-5.4],[127.803,-5.408],[127.79,-5.41]]],[[[127.777,-5.349],[127.779,-5.343],[127.785,-5.353],[127.777,-5.349]]],[[[131.987,-5.318],[131.997,-5.312],[132.009,-5.313],[132.016,-5.331],[132,-5.373],[131.992,-5.377],[131.985,-5.378],[131.981,-5.38],[131.975,-5.387],[131.966,-5.389],[131.959,-5.373],[131.962,-5.344],[131.977,-5.323],[131.987,-5.318]]],[[[129.758,-4.523],[129.763,-4.519],[129.778,-4.525],[129.77,-4.539],[129.758,-4.523]]],[[[134.728,-6.505],[134.731,-6.514],[134.734,-6.526],[134.73,-6.546],[134.715,-6.553],[134.702,-6.551],[134.694,-6.553],[134.688,-6.559],[134.675,-6.563],[134.656,-6.559],[134.648,-6.542],[134.644,-6.521],[134.636,-6.506],[134.626,-6.497],[134.624,-6.486],[134.631,-6.476],[134.645,-6.464],[134.663,-6.455],[134.684,-6.458],[134.705,-6.47],[134.719,-6.486],[134.728,-6.505]]],[[[134.213,-5.759],[134.226,-5.771],[134.228,-5.773],[134.228,-5.789],[134.22,-5.816],[134.207,-5.827],[134.195,-5.83],[134.181,-5.827],[134.17,-5.811],[134.167,-5.789],[134.17,-5.768],[134.178,-5.754],[134.192,-5.753],[134.2,-5.755],[134.205,-5.756],[134.213,-5.759]]]]}},{"type":"Feature","id":"ID-MU","properties":{"id":"ID-MU","countryCode":"ID","isoSubdivision":"ID-MU","name":"North Maluku","name_en":"North Maluku","name_ko":"북말루쿠","type":"Province","labelLongitude":125.976,"labelLatitude":-2.289,"minZoom":4.6},"geometry":{"type":"MultiPolygon","coordinates":[[[[124.349,-1.96],[124.366,-1.971],[124.372,-1.993],[124.37,-2.039],[124.358,-2.033],[124.335,-2.005],[124.325,-2.001],[124.314,-1.999],[124.305,-1.996],[124.301,-1.987],[124.306,-1.973],[124.318,-1.964],[124.334,-1.959],[124.349,-1.96]]],[[[127.371,-1.367],[127.381,-1.397],[127.379,-1.405],[127.361,-1.408],[127.348,-1.413],[127.327,-1.432],[127.317,-1.436],[127.284,-1.425],[127.286,-1.4],[127.305,-1.378],[127.323,-1.374],[127.325,-1.369],[127.327,-1.365],[127.329,-1.361],[127.33,-1.354],[127.337,-1.354],[127.346,-1.366],[127.354,-1.365],[127.363,-1.363],[127.371,-1.367]]],[[[127.786,2.264],[127.801,2.265],[127.811,2.264],[127.815,2.255],[127.816,2.234],[127.805,2.212],[127.781,2.209],[127.758,2.221],[127.748,2.247],[127.752,2.266],[127.76,2.27],[127.786,2.264]]],[[[128.194,2.367],[128.192,2.355],[128.17,2.297],[128.155,2.286],[128.141,2.296],[128.131,2.316],[128.125,2.336],[128.125,2.347],[128.129,2.358],[128.135,2.368],[128.142,2.378],[128.15,2.391],[128.154,2.401],[128.16,2.405],[128.173,2.401],[128.194,2.367]]],[[[126.069,-2.384],[126.074,-2.407],[126.084,-2.424],[126.088,-2.441],[126.076,-2.463],[126.046,-2.474],[126.013,-2.46],[125.985,-2.431],[125.966,-2.402],[125.958,-2.369],[125.955,-2.302],[125.946,-2.272],[125.937,-2.261],[125.912,-2.24],[125.905,-2.231],[125.9,-2.218],[125.898,-2.169],[125.888,-2.142],[125.873,-2.115],[125.863,-2.087],[125.864,-2.053],[125.87,-2.036],[125.879,-2.018],[125.903,-1.988],[125.916,-1.974],[125.925,-1.968],[125.933,-1.965],[125.945,-1.965],[125.955,-1.971],[125.985,-1.994],[125.993,-2.004],[125.999,-2.015],[126.001,-2.028],[125.997,-2.055],[125.979,-2.108],[125.973,-2.135],[125.977,-2.18],[126.065,-2.364],[126.069,-2.384]]],[[[126.329,-1.819],[126.341,-1.82],[126.345,-1.818],[126.344,-1.819],[126.343,-1.83],[126.336,-1.838],[126.272,-1.867],[126.258,-1.869],[126.223,-1.868],[126.202,-1.871],[126.19,-1.874],[126.186,-1.878],[126.18,-1.884],[126.167,-1.885],[126.145,-1.881],[126.059,-1.888],[126.05,-1.89],[126.024,-1.902],[125.991,-1.901],[125.98,-1.902],[125.948,-1.923],[125.928,-1.931],[125.908,-1.926],[125.888,-1.909],[125.872,-1.903],[125.856,-1.903],[125.787,-1.919],[125.62,-1.916],[125.6,-1.919],[125.553,-1.933],[125.531,-1.936],[125.483,-1.936],[125.469,-1.938],[125.432,-1.95],[125.438,-1.933],[125.44,-1.913],[125.438,-1.895],[125.432,-1.881],[125.423,-1.875],[125.381,-1.854],[125.372,-1.858],[125.366,-1.877],[125.356,-1.881],[125.349,-1.878],[125.342,-1.869],[125.337,-1.859],[125.335,-1.851],[125.338,-1.828],[125.347,-1.811],[125.362,-1.802],[125.378,-1.799],[125.379,-1.79],[125.384,-1.781],[125.391,-1.776],[125.402,-1.775],[125.41,-1.779],[125.422,-1.794],[125.431,-1.798],[125.44,-1.798],[125.459,-1.793],[125.474,-1.781],[125.483,-1.777],[125.487,-1.782],[125.488,-1.79],[125.489,-1.798],[125.492,-1.803],[125.497,-1.806],[125.559,-1.798],[125.59,-1.799],[125.61,-1.813],[125.625,-1.81],[125.703,-1.819],[125.713,-1.818],[125.724,-1.814],[125.735,-1.809],[125.756,-1.795],[125.766,-1.794],[125.788,-1.799],[125.829,-1.802],[125.946,-1.786],[125.993,-1.786],[126.117,-1.806],[126.289,-1.813],[126.329,-1.819]]],[[[125.315,-1.779],[125.32,-1.793],[125.322,-1.864],[125.318,-1.883],[125.309,-1.885],[125.274,-1.874],[125.251,-1.873],[125.188,-1.881],[125.18,-1.88],[125.158,-1.875],[125.148,-1.874],[125.138,-1.877],[125.121,-1.891],[125.11,-1.895],[125.091,-1.894],[125.071,-1.889],[125.05,-1.888],[125.031,-1.899],[125.023,-1.916],[125.021,-1.933],[125.014,-1.944],[124.987,-1.943],[124.959,-1.922],[124.946,-1.92],[124.915,-1.922],[124.891,-1.917],[124.853,-1.897],[124.828,-1.895],[124.786,-1.908],[124.712,-1.952],[124.671,-1.97],[124.582,-1.994],[124.565,-2.002],[124.554,-2.005],[124.543,-2.007],[124.514,-2.005],[124.453,-2.012],[124.431,-2.012],[124.406,-2.004],[124.397,-1.991],[124.393,-1.974],[124.336,-1.888],[124.329,-1.871],[124.331,-1.827],[124.338,-1.808],[124.353,-1.789],[124.369,-1.751],[124.373,-1.705],[124.385,-1.668],[124.425,-1.655],[124.442,-1.654],[124.489,-1.646],[124.503,-1.638],[124.518,-1.626],[124.527,-1.626],[124.53,-1.636],[124.528,-1.655],[124.556,-1.641],[124.593,-1.633],[124.633,-1.631],[124.688,-1.638],[124.729,-1.651],[124.743,-1.659],[124.757,-1.665],[124.815,-1.67],[124.872,-1.693],[124.938,-1.704],[124.944,-1.703],[124.951,-1.698],[124.956,-1.696],[124.961,-1.698],[124.968,-1.707],[124.973,-1.71],[125,-1.717],[125.01,-1.717],[125.023,-1.723],[125.035,-1.752],[125.048,-1.765],[125.05,-1.761],[125.054,-1.757],[125.055,-1.752],[125.068,-1.76],[125.082,-1.765],[125.096,-1.764],[125.11,-1.758],[125.1,-1.753],[125.096,-1.752],[125.103,-1.737],[125.115,-1.692],[125.12,-1.683],[125.131,-1.685],[125.137,-1.69],[125.142,-1.694],[125.15,-1.698],[125.185,-1.704],[125.195,-1.722],[125.196,-1.744],[125.191,-1.782],[125.197,-1.789],[125.208,-1.791],[125.22,-1.789],[125.225,-1.782],[125.227,-1.773],[125.232,-1.761],[125.24,-1.745],[125.253,-1.733],[125.269,-1.728],[125.284,-1.731],[125.298,-1.741],[125.3,-1.751],[125.294,-1.761],[125.285,-1.771],[125.281,-1.782],[125.285,-1.786],[125.306,-1.778],[125.315,-1.779]]],[[[128.145,-1.594],[128.159,-1.637],[128.151,-1.67],[128.126,-1.694],[128.091,-1.71],[128.052,-1.715],[127.933,-1.683],[127.913,-1.682],[127.877,-1.693],[127.855,-1.696],[127.703,-1.69],[127.685,-1.696],[127.67,-1.707],[127.658,-1.719],[127.649,-1.724],[127.569,-1.732],[127.533,-1.731],[127.494,-1.717],[127.433,-1.686],[127.379,-1.632],[127.383,-1.611],[127.399,-1.573],[127.398,-1.554],[127.396,-1.54],[127.399,-1.528],[127.413,-1.511],[127.404,-1.492],[127.409,-1.473],[127.42,-1.456],[127.426,-1.439],[127.428,-1.415],[127.435,-1.412],[127.46,-1.429],[127.482,-1.448],[127.488,-1.45],[127.494,-1.445],[127.511,-1.421],[127.515,-1.412],[127.521,-1.401],[127.625,-1.33],[127.634,-1.329],[127.714,-1.345],[127.741,-1.355],[127.765,-1.368],[127.776,-1.384],[127.785,-1.402],[127.806,-1.419],[127.831,-1.432],[127.852,-1.436],[127.858,-1.434],[127.875,-1.424],[127.886,-1.422],[127.899,-1.427],[127.919,-1.446],[127.93,-1.45],[128.008,-1.505],[128.027,-1.529],[128.035,-1.539],[128.047,-1.546],[128.071,-1.557],[128.08,-1.563],[128.09,-1.567],[128.098,-1.566],[128.107,-1.562],[128.115,-1.56],[128.126,-1.564],[128.135,-1.573],[128.145,-1.594]]],[[[127.69,-1.214],[127.698,-1.231],[127.693,-1.249],[127.681,-1.264],[127.666,-1.272],[127.646,-1.271],[127.59,-1.244],[127.553,-1.237],[127.532,-1.238],[127.522,-1.248],[127.515,-1.262],[127.498,-1.259],[127.479,-1.25],[127.463,-1.244],[127.461,-1.236],[127.474,-1.218],[127.502,-1.189],[127.516,-1.179],[127.532,-1.173],[127.547,-1.171],[127.61,-1.193],[127.627,-1.208],[127.674,-1.21],[127.69,-1.214]]],[[[127.296,-0.744],[127.318,-0.78],[127.32,-0.794],[127.279,-0.806],[127.269,-0.805],[127.265,-0.802],[127.253,-0.789],[127.248,-0.785],[127.217,-0.782],[127.18,-0.784],[127.156,-0.772],[127.159,-0.731],[127.169,-0.71],[127.18,-0.693],[127.189,-0.675],[127.195,-0.635],[127.201,-0.623],[127.214,-0.615],[127.244,-0.614],[127.251,-0.615],[127.257,-0.617],[127.261,-0.62],[127.249,-0.638],[127.255,-0.65],[127.268,-0.661],[127.275,-0.673],[127.278,-0.676],[127.292,-0.695],[127.296,-0.703],[127.297,-0.713],[127.295,-0.734],[127.296,-0.744]]],[[[127.889,-0.765],[127.898,-0.767],[127.898,-0.774],[127.892,-0.785],[127.888,-0.802],[127.876,-0.818],[127.831,-0.859],[127.822,-0.864],[127.813,-0.867],[127.799,-0.867],[127.787,-0.87],[127.765,-0.885],[127.755,-0.888],[127.749,-0.885],[127.728,-0.867],[127.718,-0.862],[127.694,-0.855],[127.683,-0.854],[127.68,-0.85],[127.678,-0.843],[127.674,-0.836],[127.662,-0.833],[127.653,-0.827],[127.653,-0.815],[127.659,-0.791],[127.656,-0.781],[127.651,-0.771],[127.645,-0.763],[127.638,-0.757],[127.626,-0.752],[127.62,-0.756],[127.616,-0.761],[127.607,-0.765],[127.59,-0.769],[127.536,-0.799],[127.47,-0.818],[127.458,-0.816],[127.452,-0.802],[127.451,-0.793],[127.442,-0.773],[127.437,-0.729],[127.439,-0.716],[127.471,-0.653],[127.47,-0.641],[127.467,-0.64],[127.436,-0.631],[127.427,-0.626],[127.409,-0.624],[127.399,-0.62],[127.397,-0.617],[127.395,-0.605],[127.392,-0.6],[127.387,-0.597],[127.375,-0.594],[127.371,-0.593],[127.353,-0.563],[127.351,-0.555],[127.344,-0.545],[127.314,-0.522],[127.303,-0.511],[127.295,-0.494],[127.291,-0.477],[127.292,-0.46],[127.3,-0.446],[127.312,-0.432],[127.322,-0.417],[127.329,-0.398],[127.33,-0.374],[127.328,-0.365],[127.317,-0.34],[127.33,-0.339],[127.351,-0.329],[127.361,-0.326],[127.373,-0.329],[127.383,-0.336],[127.399,-0.354],[127.405,-0.359],[127.411,-0.362],[127.417,-0.368],[127.421,-0.389],[127.427,-0.401],[127.435,-0.411],[127.446,-0.415],[127.461,-0.407],[127.469,-0.386],[127.474,-0.363],[127.48,-0.346],[127.487,-0.342],[127.496,-0.339],[127.504,-0.335],[127.508,-0.329],[127.509,-0.321],[127.512,-0.311],[127.517,-0.302],[127.524,-0.298],[127.528,-0.299],[127.53,-0.301],[127.531,-0.303],[127.532,-0.305],[127.566,-0.317],[127.579,-0.325],[127.584,-0.343],[127.589,-0.352],[127.612,-0.366],[127.618,-0.378],[127.619,-0.389],[127.623,-0.4],[127.627,-0.409],[127.632,-0.415],[127.636,-0.416],[127.648,-0.414],[127.652,-0.415],[127.659,-0.428],[127.666,-0.436],[127.683,-0.46],[127.688,-0.481],[127.677,-0.504],[127.618,-0.573],[127.608,-0.594],[127.604,-0.617],[127.606,-0.629],[127.613,-0.636],[127.623,-0.64],[127.635,-0.641],[127.647,-0.644],[127.651,-0.652],[127.651,-0.686],[127.65,-0.697],[127.653,-0.707],[127.666,-0.716],[127.678,-0.718],[127.69,-0.714],[127.701,-0.707],[127.71,-0.699],[127.725,-0.694],[127.79,-0.69],[127.805,-0.694],[127.849,-0.713],[127.858,-0.72],[127.861,-0.726],[127.875,-0.744],[127.878,-0.754],[127.878,-0.76],[127.88,-0.763],[127.883,-0.765],[127.889,-0.765]]],[[[127.235,-0.49],[127.211,-0.513],[127.199,-0.521],[127.179,-0.525],[127.117,-0.525],[127.12,-0.518],[127.122,-0.515],[127.125,-0.511],[127.109,-0.501],[127.113,-0.492],[127.124,-0.485],[127.131,-0.483],[127.131,-0.47],[127.126,-0.457],[127.12,-0.446],[127.114,-0.442],[127.102,-0.438],[127.102,-0.427],[127.111,-0.405],[127.111,-0.378],[127.113,-0.369],[127.117,-0.366],[127.122,-0.363],[127.125,-0.36],[127.123,-0.337],[127.114,-0.31],[127.11,-0.288],[127.121,-0.278],[127.128,-0.276],[127.154,-0.266],[127.162,-0.261],[127.175,-0.256],[127.203,-0.257],[127.214,-0.25],[127.22,-0.258],[127.228,-0.252],[127.235,-0.252],[127.241,-0.256],[127.248,-0.264],[127.255,-0.276],[127.264,-0.279],[127.292,-0.278],[127.297,-0.282],[127.296,-0.29],[127.292,-0.3],[127.289,-0.305],[127.283,-0.307],[127.265,-0.306],[127.258,-0.309],[127.251,-0.323],[127.255,-0.339],[127.263,-0.353],[127.272,-0.363],[127.277,-0.373],[127.281,-0.389],[127.28,-0.403],[127.262,-0.415],[127.262,-0.429],[127.269,-0.456],[127.266,-0.465],[127.257,-0.478],[127.252,-0.497],[127.246,-0.496],[127.24,-0.492],[127.235,-0.49]]],[[[129.537,-0.134],[129.558,-0.159],[129.567,-0.176],[129.572,-0.192],[129.568,-0.2],[129.56,-0.208],[129.55,-0.214],[129.54,-0.217],[129.526,-0.215],[129.517,-0.209],[129.502,-0.189],[129.458,-0.114],[129.373,-0.08],[129.37,-0.066],[129.372,-0.05],[129.372,-0.037],[129.362,-0.031],[129.338,0.007],[129.333,0.011],[129.31,0.025],[129.299,0.033],[129.293,0.036],[129.29,0.041],[129.293,0.048],[129.3,0.051],[129.309,0.048],[129.46,-0.08],[129.513,-0.114],[129.537,-0.134]]],[[[127.46,-0.004],[127.462,-0.025],[127.46,-0.039],[127.453,-0.041],[127.436,-0.028],[127.433,-0.021],[127.432,-0.012],[127.433,0.007],[127.43,0.008],[127.413,0.024],[127.412,0.016],[127.41,0.011],[127.406,0.006],[127.399,0.003],[127.391,0.026],[127.391,0.053],[127.399,0.106],[127.409,0.147],[127.439,0.14],[127.452,0.14],[127.448,0.134],[127.44,0.12],[127.46,-0.004]]],[[[127.399,0.38],[127.419,0.354],[127.417,0.313],[127.396,0.281],[127.358,0.284],[127.348,0.296],[127.341,0.315],[127.338,0.334],[127.337,0.349],[127.343,0.361],[127.359,0.371],[127.379,0.378],[127.399,0.38]]],[[[127.379,0.623],[127.373,0.633],[127.364,0.648],[127.359,0.666],[127.376,0.699],[127.385,0.757],[127.395,0.753],[127.404,0.75],[127.412,0.752],[127.418,0.757],[127.426,0.754],[127.431,0.751],[127.436,0.747],[127.439,0.743],[127.445,0.727],[127.448,0.707],[127.449,0.685],[127.446,0.667],[127.434,0.652],[127.411,0.632],[127.389,0.619],[127.379,0.623]]],[[[127.371,0.784],[127.36,0.765],[127.347,0.757],[127.331,0.756],[127.313,0.757],[127.303,0.765],[127.293,0.783],[127.286,0.802],[127.282,0.815],[127.289,0.837],[127.305,0.855],[127.325,0.863],[127.363,0.841],[127.374,0.826],[127.377,0.808],[127.371,0.784]]],[[[127.666,-0.209],[127.667,-0.186],[127.683,-0.145],[127.687,-0.124],[127.685,-0.008],[127.687,0.003],[127.689,0.015],[127.698,0.038],[127.7,0.048],[127.698,0.071],[127.685,0.099],[127.68,0.119],[127.681,0.162],[127.714,0.277],[127.717,0.296],[127.716,0.313],[127.709,0.327],[127.697,0.342],[127.686,0.347],[127.664,0.34],[127.655,0.342],[127.611,0.38],[127.609,0.383],[127.606,0.39],[127.604,0.393],[127.584,0.407],[127.577,0.416],[127.572,0.422],[127.57,0.431],[127.569,0.463],[127.561,0.509],[127.556,0.524],[127.551,0.529],[127.542,0.535],[127.534,0.542],[127.528,0.552],[127.527,0.561],[127.529,0.606],[127.542,0.667],[127.547,0.715],[127.555,0.74],[127.588,0.761],[127.605,0.786],[127.618,0.813],[127.625,0.832],[127.612,0.858],[127.577,0.869],[127.538,0.876],[127.508,0.886],[127.495,0.905],[127.499,0.923],[127.509,0.94],[127.515,0.959],[127.513,0.969],[127.504,0.987],[127.502,0.993],[127.499,0.996],[127.49,0.996],[127.488,1],[127.489,1.018],[127.488,1.024],[127.489,1.035],[127.493,1.045],[127.492,1.055],[127.48,1.065],[127.471,1.066],[127.463,1.061],[127.455,1.054],[127.449,1.051],[127.432,1.047],[127.416,1.04],[127.404,1.043],[127.399,1.065],[127.4,1.079],[127.404,1.087],[127.411,1.095],[127.418,1.106],[127.425,1.12],[127.427,1.128],[127.426,1.151],[127.421,1.164],[127.41,1.176],[127.4,1.189],[127.399,1.209],[127.406,1.23],[127.435,1.277],[127.463,1.314],[127.488,1.38],[127.526,1.439],[127.541,1.476],[127.532,1.507],[127.519,1.532],[127.525,1.557],[127.556,1.6],[127.547,1.615],[127.544,1.623],[127.542,1.63],[127.546,1.643],[127.555,1.648],[127.564,1.651],[127.57,1.655],[127.573,1.664],[127.575,1.675],[127.572,1.685],[127.559,1.689],[127.556,1.693],[127.56,1.701],[127.57,1.716],[127.581,1.752],[127.63,1.835],[127.655,1.866],[127.677,1.907],[127.69,1.925],[127.747,1.973],[127.77,2.009],[127.861,2.104],[127.893,2.129],[127.899,2.138],[127.904,2.154],[127.917,2.172],[127.935,2.188],[127.954,2.196],[127.973,2.193],[127.988,2.184],[128.004,2.181],[128.047,2.204],[128.057,2.192],[128.057,2.17],[128.05,2.148],[128.029,2.11],[128.016,2.093],[128.005,2.086],[128,2.082],[127.994,2.072],[127.988,2.062],[127.965,2.054],[127.959,2.042],[127.954,2.017],[127.943,1.981],[127.935,1.963],[127.923,1.956],[127.905,1.953],[127.889,1.947],[127.876,1.939],[127.865,1.929],[127.857,1.913],[127.849,1.884],[127.846,1.851],[127.852,1.825],[127.876,1.808],[127.941,1.8],[127.954,1.788],[127.964,1.774],[128.005,1.739],[128.015,1.719],[128.006,1.645],[128.002,1.634],[127.996,1.627],[128.001,1.614],[128.009,1.606],[128.016,1.601],[128.022,1.593],[128.027,1.581],[128.035,1.538],[128.032,1.517],[128.016,1.464],[128.015,1.436],[128.016,1.404],[128.015,1.395],[128.011,1.389],[128.004,1.385],[127.998,1.38],[127.996,1.371],[128,1.352],[128.015,1.317],[128.015,1.305],[128.006,1.3],[127.983,1.3],[127.974,1.298],[127.969,1.29],[127.959,1.265],[127.951,1.254],[127.931,1.234],[127.919,1.216],[127.899,1.175],[127.895,1.163],[127.894,1.157],[127.891,1.152],[127.878,1.147],[127.867,1.146],[127.844,1.148],[127.834,1.144],[127.755,1.079],[127.671,1.032],[127.638,1.001],[127.625,0.955],[127.628,0.937],[127.636,0.919],[127.645,0.902],[127.655,0.89],[127.67,0.879],[127.705,0.864],[127.721,0.853],[127.725,0.845],[127.735,0.826],[127.742,0.818],[127.75,0.815],[127.759,0.816],[127.769,0.815],[127.796,0.799],[127.816,0.799],[127.835,0.805],[127.852,0.812],[127.872,0.824],[127.907,0.852],[127.923,0.87],[127.928,0.885],[127.933,0.973],[127.932,0.99],[127.936,1.007],[127.994,1.083],[128.015,1.1],[128.035,1.112],[128.055,1.12],[128.076,1.125],[128.145,1.125],[128.161,1.132],[128.179,1.154],[128.192,1.177],[128.196,1.196],[128.191,1.214],[128.176,1.233],[128.157,1.242],[128.114,1.232],[128.097,1.236],[128.092,1.257],[128.107,1.276],[128.142,1.301],[128.155,1.319],[128.174,1.357],[128.187,1.374],[128.205,1.39],[128.247,1.416],[128.265,1.432],[128.282,1.443],[128.326,1.457],[128.344,1.469],[128.35,1.478],[128.358,1.495],[128.365,1.503],[128.373,1.507],[128.394,1.515],[128.417,1.531],[128.437,1.539],[128.46,1.545],[128.482,1.545],[128.489,1.542],[128.493,1.537],[128.499,1.532],[128.509,1.531],[128.519,1.536],[128.527,1.544],[128.539,1.562],[128.554,1.568],[128.605,1.577],[128.647,1.579],[128.719,1.571],[128.725,1.566],[128.727,1.559],[128.728,1.549],[128.725,1.542],[128.701,1.524],[128.688,1.503],[128.684,1.483],[128.686,1.445],[128.689,1.437],[128.695,1.43],[128.715,1.415],[128.727,1.409],[128.741,1.405],[128.743,1.398],[128.742,1.387],[128.746,1.369],[128.748,1.344],[128.747,1.321],[128.738,1.311],[128.721,1.304],[128.716,1.287],[128.714,1.243],[128.702,1.194],[128.701,1.171],[128.709,1.103],[128.707,1.086],[128.704,1.075],[128.701,1.071],[128.686,1.065],[128.676,1.064],[128.663,1.064],[128.651,1.062],[128.646,1.055],[128.563,1.007],[128.549,0.996],[128.542,0.987],[128.533,0.979],[128.475,0.963],[128.453,0.941],[128.44,0.932],[128.423,0.928],[128.404,0.925],[128.315,0.902],[128.3,0.894],[128.292,0.88],[128.289,0.856],[128.296,0.836],[128.298,0.823],[128.293,0.818],[128.281,0.82],[128.259,0.831],[128.249,0.832],[128.232,0.826],[128.221,0.813],[128.215,0.795],[128.214,0.774],[128.219,0.758],[128.234,0.743],[128.269,0.716],[128.295,0.685],[128.313,0.668],[128.343,0.658],[128.365,0.644],[128.375,0.64],[128.409,0.642],[128.436,0.639],[128.443,0.636],[128.451,0.63],[128.467,0.612],[128.477,0.603],[128.485,0.599],[128.52,0.594],[128.539,0.589],[128.571,0.57],[128.585,0.569],[128.6,0.571],[128.618,0.572],[128.63,0.567],[128.641,0.561],[128.654,0.558],[128.667,0.565],[128.681,0.555],[128.684,0.542],[128.68,0.51],[128.678,0.505],[128.674,0.5],[128.672,0.494],[128.682,0.479],[128.685,0.471],[128.686,0.461],[128.685,0.382],[128.69,0.347],[128.704,0.332],[128.762,0.321],[128.771,0.316],[128.824,0.311],[128.85,0.29],[128.88,0.256],[128.9,0.222],[128.9,0.208],[128.861,0.244],[128.848,0.25],[128.834,0.252],[128.7,0.291],[128.68,0.284],[128.657,0.297],[128.629,0.308],[128.598,0.316],[128.567,0.318],[128.538,0.327],[128.513,0.347],[128.475,0.387],[128.461,0.395],[128.45,0.397],[128.42,0.393],[128.403,0.394],[128.377,0.399],[128.362,0.4],[128.295,0.389],[128.262,0.391],[128.235,0.414],[128.21,0.407],[128.188,0.421],[128.168,0.442],[128.152,0.456],[128.07,0.463],[128.056,0.462],[128.032,0.471],[127.979,0.473],[127.96,0.483],[127.941,0.466],[127.923,0.453],[127.91,0.438],[127.896,0.356],[127.883,0.336],[127.878,0.325],[127.881,0.302],[127.906,0.275],[127.912,0.253],[127.921,0.146],[127.919,0.131],[127.911,0.119],[127.896,0.102],[127.888,0.087],[127.885,0.067],[127.886,0.024],[127.892,-0.017],[127.904,-0.049],[127.933,-0.107],[127.955,-0.164],[127.973,-0.197],[127.977,-0.243],[127.981,-0.264],[127.992,-0.281],[128.017,-0.313],[128.022,-0.329],[128.024,-0.35],[128.035,-0.396],[128.043,-0.415],[128.084,-0.481],[128.096,-0.517],[128.126,-0.544],[128.139,-0.559],[128.228,-0.71],[128.282,-0.766],[128.338,-0.813],[128.347,-0.823],[128.369,-0.853],[128.385,-0.867],[128.42,-0.883],[128.435,-0.893],[128.441,-0.909],[128.433,-0.909],[128.406,-0.892],[128.371,-0.885],[128.284,-0.878],[128.266,-0.874],[128.251,-0.867],[128.238,-0.857],[128.229,-0.84],[128.235,-0.829],[128.249,-0.826],[128.262,-0.833],[128.269,-0.833],[128.25,-0.796],[128.204,-0.769],[128.049,-0.713],[128.032,-0.699],[128.021,-0.682],[127.969,-0.56],[127.912,-0.477],[127.886,-0.406],[127.869,-0.389],[127.851,-0.365],[127.841,-0.36],[127.832,-0.358],[127.778,-0.328],[127.741,-0.303],[127.724,-0.299],[127.708,-0.287],[127.689,-0.26],[127.672,-0.23],[127.666,-0.209]]],[[[128.686,2.484],[128.695,2.439],[128.682,2.399],[128.661,2.362],[128.646,2.326],[128.642,2.261],[128.585,2.155],[128.573,2.121],[128.567,2.11],[128.51,2.062],[128.49,2.054],[128.345,2.04],[128.331,2.035],[128.317,2.02],[128.29,2.001],[128.269,1.995],[128.276,2.017],[128.289,2.04],[128.284,2.058],[128.252,2.089],[128.246,2.106],[128.249,2.175],[128.241,2.222],[128.232,2.247],[128.217,2.257],[128.197,2.266],[128.208,2.287],[128.249,2.326],[128.277,2.369],[128.321,2.459],[128.358,2.498],[128.401,2.518],[128.419,2.533],[128.43,2.568],[128.438,2.576],[128.457,2.59],[128.467,2.594],[128.475,2.591],[128.488,2.58],[128.515,2.573],[128.525,2.582],[128.531,2.601],[128.546,2.624],[128.566,2.634],[128.583,2.625],[128.596,2.609],[128.62,2.56],[128.63,2.545],[128.642,2.538],[128.686,2.484]]],[[[126.395,1.339],[126.402,1.332],[126.39,1.31],[126.391,1.304],[126.385,1.286],[126.381,1.283],[126.359,1.316],[126.351,1.319],[126.347,1.323],[126.352,1.336],[126.362,1.345],[126.37,1.349],[126.378,1.347],[126.385,1.342],[126.395,1.339]]],[[[128.367,-0.988],[128.403,-0.995],[128.411,-1.01],[128.407,-1.026],[128.393,-1.035],[128.373,-1.038],[128.365,-1.036],[128.369,-1.034],[128.362,-1.034],[128.344,-1.03],[128.33,-1.02],[128.327,-1.007],[128.33,-0.992],[128.33,-0.979],[128.305,-0.962],[128.3,-0.955],[128.302,-0.951],[128.306,-0.943],[128.314,-0.939],[128.323,-0.941],[128.331,-0.949],[128.335,-0.961],[128.341,-0.97],[128.358,-0.98],[128.367,-0.988]]]]}},{"type":"Feature","id":"ID-NB","properties":{"id":"ID-NB","countryCode":"ID","isoSubdivision":"ID-NB","name":"West Nusa Tenggara","name_en":"West Nusa Tenggara","name_ko":"서누사틍가라","type":"Province","labelLongitude":116.294,"labelLatitude":-8.571,"minZoom":4.6},"geometry":{"type":"MultiPolygon","coordinates":[[[[117.664,-8.148],[117.673,-8.154],[117.683,-8.159],[117.692,-8.165],[117.695,-8.176],[117.693,-8.184],[117.685,-8.189],[117.667,-8.199],[117.64,-8.224],[117.621,-8.254],[117.567,-8.364],[117.554,-8.379],[117.534,-8.385],[117.526,-8.382],[117.493,-8.361],[117.485,-8.35],[117.486,-8.343],[117.496,-8.33],[117.511,-8.296],[117.511,-8.281],[117.5,-8.265],[117.49,-8.257],[117.485,-8.255],[117.483,-8.251],[117.48,-8.209],[117.482,-8.195],[117.487,-8.183],[117.494,-8.176],[117.548,-8.149],[117.563,-8.145],[117.664,-8.148]]],[[[116.633,-8.275],[116.668,-8.289],[116.706,-8.317],[116.735,-8.353],[116.743,-8.392],[116.735,-8.409],[116.702,-8.457],[116.692,-8.467],[116.685,-8.481],[116.681,-8.556],[116.669,-8.574],[116.628,-8.615],[116.619,-8.635],[116.6,-8.666],[116.582,-8.698],[116.555,-8.745],[116.519,-8.779],[116.5,-8.803],[116.508,-8.833],[116.506,-8.848],[116.509,-8.858],[116.52,-8.859],[116.529,-8.842],[116.541,-8.836],[116.547,-8.845],[116.56,-8.849],[116.572,-8.859],[116.589,-8.863],[116.565,-8.896],[116.524,-8.902],[116.509,-8.897],[116.476,-8.92],[116.447,-8.92],[116.433,-8.911],[116.453,-8.887],[116.46,-8.865],[116.472,-8.839],[116.456,-8.834],[116.423,-8.836],[116.398,-8.855],[116.398,-8.883],[116.402,-8.916],[116.403,-8.954],[116.389,-8.949],[116.388,-8.938],[116.389,-8.924],[116.38,-8.912],[116.37,-8.911],[116.361,-8.924],[116.351,-8.926],[116.347,-8.921],[116.343,-8.912],[116.337,-8.903],[116.328,-8.899],[116.31,-8.902],[116.272,-8.917],[116.255,-8.92],[116.249,-8.917],[116.243,-8.908],[116.236,-8.906],[116.225,-8.908],[116.212,-8.918],[116.205,-8.92],[116.196,-8.914],[116.178,-8.888],[116.167,-8.879],[116.152,-8.876],[116.106,-8.875],[116.101,-8.889],[116.091,-8.896],[116.077,-8.895],[116.064,-8.884],[116.076,-8.879],[116.083,-8.873],[116.084,-8.865],[116.078,-8.858],[116.069,-8.856],[116.059,-8.858],[116.05,-8.863],[116.04,-8.865],[116.036,-8.871],[116.037,-8.883],[116.04,-8.902],[116.03,-8.908],[116.019,-8.908],[116.01,-8.904],[116.002,-8.899],[115.996,-8.89],[115.989,-8.867],[115.982,-8.858],[115.969,-8.849],[115.964,-8.85],[115.959,-8.855],[115.944,-8.858],[115.928,-8.855],[115.867,-8.821],[115.839,-8.817],[115.829,-8.792],[115.831,-8.77],[115.834,-8.749],[115.849,-8.725],[115.869,-8.731],[115.879,-8.725],[115.884,-8.733],[115.887,-8.746],[115.892,-8.755],[115.918,-8.754],[115.942,-8.755],[115.954,-8.754],[115.968,-8.747],[115.983,-8.737],[115.993,-8.742],[116.003,-8.743],[116.014,-8.747],[116.023,-8.748],[116.028,-8.745],[116.034,-8.739],[116.041,-8.734],[116.051,-8.734],[116.053,-8.74],[116.057,-8.75],[116.066,-8.76],[116.077,-8.743],[116.088,-8.737],[116.091,-8.727],[116.06,-8.714],[116.063,-8.673],[116.071,-8.638],[116.073,-8.578],[116.063,-8.521],[116.039,-8.5],[116.028,-8.445],[116.05,-8.415],[116.069,-8.406],[116.098,-8.408],[116.106,-8.405],[116.111,-8.399],[116.117,-8.382],[116.123,-8.374],[116.138,-8.363],[116.168,-8.347],[116.181,-8.337],[116.27,-8.248],[116.286,-8.236],[116.376,-8.202],[116.394,-8.201],[116.425,-8.218],[116.497,-8.237],[116.539,-8.244],[116.554,-8.251],[116.573,-8.264],[116.591,-8.27],[116.633,-8.275]]],[[[119.086,-8.132],[119.113,-8.147],[119.132,-8.166],[119.137,-8.191],[119.127,-8.22],[119.117,-8.236],[119.1,-8.252],[119.079,-8.262],[119.052,-8.261],[119.023,-8.234],[119.02,-8.19],[119.042,-8.149],[119.086,-8.132]]],[[[119.204,-8.611],[119.199,-8.612],[119.193,-8.616],[119.189,-8.618],[119.194,-8.626],[119.189,-8.631],[119.181,-8.636],[119.175,-8.645],[119.174,-8.66],[119.177,-8.674],[119.182,-8.688],[119.189,-8.7],[119.181,-8.703],[119.178,-8.707],[119.178,-8.712],[119.182,-8.721],[119.165,-8.732],[119.152,-8.742],[119.138,-8.746],[119.12,-8.734],[119.117,-8.748],[119.11,-8.754],[119.101,-8.752],[119.09,-8.744],[119.078,-8.739],[119.065,-8.741],[119.053,-8.746],[118.992,-8.755],[118.972,-8.751],[118.946,-8.731],[118.924,-8.698],[118.916,-8.692],[118.898,-8.688],[118.892,-8.693],[118.889,-8.703],[118.881,-8.714],[118.857,-8.722],[118.813,-8.71],[118.791,-8.721],[118.765,-8.711],[118.746,-8.718],[118.728,-8.733],[118.702,-8.748],[118.712,-8.755],[118.727,-8.77],[118.736,-8.775],[118.747,-8.776],[118.826,-8.777],[118.907,-8.79],[118.927,-8.797],[118.935,-8.806],[118.938,-8.812],[118.948,-8.825],[118.95,-8.834],[118.945,-8.841],[118.932,-8.846],[118.908,-8.851],[118.897,-8.85],[118.877,-8.845],[118.867,-8.844],[118.852,-8.838],[118.846,-8.837],[118.847,-8.839],[118.842,-8.844],[118.836,-8.848],[118.829,-8.851],[118.818,-8.844],[118.777,-8.812],[118.757,-8.802],[118.714,-8.8],[118.669,-8.807],[118.465,-8.865],[118.414,-8.854],[118.387,-8.796],[118.391,-8.77],[118.405,-8.75],[118.422,-8.731],[118.435,-8.706],[118.439,-8.69],[118.44,-8.675],[118.438,-8.66],[118.435,-8.645],[118.429,-8.63],[118.42,-8.616],[118.415,-8.601],[118.415,-8.583],[118.4,-8.596],[118.397,-8.618],[118.401,-8.662],[118.394,-8.675],[118.376,-8.681],[118.356,-8.685],[118.339,-8.692],[118.312,-8.727],[118.299,-8.758],[118.295,-8.765],[118.287,-8.77],[118.275,-8.772],[118.158,-8.868],[118.14,-8.872],[118.119,-8.863],[118.098,-8.85],[118.079,-8.844],[118.07,-8.846],[118.037,-8.858],[118.039,-8.856],[118.035,-8.853],[118.03,-8.851],[118.024,-8.851],[118.017,-8.863],[118.008,-8.868],[117.998,-8.881],[117.89,-8.937],[117.88,-8.928],[117.873,-8.928],[117.866,-8.931],[117.857,-8.933],[117.853,-8.929],[117.845,-8.911],[117.839,-8.906],[117.825,-8.905],[117.818,-8.911],[117.812,-8.919],[117.805,-8.926],[117.796,-8.931],[117.788,-8.933],[117.774,-8.933],[117.768,-8.931],[117.757,-8.927],[117.748,-8.921],[117.738,-8.91],[117.725,-8.912],[117.713,-8.917],[117.709,-8.92],[117.668,-8.937],[117.558,-9.002],[117.518,-9.018],[117.474,-9.03],[117.389,-9.054],[117.334,-9.059],[117.301,-9.047],[117.274,-9.04],[117.226,-9.024],[117.192,-9.024],[117.171,-9.032],[117.153,-9.061],[117.141,-9.076],[117.127,-9.091],[117.071,-9.102],[117.01,-9.107],[116.991,-9.085],[116.97,-9.071],[116.949,-9.06],[116.928,-9.064],[116.906,-9.063],[116.85,-9.045],[116.828,-9.043],[116.806,-9.036],[116.774,-9.013],[116.763,-9.016],[116.759,-9.005],[116.745,-8.983],[116.728,-8.963],[116.731,-8.947],[116.748,-8.923],[116.741,-8.905],[116.737,-8.883],[116.735,-8.873],[116.759,-8.85],[116.777,-8.826],[116.817,-8.818],[116.824,-8.799],[116.821,-8.787],[116.814,-8.78],[116.808,-8.775],[116.805,-8.772],[116.803,-8.765],[116.797,-8.755],[116.791,-8.745],[116.771,-8.748],[116.764,-8.738],[116.772,-8.705],[116.772,-8.68],[116.749,-8.667],[116.79,-8.584],[116.832,-8.575],[116.839,-8.555],[116.838,-8.508],[116.857,-8.524],[116.866,-8.528],[116.88,-8.528],[116.89,-8.526],[116.985,-8.496],[117.032,-8.468],[117.09,-8.425],[117.126,-8.405],[117.118,-8.383],[117.14,-8.372],[117.174,-8.365],[117.195,-8.358],[117.216,-8.385],[117.229,-8.388],[117.262,-8.39],[117.274,-8.395],[117.287,-8.405],[117.316,-8.42],[117.353,-8.447],[117.434,-8.481],[117.428,-8.465],[117.431,-8.453],[117.438,-8.442],[117.441,-8.429],[117.443,-8.411],[117.447,-8.409],[117.456,-8.414],[117.469,-8.419],[117.52,-8.419],[117.544,-8.414],[117.558,-8.405],[117.568,-8.422],[117.577,-8.487],[117.592,-8.515],[117.598,-8.494],[117.6,-8.446],[117.613,-8.433],[117.623,-8.438],[117.629,-8.457],[117.636,-8.525],[117.64,-8.541],[117.649,-8.552],[117.699,-8.577],[117.711,-8.574],[117.721,-8.569],[117.731,-8.565],[117.744,-8.569],[117.739,-8.576],[117.736,-8.583],[117.748,-8.586],[117.756,-8.59],[117.764,-8.595],[117.772,-8.604],[117.769,-8.607],[117.765,-8.614],[117.765,-8.621],[117.774,-8.625],[117.782,-8.625],[117.786,-8.628],[117.789,-8.632],[117.792,-8.638],[117.781,-8.638],[117.771,-8.639],[117.764,-8.641],[117.757,-8.645],[117.765,-8.66],[117.778,-8.696],[117.788,-8.71],[117.805,-8.72],[117.823,-8.719],[117.887,-8.699],[117.894,-8.7],[117.9,-8.707],[117.902,-8.716],[117.903,-8.724],[117.904,-8.727],[117.917,-8.727],[117.934,-8.73],[117.953,-8.736],[117.969,-8.748],[117.989,-8.732],[118.03,-8.688],[118.048,-8.679],[118.049,-8.676],[118.055,-8.669],[118.062,-8.663],[118.065,-8.662],[118.068,-8.656],[118.075,-8.654],[118.084,-8.653],[118.123,-8.646],[118.158,-8.645],[118.166,-8.647],[118.184,-8.657],[118.192,-8.659],[118.246,-8.657],[118.266,-8.652],[118.282,-8.642],[118.291,-8.625],[118.291,-8.606],[118.283,-8.588],[118.27,-8.574],[118.254,-8.569],[118.25,-8.565],[118.242,-8.555],[118.233,-8.549],[118.229,-8.553],[118.227,-8.558],[118.222,-8.565],[118.209,-8.577],[118.193,-8.549],[118.149,-8.512],[118.134,-8.487],[118.127,-8.487],[118.117,-8.497],[118.103,-8.488],[118.075,-8.457],[118.057,-8.451],[118.036,-8.457],[118.003,-8.474],[117.988,-8.47],[117.97,-8.461],[117.955,-8.451],[117.94,-8.433],[117.882,-8.399],[117.823,-8.354],[117.81,-8.34],[117.787,-8.306],[117.772,-8.289],[117.744,-8.269],[117.731,-8.253],[117.722,-8.245],[117.712,-8.241],[117.706,-8.23],[117.711,-8.204],[117.721,-8.176],[117.73,-8.159],[117.741,-8.148],[117.75,-8.145],[117.757,-8.146],[117.764,-8.145],[117.79,-8.127],[117.795,-8.125],[117.813,-8.122],[117.895,-8.09],[117.918,-8.086],[117.959,-8.083],[117.966,-8.089],[117.971,-8.1],[117.978,-8.109],[117.986,-8.107],[117.996,-8.101],[118.005,-8.1],[118.024,-8.104],[118.072,-8.105],[118.115,-8.114],[118.15,-8.134],[118.168,-8.173],[118.173,-8.213],[118.177,-8.233],[118.185,-8.241],[118.189,-8.248],[118.223,-8.289],[118.244,-8.329],[118.254,-8.34],[118.26,-8.343],[118.264,-8.341],[118.268,-8.338],[118.271,-8.337],[118.304,-8.368],[118.312,-8.371],[118.328,-8.368],[118.347,-8.357],[118.365,-8.345],[118.392,-8.318],[118.398,-8.309],[118.401,-8.299],[118.406,-8.296],[118.418,-8.29],[118.43,-8.282],[118.444,-8.258],[118.463,-8.249],[118.486,-8.246],[118.503,-8.248],[118.513,-8.253],[118.53,-8.266],[118.541,-8.269],[118.582,-8.269],[118.59,-8.271],[118.596,-8.275],[118.602,-8.279],[118.606,-8.282],[118.639,-8.286],[118.647,-8.289],[118.664,-8.306],[118.696,-8.371],[118.689,-8.388],[118.685,-8.413],[118.681,-8.457],[118.657,-8.526],[118.654,-8.542],[118.667,-8.547],[118.683,-8.533],[118.696,-8.515],[118.702,-8.504],[118.704,-8.497],[118.715,-8.471],[118.727,-8.452],[118.726,-8.442],[118.721,-8.432],[118.716,-8.419],[118.717,-8.38],[118.731,-8.349],[118.754,-8.326],[118.778,-8.309],[118.813,-8.296],[118.859,-8.289],[118.908,-8.289],[118.95,-8.296],[118.973,-8.302],[118.988,-8.309],[118.998,-8.321],[119.004,-8.343],[119.007,-8.372],[119.022,-8.42],[119.051,-8.47],[119.046,-8.509],[119.031,-8.548],[119.038,-8.583],[119.038,-8.608],[119.042,-8.63],[119.052,-8.646],[119.076,-8.652],[119.091,-8.649],[119.111,-8.642],[119.13,-8.633],[119.141,-8.625],[119.14,-8.615],[119.135,-8.606],[119.134,-8.599],[119.155,-8.594],[119.16,-8.588],[119.161,-8.578],[119.161,-8.566],[119.167,-8.56],[119.181,-8.573],[119.195,-8.594],[119.204,-8.611]]]]}},{"type":"Feature","id":"ID-NT","properties":{"id":"ID-NT","countryCode":"ID","isoSubdivision":"ID-NT","name":"East Nusa Tenggara","name_en":"East Nusa Tenggara","name_ko":"동누사틍가라","type":"Province","labelLongitude":120.689,"labelLatitude":-8.584,"minZoom":4.6},"geometry":{"type":"MultiPolygon","coordinates":[[[[124.258,-9.501],[124.262,-9.498],[124.274,-9.495],[124.293,-9.493],[124.31,-9.489],[124.324,-9.48],[124.332,-9.467],[124.333,-9.457],[124.329,-9.44],[124.329,-9.433],[124.332,-9.425],[124.342,-9.412],[124.345,-9.404],[124.348,-9.375],[124.355,-9.364],[124.358,-9.362],[124.363,-9.362],[124.372,-9.357],[124.402,-9.332],[124.421,-9.307],[124.425,-9.304],[124.428,-9.299],[124.432,-9.291],[124.437,-9.256],[124.452,-9.201],[124.451,-9.18],[124.466,-9.179],[124.518,-9.178],[124.563,-9.171],[124.604,-9.156],[124.668,-9.113],[124.671,-9.108],[124.673,-9.099],[124.684,-9.075],[124.688,-9.07],[124.692,-9.068],[124.758,-9.048],[124.767,-9.043],[124.789,-9.019],[124.825,-9.008],[124.84,-9.001],[124.87,-8.994],[124.897,-8.975],[124.919,-8.962],[124.92,-8.962],[124.922,-8.986],[124.909,-9.02],[124.908,-9.037],[124.913,-9.053],[124.921,-9.065],[124.933,-9.074],[124.948,-9.079],[124.966,-9.077],[124.979,-9.072],[125.004,-9.056],[125.052,-9.035],[125.065,-9.023],[125.069,-9.016],[125.073,-8.996],[125.076,-8.991],[125.087,-8.986],[125.092,-8.989],[125.095,-8.995],[125.103,-9.001],[125.121,-9.012],[125.139,-9.025],[125.154,-9.041],[125.162,-9.061],[125.162,-9.082],[125.145,-9.145],[125.147,-9.154],[125.151,-9.165],[125.153,-9.171],[125.154,-9.176],[125.151,-9.185],[125.143,-9.189],[125.118,-9.188],[125.107,-9.188],[125.091,-9.197],[125.083,-9.206],[125.074,-9.211],[125.06,-9.21],[125.053,-9.207],[125.041,-9.193],[125.035,-9.188],[125.028,-9.186],[125.007,-9.186],[124.974,-9.192],[124.958,-9.212],[124.954,-9.242],[124.96,-9.276],[124.966,-9.293],[124.973,-9.305],[124.997,-9.326],[125.018,-9.339],[125.023,-9.346],[125.025,-9.352],[125.023,-9.368],[125.024,-9.375],[125.046,-9.41],[125.051,-9.425],[125.062,-9.486],[125.061,-9.486],[125.031,-9.508],[125.002,-9.536],[124.987,-9.577],[124.98,-9.649],[124.971,-9.662],[124.875,-9.725],[124.847,-9.748],[124.758,-9.851],[124.748,-9.886],[124.735,-9.9],[124.678,-9.93],[124.641,-9.957],[124.608,-9.987],[124.56,-10.015],[124.541,-10.037],[124.525,-10.083],[124.51,-10.096],[124.499,-10.112],[124.452,-10.146],[124.418,-10.164],[124.381,-10.171],[124.272,-10.166],[124.197,-10.174],[124.165,-10.181],[124.154,-10.179],[124.134,-10.172],[124.122,-10.173],[124.108,-10.184],[124.087,-10.226],[124.078,-10.235],[124.057,-10.239],[124.049,-10.25],[124.043,-10.263],[124.034,-10.276],[124.02,-10.281],[123.933,-10.295],[123.826,-10.364],[123.799,-10.375],[123.787,-10.368],[123.778,-10.358],[123.757,-10.36],[123.719,-10.372],[123.699,-10.367],[123.679,-10.357],[123.659,-10.349],[123.64,-10.355],[123.617,-10.366],[123.602,-10.361],[123.574,-10.338],[123.559,-10.334],[123.536,-10.332],[123.515,-10.336],[123.502,-10.353],[123.493,-10.361],[123.482,-10.366],[123.472,-10.365],[123.469,-10.356],[123.472,-10.345],[123.486,-10.324],[123.493,-10.302],[123.495,-10.282],[123.493,-10.245],[123.5,-10.231],[123.515,-10.213],[123.547,-10.187],[123.598,-10.167],[123.612,-10.156],[123.62,-10.153],[123.657,-10.146],[123.666,-10.143],[123.749,-10.098],[123.765,-10.075],[123.746,-10.05],[123.726,-10.039],[123.706,-10.031],[123.684,-10.025],[123.66,-10.023],[123.638,-10.03],[123.606,-10.054],[123.588,-10.05],[123.577,-10.034],[123.576,-10.014],[123.584,-9.944],[123.592,-9.929],[123.629,-9.906],[123.65,-9.889],[123.66,-9.871],[123.664,-9.851],[123.664,-9.827],[123.66,-9.817],[123.646,-9.797],[123.643,-9.783],[123.646,-9.775],[123.653,-9.77],[123.659,-9.767],[123.664,-9.762],[123.67,-9.74],[123.672,-9.65],[123.677,-9.63],[123.689,-9.611],[123.712,-9.592],[123.747,-9.574],[123.756,-9.567],[123.784,-9.526],[123.794,-9.517],[123.801,-9.514],[123.809,-9.513],[123.822,-9.509],[123.827,-9.505],[123.837,-9.493],[123.842,-9.488],[123.847,-9.487],[123.859,-9.489],[123.863,-9.488],[123.896,-9.441],[123.907,-9.433],[123.913,-9.426],[123.959,-9.386],[123.98,-9.358],[123.991,-9.348],[124.01,-9.344],[124.03,-9.342],[124.063,-9.398],[124.09,-9.422],[124.121,-9.427],[124.134,-9.419],[124.154,-9.392],[124.167,-9.381],[124.184,-9.374],[124.197,-9.373],[124.211,-9.379],[124.226,-9.392],[124.237,-9.405],[124.247,-9.422],[124.254,-9.439],[124.258,-9.455],[124.257,-9.463],[124.253,-9.481],[124.253,-9.486],[124.257,-9.499],[124.258,-9.501]]],[[[123.146,-8.426],[123.17,-8.431],[123.18,-8.444],[123.178,-8.46],[123.164,-8.474],[123.122,-8.486],[123.038,-8.492],[123.007,-8.508],[122.955,-8.586],[122.931,-8.604],[122.914,-8.608],[122.903,-8.605],[122.883,-8.583],[122.91,-8.515],[123,-8.449],[123.009,-8.448],[123.018,-8.451],[123.03,-8.453],[123.042,-8.451],[123.074,-8.44],[123.086,-8.439],[123.105,-8.441],[123.116,-8.44],[123.124,-8.436],[123.14,-8.428],[123.146,-8.426]]],[[[120.792,-9.961],[120.812,-9.984],[120.832,-10.014],[120.84,-10.051],[120.827,-10.091],[120.817,-10.102],[120.785,-10.125],[120.742,-10.171],[120.725,-10.197],[120.711,-10.207],[120.651,-10.224],[120.642,-10.231],[120.631,-10.236],[120.566,-10.228],[120.547,-10.233],[120.501,-10.257],[120.491,-10.266],[120.49,-10.285],[120.483,-10.301],[120.47,-10.31],[120.45,-10.31],[120.432,-10.3],[120.409,-10.27],[120.392,-10.263],[120.242,-10.242],[120.23,-10.245],[120.22,-10.239],[120.156,-10.221],[120.15,-10.214],[120.14,-10.194],[120.135,-10.187],[120.093,-10.168],[120.087,-10.163],[120.059,-10.119],[120.048,-10.113],[120.04,-10.115],[120.034,-10.112],[120.027,-10.068],[120.015,-10.043],[119.976,-9.992],[119.967,-9.984],[119.957,-9.977],[119.947,-9.975],[119.931,-9.974],[119.921,-9.969],[119.913,-9.961],[119.909,-9.947],[119.896,-9.955],[119.89,-9.951],[119.887,-9.942],[119.881,-9.934],[119.86,-9.923],[119.851,-9.92],[119.811,-9.917],[119.794,-9.911],[119.758,-9.885],[119.697,-9.853],[119.689,-9.841],[119.685,-9.813],[119.674,-9.8],[119.634,-9.79],[119.634,-9.786],[119.635,-9.773],[119.634,-9.769],[119.628,-9.769],[119.622,-9.771],[119.617,-9.774],[119.613,-9.775],[119.589,-9.77],[119.54,-9.766],[119.499,-9.752],[119.477,-9.749],[119.46,-9.75],[119.44,-9.755],[119.423,-9.762],[119.415,-9.772],[119.406,-9.79],[119.386,-9.783],[119.347,-9.755],[119.338,-9.755],[119.328,-9.762],[119.319,-9.762],[119.311,-9.758],[119.285,-9.741],[119.261,-9.746],[119.22,-9.746],[119.177,-9.741],[119.137,-9.724],[119.097,-9.718],[119.083,-9.711],[119.037,-9.676],[119.025,-9.659],[119.007,-9.628],[118.998,-9.617],[118.984,-9.605],[118.956,-9.585],[118.942,-9.57],[118.935,-9.553],[118.942,-9.526],[118.958,-9.5],[118.979,-9.476],[119.025,-9.438],[119.051,-9.424],[119.079,-9.416],[119.11,-9.413],[119.124,-9.409],[119.153,-9.392],[119.169,-9.386],[119.207,-9.379],[119.24,-9.378],[119.246,-9.376],[119.26,-9.366],[119.268,-9.364],[119.305,-9.364],[119.385,-9.378],[119.394,-9.376],[119.408,-9.366],[119.457,-9.358],[119.476,-9.361],[119.517,-9.375],[119.529,-9.375],[119.548,-9.363],[119.571,-9.354],[119.629,-9.342],[119.647,-9.342],[119.662,-9.348],[119.668,-9.361],[119.68,-9.371],[119.799,-9.384],[119.821,-9.379],[119.946,-9.288],[119.959,-9.29],[119.964,-9.313],[119.971,-9.323],[120.012,-9.358],[120.071,-9.441],[120.094,-9.461],[120.111,-9.471],[120.129,-9.478],[120.148,-9.48],[120.165,-9.471],[120.183,-9.467],[120.207,-9.476],[120.229,-9.492],[120.244,-9.509],[120.244,-9.55],[120.251,-9.575],[120.253,-9.614],[120.259,-9.631],[120.271,-9.643],[120.33,-9.669],[120.347,-9.671],[120.354,-9.656],[120.365,-9.645],[120.39,-9.638],[120.436,-9.631],[120.459,-9.633],[120.478,-9.641],[120.492,-9.658],[120.498,-9.683],[120.509,-9.697],[120.58,-9.735],[120.607,-9.769],[120.646,-9.852],[120.67,-9.885],[120.698,-9.904],[120.764,-9.939],[120.792,-9.961]]],[[[119.723,-8.621],[119.738,-8.617],[119.768,-8.617],[119.792,-8.624],[119.789,-8.642],[119.758,-8.661],[119.747,-8.672],[119.75,-8.686],[119.736,-8.689],[119.721,-8.69],[119.709,-8.694],[119.703,-8.706],[119.705,-8.724],[119.723,-8.742],[119.723,-8.762],[119.719,-8.77],[119.703,-8.792],[119.698,-8.802],[119.689,-8.799],[119.679,-8.793],[119.669,-8.782],[119.663,-8.773],[119.656,-8.767],[119.645,-8.772],[119.635,-8.778],[119.625,-8.781],[119.615,-8.778],[119.606,-8.769],[119.614,-8.74],[119.621,-8.73],[119.634,-8.727],[119.629,-8.718],[119.627,-8.714],[119.642,-8.706],[119.657,-8.695],[119.66,-8.685],[119.641,-8.679],[119.647,-8.657],[119.627,-8.618],[119.634,-8.597],[119.655,-8.612],[119.661,-8.618],[119.665,-8.627],[119.669,-8.65],[119.675,-8.659],[119.695,-8.667],[119.711,-8.66],[119.72,-8.643],[119.723,-8.621]]],[[[119.559,-8.518],[119.562,-8.532],[119.568,-8.54],[119.577,-8.548],[119.587,-8.562],[119.573,-8.566],[119.571,-8.575],[119.572,-8.586],[119.57,-8.59],[119.538,-8.594],[119.525,-8.59],[119.516,-8.573],[119.507,-8.566],[119.494,-8.573],[119.48,-8.592],[119.471,-8.597],[119.457,-8.597],[119.463,-8.609],[119.471,-8.615],[119.478,-8.614],[119.484,-8.604],[119.491,-8.611],[119.48,-8.635],[119.473,-8.647],[119.466,-8.649],[119.455,-8.644],[119.448,-8.654],[119.443,-8.679],[119.444,-8.691],[119.448,-8.709],[119.457,-8.728],[119.47,-8.741],[119.447,-8.746],[119.399,-8.726],[119.381,-8.741],[119.374,-8.734],[119.381,-8.734],[119.377,-8.722],[119.381,-8.709],[119.4,-8.675],[119.402,-8.668],[119.402,-8.642],[119.398,-8.634],[119.391,-8.632],[119.384,-8.631],[119.381,-8.628],[119.381,-8.6],[119.378,-8.574],[119.38,-8.566],[119.388,-8.556],[119.394,-8.555],[119.409,-8.557],[119.415,-8.556],[119.415,-8.553],[119.422,-8.536],[119.422,-8.535],[119.422,-8.526],[119.418,-8.495],[119.427,-8.488],[119.425,-8.473],[119.415,-8.443],[119.422,-8.442],[119.457,-8.426],[119.461,-8.441],[119.463,-8.461],[119.469,-8.479],[119.48,-8.487],[119.529,-8.479],[119.546,-8.481],[119.555,-8.485],[119.56,-8.488],[119.57,-8.498],[119.575,-8.507],[119.57,-8.512],[119.563,-8.515],[119.559,-8.518]]],[[[123.349,-8.269],[123.35,-8.28],[123.345,-8.288],[123.339,-8.294],[123.335,-8.299],[123.327,-8.368],[123.321,-8.385],[123.289,-8.404],[123.245,-8.405],[123.164,-8.392],[123.082,-8.409],[123.041,-8.411],[123.02,-8.392],[123.021,-8.358],[123.036,-8.332],[123.126,-8.259],[123.142,-8.25],[123.157,-8.244],[123.188,-8.235],[123.204,-8.233],[123.237,-8.234],[123.264,-8.238],[123.288,-8.246],[123.314,-8.261],[123.322,-8.256],[123.331,-8.255],[123.341,-8.259],[123.349,-8.269]]],[[[123.026,-8.289],[123.028,-8.297],[123.026,-8.32],[123.019,-8.334],[123.001,-8.341],[122.943,-8.344],[122.921,-8.35],[122.904,-8.363],[122.897,-8.388],[122.904,-8.427],[122.905,-8.447],[122.897,-8.461],[122.878,-8.462],[122.853,-8.454],[122.831,-8.443],[122.821,-8.436],[122.818,-8.426],[122.811,-8.429],[122.804,-8.438],[122.801,-8.45],[122.801,-8.469],[122.803,-8.478],[122.807,-8.487],[122.849,-8.552],[122.848,-8.584],[122.807,-8.611],[122.797,-8.614],[122.747,-8.62],[122.741,-8.624],[122.729,-8.635],[122.721,-8.637],[122.688,-8.631],[122.679,-8.633],[122.656,-8.645],[122.65,-8.652],[122.638,-8.652],[122.565,-8.669],[122.555,-8.677],[122.525,-8.706],[122.515,-8.712],[122.449,-8.734],[122.408,-8.741],[122.304,-8.739],[122.287,-8.741],[122.265,-8.748],[122.253,-8.75],[122.227,-8.737],[122.163,-8.727],[122.115,-8.732],[122.078,-8.754],[122.044,-8.781],[122.005,-8.802],[121.876,-8.838],[121.835,-8.858],[121.794,-8.884],[121.78,-8.888],[121.77,-8.888],[121.76,-8.885],[121.749,-8.884],[121.734,-8.88],[121.716,-8.871],[121.699,-8.859],[121.69,-8.851],[121.674,-8.863],[121.659,-8.898],[121.646,-8.906],[121.641,-8.897],[121.631,-8.853],[121.622,-8.837],[121.581,-8.818],[121.541,-8.815],[121.5,-8.817],[121.457,-8.81],[121.42,-8.798],[121.396,-8.794],[121.378,-8.799],[121.367,-8.82],[121.37,-8.842],[121.376,-8.864],[121.375,-8.884],[121.341,-8.918],[121.299,-8.918],[121.211,-8.892],[121.165,-8.895],[121.129,-8.909],[121.067,-8.941],[121.048,-8.944],[120.995,-8.941],[120.964,-8.93],[120.959,-8.926],[120.932,-8.927],[120.923,-8.926],[120.907,-8.914],[120.863,-8.869],[120.855,-8.854],[120.848,-8.83],[120.833,-8.817],[120.813,-8.815],[120.792,-8.823],[120.781,-8.837],[120.773,-8.852],[120.764,-8.865],[120.748,-8.871],[120.726,-8.867],[120.712,-8.86],[120.699,-8.851],[120.683,-8.844],[120.673,-8.844],[120.652,-8.846],[120.642,-8.844],[120.624,-8.826],[120.618,-8.823],[120.601,-8.802],[120.594,-8.796],[120.586,-8.792],[120.578,-8.79],[120.556,-8.789],[120.534,-8.792],[120.493,-8.801],[120.47,-8.802],[120.438,-8.797],[120.426,-8.796],[120.414,-8.798],[120.404,-8.801],[120.394,-8.801],[120.382,-8.796],[120.323,-8.831],[120.279,-8.829],[120.244,-8.823],[120.224,-8.811],[120.183,-8.776],[120.165,-8.769],[120.145,-8.769],[120.131,-8.771],[120.094,-8.789],[120.059,-8.8],[119.976,-8.814],[119.947,-8.833],[119.943,-8.832],[119.939,-8.833],[119.936,-8.837],[119.936,-8.843],[119.944,-8.853],[119.943,-8.858],[119.934,-8.864],[119.92,-8.871],[119.907,-8.872],[119.902,-8.861],[119.892,-8.807],[119.884,-8.803],[119.873,-8.803],[119.86,-8.802],[119.84,-8.793],[119.824,-8.78],[119.813,-8.763],[119.806,-8.741],[119.804,-8.597],[119.808,-8.57],[119.821,-8.547],[119.871,-8.494],[119.874,-8.472],[119.868,-8.448],[119.867,-8.413],[119.898,-8.445],[119.919,-8.461],[119.929,-8.457],[119.934,-8.456],[119.964,-8.44],[119.97,-8.438],[119.977,-8.436],[119.984,-8.439],[119.991,-8.447],[120.003,-8.439],[120.01,-8.425],[120.015,-8.405],[120.018,-8.403],[120.022,-8.389],[120.025,-8.385],[120.033,-8.383],[120.042,-8.386],[120.049,-8.39],[120.056,-8.392],[120.059,-8.391],[120.063,-8.388],[120.069,-8.386],[120.077,-8.385],[120.084,-8.387],[120.088,-8.398],[120.094,-8.399],[120.109,-8.392],[120.114,-8.381],[120.116,-8.367],[120.121,-8.351],[120.126,-8.355],[120.137,-8.365],[120.142,-8.371],[120.149,-8.371],[120.161,-8.35],[120.196,-8.316],[120.203,-8.299],[120.213,-8.293],[120.277,-8.269],[120.378,-8.275],[120.392,-8.268],[120.411,-8.236],[120.422,-8.227],[120.437,-8.232],[120.445,-8.247],[120.45,-8.264],[120.457,-8.275],[120.483,-8.279],[120.522,-8.255],[120.543,-8.265],[120.553,-8.273],[120.568,-8.281],[120.583,-8.285],[120.594,-8.282],[120.601,-8.27],[120.601,-8.257],[120.594,-8.233],[120.636,-8.25],[120.655,-8.262],[120.662,-8.278],[120.673,-8.292],[120.726,-8.323],[120.745,-8.33],[120.813,-8.321],[120.83,-8.327],[120.846,-8.334],[120.87,-8.339],[120.909,-8.343],[120.954,-8.337],[120.976,-8.337],[120.995,-8.347],[121.018,-8.379],[121.031,-8.393],[121.053,-8.405],[121.106,-8.424],[121.125,-8.426],[121.147,-8.426],[121.157,-8.429],[121.166,-8.436],[121.175,-8.44],[121.2,-8.439],[121.211,-8.44],[121.218,-8.445],[121.223,-8.452],[121.23,-8.458],[121.242,-8.461],[121.251,-8.461],[121.271,-8.465],[121.279,-8.467],[121.291,-8.477],[121.316,-8.515],[121.337,-8.525],[121.381,-8.572],[121.409,-8.583],[121.425,-8.579],[121.437,-8.572],[121.451,-8.567],[121.471,-8.569],[121.489,-8.576],[121.496,-8.582],[121.498,-8.594],[121.502,-8.602],[121.51,-8.602],[121.522,-8.597],[121.528,-8.591],[121.566,-8.569],[121.575,-8.566],[121.573,-8.547],[121.574,-8.538],[121.584,-8.536],[121.608,-8.542],[121.603,-8.521],[121.603,-8.496],[121.61,-8.476],[121.625,-8.467],[121.639,-8.473],[121.68,-8.511],[121.696,-8.511],[121.751,-8.491],[121.773,-8.487],[121.784,-8.489],[121.79,-8.493],[121.796,-8.495],[121.807,-8.495],[121.814,-8.492],[121.835,-8.474],[121.852,-8.485],[121.872,-8.492],[121.893,-8.493],[121.932,-8.474],[121.94,-8.468],[121.943,-8.457],[121.948,-8.453],[121.985,-8.447],[121.993,-8.442],[122,-8.434],[122.008,-8.428],[122.019,-8.426],[122.029,-8.431],[122.037,-8.44],[122.041,-8.449],[122.027,-8.461],[122.022,-8.479],[122.026,-8.5],[122.04,-8.515],[122.049,-8.517],[122.071,-8.514],[122.081,-8.515],[122.092,-8.52],[122.112,-8.533],[122.125,-8.535],[122.141,-8.542],[122.23,-8.617],[122.258,-8.631],[122.288,-8.634],[122.451,-8.604],[122.477,-8.595],[122.501,-8.576],[122.515,-8.553],[122.512,-8.528],[122.506,-8.523],[122.49,-8.518],[122.485,-8.515],[122.481,-8.506],[122.482,-8.501],[122.484,-8.494],[122.485,-8.484],[122.494,-8.475],[122.547,-8.453],[122.562,-8.441],[122.598,-8.395],[122.614,-8.386],[122.653,-8.384],[122.67,-8.378],[122.688,-8.385],[122.704,-8.379],[122.719,-8.37],[122.736,-8.365],[122.758,-8.361],[122.772,-8.352],[122.794,-8.323],[122.82,-8.305],[122.881,-8.286],[122.944,-8.215],[122.951,-8.203],[122.94,-8.193],[122.917,-8.188],[122.876,-8.186],[122.853,-8.192],[122.83,-8.202],[122.809,-8.215],[122.79,-8.23],[122.785,-8.229],[122.749,-8.233],[122.741,-8.23],[122.74,-8.222],[122.745,-8.207],[122.775,-8.163],[122.78,-8.148],[122.784,-8.124],[122.796,-8.11],[122.835,-8.09],[122.853,-8.074],[122.863,-8.07],[122.876,-8.07],[122.886,-8.075],[122.894,-8.093],[122.9,-8.097],[122.917,-8.101],[122.937,-8.112],[122.964,-8.131],[122.98,-8.147],[122.983,-8.16],[122.978,-8.196],[123.007,-8.261],[123.021,-8.279],[123.026,-8.289]]],[[[123.39,-10.591],[123.413,-10.605],[123.42,-10.619],[123.417,-10.664],[123.409,-10.679],[123.389,-10.68],[123.367,-10.675],[123.349,-10.674],[123.332,-10.682],[123.277,-10.725],[123.267,-10.729],[123.255,-10.733],[123.243,-10.738],[123.239,-10.745],[123.238,-10.769],[123.236,-10.779],[123.232,-10.789],[123.209,-10.813],[123.177,-10.82],[123.14,-10.823],[122.988,-10.865],[122.968,-10.876],[122.958,-10.888],[122.972,-10.899],[122.972,-10.906],[122.88,-10.923],[122.842,-10.921],[122.821,-10.893],[122.815,-10.804],[122.81,-10.785],[122.813,-10.778],[122.833,-10.773],[122.855,-10.755],[122.918,-10.737],[122.941,-10.735],[122.963,-10.736],[122.974,-10.735],[122.982,-10.732],[122.994,-10.724],[123.005,-10.722],[123.015,-10.723],[123.026,-10.722],[123.049,-10.711],[123.098,-10.664],[123.119,-10.651],[123.162,-10.633],[123.177,-10.619],[123.181,-10.609],[123.184,-10.589],[123.191,-10.578],[123.2,-10.573],[123.209,-10.576],[123.216,-10.575],[123.218,-10.56],[123.225,-10.544],[123.242,-10.529],[123.28,-10.509],[123.335,-10.49],[123.352,-10.478],[123.374,-10.444],[123.386,-10.433],[123.396,-10.448],[123.397,-10.463],[123.392,-10.476],[123.376,-10.496],[123.394,-10.509],[123.388,-10.53],[123.375,-10.548],[123.373,-10.557],[123.378,-10.562],[123.372,-10.572],[123.361,-10.58],[123.356,-10.581],[123.359,-10.591],[123.368,-10.592],[123.379,-10.59],[123.39,-10.591]]],[[[121.94,-10.43],[121.96,-10.44],[121.98,-10.438],[121.996,-10.441],[122.005,-10.468],[121.998,-10.509],[121.991,-10.522],[121.953,-10.553],[121.93,-10.567],[121.92,-10.574],[121.915,-10.577],[121.91,-10.578],[121.899,-10.578],[121.892,-10.581],[121.887,-10.587],[121.885,-10.594],[121.882,-10.598],[121.86,-10.604],[121.797,-10.598],[121.753,-10.601],[121.732,-10.597],[121.71,-10.585],[121.699,-10.576],[121.694,-10.571],[121.69,-10.564],[121.706,-10.552],[121.826,-10.494],[121.861,-10.441],[121.88,-10.429],[121.902,-10.421],[121.923,-10.42],[121.94,-10.43]]],[[[123.466,-10.15],[123.474,-10.163],[123.505,-10.171],[123.506,-10.187],[123.495,-10.198],[123.459,-10.215],[123.452,-10.224],[123.447,-10.24],[123.435,-10.243],[123.422,-10.236],[123.411,-10.221],[123.396,-10.228],[123.419,-10.273],[123.424,-10.299],[123.411,-10.31],[123.417,-10.325],[123.413,-10.333],[123.404,-10.334],[123.39,-10.331],[123.387,-10.325],[123.377,-10.311],[123.367,-10.301],[123.362,-10.307],[123.355,-10.322],[123.338,-10.337],[123.322,-10.339],[123.314,-10.313],[123.315,-10.284],[123.32,-10.268],[123.332,-10.255],[123.356,-10.235],[123.37,-10.217],[123.389,-10.175],[123.404,-10.158],[123.417,-10.15],[123.438,-10.141],[123.458,-10.139],[123.466,-10.15]]],[[[123.928,-8.227],[123.939,-8.232],[123.941,-8.244],[123.938,-8.265],[123.932,-8.271],[123.921,-8.276],[123.876,-8.286],[123.811,-8.289],[123.79,-8.294],[123.775,-8.306],[123.766,-8.322],[123.751,-8.356],[123.729,-8.393],[123.688,-8.436],[123.677,-8.438],[123.669,-8.427],[123.663,-8.413],[123.657,-8.405],[123.643,-8.411],[123.625,-8.428],[123.609,-8.446],[123.602,-8.457],[123.596,-8.462],[123.584,-8.466],[123.572,-8.472],[123.568,-8.481],[123.574,-8.492],[123.609,-8.535],[123.598,-8.555],[123.583,-8.566],[123.565,-8.569],[123.543,-8.569],[123.534,-8.563],[123.511,-8.533],[123.5,-8.522],[123.455,-8.569],[123.445,-8.573],[123.431,-8.587],[123.421,-8.59],[123.407,-8.589],[123.399,-8.586],[123.383,-8.569],[123.347,-8.543],[123.324,-8.535],[123.311,-8.549],[123.302,-8.553],[123.292,-8.555],[123.283,-8.556],[123.279,-8.555],[123.267,-8.548],[123.263,-8.546],[123.256,-8.542],[123.251,-8.545],[123.245,-8.549],[123.239,-8.549],[123.227,-8.526],[123.253,-8.497],[123.314,-8.453],[123.358,-8.411],[123.373,-8.405],[123.387,-8.402],[123.468,-8.366],[123.48,-8.358],[123.486,-8.351],[123.484,-8.33],[123.473,-8.321],[123.438,-8.317],[123.37,-8.317],[123.366,-8.304],[123.38,-8.288],[123.4,-8.274],[123.414,-8.267],[123.428,-8.27],[123.443,-8.277],[123.457,-8.279],[123.466,-8.269],[123.48,-8.268],[123.502,-8.246],[123.516,-8.241],[123.543,-8.243],[123.568,-8.248],[123.562,-8.255],[123.563,-8.272],[123.561,-8.282],[123.553,-8.292],[123.527,-8.317],[123.517,-8.337],[123.518,-8.353],[123.528,-8.364],[123.547,-8.371],[123.568,-8.375],[123.589,-8.374],[123.605,-8.364],[123.609,-8.343],[123.601,-8.329],[123.587,-8.317],[123.582,-8.306],[123.602,-8.296],[123.614,-8.309],[123.628,-8.307],[123.639,-8.294],[123.643,-8.275],[123.639,-8.261],[123.631,-8.253],[123.625,-8.245],[123.629,-8.233],[123.634,-8.228],[123.642,-8.223],[123.65,-8.22],[123.657,-8.22],[123.666,-8.227],[123.667,-8.235],[123.667,-8.242],[123.671,-8.248],[123.684,-8.252],[123.701,-8.251],[123.712,-8.246],[123.705,-8.233],[123.705,-8.227],[123.731,-8.223],[123.75,-8.209],[123.767,-8.193],[123.784,-8.186],[123.789,-8.185],[123.798,-8.18],[123.804,-8.179],[123.81,-8.181],[123.813,-8.186],[123.815,-8.191],[123.818,-8.193],[123.823,-8.196],[123.84,-8.208],[123.849,-8.214],[123.864,-8.219],[123.884,-8.223],[123.928,-8.227]]],[[[124.308,-8.22],[124.294,-8.258],[124.291,-8.281],[124.298,-8.299],[124.3,-8.319],[124.283,-8.339],[124.247,-8.365],[124.232,-8.381],[124.219,-8.402],[124.209,-8.423],[124.201,-8.466],[124.192,-8.489],[124.179,-8.511],[124.165,-8.528],[124.15,-8.539],[124.13,-8.548],[124.108,-8.554],[124.085,-8.556],[124.059,-8.552],[124.051,-8.539],[124.055,-8.501],[124.051,-8.482],[124.031,-8.456],[124.027,-8.443],[124.019,-8.43],[124,-8.43],[123.977,-8.438],[123.939,-8.458],[123.931,-8.46],[123.921,-8.461],[123.907,-8.455],[123.913,-8.442],[123.925,-8.43],[123.931,-8.426],[123.967,-8.361],[123.985,-8.338],[124.023,-8.313],[124.044,-8.305],[124.058,-8.306],[124.069,-8.316],[124.074,-8.321],[124.083,-8.35],[124.083,-8.352],[124.083,-8.356],[124.097,-8.377],[124.102,-8.381],[124.109,-8.385],[124.11,-8.364],[124.122,-8.35],[124.151,-8.33],[124.184,-8.271],[124.204,-8.252],[124.232,-8.209],[124.247,-8.196],[124.251,-8.189],[124.258,-8.182],[124.27,-8.179],[124.285,-8.183],[124.295,-8.194],[124.308,-8.22]]],[[[125.134,-8.217],[125.139,-8.234],[125.137,-8.321],[125.134,-8.339],[125.123,-8.352],[125.1,-8.358],[125.079,-8.359],[125.021,-8.371],[124.932,-8.377],[124.766,-8.408],[124.725,-8.41],[124.67,-8.403],[124.662,-8.403],[124.65,-8.405],[124.639,-8.41],[124.617,-8.423],[124.596,-8.428],[124.576,-8.437],[124.559,-8.441],[124.55,-8.446],[124.545,-8.447],[124.538,-8.445],[124.527,-8.436],[124.52,-8.433],[124.502,-8.43],[124.495,-8.43],[124.486,-8.433],[124.461,-8.445],[124.455,-8.447],[124.45,-8.45],[124.444,-8.457],[124.438,-8.464],[124.428,-8.467],[124.418,-8.465],[124.407,-8.451],[124.397,-8.447],[124.391,-8.449],[124.373,-8.458],[124.37,-8.461],[124.357,-8.456],[124.351,-8.449],[124.346,-8.439],[124.339,-8.429],[124.334,-8.413],[124.345,-8.396],[124.376,-8.371],[124.386,-8.358],[124.407,-8.321],[124.41,-8.306],[124.473,-8.269],[124.504,-8.264],[124.514,-8.261],[124.519,-8.258],[124.533,-8.244],[124.543,-8.238],[124.548,-8.231],[124.548,-8.224],[124.538,-8.22],[124.516,-8.226],[124.493,-8.233],[124.421,-8.268],[124.392,-8.265],[124.397,-8.22],[124.406,-8.211],[124.42,-8.202],[124.433,-8.191],[124.438,-8.176],[124.442,-8.162],[124.451,-8.149],[124.463,-8.139],[124.475,-8.133],[124.496,-8.139],[124.545,-8.13],[124.569,-8.131],[124.586,-8.146],[124.589,-8.191],[124.603,-8.207],[124.643,-8.18],[124.665,-8.17],[124.688,-8.165],[124.774,-8.159],[124.898,-8.168],[124.938,-8.159],[124.945,-8.155],[124.948,-8.151],[124.952,-8.15],[124.966,-8.152],[124.971,-8.154],[124.976,-8.159],[124.984,-8.163],[124.997,-8.165],[125.047,-8.158],[125.081,-8.159],[125.087,-8.159],[125.093,-8.162],[125.103,-8.173],[125.125,-8.206],[125.134,-8.217]]],[[[122.361,-8.433],[122.387,-8.436],[122.41,-8.444],[122.421,-8.46],[122.409,-8.487],[122.377,-8.502],[122.352,-8.48],[122.344,-8.448],[122.361,-8.433]]],[[[121.71,-8.289],[121.734,-8.293],[121.745,-8.312],[121.744,-8.334],[121.731,-8.351],[121.709,-8.355],[121.694,-8.344],[121.676,-8.309],[121.685,-8.304],[121.692,-8.298],[121.699,-8.292],[121.71,-8.289]]],[[[121.614,-10.602],[121.622,-10.601],[121.633,-10.604],[121.631,-10.615],[121.615,-10.627],[121.595,-10.635],[121.575,-10.64],[121.553,-10.64],[121.531,-10.638],[121.527,-10.63],[121.541,-10.615],[121.565,-10.604],[121.597,-10.601],[121.614,-10.602]]]]}},{"type":"Feature","id":"ID-PA","properties":{"id":"ID-PA","countryCode":"ID","isoSubdivision":"ID-PA","name":"Papua","name_en":"Papua","name_ko":"파푸아","type":"Province","labelLongitude":138.689,"labelLatitude":-4.108,"minZoom":4.6},"geometry":{"type":"MultiPolygon","coordinates":[[[[140.974,-2.601],[140.974,-2.631],[140.974,-2.807],[140.973,-3.002],[140.972,-3.251],[140.973,-3.582],[140.974,-3.8],[140.974,-4.002],[140.975,-4.174],[140.976,-4.596],[140.976,-4.774],[140.977,-4.988],[140.977,-4.999],[140.977,-5.002],[140.977,-5.197],[140.977,-5.323],[140.977,-5.364],[140.977,-5.621],[140.977,-5.806],[140.977,-6.002],[140.977,-6.229],[140.977,-6.335],[140.973,-6.337],[140.964,-6.348],[140.959,-6.368],[140.954,-6.37],[140.953,-6.374],[140.955,-6.38],[140.965,-6.388],[140.967,-6.394],[140.963,-6.404],[140.956,-6.411],[140.95,-6.419],[140.953,-6.432],[140.942,-6.431],[140.931,-6.431],[140.921,-6.434],[140.913,-6.439],[140.923,-6.44],[140.93,-6.445],[140.933,-6.454],[140.933,-6.466],[140.949,-6.466],[140.953,-6.481],[140.95,-6.499],[140.943,-6.508],[140.928,-6.51],[140.921,-6.516],[140.919,-6.528],[140.918,-6.553],[140.915,-6.558],[140.91,-6.561],[140.902,-6.562],[140.893,-6.565],[140.896,-6.573],[140.903,-6.582],[140.905,-6.589],[140.891,-6.6],[140.874,-6.603],[140.859,-6.608],[140.85,-6.624],[140.865,-6.631],[140.866,-6.649],[140.857,-6.682],[140.852,-6.694],[140.849,-6.703],[140.85,-6.713],[140.858,-6.724],[140.879,-6.742],[140.885,-6.754],[140.883,-6.761],[140.873,-6.774],[140.871,-6.778],[140.874,-6.789],[140.882,-6.798],[140.902,-6.812],[140.907,-6.828],[140.908,-6.849],[140.916,-6.863],[140.94,-6.856],[140.943,-6.888],[140.962,-6.898],[140.977,-6.897],[140.977,-7.005],[140.977,-7.157],[140.977,-7.283],[140.977,-7.324],[140.977,-7.588],[140.977,-7.773],[140.977,-7.962],[140.977,-8.002],[140.977,-8.17],[140.977,-8.435],[140.978,-8.611],[140.978,-8.798],[140.977,-8.991],[140.977,-9.106],[140.933,-9.08],[140.921,-9.079],[140.857,-9.049],[140.622,-8.807],[140.507,-8.638],[140.453,-8.587],[140.446,-8.578],[140.378,-8.522],[140.368,-8.508],[140.363,-8.491],[140.354,-8.489],[140.301,-8.467],[140.267,-8.431],[140.252,-8.409],[140.032,-8.246],[139.988,-8.192],[139.974,-8.165],[139.971,-8.142],[139.98,-8.122],[139.998,-8.104],[140.021,-8.09],[140.035,-8.087],[140.048,-8.087],[140.058,-8.082],[140.062,-8.066],[140.066,-8.029],[140.057,-7.996],[140.054,-7.972],[140.061,-7.948],[140.083,-7.933],[140.112,-7.947],[140.129,-7.936],[140.152,-7.885],[140.135,-7.893],[140.119,-7.915],[140.1,-7.92],[140.075,-7.92],[140.061,-7.924],[140.054,-7.936],[140.046,-7.98],[140.042,-8.046],[140.034,-8.059],[140.015,-8.074],[139.974,-8.097],[139.932,-8.109],[139.769,-8.11],[139.631,-8.125],[139.599,-8.135],[139.547,-8.166],[139.515,-8.179],[139.435,-8.197],[139.395,-8.201],[139.357,-8.199],[139.32,-8.19],[139.283,-8.173],[139.255,-8.146],[139.24,-8.111],[139.24,-8.102],[139.243,-8.091],[139.246,-8.08],[139.25,-8.073],[139.252,-8.067],[139.248,-8.049],[139.245,-8.015],[139.24,-8.003],[139.219,-7.98],[139.235,-7.975],[139.252,-7.982],[139.269,-7.986],[139.288,-7.973],[139.243,-7.957],[139.217,-7.951],[139.206,-7.963],[139.207,-7.974],[139.211,-7.994],[139.212,-8.004],[139.214,-8.007],[139.225,-8.009],[139.23,-8.011],[139.232,-8.018],[139.23,-8.023],[139.227,-8.028],[139.224,-8.074],[139.201,-8.096],[139.123,-8.117],[139.09,-8.134],[138.973,-8.23],[138.963,-8.246],[138.959,-8.265],[138.957,-8.271],[138.951,-8.281],[138.943,-8.291],[138.935,-8.296],[138.921,-8.295],[138.914,-8.292],[138.876,-8.219],[138.853,-8.184],[138.843,-8.161],[138.839,-8.138],[138.843,-8.117],[138.859,-8.101],[138.901,-8.092],[138.921,-8.08],[138.925,-8.07],[138.924,-8.061],[138.92,-8.052],[138.906,-8.044],[138.906,-8.031],[138.911,-8.008],[138.911,-7.923],[138.915,-7.903],[138.927,-7.894],[138.966,-7.885],[138.994,-7.865],[139.002,-7.836],[139.007,-7.754],[139.035,-7.69],[139.045,-7.675],[139.048,-7.668],[139.055,-7.634],[139.059,-7.623],[139.069,-7.614],[139.081,-7.606],[139.089,-7.597],[139.093,-7.56],[139.071,-7.533],[139.036,-7.515],[139,-7.508],[138.958,-7.507],[138.944,-7.497],[138.935,-7.449],[138.926,-7.427],[138.886,-7.361],[138.865,-7.336],[138.841,-7.315],[138.767,-7.265],[138.751,-7.258],[138.746,-7.251],[138.739,-7.244],[138.729,-7.24],[138.709,-7.239],[138.7,-7.237],[138.691,-7.234],[138.677,-7.223],[138.666,-7.21],[138.667,-7.198],[138.688,-7.193],[138.905,-7.199],[138.945,-7.206],[138.962,-7.215],[138.991,-7.236],[139.004,-7.24],[139.157,-7.243],[139.175,-7.237],[139.188,-7.215],[139.199,-7.189],[139.215,-7.167],[139.24,-7.158],[139.24,-7.151],[139.222,-7.144],[139.206,-7.15],[139.181,-7.175],[139.167,-7.195],[139.159,-7.203],[139.147,-7.206],[139.104,-7.206],[139.061,-7.212],[139.038,-7.212],[139.019,-7.194],[138.966,-7.165],[138.946,-7.157],[138.925,-7.153],[138.858,-7.15],[138.843,-7.146],[138.815,-7.131],[138.762,-7.114],[138.753,-7.107],[138.748,-7.098],[138.646,-7],[138.572,-6.942],[138.562,-6.919],[138.581,-6.891],[138.597,-6.881],[138.613,-6.877],[138.654,-6.877],[138.675,-6.881],[138.716,-6.898],[138.74,-6.897],[138.756,-6.888],[138.783,-6.862],[138.798,-6.856],[138.884,-6.849],[138.917,-6.842],[138.931,-6.843],[138.94,-6.845],[138.96,-6.854],[138.97,-6.856],[138.989,-6.866],[139.018,-6.909],[139.038,-6.918],[139.069,-6.942],[139.073,-6.949],[139.083,-6.953],[139.104,-6.959],[139.118,-6.968],[139.126,-6.972],[139.14,-6.973],[139.182,-6.971],[139.192,-6.973],[139.18,-6.959],[139.157,-6.954],[139.133,-6.952],[139.123,-6.949],[139.115,-6.941],[139.069,-6.918],[139,-6.853],[138.966,-6.836],[138.924,-6.826],[138.857,-6.82],[138.838,-6.815],[138.822,-6.806],[138.768,-6.757],[138.746,-6.74],[138.7,-6.728],[138.683,-6.715],[138.673,-6.695],[138.671,-6.672],[138.682,-6.645],[138.703,-6.645],[138.743,-6.665],[138.763,-6.67],[138.829,-6.706],[138.709,-6.63],[138.678,-6.603],[138.632,-6.544],[138.619,-6.535],[138.604,-6.528],[138.466,-6.402],[138.421,-6.319],[138.414,-6.291],[138.395,-6.253],[138.39,-6.234],[138.392,-6.186],[138.39,-6.172],[138.372,-6.124],[138.37,-6.106],[138.365,-6.092],[138.347,-6.071],[138.343,-6.058],[138.339,-6.043],[138.276,-5.946],[138.262,-5.915],[138.271,-5.887],[138.304,-5.868],[138.377,-5.856],[138.404,-5.836],[138.386,-5.837],[138.343,-5.849],[138.322,-5.851],[138.209,-5.825],[138.182,-5.81],[138.178,-5.804],[138.176,-5.796],[138.17,-5.787],[138.158,-5.774],[138.252,-5.719],[138.307,-5.696],[138.363,-5.679],[138.343,-5.67],[138.32,-5.671],[138.277,-5.679],[138.253,-5.68],[138.233,-5.684],[138.214,-5.692],[138.172,-5.717],[138.152,-5.723],[138.106,-5.726],[138.086,-5.74],[138.083,-5.738],[138.082,-5.734],[138.071,-5.729],[138.069,-5.72],[138.069,-5.708],[138.068,-5.698],[138.057,-5.658],[138.053,-5.613],[138.055,-5.59],[138.06,-5.575],[138.069,-5.565],[138.082,-5.555],[138.092,-5.55],[138.101,-5.549],[138.108,-5.545],[138.11,-5.534],[138.105,-5.531],[138.085,-5.522],[138.078,-5.52],[138.064,-5.511],[138.064,-5.489],[138.074,-5.445],[138.075,-5.42],[138.071,-5.41],[138.061,-5.404],[138.058,-5.42],[138.051,-5.432],[138.041,-5.436],[138.027,-5.431],[138.035,-5.455],[138.036,-5.475],[138.026,-5.485],[137.999,-5.479],[137.987,-5.47],[137.959,-5.431],[137.915,-5.387],[137.908,-5.363],[137.925,-5.329],[137.904,-5.323],[137.853,-5.362],[137.822,-5.363],[137.814,-5.358],[137.809,-5.353],[137.783,-5.318],[137.78,-5.315],[137.783,-5.298],[137.802,-5.27],[137.808,-5.253],[137.771,-5.272],[137.752,-5.278],[137.732,-5.273],[137.716,-5.257],[137.706,-5.222],[137.691,-5.211],[137.682,-5.213],[137.673,-5.218],[137.663,-5.22],[137.647,-5.212],[137.616,-5.205],[137.598,-5.196],[137.58,-5.182],[137.574,-5.167],[137.595,-5.157],[137.595,-5.15],[137.581,-5.143],[137.573,-5.121],[137.561,-5.116],[137.556,-5.121],[137.54,-5.144],[137.533,-5.15],[137.519,-5.149],[137.509,-5.142],[137.492,-5.123],[137.482,-5.117],[137.474,-5.115],[137.468,-5.11],[137.465,-5.096],[137.433,-5.103],[137.404,-5.098],[137.378,-5.082],[137.356,-5.062],[137.363,-5.055],[137.368,-5.046],[137.37,-5.037],[137.369,-5.026],[137.363,-5.026],[137.35,-5.04],[137.335,-5.031],[137.308,-4.999],[137.309,-5.022],[137.302,-5.027],[137.277,-5.02],[137.268,-5.014],[137.267,-4.999],[137.283,-4.94],[137.279,-4.937],[137.232,-4.969],[137.224,-4.982],[137.232,-4.999],[137.219,-5.013],[137.169,-4.991],[137.152,-4.974],[137.15,-4.945],[137.115,-4.979],[137.09,-4.96],[137.088,-4.943],[137.096,-4.922],[137.102,-4.889],[137.095,-4.889],[137.073,-4.924],[137.042,-4.943],[137.007,-4.946],[136.954,-4.923],[136.947,-4.918],[136.944,-4.91],[136.95,-4.899],[136.962,-4.891],[136.974,-4.885],[136.979,-4.88],[136.969,-4.87],[136.947,-4.876],[136.875,-4.92],[136.854,-4.928],[136.832,-4.931],[136.822,-4.928],[136.812,-4.92],[136.804,-4.91],[136.801,-4.9],[136.803,-4.883],[136.799,-4.88],[136.786,-4.876],[136.763,-4.874],[136.753,-4.88],[136.743,-4.882],[136.696,-4.847],[136.626,-4.823],[136.538,-4.774],[136.464,-4.736],[136.44,-4.715],[136.433,-4.712],[136.413,-4.712],[136.403,-4.708],[136.376,-4.684],[136.355,-4.677],[136.267,-4.676],[136.177,-4.65],[136.147,-4.626],[136.146,-4.622],[136.122,-4.619],[136.107,-4.612],[136.095,-4.603],[136.081,-4.595],[136.063,-4.591],[136.05,-4.59],[136.036,-4.586],[136.016,-4.571],[135.97,-4.52],[135.95,-4.506],[135.912,-4.498],[135.829,-4.499],[135.793,-4.486],[135.776,-4.495],[135.75,-4.497],[135.725,-4.495],[135.708,-4.489],[135.7,-4.487],[135.656,-4.486],[135.614,-4.475],[135.605,-4.468],[135.587,-4.46],[135.467,-4.446],[135.444,-4.441],[135.43,-4.43],[135.413,-4.436],[135.359,-4.444],[135.331,-4.44],[135.272,-4.458],[135.228,-4.461],[135.186,-4.449],[134.959,-4.319],[134.943,-4.306],[134.936,-4.29],[134.927,-4.276],[134.907,-4.264],[134.882,-4.256],[134.873,-4.255],[134.874,-4.254],[135.265,-3.76],[134.258,-3.399],[134.234,-3.384],[134.237,-3.353],[134.255,-3.308],[134.282,-3.257],[134.306,-3.221],[134.332,-3.19],[134.423,-3.115],[134.451,-3.078],[134.452,-3.066],[134.445,-3.024],[134.448,-3.013],[134.457,-3.003],[134.47,-2.995],[134.485,-2.987],[134.666,-2.841],[134.67,-2.838],[134.701,-2.959],[134.727,-2.986],[134.772,-2.978],[134.828,-2.914],[134.851,-2.9],[134.861,-2.94],[134.852,-3.004],[134.847,-3.018],[134.842,-3.023],[134.837,-3.026],[134.831,-3.03],[134.826,-3.04],[134.824,-3.05],[134.826,-3.084],[134.817,-3.122],[134.819,-3.136],[134.854,-3.148],[134.861,-3.163],[134.868,-3.204],[134.87,-3.209],[134.873,-3.213],[134.875,-3.218],[134.876,-3.232],[134.875,-3.232],[134.881,-3.243],[134.886,-3.25],[134.899,-3.263],[134.914,-3.269],[134.932,-3.262],[134.964,-3.238],[134.963,-3.249],[134.957,-3.269],[134.957,-3.28],[134.96,-3.285],[134.975,-3.301],[134.985,-3.33],[135.002,-3.336],[135.046,-3.334],[135.069,-3.339],[135.097,-3.358],[135.112,-3.362],[135.276,-3.369],[135.296,-3.372],[135.322,-3.386],[135.341,-3.39],[135.362,-3.386],[135.403,-3.372],[135.47,-3.363],[135.489,-3.357],[135.505,-3.348],[135.522,-3.336],[135.564,-3.29],[135.569,-3.282],[135.573,-3.27],[135.574,-3.258],[135.57,-3.249],[135.574,-3.241],[135.602,-3.204],[135.639,-3.178],[135.719,-3.149],[135.752,-3.128],[135.767,-3.109],[135.763,-3.1],[135.752,-3.092],[135.746,-3.077],[135.747,-3.07],[135.752,-3.062],[135.757,-3.056],[135.765,-3.052],[135.767,-3.05],[135.77,-3.048],[135.776,-3.046],[135.799,-3.053],[135.817,-3.043],[135.843,-3.012],[135.889,-3],[135.91,-2.986],[135.927,-2.966],[135.937,-2.943],[135.936,-2.927],[135.925,-2.89],[135.927,-2.879],[135.952,-2.852],[135.96,-2.838],[135.965,-2.82],[135.965,-2.776],[135.97,-2.77],[135.992,-2.752],[135.999,-2.745],[136.013,-2.747],[136.023,-2.708],[136.036,-2.697],[136.045,-2.696],[136.056,-2.693],[136.064,-2.688],[136.067,-2.68],[136.072,-2.673],[136.084,-2.668],[136.109,-2.663],[136.197,-2.624],[136.237,-2.596],[136.266,-2.56],[136.276,-2.54],[136.282,-2.52],[136.289,-2.45],[136.294,-2.434],[136.302,-2.421],[136.334,-2.385],[136.344,-2.368],[136.348,-2.351],[136.347,-2.34],[136.343,-2.319],[136.34,-2.289],[136.342,-2.283],[136.348,-2.272],[136.362,-2.252],[136.381,-2.234],[136.404,-2.22],[136.43,-2.211],[136.481,-2.211],[136.493,-2.207],[136.522,-2.191],[136.533,-2.19],[136.537,-2.199],[136.534,-2.213],[136.533,-2.226],[136.543,-2.231],[136.568,-2.233],[136.595,-2.238],[136.602,-2.25],[136.605,-2.252],[136.613,-2.251],[136.626,-2.246],[136.633,-2.245],[136.646,-2.246],[136.684,-2.259],[136.705,-2.238],[136.717,-2.239],[136.737,-2.249],[136.749,-2.252],[136.759,-2.249],[136.765,-2.242],[136.771,-2.235],[136.777,-2.231],[136.806,-2.227],[136.814,-2.224],[136.867,-2.188],[136.927,-2.176],[136.938,-2.173],[136.943,-2.164],[136.946,-2.152],[136.952,-2.142],[136.981,-2.127],[137.024,-2.118],[137.154,-2.112],[137.178,-2.106],[137.195,-2.097],[137.226,-2.074],[137.234,-2.061],[137.225,-2.039],[137.203,-2.019],[137.191,-2.005],[137.195,-1.998],[137.205,-1.993],[137.21,-1.979],[137.21,-1.963],[137.205,-1.95],[137.194,-1.944],[137.167,-1.934],[137.157,-1.929],[137.102,-1.888],[137.112,-1.875],[137.116,-1.854],[137.115,-1.809],[137.124,-1.797],[137.143,-1.787],[137.349,-1.71],[137.465,-1.642],[137.486,-1.633],[137.492,-1.628],[137.499,-1.621],[137.51,-1.604],[137.516,-1.601],[137.532,-1.598],[137.794,-1.484],[137.839,-1.471],[137.883,-1.47],[137.925,-1.484],[137.932,-1.491],[137.956,-1.518],[137.965,-1.523],[137.983,-1.542],[137.989,-1.546],[138.002,-1.548],[138.011,-1.552],[138.058,-1.599],[138.075,-1.61],[138.119,-1.617],[138.229,-1.649],[138.357,-1.71],[138.528,-1.758],[138.598,-1.77],[138.62,-1.778],[138.665,-1.789],[138.735,-1.844],[138.803,-1.921],[138.843,-1.95],[138.862,-1.956],[138.928,-1.957],[138.95,-1.96],[139.107,-2.013],[139.283,-2.122],[139.384,-2.156],[139.44,-2.186],[139.455,-2.19],[139.469,-2.195],[139.515,-2.231],[139.678,-2.293],[139.781,-2.355],[139.822,-2.367],[139.865,-2.372],[140.059,-2.354],[140.086,-2.344],[140.097,-2.324],[140.105,-2.32],[140.121,-2.327],[140.145,-2.341],[140.151,-2.337],[140.153,-2.322],[140.158,-2.321],[140.166,-2.325],[140.168,-2.332],[140.169,-2.339],[140.172,-2.347],[140.21,-2.402],[140.225,-2.405],[140.288,-2.431],[140.311,-2.447],[140.332,-2.456],[140.35,-2.443],[140.361,-2.45],[140.371,-2.449],[140.38,-2.441],[140.385,-2.429],[140.38,-2.42],[140.369,-2.412],[140.364,-2.405],[140.377,-2.395],[140.389,-2.397],[140.483,-2.432],[140.501,-2.436],[140.608,-2.439],[140.731,-2.491],[140.745,-2.499],[140.747,-2.517],[140.741,-2.55],[140.736,-2.564],[140.699,-2.608],[140.704,-2.617],[140.713,-2.627],[140.724,-2.634],[140.735,-2.635],[140.74,-2.628],[140.741,-2.616],[140.743,-2.606],[140.752,-2.601],[140.757,-2.604],[140.776,-2.618],[140.785,-2.621],[140.796,-2.619],[140.818,-2.611],[140.83,-2.608],[140.922,-2.608],[140.965,-2.601],[140.974,-2.601]]],[[[138.753,-6.778],[138.759,-6.792],[138.783,-6.814],[138.787,-6.83],[138.782,-6.839],[138.769,-6.849],[138.747,-6.863],[138.728,-6.868],[138.716,-6.865],[138.707,-6.859],[138.695,-6.856],[138.682,-6.848],[138.673,-6.81],[138.661,-6.802],[138.65,-6.797],[138.639,-6.787],[138.623,-6.767],[138.617,-6.748],[138.619,-6.729],[138.627,-6.72],[138.641,-6.731],[138.666,-6.75],[138.679,-6.758],[138.695,-6.761],[138.731,-6.763],[138.747,-6.768],[138.753,-6.778]]],[[[138.897,-8.337],[138.904,-8.352],[138.911,-8.375],[138.91,-8.396],[138.894,-8.405],[138.7,-8.395],[138.654,-8.376],[138.63,-8.371],[138.582,-8.373],[138.558,-8.367],[138.548,-8.347],[138.552,-8.323],[138.564,-8.307],[138.64,-8.257],[138.657,-8.241],[138.665,-8.224],[138.667,-8.203],[138.675,-8.189],[138.689,-8.181],[138.729,-8.177],[138.785,-8.159],[138.817,-8.162],[138.831,-8.186],[138.835,-8.219],[138.835,-8.251],[138.842,-8.277],[138.858,-8.297],[138.897,-8.337]]],[[[138.939,-7.542],[138.974,-7.553],[139.046,-7.562],[139.076,-7.576],[139.057,-7.595],[139.044,-7.611],[139.035,-7.63],[139.02,-7.672],[138.994,-7.72],[138.989,-7.738],[138.983,-7.83],[138.977,-7.841],[138.966,-7.851],[138.911,-7.879],[138.891,-7.898],[138.884,-7.933],[138.886,-8.007],[138.893,-8.041],[138.904,-8.076],[138.858,-8.075],[138.837,-8.08],[138.818,-8.093],[138.788,-8.13],[138.772,-8.143],[138.747,-8.152],[138.701,-8.154],[138.68,-8.157],[138.661,-8.169],[138.646,-8.189],[138.621,-8.234],[138.603,-8.255],[138.536,-8.302],[138.518,-8.309],[138.508,-8.316],[138.472,-8.358],[138.444,-8.379],[138.412,-8.396],[138.376,-8.41],[138.336,-8.419],[138.293,-8.419],[138.223,-8.392],[138.178,-8.385],[138.034,-8.382],[137.849,-8.378],[137.802,-8.383],[137.76,-8.394],[137.677,-8.426],[137.638,-8.426],[137.637,-8.389],[137.726,-8.145],[137.75,-8.101],[137.753,-8.087],[137.759,-8.073],[137.789,-8.052],[137.801,-8.042],[137.81,-7.984],[137.818,-7.973],[137.824,-7.964],[137.895,-7.816],[137.918,-7.782],[137.966,-7.739],[137.973,-7.723],[137.976,-7.703],[137.985,-7.679],[138.007,-7.638],[138.028,-7.61],[138.089,-7.56],[138.244,-7.456],[138.395,-7.405],[138.529,-7.386],[138.556,-7.377],[138.621,-7.365],[138.717,-7.36],[138.805,-7.374],[138.843,-7.422],[138.848,-7.435],[138.896,-7.505],[138.909,-7.52],[138.923,-7.532],[138.939,-7.542]]],[[[136.848,-1.765],[136.899,-1.795],[136.899,-1.799],[136.888,-1.803],[136.881,-1.816],[136.872,-1.819],[136.794,-1.821],[136.76,-1.826],[136.73,-1.826],[136.726,-1.83],[136.723,-1.84],[136.715,-1.847],[136.705,-1.852],[136.683,-1.856],[136.674,-1.862],[136.666,-1.868],[136.657,-1.874],[136.645,-1.876],[136.553,-1.867],[136.533,-1.868],[136.533,-1.874],[136.54,-1.88],[136.546,-1.889],[136.546,-1.898],[136.536,-1.902],[136.525,-1.9],[136.507,-1.891],[136.499,-1.888],[136.486,-1.888],[136.466,-1.894],[136.454,-1.895],[136.444,-1.893],[136.413,-1.881],[136.397,-1.878],[136.357,-1.864],[136.338,-1.861],[136.332,-1.863],[136.323,-1.872],[136.317,-1.874],[136.317,-1.875],[136.308,-1.876],[136.3,-1.876],[136.3,-1.874],[136.29,-1.88],[136.284,-1.887],[136.279,-1.896],[136.273,-1.909],[136.266,-1.909],[136.261,-1.897],[136.253,-1.892],[136.243,-1.894],[136.232,-1.902],[136.216,-1.873],[136.185,-1.856],[136.109,-1.84],[136.098,-1.839],[136.077,-1.841],[136.067,-1.84],[136.058,-1.835],[136.043,-1.822],[136.036,-1.819],[136.014,-1.818],[135.998,-1.814],[135.984,-1.808],[135.957,-1.792],[135.912,-1.772],[135.903,-1.769],[135.895,-1.758],[135.876,-1.754],[135.834,-1.752],[135.816,-1.745],[135.784,-1.728],[135.749,-1.724],[135.742,-1.72],[135.729,-1.707],[135.718,-1.703],[135.706,-1.705],[135.691,-1.71],[135.68,-1.705],[135.668,-1.694],[135.656,-1.69],[135.646,-1.693],[135.632,-1.7],[135.616,-1.704],[135.605,-1.7],[135.581,-1.684],[135.555,-1.683],[135.527,-1.686],[135.498,-1.683],[135.484,-1.675],[135.48,-1.666],[135.479,-1.655],[135.471,-1.642],[135.466,-1.64],[135.449,-1.643],[135.443,-1.642],[135.441,-1.636],[135.44,-1.627],[135.436,-1.618],[135.427,-1.614],[135.422,-1.611],[135.434,-1.603],[135.45,-1.597],[135.458,-1.597],[135.464,-1.59],[135.477,-1.59],[135.583,-1.614],[135.786,-1.628],[135.856,-1.644],[135.897,-1.648],[135.957,-1.632],[136.032,-1.652],[136.06,-1.642],[136.099,-1.655],[136.191,-1.654],[136.232,-1.662],[136.237,-1.666],[136.246,-1.678],[136.253,-1.683],[136.264,-1.684],[136.288,-1.682],[136.297,-1.686],[136.312,-1.698],[136.333,-1.71],[136.368,-1.724],[136.39,-1.726],[136.454,-1.717],[136.619,-1.738],[136.705,-1.731],[136.723,-1.734],[136.761,-1.748],[136.777,-1.752],[136.814,-1.754],[136.831,-1.758],[136.848,-1.765]]],[[[135.286,-1.477],[135.297,-1.48],[135.305,-1.485],[135.316,-1.488],[135.334,-1.484],[135.312,-1.51],[135.275,-1.522],[135.187,-1.526],[135.104,-1.518],[135.097,-1.509],[135.098,-1.489],[135.109,-1.474],[135.129,-1.477],[135.151,-1.483],[135.205,-1.478],[135.228,-1.488],[135.239,-1.49],[135.286,-1.477]]],[[[134.998,-1.019],[134.993,-1.033],[134.991,-1.049],[134.991,-1.083],[134.957,-1.129],[134.943,-1.134],[134.926,-1.136],[134.892,-1.135],[134.878,-1.131],[134.864,-1.121],[134.852,-1.109],[134.835,-1.071],[134.813,-1.05],[134.8,-1.028],[134.816,-1.001],[134.819,-0.996],[134.82,-0.977],[134.826,-0.966],[134.83,-0.961],[134.834,-0.957],[134.849,-0.944],[134.863,-0.938],[134.878,-0.936],[134.924,-0.95],[134.938,-0.958],[134.944,-0.967],[134.946,-0.975],[134.955,-0.991],[134.957,-1.001],[134.956,-1.009],[134.951,-1.024],[134.95,-1.035],[134.932,-1.058],[134.928,-1.072],[134.944,-1.08],[134.962,-1.071],[134.979,-1.028],[134.998,-1.019]]],[[[136.376,-1.094],[136.385,-1.108],[136.381,-1.123],[136.368,-1.136],[136.351,-1.142],[136.341,-1.147],[136.294,-1.183],[136.231,-1.193],[136.215,-1.199],[136.201,-1.208],[136.182,-1.215],[136.161,-1.221],[136.143,-1.223],[136.099,-1.216],[136.036,-1.176],[135.991,-1.169],[135.969,-1.173],[135.93,-1.186],[135.906,-1.189],[135.885,-1.183],[135.864,-1.168],[135.846,-1.148],[135.834,-1.129],[135.828,-1.108],[135.834,-1.049],[135.831,-1.04],[135.816,-1.02],[135.813,-1.015],[135.812,-1.004],[135.799,-0.97],[135.781,-0.873],[135.765,-0.839],[135.741,-0.819],[135.719,-0.825],[135.7,-0.845],[135.684,-0.867],[135.661,-0.887],[135.641,-0.882],[135.485,-0.757],[135.479,-0.769],[135.48,-0.78],[135.492,-0.805],[135.459,-0.793],[135.423,-0.762],[135.394,-0.723],[135.37,-0.653],[135.37,-0.636],[135.389,-0.628],[135.399,-0.631],[135.415,-0.649],[135.423,-0.655],[135.429,-0.655],[135.441,-0.652],[135.447,-0.652],[135.452,-0.654],[135.463,-0.661],[135.469,-0.664],[135.499,-0.672],[135.551,-0.677],[135.563,-0.676],[135.583,-0.667],[135.592,-0.675],[135.602,-0.696],[135.667,-0.683],[135.677,-0.686],[135.679,-0.691],[135.689,-0.709],[135.691,-0.72],[135.695,-0.73],[135.705,-0.727],[135.716,-0.719],[135.725,-0.716],[135.757,-0.739],[135.778,-0.749],[135.786,-0.74],[135.793,-0.729],[135.809,-0.714],[135.828,-0.701],[135.847,-0.696],[135.869,-0.704],[135.894,-0.721],[135.966,-0.796],[136.046,-0.853],[136.066,-0.872],[136.078,-0.9],[136.085,-0.91],[136.093,-0.919],[136.105,-0.928],[136.109,-0.94],[136.112,-0.954],[136.115,-0.963],[136.13,-0.978],[136.148,-0.991],[136.164,-1.005],[136.173,-1.031],[136.187,-1.05],[136.196,-1.067],[136.209,-1.064],[136.221,-1.057],[136.225,-1.053],[136.246,-1.049],[136.273,-1.047],[136.297,-1.054],[136.307,-1.076],[136.317,-1.086],[136.376,-1.094]]]]}},{"type":"Feature","id":"ID-PB","properties":{"id":"ID-PB","countryCode":"ID","isoSubdivision":"ID-PB","name":"West Papua","name_en":"West Papua","name_ko":"서파푸아","type":"Province","labelLongitude":132.825,"labelLatitude":-1.325,"minZoom":4.6},"geometry":{"type":"MultiPolygon","coordinates":[[[[132.703,-3.453],[132.71,-3.469],[132.715,-3.487],[132.713,-3.504],[132.703,-3.519],[132.69,-3.51],[132.679,-3.496],[132.671,-3.479],[132.666,-3.453],[132.661,-3.451],[132.644,-3.451],[132.637,-3.448],[132.62,-3.424],[132.627,-3.418],[132.644,-3.409],[132.652,-3.406],[132.667,-3.41],[132.681,-3.423],[132.703,-3.453]]],[[[134.873,-4.255],[134.861,-4.252],[134.823,-4.259],[134.82,-4.259],[134.81,-4.254],[134.792,-4.239],[134.74,-4.204],[134.733,-4.198],[134.731,-4.188],[134.726,-4.15],[134.724,-4.143],[134.706,-4.137],[134.681,-4.137],[134.658,-4.133],[134.648,-4.119],[134.655,-4.1],[134.688,-4.073],[134.697,-4.053],[134.694,-4.045],[134.681,-4.033],[134.676,-4.026],[134.675,-4.016],[134.679,-3.961],[134.688,-3.947],[134.703,-3.94],[134.724,-3.938],[134.741,-3.94],[134.782,-3.949],[134.864,-3.953],[134.882,-3.958],[134.907,-3.976],[134.916,-3.979],[134.928,-3.977],[134.936,-3.972],[134.941,-3.967],[134.947,-3.965],[134.967,-3.952],[134.971,-3.948],[134.968,-3.937],[134.96,-3.939],[134.951,-3.947],[134.944,-3.951],[134.931,-3.948],[134.924,-3.943],[134.921,-3.939],[134.923,-3.938],[134.921,-3.935],[134.921,-3.931],[134.92,-3.927],[134.916,-3.923],[134.908,-3.923],[134.902,-3.925],[134.896,-3.929],[134.889,-3.931],[134.845,-3.93],[134.77,-3.918],[134.692,-3.915],[134.686,-3.914],[134.676,-3.908],[134.67,-3.914],[134.666,-3.924],[134.662,-3.931],[134.634,-3.945],[134.62,-3.955],[134.615,-3.968],[134.612,-3.988],[134.602,-4.001],[134.587,-4.008],[134.533,-4.022],[134.525,-4.026],[134.509,-4.016],[134.484,-3.99],[134.464,-3.979],[134.478,-3.962],[134.467,-3.943],[134.447,-3.926],[134.437,-3.914],[134.43,-3.908],[134.417,-3.905],[134.392,-3.903],[134.375,-3.899],[134.334,-3.869],[134.351,-3.899],[134.36,-3.926],[134.349,-3.943],[134.306,-3.945],[134.306,-3.951],[134.319,-3.958],[134.33,-3.968],[134.337,-3.981],[134.34,-3.996],[134.327,-4.02],[134.315,-4.02],[134.309,-4.016],[134.306,-4.01],[134.303,-4.007],[134.293,-4],[134.284,-3.986],[134.272,-3.971],[134.254,-3.965],[134.235,-3.963],[134.211,-3.955],[134.191,-3.944],[134.183,-3.927],[134.181,-3.918],[134.176,-3.9],[134.175,-3.893],[134.17,-3.888],[134.16,-3.893],[134.148,-3.9],[134.141,-3.903],[134.134,-3.89],[134.144,-3.875],[134.186,-3.843],[134.193,-3.836],[134.191,-3.826],[134.173,-3.788],[134.162,-3.772],[134.147,-3.758],[134.127,-3.745],[134.122,-3.754],[134.123,-3.761],[134.126,-3.769],[134.127,-3.779],[134.126,-3.799],[134.122,-3.805],[134.11,-3.818],[134.092,-3.824],[134.074,-3.813],[134.057,-3.798],[134.039,-3.793],[134.023,-3.805],[133.999,-3.846],[133.988,-3.855],[133.971,-3.85],[133.959,-3.838],[133.913,-3.729],[133.896,-3.702],[133.853,-3.654],[133.844,-3.638],[133.84,-3.618],[133.841,-3.598],[133.838,-3.59],[133.83,-3.588],[133.823,-3.59],[133.813,-3.595],[133.804,-3.602],[133.799,-3.609],[133.795,-3.632],[133.803,-3.654],[133.814,-3.675],[133.823,-3.705],[133.829,-3.714],[133.829,-3.722],[133.816,-3.725],[133.81,-3.72],[133.799,-3.691],[133.79,-3.68],[133.778,-3.669],[133.763,-3.66],[133.748,-3.657],[133.733,-3.663],[133.717,-3.673],[133.703,-3.673],[133.696,-3.649],[133.707,-3.63],[133.71,-3.622],[133.708,-3.61],[133.698,-3.59],[133.69,-3.565],[133.648,-3.505],[133.641,-3.484],[133.642,-3.462],[133.653,-3.444],[133.679,-3.437],[133.697,-3.427],[133.702,-3.404],[133.7,-3.379],[133.683,-3.305],[133.683,-3.233],[133.691,-3.216],[133.71,-3.232],[133.714,-3.225],[133.716,-3.216],[133.717,-3.194],[133.722,-3.183],[133.736,-3.183],[133.758,-3.19],[133.771,-3.175],[133.784,-3.131],[133.803,-3.122],[133.823,-3.116],[133.846,-3.087],[133.864,-3.08],[133.883,-3.092],[133.899,-3.113],[133.914,-3.127],[133.929,-3.115],[133.924,-3.111],[133.919,-3.106],[133.917,-3.1],[133.916,-3.091],[133.912,-3.083],[133.904,-3.079],[133.895,-3.077],[133.888,-3.074],[133.879,-3.066],[133.87,-3.055],[133.864,-3.042],[133.861,-3.026],[133.863,-3.008],[133.878,-2.979],[133.882,-2.964],[133.88,-2.952],[133.874,-2.941],[133.867,-2.93],[133.861,-2.923],[133.844,-2.928],[133.826,-2.929],[133.818,-2.935],[133.83,-2.954],[133.828,-2.96],[133.815,-2.984],[133.809,-3.01],[133.802,-3.018],[133.734,-3.053],[133.72,-3.064],[133.691,-3.093],[133.668,-3.122],[133.656,-3.189],[133.663,-3.362],[133.628,-3.416],[133.614,-3.422],[133.559,-3.433],[133.551,-3.432],[133.546,-3.424],[133.528,-3.387],[133.525,-3.382],[133.514,-3.378],[133.513,-3.384],[133.519,-3.403],[133.519,-3.431],[133.512,-3.439],[133.491,-3.437],[133.491,-3.444],[133.511,-3.455],[133.551,-3.469],[133.569,-3.482],[133.582,-3.5],[133.59,-3.522],[133.592,-3.545],[133.586,-3.567],[133.576,-3.58],[133.559,-3.596],[133.54,-3.61],[133.522,-3.615],[133.506,-3.622],[133.409,-3.722],[133.397,-3.756],[133.409,-3.801],[133.44,-3.828],[133.456,-3.847],[133.453,-3.865],[133.443,-3.873],[133.421,-3.881],[133.412,-3.886],[133.403,-3.896],[133.388,-3.923],[133.269,-4.052],[133.251,-4.067],[133.211,-4.078],[133.164,-4.076],[133.079,-4.061],[133.052,-4.061],[133.035,-4.07],[133.007,-4.105],[132.99,-4.114],[132.969,-4.112],[132.918,-4.091],[132.912,-4.09],[132.908,-4.088],[132.902,-4.081],[132.896,-4.069],[132.897,-4.048],[132.891,-4.037],[132.881,-4.028],[132.859,-4.017],[132.85,-4.01],[132.841,-3.998],[132.832,-3.975],[132.826,-3.965],[132.817,-3.958],[132.806,-3.95],[132.796,-3.941],[132.792,-3.927],[132.796,-3.918],[132.807,-3.922],[132.826,-3.938],[132.826,-3.926],[132.825,-3.916],[132.802,-3.858],[132.788,-3.844],[132.785,-3.838],[132.786,-3.804],[132.785,-3.793],[132.731,-3.682],[132.73,-3.649],[132.756,-3.628],[132.797,-3.634],[132.842,-3.647],[132.881,-3.643],[132.89,-3.635],[132.891,-3.627],[132.888,-3.619],[132.888,-3.609],[132.892,-3.595],[132.896,-3.586],[132.912,-3.57],[132.928,-3.561],[132.932,-3.554],[132.925,-3.543],[132.915,-3.535],[132.908,-3.53],[132.901,-3.524],[132.895,-3.512],[132.881,-3.475],[132.872,-3.471],[132.85,-3.471],[132.832,-3.461],[132.821,-3.437],[132.813,-3.39],[132.812,-3.367],[132.819,-3.304],[132.812,-3.282],[132.794,-3.272],[132.774,-3.27],[132.741,-3.277],[132.734,-3.28],[132.73,-3.286],[132.729,-3.298],[132.738,-3.321],[132.733,-3.331],[132.714,-3.34],[132.692,-3.338],[132.671,-3.329],[132.654,-3.314],[132.649,-3.305],[132.634,-3.272],[132.626,-3.263],[132.603,-3.242],[132.602,-3.232],[132.616,-3.225],[132.63,-3.215],[132.627,-3.197],[132.621,-3.192],[132.596,-3.179],[132.589,-3.177],[132.582,-3.17],[132.573,-3.142],[132.569,-3.136],[132.563,-3.13],[132.559,-3.119],[132.553,-3.107],[132.541,-3.102],[132.534,-3.097],[132.515,-3.078],[132.507,-3.074],[132.496,-3.071],[132.488,-3.063],[132.482,-3.054],[132.476,-3.046],[132.366,-2.985],[132.34,-2.978],[132.342,-2.958],[132.326,-2.947],[132.278,-2.937],[132.267,-2.935],[132.233,-2.937],[132.22,-2.934],[132.209,-2.929],[132.2,-2.923],[132.188,-2.917],[132.185,-2.936],[132.169,-2.946],[132.151,-2.947],[132.141,-2.937],[132.131,-2.941],[132.123,-2.942],[132.115,-2.941],[132.106,-2.937],[132.111,-2.954],[132.101,-2.96],[132.075,-2.958],[132.073,-2.951],[132.058,-2.917],[132.039,-2.926],[131.997,-2.915],[131.982,-2.93],[131.976,-2.93],[131.978,-2.915],[131.985,-2.908],[131.994,-2.903],[132.003,-2.896],[132.013,-2.886],[132.018,-2.879],[132.024,-2.855],[132.006,-2.853],[131.99,-2.848],[131.99,-2.841],[132.004,-2.837],[132.022,-2.829],[132.038,-2.818],[132.044,-2.803],[132.035,-2.794],[132.013,-2.791],[131.966,-2.793],[131.958,-2.788],[131.973,-2.777],[132.01,-2.759],[132.027,-2.759],[132.044,-2.761],[132.058,-2.759],[132.065,-2.745],[132.074,-2.756],[132.082,-2.758],[132.084,-2.752],[132.078,-2.739],[132.088,-2.736],[132.13,-2.739],[132.156,-2.733],[132.181,-2.725],[132.16,-2.716],[132.111,-2.719],[132.113,-2.704],[132.121,-2.698],[132.162,-2.683],[132.181,-2.683],[132.195,-2.678],[132.202,-2.676],[132.312,-2.676],[132.326,-2.68],[132.367,-2.697],[132.382,-2.699],[132.416,-2.697],[132.408,-2.697],[132.413,-2.696],[132.428,-2.697],[132.424,-2.71],[132.43,-2.721],[132.433,-2.732],[132.421,-2.745],[132.438,-2.745],[132.46,-2.733],[132.476,-2.731],[132.476,-2.725],[132.469,-2.708],[132.485,-2.699],[132.506,-2.698],[132.517,-2.701],[132.525,-2.711],[132.544,-2.714],[132.567,-2.715],[132.586,-2.717],[132.621,-2.741],[132.679,-2.802],[132.716,-2.814],[132.728,-2.813],[132.737,-2.81],[132.755,-2.797],[132.764,-2.786],[132.777,-2.779],[132.835,-2.736],[132.853,-2.717],[132.903,-2.646],[132.928,-2.628],[132.949,-2.58],[133.008,-2.514],[133.017,-2.495],[133.034,-2.479],[133.112,-2.443],[133.138,-2.436],[133.144,-2.435],[133.152,-2.433],[133.159,-2.43],[133.165,-2.426],[133.173,-2.422],[133.18,-2.424],[133.188,-2.428],[133.196,-2.429],[133.213,-2.426],[133.24,-2.417],[133.258,-2.416],[133.312,-2.443],[133.318,-2.457],[133.321,-2.492],[133.326,-2.505],[133.338,-2.496],[133.354,-2.496],[133.369,-2.503],[133.381,-2.512],[133.39,-2.527],[133.392,-2.539],[133.388,-2.567],[133.388,-2.652],[133.381,-2.676],[133.403,-2.675],[133.408,-2.66],[133.402,-2.615],[133.405,-2.591],[133.411,-2.567],[133.438,-2.503],[133.446,-2.495],[133.457,-2.498],[133.459,-2.507],[133.457,-2.546],[133.461,-2.595],[133.459,-2.618],[133.45,-2.642],[133.465,-2.636],[133.473,-2.616],[133.477,-2.57],[133.475,-2.558],[133.471,-2.545],[133.469,-2.532],[133.473,-2.522],[133.485,-2.517],[133.493,-2.524],[133.497,-2.534],[133.509,-2.55],[133.512,-2.572],[133.519,-2.59],[133.538,-2.587],[133.54,-2.583],[133.54,-2.569],[133.542,-2.564],[133.547,-2.561],[133.56,-2.562],[133.566,-2.56],[133.586,-2.552],[133.595,-2.546],[133.607,-2.532],[133.615,-2.541],[133.622,-2.542],[133.628,-2.54],[133.634,-2.539],[133.641,-2.543],[133.667,-2.563],[133.673,-2.575],[133.675,-2.588],[133.676,-2.649],[133.672,-2.659],[133.668,-2.671],[133.682,-2.717],[133.692,-2.704],[133.692,-2.692],[133.69,-2.676],[133.689,-2.656],[133.693,-2.637],[133.707,-2.598],[133.71,-2.577],[133.71,-2.521],[133.713,-2.512],[133.735,-2.517],[133.747,-2.529],[133.764,-2.567],[133.785,-2.598],[133.799,-2.642],[133.811,-2.654],[133.817,-2.649],[133.819,-2.633],[133.82,-2.612],[133.828,-2.55],[133.823,-2.539],[133.822,-2.536],[133.809,-2.52],[133.806,-2.518],[133.804,-2.507],[133.805,-2.497],[133.81,-2.487],[133.82,-2.477],[133.802,-2.47],[133.767,-2.472],[133.751,-2.463],[133.741,-2.446],[133.747,-2.438],[133.763,-2.436],[133.782,-2.436],[133.826,-2.426],[133.85,-2.424],[133.861,-2.433],[133.866,-2.443],[133.893,-2.466],[133.902,-2.477],[133.908,-2.477],[133.896,-2.458],[133.876,-2.433],[133.866,-2.411],[133.885,-2.402],[133.955,-2.409],[133.987,-2.406],[134.005,-2.388],[133.949,-2.39],[133.921,-2.388],[133.899,-2.378],[133.895,-2.363],[133.945,-2.344],[133.964,-2.326],[133.938,-2.327],[133.893,-2.34],[133.867,-2.341],[133.867,-2.334],[133.914,-2.32],[133.934,-2.309],[133.95,-2.293],[133.957,-2.273],[133.96,-2.247],[133.957,-2.221],[133.95,-2.204],[133.94,-2.255],[133.929,-2.274],[133.908,-2.259],[133.902,-2.259],[133.874,-2.282],[133.855,-2.294],[133.84,-2.3],[133.823,-2.295],[133.807,-2.271],[133.796,-2.266],[133.792,-2.26],[133.799,-2.249],[133.813,-2.237],[133.848,-2.228],[133.863,-2.218],[133.875,-2.205],[133.882,-2.19],[133.901,-2.198],[133.917,-2.191],[133.932,-2.178],[133.95,-2.169],[133.943,-2.163],[133.931,-2.169],[133.913,-2.175],[133.898,-2.175],[133.895,-2.163],[133.9,-2.159],[133.922,-2.153],[133.929,-2.149],[133.933,-2.142],[133.935,-2.126],[133.94,-2.118],[133.94,-2.108],[133.922,-2.104],[133.899,-2.106],[133.885,-2.111],[133.879,-2.111],[133.869,-2.108],[133.858,-2.107],[133.854,-2.111],[133.839,-2.136],[133.833,-2.142],[133.824,-2.145],[133.808,-2.147],[133.799,-2.149],[133.773,-2.165],[133.764,-2.169],[133.726,-2.171],[133.71,-2.176],[133.703,-2.194],[133.696,-2.198],[133.679,-2.204],[133.662,-2.214],[133.654,-2.228],[133.652,-2.234],[133.646,-2.236],[133.638,-2.234],[133.631,-2.228],[133.623,-2.225],[133.613,-2.228],[133.594,-2.238],[133.597,-2.195],[133.594,-2.183],[133.577,-2.22],[133.565,-2.238],[133.549,-2.245],[133.533,-2.238],[133.521,-2.21],[133.504,-2.204],[133.504,-2.211],[133.515,-2.226],[133.5,-2.231],[133.476,-2.232],[133.446,-2.238],[133.407,-2.222],[133.388,-2.217],[133.342,-2.223],[133.317,-2.223],[133.306,-2.214],[133.296,-2.204],[133.274,-2.206],[133.231,-2.217],[133.192,-2.214],[133.169,-2.217],[133.135,-2.238],[133.112,-2.243],[133.066,-2.245],[133.02,-2.256],[132.981,-2.272],[132.944,-2.283],[132.902,-2.279],[132.84,-2.249],[132.816,-2.245],[132.793,-2.249],[132.771,-2.26],[132.699,-2.305],[132.689,-2.307],[132.681,-2.303],[132.676,-2.296],[132.669,-2.289],[132.658,-2.286],[132.637,-2.277],[132.627,-2.256],[132.621,-2.232],[132.614,-2.211],[132.603,-2.202],[132.583,-2.191],[132.56,-2.186],[132.541,-2.194],[132.524,-2.204],[132.455,-2.217],[132.385,-2.257],[132.348,-2.27],[132.306,-2.266],[132.281,-2.25],[132.265,-2.228],[132.252,-2.205],[132.236,-2.183],[132.215,-2.166],[132.073,-2.105],[132.048,-2.083],[132.044,-2.06],[132.053,-2.053],[132.08,-2.038],[132.086,-2.029],[132.091,-2.016],[132.102,-2.007],[132.127,-1.998],[132.1,-2.001],[132.053,-2.015],[132.027,-2.018],[132.003,-1.984],[131.983,-1.973],[131.973,-1.965],[131.969,-1.953],[131.971,-1.943],[131.975,-1.932],[131.977,-1.922],[131.972,-1.912],[131.965,-1.909],[131.957,-1.908],[131.949,-1.904],[131.942,-1.895],[131.938,-1.884],[131.942,-1.851],[131.941,-1.837],[131.938,-1.828],[131.928,-1.806],[131.949,-1.795],[131.963,-1.778],[131.975,-1.76],[131.99,-1.745],[132.007,-1.732],[132.018,-1.721],[132.022,-1.706],[132.018,-1.683],[132.019,-1.684],[132.02,-1.686],[132.022,-1.684],[132.024,-1.676],[132.001,-1.678],[131.968,-1.697],[131.927,-1.706],[131.917,-1.707],[131.91,-1.703],[131.9,-1.69],[131.901,-1.684],[131.906,-1.677],[131.909,-1.672],[131.901,-1.668],[131.895,-1.663],[131.889,-1.657],[131.887,-1.652],[131.894,-1.611],[131.897,-1.601],[131.911,-1.59],[131.914,-1.583],[131.921,-1.579],[131.949,-1.573],[131.956,-1.57],[131.976,-1.549],[131.982,-1.539],[131.964,-1.539],[131.906,-1.567],[131.88,-1.573],[131.889,-1.557],[131.883,-1.551],[131.871,-1.553],[131.859,-1.56],[131.821,-1.598],[131.805,-1.608],[131.798,-1.581],[131.806,-1.55],[131.811,-1.52],[131.791,-1.498],[131.79,-1.526],[131.784,-1.547],[131.772,-1.563],[131.75,-1.573],[131.723,-1.572],[131.708,-1.556],[131.707,-1.535],[131.723,-1.518],[131.704,-1.511],[131.685,-1.515],[131.666,-1.522],[131.647,-1.526],[131.629,-1.521],[131.614,-1.511],[131.589,-1.488],[131.573,-1.48],[131.553,-1.477],[131.52,-1.477],[131.514,-1.475],[131.508,-1.472],[131.5,-1.47],[131.49,-1.47],[131.478,-1.474],[131.469,-1.479],[131.466,-1.487],[131.469,-1.498],[131.457,-1.503],[131.446,-1.504],[131.437,-1.502],[131.428,-1.498],[131.405,-1.47],[131.401,-1.467],[131.397,-1.461],[131.39,-1.457],[131.387,-1.451],[131.397,-1.439],[131.402,-1.427],[131.395,-1.414],[131.384,-1.402],[131.373,-1.395],[131.342,-1.404],[131.322,-1.401],[131.277,-1.374],[131.275,-1.392],[131.292,-1.41],[131.335,-1.439],[131.337,-1.453],[131.324,-1.469],[131.305,-1.483],[131.292,-1.491],[131.257,-1.498],[131.225,-1.516],[131.206,-1.524],[131.198,-1.521],[131.193,-1.495],[131.187,-1.485],[131.178,-1.477],[131.167,-1.47],[131.126,-1.453],[131.086,-1.451],[131.004,-1.456],[130.977,-1.453],[130.96,-1.446],[130.951,-1.434],[130.948,-1.412],[130.953,-1.405],[130.986,-1.391],[131,-1.379],[131.004,-1.372],[131.03,-1.299],[131.028,-1.284],[131.03,-1.276],[131.041,-1.272],[131.042,-1.268],[131.057,-1.248],[131.074,-1.238],[131.155,-1.225],[131.182,-1.217],[131.189,-1.207],[131.202,-1.163],[131.232,-1.126],[131.236,-1.117],[131.24,-1.106],[131.254,-1.08],[131.257,-1.063],[131.254,-1.028],[131.257,-1.014],[131.271,-1.004],[131.266,-0.988],[131.271,-0.949],[131.264,-0.929],[131.27,-0.927],[131.292,-0.915],[131.25,-0.873],[131.235,-0.846],[131.243,-0.819],[131.332,-0.793],[131.374,-0.788],[131.388,-0.783],[131.399,-0.766],[131.427,-0.759],[131.438,-0.754],[131.45,-0.75],[131.488,-0.747],[131.496,-0.74],[131.503,-0.733],[131.518,-0.732],[131.534,-0.733],[131.545,-0.737],[131.523,-0.762],[131.517,-0.774],[131.517,-0.785],[131.533,-0.783],[131.553,-0.777],[131.571,-0.769],[131.579,-0.761],[131.59,-0.757],[131.78,-0.719],[131.863,-0.692],[131.876,-0.69],[131.884,-0.682],[131.908,-0.634],[131.952,-0.589],[131.979,-0.567],[132.003,-0.552],[132.056,-0.534],[132.069,-0.532],[132.075,-0.523],[132.092,-0.483],[132.1,-0.47],[132.151,-0.436],[132.166,-0.432],[132.2,-0.415],[132.237,-0.402],[132.27,-0.385],[132.288,-0.381],[132.313,-0.379],[132.397,-0.353],[132.437,-0.347],[132.679,-0.369],[132.709,-0.36],[132.905,-0.453],[132.925,-0.456],[132.937,-0.454],[132.96,-0.442],[132.975,-0.445],[132.979,-0.452],[132.979,-0.461],[132.983,-0.47],[133,-0.481],[133.034,-0.497],[133.048,-0.508],[133.057,-0.511],[133.07,-0.512],[133.09,-0.511],[133.095,-0.514],[133.107,-0.528],[133.113,-0.532],[133.123,-0.533],[133.145,-0.531],[133.155,-0.532],[133.289,-0.629],[133.315,-0.654],[133.326,-0.679],[133.336,-0.69],[133.379,-0.718],[133.392,-0.723],[133.558,-0.744],[133.563,-0.745],[133.567,-0.748],[133.573,-0.751],[133.579,-0.751],[133.586,-0.737],[133.592,-0.732],[133.598,-0.727],[133.605,-0.726],[133.617,-0.734],[133.633,-0.742],[133.656,-0.747],[133.745,-0.751],[133.759,-0.745],[133.751,-0.731],[133.76,-0.721],[133.774,-0.717],[133.79,-0.719],[133.806,-0.723],[133.812,-0.728],[133.83,-0.744],[133.838,-0.743],[133.851,-0.739],[133.907,-0.731],[133.948,-0.732],[133.964,-0.73],[133.977,-0.723],[133.995,-0.733],[134.056,-0.795],[134.067,-0.802],[134.089,-0.808],[134.101,-0.813],[134.109,-0.82],[134.125,-0.839],[134.135,-0.847],[134.164,-0.858],[134.172,-0.864],[134.171,-0.876],[134.152,-0.883],[134.089,-0.89],[134.074,-0.895],[134.068,-0.907],[134.067,-0.932],[134.059,-0.948],[134.045,-0.951],[134.036,-0.958],[134.078,-1.046],[134.091,-1.063],[134.095,-1.072],[134.098,-1.093],[134.104,-1.104],[134.112,-1.115],[134.127,-1.148],[134.141,-1.166],[134.16,-1.184],[134.178,-1.197],[134.193,-1.203],[134.204,-1.213],[134.267,-1.33],[134.282,-1.35],[134.239,-1.416],[134.23,-1.436],[134.23,-1.477],[134.221,-1.544],[134.216,-1.56],[134.207,-1.573],[134.154,-1.628],[134.139,-1.638],[134.126,-1.652],[134.117,-1.655],[134.105,-1.657],[134.096,-1.663],[134.09,-1.672],[134.087,-1.683],[134.089,-1.697],[134.104,-1.738],[134.145,-1.939],[134.15,-2.015],[134.149,-2.025],[134.15,-2.029],[134.153,-2.034],[134.156,-2.039],[134.155,-2.046],[134.151,-2.047],[134.144,-2.046],[134.138,-2.045],[134.135,-2.05],[134.12,-2.114],[134.121,-2.135],[134.126,-2.145],[134.142,-2.155],[134.149,-2.163],[134.152,-2.175],[134.152,-2.185],[134.15,-2.195],[134.149,-2.207],[134.152,-2.228],[134.166,-2.26],[134.169,-2.279],[134.163,-2.302],[134.162,-2.31],[134.165,-2.32],[134.179,-2.336],[134.183,-2.344],[134.186,-2.362],[134.193,-2.379],[134.204,-2.395],[134.217,-2.409],[134.259,-2.441],[134.271,-2.465],[134.284,-2.479],[134.3,-2.492],[134.313,-2.498],[134.319,-2.505],[134.33,-2.522],[134.338,-2.542],[134.345,-2.577],[134.364,-2.618],[134.362,-2.635],[134.381,-2.654],[134.391,-2.681],[134.402,-2.745],[134.409,-2.755],[134.421,-2.766],[134.432,-2.779],[134.44,-2.808],[134.464,-2.855],[134.464,-2.862],[134.489,-2.861],[134.506,-2.854],[134.533,-2.834],[134.527,-2.822],[134.519,-2.779],[134.515,-2.77],[134.503,-2.751],[134.499,-2.739],[134.498,-2.725],[134.5,-2.697],[134.499,-2.683],[134.495,-2.67],[134.481,-2.645],[134.478,-2.635],[134.474,-2.607],[134.474,-2.581],[134.478,-2.558],[134.484,-2.539],[134.496,-2.518],[134.509,-2.508],[134.554,-2.491],[134.541,-2.487],[134.535,-2.479],[134.536,-2.47],[134.546,-2.463],[134.556,-2.465],[134.577,-2.481],[134.584,-2.485],[134.604,-2.488],[134.623,-2.498],[134.638,-2.511],[134.648,-2.525],[134.658,-2.563],[134.667,-2.826],[134.67,-2.838],[134.666,-2.841],[134.485,-2.987],[134.47,-2.995],[134.457,-3.003],[134.448,-3.013],[134.445,-3.024],[134.452,-3.066],[134.451,-3.078],[134.423,-3.115],[134.332,-3.19],[134.306,-3.221],[134.282,-3.257],[134.255,-3.308],[134.237,-3.353],[134.234,-3.384],[134.258,-3.399],[135.265,-3.76],[134.874,-4.254],[134.873,-4.255]]],[[[133.558,-4.232],[133.609,-4.292],[133.628,-4.3],[133.604,-4.301],[133.579,-4.278],[133.555,-4.252],[133.535,-4.239],[133.523,-4.24],[133.5,-4.245],[133.488,-4.246],[133.47,-4.246],[133.46,-4.244],[133.451,-4.238],[133.436,-4.225],[133.423,-4.217],[133.399,-4.21],[133.388,-4.205],[133.377,-4.194],[133.369,-4.182],[133.36,-4.174],[133.344,-4.171],[133.331,-4.165],[133.324,-4.153],[133.32,-4.138],[133.319,-4.124],[133.324,-4.108],[133.334,-4.109],[133.408,-4.16],[133.413,-4.162],[133.419,-4.163],[133.421,-4.166],[133.427,-4.18],[133.429,-4.184],[133.446,-4.197],[133.456,-4.202],[133.467,-4.205],[133.494,-4.207],[133.52,-4.212],[133.541,-4.221],[133.558,-4.232]]],[[[131.599,-2.635],[131.626,-2.62],[131.64,-2.614],[131.655,-2.613],[131.644,-2.629],[131.623,-2.644],[131.598,-2.654],[131.579,-2.656],[131.573,-2.651],[131.579,-2.645],[131.599,-2.635]]],[[[134.581,-2.416],[134.584,-2.438],[134.58,-2.445],[134.567,-2.45],[134.55,-2.451],[134.537,-2.446],[134.534,-2.436],[134.546,-2.423],[134.521,-2.407],[134.524,-2.392],[134.554,-2.367],[134.56,-2.351],[134.564,-2.33],[134.567,-2.293],[134.577,-2.299],[134.581,-2.308],[134.582,-2.32],[134.581,-2.333],[134.581,-2.416]]],[[[134.385,-2.004],[134.397,-2.006],[134.411,-2.012],[134.422,-2.022],[134.427,-2.033],[134.426,-2.04],[134.424,-2.046],[134.397,-2.092],[134.39,-2.131],[134.377,-2.15],[134.36,-2.153],[134.34,-2.135],[134.332,-2.111],[134.333,-2.083],[134.34,-2.056],[134.351,-2.033],[134.357,-2.023],[134.365,-2.014],[134.374,-2.007],[134.385,-2.004]]],[[[134.236,-1.739],[134.248,-1.744],[134.25,-1.761],[134.245,-1.796],[134.236,-1.799],[134.22,-1.813],[134.208,-1.827],[134.224,-1.849],[134.212,-1.884],[134.192,-1.921],[134.175,-1.943],[134.162,-1.895],[134.162,-1.878],[134.169,-1.83],[134.227,-1.744],[134.236,-1.739]]],[[[130.386,-1.888],[130.355,-1.912],[130.344,-1.928],[130.434,-1.963],[130.437,-1.976],[130.43,-1.98],[130.418,-1.981],[130.406,-1.984],[130.398,-1.99],[130.394,-1.995],[130.39,-2.001],[130.383,-2.008],[130.374,-2.013],[130.365,-2.009],[130.358,-2.002],[130.348,-1.998],[130.34,-1.993],[130.34,-1.983],[130.342,-1.974],[130.345,-1.97],[130.343,-1.965],[130.341,-1.955],[130.338,-1.95],[130.327,-1.961],[130.309,-1.991],[130.301,-1.998],[130.287,-2.005],[130.275,-2.019],[130.265,-2.035],[130.256,-2.046],[130.223,-2.058],[130.154,-2.059],[130.126,-2.067],[130.119,-2.059],[130.113,-2.053],[130.106,-2.049],[130.098,-2.046],[130.109,-2.04],[130.113,-2.039],[130.087,-2.026],[130.066,-2.023],[130.013,-2.025],[129.969,-2.005],[129.926,-2.004],[129.917,-2.002],[129.904,-1.993],[129.873,-1.982],[129.856,-1.969],[129.841,-1.964],[129.834,-1.96],[129.816,-1.941],[129.811,-1.936],[129.768,-1.918],[129.744,-1.912],[129.733,-1.904],[129.715,-1.881],[129.745,-1.863],[129.873,-1.819],[129.876,-1.816],[129.877,-1.812],[129.878,-1.808],[129.879,-1.806],[129.895,-1.797],[129.905,-1.794],[129.939,-1.789],[129.959,-1.781],[130.012,-1.75],[130.031,-1.744],[130.052,-1.739],[130.096,-1.735],[130.137,-1.725],[130.16,-1.724],[130.22,-1.736],[130.232,-1.734],[130.248,-1.719],[130.268,-1.705],[130.289,-1.692],[130.322,-1.679],[130.332,-1.677],[130.343,-1.677],[130.353,-1.68],[130.357,-1.695],[130.352,-1.741],[130.406,-1.779],[130.418,-1.794],[130.431,-1.815],[130.44,-1.836],[130.438,-1.851],[130.428,-1.856],[130.42,-1.856],[130.416,-1.858],[130.412,-1.882],[130.406,-1.885],[130.397,-1.885],[130.386,-1.888]]],[[[129.954,-1.163],[129.961,-1.176],[129.953,-1.19],[129.927,-1.21],[129.925,-1.205],[129.923,-1.201],[129.921,-1.196],[129.92,-1.189],[129.882,-1.22],[129.859,-1.233],[129.831,-1.237],[129.873,-1.21],[129.879,-1.203],[129.874,-1.197],[129.862,-1.2],[129.85,-1.207],[129.845,-1.21],[129.833,-1.212],[129.763,-1.21],[129.744,-1.2],[129.749,-1.186],[129.767,-1.172],[129.859,-1.142],[129.879,-1.142],[129.896,-1.154],[129.917,-1.156],[129.938,-1.157],[129.954,-1.163]]],[[[131.057,-1.001],[131.059,-1.005],[131.069,-1.021],[131.072,-1.032],[131.073,-1.078],[131.037,-1.226],[131.015,-1.269],[131.01,-1.289],[131.007,-1.311],[130.998,-1.332],[130.983,-1.349],[130.962,-1.354],[130.948,-1.348],[130.932,-1.327],[130.921,-1.32],[130.908,-1.321],[130.895,-1.329],[130.879,-1.34],[130.863,-1.337],[130.853,-1.331],[130.829,-1.291],[130.82,-1.282],[130.797,-1.264],[130.77,-1.248],[130.758,-1.238],[130.75,-1.223],[130.749,-1.217],[130.75,-1.203],[130.75,-1.196],[130.746,-1.19],[130.742,-1.186],[130.738,-1.184],[130.736,-1.183],[130.732,-1.168],[130.731,-1.158],[130.729,-1.151],[130.722,-1.142],[130.712,-1.133],[130.703,-1.127],[130.696,-1.121],[130.688,-1.107],[130.71,-1.093],[130.712,-1.07],[130.702,-1.045],[130.688,-1.025],[130.649,-0.988],[130.65,-0.974],[130.681,-0.957],[130.79,-0.929],[130.831,-0.907],[130.869,-0.894],[130.892,-0.89],[130.913,-0.894],[130.929,-0.912],[130.935,-0.926],[130.94,-0.932],[130.945,-0.932],[130.961,-0.923],[130.98,-0.918],[131.027,-0.914],[131.031,-0.913],[131.035,-0.915],[131.044,-0.922],[131.053,-0.932],[131.075,-0.967],[131.076,-0.974],[131.062,-0.99],[131.057,-1.001]]],[[[130.917,-0.778],[130.925,-0.781],[130.917,-0.786],[130.905,-0.79],[130.9,-0.791],[130.891,-0.795],[130.882,-0.796],[130.876,-0.799],[130.873,-0.809],[130.877,-0.818],[130.884,-0.82],[130.892,-0.82],[130.894,-0.826],[130.89,-0.833],[130.882,-0.84],[130.872,-0.845],[130.848,-0.851],[130.819,-0.87],[130.801,-0.875],[130.762,-0.877],[130.618,-0.908],[130.543,-0.914],[130.51,-0.922],[130.51,-0.915],[130.52,-0.911],[130.524,-0.909],[130.504,-0.907],[130.487,-0.904],[130.475,-0.906],[130.469,-0.922],[130.462,-0.922],[130.453,-0.911],[130.437,-0.913],[130.4,-0.929],[130.409,-0.912],[130.428,-0.903],[130.441,-0.893],[130.434,-0.875],[130.448,-0.861],[130.448,-0.819],[130.462,-0.805],[130.461,-0.816],[130.462,-0.819],[130.469,-0.819],[130.471,-0.807],[130.479,-0.8],[130.49,-0.799],[130.503,-0.805],[130.495,-0.828],[130.519,-0.84],[130.551,-0.834],[130.565,-0.805],[130.574,-0.81],[130.58,-0.816],[130.585,-0.823],[130.586,-0.833],[130.616,-0.812],[130.631,-0.806],[130.647,-0.813],[130.645,-0.814],[130.644,-0.815],[130.643,-0.816],[130.641,-0.819],[130.654,-0.824],[130.664,-0.821],[130.672,-0.815],[130.681,-0.813],[130.695,-0.815],[130.719,-0.824],[130.733,-0.826],[130.758,-0.819],[130.78,-0.806],[130.8,-0.801],[130.818,-0.819],[130.819,-0.81],[130.818,-0.806],[130.811,-0.799],[130.817,-0.788],[130.801,-0.77],[130.804,-0.757],[130.812,-0.765],[130.82,-0.767],[130.839,-0.768],[130.852,-0.769],[130.857,-0.769],[130.874,-0.765],[130.879,-0.765],[130.889,-0.768],[130.906,-0.777],[130.917,-0.778]]],[[[130.678,-0.436],[130.686,-0.449],[130.688,-0.463],[130.683,-0.477],[130.655,-0.517],[130.641,-0.528],[130.596,-0.539],[130.581,-0.539],[130.572,-0.532],[130.584,-0.524],[130.598,-0.491],[130.597,-0.465],[130.565,-0.477],[130.562,-0.481],[130.558,-0.495],[130.554,-0.501],[130.548,-0.505],[130.534,-0.51],[130.527,-0.514],[130.517,-0.518],[130.462,-0.525],[130.47,-0.514],[130.482,-0.509],[130.493,-0.503],[130.496,-0.49],[130.481,-0.496],[130.469,-0.49],[130.461,-0.478],[130.455,-0.464],[130.464,-0.466],[130.469,-0.467],[130.472,-0.47],[130.476,-0.477],[130.482,-0.465],[130.494,-0.45],[130.505,-0.441],[130.51,-0.446],[130.513,-0.462],[130.522,-0.469],[130.535,-0.469],[130.55,-0.464],[130.559,-0.456],[130.57,-0.444],[130.582,-0.433],[130.606,-0.427],[130.61,-0.423],[130.613,-0.418],[130.617,-0.413],[130.625,-0.41],[130.632,-0.411],[130.646,-0.419],[130.67,-0.43],[130.678,-0.436]]],[[[131.298,-0.237],[131.307,-0.251],[131.339,-0.278],[131.345,-0.288],[131.34,-0.296],[131.317,-0.3],[131.311,-0.309],[131.307,-0.321],[131.297,-0.329],[131.287,-0.337],[131.284,-0.354],[131.279,-0.352],[131.268,-0.349],[131.264,-0.346],[131.262,-0.368],[131.253,-0.384],[131.238,-0.389],[131.219,-0.378],[131.181,-0.346],[131.158,-0.333],[131.147,-0.336],[131.143,-0.332],[131.113,-0.332],[131.104,-0.328],[131.102,-0.324],[131.098,-0.323],[131.085,-0.326],[131.07,-0.333],[131.023,-0.367],[131.022,-0.353],[131.016,-0.35],[130.996,-0.354],[130.996,-0.355],[130.991,-0.357],[130.984,-0.359],[130.979,-0.36],[130.97,-0.358],[130.958,-0.349],[130.952,-0.346],[130.931,-0.315],[130.905,-0.298],[130.9,-0.291],[130.907,-0.285],[130.893,-0.264],[130.879,-0.254],[130.863,-0.251],[130.834,-0.249],[130.817,-0.245],[130.808,-0.244],[130.797,-0.239],[130.794,-0.228],[130.797,-0.209],[130.792,-0.19],[130.785,-0.179],[130.73,-0.13],[130.719,-0.114],[130.716,-0.093],[130.707,-0.096],[130.701,-0.096],[130.688,-0.093],[130.693,-0.086],[130.696,-0.08],[130.677,-0.078],[130.65,-0.08],[130.625,-0.085],[130.613,-0.093],[130.637,-0.099],[130.647,-0.104],[130.654,-0.114],[130.636,-0.113],[130.626,-0.126],[130.629,-0.141],[130.665,-0.154],[130.682,-0.17],[130.718,-0.217],[130.739,-0.256],[130.743,-0.275],[130.751,-0.288],[130.793,-0.307],[130.811,-0.319],[130.815,-0.302],[130.82,-0.294],[130.828,-0.291],[130.872,-0.293],[130.887,-0.296],[130.894,-0.302],[130.897,-0.312],[130.904,-0.318],[130.913,-0.321],[130.921,-0.326],[130.93,-0.336],[130.94,-0.356],[130.948,-0.367],[130.94,-0.371],[130.931,-0.379],[130.924,-0.389],[130.921,-0.398],[130.917,-0.406],[130.907,-0.413],[130.865,-0.429],[130.779,-0.445],[130.756,-0.446],[130.733,-0.442],[130.716,-0.428],[130.706,-0.41],[130.681,-0.34],[130.694,-0.331],[130.696,-0.318],[130.693,-0.303],[130.688,-0.291],[130.609,-0.314],[130.579,-0.334],[130.565,-0.374],[130.572,-0.374],[130.582,-0.366],[130.579,-0.384],[130.562,-0.427],[130.554,-0.434],[130.547,-0.436],[130.544,-0.432],[130.546,-0.42],[130.558,-0.387],[130.541,-0.383],[130.541,-0.368],[130.545,-0.348],[130.544,-0.326],[130.538,-0.317],[130.522,-0.302],[130.516,-0.291],[130.517,-0.283],[130.522,-0.275],[130.527,-0.267],[130.524,-0.258],[130.507,-0.25],[130.486,-0.255],[130.455,-0.271],[130.451,-0.274],[130.445,-0.283],[130.441,-0.285],[130.436,-0.283],[130.432,-0.274],[130.428,-0.271],[130.408,-0.27],[130.4,-0.268],[130.393,-0.264],[130.382,-0.276],[130.376,-0.275],[130.371,-0.268],[130.366,-0.264],[130.339,-0.263],[130.338,-0.264],[130.316,-0.26],[130.311,-0.258],[130.307,-0.252],[130.305,-0.243],[130.301,-0.234],[130.294,-0.23],[130.265,-0.225],[130.232,-0.213],[130.217,-0.201],[130.242,-0.196],[130.25,-0.197],[130.268,-0.206],[130.277,-0.209],[130.28,-0.209],[130.303,-0.209],[130.304,-0.209],[130.339,-0.203],[130.357,-0.202],[130.369,-0.206],[130.384,-0.214],[130.399,-0.214],[130.413,-0.208],[130.424,-0.199],[130.43,-0.186],[130.417,-0.184],[130.398,-0.183],[130.386,-0.175],[130.403,-0.17],[130.412,-0.157],[130.414,-0.142],[130.406,-0.127],[130.398,-0.146],[130.385,-0.157],[130.374,-0.156],[130.372,-0.134],[130.366,-0.134],[130.361,-0.143],[130.355,-0.147],[130.347,-0.145],[130.338,-0.14],[130.341,-0.154],[130.348,-0.168],[130.351,-0.18],[130.345,-0.189],[130.333,-0.188],[130.317,-0.182],[130.303,-0.173],[130.297,-0.165],[130.294,-0.152],[130.28,-0.131],[130.277,-0.117],[130.281,-0.105],[130.291,-0.099],[130.304,-0.1],[130.318,-0.107],[130.323,-0.103],[130.329,-0.097],[130.334,-0.089],[130.338,-0.08],[130.343,-0.094],[130.345,-0.109],[130.348,-0.122],[130.359,-0.127],[130.369,-0.122],[130.369,-0.108],[130.364,-0.092],[130.359,-0.08],[130.381,-0.074],[130.394,-0.083],[130.407,-0.097],[130.428,-0.107],[130.423,-0.086],[130.421,-0.08],[130.428,-0.08],[130.43,-0.087],[130.434,-0.093],[130.478,-0.075],[130.499,-0.063],[130.51,-0.045],[130.52,-0.05],[130.528,-0.056],[130.544,-0.073],[130.545,-0.069],[130.55,-0.058],[130.553,-0.063],[130.556,-0.068],[130.558,-0.073],[130.561,-0.066],[130.572,-0.045],[130.575,-0.049],[130.586,-0.058],[130.595,-0.047],[130.623,-0.052],[130.641,-0.045],[130.661,-0.045],[130.691,-0.036],[130.716,-0.033],[130.722,-0.052],[130.736,-0.047],[130.765,-0.05],[130.784,-0.045],[130.777,-0.037],[130.769,-0.033],[130.76,-0.031],[130.75,-0.031],[130.761,-0.018],[130.779,-0.009],[130.801,-0.004],[130.825,-0.004],[130.962,-0.045],[130.967,-0.048],[130.97,-0.054],[130.974,-0.057],[130.979,-0.055],[130.987,-0.048],[130.991,-0.046],[131.02,-0.039],[131.027,-0.038],[131.045,-0.038],[131.056,-0.041],[131.058,-0.049],[131.044,-0.065],[131.06,-0.066],[131.086,-0.072],[131.114,-0.074],[131.127,-0.076],[131.154,-0.086],[131.162,-0.092],[131.17,-0.102],[131.18,-0.11],[131.192,-0.114],[131.197,-0.119],[131.202,-0.13],[131.212,-0.138],[131.23,-0.134],[131.234,-0.138],[131.239,-0.14],[131.254,-0.14],[131.264,-0.143],[131.269,-0.148],[131.274,-0.152],[131.297,-0.159],[131.306,-0.171],[131.318,-0.203],[131.305,-0.218],[131.299,-0.227],[131.298,-0.237]]],[[[134.31,0.756],[134.327,0.766],[134.343,0.765],[134.347,0.752],[134.339,0.738],[134.323,0.731],[134.305,0.733],[134.3,0.743],[134.31,0.756]]],[[[131.236,1.019],[131.237,1.025],[131.245,1.035],[131.244,1.03],[131.236,1.019]]],[[[131.256,1.069],[131.264,1.076],[131.271,1.072],[131.27,1.061],[131.265,1.053],[131.255,1.044],[131.254,1.053],[131.256,1.069]]],[[[133.592,-2.462],[133.605,-2.468],[133.606,-2.489],[133.585,-2.513],[133.563,-2.513],[133.562,-2.509],[133.557,-2.504],[133.523,-2.488],[133.514,-2.476],[133.507,-2.46],[133.498,-2.446],[133.49,-2.431],[133.506,-2.424],[133.539,-2.44],[133.554,-2.45],[133.554,-2.443],[133.56,-2.443],[133.571,-2.451],[133.584,-2.459],[133.592,-2.462]]],[[[129.902,-0.408],[129.91,-0.414],[129.916,-0.427],[129.914,-0.443],[129.909,-0.449],[129.903,-0.459],[129.897,-0.479],[129.888,-0.495],[129.878,-0.502],[129.864,-0.499],[129.851,-0.482],[129.844,-0.462],[129.844,-0.444],[129.849,-0.432],[129.855,-0.427],[129.86,-0.423],[129.874,-0.415],[129.892,-0.409],[129.902,-0.408]]]]}},{"type":"Feature","id":"ID-RI","properties":{"id":"ID-RI","countryCode":"ID","isoSubdivision":"ID-RI","name":"Riau","name_en":"Riau","name_ko":"리아우","type":"Province","labelLongitude":101.745,"labelLatitude":0.397,"minZoom":4.6},"geometry":{"type":"MultiPolygon","coordinates":[[[[102.839,0.291],[102.855,0.303],[102.885,0.315],[102.914,0.32],[102.927,0.311],[102.908,0.299],[102.875,0.284],[102.847,0.278],[102.839,0.291]]],[[[103.08,0.624],[103.084,0.609],[103.085,0.6],[103.085,0.592],[103.081,0.579],[103.077,0.575],[103.071,0.577],[103.064,0.585],[103.058,0.596],[103.046,0.628],[103.043,0.64],[103.041,0.647],[103.037,0.653],[103.037,0.658],[103.043,0.661],[103.055,0.659],[103.066,0.649],[103.074,0.636],[103.08,0.624]]],[[[103.113,0.793],[103.121,0.78],[103.116,0.758],[103.105,0.735],[103.092,0.722],[103.086,0.725],[103.081,0.734],[103.077,0.746],[103.076,0.753],[103.077,0.761],[103.08,0.769],[103.085,0.776],[103.095,0.786],[103.1,0.79],[103.107,0.793],[103.113,0.793]]],[[[100.314,2.555],[100.314,2.554],[100.382,2.355],[100.405,2.313],[100.434,2.273],[100.507,2.199],[100.561,2.157],[100.618,2.129],[100.666,2.134],[100.789,2.049],[100.813,2.04],[100.832,2.016],[100.841,2.011],[100.856,1.999],[100.872,1.972],[100.886,1.941],[100.892,1.918],[100.896,1.886],[100.906,1.857],[100.923,1.835],[100.947,1.825],[100.942,1.842],[100.946,1.861],[100.948,1.883],[100.937,1.905],[100.924,1.923],[100.916,1.945],[100.906,1.99],[100.886,2.036],[100.823,2.116],[100.803,2.162],[100.8,2.209],[100.813,2.25],[100.841,2.281],[100.886,2.298],[100.908,2.3],[101.05,2.291],[101.059,2.28],[101.056,2.241],[101.067,2.22],[101.182,2.145],[101.3,2.047],[101.317,2.025],[101.326,2.002],[101.327,1.981],[101.323,1.939],[101.327,1.916],[101.351,1.86],[101.378,1.773],[101.397,1.736],[101.427,1.709],[101.494,1.679],[101.53,1.671],[101.567,1.656],[101.592,1.655],[101.674,1.67],[101.712,1.671],[101.749,1.662],[101.779,1.644],[102.021,1.438],[102.118,1.387],[102.143,1.358],[102.153,1.311],[102.147,1.273],[102.147,1.248],[102.157,1.236],[102.173,1.231],[102.187,1.217],[102.197,1.2],[102.201,1.182],[102.193,1.104],[102.194,1.066],[102.209,1.024],[102.24,0.982],[102.321,0.917],[102.425,0.804],[102.464,0.774],[102.51,0.75],[102.532,0.742],[102.552,0.738],[102.595,0.736],[102.616,0.738],[102.648,0.748],[102.667,0.75],[102.781,0.731],[102.877,0.726],[102.918,0.708],[102.954,0.676],[103.056,0.558],[103.084,0.516],[103.092,0.469],[103.075,0.442],[103.037,0.421],[102.961,0.387],[102.921,0.357],[102.899,0.344],[102.862,0.336],[102.746,0.278],[102.732,0.267],[102.716,0.258],[102.646,0.243],[102.628,0.234],[102.62,0.229],[102.612,0.222],[102.592,0.186],[102.582,0.181],[102.555,0.186],[102.537,0.2],[102.503,0.236],[102.486,0.243],[102.46,0.248],[102.437,0.249],[102.43,0.246],[102.44,0.239],[102.449,0.236],[102.472,0.236],[102.481,0.234],[102.487,0.229],[102.496,0.216],[102.518,0.193],[102.546,0.169],[102.578,0.159],[102.612,0.174],[102.619,0.182],[102.628,0.196],[102.633,0.202],[102.644,0.21],[102.668,0.219],[102.678,0.226],[102.695,0.232],[102.742,0.227],[102.763,0.229],[102.818,0.254],[102.886,0.261],[102.903,0.268],[102.973,0.313],[102.992,0.318],[103.008,0.325],[103.058,0.373],[103.076,0.383],[103.099,0.392],[103.123,0.398],[103.144,0.4],[103.166,0.408],[103.181,0.426],[103.202,0.469],[103.224,0.488],[103.28,0.499],[103.308,0.513],[103.336,0.532],[103.362,0.536],[103.39,0.53],[103.421,0.516],[103.481,0.482],[103.541,0.435],[103.588,0.377],[103.606,0.311],[103.618,0.33],[103.625,0.34],[103.634,0.346],[103.645,0.345],[103.656,0.34],[103.665,0.335],[103.69,0.326],[103.711,0.311],[103.73,0.293],[103.743,0.277],[103.76,0.239],[103.8,0.035],[103.808,0.024],[103.814,0.019],[103.811,0.009],[103.802,-0.007],[103.792,-0.013],[103.778,-0.013],[103.757,-0.011],[103.671,-0.017],[103.664,-0.022],[103.664,-0.041],[103.657,-0.045],[103.645,-0.046],[103.636,-0.048],[103.629,-0.048],[103.62,-0.045],[103.612,-0.037],[103.601,-0.017],[103.592,-0.011],[103.586,-0.011],[103.577,-0.014],[103.569,-0.019],[103.565,-0.024],[103.567,-0.035],[103.573,-0.037],[103.581,-0.038],[103.586,-0.045],[103.584,-0.053],[103.58,-0.064],[103.578,-0.074],[103.587,-0.095],[103.576,-0.104],[103.558,-0.111],[103.544,-0.114],[103.508,-0.114],[103.494,-0.118],[103.489,-0.131],[103.483,-0.159],[103.467,-0.183],[103.443,-0.202],[103.415,-0.217],[103.301,-0.238],[103.271,-0.258],[103.287,-0.258],[103.317,-0.263],[103.333,-0.264],[103.35,-0.26],[103.381,-0.247],[103.397,-0.244],[103.425,-0.235],[103.459,-0.218],[103.489,-0.212],[103.503,-0.23],[103.495,-0.254],[103.457,-0.289],[103.448,-0.315],[103.437,-0.338],[103.41,-0.35],[103.346,-0.36],[103.346,-0.367],[103.379,-0.38],[103.401,-0.385],[103.418,-0.378],[103.43,-0.375],[103.482,-0.374],[103.493,-0.375],[103.503,-0.379],[103.511,-0.384],[103.52,-0.391],[103.531,-0.397],[103.553,-0.4],[103.591,-0.425],[103.598,-0.437],[103.592,-0.456],[103.573,-0.475],[103.547,-0.49],[103.516,-0.5],[103.418,-0.518],[103.402,-0.51],[103.39,-0.49],[103.373,-0.449],[103.38,-0.514],[103.385,-0.523],[103.407,-0.541],[103.415,-0.552],[103.416,-0.575],[103.409,-0.605],[103.394,-0.632],[103.373,-0.648],[103.373,-0.655],[103.389,-0.666],[103.386,-0.681],[103.369,-0.693],[103.346,-0.696],[103.356,-0.711],[103.376,-0.727],[103.4,-0.739],[103.436,-0.745],[103.439,-0.746],[103.427,-0.749],[103.1,-0.772],[102.958,-0.762],[102.917,-0.763],[102.804,-0.793],[102.792,-0.8],[102.781,-0.808],[102.766,-0.822],[102.729,-0.868],[102.72,-0.876],[102.69,-0.897],[102.682,-0.904],[102.674,-0.916],[102.669,-0.925],[102.655,-0.955],[102.646,-0.968],[102.639,-0.975],[102.631,-0.982],[102.601,-1.001],[102.595,-1.012],[102.577,-1.065],[102.563,-1.081],[102.541,-1.085],[102.452,-1.068],[102.43,-1.06],[102.419,-1.052],[102.408,-1.035],[102.401,-1.027],[102.393,-1.02],[102.382,-1.015],[102.356,-1.01],[102.35,-1.007],[102.348,-1.003],[102.347,-0.994],[102.342,-0.984],[102.332,-0.971],[102.28,-0.926],[102.275,-0.918],[102.267,-0.893],[102.261,-0.88],[102.252,-0.873],[102.241,-0.868],[102.201,-0.857],[102.189,-0.856],[102.177,-0.857],[102.166,-0.86],[102.136,-0.871],[102.12,-0.876],[102.07,-0.882],[102.013,-0.88],[102.002,-0.882],[101.993,-0.884],[101.984,-0.887],[101.976,-0.892],[101.955,-0.907],[101.935,-0.927],[101.927,-0.938],[101.921,-0.946],[101.916,-0.959],[101.905,-0.98],[101.899,-0.987],[101.89,-0.995],[101.882,-1],[101.77,-1.038],[101.76,-1.018],[101.756,-1.011],[101.752,-1.006],[101.743,-0.997],[101.734,-0.991],[101.723,-0.985],[101.674,-0.967],[101.579,-0.949],[101.525,-0.932],[101.492,-0.91],[101.434,-0.847],[101.331,-0.787],[101.236,-0.703],[101.04,-0.474],[101,-0.401],[100.976,-0.396],[100.939,-0.38],[100.856,-0.322],[100.823,-0.264],[100.802,-0.234],[100.795,-0.221],[100.79,-0.206],[100.784,-0.171],[100.779,-0.155],[100.75,-0.104],[100.746,-0.083],[100.746,-0.072],[100.749,-0.064],[100.753,-0.06],[100.76,-0.056],[100.768,-0.054],[100.818,-0.052],[100.829,-0.049],[100.838,-0.044],[100.844,-0.038],[100.846,-0.03],[100.839,0.032],[100.84,0.057],[100.854,0.145],[100.854,0.159],[100.852,0.172],[100.847,0.186],[100.838,0.2],[100.829,0.213],[100.8,0.241],[100.797,0.245],[100.793,0.251],[100.789,0.256],[100.784,0.26],[100.775,0.261],[100.768,0.259],[100.763,0.255],[100.758,0.254],[100.752,0.258],[100.71,0.301],[100.687,0.32],[100.647,0.345],[100.574,0.377],[100.531,0.427],[100.51,0.444],[100.494,0.449],[100.476,0.451],[100.444,0.447],[100.43,0.444],[100.421,0.439],[100.416,0.434],[100.407,0.42],[100.4,0.412],[100.369,0.411],[100.265,0.45],[100.226,0.524],[100.219,0.533],[100.197,0.555],[100.19,0.57],[100.163,0.648],[100.163,0.658],[100.168,0.669],[100.175,0.677],[100.196,0.695],[100.202,0.703],[100.207,0.711],[100.208,0.719],[100.207,0.725],[100.197,0.739],[100.173,0.758],[100.171,0.785],[100.172,0.806],[100.176,0.819],[100.183,0.836],[100.19,0.846],[100.197,0.854],[100.203,0.859],[100.21,0.866],[100.213,0.875],[100.214,0.887],[100.214,0.93],[100.219,0.997],[100.218,1.017],[100.216,1.033],[100.21,1.054],[100.209,1.066],[100.211,1.079],[100.224,1.123],[100.225,1.146],[100.223,1.161],[100.218,1.174],[100.211,1.184],[100.202,1.192],[100.191,1.2],[100.148,1.225],[100.14,1.232],[100.135,1.242],[100.132,1.252],[100.133,1.288],[100.13,1.3],[100.125,1.312],[100.117,1.321],[100.071,1.359],[100.067,1.365],[100.066,1.371],[100.067,1.379],[100.072,1.388],[100.078,1.396],[100.087,1.404],[100.105,1.415],[100.304,1.504],[100.32,1.511],[100.35,1.525],[100.413,1.561],[100.424,1.572],[100.434,1.584],[100.441,1.599],[100.444,1.616],[100.443,1.637],[100.435,1.667],[100.397,1.748],[100.376,1.814],[100.367,1.83],[100.356,1.842],[100.315,1.871],[100.304,1.881],[100.296,1.898],[100.293,1.921],[100.296,1.962],[100.303,1.997],[100.305,2.001],[100.319,2.046],[100.321,2.075],[100.313,2.177],[100.298,2.243],[100.284,2.286],[100.28,2.318],[100.279,2.355],[100.294,2.496],[100.314,2.554],[100.314,2.555]]],[[[103.294,0.625],[103.298,0.605],[103.3,0.575],[103.296,0.549],[103.281,0.538],[103.196,0.52],[103.183,0.515],[103.171,0.514],[103.153,0.524],[103.14,0.539],[103.136,0.556],[103.137,0.574],[103.159,0.665],[103.179,0.696],[103.212,0.708],[103.23,0.704],[103.247,0.694],[103.261,0.68],[103.273,0.666],[103.285,0.646],[103.294,0.625]]],[[[103.049,0.797],[103.052,0.785],[103.054,0.778],[103.058,0.777],[103.049,0.758],[103.044,0.721],[103.034,0.705],[103.028,0.701],[103.017,0.696],[103.007,0.694],[103.003,0.698],[103,0.701],[102.982,0.722],[102.93,0.77],[102.895,0.79],[102.852,0.798],[102.767,0.791],[102.745,0.794],[102.702,0.804],[102.681,0.805],[102.598,0.785],[102.558,0.78],[102.516,0.791],[102.467,0.827],[102.458,0.832],[102.407,0.873],[102.409,0.895],[102.425,0.914],[102.445,0.929],[102.489,0.94],[102.501,0.953],[102.502,0.973],[102.47,1.067],[102.468,1.106],[102.489,1.133],[102.528,1.14],[102.556,1.126],[102.608,1.069],[102.616,1.058],[102.617,1.044],[102.609,1.028],[102.605,1.011],[102.622,1.002],[102.645,0.997],[102.664,0.996],[102.678,0.999],[102.705,1.014],[102.719,1.017],[102.743,1.016],[102.764,1.011],[102.783,1.002],[102.833,0.964],[102.909,0.928],[103.022,0.845],[103.036,0.828],[103.04,0.821],[103.049,0.797]]],[[[103.126,0.928],[103.163,0.9],[103.175,0.882],[103.167,0.859],[103.127,0.834],[103.086,0.841],[102.952,0.925],[102.951,0.928],[102.907,0.969],[102.893,0.975],[102.859,0.988],[102.842,0.99],[102.824,0.995],[102.812,1.008],[102.801,1.022],[102.791,1.031],[102.774,1.035],[102.712,1.031],[102.693,1.026],[102.671,1.015],[102.648,1.006],[102.626,1.01],[102.625,1.022],[102.637,1.041],[102.671,1.076],[102.685,1.095],[102.702,1.138],[102.716,1.154],[102.755,1.168],[102.802,1.163],[102.886,1.133],[102.967,1.092],[103.037,1.045],[103.078,1.003],[103.126,0.928]]],[[[102.473,1.242],[102.48,1.219],[102.476,1.195],[102.447,1.1],[102.446,1.076],[102.447,1.051],[102.465,0.995],[102.468,0.973],[102.465,0.963],[102.457,0.962],[102.447,0.963],[102.438,0.959],[102.407,0.933],[102.4,0.928],[102.369,0.935],[102.334,0.964],[102.267,1.037],[102.251,1.067],[102.239,1.082],[102.233,1.1],[102.234,1.124],[102.243,1.167],[102.245,1.204],[102.242,1.222],[102.223,1.238],[102.213,1.258],[102.204,1.281],[102.201,1.298],[102.203,1.307],[102.213,1.325],[102.215,1.336],[102.209,1.377],[102.211,1.398],[102.217,1.409],[102.231,1.413],[102.253,1.414],[102.291,1.405],[102.322,1.381],[102.376,1.322],[102.451,1.267],[102.467,1.251],[102.473,1.242]]],[[[102.496,1.364],[102.511,1.295],[102.51,1.277],[102.479,1.271],[102.435,1.299],[102.372,1.36],[102.33,1.413],[102.315,1.421],[102.305,1.424],[102.285,1.433],[102.135,1.456],[102.096,1.475],[102.057,1.511],[102.027,1.548],[102.004,1.586],[102.008,1.615],[102.054,1.627],[102.072,1.623],[102.12,1.601],[102.136,1.59],[102.152,1.581],[102.175,1.576],[102.238,1.57],[102.298,1.558],[102.328,1.559],[102.338,1.558],[102.349,1.555],[102.369,1.542],[102.379,1.538],[102.463,1.515],[102.49,1.49],[102.496,1.442],[102.496,1.364]]],[[[101.721,2.058],[101.758,2.011],[101.77,1.985],[101.776,1.948],[101.768,1.926],[101.736,1.888],[101.729,1.863],[101.732,1.818],[101.729,1.799],[101.715,1.778],[101.666,1.745],[101.66,1.733],[101.649,1.722],[101.625,1.714],[101.598,1.71],[101.577,1.709],[101.531,1.718],[101.491,1.737],[101.46,1.766],[101.441,1.805],[101.43,1.85],[101.422,1.873],[101.397,1.909],[101.394,1.931],[101.406,2.014],[101.418,2.044],[101.441,2.065],[101.478,2.072],[101.496,2.069],[101.531,2.056],[101.551,2.058],[101.566,2.068],[101.615,2.117],[101.649,2.128],[101.682,2.109],[101.707,2.079],[101.721,2.058]]],[[[103.713,-0.27],[103.735,-0.281],[103.756,-0.301],[103.767,-0.325],[103.757,-0.346],[103.749,-0.349],[103.712,-0.346],[103.698,-0.35],[103.671,-0.364],[103.657,-0.367],[103.65,-0.37],[103.626,-0.384],[103.613,-0.387],[103.604,-0.383],[103.593,-0.376],[103.58,-0.372],[103.568,-0.378],[103.547,-0.383],[103.49,-0.362],[103.462,-0.367],[103.461,-0.334],[103.485,-0.287],[103.522,-0.244],[103.558,-0.223],[103.575,-0.225],[103.629,-0.234],[103.64,-0.241],[103.65,-0.255],[103.671,-0.263],[103.713,-0.27]]]]}},{"type":"Feature","id":"ID-SA","properties":{"id":"ID-SA","countryCode":"ID","isoSubdivision":"ID-SA","name":"North Sulawesi","name_en":"North Sulawesi","name_ko":"북술라웨시","type":"Province","labelLongitude":124.446,"labelLatitude":0.853,"minZoom":4.6},"geometry":{"type":"MultiPolygon","coordinates":[[[[123.097,0.929],[123.112,0.931],[123.134,0.939],[123.176,0.923],[123.191,0.928],[123.187,0.938],[123.182,0.96],[123.187,0.974],[123.208,0.959],[123.226,0.95],[123.255,0.961],[123.273,0.949],[123.278,0.939],[123.279,0.93],[123.282,0.922],[123.294,0.914],[123.304,0.912],[123.331,0.913],[123.342,0.914],[123.352,0.918],[123.36,0.923],[123.369,0.927],[123.383,0.928],[123.391,0.924],[123.397,0.918],[123.405,0.915],[123.417,0.922],[123.445,0.903],[123.52,0.887],[123.551,0.87],[123.563,0.867],[123.597,0.882],[123.612,0.886],[123.632,0.882],[123.672,0.86],[123.691,0.853],[123.832,0.832],[123.9,0.84],[123.91,0.838],[123.929,0.832],[123.938,0.832],[123.948,0.839],[123.951,0.846],[123.948,0.853],[123.938,0.859],[123.952,0.868],[123.992,0.881],[124.008,0.898],[124.12,0.939],[124.153,0.946],[124.167,0.957],[124.191,0.983],[124.224,0.999],[124.29,1.017],[124.315,1.038],[124.33,1.071],[124.347,1.14],[124.363,1.167],[124.374,1.177],[124.389,1.186],[124.408,1.193],[124.428,1.195],[124.494,1.192],[124.514,1.195],[124.523,1.201],[124.53,1.209],[124.537,1.215],[124.548,1.216],[124.556,1.211],[124.561,1.201],[124.567,1.192],[124.579,1.188],[124.594,1.196],[124.607,1.215],[124.615,1.238],[124.616,1.257],[124.606,1.273],[124.591,1.279],[124.551,1.277],[124.534,1.289],[124.533,1.315],[124.54,1.342],[124.548,1.36],[124.602,1.4],[124.61,1.411],[124.62,1.417],[124.692,1.401],[124.717,1.406],[124.732,1.416],[124.757,1.445],[124.774,1.455],[124.816,1.461],[124.836,1.469],[124.85,1.49],[124.844,1.509],[124.83,1.528],[124.822,1.549],[124.826,1.573],[124.837,1.589],[124.937,1.666],[124.946,1.678],[124.95,1.683],[124.969,1.674],[124.973,1.678],[124.971,1.713],[124.973,1.723],[124.984,1.732],[125.005,1.741],[125.025,1.744],[125.034,1.733],[125.035,1.692],[125.043,1.681],[125.062,1.675],[125.082,1.674],[125.148,1.682],[125.175,1.678],[125.18,1.667],[125.165,1.627],[125.168,1.585],[125.188,1.561],[125.215,1.544],[125.24,1.524],[125.249,1.485],[125.22,1.459],[125.177,1.44],[125.144,1.421],[125.115,1.385],[125.096,1.35],[125.034,1.175],[124.987,1.093],[124.954,1.054],[124.921,1.021],[124.916,1.013],[124.906,0.988],[124.904,0.98],[124.899,0.973],[124.863,0.955],[124.831,0.946],[124.822,0.941],[124.814,0.932],[124.799,0.906],[124.791,0.901],[124.766,0.895],[124.746,0.881],[124.712,0.845],[124.679,0.82],[124.664,0.806],[124.654,0.778],[124.64,0.758],[124.636,0.747],[124.637,0.732],[124.636,0.725],[124.624,0.708],[124.588,0.677],[124.579,0.658],[124.573,0.649],[124.569,0.639],[124.572,0.63],[124.579,0.621],[124.582,0.614],[124.583,0.595],[124.578,0.592],[124.556,0.593],[124.548,0.592],[124.544,0.588],[124.503,0.534],[124.5,0.519],[124.514,0.51],[124.514,0.503],[124.495,0.496],[124.483,0.483],[124.466,0.449],[124.439,0.456],[124.415,0.448],[124.393,0.435],[124.373,0.428],[124.349,0.423],[124.322,0.399],[124.2,0.374],[124.151,0.37],[124.109,0.387],[124.097,0.38],[124.069,0.352],[124.041,0.359],[124.034,0.359],[124.024,0.354],[124.006,0.341],[123.996,0.339],[123.931,0.336],[123.911,0.332],[123.869,0.318],[123.859,0.317],[123.825,0.318],[123.807,0.311],[123.791,0.301],[123.782,0.299],[123.771,0.302],[123.758,0.308],[123.746,0.311],[123.725,0.309],[123.69,0.295],[123.657,0.288],[123.647,0.282],[123.632,0.267],[123.626,0.267],[123.616,0.272],[123.584,0.298],[123.571,0.304],[123.466,0.312],[123.458,0.312],[123.469,0.335],[123.492,0.398],[123.5,0.43],[123.501,0.46],[123.496,0.493],[123.481,0.557],[123.461,0.586],[123.439,0.611],[123.325,0.664],[123.303,0.693],[123.271,0.712],[123.257,0.723],[123.247,0.733],[123.225,0.783],[123.225,0.811],[123.223,0.818],[123.217,0.827],[123.205,0.837],[123.158,0.862],[123.147,0.867],[123.122,0.882],[123.099,0.922],[123.097,0.929]]],[[[125.295,1.552],[125.301,1.552],[125.301,1.531],[125.296,1.503],[125.295,1.473],[125.292,1.465],[125.277,1.453],[125.274,1.445],[125.267,1.414],[125.248,1.403],[125.216,1.393],[125.185,1.391],[125.172,1.404],[125.175,1.415],[125.183,1.421],[125.205,1.428],[125.25,1.449],[125.295,1.552]]],[[[125.432,2.388],[125.451,2.378],[125.456,2.368],[125.453,2.333],[125.423,2.317],[125.392,2.326],[125.371,2.348],[125.369,2.374],[125.381,2.386],[125.397,2.391],[125.415,2.392],[125.432,2.388]]],[[[125.444,2.793],[125.451,2.778],[125.45,2.765],[125.443,2.753],[125.416,2.731],[125.41,2.725],[125.405,2.717],[125.402,2.7],[125.407,2.686],[125.418,2.669],[125.422,2.657],[125.424,2.645],[125.421,2.634],[125.411,2.627],[125.393,2.629],[125.383,2.642],[125.378,2.66],[125.378,2.679],[125.374,2.693],[125.36,2.723],[125.356,2.741],[125.36,2.753],[125.379,2.791],[125.387,2.802],[125.402,2.81],[125.417,2.81],[125.431,2.804],[125.444,2.793]]],[[[125.653,3.47],[125.656,3.462],[125.663,3.446],[125.666,3.439],[125.665,3.431],[125.66,3.425],[125.624,3.398],[125.617,3.395],[125.603,3.398],[125.599,3.406],[125.598,3.415],[125.593,3.426],[125.572,3.438],[125.524,3.451],[125.507,3.463],[125.505,3.481],[125.514,3.529],[125.518,3.539],[125.521,3.544],[125.521,3.577],[125.517,3.582],[125.494,3.594],[125.442,3.638],[125.431,3.651],[125.421,3.668],[125.417,3.688],[125.418,3.71],[125.442,3.737],[125.478,3.731],[125.513,3.708],[125.535,3.683],[125.57,3.628],[125.575,3.611],[125.575,3.604],[125.573,3.598],[125.573,3.591],[125.575,3.581],[125.58,3.576],[125.597,3.561],[125.604,3.553],[125.614,3.525],[125.617,3.523],[125.627,3.518],[125.639,3.514],[125.644,3.515],[125.647,3.492],[125.653,3.47]]],[[[126.744,3.853],[126.78,3.844],[126.812,3.824],[126.833,3.796],[126.843,3.78],[126.856,3.758],[126.838,3.743],[126.812,3.732],[126.765,3.773],[126.739,3.824],[126.744,3.853]]],[[[126.657,3.981],[126.701,3.934],[126.713,3.921],[126.714,3.901],[126.701,3.88],[126.688,3.853],[126.696,3.812],[126.678,3.812],[126.67,3.855],[126.661,3.898],[126.666,3.931],[126.648,3.952],[126.627,3.965],[126.62,3.991],[126.613,4.026],[126.615,4.044],[126.643,4.027],[126.657,3.981]]],[[[126.871,4.331],[126.9,4.307],[126.922,4.282],[126.864,4.211],[126.81,4.157],[126.808,4.087],[126.81,4.037],[126.798,4.018],[126.759,3.993],[126.715,4.012],[126.676,4.004],[126.665,4.034],[126.676,4.06],[126.691,4.078],[126.721,4.096],[126.759,4.185],[126.803,4.223],[126.792,4.241],[126.777,4.246],[126.759,4.251],[126.711,4.264],[126.707,4.287],[126.716,4.308],[126.707,4.334],[126.703,4.343],[126.7,4.355],[126.699,4.368],[126.697,4.397],[126.705,4.424],[126.74,4.473],[126.741,4.48],[126.741,4.492],[126.74,4.502],[126.735,4.524],[126.734,4.536],[126.744,4.546],[126.769,4.55],[126.796,4.55],[126.816,4.546],[126.83,4.537],[126.833,4.528],[126.835,4.518],[126.843,4.505],[126.856,4.498],[126.867,4.498],[126.875,4.494],[126.877,4.478],[126.885,4.457],[126.879,4.436],[126.869,4.414],[126.864,4.392],[126.859,4.368],[126.871,4.331]]],[[[125.393,2.118],[125.405,2.13],[125.408,2.122],[125.406,2.107],[125.403,2.103],[125.398,2.104],[125.393,2.104],[125.391,2.102],[125.375,2.092],[125.37,2.092],[125.362,2.086],[125.356,2.077],[125.349,2.071],[125.341,2.073],[125.334,2.082],[125.335,2.092],[125.341,2.101],[125.345,2.102],[125.35,2.109],[125.357,2.11],[125.357,2.114],[125.354,2.117],[125.351,2.122],[125.354,2.13],[125.36,2.128],[125.365,2.124],[125.368,2.126],[125.372,2.124],[125.378,2.121],[125.386,2.118],[125.393,2.118]]],[[[126.591,5.557],[126.599,5.565],[126.603,5.564],[126.599,5.554],[126.595,5.548],[126.591,5.557]]],[[[125.172,1.799],[125.177,1.793],[125.177,1.779],[125.154,1.756],[125.152,1.748],[125.149,1.742],[125.145,1.742],[125.137,1.748],[125.132,1.758],[125.13,1.772],[125.124,1.789],[125.122,1.807],[125.126,1.815],[125.129,1.828],[125.135,1.831],[125.145,1.822],[125.154,1.811],[125.166,1.802],[125.172,1.799]]],[[[127.13,4.774],[127.139,4.767],[127.146,4.752],[127.136,4.74],[127.123,4.753],[127.121,4.769],[127.124,4.772],[127.13,4.774]]]]}},{"type":"Feature","id":"ID-SB","properties":{"id":"ID-SB","countryCode":"ID","isoSubdivision":"ID-SB","name":"West Sumatra","name_en":"West Sumatra","name_ko":"서수마트라","type":"Province","labelLongitude":100.611,"labelLatitude":-0.643,"minZoom":4.6},"geometry":{"type":"MultiPolygon","coordinates":[[[[101.027,-2.48],[101.018,-2.468],[100.923,-2.333],[100.84,-2.167],[100.834,-2.159],[100.832,-2.141],[100.846,-2.119],[100.878,-2.08],[100.887,-2.037],[100.881,-1.995],[100.871,-1.953],[100.865,-1.912],[100.858,-1.892],[100.841,-1.87],[100.784,-1.816],[100.776,-1.806],[100.771,-1.796],[100.765,-1.772],[100.718,-1.698],[100.668,-1.64],[100.654,-1.618],[100.646,-1.594],[100.637,-1.551],[100.633,-1.508],[100.624,-1.497],[100.585,-1.46],[100.571,-1.443],[100.576,-1.438],[100.58,-1.432],[100.584,-1.416],[100.582,-1.417],[100.573,-1.408],[100.571,-1.408],[100.573,-1.404],[100.577,-1.398],[100.582,-1.394],[100.584,-1.395],[100.577,-1.356],[100.569,-1.331],[100.56,-1.32],[100.54,-1.314],[100.499,-1.29],[100.479,-1.283],[100.473,-1.278],[100.464,-1.268],[100.458,-1.264],[100.456,-1.266],[100.453,-1.27],[100.45,-1.272],[100.426,-1.276],[100.416,-1.275],[100.406,-1.264],[100.41,-1.259],[100.427,-1.244],[100.432,-1.235],[100.434,-1.229],[100.433,-1.207],[100.427,-1.193],[100.385,-1.155],[100.37,-1.161],[100.366,-1.15],[100.368,-1.134],[100.371,-1.121],[100.374,-1.118],[100.379,-1.115],[100.383,-1.111],[100.385,-1.104],[100.383,-1.097],[100.371,-1.073],[100.381,-1.069],[100.392,-1.067],[100.403,-1.069],[100.413,-1.073],[100.416,-1.065],[100.418,-1.056],[100.416,-1.048],[100.413,-1.039],[100.391,-1.042],[100.38,-1.03],[100.353,-0.977],[100.344,-0.909],[100.328,-0.859],[100.301,-0.816],[100.16,-0.668],[100.134,-0.635],[100.091,-0.557],[100.035,-0.488],[100.001,-0.456],[99.93,-0.409],[99.919,-0.398],[99.91,-0.375],[99.889,-0.358],[99.844,-0.332],[99.824,-0.313],[99.814,-0.295],[99.81,-0.273],[99.81,-0.247],[99.806,-0.228],[99.797,-0.216],[99.786,-0.207],[99.775,-0.196],[99.766,-0.181],[99.759,-0.168],[99.756,-0.155],[99.755,-0.137],[99.758,-0.116],[99.764,-0.096],[99.767,-0.075],[99.762,-0.052],[99.747,-0.03],[99.689,0.02],[99.633,0.081],[99.611,0.099],[99.534,0.14],[99.49,0.155],[99.45,0.161],[99.427,0.161],[99.408,0.164],[99.393,0.172],[99.378,0.188],[99.357,0.226],[99.341,0.239],[99.316,0.243],[99.297,0.238],[99.261,0.22],[99.244,0.216],[99.233,0.217],[99.222,0.22],[99.211,0.226],[99.203,0.233],[99.194,0.243],[99.189,0.246],[99.182,0.244],[99.169,0.243],[99.162,0.245],[99.151,0.252],[99.151,0.253],[99.269,0.377],[99.342,0.474],[99.354,0.484],[99.364,0.489],[99.394,0.496],[99.424,0.499],[99.444,0.504],[99.467,0.514],[99.54,0.555],[99.564,0.563],[99.584,0.563],[99.601,0.557],[99.626,0.543],[99.637,0.54],[99.647,0.539],[99.655,0.537],[99.661,0.534],[99.666,0.528],[99.678,0.509],[99.685,0.501],[99.695,0.495],[99.706,0.493],[99.768,0.492],[99.776,0.49],[99.781,0.486],[99.789,0.477],[99.814,0.468],[99.828,0.469],[99.846,0.472],[99.888,0.487],[99.9,0.495],[99.908,0.504],[99.916,0.525],[99.918,0.538],[99.919,0.55],[99.918,0.56],[99.915,0.569],[99.889,0.617],[99.875,0.636],[99.868,0.653],[99.861,0.663],[99.818,0.709],[99.812,0.722],[99.803,0.759],[99.799,0.772],[99.794,0.78],[99.788,0.784],[99.781,0.787],[99.763,0.794],[99.755,0.798],[99.748,0.803],[99.74,0.819],[99.736,0.825],[99.729,0.83],[99.72,0.837],[99.71,0.849],[99.702,0.87],[99.703,0.881],[99.707,0.887],[99.713,0.888],[99.72,0.886],[99.751,0.866],[99.763,0.861],[99.777,0.858],[99.793,0.858],[99.806,0.86],[99.815,0.862],[99.826,0.868],[99.854,0.864],[99.9,0.845],[99.941,0.836],[99.956,0.83],[99.972,0.819],[100.003,0.808],[100.044,0.799],[100.058,0.792],[100.068,0.784],[100.089,0.764],[100.108,0.753],[100.123,0.748],[100.135,0.746],[100.147,0.747],[100.163,0.75],[100.173,0.758],[100.197,0.739],[100.207,0.725],[100.208,0.719],[100.207,0.711],[100.202,0.703],[100.196,0.695],[100.175,0.677],[100.168,0.669],[100.163,0.658],[100.163,0.648],[100.19,0.57],[100.197,0.555],[100.219,0.533],[100.226,0.524],[100.265,0.45],[100.369,0.411],[100.4,0.412],[100.407,0.42],[100.416,0.434],[100.421,0.439],[100.43,0.444],[100.444,0.447],[100.476,0.451],[100.494,0.449],[100.51,0.444],[100.531,0.427],[100.574,0.377],[100.647,0.345],[100.687,0.32],[100.71,0.301],[100.752,0.258],[100.758,0.254],[100.763,0.255],[100.768,0.259],[100.775,0.261],[100.784,0.26],[100.789,0.256],[100.793,0.251],[100.797,0.245],[100.8,0.241],[100.829,0.213],[100.838,0.2],[100.847,0.186],[100.852,0.172],[100.854,0.159],[100.854,0.145],[100.84,0.057],[100.839,0.032],[100.846,-0.03],[100.844,-0.038],[100.838,-0.044],[100.829,-0.049],[100.818,-0.052],[100.768,-0.054],[100.76,-0.056],[100.753,-0.06],[100.749,-0.064],[100.746,-0.072],[100.746,-0.083],[100.75,-0.104],[100.779,-0.155],[100.784,-0.171],[100.79,-0.206],[100.795,-0.221],[100.802,-0.234],[100.823,-0.264],[100.856,-0.322],[100.939,-0.38],[100.976,-0.396],[101,-0.401],[101.04,-0.474],[101.236,-0.703],[101.331,-0.787],[101.434,-0.847],[101.492,-0.91],[101.525,-0.932],[101.579,-0.949],[101.674,-0.967],[101.723,-0.985],[101.734,-0.991],[101.743,-0.997],[101.752,-1.006],[101.756,-1.011],[101.76,-1.018],[101.77,-1.038],[101.782,-1.065],[101.786,-1.087],[101.786,-1.11],[101.783,-1.132],[101.796,-1.143],[101.815,-1.151],[101.825,-1.151],[101.83,-1.148],[101.835,-1.145],[101.841,-1.148],[101.843,-1.154],[101.841,-1.166],[101.832,-1.186],[101.818,-1.209],[101.794,-1.239],[101.774,-1.255],[101.747,-1.268],[101.713,-1.274],[101.703,-1.274],[101.695,-1.275],[101.688,-1.279],[101.678,-1.289],[101.673,-1.308],[101.669,-1.337],[101.687,-1.396],[101.685,-1.407],[101.674,-1.436],[101.676,-1.447],[101.682,-1.454],[101.686,-1.461],[101.686,-1.469],[101.675,-1.5],[101.663,-1.519],[101.639,-1.543],[101.558,-1.605],[101.519,-1.64],[101.5,-1.664],[101.476,-1.702],[101.461,-1.712],[101.449,-1.717],[101.416,-1.714],[101.403,-1.702],[101.226,-1.728],[101.204,-1.726],[101.185,-1.715],[101.168,-1.709],[101.151,-1.712],[101.114,-1.705],[101.119,-1.807],[101.128,-1.865],[101.142,-1.92],[101.171,-1.975],[101.189,-2.002],[101.204,-2.019],[101.236,-2.044],[101.246,-2.058],[101.26,-2.081],[101.3,-2.18],[101.336,-2.297],[101.304,-2.306],[101.26,-2.336],[101.238,-2.346],[101.188,-2.36],[101.171,-2.367],[101.078,-2.434],[101.027,-2.48]]],[[[100.508,-3.122],[100.508,-3.141],[100.515,-3.154],[100.536,-3.177],[100.529,-3.184],[100.507,-3.178],[100.494,-3.16],[100.493,-3.138],[100.508,-3.122]]],[[[100.399,-3.184],[100.412,-3.213],[100.427,-3.238],[100.467,-3.287],[100.478,-3.315],[100.461,-3.334],[100.448,-3.325],[100.429,-3.303],[100.419,-3.293],[100.408,-3.287],[100.386,-3.278],[100.379,-3.272],[100.378,-3.268],[100.379,-3.249],[100.376,-3.241],[100.37,-3.24],[100.364,-3.24],[100.358,-3.238],[100.337,-3.223],[100.33,-3.213],[100.33,-3.197],[100.337,-3.197],[100.339,-3.203],[100.342,-3.208],[100.347,-3.211],[100.355,-3.212],[100.36,-3.207],[100.356,-3.198],[100.344,-3.184],[100.338,-3.162],[100.337,-3.153],[100.344,-3.136],[100.345,-3.127],[100.292,-3.077],[100.277,-3.073],[100.259,-3.073],[100.248,-3.069],[100.255,-3.053],[100.244,-3.044],[100.213,-3.007],[100.207,-2.995],[100.204,-2.984],[100.189,-2.967],[100.186,-2.954],[100.188,-2.942],[100.198,-2.929],[100.2,-2.92],[100.198,-2.896],[100.179,-2.827],[100.179,-2.803],[100.189,-2.791],[100.227,-2.773],[100.24,-2.778],[100.249,-2.784],[100.255,-2.791],[100.275,-2.82],[100.282,-2.826],[100.286,-2.829],[100.291,-2.831],[100.296,-2.834],[100.354,-2.894],[100.385,-2.915],[100.416,-2.966],[100.468,-3.015],[100.471,-3.038],[100.472,-3.052],[100.468,-3.067],[100.473,-3.087],[100.473,-3.114],[100.465,-3.133],[100.447,-3.128],[100.437,-3.134],[100.427,-3.136],[100.416,-3.134],[100.406,-3.128],[100.386,-3.144],[100.381,-3.153],[100.389,-3.156],[100.402,-3.159],[100.403,-3.165],[100.399,-3.174],[100.399,-3.184]]],[[[100.207,-2.694],[100.21,-2.708],[100.215,-2.724],[100.219,-2.739],[100.215,-2.753],[100.204,-2.76],[100.172,-2.766],[100.159,-2.773],[100.151,-2.785],[100.145,-2.811],[100.139,-2.82],[100.115,-2.828],[100.09,-2.824],[100.067,-2.816],[100.05,-2.807],[100.045,-2.821],[100.038,-2.834],[100.029,-2.84],[100.016,-2.834],[100.008,-2.82],[100.007,-2.782],[100.001,-2.765],[99.987,-2.767],[99.988,-2.745],[100.001,-2.687],[100,-2.659],[99.996,-2.639],[99.986,-2.625],[99.967,-2.615],[99.976,-2.603],[99.976,-2.595],[99.967,-2.58],[99.961,-2.559],[99.961,-2.553],[99.967,-2.515],[99.975,-2.494],[99.984,-2.485],[100.003,-2.491],[100.014,-2.505],[100.022,-2.519],[100.032,-2.525],[100.087,-2.576],[100.108,-2.6],[100.117,-2.608],[100.152,-2.619],[100.167,-2.628],[100.173,-2.646],[100.178,-2.656],[100.201,-2.678],[100.207,-2.694]]],[[[99.823,-2.293],[99.85,-2.334],[99.859,-2.357],[99.858,-2.375],[99.858,-2.367],[99.853,-2.378],[99.846,-2.38],[99.84,-2.375],[99.833,-2.352],[99.825,-2.348],[99.8,-2.347],[99.788,-2.344],[99.78,-2.337],[99.772,-2.328],[99.762,-2.321],[99.75,-2.318],[99.725,-2.317],[99.713,-2.313],[99.699,-2.301],[99.687,-2.285],[99.672,-2.271],[99.648,-2.266],[99.611,-2.267],[99.604,-2.266],[99.603,-2.253],[99.612,-2.243],[99.616,-2.234],[99.604,-2.224],[99.598,-2.229],[99.594,-2.228],[99.591,-2.221],[99.59,-2.211],[99.583,-2.211],[99.576,-2.224],[99.568,-2.215],[99.556,-2.183],[99.531,-2.156],[99.528,-2.145],[99.531,-2.134],[99.538,-2.132],[99.552,-2.135],[99.564,-2.131],[99.562,-2.122],[99.549,-2.101],[99.548,-2.061],[99.565,-2.031],[99.594,-2.015],[99.631,-2.018],[99.643,-2.028],[99.652,-2.042],[99.663,-2.054],[99.683,-2.06],[99.694,-2.068],[99.701,-2.087],[99.707,-2.128],[99.721,-2.159],[99.775,-2.238],[99.776,-2.242],[99.774,-2.254],[99.775,-2.259],[99.779,-2.262],[99.786,-2.263],[99.815,-2.284],[99.823,-2.293]]],[[[99.274,-1.635],[99.287,-1.654],[99.294,-1.686],[99.292,-1.719],[99.274,-1.738],[99.261,-1.67],[99.254,-1.654],[99.227,-1.614],[99.214,-1.624],[99.209,-1.626],[99.2,-1.628],[99.211,-1.639],[99.245,-1.716],[99.255,-1.756],[99.255,-1.772],[99.244,-1.779],[99.231,-1.777],[99.208,-1.771],[99.182,-1.774],[99.165,-1.778],[99.148,-1.786],[99.134,-1.796],[99.119,-1.802],[99.101,-1.799],[98.986,-1.74],[98.96,-1.713],[98.899,-1.688],[98.885,-1.679],[98.843,-1.621],[98.838,-1.618],[98.826,-1.612],[98.823,-1.608],[98.83,-1.57],[98.812,-1.529],[98.651,-1.299],[98.636,-1.29],[98.631,-1.285],[98.63,-1.28],[98.632,-1.269],[98.631,-1.264],[98.614,-1.229],[98.607,-1.22],[98.594,-1.198],[98.598,-1.177],[98.624,-1.135],[98.643,-1.094],[98.649,-1.072],[98.651,-1.049],[98.65,-1.004],[98.652,-0.982],[98.658,-0.963],[98.668,-0.954],[98.685,-0.948],[98.704,-0.944],[98.724,-0.943],[98.738,-0.946],[98.769,-0.956],[98.789,-0.957],[98.803,-0.95],[98.827,-0.927],[98.84,-0.922],[98.883,-0.913],[98.898,-0.916],[98.892,-0.935],[98.918,-0.94],[98.938,-0.96],[98.946,-0.985],[98.939,-1.004],[98.932,-0.997],[98.925,-0.992],[98.916,-0.99],[98.905,-0.991],[98.913,-1.006],[98.922,-1.018],[98.929,-1.03],[98.932,-1.049],[98.938,-1.065],[98.952,-1.075],[98.968,-1.084],[98.98,-1.094],[98.989,-1.111],[99.002,-1.145],[99.011,-1.159],[99.027,-1.174],[99.033,-1.183],[99.035,-1.193],[99.036,-1.205],[99.04,-1.21],[99.047,-1.214],[99.064,-1.235],[99.068,-1.241],[99.07,-1.251],[99.065,-1.252],[99.057,-1.261],[99.053,-1.273],[99.059,-1.278],[99.078,-1.283],[99.087,-1.297],[99.096,-1.333],[99.117,-1.367],[99.144,-1.389],[99.165,-1.414],[99.165,-1.456],[99.156,-1.451],[99.131,-1.429],[99.124,-1.429],[99.131,-1.448],[99.146,-1.469],[99.179,-1.505],[99.188,-1.51],[99.197,-1.513],[99.204,-1.517],[99.206,-1.529],[99.206,-1.556],[99.21,-1.573],[99.219,-1.58],[99.234,-1.581],[99.251,-1.58],[99.262,-1.587],[99.272,-1.602],[99.278,-1.62],[99.274,-1.635]]]]}},{"type":"Feature","id":"ID-SG","properties":{"id":"ID-SG","countryCode":"ID","isoSubdivision":"ID-SG","name":"Southeast Sulawesi","name_en":"Southeast Sulawesi","name_ko":"동남술라웨시","type":"Province","labelLongitude":122.119,"labelLatitude":-4.075,"minZoom":4.6},"geometry":{"type":"MultiPolygon","coordinates":[[[[124.065,-5.962],[124.074,-5.985],[124.071,-6.011],[124.059,-6.027],[124.041,-6.021],[124.037,-6.012],[124.036,-5.987],[124.03,-5.976],[124.019,-5.968],[123.993,-5.961],[123.983,-5.955],[123.969,-5.935],[123.966,-5.915],[123.971,-5.894],[123.979,-5.87],[123.986,-5.88],[124.037,-5.914],[124.046,-5.926],[124.058,-5.951],[124.065,-5.962]]],[[[123.777,-5.514],[123.801,-5.523],[123.808,-5.545],[123.809,-5.572],[123.815,-5.596],[123.793,-5.589],[123.778,-5.573],[123.753,-5.534],[123.735,-5.518],[123.717,-5.507],[123.702,-5.493],[123.691,-5.473],[123.705,-5.473],[123.733,-5.475],[123.75,-5.49],[123.762,-5.506],[123.777,-5.514]]],[[[123.54,-5.246],[123.563,-5.253],[123.596,-5.257],[123.624,-5.267],[123.636,-5.291],[123.638,-5.344],[123.634,-5.367],[123.619,-5.377],[123.591,-5.374],[123.572,-5.366],[123.559,-5.351],[123.523,-5.277],[123.52,-5.252],[123.54,-5.246]]],[[[122.321,-3.512],[122.333,-3.517],[122.344,-3.529],[122.352,-3.544],[122.355,-3.557],[122.347,-3.557],[122.327,-3.562],[122.306,-3.571],[122.293,-3.581],[122.285,-3.563],[122.29,-3.541],[122.305,-3.522],[122.321,-3.512]]],[[[122.44,-3.419],[122.461,-3.436],[122.465,-3.441],[122.463,-3.452],[122.459,-3.467],[122.449,-3.48],[122.434,-3.485],[122.426,-3.477],[122.416,-3.46],[122.403,-3.431],[122.402,-3.421],[122.403,-3.408],[122.407,-3.396],[122.412,-3.388],[122.415,-3.385],[122.418,-3.385],[122.42,-3.385],[122.424,-3.387],[122.428,-3.394],[122.435,-3.411],[122.44,-3.419]]],[[[122.339,-3.238],[122.321,-3.257],[122.296,-3.313],[122.304,-3.341],[122.317,-3.345],[122.359,-3.363],[122.373,-3.372],[122.381,-3.392],[122.384,-3.419],[122.378,-3.439],[122.362,-3.437],[122.369,-3.426],[122.362,-3.413],[122.346,-3.404],[122.327,-3.403],[122.332,-3.393],[122.335,-3.39],[122.325,-3.375],[122.311,-3.369],[122.295,-3.364],[122.28,-3.356],[122.277,-3.366],[122.272,-3.376],[122.265,-3.381],[122.252,-3.376],[122.254,-3.395],[122.261,-3.41],[122.271,-3.422],[122.283,-3.434],[122.292,-3.451],[122.291,-3.471],[122.283,-3.493],[122.267,-3.523],[122.262,-3.529],[122.257,-3.533],[122.246,-3.54],[122.234,-3.544],[122.211,-3.551],[122.201,-3.557],[122.198,-3.572],[122.205,-3.594],[122.225,-3.629],[122.236,-3.643],[122.25,-3.656],[122.269,-3.666],[122.29,-3.67],[122.305,-3.675],[122.315,-3.688],[122.324,-3.704],[122.335,-3.718],[122.355,-3.728],[122.376,-3.729],[122.42,-3.725],[122.441,-3.731],[122.453,-3.746],[122.471,-3.786],[122.53,-3.865],[122.549,-3.879],[122.569,-3.883],[122.637,-3.883],[122.647,-3.885],[122.656,-3.889],[122.663,-3.897],[122.669,-3.909],[122.667,-3.919],[122.646,-3.925],[122.638,-3.93],[122.632,-3.936],[122.624,-3.952],[122.613,-3.956],[122.588,-3.958],[122.566,-3.964],[122.551,-3.971],[122.553,-3.976],[122.601,-3.98],[122.623,-3.985],[122.642,-3.994],[122.656,-4.007],[122.664,-4.023],[122.666,-4.042],[122.663,-4.085],[122.667,-4.102],[122.675,-4.123],[122.688,-4.138],[122.704,-4.143],[122.708,-4.139],[122.71,-4.132],[122.711,-4.123],[122.711,-4.115],[122.739,-4.129],[122.778,-4.137],[122.816,-4.137],[122.842,-4.129],[122.789,-4.074],[122.775,-4.048],[122.807,-4.041],[122.845,-4.058],[122.873,-4.093],[122.892,-4.136],[122.907,-4.196],[122.909,-4.217],[122.907,-4.236],[122.892,-4.266],[122.894,-4.286],[122.904,-4.328],[122.905,-4.37],[122.9,-4.389],[122.886,-4.396],[122.867,-4.4],[122.859,-4.41],[122.854,-4.424],[122.842,-4.438],[122.827,-4.42],[122.759,-4.369],[122.723,-4.332],[122.7,-4.318],[122.67,-4.315],[122.681,-4.334],[122.722,-4.372],[122.728,-4.381],[122.738,-4.401],[122.745,-4.41],[122.749,-4.411],[122.762,-4.409],[122.766,-4.41],[122.77,-4.417],[122.769,-4.421],[122.766,-4.424],[122.766,-4.43],[122.771,-4.443],[122.773,-4.45],[122.773,-4.468],[122.769,-4.478],[122.758,-4.485],[122.746,-4.487],[122.736,-4.482],[122.711,-4.452],[122.7,-4.452],[122.697,-4.458],[122.7,-4.466],[122.704,-4.472],[122.691,-4.484],[122.682,-4.48],[122.67,-4.458],[122.67,-4.432],[122.64,-4.408],[122.599,-4.397],[122.564,-4.407],[122.531,-4.428],[122.498,-4.435],[122.464,-4.431],[122.43,-4.417],[122.392,-4.438],[122.35,-4.453],[122.306,-4.462],[122.24,-4.466],[122.233,-4.468],[122.225,-4.472],[122.209,-4.485],[122.199,-4.49],[122.177,-4.496],[122.159,-4.51],[122.153,-4.513],[122.116,-4.518],[122.108,-4.52],[122.087,-4.543],[122.066,-4.582],[122.048,-4.626],[122.04,-4.663],[122.043,-4.708],[122.059,-4.742],[122.083,-4.77],[122.108,-4.794],[122.112,-4.796],[122.129,-4.8],[122.129,-4.808],[122.111,-4.813],[122.091,-4.837],[122.077,-4.842],[122.055,-4.844],[122.011,-4.854],[121.992,-4.856],[121.887,-4.846],[121.87,-4.841],[121.841,-4.822],[121.823,-4.813],[121.809,-4.814],[121.792,-4.819],[121.77,-4.822],[121.751,-4.816],[121.742,-4.816],[121.739,-4.825],[121.735,-4.828],[121.725,-4.832],[121.714,-4.835],[121.704,-4.835],[121.686,-4.822],[121.657,-4.787],[121.639,-4.78],[121.625,-4.777],[121.567,-4.753],[121.554,-4.744],[121.503,-4.675],[121.498,-4.663],[121.494,-4.661],[121.491,-4.661],[121.488,-4.661],[121.485,-4.656],[121.478,-4.623],[121.48,-4.581],[121.498,-4.5],[121.521,-4.44],[121.529,-4.398],[121.533,-4.356],[121.529,-4.278],[121.534,-4.248],[121.533,-4.238],[121.536,-4.231],[121.547,-4.225],[121.56,-4.225],[121.563,-4.233],[121.56,-4.243],[121.553,-4.252],[121.585,-4.237],[121.617,-4.167],[121.628,-4.087],[121.594,-4.041],[121.555,-4.021],[121.43,-3.999],[121.354,-3.968],[121.351,-3.958],[121.337,-3.944],[121.334,-3.934],[121.331,-3.923],[121.326,-3.913],[121.313,-3.897],[121.296,-3.887],[121.284,-3.89],[121.273,-3.898],[121.256,-3.903],[121.246,-3.894],[121.251,-3.874],[121.261,-3.851],[121.265,-3.835],[121.255,-3.816],[121.24,-3.808],[121.2,-3.807],[121.176,-3.804],[121.16,-3.796],[121.105,-3.73],[120.894,-3.539],[120.875,-3.499],[120.868,-3.469],[120.868,-3.458],[120.87,-3.446],[120.879,-3.424],[120.881,-3.413],[120.889,-3.389],[120.909,-3.368],[120.931,-3.348],[120.95,-3.328],[120.968,-3.286],[120.979,-3.267],[120.995,-3.259],[121.006,-3.257],[121.015,-3.252],[121.022,-3.244],[121.025,-3.235],[121.03,-3.227],[121.04,-3.221],[121.052,-3.216],[121.059,-3.212],[121.067,-3.194],[121.073,-3.139],[121.073,-3.115],[121.068,-3.09],[121.063,-3.079],[121.056,-3.074],[121.048,-3.066],[121.053,-3.049],[121.067,-3.022],[121.069,-3.008],[121.077,-2.989],[121.08,-2.978],[121.079,-2.937],[121.084,-2.926],[121.086,-2.91],[121.087,-2.91],[121.128,-2.886],[121.164,-2.873],[121.206,-2.866],[121.226,-2.866],[121.244,-2.867],[121.261,-2.872],[121.278,-2.879],[121.35,-2.927],[121.432,-2.994],[121.475,-3.02],[121.488,-3.022],[121.502,-3.021],[121.515,-3.018],[121.537,-3.009],[121.598,-2.973],[121.67,-2.983],[121.781,-2.986],[121.817,-2.995],[122.058,-3.093],[122.078,-3.094],[122.136,-3.089],[122.154,-3.09],[122.17,-3.094],[122.188,-3.1],[122.207,-3.111],[122.292,-3.179],[122.339,-3.237],[122.339,-3.238]]],[[[122.067,-5.215],[122.064,-5.224],[122.057,-5.227],[122.05,-5.231],[122.047,-5.242],[122.052,-5.27],[122.053,-5.432],[122.047,-5.452],[122.032,-5.465],[122.014,-5.465],[121.997,-5.463],[121.981,-5.469],[121.968,-5.468],[121.939,-5.421],[121.924,-5.404],[121.91,-5.4],[121.901,-5.399],[121.892,-5.398],[121.882,-5.39],[121.877,-5.382],[121.868,-5.36],[121.827,-5.301],[121.807,-5.26],[121.814,-5.25],[121.812,-5.221],[121.817,-5.208],[121.826,-5.198],[121.834,-5.185],[121.839,-5.173],[121.841,-5.16],[121.846,-5.153],[121.873,-5.149],[121.882,-5.144],[121.882,-5.134],[121.873,-5.122],[121.854,-5.102],[121.865,-5.087],[121.88,-5.072],[121.898,-5.061],[121.916,-5.054],[121.91,-5.071],[121.911,-5.086],[121.919,-5.095],[121.937,-5.096],[121.944,-5.092],[121.959,-5.071],[121.97,-5.067],[121.977,-5.07],[121.983,-5.079],[121.997,-5.138],[122.01,-5.154],[122.033,-5.15],[122.045,-5.165],[122.056,-5.176],[122.064,-5.19],[122.067,-5.215]]],[[[122.78,-4.917],[122.781,-4.939],[122.779,-4.949],[122.773,-4.958],[122.765,-4.958],[122.754,-4.954],[122.744,-4.953],[122.739,-4.962],[122.735,-4.975],[122.725,-4.99],[122.661,-5.055],[122.643,-5.079],[122.604,-5.16],[122.601,-5.181],[122.607,-5.191],[122.619,-5.191],[122.631,-5.19],[122.636,-5.194],[122.635,-5.207],[122.63,-5.217],[122.622,-5.223],[122.598,-5.228],[122.606,-5.236],[122.629,-5.246],[122.648,-5.256],[122.652,-5.262],[122.656,-5.273],[122.659,-5.296],[122.655,-5.323],[122.647,-5.345],[122.636,-5.355],[122.625,-5.342],[122.616,-5.356],[122.611,-5.38],[122.609,-5.4],[122.605,-5.413],[122.598,-5.42],[122.591,-5.421],[122.588,-5.414],[122.584,-5.409],[122.576,-5.414],[122.564,-5.428],[122.543,-5.429],[122.541,-5.388],[122.543,-5.339],[122.537,-5.315],[122.529,-5.306],[122.521,-5.292],[122.511,-5.287],[122.499,-5.308],[122.497,-5.318],[122.499,-5.339],[122.499,-5.349],[122.485,-5.383],[122.469,-5.396],[122.45,-5.399],[122.432,-5.393],[122.416,-5.377],[122.407,-5.353],[122.415,-5.339],[122.451,-5.321],[122.451,-5.315],[122.434,-5.315],[122.422,-5.312],[122.41,-5.312],[122.395,-5.321],[122.387,-5.331],[122.384,-5.342],[122.383,-5.373],[122.377,-5.385],[122.364,-5.39],[122.313,-5.39],[122.301,-5.387],[122.29,-5.381],[122.28,-5.37],[122.287,-5.363],[122.276,-5.346],[122.275,-5.328],[122.282,-5.308],[122.307,-5.264],[122.316,-5.243],[122.32,-5.219],[122.326,-5.145],[122.333,-5.124],[122.342,-5.109],[122.351,-5.105],[122.377,-5.098],[122.383,-5.092],[122.385,-5.087],[122.403,-5.062],[122.396,-5.048],[122.392,-5.03],[122.386,-4.979],[122.372,-4.955],[122.365,-4.915],[122.355,-4.885],[122.342,-4.858],[122.327,-4.842],[122.327,-4.835],[122.345,-4.815],[122.367,-4.766],[122.383,-4.746],[122.405,-4.738],[122.471,-4.731],[122.499,-4.725],[122.529,-4.71],[122.601,-4.656],[122.657,-4.624],[122.691,-4.612],[122.711,-4.615],[122.727,-4.628],[122.736,-4.644],[122.753,-4.773],[122.753,-4.844],[122.756,-4.856],[122.77,-4.874],[122.773,-4.88],[122.774,-4.888],[122.779,-4.905],[122.78,-4.917]]],[[[123.15,-5.225],[123.189,-5.248],[123.209,-5.265],[123.218,-5.284],[123.213,-5.302],[123.201,-5.317],[123.177,-5.342],[123.158,-5.374],[123.145,-5.385],[123.103,-5.395],[123.066,-5.418],[123.047,-5.424],[123.031,-5.42],[123.01,-5.396],[122.995,-5.39],[122.978,-5.394],[122.893,-5.444],[122.876,-5.458],[122.863,-5.496],[122.861,-5.508],[122.866,-5.514],[122.876,-5.511],[122.902,-5.5],[122.91,-5.499],[122.918,-5.527],[122.897,-5.571],[122.849,-5.637],[122.828,-5.676],[122.813,-5.688],[122.79,-5.692],[122.788,-5.687],[122.786,-5.663],[122.783,-5.654],[122.771,-5.642],[122.768,-5.641],[122.766,-5.648],[122.754,-5.666],[122.75,-5.675],[122.747,-5.679],[122.739,-5.671],[122.737,-5.661],[122.74,-5.637],[122.736,-5.627],[122.722,-5.628],[122.691,-5.666],[122.677,-5.679],[122.654,-5.678],[122.638,-5.662],[122.567,-5.507],[122.644,-5.439],[122.655,-5.425],[122.652,-5.411],[122.629,-5.404],[122.636,-5.391],[122.663,-5.355],[122.673,-5.324],[122.678,-5.322],[122.685,-5.323],[122.691,-5.321],[122.704,-5.303],[122.721,-5.266],[122.732,-5.253],[122.753,-5.246],[122.779,-5.241],[122.803,-5.232],[122.815,-5.211],[122.814,-5.193],[122.809,-5.189],[122.763,-5.208],[122.758,-5.207],[122.766,-5.191],[122.755,-5.178],[122.757,-5.165],[122.773,-5.144],[122.778,-5.13],[122.778,-5.105],[122.78,-5.089],[122.798,-5.061],[122.804,-5.044],[122.801,-5.026],[122.791,-5.021],[122.78,-5.025],[122.767,-5.031],[122.753,-5.034],[122.762,-5.015],[122.818,-4.969],[122.827,-4.952],[122.834,-4.929],[122.836,-4.904],[122.835,-4.883],[122.831,-4.873],[122.825,-4.863],[122.82,-4.852],[122.821,-4.842],[122.829,-4.836],[122.84,-4.835],[122.851,-4.831],[122.855,-4.818],[122.848,-4.649],[122.855,-4.61],[122.869,-4.568],[122.899,-4.51],[122.904,-4.489],[122.909,-4.475],[122.923,-4.462],[123.02,-4.39],[123.041,-4.384],[123.069,-4.383],[123.086,-4.389],[123.062,-4.421],[123.069,-4.44],[123.084,-4.456],[123.148,-4.508],[123.164,-4.527],[123.19,-4.567],[123.2,-4.589],[123.204,-4.612],[123.202,-4.622],[123.193,-4.641],[123.191,-4.653],[123.193,-4.663],[123.199,-4.667],[123.206,-4.671],[123.211,-4.678],[123.217,-4.711],[123.22,-4.817],[123.211,-4.842],[123.197,-4.837],[123.189,-4.817],[123.184,-4.777],[123.182,-4.772],[123.171,-4.756],[123.167,-4.753],[123.158,-4.748],[123.155,-4.739],[123.153,-4.727],[123.15,-4.718],[123.124,-4.71],[123.105,-4.767],[123.082,-4.739],[123.078,-4.743],[123.071,-4.748],[123.067,-4.753],[123.052,-4.74],[123.046,-4.753],[123.047,-4.797],[123.043,-4.803],[123.024,-4.815],[123.02,-4.825],[123.013,-4.857],[123.012,-4.869],[123.017,-4.91],[123.015,-4.929],[122.99,-4.945],[122.977,-4.962],[122.968,-4.981],[122.964,-4.993],[122.966,-5.004],[122.97,-5.012],[122.974,-5.019],[122.978,-5.026],[122.985,-5.053],[122.985,-5.065],[122.984,-5.088],[122.979,-5.103],[122.955,-5.15],[122.948,-5.172],[122.95,-5.19],[122.968,-5.198],[122.988,-5.187],[123.003,-5.163],[123.02,-5.142],[123.047,-5.137],[123.059,-5.144],[123.063,-5.153],[123.063,-5.162],[123.067,-5.171],[123.102,-5.181],[123.107,-5.198],[123.118,-5.209],[123.15,-5.225]]],[[[123.204,-3.993],[123.234,-4.015],[123.251,-4.051],[123.253,-4.09],[123.239,-4.122],[123.196,-4.188],[123.169,-4.221],[123.136,-4.239],[123.087,-4.234],[123.045,-4.21],[123.009,-4.172],[122.978,-4.129],[122.969,-4.108],[122.96,-4.065],[122.951,-4.047],[122.961,-4.035],[122.987,-4.018],[122.998,-4.007],[123.016,-3.981],[123.028,-3.974],[123.047,-3.979],[123.062,-3.987],[123.082,-4.001],[123.102,-4.012],[123.119,-4.01],[123.135,-4],[123.158,-3.993],[123.184,-3.99],[123.204,-3.993]]],[[[123.177,-3.574],[123.177,-3.601],[123.16,-3.604],[123.139,-3.603],[123.129,-3.618],[123.12,-3.629],[123.099,-3.619],[123.078,-3.603],[123.067,-3.59],[123.062,-3.58],[123.061,-3.571],[123.071,-3.567],[123.083,-3.564],[123.141,-3.539],[123.157,-3.545],[123.17,-3.558],[123.177,-3.574]]]]}},{"type":"Feature","id":"ID-SN","properties":{"id":"ID-SN","countryCode":"ID","isoSubdivision":"ID-SN","name":"South Sulawesi","name_en":"South Sulawesi","name_ko":"남술라웨시","type":"Province","labelLongitude":119.99,"labelLatitude":-3.744,"minZoom":4.6},"geometry":{"type":"MultiPolygon","coordinates":[[[[120.96,-7.282],[121.02,-7.28],[121.05,-7.286],[121.067,-7.303],[121.057,-7.321],[121.026,-7.332],[120.993,-7.334],[120.977,-7.326],[120.964,-7.314],[120.9,-7.304],[120.881,-7.295],[120.864,-7.302],[120.84,-7.304],[120.816,-7.302],[120.799,-7.295],[120.794,-7.288],[120.792,-7.279],[120.794,-7.271],[120.8,-7.264],[120.816,-7.258],[120.835,-7.261],[120.871,-7.274],[120.96,-7.282]]],[[[120.758,-7.076],[120.773,-7.059],[120.781,-7.056],[120.785,-7.072],[120.783,-7.089],[120.774,-7.116],[120.771,-7.131],[120.742,-7.135],[120.706,-7.133],[120.683,-7.124],[120.682,-7.139],[120.67,-7.151],[120.633,-7.132],[120.62,-7.109],[120.624,-7.094],[120.598,-7.098],[120.581,-7.092],[120.563,-7.095],[120.556,-7.073],[120.566,-7.067],[120.591,-7.08],[120.614,-7.07],[120.62,-7.044],[120.616,-7.023],[120.621,-6.998],[120.636,-7.007],[120.654,-7.01],[120.678,-7.044],[120.73,-7.067],[120.745,-7.074],[120.758,-7.076]]],[[[121.086,-2.91],[121.087,-2.905],[121.082,-2.872],[121.071,-2.851],[121.059,-2.862],[121.053,-2.862],[121.048,-2.851],[121.041,-2.824],[121.033,-2.814],[121.024,-2.823],[121.017,-2.843],[121.012,-2.848],[121.002,-2.848],[120.993,-2.842],[120.987,-2.833],[120.984,-2.824],[120.991,-2.812],[121.005,-2.808],[121.019,-2.802],[121.025,-2.779],[121.042,-2.784],[121.053,-2.778],[121.067,-2.752],[121.071,-2.755],[121.074,-2.757],[121.077,-2.757],[121.08,-2.759],[121.048,-2.699],[121.036,-2.69],[121.036,-2.686],[121.029,-2.678],[121.015,-2.666],[121.006,-2.661],[120.885,-2.642],[120.872,-2.644],[120.863,-2.647],[120.854,-2.646],[120.844,-2.639],[120.833,-2.628],[120.823,-2.622],[120.813,-2.618],[120.799,-2.615],[120.776,-2.615],[120.761,-2.622],[120.749,-2.631],[120.734,-2.635],[120.713,-2.637],[120.696,-2.642],[120.642,-2.67],[120.627,-2.675],[120.605,-2.676],[120.584,-2.682],[120.575,-2.696],[120.569,-2.714],[120.56,-2.731],[120.543,-2.747],[120.292,-2.903],[120.253,-2.936],[120.232,-2.95],[120.203,-2.958],[120.209,-2.97],[120.226,-2.988],[120.23,-3.002],[120.231,-3.014],[120.234,-3.027],[120.24,-3.036],[120.248,-3.04],[120.261,-3.05],[120.275,-3.103],[120.285,-3.122],[120.279,-3.125],[120.274,-3.129],[120.264,-3.142],[120.285,-3.163],[120.307,-3.174],[120.354,-3.19],[120.383,-3.209],[120.388,-3.215],[120.389,-3.223],[120.394,-3.237],[120.4,-3.251],[120.408,-3.259],[120.426,-3.256],[120.422,-3.268],[120.409,-3.284],[120.402,-3.297],[120.404,-3.307],[120.407,-3.318],[120.409,-3.329],[120.403,-3.346],[120.395,-3.382],[120.398,-3.392],[120.406,-3.412],[120.408,-3.424],[120.408,-3.433],[120.403,-3.45],[120.399,-3.501],[120.4,-3.518],[120.418,-3.564],[120.422,-3.582],[120.422,-3.666],[120.425,-3.673],[120.444,-3.691],[120.447,-3.729],[120.43,-3.767],[120.388,-3.828],[120.371,-3.86],[120.36,-3.894],[120.354,-3.931],[120.352,-4.1],[120.356,-4.116],[120.377,-4.153],[120.381,-4.167],[120.382,-4.208],[120.381,-4.218],[120.375,-4.238],[120.374,-4.249],[120.376,-4.263],[120.388,-4.294],[120.386,-4.329],[120.362,-4.387],[120.367,-4.424],[120.392,-4.453],[120.403,-4.472],[120.399,-4.489],[120.393,-4.506],[120.393,-4.532],[120.397,-4.557],[120.402,-4.574],[120.414,-4.593],[120.444,-4.627],[120.45,-4.647],[120.447,-4.657],[120.438,-4.665],[120.419,-4.681],[120.416,-4.689],[120.396,-4.787],[120.395,-4.811],[120.387,-4.829],[120.366,-4.836],[120.343,-4.837],[120.326,-4.842],[120.309,-4.871],[120.307,-4.993],[120.284,-5.112],[120.276,-5.134],[120.264,-5.15],[120.307,-5.211],[120.315,-5.229],[120.328,-5.269],[120.337,-5.284],[120.381,-5.337],[120.388,-5.352],[120.389,-5.372],[120.433,-5.528],[120.436,-5.565],[120.441,-5.574],[120.459,-5.602],[120.464,-5.62],[120.458,-5.626],[120.431,-5.614],[120.416,-5.617],[120.38,-5.576],[120.374,-5.565],[120.371,-5.554],[120.355,-5.522],[120.348,-5.514],[120.323,-5.51],[120.298,-5.519],[120.273,-5.532],[120.252,-5.541],[120.207,-5.548],[120.199,-5.551],[120.176,-5.569],[120.157,-5.577],[120.119,-5.588],[120.1,-5.596],[120.094,-5.591],[120.088,-5.589],[120.073,-5.589],[120.01,-5.578],[119.998,-5.572],[119.987,-5.564],[119.961,-5.563],[119.933,-5.565],[119.915,-5.569],[119.899,-5.579],[119.857,-5.62],[119.851,-5.631],[119.848,-5.652],[119.844,-5.661],[119.823,-5.679],[119.806,-5.692],[119.772,-5.701],[119.724,-5.704],[119.677,-5.697],[119.648,-5.679],[119.644,-5.66],[119.642,-5.637],[119.634,-5.617],[119.61,-5.609],[119.59,-5.621],[119.58,-5.642],[119.57,-5.656],[119.552,-5.643],[119.547,-5.632],[119.548,-5.608],[119.546,-5.596],[119.538,-5.585],[119.529,-5.58],[119.521,-5.573],[119.518,-5.558],[119.503,-5.556],[119.474,-5.561],[119.455,-5.574],[119.47,-5.596],[119.448,-5.595],[119.433,-5.588],[119.425,-5.573],[119.422,-5.551],[119.426,-5.542],[119.433,-5.532],[119.438,-5.522],[119.432,-5.51],[119.425,-5.501],[119.415,-5.482],[119.38,-5.434],[119.36,-5.396],[119.353,-5.356],[119.361,-5.308],[119.37,-5.277],[119.375,-5.212],[119.38,-5.192],[119.395,-5.157],[119.404,-5.124],[119.408,-5.116],[119.417,-5.109],[119.437,-5.099],[119.446,-5.092],[119.46,-5.073],[119.466,-5.056],[119.47,-5.02],[119.483,-4.986],[119.52,-4.917],[119.525,-4.883],[119.491,-4.754],[119.497,-4.718],[119.502,-4.714],[119.519,-4.704],[119.525,-4.698],[119.539,-4.667],[119.542,-4.653],[119.585,-4.579],[119.591,-4.564],[119.606,-4.42],[119.623,-4.352],[119.627,-4.315],[119.626,-4.304],[119.622,-4.287],[119.621,-4.277],[119.618,-4.265],[119.603,-4.252],[119.6,-4.242],[119.605,-4.223],[119.623,-4.184],[119.627,-4.163],[119.618,-4.121],[119.614,-4.113],[119.609,-4.108],[119.606,-4.105],[119.608,-4.093],[119.617,-4.077],[119.621,-4.067],[119.621,-4.057],[119.618,-4.039],[119.621,-4.026],[119.643,-3.993],[119.647,-3.978],[119.631,-3.972],[119.607,-3.976],[119.6,-3.987],[119.6,-4.004],[119.593,-4.026],[119.588,-4.009],[119.585,-3.97],[119.566,-3.94],[119.52,-3.826],[119.497,-3.794],[119.486,-3.754],[119.457,-3.715],[119.454,-3.7],[119.47,-3.67],[119.484,-3.615],[119.494,-3.598],[119.509,-3.578],[119.514,-3.563],[119.512,-3.548],[119.498,-3.495],[119.494,-3.488],[119.491,-3.487],[119.491,-3.486],[119.483,-3.427],[119.464,-3.37],[119.461,-3.356],[119.458,-3.318],[119.453,-3.281],[119.451,-3.276],[119.443,-3.266],[119.418,-3.236],[119.414,-3.227],[119.412,-3.215],[119.414,-3.204],[119.421,-3.193],[119.43,-3.187],[119.44,-3.185],[119.449,-3.186],[119.465,-3.192],[119.475,-3.193],[119.489,-3.189],[119.508,-3.181],[119.541,-3.156],[119.562,-3.145],[119.582,-3.137],[119.626,-3.127],[119.639,-3.121],[119.641,-3.11],[119.635,-3.097],[119.607,-3.059],[119.543,-2.907],[119.539,-2.888],[119.537,-2.869],[119.537,-2.847],[119.542,-2.827],[119.544,-2.814],[119.542,-2.803],[119.515,-2.759],[119.533,-2.751],[119.56,-2.746],[119.579,-2.746],[119.598,-2.747],[119.636,-2.756],[119.661,-2.758],[119.728,-2.738],[119.767,-2.718],[119.778,-2.707],[119.786,-2.695],[119.787,-2.687],[119.783,-2.68],[119.777,-2.674],[119.77,-2.665],[119.767,-2.655],[119.768,-2.644],[119.774,-2.624],[119.775,-2.613],[119.739,-2.565],[119.735,-2.527],[119.738,-2.502],[119.735,-2.487],[119.728,-2.475],[119.719,-2.46],[119.716,-2.45],[119.716,-2.439],[119.729,-2.413],[119.733,-2.396],[119.729,-2.384],[119.722,-2.372],[119.707,-2.354],[119.672,-2.325],[119.66,-2.318],[119.638,-2.309],[119.627,-2.302],[119.624,-2.294],[119.624,-2.28],[119.628,-2.262],[119.631,-2.213],[119.635,-2.194],[119.646,-2.176],[119.753,-2.082],[119.767,-2.077],[119.778,-2.079],[119.789,-2.078],[119.802,-2.072],[119.814,-2.06],[119.825,-2.046],[119.873,-1.955],[119.909,-1.938],[119.965,-1.902],[120.048,-1.861],[120.069,-1.855],[120.101,-1.853],[120.157,-1.86],[120.292,-1.9],[120.323,-1.904],[120.345,-1.9],[120.352,-1.892],[120.357,-1.883],[120.366,-1.861],[120.373,-1.849],[120.384,-1.841],[120.405,-1.838],[120.427,-1.847],[120.448,-1.866],[120.553,-2.025],[120.588,-2.067],[120.625,-2.104],[120.764,-2.217],[120.804,-2.239],[121.35,-2.348],[121.398,-2.364],[121.449,-2.388],[121.471,-2.403],[121.489,-2.418],[121.546,-2.484],[121.608,-2.538],[121.638,-2.558],[121.742,-2.61],[121.764,-2.628],[121.777,-2.647],[121.787,-2.67],[121.794,-2.695],[121.796,-2.717],[121.795,-2.737],[121.792,-2.758],[121.785,-2.777],[121.772,-2.801],[121.616,-2.96],[121.598,-2.973],[121.537,-3.009],[121.515,-3.018],[121.502,-3.021],[121.488,-3.022],[121.475,-3.02],[121.432,-2.994],[121.35,-2.927],[121.278,-2.879],[121.261,-2.872],[121.244,-2.867],[121.226,-2.866],[121.206,-2.866],[121.164,-2.873],[121.128,-2.886],[121.087,-2.91],[121.086,-2.91]]],[[[120.546,-5.938],[120.555,-5.979],[120.559,-6.023],[120.559,-6.066],[120.553,-6.11],[120.53,-6.173],[120.526,-6.195],[120.532,-6.248],[120.53,-6.287],[120.522,-6.337],[120.515,-6.352],[120.503,-6.373],[120.501,-6.393],[120.505,-6.432],[120.5,-6.452],[120.49,-6.471],[120.481,-6.477],[120.475,-6.435],[120.466,-6.403],[120.464,-6.384],[120.471,-6.275],[120.468,-6.264],[120.46,-6.26],[120.448,-6.257],[120.445,-6.248],[120.445,-6.238],[120.444,-6.226],[120.431,-6.195],[120.429,-6.186],[120.433,-6.174],[120.447,-6.154],[120.45,-6.141],[120.452,-6.081],[120.441,-5.978],[120.448,-5.844],[120.457,-5.801],[120.47,-5.767],[120.48,-5.764],[120.489,-5.767],[120.494,-5.775],[120.497,-5.783],[120.496,-5.806],[120.503,-5.823],[120.513,-5.837],[120.518,-5.853],[120.521,-5.875],[120.546,-5.938]]],[[[121.78,-7.343],[121.818,-7.334],[121.837,-7.357],[121.835,-7.388],[121.81,-7.404],[121.776,-7.417],[121.759,-7.416],[121.752,-7.394],[121.754,-7.379],[121.76,-7.364],[121.769,-7.351],[121.78,-7.343]]]]}},{"type":"Feature","id":"ID-SR","properties":{"id":"ID-SR","countryCode":"ID","isoSubdivision":"ID-SR","name":"West Sulawesi","name_en":"West Sulawesi","name_ko":"서술라웨시","type":"Province","labelLongitude":119.316,"labelLatitude":-2.696,"minZoom":4.6},"geometry":{"type":"Polygon","coordinates":[[[119.491,-3.487],[119.486,-3.483],[119.466,-3.477],[119.457,-3.471],[119.432,-3.475],[119.403,-3.462],[119.373,-3.443],[119.347,-3.431],[119.312,-3.426],[119.298,-3.428],[119.292,-3.434],[119.284,-3.446],[119.245,-3.476],[119.23,-3.485],[119.209,-3.49],[119.192,-3.487],[119.176,-3.481],[119.158,-3.478],[119.141,-3.482],[119.118,-3.5],[119.099,-3.505],[119.027,-3.51],[118.999,-3.525],[119.004,-3.56],[118.992,-3.557],[118.979,-3.542],[118.97,-3.54],[118.962,-3.546],[118.949,-3.569],[118.939,-3.574],[118.927,-3.566],[118.917,-3.547],[118.88,-3.443],[118.859,-3.411],[118.849,-3.391],[118.842,-3.368],[118.84,-3.348],[118.844,-3.329],[118.85,-3.312],[118.853,-3.296],[118.834,-3.26],[118.823,-3.193],[118.817,-3.172],[118.812,-3.163],[118.803,-3.157],[118.792,-3.152],[118.782,-3.144],[118.778,-3.132],[118.776,-3.122],[118.766,-3.103],[118.764,-3.091],[118.768,-3.084],[118.785,-3.065],[118.791,-3.06],[118.799,-3.062],[118.823,-3.071],[118.836,-3.074],[118.848,-3.068],[118.853,-3.053],[118.857,-2.973],[118.864,-2.943],[118.882,-2.924],[118.886,-2.91],[118.888,-2.883],[118.886,-2.87],[118.881,-2.861],[118.872,-2.855],[118.86,-2.848],[118.834,-2.841],[118.813,-2.844],[118.772,-2.862],[118.771,-2.839],[118.76,-2.797],[118.757,-2.776],[118.76,-2.765],[118.775,-2.745],[118.778,-2.735],[118.778,-2.69],[118.782,-2.673],[118.792,-2.65],[118.806,-2.63],[118.823,-2.621],[118.841,-2.628],[118.855,-2.642],[118.871,-2.654],[118.895,-2.656],[118.914,-2.648],[118.959,-2.619],[118.982,-2.597],[119.004,-2.585],[119.015,-2.577],[119.021,-2.567],[119.032,-2.532],[119.047,-2.513],[119.065,-2.503],[119.084,-2.495],[119.136,-2.454],[119.141,-2.442],[119.138,-2.38],[119.13,-2.355],[119.127,-2.255],[119.131,-2.244],[119.138,-2.231],[119.142,-2.217],[119.134,-2.204],[119.171,-2.15],[119.186,-2.121],[119.216,-2.01],[119.235,-1.982],[119.264,-1.963],[119.287,-1.958],[119.304,-1.962],[119.319,-1.967],[119.336,-1.97],[119.347,-1.959],[119.354,-1.935],[119.367,-1.847],[119.367,-1.833],[119.365,-1.828],[119.36,-1.824],[119.35,-1.816],[119.336,-1.798],[119.329,-1.781],[119.308,-1.695],[119.305,-1.652],[119.31,-1.63],[119.329,-1.593],[119.333,-1.573],[119.309,-1.505],[119.302,-1.494],[119.297,-1.411],[119.295,-1.405],[119.294,-1.399],[119.299,-1.388],[119.306,-1.381],[119.328,-1.361],[119.333,-1.35],[119.331,-1.33],[119.313,-1.285],[119.314,-1.246],[119.328,-1.214],[119.35,-1.189],[119.374,-1.169],[119.381,-1.159],[119.389,-1.145],[119.399,-1.133],[119.412,-1.129],[119.429,-1.124],[119.444,-1.113],[119.453,-1.096],[119.46,-1.058],[119.474,-1.021],[119.482,-0.963],[119.49,-0.946],[119.501,-0.932],[119.509,-0.919],[119.518,-0.877],[119.525,-0.86],[119.537,-0.85],[119.566,-0.834],[119.567,-0.836],[119.573,-0.878],[119.567,-0.994],[119.568,-1.027],[119.572,-1.052],[119.595,-1.119],[119.602,-1.151],[119.599,-1.169],[119.589,-1.184],[119.527,-1.224],[119.512,-1.237],[119.499,-1.255],[119.487,-1.289],[119.487,-1.311],[119.494,-1.329],[119.508,-1.34],[119.525,-1.349],[119.642,-1.394],[119.657,-1.403],[119.671,-1.417],[119.682,-1.434],[119.693,-1.461],[119.707,-1.565],[119.715,-1.592],[119.725,-1.613],[119.768,-1.669],[119.794,-1.696],[119.822,-1.729],[119.839,-1.757],[119.845,-1.775],[119.846,-1.792],[119.838,-1.819],[119.823,-1.872],[119.822,-1.887],[119.822,-1.908],[119.827,-1.924],[119.836,-1.939],[119.847,-1.949],[119.855,-1.954],[119.873,-1.955],[119.825,-2.046],[119.814,-2.06],[119.802,-2.072],[119.789,-2.078],[119.778,-2.079],[119.767,-2.077],[119.753,-2.082],[119.646,-2.176],[119.635,-2.194],[119.631,-2.213],[119.628,-2.262],[119.624,-2.28],[119.624,-2.294],[119.627,-2.302],[119.638,-2.309],[119.66,-2.318],[119.672,-2.325],[119.707,-2.354],[119.722,-2.372],[119.729,-2.384],[119.733,-2.396],[119.729,-2.413],[119.716,-2.439],[119.716,-2.45],[119.719,-2.46],[119.728,-2.475],[119.735,-2.487],[119.738,-2.502],[119.735,-2.527],[119.739,-2.565],[119.775,-2.613],[119.774,-2.624],[119.768,-2.644],[119.767,-2.655],[119.77,-2.665],[119.777,-2.674],[119.783,-2.68],[119.787,-2.687],[119.786,-2.695],[119.778,-2.707],[119.767,-2.718],[119.728,-2.738],[119.661,-2.758],[119.636,-2.756],[119.598,-2.747],[119.579,-2.746],[119.56,-2.746],[119.533,-2.751],[119.515,-2.759],[119.542,-2.803],[119.544,-2.814],[119.542,-2.827],[119.537,-2.847],[119.537,-2.869],[119.539,-2.888],[119.543,-2.907],[119.607,-3.059],[119.635,-3.097],[119.641,-3.11],[119.639,-3.121],[119.626,-3.127],[119.582,-3.137],[119.562,-3.145],[119.541,-3.156],[119.508,-3.181],[119.489,-3.189],[119.475,-3.193],[119.465,-3.192],[119.449,-3.186],[119.44,-3.185],[119.43,-3.187],[119.421,-3.193],[119.414,-3.204],[119.412,-3.215],[119.414,-3.227],[119.418,-3.236],[119.443,-3.266],[119.451,-3.276],[119.453,-3.281],[119.458,-3.318],[119.461,-3.356],[119.464,-3.37],[119.483,-3.427],[119.491,-3.486],[119.491,-3.487]]]}},{"type":"Feature","id":"ID-SS","properties":{"id":"ID-SS","countryCode":"ID","isoSubdivision":"ID-SS","name":"South Sumatra","name_en":"South Sumatra","name_ko":"남수마트라","type":"Province","labelLongitude":104.073,"labelLatitude":-3.382,"minZoom":4.6},"geometry":{"type":"Polygon","coordinates":[[[104.532,-1.734],[104.534,-1.74],[104.538,-1.761],[104.537,-1.772],[104.533,-1.783],[104.517,-1.809],[104.512,-1.821],[104.489,-1.86],[104.483,-1.881],[104.484,-1.897],[104.487,-1.91],[104.497,-1.936],[104.514,-1.919],[104.527,-1.867],[104.537,-1.854],[104.564,-1.858],[104.587,-1.877],[104.606,-1.899],[104.624,-1.909],[104.637,-1.922],[104.63,-1.949],[104.614,-1.978],[104.603,-1.995],[104.595,-2.003],[104.587,-2.013],[104.589,-2.019],[104.606,-2.018],[104.621,-2.01],[104.643,-1.982],[104.655,-1.97],[104.66,-1.99],[104.66,-2.013],[104.664,-2.031],[104.678,-2.039],[104.681,-2.04],[104.683,-2.042],[104.686,-2.045],[104.692,-2.046],[104.695,-2.044],[104.697,-2.039],[104.7,-2.034],[104.706,-2.032],[104.71,-2.029],[104.729,-2.012],[104.773,-1.998],[104.815,-2.008],[104.85,-2.038],[104.874,-2.08],[104.883,-2.126],[104.876,-2.165],[104.86,-2.199],[104.828,-2.247],[104.757,-2.33],[104.743,-2.341],[104.727,-2.344],[104.685,-2.346],[104.671,-2.351],[104.657,-2.365],[104.623,-2.387],[104.606,-2.402],[104.676,-2.372],[104.71,-2.371],[104.729,-2.409],[104.73,-2.453],[104.727,-2.478],[104.713,-2.511],[104.713,-2.558],[104.709,-2.574],[104.699,-2.582],[104.681,-2.591],[104.661,-2.598],[104.644,-2.601],[104.633,-2.605],[104.603,-2.627],[104.57,-2.656],[104.549,-2.685],[104.536,-2.719],[104.537,-2.759],[104.535,-2.757],[104.533,-2.763],[104.531,-2.773],[104.547,-2.76],[104.563,-2.738],[104.574,-2.715],[104.579,-2.694],[104.585,-2.678],[104.6,-2.664],[104.634,-2.642],[104.703,-2.609],[104.731,-2.591],[104.75,-2.56],[104.769,-2.495],[104.771,-2.474],[104.768,-2.43],[104.772,-2.414],[104.784,-2.395],[104.816,-2.365],[104.832,-2.345],[104.846,-2.302],[104.863,-2.289],[104.883,-2.285],[104.901,-2.293],[104.909,-2.313],[104.909,-2.337],[104.912,-2.36],[104.929,-2.375],[104.931,-2.351],[104.941,-2.336],[104.958,-2.329],[104.98,-2.326],[105.002,-2.332],[105.016,-2.345],[105.029,-2.358],[105.045,-2.367],[105.054,-2.367],[105.075,-2.362],[105.087,-2.361],[105.097,-2.365],[105.111,-2.378],[105.117,-2.38],[105.138,-2.376],[105.202,-2.347],[105.224,-2.343],[105.247,-2.343],[105.269,-2.347],[105.307,-2.369],[105.331,-2.373],[105.38,-2.375],[105.467,-2.388],[105.511,-2.391],[105.535,-2.395],[105.552,-2.402],[105.552,-2.409],[105.549,-2.409],[105.542,-2.409],[105.538,-2.409],[105.549,-2.421],[105.564,-2.415],[105.579,-2.402],[105.59,-2.395],[105.609,-2.396],[105.624,-2.402],[105.633,-2.416],[105.635,-2.443],[105.629,-2.465],[105.611,-2.506],[105.607,-2.529],[105.608,-2.552],[105.612,-2.574],[105.618,-2.595],[105.628,-2.615],[105.639,-2.631],[105.654,-2.649],[105.673,-2.663],[105.702,-2.671],[105.723,-2.681],[105.733,-2.683],[105.757,-2.683],[105.768,-2.685],[105.778,-2.69],[105.795,-2.724],[105.792,-2.862],[105.81,-2.899],[105.84,-2.93],[105.879,-2.951],[105.923,-2.958],[105.933,-2.956],[105.952,-2.951],[105.963,-2.95],[105.975,-2.953],[105.991,-2.962],[106.001,-2.964],[106.016,-2.969],[106.028,-2.983],[106.046,-3.012],[106.054,-3.047],[106.053,-3.129],[106.059,-3.17],[106.064,-3.18],[106.077,-3.201],[106.08,-3.212],[106.079,-3.224],[106.074,-3.245],[106.073,-3.256],[106.063,-3.267],[105.997,-3.3],[105.963,-3.329],[105.929,-3.365],[105.9,-3.407],[105.881,-3.451],[105.82,-3.673],[105.826,-3.712],[105.851,-3.743],[105.933,-3.802],[105.952,-3.834],[105.953,-3.869],[105.936,-3.91],[105.87,-4.004],[105.861,-4.037],[105.855,-4.071],[105.831,-4.14],[105.828,-4.158],[105.789,-4.137],[105.765,-4.142],[105.748,-4.15],[105.709,-4.15],[105.701,-4.142],[105.693,-4.119],[105.686,-4.111],[105.677,-4.104],[105.656,-4.105],[105.649,-4.099],[105.648,-4.088],[105.648,-4.079],[105.647,-4.071],[105.639,-4.061],[105.632,-4.057],[105.625,-4.056],[105.607,-4.059],[105.602,-4.054],[105.602,-4.047],[105.609,-4.028],[105.611,-4.019],[105.61,-4.01],[105.606,-4],[105.605,-3.998],[105.596,-3.982],[105.592,-3.97],[105.584,-3.957],[105.572,-3.946],[105.563,-3.932],[105.55,-3.916],[105.541,-3.911],[105.53,-3.91],[105.524,-3.905],[105.521,-3.9],[105.521,-3.892],[105.519,-3.883],[105.513,-3.868],[105.504,-3.86],[105.474,-3.847],[105.442,-3.842],[105.433,-3.834],[105.414,-3.805],[105.402,-3.797],[105.391,-3.793],[105.381,-3.794],[105.367,-3.8],[105.359,-3.801],[105.347,-3.797],[105.341,-3.787],[105.331,-3.763],[105.322,-3.752],[105.316,-3.752],[105.31,-3.756],[105.305,-3.764],[105.302,-3.772],[105.3,-3.782],[105.3,-3.792],[105.299,-3.799],[105.296,-3.804],[105.291,-3.806],[105.287,-3.809],[105.285,-3.812],[105.284,-3.817],[105.284,-3.835],[105.283,-3.844],[105.27,-3.879],[105.266,-3.886],[105.251,-3.9],[105.241,-3.908],[105.229,-3.911],[105.217,-3.912],[105.202,-3.906],[105.192,-3.907],[105.183,-3.911],[105.166,-3.928],[105.157,-3.935],[105.142,-3.94],[105.134,-3.947],[105.129,-3.956],[105.128,-3.966],[105.127,-3.986],[105.126,-3.994],[105.124,-3.998],[105.109,-4.019],[105.105,-4.027],[105.105,-4.032],[105.107,-4.037],[105.116,-4.047],[105.116,-4.053],[105.111,-4.06],[105.082,-4.077],[105.073,-4.085],[105.064,-4.096],[105.057,-4.11],[105.053,-4.124],[105.045,-4.135],[105.029,-4.148],[105.018,-4.159],[105.009,-4.169],[104.974,-4.186],[104.924,-4.195],[104.885,-4.21],[104.84,-4.221],[104.674,-4.297],[104.602,-4.314],[104.55,-4.314],[104.527,-4.32],[104.466,-4.348],[104.442,-4.363],[104.41,-4.392],[104.397,-4.405],[104.309,-4.44],[104.299,-4.467],[104.293,-4.495],[104.297,-4.525],[104.308,-4.595],[104.31,-4.61],[104.309,-4.628],[104.3,-4.643],[104.294,-4.651],[104.288,-4.657],[104.272,-4.667],[104.269,-4.671],[104.266,-4.689],[104.264,-4.695],[104.263,-4.701],[104.265,-4.708],[104.272,-4.716],[104.282,-4.723],[104.285,-4.728],[104.287,-4.753],[104.29,-4.762],[104.294,-4.771],[104.311,-4.788],[104.316,-4.795],[104.326,-4.805],[104.332,-4.809],[104.337,-4.814],[104.339,-4.821],[104.338,-4.834],[104.336,-4.842],[104.321,-4.871],[104.303,-4.888],[104.298,-4.892],[104.288,-4.895],[104.277,-4.896],[104.246,-4.891],[104.21,-4.893],[104.155,-4.931],[104.081,-4.947],[104.052,-4.946],[104.021,-4.943],[103.986,-4.942],[103.927,-4.934],[103.889,-4.934],[103.873,-4.929],[103.864,-4.922],[103.862,-4.912],[103.857,-4.902],[103.854,-4.893],[103.855,-4.883],[103.857,-4.873],[103.857,-4.863],[103.855,-4.854],[103.847,-4.847],[103.837,-4.841],[103.822,-4.835],[103.765,-4.805],[103.757,-4.786],[103.748,-4.777],[103.729,-4.766],[103.723,-4.757],[103.72,-4.744],[103.718,-4.73],[103.694,-4.639],[103.689,-4.626],[103.68,-4.618],[103.667,-4.583],[103.637,-4.548],[103.629,-4.531],[103.622,-4.505],[103.616,-4.418],[103.611,-4.402],[103.603,-4.39],[103.592,-4.384],[103.581,-4.381],[103.536,-4.378],[103.522,-4.378],[103.493,-4.369],[103.448,-4.339],[103.391,-4.335],[103.358,-4.323],[103.313,-4.296],[103.269,-4.287],[103.241,-4.272],[103.222,-4.265],[103.215,-4.263],[103.199,-4.265],[103.186,-4.243],[103.181,-4.161],[103.175,-4.14],[103.148,-4.08],[103.142,-4.047],[103.136,-4.04],[103.129,-4.033],[103.122,-4.03],[103.107,-4.02],[103.101,-4.019],[103.091,-4.019],[103.08,-4.022],[103.054,-4.023],[103.035,-4.025],[103.021,-4.024],[102.999,-4.026],[102.981,-4.035],[102.936,-4],[102.927,-3.996],[102.908,-3.991],[102.873,-4.001],[102.857,-4.003],[102.845,-4],[102.799,-3.982],[102.781,-3.972],[102.768,-3.961],[102.744,-3.924],[102.732,-3.91],[102.696,-3.887],[102.684,-3.875],[102.672,-3.858],[102.661,-3.845],[102.636,-3.827],[102.63,-3.814],[102.655,-3.807],[102.685,-3.799],[102.702,-3.791],[102.822,-3.681],[102.844,-3.666],[102.864,-3.656],[102.885,-3.642],[102.897,-3.631],[102.898,-3.617],[102.892,-3.604],[102.883,-3.59],[102.88,-3.579],[102.883,-3.574],[102.892,-3.574],[102.917,-3.584],[102.932,-3.587],[102.945,-3.585],[102.958,-3.582],[102.968,-3.581],[102.993,-3.584],[103.007,-3.565],[103.017,-3.485],[103.016,-3.459],[103.012,-3.434],[103.009,-3.425],[103.005,-3.415],[102.999,-3.408],[102.989,-3.402],[102.975,-3.396],[102.947,-3.392],[102.929,-3.386],[102.87,-3.376],[102.856,-3.371],[102.801,-3.336],[102.792,-3.321],[102.782,-3.291],[102.775,-3.283],[102.766,-3.279],[102.747,-3.285],[102.725,-3.298],[102.684,-3.33],[102.651,-3.362],[102.641,-3.369],[102.631,-3.373],[102.611,-3.367],[102.582,-3.35],[102.574,-3.349],[102.563,-3.344],[102.552,-3.336],[102.538,-3.32],[102.523,-3.305],[102.512,-3.294],[102.502,-3.279],[102.492,-3.269],[102.479,-3.26],[102.469,-3.256],[102.462,-3.25],[102.459,-3.244],[102.459,-3.238],[102.462,-3.233],[102.467,-3.227],[102.472,-3.221],[102.476,-3.213],[102.48,-3.18],[102.487,-3.16],[102.489,-3.151],[102.487,-3.142],[102.481,-3.132],[102.472,-3.123],[102.456,-3.111],[102.431,-3.088],[102.369,-3.067],[102.358,-3.065],[102.35,-3.066],[102.343,-3.071],[102.333,-3.082],[102.327,-3.085],[102.317,-3.085],[102.303,-3.08],[102.282,-3.069],[102.269,-3.068],[102.26,-3.069],[102.252,-3.066],[102.241,-3.059],[102.21,-3.023],[102.208,-3.011],[102.215,-3.008],[102.233,-3.007],[102.238,-3.004],[102.24,-3.002],[102.24,-3],[102.235,-2.977],[102.231,-2.965],[102.224,-2.954],[102.205,-2.942],[102.16,-2.902],[102.148,-2.888],[102.133,-2.854],[102.125,-2.84],[102.115,-2.83],[102.088,-2.81],[102.067,-2.782],[102.107,-2.742],[102.117,-2.735],[102.161,-2.726],[102.179,-2.718],[102.233,-2.684],[102.26,-2.64],[102.298,-2.667],[102.351,-2.68],[102.398,-2.71],[102.421,-2.72],[102.448,-2.728],[102.47,-2.73],[102.487,-2.73],[102.503,-2.727],[102.516,-2.722],[102.579,-2.717],[102.596,-2.71],[102.605,-2.699],[102.61,-2.686],[102.619,-2.672],[102.634,-2.658],[102.682,-2.633],[102.699,-2.621],[102.719,-2.602],[102.724,-2.602],[102.728,-2.607],[102.734,-2.61],[102.745,-2.607],[102.762,-2.597],[102.779,-2.583],[102.792,-2.568],[102.864,-2.462],[102.867,-2.448],[102.864,-2.438],[102.856,-2.429],[102.848,-2.422],[102.841,-2.411],[102.84,-2.398],[102.844,-2.381],[102.852,-2.365],[102.862,-2.354],[102.874,-2.352],[102.894,-2.354],[102.923,-2.363],[102.954,-2.369],[102.986,-2.38],[103.015,-2.382],[103.044,-2.369],[103.098,-2.391],[103.123,-2.398],[103.143,-2.394],[103.187,-2.378],[103.199,-2.37],[103.205,-2.361],[103.205,-2.349],[103.203,-2.334],[103.196,-2.318],[103.187,-2.307],[103.178,-2.297],[103.17,-2.286],[103.17,-2.271],[103.178,-2.249],[103.194,-2.226],[103.216,-2.186],[103.233,-2.179],[103.248,-2.184],[103.259,-2.194],[103.272,-2.209],[103.289,-2.246],[103.296,-2.269],[103.304,-2.285],[103.419,-2.394],[103.439,-2.403],[103.449,-2.404],[103.457,-2.402],[103.461,-2.397],[103.461,-2.39],[103.461,-2.383],[103.46,-2.377],[103.46,-2.371],[103.46,-2.365],[103.463,-2.358],[103.463,-2.352],[103.461,-2.324],[103.45,-2.277],[103.449,-2.268],[103.45,-2.259],[103.454,-2.246],[103.46,-2.238],[103.47,-2.234],[103.507,-2.229],[103.524,-2.225],[103.538,-2.218],[103.548,-2.21],[103.553,-2.203],[103.553,-2.197],[103.548,-2.192],[103.537,-2.181],[103.532,-2.174],[103.522,-2.151],[103.518,-2.12],[103.529,-1.998],[103.52,-1.979],[103.535,-1.968],[103.886,-1.795],[103.918,-1.789],[103.958,-1.791],[104.126,-1.831],[104.174,-1.836],[104.236,-1.829],[104.322,-1.804],[104.338,-1.792],[104.349,-1.781],[104.376,-1.714],[104.382,-1.703],[104.389,-1.696],[104.398,-1.69],[104.411,-1.689],[104.428,-1.694],[104.457,-1.711],[104.486,-1.732],[104.496,-1.738],[104.508,-1.74],[104.515,-1.741],[104.532,-1.734]]]}},{"type":"Feature","id":"ID-ST","properties":{"id":"ID-ST","countryCode":"ID","isoSubdivision":"ID-ST","name":"Central Sulawesi","name_en":"Central Sulawesi","name_ko":"중앙술라웨시","type":"Province","labelLongitude":120.153,"labelLatitude":-1.301,"minZoom":4.6},"geometry":{"type":"MultiPolygon","coordinates":[[[[123.877,-2.018],[123.879,-2.032],[123.888,-2.051],[123.89,-2.063],[123.887,-2.074],[123.881,-2.069],[123.869,-2.053],[123.864,-2.055],[123.85,-2.055],[123.839,-2.049],[123.845,-2.036],[123.86,-2.011],[123.867,-2.006],[123.877,-2.018]]],[[[123.657,-1.909],[123.664,-1.949],[123.664,-1.963],[123.657,-1.963],[123.652,-1.949],[123.65,-1.934],[123.65,-1.902],[123.657,-1.902],[123.657,-1.909]]],[[[123.738,-1.908],[123.74,-1.916],[123.746,-1.929],[123.746,-1.936],[123.74,-1.941],[123.712,-1.957],[123.706,-1.934],[123.713,-1.912],[123.726,-1.9],[123.738,-1.908]]],[[[120.649,1.072],[120.66,1.068],[120.669,1.061],[120.683,1.045],[120.667,1.043],[120.632,1.069],[120.608,1.072],[120.618,1.077],[120.628,1.079],[120.639,1.078],[120.649,1.072]]],[[[120.378,1.08],[120.392,1.086],[120.402,1.077],[120.407,1.061],[120.404,1.045],[120.4,1.038],[120.394,1.031],[120.386,1.026],[120.378,1.024],[120.369,1.032],[120.368,1.049],[120.372,1.068],[120.378,1.08]]],[[[121.333,0.462],[121.33,0.462],[121.32,0.465],[121.296,0.479],[121.286,0.483],[121.261,0.482],[121.22,0.466],[121.2,0.462],[121.18,0.461],[121.164,0.457],[121.15,0.449],[121.135,0.434],[121.125,0.418],[121.119,0.411],[121.108,0.407],[121.099,0.407],[121.063,0.414],[121.047,0.419],[121.02,0.442],[121.005,0.449],[120.987,0.447],[120.955,0.432],[120.892,0.423],[120.876,0.425],[120.861,0.434],[120.857,0.441],[120.852,0.456],[120.847,0.462],[120.84,0.464],[120.809,0.469],[120.805,0.472],[120.803,0.479],[120.798,0.486],[120.789,0.49],[120.777,0.488],[120.76,0.483],[120.751,0.483],[120.73,0.493],[120.699,0.524],[120.68,0.531],[120.503,0.529],[120.486,0.524],[120.409,0.486],[120.392,0.483],[120.375,0.478],[120.362,0.466],[120.351,0.452],[120.34,0.442],[120.315,0.423],[120.273,0.378],[120.215,0.292],[120.158,0.228],[120.133,0.191],[120.128,0.181],[120.121,0.145],[120.118,0.137],[120.104,0.117],[120.098,0.097],[120.094,0.051],[120.084,0.006],[120.075,-0.016],[120.063,-0.035],[120.028,-0.062],[120.023,-0.071],[120.022,-0.082],[120.025,-0.107],[120.019,-0.153],[120.012,-0.175],[120.001,-0.192],[119.996,-0.209],[119.997,-0.234],[120.019,-0.363],[120.025,-0.384],[120.053,-0.419],[120.059,-0.442],[120.057,-0.452],[120.048,-0.473],[120.046,-0.483],[120.048,-0.494],[120.057,-0.517],[120.073,-0.614],[120.089,-0.657],[120.244,-0.888],[120.256,-0.899],[120.303,-0.932],[120.326,-0.939],[120.348,-0.928],[120.369,-0.911],[120.388,-0.901],[120.412,-0.905],[120.426,-0.92],[120.435,-0.94],[120.447,-0.96],[120.455,-0.966],[120.465,-0.969],[120.488,-0.97],[120.5,-0.975],[120.508,-0.987],[120.518,-1.011],[120.582,-1.105],[120.587,-1.117],[120.588,-1.129],[120.584,-1.138],[120.577,-1.147],[120.575,-1.154],[120.575,-1.163],[120.573,-1.176],[120.567,-1.201],[120.565,-1.216],[120.572,-1.228],[120.619,-1.28],[120.631,-1.3],[120.639,-1.341],[120.649,-1.364],[120.662,-1.385],[120.676,-1.395],[120.737,-1.367],[120.737,-1.361],[120.804,-1.343],[120.83,-1.34],[120.833,-1.345],[120.827,-1.378],[120.832,-1.384],[120.844,-1.39],[120.868,-1.395],[120.89,-1.395],[120.958,-1.387],[120.977,-1.382],[120.988,-1.381],[120.998,-1.386],[121.022,-1.408],[121.033,-1.416],[121.073,-1.421],[121.105,-1.406],[121.131,-1.38],[121.167,-1.323],[121.174,-1.305],[121.178,-1.268],[121.19,-1.221],[121.197,-1.203],[121.207,-1.191],[121.223,-1.175],[121.241,-1.161],[121.256,-1.155],[121.267,-1.149],[121.277,-1.133],[121.292,-1.101],[121.318,-1.067],[121.375,-1.021],[121.43,-0.934],[121.452,-0.906],[121.501,-0.859],[121.516,-0.85],[121.536,-0.847],[121.578,-0.847],[121.585,-0.843],[121.586,-0.833],[121.585,-0.822],[121.588,-0.813],[121.595,-0.808],[121.62,-0.8],[121.629,-0.799],[121.641,-0.801],[121.649,-0.806],[121.655,-0.81],[121.66,-0.813],[121.661,-0.873],[121.663,-0.888],[121.69,-0.909],[121.7,-0.923],[121.707,-0.932],[121.714,-0.935],[121.8,-0.935],[121.845,-0.941],[121.887,-0.951],[121.926,-0.955],[121.964,-0.943],[122,-0.922],[122.019,-0.917],[122.043,-0.915],[122.066,-0.92],[122.086,-0.926],[122.105,-0.926],[122.129,-0.909],[122.141,-0.887],[122.153,-0.853],[122.159,-0.82],[122.156,-0.799],[122.194,-0.769],[122.208,-0.765],[122.41,-0.758],[122.451,-0.751],[122.487,-0.75],[122.557,-0.768],[122.595,-0.765],[122.601,-0.761],[122.606,-0.757],[122.612,-0.752],[122.622,-0.751],[122.636,-0.754],[122.656,-0.768],[122.683,-0.776],[122.699,-0.785],[122.716,-0.792],[122.739,-0.791],[122.787,-0.774],[122.912,-0.763],[122.929,-0.759],[122.945,-0.751],[122.96,-0.737],[122.96,-0.731],[122.897,-0.716],[122.894,-0.713],[122.886,-0.699],[122.883,-0.696],[122.868,-0.693],[122.78,-0.687],[122.766,-0.683],[122.753,-0.676],[122.742,-0.668],[122.733,-0.658],[122.735,-0.648],[122.753,-0.641],[122.766,-0.65],[122.779,-0.646],[122.807,-0.628],[122.813,-0.622],[122.817,-0.615],[122.823,-0.612],[122.839,-0.621],[122.846,-0.619],[122.853,-0.615],[122.855,-0.611],[122.943,-0.605],[122.964,-0.6],[122.976,-0.607],[122.994,-0.608],[123.013,-0.604],[123.026,-0.6],[123.038,-0.59],[123.05,-0.567],[123.061,-0.559],[123.076,-0.556],[123.24,-0.57],[123.274,-0.583],[123.342,-0.62],[123.403,-0.643],[123.417,-0.655],[123.406,-0.668],[123.404,-0.673],[123.406,-0.678],[123.415,-0.687],[123.417,-0.693],[123.419,-0.703],[123.425,-0.708],[123.434,-0.711],[123.445,-0.71],[123.438,-0.73],[123.454,-0.758],[123.44,-0.793],[123.445,-0.833],[123.438,-0.854],[123.41,-0.88],[123.4,-0.895],[123.39,-0.984],[123.383,-1.004],[123.352,-1.04],[123.311,-1.051],[123.27,-1.045],[123.239,-1.025],[123.211,-0.983],[123.201,-0.977],[123.196,-0.97],[123.15,-0.935],[123.148,-0.923],[123.156,-0.898],[123.157,-0.888],[123.151,-0.873],[123.141,-0.862],[123.119,-0.843],[123.096,-0.835],[123.061,-0.881],[123.04,-0.881],[123.009,-0.894],[122.917,-0.9],[122.876,-0.909],[122.839,-0.899],[122.812,-0.924],[122.77,-1.02],[122.761,-1.034],[122.736,-1.063],[122.73,-1.07],[122.727,-1.079],[122.725,-1.088],[122.725,-1.097],[122.721,-1.109],[122.712,-1.114],[122.701,-1.117],[122.691,-1.121],[122.662,-1.143],[122.648,-1.159],[122.638,-1.206],[122.626,-1.218],[122.588,-1.237],[122.572,-1.253],[122.53,-1.316],[122.512,-1.327],[122.503,-1.334],[122.499,-1.343],[122.496,-1.353],[122.483,-1.375],[122.478,-1.381],[122.406,-1.446],[122.382,-1.479],[122.369,-1.493],[122.306,-1.524],[122.233,-1.574],[122.201,-1.604],[122.184,-1.614],[122.172,-1.61],[122.16,-1.6],[122.143,-1.594],[122.124,-1.598],[122.084,-1.617],[122.064,-1.621],[122.054,-1.62],[122.036,-1.614],[122.026,-1.614],[122.019,-1.618],[122.014,-1.624],[122.01,-1.63],[122.005,-1.635],[121.974,-1.655],[121.955,-1.664],[121.943,-1.662],[121.919,-1.673],[121.901,-1.675],[121.861,-1.67],[121.856,-1.688],[121.848,-1.69],[121.831,-1.702],[121.82,-1.708],[121.81,-1.71],[121.799,-1.718],[121.79,-1.736],[121.78,-1.772],[121.755,-1.834],[121.739,-1.862],[121.718,-1.888],[121.692,-1.908],[121.661,-1.921],[121.628,-1.927],[121.563,-1.931],[121.553,-1.929],[121.54,-1.923],[121.535,-1.917],[121.531,-1.908],[121.512,-1.884],[121.505,-1.877],[121.495,-1.874],[121.491,-1.872],[121.457,-1.861],[121.445,-1.842],[121.445,-1.826],[121.441,-1.814],[121.416,-1.806],[121.371,-1.806],[121.365,-1.802],[121.355,-1.786],[121.347,-1.779],[121.312,-1.783],[121.296,-1.817],[121.304,-1.847],[121.341,-1.84],[121.346,-1.856],[121.34,-1.876],[121.331,-1.898],[121.327,-1.919],[121.329,-1.928],[121.338,-1.938],[121.341,-1.947],[121.341,-1.991],[121.351,-1.984],[121.361,-1.976],[121.369,-1.967],[121.375,-1.957],[121.38,-1.943],[121.382,-1.929],[121.388,-1.917],[121.402,-1.909],[121.415,-1.927],[121.436,-1.98],[121.467,-2.001],[121.478,-2.02],[121.491,-2.035],[121.512,-2.032],[121.535,-2.059],[121.555,-2.134],[121.575,-2.163],[121.618,-2.178],[121.66,-2.177],[121.701,-2.18],[121.739,-2.211],[121.767,-2.242],[121.823,-2.287],[121.848,-2.321],[121.865,-2.358],[121.872,-2.38],[121.875,-2.399],[121.883,-2.413],[121.93,-2.463],[121.966,-2.518],[121.978,-2.554],[122.009,-2.594],[122.019,-2.615],[122.019,-2.635],[122.013,-2.681],[122.016,-2.694],[122.06,-2.745],[122.084,-2.764],[122.099,-2.77],[122.137,-2.775],[122.146,-2.779],[122.149,-2.783],[122.153,-2.794],[122.16,-2.799],[122.17,-2.801],[122.177,-2.807],[122.182,-2.823],[122.185,-2.846],[122.193,-2.866],[122.208,-2.875],[122.245,-2.875],[122.266,-2.879],[122.287,-2.889],[122.313,-2.927],[122.294,-2.965],[122.271,-3.002],[122.28,-3.04],[122.287,-3.045],[122.314,-3.06],[122.386,-3.132],[122.394,-3.133],[122.407,-3.128],[122.42,-3.12],[122.43,-3.115],[122.434,-3.129],[122.439,-3.14],[122.446,-3.149],[122.457,-3.156],[122.468,-3.148],[122.473,-3.151],[122.472,-3.162],[122.465,-3.177],[122.459,-3.18],[122.443,-3.185],[122.437,-3.19],[122.435,-3.196],[122.437,-3.211],[122.437,-3.218],[122.434,-3.235],[122.433,-3.243],[122.429,-3.246],[122.416,-3.246],[122.419,-3.244],[122.413,-3.239],[122.403,-3.232],[122.395,-3.23],[122.39,-3.232],[122.386,-3.235],[122.383,-3.238],[122.358,-3.218],[122.339,-3.238],[122.339,-3.237],[122.292,-3.179],[122.207,-3.111],[122.188,-3.1],[122.17,-3.094],[122.154,-3.09],[122.136,-3.089],[122.078,-3.094],[122.058,-3.093],[121.817,-2.995],[121.781,-2.986],[121.67,-2.983],[121.598,-2.973],[121.616,-2.96],[121.772,-2.801],[121.785,-2.777],[121.792,-2.758],[121.795,-2.737],[121.796,-2.717],[121.794,-2.695],[121.787,-2.67],[121.777,-2.647],[121.764,-2.628],[121.742,-2.61],[121.638,-2.558],[121.608,-2.538],[121.546,-2.484],[121.489,-2.418],[121.471,-2.403],[121.449,-2.388],[121.398,-2.364],[121.35,-2.348],[120.804,-2.239],[120.764,-2.217],[120.625,-2.104],[120.588,-2.067],[120.553,-2.025],[120.448,-1.866],[120.427,-1.847],[120.405,-1.838],[120.384,-1.841],[120.373,-1.849],[120.366,-1.861],[120.357,-1.883],[120.352,-1.892],[120.345,-1.9],[120.323,-1.904],[120.292,-1.9],[120.157,-1.86],[120.101,-1.853],[120.069,-1.855],[120.048,-1.861],[119.965,-1.902],[119.909,-1.938],[119.873,-1.955],[119.855,-1.954],[119.847,-1.949],[119.836,-1.939],[119.827,-1.924],[119.822,-1.908],[119.822,-1.887],[119.823,-1.872],[119.838,-1.819],[119.846,-1.792],[119.845,-1.775],[119.839,-1.757],[119.822,-1.729],[119.794,-1.696],[119.768,-1.669],[119.725,-1.613],[119.715,-1.592],[119.707,-1.565],[119.693,-1.461],[119.682,-1.434],[119.671,-1.417],[119.657,-1.403],[119.642,-1.394],[119.525,-1.349],[119.508,-1.34],[119.494,-1.329],[119.487,-1.311],[119.487,-1.289],[119.499,-1.255],[119.512,-1.237],[119.527,-1.224],[119.589,-1.184],[119.599,-1.169],[119.602,-1.151],[119.595,-1.119],[119.572,-1.052],[119.568,-1.027],[119.567,-0.994],[119.573,-0.878],[119.567,-0.836],[119.566,-0.834],[119.574,-0.83],[119.587,-0.819],[119.599,-0.796],[119.603,-0.791],[119.634,-0.778],[119.682,-0.737],[119.658,-0.712],[119.655,-0.706],[119.659,-0.696],[119.67,-0.689],[119.693,-0.679],[119.704,-0.667],[119.725,-0.639],[119.734,-0.634],[119.735,-0.641],[119.75,-0.679],[119.756,-0.704],[119.792,-0.778],[119.81,-0.834],[119.825,-0.859],[119.847,-0.875],[119.862,-0.834],[119.866,-0.814],[119.867,-0.788],[119.865,-0.783],[119.856,-0.769],[119.854,-0.761],[119.855,-0.727],[119.854,-0.716],[119.847,-0.701],[119.824,-0.675],[119.819,-0.665],[119.816,-0.653],[119.792,-0.607],[119.782,-0.569],[119.778,-0.535],[119.775,-0.523],[119.762,-0.491],[119.758,-0.47],[119.781,-0.239],[119.791,-0.209],[119.802,-0.196],[119.808,-0.183],[119.806,-0.154],[119.8,-0.124],[119.792,-0.107],[119.763,-0.119],[119.73,-0.121],[119.7,-0.114],[119.675,-0.099],[119.658,-0.08],[119.639,-0.051],[119.628,-0.018],[119.634,0.01],[119.651,0.002],[119.659,-0.002],[119.668,-0.004],[119.668,0.007],[119.669,0.016],[119.671,0.024],[119.675,0.03],[119.698,0.017],[119.716,0.002],[119.744,-0.031],[119.766,-0.063],[119.778,-0.076],[119.799,-0.086],[119.816,-0.09],[119.826,-0.09],[119.833,-0.084],[119.847,-0.062],[119.857,-0.041],[119.878,0.045],[119.888,0.071],[119.87,0.106],[119.794,0.197],[119.788,0.208],[119.786,0.221],[119.785,0.239],[119.794,0.25],[119.854,0.27],[119.869,0.287],[119.868,0.302],[119.859,0.319],[119.854,0.342],[119.859,0.364],[119.884,0.4],[119.895,0.421],[119.897,0.431],[119.898,0.452],[119.902,0.462],[119.912,0.474],[119.924,0.481],[119.936,0.486],[119.947,0.493],[119.965,0.501],[120.012,0.505],[120.032,0.516],[120.045,0.55],[120.04,0.588],[120.03,0.628],[120.025,0.667],[120.028,0.689],[120.034,0.714],[120.046,0.734],[120.063,0.743],[120.072,0.744],[120.097,0.75],[120.111,0.751],[120.121,0.754],[120.187,0.784],[120.207,0.798],[120.227,0.815],[120.236,0.832],[120.247,0.933],[120.257,0.969],[120.278,0.994],[120.32,0.996],[120.342,0.983],[120.347,0.963],[120.34,0.918],[120.34,0.872],[120.346,0.856],[120.362,0.866],[120.367,0.866],[120.375,0.849],[120.387,0.834],[120.403,0.822],[120.422,0.812],[120.453,0.805],[120.47,0.797],[120.477,0.801],[120.483,0.808],[120.488,0.812],[120.511,0.811],[120.528,0.806],[120.541,0.797],[120.556,0.781],[120.568,0.782],[120.585,0.798],[120.614,0.832],[120.602,0.856],[120.618,0.899],[120.662,0.969],[120.683,0.992],[120.69,0.996],[120.7,0.992],[120.711,0.983],[120.723,0.977],[120.734,0.98],[120.74,0.989],[120.748,1.011],[120.754,1.021],[120.763,1.026],[120.784,1.032],[120.792,1.038],[120.802,1.053],[120.803,1.068],[120.799,1.131],[120.799,1.142],[120.803,1.147],[120.803,1.152],[120.809,1.163],[120.817,1.173],[120.82,1.175],[120.826,1.197],[120.828,1.214],[120.827,1.254],[120.82,1.291],[120.821,1.31],[120.834,1.326],[120.843,1.328],[120.865,1.325],[120.875,1.326],[120.884,1.331],[120.909,1.354],[120.906,1.324],[120.909,1.311],[120.919,1.315],[120.938,1.337],[120.949,1.344],[120.967,1.346],[121.061,1.327],[121.08,1.332],[121.134,1.315],[121.159,1.303],[121.183,1.271],[121.265,1.23],[121.318,1.254],[121.337,1.257],[121.382,1.257],[121.399,1.262],[121.423,1.277],[121.442,1.295],[121.451,1.298],[121.464,1.292],[121.469,1.283],[121.472,1.27],[121.472,1.257],[121.468,1.247],[121.459,1.243],[121.435,1.235],[121.43,1.233],[121.431,1.226],[121.44,1.212],[121.444,1.202],[121.445,1.193],[121.445,1.187],[121.446,1.179],[121.45,1.167],[121.468,1.146],[121.471,1.137],[121.481,1.121],[121.529,1.083],[121.547,1.072],[121.587,1.062],[121.631,1.062],[121.926,1.099],[121.943,1.091],[121.956,1.046],[121.97,1.029],[121.99,1.022],[122.012,1.024],[122.027,1.034],[122.049,1.06],[122.064,1.065],[122.088,1.062],[122.149,1.038],[122.178,1.036],[122.191,1.031],[122.197,1.028],[122.194,1.023],[122.141,0.987],[122.046,0.944],[121.993,0.935],[121.89,0.971],[121.875,0.974],[121.865,0.975],[121.856,0.975],[121.84,0.97],[121.721,0.919],[121.657,0.899],[121.63,0.885],[121.612,0.878],[121.552,0.863],[121.508,0.847],[121.494,0.844],[121.484,0.845],[121.475,0.847],[121.465,0.851],[121.423,0.86],[121.395,0.862],[121.378,0.861],[121.358,0.856],[121.343,0.85],[121.303,0.826],[121.291,0.816],[121.279,0.803],[121.261,0.779],[121.253,0.763],[121.241,0.735],[121.235,0.725],[121.224,0.715],[121.215,0.709],[121.16,0.686],[121.216,0.628],[121.228,0.609],[121.245,0.594],[121.257,0.587],[121.28,0.582],[121.296,0.576],[121.303,0.575],[121.309,0.575],[121.315,0.576],[121.32,0.577],[121.324,0.578],[121.329,0.578],[121.334,0.576],[121.338,0.567],[121.341,0.554],[121.344,0.497],[121.343,0.486],[121.333,0.462]]],[[[123.857,-1.95],[123.864,-1.989],[123.869,-1.998],[123.856,-1.992],[123.848,-1.996],[123.841,-2.002],[123.832,-2.005],[123.809,-2],[123.794,-1.992],[123.787,-1.981],[123.773,-1.923],[123.772,-1.896],[123.787,-1.874],[123.845,-1.929],[123.852,-1.939],[123.857,-1.95]]],[[[123.133,-1.765],[123.143,-1.775],[123.152,-1.799],[123.153,-1.824],[123.142,-1.84],[123.13,-1.847],[123.117,-1.858],[123.106,-1.871],[123.102,-1.885],[123.097,-1.895],[123.085,-1.902],[123.073,-1.902],[123.067,-1.892],[123.07,-1.841],[123.074,-1.819],[123.09,-1.78],[123.093,-1.768],[123.095,-1.755],[123.102,-1.748],[123.117,-1.753],[123.131,-1.761],[123.133,-1.765]]],[[[123.503,-1.264],[123.522,-1.266],[123.539,-1.273],[123.551,-1.285],[123.554,-1.303],[123.552,-1.324],[123.538,-1.361],[123.533,-1.381],[123.535,-1.412],[123.533,-1.422],[123.529,-1.433],[123.503,-1.46],[123.462,-1.494],[123.454,-1.499],[123.436,-1.503],[123.428,-1.508],[123.408,-1.517],[123.381,-1.498],[123.362,-1.511],[123.357,-1.473],[123.35,-1.457],[123.332,-1.45],[123.328,-1.445],[123.328,-1.433],[123.327,-1.421],[123.318,-1.416],[123.306,-1.416],[123.296,-1.418],[123.289,-1.422],[123.28,-1.429],[123.259,-1.466],[123.25,-1.511],[123.252,-1.601],[123.25,-1.623],[123.243,-1.632],[123.236,-1.627],[123.232,-1.604],[123.227,-1.593],[123.215,-1.595],[123.178,-1.622],[123.17,-1.619],[123.164,-1.61],[123.157,-1.601],[123.124,-1.591],[123.116,-1.587],[123.111,-1.577],[123.109,-1.566],[123.112,-1.556],[123.119,-1.552],[123.131,-1.548],[123.177,-1.518],[123.185,-1.486],[123.164,-1.354],[123.165,-1.322],[123.164,-1.312],[123.159,-1.306],[123.152,-1.301],[123.146,-1.3],[123.137,-1.324],[123.124,-1.333],[123.108,-1.339],[123.095,-1.346],[123.072,-1.394],[123.064,-1.402],[123.053,-1.408],[123.045,-1.424],[123.033,-1.456],[123.014,-1.486],[122.993,-1.509],[122.92,-1.574],[122.896,-1.59],[122.874,-1.585],[122.812,-1.444],[122.807,-1.402],[122.811,-1.358],[122.821,-1.314],[122.836,-1.274],[122.899,-1.184],[122.914,-1.176],[122.936,-1.18],[122.972,-1.194],[122.985,-1.196],[122.997,-1.19],[123.017,-1.173],[123.03,-1.169],[123.074,-1.163],[123.112,-1.163],[123.118,-1.166],[123.125,-1.173],[123.134,-1.18],[123.146,-1.183],[123.159,-1.179],[123.163,-1.17],[123.164,-1.158],[123.17,-1.148],[123.183,-1.142],[123.189,-1.145],[123.194,-1.152],[123.201,-1.155],[123.246,-1.223],[123.237,-1.233],[123.23,-1.242],[123.222,-1.249],[123.208,-1.251],[123.202,-1.257],[123.199,-1.269],[123.198,-1.296],[123.202,-1.307],[123.21,-1.317],[123.22,-1.325],[123.226,-1.333],[123.228,-1.348],[123.228,-1.38],[123.232,-1.395],[123.255,-1.377],[123.272,-1.355],[123.301,-1.306],[123.305,-1.303],[123.317,-1.296],[123.321,-1.292],[123.335,-1.272],[123.344,-1.243],[123.352,-1.229],[123.366,-1.223],[123.384,-1.224],[123.393,-1.224],[123.4,-1.22],[123.407,-1.219],[123.41,-1.228],[123.412,-1.24],[123.414,-1.248],[123.428,-1.258],[123.435,-1.251],[123.442,-1.238],[123.455,-1.231],[123.465,-1.236],[123.487,-1.259],[123.503,-1.264]]],[[[121.854,-0.401],[121.896,-0.428],[121.902,-0.437],[121.911,-0.46],[121.916,-0.47],[121.914,-0.486],[121.906,-0.499],[121.895,-0.508],[121.878,-0.511],[121.875,-0.506],[121.848,-0.483],[121.835,-0.477],[121.846,-0.5],[121.845,-0.508],[121.831,-0.511],[121.817,-0.508],[121.801,-0.494],[121.79,-0.49],[121.746,-0.484],[121.735,-0.48],[121.726,-0.483],[121.701,-0.535],[121.689,-0.543],[121.672,-0.55],[121.655,-0.552],[121.642,-0.546],[121.642,-0.531],[121.65,-0.513],[121.68,-0.469],[121.69,-0.458],[121.702,-0.45],[121.734,-0.435],[121.741,-0.429],[121.752,-0.401],[121.779,-0.425],[121.799,-0.421],[121.822,-0.407],[121.854,-0.401]]],[[[122.03,-0.332],[122.044,-0.335],[122.051,-0.342],[122.054,-0.355],[122.053,-0.374],[122.043,-0.393],[122.027,-0.407],[122.007,-0.411],[121.985,-0.401],[121.964,-0.413],[121.932,-0.415],[121.899,-0.407],[121.875,-0.395],[121.861,-0.378],[121.86,-0.367],[121.865,-0.358],[121.868,-0.343],[121.872,-0.333],[121.882,-0.33],[121.902,-0.332],[121.903,-0.334],[121.908,-0.337],[121.916,-0.34],[121.924,-0.34],[121.925,-0.335],[121.923,-0.316],[121.927,-0.312],[121.967,-0.315],[121.978,-0.319],[122.004,-0.33],[122.014,-0.332],[122.03,-0.332]]],[[[122.218,-0.247],[122.221,-0.25],[122.235,-0.258],[122.239,-0.264],[122.237,-0.273],[122.23,-0.274],[122.223,-0.27],[122.218,-0.264],[122.211,-0.264],[122.2,-0.268],[122.164,-0.249],[122.146,-0.244],[122.144,-0.233],[122.158,-0.211],[122.177,-0.196],[122.19,-0.205],[122.177,-0.23],[122.19,-0.23],[122.203,-0.232],[122.213,-0.238],[122.218,-0.247]]],[[[122.369,-0.264],[122.365,-0.282],[122.368,-0.304],[122.375,-0.326],[122.383,-0.34],[122.376,-0.346],[122.354,-0.322],[122.322,-0.258],[122.293,-0.237],[122.289,-0.238],[122.273,-0.244],[122.266,-0.244],[122.261,-0.241],[122.246,-0.223],[122.229,-0.208],[122.226,-0.199],[122.232,-0.189],[122.241,-0.195],[122.267,-0.205],[122.273,-0.206],[122.277,-0.214],[122.287,-0.219],[122.328,-0.231],[122.345,-0.239],[122.359,-0.249],[122.369,-0.264]]],[[[121.575,-0.183],[121.569,-0.145],[121.597,-0.125],[121.633,-0.125],[121.65,-0.147],[121.643,-0.177],[121.625,-0.198],[121.6,-0.203],[121.575,-0.183]]],[[[123.366,-1.673],[123.376,-1.679],[123.382,-1.69],[123.383,-1.702],[123.378,-1.713],[123.37,-1.72],[123.35,-1.731],[123.342,-1.738],[123.318,-1.775],[123.301,-1.788],[123.28,-1.786],[123.271,-1.769],[123.28,-1.748],[123.33,-1.695],[123.356,-1.676],[123.361,-1.674],[123.366,-1.673]]],[[[122.139,-0.384],[122.124,-0.393],[122.115,-0.389],[122.107,-0.382],[122.095,-0.381],[122.09,-0.389],[122.089,-0.402],[122.085,-0.408],[122.071,-0.398],[122.06,-0.354],[122.06,-0.329],[122.066,-0.296],[122.077,-0.269],[122.095,-0.264],[122.102,-0.315],[122.106,-0.321],[122.132,-0.338],[122.138,-0.347],[122.143,-0.36],[122.145,-0.374],[122.139,-0.384]]],[[[123.601,-1.603],[123.61,-1.612],[123.616,-1.625],[123.616,-1.64],[123.614,-1.652],[123.609,-1.674],[123.609,-1.689],[123.601,-1.703],[123.586,-1.713],[123.579,-1.716],[123.575,-1.72],[123.564,-1.722],[123.554,-1.721],[123.545,-1.722],[123.534,-1.717],[123.522,-1.706],[123.515,-1.703],[123.512,-1.709],[123.504,-1.713],[123.494,-1.71],[123.487,-1.7],[123.485,-1.694],[123.478,-1.669],[123.476,-1.649],[123.479,-1.635],[123.478,-1.62],[123.481,-1.615],[123.483,-1.61],[123.488,-1.603],[123.493,-1.595],[123.491,-1.585],[123.485,-1.58],[123.48,-1.577],[123.477,-1.57],[123.477,-1.563],[123.478,-1.558],[123.482,-1.545],[123.491,-1.525],[123.501,-1.509],[123.511,-1.506],[123.521,-1.505],[123.525,-1.498],[123.523,-1.483],[123.529,-1.48],[123.537,-1.485],[123.545,-1.497],[123.56,-1.546],[123.559,-1.556],[123.556,-1.563],[123.557,-1.581],[123.569,-1.601],[123.581,-1.603],[123.59,-1.599],[123.601,-1.603]]]]}},{"type":"Feature","id":"ID-SU","properties":{"id":"ID-SU","countryCode":"ID","isoSubdivision":"ID-SU","name":"North Sumatra","name_en":"North Sumatra","name_ko":"북수마트라","type":"Province","labelLongitude":99.216,"labelLatitude":2.363,"minZoom":4.6},"geometry":{"type":"MultiPolygon","coordinates":[[[[99.151,0.252],[99.142,0.258],[99.138,0.263],[99.139,0.274],[99.153,0.287],[99.158,0.298],[99.158,0.32],[99.148,0.333],[99.132,0.341],[99.111,0.346],[99.129,0.392],[99.132,0.412],[99.127,0.484],[99.123,0.509],[99.111,0.524],[99.098,0.514],[99.097,0.531],[99.104,0.578],[99.1,0.602],[99.09,0.622],[99.073,0.631],[99.049,0.62],[99.04,0.65],[99.047,0.74],[99.042,0.777],[99.006,0.819],[98.997,0.825],[98.981,0.832],[98.977,0.847],[98.98,0.886],[98.976,0.921],[98.917,1.117],[98.851,1.277],[98.839,1.301],[98.837,1.311],[98.839,1.321],[98.843,1.333],[98.845,1.346],[98.84,1.357],[98.799,1.399],[98.789,1.414],[98.775,1.452],[98.77,1.475],[98.768,1.494],[98.765,1.499],[98.757,1.504],[98.746,1.509],[98.737,1.511],[98.73,1.514],[98.726,1.524],[98.72,1.545],[98.71,1.564],[98.711,1.57],[98.727,1.572],[98.734,1.57],[98.74,1.564],[98.745,1.556],[98.747,1.549],[98.753,1.536],[98.766,1.549],[98.789,1.586],[98.798,1.599],[98.819,1.62],[98.823,1.63],[98.824,1.667],[98.819,1.682],[98.806,1.689],[98.788,1.691],[98.784,1.699],[98.785,1.712],[98.783,1.73],[98.774,1.749],[98.76,1.764],[98.727,1.792],[98.715,1.785],[98.711,1.779],[98.713,1.764],[98.715,1.764],[98.725,1.757],[98.727,1.756],[98.727,1.749],[98.722,1.739],[98.72,1.733],[98.711,1.726],[98.691,1.736],[98.658,1.764],[98.576,1.888],[98.535,1.936],[98.444,1.991],[98.426,1.998],[98.407,2.002],[98.388,2.003],[98.366,2.003],[98.355,2.004],[98.35,2.007],[98.349,2.021],[98.347,2.029],[98.341,2.033],[98.33,2.038],[98.312,2.04],[98.289,2.037],[98.269,2.038],[98.261,2.049],[98.256,2.073],[98.244,2.088],[98.209,2.11],[98.153,2.157],[98.101,2.189],[98.126,2.309],[98.128,2.327],[98.119,2.367],[98.104,2.403],[98.097,2.425],[98.089,2.435],[98.081,2.439],[98.071,2.44],[98.063,2.444],[98.055,2.458],[98.034,2.528],[98.025,2.576],[98.026,2.589],[98.028,2.6],[98.036,2.62],[98.037,2.628],[98.037,2.646],[98.039,2.652],[98.059,2.666],[98.069,2.677],[98.072,2.685],[98.07,2.691],[98.057,2.712],[98.047,2.742],[98.045,2.761],[98.047,2.778],[98.053,2.788],[98.06,2.798],[98.057,2.812],[98.048,2.824],[98.037,2.832],[98.02,2.837],[98.005,2.844],[97.996,2.854],[97.967,2.894],[97.958,2.899],[97.935,2.904],[97.923,2.909],[97.914,2.917],[97.91,2.924],[97.909,2.936],[97.915,2.978],[97.898,3.057],[97.893,3.072],[97.893,3.079],[97.896,3.083],[97.903,3.083],[97.919,3.08],[97.927,3.08],[97.938,3.086],[97.942,3.117],[97.94,3.128],[97.936,3.141],[97.911,3.173],[97.907,3.185],[97.903,3.203],[97.899,3.214],[97.894,3.223],[97.887,3.231],[97.871,3.246],[97.864,3.257],[97.873,3.264],[97.886,3.269],[97.952,3.286],[97.973,3.3],[97.99,3.33],[97.976,3.361],[97.969,3.368],[97.93,3.394],[97.92,3.405],[97.914,3.417],[97.907,3.433],[97.903,3.447],[97.904,3.457],[97.911,3.473],[97.914,3.484],[97.911,3.491],[97.894,3.507],[97.888,3.52],[97.881,3.541],[97.876,3.553],[97.87,3.561],[97.863,3.566],[97.855,3.57],[97.844,3.58],[97.837,3.594],[97.82,3.648],[97.81,3.67],[97.783,3.712],[97.778,3.725],[97.778,3.736],[97.784,3.745],[97.79,3.751],[97.798,3.757],[97.877,3.822],[97.893,3.848],[97.892,3.856],[97.888,3.865],[97.885,3.885],[97.89,3.915],[97.911,3.901],[97.921,3.9],[97.931,3.902],[97.936,3.909],[97.939,3.919],[97.945,3.931],[97.956,3.941],[97.986,3.964],[98.001,3.98],[98.008,3.997],[98.012,4.014],[98.019,4.032],[98.023,4.051],[98.024,4.062],[98.033,4.104],[98.045,4.136],[98.056,4.182],[98.063,4.192],[98.072,4.202],[98.075,4.213],[98.073,4.223],[98.063,4.24],[98.066,4.251],[98.075,4.255],[98.104,4.256],[98.115,4.259],[98.127,4.266],[98.138,4.282],[98.147,4.286],[98.178,4.294],[98.188,4.295],[98.264,4.288],[98.268,4.288],[98.266,4.212],[98.263,4.203],[98.24,4.19],[98.196,4.175],[98.186,4.17],[98.18,4.158],[98.178,4.142],[98.179,4.108],[98.202,4.132],[98.217,4.144],[98.237,4.149],[98.24,4.154],[98.257,4.172],[98.261,4.173],[98.263,4.177],[98.299,4.089],[98.306,4.08],[98.363,4.088],[98.384,4.086],[98.406,4.079],[98.442,4.058],[98.463,4.053],[98.477,4.046],[98.498,4.015],[98.508,4.005],[98.526,4.003],[98.544,4.005],[98.558,4.001],[98.568,3.966],[98.58,3.954],[98.595,3.944],[98.61,3.936],[98.677,3.915],[98.7,3.875],[98.7,3.834],[98.711,3.804],[98.797,3.725],[98.897,3.681],[98.958,3.671],[98.978,3.658],[99.009,3.635],[99.027,3.63],[99.052,3.622],[99.074,3.609],[99.101,3.583],[99.18,3.546],[99.27,3.485],[99.368,3.408],[99.384,3.399],[99.421,3.392],[99.433,3.383],[99.454,3.361],[99.479,3.346],[99.49,3.336],[99.498,3.31],[99.506,3.296],[99.528,3.272],[99.558,3.245],[99.589,3.228],[99.685,3.205],[99.719,3.192],[99.738,3.189],[99.751,3.18],[99.782,3.121],[99.834,3.072],[99.853,3.047],[99.858,3.011],[99.89,3.018],[99.911,3],[99.931,2.975],[99.957,2.963],[99.98,2.948],[99.99,2.914],[99.998,2.799],[99.996,2.786],[99.989,2.772],[99.979,2.759],[99.971,2.745],[99.967,2.727],[99.965,2.719],[99.954,2.704],[99.953,2.696],[99.959,2.688],[99.968,2.684],[99.977,2.682],[99.984,2.679],[99.993,2.669],[99.992,2.664],[99.988,2.661],[99.988,2.655],[100.009,2.62],[100.006,2.609],[100.008,2.603],[100.014,2.602],[100.022,2.607],[100.028,2.618],[100.025,2.625],[100.019,2.631],[100.016,2.638],[100.014,2.672],[100.012,2.679],[99.98,2.697],[99.974,2.703],[99.986,2.718],[100.019,2.732],[100.055,2.727],[100.077,2.689],[100.078,2.676],[100.076,2.648],[100.077,2.635],[100.088,2.602],[100.09,2.59],[100.096,2.57],[100.11,2.546],[100.126,2.53],[100.139,2.538],[100.137,2.552],[100.121,2.588],[100.117,2.604],[100.117,2.645],[100.121,2.664],[100.131,2.682],[100.144,2.695],[100.159,2.704],[100.179,2.708],[100.203,2.71],[100.211,2.706],[100.213,2.698],[100.213,2.687],[100.217,2.679],[100.225,2.674],[100.242,2.666],[100.248,2.662],[100.251,2.655],[100.255,2.627],[100.258,2.619],[100.267,2.603],[100.269,2.597],[100.274,2.59],[100.3,2.572],[100.308,2.569],[100.312,2.563],[100.314,2.555],[100.314,2.554],[100.294,2.496],[100.279,2.355],[100.28,2.318],[100.284,2.286],[100.298,2.243],[100.313,2.177],[100.321,2.075],[100.319,2.046],[100.305,2.001],[100.303,1.997],[100.296,1.962],[100.293,1.921],[100.296,1.898],[100.304,1.881],[100.315,1.871],[100.356,1.842],[100.367,1.83],[100.376,1.814],[100.397,1.748],[100.435,1.667],[100.443,1.637],[100.444,1.616],[100.441,1.599],[100.434,1.584],[100.424,1.572],[100.413,1.561],[100.35,1.525],[100.32,1.511],[100.304,1.504],[100.105,1.415],[100.087,1.404],[100.078,1.396],[100.072,1.388],[100.067,1.379],[100.066,1.371],[100.067,1.365],[100.071,1.359],[100.117,1.321],[100.125,1.312],[100.13,1.3],[100.133,1.288],[100.132,1.252],[100.135,1.242],[100.14,1.232],[100.148,1.225],[100.191,1.2],[100.202,1.192],[100.211,1.184],[100.218,1.174],[100.223,1.161],[100.225,1.146],[100.224,1.123],[100.211,1.079],[100.209,1.066],[100.21,1.054],[100.216,1.033],[100.218,1.017],[100.219,0.997],[100.214,0.93],[100.214,0.887],[100.213,0.875],[100.21,0.866],[100.203,0.859],[100.197,0.854],[100.19,0.846],[100.183,0.836],[100.176,0.819],[100.172,0.806],[100.171,0.785],[100.173,0.758],[100.163,0.75],[100.147,0.747],[100.135,0.746],[100.123,0.748],[100.108,0.753],[100.089,0.764],[100.068,0.784],[100.058,0.792],[100.044,0.799],[100.003,0.808],[99.972,0.819],[99.956,0.83],[99.941,0.836],[99.9,0.845],[99.854,0.864],[99.826,0.868],[99.815,0.862],[99.806,0.86],[99.793,0.858],[99.777,0.858],[99.763,0.861],[99.751,0.866],[99.72,0.886],[99.713,0.888],[99.707,0.887],[99.703,0.881],[99.702,0.87],[99.71,0.849],[99.72,0.837],[99.729,0.83],[99.736,0.825],[99.74,0.819],[99.748,0.803],[99.755,0.798],[99.763,0.794],[99.781,0.787],[99.788,0.784],[99.794,0.78],[99.799,0.772],[99.803,0.759],[99.812,0.722],[99.818,0.709],[99.861,0.663],[99.868,0.653],[99.875,0.636],[99.889,0.617],[99.915,0.569],[99.918,0.56],[99.919,0.55],[99.918,0.538],[99.916,0.525],[99.908,0.504],[99.9,0.495],[99.888,0.487],[99.846,0.472],[99.828,0.469],[99.814,0.468],[99.789,0.477],[99.781,0.486],[99.776,0.49],[99.768,0.492],[99.706,0.493],[99.695,0.495],[99.685,0.501],[99.678,0.509],[99.666,0.528],[99.661,0.534],[99.655,0.537],[99.647,0.539],[99.637,0.54],[99.626,0.543],[99.601,0.557],[99.584,0.563],[99.564,0.563],[99.54,0.555],[99.467,0.514],[99.444,0.504],[99.424,0.499],[99.394,0.496],[99.364,0.489],[99.354,0.484],[99.342,0.474],[99.269,0.377],[99.151,0.253],[99.151,0.252]]],[[[98.502,-0.461],[98.505,-0.474],[98.502,-0.486],[98.495,-0.499],[98.487,-0.511],[98.496,-0.521],[98.503,-0.535],[98.504,-0.551],[98.5,-0.566],[98.494,-0.566],[98.493,-0.558],[98.491,-0.554],[98.489,-0.551],[98.487,-0.546],[98.479,-0.553],[98.473,-0.557],[98.467,-0.556],[98.459,-0.552],[98.468,-0.539],[98.462,-0.529],[98.448,-0.526],[98.432,-0.532],[98.426,-0.543],[98.422,-0.562],[98.42,-0.579],[98.422,-0.587],[98.39,-0.577],[98.317,-0.535],[98.275,-0.525],[98.284,-0.522],[98.295,-0.513],[98.302,-0.511],[98.312,-0.512],[98.329,-0.519],[98.336,-0.518],[98.342,-0.506],[98.364,-0.442],[98.366,-0.422],[98.363,-0.38],[98.364,-0.36],[98.369,-0.349],[98.389,-0.321],[98.398,-0.312],[98.405,-0.309],[98.413,-0.307],[98.421,-0.304],[98.425,-0.299],[98.426,-0.288],[98.419,-0.258],[98.429,-0.244],[98.441,-0.247],[98.451,-0.258],[98.493,-0.329],[98.507,-0.365],[98.5,-0.387],[98.51,-0.404],[98.512,-0.423],[98.509,-0.443],[98.502,-0.461]]],[[[98.48,-0.158],[98.497,-0.2],[98.532,-0.239],[98.56,-0.278],[98.555,-0.319],[98.555,-0.312],[98.552,-0.322],[98.543,-0.334],[98.542,-0.343],[98.543,-0.354],[98.548,-0.369],[98.549,-0.381],[98.542,-0.381],[98.512,-0.319],[98.406,-0.168],[98.39,-0.14],[98.363,-0.074],[98.344,-0.045],[98.332,-0.037],[98.316,-0.028],[98.302,-0.019],[98.296,-0.007],[98.304,-0.002],[98.325,0.004],[98.364,0.01],[98.406,-0.007],[98.443,-0.052],[98.47,-0.108],[98.48,-0.158]]],[[[98.555,1.682],[98.571,1.673],[98.591,1.652],[98.599,1.632],[98.581,1.627],[98.56,1.624],[98.529,1.623],[98.498,1.627],[98.465,1.644],[98.452,1.646],[98.44,1.65],[98.432,1.662],[98.43,1.676],[98.435,1.692],[98.446,1.704],[98.463,1.709],[98.477,1.704],[98.488,1.69],[98.504,1.665],[98.521,1.656],[98.531,1.661],[98.541,1.673],[98.555,1.682]]],[[[97.928,0.996],[97.939,0.986],[97.934,0.964],[97.918,0.928],[97.918,0.935],[97.901,0.906],[97.898,0.875],[97.904,0.815],[97.902,0.801],[97.893,0.777],[97.885,0.718],[97.883,0.643],[97.874,0.622],[97.827,0.563],[97.819,0.559],[97.809,0.56],[97.8,0.565],[97.774,0.585],[97.764,0.568],[97.752,0.568],[97.726,0.585],[97.725,0.581],[97.715,0.574],[97.704,0.573],[97.696,0.586],[97.69,0.592],[97.684,0.596],[97.679,0.599],[97.691,0.624],[97.684,0.643],[97.669,0.659],[97.658,0.675],[97.657,0.687],[97.659,0.715],[97.655,0.726],[97.648,0.736],[97.633,0.769],[97.63,0.781],[97.614,0.824],[97.574,0.861],[97.486,0.914],[97.492,0.933],[97.479,0.943],[97.457,0.948],[97.435,0.949],[97.395,0.945],[97.389,0.952],[97.39,0.976],[97.388,1.019],[97.372,1.06],[97.322,1.141],[97.312,1.167],[97.308,1.175],[97.299,1.183],[97.288,1.191],[97.279,1.2],[97.271,1.222],[97.257,1.235],[97.254,1.247],[97.252,1.259],[97.247,1.267],[97.241,1.272],[97.233,1.277],[97.223,1.282],[97.213,1.284],[97.202,1.288],[97.192,1.298],[97.186,1.308],[97.176,1.332],[97.168,1.343],[97.128,1.383],[97.107,1.398],[97.082,1.408],[97.082,1.405],[97.069,1.395],[97.064,1.415],[97.08,1.429],[97.107,1.436],[97.131,1.436],[97.139,1.432],[97.151,1.426],[97.161,1.418],[97.165,1.411],[97.17,1.416],[97.181,1.416],[97.206,1.414],[97.236,1.417],[97.258,1.424],[97.277,1.436],[97.321,1.474],[97.331,1.487],[97.335,1.5],[97.332,1.528],[97.335,1.538],[97.35,1.545],[97.375,1.519],[97.392,1.509],[97.407,1.514],[97.417,1.519],[97.424,1.515],[97.438,1.495],[97.439,1.485],[97.442,1.48],[97.447,1.477],[97.46,1.478],[97.47,1.476],[97.482,1.477],[97.486,1.477],[97.488,1.473],[97.491,1.46],[97.493,1.456],[97.517,1.432],[97.524,1.428],[97.528,1.423],[97.534,1.4],[97.54,1.391],[97.592,1.34],[97.605,1.322],[97.617,1.281],[97.694,1.186],[97.713,1.173],[97.757,1.164],[97.777,1.155],[97.792,1.144],[97.802,1.133],[97.819,1.11],[97.826,1.096],[97.829,1.082],[97.836,1.07],[97.853,1.065],[97.873,1.062],[97.89,1.058],[97.904,1.044],[97.922,1.004],[97.928,0.996]]],[[[98.548,0.159],[98.59,0.172],[98.625,0.175],[98.673,0.17],[98.717,0.175],[98.744,0.166],[98.767,0.166],[98.806,0.161],[98.836,0.141],[98.852,0.11],[98.845,0.085],[98.802,0.087],[98.763,0.087],[98.726,0.074],[98.689,0.071],[98.65,0.08],[98.62,0.087],[98.576,0.087],[98.539,0.09],[98.528,0.112],[98.525,0.145],[98.548,0.159]]]]}},{"type":"Feature","id":"ID-YO","properties":{"id":"ID-YO","countryCode":"ID","isoSubdivision":"ID-YO","name":"Yogyakarta","name_en":"Yogyakarta","name_ko":"욕야카르타","type":"Special region","labelLongitude":110.443,"labelLatitude":-7.835,"minZoom":4.6},"geometry":{"type":"Polygon","coordinates":[[[110.844,-8.201],[110.715,-8.193],[110.706,-8.19],[110.691,-8.176],[110.681,-8.173],[110.661,-8.17],[110.639,-8.163],[110.603,-8.145],[110.603,-8.152],[110.549,-8.128],[110.521,-8.12],[110.496,-8.117],[110.477,-8.112],[110.411,-8.076],[110.401,-8.075],[110.389,-8.075],[110.38,-8.073],[110.377,-8.066],[110.352,-8.042],[110.347,-8.039],[110.328,-8.021],[110.319,-8.019],[110.287,-8.015],[110.043,-7.889],[110.046,-7.865],[110.049,-7.855],[110.065,-7.837],[110.117,-7.762],[110.125,-7.744],[110.128,-7.724],[110.127,-7.698],[110.13,-7.686],[110.137,-7.677],[110.159,-7.668],[110.22,-7.675],[110.228,-7.676],[110.235,-7.674],[110.24,-7.672],[110.246,-7.672],[110.25,-7.677],[110.253,-7.704],[110.256,-7.712],[110.259,-7.715],[110.267,-7.707],[110.287,-7.682],[110.301,-7.669],[110.411,-7.59],[110.438,-7.56],[110.441,-7.569],[110.474,-7.72],[110.49,-7.757],[110.507,-7.783],[110.537,-7.81],[110.579,-7.821],[110.633,-7.821],[110.654,-7.823],[110.689,-7.82],[110.705,-7.825],[110.753,-7.833],[110.773,-7.843],[110.781,-7.854],[110.785,-7.863],[110.787,-7.874],[110.788,-7.92],[110.793,-7.947],[110.799,-8.122],[110.802,-8.132],[110.811,-8.139],[110.818,-8.138],[110.825,-8.133],[110.831,-8.132],[110.837,-8.133],[110.844,-8.201]]]}}]}
