{"type":"FeatureCollection","features":[{"type":"Feature","id":"LV-001","properties":{"id":"LV-001","countryCode":"LV","isoSubdivision":"LV-001","name":"Aglona","name_en":"Aglona","name_ko":"아글로나 시","type":"Municipality","labelLongitude":27.093,"labelLatitude":56.098,"minZoom":10},"geometry":{"type":"Polygon","coordinates":[[[27.038,56.18],[27.044,56.176],[27.054,56.173],[27.078,56.171],[27.102,56.171],[27.098,56.18],[27.098,56.182],[27.1,56.186],[27.102,56.189],[27.126,56.196],[27.151,56.208],[27.162,56.211],[27.173,56.208],[27.296,56.203],[27.3,56.182],[27.331,56.161],[27.339,56.14],[27.308,56.125],[27.241,56.112],[27.264,56.073],[27.189,56.055],[27.194,56.011],[27.147,55.985],[27.103,55.987],[27.041,55.982],[27,55.99],[26.968,56.008],[26.969,56.014],[26.958,56.027],[26.954,56.034],[26.952,56.041],[26.969,56.06],[26.931,56.059],[26.891,56.105],[26.888,56.129],[26.928,56.124],[26.937,56.136],[26.92,56.146],[26.932,56.157],[26.968,56.169],[27,56.171],[27.038,56.18]]]}},{"type":"Feature","id":"LV-002","properties":{"id":"LV-002","countryCode":"LV","isoSubdivision":"LV-002","name":"Aizkraukle","name_en":"Aizkraukle","name_ko":"아이스크라우클레 시","type":"Municipality","labelLongitude":25.228,"labelLatitude":56.646,"minZoom":10},"geometry":{"type":"Polygon","coordinates":[[[25.218,56.708],[25.278,56.697],[25.293,56.676],[25.293,56.632],[25.293,56.591],[25.235,56.586],[25.215,56.589],[25.189,56.601],[25.163,56.613],[25.139,56.619],[25.18,56.64],[25.182,56.66],[25.168,56.68],[25.176,56.703],[25.2,56.698],[25.216,56.705],[25.218,56.708]]]}},{"type":"Feature","id":"LV-003","properties":{"id":"LV-003","countryCode":"LV","isoSubdivision":"LV-003","name":"Aizpute","name_en":"Aizpute","name_ko":"아이스푸테 시","type":"Municipality","labelLongitude":21.594,"labelLatitude":56.723,"minZoom":10},"geometry":{"type":"Polygon","coordinates":[[[21.436,56.868],[21.493,56.865],[21.516,56.844],[21.526,56.842],[21.567,56.842],[21.593,56.845],[21.609,56.833],[21.61,56.823],[21.623,56.811],[21.63,56.8],[21.644,56.791],[21.652,56.79],[21.674,56.791],[21.68,56.792],[21.738,56.764],[21.761,56.741],[21.763,56.732],[21.771,56.723],[21.772,56.713],[21.768,56.705],[21.776,56.699],[21.801,56.691],[21.823,56.688],[21.809,56.669],[21.815,56.662],[21.824,56.647],[21.821,56.639],[21.814,56.63],[21.803,56.623],[21.777,56.614],[21.778,56.61],[21.791,56.597],[21.795,56.589],[21.794,56.583],[21.795,56.573],[21.753,56.563],[21.712,56.55],[21.661,56.561],[21.585,56.55],[21.572,56.561],[21.619,56.588],[21.619,56.614],[21.608,56.644],[21.572,56.659],[21.518,56.652],[21.491,56.652],[21.452,56.646],[21.431,56.674],[21.403,56.671],[21.399,56.693],[21.337,56.718],[21.316,56.74],[21.324,56.759],[21.32,56.808],[21.346,56.821],[21.41,56.831],[21.44,56.84],[21.436,56.868]]]}},{"type":"Feature","id":"LV-004","properties":{"id":"LV-004","countryCode":"LV","isoSubdivision":"LV-004","name":"Aknīste","name_en":"Aknīste","name_ko":"아크니스테 시","type":"Municipality","labelLongitude":25.788,"labelLatitude":56.159,"minZoom":10},"geometry":{"type":"Polygon","coordinates":[[[25.795,56.04],[25.766,56.059],[25.709,56.081],[25.697,56.088],[25.688,56.098],[25.669,56.132],[25.662,56.141],[25.65,56.144],[25.674,56.184],[25.694,56.209],[25.694,56.229],[25.756,56.231],[25.801,56.235],[25.839,56.226],[25.876,56.222],[25.896,56.202],[25.905,56.171],[25.948,56.157],[25.977,56.148],[25.977,56.128],[25.985,56.111],[26.012,56.108],[26.026,56.079],[26.008,56.087],[25.99,56.081],[25.982,56.076],[25.954,56.063],[25.942,56.062],[25.926,56.071],[25.916,56.08],[25.831,56.123],[25.835,56.11],[25.838,56.104],[25.851,56.093],[25.854,56.089],[25.86,56.082],[25.849,56.075],[25.845,56.065],[25.838,56.058],[25.811,56.048],[25.796,56.04],[25.795,56.04]]]}},{"type":"Feature","id":"LV-005","properties":{"id":"LV-005","countryCode":"LV","isoSubdivision":"LV-005","name":"Aloja","name_en":"Aloja","name_ko":"알로야 시","type":"Municipality","labelLongitude":24.823,"labelLatitude":57.807,"minZoom":10},"geometry":{"type":"Polygon","coordinates":[[[24.817,57.977],[24.827,57.982],[24.828,57.98],[24.842,57.901],[24.864,57.9],[24.873,57.898],[24.882,57.893],[24.885,57.889],[24.883,57.884],[24.885,57.872],[24.888,57.859],[24.893,57.843],[24.896,57.831],[24.901,57.826],[24.909,57.821],[24.926,57.817],[24.933,57.818],[24.938,57.819],[24.942,57.819],[24.946,57.818],[24.953,57.8],[24.966,57.808],[25.007,57.801],[25.017,57.796],[25.077,57.767],[25.084,57.754],[25.099,57.736],[25.091,57.731],[25.087,57.727],[25.08,57.721],[25.076,57.715],[25.076,57.706],[25.082,57.697],[25.092,57.688],[25.085,57.675],[25.094,57.653],[25.067,57.655],[25.062,57.652],[25.063,57.648],[25.076,57.639],[25.083,57.634],[25.085,57.63],[25.068,57.626],[25.062,57.624],[25.042,57.626],[25.033,57.63],[25.028,57.634],[25.024,57.637],[25.019,57.638],[25.006,57.636],[25,57.636],[24.991,57.636],[24.966,57.628],[24.935,57.612],[24.881,57.625],[24.893,57.652],[24.831,57.666],[24.824,57.7],[24.829,57.719],[24.799,57.733],[24.748,57.732],[24.708,57.75],[24.692,57.761],[24.649,57.771],[24.598,57.871],[24.574,57.882],[24.591,57.894],[24.588,57.921],[24.582,57.946],[24.624,57.944],[24.685,57.948],[24.7,57.954],[24.719,57.982],[24.734,57.992],[24.765,57.988],[24.791,57.979],[24.817,57.977]]]}},{"type":"Feature","id":"LV-006","properties":{"id":"LV-006","countryCode":"LV","isoSubdivision":"LV-006","name":"Alsunga","name_en":"Alsunga","name_ko":"알숭가 시","type":"Municipality","labelLongitude":21.558,"labelLatitude":56.992,"minZoom":10},"geometry":{"type":"Polygon","coordinates":[[[21.493,56.904],[21.447,56.912],[21.406,56.923],[21.397,56.929],[21.391,56.934],[21.396,56.942],[21.447,56.95],[21.454,56.96],[21.472,56.971],[21.475,56.986],[21.474,57.013],[21.485,57.029],[21.489,57.051],[21.503,57.058],[21.506,57.076],[21.539,57.071],[21.574,57.086],[21.605,57.061],[21.64,57.048],[21.633,57.034],[21.656,57.009],[21.692,56.997],[21.706,56.956],[21.665,56.949],[21.64,56.933],[21.585,56.931],[21.564,56.911],[21.519,56.911],[21.493,56.904]]]}},{"type":"Feature","id":"LV-007","properties":{"id":"LV-007","countryCode":"LV","isoSubdivision":"LV-007","name":"Alūksne","name_en":"Alūksne","name_ko":"알룩스네 시","type":"Municipality","labelLongitude":27.169,"labelLatitude":57.415,"minZoom":10},"geometry":{"type":"Polygon","coordinates":[[[26.873,57.627],[26.885,57.622],[26.896,57.615],[26.912,57.613],[26.929,57.616],[26.947,57.615],[26.981,57.609],[27.005,57.599],[27.041,57.568],[27.062,57.556],[27.085,57.549],[27.166,57.547],[27.32,57.516],[27.353,57.528],[27.528,57.528],[27.523,57.492],[27.526,57.468],[27.515,57.448],[27.511,57.43],[27.536,57.416],[27.641,57.389],[27.694,57.356],[27.689,57.333],[27.682,57.327],[27.672,57.32],[27.662,57.318],[27.652,57.314],[27.6,57.298],[27.587,57.283],[27.571,57.277],[27.556,57.259],[27.527,57.26],[27.519,57.259],[27.502,57.265],[27.487,57.274],[27.461,57.274],[27.406,57.263],[27.355,57.285],[27.326,57.277],[27.276,57.247],[27.248,57.249],[27.241,57.246],[27.234,57.243],[27.229,57.239],[27.22,57.234],[27.201,57.235],[27.184,57.228],[27.157,57.226],[27.056,57.249],[27.046,57.25],[27.047,57.253],[27.049,57.256],[27.06,57.263],[27.067,57.269],[27.06,57.273],[27.021,57.287],[26.989,57.304],[26.906,57.304],[26.865,57.3],[26.849,57.315],[26.845,57.316],[26.84,57.316],[26.836,57.315],[26.79,57.318],[26.761,57.322],[26.748,57.319],[26.715,57.306],[26.682,57.32],[26.681,57.324],[26.678,57.334],[26.633,57.35],[26.618,57.362],[26.594,57.391],[26.615,57.419],[26.644,57.417],[26.688,57.417],[26.703,57.424],[26.715,57.465],[26.722,57.49],[26.758,57.504],[26.808,57.504],[26.808,57.52],[26.806,57.554],[26.796,57.571],[26.816,57.581],[26.828,57.595],[26.839,57.61],[26.854,57.623],[26.873,57.627]]]}},{"type":"Feature","id":"LV-008","properties":{"id":"LV-008","countryCode":"LV","isoSubdivision":"LV-008","name":"Valmiera","name_en":"Valmiera","name_ko":"발미에라","type":"Municipality","labelLongitude":25.338,"labelLatitude":57.079,"minZoom":10},"geometry":{"type":"Polygon","coordinates":[[[25.504,56.995],[25.488,56.994],[25.473,56.989],[25.469,56.988],[25.447,56.992],[25.447,56.982],[25.45,56.977],[25.453,56.97],[25.427,56.949],[25.396,56.937],[25.372,56.941],[25.372,56.948],[25.37,56.953],[25.367,56.96],[25.362,56.967],[25.355,56.974],[25.344,56.977],[25.327,56.977],[25.284,56.965],[25.275,56.959],[25.262,56.953],[25.257,56.947],[25.247,56.943],[25.247,56.94],[25.248,56.937],[25.252,56.935],[25.234,56.934],[25.143,56.951],[25.138,56.98],[25.148,56.989],[25.167,56.999],[25.169,57.014],[25.15,57.033],[25.133,57.052],[25.169,57.068],[25.138,57.089],[25.112,57.11],[25.138,57.111],[25.174,57.118],[25.195,57.133],[25.213,57.146],[25.189,57.163],[25.178,57.182],[25.172,57.207],[25.159,57.227],[25.139,57.234],[25.105,57.234],[25.091,57.248],[25.131,57.266],[25.166,57.263],[25.206,57.265],[25.231,57.285],[25.231,57.296],[25.288,57.28],[25.319,57.259],[25.318,57.232],[25.36,57.232],[25.369,57.219],[25.365,57.205],[25.38,57.188],[25.412,57.187],[25.444,57.171],[25.459,57.157],[25.496,57.152],[25.509,57.157],[25.532,57.157],[25.563,57.147],[25.541,57.122],[25.565,57.113],[25.595,57.11],[25.618,57.08],[25.617,57.066],[25.587,57.05],[25.548,57.021],[25.529,57.021],[25.507,57.036],[25.493,57.027],[25.51,57.008],[25.504,56.995]]]}},{"type":"Feature","id":"LV-009","properties":{"id":"LV-009","countryCode":"LV","isoSubdivision":"LV-009","name":"Valmiera","name_en":"Valmiera","name_ko":"발미에라","type":"Municipality","labelLongitude":26.5,"labelLatitude":57.456,"minZoom":10},"geometry":{"type":"Polygon","coordinates":[[[26.431,57.562],[26.448,57.553],[26.481,57.527],[26.5,57.516],[26.515,57.517],[26.529,57.524],[26.542,57.528],[26.552,57.527],[26.57,57.52],[26.58,57.518],[26.59,57.52],[26.595,57.526],[26.598,57.534],[26.605,57.54],[26.634,57.554],[26.667,57.565],[26.7,57.571],[26.778,57.568],[26.796,57.571],[26.806,57.554],[26.808,57.52],[26.808,57.504],[26.758,57.504],[26.722,57.49],[26.715,57.465],[26.703,57.424],[26.688,57.417],[26.644,57.417],[26.615,57.419],[26.594,57.391],[26.568,57.397],[26.544,57.396],[26.531,57.399],[26.526,57.402],[26.52,57.406],[26.476,57.405],[26.481,57.387],[26.479,57.382],[26.475,57.375],[26.447,57.369],[26.433,57.361],[26.421,57.358],[26.397,57.354],[26.394,57.351],[26.395,57.347],[26.399,57.344],[26.404,57.342],[26.411,57.343],[26.424,57.347],[26.43,57.346],[26.43,57.34],[26.424,57.332],[26.359,57.323],[26.276,57.331],[26.278,57.365],[26.286,57.366],[26.302,57.375],[26.301,57.38],[26.299,57.389],[26.303,57.396],[26.31,57.402],[26.313,57.41],[26.315,57.418],[26.32,57.424],[26.319,57.429],[26.315,57.433],[26.309,57.436],[26.301,57.439],[26.294,57.443],[26.296,57.45],[26.305,57.455],[26.313,57.459],[26.326,57.468],[26.311,57.47],[26.312,57.499],[26.362,57.513],[26.363,57.516],[26.363,57.52],[26.354,57.523],[26.35,57.53],[26.344,57.533],[26.341,57.538],[26.344,57.542],[26.346,57.552],[26.352,57.561],[26.357,57.571],[26.353,57.576],[26.351,57.58],[26.431,57.562]]]}},{"type":"Feature","id":"LV-010","properties":{"id":"LV-010","countryCode":"LV","isoSubdivision":"LV-010","name":"Auce","name_en":"Auce","name_ko":"아우체 시","type":"Municipality","labelLongitude":22.966,"labelLatitude":56.478,"minZoom":10},"geometry":{"type":"Polygon","coordinates":[[[23.062,56.304],[23.017,56.324],[22.981,56.373],[22.957,56.402],[22.925,56.412],[22.889,56.408],[22.86,56.397],[22.859,56.397],[22.822,56.403],[22.786,56.418],[22.768,56.422],[22.727,56.425],[22.737,56.444],[22.743,56.449],[22.748,56.456],[22.745,56.468],[22.741,56.475],[22.701,56.493],[22.712,56.565],[22.732,56.565],[22.736,56.566],[22.755,56.562],[22.773,56.568],[22.798,56.568],[22.823,56.562],[22.834,56.54],[22.848,56.539],[22.863,56.553],[22.897,56.567],[22.931,56.569],[22.925,56.589],[22.961,56.601],[22.981,56.578],[23.022,56.59],[23.042,56.578],[23.067,56.551],[23.088,56.546],[23.086,56.524],[23.09,56.48],[23.122,56.471],[23.129,56.446],[23.149,56.433],[23.118,56.41],[23.152,56.39],[23.173,56.358],[23.154,56.351],[23.163,56.341],[23.113,56.311],[23.062,56.304]]]}},{"type":"Feature","id":"LV-011","properties":{"id":"LV-011","countryCode":"LV","isoSubdivision":"LV-011","name":"Ādaži","name_en":"Ādaži","name_ko":"아다지 시","type":"Municipality","labelLongitude":24.386,"labelLatitude":57.108,"minZoom":10},"geometry":{"type":"Polygon","coordinates":[[[24.349,57.184],[24.372,57.182],[24.395,57.178],[24.425,57.181],[24.467,57.182],[24.509,57.106],[24.502,57.095],[24.459,57.073],[24.407,57.061],[24.363,57.057],[24.321,57.028],[24.29,57.031],[24.261,57.042],[24.247,57.06],[24.258,57.075],[24.265,57.099],[24.321,57.113],[24.338,57.128],[24.342,57.163],[24.349,57.184]]]}},{"type":"Feature","id":"LV-012","properties":{"id":"LV-012","countryCode":"LV","isoSubdivision":"LV-012","name":"Babīte","name_en":"Babīte","name_ko":"바비테 시","type":"Municipality","labelLongitude":23.764,"labelLatitude":56.891,"minZoom":10},"geometry":{"type":"Polygon","coordinates":[[[23.954,56.991],[23.968,56.988],[23.993,56.985],[24.001,56.979],[23.994,56.973],[23.989,56.965],[23.949,56.947],[23.943,56.939],[23.918,56.928],[23.9,56.914],[23.857,56.898],[23.823,56.884],[23.844,56.848],[23.855,56.826],[23.825,56.803],[23.782,56.821],[23.77,56.8],[23.734,56.822],[23.718,56.836],[23.707,56.852],[23.67,56.875],[23.626,56.889],[23.601,56.889],[23.588,56.891],[23.507,56.895],[23.492,56.935],[23.549,56.925],[23.59,56.923],[23.614,56.932],[23.639,56.928],[23.673,56.928],[23.707,56.932],[23.767,56.943],[23.78,56.957],[23.801,56.95],[23.864,56.955],[23.903,56.962],[23.937,56.973],[23.954,56.991]]]}},{"type":"Feature","id":"LV-013","properties":{"id":"LV-013","countryCode":"LV","isoSubdivision":"LV-013","name":"Baldone","name_en":"Baldone","name_ko":"발도네 시","type":"Municipality","labelLongitude":24.356,"labelLatitude":56.732,"minZoom":10},"geometry":{"type":"Polygon","coordinates":[[[24.525,56.752],[24.522,56.714],[24.482,56.705],[24.443,56.684],[24.428,56.678],[24.415,56.674],[24.384,56.671],[24.376,56.668],[24.373,56.666],[24.374,56.66],[24.355,56.662],[24.336,56.664],[24.295,56.675],[24.275,56.684],[24.263,56.69],[24.258,56.701],[24.246,56.704],[24.23,56.699],[24.205,56.714],[24.188,56.718],[24.195,56.741],[24.229,56.751],[24.254,56.739],[24.27,56.746],[24.263,56.762],[24.254,56.785],[24.295,56.789],[24.347,56.787],[24.415,56.776],[24.466,56.764],[24.525,56.752]]]}},{"type":"Feature","id":"LV-014","properties":{"id":"LV-014","countryCode":"LV","isoSubdivision":"LV-014","name":"Baltinava","name_en":"Baltinava","name_ko":"발티나바 시","type":"Municipality","labelLongitude":27.604,"labelLatitude":56.924,"minZoom":10},"geometry":{"type":"Polygon","coordinates":[[[27.746,57.031],[27.73,57.01],[27.723,56.999],[27.721,56.989],[27.719,56.969],[27.715,56.957],[27.649,56.879],[27.628,56.844],[27.644,56.842],[27.637,56.837],[27.615,56.845],[27.601,56.852],[27.581,56.858],[27.572,56.864],[27.568,56.867],[27.562,56.871],[27.55,56.867],[27.53,56.863],[27.518,56.858],[27.447,56.853],[27.435,56.884],[27.417,56.902],[27.444,56.916],[27.494,56.914],[27.537,56.934],[27.519,56.955],[27.613,56.984],[27.665,56.989],[27.638,57.018],[27.69,57.023],[27.746,57.031]]]}},{"type":"Feature","id":"LV-015","properties":{"id":"LV-015","countryCode":"LV","isoSubdivision":"LV-015","name":"Balvi","name_en":"Balvi","name_ko":"발비 시","type":"Municipality","labelLongitude":27.435,"labelLatitude":57.015,"minZoom":10},"geometry":{"type":"Polygon","coordinates":[[[27.355,57.285],[27.406,57.263],[27.461,57.274],[27.487,57.274],[27.446,57.244],[27.426,57.212],[27.403,57.16],[27.455,57.114],[27.515,57.08],[27.542,57.078],[27.553,57.039],[27.59,57.043],[27.631,57.039],[27.638,57.018],[27.665,56.989],[27.613,56.984],[27.519,56.955],[27.537,56.934],[27.494,56.914],[27.444,56.916],[27.417,56.902],[27.435,56.884],[27.447,56.853],[27.428,56.851],[27.412,56.845],[27.396,56.836],[27.391,56.832],[27.395,56.828],[27.383,56.821],[27.377,56.821],[27.371,56.822],[27.369,56.824],[27.362,56.825],[27.355,56.822],[27.348,56.815],[27.348,56.807],[27.345,56.802],[27.348,56.784],[27.34,56.783],[27.243,56.789],[27.186,56.794],[27.161,56.811],[27.133,56.808],[27.121,56.811],[27.096,56.809],[27.068,56.805],[27.058,56.8],[27.032,56.801],[27.018,56.807],[26.984,56.806],[26.966,56.81],[26.928,56.831],[26.944,56.84],[26.953,56.847],[26.981,56.866],[26.984,56.871],[26.985,56.878],[27.036,56.884],[27.084,56.875],[27.166,56.861],[27.2,56.861],[27.225,56.895],[27.266,56.916],[27.291,56.927],[27.332,56.936],[27.314,56.98],[27.287,56.973],[27.262,56.973],[27.255,56.993],[27.289,57],[27.314,57.025],[27.325,57.062],[27.305,57.066],[27.271,57.064],[27.198,57.078],[27.148,57.089],[27.118,57.084],[27.098,57.091],[27.098,57.114],[27.05,57.112],[27.008,57.115],[27.065,57.156],[27.091,57.17],[27.13,57.2],[27.157,57.226],[27.184,57.228],[27.201,57.235],[27.22,57.234],[27.229,57.239],[27.234,57.243],[27.241,57.246],[27.248,57.249],[27.276,57.247],[27.326,57.277],[27.355,57.285]]]}},{"type":"Feature","id":"LV-016","properties":{"id":"LV-016","countryCode":"LV","isoSubdivision":"LV-016","name":"Bauska","name_en":"Bauska","name_ko":"바우스카 시","type":"Municipality","labelLongitude":24.269,"labelLatitude":56.422,"minZoom":10},"geometry":{"type":"Polygon","coordinates":[[[24.573,56.31],[24.558,56.299],[24.539,56.288],[24.481,56.269],[24.447,56.261],[24.414,56.266],[24.351,56.292],[24.319,56.299],[24.288,56.296],[24.167,56.26],[24.14,56.258],[24.139,56.257],[24.109,56.261],[24.075,56.271],[23.981,56.312],[24.009,56.322],[24.036,56.331],[24.041,56.351],[24.073,56.363],[24.068,56.383],[24.091,56.383],[24.127,56.369],[24.155,56.387],[24.114,56.401],[24.064,56.415],[24.037,56.426],[24.036,56.447],[24.03,56.478],[24.018,56.502],[24.032,56.502],[24.043,56.503],[24.081,56.527],[24.079,56.535],[24.105,56.53],[24.15,56.524],[24.173,56.517],[24.195,56.51],[24.234,56.501],[24.252,56.519],[24.3,56.535],[24.345,56.537],[24.381,56.53],[24.4,56.51],[24.427,56.494],[24.438,56.474],[24.474,56.483],[24.513,56.455],[24.531,56.41],[24.515,56.397],[24.447,56.381],[24.452,56.367],[24.506,56.362],[24.491,56.344],[24.468,56.331],[24.481,56.31],[24.529,56.322],[24.573,56.31]]]}},{"type":"Feature","id":"LV-017","properties":{"id":"LV-017","countryCode":"LV","isoSubdivision":"LV-017","name":"Valmiera","name_en":"Valmiera","name_ko":"발미에라","type":"Municipality","labelLongitude":25.592,"labelLatitude":57.529,"minZoom":10},"geometry":{"type":"Polygon","coordinates":[[[25.631,57.62],[25.664,57.619],[25.695,57.616],[25.707,57.603],[25.725,57.589],[25.711,57.576],[25.729,57.57],[25.753,57.57],[25.783,57.553],[25.772,57.548],[25.734,57.547],[25.743,57.534],[25.779,57.53],[25.809,57.537],[25.822,57.525],[25.776,57.5],[25.718,57.497],[25.68,57.48],[25.676,57.473],[25.658,57.465],[25.602,57.469],[25.561,57.451],[25.548,57.442],[25.527,57.438],[25.519,57.441],[25.509,57.447],[25.5,57.45],[25.474,57.443],[25.421,57.447],[25.399,57.441],[25.393,57.465],[25.379,57.484],[25.377,57.509],[25.396,57.509],[25.432,57.506],[25.452,57.515],[25.457,57.537],[25.48,57.548],[25.507,57.567],[25.537,57.584],[25.57,57.592],[25.591,57.614],[25.631,57.62]]]}},{"type":"Feature","id":"LV-018","properties":{"id":"LV-018","countryCode":"LV","isoSubdivision":"LV-018","name":"Brocēni","name_en":"Brocēni","name_ko":"브로체니 시","type":"Municipality","labelLongitude":22.641,"labelLatitude":56.7,"minZoom":10},"geometry":{"type":"Polygon","coordinates":[[[22.789,56.804],[22.788,56.797],[22.821,56.772],[22.827,56.734],[22.829,56.726],[22.825,56.72],[22.819,56.718],[22.814,56.715],[22.815,56.711],[22.818,56.708],[22.826,56.698],[22.8,56.696],[22.805,56.678],[22.829,56.672],[22.838,56.658],[22.859,56.644],[22.854,56.631],[22.841,56.617],[22.829,56.61],[22.817,56.607],[22.793,56.607],[22.781,56.606],[22.777,56.601],[22.777,56.597],[22.777,56.592],[22.779,56.588],[22.784,56.586],[22.789,56.581],[22.792,56.579],[22.798,56.568],[22.773,56.568],[22.755,56.562],[22.736,56.566],[22.732,56.565],[22.712,56.565],[22.694,56.588],[22.655,56.604],[22.605,56.6],[22.575,56.568],[22.55,56.579],[22.536,56.62],[22.502,56.639],[22.497,56.684],[22.488,56.723],[22.461,56.737],[22.442,56.771],[22.463,56.805],[22.491,56.852],[22.528,56.842],[22.586,56.837],[22.634,56.824],[22.646,56.816],[22.642,56.808],[22.679,56.81],[22.719,56.802],[22.789,56.804]]]}},{"type":"Feature","id":"LV-019","properties":{"id":"LV-019","countryCode":"LV","isoSubdivision":"LV-019","name":"Valmiera","name_en":"Valmiera","name_ko":"발미에라","type":"Municipality","labelLongitude":25.339,"labelLatitude":57.681,"minZoom":10},"geometry":{"type":"Polygon","coordinates":[[[25.553,57.792],[25.565,57.783],[25.596,57.774],[25.617,57.758],[25.66,57.75],[25.689,57.738],[25.671,57.72],[25.621,57.719],[25.612,57.708],[25.601,57.697],[25.601,57.669],[25.53,57.659],[25.51,57.646],[25.533,57.629],[25.571,57.619],[25.591,57.614],[25.57,57.592],[25.537,57.584],[25.507,57.567],[25.48,57.548],[25.457,57.537],[25.44,57.556],[25.412,57.556],[25.379,57.55],[25.352,57.567],[25.313,57.586],[25.278,57.594],[25.269,57.616],[25.231,57.639],[25.225,57.648],[25.199,57.655],[25.189,57.673],[25.156,57.663],[25.122,57.653],[25.094,57.653],[25.085,57.675],[25.092,57.688],[25.082,57.697],[25.076,57.706],[25.076,57.715],[25.08,57.721],[25.087,57.727],[25.091,57.731],[25.099,57.736],[25.084,57.754],[25.077,57.767],[25.017,57.796],[25.034,57.814],[25.061,57.813],[25.092,57.813],[25.112,57.8],[25.128,57.799],[25.133,57.808],[25.123,57.827],[25.112,57.838],[25.142,57.844],[25.158,57.833],[25.224,57.805],[25.246,57.8],[25.267,57.796],[25.271,57.778],[25.313,57.783],[25.379,57.788],[25.455,57.789],[25.495,57.789],[25.553,57.792]]]}},{"type":"Feature","id":"LV-020","properties":{"id":"LV-020","countryCode":"LV","isoSubdivision":"LV-020","name":"Carnikava","name_en":"Carnikava","name_ko":"차르니카바 시","type":"Municipality","labelLongitude":24.246,"labelLatitude":57.12,"minZoom":10},"geometry":{"type":"Polygon","coordinates":[[[24.113,57.089],[24.211,57.124],[24.219,57.138],[24.239,57.15],[24.261,57.157],[24.279,57.161],[24.279,57.172],[24.289,57.179],[24.313,57.188],[24.331,57.2],[24.349,57.184],[24.342,57.163],[24.338,57.128],[24.321,57.113],[24.265,57.099],[24.258,57.075],[24.247,57.06],[24.232,57.073],[24.162,57.053],[24.152,57.056],[24.113,57.089]]]}},{"type":"Feature","id":"LV-021","properties":{"id":"LV-021","countryCode":"LV","isoSubdivision":"LV-021","name":"Valmiera","name_en":"Valmiera","name_ko":"발미에라","type":"Municipality","labelLongitude":26.275,"labelLatitude":57.01,"minZoom":10},"geometry":{"type":"Polygon","coordinates":[[[26.321,57.098],[26.329,57.072],[26.369,57.045],[26.376,57.032],[26.384,57.005],[26.406,56.989],[26.393,56.97],[26.374,56.956],[26.353,56.949],[26.359,56.931],[26.326,56.931],[26.287,56.941],[26.268,56.931],[26.243,56.93],[26.223,56.928],[26.201,56.952],[26.182,56.953],[26.171,56.953],[26.172,56.966],[26.187,56.985],[26.177,57.006],[26.176,57.035],[26.187,57.058],[26.183,57.083],[26.215,57.089],[26.272,57.087],[26.321,57.098]]]}},{"type":"Feature","id":"LV-022","properties":{"id":"LV-022","countryCode":"LV","isoSubdivision":"LV-022","name":"Cēsis","name_en":"Cēsis","name_ko":"체시스 시","type":"Municipality","labelLongitude":25.431,"labelLatitude":57.24,"minZoom":10},"geometry":{"type":"Polygon","coordinates":[[[25.231,57.296],[25.231,57.331],[25.255,57.326],[25.274,57.318],[25.311,57.313],[25.324,57.309],[25.311,57.296],[25.332,57.291],[25.363,57.296],[25.394,57.302],[25.427,57.29],[25.466,57.277],[25.49,57.263],[25.501,57.249],[25.501,57.216],[25.523,57.208],[25.546,57.213],[25.56,57.223],[25.576,57.204],[25.573,57.171],[25.563,57.147],[25.532,57.157],[25.509,57.157],[25.496,57.152],[25.459,57.157],[25.444,57.171],[25.412,57.187],[25.38,57.188],[25.365,57.205],[25.369,57.219],[25.36,57.232],[25.318,57.232],[25.319,57.259],[25.288,57.28],[25.231,57.296]]]}},{"type":"Feature","id":"LV-023","properties":{"id":"LV-023","countryCode":"LV","isoSubdivision":"LV-023","name":"Cibla","name_en":"Cibla","name_ko":"치블라 시","type":"Municipality","labelLongitude":27.862,"labelLatitude":56.613,"minZoom":10},"geometry":{"type":"Polygon","coordinates":[[[27.865,56.743],[27.883,56.725],[27.981,56.687],[27.991,56.67],[27.992,56.625],[27.997,56.604],[28.011,56.588],[28.029,56.577],[28.109,56.555],[28.126,56.548],[28.132,56.536],[28.125,56.527],[28.099,56.513],[28.093,56.502],[28.054,56.518],[27.989,56.523],[27.945,56.503],[27.919,56.482],[27.885,56.497],[27.865,56.528],[27.813,56.552],[27.777,56.541],[27.756,56.521],[27.725,56.534],[27.691,56.567],[27.657,56.567],[27.603,56.575],[27.561,56.576],[27.561,56.6],[27.58,56.619],[27.593,56.655],[27.644,56.686],[27.761,56.692],[27.802,56.666],[27.821,56.689],[27.821,56.728],[27.844,56.743],[27.865,56.743]]]}},{"type":"Feature","id":"LV-024","properties":{"id":"LV-024","countryCode":"LV","isoSubdivision":"LV-024","name":"Dagda","name_en":"Dagda","name_ko":"다그다 시","type":"Municipality","labelLongitude":27.625,"labelLatitude":56.118,"minZoom":10},"geometry":{"type":"Polygon","coordinates":[[[28.051,56.141],[28.024,56.13],[27.981,56.118],[27.94,56.113],[27.927,56.109],[27.911,56.1],[27.902,56.089],[27.893,56.077],[27.881,56.064],[27.813,56.035],[27.781,56.016],[27.777,55.992],[27.76,55.975],[27.725,55.995],[27.681,56.008],[27.655,56.021],[27.642,56.016],[27.644,55.987],[27.619,55.99],[27.572,55.998],[27.461,56.037],[27.414,56.037],[27.386,56.021],[27.367,56.024],[27.375,56.057],[27.37,56.081],[27.316,56.081],[27.264,56.073],[27.241,56.112],[27.308,56.125],[27.339,56.14],[27.331,56.161],[27.3,56.182],[27.296,56.203],[27.339,56.21],[27.412,56.207],[27.421,56.211],[27.448,56.209],[27.441,56.224],[27.447,56.23],[27.467,56.233],[27.489,56.235],[27.509,56.241],[27.524,56.248],[27.528,56.257],[27.535,56.261],[27.548,56.248],[27.552,56.245],[27.568,56.242],[27.652,56.25],[27.668,56.24],[27.687,56.225],[27.702,56.219],[27.722,56.207],[27.744,56.2],[27.778,56.196],[27.811,56.196],[27.822,56.186],[27.838,56.182],[27.853,56.182],[27.888,56.187],[27.898,56.183],[27.913,56.184],[28.001,56.203],[28.021,56.21],[28.031,56.214],[28.04,56.216],[28.048,56.214],[28.053,56.211],[28.056,56.207],[28.061,56.204],[28.065,56.203],[28.07,56.209],[28.078,56.197],[28.063,56.182],[28.044,56.158],[28.047,56.151],[28.051,56.141]]]}},{"type":"Feature","id":"LV-026","properties":{"id":"LV-026","countryCode":"LV","isoSubdivision":"LV-026","name":"Dobele","name_en":"Dobele","name_ko":"도벨레 시","type":"Municipality","labelLongitude":23.201,"labelLatitude":56.617,"minZoom":10},"geometry":{"type":"Polygon","coordinates":[[[23.397,56.792],[23.409,56.792],[23.452,56.799],[23.487,56.816],[23.506,56.808],[23.525,56.764],[23.503,56.747],[23.459,56.735],[23.436,56.724],[23.417,56.707],[23.443,56.697],[23.463,56.693],[23.478,56.685],[23.481,56.68],[23.48,56.677],[23.484,56.665],[23.485,56.66],[23.476,56.656],[23.445,56.642],[23.438,56.634],[23.425,56.622],[23.413,56.616],[23.406,56.606],[23.48,56.6],[23.477,56.587],[23.448,56.579],[23.437,56.577],[23.432,56.571],[23.434,56.564],[23.446,56.556],[23.459,56.545],[23.459,56.53],[23.447,56.506],[23.438,56.499],[23.415,56.493],[23.394,56.519],[23.383,56.546],[23.356,56.546],[23.315,56.514],[23.274,56.49],[23.288,56.469],[23.31,56.46],[23.276,56.455],[23.215,56.455],[23.172,56.451],[23.149,56.433],[23.129,56.446],[23.122,56.471],[23.09,56.48],[23.086,56.524],[23.088,56.546],[23.067,56.551],[23.042,56.578],[23.022,56.59],[22.981,56.578],[22.961,56.601],[22.925,56.589],[22.931,56.569],[22.897,56.567],[22.863,56.553],[22.848,56.539],[22.834,56.54],[22.823,56.562],[22.798,56.568],[22.792,56.579],[22.789,56.581],[22.784,56.586],[22.779,56.588],[22.777,56.592],[22.777,56.597],[22.777,56.601],[22.781,56.606],[22.793,56.607],[22.817,56.607],[22.829,56.61],[22.841,56.617],[22.854,56.631],[22.859,56.644],[22.838,56.658],[22.829,56.672],[22.805,56.678],[22.8,56.696],[22.826,56.698],[22.875,56.709],[22.903,56.712],[22.986,56.711],[23.029,56.695],[23.084,56.691],[23.099,56.692],[23.123,56.699],[23.172,56.692],[23.194,56.705],[23.216,56.711],[23.272,56.71],[23.3,56.715],[23.325,56.749],[23.315,56.765],[23.316,56.774],[23.322,56.782],[23.375,56.801],[23.389,56.794],[23.397,56.792]]]}},{"type":"Feature","id":"LV-027","properties":{"id":"LV-027","countryCode":"LV","isoSubdivision":"LV-027","name":"Dundaga","name_en":"Dundaga","name_ko":"둔다가 시","type":"Municipality","labelLongitude":22.406,"labelLatitude":57.584,"minZoom":10},"geometry":{"type":"Polygon","coordinates":[[[22.195,57.658],[22.484,57.742],[22.526,57.75],[22.549,57.751],[22.56,57.753],[22.573,57.757],[22.586,57.76],[22.6,57.758],[22.61,57.755],[22.61,57.753],[22.605,57.751],[22.6,57.744],[22.591,57.706],[22.587,57.665],[22.568,57.674],[22.57,57.617],[22.609,57.578],[22.611,57.542],[22.625,57.503],[22.547,57.498],[22.504,57.462],[22.477,57.414],[22.424,57.42],[22.381,57.411],[22.348,57.411],[22.326,57.434],[22.282,57.427],[22.26,57.398],[22.245,57.407],[22.186,57.402],[22.152,57.405],[22.078,57.423],[22.138,57.438],[22.167,57.451],[22.177,57.459],[22.177,57.465],[22.174,57.472],[22.19,57.476],[22.204,57.484],[22.272,57.507],[22.274,57.517],[22.272,57.549],[22.268,57.555],[22.259,57.564],[22.25,57.576],[22.245,57.588],[22.247,57.6],[22.236,57.62],[22.224,57.623],[22.213,57.621],[22.206,57.627],[22.195,57.658]]]}},{"type":"Feature","id":"LV-028","properties":{"id":"LV-028","countryCode":"LV","isoSubdivision":"LV-028","name":"Durbe","name_en":"Durbe","name_ko":"두르베 시","type":"Municipality","labelLongitude":21.407,"labelLatitude":56.614,"minZoom":10},"geometry":{"type":"Polygon","coordinates":[[[21.292,56.757],[21.316,56.74],[21.337,56.718],[21.399,56.693],[21.403,56.671],[21.431,56.674],[21.452,56.646],[21.491,56.652],[21.518,56.652],[21.572,56.659],[21.608,56.644],[21.619,56.614],[21.619,56.588],[21.572,56.561],[21.529,56.571],[21.499,56.552],[21.529,56.514],[21.482,56.512],[21.474,56.52],[21.433,56.546],[21.399,56.558],[21.408,56.52],[21.354,56.503],[21.348,56.544],[21.256,56.531],[21.254,56.588],[21.282,56.612],[21.258,56.657],[21.288,56.682],[21.273,56.708],[21.26,56.74],[21.292,56.757]]]}},{"type":"Feature","id":"LV-029","properties":{"id":"LV-029","countryCode":"LV","isoSubdivision":"LV-029","name":"Engure","name_en":"Engure","name_ko":"엥구레 시","type":"Municipality","labelLongitude":23.322,"labelLatitude":57.002,"minZoom":10},"geometry":{"type":"Polygon","coordinates":[[[23.16,57.319],[23.165,57.314],[23.175,57.297],[23.182,57.278],[23.19,57.242],[23.199,57.224],[23.214,57.216],[23.222,57.207],[23.25,57.114],[23.261,57.099],[23.275,57.093],[23.293,57.089],[23.34,57.059],[23.423,57.04],[23.509,57.031],[23.521,57.026],[23.57,56.986],[23.579,56.982],[23.576,56.981],[23.5,56.961],[23.484,56.95],[23.473,56.943],[23.475,56.941],[23.477,56.936],[23.442,56.927],[23.372,56.91],[23.278,56.916],[23.201,56.93],[23.149,56.921],[23.142,56.935],[23.177,56.955],[23.197,56.968],[23.168,56.986],[23.177,57.012],[23.213,57.039],[23.231,57.066],[23.204,57.105],[23.151,57.123],[23.113,57.138],[23.101,57.155],[23.12,57.171],[23.133,57.209],[23.129,57.243],[23.113,57.265],[23.115,57.293],[23.121,57.305],[23.128,57.312],[23.16,57.319]]]}},{"type":"Feature","id":"LV-030","properties":{"id":"LV-030","countryCode":"LV","isoSubdivision":"LV-030","name":"Valmiera","name_en":"Valmiera","name_ko":"발미에라","type":"Municipality","labelLongitude":25.666,"labelLatitude":56.895,"minZoom":10},"geometry":{"type":"Polygon","coordinates":[[[25.488,56.994],[25.504,56.995],[25.517,56.995],[25.565,56.982],[25.582,56.982],[25.603,56.984],[25.634,56.995],[25.639,56.995],[25.639,56.993],[25.637,56.99],[25.639,56.984],[25.634,56.975],[25.63,56.963],[25.697,56.986],[25.705,56.994],[25.727,56.999],[25.755,56.993],[25.77,56.983],[25.779,56.981],[25.788,56.982],[25.796,56.985],[25.814,56.987],[25.823,56.985],[25.83,56.982],[25.834,56.98],[25.837,56.977],[25.842,56.974],[25.845,56.97],[25.85,56.966],[25.854,56.963],[25.886,56.964],[25.92,56.944],[25.944,56.933],[25.953,56.925],[25.947,56.906],[25.916,56.906],[25.891,56.9],[25.859,56.906],[25.836,56.9],[25.808,56.895],[25.775,56.891],[25.769,56.88],[25.748,56.867],[25.758,56.851],[25.765,56.828],[25.746,56.826],[25.74,56.818],[25.748,56.815],[25.749,56.809],[25.746,56.801],[25.734,56.789],[25.73,56.782],[25.692,56.77],[25.669,56.789],[25.642,56.792],[25.605,56.802],[25.562,56.803],[25.505,56.813],[25.506,56.827],[25.505,56.833],[25.501,56.842],[25.492,56.846],[25.484,56.854],[25.485,56.857],[25.484,56.867],[25.556,56.874],[25.534,56.885],[25.528,56.89],[25.521,56.894],[25.516,56.898],[25.516,56.903],[25.519,56.908],[25.524,56.914],[25.532,56.921],[25.532,56.933],[25.523,56.944],[25.517,56.956],[25.508,56.964],[25.508,56.973],[25.493,56.981],[25.488,56.994]]]}},{"type":"Feature","id":"LV-031","properties":{"id":"LV-031","countryCode":"LV","isoSubdivision":"LV-031","name":"Garkalne","name_en":"Garkalne","name_ko":"가르칼네 시","type":"Municipality","labelLongitude":24.388,"labelLatitude":57.022,"minZoom":10},"geometry":{"type":"Polygon","coordinates":[[[24.32,56.969],[24.303,56.991],[24.288,57],[24.274,57.006],[24.25,57.013],[24.224,57.022],[24.181,57.048],[24.162,57.053],[24.232,57.073],[24.247,57.06],[24.261,57.042],[24.29,57.031],[24.321,57.028],[24.363,57.057],[24.407,57.061],[24.459,57.073],[24.502,57.095],[24.509,57.106],[24.514,57.08],[24.55,57.084],[24.566,57.06],[24.546,57.061],[24.521,57.052],[24.532,57.002],[24.451,57.002],[24.401,56.995],[24.396,56.968],[24.372,56.944],[24.352,56.957],[24.32,56.969]]]}},{"type":"Feature","id":"LV-032","properties":{"id":"LV-032","countryCode":"LV","isoSubdivision":"LV-032","name":"Grobiņa","name_en":"Grobiņa","name_ko":"그로비냐 시","type":"Municipality","labelLongitude":21.251,"labelLatitude":56.478,"minZoom":10},"geometry":{"type":"Polygon","coordinates":[[[21.063,56.494],[21.058,56.504],[21.053,56.511],[21.073,56.523],[21.103,56.533],[21.094,56.569],[21.077,56.563],[21.067,56.606],[21.021,56.615],[21.046,56.656],[21.058,56.644],[21.122,56.635],[21.154,56.682],[21.211,56.646],[21.258,56.657],[21.282,56.612],[21.254,56.588],[21.256,56.531],[21.348,56.544],[21.354,56.503],[21.384,56.49],[21.386,56.465],[21.437,56.407],[21.416,56.354],[21.38,56.328],[21.263,56.326],[21.226,56.352],[21.211,56.433],[21.147,56.431],[21.128,56.499],[21.063,56.494]]]}},{"type":"Feature","id":"LV-033","properties":{"id":"LV-033","countryCode":"LV","isoSubdivision":"LV-033","name":"Gulbene","name_en":"Gulbene","name_ko":"굴베네 시","type":"Municipality","labelLongitude":26.58,"labelLatitude":57.172,"minZoom":10},"geometry":{"type":"Polygon","coordinates":[[[26.13,57.276],[26.262,57.282],[26.267,57.289],[26.265,57.301],[26.276,57.308],[26.28,57.318],[26.277,57.323],[26.276,57.331],[26.359,57.323],[26.424,57.332],[26.43,57.34],[26.43,57.346],[26.424,57.347],[26.411,57.343],[26.404,57.342],[26.399,57.344],[26.395,57.347],[26.394,57.351],[26.397,57.354],[26.421,57.358],[26.433,57.361],[26.447,57.369],[26.475,57.375],[26.479,57.382],[26.481,57.387],[26.476,57.405],[26.52,57.406],[26.526,57.402],[26.531,57.399],[26.544,57.396],[26.568,57.397],[26.594,57.391],[26.618,57.362],[26.633,57.35],[26.678,57.334],[26.681,57.324],[26.682,57.32],[26.715,57.306],[26.748,57.319],[26.761,57.322],[26.79,57.318],[26.836,57.315],[26.84,57.316],[26.845,57.316],[26.849,57.315],[26.865,57.3],[26.906,57.304],[26.989,57.304],[27.021,57.287],[27.06,57.273],[27.067,57.269],[27.06,57.263],[27.049,57.256],[27.047,57.253],[27.046,57.25],[27.056,57.249],[27.157,57.226],[27.13,57.2],[27.091,57.17],[27.065,57.156],[27.008,57.115],[26.995,57.105],[26.979,57.096],[26.953,57.065],[26.93,57.05],[26.902,57.039],[26.861,57.018],[26.868,57.006],[26.871,57.003],[26.86,56.983],[26.796,56.989],[26.782,56.993],[26.758,56.993],[26.735,56.988],[26.726,56.983],[26.704,56.974],[26.697,56.973],[26.691,56.978],[26.635,56.965],[26.604,56.954],[26.568,56.948],[26.56,56.979],[26.544,57.009],[26.533,57.025],[26.513,57.044],[26.497,57.056],[26.462,57.061],[26.369,57.045],[26.329,57.072],[26.321,57.098],[26.272,57.087],[26.215,57.089],[26.183,57.083],[26.117,57.078],[26.133,57.097],[26.14,57.108],[26.161,57.129],[26.166,57.134],[26.168,57.143],[26.132,57.172],[26.103,57.201],[26.089,57.21],[26.076,57.215],[26.062,57.217],[26.013,57.221],[26.004,57.244],[26.008,57.247],[26.014,57.25],[26.049,57.25],[26.059,57.251],[26.059,57.265],[26.076,57.274],[26.101,57.278],[26.13,57.276]]]}},{"type":"Feature","id":"LV-034","properties":{"id":"LV-034","countryCode":"LV","isoSubdivision":"LV-034","name":"Iecava","name_en":"Iecava","name_ko":"이에차바 시","type":"Municipality","labelLongitude":24.206,"labelLatitude":56.613,"minZoom":10},"geometry":{"type":"Polygon","coordinates":[[[24.246,56.704],[24.258,56.701],[24.263,56.69],[24.275,56.684],[24.295,56.675],[24.336,56.664],[24.355,56.662],[24.368,56.619],[24.309,56.612],[24.322,56.564],[24.348,56.565],[24.388,56.553],[24.381,56.53],[24.345,56.537],[24.3,56.535],[24.252,56.519],[24.234,56.501],[24.195,56.51],[24.173,56.517],[24.15,56.524],[24.105,56.53],[24.079,56.535],[24.088,56.551],[24.105,56.564],[24.11,56.575],[24.107,56.58],[24.094,56.582],[24.082,56.582],[24.056,56.586],[24.041,56.592],[24.027,56.603],[24.026,56.608],[24.03,56.609],[24.039,56.609],[24.049,56.611],[24.057,56.619],[24.055,56.624],[24.052,56.628],[24.05,56.632],[24.051,56.635],[24.046,56.638],[24.036,56.641],[24.01,56.659],[24.007,56.665],[24.009,56.666],[24.018,56.663],[24.023,56.659],[24.035,56.659],[24.042,56.661],[24.034,56.688],[24.087,56.682],[24.118,56.671],[24.131,56.668],[24.149,56.668],[24.16,56.67],[24.172,56.679],[24.174,56.685],[24.179,56.69],[24.185,56.693],[24.196,56.692],[24.209,56.693],[24.23,56.699],[24.246,56.704]]]}},{"type":"Feature","id":"LV-035","properties":{"id":"LV-035","countryCode":"LV","isoSubdivision":"LV-035","name":"Ikskile","name_en":"Ikskile","name_ko":"익스킬레스","type":"Municipality","labelLongitude":24.57,"labelLatitude":56.855,"minZoom":10},"geometry":{"type":"Polygon","coordinates":[[[24.513,56.817],[24.505,56.819],[24.476,56.832],[24.458,56.838],[24.452,56.838],[24.444,56.838],[24.443,56.845],[24.448,56.858],[24.448,56.866],[24.444,56.872],[24.438,56.878],[24.436,56.884],[24.44,56.887],[24.457,56.887],[24.469,56.884],[24.48,56.88],[24.486,56.875],[24.492,56.872],[24.5,56.87],[24.508,56.873],[24.511,56.878],[24.507,56.896],[24.52,56.9],[24.574,56.887],[24.693,56.895],[24.702,56.875],[24.736,56.866],[24.701,56.839],[24.667,56.853],[24.617,56.825],[24.588,56.812],[24.566,56.816],[24.526,56.814],[24.513,56.817]]]}},{"type":"Feature","id":"LV-036","properties":{"id":"LV-036","countryCode":"LV","isoSubdivision":"LV-036","name":"Ilūkste","name_en":"Ilūkste","name_ko":"일룩스테 시","type":"Municipality","labelLongitude":26.177,"labelLatitude":56,"minZoom":10},"geometry":{"type":"Polygon","coordinates":[[[25.961,55.958],[25.871,55.992],[25.795,56.04],[25.796,56.04],[25.811,56.048],[25.838,56.058],[25.845,56.065],[25.849,56.075],[25.86,56.082],[25.854,56.089],[25.851,56.093],[25.838,56.104],[25.835,56.11],[25.831,56.123],[25.916,56.08],[25.926,56.071],[25.942,56.062],[25.954,56.063],[25.982,56.076],[25.99,56.081],[26.008,56.087],[26.026,56.079],[26.037,56.069],[26.046,56.066],[26.059,56.068],[26.079,56.079],[26.092,56.09],[26.098,56.096],[26.109,56.101],[26.121,56.101],[26.129,56.098],[26.152,56.109],[26.153,56.118],[26.151,56.121],[26.139,56.131],[26.206,56.164],[26.22,56.166],[26.243,56.167],[26.257,56.162],[26.282,56.159],[26.305,56.153],[26.313,56.15],[26.318,56.146],[26.321,56.142],[26.319,56.135],[26.315,56.131],[26.316,56.123],[26.345,56.093],[26.348,56.073],[26.357,56.055],[26.37,56.044],[26.365,56.022],[26.377,55.998],[26.393,55.978],[26.373,55.954],[26.338,55.965],[26.318,55.951],[26.292,55.941],[26.287,55.924],[26.303,55.917],[26.32,55.908],[26.277,55.881],[26.336,55.84],[26.349,55.81],[26.292,55.807],[26.258,55.805],[26.227,55.797],[26.204,55.827],[26.179,55.85],[26.079,55.898],[26.018,55.937],[25.961,55.958]]]}},{"type":"Feature","id":"LV-037","properties":{"id":"LV-037","countryCode":"LV","isoSubdivision":"LV-037","name":"Inčukalns","name_en":"Inčukalns","name_ko":"인추칼른스 시","type":"Municipality","labelLongitude":24.635,"labelLatitude":57.1,"minZoom":10},"geometry":{"type":"Polygon","coordinates":[[[24.63,57.061],[24.58,57.059],[24.566,57.06],[24.55,57.084],[24.514,57.08],[24.509,57.106],[24.553,57.124],[24.569,57.138],[24.619,57.132],[24.666,57.125],[24.701,57.138],[24.737,57.148],[24.773,57.148],[24.78,57.135],[24.766,57.116],[24.749,57.099],[24.759,57.078],[24.708,57.063],[24.678,57.06],[24.651,57.074],[24.63,57.061]]]}},{"type":"Feature","id":"LV-038","properties":{"id":"LV-038","countryCode":"LV","isoSubdivision":"LV-038","name":"Jaunjelgava","name_en":"Jaunjelgava","name_ko":"야우넬가바 시","type":"Municipality","labelLongitude":25.302,"labelLatitude":56.511,"minZoom":10},"geometry":{"type":"Polygon","coordinates":[[[24.95,56.579],[24.969,56.582],[25.042,56.59],[25.057,56.601],[25.05,56.612],[25.08,56.621],[25.118,56.624],[25.139,56.619],[25.163,56.613],[25.189,56.601],[25.215,56.589],[25.235,56.586],[25.293,56.591],[25.33,56.598],[25.367,56.614],[25.398,56.631],[25.423,56.627],[25.465,56.613],[25.487,56.613],[25.496,56.612],[25.499,56.602],[25.494,56.589],[25.509,56.579],[25.57,56.577],[25.56,56.574],[25.58,56.569],[25.599,56.57],[25.607,56.568],[25.606,56.562],[25.599,56.552],[25.576,56.54],[25.559,56.511],[25.566,56.498],[25.58,56.488],[25.595,56.467],[25.591,56.461],[25.583,56.459],[25.574,56.453],[25.567,56.448],[25.548,56.445],[25.524,56.445],[25.505,56.436],[25.476,56.419],[25.456,56.413],[25.394,56.411],[25.331,56.421],[25.296,56.421],[25.294,56.408],[25.133,56.413],[25.074,56.403],[25.051,56.463],[25.028,56.46],[25.014,56.496],[24.996,56.551],[24.956,56.551],[24.95,56.579]]]}},{"type":"Feature","id":"LV-039","properties":{"id":"LV-039","countryCode":"LV","isoSubdivision":"LV-039","name":"Valmiera","name_en":"Valmiera","name_ko":"발미에라","type":"Municipality","labelLongitude":26.009,"labelLatitude":57.145,"minZoom":10},"geometry":{"type":"Polygon","coordinates":[[[26.013,57.221],[26.062,57.217],[26.076,57.215],[26.089,57.21],[26.103,57.201],[26.132,57.172],[26.168,57.143],[26.166,57.134],[26.161,57.129],[26.14,57.108],[26.133,57.097],[26.117,57.078],[26.09,57.086],[26.077,57.088],[26.065,57.089],[26.056,57.084],[26.053,57.08],[26.049,57.077],[26.038,57.077],[26.023,57.08],[25.95,57.1],[25.923,57.097],[25.881,57.097],[25.862,57.121],[25.839,57.121],[25.805,57.135],[25.775,57.154],[25.764,57.169],[25.772,57.199],[25.798,57.208],[25.819,57.207],[25.85,57.196],[25.869,57.185],[25.894,57.185],[25.945,57.191],[25.989,57.207],[26.013,57.221]]]}},{"type":"Feature","id":"LV-040","properties":{"id":"LV-040","countryCode":"LV","isoSubdivision":"LV-040","name":"Jaunpils","name_en":"Jaunpils","name_ko":"야운필스 시","type":"Municipality","labelLongitude":22.913,"labelLatitude":56.769,"minZoom":10},"geometry":{"type":"Polygon","coordinates":[[[23.084,56.691],[23.029,56.695],[22.986,56.711],[22.903,56.712],[22.875,56.709],[22.826,56.698],[22.818,56.708],[22.815,56.711],[22.814,56.715],[22.819,56.718],[22.825,56.72],[22.829,56.726],[22.827,56.734],[22.821,56.772],[22.788,56.797],[22.789,56.804],[22.816,56.814],[22.847,56.828],[22.836,56.85],[22.875,56.859],[22.907,56.853],[22.943,56.855],[22.924,56.834],[22.932,56.81],[22.975,56.801],[23.036,56.807],[23.056,56.794],[23.07,56.76],[23.093,56.721],[23.123,56.699],[23.099,56.692],[23.084,56.691]]]}},{"type":"Feature","id":"LV-043","properties":{"id":"LV-043","countryCode":"LV","isoSubdivision":"LV-043","name":"Kandava","name_en":"Kandava","name_ko":"칸다바 시","type":"Municipality","labelLongitude":22.696,"labelLatitude":56.94,"minZoom":10},"geometry":{"type":"Polygon","coordinates":[[[22.455,56.917],[22.445,56.939],[22.456,56.94],[22.472,56.982],[22.508,57.014],[22.56,57.008],[22.591,57.022],[22.636,57.016],[22.649,57.042],[22.642,57.095],[22.67,57.098],[22.761,57.112],[22.793,57.126],[22.802,57.131],[22.808,57.137],[22.831,57.14],[22.911,57.137],[22.931,57.145],[22.956,57.127],[22.941,57.114],[22.913,57.104],[22.897,57.089],[22.841,57.079],[22.856,57.057],[22.866,57.037],[22.879,57.02],[22.863,57.011],[22.831,57.007],[22.818,56.975],[22.831,56.95],[22.873,56.925],[22.916,56.916],[22.918,56.889],[22.924,56.875],[22.943,56.855],[22.907,56.853],[22.875,56.859],[22.836,56.85],[22.847,56.828],[22.816,56.814],[22.789,56.804],[22.719,56.802],[22.679,56.81],[22.642,56.808],[22.646,56.816],[22.634,56.824],[22.586,56.837],[22.528,56.842],[22.491,56.852],[22.5,56.863],[22.507,56.867],[22.515,56.872],[22.519,56.877],[22.521,56.885],[22.521,56.9],[22.524,56.905],[22.529,56.909],[22.527,56.913],[22.512,56.917],[22.492,56.92],[22.455,56.917]]]}},{"type":"Feature","id":"LV-044","properties":{"id":"LV-044","countryCode":"LV","isoSubdivision":"LV-044","name":"Kārsava","name_en":"Kārsava","name_ko":"카르사바 시","type":"Municipality","labelLongitude":27.629,"labelLatitude":56.765,"minZoom":10},"geometry":{"type":"Polygon","coordinates":[[[27.644,56.842],[27.661,56.839],[27.744,56.865],[27.786,56.871],[27.831,56.864],[27.852,56.854],[27.892,56.83],[27.914,56.82],[27.919,56.806],[27.9,56.783],[27.876,56.759],[27.865,56.743],[27.844,56.743],[27.821,56.728],[27.821,56.689],[27.802,56.666],[27.761,56.692],[27.644,56.686],[27.593,56.655],[27.58,56.619],[27.552,56.637],[27.542,56.645],[27.525,56.652],[27.512,56.655],[27.502,56.656],[27.488,56.653],[27.476,56.658],[27.472,56.663],[27.47,56.674],[27.48,56.681],[27.486,56.693],[27.471,56.741],[27.455,56.772],[27.404,56.785],[27.34,56.783],[27.348,56.784],[27.345,56.802],[27.348,56.807],[27.348,56.815],[27.355,56.822],[27.362,56.825],[27.369,56.824],[27.371,56.822],[27.377,56.821],[27.383,56.821],[27.395,56.828],[27.391,56.832],[27.396,56.836],[27.412,56.845],[27.428,56.851],[27.447,56.853],[27.518,56.858],[27.53,56.863],[27.55,56.867],[27.562,56.871],[27.568,56.867],[27.572,56.864],[27.581,56.858],[27.601,56.852],[27.615,56.845],[27.637,56.837],[27.644,56.842]]]}},{"type":"Feature","id":"LV-045","properties":{"id":"LV-045","countryCode":"LV","isoSubdivision":"LV-045","name":"Valmiera","name_en":"Valmiera","name_ko":"발미에라","type":"Municipality","labelLongitude":25.212,"labelLatitude":57.542,"minZoom":10},"geometry":{"type":"Polygon","coordinates":[[[24.916,57.556],[24.895,57.567],[24.88,57.583],[24.881,57.625],[24.935,57.612],[24.966,57.628],[24.991,57.636],[25,57.636],[25.006,57.636],[25.019,57.638],[25.024,57.637],[25.028,57.634],[25.033,57.63],[25.042,57.626],[25.062,57.624],[25.068,57.626],[25.085,57.63],[25.083,57.634],[25.076,57.639],[25.063,57.648],[25.062,57.652],[25.067,57.655],[25.094,57.653],[25.122,57.653],[25.156,57.663],[25.189,57.673],[25.199,57.655],[25.225,57.648],[25.231,57.639],[25.269,57.616],[25.278,57.594],[25.313,57.586],[25.352,57.567],[25.379,57.55],[25.372,57.528],[25.377,57.509],[25.379,57.484],[25.393,57.465],[25.399,57.441],[25.405,57.435],[25.403,57.434],[25.392,57.428],[25.399,57.411],[25.397,57.405],[25.393,57.398],[25.393,57.391],[25.387,57.386],[25.357,57.385],[25.349,57.389],[25.335,57.397],[25.329,57.403],[25.323,57.405],[25.301,57.404],[25.273,57.405],[25.238,57.415],[25.211,57.417],[25.197,57.422],[25.185,57.43],[25.16,57.448],[25.141,57.462],[25.141,57.475],[25.123,57.495],[25.098,57.488],[25.08,57.5],[25.088,57.504],[25.087,57.507],[25.081,57.511],[25.067,57.513],[25.054,57.512],[25.048,57.514],[25.047,57.516],[25.051,57.518],[25.051,57.524],[25.046,57.535],[25.022,57.555],[25.004,57.562],[24.984,57.564],[24.933,57.556],[24.916,57.556]]]}},{"type":"Feature","id":"LV-046","properties":{"id":"LV-046","countryCode":"LV","isoSubdivision":"LV-046","name":"Koknese","name_en":"Koknese","name_ko":"코크네세 시","type":"Municipality","labelLongitude":25.445,"labelLatitude":56.703,"minZoom":10},"geometry":{"type":"Polygon","coordinates":[[[25.505,56.813],[25.562,56.803],[25.605,56.802],[25.642,56.792],[25.669,56.789],[25.692,56.77],[25.656,56.754],[25.627,56.763],[25.6,56.765],[25.596,56.752],[25.616,56.738],[25.616,56.716],[25.569,56.712],[25.583,56.676],[25.531,56.643],[25.52,56.614],[25.496,56.612],[25.487,56.613],[25.465,56.613],[25.423,56.627],[25.398,56.631],[25.367,56.614],[25.33,56.598],[25.293,56.591],[25.293,56.632],[25.293,56.676],[25.278,56.697],[25.296,56.713],[25.297,56.716],[25.298,56.719],[25.293,56.723],[25.257,56.736],[25.268,56.745],[25.295,56.755],[25.326,56.758],[25.356,56.753],[25.354,56.759],[25.353,56.763],[25.365,56.763],[25.378,56.76],[25.391,56.761],[25.437,56.775],[25.505,56.813]]]}},{"type":"Feature","id":"LV-047","properties":{"id":"LV-047","countryCode":"LV","isoSubdivision":"LV-047","name":"Krāslava","name_en":"Krāslava","name_ko":"크라슬라바 시","type":"Municipality","labelLongitude":27.342,"labelLatitude":55.932,"minZoom":10},"geometry":{"type":"Polygon","coordinates":[[[27.76,55.975],[27.744,55.96],[27.645,55.923],[27.617,55.879],[27.61,55.831],[27.601,55.81],[27.593,55.794],[27.565,55.792],[27.439,55.799],[27.406,55.804],[27.375,55.815],[27.35,55.831],[27.329,55.818],[27.282,55.792],[27.263,55.787],[27.236,55.796],[27.173,55.826],[27.151,55.832],[27.111,55.836],[26.981,55.827],[26.979,55.826],[26.979,55.827],[26.98,55.839],[26.982,55.845],[26.981,55.855],[26.978,55.864],[26.934,55.874],[26.934,55.893],[26.938,55.904],[26.946,55.911],[26.955,55.928],[26.936,55.932],[26.944,55.942],[26.956,55.95],[26.947,55.96],[26.944,55.967],[26.933,56.003],[26.968,56.008],[27,55.99],[27.041,55.982],[27.103,55.987],[27.147,55.985],[27.194,56.011],[27.189,56.055],[27.264,56.073],[27.316,56.081],[27.37,56.081],[27.375,56.057],[27.367,56.024],[27.386,56.021],[27.414,56.037],[27.461,56.037],[27.572,55.998],[27.619,55.99],[27.644,55.987],[27.642,56.016],[27.655,56.021],[27.681,56.008],[27.725,55.995],[27.76,55.975]]]}},{"type":"Feature","id":"LV-048","properties":{"id":"LV-048","countryCode":"LV","isoSubdivision":"LV-048","name":"Krimulda","name_en":"Krimulda","name_ko":"크리물다 시","type":"Municipality","labelLongitude":24.786,"labelLatitude":57.28,"minZoom":10},"geometry":{"type":"Polygon","coordinates":[[[24.832,57.396],[24.854,57.373],[24.871,57.351],[24.879,57.343],[24.881,57.337],[24.903,57.328],[24.903,57.323],[24.9,57.319],[24.889,57.312],[24.889,57.309],[24.898,57.303],[24.915,57.289],[24.936,57.278],[24.942,57.268],[24.94,57.258],[24.933,57.246],[24.923,57.236],[24.9,57.219],[24.884,57.199],[24.862,57.189],[24.823,57.182],[24.805,57.166],[24.797,57.142],[24.78,57.135],[24.773,57.148],[24.737,57.148],[24.701,57.138],[24.666,57.125],[24.676,57.149],[24.674,57.17],[24.658,57.18],[24.62,57.177],[24.616,57.203],[24.66,57.21],[24.682,57.223],[24.713,57.227],[24.706,57.242],[24.685,57.287],[24.648,57.301],[24.637,57.32],[24.684,57.328],[24.702,57.349],[24.688,57.39],[24.748,57.411],[24.751,57.397],[24.832,57.396]]]}},{"type":"Feature","id":"LV-049","properties":{"id":"LV-049","countryCode":"LV","isoSubdivision":"LV-049","name":"Krustpils","name_en":"Krustpils","name_ko":"크루스트필스 시","type":"Municipality","labelLongitude":26.197,"labelLatitude":56.556,"minZoom":10},"geometry":{"type":"Polygon","coordinates":[[[26.363,56.451],[26.353,56.475],[26.323,56.498],[26.321,56.507],[26.316,56.512],[26.309,56.516],[26.29,56.518],[26.257,56.512],[26.233,56.499],[26.199,56.473],[26.191,56.458],[26.153,56.429],[26.089,56.406],[26.08,56.418],[26.064,56.437],[26.055,56.451],[26.043,56.456],[25.926,56.484],[25.877,56.495],[25.925,56.514],[25.919,56.529],[25.89,56.522],[25.879,56.536],[25.854,56.536],[25.826,56.527],[25.8,56.528],[25.787,56.53],[25.769,56.554],[25.748,56.566],[25.756,56.592],[25.757,56.612],[25.788,56.609],[25.831,56.613],[25.883,56.624],[25.932,56.638],[25.984,56.666],[26.002,56.64],[26.023,56.629],[26.04,56.626],[26.058,56.63],[26.092,56.644],[26.131,56.654],[26.156,56.65],[26.17,56.645],[26.191,56.642],[26.205,56.635],[26.198,56.627],[26.225,56.61],[26.262,56.617],[26.281,56.611],[26.284,56.606],[26.291,56.587],[26.343,56.604],[26.351,56.61],[26.376,56.636],[26.401,56.634],[26.485,56.606],[26.523,56.6],[26.594,56.595],[26.583,56.564],[26.587,56.551],[26.596,56.547],[26.609,56.545],[26.628,56.544],[26.595,56.507],[26.594,56.502],[26.593,56.497],[26.597,56.496],[26.597,56.495],[26.596,56.489],[26.559,56.486],[26.541,56.49],[26.529,56.494],[26.499,56.496],[26.475,56.494],[26.458,56.489],[26.446,56.483],[26.436,56.476],[26.412,56.465],[26.363,56.451]]]}},{"type":"Feature","id":"LV-050","properties":{"id":"LV-050","countryCode":"LV","isoSubdivision":"LV-050","name":"Kuldīga","name_en":"Kuldīga","name_ko":"쿨디가 시","type":"Municipality","labelLongitude":21.986,"labelLatitude":56.963,"minZoom":10},"geometry":{"type":"Polygon","coordinates":[[[21.526,56.842],[21.516,56.844],[21.493,56.865],[21.436,56.868],[21.468,56.879],[21.474,56.888],[21.493,56.904],[21.519,56.911],[21.564,56.911],[21.585,56.931],[21.64,56.933],[21.665,56.949],[21.706,56.956],[21.692,56.997],[21.656,57.009],[21.633,57.034],[21.64,57.048],[21.605,57.061],[21.574,57.086],[21.593,57.087],[21.626,57.104],[21.641,57.114],[21.654,57.116],[21.664,57.116],[21.692,57.114],[21.712,57.117],[21.767,57.107],[21.789,57.104],[21.79,57.1],[21.79,57.095],[21.783,57.085],[21.822,57.085],[21.84,57.093],[21.85,57.098],[21.86,57.099],[21.937,57.097],[21.952,57.098],[21.996,57.107],[22.015,57.114],[22.075,57.102],[22.095,57.102],[22.173,57.117],[22.192,57.125],[22.194,57.128],[22.195,57.132],[22.195,57.149],[22.196,57.153],[22.196,57.158],[22.2,57.166],[22.206,57.178],[22.235,57.171],[22.242,57.167],[22.25,57.155],[22.263,57.145],[22.298,57.129],[22.328,57.12],[22.349,57.11],[22.354,57.103],[22.363,57.079],[22.359,57.056],[22.36,57.051],[22.363,57.042],[22.373,57.036],[22.382,57.02],[22.413,57.015],[22.48,57.018],[22.508,57.014],[22.472,56.982],[22.456,56.94],[22.445,56.939],[22.455,56.917],[22.443,56.904],[22.432,56.899],[22.418,56.889],[22.392,56.886],[22.349,56.896],[22.338,56.904],[22.339,56.908],[22.336,56.913],[22.328,56.917],[22.304,56.92],[22.29,56.91],[22.288,56.906],[22.267,56.899],[22.264,56.894],[22.27,56.888],[22.288,56.883],[22.296,56.883],[22.304,56.885],[22.311,56.884],[22.32,56.88],[22.329,56.875],[22.342,56.864],[22.341,56.847],[22.317,56.844],[22.306,56.839],[22.27,56.83],[22.251,56.823],[22.23,56.809],[22.205,56.795],[22.163,56.795],[22.113,56.808],[22.092,56.824],[22.031,56.824],[21.983,56.821],[21.935,56.799],[21.96,56.732],[21.93,56.719],[21.887,56.721],[21.841,56.705],[21.823,56.688],[21.801,56.691],[21.776,56.699],[21.768,56.705],[21.772,56.713],[21.771,56.723],[21.763,56.732],[21.761,56.741],[21.738,56.764],[21.68,56.792],[21.674,56.791],[21.652,56.79],[21.644,56.791],[21.63,56.8],[21.623,56.811],[21.61,56.823],[21.609,56.833],[21.593,56.845],[21.567,56.842],[21.526,56.842]]]}},{"type":"Feature","id":"LV-051","properties":{"id":"LV-051","countryCode":"LV","isoSubdivision":"LV-051","name":"Ķegums","name_en":"Ķegums","name_ko":"체굼스 시","type":"Municipality","labelLongitude":24.729,"labelLatitude":56.654,"minZoom":10},"geometry":{"type":"Polygon","coordinates":[[[24.522,56.714],[24.525,56.752],[24.533,56.759],[24.538,56.77],[24.537,56.777],[24.523,56.795],[24.513,56.817],[24.526,56.814],[24.566,56.816],[24.588,56.812],[24.596,56.806],[24.618,56.785],[24.625,56.783],[24.646,56.773],[24.653,56.768],[24.661,56.763],[24.679,56.76],[24.698,56.757],[24.704,56.753],[24.725,56.736],[24.761,56.758],[24.783,56.781],[24.779,56.801],[24.806,56.807],[24.817,56.834],[24.843,56.827],[24.886,56.814],[24.924,56.801],[24.904,56.787],[24.872,56.767],[24.852,56.763],[24.846,56.738],[24.819,56.729],[24.8,56.715],[24.818,56.712],[24.835,56.709],[24.852,56.702],[24.868,56.695],[24.878,56.683],[24.905,56.648],[24.92,56.64],[24.938,56.638],[24.957,56.632],[24.975,56.626],[24.992,56.62],[25.024,56.625],[25.027,56.62],[25.019,56.608],[25.05,56.612],[25.057,56.601],[25.042,56.59],[24.969,56.582],[24.95,56.579],[24.732,56.544],[24.657,56.544],[24.664,56.557],[24.671,56.567],[24.681,56.571],[24.697,56.576],[24.697,56.579],[24.691,56.582],[24.674,56.587],[24.666,56.587],[24.661,56.588],[24.66,56.591],[24.663,56.594],[24.663,56.597],[24.657,56.6],[24.63,56.601],[24.617,56.607],[24.6,56.621],[24.593,56.643],[24.59,56.661],[24.634,56.677],[24.601,56.707],[24.556,56.707],[24.522,56.714]]]}},{"type":"Feature","id":"LV-052","properties":{"id":"LV-052","countryCode":"LV","isoSubdivision":"LV-052","name":"Ķekava","name_en":"Ķekava","name_ko":"체카바 시","type":"Municipality","labelLongitude":24.263,"labelLatitude":56.805,"minZoom":10},"geometry":{"type":"Polygon","coordinates":[[[24.155,56.902],[24.197,56.882],[24.177,56.868],[24.189,56.851],[24.218,56.828],[24.259,56.825],[24.311,56.825],[24.342,56.851],[24.386,56.842],[24.42,56.84],[24.444,56.838],[24.452,56.838],[24.458,56.838],[24.476,56.832],[24.505,56.819],[24.513,56.817],[24.523,56.795],[24.537,56.777],[24.538,56.77],[24.533,56.759],[24.525,56.752],[24.466,56.764],[24.415,56.776],[24.347,56.787],[24.295,56.789],[24.254,56.785],[24.263,56.762],[24.27,56.746],[24.254,56.739],[24.229,56.751],[24.195,56.741],[24.188,56.718],[24.146,56.728],[24.036,56.721],[24.008,56.71],[23.998,56.722],[23.996,56.73],[24.004,56.738],[24.005,56.762],[24.036,56.767],[24.086,56.762],[24.087,56.78],[24.114,56.801],[24.123,56.821],[24.104,56.835],[24.091,56.846],[24.088,56.876],[24.099,56.878],[24.104,56.884],[24.112,56.893],[24.133,56.898],[24.155,56.902]]]}},{"type":"Feature","id":"LV-053","properties":{"id":"LV-053","countryCode":"LV","isoSubdivision":"LV-053","name":"Lielvārde","name_en":"Lielvārde","name_ko":"리엘바르데 시","type":"Municipality","labelLongitude":24.952,"labelLatitude":56.733,"minZoom":10},"geometry":{"type":"Polygon","coordinates":[[[25.097,56.737],[25.029,56.727],[25.037,56.721],[25.036,56.717],[25.042,56.713],[25.047,56.708],[25.054,56.706],[25.055,56.701],[25.042,56.694],[25.033,56.693],[25.024,56.691],[25.02,56.688],[25.017,56.682],[25.017,56.672],[25.015,56.641],[25.021,56.632],[25.024,56.625],[24.992,56.62],[24.975,56.626],[24.957,56.632],[24.938,56.638],[24.92,56.64],[24.905,56.648],[24.878,56.683],[24.868,56.695],[24.852,56.702],[24.835,56.709],[24.818,56.712],[24.8,56.715],[24.819,56.729],[24.846,56.738],[24.852,56.763],[24.872,56.767],[24.904,56.787],[24.924,56.801],[24.944,56.81],[24.968,56.798],[25.006,56.794],[25.042,56.79],[25.059,56.77],[25.075,56.754],[25.097,56.737]]]}},{"type":"Feature","id":"LV-054","properties":{"id":"LV-054","countryCode":"LV","isoSubdivision":"LV-054","name":"Limbaži","name_en":"Limbaži","name_ko":"림바지 시","type":"Municipality","labelLongitude":24.693,"labelLatitude":57.588,"minZoom":10},"geometry":{"type":"Polygon","coordinates":[[[24.405,57.348],[24.395,57.4],[24.448,57.408],[24.486,57.416],[24.502,57.427],[24.512,57.448],[24.559,57.452],[24.578,57.465],[24.566,57.474],[24.549,57.49],[24.53,57.522],[24.553,57.541],[24.491,57.544],[24.498,57.555],[24.478,57.568],[24.46,57.565],[24.434,57.568],[24.435,57.589],[24.424,57.59],[24.427,57.621],[24.418,57.671],[24.516,57.679],[24.541,57.666],[24.564,57.673],[24.559,57.689],[24.563,57.718],[24.609,57.715],[24.599,57.753],[24.649,57.771],[24.692,57.761],[24.708,57.75],[24.748,57.732],[24.799,57.733],[24.829,57.719],[24.824,57.7],[24.831,57.666],[24.893,57.652],[24.881,57.625],[24.88,57.583],[24.895,57.567],[24.916,57.556],[24.933,57.556],[24.984,57.564],[25.004,57.562],[25.022,57.555],[25.046,57.535],[25.051,57.524],[25.051,57.518],[25.047,57.516],[25.048,57.514],[25.054,57.512],[25.067,57.513],[25.081,57.511],[25.087,57.507],[25.088,57.504],[25.08,57.5],[25.062,57.498],[25.053,57.492],[25.046,57.483],[25.013,57.476],[25.003,57.468],[24.989,57.461],[24.98,57.453],[24.887,57.421],[24.876,57.413],[24.847,57.412],[24.813,57.419],[24.8,57.417],[24.8,57.411],[24.832,57.396],[24.751,57.397],[24.748,57.411],[24.688,57.39],[24.702,57.349],[24.684,57.328],[24.637,57.32],[24.648,57.301],[24.685,57.287],[24.706,57.242],[24.713,57.227],[24.682,57.223],[24.643,57.237],[24.622,57.266],[24.602,57.279],[24.589,57.285],[24.578,57.289],[24.575,57.291],[24.574,57.296],[24.566,57.31],[24.55,57.316],[24.472,57.294],[24.461,57.295],[24.45,57.296],[24.428,57.291],[24.427,57.295],[24.426,57.299],[24.43,57.308],[24.432,57.32],[24.429,57.329],[24.426,57.334],[24.411,57.345],[24.405,57.348]]]}},{"type":"Feature","id":"LV-055","properties":{"id":"LV-055","countryCode":"LV","isoSubdivision":"LV-055","name":"Valmiera","name_en":"Valmiera","name_ko":"발미에라","type":"Municipality","labelLongitude":25.073,"labelLatitude":57.178,"minZoom":10},"geometry":{"type":"Polygon","coordinates":[[[24.981,57.238],[25.048,57.241],[25.091,57.248],[25.105,57.234],[25.139,57.234],[25.159,57.227],[25.172,57.207],[25.178,57.182],[25.189,57.163],[25.213,57.146],[25.195,57.133],[25.174,57.118],[25.138,57.111],[25.112,57.11],[25.067,57.115],[25.026,57.119],[24.987,57.125],[24.984,57.141],[24.984,57.145],[24.978,57.159],[24.976,57.171],[24.973,57.178],[24.967,57.185],[24.934,57.208],[24.9,57.219],[24.923,57.236],[24.933,57.246],[24.981,57.238]]]}},{"type":"Feature","id":"LV-056","properties":{"id":"LV-056","countryCode":"LV","isoSubdivision":"LV-056","name":"Līvāni","name_en":"Līvāni","name_ko":"리바니 시","type":"Municipality","labelLongitude":26.324,"labelLatitude":56.384,"minZoom":10},"geometry":{"type":"Polygon","coordinates":[[[26.335,56.19],[26.301,56.183],[26.264,56.211],[26.249,56.216],[26.239,56.217],[26.219,56.222],[26.208,56.223],[26.194,56.226],[26.189,56.235],[26.191,56.257],[26.192,56.263],[26.195,56.269],[26.198,56.276],[26.198,56.284],[26.196,56.283],[26.192,56.285],[26.187,56.289],[26.184,56.291],[26.183,56.296],[26.184,56.315],[26.181,56.321],[26.167,56.337],[26.164,56.342],[26.163,56.363],[26.161,56.372],[26.157,56.38],[26.145,56.389],[26.109,56.406],[26.089,56.406],[26.153,56.429],[26.191,56.458],[26.199,56.473],[26.233,56.499],[26.257,56.512],[26.29,56.518],[26.309,56.516],[26.316,56.512],[26.321,56.507],[26.323,56.498],[26.353,56.475],[26.363,56.451],[26.412,56.465],[26.436,56.476],[26.446,56.483],[26.458,56.489],[26.475,56.494],[26.499,56.496],[26.529,56.494],[26.541,56.49],[26.537,56.466],[26.537,56.446],[26.56,56.439],[26.576,56.433],[26.541,56.375],[26.479,56.392],[26.461,56.359],[26.514,56.334],[26.57,56.322],[26.591,56.32],[26.601,56.282],[26.562,56.268],[26.51,56.268],[26.442,56.266],[26.403,56.282],[26.38,56.313],[26.355,56.311],[26.353,56.274],[26.293,56.284],[26.312,56.226],[26.335,56.19]]]}},{"type":"Feature","id":"LV-057","properties":{"id":"LV-057","countryCode":"LV","isoSubdivision":"LV-057","name":"Valmiera","name_en":"Valmiera","name_ko":"발미에라","type":"Municipality","labelLongitude":26.713,"labelLatitude":56.936,"minZoom":10},"geometry":{"type":"Polygon","coordinates":[[[26.985,56.878],[26.984,56.871],[26.981,56.866],[26.953,56.847],[26.933,56.866],[26.91,56.873],[26.885,56.873],[26.883,56.886],[26.861,56.9],[26.838,56.9],[26.8,56.895],[26.727,56.891],[26.713,56.903],[26.68,56.884],[26.673,56.867],[26.62,56.833],[26.609,56.819],[26.578,56.805],[26.561,56.809],[26.536,56.801],[26.512,56.812],[26.517,56.825],[26.504,56.833],[26.473,56.855],[26.568,56.948],[26.604,56.954],[26.635,56.965],[26.691,56.978],[26.697,56.973],[26.704,56.974],[26.726,56.983],[26.735,56.988],[26.758,56.993],[26.782,56.993],[26.796,56.989],[26.86,56.983],[26.87,56.976],[26.878,56.978],[26.903,56.978],[26.912,56.974],[26.917,56.969],[26.915,56.958],[26.911,56.948],[26.911,56.939],[26.924,56.932],[26.954,56.921],[26.962,56.913],[26.971,56.891],[26.985,56.878]]]}},{"type":"Feature","id":"LV-058","properties":{"id":"LV-058","countryCode":"LV","isoSubdivision":"LV-058","name":"Ludza","name_en":"Ludza","name_ko":"루자 시","type":"Municipality","labelLongitude":27.796,"labelLatitude":56.406,"minZoom":10},"geometry":{"type":"Polygon","coordinates":[[[28.093,56.502],[28.096,56.492],[28.105,56.483],[28.157,56.446],[28.164,56.438],[28.168,56.427],[28.118,56.422],[28.069,56.422],[28.022,56.438],[27.978,56.433],[27.991,56.404],[28.012,56.384],[27.991,56.376],[27.955,56.378],[27.914,56.355],[27.877,56.332],[27.841,56.321],[27.865,56.285],[27.916,56.285],[27.932,56.308],[28.004,56.332],[28.043,56.314],[28.095,56.298],[28.121,56.275],[28.09,56.239],[28.07,56.209],[28.065,56.203],[28.061,56.204],[28.056,56.207],[28.053,56.211],[28.048,56.214],[28.04,56.216],[28.031,56.214],[28.021,56.21],[28.001,56.203],[27.913,56.184],[27.898,56.183],[27.888,56.187],[27.853,56.182],[27.838,56.182],[27.822,56.186],[27.811,56.196],[27.778,56.196],[27.744,56.2],[27.722,56.207],[27.702,56.219],[27.687,56.225],[27.668,56.24],[27.684,56.247],[27.693,56.25],[27.7,56.255],[27.699,56.258],[27.694,56.261],[27.687,56.263],[27.687,56.276],[27.715,56.298],[27.711,56.311],[27.699,56.322],[27.69,56.332],[27.688,56.347],[27.69,56.355],[27.69,56.361],[27.67,56.372],[27.64,56.379],[27.622,56.392],[27.624,56.401],[27.62,56.407],[27.622,56.421],[27.608,56.42],[27.603,56.419],[27.596,56.419],[27.591,56.422],[27.592,56.424],[27.59,56.428],[27.582,56.434],[27.572,56.443],[27.56,56.457],[27.559,56.464],[27.55,56.479],[27.509,56.46],[27.496,56.478],[27.495,56.488],[27.487,56.499],[27.486,56.509],[27.487,56.515],[27.494,56.521],[27.507,56.528],[27.525,56.529],[27.538,56.532],[27.551,56.535],[27.567,56.542],[27.574,56.557],[27.561,56.576],[27.603,56.575],[27.657,56.567],[27.691,56.567],[27.725,56.534],[27.756,56.521],[27.777,56.541],[27.813,56.552],[27.865,56.528],[27.885,56.497],[27.919,56.482],[27.945,56.503],[27.989,56.523],[28.054,56.518],[28.093,56.502]]]}},{"type":"Feature","id":"LV-059","properties":{"id":"LV-059","countryCode":"LV","isoSubdivision":"LV-059","name":"Madona","name_en":"Madona","name_ko":"마도나 시","type":"Municipality","labelLongitude":26.234,"labelLatitude":56.805,"minZoom":10},"geometry":{"type":"Polygon","coordinates":[[[26.953,56.847],[26.944,56.84],[26.928,56.831],[26.908,56.818],[26.783,56.707],[26.773,56.681],[26.744,56.696],[26.711,56.707],[26.708,56.723],[26.683,56.722],[26.648,56.717],[26.626,56.704],[26.608,56.69],[26.576,56.692],[26.536,56.678],[26.389,56.678],[26.376,56.636],[26.351,56.61],[26.343,56.604],[26.291,56.587],[26.284,56.606],[26.281,56.611],[26.262,56.617],[26.225,56.61],[26.198,56.627],[26.205,56.635],[26.191,56.642],[26.17,56.645],[26.156,56.65],[26.131,56.654],[26.092,56.644],[26.058,56.63],[26.04,56.626],[26.023,56.629],[26.002,56.64],[25.984,56.666],[25.932,56.638],[25.93,56.65],[25.925,56.654],[25.916,56.659],[25.914,56.665],[25.916,56.669],[25.927,56.671],[25.933,56.676],[25.936,56.682],[25.907,56.697],[25.834,56.712],[25.826,56.741],[25.827,56.749],[25.837,56.757],[25.844,56.764],[25.851,56.77],[25.843,56.789],[25.828,56.801],[25.812,56.802],[25.806,56.805],[25.797,56.812],[25.786,56.819],[25.765,56.828],[25.758,56.851],[25.748,56.867],[25.769,56.88],[25.775,56.891],[25.808,56.895],[25.836,56.9],[25.859,56.906],[25.891,56.9],[25.916,56.906],[25.947,56.906],[25.953,56.925],[25.944,56.933],[25.92,56.944],[25.886,56.964],[25.918,56.975],[25.921,56.982],[25.924,56.993],[25.92,57],[25.911,57.007],[25.904,57.014],[25.896,57.026],[25.897,57.038],[25.9,57.05],[25.906,57.061],[25.908,57.07],[25.923,57.097],[25.95,57.1],[26.023,57.08],[26.038,57.077],[26.049,57.077],[26.053,57.08],[26.056,57.084],[26.065,57.089],[26.077,57.088],[26.09,57.086],[26.117,57.078],[26.183,57.083],[26.187,57.058],[26.176,57.035],[26.177,57.006],[26.187,56.985],[26.172,56.966],[26.171,56.953],[26.182,56.953],[26.201,56.952],[26.223,56.928],[26.243,56.93],[26.268,56.931],[26.287,56.941],[26.326,56.931],[26.359,56.931],[26.353,56.949],[26.374,56.956],[26.393,56.97],[26.406,56.989],[26.384,57.005],[26.376,57.032],[26.369,57.045],[26.462,57.061],[26.497,57.056],[26.513,57.044],[26.533,57.025],[26.544,57.009],[26.56,56.979],[26.568,56.948],[26.473,56.855],[26.504,56.833],[26.517,56.825],[26.512,56.812],[26.536,56.801],[26.561,56.809],[26.578,56.805],[26.609,56.819],[26.62,56.833],[26.673,56.867],[26.68,56.884],[26.713,56.903],[26.727,56.891],[26.8,56.895],[26.838,56.9],[26.861,56.9],[26.883,56.886],[26.885,56.873],[26.91,56.873],[26.933,56.866],[26.953,56.847]]]}},{"type":"Feature","id":"LV-060","properties":{"id":"LV-060","countryCode":"LV","isoSubdivision":"LV-060","name":"Valmiera","name_en":"Valmiera","name_ko":"발미에라","type":"Municipality","labelLongitude":25.028,"labelLatitude":57.914,"minZoom":10},"geometry":{"type":"Polygon","coordinates":[[[25.035,58.049],[25.049,58.056],[25.071,58.064],[25.094,58.067],[25.109,58.045],[25.105,58.026],[25.095,58.004],[25.105,57.982],[25.133,57.977],[25.138,57.957],[25.125,57.951],[25.134,57.93],[25.167,57.915],[25.195,57.905],[25.213,57.888],[25.217,57.872],[25.247,57.852],[25.25,57.821],[25.246,57.8],[25.224,57.805],[25.158,57.833],[25.142,57.844],[25.112,57.838],[25.123,57.827],[25.133,57.808],[25.128,57.799],[25.112,57.8],[25.092,57.813],[25.061,57.813],[25.034,57.814],[25.017,57.796],[25.007,57.801],[24.966,57.808],[24.953,57.8],[24.946,57.818],[24.942,57.819],[24.938,57.819],[24.933,57.818],[24.926,57.817],[24.909,57.821],[24.901,57.826],[24.896,57.831],[24.893,57.843],[24.888,57.859],[24.885,57.872],[24.883,57.884],[24.885,57.889],[24.882,57.893],[24.873,57.898],[24.864,57.9],[24.842,57.901],[24.828,57.98],[24.827,57.982],[24.848,57.992],[24.873,58],[24.949,58.006],[24.975,58.016],[25.035,58.049]]]}},{"type":"Feature","id":"LV-061","properties":{"id":"LV-061","countryCode":"LV","isoSubdivision":"LV-061","name":"Mālpils","name_en":"Mālpils","name_ko":"말필스 시","type":"Municipality","labelLongitude":24.958,"labelLatitude":57.002,"minZoom":10},"geometry":{"type":"Polygon","coordinates":[[[24.984,57.08],[24.989,57.061],[25.011,57.049],[25.04,57.038],[25.048,57.029],[25.056,57.025],[25.063,57.024],[25.092,57.016],[25.101,57.01],[25.126,57.002],[25.148,56.989],[25.138,56.98],[25.143,56.951],[25.036,56.934],[25,56.94],[24.977,56.935],[24.955,56.941],[24.938,56.939],[24.919,56.935],[24.89,56.923],[24.877,56.921],[24.84,56.926],[24.807,56.934],[24.816,56.966],[24.818,56.99],[24.845,56.985],[24.89,57.011],[24.88,57.038],[24.888,57.056],[24.866,57.093],[24.879,57.105],[24.9,57.088],[24.936,57.081],[24.984,57.08]]]}},{"type":"Feature","id":"LV-062","properties":{"id":"LV-062","countryCode":"LV","isoSubdivision":"LV-062","name":"Mārupe","name_en":"Mārupe","name_ko":"마루페 시","type":"Municipality","labelLongitude":23.944,"labelLatitude":56.891,"minZoom":10},"geometry":{"type":"Polygon","coordinates":[[[23.943,56.939],[23.971,56.933],[24.002,56.924],[24.027,56.92],[24.04,56.91],[24.062,56.898],[24.066,56.886],[24.036,56.868],[24.012,56.851],[23.968,56.85],[23.885,56.843],[23.855,56.826],[23.844,56.848],[23.823,56.884],[23.857,56.898],[23.9,56.914],[23.918,56.928],[23.943,56.939]]]}},{"type":"Feature","id":"LV-063","properties":{"id":"LV-063","countryCode":"LV","isoSubdivision":"LV-063","name":"Mērsrags","name_en":"Mērsrags","name_ko":"메르스락스 시","type":"Municipality","labelLongitude":23.057,"labelLatitude":57.332,"minZoom":10},"geometry":{"type":"Polygon","coordinates":[[[23.031,57.394],[23.083,57.378],[23.118,57.374],[23.13,57.371],[23.133,57.363],[23.134,57.353],[23.138,57.343],[23.16,57.319],[23.128,57.312],[23.121,57.305],[23.115,57.293],[23.113,57.265],[23.08,57.238],[23.062,57.258],[23.055,57.283],[23.018,57.29],[22.954,57.297],[22.92,57.334],[22.968,57.352],[23.007,57.368],[23.031,57.394]]]}},{"type":"Feature","id":"LV-064","properties":{"id":"LV-064","countryCode":"LV","isoSubdivision":"LV-064","name":"Valmiera","name_en":"Valmiera","name_ko":"발미에라","type":"Municipality","labelLongitude":25.441,"labelLatitude":57.926,"minZoom":10},"geometry":{"type":"Polygon","coordinates":[[[25.552,57.95],[25.552,57.949],[25.553,57.942],[25.558,57.934],[25.579,57.919],[25.602,57.912],[25.625,57.91],[25.65,57.911],[25.704,57.921],[25.666,57.914],[25.66,57.893],[25.657,57.879],[25.653,57.864],[25.614,57.866],[25.583,57.883],[25.574,57.881],[25.566,57.88],[25.557,57.88],[25.547,57.877],[25.535,57.874],[25.522,57.869],[25.501,57.868],[25.469,57.874],[25.466,57.86],[25.511,57.841],[25.526,57.83],[25.542,57.821],[25.555,57.816],[25.56,57.808],[25.555,57.8],[25.553,57.792],[25.495,57.789],[25.455,57.789],[25.452,57.816],[25.418,57.816],[25.407,57.847],[25.382,57.883],[25.358,57.882],[25.336,57.904],[25.3,57.905],[25.271,57.913],[25.261,57.938],[25.278,57.954],[25.302,57.971],[25.327,57.991],[25.341,57.985],[25.346,57.966],[25.371,57.969],[25.404,57.971],[25.407,57.991],[25.42,58.008],[25.457,57.984],[25.497,57.971],[25.532,57.966],[25.542,57.963],[25.55,57.955],[25.552,57.95]]]}},{"type":"Feature","id":"LV-065","properties":{"id":"LV-065","countryCode":"LV","isoSubdivision":"LV-065","name":"Nereta","name_en":"Nereta","name_ko":"네레타 시","type":"Municipality","labelLongitude":25.106,"labelLatitude":56.325,"minZoom":10},"geometry":{"type":"Polygon","coordinates":[[[25.349,56.16],[25.109,56.183],[25.073,56.198],[25.044,56.228],[25.026,56.26],[25.016,56.27],[24.983,56.29],[24.973,56.301],[24.962,56.319],[24.936,56.38],[24.91,56.422],[24.892,56.439],[24.871,56.443],[24.878,56.455],[24.901,56.46],[24.912,56.472],[24.921,56.487],[25.014,56.496],[25.028,56.46],[25.051,56.463],[25.074,56.403],[25.133,56.413],[25.294,56.408],[25.298,56.377],[25.299,56.366],[25.302,56.349],[25.298,56.343],[25.296,56.337],[25.299,56.334],[25.305,56.331],[25.361,56.335],[25.37,56.327],[25.363,56.323],[25.342,56.317],[25.324,56.309],[25.311,56.298],[25.31,56.287],[25.338,56.276],[25.356,56.262],[25.372,56.256],[25.403,56.232],[25.396,56.202],[25.408,56.182],[25.409,56.179],[25.404,56.175],[25.372,56.174],[25.36,56.168],[25.35,56.16],[25.349,56.16]]]}},{"type":"Feature","id":"LV-066","properties":{"id":"LV-066","countryCode":"LV","isoSubdivision":"LV-066","name":"Nīca","name_en":"Nīca","name_ko":"니차 시","type":"Municipality","labelLongitude":21.087,"labelLatitude":56.354,"minZoom":10},"geometry":{"type":"Polygon","coordinates":[[[20.971,56.26],[20.98,56.279],[20.983,56.291],[20.983,56.301],[20.981,56.31],[20.971,56.35],[20.969,56.37],[20.971,56.389],[20.979,56.404],[20.993,56.418],[20.998,56.426],[21.003,56.435],[21.005,56.446],[21.02,56.447],[21.022,56.457],[21.024,56.471],[21.036,56.474],[21.045,56.462],[21.031,56.448],[21.037,56.445],[21.045,56.442],[21.045,56.428],[21.045,56.421],[21.031,56.408],[21.053,56.39],[21.062,56.387],[21.07,56.389],[21.077,56.395],[21.08,56.403],[21.069,56.424],[21.067,56.442],[21.068,56.459],[21.072,56.47],[21.068,56.476],[21.063,56.494],[21.128,56.499],[21.147,56.431],[21.211,56.433],[21.226,56.352],[21.179,56.356],[21.184,56.324],[21.179,56.288],[21.165,56.264],[21.109,56.219],[21.086,56.228],[21.084,56.192],[21.084,56.166],[21.056,56.168],[21.034,56.266],[20.971,56.26]]]}},{"type":"Feature","id":"LV-067","properties":{"id":"LV-067","countryCode":"LV","isoSubdivision":"LV-067","name":"Ogre","name_en":"Ogre","name_ko":"오그레 시","type":"Municipality","labelLongitude":25.127,"labelLatitude":56.858,"minZoom":10},"geometry":{"type":"Polygon","coordinates":[[[25.469,56.988],[25.473,56.989],[25.488,56.994],[25.493,56.981],[25.508,56.973],[25.508,56.964],[25.517,56.956],[25.523,56.944],[25.532,56.933],[25.532,56.921],[25.524,56.914],[25.519,56.908],[25.516,56.903],[25.516,56.898],[25.521,56.894],[25.528,56.89],[25.534,56.885],[25.556,56.874],[25.484,56.867],[25.485,56.857],[25.484,56.854],[25.492,56.846],[25.501,56.842],[25.505,56.833],[25.506,56.827],[25.505,56.813],[25.437,56.775],[25.391,56.761],[25.378,56.76],[25.365,56.763],[25.353,56.763],[25.354,56.759],[25.356,56.753],[25.326,56.758],[25.295,56.755],[25.268,56.745],[25.257,56.736],[25.293,56.723],[25.298,56.719],[25.297,56.716],[25.296,56.713],[25.278,56.697],[25.218,56.708],[25.216,56.705],[25.2,56.698],[25.176,56.703],[25.153,56.709],[25.149,56.715],[25.097,56.737],[25.075,56.754],[25.059,56.77],[25.042,56.79],[25.006,56.794],[24.968,56.798],[24.944,56.81],[24.924,56.801],[24.886,56.814],[24.843,56.827],[24.817,56.834],[24.806,56.807],[24.779,56.801],[24.783,56.781],[24.761,56.758],[24.725,56.736],[24.704,56.753],[24.698,56.757],[24.679,56.76],[24.661,56.763],[24.653,56.768],[24.646,56.773],[24.625,56.783],[24.618,56.785],[24.596,56.806],[24.588,56.812],[24.617,56.825],[24.667,56.853],[24.701,56.839],[24.736,56.866],[24.702,56.875],[24.693,56.895],[24.716,56.897],[24.738,56.909],[24.76,56.915],[24.807,56.934],[24.84,56.926],[24.877,56.921],[24.89,56.923],[24.919,56.935],[24.938,56.939],[24.955,56.941],[24.977,56.935],[25,56.94],[25.036,56.934],[25.143,56.951],[25.234,56.934],[25.252,56.935],[25.248,56.937],[25.247,56.94],[25.247,56.943],[25.257,56.947],[25.262,56.953],[25.275,56.959],[25.284,56.965],[25.327,56.977],[25.344,56.977],[25.355,56.974],[25.362,56.967],[25.367,56.96],[25.37,56.953],[25.372,56.948],[25.372,56.941],[25.396,56.937],[25.427,56.949],[25.453,56.97],[25.45,56.977],[25.447,56.982],[25.447,56.992],[25.469,56.988]]]}},{"type":"Feature","id":"LV-068","properties":{"id":"LV-068","countryCode":"LV","isoSubdivision":"LV-068","name":"Olaine","name_en":"Olaine","name_ko":"올라이네 시","type":"Municipality","labelLongitude":23.956,"labelLatitude":56.789,"minZoom":10},"geometry":{"type":"MultiPolygon","coordinates":[[[[24.066,56.886],[24.071,56.872],[24.088,56.876],[24.091,56.846],[24.104,56.835],[24.123,56.821],[24.114,56.801],[24.087,56.78],[24.086,56.762],[24.036,56.767],[24.005,56.762],[24.004,56.738],[23.996,56.73],[23.941,56.729],[23.935,56.731],[23.925,56.734],[23.92,56.742],[23.913,56.745],[23.901,56.746],[23.828,56.738],[23.818,56.736],[23.811,56.733],[23.801,56.73],[23.784,56.732],[23.767,56.738],[23.756,56.744],[23.764,56.768],[23.76,56.772],[23.77,56.8],[23.782,56.821],[23.825,56.803],[23.855,56.826],[23.885,56.843],[23.968,56.85],[24.012,56.851],[24.036,56.868],[24.066,56.886]]],[[[24.23,56.699],[24.209,56.693],[24.196,56.692],[24.185,56.693],[24.179,56.69],[24.174,56.685],[24.172,56.679],[24.16,56.67],[24.149,56.668],[24.131,56.668],[24.118,56.671],[24.087,56.682],[24.034,56.688],[24.001,56.696],[24.008,56.71],[24.036,56.721],[24.146,56.728],[24.188,56.718],[24.205,56.714],[24.23,56.699]]]]}},{"type":"Feature","id":"LV-069","properties":{"id":"LV-069","countryCode":"LV","isoSubdivision":"LV-069","name":"Ozolnieki","name_en":"Ozolnieki","name_ko":"오졸니에키 시","type":"Municipality","labelLongitude":23.948,"labelLatitude":56.638,"minZoom":10},"geometry":{"type":"Polygon","coordinates":[[[23.996,56.73],[23.998,56.722],[24.008,56.71],[24.001,56.696],[24.034,56.688],[24.042,56.661],[24.035,56.659],[24.023,56.659],[24.018,56.663],[24.009,56.666],[24.007,56.665],[24.01,56.659],[24.036,56.641],[24.046,56.638],[24.051,56.635],[24.05,56.632],[24.052,56.628],[24.055,56.624],[24.057,56.619],[24.049,56.611],[24.039,56.609],[24.03,56.609],[24.026,56.608],[24.027,56.603],[24.041,56.592],[24.056,56.586],[24.082,56.582],[24.094,56.582],[24.107,56.58],[24.11,56.575],[24.105,56.564],[24.088,56.551],[24.079,56.535],[24.081,56.527],[24.043,56.503],[24.032,56.502],[24.018,56.502],[23.992,56.503],[23.969,56.519],[23.964,56.555],[23.941,56.58],[23.912,56.608],[23.866,56.615],[23.828,56.628],[23.792,56.647],[23.808,56.654],[23.794,56.681],[23.731,56.69],[23.71,56.707],[23.683,56.698],[23.671,56.716],[23.701,56.721],[23.701,56.737],[23.756,56.744],[23.767,56.738],[23.784,56.732],[23.801,56.73],[23.811,56.733],[23.818,56.736],[23.828,56.738],[23.901,56.746],[23.913,56.745],[23.92,56.742],[23.925,56.734],[23.935,56.731],[23.941,56.729],[23.996,56.73]]]}},{"type":"Feature","id":"LV-070","properties":{"id":"LV-070","countryCode":"LV","isoSubdivision":"LV-070","name":"Valmiera","name_en":"Valmiera","name_ko":"발미에라","type":"Municipality","labelLongitude":25.077,"labelLatitude":57.358,"minZoom":10},"geometry":{"type":"Polygon","coordinates":[[[25.08,57.5],[25.098,57.488],[25.123,57.495],[25.141,57.475],[25.141,57.462],[25.16,57.448],[25.185,57.43],[25.197,57.422],[25.211,57.417],[25.238,57.415],[25.273,57.405],[25.301,57.404],[25.323,57.405],[25.329,57.403],[25.335,57.397],[25.349,57.389],[25.357,57.385],[25.387,57.386],[25.377,57.37],[25.357,57.357],[25.319,57.356],[25.286,57.36],[25.246,57.348],[25.231,57.331],[25.231,57.296],[25.231,57.285],[25.206,57.265],[25.166,57.263],[25.131,57.266],[25.091,57.248],[25.048,57.241],[24.981,57.238],[24.933,57.246],[24.94,57.258],[24.942,57.268],[24.936,57.278],[24.915,57.289],[24.898,57.303],[24.889,57.309],[24.889,57.312],[24.9,57.319],[24.903,57.323],[24.903,57.328],[24.881,57.337],[24.879,57.343],[24.871,57.351],[24.854,57.373],[24.832,57.396],[24.8,57.411],[24.8,57.417],[24.813,57.419],[24.847,57.412],[24.876,57.413],[24.887,57.421],[24.98,57.453],[24.989,57.461],[25.003,57.468],[25.013,57.476],[25.046,57.483],[25.053,57.492],[25.062,57.498],[25.08,57.5]]]}},{"type":"Feature","id":"LV-071","properties":{"id":"LV-071","countryCode":"LV","isoSubdivision":"LV-071","name":"Pāvilosta","name_en":"Pāvilosta","name_ko":"파빌로스타 시","type":"Municipality","labelLongitude":21.247,"labelLatitude":56.812,"minZoom":10},"geometry":{"type":"Polygon","coordinates":[[[21.046,56.656],[21.058,56.689],[21.065,56.774],[21.061,56.794],[21.054,56.812],[21.053,56.829],[21.065,56.846],[21.147,56.876],[21.157,56.886],[21.223,56.908],[21.241,56.918],[21.278,56.949],[21.288,56.956],[21.3,56.96],[21.328,56.974],[21.332,56.974],[21.363,56.967],[21.385,56.957],[21.396,56.942],[21.391,56.934],[21.397,56.929],[21.406,56.923],[21.447,56.912],[21.493,56.904],[21.474,56.888],[21.468,56.879],[21.436,56.868],[21.44,56.84],[21.41,56.831],[21.346,56.821],[21.32,56.808],[21.324,56.759],[21.316,56.74],[21.292,56.757],[21.26,56.74],[21.273,56.708],[21.288,56.682],[21.258,56.657],[21.211,56.646],[21.154,56.682],[21.122,56.635],[21.058,56.644],[21.046,56.656]]]}},{"type":"Feature","id":"LV-072","properties":{"id":"LV-072","countryCode":"LV","isoSubdivision":"LV-072","name":"Pļaviņas","name_en":"Pļaviņas","name_ko":"플랴비냐스 시","type":"Municipality","labelLongitude":25.731,"labelLatitude":56.687,"minZoom":10},"geometry":{"type":"Polygon","coordinates":[[[25.765,56.828],[25.786,56.819],[25.797,56.812],[25.806,56.805],[25.812,56.802],[25.828,56.801],[25.843,56.789],[25.851,56.77],[25.844,56.764],[25.837,56.757],[25.827,56.749],[25.826,56.741],[25.834,56.712],[25.907,56.697],[25.936,56.682],[25.933,56.676],[25.927,56.671],[25.916,56.669],[25.914,56.665],[25.916,56.659],[25.925,56.654],[25.93,56.65],[25.932,56.638],[25.883,56.624],[25.831,56.613],[25.788,56.609],[25.757,56.612],[25.744,56.617],[25.711,56.606],[25.688,56.601],[25.647,56.596],[25.601,56.579],[25.579,56.576],[25.57,56.577],[25.509,56.579],[25.494,56.589],[25.499,56.602],[25.496,56.612],[25.52,56.614],[25.531,56.643],[25.583,56.676],[25.569,56.712],[25.616,56.716],[25.616,56.738],[25.596,56.752],[25.6,56.765],[25.627,56.763],[25.656,56.754],[25.692,56.77],[25.73,56.782],[25.734,56.789],[25.746,56.801],[25.749,56.809],[25.748,56.815],[25.74,56.818],[25.746,56.826],[25.765,56.828]]]}},{"type":"Feature","id":"LV-073","properties":{"id":"LV-073","countryCode":"LV","isoSubdivision":"LV-073","name":"Preiļi","name_en":"Preiļi","name_ko":"프레일리 시","type":"Municipality","labelLongitude":26.696,"labelLatitude":56.267,"minZoom":10},"geometry":{"type":"Polygon","coordinates":[[[26.748,56.111],[26.719,56.111],[26.7,56.119],[26.687,56.126],[26.648,56.135],[26.618,56.15],[26.603,56.167],[26.647,56.164],[26.672,56.177],[26.674,56.218],[26.659,56.26],[26.64,56.276],[26.601,56.282],[26.591,56.32],[26.57,56.322],[26.514,56.334],[26.461,56.359],[26.479,56.392],[26.541,56.375],[26.576,56.433],[26.591,56.446],[26.624,56.45],[26.686,56.429],[26.734,56.396],[26.711,56.384],[26.669,56.369],[26.651,56.336],[26.665,56.322],[26.703,56.313],[26.742,56.291],[26.783,56.282],[26.814,56.253],[26.839,56.214],[26.835,56.2],[26.802,56.185],[26.827,56.177],[26.862,56.162],[26.882,56.152],[26.888,56.129],[26.872,56.127],[26.848,56.124],[26.837,56.129],[26.823,56.13],[26.807,56.127],[26.775,56.115],[26.748,56.111]]]}},{"type":"Feature","id":"LV-074","properties":{"id":"LV-074","countryCode":"LV","isoSubdivision":"LV-074","name":"Priekule","name_en":"Priekule","name_ko":"프리에쿨레 시","type":"Municipality","labelLongitude":21.555,"labelLatitude":56.419,"minZoom":10},"geometry":{"type":"Polygon","coordinates":[[[21.737,56.324],[21.684,56.31],[21.596,56.308],[21.559,56.297],[21.485,56.266],[21.452,56.303],[21.38,56.328],[21.416,56.354],[21.437,56.407],[21.386,56.465],[21.384,56.49],[21.354,56.503],[21.408,56.52],[21.399,56.558],[21.433,56.546],[21.474,56.52],[21.482,56.512],[21.529,56.514],[21.499,56.552],[21.529,56.571],[21.572,56.561],[21.585,56.55],[21.661,56.561],[21.712,56.55],[21.708,56.505],[21.734,56.499],[21.734,56.473],[21.68,56.465],[21.685,56.433],[21.666,56.418],[21.702,56.396],[21.723,56.382],[21.751,56.382],[21.751,56.369],[21.725,56.356],[21.737,56.324]]]}},{"type":"Feature","id":"LV-075","properties":{"id":"LV-075","countryCode":"LV","isoSubdivision":"LV-075","name":"Valmiera","name_en":"Valmiera","name_ko":"발미에라","type":"Municipality","labelLongitude":25.445,"labelLatitude":57.366,"minZoom":10},"geometry":{"type":"Polygon","coordinates":[[[25.602,57.469],[25.658,57.465],[25.65,57.44],[25.626,57.406],[25.606,57.396],[25.603,57.378],[25.576,57.381],[25.546,57.378],[25.512,57.36],[25.513,57.346],[25.534,57.338],[25.548,57.321],[25.556,57.306],[25.579,57.296],[25.598,57.285],[25.601,57.265],[25.599,57.248],[25.576,57.237],[25.56,57.223],[25.546,57.213],[25.523,57.208],[25.501,57.216],[25.501,57.249],[25.49,57.263],[25.466,57.277],[25.427,57.29],[25.394,57.302],[25.363,57.296],[25.332,57.291],[25.311,57.296],[25.324,57.309],[25.311,57.313],[25.274,57.318],[25.255,57.326],[25.231,57.331],[25.246,57.348],[25.286,57.36],[25.319,57.356],[25.357,57.357],[25.377,57.37],[25.387,57.386],[25.393,57.391],[25.393,57.398],[25.397,57.405],[25.399,57.411],[25.392,57.428],[25.403,57.434],[25.405,57.435],[25.399,57.441],[25.421,57.447],[25.474,57.443],[25.5,57.45],[25.509,57.447],[25.519,57.441],[25.527,57.438],[25.548,57.442],[25.561,57.451],[25.602,57.469]]]}},{"type":"Feature","id":"LV-076","properties":{"id":"LV-076","countryCode":"LV","isoSubdivision":"LV-076","name":"Valmiera","name_en":"Valmiera","name_ko":"발미에라","type":"Municipality","labelLongitude":25.641,"labelLatitude":57.341,"minZoom":10},"geometry":{"type":"MultiPolygon","coordinates":[[[[25.658,57.465],[25.667,57.453],[25.714,57.401],[25.705,57.384],[25.722,57.361],[25.752,57.338],[25.753,57.33],[25.74,57.326],[25.737,57.319],[25.739,57.313],[25.733,57.297],[25.737,57.285],[25.745,57.275],[25.709,57.266],[25.67,57.274],[25.639,57.265],[25.601,57.265],[25.598,57.285],[25.579,57.296],[25.556,57.306],[25.548,57.321],[25.534,57.338],[25.513,57.346],[25.512,57.36],[25.546,57.378],[25.576,57.381],[25.603,57.378],[25.606,57.396],[25.626,57.406],[25.65,57.44],[25.658,57.465]]],[[[25.992,57.29],[26.013,57.288],[26.028,57.282],[26.044,57.28],[26.059,57.265],[26.059,57.251],[26.049,57.25],[26.014,57.25],[26.008,57.247],[26.004,57.244],[26.013,57.221],[25.989,57.207],[25.945,57.191],[25.894,57.185],[25.869,57.185],[25.85,57.196],[25.819,57.207],[25.798,57.208],[25.772,57.199],[25.745,57.213],[25.753,57.244],[25.761,57.255],[25.77,57.279],[25.88,57.286],[25.891,57.288],[25.904,57.288],[25.911,57.287],[25.992,57.29]]]]}},{"type":"Feature","id":"LV-078","properties":{"id":"LV-078","countryCode":"LV","isoSubdivision":"LV-078","name":"Riebiņi","name_en":"Riebiņi","name_ko":"리에비니 시","type":"Municipality","labelLongitude":26.819,"labelLatitude":56.364,"minZoom":10},"geometry":{"type":"Polygon","coordinates":[[[26.925,56.448],[26.915,56.433],[26.91,56.425],[26.9,56.418],[26.898,56.411],[26.952,56.373],[26.966,56.359],[26.991,56.331],[26.976,56.32],[26.951,56.32],[26.944,56.313],[26.947,56.304],[26.949,56.298],[26.96,56.284],[26.986,56.263],[26.989,56.248],[26.997,56.239],[27.002,56.231],[27.016,56.224],[27.029,56.215],[27.034,56.208],[27.036,56.198],[27.035,56.187],[27.038,56.18],[27,56.171],[26.968,56.169],[26.932,56.157],[26.92,56.146],[26.937,56.136],[26.928,56.124],[26.888,56.129],[26.882,56.152],[26.862,56.162],[26.827,56.177],[26.802,56.185],[26.835,56.2],[26.839,56.214],[26.814,56.253],[26.783,56.282],[26.742,56.291],[26.703,56.313],[26.665,56.322],[26.651,56.336],[26.669,56.369],[26.711,56.384],[26.734,56.396],[26.686,56.429],[26.624,56.45],[26.591,56.446],[26.576,56.433],[26.56,56.439],[26.537,56.446],[26.537,56.466],[26.541,56.49],[26.559,56.486],[26.596,56.489],[26.597,56.495],[26.597,56.496],[26.593,56.497],[26.594,56.502],[26.595,56.507],[26.628,56.544],[26.706,56.546],[26.722,56.543],[26.744,56.559],[26.771,56.556],[26.816,56.54],[26.826,56.524],[26.775,56.512],[26.801,56.507],[26.808,56.498],[26.82,56.496],[26.833,56.495],[26.847,56.496],[26.858,56.493],[26.866,56.486],[26.902,56.479],[26.953,56.477],[26.958,56.461],[26.95,56.458],[26.933,56.455],[26.925,56.448]]]}},{"type":"Feature","id":"LV-079","properties":{"id":"LV-079","countryCode":"LV","isoSubdivision":"LV-079","name":"Roja","name_en":"Roja","name_ko":"로야 시","type":"Municipality","labelLongitude":22.769,"labelLatitude":57.489,"minZoom":10},"geometry":{"type":"Polygon","coordinates":[[[22.587,57.665],[22.591,57.645],[22.601,57.63],[22.656,57.586],[22.879,57.481],[22.95,57.433],[22.995,57.412],[22.95,57.402],[22.934,57.377],[22.895,57.375],[22.847,57.388],[22.824,57.409],[22.742,57.459],[22.705,57.436],[22.678,57.457],[22.694,57.482],[22.625,57.503],[22.611,57.542],[22.609,57.578],[22.57,57.617],[22.568,57.674],[22.587,57.665]]]}},{"type":"Feature","id":"LV-080","properties":{"id":"LV-080","countryCode":"LV","isoSubdivision":"LV-080","name":"Ropaži","name_en":"Ropaži","name_ko":"로파지 시","type":"Municipality","labelLongitude":24.582,"labelLatitude":56.965,"minZoom":10},"geometry":{"type":"Polygon","coordinates":[[[24.807,56.934],[24.76,56.915],[24.738,56.909],[24.716,56.897],[24.693,56.895],[24.574,56.887],[24.52,56.9],[24.507,56.896],[24.511,56.878],[24.508,56.873],[24.5,56.87],[24.492,56.872],[24.486,56.875],[24.48,56.88],[24.469,56.884],[24.457,56.887],[24.429,56.925],[24.406,56.927],[24.372,56.944],[24.396,56.968],[24.401,56.995],[24.451,57.002],[24.532,57.002],[24.521,57.052],[24.546,57.061],[24.566,57.06],[24.58,57.059],[24.63,57.061],[24.669,57.013],[24.727,56.99],[24.775,56.998],[24.818,56.99],[24.816,56.966],[24.807,56.934]]]}},{"type":"Feature","id":"LV-081","properties":{"id":"LV-081","countryCode":"LV","isoSubdivision":"LV-081","name":"Rucava","name_en":"Rucava","name_ko":"루차바 시","type":"Municipality","labelLongitude":21.212,"labelLatitude":56.226,"minZoom":10},"geometry":{"type":"Polygon","coordinates":[[[21.485,56.266],[21.419,56.237],[21.404,56.234],[21.358,56.233],[21.328,56.224],[21.29,56.207],[21.255,56.185],[21.23,56.163],[21.213,56.131],[21.205,56.103],[21.19,56.084],[21.15,56.078],[21.091,56.078],[21.053,56.073],[21.053,56.078],[21.043,56.115],[21.029,56.147],[20.984,56.21],[20.973,56.232],[20.969,56.253],[20.971,56.26],[21.034,56.266],[21.056,56.168],[21.084,56.166],[21.084,56.192],[21.086,56.228],[21.109,56.219],[21.165,56.264],[21.179,56.288],[21.184,56.324],[21.179,56.356],[21.226,56.352],[21.263,56.326],[21.38,56.328],[21.452,56.303],[21.485,56.266]]]}},{"type":"Feature","id":"LV-082","properties":{"id":"LV-082","countryCode":"LV","isoSubdivision":"LV-082","name":"Rugāji","name_en":"Rugāji","name_ko":"루가이 시","type":"Municipality","labelLongitude":27.109,"labelLatitude":56.985,"minZoom":10},"geometry":{"type":"Polygon","coordinates":[[[26.86,56.983],[26.871,57.003],[26.868,57.006],[26.861,57.018],[26.902,57.039],[26.93,57.05],[26.953,57.065],[26.979,57.096],[26.995,57.105],[27.008,57.115],[27.05,57.112],[27.098,57.114],[27.098,57.091],[27.118,57.084],[27.148,57.089],[27.198,57.078],[27.271,57.064],[27.305,57.066],[27.325,57.062],[27.314,57.025],[27.289,57],[27.255,56.993],[27.262,56.973],[27.287,56.973],[27.314,56.98],[27.332,56.936],[27.291,56.927],[27.266,56.916],[27.225,56.895],[27.2,56.861],[27.166,56.861],[27.084,56.875],[27.036,56.884],[26.985,56.878],[26.971,56.891],[26.962,56.913],[26.954,56.921],[26.924,56.932],[26.911,56.939],[26.911,56.948],[26.915,56.958],[26.917,56.969],[26.912,56.974],[26.903,56.978],[26.878,56.978],[26.87,56.976],[26.86,56.983]]]}},{"type":"Feature","id":"LV-083","properties":{"id":"LV-083","countryCode":"LV","isoSubdivision":"LV-083","name":"Rundāle","name_en":"Rundāle","name_ko":"룬달레 시","type":"Municipality","labelLongitude":23.964,"labelLatitude":56.409,"minZoom":10},"geometry":{"type":"Polygon","coordinates":[[[23.981,56.312],[23.871,56.332],[23.869,56.343],[23.871,56.367],[23.874,56.374],[23.879,56.384],[23.874,56.389],[23.836,56.388],[23.837,56.393],[23.839,56.397],[23.843,56.402],[23.848,56.412],[23.85,56.418],[23.85,56.423],[23.843,56.427],[23.841,56.43],[23.841,56.434],[23.848,56.439],[23.862,56.448],[23.875,56.463],[23.886,56.466],[23.92,56.473],[23.932,56.483],[23.95,56.488],[23.963,56.498],[23.992,56.503],[24.018,56.502],[24.03,56.478],[24.036,56.447],[24.037,56.426],[24.064,56.415],[24.114,56.401],[24.155,56.387],[24.127,56.369],[24.091,56.383],[24.068,56.383],[24.073,56.363],[24.041,56.351],[24.036,56.331],[24.009,56.322],[23.981,56.312]]]}},{"type":"Feature","id":"LV-084","properties":{"id":"LV-084","countryCode":"LV","isoSubdivision":"LV-084","name":"Valmiera","name_en":"Valmiera","name_ko":"발미에라","type":"Municipality","labelLongitude":25.261,"labelLatitude":57.885,"minZoom":10},"geometry":{"type":"Polygon","coordinates":[[[25.264,58.075],[25.282,58.073],[25.3,58.066],[25.306,58.059],[25.318,58.041],[25.325,58.035],[25.334,58.032],[25.34,58.033],[25.346,58.034],[25.357,58.035],[25.397,58.023],[25.42,58.008],[25.407,57.991],[25.404,57.971],[25.371,57.969],[25.346,57.966],[25.341,57.985],[25.327,57.991],[25.302,57.971],[25.278,57.954],[25.261,57.938],[25.271,57.913],[25.3,57.905],[25.336,57.904],[25.358,57.882],[25.382,57.883],[25.407,57.847],[25.418,57.816],[25.452,57.816],[25.455,57.789],[25.379,57.788],[25.313,57.783],[25.271,57.778],[25.267,57.796],[25.246,57.8],[25.25,57.821],[25.247,57.852],[25.217,57.872],[25.213,57.888],[25.195,57.905],[25.167,57.915],[25.134,57.93],[25.125,57.951],[25.138,57.957],[25.133,57.977],[25.105,57.982],[25.095,58.004],[25.105,58.026],[25.109,58.045],[25.094,58.067],[25.141,58.068],[25.167,58.059],[25.181,58.038],[25.19,58.014],[25.202,57.992],[25.217,57.985],[25.232,57.985],[25.265,57.994],[25.284,58.008],[25.278,58.024],[25.25,58.051],[25.251,58.068],[25.264,58.075]]]}},{"type":"Feature","id":"LV-085","properties":{"id":"LV-085","countryCode":"LV","isoSubdivision":"LV-085","name":"Salacgrīva","name_en":"Salacgrīva","name_ko":"살라츠그리바 시","type":"Municipality","labelLongitude":24.41,"labelLatitude":57.746,"minZoom":10},"geometry":{"type":"Polygon","coordinates":[[[24.554,57.947],[24.582,57.946],[24.588,57.921],[24.591,57.894],[24.574,57.882],[24.598,57.871],[24.649,57.771],[24.599,57.753],[24.609,57.715],[24.563,57.718],[24.559,57.689],[24.564,57.673],[24.541,57.666],[24.516,57.679],[24.418,57.671],[24.427,57.621],[24.424,57.59],[24.435,57.589],[24.434,57.568],[24.46,57.565],[24.478,57.568],[24.498,57.555],[24.491,57.544],[24.553,57.541],[24.53,57.522],[24.549,57.49],[24.566,57.474],[24.578,57.465],[24.559,57.452],[24.512,57.448],[24.502,57.427],[24.486,57.416],[24.448,57.408],[24.395,57.4],[24.382,57.469],[24.38,57.507],[24.375,57.529],[24.365,57.538],[24.359,57.55],[24.363,57.577],[24.375,57.613],[24.363,57.672],[24.358,57.685],[24.314,57.725],[24.3,57.744],[24.3,57.762],[24.289,57.809],[24.286,57.833],[24.289,57.845],[24.296,57.857],[24.306,57.868],[24.35,57.859],[24.378,57.859],[24.402,57.866],[24.413,57.877],[24.429,57.9],[24.442,57.908],[24.481,57.919],[24.534,57.945],[24.554,57.947]]]}},{"type":"Feature","id":"LV-086","properties":{"id":"LV-086","countryCode":"LV","isoSubdivision":"LV-086","name":"Sala","name_en":"Sala","name_ko":"살라 시","type":"Municipality","labelLongitude":25.719,"labelLatitude":56.491,"minZoom":10},"geometry":{"type":"Polygon","coordinates":[[[25.744,56.617],[25.757,56.612],[25.756,56.592],[25.748,56.566],[25.769,56.554],[25.787,56.53],[25.8,56.528],[25.826,56.527],[25.821,56.487],[25.81,56.445],[25.843,56.413],[25.794,56.36],[25.734,56.351],[25.727,56.369],[25.676,56.367],[25.658,56.393],[25.636,56.409],[25.611,56.431],[25.616,56.447],[25.595,56.467],[25.58,56.488],[25.566,56.498],[25.559,56.511],[25.576,56.54],[25.599,56.552],[25.606,56.562],[25.607,56.568],[25.599,56.57],[25.58,56.569],[25.56,56.574],[25.57,56.577],[25.579,56.576],[25.601,56.579],[25.647,56.596],[25.688,56.601],[25.711,56.606],[25.744,56.617]]]}},{"type":"Feature","id":"LV-087","properties":{"id":"LV-087","countryCode":"LV","isoSubdivision":"LV-087","name":"Salaspils","name_en":"Salaspils","name_ko":"살라스필스 시","type":"Municipality","labelLongitude":24.365,"labelLatitude":56.871,"minZoom":10},"geometry":{"type":"Polygon","coordinates":[[[24.259,56.873],[24.237,56.904],[24.235,56.93],[24.297,56.921],[24.325,56.916],[24.336,56.896],[24.354,56.91],[24.406,56.927],[24.429,56.925],[24.457,56.887],[24.44,56.887],[24.436,56.884],[24.438,56.878],[24.444,56.872],[24.448,56.866],[24.448,56.858],[24.443,56.845],[24.444,56.838],[24.42,56.84],[24.386,56.842],[24.342,56.851],[24.311,56.825],[24.259,56.825],[24.218,56.828],[24.189,56.851],[24.177,56.868],[24.197,56.882],[24.259,56.873]]]}},{"type":"Feature","id":"LV-088","properties":{"id":"LV-088","countryCode":"LV","isoSubdivision":"LV-088","name":"Saldus","name_en":"Saldus","name_ko":"살두스 시","type":"Municipality","labelLongitude":22.402,"labelLatitude":56.641,"minZoom":10},"geometry":{"type":"Polygon","coordinates":[[[22.215,56.39],[22.195,56.395],[22.158,56.41],[22.139,56.416],[22.094,56.417],[21.983,56.388],[21.983,56.389],[21.981,56.39],[21.946,56.417],[21.951,56.421],[21.962,56.426],[21.977,56.429],[21.988,56.433],[21.995,56.439],[21.989,56.446],[21.955,56.471],[21.958,56.481],[21.954,56.488],[21.956,56.494],[21.967,56.507],[21.998,56.506],[22.01,56.508],[22.024,56.507],[22.037,56.504],[22.056,56.509],[22.057,56.523],[22.049,56.529],[22.018,56.543],[22.012,56.548],[22.011,56.555],[22.061,56.565],[22.1,56.569],[22.121,56.576],[22.126,56.582],[22.123,56.588],[22.119,56.592],[22.115,56.604],[22.113,56.61],[22.109,56.614],[22.112,56.626],[22.111,56.647],[22.104,56.673],[22.112,56.683],[22.125,56.69],[22.156,56.7],[22.167,56.708],[22.174,56.716],[22.181,56.729],[22.189,56.736],[22.189,56.742],[22.186,56.748],[22.174,56.766],[22.163,56.795],[22.205,56.795],[22.23,56.809],[22.251,56.823],[22.27,56.83],[22.306,56.839],[22.317,56.844],[22.341,56.847],[22.342,56.864],[22.329,56.875],[22.32,56.88],[22.311,56.884],[22.304,56.885],[22.296,56.883],[22.288,56.883],[22.27,56.888],[22.264,56.894],[22.267,56.899],[22.288,56.906],[22.29,56.91],[22.304,56.92],[22.328,56.917],[22.336,56.913],[22.339,56.908],[22.338,56.904],[22.349,56.896],[22.392,56.886],[22.418,56.889],[22.432,56.899],[22.443,56.904],[22.455,56.917],[22.492,56.92],[22.512,56.917],[22.527,56.913],[22.529,56.909],[22.524,56.905],[22.521,56.9],[22.521,56.885],[22.519,56.877],[22.515,56.872],[22.507,56.867],[22.5,56.863],[22.491,56.852],[22.463,56.805],[22.442,56.771],[22.461,56.737],[22.488,56.723],[22.497,56.684],[22.502,56.639],[22.536,56.62],[22.55,56.579],[22.575,56.568],[22.605,56.6],[22.655,56.604],[22.694,56.588],[22.712,56.565],[22.701,56.493],[22.741,56.475],[22.745,56.468],[22.748,56.456],[22.743,56.449],[22.737,56.444],[22.727,56.425],[22.768,56.422],[22.786,56.418],[22.822,56.403],[22.859,56.397],[22.86,56.397],[22.823,56.383],[22.681,56.35],[22.666,56.349],[22.649,56.353],[22.605,56.379],[22.578,56.387],[22.576,56.388],[22.512,56.396],[22.215,56.39]]]}},{"type":"Feature","id":"LV-089","properties":{"id":"LV-089","countryCode":"LV","isoSubdivision":"LV-089","name":"Saulkrasti","name_en":"Saulkrasti","name_ko":"사울크라스티 시","type":"Municipality","labelLongitude":24.431,"labelLatitude":57.255,"minZoom":10},"geometry":{"type":"Polygon","coordinates":[[[24.331,57.2],[24.379,57.23],[24.401,57.258],[24.409,57.298],[24.406,57.344],[24.405,57.348],[24.411,57.345],[24.426,57.334],[24.429,57.329],[24.432,57.32],[24.43,57.308],[24.426,57.299],[24.427,57.295],[24.428,57.291],[24.45,57.296],[24.461,57.295],[24.477,57.27],[24.488,57.238],[24.445,57.235],[24.372,57.182],[24.349,57.184],[24.331,57.2]]]}},{"type":"Feature","id":"LV-090","properties":{"id":"LV-090","countryCode":"LV","isoSubdivision":"LV-090","name":"Sēja","name_en":"Sēja","name_ko":"세야 시","type":"Municipality","labelLongitude":24.533,"labelLatitude":57.198,"minZoom":10},"geometry":{"type":"Polygon","coordinates":[[[24.55,57.316],[24.566,57.31],[24.574,57.296],[24.575,57.291],[24.578,57.289],[24.589,57.285],[24.602,57.279],[24.622,57.266],[24.643,57.237],[24.682,57.223],[24.66,57.21],[24.616,57.203],[24.62,57.177],[24.658,57.18],[24.674,57.17],[24.676,57.149],[24.666,57.125],[24.619,57.132],[24.569,57.138],[24.553,57.124],[24.509,57.106],[24.467,57.182],[24.425,57.181],[24.395,57.178],[24.372,57.182],[24.445,57.235],[24.488,57.238],[24.477,57.27],[24.461,57.295],[24.472,57.294],[24.55,57.316]]]}},{"type":"Feature","id":"LV-091","properties":{"id":"LV-091","countryCode":"LV","isoSubdivision":"LV-091","name":"Sigulda","name_en":"Sigulda","name_ko":"시굴다 시","type":"Municipality","labelLongitude":24.827,"labelLatitude":57.1,"minZoom":10},"geometry":{"type":"Polygon","coordinates":[[[25.148,56.989],[25.126,57.002],[25.101,57.01],[25.092,57.016],[25.063,57.024],[25.056,57.025],[25.048,57.029],[25.04,57.038],[25.011,57.049],[24.989,57.061],[24.984,57.08],[24.936,57.081],[24.9,57.088],[24.879,57.105],[24.866,57.093],[24.888,57.056],[24.88,57.038],[24.89,57.011],[24.845,56.985],[24.818,56.99],[24.775,56.998],[24.727,56.99],[24.669,57.013],[24.63,57.061],[24.651,57.074],[24.678,57.06],[24.708,57.063],[24.759,57.078],[24.749,57.099],[24.766,57.116],[24.78,57.135],[24.797,57.142],[24.805,57.166],[24.823,57.182],[24.862,57.189],[24.884,57.199],[24.9,57.219],[24.934,57.208],[24.967,57.185],[24.973,57.178],[24.976,57.171],[24.978,57.159],[24.984,57.145],[24.984,57.141],[24.987,57.125],[25.026,57.119],[25.067,57.115],[25.112,57.11],[25.138,57.089],[25.169,57.068],[25.133,57.052],[25.15,57.033],[25.169,57.014],[25.167,56.999],[25.148,56.989]]]}},{"type":"Feature","id":"LV-092","properties":{"id":"LV-092","countryCode":"LV","isoSubdivision":"LV-092","name":"Skrīveri","name_en":"Skrīveri","name_ko":"스크리베리 시","type":"Municipality","labelLongitude":25.097,"labelLatitude":56.679,"minZoom":10},"geometry":{"type":"Polygon","coordinates":[[[25.097,56.737],[25.149,56.715],[25.153,56.709],[25.176,56.703],[25.168,56.68],[25.182,56.66],[25.18,56.64],[25.139,56.619],[25.118,56.624],[25.08,56.621],[25.05,56.612],[25.019,56.608],[25.027,56.62],[25.024,56.625],[25.021,56.632],[25.015,56.641],[25.017,56.672],[25.017,56.682],[25.02,56.688],[25.024,56.691],[25.033,56.693],[25.042,56.694],[25.055,56.701],[25.054,56.706],[25.047,56.708],[25.042,56.713],[25.036,56.717],[25.037,56.721],[25.029,56.727],[25.097,56.737]]]}},{"type":"Feature","id":"LV-093","properties":{"id":"LV-093","countryCode":"LV","isoSubdivision":"LV-093","name":"Skrunda","name_en":"Skrunda","name_ko":"스크룬다 시","type":"Municipality","labelLongitude":21.99,"labelLatitude":56.645,"minZoom":10},"geometry":{"type":"Polygon","coordinates":[[[21.866,56.52],[21.851,56.521],[21.833,56.524],[21.818,56.531],[21.807,56.538],[21.793,56.554],[21.795,56.573],[21.794,56.583],[21.795,56.589],[21.791,56.597],[21.778,56.61],[21.777,56.614],[21.803,56.623],[21.814,56.63],[21.821,56.639],[21.824,56.647],[21.815,56.662],[21.809,56.669],[21.823,56.688],[21.841,56.705],[21.887,56.721],[21.93,56.719],[21.96,56.732],[21.935,56.799],[21.983,56.821],[22.031,56.824],[22.092,56.824],[22.113,56.808],[22.163,56.795],[22.174,56.766],[22.186,56.748],[22.189,56.742],[22.189,56.736],[22.181,56.729],[22.174,56.716],[22.167,56.708],[22.156,56.7],[22.125,56.69],[22.112,56.683],[22.104,56.673],[22.111,56.647],[22.112,56.626],[22.109,56.614],[22.113,56.61],[22.115,56.604],[22.119,56.592],[22.123,56.588],[22.126,56.582],[22.121,56.576],[22.1,56.569],[22.061,56.565],[22.011,56.555],[22.012,56.548],[22.018,56.543],[22.049,56.529],[22.057,56.523],[22.056,56.509],[22.037,56.504],[22.024,56.507],[22.01,56.508],[21.998,56.506],[21.967,56.507],[21.957,56.514],[21.921,56.507],[21.912,56.508],[21.91,56.512],[21.908,56.517],[21.904,56.522],[21.893,56.523],[21.866,56.52]]]}},{"type":"Feature","id":"LV-094","properties":{"id":"LV-094","countryCode":"LV","isoSubdivision":"LV-094","name":"Valmiera","name_en":"Valmiera","name_ko":"발미에라","type":"Municipality","labelLongitude":26.009,"labelLatitude":57.403,"minZoom":10},"geometry":{"type":"Polygon","coordinates":[[[26.312,57.499],[26.311,57.47],[26.326,57.468],[26.313,57.459],[26.305,57.455],[26.296,57.45],[26.294,57.443],[26.301,57.439],[26.309,57.436],[26.315,57.433],[26.319,57.429],[26.32,57.424],[26.315,57.418],[26.313,57.41],[26.31,57.402],[26.303,57.396],[26.299,57.389],[26.301,57.38],[26.302,57.375],[26.286,57.366],[26.278,57.365],[26.276,57.331],[26.277,57.323],[26.28,57.318],[26.276,57.308],[26.265,57.301],[26.267,57.289],[26.262,57.282],[26.13,57.276],[26.101,57.278],[26.076,57.274],[26.059,57.265],[26.044,57.28],[26.028,57.282],[26.013,57.288],[25.992,57.29],[25.911,57.287],[25.904,57.288],[25.891,57.288],[25.88,57.286],[25.77,57.279],[25.754,57.278],[25.745,57.275],[25.737,57.285],[25.733,57.297],[25.739,57.313],[25.737,57.319],[25.74,57.326],[25.753,57.33],[25.752,57.338],[25.722,57.361],[25.705,57.384],[25.714,57.401],[25.667,57.453],[25.658,57.465],[25.676,57.473],[25.68,57.48],[25.718,57.497],[25.776,57.5],[25.835,57.494],[25.896,57.486],[25.935,57.476],[25.96,57.496],[25.96,57.515],[25.945,57.53],[25.977,57.55],[26.05,57.559],[26.094,57.559],[26.123,57.569],[26.155,57.547],[26.184,57.547],[26.241,57.542],[26.245,57.523],[26.282,57.525],[26.302,57.528],[26.312,57.499]]]}},{"type":"Feature","id":"LV-095","properties":{"id":"LV-095","countryCode":"LV","isoSubdivision":"LV-095","name":"Stopiņi","name_en":"Stopiņi","name_ko":"스토피니 시","type":"Municipality","labelLongitude":24.332,"labelLatitude":56.936,"minZoom":10},"geometry":{"type":"Polygon","coordinates":[[[24.235,56.93],[24.247,56.941],[24.258,56.946],[24.299,56.956],[24.32,56.969],[24.352,56.957],[24.372,56.944],[24.406,56.927],[24.354,56.91],[24.336,56.896],[24.325,56.916],[24.297,56.921],[24.235,56.93]]]}},{"type":"Feature","id":"LV-096","properties":{"id":"LV-096","countryCode":"LV","isoSubdivision":"LV-096","name":"Valmiera","name_en":"Valmiera","name_ko":"발미에라","type":"Municipality","labelLongitude":25.792,"labelLatitude":57.636,"minZoom":10},"geometry":{"type":"Polygon","coordinates":[[[25.729,57.57],[25.711,57.576],[25.725,57.589],[25.707,57.603],[25.695,57.616],[25.664,57.619],[25.631,57.62],[25.591,57.614],[25.571,57.619],[25.533,57.629],[25.51,57.646],[25.53,57.659],[25.601,57.669],[25.601,57.697],[25.612,57.708],[25.621,57.719],[25.671,57.72],[25.689,57.738],[25.735,57.73],[25.847,57.752],[25.828,57.706],[25.857,57.704],[25.86,57.684],[25.989,57.672],[25.979,57.65],[25.96,57.62],[25.933,57.608],[25.877,57.603],[25.901,57.589],[25.904,57.569],[25.889,57.55],[25.896,57.53],[25.945,57.53],[25.96,57.515],[25.96,57.496],[25.935,57.476],[25.896,57.486],[25.835,57.494],[25.776,57.5],[25.822,57.525],[25.809,57.537],[25.779,57.53],[25.743,57.534],[25.734,57.547],[25.772,57.548],[25.783,57.553],[25.753,57.57],[25.729,57.57]]]}},{"type":"Feature","id":"LV-097","properties":{"id":"LV-097","countryCode":"LV","isoSubdivision":"LV-097","name":"Talsi","name_en":"Talsi","name_ko":"탈시 시","type":"Municipality","labelLongitude":22.619,"labelLatitude":57.317,"minZoom":10},"geometry":{"type":"Polygon","coordinates":[[[22.995,57.412],[23.031,57.394],[23.007,57.368],[22.968,57.352],[22.92,57.334],[22.954,57.297],[23.018,57.29],[23.055,57.283],[23.062,57.258],[23.08,57.238],[23.04,57.21],[22.977,57.187],[22.967,57.184],[22.949,57.168],[22.947,57.16],[22.941,57.152],[22.931,57.145],[22.911,57.137],[22.831,57.14],[22.808,57.137],[22.802,57.131],[22.793,57.126],[22.761,57.112],[22.67,57.098],[22.642,57.095],[22.649,57.042],[22.636,57.016],[22.591,57.022],[22.56,57.008],[22.508,57.014],[22.48,57.018],[22.413,57.015],[22.382,57.02],[22.373,57.036],[22.363,57.042],[22.36,57.051],[22.359,57.056],[22.363,57.079],[22.354,57.103],[22.349,57.11],[22.328,57.12],[22.298,57.129],[22.263,57.145],[22.25,57.155],[22.242,57.167],[22.235,57.171],[22.206,57.178],[22.204,57.191],[22.19,57.195],[22.188,57.199],[22.194,57.212],[22.233,57.243],[22.274,57.265],[22.297,57.271],[22.301,57.276],[22.304,57.286],[22.309,57.289],[22.295,57.321],[22.286,57.334],[22.286,57.351],[22.282,57.381],[22.277,57.387],[22.26,57.398],[22.282,57.427],[22.326,57.434],[22.348,57.411],[22.381,57.411],[22.424,57.42],[22.477,57.414],[22.504,57.462],[22.547,57.498],[22.625,57.503],[22.694,57.482],[22.678,57.457],[22.705,57.436],[22.742,57.459],[22.824,57.409],[22.847,57.388],[22.895,57.375],[22.934,57.377],[22.95,57.402],[22.995,57.412]]]}},{"type":"Feature","id":"LV-098","properties":{"id":"LV-098","countryCode":"LV","isoSubdivision":"LV-098","name":"Tērvete","name_en":"Tērvete","name_ko":"테르베테 시","type":"Municipality","labelLongitude":23.314,"labelLatitude":56.425,"minZoom":10},"geometry":{"type":"Polygon","coordinates":[[[23.378,56.355],[23.311,56.371],[23.288,56.373],[23.173,56.358],[23.152,56.39],[23.118,56.41],[23.149,56.433],[23.172,56.451],[23.215,56.455],[23.276,56.455],[23.31,56.46],[23.288,56.469],[23.274,56.49],[23.315,56.514],[23.356,56.546],[23.383,56.546],[23.394,56.519],[23.415,56.493],[23.431,56.478],[23.428,56.473],[23.426,56.469],[23.415,56.461],[23.413,56.459],[23.419,56.449],[23.431,56.445],[23.439,56.437],[23.45,56.422],[23.462,56.407],[23.462,56.398],[23.457,56.392],[23.45,56.386],[23.442,56.382],[23.43,56.378],[23.42,56.376],[23.385,56.361],[23.378,56.355]]]}},{"type":"Feature","id":"LV-099","properties":{"id":"LV-099","countryCode":"LV","isoSubdivision":"LV-099","name":"Tukums","name_en":"Tukums","name_ko":"투쿰스 시","type":"Municipality","labelLongitude":23.012,"labelLatitude":56.951,"minZoom":10},"geometry":{"type":"Polygon","coordinates":[[[23.492,56.935],[23.507,56.895],[23.462,56.884],[23.487,56.816],[23.452,56.799],[23.409,56.792],[23.397,56.792],[23.389,56.794],[23.375,56.801],[23.322,56.782],[23.316,56.774],[23.315,56.765],[23.325,56.749],[23.3,56.715],[23.272,56.71],[23.216,56.711],[23.194,56.705],[23.172,56.692],[23.123,56.699],[23.093,56.721],[23.07,56.76],[23.056,56.794],[23.036,56.807],[22.975,56.801],[22.932,56.81],[22.924,56.834],[22.943,56.855],[22.924,56.875],[22.918,56.889],[22.916,56.916],[22.873,56.925],[22.831,56.95],[22.818,56.975],[22.831,57.007],[22.863,57.011],[22.879,57.02],[22.866,57.037],[22.856,57.057],[22.841,57.079],[22.897,57.089],[22.913,57.104],[22.941,57.114],[22.956,57.127],[22.931,57.145],[22.941,57.152],[22.947,57.16],[22.949,57.168],[22.967,57.184],[22.977,57.187],[23.04,57.21],[23.08,57.238],[23.113,57.265],[23.129,57.243],[23.133,57.209],[23.12,57.171],[23.101,57.155],[23.113,57.138],[23.151,57.123],[23.204,57.105],[23.231,57.066],[23.213,57.039],[23.177,57.012],[23.168,56.986],[23.197,56.968],[23.177,56.955],[23.142,56.935],[23.149,56.921],[23.201,56.93],[23.278,56.916],[23.372,56.91],[23.442,56.927],[23.477,56.936],[23.492,56.935]]]}},{"type":"Feature","id":"LV-100","properties":{"id":"LV-100","countryCode":"LV","isoSubdivision":"LV-100","name":"Vaiņode","name_en":"Vaiņode","name_ko":"바이뇨데 시","type":"Municipality","labelLongitude":21.833,"labelLatitude":56.432,"minZoom":10},"geometry":{"type":"Polygon","coordinates":[[[21.965,56.384],[21.737,56.324],[21.725,56.356],[21.751,56.369],[21.751,56.382],[21.723,56.382],[21.702,56.396],[21.666,56.418],[21.685,56.433],[21.68,56.465],[21.734,56.473],[21.734,56.499],[21.708,56.505],[21.712,56.55],[21.753,56.563],[21.795,56.573],[21.793,56.554],[21.807,56.538],[21.818,56.531],[21.833,56.524],[21.851,56.521],[21.866,56.52],[21.893,56.523],[21.904,56.522],[21.908,56.517],[21.91,56.512],[21.912,56.508],[21.921,56.507],[21.957,56.514],[21.967,56.507],[21.956,56.494],[21.954,56.488],[21.958,56.481],[21.955,56.471],[21.989,56.446],[21.995,56.439],[21.988,56.433],[21.977,56.429],[21.962,56.426],[21.951,56.421],[21.946,56.417],[21.981,56.39],[21.983,56.389],[21.983,56.388],[21.965,56.384]]]}},{"type":"Feature","id":"LV-101","properties":{"id":"LV-101","countryCode":"LV","isoSubdivision":"LV-101","name":"Valka","name_en":"Valka","name_ko":"발카스","type":"Municipality","labelLongitude":26.064,"labelLatitude":57.659,"minZoom":10},"geometry":{"type":"Polygon","coordinates":[[[25.715,57.923],[25.73,57.923],[25.745,57.909],[25.755,57.889],[25.768,57.869],[25.793,57.856],[26.003,57.846],[26.015,57.843],[26.022,57.838],[26.025,57.828],[26.022,57.822],[26.016,57.816],[26.013,57.807],[26.016,57.787],[26.025,57.774],[26.135,57.725],[26.169,57.704],[26.263,57.621],[26.297,57.599],[26.339,57.583],[26.351,57.58],[26.353,57.576],[26.357,57.571],[26.352,57.561],[26.346,57.552],[26.344,57.542],[26.341,57.538],[26.344,57.533],[26.35,57.53],[26.354,57.523],[26.363,57.52],[26.363,57.516],[26.362,57.513],[26.312,57.499],[26.302,57.528],[26.282,57.525],[26.245,57.523],[26.241,57.542],[26.184,57.547],[26.155,57.547],[26.123,57.569],[26.094,57.559],[26.05,57.559],[25.977,57.55],[25.945,57.53],[25.896,57.53],[25.889,57.55],[25.904,57.569],[25.901,57.589],[25.877,57.603],[25.933,57.608],[25.96,57.62],[25.979,57.65],[25.989,57.672],[25.86,57.684],[25.857,57.704],[25.828,57.706],[25.847,57.752],[25.735,57.73],[25.689,57.738],[25.66,57.75],[25.617,57.758],[25.596,57.774],[25.565,57.783],[25.553,57.792],[25.555,57.8],[25.56,57.808],[25.555,57.816],[25.542,57.821],[25.526,57.83],[25.511,57.841],[25.466,57.86],[25.469,57.874],[25.501,57.868],[25.522,57.869],[25.535,57.874],[25.547,57.877],[25.557,57.88],[25.566,57.88],[25.574,57.881],[25.583,57.883],[25.614,57.866],[25.653,57.864],[25.657,57.879],[25.66,57.893],[25.666,57.914],[25.704,57.921],[25.715,57.923]]]}},{"type":"Feature","id":"LV-102","properties":{"id":"LV-102","countryCode":"LV","isoSubdivision":"LV-102","name":"Valmiera","name_en":"Valmiera","name_ko":"발미에라","type":"Municipality","labelLongitude":26.643,"labelLatitude":56.634,"minZoom":10},"geometry":{"type":"Polygon","coordinates":[[[26.773,56.681],[26.771,56.677],[26.778,56.664],[26.778,56.656],[26.781,56.645],[26.777,56.633],[26.78,56.621],[26.789,56.615],[26.792,56.61],[26.789,56.607],[26.75,56.596],[26.737,56.587],[26.729,56.578],[26.744,56.559],[26.722,56.543],[26.706,56.546],[26.628,56.544],[26.609,56.545],[26.596,56.547],[26.587,56.551],[26.583,56.564],[26.594,56.595],[26.523,56.6],[26.485,56.606],[26.401,56.634],[26.376,56.636],[26.389,56.678],[26.536,56.678],[26.576,56.692],[26.608,56.69],[26.626,56.704],[26.648,56.717],[26.683,56.722],[26.708,56.723],[26.711,56.707],[26.744,56.696],[26.773,56.681]]]}},{"type":"Feature","id":"LV-103","properties":{"id":"LV-103","countryCode":"LV","isoSubdivision":"LV-103","name":"Vārkava","name_en":"Vārkava","name_ko":"바르카바 시","type":"Municipality","labelLongitude":26.512,"labelLatitude":56.217,"minZoom":10},"geometry":{"type":"Polygon","coordinates":[[[26.508,56.132],[26.485,56.168],[26.455,56.18],[26.417,56.184],[26.381,56.197],[26.335,56.19],[26.312,56.226],[26.293,56.284],[26.353,56.274],[26.355,56.311],[26.38,56.313],[26.403,56.282],[26.442,56.266],[26.51,56.268],[26.562,56.268],[26.601,56.282],[26.64,56.276],[26.659,56.26],[26.674,56.218],[26.672,56.177],[26.647,56.164],[26.603,56.167],[26.618,56.15],[26.648,56.135],[26.625,56.121],[26.621,56.125],[26.61,56.132],[26.576,56.148],[26.571,56.154],[26.557,56.157],[26.544,56.142],[26.541,56.134],[26.508,56.132]]]}},{"type":"Feature","id":"LV-104","properties":{"id":"LV-104","countryCode":"LV","isoSubdivision":"LV-104","name":"Valmiera","name_en":"Valmiera","name_ko":"발미에라","type":"Municipality","labelLongitude":25.702,"labelLatitude":57.108,"minZoom":10},"geometry":{"type":"Polygon","coordinates":[[[25.745,57.275],[25.754,57.278],[25.77,57.279],[25.761,57.255],[25.753,57.244],[25.745,57.213],[25.772,57.199],[25.764,57.169],[25.775,57.154],[25.805,57.135],[25.839,57.121],[25.862,57.121],[25.881,57.097],[25.923,57.097],[25.908,57.07],[25.906,57.061],[25.9,57.05],[25.897,57.038],[25.896,57.026],[25.904,57.014],[25.911,57.007],[25.92,57],[25.924,56.993],[25.921,56.982],[25.918,56.975],[25.886,56.964],[25.854,56.963],[25.85,56.966],[25.845,56.97],[25.842,56.974],[25.837,56.977],[25.834,56.98],[25.83,56.982],[25.823,56.985],[25.814,56.987],[25.796,56.985],[25.788,56.982],[25.779,56.981],[25.77,56.983],[25.755,56.993],[25.727,56.999],[25.705,56.994],[25.697,56.986],[25.63,56.963],[25.634,56.975],[25.639,56.984],[25.637,56.99],[25.639,56.993],[25.639,56.995],[25.634,56.995],[25.603,56.984],[25.582,56.982],[25.565,56.982],[25.517,56.995],[25.504,56.995],[25.51,57.008],[25.493,57.027],[25.507,57.036],[25.529,57.021],[25.548,57.021],[25.587,57.05],[25.617,57.066],[25.618,57.08],[25.595,57.11],[25.565,57.113],[25.541,57.122],[25.563,57.147],[25.573,57.171],[25.576,57.204],[25.56,57.223],[25.576,57.237],[25.599,57.248],[25.601,57.265],[25.639,57.265],[25.67,57.274],[25.709,57.266],[25.745,57.275]]]}},{"type":"Feature","id":"LV-105","properties":{"id":"LV-105","countryCode":"LV","isoSubdivision":"LV-105","name":"Vecumnieki","name_en":"Vecumnieki","name_ko":"베춤니에키 시","type":"Municipality","labelLongitude":24.627,"labelLatitude":56.482,"minZoom":10},"geometry":{"type":"Polygon","coordinates":[[[24.871,56.443],[24.857,56.435],[24.853,56.425],[24.852,56.414],[24.846,56.405],[24.838,56.404],[24.816,56.409],[24.806,56.409],[24.715,56.386],[24.679,56.377],[24.639,56.36],[24.573,56.31],[24.529,56.322],[24.481,56.31],[24.468,56.331],[24.491,56.344],[24.506,56.362],[24.452,56.367],[24.447,56.381],[24.515,56.397],[24.531,56.41],[24.513,56.455],[24.474,56.483],[24.438,56.474],[24.427,56.494],[24.4,56.51],[24.381,56.53],[24.388,56.553],[24.348,56.565],[24.322,56.564],[24.309,56.612],[24.368,56.619],[24.355,56.662],[24.374,56.66],[24.373,56.666],[24.376,56.668],[24.384,56.671],[24.415,56.674],[24.428,56.678],[24.443,56.684],[24.482,56.705],[24.522,56.714],[24.556,56.707],[24.601,56.707],[24.634,56.677],[24.59,56.661],[24.593,56.643],[24.6,56.621],[24.617,56.607],[24.63,56.601],[24.657,56.6],[24.663,56.597],[24.663,56.594],[24.66,56.591],[24.661,56.588],[24.666,56.587],[24.674,56.587],[24.691,56.582],[24.697,56.579],[24.697,56.576],[24.681,56.571],[24.671,56.567],[24.664,56.557],[24.657,56.544],[24.732,56.544],[24.95,56.579],[24.956,56.551],[24.996,56.551],[25.014,56.496],[24.921,56.487],[24.912,56.472],[24.901,56.46],[24.878,56.455],[24.871,56.443]]]}},{"type":"Feature","id":"LV-107","properties":{"id":"LV-107","countryCode":"LV","isoSubdivision":"LV-107","name":"Viesīte","name_en":"Viesīte","name_ko":"비에시테 시","type":"Municipality","labelLongitude":25.531,"labelLatitude":56.29,"minZoom":10},"geometry":{"type":"Polygon","coordinates":[[[25.455,56.15],[25.349,56.16],[25.35,56.16],[25.36,56.168],[25.372,56.174],[25.404,56.175],[25.409,56.179],[25.408,56.182],[25.396,56.202],[25.403,56.232],[25.372,56.256],[25.356,56.262],[25.338,56.276],[25.31,56.287],[25.311,56.298],[25.324,56.309],[25.342,56.317],[25.363,56.323],[25.37,56.327],[25.361,56.335],[25.305,56.331],[25.299,56.334],[25.296,56.337],[25.298,56.343],[25.302,56.349],[25.299,56.366],[25.298,56.377],[25.294,56.408],[25.296,56.421],[25.331,56.421],[25.394,56.411],[25.456,56.413],[25.476,56.419],[25.505,56.436],[25.524,56.445],[25.548,56.445],[25.567,56.448],[25.574,56.453],[25.583,56.459],[25.591,56.461],[25.595,56.467],[25.616,56.447],[25.611,56.431],[25.636,56.409],[25.658,56.393],[25.676,56.367],[25.727,56.369],[25.734,56.351],[25.736,56.329],[25.734,56.3],[25.68,56.293],[25.694,56.229],[25.694,56.209],[25.674,56.184],[25.65,56.144],[25.59,56.141],[25.573,56.143],[25.523,56.157],[25.455,56.15]]]}},{"type":"Feature","id":"LV-108","properties":{"id":"LV-108","countryCode":"LV","isoSubdivision":"LV-108","name":"Viļaka","name_en":"Viļaka","name_ko":"빌랴카 시","type":"Municipality","labelLongitude":27.629,"labelLatitude":57.178,"minZoom":10},"geometry":{"type":"Polygon","coordinates":[[[27.694,57.356],[27.708,57.348],[27.809,57.314],[27.828,57.305],[27.84,57.291],[27.846,57.267],[27.841,57.211],[27.834,57.18],[27.824,57.159],[27.794,57.143],[27.701,57.119],[27.682,57.104],[27.696,57.085],[27.722,57.078],[27.745,57.068],[27.751,57.042],[27.746,57.031],[27.69,57.023],[27.638,57.018],[27.631,57.039],[27.59,57.043],[27.553,57.039],[27.542,57.078],[27.515,57.08],[27.455,57.114],[27.403,57.16],[27.426,57.212],[27.446,57.244],[27.487,57.274],[27.502,57.265],[27.519,57.259],[27.527,57.26],[27.556,57.259],[27.571,57.277],[27.587,57.283],[27.6,57.298],[27.652,57.314],[27.662,57.318],[27.672,57.32],[27.682,57.327],[27.689,57.333],[27.694,57.356]]]}},{"type":"Feature","id":"LV-109","properties":{"id":"LV-109","countryCode":"LV","isoSubdivision":"LV-109","name":"Viļāni","name_en":"Viļāni","name_ko":"빌라누","type":"Municipality","labelLongitude":26.888,"labelLatitude":56.552,"minZoom":10},"geometry":{"type":"Polygon","coordinates":[[[26.833,56.495],[26.82,56.496],[26.808,56.498],[26.801,56.507],[26.775,56.512],[26.826,56.524],[26.816,56.54],[26.771,56.556],[26.744,56.559],[26.729,56.578],[26.737,56.587],[26.75,56.596],[26.789,56.607],[26.792,56.61],[26.789,56.615],[26.78,56.621],[26.777,56.633],[26.781,56.645],[26.778,56.656],[26.778,56.664],[26.771,56.677],[26.773,56.681],[26.808,56.666],[26.852,56.658],[26.883,56.637],[26.914,56.601],[26.982,56.593],[27.005,56.562],[27.008,56.523],[27.041,56.466],[27.034,56.448],[26.992,56.451],[26.925,56.448],[26.933,56.455],[26.95,56.458],[26.958,56.461],[26.953,56.477],[26.902,56.479],[26.866,56.486],[26.858,56.493],[26.847,56.496],[26.833,56.495]]]}},{"type":"Feature","id":"LV-110","properties":{"id":"LV-110","countryCode":"LV","isoSubdivision":"LV-110","name":"Zilupe","name_en":"Zilupe","name_ko":"질루페 시","type":"Municipality","labelLongitude":28.107,"labelLatitude":56.339,"minZoom":10},"geometry":{"type":"Polygon","coordinates":[[[28.168,56.427],[28.164,56.393],[28.167,56.37],[28.174,56.35],[28.215,56.281],[28.217,56.271],[28.215,56.256],[28.209,56.248],[28.201,56.242],[28.193,56.231],[28.184,56.208],[28.179,56.184],[28.169,56.162],[28.149,56.142],[28.111,56.157],[28.068,56.148],[28.051,56.141],[28.047,56.151],[28.044,56.158],[28.063,56.182],[28.078,56.197],[28.07,56.209],[28.09,56.239],[28.121,56.275],[28.095,56.298],[28.043,56.314],[28.004,56.332],[27.932,56.308],[27.916,56.285],[27.865,56.285],[27.841,56.321],[27.877,56.332],[27.914,56.355],[27.955,56.378],[27.991,56.376],[28.012,56.384],[27.991,56.404],[27.978,56.433],[28.022,56.438],[28.069,56.422],[28.118,56.422],[28.168,56.427]]]}},{"type":"Feature","id":"LV-DGV","properties":{"id":"LV-DGV","countryCode":"LV","isoSubdivision":"LV-DGV","name":"Daugavpils","name_en":"Daugavpils","name_ko":"다우가프필스","type":"Municipality","labelLongitude":26.589,"labelLatitude":56.043,"minZoom":10},"geometry":{"type":"MultiPolygon","coordinates":[[[[26.595,55.667],[26.537,55.67],[26.481,55.678],[26.342,55.716],[26.28,55.743],[26.227,55.797],[26.258,55.805],[26.292,55.807],[26.349,55.81],[26.336,55.84],[26.277,55.881],[26.32,55.908],[26.303,55.917],[26.287,55.924],[26.292,55.941],[26.318,55.951],[26.338,55.965],[26.373,55.954],[26.393,55.978],[26.377,55.998],[26.365,56.022],[26.37,56.044],[26.357,56.055],[26.348,56.073],[26.345,56.093],[26.343,56.108],[26.341,56.134],[26.337,56.149],[26.328,56.163],[26.301,56.183],[26.335,56.19],[26.381,56.197],[26.417,56.184],[26.455,56.18],[26.485,56.168],[26.508,56.132],[26.541,56.134],[26.544,56.142],[26.557,56.157],[26.571,56.154],[26.576,56.148],[26.61,56.132],[26.621,56.125],[26.625,56.121],[26.648,56.135],[26.687,56.126],[26.7,56.119],[26.719,56.111],[26.748,56.111],[26.775,56.115],[26.807,56.127],[26.823,56.13],[26.837,56.129],[26.848,56.124],[26.872,56.127],[26.888,56.129],[26.891,56.105],[26.931,56.059],[26.969,56.06],[26.952,56.041],[26.954,56.034],[26.958,56.027],[26.969,56.014],[26.968,56.008],[26.933,56.003],[26.944,55.967],[26.947,55.96],[26.956,55.95],[26.944,55.942],[26.936,55.932],[26.955,55.928],[26.946,55.911],[26.938,55.904],[26.934,55.893],[26.934,55.874],[26.978,55.864],[26.981,55.855],[26.982,55.845],[26.98,55.839],[26.979,55.827],[26.979,55.826],[26.958,55.819],[26.9,55.779],[26.843,55.719],[26.823,55.706],[26.743,55.683],[26.72,55.682],[26.667,55.694],[26.64,55.696],[26.616,55.688],[26.595,55.667]],[[26.518,55.827],[26.532,55.832],[26.556,55.838],[26.582,55.841],[26.597,55.853],[26.602,55.874],[26.617,55.881],[26.625,55.889],[26.632,55.897],[26.611,55.904],[26.617,55.924],[26.613,55.946],[26.61,55.959],[26.595,55.962],[26.541,55.927],[26.472,55.933],[26.438,55.915],[26.449,55.906],[26.486,55.893],[26.487,55.869],[26.49,55.853],[26.504,55.841],[26.518,55.827]]],[[[26.595,55.962],[26.61,55.959],[26.613,55.946],[26.617,55.924],[26.611,55.904],[26.632,55.897],[26.625,55.889],[26.617,55.881],[26.602,55.874],[26.597,55.853],[26.582,55.841],[26.556,55.838],[26.532,55.832],[26.518,55.827],[26.504,55.841],[26.49,55.853],[26.487,55.869],[26.486,55.893],[26.449,55.906],[26.438,55.915],[26.472,55.933],[26.541,55.927],[26.595,55.962]]]]}},{"type":"Feature","id":"LV-JEL","properties":{"id":"LV-JEL","countryCode":"LV","isoSubdivision":"LV-JEL","name":"Jelgava","name_en":"Jelgava","name_ko":"젤가바","type":"Municipality","labelLongitude":23.646,"labelLatitude":56.494,"minZoom":10},"geometry":{"type":"MultiPolygon","coordinates":[[[[23.518,56.329],[23.482,56.33],[23.378,56.355],[23.385,56.361],[23.42,56.376],[23.43,56.378],[23.442,56.382],[23.45,56.386],[23.457,56.392],[23.462,56.398],[23.462,56.407],[23.45,56.422],[23.439,56.437],[23.431,56.445],[23.419,56.449],[23.413,56.459],[23.415,56.461],[23.426,56.469],[23.428,56.473],[23.431,56.478],[23.415,56.493],[23.438,56.499],[23.447,56.506],[23.459,56.53],[23.459,56.545],[23.446,56.556],[23.434,56.564],[23.432,56.571],[23.437,56.577],[23.448,56.579],[23.477,56.587],[23.48,56.6],[23.406,56.606],[23.413,56.616],[23.425,56.622],[23.438,56.634],[23.445,56.642],[23.476,56.656],[23.485,56.66],[23.484,56.665],[23.48,56.677],[23.481,56.68],[23.478,56.685],[23.463,56.693],[23.443,56.697],[23.417,56.707],[23.436,56.724],[23.459,56.735],[23.503,56.747],[23.525,56.764],[23.506,56.808],[23.487,56.816],[23.462,56.884],[23.507,56.895],[23.588,56.891],[23.601,56.889],[23.626,56.889],[23.67,56.875],[23.707,56.852],[23.718,56.836],[23.734,56.822],[23.77,56.8],[23.76,56.772],[23.764,56.768],[23.756,56.744],[23.701,56.737],[23.701,56.721],[23.671,56.716],[23.683,56.698],[23.71,56.707],[23.731,56.69],[23.684,56.674],[23.644,56.678],[23.618,56.67],[23.631,56.65],[23.677,56.63],[23.671,56.602],[23.708,56.592],[23.739,56.608],[23.779,56.618],[23.77,56.637],[23.792,56.647],[23.828,56.628],[23.866,56.615],[23.912,56.608],[23.941,56.58],[23.964,56.555],[23.969,56.519],[23.992,56.503],[23.963,56.498],[23.95,56.488],[23.932,56.483],[23.92,56.473],[23.886,56.466],[23.875,56.463],[23.862,56.448],[23.848,56.439],[23.841,56.434],[23.841,56.43],[23.843,56.427],[23.85,56.423],[23.85,56.418],[23.848,56.412],[23.843,56.402],[23.839,56.397],[23.837,56.393],[23.836,56.388],[23.874,56.389],[23.879,56.384],[23.874,56.374],[23.871,56.367],[23.869,56.343],[23.871,56.332],[23.858,56.334],[23.825,56.335],[23.756,56.326],[23.725,56.329],[23.724,56.332],[23.725,56.338],[23.724,56.346],[23.715,56.353],[23.707,56.354],[23.679,56.352],[23.61,56.354],[23.578,56.349],[23.518,56.329]]],[[[23.684,56.674],[23.731,56.69],[23.794,56.681],[23.808,56.654],[23.792,56.647],[23.77,56.637],[23.779,56.618],[23.739,56.608],[23.708,56.592],[23.671,56.602],[23.677,56.63],[23.631,56.65],[23.618,56.67],[23.644,56.678],[23.684,56.674]]]]}},{"type":"Feature","id":"LV-JKB","properties":{"id":"LV-JKB","countryCode":"LV","isoSubdivision":"LV-JKB","name":"Jēkabpils","name_en":"Jēkabpils","name_ko":"예캅필스","type":"Municipality","labelLongitude":25.961,"labelLatitude":56.323,"minZoom":10},"geometry":{"type":"MultiPolygon","coordinates":[[[[26.089,56.406],[26.109,56.406],[26.145,56.389],[26.157,56.38],[26.161,56.372],[26.163,56.363],[26.164,56.342],[26.167,56.337],[26.181,56.321],[26.184,56.315],[26.183,56.296],[26.184,56.291],[26.187,56.289],[26.192,56.285],[26.196,56.283],[26.198,56.284],[26.198,56.276],[26.195,56.269],[26.192,56.263],[26.191,56.257],[26.189,56.235],[26.194,56.226],[26.208,56.223],[26.219,56.222],[26.239,56.217],[26.249,56.216],[26.264,56.211],[26.301,56.183],[26.328,56.163],[26.337,56.149],[26.341,56.134],[26.343,56.108],[26.345,56.093],[26.316,56.123],[26.315,56.131],[26.319,56.135],[26.321,56.142],[26.318,56.146],[26.313,56.15],[26.305,56.153],[26.282,56.159],[26.257,56.162],[26.243,56.167],[26.22,56.166],[26.206,56.164],[26.139,56.131],[26.151,56.121],[26.153,56.118],[26.152,56.109],[26.129,56.098],[26.121,56.101],[26.109,56.101],[26.098,56.096],[26.092,56.09],[26.079,56.079],[26.059,56.068],[26.046,56.066],[26.037,56.069],[26.026,56.079],[26.012,56.108],[25.985,56.111],[25.977,56.128],[25.977,56.148],[25.948,56.157],[25.905,56.171],[25.896,56.202],[25.876,56.222],[25.839,56.226],[25.801,56.235],[25.756,56.231],[25.694,56.229],[25.68,56.293],[25.734,56.3],[25.736,56.329],[25.734,56.351],[25.794,56.36],[25.843,56.413],[25.81,56.445],[25.821,56.487],[25.845,56.478],[25.883,56.476],[25.877,56.495],[25.926,56.484],[26.043,56.456],[26.055,56.451],[26.064,56.437],[26.08,56.418],[26.089,56.406]]],[[[25.821,56.487],[25.826,56.527],[25.854,56.536],[25.879,56.536],[25.89,56.522],[25.919,56.529],[25.925,56.514],[25.877,56.495],[25.883,56.476],[25.845,56.478],[25.821,56.487]]]]}},{"type":"Feature","id":"LV-JUR","properties":{"id":"LV-JUR","countryCode":"LV","isoSubdivision":"LV-JUR","name":"Jūrmala","name_en":"Jūrmala","name_ko":"유르말라","type":"Republican City","labelLongitude":23.735,"labelLatitude":56.961,"minZoom":10},"geometry":{"type":"Polygon","coordinates":[[[23.579,56.982],[23.585,56.979],[23.632,56.971],[23.695,56.967],[23.866,56.99],[23.927,57.006],[23.929,57.006],[23.934,56.997],[23.954,56.991],[23.937,56.973],[23.903,56.962],[23.864,56.955],[23.801,56.95],[23.78,56.957],[23.767,56.943],[23.707,56.932],[23.673,56.928],[23.639,56.928],[23.614,56.932],[23.59,56.923],[23.549,56.925],[23.492,56.935],[23.477,56.936],[23.475,56.941],[23.473,56.943],[23.484,56.95],[23.5,56.961],[23.576,56.981],[23.579,56.982]]]}},{"type":"Feature","id":"LV-LPX","properties":{"id":"LV-LPX","countryCode":"LV","isoSubdivision":"LV-LPX","name":"Liepāja","name_en":"Liepāja","name_ko":"리예파야","type":"Republican City","labelLongitude":21.04,"labelLatitude":56.562,"minZoom":10},"geometry":{"type":"MultiPolygon","coordinates":[[[[21.005,56.446],[21.006,56.466],[21.011,56.476],[21.003,56.493],[21,56.511],[21.006,56.52],[21.024,56.51],[21.031,56.5],[21.036,56.474],[21.024,56.471],[21.022,56.457],[21.02,56.447],[21.005,56.446]]],[[[21.053,56.511],[21.048,56.516],[21.031,56.524],[21.02,56.527],[21.011,56.528],[21.003,56.53],[20.996,56.538],[20.992,56.549],[20.995,56.553],[21,56.558],[21.011,56.599],[21.021,56.615],[21.067,56.606],[21.077,56.563],[21.094,56.569],[21.103,56.533],[21.073,56.523],[21.053,56.511]]]]}},{"type":"Feature","id":"LV-REZ","properties":{"id":"LV-REZ","countryCode":"LV","isoSubdivision":"LV-REZ","name":"Rēzekne","name_en":"Rēzekne","name_ko":"레제크네","type":"Municipality","labelLongitude":27.263,"labelLatitude":56.355,"minZoom":10},"geometry":{"type":"MultiPolygon","coordinates":[[[[26.928,56.831],[26.966,56.81],[26.984,56.806],[27.018,56.807],[27.032,56.801],[27.058,56.8],[27.068,56.805],[27.096,56.809],[27.121,56.811],[27.133,56.808],[27.161,56.811],[27.186,56.794],[27.243,56.789],[27.34,56.783],[27.404,56.785],[27.455,56.772],[27.471,56.741],[27.486,56.693],[27.48,56.681],[27.47,56.674],[27.472,56.663],[27.476,56.658],[27.488,56.653],[27.502,56.656],[27.512,56.655],[27.525,56.652],[27.542,56.645],[27.552,56.637],[27.58,56.619],[27.561,56.6],[27.561,56.576],[27.574,56.557],[27.567,56.542],[27.551,56.535],[27.538,56.532],[27.525,56.529],[27.507,56.528],[27.494,56.521],[27.487,56.515],[27.486,56.509],[27.487,56.499],[27.495,56.488],[27.496,56.478],[27.509,56.46],[27.55,56.479],[27.559,56.464],[27.56,56.457],[27.572,56.443],[27.582,56.434],[27.59,56.428],[27.592,56.424],[27.591,56.422],[27.596,56.419],[27.603,56.419],[27.608,56.42],[27.622,56.421],[27.62,56.407],[27.624,56.401],[27.622,56.392],[27.64,56.379],[27.67,56.372],[27.69,56.361],[27.69,56.355],[27.688,56.347],[27.69,56.332],[27.699,56.322],[27.711,56.311],[27.715,56.298],[27.687,56.276],[27.687,56.263],[27.694,56.261],[27.699,56.258],[27.7,56.255],[27.693,56.25],[27.684,56.247],[27.668,56.24],[27.652,56.25],[27.568,56.242],[27.552,56.245],[27.548,56.248],[27.535,56.261],[27.528,56.257],[27.524,56.248],[27.509,56.241],[27.489,56.235],[27.467,56.233],[27.447,56.23],[27.441,56.224],[27.448,56.209],[27.421,56.211],[27.412,56.207],[27.339,56.21],[27.296,56.203],[27.173,56.208],[27.162,56.211],[27.151,56.208],[27.126,56.196],[27.102,56.189],[27.1,56.186],[27.098,56.182],[27.098,56.18],[27.102,56.171],[27.078,56.171],[27.054,56.173],[27.044,56.176],[27.038,56.18],[27.035,56.187],[27.036,56.198],[27.034,56.208],[27.029,56.215],[27.016,56.224],[27.002,56.231],[26.997,56.239],[26.989,56.248],[26.986,56.263],[26.96,56.284],[26.949,56.298],[26.947,56.304],[26.944,56.313],[26.951,56.32],[26.976,56.32],[26.991,56.331],[26.966,56.359],[26.952,56.373],[26.898,56.411],[26.9,56.418],[26.91,56.425],[26.915,56.433],[26.925,56.448],[26.992,56.451],[27.034,56.448],[27.041,56.466],[27.008,56.523],[27.005,56.562],[26.982,56.593],[26.914,56.601],[26.883,56.637],[26.852,56.658],[26.808,56.666],[26.773,56.681],[26.783,56.707],[26.908,56.818],[26.928,56.831]],[[27.339,56.475],[27.355,56.495],[27.361,56.521],[27.366,56.539],[27.364,56.555],[27.34,56.561],[27.31,56.553],[27.274,56.516],[27.285,56.49],[27.339,56.475]]],[[[27.34,56.561],[27.364,56.555],[27.366,56.539],[27.361,56.521],[27.355,56.495],[27.339,56.475],[27.285,56.49],[27.274,56.516],[27.31,56.553],[27.34,56.561]]]]}},{"type":"Feature","id":"LV-RIX","properties":{"id":"LV-RIX","countryCode":"LV","isoSubdivision":"LV-RIX","name":"Riga","name_en":"Riga","name_ko":"리가","type":"Republican City","labelLongitude":24.124,"labelLatitude":56.988,"minZoom":10},"geometry":{"type":"Polygon","coordinates":[[[23.927,57.006],[23.953,57.013],[23.991,57.031],[24.009,57.046],[24.022,57.059],[24.036,57.069],[24.075,57.075],[24.113,57.089],[24.152,57.056],[24.162,57.053],[24.181,57.048],[24.224,57.022],[24.25,57.013],[24.274,57.006],[24.288,57],[24.303,56.991],[24.32,56.969],[24.299,56.956],[24.258,56.946],[24.247,56.941],[24.235,56.93],[24.237,56.904],[24.259,56.873],[24.197,56.882],[24.155,56.902],[24.133,56.898],[24.112,56.893],[24.104,56.884],[24.099,56.878],[24.088,56.876],[24.071,56.872],[24.066,56.886],[24.062,56.898],[24.04,56.91],[24.027,56.92],[24.002,56.924],[23.971,56.933],[23.943,56.939],[23.949,56.947],[23.989,56.965],[23.994,56.973],[24.001,56.979],[23.993,56.985],[23.968,56.988],[23.954,56.991],[23.934,56.997],[23.929,57.006],[23.927,57.006]]]}},{"type":"Feature","id":"LV-VEN","properties":{"id":"LV-VEN","countryCode":"LV","isoSubdivision":"LV-VEN","name":"Ventspils","name_en":"Ventspils","name_ko":"벤츠필스","type":"Municipality","labelLongitude":21.819,"labelLatitude":57.337,"minZoom":10},"geometry":{"type":"MultiPolygon","coordinates":[[[[21.328,56.974],[21.36,56.99],[21.382,57.009],[21.402,57.038],[21.414,57.073],[21.415,57.114],[21.412,57.124],[21.401,57.151],[21.403,57.162],[21.413,57.176],[21.415,57.185],[21.413,57.25],[21.415,57.271],[21.421,57.289],[21.434,57.306],[21.449,57.32],[21.467,57.326],[21.48,57.334],[21.512,57.379],[21.528,57.358],[21.542,57.341],[21.566,57.342],[21.592,57.361],[21.626,57.355],[21.621,57.389],[21.675,57.401],[21.642,57.457],[21.633,57.467],[21.622,57.473],[21.699,57.555],[21.73,57.574],[21.772,57.586],[21.956,57.593],[21.999,57.6],[22.195,57.658],[22.206,57.627],[22.213,57.621],[22.224,57.623],[22.236,57.62],[22.247,57.6],[22.245,57.588],[22.25,57.576],[22.259,57.564],[22.268,57.555],[22.272,57.549],[22.274,57.517],[22.272,57.507],[22.204,57.484],[22.19,57.476],[22.174,57.472],[22.177,57.465],[22.177,57.459],[22.167,57.451],[22.138,57.438],[22.078,57.423],[22.152,57.405],[22.186,57.402],[22.245,57.407],[22.26,57.398],[22.277,57.387],[22.282,57.381],[22.286,57.351],[22.286,57.334],[22.295,57.321],[22.309,57.289],[22.304,57.286],[22.301,57.276],[22.297,57.271],[22.274,57.265],[22.233,57.243],[22.194,57.212],[22.188,57.199],[22.19,57.195],[22.204,57.191],[22.206,57.178],[22.2,57.166],[22.196,57.158],[22.196,57.153],[22.195,57.149],[22.195,57.132],[22.194,57.128],[22.192,57.125],[22.173,57.117],[22.095,57.102],[22.075,57.102],[22.015,57.114],[21.996,57.107],[21.952,57.098],[21.937,57.097],[21.86,57.099],[21.85,57.098],[21.84,57.093],[21.822,57.085],[21.783,57.085],[21.79,57.095],[21.79,57.1],[21.789,57.104],[21.767,57.107],[21.712,57.117],[21.692,57.114],[21.664,57.116],[21.654,57.116],[21.641,57.114],[21.626,57.104],[21.593,57.087],[21.574,57.086],[21.539,57.071],[21.506,57.076],[21.503,57.058],[21.489,57.051],[21.485,57.029],[21.474,57.013],[21.475,56.986],[21.472,56.971],[21.454,56.96],[21.447,56.95],[21.396,56.942],[21.385,56.957],[21.363,56.967],[21.332,56.974],[21.328,56.974]]],[[[21.512,57.379],[21.518,57.388],[21.589,57.439],[21.622,57.473],[21.633,57.467],[21.642,57.457],[21.675,57.401],[21.621,57.389],[21.626,57.355],[21.592,57.361],[21.566,57.342],[21.542,57.341],[21.528,57.358],[21.512,57.379]]]]}},{"type":"Feature","id":"LV-VMR","properties":{"id":"LV-VMR","countryCode":"LV","isoSubdivision":"LV-VMR","name":"Valmiera","name_en":"Valmiera","name_ko":"발미에라","type":"Republican City","labelLongitude":25.416,"labelLatitude":57.537,"minZoom":10},"geometry":{"type":"Polygon","coordinates":[[[25.457,57.537],[25.452,57.515],[25.432,57.506],[25.396,57.509],[25.377,57.509],[25.372,57.528],[25.379,57.55],[25.412,57.556],[25.44,57.556],[25.457,57.537]]]}}]}
