{"type":"FeatureCollection","features":[{"type":"Feature","id":"MM-01","properties":{"id":"MM-01","countryCode":"MM","isoSubdivision":"MM-01","name":"Sagaing","name_en":"Sagaing","name_ko":"사가잉 구","type":"Division","labelLongitude":95.182,"labelLatitude":23.703,"minZoom":7},"geometry":{"type":"Polygon","coordinates":[[[96.687,27.362],[96.705,27.361],[96.724,27.356],[96.759,27.342],[96.776,27.331],[96.789,27.318],[96.81,27.286],[96.822,27.273],[96.854,27.249],[96.86,27.241],[96.851,27.221],[96.842,27.204],[96.843,27.189],[96.865,27.172],[97.003,27.115],[97.012,27.107],[97.019,27.099],[97.027,27.091],[97.038,27.087],[97.048,27.088],[97.059,27.092],[97.003,27.016],[96.99,27.003],[96.986,26.999],[96.978,26.995],[96.965,26.991],[96.952,26.99],[96.875,26.995],[96.765,26.988],[96.702,26.969],[96.678,26.965],[96.624,26.965],[96.449,26.942],[96.432,26.943],[96.414,26.946],[96.399,26.951],[96.342,26.963],[96.254,26.964],[96.239,26.959],[96.239,26.952],[96.252,26.943],[96.288,26.924],[96.293,26.916],[96.288,26.904],[96.279,26.89],[96.276,26.876],[96.275,26.858],[96.266,26.849],[96.252,26.844],[96.224,26.838],[96.212,26.832],[96.205,26.824],[96.204,26.78],[96.203,26.772],[96.198,26.766],[96.07,26.694],[96.052,26.679],[96.047,26.666],[96.055,26.652],[96.085,26.623],[96.105,26.608],[96.121,26.593],[96.132,26.579],[96.139,26.563],[96.143,26.548],[96.152,26.499],[96.15,26.495],[96.145,26.486],[96.128,26.47],[96.102,26.458],[96.075,26.449],[96.02,26.436],[96.007,26.418],[96.007,26.409],[96.009,26.397],[96.014,26.388],[96.068,26.321],[96.078,26.303],[96.083,26.288],[96.084,26.262],[96.089,26.252],[96.104,26.235],[96.119,26.213],[96.126,26.188],[96.132,26.173],[96.155,26.142],[96.169,26.065],[96.164,26.031],[96.157,26.021],[96.148,26.012],[96.139,26.006],[96.133,26.002],[96.131,26.001],[96.13,26],[96.08,25.889],[96.078,25.873],[96.079,25.861],[96.097,25.822],[96.109,25.777],[96.118,25.76],[96.171,25.701],[96.182,25.672],[96.178,25.652],[96.166,25.632],[96.147,25.613],[96.088,25.571],[96.075,25.556],[96.067,25.546],[96.061,25.539],[96.053,25.534],[96.043,25.534],[96.035,25.537],[96.028,25.543],[96.022,25.551],[96.014,25.559],[96.005,25.566],[95.998,25.569],[95.99,25.567],[95.979,25.556],[95.969,25.516],[95.964,25.429],[95.977,25.241],[95.988,25.2],[96.039,25.141],[96.061,25.106],[96.073,25.078],[96.078,25.045],[96.077,25.027],[96.068,24.986],[96.062,24.974],[96.056,24.968],[96.05,24.962],[96.039,24.957],[96.03,24.956],[96.021,24.958],[96.016,24.963],[96.013,24.972],[96.014,24.983],[96.02,24.998],[96.025,25.008],[96.032,25.033],[96.034,25.04],[96.033,25.047],[96.031,25.052],[96.027,25.055],[96.022,25.056],[96.017,25.054],[96.012,25.047],[96.007,25.037],[95.999,25.029],[95.987,25.021],[95.97,25.011],[95.931,25],[95.897,24.991],[95.862,24.978],[95.84,24.965],[95.886,24.863],[95.937,24.71],[95.948,24.69],[95.959,24.68],[95.971,24.673],[95.988,24.667],[96.082,24.648],[96.104,24.637],[96.136,24.555],[96.14,24.548],[96.167,24.52],[96.208,24.489],[96.218,24.479],[96.225,24.469],[96.235,24.459],[96.245,24.458],[96.255,24.463],[96.261,24.47],[96.269,24.476],[96.279,24.48],[96.342,24.489],[96.394,24.502],[96.425,24.501],[96.571,24.448],[96.592,24.443],[96.611,24.44],[96.622,24.437],[96.656,24.417],[96.648,24.397],[96.619,24.376],[96.611,24.365],[96.608,24.355],[96.607,24.25],[96.61,24.227],[96.62,24.209],[96.637,24.192],[96.653,24.18],[96.674,24.142],[96.633,24.136],[96.59,24.125],[96.415,24.051],[96.399,24.04],[96.389,24.029],[96.386,24.015],[96.389,24.001],[96.401,23.986],[96.41,23.983],[96.419,23.985],[96.427,23.993],[96.438,24.01],[96.45,24.02],[96.455,24.022],[96.466,24.026],[96.473,24.026],[96.48,24.026],[96.486,24.025],[96.491,24.023],[96.496,24.021],[96.499,24.019],[96.502,24.017],[96.508,24.011],[96.51,24.003],[96.513,23.951],[96.515,23.946],[96.522,23.931],[96.524,23.926],[96.53,23.903],[96.533,23.898],[96.536,23.893],[96.549,23.88],[96.553,23.875],[96.556,23.87],[96.558,23.865],[96.56,23.858],[96.56,23.849],[96.557,23.839],[96.525,23.785],[96.521,23.775],[96.501,23.74],[96.497,23.736],[96.492,23.733],[96.475,23.726],[96.463,23.718],[96.44,23.689],[96.441,23.681],[96.439,23.674],[96.435,23.664],[96.434,23.66],[96.433,23.652],[96.433,23.644],[96.432,23.639],[96.424,23.624],[96.423,23.618],[96.419,23.61],[96.415,23.601],[96.397,23.574],[96.383,23.56],[96.367,23.548],[96.339,23.517],[96.321,23.507],[96.29,23.532],[96.279,23.531],[96.263,23.528],[96.218,23.505],[96.193,23.5],[96.172,23.506],[96.139,23.52],[96.129,23.528],[96.124,23.537],[96.124,23.55],[96.126,23.562],[96.132,23.577],[96.135,23.589],[96.134,23.603],[96.125,23.623],[96.113,23.63],[96.105,23.632],[96.082,23.629],[96.057,23.609],[96.035,23.585],[96.02,23.555],[96.018,23.542],[96.008,23.522],[95.945,23.452],[95.924,23.42],[95.916,23.401],[95.909,23.379],[95.908,23.359],[95.91,23.345],[95.937,23.262],[95.942,23.25],[95.944,23.247],[95.946,23.244],[95.949,23.237],[95.956,23.22],[95.967,23.178],[95.975,23.154],[95.965,22.769],[95.962,22.759],[95.955,22.75],[95.943,22.744],[95.92,22.743],[95.91,22.739],[95.901,22.707],[95.917,22.662],[95.985,22.55],[95.99,22.529],[95.982,22.51],[95.969,22.492],[95.965,22.473],[95.964,22.392],[95.971,22.374],[95.99,22.353],[96.013,22.332],[96.014,22.323],[96.007,22.309],[96.001,22.303],[95.996,22.298],[95.99,22.292],[95.986,22.281],[95.985,22.271],[95.988,22.216],[96,22.158],[96.008,22.089],[96.025,22.058],[96.048,21.994],[96.051,21.956],[96.041,21.923],[96.021,21.896],[95.993,21.877],[95.973,21.867],[95.955,21.861],[95.937,21.857],[95.914,21.856],[95.894,21.861],[95.884,21.851],[95.869,21.825],[95.836,21.705],[95.82,21.68],[95.772,21.626],[95.766,21.633],[95.743,21.638],[95.657,21.627],[95.595,21.708],[95.562,21.74],[95.545,21.745],[95.523,21.745],[95.396,21.719],[95.38,21.707],[95.368,21.665],[95.355,21.636],[95.355,21.63],[95.349,21.621],[95.342,21.609],[95.301,21.621],[95.283,21.632],[95.262,21.652],[95.248,21.661],[95.246,21.675],[95.245,21.699],[95.242,21.712],[95.234,21.721],[95.218,21.733],[95.207,21.746],[95.189,21.78],[95.16,21.81],[95.152,21.823],[95.128,21.83],[95.111,21.834],[95.079,21.827],[95.052,21.81],[94.921,21.813],[94.844,21.829],[94.799,21.826],[94.78,21.82],[94.739,21.817],[94.699,21.809],[94.684,21.809],[94.668,21.811],[94.649,21.817],[94.62,21.821],[94.602,21.82],[94.549,21.803],[94.529,21.793],[94.506,21.773],[94.5,21.77],[94.49,21.767],[94.473,21.77],[94.453,21.777],[94.428,21.79],[94.409,21.804],[94.4,21.812],[94.396,21.824],[94.416,21.99],[94.415,22.019],[94.412,22.039],[94.406,22.056],[94.398,22.063],[94.386,22.067],[94.373,22.074],[94.366,22.08],[94.349,22.111],[94.33,22.112],[94.3,22.103],[94.288,22.103],[94.279,22.106],[94.27,22.116],[94.263,22.127],[94.256,22.145],[94.243,22.261],[94.244,22.276],[94.246,22.285],[94.253,22.3],[94.291,22.375],[94.296,22.389],[94.294,22.408],[94.29,22.422],[94.263,22.477],[94.217,22.556],[94.174,22.604],[94.157,22.618],[94.148,22.628],[94.138,22.644],[94.136,22.648],[94.134,22.657],[94.133,22.66],[94.132,22.662],[94.121,22.67],[94.12,22.674],[94.122,22.678],[94.123,22.685],[94.12,22.694],[94.113,22.708],[94.103,22.712],[94.098,22.712],[94.089,22.699],[94.084,22.694],[94.078,22.69],[94.064,22.684],[94.049,22.682],[94.035,22.682],[94.007,22.678],[93.994,22.743],[94,22.772],[94.005,22.78],[94.014,22.815],[94.009,22.881],[94.002,22.896],[93.998,22.909],[93.993,22.92],[93.993,22.933],[94.015,23.012],[94.02,23.052],[94.019,23.072],[94.002,23.167],[93.998,23.22],[93.999,23.231],[94.011,23.278],[94.011,23.295],[94,23.331],[94.011,23.337],[94.035,23.336],[94.044,23.34],[94.049,23.348],[94.054,23.423],[94.052,23.437],[94.045,23.461],[94.045,23.491],[94.05,23.499],[94.054,23.501],[94.06,23.501],[94.066,23.5],[94.067,23.5],[94.1,23.481],[94.114,23.477],[94.123,23.476],[94.128,23.479],[94.135,23.486],[94.139,23.491],[94.142,23.497],[94.143,23.499],[94.151,23.573],[94.157,23.601],[94.17,23.695],[94.164,23.721],[94.145,23.76],[94.14,23.778],[94.135,23.844],[94.129,23.854],[94.132,23.857],[94.135,23.877],[94.134,23.899],[94.135,23.919],[94.145,23.939],[94.19,23.995],[94.194,24.01],[94.199,24.048],[94.204,24.058],[94.214,24.069],[94.218,24.087],[94.222,24.123],[94.234,24.16],[94.283,24.266],[94.287,24.283],[94.29,24.317],[94.295,24.333],[94.303,24.341],[94.324,24.355],[94.331,24.363],[94.332,24.371],[94.328,24.388],[94.329,24.394],[94.34,24.406],[94.352,24.414],[94.361,24.425],[94.364,24.466],[94.37,24.478],[94.382,24.486],[94.397,24.495],[94.411,24.546],[94.418,24.56],[94.43,24.571],[94.475,24.597],[94.487,24.62],[94.508,24.689],[94.516,24.705],[94.531,24.707],[94.543,24.707],[94.556,24.709],[94.569,24.716],[94.582,24.73],[94.59,24.747],[94.593,24.766],[94.593,24.784],[94.599,24.813],[94.639,24.863],[94.655,24.889],[94.674,24.975],[94.69,24.995],[94.709,25.026],[94.714,25.068],[94.707,25.11],[94.689,25.139],[94.653,25.154],[94.613,25.161],[94.577,25.174],[94.553,25.204],[94.55,25.245],[94.608,25.395],[94.631,25.427],[94.65,25.447],[94.659,25.456],[94.692,25.476],[94.711,25.483],[94.746,25.487],[94.764,25.492],[94.782,25.505],[94.808,25.543],[94.822,25.559],[94.831,25.562],[94.851,25.563],[94.86,25.567],[94.861,25.571],[94.853,25.581],[94.853,25.586],[94.857,25.589],[94.868,25.595],[94.872,25.598],[94.961,25.718],[94.969,25.726],[94.979,25.729],[95,25.732],[95.009,25.737],[95.015,25.755],[95.013,25.778],[94.993,25.881],[94.994,25.9],[95.001,25.922],[95.012,25.931],[95.049,25.944],[95.066,25.954],[95.108,25.995],[95.14,26.03],[95.151,26.05],[95.15,26.071],[95.137,26.083],[95.102,26.093],[95.088,26.104],[95.078,26.171],[95.082,26.18],[95.09,26.188],[95.094,26.195],[95.091,26.203],[95.083,26.207],[95.075,26.208],[95.066,26.211],[95.059,26.218],[95.046,26.248],[95.042,26.288],[95.044,26.328],[95.05,26.359],[95.064,26.393],[95.066,26.407],[95.062,26.427],[95.043,26.46],[95.041,26.476],[95.054,26.495],[95.07,26.506],[95.099,26.536],[95.11,26.551],[95.115,26.563],[95.116,26.569],[95.116,26.576],[95.119,26.604],[95.123,26.612],[95.133,26.621],[95.141,26.625],[95.163,26.63],[95.173,26.634],[95.182,26.642],[95.196,26.661],[95.205,26.668],[95.223,26.67],[95.239,26.65],[95.247,26.649],[95.261,26.648],[95.279,26.653],[95.316,26.669],[95.393,26.692],[95.411,26.702],[95.44,26.735],[95.463,26.777],[95.49,26.811],[95.531,26.82],[95.554,26.817],[95.575,26.816],[95.591,26.824],[95.603,26.844],[95.613,26.868],[95.624,26.881],[95.64,26.886],[95.686,26.891],[95.699,26.896],[95.709,26.907],[95.735,26.947],[95.778,26.995],[95.805,27.005],[95.861,27.014],[95.889,27.027],[95.916,27.051],[95.938,27.08],[95.975,27.143],[96.013,27.191],[96.074,27.23],[96.143,27.258],[96.408,27.298],[96.475,27.295],[96.49,27.291],[96.511,27.292],[96.532,27.299],[96.547,27.306],[96.567,27.328],[96.576,27.345],[96.587,27.354],[96.614,27.348],[96.623,27.344],[96.629,27.339],[96.636,27.336],[96.649,27.336],[96.659,27.341],[96.676,27.358],[96.687,27.362]]]}},{"type":"Feature","id":"MM-02","properties":{"id":"MM-02","countryCode":"MM","isoSubdivision":"MM-02","name":"Bago","name_en":"Bago","name_ko":"바고 구","type":"Division","labelLongitude":96.149,"labelLatitude":18.518,"minZoom":7},"geometry":{"type":"Polygon","coordinates":[[[96.883,17.457],[96.872,17.442],[96.863,17.403],[96.856,17.388],[96.852,17.394],[96.844,17.403],[96.842,17.409],[96.836,17.406],[96.83,17.402],[96.825,17.398],[96.822,17.395],[96.828,17.388],[96.851,17.36],[96.885,17.339],[96.911,17.317],[96.911,17.285],[96.89,17.261],[96.865,17.24],[96.849,17.213],[96.856,17.169],[96.895,17.102],[96.91,17.067],[96.911,17.025],[96.905,17.01],[96.887,16.979],[96.879,16.935],[96.868,16.928],[96.835,16.936],[96.838,16.926],[96.843,16.918],[96.848,16.909],[96.856,16.901],[96.843,16.902],[96.821,16.908],[96.808,16.909],[96.808,16.901],[96.822,16.894],[96.827,16.89],[96.813,16.895],[96.776,16.926],[96.744,16.961],[96.736,16.968],[96.727,16.972],[96.715,16.976],[96.66,16.986],[96.574,16.994],[96.444,16.985],[96.394,16.989],[96.391,17.014],[96.397,17.06],[96.396,17.073],[96.387,17.111],[96.376,17.135],[96.357,17.163],[96.342,17.181],[96.335,17.192],[96.329,17.206],[96.294,17.354],[96.286,17.371],[96.105,17.671],[96.074,17.742],[96.067,17.753],[96.061,17.757],[96.051,17.761],[96.04,17.757],[96.027,17.748],[96.002,17.718],[95.989,17.699],[95.977,17.689],[95.96,17.677],[95.903,17.647],[95.89,17.633],[95.865,17.588],[95.849,17.569],[95.816,17.544],[95.793,17.533],[95.774,17.513],[95.747,17.462],[95.694,17.541],[95.673,17.567],[95.649,17.582],[95.582,17.606],[95.565,17.614],[95.551,17.621],[95.533,17.625],[95.516,17.634],[95.502,17.645],[95.493,17.655],[95.473,17.686],[95.458,17.726],[95.45,17.77],[95.45,17.79],[95.463,17.802],[95.481,17.822],[95.485,17.837],[95.485,17.877],[95.489,17.903],[95.491,17.907],[95.49,17.914],[95.487,17.921],[95.469,17.938],[95.445,17.957],[95.455,17.996],[95.45,18.033],[95.412,18.136],[95.407,18.145],[95.403,18.154],[95.404,18.177],[95.4,18.186],[95.395,18.195],[95.388,18.22],[95.383,18.231],[95.377,18.236],[95.361,18.247],[95.355,18.251],[95.312,18.3],[95.287,18.32],[95.283,18.329],[95.272,18.338],[95.26,18.354],[95.197,18.432],[95.179,18.448],[95.163,18.464],[95.153,18.471],[95.084,18.522],[95.068,18.544],[95.063,18.562],[95.066,18.58],[95.074,18.601],[95.076,18.645],[95.08,18.667],[95.095,18.679],[95.099,18.693],[95.102,18.698],[95.106,18.698],[95.117,18.697],[95.122,18.698],[95.153,18.711],[95.163,18.717],[95.186,18.738],[95.205,18.768],[95.213,18.805],[95.204,18.848],[95.193,18.866],[95.184,18.875],[95.184,18.888],[95.185,18.893],[95.188,18.901],[95.213,18.923],[95.265,18.953],[95.279,18.965],[95.285,18.978],[95.288,18.986],[95.29,18.994],[95.29,19.034],[95.307,19.055],[95.38,19.069],[95.433,19.13],[95.464,19.145],[95.524,19.163],[95.545,19.165],[95.605,19.164],[95.737,19.182],[95.767,19.182],[95.781,19.18],[95.789,19.178],[95.815,19.163],[95.822,19.166],[95.824,19.168],[95.826,19.171],[95.827,19.174],[95.828,19.178],[95.828,19.202],[95.828,19.209],[95.829,19.214],[95.831,19.217],[95.835,19.222],[95.848,19.232],[95.851,19.235],[95.852,19.24],[95.857,19.277],[95.857,19.304],[95.855,19.321],[95.853,19.33],[95.847,19.341],[95.823,19.372],[95.821,19.378],[95.819,19.387],[95.818,19.403],[95.81,19.433],[95.8,19.452],[95.8,19.464],[95.828,19.458],[95.838,19.453],[95.841,19.451],[95.847,19.448],[95.853,19.445],[95.86,19.444],[95.884,19.446],[95.893,19.451],[95.897,19.455],[95.898,19.463],[95.9,19.466],[95.901,19.469],[95.904,19.471],[95.907,19.473],[95.914,19.476],[95.934,19.479],[95.94,19.48],[95.946,19.481],[95.952,19.481],[95.963,19.478],[95.974,19.474],[95.977,19.473],[95.991,19.467],[95.994,19.466],[96.003,19.459],[96.012,19.455],[96.023,19.452],[96.065,19.447],[96.07,19.444],[96.072,19.442],[96.074,19.439],[96.079,19.435],[96.085,19.431],[96.091,19.427],[96.094,19.426],[96.098,19.421],[96.101,19.419],[96.112,19.416],[96.117,19.416],[96.123,19.418],[96.132,19.424],[96.142,19.434],[96.146,19.436],[96.162,19.443],[96.165,19.447],[96.167,19.451],[96.17,19.463],[96.172,19.469],[96.174,19.472],[96.176,19.48],[96.177,19.483],[96.18,19.485],[96.184,19.485],[96.19,19.482],[96.199,19.48],[96.256,19.479],[96.273,19.475],[96.279,19.473],[96.284,19.472],[96.291,19.472],[96.307,19.475],[96.333,19.476],[96.399,19.47],[96.414,19.45],[96.419,19.446],[96.424,19.438],[96.425,19.431],[96.423,19.421],[96.421,19.415],[96.421,19.407],[96.423,19.4],[96.431,19.387],[96.437,19.379],[96.444,19.373],[96.455,19.366],[96.46,19.362],[96.464,19.354],[96.466,19.344],[96.465,19.327],[96.461,19.309],[96.463,19.303],[96.469,19.297],[96.475,19.289],[96.48,19.28],[96.486,19.264],[96.491,19.255],[96.497,19.249],[96.5,19.246],[96.503,19.239],[96.508,19.228],[96.513,19.205],[96.518,19.196],[96.524,19.191],[96.53,19.188],[96.536,19.185],[96.538,19.18],[96.538,19.173],[96.519,19.154],[96.506,19.146],[96.502,19.142],[96.501,19.14],[96.506,19.125],[96.514,19.122],[96.517,19.116],[96.519,19.107],[96.52,19.1],[96.524,19.09],[96.53,19.08],[96.551,19.052],[96.59,19.017],[96.621,18.994],[96.652,18.969],[96.656,18.963],[96.66,18.958],[96.666,18.944],[96.669,18.939],[96.679,18.931],[96.683,18.926],[96.684,18.922],[96.679,18.91],[96.64,18.885],[96.627,18.876],[96.619,18.867],[96.615,18.857],[96.617,18.843],[96.627,18.826],[96.641,18.808],[96.643,18.794],[96.617,18.765],[96.616,18.748],[96.643,18.701],[96.655,18.667],[96.662,18.653],[96.68,18.634],[96.682,18.628],[96.686,18.615],[96.69,18.609],[96.696,18.605],[96.703,18.604],[96.715,18.611],[96.721,18.617],[96.728,18.622],[96.734,18.624],[96.741,18.624],[96.75,18.621],[96.763,18.613],[96.771,18.61],[96.781,18.607],[96.797,18.605],[96.813,18.599],[96.821,18.6],[96.832,18.604],[96.882,18.631],[96.93,18.645],[96.939,18.645],[96.945,18.643],[96.95,18.639],[96.953,18.632],[96.955,18.624],[96.957,18.619],[96.969,18.61],[96.974,18.605],[96.978,18.598],[96.982,18.588],[96.983,18.578],[96.983,18.57],[96.983,18.563],[96.989,18.539],[96.99,18.519],[96.982,18.486],[96.981,18.479],[96.981,18.474],[96.981,18.464],[96.979,18.458],[96.977,18.452],[96.97,18.439],[96.971,18.429],[96.977,18.416],[96.991,18.392],[96.999,18.381],[97.007,18.373],[97.018,18.367],[97.035,18.36],[97.041,18.357],[97.046,18.353],[97.06,18.339],[97.064,18.333],[97.065,18.325],[97.063,18.31],[97.064,18.304],[97.067,18.298],[97.072,18.293],[97.082,18.288],[97.088,18.289],[97.093,18.293],[97.096,18.303],[97.099,18.308],[97.103,18.313],[97.109,18.316],[97.115,18.318],[97.122,18.314],[97.129,18.304],[97.138,18.279],[97.141,18.261],[97.142,18.234],[97.14,18.222],[97.14,18.206],[97.156,18.189],[97.194,18.162],[97.199,18.158],[97.204,18.153],[97.206,18.145],[97.206,18.136],[97.202,18.123],[97.193,18.108],[97.191,18.102],[97.19,18.097],[97.188,18.073],[97.186,18.065],[97.174,18.039],[97.17,18.034],[97.166,18.03],[97.162,18.024],[97.158,18.013],[97.155,18.008],[97.151,18.003],[97.143,17.995],[97.139,17.991],[97.135,17.985],[97.13,17.973],[97.13,17.966],[97.132,17.956],[97.176,17.869],[97.178,17.862],[97.179,17.854],[97.179,17.845],[97.183,17.837],[97.189,17.834],[97.195,17.831],[97.2,17.827],[97.203,17.819],[97.204,17.807],[97.201,17.785],[97.196,17.766],[97.193,17.76],[97.181,17.744],[97.178,17.738],[97.179,17.724],[97.185,17.702],[97.218,17.621],[97.216,17.582],[97.215,17.577],[97.213,17.572],[97.213,17.559],[97.234,17.546],[97.23,17.534],[97.217,17.523],[97.2,17.511],[97.143,17.486],[97.123,17.482],[97.12,17.483],[97.116,17.485],[97.112,17.498],[97.112,17.5],[97.111,17.504],[97.11,17.507],[97.11,17.518],[97.106,17.529],[97.1,17.537],[97.086,17.549],[97.078,17.553],[97.072,17.556],[97.062,17.557],[97.044,17.564],[97.038,17.567],[97.035,17.57],[97.013,17.599],[97.007,17.604],[97.002,17.607],[97,17.607],[96.988,17.608],[96.974,17.614],[96.966,17.616],[96.96,17.616],[96.957,17.615],[96.954,17.612],[96.952,17.61],[96.948,17.609],[96.944,17.609],[96.931,17.609],[96.92,17.612],[96.916,17.612],[96.909,17.61],[96.9,17.606],[96.891,17.603],[96.884,17.569],[96.883,17.457]]]}},{"type":"Feature","id":"MM-03","properties":{"id":"MM-03","countryCode":"MM","isoSubdivision":"MM-03","name":"Magway","name_en":"Magway","name_ko":"마궤 구","type":"Division","labelLongitude":94.881,"labelLatitude":19.647,"minZoom":7},"geometry":{"type":"Polygon","coordinates":[[[94.837,18.358],[94.821,18.373],[94.809,18.389],[94.764,18.466],[94.763,18.474],[94.763,18.485],[94.768,18.508],[94.773,18.521],[94.776,18.536],[94.773,18.554],[94.747,18.605],[94.744,18.624],[94.755,18.644],[94.786,18.672],[94.791,18.685],[94.792,18.697],[94.772,18.727],[94.729,18.766],[94.724,18.771],[94.721,18.777],[94.72,18.784],[94.723,18.791],[94.736,18.797],[94.768,18.801],[94.785,18.806],[94.797,18.813],[94.804,18.823],[94.805,18.837],[94.796,18.858],[94.789,18.87],[94.746,18.924],[94.734,18.924],[94.718,18.944],[94.682,19.025],[94.634,19.076],[94.602,19.093],[94.584,19.095],[94.571,19.099],[94.56,19.115],[94.549,19.14],[94.534,19.198],[94.535,19.221],[94.543,19.233],[94.553,19.234],[94.56,19.236],[94.561,19.246],[94.556,19.264],[94.532,19.306],[94.439,19.432],[94.43,19.451],[94.409,19.559],[94.37,19.731],[94.328,19.818],[94.325,19.832],[94.324,19.848],[94.33,19.874],[94.34,19.906],[94.343,19.919],[94.341,19.933],[94.334,19.95],[94.317,19.971],[94.287,20],[94.284,20.002],[94.265,20.017],[94.258,20.033],[94.253,20.049],[94.256,20.111],[94.208,20.167],[94.194,20.192],[94.17,20.259],[94.156,20.287],[94.027,20.492],[94.023,20.501],[94.012,20.518],[94,20.532],[93.984,20.545],[93.968,20.551],[93.927,20.559],[93.914,20.564],[93.904,20.581],[93.905,20.702],[93.978,20.656],[93.995,20.653],[94.023,20.652],[94.108,20.672],[94.13,20.682],[94.138,20.693],[94.138,20.701],[94.135,20.706],[94.132,20.712],[94.104,20.747],[94.096,20.76],[94.09,20.776],[94.082,20.819],[94.074,20.842],[94.042,20.907],[94.039,20.917],[94.046,20.957],[94.11,21.066],[94.117,21.087],[94.119,21.111],[94.116,21.177],[94.113,21.196],[94.106,21.209],[94.093,21.22],[94.052,21.243],[94.028,21.266],[94.058,21.32],[94.076,21.437],[94.125,21.539],[94.13,21.555],[94.13,21.573],[94.125,21.586],[94.107,21.615],[94.061,21.688],[94.022,21.756],[94.007,21.79],[94.004,21.828],[94.007,21.891],[94.017,21.922],[94.024,21.93],[94.033,21.937],[94.05,21.945],[94.054,21.952],[94.053,21.959],[94.052,21.963],[94.044,21.981],[94.021,22.049],[94.026,22.07],[94.046,22.116],[94.05,22.14],[94.05,22.16],[94.022,22.294],[94.021,22.313],[94.025,22.326],[94.047,22.36],[94.051,22.374],[94.047,22.383],[94.039,22.386],[94.026,22.388],[94.024,22.395],[94.034,22.419],[94.035,22.433],[94.023,22.536],[94.027,22.573],[94.026,22.59],[94.015,22.624],[94.007,22.678],[94.035,22.682],[94.049,22.682],[94.064,22.684],[94.078,22.69],[94.084,22.694],[94.089,22.699],[94.098,22.712],[94.103,22.712],[94.113,22.708],[94.12,22.694],[94.123,22.685],[94.122,22.678],[94.12,22.674],[94.121,22.67],[94.132,22.662],[94.133,22.66],[94.134,22.657],[94.136,22.648],[94.138,22.644],[94.148,22.628],[94.157,22.618],[94.174,22.604],[94.217,22.556],[94.263,22.477],[94.29,22.422],[94.294,22.408],[94.296,22.389],[94.291,22.375],[94.253,22.3],[94.246,22.285],[94.244,22.276],[94.243,22.261],[94.256,22.145],[94.263,22.127],[94.27,22.116],[94.279,22.106],[94.288,22.103],[94.3,22.103],[94.33,22.112],[94.349,22.111],[94.366,22.08],[94.373,22.074],[94.386,22.067],[94.398,22.063],[94.406,22.056],[94.412,22.039],[94.415,22.019],[94.416,21.99],[94.396,21.824],[94.4,21.812],[94.409,21.804],[94.428,21.79],[94.453,21.777],[94.473,21.77],[94.49,21.767],[94.5,21.77],[94.506,21.773],[94.529,21.793],[94.549,21.803],[94.602,21.82],[94.62,21.821],[94.649,21.817],[94.668,21.811],[94.684,21.809],[94.699,21.809],[94.739,21.817],[94.78,21.82],[94.799,21.826],[94.844,21.829],[94.921,21.813],[95.052,21.81],[95.079,21.827],[95.111,21.834],[95.128,21.83],[95.152,21.823],[95.16,21.81],[95.189,21.78],[95.207,21.746],[95.218,21.733],[95.234,21.721],[95.242,21.712],[95.245,21.699],[95.246,21.675],[95.248,21.661],[95.262,21.652],[95.283,21.632],[95.301,21.621],[95.342,21.609],[95.337,21.596],[95.327,21.546],[95.324,21.537],[95.33,21.464],[95.321,21.466],[95.313,21.452],[95.305,21.45],[95.297,21.453],[95.287,21.452],[95.28,21.448],[95.276,21.445],[95.272,21.442],[95.269,21.438],[95.256,21.421],[95.191,21.37],[95.159,21.33],[95.142,21.314],[95.119,21.308],[95.077,21.301],[95.069,21.303],[95.056,21.312],[95.048,21.315],[95.022,21.311],[95.002,21.297],[94.99,21.275],[94.986,21.25],[94.975,21.244],[94.91,21.226],[94.863,21.226],[94.86,21.227],[94.856,21.228],[94.848,21.226],[94.843,21.222],[94.834,21.214],[94.819,21.204],[94.81,21.186],[94.803,21.163],[94.8,21.144],[94.801,21.1],[94.817,21.016],[94.82,20.972],[94.815,20.953],[94.839,20.946],[94.837,20.934],[94.865,20.912],[94.903,20.89],[94.928,20.881],[94.949,20.878],[95,20.881],[95.001,20.881],[95.05,20.86],[95.075,20.838],[95.082,20.83],[95.084,20.824],[95.084,20.818],[95.084,20.809],[95.08,20.792],[95.076,20.783],[95.073,20.777],[95.063,20.759],[95.06,20.749],[95.06,20.736],[95.073,20.675],[95.072,20.664],[95.069,20.648],[95.064,20.633],[95.063,20.61],[95.069,20.589],[95.094,20.544],[95.102,20.535],[95.109,20.532],[95.117,20.534],[95.122,20.537],[95.129,20.552],[95.139,20.595],[95.15,20.605],[95.186,20.635],[95.2,20.643],[95.228,20.65],[95.24,20.65],[95.267,20.648],[95.282,20.652],[95.291,20.657],[95.332,20.689],[95.355,20.699],[95.402,20.711],[95.44,20.725],[95.453,20.734],[95.474,20.755],[95.484,20.761],[95.499,20.764],[95.508,20.764],[95.546,20.764],[95.588,20.757],[95.604,20.751],[95.607,20.749],[95.611,20.745],[95.62,20.732],[95.624,20.723],[95.628,20.686],[95.633,20.643],[95.718,20.497],[95.729,20.468],[95.736,20.426],[95.741,20.411],[95.747,20.399],[95.757,20.376],[95.757,20.37],[95.754,20.363],[95.746,20.35],[95.741,20.344],[95.737,20.339],[95.736,20.336],[95.74,20.321],[95.752,20.279],[95.758,20.267],[95.761,20.265],[95.765,20.26],[95.771,20.251],[95.771,20.249],[95.777,20.227],[95.779,20.221],[95.781,20.217],[95.784,20.214],[95.788,20.204],[95.791,20.198],[95.793,20.196],[95.796,20.191],[95.801,20.161],[95.802,20.156],[95.805,20.153],[95.809,20.148],[95.815,20.145],[95.828,20.138],[95.83,20.135],[95.831,20.131],[95.829,20.12],[95.824,20.113],[95.808,20.092],[95.804,20.081],[95.805,20.07],[95.802,20.065],[95.8,20.061],[95.781,20.047],[95.787,20.021],[95.787,20.016],[95.785,20.007],[95.781,20],[95.779,19.997],[95.765,19.978],[95.765,19.975],[95.766,19.971],[95.772,19.966],[95.78,19.961],[95.784,19.958],[95.79,19.938],[95.791,19.903],[95.798,19.896],[95.803,19.891],[95.806,19.885],[95.808,19.882],[95.809,19.878],[95.809,19.855],[95.81,19.851],[95.811,19.848],[95.815,19.841],[95.816,19.838],[95.816,19.833],[95.813,19.828],[95.806,19.821],[95.801,19.819],[95.793,19.818],[95.791,19.815],[95.789,19.808],[95.786,19.794],[95.783,19.785],[95.767,19.759],[95.766,19.753],[95.768,19.745],[95.77,19.741],[95.772,19.737],[95.774,19.735],[95.776,19.732],[95.777,19.728],[95.777,19.721],[95.775,19.712],[95.768,19.693],[95.762,19.685],[95.753,19.677],[95.748,19.672],[95.736,19.648],[95.725,19.609],[95.732,19.537],[95.739,19.507],[95.744,19.498],[95.752,19.489],[95.777,19.471],[95.8,19.464],[95.8,19.452],[95.81,19.433],[95.818,19.403],[95.819,19.387],[95.821,19.378],[95.823,19.372],[95.847,19.341],[95.853,19.33],[95.855,19.321],[95.857,19.304],[95.857,19.277],[95.852,19.24],[95.851,19.235],[95.848,19.232],[95.835,19.222],[95.831,19.217],[95.829,19.214],[95.828,19.209],[95.828,19.202],[95.828,19.178],[95.827,19.174],[95.826,19.171],[95.824,19.168],[95.822,19.166],[95.815,19.163],[95.789,19.178],[95.781,19.18],[95.767,19.182],[95.737,19.182],[95.605,19.164],[95.545,19.165],[95.524,19.163],[95.464,19.145],[95.433,19.13],[95.38,19.069],[95.307,19.055],[95.29,19.034],[95.29,18.994],[95.288,18.986],[95.285,18.978],[95.279,18.965],[95.265,18.953],[95.213,18.923],[95.188,18.901],[95.185,18.893],[95.184,18.888],[95.184,18.875],[95.193,18.866],[95.204,18.848],[95.213,18.805],[95.205,18.768],[95.186,18.738],[95.163,18.717],[95.153,18.711],[95.122,18.698],[95.117,18.697],[95.106,18.698],[95.102,18.698],[95.099,18.693],[95.095,18.679],[95.08,18.667],[95.076,18.645],[95.074,18.601],[95.066,18.58],[95.063,18.562],[95.068,18.544],[95.084,18.522],[95.153,18.471],[95.147,18.471],[95.129,18.469],[95.109,18.458],[95.101,18.443],[95.101,18.42],[95.093,18.395],[95.084,18.377],[95.065,18.36],[95.038,18.36],[95.012,18.372],[94.99,18.393],[94.965,18.412],[94.936,18.418],[94.911,18.412],[94.884,18.395],[94.853,18.37],[94.837,18.358]]]}},{"type":"Feature","id":"MM-04","properties":{"id":"MM-04","countryCode":"MM","isoSubdivision":"MM-04","name":"Mandalay","name_en":"Mandalay","name_ko":"만달레이 구","type":"Division","labelLongitude":96.061,"labelLatitude":20.628,"minZoom":7},"geometry":{"type":"Polygon","coordinates":[[[96.105,23.632],[96.113,23.63],[96.125,23.623],[96.134,23.603],[96.135,23.589],[96.132,23.577],[96.126,23.562],[96.124,23.55],[96.124,23.537],[96.129,23.528],[96.139,23.52],[96.172,23.506],[96.193,23.5],[96.218,23.505],[96.263,23.528],[96.279,23.531],[96.29,23.532],[96.321,23.507],[96.32,23.491],[96.319,23.486],[96.316,23.481],[96.303,23.472],[96.3,23.468],[96.298,23.464],[96.3,23.448],[96.301,23.446],[96.306,23.437],[96.307,23.433],[96.307,23.43],[96.304,23.426],[96.298,23.424],[96.288,23.423],[96.285,23.422],[96.263,23.401],[96.254,23.395],[96.252,23.393],[96.249,23.391],[96.239,23.377],[96.236,23.372],[96.235,23.367],[96.237,23.361],[96.238,23.357],[96.24,23.353],[96.239,23.349],[96.233,23.344],[96.229,23.341],[96.225,23.34],[96.221,23.341],[96.219,23.343],[96.216,23.345],[96.211,23.349],[96.208,23.351],[96.204,23.352],[96.2,23.352],[96.196,23.352],[96.193,23.35],[96.19,23.348],[96.189,23.343],[96.19,23.337],[96.194,23.324],[96.198,23.318],[96.202,23.314],[96.204,23.312],[96.205,23.308],[96.204,23.301],[96.199,23.289],[96.195,23.275],[96.196,23.255],[96.194,23.233],[96.194,23.229],[96.193,23.223],[96.193,23.216],[96.193,23.212],[96.191,23.209],[96.187,23.204],[96.181,23.197],[96.179,23.194],[96.177,23.19],[96.176,23.183],[96.175,23.18],[96.172,23.177],[96.163,23.172],[96.161,23.169],[96.159,23.166],[96.158,23.163],[96.158,23.158],[96.16,23.144],[96.163,23.137],[96.169,23.129],[96.191,23.108],[96.199,23.1],[96.206,23.084],[96.209,23.076],[96.209,23.07],[96.207,23.067],[96.205,23.064],[96.204,23.061],[96.212,23.05],[96.261,23.023],[96.347,23.018],[96.424,23.031],[96.438,23.032],[96.442,23.032],[96.456,23.037],[96.461,23.038],[96.478,23.037],[96.483,23.038],[96.486,23.04],[96.489,23.042],[96.496,23.052],[96.498,23.054],[96.509,23.059],[96.513,23.06],[96.519,23.059],[96.527,23.055],[96.541,23.044],[96.548,23.038],[96.552,23.034],[96.555,23.031],[96.559,23.03],[96.568,23.03],[96.572,23.032],[96.576,23.034],[96.582,23.037],[96.585,23.038],[96.588,23.037],[96.589,23.033],[96.589,23.029],[96.587,23.026],[96.586,23.022],[96.586,23.019],[96.586,23.011],[96.586,23.008],[96.585,23.005],[96.583,23.002],[96.583,23.001],[96.583,23],[96.583,22.999],[96.586,22.996],[96.614,22.979],[96.622,22.976],[96.631,22.974],[96.662,22.973],[96.678,22.971],[96.708,22.957],[96.714,22.952],[96.715,22.949],[96.716,22.945],[96.717,22.938],[96.717,22.934],[96.716,22.93],[96.713,22.926],[96.703,22.918],[96.7,22.915],[96.694,22.906],[96.681,22.891],[96.68,22.888],[96.672,22.876],[96.67,22.874],[96.666,22.868],[96.663,22.862],[96.663,22.858],[96.661,22.842],[96.658,22.837],[96.64,22.822],[96.635,22.82],[96.628,22.82],[96.622,22.819],[96.611,22.812],[96.606,22.81],[96.601,22.81],[96.577,22.817],[96.55,22.819],[96.544,22.819],[96.536,22.816],[96.515,22.803],[96.488,22.79],[96.484,22.787],[96.471,22.783],[96.43,22.78],[96.422,22.785],[96.414,22.792],[96.412,22.794],[96.408,22.795],[96.403,22.794],[96.395,22.79],[96.385,22.786],[96.377,22.785],[96.362,22.778],[96.359,22.775],[96.351,22.774],[96.34,22.773],[96.303,22.776],[96.289,22.778],[96.278,22.783],[96.272,22.782],[96.267,22.78],[96.242,22.763],[96.204,22.74],[96.216,22.718],[96.217,22.712],[96.218,22.696],[96.219,22.692],[96.225,22.691],[96.228,22.691],[96.235,22.694],[96.237,22.694],[96.239,22.69],[96.237,22.654],[96.237,22.65],[96.239,22.644],[96.25,22.625],[96.257,22.614],[96.29,22.577],[96.294,22.57],[96.296,22.565],[96.296,22.557],[96.294,22.535],[96.295,22.528],[96.301,22.519],[96.306,22.516],[96.31,22.514],[96.314,22.514],[96.318,22.513],[96.321,22.511],[96.323,22.509],[96.325,22.506],[96.333,22.488],[96.334,22.482],[96.333,22.476],[96.328,22.463],[96.326,22.453],[96.324,22.425],[96.317,22.398],[96.322,22.377],[96.324,22.374],[96.329,22.371],[96.338,22.369],[96.377,22.365],[96.39,22.366],[96.398,22.366],[96.403,22.365],[96.407,22.362],[96.412,22.356],[96.421,22.343],[96.427,22.337],[96.431,22.329],[96.433,22.324],[96.437,22.284],[96.453,22.272],[96.463,22.259],[96.479,22.224],[96.48,22.22],[96.481,22.211],[96.481,22.192],[96.481,22.188],[96.478,22.176],[96.477,22.172],[96.477,22.168],[96.478,22.164],[96.484,22.16],[96.494,22.155],[96.546,22.14],[96.572,22.123],[96.587,22.121],[96.626,22.11],[96.659,22.094],[96.677,22.089],[96.681,22.088],[96.708,22.088],[96.72,22.086],[96.724,22.084],[96.736,22.077],[96.746,22.065],[96.753,22.019],[96.762,21.991],[96.765,21.987],[96.768,21.982],[96.794,21.955],[96.797,21.95],[96.812,21.922],[96.815,21.912],[96.816,21.909],[96.845,21.876],[96.847,21.873],[96.851,21.863],[96.852,21.858],[96.852,21.851],[96.85,21.837],[96.85,21.83],[96.852,21.826],[96.855,21.824],[96.866,21.82],[96.869,21.818],[96.871,21.816],[96.873,21.814],[96.877,21.808],[96.877,21.804],[96.878,21.799],[96.877,21.792],[96.877,21.787],[96.878,21.783],[96.88,21.78],[96.885,21.775],[96.886,21.772],[96.887,21.768],[96.889,21.76],[96.889,21.744],[96.888,21.741],[96.887,21.737],[96.885,21.734],[96.879,21.733],[96.872,21.732],[96.848,21.737],[96.842,21.739],[96.839,21.741],[96.834,21.745],[96.827,21.751],[96.818,21.758],[96.815,21.76],[96.811,21.76],[96.805,21.755],[96.801,21.747],[96.788,21.731],[96.739,21.712],[96.727,21.713],[96.725,21.716],[96.723,21.718],[96.72,21.72],[96.716,21.721],[96.711,21.72],[96.705,21.717],[96.696,21.709],[96.683,21.699],[96.673,21.69],[96.668,21.681],[96.645,21.656],[96.638,21.65],[96.635,21.647],[96.633,21.644],[96.631,21.638],[96.628,21.634],[96.625,21.629],[96.591,21.605],[96.588,21.602],[96.587,21.6],[96.583,21.597],[96.576,21.594],[96.561,21.59],[96.554,21.59],[96.548,21.591],[96.545,21.592],[96.535,21.589],[96.461,21.554],[96.444,21.552],[96.438,21.553],[96.429,21.553],[96.377,21.543],[96.345,21.541],[96.34,21.538],[96.336,21.532],[96.33,21.518],[96.329,21.51],[96.33,21.505],[96.338,21.494],[96.331,21.484],[96.288,21.46],[96.291,21.431],[96.303,21.371],[96.303,21.361],[96.305,21.357],[96.307,21.353],[96.309,21.351],[96.311,21.348],[96.312,21.344],[96.313,21.331],[96.317,21.318],[96.332,21.25],[96.333,21.246],[96.337,21.241],[96.342,21.236],[96.349,21.229],[96.356,21.217],[96.36,21.203],[96.366,21.195],[96.367,21.191],[96.369,21.184],[96.37,21.181],[96.372,21.178],[96.374,21.175],[96.374,21.171],[96.371,21.166],[96.368,21.164],[96.363,21.162],[96.358,21.161],[96.343,21.164],[96.336,21.163],[96.329,21.163],[96.317,21.16],[96.302,21.164],[96.298,21.166],[96.294,21.167],[96.289,21.167],[96.266,21.163],[96.24,21.15],[96.226,21.138],[96.224,21.134],[96.223,21.128],[96.23,21.102],[96.23,21.097],[96.228,21.091],[96.223,21.083],[96.22,21.079],[96.216,21.075],[96.213,21.073],[96.21,21.06],[96.215,21.008],[96.249,20.98],[96.258,20.974],[96.277,20.968],[96.295,20.965],[96.324,20.955],[96.366,20.936],[96.376,20.933],[96.393,20.926],[96.4,20.925],[96.405,20.924],[96.409,20.925],[96.419,20.93],[96.423,20.931],[96.43,20.928],[96.467,20.903],[96.476,20.898],[96.481,20.898],[96.485,20.899],[96.488,20.901],[96.497,20.909],[96.503,20.914],[96.506,20.916],[96.511,20.913],[96.518,20.907],[96.53,20.891],[96.538,20.885],[96.543,20.883],[96.547,20.884],[96.551,20.885],[96.555,20.885],[96.558,20.884],[96.562,20.883],[96.565,20.881],[96.567,20.879],[96.581,20.864],[96.585,20.857],[96.588,20.85],[96.589,20.845],[96.588,20.84],[96.587,20.835],[96.582,20.829],[96.575,20.823],[96.572,20.814],[96.573,20.789],[96.569,20.769],[96.538,20.767],[96.521,20.769],[96.511,20.768],[96.506,20.767],[96.501,20.765],[96.495,20.761],[96.49,20.751],[96.49,20.75],[96.484,20.744],[96.457,20.724],[96.462,20.702],[96.457,20.689],[96.454,20.685],[96.454,20.681],[96.456,20.674],[96.46,20.667],[96.464,20.663],[96.474,20.657],[96.476,20.655],[96.478,20.653],[96.481,20.65],[96.495,20.627],[96.5,20.615],[96.502,20.61],[96.504,20.608],[96.506,20.606],[96.51,20.605],[96.513,20.605],[96.517,20.604],[96.52,20.6],[96.524,20.594],[96.527,20.591],[96.531,20.591],[96.54,20.595],[96.543,20.595],[96.545,20.593],[96.547,20.589],[96.548,20.585],[96.548,20.579],[96.546,20.553],[96.546,20.545],[96.549,20.529],[96.549,20.525],[96.548,20.521],[96.546,20.517],[96.538,20.512],[96.532,20.51],[96.496,20.509],[96.493,20.501],[96.499,20.485],[96.499,20.481],[96.499,20.476],[96.496,20.471],[96.493,20.467],[96.488,20.463],[96.485,20.46],[96.484,20.457],[96.482,20.454],[96.48,20.438],[96.476,20.423],[96.477,20.413],[96.487,20.366],[96.495,20.344],[96.498,20.338],[96.5,20.334],[96.501,20.331],[96.536,20.25],[96.543,20.238],[96.546,20.232],[96.547,20.228],[96.548,20.224],[96.547,20.216],[96.539,20.205],[96.512,20.184],[96.503,20.179],[96.499,20.176],[96.497,20.173],[96.489,20.161],[96.486,20.157],[96.478,20.151],[96.46,20.14],[96.458,20.138],[96.455,20.136],[96.454,20.132],[96.453,20.128],[96.454,20.122],[96.457,20.113],[96.458,20.105],[96.459,20.094],[96.46,20.091],[96.462,20.088],[96.469,20.085],[96.472,20.084],[96.475,20.081],[96.477,20.079],[96.478,20.075],[96.479,20.072],[96.478,20.067],[96.474,20.062],[96.466,20.054],[96.461,20.048],[96.457,20.038],[96.453,20.033],[96.448,20.028],[96.439,20.021],[96.433,20.02],[96.429,20.02],[96.423,20.024],[96.417,20.027],[96.413,20.028],[96.409,20.026],[96.405,20.024],[96.399,20.019],[96.395,20.019],[96.391,20.02],[96.388,20.022],[96.384,20.023],[96.381,20.022],[96.377,20.021],[96.375,20.017],[96.376,20.007],[96.378,20.001],[96.398,19.965],[96.45,19.9],[96.456,19.883],[96.454,19.88],[96.452,19.872],[96.451,19.868],[96.451,19.864],[96.452,19.861],[96.455,19.857],[96.46,19.853],[96.472,19.848],[96.479,19.847],[96.484,19.848],[96.503,19.854],[96.51,19.855],[96.515,19.855],[96.527,19.853],[96.537,19.849],[96.541,19.845],[96.547,19.837],[96.56,19.81],[96.566,19.8],[96.606,19.754],[96.62,19.733],[96.633,19.725],[96.64,19.721],[96.646,19.718],[96.65,19.713],[96.655,19.708],[96.658,19.703],[96.661,19.695],[96.661,19.688],[96.656,19.678],[96.649,19.672],[96.636,19.666],[96.631,19.661],[96.627,19.654],[96.623,19.645],[96.618,19.639],[96.613,19.636],[96.601,19.631],[96.595,19.628],[96.589,19.626],[96.583,19.626],[96.577,19.626],[96.571,19.624],[96.565,19.62],[96.56,19.617],[96.557,19.612],[96.556,19.606],[96.558,19.599],[96.563,19.592],[96.58,19.582],[96.587,19.58],[96.597,19.577],[96.608,19.573],[96.613,19.572],[96.619,19.572],[96.63,19.571],[96.635,19.57],[96.642,19.571],[96.649,19.572],[96.656,19.568],[96.663,19.561],[96.676,19.534],[96.679,19.524],[96.68,19.518],[96.673,19.496],[96.667,19.488],[96.664,19.482],[96.662,19.479],[96.651,19.471],[96.642,19.461],[96.64,19.458],[96.637,19.452],[96.634,19.45],[96.631,19.449],[96.618,19.443],[96.607,19.439],[96.604,19.438],[96.596,19.432],[96.592,19.431],[96.588,19.433],[96.583,19.44],[96.583,19.445],[96.584,19.449],[96.585,19.451],[96.586,19.454],[96.586,19.457],[96.584,19.46],[96.567,19.465],[96.544,19.469],[96.525,19.477],[96.505,19.48],[96.399,19.47],[96.333,19.476],[96.307,19.475],[96.291,19.472],[96.284,19.472],[96.279,19.473],[96.273,19.475],[96.256,19.479],[96.199,19.48],[96.19,19.482],[96.184,19.485],[96.18,19.485],[96.177,19.483],[96.176,19.48],[96.174,19.472],[96.172,19.469],[96.17,19.463],[96.167,19.451],[96.165,19.447],[96.162,19.443],[96.146,19.436],[96.142,19.434],[96.132,19.424],[96.123,19.418],[96.117,19.416],[96.112,19.416],[96.101,19.419],[96.098,19.421],[96.094,19.426],[96.091,19.427],[96.085,19.431],[96.079,19.435],[96.074,19.439],[96.072,19.442],[96.07,19.444],[96.065,19.447],[96.023,19.452],[96.012,19.455],[96.003,19.459],[95.994,19.466],[95.991,19.467],[95.977,19.473],[95.974,19.474],[95.963,19.478],[95.952,19.481],[95.946,19.481],[95.94,19.48],[95.934,19.479],[95.914,19.476],[95.907,19.473],[95.904,19.471],[95.901,19.469],[95.9,19.466],[95.898,19.463],[95.897,19.455],[95.893,19.451],[95.884,19.446],[95.86,19.444],[95.853,19.445],[95.847,19.448],[95.841,19.451],[95.838,19.453],[95.828,19.458],[95.8,19.464],[95.777,19.471],[95.752,19.489],[95.744,19.498],[95.739,19.507],[95.732,19.537],[95.725,19.609],[95.736,19.648],[95.748,19.672],[95.753,19.677],[95.762,19.685],[95.768,19.693],[95.775,19.712],[95.777,19.721],[95.777,19.728],[95.776,19.732],[95.774,19.735],[95.772,19.737],[95.77,19.741],[95.768,19.745],[95.766,19.753],[95.767,19.759],[95.783,19.785],[95.786,19.794],[95.789,19.808],[95.791,19.815],[95.793,19.818],[95.801,19.819],[95.806,19.821],[95.813,19.828],[95.816,19.833],[95.816,19.838],[95.815,19.841],[95.811,19.848],[95.81,19.851],[95.809,19.855],[95.809,19.878],[95.808,19.882],[95.806,19.885],[95.803,19.891],[95.798,19.896],[95.791,19.903],[95.79,19.938],[95.784,19.958],[95.78,19.961],[95.772,19.966],[95.766,19.971],[95.765,19.975],[95.765,19.978],[95.779,19.997],[95.781,20],[95.785,20.007],[95.787,20.016],[95.787,20.021],[95.781,20.047],[95.8,20.061],[95.802,20.065],[95.805,20.07],[95.804,20.081],[95.808,20.092],[95.824,20.113],[95.829,20.12],[95.831,20.131],[95.83,20.135],[95.828,20.138],[95.815,20.145],[95.809,20.148],[95.805,20.153],[95.802,20.156],[95.801,20.161],[95.796,20.191],[95.793,20.196],[95.791,20.198],[95.788,20.204],[95.784,20.214],[95.781,20.217],[95.779,20.221],[95.777,20.227],[95.771,20.249],[95.771,20.251],[95.765,20.26],[95.761,20.265],[95.758,20.267],[95.752,20.279],[95.74,20.321],[95.736,20.336],[95.737,20.339],[95.741,20.344],[95.746,20.35],[95.754,20.363],[95.757,20.37],[95.757,20.376],[95.747,20.399],[95.741,20.411],[95.736,20.426],[95.729,20.468],[95.718,20.497],[95.633,20.643],[95.628,20.686],[95.624,20.723],[95.62,20.732],[95.611,20.745],[95.607,20.749],[95.604,20.751],[95.588,20.757],[95.546,20.764],[95.508,20.764],[95.499,20.764],[95.484,20.761],[95.474,20.755],[95.453,20.734],[95.44,20.725],[95.402,20.711],[95.355,20.699],[95.332,20.689],[95.291,20.657],[95.282,20.652],[95.267,20.648],[95.24,20.65],[95.228,20.65],[95.2,20.643],[95.186,20.635],[95.15,20.605],[95.139,20.595],[95.129,20.552],[95.122,20.537],[95.117,20.534],[95.109,20.532],[95.102,20.535],[95.094,20.544],[95.069,20.589],[95.063,20.61],[95.064,20.633],[95.069,20.648],[95.072,20.664],[95.073,20.675],[95.06,20.736],[95.06,20.749],[95.063,20.759],[95.073,20.777],[95.076,20.783],[95.08,20.792],[95.084,20.809],[95.084,20.818],[95.084,20.824],[95.082,20.83],[95.075,20.838],[95.05,20.86],[95.001,20.881],[95,20.881],[94.949,20.878],[94.928,20.881],[94.903,20.89],[94.865,20.912],[94.837,20.934],[94.839,20.946],[94.815,20.953],[94.82,20.972],[94.817,21.016],[94.801,21.1],[94.8,21.144],[94.803,21.163],[94.81,21.186],[94.819,21.204],[94.834,21.214],[94.843,21.222],[94.848,21.226],[94.856,21.228],[94.86,21.227],[94.863,21.226],[94.91,21.226],[94.975,21.244],[94.986,21.25],[94.99,21.275],[95.002,21.297],[95.022,21.311],[95.048,21.315],[95.056,21.312],[95.069,21.303],[95.077,21.301],[95.119,21.308],[95.142,21.314],[95.159,21.33],[95.191,21.37],[95.256,21.421],[95.269,21.438],[95.272,21.442],[95.276,21.445],[95.28,21.448],[95.287,21.452],[95.297,21.453],[95.305,21.45],[95.313,21.452],[95.321,21.466],[95.33,21.464],[95.324,21.537],[95.327,21.546],[95.337,21.596],[95.342,21.609],[95.349,21.621],[95.355,21.63],[95.355,21.636],[95.368,21.665],[95.38,21.707],[95.396,21.719],[95.523,21.745],[95.545,21.745],[95.562,21.74],[95.595,21.708],[95.657,21.627],[95.743,21.638],[95.766,21.633],[95.772,21.626],[95.82,21.68],[95.836,21.705],[95.869,21.825],[95.884,21.851],[95.894,21.861],[95.914,21.856],[95.937,21.857],[95.955,21.861],[95.973,21.867],[95.993,21.877],[96.021,21.896],[96.041,21.923],[96.051,21.956],[96.048,21.994],[96.025,22.058],[96.008,22.089],[96,22.158],[95.988,22.216],[95.985,22.271],[95.986,22.281],[95.99,22.292],[95.996,22.298],[96.001,22.303],[96.007,22.309],[96.014,22.323],[96.013,22.332],[95.99,22.353],[95.971,22.374],[95.964,22.392],[95.965,22.473],[95.969,22.492],[95.982,22.51],[95.99,22.529],[95.985,22.55],[95.917,22.662],[95.901,22.707],[95.91,22.739],[95.92,22.743],[95.943,22.744],[95.955,22.75],[95.962,22.759],[95.965,22.769],[95.975,23.154],[95.967,23.178],[95.956,23.22],[95.949,23.237],[95.946,23.244],[95.944,23.247],[95.942,23.25],[95.937,23.262],[95.91,23.345],[95.908,23.359],[95.909,23.379],[95.916,23.401],[95.924,23.42],[95.945,23.452],[96.008,23.522],[96.018,23.542],[96.02,23.555],[96.035,23.585],[96.057,23.609],[96.082,23.629],[96.105,23.632]]]}},{"type":"Feature","id":"MM-05","properties":{"id":"MM-05","countryCode":"MM","isoSubdivision":"MM-05","name":"Tanintharyi","name_en":"Tanintharyi","name_ko":"타닌타리 구","type":"Division","labelLongitude":98.775,"labelLatitude":13.612,"minZoom":7},"geometry":{"type":"MultiPolygon","coordinates":[[[[98.191,14.993],[98.191,14.988],[98.195,14.978],[98.215,14.943],[98.222,14.921],[98.22,14.885],[98.222,14.864],[98.225,14.859],[98.236,14.85],[98.239,14.844],[98.239,14.839],[98.235,14.825],[98.243,14.805],[98.297,14.721],[98.418,14.608],[98.431,14.588],[98.44,14.566],[98.445,14.542],[98.453,14.528],[98.465,14.523],[98.478,14.517],[98.548,14.378],[98.593,14.322],[98.601,14.314],[98.614,14.305],[98.622,14.302],[98.637,14.299],[98.644,14.296],[98.651,14.289],[98.664,14.273],[98.67,14.268],[98.686,14.267],[98.697,14.271],[98.707,14.27],[98.731,14.224],[98.754,14.2],[98.872,14.112],[98.894,14.103],[98.918,14.096],[98.935,14.085],[98.945,14.069],[98.948,14.046],[98.953,14.028],[98.985,13.991],[98.997,13.972],[99.007,13.95],[99.016,13.938],[99.048,13.915],[99.052,13.909],[99.057,13.894],[99.061,13.888],[99.066,13.885],[99.08,13.882],[99.085,13.879],[99.09,13.87],[99.092,13.864],[99.092,13.856],[99.089,13.844],[99.09,13.827],[99.101,13.779],[99.109,13.763],[99.141,13.732],[99.147,13.724],[99.153,13.715],[99.153,13.689],[99.15,13.666],[99.152,13.582],[99.188,13.427],[99.189,13.408],[99.184,13.358],[99.187,13.339],[99.187,13.329],[99.183,13.319],[99.177,13.31],[99.173,13.301],[99.173,13.287],[99.186,13.25],[99.19,13.23],[99.187,13.212],[99.186,13.212],[99.173,13.2],[99.133,13.195],[99.114,13.188],[99.102,13.171],[99.102,13.152],[99.105,13.13],[99.103,13.104],[99.094,13.081],[99.088,13.058],[99.093,13.038],[99.115,13.021],[99.132,13.011],[99.151,12.995],[99.165,12.976],[99.167,12.956],[99.163,12.945],[99.158,12.936],[99.154,12.927],[99.153,12.914],[99.155,12.904],[99.168,12.874],[99.172,12.843],[99.175,12.833],[99.183,12.823],[99.203,12.804],[99.211,12.792],[99.214,12.772],[99.213,12.753],[99.214,12.735],[99.224,12.717],[99.233,12.713],[99.256,12.709],[99.267,12.703],[99.271,12.694],[99.273,12.674],[99.277,12.666],[99.286,12.66],[99.31,12.653],[99.317,12.646],[99.324,12.635],[99.333,12.625],[99.344,12.617],[99.394,12.59],[99.403,12.576],[99.405,12.567],[99.407,12.551],[99.407,12.53],[99.404,12.508],[99.4,12.497],[99.39,12.476],[99.387,12.466],[99.391,12.445],[99.414,12.405],[99.421,12.383],[99.423,12.328],[99.427,12.309],[99.432,12.296],[99.448,12.278],[99.454,12.267],[99.457,12.256],[99.455,12.238],[99.456,12.228],[99.459,12.217],[99.47,12.197],[99.474,12.187],[99.472,12.174],[99.464,12.165],[99.454,12.157],[99.449,12.147],[99.452,12.129],[99.466,12.126],[99.523,12.144],[99.533,12.145],[99.542,12.141],[99.546,12.132],[99.544,12.122],[99.539,12.112],[99.538,12.101],[99.522,12.054],[99.518,12.026],[99.534,12.012],[99.553,12.006],[99.567,11.993],[99.574,11.976],[99.573,11.956],[99.557,11.916],[99.554,11.895],[99.561,11.873],[99.574,11.858],[99.592,11.842],[99.611,11.83],[99.628,11.825],[99.63,11.816],[99.615,11.749],[99.607,11.726],[99.543,11.64],[99.531,11.631],[99.489,11.628],[99.466,11.624],[99.45,11.614],[99.441,11.597],[99.439,11.574],[99.441,11.533],[99.437,11.517],[99.428,11.497],[99.416,11.48],[99.387,11.452],[99.378,11.436],[99.372,11.411],[99.371,11.393],[99.364,11.377],[99.326,11.336],[99.316,11.321],[99.301,11.281],[99.288,11.258],[99.256,11.22],[99.243,11.198],[99.213,11.108],[99.206,11.1],[99.185,11.093],[99.175,11.087],[99.168,11.078],[99.158,11.057],[99.152,11.048],[99.141,11.039],[99.133,11.033],[99.093,11.013],[99.077,10.997],[99.073,10.988],[99.064,10.957],[99.055,10.945],[99.045,10.946],[99.035,10.951],[99.023,10.954],[99.011,10.956],[99.006,10.959],[99.002,10.958],[98.992,10.948],[98.987,10.939],[98.983,10.929],[98.98,10.918],[98.98,10.908],[98.982,10.895],[98.99,10.875],[98.99,10.86],[98.986,10.84],[98.982,10.832],[98.974,10.824],[98.97,10.823],[98.934,10.808],[98.923,10.808],[98.915,10.812],[98.905,10.814],[98.892,10.809],[98.884,10.799],[98.879,10.788],[98.875,10.779],[98.868,10.77],[98.861,10.768],[98.84,10.766],[98.83,10.764],[98.811,10.747],[98.767,10.689],[98.757,10.666],[98.748,10.623],[98.752,10.61],[98.771,10.594],[98.777,10.583],[98.791,10.52],[98.79,10.5],[98.777,10.462],[98.766,10.411],[98.747,10.351],[98.74,10.347],[98.735,10.343],[98.731,10.337],[98.719,10.313],[98.703,10.263],[98.696,10.224],[98.687,10.208],[98.665,10.185],[98.644,10.155],[98.59,10.042],[98.561,10.002],[98.543,9.987],[98.535,9.997],[98.533,10.007],[98.524,10.021],[98.521,10.029],[98.52,10.039],[98.521,10.059],[98.521,10.069],[98.515,10.102],[98.514,10.147],[98.494,10.179],[98.49,10.191],[98.49,10.198],[98.491,10.204],[98.508,10.245],[98.512,10.261],[98.517,10.307],[98.528,10.343],[98.528,10.364],[98.512,10.423],[98.494,10.452],[98.493,10.473],[98.5,10.515],[98.495,10.557],[98.463,10.63],[98.459,10.673],[98.459,10.715],[98.464,10.729],[98.477,10.735],[98.498,10.732],[98.511,10.723],[98.528,10.693],[98.539,10.704],[98.538,10.719],[98.531,10.732],[98.521,10.741],[98.533,10.747],[98.544,10.745],[98.554,10.738],[98.563,10.727],[98.57,10.743],[98.577,10.77],[98.583,10.782],[98.6,10.805],[98.603,10.819],[98.597,10.837],[98.607,10.836],[98.616,10.838],[98.624,10.843],[98.631,10.851],[98.62,10.855],[98.595,10.857],[98.586,10.861],[98.582,10.867],[98.579,10.875],[98.582,10.882],[98.614,10.89],[98.625,10.902],[98.634,10.914],[98.648,10.919],[98.653,10.917],[98.664,10.908],[98.673,10.905],[98.675,10.909],[98.689,10.913],[98.704,10.916],[98.707,10.913],[98.712,10.924],[98.717,10.942],[98.718,10.961],[98.713,10.974],[98.72,10.981],[98.714,10.99],[98.697,11.003],[98.693,11.008],[98.695,11.02],[98.701,11.025],[98.708,11.028],[98.716,11.032],[98.722,11.045],[98.718,11.059],[98.711,11.076],[98.707,11.098],[98.689,11.092],[98.676,11.101],[98.658,11.132],[98.703,11.144],[98.724,11.156],[98.733,11.176],[98.733,11.207],[98.746,11.236],[98.751,11.257],[98.757,11.263],[98.759,11.269],[98.746,11.286],[98.727,11.333],[98.722,11.35],[98.721,11.367],[98.727,11.385],[98.703,11.379],[98.698,11.388],[98.707,11.423],[98.715,11.443],[98.736,11.45],[98.775,11.454],[98.766,11.467],[98.763,11.506],[98.754,11.522],[98.745,11.525],[98.729,11.518],[98.72,11.522],[98.718,11.532],[98.726,11.548],[98.72,11.557],[98.734,11.573],[98.736,11.589],[98.733,11.625],[98.736,11.642],[98.742,11.665],[98.752,11.682],[98.768,11.68],[98.78,11.687],[98.788,11.683],[98.795,11.677],[98.806,11.673],[98.817,11.677],[98.819,11.687],[98.818,11.699],[98.823,11.708],[98.835,11.71],[98.854,11.707],[98.873,11.701],[98.885,11.694],[98.892,11.694],[98.877,11.723],[98.805,11.737],[98.783,11.755],[98.79,11.78],[98.812,11.803],[98.826,11.826],[98.809,11.851],[98.816,11.834],[98.81,11.822],[98.801,11.814],[98.791,11.802],[98.768,11.762],[98.761,11.761],[98.744,11.763],[98.741,11.759],[98.738,11.756],[98.726,11.744],[98.724,11.741],[98.712,11.737],[98.709,11.725],[98.708,11.71],[98.703,11.697],[98.693,11.687],[98.684,11.683],[98.674,11.685],[98.648,11.701],[98.617,11.724],[98.61,11.731],[98.609,11.741],[98.603,11.754],[98.604,11.762],[98.606,11.769],[98.618,11.789],[98.623,11.793],[98.629,11.792],[98.632,11.793],[98.631,11.804],[98.604,11.804],[98.619,11.826],[98.624,11.83],[98.631,11.832],[98.641,11.832],[98.649,11.831],[98.651,11.83],[98.66,11.845],[98.668,11.864],[98.681,11.877],[98.707,11.879],[98.694,11.893],[98.673,11.892],[98.631,11.879],[98.549,11.879],[98.558,11.899],[98.578,11.907],[98.627,11.906],[98.645,11.91],[98.664,11.92],[98.679,11.933],[98.691,11.954],[98.703,11.959],[98.715,11.961],[98.72,11.964],[98.721,11.998],[98.72,12.008],[98.713,12.025],[98.705,12.037],[98.703,12.048],[98.713,12.064],[98.665,12.06],[98.658,12.067],[98.645,12.078],[98.634,12.09],[98.634,12.101],[98.641,12.114],[98.636,12.123],[98.63,12.132],[98.631,12.146],[98.638,12.151],[98.651,12.155],[98.673,12.159],[98.673,12.167],[98.658,12.167],[98.668,12.178],[98.696,12.193],[98.71,12.204],[98.714,12.216],[98.71,12.228],[98.703,12.238],[98.696,12.242],[98.663,12.237],[98.641,12.225],[98.621,12.209],[98.597,12.194],[98.589,12.198],[98.571,12.204],[98.563,12.208],[98.547,12.223],[98.539,12.242],[98.54,12.261],[98.552,12.28],[98.568,12.291],[98.588,12.297],[98.677,12.315],[98.698,12.328],[98.707,12.348],[98.7,12.364],[98.684,12.373],[98.651,12.386],[98.627,12.41],[98.621,12.414],[98.607,12.418],[98.605,12.429],[98.61,12.451],[98.611,12.473],[98.616,12.486],[98.628,12.492],[98.651,12.496],[98.689,12.496],[98.701,12.499],[98.709,12.506],[98.71,12.512],[98.703,12.516],[98.695,12.517],[98.681,12.526],[98.673,12.53],[98.662,12.531],[98.651,12.531],[98.64,12.532],[98.631,12.537],[98.623,12.558],[98.631,12.579],[98.644,12.601],[98.651,12.622],[98.655,12.626],[98.662,12.625],[98.669,12.624],[98.673,12.625],[98.672,12.632],[98.665,12.646],[98.668,12.675],[98.673,12.687],[98.68,12.697],[98.687,12.703],[98.691,12.71],[98.693,12.725],[98.689,12.728],[98.662,12.722],[98.648,12.723],[98.642,12.728],[98.641,12.735],[98.645,12.742],[98.652,12.745],[98.663,12.745],[98.673,12.747],[98.679,12.756],[98.67,12.761],[98.628,12.756],[98.618,12.766],[98.617,12.777],[98.619,12.775],[98.624,12.776],[98.635,12.781],[98.642,12.782],[98.647,12.786],[98.651,12.797],[98.634,12.879],[98.625,12.884],[98.601,12.911],[98.59,12.92],[98.6,12.942],[98.607,12.951],[98.614,12.954],[98.61,12.96],[98.597,12.996],[98.586,13.017],[98.584,13.027],[98.58,13.065],[98.582,13.077],[98.59,13.085],[98.583,13.114],[98.578,13.187],[98.566,13.201],[98.553,13.208],[98.5,13.249],[98.495,13.285],[98.49,13.298],[98.48,13.284],[98.475,13.293],[98.473,13.303],[98.472,13.314],[98.473,13.325],[98.46,13.356],[98.46,13.369],[98.473,13.379],[98.472,13.386],[98.471,13.394],[98.473,13.413],[98.464,13.408],[98.459,13.4],[98.453,13.379],[98.454,13.396],[98.451,13.411],[98.445,13.424],[98.439,13.435],[98.434,13.438],[98.428,13.442],[98.422,13.447],[98.419,13.455],[98.419,13.462],[98.429,13.471],[98.432,13.479],[98.426,13.49],[98.403,13.522],[98.394,13.543],[98.384,13.552],[98.371,13.56],[98.357,13.564],[98.361,13.576],[98.357,13.585],[98.336,13.599],[98.336,13.62],[98.299,13.671],[98.288,13.695],[98.296,13.688],[98.302,13.701],[98.277,13.707],[98.257,13.706],[98.245,13.714],[98.24,13.746],[98.252,13.783],[98.254,13.798],[98.252,13.812],[98.248,13.825],[98.248,13.838],[98.254,13.852],[98.248,13.863],[98.234,13.917],[98.234,13.962],[98.231,13.972],[98.228,13.981],[98.227,13.989],[98.234,13.996],[98.234,14.003],[98.222,14.013],[98.209,14.03],[98.197,14.048],[98.192,14.065],[98.186,14.065],[98.185,14.053],[98.18,14.032],[98.179,14.02],[98.182,14.014],[98.196,13.998],[98.199,13.993],[98.198,13.965],[98.193,13.952],[98.182,13.938],[98.18,13.925],[98.195,13.887],[98.199,13.869],[98.197,13.85],[98.188,13.815],[98.179,13.732],[98.194,13.686],[98.196,13.668],[98.193,13.652],[98.186,13.633],[98.182,13.627],[98.179,13.623],[98.175,13.617],[98.172,13.606],[98.169,13.594],[98.168,13.584],[98.172,13.564],[98.183,13.552],[98.187,13.544],[98.179,13.537],[98.171,13.538],[98.164,13.544],[98.151,13.558],[98.15,13.55],[98.146,13.543],[98.144,13.537],[98.142,13.548],[98.143,13.562],[98.141,13.573],[98.134,13.578],[98.13,13.582],[98.135,13.592],[98.144,13.601],[98.151,13.606],[98.147,13.611],[98.141,13.621],[98.137,13.627],[98.152,13.63],[98.158,13.642],[98.158,13.658],[98.151,13.674],[98.168,13.673],[98.169,13.681],[98.16,13.69],[98.148,13.695],[98.124,13.694],[98.116,13.695],[98.103,13.701],[98.107,13.707],[98.113,13.723],[98.117,13.729],[98.092,13.74],[98.083,13.77],[98.089,13.795],[98.11,13.79],[98.104,13.835],[98.103,13.876],[98.109,13.892],[98.111,13.902],[98.107,13.906],[98.101,13.908],[98.093,13.912],[98.085,13.918],[98.082,13.924],[98.079,13.948],[98.066,13.989],[98.062,14.01],[98.066,14.033],[98.088,14.063],[98.096,14.078],[98.097,14.092],[98.108,14.11],[98.11,14.123],[98.109,14.133],[98.096,14.168],[98.11,14.168],[98.106,14.181],[98.101,14.192],[98.095,14.194],[98.09,14.181],[98.042,14.243],[98.015,14.3],[97.994,14.331],[97.986,14.353],[97.981,14.376],[97.98,14.397],[97.983,14.419],[97.996,14.45],[98,14.469],[97.991,14.46],[97.984,14.45],[97.976,14.444],[97.966,14.448],[97.962,14.458],[97.952,14.503],[97.921,14.558],[97.914,14.587],[97.925,14.613],[97.9,14.63],[97.886,14.656],[97.886,14.684],[97.904,14.709],[97.943,14.72],[97.969,14.697],[97.992,14.664],[98.028,14.648],[97.992,14.693],[97.982,14.715],[98,14.722],[97.985,14.728],[97.971,14.736],[97.965,14.747],[97.973,14.764],[97.966,14.77],[97.959,14.779],[97.954,14.788],[97.952,14.794],[97.95,14.799],[97.945,14.795],[97.938,14.785],[97.94,14.782],[97.943,14.777],[97.946,14.77],[97.946,14.764],[97.931,14.752],[97.917,14.759],[97.907,14.776],[97.904,14.798],[97.897,14.798],[97.895,14.78],[97.902,14.738],[97.894,14.729],[97.888,14.727],[97.883,14.722],[97.875,14.717],[97.863,14.716],[97.856,14.718],[97.85,14.724],[97.846,14.73],[97.843,14.736],[97.815,14.851],[97.795,14.88],[97.797,14.882],[97.821,14.898],[97.834,14.914],[97.855,14.945],[97.872,14.979],[97.88,15.001],[97.886,15.028],[97.892,15.064],[97.896,15.072],[97.902,15.078],[97.922,15.081],[97.934,15.081],[97.969,15.085],[97.987,15.089],[98.013,15.098],[98.021,15.099],[98.029,15.096],[98.037,15.087],[98.075,15.025],[98.087,15.011],[98.097,15.001],[98.101,14.999],[98.107,14.996],[98.119,14.993],[98.137,14.992],[98.191,14.993]]],[[[98.057,9.797],[98.038,9.791],[98.018,9.795],[98.008,9.807],[98.015,9.826],[98.03,9.833],[98.046,9.828],[98.057,9.814],[98.057,9.797]]],[[[98.229,10.52],[98.222,10.498],[98.207,10.483],[98.193,10.482],[98.185,10.501],[98.19,10.516],[98.202,10.524],[98.218,10.529],[98.234,10.529],[98.232,10.527],[98.23,10.522],[98.229,10.52]]],[[[98.43,10.978],[98.433,10.994],[98.443,11.003],[98.451,11.002],[98.453,10.986],[98.448,10.974],[98.44,10.966],[98.433,10.965],[98.43,10.978]]],[[[97.465,11.782],[97.459,11.786],[97.444,11.8],[97.463,11.8],[97.477,11.788],[97.48,11.778],[97.465,11.782]]],[[[97.837,12.772],[97.835,12.793],[97.842,12.806],[97.853,12.807],[97.865,12.79],[97.868,12.775],[97.864,12.767],[97.853,12.766],[97.837,12.772]]],[[[98.296,10.049],[98.28,10.051],[98.274,10.048],[98.274,10.042],[98.275,10.036],[98.281,10.028],[98.289,10.024],[98.294,10.019],[98.288,10.008],[98.269,10.003],[98.258,9.986],[98.251,9.968],[98.244,9.96],[98.228,9.954],[98.194,9.931],[98.179,9.933],[98.175,9.921],[98.171,9.912],[98.168,9.905],[98.172,9.898],[98.146,9.857],[98.133,9.846],[98.131,9.864],[98.121,9.861],[98.117,9.882],[98.118,9.909],[98.12,9.923],[98.124,9.931],[98.127,9.96],[98.141,9.963],[98.148,9.97],[98.152,9.977],[98.154,9.981],[98.16,9.984],[98.164,9.992],[98.168,10.001],[98.172,10.008],[98.179,10.014],[98.206,10.029],[98.235,10.054],[98.254,10.063],[98.275,10.056],[98.28,10.059],[98.282,10.059],[98.296,10.056],[98.296,10.049]]],[[[98.186,10.121],[98.184,10.127],[98.174,10.14],[98.172,10.148],[98.175,10.159],[98.182,10.169],[98.185,10.177],[98.179,10.185],[98.179,10.193],[98.196,10.193],[98.222,10.178],[98.24,10.172],[98.241,10.168],[98.24,10.166],[98.237,10.166],[98.234,10.166],[98.231,10.16],[98.228,10.155],[98.228,10.151],[98.234,10.144],[98.218,10.136],[98.208,10.129],[98.201,10.118],[98.195,10.071],[98.186,10.042],[98.186,10.121]]],[[[97.911,10.495],[97.903,10.479],[97.909,10.473],[97.919,10.473],[97.925,10.474],[97.931,10.468],[97.935,10.461],[97.944,10.444],[97.938,10.438],[97.933,10.434],[97.927,10.432],[97.918,10.433],[97.927,10.417],[97.932,10.412],[97.91,10.402],[97.894,10.406],[97.889,10.42],[97.904,10.439],[97.898,10.452],[97.893,10.471],[97.896,10.488],[97.911,10.495]]],[[[98.494,10.891],[98.519,10.879],[98.542,10.86],[98.553,10.833],[98.542,10.796],[98.527,10.787],[98.51,10.787],[98.498,10.794],[98.504,10.806],[98.513,10.81],[98.521,10.809],[98.526,10.811],[98.528,10.82],[98.526,10.827],[98.518,10.829],[98.509,10.828],[98.5,10.823],[98.5,10.837],[98.495,10.851],[98.491,10.867],[98.491,10.881],[98.494,10.891]]],[[[97.89,10.885],[97.896,10.913],[97.912,10.924],[97.932,10.924],[97.952,10.919],[97.941,10.892],[97.928,10.872],[97.909,10.857],[97.884,10.845],[97.891,10.855],[97.895,10.864],[97.895,10.874],[97.89,10.885]]],[[[98.268,10.837],[98.271,10.819],[98.271,10.799],[98.276,10.784],[98.296,10.782],[98.287,10.769],[98.283,10.757],[98.285,10.745],[98.296,10.735],[98.291,10.735],[98.289,10.734],[98.289,10.731],[98.288,10.727],[98.277,10.705],[98.268,10.697],[98.251,10.693],[98.237,10.697],[98.232,10.708],[98.234,10.741],[98.238,10.738],[98.24,10.735],[98.256,10.746],[98.252,10.756],[98.234,10.768],[98.234,10.783],[98.242,10.814],[98.24,10.831],[98.237,10.834],[98.223,10.838],[98.22,10.841],[98.219,10.85],[98.219,10.856],[98.216,10.86],[98.199,10.882],[98.179,10.899],[98.177,10.894],[98.173,10.889],[98.172,10.885],[98.165,10.919],[98.156,10.924],[98.147,10.925],[98.14,10.92],[98.137,10.909],[98.131,10.903],[98.1,10.882],[98.09,10.878],[98.077,10.888],[98.086,10.904],[98.11,10.929],[98.113,10.934],[98.126,10.942],[98.131,10.946],[98.133,10.953],[98.137,10.971],[98.141,10.977],[98.153,10.981],[98.172,10.979],[98.191,10.971],[98.206,10.96],[98.216,10.945],[98.222,10.927],[98.226,10.907],[98.227,10.888],[98.232,10.87],[98.244,10.859],[98.257,10.85],[98.268,10.837]]],[[[98.528,10.974],[98.519,10.971],[98.512,10.965],[98.508,10.957],[98.508,10.946],[98.486,10.956],[98.477,10.974],[98.478,10.993],[98.487,11.008],[98.503,11.021],[98.51,11.028],[98.514,11.036],[98.516,11.045],[98.513,11.063],[98.514,11.07],[98.525,11.087],[98.532,11.084],[98.537,11.069],[98.545,11.031],[98.545,11.016],[98.542,10.988],[98.543,10.96],[98.542,10.954],[98.534,10.951],[98.53,10.957],[98.528,10.967],[98.528,10.974]]],[[[98.275,11.248],[98.281,11.246],[98.29,11.248],[98.298,11.249],[98.302,11.241],[98.295,11.231],[98.28,11.223],[98.247,11.215],[98.247,11.228],[98.243,11.243],[98.232,11.254],[98.222,11.262],[98.22,11.269],[98.232,11.274],[98.252,11.276],[98.281,11.276],[98.275,11.256],[98.275,11.248]]],[[[98.278,11.8],[98.292,11.799],[98.307,11.777],[98.318,11.75],[98.323,11.731],[98.32,11.722],[98.313,11.719],[98.306,11.717],[98.302,11.714],[98.3,11.705],[98.302,11.673],[98.29,11.632],[98.288,11.611],[98.296,11.591],[98.283,11.566],[98.284,11.509],[98.275,11.481],[98.268,11.488],[98.266,11.483],[98.264,11.479],[98.262,11.474],[98.261,11.468],[98.252,11.477],[98.238,11.494],[98.234,11.502],[98.227,11.494],[98.223,11.489],[98.224,11.483],[98.227,11.474],[98.21,11.473],[98.202,11.466],[98.205,11.458],[98.22,11.454],[98.21,11.449],[98.199,11.446],[98.187,11.446],[98.177,11.449],[98.165,11.454],[98.165,11.458],[98.165,11.474],[98.175,11.471],[98.184,11.473],[98.192,11.479],[98.199,11.488],[98.196,11.497],[98.193,11.518],[98.189,11.526],[98.188,11.535],[98.196,11.542],[98.208,11.548],[98.213,11.553],[98.211,11.561],[98.206,11.565],[98.202,11.569],[98.199,11.58],[98.203,11.589],[98.217,11.599],[98.223,11.618],[98.23,11.621],[98.237,11.622],[98.24,11.625],[98.241,11.636],[98.235,11.656],[98.234,11.666],[98.238,11.687],[98.268,11.741],[98.272,11.786],[98.278,11.8]]],[[[98.535,11.804],[98.544,11.799],[98.549,11.792],[98.552,11.782],[98.555,11.769],[98.556,11.759],[98.556,11.728],[98.546,11.699],[98.549,11.622],[98.546,11.609],[98.532,11.593],[98.528,11.58],[98.53,11.567],[98.534,11.543],[98.535,11.529],[98.524,11.537],[98.509,11.556],[98.5,11.563],[98.49,11.567],[98.477,11.57],[98.465,11.575],[98.459,11.584],[98.442,11.564],[98.432,11.567],[98.429,11.583],[98.432,11.605],[98.424,11.599],[98.419,11.6],[98.416,11.604],[98.412,11.612],[98.419,11.632],[98.41,11.646],[98.398,11.655],[98.391,11.663],[98.379,11.691],[98.382,11.704],[98.406,11.708],[98.399,11.716],[98.381,11.731],[98.378,11.738],[98.38,11.751],[98.386,11.756],[98.392,11.757],[98.398,11.762],[98.403,11.764],[98.41,11.769],[98.413,11.773],[98.402,11.776],[98.391,11.775],[98.382,11.776],[98.375,11.78],[98.371,11.789],[98.394,11.794],[98.438,11.787],[98.453,11.789],[98.449,11.793],[98.448,11.796],[98.445,11.804],[98.458,11.803],[98.487,11.796],[98.499,11.798],[98.522,11.805],[98.535,11.804]]],[[[98.055,11.701],[98.063,11.697],[98.068,11.691],[98.068,11.683],[98.062,11.673],[98.079,11.654],[98.085,11.645],[98.09,11.632],[98.065,11.646],[98.057,11.653],[98.055,11.66],[98.049,11.665],[98.034,11.687],[98.017,11.697],[98.012,11.705],[98.024,11.708],[98.028,11.717],[98.029,11.737],[98.022,11.756],[98.007,11.762],[98.012,11.787],[98,11.842],[98.014,11.865],[98.012,11.827],[98.014,11.817],[98.019,11.81],[98.045,11.789],[98.052,11.776],[98.052,11.749],[98.058,11.729],[98.082,11.735],[98.081,11.723],[98.075,11.713],[98.066,11.706],[98.055,11.701]]],[[[97.664,11.906],[97.674,11.897],[97.678,11.888],[97.676,11.878],[97.668,11.868],[97.667,11.863],[97.672,11.838],[97.668,11.838],[97.651,11.845],[97.643,11.868],[97.644,11.88],[97.664,11.906]]],[[[98.254,11.858],[98.254,11.884],[98.257,11.903],[98.265,11.909],[98.285,11.896],[98.289,11.882],[98.284,11.865],[98.274,11.853],[98.261,11.854],[98.254,11.858]]],[[[98.268,11.934],[98.262,11.926],[98.254,11.923],[98.246,11.925],[98.227,11.954],[98.236,11.968],[98.252,11.975],[98.261,11.971],[98.263,11.962],[98.269,11.942],[98.268,11.934]]],[[[98.604,11.967],[98.642,11.958],[98.659,11.949],[98.658,11.934],[98.658,11.94],[98.631,11.932],[98.573,11.932],[98.552,11.923],[98.536,11.909],[98.516,11.896],[98.496,11.888],[98.478,11.891],[98.463,11.921],[98.46,11.934],[98.459,11.948],[98.462,11.956],[98.471,11.97],[98.473,11.978],[98.471,11.988],[98.466,11.993],[98.459,11.996],[98.448,12.008],[98.444,12.011],[98.44,12.015],[98.439,12.026],[98.439,12.057],[98.431,12.088],[98.431,12.101],[98.439,12.112],[98.446,12.101],[98.473,12.077],[98.494,12.049],[98.51,12.017],[98.52,12.007],[98.542,11.995],[98.56,12.001],[98.575,11.993],[98.604,11.967]]],[[[98.096,12.187],[98.106,12.192],[98.119,12.198],[98.132,12.199],[98.137,12.191],[98.14,12.148],[98.137,12.139],[98.13,12.154],[98.117,12.165],[98.1,12.169],[98.082,12.159],[98.077,12.162],[98.075,12.163],[98.073,12.165],[98.059,12.188],[98.039,12.207],[98.034,12.221],[98.037,12.239],[98.046,12.262],[98.059,12.281],[98.073,12.29],[98.092,12.289],[98.108,12.285],[98.119,12.276],[98.124,12.259],[98.123,12.25],[98.12,12.23],[98.117,12.221],[98.112,12.214],[98.104,12.207],[98.098,12.199],[98.096,12.187]]],[[[98.065,12.365],[98.064,12.36],[98.048,12.331],[98.04,12.322],[98.029,12.316],[98.019,12.312],[98.011,12.31],[98.008,12.304],[98,12.269],[97.991,12.287],[97.987,12.29],[97.982,12.306],[97.969,12.308],[97.955,12.305],[97.946,12.31],[97.948,12.324],[97.961,12.334],[97.971,12.345],[97.966,12.358],[97.953,12.349],[97.949,12.344],[97.946,12.338],[97.938,12.338],[97.94,12.366],[97.955,12.378],[97.976,12.384],[98.007,12.402],[98.018,12.403],[98.023,12.399],[98.018,12.389],[98.008,12.38],[98.004,12.374],[98.005,12.367],[98.014,12.358],[98.027,12.361],[98.032,12.361],[98.042,12.358],[98.041,12.369],[98.042,12.38],[98.046,12.389],[98.064,12.398],[98.069,12.409],[98.073,12.421],[98.076,12.427],[98.091,12.422],[98.101,12.405],[98.105,12.383],[98.096,12.365],[98.088,12.36],[98.082,12.361],[98.075,12.364],[98.065,12.365]]],[[[98.514,12.496],[98.517,12.479],[98.514,12.424],[98.509,12.41],[98.496,12.406],[98.482,12.411],[98.474,12.425],[98.489,12.493],[98.5,12.513],[98.514,12.496]]],[[[98.254,12.568],[98.257,12.574],[98.262,12.569],[98.267,12.56],[98.268,12.557],[98.29,12.526],[98.283,12.504],[98.261,12.495],[98.237,12.506],[98.23,12.517],[98.23,12.527],[98.234,12.554],[98.237,12.557],[98.244,12.558],[98.251,12.56],[98.254,12.568]]],[[[97.823,12.587],[97.827,12.591],[97.836,12.595],[97.846,12.598],[97.85,12.595],[97.854,12.578],[97.861,12.57],[97.862,12.56],[97.85,12.537],[97.85,12.542],[97.848,12.544],[97.845,12.547],[97.843,12.55],[97.841,12.557],[97.839,12.558],[97.835,12.558],[97.829,12.557],[97.829,12.565],[97.834,12.571],[97.831,12.574],[97.826,12.579],[97.823,12.587]]],[[[98.466,12.584],[98.471,12.556],[98.47,12.518],[98.465,12.481],[98.456,12.458],[98.391,12.362],[98.35,12.326],[98.302,12.338],[98.311,12.36],[98.316,12.365],[98.319,12.386],[98.333,12.427],[98.336,12.451],[98.334,12.46],[98.326,12.474],[98.321,12.487],[98.317,12.49],[98.316,12.496],[98.32,12.501],[98.327,12.507],[98.334,12.512],[98.333,12.519],[98.314,12.553],[98.303,12.599],[98.302,12.646],[98.316,12.687],[98.333,12.671],[98.387,12.658],[98.406,12.639],[98.406,12.63],[98.398,12.587],[98.401,12.572],[98.425,12.53],[98.429,12.555],[98.438,12.587],[98.451,12.604],[98.466,12.584]]],[[[98.296,13.085],[98.303,13.083],[98.31,13.088],[98.319,13.091],[98.33,13.085],[98.336,13.074],[98.334,13.067],[98.323,13.057],[98.317,13.049],[98.311,13.045],[98.306,13.04],[98.302,13.029],[98.301,13.02],[98.302,12.988],[98.313,12.946],[98.314,12.926],[98.302,12.913],[98.301,12.934],[98.288,12.957],[98.288,12.975],[98.281,12.994],[98.268,13.057],[98.245,13.119],[98.24,13.139],[98.239,13.159],[98.242,13.204],[98.247,13.215],[98.261,13.214],[98.269,13.199],[98.289,13.099],[98.296,13.085]]],[[[97.932,13.859],[97.938,13.852],[97.932,13.84],[97.928,13.821],[97.925,13.784],[97.918,13.784],[97.915,13.8],[97.914,13.828],[97.919,13.853],[97.932,13.859]]]]}},{"type":"Feature","id":"MM-06","properties":{"id":"MM-06","countryCode":"MM","isoSubdivision":"MM-06","name":"Yangon","name_en":"Yangon","name_ko":"양곤 구","type":"Division","labelLongitude":96.111,"labelLatitude":17.112,"minZoom":7},"geometry":{"type":"Polygon","coordinates":[[[96.827,16.89],[96.834,16.885],[96.844,16.874],[96.849,16.86],[96.847,16.845],[96.832,16.822],[96.826,16.799],[96.811,16.765],[96.796,16.762],[96.789,16.756],[96.791,16.747],[96.801,16.737],[96.783,16.712],[96.766,16.697],[96.726,16.669],[96.716,16.658],[96.698,16.63],[96.679,16.575],[96.64,16.545],[96.616,16.518],[96.559,16.497],[96.498,16.484],[96.436,16.478],[96.4,16.504],[96.377,16.508],[96.357,16.519],[96.29,16.567],[96.273,16.582],[96.266,16.597],[96.265,16.622],[96.262,16.641],[96.256,16.657],[96.236,16.698],[96.229,16.719],[96.226,16.739],[96.226,16.761],[96.235,16.777],[96.275,16.803],[96.287,16.813],[96.258,16.816],[96.207,16.777],[96.171,16.772],[96.177,16.762],[96.194,16.743],[96.198,16.734],[96.205,16.696],[96.215,16.68],[96.241,16.65],[96.246,16.631],[96.244,16.619],[96.234,16.598],[96.232,16.587],[96.235,16.576],[96.246,16.555],[96.294,16.492],[96.31,16.465],[96.327,16.453],[96.336,16.439],[96.321,16.415],[96.305,16.406],[96.285,16.366],[96.222,16.345],[96.164,16.333],[96.144,16.325],[96.119,16.322],[96.098,16.329],[96.089,16.35],[96.077,16.361],[96.007,16.387],[96.017,16.378],[96.006,16.383],[95.997,16.394],[95.991,16.396],[95.981,16.399],[95.931,16.399],[95.911,16.404],[95.904,16.406],[95.883,16.418],[95.866,16.435],[95.865,16.449],[95.863,16.454],[95.859,16.46],[95.842,16.469],[95.832,16.479],[95.838,16.494],[95.843,16.501],[95.878,16.535],[95.885,16.545],[95.889,16.553],[95.888,16.558],[95.886,16.563],[95.881,16.572],[95.883,16.614],[95.881,16.62],[95.877,16.629],[95.872,16.632],[95.861,16.652],[95.875,16.66],[95.886,16.671],[95.9,16.704],[95.906,16.742],[95.899,16.769],[95.882,16.797],[95.872,16.819],[95.872,16.843],[95.88,16.861],[95.88,16.865],[95.883,16.866],[95.904,16.905],[95.901,16.933],[95.88,16.957],[95.86,16.976],[95.852,16.988],[95.85,16.996],[95.851,17.006],[95.85,17.014],[95.85,17.033],[95.842,17.047],[95.829,17.059],[95.813,17.085],[95.804,17.106],[95.796,17.118],[95.771,17.142],[95.75,17.157],[95.74,17.168],[95.735,17.178],[95.731,17.187],[95.725,17.193],[95.707,17.206],[95.692,17.272],[95.691,17.3],[95.7,17.341],[95.706,17.36],[95.735,17.417],[95.747,17.462],[95.774,17.513],[95.793,17.533],[95.816,17.544],[95.849,17.569],[95.865,17.588],[95.89,17.633],[95.903,17.647],[95.96,17.677],[95.977,17.689],[95.989,17.699],[96.002,17.718],[96.027,17.748],[96.04,17.757],[96.051,17.761],[96.061,17.757],[96.067,17.753],[96.074,17.742],[96.105,17.671],[96.286,17.371],[96.294,17.354],[96.329,17.206],[96.335,17.192],[96.342,17.181],[96.357,17.163],[96.376,17.135],[96.387,17.111],[96.396,17.073],[96.397,17.06],[96.391,17.014],[96.394,16.989],[96.444,16.985],[96.574,16.994],[96.66,16.986],[96.715,16.976],[96.727,16.972],[96.736,16.968],[96.744,16.961],[96.776,16.926],[96.813,16.895],[96.827,16.89]]]}},{"type":"Feature","id":"MM-07","properties":{"id":"MM-07","countryCode":"MM","isoSubdivision":"MM-07","name":"Ayeyarwady","name_en":"Ayeyarwady","name_ko":"에야와디 구","type":"Division","labelLongitude":95.108,"labelLatitude":16.746,"minZoom":7},"geometry":{"type":"MultiPolygon","coordinates":[[[[96.017,16.378],[96.067,16.336],[96.068,16.31],[96.019,16.257],[95.98,16.223],[95.962,16.217],[95.942,16.219],[95.942,16.227],[95.949,16.239],[95.951,16.258],[95.934,16.243],[95.922,16.225],[95.908,16.212],[95.883,16.209],[95.886,16.218],[95.89,16.244],[95.818,16.176],[95.798,16.145],[95.777,16.141],[95.756,16.145],[95.746,16.158],[95.745,16.175],[95.741,16.195],[95.735,16.213],[95.725,16.223],[95.732,16.127],[95.725,16.106],[95.697,16.066],[95.691,16.048],[95.691,16.001],[95.687,15.988],[95.665,15.949],[95.523,15.804],[95.462,15.761],[95.432,15.734],[95.416,15.723],[95.396,15.716],[95.374,15.715],[95.311,15.723],[95.294,15.728],[95.288,15.74],[95.283,15.838],[95.29,15.847],[95.302,15.852],[95.313,15.867],[95.318,15.884],[95.314,15.901],[95.339,15.922],[95.355,15.951],[95.364,15.985],[95.369,16.017],[95.369,16.039],[95.364,16.055],[95.349,16.086],[95.345,16.105],[95.35,16.117],[95.357,16.129],[95.362,16.148],[95.355,16.148],[95.348,16.139],[95.338,16.13],[95.33,16.12],[95.327,16.107],[95.332,16.091],[95.346,16.061],[95.349,16.042],[95.346,15.996],[95.342,15.984],[95.312,15.947],[95.297,15.903],[95.275,15.876],[95.252,15.868],[95.239,15.894],[95.246,15.915],[95.263,15.941],[95.276,15.971],[95.273,16.004],[95.239,15.95],[95.224,15.919],[95.218,15.884],[95.224,15.81],[95.213,15.787],[95.174,15.778],[95.145,15.789],[95.126,15.818],[95.116,15.855],[95.115,15.894],[95.138,16.007],[95.129,16.039],[95.108,15.984],[95.098,16.025],[95.11,16.067],[95.138,16.1],[95.174,16.114],[95.207,16.112],[95.218,16.114],[95.226,16.12],[95.223,16.124],[95.212,16.127],[95.201,16.127],[95.194,16.129],[95.189,16.139],[95.184,16.141],[95.178,16.14],[95.163,16.135],[95.156,16.134],[95.149,16.132],[95.142,16.135],[95.136,16.148],[95.129,16.148],[95.122,16.132],[95.094,16.094],[95.071,16.075],[95.068,16.048],[95.074,15.998],[95.073,15.971],[95.055,15.846],[95.047,15.822],[95.034,15.806],[95.024,15.802],[95.01,15.799],[94.998,15.795],[94.992,15.788],[94.99,15.781],[94.986,15.773],[94.981,15.767],[94.976,15.764],[94.95,15.763],[94.938,15.764],[94.904,15.778],[94.859,15.783],[94.847,15.791],[94.859,15.809],[94.869,15.815],[94.881,15.82],[94.89,15.827],[94.897,15.839],[94.896,15.847],[94.893,15.857],[94.888,15.864],[94.883,15.867],[94.864,15.844],[94.853,15.84],[94.848,15.864],[94.85,15.895],[94.848,15.908],[94.836,15.937],[94.835,15.949],[94.84,15.962],[94.85,15.978],[94.863,15.992],[94.873,15.998],[94.889,15.999],[94.907,16.006],[94.921,16.019],[94.924,16.039],[94.889,16.017],[94.885,16.036],[94.88,16.08],[94.864,16.112],[94.863,16.128],[94.868,16.142],[94.887,16.171],[94.9,16.184],[94.917,16.192],[94.941,16.196],[94.959,16.201],[94.975,16.214],[94.987,16.232],[94.992,16.251],[94.988,16.244],[94.975,16.232],[94.972,16.227],[94.967,16.22],[94.943,16.216],[94.925,16.209],[94.903,16.21],[94.893,16.206],[94.868,16.174],[94.866,16.169],[94.855,16.16],[94.849,16.14],[94.848,16.097],[94.851,16.086],[94.86,16.065],[94.862,16.056],[94.864,16.05],[94.868,16.045],[94.869,16.041],[94.856,16.019],[94.855,16.014],[94.846,16],[94.787,15.962],[94.774,15.943],[94.745,15.881],[94.735,15.868],[94.721,15.857],[94.704,15.848],[94.684,15.847],[94.659,15.854],[94.649,15.869],[94.645,15.887],[94.636,15.908],[94.633,15.89],[94.622,15.892],[94.61,15.905],[94.601,15.921],[94.629,15.939],[94.666,15.958],[94.703,15.982],[94.732,16.017],[94.742,16.067],[94.749,16.076],[94.758,16.083],[94.766,16.093],[94.77,16.102],[94.772,16.111],[94.773,16.131],[94.777,16.135],[94.785,16.14],[94.793,16.148],[94.794,16.162],[94.775,16.152],[94.766,16.139],[94.752,16.107],[94.725,16.064],[94.718,16.045],[94.705,16.021],[94.689,16.007],[94.671,15.997],[94.615,15.944],[94.59,15.932],[94.567,15.935],[94.562,15.962],[94.589,15.996],[94.642,16.045],[94.663,16.08],[94.679,16.121],[94.687,16.165],[94.684,16.209],[94.669,16.241],[94.665,16.258],[94.674,16.275],[94.685,16.292],[94.705,16.353],[94.711,16.36],[94.721,16.362],[94.732,16.361],[94.732,16.367],[94.722,16.378],[94.706,16.473],[94.706,16.484],[94.711,16.497],[94.717,16.503],[94.725,16.505],[94.732,16.51],[94.732,16.525],[94.697,16.508],[94.684,16.511],[94.677,16.532],[94.67,16.51],[94.684,16.422],[94.684,16.364],[94.678,16.349],[94.655,16.323],[94.65,16.309],[94.644,16.284],[94.628,16.26],[94.607,16.243],[94.584,16.237],[94.582,16.243],[94.593,16.259],[94.615,16.286],[94.636,16.326],[94.63,16.344],[94.618,16.342],[94.607,16.326],[94.599,16.294],[94.593,16.284],[94.584,16.275],[94.574,16.271],[94.562,16.274],[94.554,16.28],[94.548,16.287],[94.54,16.292],[94.521,16.295],[94.516,16.287],[94.519,16.247],[94.517,16.224],[94.513,16.205],[94.507,16.19],[94.456,16.106],[94.428,16.074],[94.396,16.059],[94.376,16.056],[94.361,16.049],[94.351,16.034],[94.348,16.007],[94.34,15.996],[94.321,15.99],[94.301,15.99],[94.287,15.998],[94.266,15.975],[94.251,15.968],[94.24,15.976],[94.215,16.015],[94.21,16.029],[94.209,16.045],[94.215,16.158],[94.238,16.273],[94.235,16.348],[94.238,16.361],[94.242,16.366],[94.254,16.379],[94.259,16.387],[94.273,16.466],[94.268,16.527],[94.273,16.538],[94.309,16.528],[94.331,16.529],[94.341,16.548],[94.349,16.578],[94.346,16.592],[94.328,16.6],[94.328,16.606],[94.352,16.619],[94.362,16.635],[94.362,16.686],[94.364,16.701],[94.373,16.729],[94.375,16.741],[94.38,16.755],[94.398,16.776],[94.403,16.788],[94.401,16.831],[94.396,16.847],[94.383,16.872],[94.379,16.887],[94.382,16.901],[94.391,16.907],[94.401,16.904],[94.412,16.901],[94.423,16.901],[94.435,16.91],[94.465,16.95],[94.444,16.95],[94.454,16.965],[94.458,16.983],[94.457,17.051],[94.458,17.06],[94.462,17.07],[94.478,17.093],[94.484,17.106],[94.489,17.124],[94.486,17.141],[94.458,17.154],[94.453,17.166],[94.454,17.18],[94.465,17.189],[94.511,17.169],[94.519,17.173],[94.522,17.178],[94.53,17.182],[94.538,17.187],[94.54,17.197],[94.535,17.205],[94.527,17.209],[94.518,17.213],[94.512,17.217],[94.509,17.23],[94.512,17.275],[94.519,17.288],[94.533,17.29],[94.545,17.296],[94.546,17.32],[94.559,17.316],[94.573,17.311],[94.584,17.303],[94.594,17.292],[94.577,17.358],[94.568,17.463],[94.636,17.416],[94.656,17.407],[94.68,17.405],[94.696,17.401],[94.715,17.389],[94.73,17.374],[94.737,17.369],[94.744,17.367],[94.754,17.372],[94.788,17.43],[94.799,17.465],[94.802,17.541],[94.807,17.577],[94.807,17.607],[94.81,17.624],[94.818,17.641],[94.869,17.697],[94.883,17.73],[94.889,17.783],[94.902,17.815],[94.903,17.834],[94.903,17.851],[94.875,17.898],[94.866,17.911],[94.863,17.917],[94.859,17.928],[94.858,17.942],[94.858,17.958],[94.875,17.999],[94.874,18.101],[94.892,18.181],[94.89,18.237],[94.879,18.277],[94.837,18.358],[94.853,18.37],[94.884,18.395],[94.911,18.412],[94.936,18.418],[94.965,18.412],[94.99,18.393],[95.012,18.372],[95.038,18.36],[95.065,18.36],[95.084,18.377],[95.093,18.395],[95.101,18.42],[95.101,18.443],[95.109,18.458],[95.129,18.469],[95.147,18.471],[95.153,18.471],[95.163,18.464],[95.179,18.448],[95.197,18.432],[95.26,18.354],[95.272,18.338],[95.283,18.329],[95.287,18.32],[95.312,18.3],[95.355,18.251],[95.361,18.247],[95.377,18.236],[95.383,18.231],[95.388,18.22],[95.395,18.195],[95.4,18.186],[95.404,18.177],[95.403,18.154],[95.407,18.145],[95.412,18.136],[95.45,18.033],[95.455,17.996],[95.445,17.957],[95.469,17.938],[95.487,17.921],[95.49,17.914],[95.491,17.907],[95.489,17.903],[95.485,17.877],[95.485,17.837],[95.481,17.822],[95.463,17.802],[95.45,17.79],[95.45,17.77],[95.458,17.726],[95.473,17.686],[95.493,17.655],[95.502,17.645],[95.516,17.634],[95.533,17.625],[95.551,17.621],[95.565,17.614],[95.582,17.606],[95.649,17.582],[95.673,17.567],[95.694,17.541],[95.747,17.462],[95.735,17.417],[95.706,17.36],[95.7,17.341],[95.691,17.3],[95.692,17.272],[95.707,17.206],[95.725,17.193],[95.731,17.187],[95.735,17.178],[95.74,17.168],[95.75,17.157],[95.771,17.142],[95.796,17.118],[95.804,17.106],[95.813,17.085],[95.829,17.059],[95.842,17.047],[95.85,17.033],[95.85,17.014],[95.851,17.006],[95.85,16.996],[95.852,16.988],[95.86,16.976],[95.88,16.957],[95.901,16.933],[95.904,16.905],[95.883,16.866],[95.88,16.865],[95.88,16.861],[95.872,16.843],[95.872,16.819],[95.882,16.797],[95.899,16.769],[95.906,16.742],[95.9,16.704],[95.886,16.671],[95.875,16.66],[95.861,16.652],[95.872,16.632],[95.877,16.629],[95.881,16.62],[95.883,16.614],[95.881,16.572],[95.886,16.563],[95.888,16.558],[95.889,16.553],[95.885,16.545],[95.878,16.535],[95.843,16.501],[95.838,16.494],[95.832,16.479],[95.842,16.469],[95.859,16.46],[95.863,16.454],[95.865,16.449],[95.866,16.435],[95.883,16.418],[95.904,16.406],[95.911,16.404],[95.931,16.399],[95.981,16.399],[95.991,16.396],[95.997,16.394],[96.006,16.383],[96.017,16.378]]],[[[93.396,14.14],[93.4,14.096],[93.395,14.076],[93.375,14.065],[93.383,14.138],[93.386,14.151],[93.39,14.154],[93.396,14.14]]],[[[93.676,14.859],[93.687,14.872],[93.694,14.889],[93.704,14.904],[93.724,14.914],[93.724,14.908],[93.716,14.89],[93.704,14.871],[93.69,14.858],[93.676,14.859]]],[[[94.828,15.932],[94.83,15.916],[94.839,15.89],[94.842,15.877],[94.837,15.864],[94.819,15.835],[94.804,15.797],[94.778,15.792],[94.748,15.799],[94.725,15.812],[94.725,15.819],[94.745,15.833],[94.759,15.852],[94.78,15.894],[94.807,15.931],[94.823,15.946],[94.828,15.932]]],[[[94.662,16.222],[94.667,16.172],[94.655,16.122],[94.63,16.075],[94.58,16.013],[94.57,16.005],[94.553,15.998],[94.499,15.98],[94.484,15.971],[94.478,15.966],[94.478,15.958],[94.479,15.949],[94.478,15.942],[94.468,15.93],[94.446,15.913],[94.437,15.901],[94.441,15.885],[94.433,15.87],[94.41,15.839],[94.403,15.839],[94.403,15.847],[94.417,15.872],[94.409,15.907],[94.382,15.97],[94.39,16.001],[94.417,16.018],[94.453,16.034],[94.485,16.059],[94.496,16.076],[94.511,16.108],[94.519,16.12],[94.549,16.149],[94.612,16.222],[94.643,16.246],[94.662,16.222]]]]}},{"type":"Feature","id":"MM-11","properties":{"id":"MM-11","countryCode":"MM","isoSubdivision":"MM-11","name":"Kachin State","name_en":"Kachin State","name_ko":"카친","type":"State","labelLongitude":97.298,"labelLatitude":25.793,"minZoom":7},"geometry":{"type":"Polygon","coordinates":[[[97.293,27.878],[97.315,27.885],[97.334,27.894],[97.338,27.902],[97.336,27.913],[97.336,27.936],[97.34,27.952],[97.357,27.981],[97.362,27.995],[97.355,28.023],[97.307,28.07],[97.293,28.095],[97.299,28.129],[97.329,28.19],[97.323,28.217],[97.334,28.235],[97.37,28.253],[97.378,28.264],[97.384,28.285],[97.398,28.289],[97.417,28.286],[97.437,28.286],[97.448,28.298],[97.452,28.318],[97.452,28.355],[97.45,28.365],[97.447,28.374],[97.445,28.383],[97.45,28.392],[97.466,28.407],[97.471,28.415],[97.475,28.426],[97.488,28.442],[97.503,28.478],[97.514,28.495],[97.528,28.53],[97.546,28.538],[97.568,28.525],[97.59,28.495],[97.614,28.482],[97.641,28.498],[97.67,28.511],[97.7,28.488],[97.74,28.383],[97.765,28.352],[97.797,28.344],[97.859,28.37],[97.898,28.355],[97.945,28.299],[97.979,28.281],[97.993,28.269],[97.994,28.253],[97.985,28.224],[97.991,28.214],[98.031,28.208],[98.049,28.2],[98.115,28.144],[98.119,28.141],[98.127,28.124],[98.128,28.105],[98.123,28.015],[98.118,27.995],[98.107,27.973],[98.114,27.962],[98.149,27.945],[98.166,27.93],[98.177,27.913],[98.177,27.898],[98.157,27.889],[98.14,27.879],[98.146,27.861],[98.162,27.843],[98.197,27.823],[98.201,27.814],[98.198,27.8],[98.198,27.781],[98.202,27.771],[98.208,27.766],[98.212,27.76],[98.202,27.737],[98.204,27.727],[98.238,27.68],[98.254,27.648],[98.276,27.57],[98.295,27.537],[98.329,27.523],[98.364,27.532],[98.383,27.556],[98.393,27.587],[98.398,27.62],[98.397,27.657],[98.4,27.676],[98.41,27.684],[98.422,27.681],[98.475,27.657],[98.492,27.643],[98.522,27.656],[98.543,27.643],[98.564,27.604],[98.578,27.592],[98.605,27.593],[98.617,27.598],[98.626,27.606],[98.635,27.611],[98.647,27.612],[98.656,27.607],[98.666,27.597],[98.674,27.586],[98.679,27.577],[98.682,27.556],[98.671,27.516],[98.668,27.475],[98.674,27.387],[98.677,27.376],[98.684,27.374],[98.691,27.373],[98.697,27.369],[98.708,27.337],[98.704,27.304],[98.68,27.237],[98.674,27.208],[98.673,27.176],[98.683,27.11],[98.691,27.092],[98.703,27.087],[98.716,27.082],[98.731,27.069],[98.738,27.049],[98.732,27.031],[98.721,27.014],[98.713,26.995],[98.736,26.907],[98.736,26.898],[98.733,26.888],[98.719,26.873],[98.715,26.862],[98.718,26.842],[98.742,26.81],[98.75,26.792],[98.749,26.771],[98.734,26.734],[98.732,26.714],[98.746,26.681],[98.747,26.673],[98.747,26.664],[98.747,26.656],[98.751,26.646],[98.756,26.625],[98.749,26.606],[98.728,26.573],[98.721,26.539],[98.717,26.409],[98.713,26.389],[98.707,26.371],[98.698,26.354],[98.658,26.312],[98.65,26.291],[98.645,26.272],[98.642,26.255],[98.648,26.245],[98.668,26.248],[98.677,26.239],[98.701,26.191],[98.706,26.175],[98.7,26.165],[98.692,26.16],[98.687,26.154],[98.687,26.133],[98.681,26.125],[98.644,26.098],[98.631,26.097],[98.624,26.108],[98.626,26.144],[98.619,26.146],[98.602,26.14],[98.563,26.131],[98.55,26.121],[98.546,26.106],[98.547,26.088],[98.554,26.071],[98.573,26.036],[98.577,26.017],[98.575,25.995],[98.582,25.982],[98.592,25.981],[98.604,25.982],[98.616,25.979],[98.625,25.97],[98.658,25.925],[98.667,25.906],[98.672,25.902],[98.685,25.898],[98.69,25.892],[98.692,25.879],[98.69,25.866],[98.685,25.853],[98.678,25.843],[98.626,25.806],[98.61,25.801],[98.6,25.802],[98.591,25.806],[98.562,25.816],[98.54,25.834],[98.527,25.839],[98.509,25.838],[98.498,25.831],[98.475,25.806],[98.461,25.795],[98.453,25.778],[98.439,25.744],[98.432,25.736],[98.425,25.731],[98.419,25.724],[98.417,25.713],[98.416,25.7],[98.413,25.692],[98.375,25.649],[98.37,25.637],[98.357,25.593],[98.347,25.578],[98.333,25.567],[98.312,25.557],[98.289,25.55],[98.277,25.552],[98.247,25.579],[98.232,25.587],[98.15,25.613],[98.14,25.611],[98.138,25.599],[98.139,25.55],[98.134,25.535],[98.123,25.522],[98.105,25.507],[98.1,25.5],[98.099,25.493],[98.105,25.467],[98.109,25.458],[98.112,25.448],[98.11,25.41],[98.112,25.396],[98.108,25.389],[98.09,25.386],[98.076,25.376],[98.063,25.354],[98.045,25.312],[98.034,25.301],[97.992,25.282],[97.976,25.272],[97.931,25.219],[97.91,25.208],[97.889,25.206],[97.879,25.214],[97.872,25.228],[97.86,25.244],[97.824,25.262],[97.801,25.238],[97.777,25.159],[97.754,25.114],[97.738,25.091],[97.722,25.079],[97.704,25.074],[97.7,25.065],[97.705,25.029],[97.703,24.96],[97.708,24.927],[97.724,24.897],[97.761,24.87],[97.773,24.855],[97.765,24.835],[97.748,24.826],[97.727,24.826],[97.686,24.834],[97.664,24.83],[97.643,24.817],[97.604,24.786],[97.536,24.745],[97.533,24.723],[97.539,24.597],[97.514,24.462],[97.513,24.439],[97.52,24.431],[97.601,24.442],[97.624,24.442],[97.64,24.439],[97.647,24.432],[97.652,24.423],[97.655,24.412],[97.657,24.402],[97.663,24.39],[97.681,24.378],[97.688,24.368],[97.69,24.346],[97.674,24.341],[97.654,24.339],[97.638,24.328],[97.645,24.302],[97.718,24.278],[97.724,24.242],[97.719,24.234],[97.711,24.228],[97.705,24.222],[97.702,24.211],[97.705,24.199],[97.719,24.182],[97.723,24.171],[97.72,24.147],[97.708,24.125],[97.516,23.943],[97.533,23.924],[97.573,23.908],[97.61,23.883],[97.615,23.875],[97.62,23.866],[97.625,23.847],[97.637,23.864],[97.647,23.869],[97.65,23.852],[97.641,23.833],[97.635,23.826],[97.617,23.817],[97.587,23.806],[97.485,23.789],[97.471,23.785],[97.42,23.75],[97.397,23.748],[97.385,23.749],[97.381,23.75],[97.377,23.75],[97.368,23.744],[97.343,23.721],[97.334,23.725],[97.331,23.725],[97.325,23.724],[97.319,23.719],[97.316,23.715],[97.313,23.711],[97.312,23.708],[97.31,23.705],[97.305,23.704],[97.289,23.708],[97.284,23.708],[97.267,23.705],[97.26,23.703],[97.253,23.7],[97.246,23.695],[97.233,23.683],[97.23,23.681],[97.227,23.68],[97.222,23.679],[97.214,23.678],[97.184,23.678],[97.173,23.676],[97.098,23.645],[97.061,23.646],[97.042,23.644],[97.033,23.645],[97.02,23.647],[97.013,23.649],[97.01,23.653],[97.007,23.657],[97.004,23.668],[97.003,23.674],[97.004,23.696],[97.004,23.7],[96.995,23.708],[96.959,23.718],[96.912,23.727],[96.896,23.726],[96.883,23.722],[96.878,23.722],[96.784,23.75],[96.783,23.751],[96.779,23.757],[96.777,23.764],[96.778,23.768],[96.78,23.773],[96.787,23.776],[96.87,23.806],[96.882,23.814],[96.893,23.823],[96.905,23.842],[96.916,23.873],[96.917,23.904],[96.912,23.928],[96.904,23.95],[96.899,23.974],[96.893,23.985],[96.886,23.99],[96.878,23.99],[96.868,23.986],[96.857,23.977],[96.851,23.97],[96.844,23.966],[96.833,23.965],[96.822,23.969],[96.804,23.979],[96.73,24.028],[96.709,24.052],[96.699,24.07],[96.696,24.118],[96.674,24.142],[96.653,24.18],[96.637,24.192],[96.62,24.209],[96.61,24.227],[96.607,24.25],[96.608,24.355],[96.611,24.365],[96.619,24.376],[96.648,24.397],[96.656,24.417],[96.622,24.437],[96.611,24.44],[96.592,24.443],[96.571,24.448],[96.425,24.501],[96.394,24.502],[96.342,24.489],[96.279,24.48],[96.269,24.476],[96.261,24.47],[96.255,24.463],[96.245,24.458],[96.235,24.459],[96.225,24.469],[96.218,24.479],[96.208,24.489],[96.167,24.52],[96.14,24.548],[96.136,24.555],[96.104,24.637],[96.082,24.648],[95.988,24.667],[95.971,24.673],[95.959,24.68],[95.948,24.69],[95.937,24.71],[95.886,24.863],[95.84,24.965],[95.862,24.978],[95.897,24.991],[95.931,25],[95.97,25.011],[95.987,25.021],[95.999,25.029],[96.007,25.037],[96.012,25.047],[96.017,25.054],[96.022,25.056],[96.027,25.055],[96.031,25.052],[96.033,25.047],[96.034,25.04],[96.032,25.033],[96.025,25.008],[96.02,24.998],[96.014,24.983],[96.013,24.972],[96.016,24.963],[96.021,24.958],[96.03,24.956],[96.039,24.957],[96.05,24.962],[96.056,24.968],[96.062,24.974],[96.068,24.986],[96.077,25.027],[96.078,25.045],[96.073,25.078],[96.061,25.106],[96.039,25.141],[95.988,25.2],[95.977,25.241],[95.964,25.429],[95.969,25.516],[95.979,25.556],[95.99,25.567],[95.998,25.569],[96.005,25.566],[96.014,25.559],[96.022,25.551],[96.028,25.543],[96.035,25.537],[96.043,25.534],[96.053,25.534],[96.061,25.539],[96.067,25.546],[96.075,25.556],[96.088,25.571],[96.147,25.613],[96.166,25.632],[96.178,25.652],[96.182,25.672],[96.171,25.701],[96.118,25.76],[96.109,25.777],[96.097,25.822],[96.079,25.861],[96.078,25.873],[96.08,25.889],[96.13,26],[96.131,26.001],[96.133,26.002],[96.139,26.006],[96.148,26.012],[96.157,26.021],[96.164,26.031],[96.169,26.065],[96.155,26.142],[96.132,26.173],[96.126,26.188],[96.119,26.213],[96.104,26.235],[96.089,26.252],[96.084,26.262],[96.083,26.288],[96.078,26.303],[96.068,26.321],[96.014,26.388],[96.009,26.397],[96.007,26.409],[96.007,26.418],[96.02,26.436],[96.075,26.449],[96.102,26.458],[96.128,26.47],[96.145,26.486],[96.15,26.495],[96.152,26.499],[96.143,26.548],[96.139,26.563],[96.132,26.579],[96.121,26.593],[96.105,26.608],[96.085,26.623],[96.055,26.652],[96.047,26.666],[96.052,26.679],[96.07,26.694],[96.198,26.766],[96.203,26.772],[96.204,26.78],[96.205,26.824],[96.212,26.832],[96.224,26.838],[96.252,26.844],[96.266,26.849],[96.275,26.858],[96.276,26.876],[96.279,26.89],[96.288,26.904],[96.293,26.916],[96.288,26.924],[96.252,26.943],[96.239,26.952],[96.239,26.959],[96.254,26.964],[96.342,26.963],[96.399,26.951],[96.414,26.946],[96.432,26.943],[96.449,26.942],[96.624,26.965],[96.678,26.965],[96.702,26.969],[96.765,26.988],[96.875,26.995],[96.952,26.99],[96.965,26.991],[96.978,26.995],[96.986,26.999],[96.99,27.003],[97.003,27.016],[97.059,27.092],[97.067,27.095],[97.077,27.096],[97.09,27.092],[97.098,27.086],[97.106,27.083],[97.119,27.087],[97.123,27.094],[97.133,27.12],[97.135,27.127],[97.129,27.138],[97.121,27.144],[97.112,27.149],[97.104,27.156],[97.102,27.165],[97.101,27.183],[97.095,27.191],[97.068,27.217],[96.905,27.408],[96.881,27.444],[96.877,27.463],[96.89,27.492],[96.888,27.507],[96.885,27.516],[96.881,27.534],[96.88,27.544],[96.877,27.553],[96.866,27.568],[96.862,27.578],[96.862,27.599],[96.87,27.619],[96.884,27.636],[96.9,27.649],[96.94,27.674],[96.957,27.688],[96.991,27.727],[97.004,27.734],[97.036,27.743],[97.051,27.747],[97.057,27.747],[97.06,27.75],[97.062,27.763],[97.065,27.774],[97.072,27.779],[97.092,27.785],[97.098,27.791],[97.106,27.806],[97.112,27.809],[97.123,27.812],[97.132,27.817],[97.182,27.857],[97.198,27.873],[97.211,27.89],[97.223,27.9],[97.241,27.908],[97.261,27.912],[97.276,27.91],[97.288,27.898],[97.289,27.884],[97.293,27.878]]]}},{"type":"Feature","id":"MM-12","properties":{"id":"MM-12","countryCode":"MM","isoSubdivision":"MM-12","name":"Kayah State","name_en":"Kayah State","name_ko":"카야","type":"State","labelLongitude":97.353,"labelLatitude":19.266,"minZoom":7},"geometry":{"type":"Polygon","coordinates":[[[97.869,19.57],[97.849,19.568],[97.84,19.555],[97.839,19.537],[97.841,19.517],[97.844,19.505],[97.848,19.5],[97.849,19.494],[97.842,19.479],[97.834,19.469],[97.8,19.441],[97.767,19.398],[97.768,19.39],[97.775,19.371],[97.777,19.361],[97.783,19.337],[97.797,19.318],[97.806,19.301],[97.798,19.281],[97.789,19.278],[97.777,19.279],[97.768,19.277],[97.764,19.266],[97.77,19.257],[97.796,19.237],[97.805,19.227],[97.813,19.208],[97.815,19.191],[97.811,19.112],[97.804,19.098],[97.79,19.083],[97.728,19.037],[97.717,19.018],[97.71,18.98],[97.703,18.964],[97.689,18.95],[97.668,18.935],[97.658,18.926],[97.662,18.914],[97.684,18.892],[97.709,18.875],[97.719,18.865],[97.723,18.852],[97.719,18.826],[97.72,18.818],[97.733,18.781],[97.736,18.763],[97.736,18.741],[97.741,18.703],[97.753,18.663],[97.76,18.623],[97.752,18.582],[97.746,18.571],[97.743,18.569],[97.738,18.57],[97.69,18.558],[97.637,18.559],[97.618,18.553],[97.548,18.509],[97.51,18.491],[97.463,18.492],[97.438,18.488],[97.427,18.49],[97.417,18.496],[97.412,18.503],[97.409,18.511],[97.389,18.542],[97.38,18.548],[97.373,18.549],[97.36,18.583],[97.348,18.624],[97.347,18.627],[97.343,18.633],[97.334,18.643],[97.33,18.652],[97.325,18.666],[97.32,18.675],[97.316,18.678],[97.312,18.68],[97.301,18.683],[97.212,18.681],[97.178,18.684],[97.146,18.691],[97.142,18.691],[97.131,18.689],[97.127,18.688],[97.123,18.689],[97.115,18.7],[97.057,18.807],[97.053,18.827],[97.031,18.861],[97.021,18.87],[97.017,18.871],[97.014,18.873],[97.012,18.875],[97.01,18.878],[97.009,18.882],[97.012,18.894],[97.015,18.901],[97.015,18.906],[97.013,18.911],[97,18.926],[96.992,18.932],[96.983,18.941],[96.976,18.955],[96.968,18.975],[96.965,18.987],[96.965,19.004],[96.965,19.011],[96.959,19.03],[96.956,19.055],[96.958,19.065],[96.957,19.069],[96.955,19.074],[96.948,19.082],[96.944,19.088],[96.942,19.094],[96.938,19.105],[96.932,19.118],[96.915,19.141],[96.907,19.149],[96.899,19.153],[96.895,19.153],[96.891,19.155],[96.887,19.156],[96.88,19.162],[96.877,19.164],[96.866,19.168],[96.864,19.173],[96.861,19.183],[96.858,19.203],[96.85,19.225],[96.847,19.23],[96.839,19.249],[96.836,19.26],[96.84,19.288],[96.84,19.29],[96.865,19.312],[96.901,19.355],[96.927,19.405],[96.927,19.436],[96.919,19.456],[96.903,19.48],[96.898,19.488],[96.896,19.496],[96.895,19.5],[96.896,19.505],[96.899,19.515],[96.914,19.549],[96.938,19.585],[96.973,19.624],[97.027,19.667],[97.135,19.728],[97.142,19.759],[97.144,19.866],[97.154,19.876],[97.157,19.882],[97.166,19.938],[97.162,19.97],[97.168,19.989],[97.188,19.989],[97.197,19.987],[97.218,19.979],[97.226,19.972],[97.23,19.967],[97.233,19.956],[97.234,19.951],[97.234,19.944],[97.233,19.937],[97.233,19.931],[97.233,19.925],[97.236,19.912],[97.239,19.907],[97.243,19.903],[97.257,19.896],[97.263,19.893],[97.271,19.891],[97.281,19.891],[97.317,19.898],[97.325,19.898],[97.33,19.898],[97.335,19.897],[97.34,19.899],[97.345,19.903],[97.351,19.914],[97.355,19.93],[97.368,19.946],[97.392,19.953],[97.393,19.94],[97.447,19.882],[97.461,19.88],[97.472,19.881],[97.479,19.883],[97.485,19.885],[97.491,19.889],[97.495,19.894],[97.499,19.897],[97.502,19.899],[97.506,19.9],[97.508,19.901],[97.514,19.902],[97.519,19.899],[97.525,19.892],[97.539,19.861],[97.554,19.844],[97.562,19.838],[97.569,19.835],[97.578,19.834],[97.582,19.832],[97.586,19.827],[97.586,19.819],[97.584,19.811],[97.567,19.772],[97.563,19.759],[97.56,19.747],[97.56,19.742],[97.563,19.737],[97.568,19.732],[97.581,19.725],[97.589,19.719],[97.596,19.71],[97.608,19.691],[97.612,19.687],[97.625,19.679],[97.651,19.676],[97.727,19.656],[97.736,19.657],[97.743,19.66],[97.748,19.665],[97.752,19.669],[97.759,19.67],[97.767,19.668],[97.777,19.664],[97.797,19.653],[97.809,19.65],[97.818,19.649],[97.825,19.651],[97.831,19.65],[97.839,19.647],[97.847,19.642],[97.852,19.635],[97.857,19.623],[97.858,19.609],[97.869,19.571],[97.869,19.57]]]}},{"type":"Feature","id":"MM-13","properties":{"id":"MM-13","countryCode":"MM","isoSubdivision":"MM-13","name":"Kayin State","name_en":"Kayin State","name_ko":"카인","type":"State","labelLongitude":97.651,"labelLatitude":17.4,"minZoom":7},"geometry":{"type":"Polygon","coordinates":[[[97.373,18.549],[97.351,18.551],[97.358,18.54],[97.379,18.521],[97.39,18.502],[97.395,18.487],[97.418,18.441],[97.443,18.403],[97.446,18.381],[97.447,18.358],[97.453,18.334],[97.467,18.311],[97.486,18.292],[97.508,18.277],[97.528,18.265],[97.538,18.273],[97.542,18.28],[97.561,18.328],[97.562,18.331],[97.574,18.333],[97.625,18.313],[97.638,18.306],[97.644,18.291],[97.643,18.273],[97.636,18.258],[97.621,18.251],[97.618,18.242],[97.629,18.221],[97.68,18.153],[97.684,18.146],[97.685,18.14],[97.685,18.132],[97.688,18.12],[97.697,18.102],[97.699,18.091],[97.698,18.085],[97.694,18.075],[97.693,18.07],[97.694,18.062],[97.698,18.061],[97.702,18.062],[97.706,18.059],[97.72,18.053],[97.722,18.049],[97.725,18.037],[97.74,18.003],[97.744,17.998],[97.747,17.992],[97.752,17.981],[97.754,17.969],[97.751,17.964],[97.748,17.961],[97.72,17.943],[97.692,17.896],[97.686,17.881],[97.699,17.833],[97.676,17.83],[97.684,17.817],[97.696,17.807],[97.707,17.795],[97.711,17.781],[97.717,17.77],[97.741,17.75],[97.75,17.74],[97.752,17.73],[97.752,17.718],[97.753,17.705],[97.759,17.691],[97.769,17.679],[97.908,17.555],[97.934,17.532],[97.949,17.522],[97.972,17.512],[97.983,17.505],[97.992,17.496],[97.996,17.481],[98.018,17.447],[98.029,17.419],[98.035,17.405],[98.049,17.392],[98.062,17.385],[98.077,17.38],[98.089,17.373],[98.095,17.359],[98.094,17.346],[98.09,17.325],[98.093,17.312],[98.101,17.303],[98.186,17.224],[98.202,17.216],[98.221,17.201],[98.256,17.152],[98.279,17.137],[98.271,17.128],[98.266,17.116],[98.268,17.108],[98.294,17.108],[98.295,17.1],[98.29,17.091],[98.286,17.087],[98.3,17.065],[98.313,17.052],[98.331,17.047],[98.38,17.046],[98.4,17.04],[98.418,17.029],[98.436,17.012],[98.447,16.996],[98.464,16.964],[98.475,16.95],[98.48,16.937],[98.481,16.921],[98.484,16.906],[98.5,16.899],[98.509,16.893],[98.516,16.879],[98.525,16.85],[98.512,16.859],[98.501,16.862],[98.493,16.857],[98.49,16.843],[98.494,16.831],[98.503,16.826],[98.513,16.822],[98.521,16.814],[98.518,16.803],[98.505,16.791],[98.489,16.781],[98.475,16.777],[98.463,16.76],[98.455,16.741],[98.457,16.723],[98.486,16.701],[98.491,16.69],[98.498,16.662],[98.512,16.643],[98.547,16.62],[98.562,16.602],[98.566,16.592],[98.568,16.583],[98.567,16.573],[98.564,16.563],[98.564,16.552],[98.57,16.542],[98.632,16.463],[98.64,16.445],[98.638,16.434],[98.628,16.414],[98.629,16.403],[98.642,16.374],[98.657,16.302],[98.663,16.287],[98.682,16.273],[98.698,16.285],[98.728,16.328],[98.789,16.375],[98.802,16.398],[98.81,16.44],[98.819,16.456],[98.84,16.472],[98.843,16.438],[98.862,16.421],[98.885,16.406],[98.903,16.382],[98.903,16.363],[98.893,16.32],[98.889,16.275],[98.884,16.259],[98.856,16.227],[98.843,16.209],[98.837,16.189],[98.835,16.168],[98.835,16.145],[98.831,16.136],[98.807,16.111],[98.798,16.104],[98.783,16.102],[98.776,16.107],[98.77,16.114],[98.758,16.119],[98.697,16.127],[98.68,16.126],[98.659,16.116],[98.65,16.1],[98.644,16.08],[98.63,16.06],[98.619,16.051],[98.612,16.047],[98.603,16.046],[98.59,16.046],[98.58,16.049],[98.568,16.054],[98.556,16.056],[98.547,16.047],[98.55,16.034],[98.577,15.997],[98.584,15.977],[98.581,15.959],[98.569,15.92],[98.569,15.896],[98.577,15.854],[98.574,15.836],[98.543,15.735],[98.54,15.712],[98.544,15.675],[98.546,15.659],[98.544,15.602],[98.567,15.453],[98.569,15.402],[98.56,15.355],[98.534,15.326],[98.53,15.348],[98.515,15.363],[98.495,15.375],[98.475,15.383],[98.455,15.374],[98.439,15.368],[98.403,15.36],[98.397,15.356],[98.396,15.348],[98.4,15.331],[98.399,15.322],[98.394,15.316],[98.385,15.311],[98.384,15.31],[98.381,15.307],[98.379,15.302],[98.377,15.296],[98.38,15.294],[98.386,15.29],[98.392,15.286],[98.395,15.28],[98.395,15.265],[98.392,15.258],[98.385,15.256],[98.37,15.262],[98.336,15.282],[98.318,15.289],[98.295,15.293],[98.283,15.29],[98.248,15.241],[98.233,15.227],[98.215,15.219],[98.208,15.219],[98.207,15.229],[98.209,15.249],[98.207,15.262],[98.197,15.288],[98.19,15.302],[98.185,15.306],[98.165,15.319],[98.162,15.321],[98.155,15.326],[98.146,15.335],[98.128,15.36],[98.119,15.375],[98.111,15.393],[98.096,15.417],[98.091,15.422],[98.08,15.429],[98.076,15.435],[98.043,15.502],[98.04,15.506],[98.024,15.521],[98.015,15.532],[98.01,15.541],[98.001,15.561],[97.999,15.565],[97.996,15.568],[97.994,15.571],[97.983,15.58],[97.972,15.587],[97.955,15.601],[97.952,15.606],[97.95,15.611],[97.951,15.625],[97.95,15.632],[97.948,15.636],[97.946,15.639],[97.943,15.642],[97.941,15.643],[97.932,15.646],[97.928,15.647],[97.905,15.667],[97.877,15.674],[97.871,15.684],[97.869,15.691],[97.869,15.696],[97.87,15.701],[97.872,15.707],[97.874,15.715],[97.875,15.718],[97.877,15.721],[97.883,15.725],[97.885,15.728],[97.887,15.733],[97.887,15.737],[97.885,15.741],[97.877,15.753],[97.876,15.76],[97.875,15.768],[97.874,15.775],[97.872,15.78],[97.865,15.791],[97.865,15.797],[97.866,15.803],[97.865,15.807],[97.864,15.812],[97.85,15.84],[97.841,15.855],[97.839,15.864],[97.835,15.897],[97.835,15.915],[97.837,15.918],[97.839,15.923],[97.84,15.931],[97.839,15.964],[97.839,15.968],[97.84,15.971],[97.841,15.974],[97.843,15.976],[97.845,15.979],[97.846,15.983],[97.847,15.988],[97.847,16.002],[97.848,16.005],[97.849,16.008],[97.851,16.011],[97.853,16.013],[97.855,16.016],[97.858,16.019],[97.861,16.024],[97.863,16.034],[97.864,16.04],[97.863,16.045],[97.861,16.048],[97.852,16.059],[97.849,16.079],[97.846,16.087],[97.826,16.118],[97.822,16.125],[97.823,16.134],[97.866,16.14],[97.921,16.14],[97.929,16.141],[97.934,16.144],[97.964,16.151],[98.006,16.153],[98.014,16.151],[98.033,16.138],[98.036,16.136],[98.04,16.135],[98.047,16.133],[98.051,16.132],[98.06,16.127],[98.07,16.124],[98.075,16.124],[98.079,16.126],[98.083,16.131],[98.086,16.137],[98.088,16.14],[98.091,16.142],[98.096,16.144],[98.103,16.146],[98.107,16.148],[98.12,16.157],[98.132,16.163],[98.135,16.167],[98.137,16.172],[98.135,16.191],[98.135,16.193],[98.133,16.196],[98.132,16.198],[98.118,16.208],[98.103,16.221],[98.101,16.224],[98.099,16.227],[98.096,16.233],[98.095,16.236],[98.093,16.238],[98.09,16.24],[98.086,16.242],[98.084,16.244],[98.083,16.248],[98.085,16.255],[98.086,16.26],[98.085,16.265],[98.083,16.272],[98.082,16.275],[98.081,16.278],[98.079,16.281],[98.077,16.284],[98.074,16.286],[98.068,16.289],[98.065,16.291],[98.062,16.293],[98.049,16.312],[98.04,16.322],[98.037,16.323],[98.027,16.328],[98.019,16.329],[98.016,16.331],[98.013,16.332],[98.01,16.334],[98.007,16.336],[98.005,16.339],[98.004,16.342],[98.002,16.349],[97.997,16.385],[97.991,16.405],[97.99,16.417],[97.987,16.424],[97.985,16.426],[97.983,16.428],[97.98,16.427],[97.971,16.423],[97.967,16.422],[97.963,16.421],[97.936,16.423],[97.929,16.425],[97.925,16.426],[97.922,16.428],[97.92,16.43],[97.917,16.432],[97.916,16.435],[97.914,16.438],[97.908,16.455],[97.907,16.458],[97.903,16.463],[97.9,16.466],[97.895,16.47],[97.889,16.474],[97.886,16.475],[97.868,16.481],[97.865,16.482],[97.862,16.484],[97.86,16.487],[97.858,16.49],[97.857,16.497],[97.854,16.501],[97.85,16.513],[97.854,16.535],[97.845,16.538],[97.805,16.521],[97.793,16.518],[97.786,16.518],[97.783,16.52],[97.751,16.552],[97.74,16.559],[97.736,16.567],[97.73,16.572],[97.722,16.577],[97.713,16.58],[97.704,16.574],[97.701,16.596],[97.699,16.599],[97.695,16.602],[97.693,16.602],[97.691,16.602],[97.681,16.599],[97.676,16.598],[97.67,16.598],[97.661,16.6],[97.656,16.603],[97.651,16.607],[97.637,16.625],[97.637,16.628],[97.639,16.634],[97.639,16.638],[97.637,16.646],[97.635,16.649],[97.632,16.652],[97.614,16.659],[97.595,16.679],[97.563,16.719],[97.558,16.728],[97.556,16.735],[97.554,16.751],[97.551,16.765],[97.554,16.777],[97.553,16.791],[97.536,16.811],[97.535,16.815],[97.534,16.822],[97.535,16.826],[97.536,16.834],[97.534,16.839],[97.532,16.842],[97.521,16.85],[97.515,16.856],[97.51,16.865],[97.506,16.871],[97.498,16.88],[97.496,16.885],[97.496,16.89],[97.498,16.897],[97.499,16.9],[97.497,16.921],[97.499,16.933],[97.5,16.941],[97.499,16.944],[97.498,16.947],[97.478,16.971],[97.475,16.976],[97.473,16.98],[97.468,17.014],[97.469,17.022],[97.471,17.027],[97.475,17.028],[97.478,17.027],[97.482,17.028],[97.485,17.029],[97.488,17.031],[97.49,17.035],[97.492,17.039],[97.494,17.047],[97.493,17.052],[97.491,17.058],[97.487,17.065],[97.486,17.069],[97.486,17.073],[97.489,17.075],[97.495,17.078],[97.5,17.081],[97.502,17.082],[97.505,17.088],[97.506,17.094],[97.508,17.097],[97.51,17.101],[97.513,17.102],[97.517,17.103],[97.521,17.105],[97.529,17.119],[97.531,17.125],[97.531,17.129],[97.53,17.133],[97.525,17.142],[97.509,17.185],[97.521,17.202],[97.522,17.211],[97.519,17.222],[97.514,17.234],[97.512,17.238],[97.504,17.263],[97.504,17.27],[97.505,17.275],[97.507,17.277],[97.513,17.282],[97.516,17.287],[97.521,17.295],[97.521,17.301],[97.519,17.308],[97.512,17.324],[97.509,17.329],[97.507,17.331],[97.505,17.333],[97.499,17.338],[97.497,17.34],[97.493,17.345],[97.483,17.367],[97.479,17.373],[97.476,17.375],[97.473,17.381],[97.462,17.415],[97.458,17.436],[97.455,17.447],[97.452,17.453],[97.447,17.459],[97.445,17.464],[97.445,17.469],[97.457,17.525],[97.457,17.53],[97.456,17.534],[97.454,17.536],[97.446,17.543],[97.44,17.546],[97.429,17.55],[97.427,17.552],[97.417,17.561],[97.412,17.565],[97.409,17.571],[97.387,17.625],[97.384,17.632],[97.384,17.637],[97.384,17.641],[97.391,17.662],[97.395,17.668],[97.416,17.683],[97.422,17.692],[97.423,17.696],[97.423,17.7],[97.421,17.705],[97.419,17.708],[97.417,17.71],[97.414,17.71],[97.411,17.708],[97.408,17.702],[97.406,17.7],[97.403,17.701],[97.399,17.702],[97.396,17.703],[97.393,17.705],[97.389,17.706],[97.385,17.706],[97.38,17.704],[97.377,17.702],[97.376,17.698],[97.375,17.695],[97.375,17.691],[97.377,17.679],[97.376,17.676],[97.374,17.673],[97.367,17.669],[97.362,17.665],[97.358,17.661],[97.344,17.638],[97.343,17.634],[97.342,17.63],[97.342,17.626],[97.342,17.622],[97.341,17.618],[97.34,17.612],[97.331,17.594],[97.326,17.59],[97.322,17.589],[97.298,17.599],[97.294,17.6],[97.288,17.6],[97.284,17.599],[97.269,17.582],[97.26,17.576],[97.255,17.573],[97.252,17.569],[97.251,17.566],[97.25,17.562],[97.25,17.553],[97.249,17.547],[97.246,17.545],[97.242,17.544],[97.234,17.546],[97.213,17.559],[97.213,17.572],[97.215,17.577],[97.216,17.582],[97.218,17.621],[97.185,17.702],[97.179,17.724],[97.178,17.738],[97.181,17.744],[97.193,17.76],[97.196,17.766],[97.201,17.785],[97.204,17.807],[97.203,17.819],[97.2,17.827],[97.195,17.831],[97.189,17.834],[97.183,17.837],[97.179,17.845],[97.179,17.854],[97.178,17.862],[97.176,17.869],[97.132,17.956],[97.13,17.966],[97.13,17.973],[97.135,17.985],[97.139,17.991],[97.143,17.995],[97.151,18.003],[97.155,18.008],[97.158,18.013],[97.162,18.024],[97.166,18.03],[97.17,18.034],[97.174,18.039],[97.186,18.065],[97.188,18.073],[97.19,18.097],[97.191,18.102],[97.193,18.108],[97.202,18.123],[97.206,18.136],[97.206,18.145],[97.204,18.153],[97.199,18.158],[97.194,18.162],[97.156,18.189],[97.14,18.206],[97.14,18.222],[97.142,18.234],[97.141,18.261],[97.138,18.279],[97.129,18.304],[97.122,18.314],[97.115,18.318],[97.109,18.316],[97.103,18.313],[97.099,18.308],[97.096,18.303],[97.093,18.293],[97.088,18.289],[97.082,18.288],[97.072,18.293],[97.067,18.298],[97.064,18.304],[97.063,18.31],[97.065,18.325],[97.064,18.333],[97.06,18.339],[97.046,18.353],[97.041,18.357],[97.035,18.36],[97.018,18.367],[97.007,18.373],[96.999,18.381],[96.991,18.392],[96.977,18.416],[96.971,18.429],[96.97,18.439],[96.977,18.452],[96.979,18.458],[96.981,18.464],[96.981,18.474],[96.981,18.479],[96.982,18.486],[96.99,18.519],[96.989,18.539],[96.983,18.563],[96.983,18.57],[96.983,18.578],[96.982,18.588],[96.978,18.598],[96.974,18.605],[96.969,18.61],[96.957,18.619],[96.955,18.624],[96.953,18.632],[96.95,18.639],[96.945,18.643],[96.939,18.645],[96.93,18.645],[96.882,18.631],[96.832,18.604],[96.821,18.6],[96.813,18.599],[96.797,18.605],[96.781,18.607],[96.771,18.61],[96.763,18.613],[96.75,18.621],[96.741,18.624],[96.734,18.624],[96.728,18.622],[96.721,18.617],[96.715,18.611],[96.703,18.604],[96.696,18.605],[96.69,18.609],[96.686,18.615],[96.682,18.628],[96.68,18.634],[96.662,18.653],[96.655,18.667],[96.643,18.701],[96.616,18.748],[96.617,18.765],[96.643,18.794],[96.641,18.808],[96.627,18.826],[96.617,18.843],[96.615,18.857],[96.619,18.867],[96.627,18.876],[96.64,18.885],[96.679,18.91],[96.684,18.922],[96.683,18.926],[96.679,18.931],[96.669,18.939],[96.666,18.944],[96.66,18.958],[96.656,18.963],[96.652,18.969],[96.621,18.994],[96.59,19.017],[96.551,19.052],[96.53,19.08],[96.524,19.09],[96.52,19.1],[96.519,19.107],[96.517,19.116],[96.514,19.122],[96.506,19.125],[96.501,19.14],[96.502,19.142],[96.506,19.146],[96.519,19.154],[96.538,19.173],[96.538,19.18],[96.536,19.185],[96.53,19.188],[96.524,19.191],[96.518,19.196],[96.513,19.205],[96.508,19.228],[96.503,19.239],[96.5,19.246],[96.497,19.249],[96.491,19.255],[96.486,19.264],[96.48,19.28],[96.475,19.289],[96.469,19.297],[96.463,19.303],[96.461,19.309],[96.465,19.327],[96.466,19.344],[96.464,19.354],[96.46,19.362],[96.455,19.366],[96.444,19.373],[96.437,19.379],[96.431,19.387],[96.423,19.4],[96.421,19.407],[96.421,19.415],[96.423,19.421],[96.425,19.431],[96.424,19.438],[96.419,19.446],[96.414,19.45],[96.399,19.47],[96.505,19.48],[96.525,19.477],[96.544,19.469],[96.567,19.465],[96.584,19.46],[96.586,19.457],[96.586,19.454],[96.585,19.451],[96.584,19.449],[96.583,19.445],[96.583,19.44],[96.588,19.433],[96.592,19.431],[96.596,19.432],[96.604,19.438],[96.607,19.439],[96.618,19.443],[96.631,19.449],[96.634,19.45],[96.637,19.452],[96.64,19.458],[96.642,19.461],[96.651,19.471],[96.662,19.479],[96.664,19.482],[96.667,19.488],[96.673,19.496],[96.694,19.467],[96.701,19.45],[96.704,19.447],[96.707,19.444],[96.71,19.444],[96.723,19.442],[96.732,19.439],[96.744,19.432],[96.788,19.403],[96.816,19.388],[96.822,19.383],[96.825,19.378],[96.828,19.371],[96.829,19.367],[96.843,19.345],[96.845,19.342],[96.846,19.339],[96.847,19.335],[96.847,19.332],[96.846,19.329],[96.842,19.323],[96.84,19.32],[96.839,19.303],[96.84,19.29],[96.84,19.288],[96.836,19.26],[96.839,19.249],[96.847,19.23],[96.85,19.225],[96.858,19.203],[96.861,19.183],[96.864,19.173],[96.866,19.168],[96.877,19.164],[96.88,19.162],[96.887,19.156],[96.891,19.155],[96.895,19.153],[96.899,19.153],[96.907,19.149],[96.915,19.141],[96.932,19.118],[96.938,19.105],[96.942,19.094],[96.944,19.088],[96.948,19.082],[96.955,19.074],[96.957,19.069],[96.958,19.065],[96.956,19.055],[96.959,19.03],[96.965,19.011],[96.965,19.004],[96.965,18.987],[96.968,18.975],[96.976,18.955],[96.983,18.941],[96.992,18.932],[97,18.926],[97.013,18.911],[97.015,18.906],[97.015,18.901],[97.012,18.894],[97.009,18.882],[97.01,18.878],[97.012,18.875],[97.014,18.873],[97.017,18.871],[97.021,18.87],[97.031,18.861],[97.053,18.827],[97.057,18.807],[97.115,18.7],[97.123,18.689],[97.127,18.688],[97.131,18.689],[97.142,18.691],[97.146,18.691],[97.178,18.684],[97.212,18.681],[97.301,18.683],[97.312,18.68],[97.316,18.678],[97.32,18.675],[97.325,18.666],[97.33,18.652],[97.334,18.643],[97.343,18.633],[97.347,18.627],[97.348,18.624],[97.36,18.583],[97.373,18.549]]]}},{"type":"Feature","id":"MM-14","properties":{"id":"MM-14","countryCode":"MM","isoSubdivision":"MM-14","name":"Chin State","name_en":"Chin State","name_ko":"친","type":"State","labelLongitude":93.373,"labelLatitude":21.926,"minZoom":7},"geometry":{"type":"Polygon","coordinates":[[[92.641,21.309],[92.639,21.319],[92.603,21.42],[92.593,21.47],[92.59,21.496],[92.576,21.734],[92.593,21.887],[92.59,21.917],[92.576,21.978],[92.584,21.98],[92.591,21.984],[92.598,21.989],[92.604,21.995],[92.615,22.009],[92.628,22.012],[92.64,22.013],[92.651,22.019],[92.658,22.033],[92.658,22.047],[92.656,22.061],[92.656,22.075],[92.662,22.095],[92.665,22.094],[92.67,22.093],[92.674,22.095],[92.675,22.106],[92.671,22.134],[92.674,22.147],[92.684,22.154],[92.708,22.148],[92.772,22.104],[92.836,22.047],[92.854,22.024],[92.862,21.995],[92.867,21.967],[92.877,21.957],[92.889,21.967],[92.899,21.995],[92.906,22.017],[92.921,22.022],[92.937,22.013],[92.95,21.995],[92.956,21.99],[92.962,21.987],[92.968,21.987],[92.975,21.991],[92.977,21.993],[92.979,21.995],[92.98,22.002],[92.98,22.009],[92.978,22.016],[92.975,22.023],[92.968,22.036],[92.965,22.05],[92.967,22.063],[92.985,22.096],[92.995,22.103],[93.007,22.106],[93.025,22.113],[93.023,22.121],[93.024,22.189],[93.022,22.196],[93.025,22.202],[93.036,22.206],[93.046,22.207],[93.072,22.202],[93.091,22.197],[93.104,22.187],[93.12,22.181],[93.142,22.187],[93.123,22.218],[93.124,22.231],[93.125,22.232],[93.13,22.232],[93.151,22.241],[93.161,22.243],[93.169,22.247],[93.174,22.259],[93.174,22.269],[93.166,22.387],[93.154,22.428],[93.118,22.463],[93.11,22.479],[93.099,22.512],[93.098,22.535],[93.109,22.575],[93.111,22.596],[93.104,22.616],[93.082,22.653],[93.074,22.672],[93.071,22.693],[93.08,22.773],[93.112,22.8],[93.116,22.798],[93.125,22.822],[93.161,22.861],[93.176,22.882],[93.177,22.9],[93.171,22.92],[93.151,22.956],[93.143,22.978],[93.138,23.005],[93.14,23.032],[93.152,23.05],[93.177,23.058],[93.197,23.054],[93.212,23.04],[93.226,23.02],[93.247,23.004],[93.273,23.006],[93.299,23.018],[93.318,23.034],[93.333,23.052],[93.375,23.13],[93.375,23.142],[93.373,23.154],[93.373,23.17],[93.381,23.237],[93.376,23.279],[93.378,23.297],[93.384,23.313],[93.404,23.339],[93.407,23.347],[93.408,23.356],[93.406,23.368],[93.4,23.426],[93.4,23.454],[93.432,23.647],[93.43,23.68],[93.426,23.691],[93.412,23.709],[93.406,23.719],[93.375,23.739],[93.358,23.855],[93.359,23.891],[93.356,23.907],[93.352,23.914],[93.346,23.919],[93.338,23.928],[93.316,23.961],[93.308,23.978],[93.303,23.995],[93.301,24.017],[93.303,24.036],[93.303,24.041],[93.31,24.064],[93.322,24.08],[93.349,24.089],[93.368,24.078],[93.397,24.038],[93.407,24.026],[93.439,23.995],[93.446,23.982],[93.449,23.969],[93.457,23.96],[93.475,23.958],[93.496,23.959],[93.527,23.975],[93.543,23.981],[93.55,23.978],[93.555,23.971],[93.561,23.966],[93.571,23.968],[93.577,23.973],[93.582,23.98],[93.586,23.987],[93.588,23.995],[93.612,24.009],[93.66,24.011],[93.711,24.005],[93.743,23.995],[93.783,23.945],[93.804,23.936],[93.883,23.945],[93.912,23.939],[93.941,23.929],[93.975,23.921],[93.998,23.917],[94.055,23.888],[94.071,23.876],[94.085,23.858],[94.1,23.843],[94.117,23.842],[94.129,23.854],[94.135,23.844],[94.14,23.778],[94.145,23.76],[94.164,23.721],[94.17,23.695],[94.157,23.601],[94.151,23.573],[94.143,23.499],[94.142,23.497],[94.139,23.491],[94.135,23.486],[94.128,23.479],[94.123,23.476],[94.114,23.477],[94.1,23.481],[94.067,23.5],[94.066,23.5],[94.06,23.501],[94.054,23.501],[94.05,23.499],[94.045,23.491],[94.045,23.461],[94.052,23.437],[94.054,23.423],[94.049,23.348],[94.044,23.34],[94.035,23.336],[94.011,23.337],[94,23.331],[94.011,23.295],[94.011,23.278],[93.999,23.231],[93.998,23.22],[94.002,23.167],[94.019,23.072],[94.02,23.052],[94.015,23.012],[93.993,22.933],[93.993,22.92],[93.998,22.909],[94.002,22.896],[94.009,22.881],[94.014,22.815],[94.005,22.78],[94,22.772],[93.994,22.743],[94.007,22.678],[94.015,22.624],[94.026,22.59],[94.027,22.573],[94.023,22.536],[94.035,22.433],[94.034,22.419],[94.024,22.395],[94.026,22.388],[94.039,22.386],[94.047,22.383],[94.051,22.374],[94.047,22.36],[94.025,22.326],[94.021,22.313],[94.022,22.294],[94.05,22.16],[94.05,22.14],[94.046,22.116],[94.026,22.07],[94.021,22.049],[94.044,21.981],[94.052,21.963],[94.053,21.959],[94.054,21.952],[94.05,21.945],[94.033,21.937],[94.024,21.93],[94.017,21.922],[94.007,21.891],[94.004,21.828],[94.007,21.79],[94.022,21.756],[94.061,21.688],[94.107,21.615],[94.125,21.586],[94.13,21.573],[94.13,21.555],[94.125,21.539],[94.076,21.437],[94.058,21.32],[94.028,21.266],[94.052,21.243],[94.093,21.22],[94.106,21.209],[94.113,21.196],[94.116,21.177],[94.119,21.111],[94.117,21.087],[94.11,21.066],[94.046,20.957],[94.039,20.917],[94.042,20.907],[94.074,20.842],[94.082,20.819],[94.09,20.776],[94.096,20.76],[94.104,20.747],[94.132,20.712],[94.135,20.706],[94.138,20.701],[94.138,20.693],[94.13,20.682],[94.108,20.672],[94.023,20.652],[93.995,20.653],[93.978,20.656],[93.905,20.702],[93.894,20.717],[93.869,20.741],[93.854,20.751],[93.837,20.756],[93.809,20.757],[93.802,20.762],[93.797,20.774],[93.794,20.789],[93.787,20.809],[93.782,20.817],[93.78,20.822],[93.765,20.848],[93.75,20.869],[93.735,20.881],[93.725,20.888],[93.689,20.892],[93.668,20.879],[93.661,20.868],[93.656,20.854],[93.651,20.796],[93.652,20.783],[93.653,20.777],[93.656,20.771],[93.66,20.765],[93.663,20.758],[93.666,20.754],[93.68,20.727],[93.684,20.716],[93.68,20.706],[93.672,20.698],[93.65,20.691],[93.637,20.684],[93.615,20.666],[93.602,20.663],[93.586,20.666],[93.565,20.676],[93.548,20.68],[93.527,20.679],[93.501,20.671],[93.474,20.674],[93.413,20.701],[93.263,20.793],[93.246,20.807],[93.237,20.818],[93.232,20.826],[93.224,20.86],[93.177,20.889],[93.168,20.901],[93.16,20.918],[93.149,21.02],[93.143,21.035],[93.133,21.044],[92.958,21.078],[92.94,21.08],[92.928,21.078],[92.916,21.071],[92.893,21.046],[92.881,21.039],[92.869,21.037],[92.855,21.043],[92.835,21.06],[92.821,21.081],[92.812,21.099],[92.804,21.121],[92.78,21.156],[92.72,21.221],[92.669,21.297],[92.641,21.309]]]}},{"type":"Feature","id":"MM-15","properties":{"id":"MM-15","countryCode":"MM","isoSubdivision":"MM-15","name":"Mon State","name_en":"Mon State","name_ko":"몬","type":"State","labelLongitude":97.806,"labelLatitude":16.305,"minZoom":7},"geometry":{"type":"MultiPolygon","coordinates":[[[[98.208,15.219],[98.177,15.221],[98.178,15.209],[98.185,15.193],[98.191,15.179],[98.186,15.161],[98.165,15.126],[98.16,15.106],[98.168,15.083],[98.199,15.052],[98.199,15.051],[98.204,15.03],[98.201,15.019],[98.196,15.011],[98.191,15.001],[98.191,14.993],[98.137,14.992],[98.119,14.993],[98.107,14.996],[98.101,14.999],[98.097,15.001],[98.087,15.011],[98.075,15.025],[98.037,15.087],[98.029,15.096],[98.021,15.099],[98.013,15.098],[97.987,15.089],[97.969,15.085],[97.934,15.081],[97.922,15.081],[97.902,15.078],[97.896,15.072],[97.892,15.064],[97.886,15.028],[97.88,15.001],[97.872,14.979],[97.855,14.945],[97.834,14.914],[97.821,14.898],[97.797,14.882],[97.795,14.88],[97.8,14.89],[97.803,14.901],[97.802,14.925],[97.804,14.936],[97.814,14.95],[97.816,14.959],[97.813,14.983],[97.804,14.999],[97.791,15.009],[97.774,15.017],[97.78,15.026],[97.787,15.031],[97.797,15.032],[97.808,15.031],[97.804,15.038],[97.799,15.051],[97.795,15.058],[97.807,15.075],[97.81,15.095],[97.807,15.175],[97.811,15.191],[97.823,15.209],[97.795,15.209],[97.78,15.211],[97.769,15.223],[97.743,15.267],[97.741,15.276],[97.74,15.292],[97.742,15.318],[97.738,15.329],[97.726,15.34],[97.73,15.349],[97.734,15.355],[97.741,15.359],[97.75,15.36],[97.761,15.394],[97.767,15.389],[97.775,15.393],[97.795,15.408],[97.787,15.419],[97.761,15.491],[97.762,15.504],[97.774,15.531],[97.767,15.544],[97.743,15.604],[97.744,15.61],[97.747,15.618],[97.747,15.626],[97.745,15.634],[97.74,15.641],[97.744,15.651],[97.744,15.665],[97.738,15.68],[97.73,15.692],[97.726,15.701],[97.727,15.71],[97.732,15.718],[97.734,15.726],[97.731,15.734],[97.717,15.749],[97.713,15.757],[97.714,15.763],[97.723,15.772],[97.726,15.778],[97.727,15.843],[97.721,15.856],[97.706,15.86],[97.712,15.888],[97.691,15.912],[97.637,15.949],[97.61,15.984],[97.582,16.009],[97.576,16.017],[97.576,16.022],[97.569,16.062],[97.569,16.073],[97.572,16.08],[97.577,16.085],[97.586,16.086],[97.601,16.092],[97.612,16.107],[97.62,16.125],[97.639,16.238],[97.648,16.259],[97.651,16.271],[97.65,16.284],[97.647,16.293],[97.637,16.312],[97.626,16.352],[97.623,16.394],[97.627,16.438],[97.637,16.477],[97.652,16.507],[97.674,16.533],[97.703,16.552],[97.74,16.559],[97.751,16.552],[97.783,16.52],[97.786,16.518],[97.793,16.518],[97.805,16.521],[97.845,16.538],[97.854,16.535],[97.85,16.513],[97.854,16.501],[97.857,16.497],[97.858,16.49],[97.86,16.487],[97.862,16.484],[97.865,16.482],[97.868,16.481],[97.886,16.475],[97.889,16.474],[97.895,16.47],[97.9,16.466],[97.903,16.463],[97.907,16.458],[97.908,16.455],[97.914,16.438],[97.916,16.435],[97.917,16.432],[97.92,16.43],[97.922,16.428],[97.925,16.426],[97.929,16.425],[97.936,16.423],[97.963,16.421],[97.967,16.422],[97.971,16.423],[97.98,16.427],[97.983,16.428],[97.985,16.426],[97.987,16.424],[97.99,16.417],[97.991,16.405],[97.997,16.385],[98.002,16.349],[98.004,16.342],[98.005,16.339],[98.007,16.336],[98.01,16.334],[98.013,16.332],[98.016,16.331],[98.019,16.329],[98.027,16.328],[98.037,16.323],[98.04,16.322],[98.049,16.312],[98.062,16.293],[98.065,16.291],[98.068,16.289],[98.074,16.286],[98.077,16.284],[98.079,16.281],[98.081,16.278],[98.082,16.275],[98.083,16.272],[98.085,16.265],[98.086,16.26],[98.085,16.255],[98.083,16.248],[98.084,16.244],[98.086,16.242],[98.09,16.24],[98.093,16.238],[98.095,16.236],[98.096,16.233],[98.099,16.227],[98.101,16.224],[98.103,16.221],[98.118,16.208],[98.132,16.198],[98.133,16.196],[98.135,16.193],[98.135,16.191],[98.137,16.172],[98.135,16.167],[98.132,16.163],[98.12,16.157],[98.107,16.148],[98.103,16.146],[98.096,16.144],[98.091,16.142],[98.088,16.14],[98.086,16.137],[98.083,16.131],[98.079,16.126],[98.075,16.124],[98.07,16.124],[98.06,16.127],[98.051,16.132],[98.047,16.133],[98.04,16.135],[98.036,16.136],[98.033,16.138],[98.014,16.151],[98.006,16.153],[97.964,16.151],[97.934,16.144],[97.929,16.141],[97.921,16.14],[97.866,16.14],[97.823,16.134],[97.822,16.125],[97.826,16.118],[97.846,16.087],[97.849,16.079],[97.852,16.059],[97.861,16.048],[97.863,16.045],[97.864,16.04],[97.863,16.034],[97.861,16.024],[97.858,16.019],[97.855,16.016],[97.853,16.013],[97.851,16.011],[97.849,16.008],[97.848,16.005],[97.847,16.002],[97.847,15.988],[97.846,15.983],[97.845,15.979],[97.843,15.976],[97.841,15.974],[97.84,15.971],[97.839,15.968],[97.839,15.964],[97.84,15.931],[97.839,15.923],[97.837,15.918],[97.835,15.915],[97.835,15.897],[97.839,15.864],[97.841,15.855],[97.85,15.84],[97.864,15.812],[97.865,15.807],[97.866,15.803],[97.865,15.797],[97.865,15.791],[97.872,15.78],[97.874,15.775],[97.875,15.768],[97.876,15.76],[97.877,15.753],[97.885,15.741],[97.887,15.737],[97.887,15.733],[97.885,15.728],[97.883,15.725],[97.877,15.721],[97.875,15.718],[97.874,15.715],[97.872,15.707],[97.87,15.701],[97.869,15.696],[97.869,15.691],[97.871,15.684],[97.877,15.674],[97.905,15.667],[97.928,15.647],[97.932,15.646],[97.941,15.643],[97.943,15.642],[97.946,15.639],[97.948,15.636],[97.95,15.632],[97.951,15.625],[97.95,15.611],[97.952,15.606],[97.955,15.601],[97.972,15.587],[97.983,15.58],[97.994,15.571],[97.996,15.568],[97.999,15.565],[98.001,15.561],[98.01,15.541],[98.015,15.532],[98.024,15.521],[98.04,15.506],[98.043,15.502],[98.076,15.435],[98.08,15.429],[98.091,15.422],[98.096,15.417],[98.111,15.393],[98.119,15.375],[98.128,15.36],[98.146,15.335],[98.155,15.326],[98.162,15.321],[98.165,15.319],[98.185,15.306],[98.19,15.302],[98.197,15.288],[98.207,15.262],[98.209,15.249],[98.207,15.229],[98.208,15.219]]],[[[97.704,16.574],[97.653,16.54],[97.63,16.532],[97.613,16.531],[97.548,16.538],[97.523,16.536],[97.5,16.532],[97.494,16.529],[97.489,16.524],[97.484,16.52],[97.476,16.518],[97.471,16.519],[97.459,16.523],[97.452,16.525],[97.423,16.523],[97.403,16.517],[97.386,16.504],[97.37,16.484],[97.337,16.632],[97.337,16.656],[97.33,16.68],[97.311,16.652],[97.286,16.659],[97.255,16.698],[97.24,16.732],[97.23,16.769],[97.23,16.797],[97.245,16.817],[97.236,16.83],[97.233,16.84],[97.233,16.849],[97.24,16.875],[97.233,16.875],[97.224,16.853],[97.221,16.841],[97.219,16.826],[97.209,16.833],[97.205,16.845],[97.205,16.86],[97.206,16.875],[97.219,16.901],[97.211,16.908],[97.202,16.907],[97.192,16.901],[97.183,16.922],[97.187,16.947],[97.199,16.997],[97.198,17.013],[97.195,17.022],[97.178,17.038],[97.172,17.047],[97.165,17.059],[97.159,17.074],[97.157,17.087],[97.174,17.112],[97.202,17.106],[97.234,17.095],[97.261,17.107],[97.222,17.125],[97.203,17.132],[97.182,17.134],[97.158,17.129],[97.148,17.117],[97.142,17.099],[97.131,17.079],[97.114,17.1],[97.1,17.134],[97.096,17.166],[97.11,17.182],[97.11,17.189],[97.089,17.194],[97.082,17.21],[97.079,17.231],[97.069,17.251],[97.049,17.261],[97.024,17.267],[97.007,17.278],[97.013,17.299],[96.905,17.375],[96.896,17.385],[96.89,17.395],[96.887,17.412],[96.888,17.444],[96.883,17.457],[96.884,17.569],[96.891,17.603],[96.9,17.606],[96.909,17.61],[96.916,17.612],[96.92,17.612],[96.931,17.609],[96.944,17.609],[96.948,17.609],[96.952,17.61],[96.954,17.612],[96.957,17.615],[96.96,17.616],[96.966,17.616],[96.974,17.614],[96.988,17.608],[97,17.607],[97.002,17.607],[97.007,17.604],[97.013,17.599],[97.035,17.57],[97.038,17.567],[97.044,17.564],[97.062,17.557],[97.072,17.556],[97.078,17.553],[97.086,17.549],[97.1,17.537],[97.106,17.529],[97.11,17.518],[97.11,17.507],[97.111,17.504],[97.112,17.5],[97.112,17.498],[97.116,17.485],[97.12,17.483],[97.123,17.482],[97.143,17.486],[97.2,17.511],[97.217,17.523],[97.23,17.534],[97.234,17.546],[97.242,17.544],[97.246,17.545],[97.249,17.547],[97.25,17.553],[97.25,17.562],[97.251,17.566],[97.252,17.569],[97.255,17.573],[97.26,17.576],[97.269,17.582],[97.284,17.599],[97.288,17.6],[97.294,17.6],[97.298,17.599],[97.322,17.589],[97.326,17.59],[97.331,17.594],[97.34,17.612],[97.341,17.618],[97.342,17.622],[97.342,17.626],[97.342,17.63],[97.343,17.634],[97.344,17.638],[97.358,17.661],[97.362,17.665],[97.367,17.669],[97.374,17.673],[97.376,17.676],[97.377,17.679],[97.375,17.691],[97.375,17.695],[97.376,17.698],[97.377,17.702],[97.38,17.704],[97.385,17.706],[97.389,17.706],[97.393,17.705],[97.396,17.703],[97.399,17.702],[97.403,17.701],[97.406,17.7],[97.408,17.702],[97.411,17.708],[97.414,17.71],[97.417,17.71],[97.419,17.708],[97.421,17.705],[97.423,17.7],[97.423,17.696],[97.422,17.692],[97.416,17.683],[97.395,17.668],[97.391,17.662],[97.384,17.641],[97.384,17.637],[97.384,17.632],[97.387,17.625],[97.409,17.571],[97.412,17.565],[97.417,17.561],[97.427,17.552],[97.429,17.55],[97.44,17.546],[97.446,17.543],[97.454,17.536],[97.456,17.534],[97.457,17.53],[97.457,17.525],[97.445,17.469],[97.445,17.464],[97.447,17.459],[97.452,17.453],[97.455,17.447],[97.458,17.436],[97.462,17.415],[97.473,17.381],[97.476,17.375],[97.479,17.373],[97.483,17.367],[97.493,17.345],[97.497,17.34],[97.499,17.338],[97.505,17.333],[97.507,17.331],[97.509,17.329],[97.512,17.324],[97.519,17.308],[97.521,17.301],[97.521,17.295],[97.516,17.287],[97.513,17.282],[97.507,17.277],[97.505,17.275],[97.504,17.27],[97.504,17.263],[97.512,17.238],[97.514,17.234],[97.519,17.222],[97.522,17.211],[97.521,17.202],[97.509,17.185],[97.525,17.142],[97.53,17.133],[97.531,17.129],[97.531,17.125],[97.529,17.119],[97.521,17.105],[97.517,17.103],[97.513,17.102],[97.51,17.101],[97.508,17.097],[97.506,17.094],[97.505,17.088],[97.502,17.082],[97.5,17.081],[97.495,17.078],[97.489,17.075],[97.486,17.073],[97.486,17.069],[97.487,17.065],[97.491,17.058],[97.493,17.052],[97.494,17.047],[97.492,17.039],[97.49,17.035],[97.488,17.031],[97.485,17.029],[97.482,17.028],[97.478,17.027],[97.475,17.028],[97.471,17.027],[97.469,17.022],[97.468,17.014],[97.473,16.98],[97.475,16.976],[97.478,16.971],[97.498,16.947],[97.499,16.944],[97.5,16.941],[97.499,16.933],[97.497,16.921],[97.499,16.9],[97.498,16.897],[97.496,16.89],[97.496,16.885],[97.498,16.88],[97.506,16.871],[97.51,16.865],[97.515,16.856],[97.521,16.85],[97.532,16.842],[97.534,16.839],[97.536,16.834],[97.535,16.826],[97.534,16.822],[97.535,16.815],[97.536,16.811],[97.553,16.791],[97.554,16.777],[97.551,16.765],[97.554,16.751],[97.556,16.735],[97.558,16.728],[97.563,16.719],[97.595,16.679],[97.614,16.659],[97.632,16.652],[97.635,16.649],[97.637,16.646],[97.639,16.638],[97.639,16.634],[97.637,16.628],[97.637,16.625],[97.651,16.607],[97.656,16.603],[97.661,16.6],[97.67,16.598],[97.676,16.598],[97.681,16.599],[97.691,16.602],[97.693,16.602],[97.695,16.602],[97.699,16.599],[97.701,16.596],[97.704,16.574]]],[[[97.664,15.566],[97.672,15.55],[97.672,15.533],[97.669,15.517],[97.664,15.504],[97.657,15.524],[97.651,15.592],[97.656,15.586],[97.66,15.58],[97.663,15.574],[97.664,15.566]]],[[[97.589,16.415],[97.589,16.4],[97.591,16.361],[97.589,16.34],[97.584,16.329],[97.577,16.321],[97.572,16.312],[97.569,16.299],[97.57,16.29],[97.566,16.254],[97.571,16.223],[97.547,16.2],[97.517,16.21],[97.511,16.254],[97.499,16.27],[97.459,16.301],[97.469,16.333],[97.483,16.342],[97.485,16.364],[97.48,16.389],[97.473,16.408],[97.46,16.426],[97.455,16.437],[97.452,16.449],[97.456,16.456],[97.463,16.461],[97.466,16.467],[97.46,16.477],[97.47,16.49],[97.486,16.501],[97.504,16.508],[97.521,16.511],[97.562,16.492],[97.585,16.486],[97.606,16.484],[97.61,16.464],[97.611,16.446],[97.589,16.415]]]]}},{"type":"Feature","id":"MM-16","properties":{"id":"MM-16","countryCode":"MM","isoSubdivision":"MM-16","name":"Rakhine State","name_en":"Rakhine State","name_ko":"라카인","type":"State","labelLongitude":93.64,"labelLatitude":20.275,"minZoom":7},"geometry":{"type":"MultiPolygon","coordinates":[[[[92.571,21.247],[92.591,21.249],[92.614,21.263],[92.634,21.282],[92.643,21.298],[92.641,21.309],[92.669,21.297],[92.72,21.221],[92.78,21.156],[92.804,21.121],[92.812,21.099],[92.821,21.081],[92.835,21.06],[92.855,21.043],[92.869,21.037],[92.881,21.039],[92.893,21.046],[92.916,21.071],[92.928,21.078],[92.94,21.08],[92.958,21.078],[93.133,21.044],[93.143,21.035],[93.149,21.02],[93.16,20.918],[93.168,20.901],[93.177,20.889],[93.224,20.86],[93.232,20.826],[93.237,20.818],[93.246,20.807],[93.263,20.793],[93.413,20.701],[93.474,20.674],[93.501,20.671],[93.527,20.679],[93.548,20.68],[93.565,20.676],[93.586,20.666],[93.602,20.663],[93.615,20.666],[93.637,20.684],[93.65,20.691],[93.672,20.698],[93.68,20.706],[93.684,20.716],[93.68,20.727],[93.666,20.754],[93.663,20.758],[93.66,20.765],[93.656,20.771],[93.653,20.777],[93.652,20.783],[93.651,20.796],[93.656,20.854],[93.661,20.868],[93.668,20.879],[93.689,20.892],[93.725,20.888],[93.735,20.881],[93.75,20.869],[93.765,20.848],[93.78,20.822],[93.782,20.817],[93.787,20.809],[93.794,20.789],[93.797,20.774],[93.802,20.762],[93.809,20.757],[93.837,20.756],[93.854,20.751],[93.869,20.741],[93.894,20.717],[93.905,20.702],[93.904,20.581],[93.914,20.564],[93.927,20.559],[93.968,20.551],[93.984,20.545],[94,20.532],[94.012,20.518],[94.023,20.501],[94.027,20.492],[94.156,20.287],[94.17,20.259],[94.194,20.192],[94.208,20.167],[94.256,20.111],[94.253,20.049],[94.258,20.033],[94.265,20.017],[94.284,20.002],[94.287,20],[94.317,19.971],[94.334,19.95],[94.341,19.933],[94.343,19.919],[94.34,19.906],[94.33,19.874],[94.324,19.848],[94.325,19.832],[94.328,19.818],[94.37,19.731],[94.409,19.559],[94.43,19.451],[94.439,19.432],[94.532,19.306],[94.556,19.264],[94.561,19.246],[94.56,19.236],[94.553,19.234],[94.543,19.233],[94.535,19.221],[94.534,19.198],[94.549,19.14],[94.56,19.115],[94.571,19.099],[94.584,19.095],[94.602,19.093],[94.634,19.076],[94.682,19.025],[94.718,18.944],[94.734,18.924],[94.746,18.924],[94.789,18.87],[94.796,18.858],[94.805,18.837],[94.804,18.823],[94.797,18.813],[94.785,18.806],[94.768,18.801],[94.736,18.797],[94.723,18.791],[94.72,18.784],[94.721,18.777],[94.724,18.771],[94.729,18.766],[94.772,18.727],[94.792,18.697],[94.791,18.685],[94.786,18.672],[94.755,18.644],[94.744,18.624],[94.747,18.605],[94.773,18.554],[94.776,18.536],[94.773,18.521],[94.768,18.508],[94.763,18.485],[94.763,18.474],[94.764,18.466],[94.809,18.389],[94.821,18.373],[94.837,18.358],[94.879,18.277],[94.89,18.237],[94.892,18.181],[94.874,18.101],[94.875,17.999],[94.858,17.958],[94.858,17.942],[94.859,17.928],[94.863,17.917],[94.866,17.911],[94.875,17.898],[94.903,17.851],[94.903,17.834],[94.902,17.815],[94.889,17.783],[94.883,17.73],[94.869,17.697],[94.818,17.641],[94.81,17.624],[94.807,17.607],[94.807,17.577],[94.802,17.541],[94.799,17.465],[94.788,17.43],[94.754,17.372],[94.744,17.367],[94.737,17.369],[94.73,17.374],[94.715,17.389],[94.696,17.401],[94.68,17.405],[94.656,17.407],[94.636,17.416],[94.568,17.463],[94.567,17.477],[94.57,17.494],[94.57,17.505],[94.567,17.519],[94.559,17.533],[94.555,17.538],[94.554,17.544],[94.553,17.556],[94.56,17.582],[94.577,17.576],[94.597,17.558],[94.615,17.546],[94.609,17.56],[94.591,17.593],[94.591,17.604],[94.595,17.615],[94.59,17.626],[94.574,17.642],[94.563,17.662],[94.557,17.682],[94.553,17.727],[94.544,17.748],[94.502,17.787],[94.492,17.817],[94.49,17.876],[94.483,17.902],[94.447,17.973],[94.444,17.988],[94.451,18.002],[94.482,18.015],[94.492,18.026],[94.495,18.049],[94.491,18.072],[94.481,18.094],[94.462,18.122],[94.461,18.133],[94.461,18.144],[94.458,18.156],[94.452,18.165],[94.441,18.176],[94.437,18.182],[94.43,18.222],[94.423,18.242],[94.407,18.251],[94.361,18.246],[94.342,18.248],[94.328,18.259],[94.326,18.268],[94.326,18.282],[94.328,18.295],[94.331,18.303],[94.339,18.306],[94.35,18.293],[94.366,18.299],[94.379,18.287],[94.389,18.286],[94.397,18.291],[94.409,18.309],[94.417,18.314],[94.405,18.33],[94.4,18.348],[94.39,18.363],[94.365,18.369],[94.351,18.375],[94.344,18.391],[94.339,18.41],[94.331,18.426],[94.28,18.48],[94.259,18.509],[94.245,18.539],[94.259,18.536],[94.262,18.545],[94.253,18.628],[94.249,18.639],[94.149,18.731],[94.149,18.739],[94.156,18.739],[94.175,18.725],[94.212,18.726],[94.279,18.739],[94.264,18.746],[94.252,18.752],[94.228,18.736],[94.212,18.742],[94.183,18.786],[94.153,18.821],[94.147,18.84],[94.149,18.868],[94.138,18.86],[94.134,18.847],[94.133,18.832],[94.135,18.82],[94.12,18.817],[94.098,18.822],[94.078,18.833],[94.067,18.848],[94.057,18.844],[94.053,18.841],[94.038,18.859],[94.032,18.889],[94.037,18.918],[94.053,18.937],[94.04,18.971],[94.039,18.985],[94.041,18.998],[94.051,19.015],[94.053,19.022],[94.063,19.04],[94.066,19.043],[94.064,19.049],[94.062,19.057],[94.06,19.064],[94.087,19.081],[94.094,19.087],[94.08,19.087],[94.057,19.081],[94.047,19.081],[94.031,19.088],[94.029,19.095],[94.034,19.106],[94.039,19.122],[94.038,19.132],[94.032,19.154],[94.033,19.169],[94.037,19.182],[94.051,19.208],[94.053,19.221],[94.046,19.305],[94.05,19.321],[94.06,19.33],[94.07,19.351],[94.074,19.374],[94.067,19.389],[94.057,19.363],[94.031,19.316],[94.025,19.287],[94.033,19.235],[94.033,19.205],[94.022,19.191],[94.01,19.18],[93.994,19.159],[93.973,19.146],[93.947,19.16],[93.943,19.17],[93.941,19.195],[93.937,19.205],[93.925,19.21],[93.916,19.204],[93.91,19.191],[93.91,19.177],[93.915,19.17],[93.947,19.139],[93.955,19.127],[93.956,19.118],[93.952,19.11],[93.95,19.098],[93.952,19.032],[93.958,19.012],[93.965,19.001],[93.981,18.981],[93.984,18.968],[93.983,18.957],[93.979,18.942],[93.978,18.933],[93.974,18.923],[93.95,18.895],[93.948,18.894],[93.939,18.891],[93.937,18.889],[93.937,18.884],[93.939,18.876],[93.942,18.87],[93.944,18.868],[93.93,18.859],[93.92,18.867],[93.907,18.882],[93.866,18.895],[93.814,18.944],[93.794,18.954],[93.75,18.97],[93.735,18.981],[93.727,18.992],[93.721,19.001],[93.715,19.01],[93.704,19.018],[93.694,19.021],[93.686,19.018],[93.679,19.02],[93.67,19.033],[93.668,19.044],[93.671,19.067],[93.666,19.077],[93.66,19.086],[93.655,19.097],[93.651,19.109],[93.649,19.119],[93.642,19.134],[93.607,19.162],[93.594,19.177],[93.567,19.231],[93.556,19.238],[93.498,19.314],[93.487,19.334],[93.483,19.351],[93.484,19.393],[93.491,19.408],[93.508,19.423],[93.53,19.432],[93.553,19.431],[93.56,19.424],[93.564,19.415],[93.568,19.407],[93.577,19.403],[93.611,19.403],[93.631,19.372],[93.637,19.349],[93.621,19.334],[93.665,19.306],[93.688,19.297],[93.718,19.293],[93.723,19.268],[93.755,19.247],[93.797,19.235],[93.834,19.238],[93.865,19.254],[93.93,19.3],[93.95,19.321],[93.951,19.325],[93.949,19.338],[93.95,19.342],[93.953,19.343],[93.961,19.346],[93.964,19.348],[93.981,19.372],[93.987,19.387],[93.988,19.405],[93.984,19.437],[93.99,19.45],[93.991,19.457],[93.984,19.464],[93.978,19.464],[93.947,19.458],[93.924,19.462],[93.915,19.473],[93.919,19.484],[93.937,19.492],[93.927,19.497],[93.916,19.499],[93.892,19.499],[93.882,19.502],[93.855,19.527],[93.815,19.553],[93.794,19.571],[93.786,19.591],[93.777,19.603],[93.74,19.617],[93.731,19.633],[93.738,19.651],[93.756,19.661],[93.779,19.663],[93.8,19.656],[93.794,19.674],[93.803,19.689],[93.816,19.703],[93.827,19.719],[93.813,19.739],[93.807,19.746],[93.799,19.718],[93.784,19.691],[93.761,19.675],[93.731,19.678],[93.721,19.685],[93.713,19.698],[93.709,19.714],[93.711,19.732],[93.719,19.744],[93.742,19.754],[93.752,19.766],[93.722,19.769],[93.709,19.754],[93.702,19.734],[93.694,19.725],[93.648,19.725],[93.636,19.735],[93.636,19.76],[93.623,19.734],[93.616,19.724],[93.601,19.719],[93.601,19.783],[93.606,19.796],[93.661,19.871],[93.68,19.883],[93.704,19.885],[93.738,19.882],[93.729,19.894],[93.726,19.906],[93.73,19.914],[93.745,19.917],[93.74,19.925],[93.734,19.932],[93.726,19.937],[93.718,19.938],[93.712,19.934],[93.712,19.92],[93.708,19.917],[93.657,19.916],[93.646,19.913],[93.638,19.91],[93.629,19.909],[93.611,19.91],[93.608,19.907],[93.601,19.889],[93.594,19.882],[93.581,19.881],[93.567,19.886],[93.555,19.894],[93.547,19.903],[93.552,19.906],[93.56,19.913],[93.566,19.917],[93.529,19.93],[93.518,19.94],[93.532,19.951],[93.517,19.959],[93.512,19.97],[93.517,19.981],[93.532,19.985],[93.53,19.992],[93.526,19.999],[93.514,19.993],[93.503,19.986],[93.496,19.977],[93.492,19.965],[93.487,19.97],[93.475,19.98],[93.47,19.985],[93.463,19.962],[93.457,19.954],[93.447,19.951],[93.435,19.955],[93.423,19.965],[93.414,19.978],[93.41,19.989],[93.404,20.013],[93.384,20.064],[93.382,20.089],[93.375,20.089],[93.375,20.051],[93.372,20.031],[93.362,20.026],[93.356,20.038],[93.341,20.102],[93.334,20.102],[93.327,20.081],[93.313,20.065],[93.294,20.054],[93.272,20.048],[93.245,20.05],[93.215,20.059],[93.19,20.064],[93.176,20.054],[93.161,20.061],[93.147,20.07],[93.136,20.082],[93.128,20.095],[93.13,20.075],[93.137,20.059],[93.156,20.026],[93.176,19.958],[93.236,19.847],[93.238,19.821],[93.218,19.837],[93.201,19.863],[93.176,19.917],[93.161,19.966],[93.148,19.994],[93.132,20.007],[93.109,19.994],[93.102,19.964],[93.106,19.931],[93.124,19.894],[93.13,19.862],[93.135,19.848],[93.147,19.833],[93.151,19.83],[93.156,19.828],[93.159,19.824],[93.169,19.809],[93.169,19.807],[93.149,19.829],[93.139,19.832],[93.135,19.834],[93.125,19.847],[93.113,19.874],[93.059,19.951],[93.053,19.968],[93.049,19.995],[93.038,20.013],[93.012,20.04],[92.992,20.068],[92.981,20.078],[92.976,20.088],[92.974,20.117],[92.97,20.129],[92.988,20.125],[93.042,20.129],[93.054,20.135],[93.065,20.147],[93.08,20.17],[93.083,20.165],[93.085,20.161],[93.087,20.157],[93.087,20.15],[93.094,20.15],[93.115,20.203],[93.121,20.212],[93.121,20.218],[93.089,20.21],[93.047,20.168],[93.019,20.15],[92.99,20.155],[92.987,20.187],[93.001,20.239],[93.019,20.256],[93.041,20.332],[93.056,20.349],[93.081,20.359],[93.091,20.381],[93.1,20.431],[93.082,20.417],[93.073,20.377],[93.06,20.362],[93.043,20.365],[93.034,20.384],[93.031,20.41],[93.032,20.431],[93.071,20.496],[93.086,20.533],[93.073,20.555],[93.069,20.536],[93.06,20.513],[93.049,20.492],[93.036,20.475],[93.023,20.453],[93.02,20.424],[93.025,20.368],[93.016,20.325],[92.995,20.287],[92.936,20.212],[92.898,20.136],[92.895,20.133],[92.889,20.128],[92.881,20.123],[92.868,20.122],[92.86,20.125],[92.855,20.131],[92.847,20.143],[92.783,20.19],[92.772,20.201],[92.774,20.217],[92.778,20.232],[92.787,20.246],[92.799,20.259],[92.864,20.301],[92.901,20.308],[92.943,20.321],[92.934,20.326],[92.925,20.328],[92.905,20.328],[92.893,20.33],[92.89,20.334],[92.888,20.34],[92.881,20.349],[92.857,20.368],[92.847,20.377],[92.841,20.39],[92.832,20.479],[92.827,20.495],[92.815,20.505],[92.793,20.506],[92.797,20.484],[92.785,20.463],[92.769,20.455],[92.759,20.472],[92.773,20.477],[92.779,20.478],[92.751,20.499],[92.742,20.529],[92.737,20.563],[92.721,20.592],[92.7,20.62],[92.663,20.679],[92.635,20.698],[92.659,20.653],[92.704,20.589],[92.708,20.579],[92.717,20.5],[92.737,20.445],[92.738,20.428],[92.731,20.383],[92.739,20.28],[92.731,20.259],[92.724,20.271],[92.706,20.293],[92.697,20.308],[92.653,20.418],[92.633,20.447],[92.54,20.528],[92.529,20.543],[92.52,20.59],[92.507,20.609],[92.471,20.643],[92.463,20.654],[92.46,20.663],[92.454,20.669],[92.439,20.671],[92.429,20.674],[92.408,20.688],[92.398,20.691],[92.381,20.7],[92.371,20.721],[92.361,20.767],[92.305,20.918],[92.288,20.944],[92.281,20.959],[92.271,21.049],[92.265,21.061],[92.224,21.093],[92.218,21.109],[92.212,21.124],[92.188,21.144],[92.181,21.158],[92.175,21.176],[92.178,21.191],[92.184,21.221],[92.185,21.24],[92.178,21.28],[92.178,21.3],[92.184,21.317],[92.212,21.355],[92.225,21.397],[92.236,21.417],[92.253,21.42],[92.285,21.419],[92.323,21.462],[92.355,21.452],[92.368,21.435],[92.372,21.419],[92.374,21.402],[92.381,21.385],[92.39,21.377],[92.4,21.371],[92.423,21.364],[92.465,21.36],[92.499,21.367],[92.525,21.361],[92.544,21.321],[92.552,21.281],[92.559,21.26],[92.571,21.247]]],[[[93.745,18.8],[93.748,18.788],[93.757,18.765],[93.759,18.756],[93.756,18.732],[93.747,18.709],[93.732,18.69],[93.711,18.676],[93.693,18.674],[93.668,18.675],[93.645,18.679],[93.636,18.687],[93.63,18.699],[93.619,18.711],[93.594,18.731],[93.498,18.841],[93.493,18.849],[93.484,18.875],[93.577,18.882],[93.6,18.89],[93.611,18.905],[93.622,18.91],[93.642,18.889],[93.663,18.873],[93.673,18.871],[93.684,18.869],[93.708,18.868],[93.742,18.872],[93.75,18.865],[93.752,18.841],[93.746,18.811],[93.745,18.8]]],[[[93.971,19.417],[93.974,19.403],[93.972,19.382],[93.966,19.363],[93.954,19.355],[93.94,19.349],[93.917,19.318],[93.901,19.305],[93.899,19.303],[93.896,19.301],[93.889,19.3],[93.884,19.302],[93.881,19.307],[93.879,19.312],[93.875,19.314],[93.863,19.308],[93.863,19.3],[93.866,19.291],[93.865,19.283],[93.857,19.279],[93.846,19.278],[93.824,19.279],[93.803,19.277],[93.797,19.279],[93.786,19.287],[93.774,19.299],[93.75,19.333],[93.745,19.345],[93.743,19.355],[93.733,19.368],[93.731,19.379],[93.73,19.382],[93.728,19.384],[93.725,19.387],[93.724,19.393],[93.727,19.397],[93.732,19.396],[93.737,19.397],[93.738,19.403],[93.73,19.419],[93.716,19.427],[93.683,19.437],[93.669,19.446],[93.659,19.458],[93.642,19.492],[93.652,19.493],[93.657,19.497],[93.656,19.504],[93.649,19.513],[93.688,19.559],[93.697,19.56],[93.705,19.558],[93.724,19.556],[93.731,19.554],[93.74,19.547],[93.745,19.539],[93.749,19.531],[93.755,19.523],[93.803,19.487],[93.82,19.472],[93.837,19.479],[93.858,19.482],[93.88,19.479],[93.899,19.468],[93.918,19.454],[93.956,19.433],[93.971,19.417]]],[[[93.505,19.807],[93.517,19.777],[93.518,19.762],[93.512,19.746],[93.457,19.789],[93.441,19.811],[93.407,19.92],[93.403,19.953],[93.422,19.951],[93.443,19.938],[93.453,19.928],[93.461,19.92],[93.464,19.913],[93.471,19.905],[93.485,19.897],[93.499,19.887],[93.505,19.872],[93.501,19.825],[93.505,19.807]]],[[[92.964,20.037],[92.968,20.022],[93.015,19.906],[93.022,19.87],[93.025,19.828],[93.019,19.828],[93.013,19.847],[93.009,19.89],[93.001,19.907],[92.987,19.925],[92.926,20.034],[92.922,20.051],[92.92,20.056],[92.914,20.06],[92.909,20.065],[92.909,20.075],[92.912,20.085],[92.917,20.089],[92.923,20.088],[92.929,20.081],[92.946,20.071],[92.953,20.063],[92.959,20.055],[92.963,20.046],[92.964,20.037]]]]}},{"type":"Feature","id":"MM-17","properties":{"id":"MM-17","countryCode":"MM","isoSubdivision":"MM-17","name":"Shan State","name_en":"Shan State","name_ko":"샨","type":"State","labelLongitude":98.159,"labelLatitude":21.519,"minZoom":7},"geometry":{"type":"Polygon","coordinates":[[[99.997,20.384],[99.986,20.387],[99.974,20.401],[99.965,20.409],[99.961,20.418],[99.959,20.427],[99.952,20.436],[99.942,20.444],[99.937,20.445],[99.932,20.443],[99.878,20.435],[99.856,20.428],[99.838,20.417],[99.826,20.401],[99.813,20.365],[99.804,20.349],[99.787,20.334],[99.77,20.328],[99.729,20.329],[99.708,20.325],[99.671,20.31],[99.652,20.307],[99.642,20.309],[99.627,20.319],[99.618,20.322],[99.608,20.323],[99.589,20.321],[99.58,20.321],[99.503,20.345],[99.454,20.377],[99.44,20.382],[99.421,20.376],[99.43,20.359],[99.466,20.322],[99.475,20.304],[99.486,20.245],[99.519,20.212],[99.526,20.196],[99.521,20.171],[99.51,20.154],[99.509,20.153],[99.499,20.147],[99.487,20.141],[99.474,20.128],[99.441,20.102],[99.321,20.066],[99.296,20.062],[99.275,20.072],[99.236,20.103],[99.219,20.11],[99.178,20.122],[99.158,20.124],[99.117,20.118],[99.073,20.101],[99.036,20.075],[99.017,20.041],[99.006,19.972],[99.007,19.962],[99.013,19.944],[99.014,19.935],[99.011,19.93],[99.006,19.925],[99.001,19.918],[98.999,19.908],[99.003,19.884],[99.008,19.865],[99.009,19.846],[99.001,19.821],[98.988,19.799],[98.974,19.788],[98.935,19.773],[98.899,19.749],[98.884,19.745],[98.864,19.773],[98.852,19.784],[98.838,19.793],[98.808,19.807],[98.749,19.763],[98.73,19.757],[98.641,19.745],[98.624,19.738],[98.615,19.73],[98.598,19.709],[98.591,19.704],[98.568,19.7],[98.548,19.693],[98.538,19.684],[98.537,19.677],[98.533,19.676],[98.515,19.683],[98.505,19.692],[98.498,19.701],[98.489,19.707],[98.478,19.706],[98.475,19.705],[98.44,19.688],[98.394,19.686],[98.348,19.691],[98.307,19.69],[98.263,19.67],[98.238,19.665],[98.219,19.677],[98.217,19.687],[98.218,19.708],[98.213,19.718],[98.206,19.721],[98.172,19.732],[98.132,19.766],[98.111,19.777],[98.086,19.773],[98.073,19.777],[98.061,19.794],[98.046,19.808],[98.025,19.803],[98.018,19.789],[98.005,19.724],[98.006,19.706],[98.014,19.669],[98.014,19.652],[98.008,19.639],[98,19.636],[97.99,19.637],[97.979,19.633],[97.971,19.626],[97.956,19.609],[97.948,19.602],[97.886,19.573],[97.869,19.57],[97.869,19.571],[97.858,19.609],[97.857,19.623],[97.852,19.635],[97.847,19.642],[97.839,19.647],[97.831,19.65],[97.825,19.651],[97.818,19.649],[97.809,19.65],[97.797,19.653],[97.777,19.664],[97.767,19.668],[97.759,19.67],[97.752,19.669],[97.748,19.665],[97.743,19.66],[97.736,19.657],[97.727,19.656],[97.651,19.676],[97.625,19.679],[97.612,19.687],[97.608,19.691],[97.596,19.71],[97.589,19.719],[97.581,19.725],[97.568,19.732],[97.563,19.737],[97.56,19.742],[97.56,19.747],[97.563,19.759],[97.567,19.772],[97.584,19.811],[97.586,19.819],[97.586,19.827],[97.582,19.832],[97.578,19.834],[97.569,19.835],[97.562,19.838],[97.554,19.844],[97.539,19.861],[97.525,19.892],[97.519,19.899],[97.514,19.902],[97.508,19.901],[97.506,19.9],[97.502,19.899],[97.499,19.897],[97.495,19.894],[97.491,19.889],[97.485,19.885],[97.479,19.883],[97.472,19.881],[97.461,19.88],[97.447,19.882],[97.393,19.94],[97.392,19.953],[97.368,19.946],[97.355,19.93],[97.351,19.914],[97.345,19.903],[97.34,19.899],[97.335,19.897],[97.33,19.898],[97.325,19.898],[97.317,19.898],[97.281,19.891],[97.271,19.891],[97.263,19.893],[97.257,19.896],[97.243,19.903],[97.239,19.907],[97.236,19.912],[97.233,19.925],[97.233,19.931],[97.233,19.937],[97.234,19.944],[97.234,19.951],[97.233,19.956],[97.23,19.967],[97.226,19.972],[97.218,19.979],[97.197,19.987],[97.188,19.989],[97.168,19.989],[97.162,19.97],[97.166,19.938],[97.157,19.882],[97.154,19.876],[97.144,19.866],[97.142,19.759],[97.135,19.728],[97.027,19.667],[96.973,19.624],[96.938,19.585],[96.914,19.549],[96.899,19.515],[96.896,19.505],[96.895,19.5],[96.896,19.496],[96.898,19.488],[96.903,19.48],[96.919,19.456],[96.927,19.436],[96.927,19.405],[96.901,19.355],[96.865,19.312],[96.84,19.29],[96.84,19.288],[96.84,19.29],[96.839,19.303],[96.84,19.32],[96.842,19.323],[96.846,19.329],[96.847,19.332],[96.847,19.335],[96.846,19.339],[96.845,19.342],[96.843,19.345],[96.829,19.367],[96.828,19.371],[96.825,19.378],[96.822,19.383],[96.816,19.388],[96.788,19.403],[96.744,19.432],[96.732,19.439],[96.723,19.442],[96.71,19.444],[96.707,19.444],[96.704,19.447],[96.701,19.45],[96.694,19.467],[96.673,19.496],[96.68,19.518],[96.679,19.524],[96.676,19.534],[96.663,19.561],[96.656,19.568],[96.649,19.572],[96.642,19.571],[96.635,19.57],[96.63,19.571],[96.619,19.572],[96.613,19.572],[96.608,19.573],[96.597,19.577],[96.587,19.58],[96.58,19.582],[96.563,19.592],[96.558,19.599],[96.556,19.606],[96.557,19.612],[96.56,19.617],[96.565,19.62],[96.571,19.624],[96.577,19.626],[96.583,19.626],[96.589,19.626],[96.595,19.628],[96.601,19.631],[96.613,19.636],[96.618,19.639],[96.623,19.645],[96.627,19.654],[96.631,19.661],[96.636,19.666],[96.649,19.672],[96.656,19.678],[96.661,19.688],[96.661,19.695],[96.658,19.703],[96.655,19.708],[96.65,19.713],[96.646,19.718],[96.64,19.721],[96.633,19.725],[96.62,19.733],[96.606,19.754],[96.566,19.8],[96.56,19.81],[96.547,19.837],[96.541,19.845],[96.537,19.849],[96.527,19.853],[96.515,19.855],[96.51,19.855],[96.503,19.854],[96.484,19.848],[96.479,19.847],[96.472,19.848],[96.46,19.853],[96.455,19.857],[96.452,19.861],[96.451,19.864],[96.451,19.868],[96.452,19.872],[96.454,19.88],[96.456,19.883],[96.45,19.9],[96.398,19.965],[96.378,20.001],[96.376,20.007],[96.375,20.017],[96.377,20.021],[96.381,20.022],[96.384,20.023],[96.388,20.022],[96.391,20.02],[96.395,20.019],[96.399,20.019],[96.405,20.024],[96.409,20.026],[96.413,20.028],[96.417,20.027],[96.423,20.024],[96.429,20.02],[96.433,20.02],[96.439,20.021],[96.448,20.028],[96.453,20.033],[96.457,20.038],[96.461,20.048],[96.466,20.054],[96.474,20.062],[96.478,20.067],[96.479,20.072],[96.478,20.075],[96.477,20.079],[96.475,20.081],[96.472,20.084],[96.469,20.085],[96.462,20.088],[96.46,20.091],[96.459,20.094],[96.458,20.105],[96.457,20.113],[96.454,20.122],[96.453,20.128],[96.454,20.132],[96.455,20.136],[96.458,20.138],[96.46,20.14],[96.478,20.151],[96.486,20.157],[96.489,20.161],[96.497,20.173],[96.499,20.176],[96.503,20.179],[96.512,20.184],[96.539,20.205],[96.547,20.216],[96.548,20.224],[96.547,20.228],[96.546,20.232],[96.543,20.238],[96.536,20.25],[96.501,20.331],[96.5,20.334],[96.498,20.338],[96.495,20.344],[96.487,20.366],[96.477,20.413],[96.476,20.423],[96.48,20.438],[96.482,20.454],[96.484,20.457],[96.485,20.46],[96.488,20.463],[96.493,20.467],[96.496,20.471],[96.499,20.476],[96.499,20.481],[96.499,20.485],[96.493,20.501],[96.496,20.509],[96.532,20.51],[96.538,20.512],[96.546,20.517],[96.548,20.521],[96.549,20.525],[96.549,20.529],[96.546,20.545],[96.546,20.553],[96.548,20.579],[96.548,20.585],[96.547,20.589],[96.545,20.593],[96.543,20.595],[96.54,20.595],[96.531,20.591],[96.527,20.591],[96.524,20.594],[96.52,20.6],[96.517,20.604],[96.513,20.605],[96.51,20.605],[96.506,20.606],[96.504,20.608],[96.502,20.61],[96.5,20.615],[96.495,20.627],[96.481,20.65],[96.478,20.653],[96.476,20.655],[96.474,20.657],[96.464,20.663],[96.46,20.667],[96.456,20.674],[96.454,20.681],[96.454,20.685],[96.457,20.689],[96.462,20.702],[96.457,20.724],[96.484,20.744],[96.49,20.75],[96.49,20.751],[96.495,20.761],[96.501,20.765],[96.506,20.767],[96.511,20.768],[96.521,20.769],[96.538,20.767],[96.569,20.769],[96.573,20.789],[96.572,20.814],[96.575,20.823],[96.582,20.829],[96.587,20.835],[96.588,20.84],[96.589,20.845],[96.588,20.85],[96.585,20.857],[96.581,20.864],[96.567,20.879],[96.565,20.881],[96.562,20.883],[96.558,20.884],[96.555,20.885],[96.551,20.885],[96.547,20.884],[96.543,20.883],[96.538,20.885],[96.53,20.891],[96.518,20.907],[96.511,20.913],[96.506,20.916],[96.503,20.914],[96.497,20.909],[96.488,20.901],[96.485,20.899],[96.481,20.898],[96.476,20.898],[96.467,20.903],[96.43,20.928],[96.423,20.931],[96.419,20.93],[96.409,20.925],[96.405,20.924],[96.4,20.925],[96.393,20.926],[96.376,20.933],[96.366,20.936],[96.324,20.955],[96.295,20.965],[96.277,20.968],[96.258,20.974],[96.249,20.98],[96.215,21.008],[96.21,21.06],[96.213,21.073],[96.216,21.075],[96.22,21.079],[96.223,21.083],[96.228,21.091],[96.23,21.097],[96.23,21.102],[96.223,21.128],[96.224,21.134],[96.226,21.138],[96.24,21.15],[96.266,21.163],[96.289,21.167],[96.294,21.167],[96.298,21.166],[96.302,21.164],[96.317,21.16],[96.329,21.163],[96.336,21.163],[96.343,21.164],[96.358,21.161],[96.363,21.162],[96.368,21.164],[96.371,21.166],[96.374,21.171],[96.374,21.175],[96.372,21.178],[96.37,21.181],[96.369,21.184],[96.367,21.191],[96.366,21.195],[96.36,21.203],[96.356,21.217],[96.349,21.229],[96.342,21.236],[96.337,21.241],[96.333,21.246],[96.332,21.25],[96.317,21.318],[96.313,21.331],[96.312,21.344],[96.311,21.348],[96.309,21.351],[96.307,21.353],[96.305,21.357],[96.303,21.361],[96.303,21.371],[96.291,21.431],[96.288,21.46],[96.331,21.484],[96.338,21.494],[96.33,21.505],[96.329,21.51],[96.33,21.518],[96.336,21.532],[96.34,21.538],[96.345,21.541],[96.377,21.543],[96.429,21.553],[96.438,21.553],[96.444,21.552],[96.461,21.554],[96.535,21.589],[96.545,21.592],[96.548,21.591],[96.554,21.59],[96.561,21.59],[96.576,21.594],[96.583,21.597],[96.587,21.6],[96.588,21.602],[96.591,21.605],[96.625,21.629],[96.628,21.634],[96.631,21.638],[96.633,21.644],[96.635,21.647],[96.638,21.65],[96.645,21.656],[96.668,21.681],[96.673,21.69],[96.683,21.699],[96.696,21.709],[96.705,21.717],[96.711,21.72],[96.716,21.721],[96.72,21.72],[96.723,21.718],[96.725,21.716],[96.727,21.713],[96.739,21.712],[96.788,21.731],[96.801,21.747],[96.805,21.755],[96.811,21.76],[96.815,21.76],[96.818,21.758],[96.827,21.751],[96.834,21.745],[96.839,21.741],[96.842,21.739],[96.848,21.737],[96.872,21.732],[96.879,21.733],[96.885,21.734],[96.887,21.737],[96.888,21.741],[96.889,21.744],[96.889,21.76],[96.887,21.768],[96.886,21.772],[96.885,21.775],[96.88,21.78],[96.878,21.783],[96.877,21.787],[96.877,21.792],[96.878,21.799],[96.877,21.804],[96.877,21.808],[96.873,21.814],[96.871,21.816],[96.869,21.818],[96.866,21.82],[96.855,21.824],[96.852,21.826],[96.85,21.83],[96.85,21.837],[96.852,21.851],[96.852,21.858],[96.851,21.863],[96.847,21.873],[96.845,21.876],[96.816,21.909],[96.815,21.912],[96.812,21.922],[96.797,21.95],[96.794,21.955],[96.768,21.982],[96.765,21.987],[96.762,21.991],[96.753,22.019],[96.746,22.065],[96.736,22.077],[96.724,22.084],[96.72,22.086],[96.708,22.088],[96.681,22.088],[96.677,22.089],[96.659,22.094],[96.626,22.11],[96.587,22.121],[96.572,22.123],[96.546,22.14],[96.494,22.155],[96.484,22.16],[96.478,22.164],[96.477,22.168],[96.477,22.172],[96.478,22.176],[96.481,22.188],[96.481,22.192],[96.481,22.211],[96.48,22.22],[96.479,22.224],[96.463,22.259],[96.453,22.272],[96.437,22.284],[96.433,22.324],[96.431,22.329],[96.427,22.337],[96.421,22.343],[96.412,22.356],[96.407,22.362],[96.403,22.365],[96.398,22.366],[96.39,22.366],[96.377,22.365],[96.338,22.369],[96.329,22.371],[96.324,22.374],[96.322,22.377],[96.317,22.398],[96.324,22.425],[96.326,22.453],[96.328,22.463],[96.333,22.476],[96.334,22.482],[96.333,22.488],[96.325,22.506],[96.323,22.509],[96.321,22.511],[96.318,22.513],[96.314,22.514],[96.31,22.514],[96.306,22.516],[96.301,22.519],[96.295,22.528],[96.294,22.535],[96.296,22.557],[96.296,22.565],[96.294,22.57],[96.29,22.577],[96.257,22.614],[96.25,22.625],[96.239,22.644],[96.237,22.65],[96.237,22.654],[96.239,22.69],[96.237,22.694],[96.235,22.694],[96.228,22.691],[96.225,22.691],[96.219,22.692],[96.218,22.696],[96.217,22.712],[96.216,22.718],[96.204,22.74],[96.242,22.763],[96.267,22.78],[96.272,22.782],[96.278,22.783],[96.289,22.778],[96.303,22.776],[96.34,22.773],[96.351,22.774],[96.359,22.775],[96.362,22.778],[96.377,22.785],[96.385,22.786],[96.395,22.79],[96.403,22.794],[96.408,22.795],[96.412,22.794],[96.414,22.792],[96.422,22.785],[96.43,22.78],[96.471,22.783],[96.484,22.787],[96.488,22.79],[96.515,22.803],[96.536,22.816],[96.544,22.819],[96.55,22.819],[96.577,22.817],[96.601,22.81],[96.606,22.81],[96.611,22.812],[96.622,22.819],[96.628,22.82],[96.635,22.82],[96.64,22.822],[96.658,22.837],[96.661,22.842],[96.663,22.858],[96.663,22.862],[96.666,22.868],[96.67,22.874],[96.672,22.876],[96.68,22.888],[96.681,22.891],[96.694,22.906],[96.7,22.915],[96.703,22.918],[96.713,22.926],[96.716,22.93],[96.717,22.934],[96.717,22.938],[96.716,22.945],[96.715,22.949],[96.714,22.952],[96.708,22.957],[96.678,22.971],[96.662,22.973],[96.631,22.974],[96.622,22.976],[96.614,22.979],[96.586,22.996],[96.583,22.999],[96.583,23],[96.583,23.001],[96.583,23.002],[96.585,23.005],[96.586,23.008],[96.586,23.011],[96.586,23.019],[96.586,23.022],[96.587,23.026],[96.589,23.029],[96.589,23.033],[96.588,23.037],[96.585,23.038],[96.582,23.037],[96.576,23.034],[96.572,23.032],[96.568,23.03],[96.559,23.03],[96.555,23.031],[96.552,23.034],[96.548,23.038],[96.541,23.044],[96.527,23.055],[96.519,23.059],[96.513,23.06],[96.509,23.059],[96.498,23.054],[96.496,23.052],[96.489,23.042],[96.486,23.04],[96.483,23.038],[96.478,23.037],[96.461,23.038],[96.456,23.037],[96.442,23.032],[96.438,23.032],[96.424,23.031],[96.347,23.018],[96.261,23.023],[96.212,23.05],[96.204,23.061],[96.205,23.064],[96.207,23.067],[96.209,23.07],[96.209,23.076],[96.206,23.084],[96.199,23.1],[96.191,23.108],[96.169,23.129],[96.163,23.137],[96.16,23.144],[96.158,23.158],[96.158,23.163],[96.159,23.166],[96.161,23.169],[96.163,23.172],[96.172,23.177],[96.175,23.18],[96.176,23.183],[96.177,23.19],[96.179,23.194],[96.181,23.197],[96.187,23.204],[96.191,23.209],[96.193,23.212],[96.193,23.216],[96.193,23.223],[96.194,23.229],[96.194,23.233],[96.196,23.255],[96.195,23.275],[96.199,23.289],[96.204,23.301],[96.205,23.308],[96.204,23.312],[96.202,23.314],[96.198,23.318],[96.194,23.324],[96.19,23.337],[96.189,23.343],[96.19,23.348],[96.193,23.35],[96.196,23.352],[96.2,23.352],[96.204,23.352],[96.208,23.351],[96.211,23.349],[96.216,23.345],[96.219,23.343],[96.221,23.341],[96.225,23.34],[96.229,23.341],[96.233,23.344],[96.239,23.349],[96.24,23.353],[96.238,23.357],[96.237,23.361],[96.235,23.367],[96.236,23.372],[96.239,23.377],[96.249,23.391],[96.252,23.393],[96.254,23.395],[96.263,23.401],[96.285,23.422],[96.288,23.423],[96.298,23.424],[96.304,23.426],[96.307,23.43],[96.307,23.433],[96.306,23.437],[96.301,23.446],[96.3,23.448],[96.298,23.464],[96.3,23.468],[96.303,23.472],[96.316,23.481],[96.319,23.486],[96.32,23.491],[96.321,23.507],[96.339,23.517],[96.367,23.548],[96.383,23.56],[96.397,23.574],[96.415,23.601],[96.419,23.61],[96.423,23.618],[96.424,23.624],[96.432,23.639],[96.433,23.644],[96.433,23.652],[96.434,23.66],[96.435,23.664],[96.439,23.674],[96.441,23.681],[96.44,23.689],[96.463,23.718],[96.475,23.726],[96.492,23.733],[96.497,23.736],[96.501,23.74],[96.521,23.775],[96.525,23.785],[96.557,23.839],[96.56,23.849],[96.56,23.858],[96.558,23.865],[96.556,23.87],[96.553,23.875],[96.549,23.88],[96.536,23.893],[96.533,23.898],[96.53,23.903],[96.524,23.926],[96.522,23.931],[96.515,23.946],[96.513,23.951],[96.51,24.003],[96.508,24.011],[96.502,24.017],[96.499,24.019],[96.496,24.021],[96.491,24.023],[96.486,24.025],[96.48,24.026],[96.473,24.026],[96.466,24.026],[96.455,24.022],[96.45,24.02],[96.438,24.01],[96.427,23.993],[96.419,23.985],[96.41,23.983],[96.401,23.986],[96.389,24.001],[96.386,24.015],[96.389,24.029],[96.399,24.04],[96.415,24.051],[96.59,24.125],[96.633,24.136],[96.674,24.142],[96.696,24.118],[96.699,24.07],[96.709,24.052],[96.73,24.028],[96.804,23.979],[96.822,23.969],[96.833,23.965],[96.844,23.966],[96.851,23.97],[96.857,23.977],[96.868,23.986],[96.878,23.99],[96.886,23.99],[96.893,23.985],[96.899,23.974],[96.904,23.95],[96.912,23.928],[96.917,23.904],[96.916,23.873],[96.905,23.842],[96.893,23.823],[96.882,23.814],[96.87,23.806],[96.787,23.776],[96.78,23.773],[96.778,23.768],[96.777,23.764],[96.779,23.757],[96.783,23.751],[96.784,23.75],[96.878,23.722],[96.883,23.722],[96.896,23.726],[96.912,23.727],[96.959,23.718],[96.995,23.708],[97.004,23.7],[97.004,23.696],[97.003,23.674],[97.004,23.668],[97.007,23.657],[97.01,23.653],[97.013,23.649],[97.02,23.647],[97.033,23.645],[97.042,23.644],[97.061,23.646],[97.098,23.645],[97.173,23.676],[97.184,23.678],[97.214,23.678],[97.222,23.679],[97.227,23.68],[97.23,23.681],[97.233,23.683],[97.246,23.695],[97.253,23.7],[97.26,23.703],[97.267,23.705],[97.284,23.708],[97.289,23.708],[97.305,23.704],[97.31,23.705],[97.312,23.708],[97.313,23.711],[97.316,23.715],[97.319,23.719],[97.325,23.724],[97.331,23.725],[97.334,23.725],[97.343,23.721],[97.368,23.744],[97.377,23.75],[97.381,23.75],[97.385,23.749],[97.397,23.748],[97.42,23.75],[97.471,23.785],[97.485,23.789],[97.587,23.806],[97.617,23.817],[97.635,23.826],[97.641,23.833],[97.65,23.852],[97.647,23.869],[97.656,23.873],[97.677,23.879],[97.697,23.887],[97.748,23.934],[97.768,23.946],[97.79,23.953],[97.804,23.955],[97.818,23.958],[97.836,23.972],[97.877,24.014],[97.89,24.023],[98.105,24.102],[98.182,24.119],[98.219,24.117],[98.293,24.1],[98.331,24.099],[98.347,24.105],[98.379,24.122],[98.396,24.128],[98.435,24.13],[98.475,24.128],[98.503,24.121],[98.543,24.094],[98.57,24.082],[98.585,24.076],[98.597,24.083],[98.613,24.088],[98.64,24.101],[98.682,24.107],[98.716,24.121],[98.818,24.129],[98.855,24.139],[98.866,24.146],[98.867,24.143],[98.873,24.114],[98.856,24.084],[98.766,24.027],[98.717,23.988],[98.699,23.982],[98.68,23.976],[98.663,23.97],[98.659,23.961],[98.666,23.953],[98.675,23.937],[98.673,23.928],[98.665,23.903],[98.664,23.89],[98.671,23.817],[98.668,23.809],[98.664,23.803],[98.664,23.797],[98.676,23.787],[98.685,23.785],[98.708,23.785],[98.738,23.776],[98.778,23.769],[98.793,23.758],[98.799,23.743],[98.8,23.693],[98.808,23.676],[98.85,23.615],[98.856,23.61],[98.857,23.604],[98.85,23.591],[98.843,23.584],[98.796,23.558],[98.784,23.547],[98.781,23.533],[98.8,23.481],[98.81,23.474],[98.83,23.48],[98.849,23.48],[98.864,23.467],[98.876,23.446],[98.89,23.407],[98.892,23.387],[98.89,23.368],[98.882,23.35],[98.874,23.345],[98.862,23.341],[98.853,23.335],[98.853,23.325],[98.86,23.322],[98.897,23.323],[98.911,23.298],[98.86,23.212],[98.859,23.179],[98.933,23.172],[98.971,23.162],[98.99,23.16],[99.009,23.162],[99.026,23.16],[99.033,23.146],[99.039,23.127],[99.055,23.11],[99.075,23.102],[99.092,23.102],[99.13,23.106],[99.139,23.105],[99.164,23.098],[99.179,23.096],[99.183,23.095],[99.185,23.095],[99.194,23.096],[99.199,23.092],[99.2,23.074],[99.202,23.067],[99.21,23.062],[99.217,23.057],[99.225,23.057],[99.236,23.062],[99.257,23.079],[99.267,23.084],[99.285,23.088],[99.294,23.097],[99.302,23.113],[99.314,23.126],[99.334,23.13],[99.351,23.119],[99.381,23.082],[99.403,23.068],[99.478,23.066],[99.493,23.057],[99.495,23.043],[99.492,23.028],[99.49,23.012],[99.499,22.995],[99.535,22.949],[99.538,22.926],[99.515,22.909],[99.485,22.91],[99.43,22.937],[99.413,22.931],[99.411,22.919],[99.417,22.874],[99.414,22.857],[99.404,22.841],[99.379,22.813],[99.359,22.775],[99.351,22.768],[99.338,22.765],[99.327,22.76],[99.317,22.754],[99.308,22.745],[99.308,22.72],[99.355,22.609],[99.357,22.587],[99.347,22.553],[99.344,22.533],[99.347,22.523],[99.356,22.506],[99.358,22.495],[99.353,22.484],[99.345,22.473],[99.283,22.412],[99.243,22.393],[99.237,22.38],[99.241,22.373],[99.246,22.366],[99.248,22.354],[99.244,22.341],[99.226,22.321],[99.218,22.31],[99.206,22.261],[99.199,22.245],[99.166,22.205],[99.159,22.185],[99.175,22.169],[99.144,22.154],[99.166,22.132],[99.212,22.112],[99.253,22.103],[99.33,22.096],[99.365,22.099],[99.425,22.122],[99.439,22.124],[99.49,22.104],[99.505,22.103],[99.539,22.107],[99.634,22.085],[99.642,22.08],[99.65,22.072],[99.659,22.055],[99.664,22.049],[99.684,22.039],[99.694,22.047],[99.704,22.061],[99.724,22.071],[99.739,22.067],[99.8,22.037],[99.807,22.031],[99.813,22.023],[99.821,22.018],[99.834,22.019],[99.842,22.027],[99.842,22.047],[99.848,22.055],[99.867,22.058],[99.942,22.046],[99.935,22.033],[99.934,22.019],[99.94,22.006],[99.95,21.995],[99.966,21.963],[99.955,21.925],[99.92,21.852],[99.918,21.829],[99.922,21.812],[99.939,21.777],[99.95,21.721],[99.961,21.705],[99.997,21.686],[100.082,21.684],[100.121,21.674],[100.135,21.662],[100.143,21.655],[100.146,21.649],[100.144,21.64],[100.136,21.637],[100.126,21.635],[100.116,21.629],[100.104,21.616],[100.095,21.599],[100.089,21.582],[100.086,21.568],[100.086,21.551],[100.09,21.529],[100.097,21.508],[100.108,21.496],[100.128,21.482],[100.162,21.436],[100.187,21.428],[100.198,21.433],[100.23,21.457],[100.244,21.465],[100.275,21.475],[100.29,21.483],[100.302,21.495],[100.315,21.513],[100.327,21.524],[100.342,21.53],[100.363,21.532],[100.384,21.528],[100.399,21.519],[100.429,21.495],[100.434,21.478],[100.443,21.463],[100.457,21.455],[100.474,21.457],[100.497,21.462],[100.546,21.453],[100.572,21.455],[100.622,21.469],[100.646,21.48],[100.661,21.495],[100.662,21.495],[100.704,21.516],[100.757,21.57],[100.797,21.626],[100.835,21.658],[100.877,21.677],[100.974,21.704],[100.993,21.711],[101.043,21.745],[101.055,21.755],[101.069,21.762],[101.083,21.767],[101.119,21.76],[101.125,21.744],[101.128,21.695],[101.136,21.685],[101.149,21.677],[101.161,21.658],[101.169,21.638],[101.167,21.623],[101.174,21.612],[101.168,21.6],[101.158,21.586],[101.154,21.568],[101.159,21.553],[101.161,21.535],[101.157,21.52],[101.143,21.513],[101.003,21.406],[100.91,21.36],[100.896,21.356],[100.862,21.323],[100.851,21.315],[100.815,21.3],[100.792,21.297],[100.773,21.304],[100.765,21.309],[100.757,21.312],[100.748,21.314],[100.738,21.315],[100.725,21.312],[100.722,21.304],[100.723,21.293],[100.721,21.281],[100.689,21.159],[100.638,21.07],[100.626,21.054],[100.607,21.044],[100.562,21.035],[100.543,21.027],[100.556,21],[100.557,20.992],[100.552,20.985],[100.533,20.973],[100.529,20.968],[100.527,20.947],[100.518,20.906],[100.516,20.886],[100.534,20.874],[100.623,20.889],[100.652,20.883],[100.652,20.877],[100.627,20.854],[100.608,20.84],[100.599,20.833],[100.569,20.818],[100.537,20.808],[100.513,20.807],[100.471,20.818],[100.384,20.832],[100.365,20.828],[100.351,20.815],[100.342,20.8],[100.33,20.786],[100.29,20.775],[100.275,20.762],[100.249,20.732],[100.222,20.71],[100.211,20.697],[100.207,20.681],[100.202,20.668],[100.18,20.638],[100.173,20.622],[100.173,20.609],[100.16,20.583],[100.149,20.548],[100.137,20.459],[100.127,20.428],[100.125,20.406],[100.121,20.389],[100.111,20.375],[100.1,20.362],[100.097,20.348],[100.098,20.335],[100.099,20.318],[100.055,20.344],[100.048,20.355],[100.043,20.365],[100.036,20.373],[100.023,20.381],[100.008,20.384],[99.997,20.384]]]}}]}
