{"type":"FeatureCollection","features":[{"type":"Feature","id":"NZ-AUK","properties":{"id":"NZ-AUK","countryCode":"NZ","isoSubdivision":"NZ-AUK","name":"Auckland","name_en":"Auckland","name_ko":"오클랜드 지방","type":"Unitary Authority","labelLongitude":174.597,"labelLatitude":-36.633,"minZoom":7},"geometry":{"type":"MultiPolygon","coordinates":[[[[175.169,-36.741],[175.191,-36.731],[175.196,-36.734],[175.206,-36.745],[175.215,-36.758],[175.208,-36.764],[175.193,-36.767],[175.182,-36.775],[175.181,-36.785],[175.189,-36.805],[175.19,-36.815],[175.187,-36.823],[175.183,-36.825],[175.17,-36.824],[175.162,-36.824],[175.142,-36.83],[175.121,-36.832],[175.099,-36.829],[175.059,-36.817],[175.066,-36.809],[175.044,-36.793],[175.034,-36.791],[175.021,-36.8],[175.012,-36.803],[175.008,-36.791],[175.01,-36.774],[175.018,-36.761],[175.026,-36.762],[175.076,-36.761],[175.087,-36.767],[175.095,-36.777],[175.106,-36.782],[175.125,-36.772],[175.169,-36.741]]],[[[174.853,-36.392],[174.867,-36.385],[174.882,-36.39],[174.896,-36.402],[174.901,-36.415],[174.908,-36.439],[174.906,-36.449],[174.891,-36.453],[174.855,-36.452],[174.845,-36.448],[174.86,-36.44],[174.861,-36.428],[174.851,-36.404],[174.853,-36.392]]],[[[175.135,-36.176],[175.139,-36.182],[175.148,-36.191],[175.155,-36.201],[175.155,-36.214],[175.146,-36.222],[175.131,-36.227],[175.114,-36.228],[175.1,-36.228],[175.081,-36.206],[175.095,-36.187],[175.121,-36.175],[175.135,-36.176]]],[[[175.538,-36.282],[175.558,-36.304],[175.566,-36.31],[175.546,-36.343],[175.537,-36.351],[175.523,-36.352],[175.515,-36.345],[175.512,-36.333],[175.511,-36.32],[175.506,-36.309],[175.492,-36.313],[175.478,-36.32],[175.467,-36.32],[175.462,-36.31],[175.459,-36.284],[175.456,-36.276],[175.448,-36.271],[175.44,-36.271],[175.416,-36.276],[175.419,-36.267],[175.419,-36.261],[175.415,-36.255],[175.408,-36.248],[175.385,-36.254],[175.356,-36.244],[175.334,-36.224],[175.327,-36.2],[175.353,-36.225],[175.36,-36.228],[175.37,-36.22],[175.369,-36.207],[175.367,-36.194],[175.371,-36.183],[175.379,-36.165],[175.365,-36.157],[175.345,-36.149],[175.334,-36.132],[175.364,-36.132],[175.377,-36.128],[175.388,-36.118],[175.368,-36.101],[175.364,-36.081],[175.375,-36.066],[175.401,-36.063],[175.411,-36.066],[175.42,-36.072],[175.427,-36.081],[175.429,-36.094],[175.434,-36.1],[175.463,-36.118],[175.444,-36.126],[175.446,-36.137],[175.46,-36.149],[175.487,-36.162],[175.512,-36.171],[175.522,-36.173],[175.531,-36.176],[175.526,-36.185],[175.516,-36.196],[175.511,-36.204],[175.508,-36.219],[175.502,-36.23],[175.502,-36.241],[175.515,-36.258],[175.519,-36.262],[175.524,-36.265],[175.53,-36.267],[175.535,-36.268],[175.539,-36.27],[175.539,-36.274],[175.538,-36.278],[175.538,-36.282]]],[[[174.673,-37.294],[174.651,-37.253],[174.641,-37.221],[174.617,-37.185],[174.614,-37.176],[174.608,-37.155],[174.565,-37.091],[174.558,-37.063],[174.575,-37.061],[174.603,-37.067],[174.643,-37.057],[174.657,-37.061],[174.667,-37.07],[174.665,-37.08],[174.656,-37.091],[174.654,-37.097],[174.704,-37.176],[174.708,-37.208],[174.723,-37.233],[174.74,-37.244],[174.751,-37.221],[174.738,-37.195],[174.736,-37.179],[174.747,-37.173],[174.777,-37.177],[174.79,-37.176],[174.805,-37.166],[174.785,-37.167],[174.735,-37.159],[174.717,-37.153],[174.732,-37.147],[174.786,-37.109],[174.793,-37.111],[174.792,-37.133],[174.833,-37.093],[174.856,-37.078],[174.881,-37.076],[174.919,-37.112],[174.932,-37.118],[174.946,-37.113],[174.948,-37.102],[174.944,-37.088],[174.935,-37.076],[174.937,-37.066],[174.886,-37.049],[174.867,-37.036],[174.851,-37.04],[174.842,-37.028],[174.835,-37.008],[174.826,-36.994],[174.8,-37.018],[174.786,-37.008],[174.784,-36.986],[174.795,-36.974],[174.807,-36.971],[174.819,-36.964],[174.829,-36.954],[174.833,-36.943],[174.768,-36.934],[174.701,-36.936],[174.667,-36.944],[174.641,-36.96],[174.632,-36.973],[174.626,-36.997],[174.621,-37.008],[174.612,-37.018],[174.603,-37.019],[174.58,-37.001],[174.566,-37.019],[174.544,-37.034],[174.521,-37.041],[174.5,-37.032],[174.489,-37.015],[174.448,-36.9],[174.426,-36.806],[174.408,-36.761],[174.356,-36.685],[174.218,-36.545],[174.188,-36.499],[174.182,-36.453],[174.185,-36.442],[174.189,-36.433],[174.197,-36.427],[174.21,-36.426],[174.199,-36.453],[174.198,-36.467],[174.203,-36.481],[174.219,-36.454],[174.229,-36.444],[174.243,-36.44],[174.257,-36.447],[174.272,-36.48],[174.292,-36.495],[174.315,-36.528],[174.329,-36.536],[174.346,-36.539],[174.356,-36.549],[174.355,-36.56],[174.339,-36.57],[174.38,-36.582],[174.39,-36.583],[174.392,-36.586],[174.382,-36.591],[174.367,-36.596],[174.353,-36.597],[174.362,-36.603],[174.366,-36.611],[174.365,-36.621],[174.36,-36.631],[174.372,-36.632],[174.381,-36.635],[174.401,-36.646],[174.401,-36.639],[174.402,-36.624],[174.401,-36.618],[174.411,-36.632],[174.421,-36.654],[174.431,-36.666],[174.442,-36.646],[174.452,-36.646],[174.457,-36.635],[174.459,-36.619],[174.463,-36.604],[174.469,-36.597],[174.485,-36.586],[174.491,-36.577],[174.475,-36.581],[174.47,-36.583],[174.461,-36.564],[174.471,-36.519],[174.463,-36.508],[174.454,-36.523],[174.45,-36.515],[174.45,-36.463],[174.449,-36.46],[174.453,-36.455],[174.47,-36.44],[174.462,-36.429],[174.45,-36.418],[174.441,-36.407],[174.446,-36.395],[174.468,-36.379],[174.466,-36.373],[174.435,-36.357],[174.428,-36.358],[174.411,-36.375],[174.399,-36.384],[174.39,-36.389],[174.331,-36.393],[174.3,-36.387],[174.278,-36.37],[174.271,-36.338],[174.285,-36.344],[174.292,-36.32],[174.303,-36.318],[174.317,-36.325],[174.333,-36.33],[174.375,-36.328],[174.395,-36.323],[174.411,-36.313],[174.427,-36.3],[174.44,-36.293],[174.47,-36.282],[174.497,-36.262],[174.507,-36.258],[174.515,-36.258],[174.521,-36.254],[174.525,-36.241],[174.519,-36.237],[174.517,-36.236],[174.515,-36.234],[174.511,-36.228],[174.541,-36.21],[174.638,-36.143],[174.656,-36.133],[174.669,-36.145],[174.725,-36.216],[174.757,-36.245],[174.799,-36.268],[174.824,-36.277],[174.825,-36.283],[174.819,-36.296],[174.82,-36.299],[174.823,-36.3],[174.825,-36.302],[174.823,-36.306],[174.819,-36.308],[174.816,-36.307],[174.813,-36.305],[174.813,-36.303],[174.808,-36.306],[174.804,-36.305],[174.801,-36.306],[174.799,-36.317],[174.806,-36.335],[174.829,-36.342],[174.857,-36.345],[174.881,-36.351],[174.85,-36.356],[174.768,-36.352],[174.751,-36.354],[174.753,-36.368],[174.767,-36.41],[174.783,-36.436],[174.785,-36.453],[174.783,-36.471],[174.779,-36.487],[174.758,-36.44],[174.743,-36.42],[174.717,-36.412],[174.735,-36.456],[174.733,-36.473],[174.71,-36.474],[174.71,-36.481],[174.72,-36.484],[174.728,-36.488],[174.736,-36.494],[174.744,-36.501],[174.737,-36.511],[174.716,-36.522],[174.71,-36.529],[174.71,-36.542],[174.721,-36.56],[174.723,-36.573],[174.723,-36.594],[174.728,-36.596],[174.741,-36.607],[174.75,-36.613],[174.764,-36.616],[174.792,-36.618],[174.834,-36.604],[174.846,-36.604],[174.857,-36.611],[174.852,-36.616],[174.806,-36.638],[174.782,-36.646],[174.765,-36.644],[174.723,-36.631],[174.744,-36.649],[174.759,-36.673],[174.819,-36.824],[174.797,-36.819],[174.784,-36.809],[174.77,-36.805],[174.744,-36.817],[174.736,-36.812],[174.732,-36.806],[174.733,-36.798],[174.737,-36.789],[174.718,-36.786],[174.704,-36.758],[174.689,-36.758],[174.654,-36.773],[174.638,-36.782],[174.621,-36.796],[174.621,-36.803],[174.63,-36.804],[174.665,-36.8],[174.683,-36.803],[174.673,-36.81],[174.659,-36.818],[174.649,-36.826],[174.655,-36.834],[174.671,-36.842],[174.675,-36.845],[174.675,-36.851],[174.676,-36.894],[174.68,-36.907],[174.693,-36.913],[174.701,-36.908],[174.702,-36.896],[174.701,-36.882],[174.703,-36.871],[174.71,-36.879],[174.718,-36.868],[174.727,-36.858],[174.738,-36.85],[174.751,-36.845],[174.766,-36.843],[174.813,-36.851],[174.876,-36.851],[174.897,-36.862],[174.894,-36.893],[174.884,-36.905],[174.874,-36.911],[174.869,-36.92],[174.874,-36.939],[174.879,-36.952],[174.885,-36.959],[174.891,-36.958],[174.901,-36.947],[174.928,-36.837],[174.935,-36.837],[174.957,-36.885],[174.965,-36.907],[174.963,-36.934],[174.986,-36.929],[175.011,-36.928],[175.024,-36.92],[175.008,-36.896],[175.004,-36.879],[175.027,-36.875],[175.059,-36.878],[175.08,-36.885],[175.092,-36.907],[175.081,-36.953],[175.093,-36.97],[175.109,-36.974],[175.121,-36.97],[175.132,-36.963],[175.149,-36.959],[175.173,-36.946],[175.179,-36.948],[175.184,-36.952],[175.189,-36.953],[175.222,-36.941],[175.231,-36.939],[175.241,-36.942],[175.262,-36.957],[175.275,-36.96],[175.284,-36.964],[175.319,-37],[175.326,-37.009],[175.274,-37.018],[175.239,-37.016],[175.183,-37.04],[175.168,-37.081],[175.16,-37.16],[175.098,-37.189],[174.985,-37.211],[174.877,-37.232],[174.791,-37.254],[174.726,-37.274],[174.673,-37.294]]]]}},{"type":"Feature","id":"NZ-BOP","properties":{"id":"NZ-BOP","countryCode":"NZ","isoSubdivision":"NZ-BOP","name":"Bay of Plenty","name_en":"Bay of Plenty","name_ko":"베이오브플렌티 지방","type":"Regional Council","labelLongitude":176.858,"labelLatitude":-38.216,"minZoom":7},"geometry":{"type":"Polygon","coordinates":[[[175.959,-37.369],[175.961,-37.377],[175.979,-37.409],[175.984,-37.423],[175.987,-37.43],[176.001,-37.439],[176.005,-37.447],[176.004,-37.461],[175.999,-37.459],[175.992,-37.453],[175.984,-37.454],[175.975,-37.47],[175.985,-37.476],[176.025,-37.482],[176.042,-37.487],[176.06,-37.496],[176.077,-37.507],[176.09,-37.519],[176.1,-37.532],[176.116,-37.562],[176.125,-37.574],[176.153,-37.595],[176.165,-37.608],[176.169,-37.625],[176.133,-37.603],[176.121,-37.598],[176.106,-37.597],[176.091,-37.599],[176.076,-37.596],[176.059,-37.584],[176.07,-37.58],[176.101,-37.57],[176.066,-37.551],[176.049,-37.539],[176.035,-37.526],[176.016,-37.516],[175.99,-37.515],[175.943,-37.522],[175.949,-37.528],[175.958,-37.539],[175.963,-37.543],[175.959,-37.549],[175.957,-37.556],[175.955,-37.563],[175.957,-37.57],[175.963,-37.578],[175.969,-37.579],[175.974,-37.577],[175.977,-37.577],[175.983,-37.58],[175.993,-37.582],[175.997,-37.584],[175.999,-37.59],[175.997,-37.596],[175.993,-37.601],[175.991,-37.604],[175.996,-37.627],[175.997,-37.632],[176.002,-37.636],[176.007,-37.639],[176.025,-37.639],[176.033,-37.637],[176.038,-37.632],[176.042,-37.627],[176.046,-37.625],[176.063,-37.632],[176.072,-37.644],[176.077,-37.659],[176.087,-37.673],[176.103,-37.665],[176.113,-37.671],[176.121,-37.681],[176.131,-37.687],[176.146,-37.682],[176.151,-37.671],[176.157,-37.663],[176.177,-37.666],[176.19,-37.673],[176.196,-37.682],[176.197,-37.694],[176.196,-37.711],[176.202,-37.72],[176.214,-37.719],[176.23,-37.716],[176.245,-37.714],[176.231,-37.666],[176.209,-37.636],[176.203,-37.622],[176.217,-37.618],[176.236,-37.632],[176.272,-37.683],[176.296,-37.694],[176.323,-37.699],[176.384,-37.723],[176.413,-37.728],[176.424,-37.732],[176.448,-37.751],[176.461,-37.755],[176.491,-37.755],[176.495,-37.759],[176.5,-37.766],[176.507,-37.769],[176.519,-37.762],[176.718,-37.878],[176.759,-37.893],[176.822,-37.901],[176.882,-37.92],[176.95,-37.928],[177.005,-37.955],[177.098,-37.965],[177.136,-37.982],[177.077,-37.982],[177.066,-37.985],[177.072,-37.991],[177.118,-38.017],[177.131,-38.022],[177.146,-38.024],[177.158,-38.018],[177.161,-38.006],[177.157,-37.992],[177.149,-37.982],[177.166,-37.978],[177.176,-37.983],[177.184,-37.99],[177.197,-37.996],[177.262,-37.996],[177.265,-37.998],[177.276,-38.013],[177.282,-38.016],[177.286,-38.014],[177.291,-38.011],[177.297,-38.009],[177.301,-38.006],[177.3,-37.999],[177.3,-37.992],[177.307,-37.989],[177.318,-37.988],[177.348,-37.982],[177.438,-37.977],[177.461,-37.965],[177.48,-37.952],[177.557,-37.914],[177.587,-37.893],[177.598,-37.882],[177.602,-37.873],[177.602,-37.848],[177.618,-37.823],[177.622,-37.814],[177.628,-37.808],[177.669,-37.789],[177.685,-37.772],[177.696,-37.735],[177.708,-37.718],[177.723,-37.704],[177.729,-37.695],[177.731,-37.683],[177.739,-37.676],[177.838,-37.653],[177.859,-37.652],[177.877,-37.648],[177.89,-37.637],[177.914,-37.608],[177.929,-37.601],[177.973,-37.597],[177.992,-37.591],[178.005,-37.58],[178.009,-37.57],[178.004,-37.559],[177.992,-37.543],[178.032,-37.55],[178.077,-37.551],[178.077,-37.568],[178.057,-37.593],[178,-37.608],[177.978,-37.616],[177.976,-37.628],[177.98,-37.637],[177.991,-37.666],[177.99,-37.698],[177.981,-37.718],[177.977,-37.741],[178,-37.756],[178.026,-37.739],[178.049,-37.74],[178.059,-37.761],[178.031,-37.799],[177.994,-37.828],[177.942,-37.907],[177.885,-38.064],[177.844,-38.107],[177.801,-38.086],[177.761,-38.06],[177.724,-38.029],[177.689,-38.021],[177.678,-38.03],[177.69,-38.053],[177.689,-38.092],[177.684,-38.115],[177.663,-38.133],[177.659,-38.145],[177.653,-38.157],[177.639,-38.165],[177.623,-38.17],[177.601,-38.188],[177.577,-38.203],[177.55,-38.213],[177.523,-38.216],[177.497,-38.224],[177.488,-38.24],[177.495,-38.258],[177.491,-38.294],[177.47,-38.325],[177.432,-38.353],[177.311,-38.393],[177.244,-38.43],[177.246,-38.463],[177.255,-38.498],[177.182,-38.56],[177.173,-38.57],[177.166,-38.58],[177.118,-38.594],[177.104,-38.613],[177.085,-38.62],[177.078,-38.617],[177.065,-38.62],[177.045,-38.632],[177.029,-38.647],[177.022,-38.663],[177.014,-38.676],[177.001,-38.691],[176.984,-38.705],[176.958,-38.704],[176.931,-38.699],[176.873,-38.673],[176.788,-38.691],[176.762,-38.702],[176.733,-38.718],[176.712,-38.741],[176.715,-38.792],[176.708,-38.801],[176.702,-38.812],[176.706,-38.844],[176.702,-38.85],[176.694,-38.852],[176.677,-38.85],[176.621,-38.831],[176.58,-38.817],[176.548,-38.807],[176.53,-38.807],[176.523,-38.818],[176.517,-38.833],[176.494,-38.883],[176.466,-38.921],[176.454,-38.969],[176.455,-38.989],[176.447,-38.995],[176.434,-38.999],[176.413,-38.996],[176.396,-38.988],[176.346,-38.961],[176.308,-38.907],[176.267,-38.907],[176.258,-38.89],[176.255,-38.808],[176.36,-38.673],[176.379,-38.644],[176.394,-38.623],[176.411,-38.594],[176.424,-38.579],[176.438,-38.559],[176.466,-38.533],[176.485,-38.506],[176.508,-38.427],[176.498,-38.387],[176.472,-38.368],[176.32,-38.314],[176.308,-38.302],[176.298,-38.286],[176.281,-38.263],[176.268,-38.236],[176.244,-38.218],[176.229,-38.207],[176.206,-38.191],[176.149,-38.19],[176.1,-38.157],[176.085,-38.1],[176.086,-38.057],[176.063,-38.04],[176.052,-38.012],[176.019,-38],[176.002,-37.999],[175.986,-37.996],[175.975,-37.979],[175.96,-37.937],[175.967,-37.914],[175.968,-37.892],[175.94,-37.865],[175.933,-37.852],[175.921,-37.772],[175.885,-37.702],[175.86,-37.67],[175.84,-37.635],[175.84,-37.605],[175.823,-37.578],[175.826,-37.555],[175.833,-37.539],[175.822,-37.52],[175.809,-37.508],[175.817,-37.492],[175.829,-37.479],[175.858,-37.491],[175.891,-37.499],[175.894,-37.486],[175.871,-37.47],[175.875,-37.453],[175.893,-37.446],[175.914,-37.419],[175.918,-37.382],[175.959,-37.369]]]}},{"type":"Feature","id":"NZ-CAN","properties":{"id":"NZ-CAN","countryCode":"NZ","isoSubdivision":"NZ-CAN","name":"Canterbury","name_en":"Canterbury","name_ko":"캔터베리 지방","type":"Regional Council","labelLongitude":171.813,"labelLatitude":-43.4,"minZoom":7},"geometry":{"type":"Polygon","coordinates":[[[174.082,-41.969],[174.004,-42.031],[173.975,-42.067],[173.961,-42.09],[173.956,-42.11],[173.956,-42.141],[173.954,-42.159],[173.945,-42.168],[173.939,-42.178],[173.931,-42.191],[173.929,-42.196],[173.91,-42.215],[173.891,-42.241],[173.871,-42.255],[173.826,-42.277],[173.805,-42.292],[173.774,-42.33],[173.768,-42.333],[173.761,-42.334],[173.747,-42.334],[173.737,-42.351],[173.733,-42.357],[173.722,-42.365],[173.711,-42.37],[173.704,-42.379],[173.702,-42.395],[173.706,-42.404],[173.723,-42.42],[173.73,-42.429],[173.723,-42.437],[173.716,-42.443],[173.695,-42.423],[173.684,-42.417],[173.668,-42.415],[173.656,-42.419],[173.634,-42.433],[173.624,-42.436],[173.611,-42.443],[173.559,-42.491],[173.539,-42.529],[173.523,-42.573],[173.5,-42.61],[173.455,-42.627],[173.455,-42.635],[173.462,-42.635],[173.467,-42.637],[173.471,-42.639],[173.477,-42.641],[173.399,-42.765],[173.388,-42.8],[173.373,-42.822],[173.354,-42.839],[173.323,-42.851],[173.321,-42.862],[173.325,-42.881],[173.325,-42.892],[173.326,-42.898],[173.325,-42.903],[173.318,-42.916],[173.309,-42.924],[173.3,-42.928],[173.293,-42.933],[173.291,-42.947],[173.287,-42.954],[173.278,-42.961],[173.234,-42.981],[173.223,-42.984],[173.195,-42.987],[173.154,-43.003],[173.148,-43.012],[173.144,-43.024],[173.14,-43.032],[173.132,-43.039],[173.083,-43.067],[172.948,-43.091],[172.915,-43.103],[172.888,-43.128],[172.811,-43.169],[172.797,-43.189],[172.774,-43.23],[172.75,-43.257],[172.745,-43.265],[172.749,-43.28],[172.756,-43.293],[172.749,-43.317],[172.745,-43.342],[172.743,-43.395],[172.736,-43.401],[172.73,-43.415],[172.732,-43.436],[172.75,-43.499],[172.779,-43.558],[172.777,-43.574],[172.764,-43.562],[172.753,-43.561],[172.748,-43.567],[172.756,-43.581],[172.771,-43.589],[172.832,-43.602],[172.804,-43.611],[172.738,-43.614],[172.708,-43.622],[172.681,-43.639],[172.693,-43.647],[172.721,-43.65],[172.743,-43.656],[172.764,-43.636],[172.801,-43.629],[172.837,-43.629],[172.853,-43.631],[172.857,-43.647],[172.866,-43.661],[172.876,-43.669],[172.88,-43.665],[172.885,-43.64],[172.894,-43.615],[172.92,-43.627],[172.926,-43.635],[172.928,-43.652],[172.925,-43.68],[172.928,-43.686],[172.942,-43.683],[172.951,-43.675],[172.958,-43.663],[172.966,-43.653],[172.98,-43.648],[172.994,-43.649],[173.009,-43.654],[173.021,-43.662],[173.025,-43.676],[173.053,-43.653],[173.065,-43.648],[173.069,-43.666],[173.081,-43.676],[173.095,-43.684],[173.106,-43.696],[173.107,-43.704],[173.104,-43.712],[173.101,-43.719],[173.099,-43.724],[173.102,-43.73],[173.11,-43.74],[173.113,-43.745],[173.116,-43.772],[173.114,-43.801],[173.105,-43.829],[173.093,-43.854],[173.081,-43.841],[173.056,-43.864],[173.038,-43.861],[173.032,-43.882],[173.031,-43.889],[173.023,-43.881],[173.014,-43.879],[173.005,-43.882],[172.997,-43.889],[172.993,-43.876],[172.98,-43.854],[172.976,-43.841],[172.976,-43.825],[172.979,-43.817],[172.977,-43.809],[172.966,-43.796],[172.96,-43.783],[172.962,-43.768],[172.962,-43.756],[172.949,-43.751],[172.933,-43.756],[172.927,-43.766],[172.929,-43.777],[172.942,-43.786],[172.928,-43.813],[172.927,-43.84],[172.937,-43.867],[172.969,-43.903],[172.966,-43.905],[172.942,-43.902],[172.877,-43.902],[172.863,-43.896],[172.84,-43.876],[172.817,-43.881],[172.805,-43.875],[172.784,-43.854],[172.745,-43.825],[172.744,-43.811],[172.763,-43.793],[172.746,-43.794],[172.719,-43.803],[172.637,-43.812],[172.609,-43.823],[172.551,-43.827],[172.463,-43.85],[172.423,-43.855],[172.414,-43.851],[172.418,-43.84],[172.428,-43.833],[172.44,-43.828],[172.467,-43.825],[172.618,-43.787],[172.633,-43.786],[172.648,-43.783],[172.64,-43.775],[172.612,-43.762],[172.6,-43.76],[172.568,-43.763],[172.551,-43.758],[172.544,-43.752],[172.532,-43.738],[172.524,-43.731],[172.497,-43.722],[172.471,-43.725],[172.445,-43.733],[172.417,-43.737],[172.401,-43.748],[172.391,-43.773],[172.387,-43.802],[172.387,-43.827],[172.389,-43.842],[172.391,-43.847],[172.388,-43.852],[172.376,-43.864],[172.366,-43.868],[172.282,-43.878],[172.271,-43.876],[172.25,-43.881],[172.232,-43.896],[172.186,-43.908],[172.165,-43.921],[172.061,-43.957],[171.868,-44.059],[171.838,-44.062],[171.822,-44.06],[171.807,-44.061],[171.794,-44.067],[171.72,-44.105],[171.683,-44.111],[171.667,-44.115],[171.655,-44.123],[171.644,-44.132],[171.633,-44.14],[171.605,-44.146],[171.578,-44.16],[171.567,-44.163],[171.551,-44.167],[171.533,-44.183],[171.523,-44.191],[171.516,-44.199],[171.49,-44.206],[171.478,-44.213],[171.417,-44.26],[171.392,-44.271],[171.372,-44.265],[171.358,-44.272],[171.346,-44.279],[171.338,-44.29],[171.334,-44.299],[171.28,-44.372],[171.276,-44.383],[171.276,-44.44],[171.271,-44.459],[171.257,-44.474],[171.228,-44.498],[171.226,-44.508],[171.226,-44.519],[171.223,-44.528],[171.211,-44.533],[171.203,-44.534],[171.174,-44.547],[171.196,-44.567],[171.201,-44.601],[171.201,-44.677],[171.213,-44.725],[171.214,-44.742],[171.209,-44.761],[171.197,-44.768],[171.184,-44.774],[171.174,-44.786],[171.202,-44.789],[171.212,-44.814],[171.211,-44.846],[171.203,-44.906],[171.193,-44.926],[171.181,-44.94],[171.173,-44.953],[171.125,-44.947],[171.02,-44.917],[170.842,-44.882],[170.758,-44.898],[170.718,-44.899],[170.679,-44.906],[170.644,-44.919],[170.488,-45.021],[170.39,-45.06],[170.37,-45.047],[170.348,-45.021],[170.338,-44.995],[170.332,-44.967],[170.335,-44.945],[170.322,-44.926],[170.304,-44.917],[170.266,-44.915],[170.177,-44.929],[170.107,-44.925],[170.075,-44.913],[170.054,-44.894],[170.024,-44.86],[169.989,-44.8],[169.957,-44.728],[169.934,-44.692],[169.903,-44.665],[169.871,-44.654],[169.797,-44.661],[169.741,-44.618],[169.714,-44.591],[169.686,-44.594],[169.663,-44.585],[169.644,-44.566],[169.628,-44.5],[169.612,-44.474],[169.584,-44.455],[169.553,-44.446],[169.547,-44.431],[169.544,-44.406],[169.544,-44.225],[169.547,-44.203],[169.567,-44.18],[169.58,-44.16],[169.604,-44.133],[169.626,-44.113],[169.643,-44.086],[169.668,-44.056],[169.68,-44.031],[169.672,-43.976],[169.725,-43.93],[169.76,-43.905],[169.794,-43.876],[169.95,-43.783],[169.977,-43.747],[170,-43.729],[170.019,-43.702],[170.045,-43.68],[170.071,-43.653],[170.085,-43.627],[170.1,-43.606],[170.127,-43.583],[170.205,-43.532],[170.236,-43.519],[170.336,-43.493],[170.471,-43.437],[170.518,-43.422],[170.553,-43.419],[170.569,-43.423],[170.596,-43.423],[170.693,-43.344],[170.868,-43.242],[170.969,-43.205],[171.006,-43.186],[171.068,-43.107],[171.107,-43.089],[171.128,-43.09],[171.207,-43.072],[171.226,-43.063],[171.238,-43.053],[171.242,-43.041],[171.249,-43.026],[171.262,-43.008],[171.305,-42.977],[171.328,-42.965],[171.369,-42.952],[171.401,-42.95],[171.42,-42.948],[171.435,-42.941],[171.456,-42.929],[171.493,-42.918],[171.506,-42.918],[171.516,-42.92],[171.522,-42.923],[171.528,-42.924],[171.536,-42.923],[171.573,-42.915],[171.614,-42.912],[171.651,-42.906],[171.701,-42.907],[171.717,-42.9],[171.727,-42.891],[171.733,-42.879],[171.736,-42.866],[171.748,-42.838],[171.756,-42.812],[171.76,-42.802],[171.765,-42.797],[171.817,-42.785],[171.879,-42.758],[171.882,-42.739],[171.887,-42.728],[171.911,-42.706],[171.934,-42.681],[171.954,-42.668],[171.983,-42.652],[171.998,-42.649],[172.027,-42.648],[172.045,-42.643],[172.072,-42.632],[172.101,-42.614],[172.127,-42.574],[172.172,-42.547],[172.183,-42.536],[172.193,-42.522],[172.215,-42.506],[172.224,-42.497],[172.234,-42.482],[172.249,-42.47],[172.31,-42.434],[172.361,-42.4],[172.39,-42.391],[172.409,-42.387],[172.435,-42.379],[172.447,-42.369],[172.453,-42.358],[172.456,-42.346],[172.469,-42.327],[172.475,-42.315],[172.479,-42.305],[172.485,-42.286],[172.514,-42.281],[172.531,-42.272],[172.55,-42.26],[172.596,-42.219],[172.61,-42.197],[172.637,-42.141],[172.64,-42.127],[172.643,-42.116],[172.65,-42.111],[172.661,-42.109],[172.673,-42.109],[172.684,-42.111],[172.691,-42.114],[172.706,-42.116],[172.717,-42.12],[172.734,-42.153],[172.752,-42.16],[172.77,-42.163],[172.786,-42.163],[172.806,-42.178],[172.818,-42.181],[172.824,-42.194],[172.827,-42.21],[172.837,-42.235],[172.85,-42.247],[172.852,-42.261],[172.848,-42.274],[172.846,-42.288],[172.854,-42.299],[172.87,-42.305],[172.888,-42.309],[172.907,-42.316],[172.918,-42.337],[172.931,-42.35],[172.939,-42.363],[172.946,-42.371],[172.985,-42.394],[172.983,-42.409],[172.978,-42.424],[172.977,-42.436],[172.988,-42.443],[173.005,-42.447],[173.02,-42.452],[173.046,-42.471],[173.064,-42.471],[173.078,-42.461],[173.115,-42.443],[173.135,-42.44],[173.152,-42.431],[173.171,-42.411],[173.195,-42.391],[173.214,-42.36],[173.215,-42.347],[173.189,-42.333],[173.201,-42.319],[173.226,-42.3],[173.259,-42.281],[173.312,-42.241],[173.345,-42.227],[173.438,-42.2],[173.452,-42.188],[173.458,-42.173],[173.469,-42.157],[173.471,-42.129],[173.498,-42.072],[173.562,-42.03],[173.588,-42.019],[173.608,-42.006],[173.627,-42.002],[173.651,-41.991],[173.668,-41.98],[173.688,-41.97],[173.704,-41.959],[173.721,-41.927],[173.733,-41.916],[173.751,-41.921],[173.766,-41.933],[173.776,-41.945],[173.785,-41.951],[173.798,-41.945],[173.81,-41.936],[173.83,-41.93],[173.914,-41.916],[173.931,-41.915],[173.947,-41.917],[173.96,-41.923],[173.973,-41.928],[174.002,-41.933],[174.022,-41.931],[174.036,-41.933],[174.047,-41.937],[174.052,-41.943],[174.082,-41.969]]]}},{"type":"Feature","id":"NZ-CIT","properties":{"id":"NZ-CIT","countryCode":"NZ","isoSubdivision":"NZ-CIT","name":"Chatham Islands","name_en":"Chatham Islands","name_ko":"채텀 제도","type":"Special Island Authority","labelLongitude":-176.174,"labelLatitude":-44.272,"minZoom":7},"geometry":{"type":"MultiPolygon","coordinates":[[[[-176.145,-44.248],[-176.139,-44.253],[-176.114,-44.265],[-176.149,-44.282],[-176.159,-44.295],[-176.162,-44.317],[-176.199,-44.335],[-176.219,-44.341],[-176.218,-44.327],[-176.221,-44.324],[-176.228,-44.316],[-176.231,-44.313],[-176.227,-44.31],[-176.231,-44.307],[-176.226,-44.299],[-176.212,-44.273],[-176.211,-44.265],[-176.221,-44.252],[-176.233,-44.247],[-176.236,-44.242],[-176.224,-44.231],[-176.209,-44.225],[-176.189,-44.221],[-176.17,-44.221],[-176.155,-44.224],[-176.15,-44.229],[-176.149,-44.236],[-176.148,-44.242],[-176.145,-44.248]]],[[[-176.382,-43.899],[-176.385,-43.907],[-176.392,-43.91],[-176.399,-43.908],[-176.402,-43.899],[-176.402,-43.875],[-176.404,-43.864],[-176.409,-43.854],[-176.394,-43.845],[-176.374,-43.827],[-176.358,-43.805],[-176.354,-43.786],[-176.372,-43.766],[-176.402,-43.758],[-176.457,-43.758],[-176.513,-43.75],[-176.535,-43.756],[-176.533,-43.779],[-176.514,-43.791],[-176.423,-43.806],[-176.496,-43.851],[-176.502,-43.864],[-176.467,-43.899],[-176.46,-43.912],[-176.459,-43.925],[-176.46,-43.937],[-176.457,-43.95],[-176.433,-43.963],[-176.395,-43.939],[-176.389,-43.961],[-176.387,-43.976],[-176.382,-43.986],[-176.365,-44.002],[-176.352,-44.009],[-176.324,-44.014],[-176.313,-44.019],[-176.3,-44.043],[-176.329,-44.05],[-176.371,-44.052],[-176.399,-44.057],[-176.409,-44.062],[-176.435,-44.07],[-176.46,-44.087],[-176.505,-44.101],[-176.512,-44.122],[-176.519,-44.123],[-176.581,-44.123],[-176.6,-44.12],[-176.608,-44.112],[-176.611,-44.09],[-176.618,-44.071],[-176.641,-44.033],[-176.649,-44.028],[-176.66,-44.024],[-176.664,-44.019],[-176.656,-44.012],[-176.633,-44.004],[-176.574,-43.969],[-176.563,-43.961],[-176.558,-43.949],[-176.535,-43.938],[-176.516,-43.922],[-176.522,-43.899],[-176.566,-43.838],[-176.588,-43.82],[-176.611,-43.806],[-176.624,-43.801],[-176.638,-43.8],[-176.653,-43.802],[-176.664,-43.807],[-176.673,-43.81],[-176.683,-43.806],[-176.69,-43.813],[-176.685,-43.827],[-176.694,-43.829],[-176.71,-43.828],[-176.725,-43.834],[-176.754,-43.823],[-176.826,-43.84],[-176.855,-43.82],[-176.84,-43.801],[-176.821,-43.795],[-176.8,-43.79],[-176.779,-43.779],[-176.779,-43.772],[-176.785,-43.764],[-176.786,-43.756],[-176.772,-43.751],[-176.77,-43.755],[-176.745,-43.768],[-176.735,-43.772],[-176.645,-43.764],[-176.625,-43.755],[-176.614,-43.736],[-176.61,-43.719],[-176.602,-43.708],[-176.581,-43.703],[-176.572,-43.705],[-176.55,-43.714],[-176.54,-43.717],[-176.498,-43.716],[-176.484,-43.717],[-176.417,-43.741],[-176.392,-43.745],[-176.169,-43.731],[-176.169,-43.737],[-176.185,-43.738],[-176.196,-43.744],[-176.203,-43.756],[-176.203,-43.772],[-176.244,-43.754],[-176.285,-43.77],[-176.321,-43.802],[-176.37,-43.863],[-176.379,-43.879],[-176.382,-43.899]]]]}},{"type":"Feature","id":"NZ-GIS","properties":{"id":"NZ-GIS","countryCode":"NZ","isoSubdivision":"NZ-GIS","name":"Gisborne","name_en":"Gisborne","name_ko":"기즈번 지방","type":"Unitary Authority","labelLongitude":177.93,"labelLatitude":-38.344,"minZoom":7},"geometry":{"type":"Polygon","coordinates":[[[178.077,-37.551],[178.278,-37.559],[178.301,-37.565],[178.313,-37.573],[178.3,-37.584],[178.3,-37.591],[178.312,-37.595],[178.331,-37.611],[178.341,-37.618],[178.358,-37.623],[178.375,-37.625],[178.41,-37.625],[178.423,-37.628],[178.442,-37.642],[178.455,-37.645],[178.486,-37.645],[178.498,-37.647],[178.513,-37.652],[178.529,-37.662],[178.551,-37.681],[178.566,-37.701],[178.564,-37.718],[178.556,-37.727],[178.537,-37.752],[178.499,-37.783],[178.479,-37.83],[178.465,-37.854],[178.429,-37.874],[178.415,-37.896],[178.387,-37.959],[178.376,-37.975],[178.359,-37.992],[178.352,-38.002],[178.348,-38.013],[178.356,-38.036],[178.371,-38.057],[178.381,-38.079],[178.376,-38.105],[178.36,-38.118],[178.339,-38.13],[178.33,-38.146],[178.355,-38.188],[178.351,-38.208],[178.339,-38.228],[178.324,-38.245],[178.319,-38.266],[178.332,-38.286],[178.352,-38.303],[178.362,-38.317],[178.359,-38.328],[178.35,-38.337],[178.334,-38.351],[178.33,-38.364],[178.327,-38.386],[178.32,-38.399],[178.333,-38.402],[178.343,-38.41],[178.349,-38.42],[178.348,-38.434],[178.341,-38.443],[178.304,-38.458],[178.299,-38.467],[178.3,-38.532],[178.295,-38.54],[178.182,-38.638],[178.08,-38.709],[178.062,-38.716],[178.023,-38.688],[177.997,-38.683],[177.972,-38.688],[177.951,-38.701],[177.942,-38.704],[177.936,-38.702],[177.932,-38.702],[177.931,-38.714],[177.932,-38.719],[177.935,-38.73],[177.937,-38.735],[177.955,-38.75],[177.964,-38.761],[177.962,-38.773],[177.944,-38.798],[177.938,-38.82],[177.937,-38.873],[177.926,-38.931],[177.912,-38.961],[177.864,-38.942],[177.835,-38.915],[177.696,-38.876],[177.555,-38.787],[177.517,-38.737],[177.459,-38.667],[177.418,-38.645],[177.173,-38.57],[177.182,-38.56],[177.255,-38.498],[177.246,-38.463],[177.244,-38.43],[177.311,-38.393],[177.432,-38.353],[177.47,-38.325],[177.491,-38.294],[177.495,-38.258],[177.488,-38.24],[177.497,-38.224],[177.523,-38.216],[177.55,-38.213],[177.577,-38.203],[177.601,-38.188],[177.623,-38.17],[177.639,-38.165],[177.653,-38.157],[177.659,-38.145],[177.663,-38.133],[177.684,-38.115],[177.689,-38.092],[177.69,-38.053],[177.678,-38.03],[177.689,-38.021],[177.724,-38.029],[177.761,-38.06],[177.801,-38.086],[177.844,-38.107],[177.885,-38.064],[177.942,-37.907],[177.994,-37.828],[178.031,-37.799],[178.059,-37.761],[178.049,-37.74],[178.026,-37.739],[178,-37.756],[177.977,-37.741],[177.981,-37.718],[177.99,-37.698],[177.991,-37.666],[177.98,-37.637],[177.976,-37.628],[177.978,-37.616],[178,-37.608],[178.057,-37.593],[178.077,-37.568],[178.077,-37.551]]]}},{"type":"Feature","id":"NZ-HKB","properties":{"id":"NZ-HKB","countryCode":"NZ","isoSubdivision":"NZ-HKB","name":"Hawke's Bay","name_en":"Hawke's Bay","name_ko":"호크스베이 지방","type":"Regional Council","labelLongitude":176.605,"labelLatitude":-39.543,"minZoom":7},"geometry":{"type":"Polygon","coordinates":[[[177.912,-38.961],[177.91,-39],[177.903,-39.017],[177.911,-39.036],[177.903,-39.051],[177.89,-39.066],[177.883,-39.086],[177.952,-39.091],[177.985,-39.105],[177.999,-39.13],[177.944,-39.174],[177.921,-39.224],[177.912,-39.256],[177.9,-39.267],[177.884,-39.277],[177.869,-39.29],[177.841,-39.229],[177.834,-39.197],[177.834,-39.167],[177.84,-39.151],[177.847,-39.135],[177.856,-39.12],[177.865,-39.109],[177.866,-39.097],[177.852,-39.089],[177.833,-39.09],[177.82,-39.106],[177.81,-39.102],[177.779,-39.086],[177.764,-39.081],[177.606,-39.075],[177.444,-39.072],[177.432,-39.068],[177.423,-39.061],[177.413,-39.059],[177.387,-39.077],[177.202,-39.148],[177.065,-39.199],[177.053,-39.212],[177.049,-39.234],[177.038,-39.256],[177.025,-39.275],[177,-39.301],[176.964,-39.331],[176.941,-39.345],[176.938,-39.349],[176.926,-39.376],[176.914,-39.389],[176.907,-39.4],[176.904,-39.413],[176.903,-39.431],[176.906,-39.448],[176.915,-39.456],[176.926,-39.464],[176.938,-39.475],[176.945,-39.495],[176.951,-39.588],[176.954,-39.608],[176.961,-39.624],[176.967,-39.624],[176.973,-39.63],[176.99,-39.637],[177.015,-39.652],[177.023,-39.657],[177.036,-39.664],[177.053,-39.664],[177.087,-39.661],[177.119,-39.667],[177.115,-39.681],[177.098,-39.701],[177.087,-39.725],[177.083,-39.733],[177.072,-39.741],[177.059,-39.747],[177.036,-39.754],[177.029,-39.765],[177.006,-39.831],[177.006,-39.835],[177.007,-39.84],[177.008,-39.846],[177.006,-39.853],[177.002,-39.855],[176.987,-39.86],[176.981,-39.863],[176.968,-39.882],[176.935,-39.97],[176.913,-40.011],[176.899,-40.027],[176.895,-40.037],[176.894,-40.05],[176.896,-40.075],[176.895,-40.082],[176.893,-40.087],[176.881,-40.102],[176.878,-40.106],[176.862,-40.141],[176.837,-40.178],[176.797,-40.223],[176.753,-40.254],[176.745,-40.257],[176.736,-40.253],[176.727,-40.245],[176.718,-40.241],[176.707,-40.247],[176.682,-40.275],[176.673,-40.291],[176.669,-40.311],[176.676,-40.303],[176.684,-40.296],[176.693,-40.291],[176.704,-40.29],[176.639,-40.391],[176.63,-40.454],[176.59,-40.426],[176.56,-40.414],[176.454,-40.406],[176.419,-40.388],[176.389,-40.362],[176.391,-40.332],[176.397,-40.298],[176.394,-40.267],[176.366,-40.213],[176.366,-40.186],[176.372,-40.17],[176.369,-40.151],[176.336,-40.125],[176.324,-40.114],[176.32,-40.099],[176.323,-40.086],[176.317,-40.074],[176.309,-40.07],[176.301,-40.068],[176.285,-40.066],[176.271,-40.058],[176.211,-40.018],[176.146,-40.021],[176.125,-40.016],[176.107,-39.998],[176.103,-39.986],[176.105,-39.979],[176.126,-39.903],[176.137,-39.836],[176.183,-39.707],[176.184,-39.694],[176.189,-39.682],[176.198,-39.68],[176.202,-39.674],[176.186,-39.652],[176.176,-39.627],[176.182,-39.612],[176.172,-39.603],[176.161,-39.603],[176.147,-39.593],[176.143,-39.588],[176.144,-39.582],[176.154,-39.57],[176.171,-39.552],[176.186,-39.523],[176.189,-39.513],[176.193,-39.508],[176.193,-39.504],[176.189,-39.503],[176.182,-39.501],[176.173,-39.501],[176.162,-39.495],[176.142,-39.479],[176.143,-39.448],[176.121,-39.431],[176.119,-39.398],[176.098,-39.364],[176.118,-39.332],[176.13,-39.303],[176.114,-39.265],[176.113,-39.194],[176.082,-39.128],[176.106,-39.101],[176.164,-39.036],[176.215,-38.987],[176.267,-38.907],[176.308,-38.907],[176.346,-38.961],[176.396,-38.988],[176.413,-38.996],[176.434,-38.999],[176.447,-38.995],[176.455,-38.989],[176.454,-38.969],[176.466,-38.921],[176.494,-38.883],[176.517,-38.833],[176.523,-38.818],[176.53,-38.807],[176.548,-38.807],[176.58,-38.817],[176.621,-38.831],[176.677,-38.85],[176.694,-38.852],[176.702,-38.85],[176.706,-38.844],[176.702,-38.812],[176.708,-38.801],[176.715,-38.792],[176.712,-38.741],[176.733,-38.718],[176.762,-38.702],[176.788,-38.691],[176.873,-38.673],[176.931,-38.699],[176.958,-38.704],[176.984,-38.705],[177.001,-38.691],[177.014,-38.676],[177.022,-38.663],[177.029,-38.647],[177.045,-38.632],[177.065,-38.62],[177.078,-38.617],[177.085,-38.62],[177.104,-38.613],[177.118,-38.594],[177.166,-38.58],[177.173,-38.57],[177.418,-38.645],[177.459,-38.667],[177.517,-38.737],[177.555,-38.787],[177.696,-38.876],[177.835,-38.915],[177.864,-38.942],[177.912,-38.961]]]}},{"type":"Feature","id":"NZ-MBH","properties":{"id":"NZ-MBH","countryCode":"NZ","isoSubdivision":"NZ-MBH","name":"Marlborough","name_en":"Marlborough","name_ko":"말버러 지방","type":"Unitary Authority","labelLongitude":173.656,"labelLatitude":-41.638,"minZoom":7},"geometry":{"type":"MultiPolygon","coordinates":[[[[174.381,-41.106],[174.397,-41.108],[174.4,-41.116],[174.398,-41.127],[174.401,-41.141],[174.394,-41.154],[174.388,-41.184],[174.381,-41.195],[174.366,-41.203],[174.348,-41.203],[174.33,-41.202],[174.312,-41.203],[174.298,-41.208],[174.274,-41.225],[174.264,-41.23],[174.248,-41.232],[174.197,-41.23],[174.198,-41.23],[174.202,-41.226],[174.213,-41.218],[174.216,-41.216],[174.227,-41.215],[174.251,-41.217],[174.261,-41.213],[174.312,-41.169],[174.329,-41.182],[174.351,-41.175],[174.368,-41.159],[174.367,-41.141],[174.354,-41.146],[174.342,-41.145],[174.332,-41.138],[174.326,-41.127],[174.344,-41.126],[174.356,-41.119],[174.368,-41.111],[174.381,-41.106]]],[[[173.784,-40.907],[173.796,-40.902],[173.803,-40.894],[173.803,-40.884],[173.798,-40.873],[173.787,-40.883],[173.784,-40.887],[173.779,-40.875],[173.777,-40.863],[173.779,-40.85],[173.784,-40.839],[173.8,-40.85],[173.811,-40.862],[173.825,-40.871],[173.846,-40.873],[173.846,-40.867],[173.834,-40.859],[173.823,-40.849],[173.815,-40.835],[173.812,-40.819],[173.814,-40.804],[173.827,-40.766],[173.832,-40.758],[173.838,-40.759],[173.839,-40.767],[173.842,-40.775],[173.853,-40.778],[173.856,-40.764],[173.862,-40.754],[173.87,-40.75],[173.885,-40.756],[173.885,-40.771],[173.882,-40.789],[173.887,-40.805],[173.895,-40.796],[173.927,-40.788],[173.942,-40.778],[173.908,-40.778],[173.93,-40.763],[173.94,-40.755],[173.949,-40.743],[173.96,-40.715],[173.965,-40.709],[173.969,-40.723],[173.969,-40.738],[173.966,-40.752],[173.956,-40.778],[173.962,-40.788],[173.964,-40.794],[173.959,-40.797],[173.954,-40.8],[173.939,-40.814],[173.935,-40.819],[173.931,-40.829],[173.928,-40.855],[173.922,-40.867],[173.917,-40.868],[173.897,-40.867],[173.892,-40.869],[173.88,-40.882],[173.874,-40.887],[173.849,-40.893],[173.842,-40.896],[173.838,-40.903],[173.835,-40.91],[173.832,-40.915],[173.82,-40.922],[173.805,-40.926],[173.791,-40.927],[173.778,-40.921],[173.782,-40.918],[173.783,-40.915],[173.783,-40.911],[173.784,-40.907]]],[[[173.59,-41.056],[173.603,-41.051],[173.621,-41.056],[173.637,-41.069],[173.647,-41.087],[173.648,-41.106],[173.655,-41.106],[173.66,-41.097],[173.665,-41.094],[173.67,-41.097],[173.675,-41.106],[173.689,-41.1],[173.675,-41.076],[173.689,-41.065],[173.716,-41.058],[173.74,-41.048],[173.748,-41.037],[173.747,-41.027],[173.739,-41.02],[173.726,-41.017],[173.688,-41.037],[173.681,-41.034],[173.681,-41.021],[173.682,-41.016],[173.699,-41],[173.707,-40.994],[173.73,-40.985],[173.74,-40.98],[173.751,-40.976],[173.802,-40.969],[173.807,-40.965],[173.829,-40.939],[173.854,-40.926],[173.85,-40.972],[173.874,-40.976],[173.877,-40.972],[173.908,-40.949],[173.91,-40.944],[173.913,-40.931],[173.914,-40.928],[173.92,-40.925],[173.935,-40.921],[173.984,-40.901],[173.992,-40.9],[174.004,-40.9],[174.016,-40.902],[174.024,-40.907],[174.035,-40.934],[174.018,-40.937],[173.969,-40.928],[173.976,-40.941],[173.97,-40.948],[173.96,-40.955],[173.956,-40.969],[173.945,-40.966],[173.934,-40.966],[173.924,-40.969],[173.914,-40.976],[173.92,-40.982],[173.922,-40.986],[173.926,-40.988],[173.935,-40.99],[173.918,-41.002],[173.886,-41.01],[173.854,-41.011],[173.84,-41],[173.824,-40.998],[173.796,-41.001],[173.781,-41.011],[173.805,-41.031],[173.791,-41.039],[173.781,-41.047],[173.781,-41.054],[173.798,-41.059],[173.795,-41.071],[173.788,-41.083],[173.78,-41.093],[173.77,-41.1],[173.779,-41.108],[173.79,-41.11],[173.801,-41.105],[173.805,-41.089],[173.828,-41.063],[173.829,-41.059],[173.895,-41.049],[173.93,-41.048],[173.956,-41.059],[173.945,-41.057],[173.936,-41.06],[173.93,-41.065],[173.928,-41.075],[173.925,-41.085],[173.917,-41.084],[173.908,-41.08],[173.901,-41.079],[173.896,-41.078],[173.889,-41.074],[173.883,-41.074],[173.88,-41.082],[173.881,-41.086],[173.886,-41.092],[173.887,-41.096],[173.886,-41.106],[173.882,-41.11],[173.875,-41.11],[173.866,-41.106],[173.859,-41.129],[173.845,-41.136],[173.829,-41.14],[173.819,-41.155],[173.834,-41.155],[173.852,-41.161],[173.867,-41.171],[173.874,-41.185],[173.872,-41.196],[173.862,-41.218],[173.86,-41.23],[173.847,-41.241],[173.819,-41.253],[173.764,-41.265],[173.767,-41.276],[173.774,-41.284],[173.783,-41.289],[173.791,-41.291],[173.897,-41.244],[173.935,-41.237],[173.935,-41.23],[173.92,-41.226],[173.907,-41.227],[173.895,-41.225],[173.887,-41.216],[173.929,-41.212],[173.95,-41.213],[173.966,-41.22],[173.982,-41.224],[174.006,-41.222],[174.03,-41.216],[174.046,-41.21],[174.04,-41.206],[174.024,-41.195],[174.083,-41.199],[174.112,-41.193],[174.134,-41.175],[174.021,-41.178],[174.004,-41.182],[174.001,-41.185],[174.001,-41.189],[173.999,-41.193],[173.99,-41.195],[173.984,-41.195],[173.979,-41.194],[173.975,-41.192],[173.969,-41.189],[173.976,-41.175],[173.923,-41.193],[173.896,-41.192],[173.887,-41.161],[173.893,-41.145],[173.903,-41.136],[173.916,-41.129],[173.928,-41.121],[173.93,-41.114],[173.928,-41.107],[173.928,-41.102],[173.935,-41.1],[173.944,-41.099],[173.949,-41.096],[173.95,-41.089],[173.949,-41.079],[173.984,-41.085],[173.973,-41.101],[173.971,-41.117],[173.976,-41.147],[173.994,-41.123],[174.002,-41.104],[174.015,-41.093],[174.046,-41.093],[174.029,-41.073],[174.024,-41.063],[174.041,-41.043],[174.042,-41.028],[174.034,-41.017],[174.017,-41.017],[174.011,-41.027],[174.007,-41.042],[174,-41.053],[173.987,-41.048],[173.956,-41.023],[173.949,-41.011],[173.984,-41.011],[173.976,-40.998],[173.974,-40.988],[173.981,-40.984],[173.997,-40.99],[173.999,-40.969],[174.016,-40.975],[174.052,-41.003],[174.073,-41.014],[174.094,-41.019],[174.113,-41.014],[174.128,-40.997],[174.145,-41.009],[174.162,-41.004],[174.172,-40.988],[174.168,-40.969],[174.183,-40.973],[174.199,-40.985],[174.211,-41],[174.216,-41.014],[174.216,-41.026],[174.215,-41.033],[174.21,-41.037],[174.189,-41.039],[174.184,-41.043],[174.185,-41.05],[174.189,-41.059],[174.207,-41.071],[174.227,-41.065],[174.243,-41.052],[174.264,-41.031],[174.305,-41.001],[174.319,-40.997],[174.326,-41.009],[174.319,-41.027],[174.267,-41.089],[174.261,-41.099],[174.26,-41.118],[174.257,-41.127],[174.254,-41.124],[174.24,-41.13],[174.228,-41.138],[174.23,-41.141],[174.226,-41.143],[174.217,-41.147],[174.207,-41.147],[174.203,-41.137],[174.203,-41.096],[174.2,-41.092],[174.193,-41.099],[174.186,-41.111],[174.182,-41.121],[174.167,-41.116],[174.167,-41.124],[174.174,-41.137],[174.182,-41.147],[174.203,-41.165],[174.21,-41.174],[174.216,-41.189],[174.212,-41.191],[174.199,-41.194],[174.196,-41.195],[174.196,-41.193],[174.175,-41.203],[174.167,-41.209],[174.162,-41.216],[174.155,-41.221],[174.141,-41.223],[174.089,-41.223],[174.062,-41.229],[174.046,-41.244],[174.034,-41.237],[174.022,-41.236],[174.011,-41.24],[174.004,-41.25],[173.989,-41.246],[173.97,-41.249],[173.952,-41.258],[173.938,-41.268],[173.935,-41.28],[173.959,-41.279],[173.987,-41.273],[173.997,-41.268],[174.019,-41.273],[174.034,-41.269],[174.048,-41.259],[174.066,-41.25],[174.077,-41.25],[174.088,-41.252],[174.099,-41.253],[174.118,-41.243],[174.139,-41.24],[174.148,-41.237],[174.159,-41.246],[174.172,-41.255],[174.187,-41.262],[174.199,-41.265],[174.212,-41.262],[174.226,-41.253],[174.237,-41.25],[174.263,-41.248],[174.284,-41.24],[174.326,-41.216],[174.313,-41.241],[174.298,-41.265],[174.29,-41.272],[174.27,-41.286],[174.261,-41.295],[174.256,-41.305],[174.252,-41.315],[174.245,-41.322],[174.214,-41.329],[174.19,-41.343],[174.175,-41.347],[174.18,-41.337],[174.198,-41.315],[174.199,-41.309],[174.189,-41.306],[174.169,-41.322],[174.155,-41.319],[174.162,-41.305],[174.133,-41.32],[174.114,-41.345],[174.098,-41.374],[174.079,-41.401],[174.056,-41.425],[174.051,-41.437],[174.052,-41.456],[174.063,-41.486],[174.065,-41.501],[174.058,-41.517],[174.077,-41.52],[174.089,-41.533],[174.093,-41.546],[174.09,-41.552],[174.094,-41.556],[174.104,-41.561],[174.115,-41.559],[174.12,-41.538],[174.115,-41.534],[174.106,-41.513],[174.103,-41.498],[174.117,-41.507],[174.172,-41.578],[174.174,-41.592],[174.179,-41.605],[174.183,-41.615],[174.189,-41.634],[174.19,-41.645],[174.211,-41.699],[174.216,-41.706],[174.226,-41.723],[174.248,-41.733],[174.273,-41.736],[174.292,-41.73],[174.286,-41.755],[174.215,-41.857],[174.198,-41.876],[174.082,-41.969],[174.052,-41.943],[174.047,-41.937],[174.036,-41.933],[174.022,-41.931],[174.002,-41.933],[173.973,-41.928],[173.96,-41.923],[173.947,-41.917],[173.931,-41.915],[173.914,-41.916],[173.83,-41.93],[173.81,-41.936],[173.798,-41.945],[173.785,-41.951],[173.776,-41.945],[173.766,-41.933],[173.751,-41.921],[173.733,-41.916],[173.721,-41.927],[173.704,-41.959],[173.688,-41.97],[173.668,-41.98],[173.651,-41.991],[173.627,-42.002],[173.608,-42.006],[173.588,-42.019],[173.562,-42.03],[173.498,-42.072],[173.471,-42.129],[173.469,-42.157],[173.458,-42.173],[173.452,-42.188],[173.438,-42.2],[173.345,-42.227],[173.312,-42.241],[173.259,-42.281],[173.226,-42.3],[173.201,-42.319],[173.189,-42.333],[173.215,-42.347],[173.214,-42.36],[173.195,-42.391],[173.171,-42.411],[173.152,-42.431],[173.135,-42.44],[173.115,-42.443],[173.078,-42.461],[173.064,-42.471],[173.046,-42.471],[173.02,-42.452],[173.005,-42.447],[172.988,-42.443],[172.977,-42.436],[172.978,-42.424],[172.983,-42.409],[172.985,-42.394],[172.946,-42.371],[172.939,-42.363],[172.931,-42.35],[172.918,-42.337],[172.907,-42.316],[172.888,-42.309],[172.87,-42.305],[172.854,-42.299],[172.846,-42.288],[172.848,-42.274],[172.852,-42.261],[172.85,-42.247],[172.837,-42.235],[172.827,-42.21],[172.824,-42.194],[172.818,-42.181],[172.806,-42.178],[172.786,-42.163],[172.77,-42.163],[172.752,-42.16],[172.734,-42.153],[172.717,-42.12],[172.706,-42.116],[172.741,-42.03],[172.842,-41.934],[172.851,-41.915],[172.862,-41.861],[172.873,-41.831],[172.908,-41.792],[172.925,-41.777],[172.929,-41.764],[172.938,-41.748],[172.997,-41.71],[173.039,-41.671],[173.068,-41.635],[173.147,-41.566],[173.173,-41.534],[173.219,-41.524],[173.243,-41.522],[173.262,-41.514],[173.272,-41.499],[173.267,-41.476],[173.269,-41.45],[173.275,-41.428],[173.276,-41.414],[173.285,-41.389],[173.311,-41.381],[173.344,-41.364],[173.39,-41.33],[173.477,-41.228],[173.519,-41.198],[173.549,-41.167],[173.565,-41.148],[173.582,-41.113],[173.59,-41.081],[173.591,-41.063],[173.59,-41.056]]]]}},{"type":"Feature","id":"NZ-MWT","properties":{"id":"NZ-MWT","countryCode":"NZ","isoSubdivision":"NZ-MWT","name":"Manawatū-Whanganui","name_en":"Manawatū-Whanganui","name_ko":"마너와투왕거누이 지방","type":"Regional Council","labelLongitude":175.627,"labelLatitude":-39.852,"minZoom":7},"geometry":{"type":"Polygon","coordinates":[[[175.141,-40.674],[175.168,-40.606],[175.179,-40.589],[175.188,-40.569],[175.191,-40.512],[175.197,-40.489],[175.197,-40.484],[175.196,-40.478],[175.196,-40.472],[175.2,-40.469],[175.207,-40.469],[175.216,-40.468],[175.223,-40.465],[175.216,-40.449],[175.213,-40.434],[175.212,-40.419],[175.214,-40.411],[175.222,-40.393],[175.235,-40.336],[175.239,-40.296],[175.237,-40.286],[175.231,-40.277],[175.216,-40.254],[175.203,-40.188],[175.184,-40.134],[175.171,-40.108],[175.155,-40.085],[175.079,-40.025],[175.059,-39.997],[174.967,-39.916],[174.897,-39.883],[174.842,-39.862],[174.816,-39.859],[174.772,-39.859],[174.799,-39.82],[174.82,-39.804],[174.845,-39.792],[174.87,-39.769],[174.899,-39.751],[174.921,-39.745],[174.938,-39.729],[174.935,-39.715],[174.936,-39.695],[174.94,-39.688],[174.951,-39.685],[174.973,-39.679],[174.992,-39.666],[174.985,-39.657],[174.976,-39.648],[174.977,-39.602],[174.993,-39.557],[174.984,-39.527],[174.97,-39.496],[174.924,-39.465],[174.894,-39.436],[174.885,-39.415],[174.884,-39.393],[174.89,-39.383],[174.894,-39.373],[174.89,-39.359],[174.869,-39.35],[174.824,-39.326],[174.827,-39.312],[174.783,-39.266],[174.761,-39.216],[174.725,-39.188],[174.718,-39.141],[174.742,-39.101],[174.802,-39.048],[174.821,-38.992],[174.82,-38.963],[174.808,-38.926],[174.816,-38.906],[174.808,-38.873],[174.799,-38.835],[174.821,-38.799],[174.825,-38.796],[174.83,-38.791],[174.851,-38.786],[174.868,-38.777],[174.903,-38.76],[174.941,-38.75],[174.94,-38.741],[174.943,-38.733],[174.968,-38.7],[174.963,-38.681],[174.971,-38.669],[175.034,-38.659],[175.056,-38.651],[175.077,-38.637],[175.089,-38.635],[175.099,-38.64],[175.108,-38.634],[175.119,-38.628],[175.16,-38.63],[175.2,-38.636],[175.224,-38.634],[175.264,-38.616],[175.281,-38.605],[175.285,-38.597],[175.291,-38.593],[175.301,-38.589],[175.303,-38.571],[175.332,-38.562],[175.352,-38.571],[175.373,-38.568],[175.41,-38.532],[175.463,-38.485],[175.517,-38.48],[175.565,-38.495],[175.607,-38.516],[175.625,-38.545],[175.628,-38.574],[175.629,-38.588],[175.625,-38.614],[175.597,-38.64],[175.584,-38.673],[175.562,-38.714],[175.526,-38.758],[175.544,-38.785],[175.573,-38.804],[175.574,-38.833],[175.555,-38.861],[175.561,-38.885],[175.58,-38.903],[175.582,-38.919],[175.574,-38.932],[175.565,-38.968],[175.601,-38.984],[175.633,-38.98],[175.666,-38.982],[175.666,-39.004],[175.649,-39.032],[175.632,-39.051],[175.626,-39.074],[175.639,-39.09],[175.647,-39.11],[175.635,-39.156],[175.613,-39.199],[175.59,-39.235],[175.594,-39.275],[175.681,-39.294],[175.772,-39.294],[175.814,-39.297],[175.853,-39.282],[175.865,-39.27],[175.869,-39.254],[175.877,-39.239],[175.888,-39.226],[175.895,-39.213],[175.906,-39.201],[175.946,-39.19],[175.973,-39.164],[175.976,-39.159],[175.981,-39.156],[175.989,-39.119],[176.021,-39.085],[176.036,-39.088],[176.082,-39.128],[176.113,-39.194],[176.114,-39.265],[176.13,-39.303],[176.118,-39.332],[176.098,-39.364],[176.119,-39.398],[176.121,-39.431],[176.143,-39.448],[176.142,-39.479],[176.162,-39.495],[176.173,-39.501],[176.182,-39.501],[176.189,-39.503],[176.193,-39.504],[176.193,-39.508],[176.189,-39.513],[176.186,-39.523],[176.171,-39.552],[176.154,-39.57],[176.144,-39.582],[176.143,-39.588],[176.147,-39.593],[176.161,-39.603],[176.172,-39.603],[176.182,-39.612],[176.176,-39.627],[176.186,-39.652],[176.202,-39.674],[176.198,-39.68],[176.189,-39.682],[176.184,-39.694],[176.183,-39.707],[176.137,-39.836],[176.126,-39.903],[176.105,-39.979],[176.103,-39.986],[176.107,-39.998],[176.125,-40.016],[176.146,-40.021],[176.211,-40.018],[176.271,-40.058],[176.285,-40.066],[176.301,-40.068],[176.309,-40.07],[176.317,-40.074],[176.323,-40.086],[176.32,-40.099],[176.324,-40.114],[176.336,-40.125],[176.369,-40.151],[176.372,-40.17],[176.366,-40.186],[176.366,-40.213],[176.394,-40.267],[176.397,-40.298],[176.391,-40.332],[176.389,-40.362],[176.419,-40.388],[176.454,-40.406],[176.56,-40.414],[176.59,-40.426],[176.63,-40.454],[176.628,-40.462],[176.611,-40.485],[176.587,-40.486],[176.562,-40.481],[176.542,-40.486],[176.484,-40.558],[176.425,-40.604],[176.416,-40.617],[176.415,-40.627],[176.41,-40.638],[176.405,-40.649],[176.385,-40.678],[176.378,-40.682],[176.362,-40.683],[176.355,-40.687],[176.348,-40.697],[176.254,-40.686],[176.192,-40.68],[176.139,-40.686],[176.087,-40.693],[175.995,-40.733],[175.91,-40.761],[175.831,-40.775],[175.796,-40.773],[175.788,-40.73],[175.76,-40.712],[175.72,-40.697],[175.694,-40.713],[175.639,-40.739],[175.587,-40.734],[175.477,-40.709],[175.452,-40.718],[175.426,-40.745],[175.399,-40.745],[175.37,-40.744],[175.332,-40.748],[175.282,-40.764],[175.262,-40.766],[175.219,-40.754],[175.198,-40.726],[175.157,-40.7],[175.141,-40.674]]]}},{"type":"Feature","id":"NZ-NSN","properties":{"id":"NZ-NSN","countryCode":"NZ","isoSubdivision":"NZ-NSN","name":"Nelson","name_en":"Nelson","name_ko":"넬슨","type":"Unitary Authority","labelLongitude":173.388,"labelLatitude":-41.251,"minZoom":7},"geometry":{"type":"Polygon","coordinates":[[[173.185,-41.31],[173.194,-41.309],[173.213,-41.302],[173.25,-41.277],[173.284,-41.261],[173.302,-41.247],[173.34,-41.206],[173.402,-41.16],[173.427,-41.152],[173.438,-41.137],[173.449,-41.134],[173.455,-41.137],[173.455,-41.145],[173.452,-41.154],[173.449,-41.161],[173.483,-41.15],[173.5,-41.141],[173.514,-41.13],[173.53,-41.106],[173.538,-41.1],[173.547,-41.099],[173.556,-41.103],[173.564,-41.104],[173.572,-41.093],[173.562,-41.082],[173.571,-41.068],[173.589,-41.056],[173.59,-41.056],[173.591,-41.063],[173.59,-41.081],[173.582,-41.113],[173.565,-41.148],[173.549,-41.167],[173.519,-41.198],[173.477,-41.228],[173.39,-41.33],[173.344,-41.364],[173.311,-41.381],[173.285,-41.389],[173.249,-41.375],[173.21,-41.347],[173.189,-41.323],[173.185,-41.31]]]}},{"type":"Feature","id":"NZ-NTL","properties":{"id":"NZ-NTL","countryCode":"NZ","isoSubdivision":"NZ-NTL","name":"Northland","name_en":"Northland","name_ko":"노스랜드 지방","type":"Regional Council","labelLongitude":173.981,"labelLatitude":-35.587,"minZoom":7},"geometry":{"type":"Polygon","coordinates":[[[174.511,-36.228],[174.501,-36.237],[174.488,-36.243],[174.474,-36.247],[174.47,-36.247],[174.459,-36.248],[174.45,-36.252],[174.426,-36.27],[174.415,-36.276],[174.407,-36.264],[174.391,-36.273],[174.371,-36.288],[174.353,-36.296],[174.328,-36.292],[174.313,-36.288],[174.305,-36.282],[174.3,-36.265],[174.31,-36.261],[174.339,-36.268],[174.356,-36.281],[174.364,-36.282],[174.369,-36.257],[174.384,-36.224],[174.408,-36.2],[174.414,-36.189],[174.416,-36.182],[174.417,-36.173],[174.421,-36.158],[174.438,-36.165],[174.45,-36.163],[174.453,-36.154],[174.442,-36.138],[174.432,-36.133],[174.394,-36.124],[174.399,-36.155],[174.386,-36.189],[174.361,-36.216],[174.333,-36.228],[174.348,-36.211],[174.353,-36.207],[174.342,-36.204],[174.331,-36.206],[174.322,-36.205],[174.319,-36.196],[174.316,-36.181],[174.31,-36.178],[174.301,-36.18],[174.292,-36.179],[174.281,-36.176],[174.275,-36.176],[174.272,-36.173],[174.271,-36.159],[174.272,-36.148],[174.276,-36.137],[174.285,-36.118],[174.269,-36.119],[174.258,-36.125],[174.237,-36.145],[174.241,-36.117],[174.226,-36.117],[174.182,-36.145],[174.193,-36.153],[174.193,-36.175],[174.206,-36.179],[174.224,-36.179],[174.237,-36.181],[174.247,-36.187],[174.257,-36.2],[174.251,-36.214],[174.251,-36.224],[174.261,-36.228],[174.268,-36.226],[174.273,-36.221],[174.281,-36.211],[174.29,-36.211],[174.301,-36.219],[174.319,-36.241],[174.283,-36.249],[174.277,-36.251],[174.275,-36.261],[174.269,-36.266],[174.261,-36.268],[174.251,-36.268],[174.243,-36.265],[174.23,-36.251],[174.22,-36.248],[174.209,-36.246],[174.202,-36.243],[174.178,-36.214],[174.17,-36.199],[174.159,-36.185],[174.141,-36.173],[174.123,-36.169],[174.075,-36.168],[174.066,-36.162],[174.059,-36.153],[174.044,-36.14],[174.027,-36.129],[174.014,-36.124],[173.998,-36.116],[173.991,-36.098],[173.99,-36.059],[173.984,-36.044],[173.955,-36.02],[173.944,-35.99],[173.931,-35.978],[173.901,-35.96],[173.937,-35.932],[173.947,-35.916],[173.942,-35.891],[173.936,-35.885],[173.926,-35.876],[173.915,-35.87],[173.908,-35.87],[173.906,-35.883],[173.913,-35.893],[173.923,-35.9],[173.928,-35.905],[173.922,-35.927],[173.884,-35.944],[173.88,-35.96],[173.931,-36.018],[173.938,-36.028],[173.959,-36.039],[173.968,-36.062],[173.972,-36.089],[173.98,-36.107],[173.987,-36.116],[174,-36.138],[174.007,-36.149],[174.017,-36.154],[174.03,-36.159],[174.041,-36.165],[174.05,-36.185],[174.058,-36.192],[174.069,-36.198],[174.076,-36.204],[174.131,-36.272],[174.144,-36.278],[174.159,-36.276],[174.173,-36.277],[174.182,-36.289],[174.162,-36.297],[174.172,-36.309],[174.192,-36.326],[174.203,-36.348],[174.195,-36.369],[174.175,-36.382],[174.128,-36.399],[174.08,-36.4],[174.056,-36.365],[174.024,-36.268],[173.894,-36.124],[173.858,-36.066],[173.633,-35.818],[173.407,-35.571],[173.401,-35.553],[173.408,-35.536],[173.441,-35.5],[173.449,-35.484],[173.451,-35.461],[173.458,-35.438],[173.471,-35.425],[173.49,-35.433],[173.496,-35.423],[173.497,-35.418],[173.507,-35.427],[173.516,-35.439],[173.527,-35.448],[173.542,-35.453],[173.544,-35.445],[173.542,-35.411],[173.545,-35.398],[173.572,-35.433],[173.578,-35.416],[173.578,-35.396],[173.583,-35.377],[173.6,-35.363],[173.61,-35.363],[173.615,-35.368],[173.621,-35.37],[173.634,-35.363],[173.638,-35.357],[173.645,-35.336],[173.661,-35.313],[173.624,-35.322],[173.613,-35.319],[173.613,-35.307],[173.612,-35.3],[173.607,-35.296],[173.596,-35.295],[173.593,-35.3],[173.593,-35.337],[173.582,-35.322],[173.565,-35.275],[173.548,-35.289],[173.552,-35.308],[173.564,-35.327],[173.572,-35.343],[173.566,-35.361],[173.55,-35.369],[173.531,-35.369],[173.505,-35.355],[173.495,-35.354],[173.49,-35.358],[173.499,-35.378],[173.493,-35.383],[173.482,-35.385],[173.473,-35.388],[173.464,-35.392],[173.457,-35.389],[173.445,-35.374],[173.438,-35.373],[173.427,-35.379],[173.407,-35.391],[173.416,-35.405],[173.409,-35.412],[173.397,-35.417],[173.387,-35.425],[173.387,-35.431],[173.389,-35.436],[173.392,-35.439],[173.394,-35.439],[173.391,-35.513],[173.387,-35.521],[173.378,-35.523],[173.37,-35.517],[173.284,-35.418],[173.272,-35.391],[173.277,-35.375],[173.312,-35.343],[173.305,-35.343],[173.291,-35.342],[173.284,-35.343],[173.304,-35.324],[173.313,-35.314],[173.318,-35.302],[173.288,-35.306],[173.27,-35.322],[173.258,-35.345],[173.249,-35.371],[173.239,-35.363],[173.207,-35.333],[173.202,-35.323],[173.21,-35.315],[173.245,-35.293],[173.257,-35.281],[173.242,-35.277],[173.213,-35.291],[173.195,-35.295],[173.178,-35.29],[173.164,-35.281],[173.14,-35.255],[173.1,-35.22],[173.093,-35.207],[173.095,-35.187],[173.11,-35.182],[173.129,-35.185],[173.147,-35.193],[173.179,-35.156],[173.198,-35.109],[173.202,-35.058],[173.189,-35.008],[173.157,-34.945],[173.144,-34.928],[173.083,-34.878],[173.065,-34.857],[173.034,-34.791],[173.021,-34.781],[173.003,-34.773],[172.799,-34.551],[172.759,-34.522],[172.674,-34.48],[172.684,-34.472],[172.691,-34.464],[172.701,-34.446],[172.699,-34.438],[172.698,-34.422],[172.703,-34.412],[172.719,-34.421],[172.742,-34.431],[172.8,-34.433],[172.825,-34.446],[172.838,-34.435],[172.869,-34.429],[172.9,-34.412],[173.013,-34.421],[173.031,-34.418],[173.042,-34.41],[173.052,-34.4],[173.064,-34.398],[173.079,-34.412],[173.05,-34.427],[173.043,-34.447],[173.045,-34.5],[173.042,-34.514],[173.038,-34.522],[173.03,-34.527],[173.014,-34.528],[173.009,-34.522],[173.005,-34.51],[172.997,-34.498],[172.983,-34.494],[172.985,-34.489],[172.988,-34.477],[172.99,-34.472],[172.97,-34.467],[172.963,-34.468],[172.955,-34.494],[172.952,-34.516],[172.944,-34.522],[172.928,-34.513],[172.927,-34.524],[172.923,-34.531],[172.917,-34.537],[172.907,-34.541],[172.917,-34.55],[172.949,-34.57],[172.952,-34.559],[172.957,-34.549],[172.964,-34.543],[172.976,-34.541],[172.97,-34.556],[172.967,-34.563],[172.962,-34.57],[172.973,-34.576],[172.983,-34.577],[172.991,-34.572],[172.997,-34.562],[173.002,-34.574],[173.004,-34.587],[173.004,-34.644],[173.007,-34.651],[173.017,-34.644],[173.029,-34.621],[173.031,-34.592],[173.025,-34.563],[173.01,-34.541],[173.036,-34.552],[173.051,-34.601],[173.061,-34.66],[173.072,-34.699],[173.104,-34.73],[173.146,-34.76],[173.179,-34.794],[173.189,-34.836],[173.14,-34.788],[173.119,-34.774],[173.123,-34.81],[173.165,-34.845],[173.298,-34.909],[173.295,-34.921],[173.274,-34.942],[173.268,-34.951],[173.264,-34.961],[173.264,-35.002],[173.267,-35.008],[173.273,-35.007],[173.284,-35.008],[173.317,-35.015],[173.325,-35.015],[173.333,-35.006],[173.336,-34.994],[173.341,-34.984],[173.356,-34.98],[173.369,-34.967],[173.366,-34.939],[173.352,-34.891],[173.358,-34.869],[173.377,-34.862],[173.401,-34.858],[173.425,-34.846],[173.432,-34.833],[173.429,-34.821],[173.425,-34.812],[173.425,-34.805],[173.436,-34.796],[173.444,-34.796],[173.451,-34.803],[173.455,-34.816],[173.456,-34.825],[173.455,-34.834],[173.449,-34.85],[173.479,-34.837],[173.49,-34.836],[173.485,-34.846],[173.488,-34.854],[173.503,-34.87],[173.462,-34.884],[173.42,-34.884],[173.411,-34.887],[173.404,-34.903],[173.409,-34.922],[173.419,-34.94],[173.428,-34.953],[173.442,-34.968],[173.459,-34.981],[173.478,-34.99],[173.5,-34.994],[173.549,-34.989],[173.568,-34.995],[173.586,-35.015],[173.598,-34.999],[173.6,-34.994],[173.589,-34.983],[173.576,-34.973],[173.567,-34.961],[173.565,-34.945],[173.575,-34.928],[173.588,-34.928],[173.602,-34.938],[173.613,-34.953],[173.625,-34.943],[173.639,-34.941],[173.65,-34.946],[173.661,-34.969],[173.675,-34.973],[173.705,-34.973],[173.709,-34.971],[173.711,-34.966],[173.715,-34.962],[173.723,-34.96],[173.732,-34.962],[173.734,-34.967],[173.734,-34.974],[173.736,-34.98],[173.741,-34.986],[173.744,-34.993],[173.748,-34.999],[173.757,-35.001],[173.765,-35.001],[173.771,-35.003],[173.784,-35.008],[173.771,-35.013],[173.765,-35.022],[173.762,-35.032],[173.757,-35.042],[173.734,-35.056],[173.724,-35.064],[173.726,-35.073],[173.76,-35.097],[173.781,-35.096],[173.786,-35.092],[173.784,-35.085],[173.784,-35.076],[173.805,-35.042],[173.806,-35.036],[173.803,-35.021],[173.805,-35.015],[173.812,-35.01],[173.829,-35.008],[173.847,-35],[173.862,-34.999],[173.891,-35.001],[173.888,-35.006],[173.897,-35.018],[173.914,-35.035],[173.954,-35.06],[173.97,-35.076],[173.976,-35.1],[173.99,-35.119],[174.022,-35.123],[174.079,-35.117],[174.103,-35.123],[174.128,-35.136],[174.147,-35.157],[174.155,-35.182],[174.113,-35.193],[174.102,-35.189],[174.099,-35.18],[174.098,-35.169],[174.094,-35.159],[174.089,-35.16],[174.08,-35.165],[174.07,-35.165],[174.058,-35.152],[174.034,-35.163],[174.024,-35.169],[174.033,-35.175],[174.052,-35.199],[174.018,-35.203],[174.015,-35.217],[174.031,-35.227],[174.052,-35.22],[174.062,-35.226],[174.073,-35.228],[174.084,-35.226],[174.094,-35.22],[174.106,-35.236],[174.104,-35.249],[174.096,-35.262],[174.094,-35.275],[174.1,-35.287],[174.138,-35.319],[174.143,-35.328],[174.146,-35.34],[174.148,-35.367],[174.151,-35.37],[174.158,-35.359],[174.165,-35.343],[174.168,-35.329],[174.188,-35.338],[174.198,-35.342],[174.21,-35.343],[174.208,-35.338],[174.205,-35.327],[174.203,-35.323],[174.217,-35.322],[174.226,-35.327],[174.232,-35.333],[174.24,-35.337],[174.249,-35.332],[174.252,-35.323],[174.248,-35.313],[174.24,-35.309],[174.218,-35.307],[174.189,-35.301],[174.165,-35.29],[174.155,-35.275],[174.162,-35.281],[174.176,-35.27],[174.2,-35.269],[174.251,-35.275],[174.246,-35.264],[174.243,-35.261],[174.254,-35.26],[174.267,-35.261],[174.277,-35.264],[174.277,-35.268],[174.288,-35.262],[174.29,-35.259],[174.29,-35.254],[174.295,-35.244],[174.322,-35.22],[174.353,-35.199],[174.361,-35.224],[174.352,-35.244],[174.339,-35.265],[174.333,-35.288],[174.34,-35.312],[174.357,-35.322],[174.379,-35.324],[174.401,-35.323],[174.401,-35.329],[174.392,-35.343],[174.422,-35.374],[174.408,-35.384],[174.402,-35.381],[174.374,-35.357],[174.342,-35.337],[174.333,-35.329],[174.349,-35.351],[174.386,-35.419],[174.408,-35.433],[174.429,-35.435],[174.449,-35.439],[174.448,-35.437],[174.449,-35.435],[174.452,-35.432],[174.456,-35.433],[174.46,-35.436],[174.464,-35.445],[174.466,-35.446],[174.475,-35.454],[174.498,-35.489],[174.504,-35.501],[174.464,-35.506],[174.469,-35.518],[174.521,-35.553],[174.57,-35.594],[174.578,-35.618],[174.565,-35.652],[174.55,-35.645],[174.505,-35.639],[174.487,-35.638],[174.477,-35.643],[174.493,-35.655],[174.531,-35.672],[174.526,-35.673],[174.511,-35.679],[174.537,-35.684],[174.547,-35.688],[174.552,-35.696],[174.548,-35.707],[174.539,-35.714],[174.528,-35.718],[174.517,-35.721],[174.576,-35.75],[174.586,-35.761],[174.587,-35.773],[174.581,-35.797],[174.583,-35.806],[174.607,-35.844],[174.579,-35.85],[174.559,-35.839],[174.54,-35.822],[174.517,-35.81],[174.524,-35.791],[174.496,-35.785],[174.497,-35.768],[174.482,-35.769],[174.456,-35.778],[174.442,-35.782],[174.435,-35.78],[174.424,-35.771],[174.418,-35.768],[174.411,-35.772],[174.406,-35.786],[174.401,-35.789],[174.386,-35.789],[174.383,-35.788],[174.387,-35.779],[174.387,-35.761],[174.384,-35.747],[174.379,-35.735],[174.371,-35.724],[174.36,-35.713],[174.355,-35.735],[174.36,-35.789],[174.356,-35.806],[174.351,-35.817],[174.35,-35.83],[174.353,-35.842],[174.36,-35.85],[174.375,-35.852],[174.384,-35.843],[174.39,-35.83],[174.398,-35.819],[174.416,-35.817],[174.482,-35.824],[174.504,-35.83],[174.52,-35.847],[174.516,-35.867],[174.499,-35.887],[174.477,-35.905],[174.493,-35.919],[174.497,-35.944],[174.495,-35.969],[174.497,-35.988],[174.509,-36],[174.554,-36.027],[174.573,-36.035],[174.585,-36.037],[174.61,-36.037],[174.621,-36.042],[174.631,-36.055],[174.63,-36.064],[174.624,-36.073],[174.621,-36.084],[174.626,-36.107],[174.637,-36.12],[174.652,-36.129],[174.656,-36.133],[174.638,-36.143],[174.541,-36.21],[174.511,-36.228]]]}},{"type":"Feature","id":"NZ-OTA","properties":{"id":"NZ-OTA","countryCode":"NZ","isoSubdivision":"NZ-OTA","name":"Otago","name_en":"Otago","name_ko":"오타고 지방","type":"Regional Council","labelLongitude":169.887,"labelLatitude":-45.43,"minZoom":7},"geometry":{"type":"Polygon","coordinates":[[[171.173,-44.953],[171.163,-44.968],[171.159,-44.983],[171.091,-45.074],[170.98,-45.155],[170.926,-45.238],[170.902,-45.31],[170.889,-45.33],[170.877,-45.356],[170.891,-45.368],[170.908,-45.38],[170.906,-45.403],[170.869,-45.434],[170.86,-45.447],[170.86,-45.458],[170.864,-45.469],[170.866,-45.482],[170.852,-45.5],[170.824,-45.514],[170.804,-45.529],[170.811,-45.554],[170.799,-45.566],[170.787,-45.571],[170.773,-45.57],[170.756,-45.561],[170.757,-45.572],[170.761,-45.582],[170.77,-45.601],[170.753,-45.613],[170.74,-45.616],[170.704,-45.616],[170.684,-45.621],[170.685,-45.631],[170.699,-45.641],[170.722,-45.643],[170.698,-45.679],[170.691,-45.685],[170.679,-45.687],[170.667,-45.693],[170.646,-45.705],[170.638,-45.707],[170.631,-45.706],[170.627,-45.706],[170.625,-45.715],[170.625,-45.725],[170.626,-45.73],[170.63,-45.732],[170.639,-45.732],[170.655,-45.736],[170.668,-45.742],[170.681,-45.744],[170.694,-45.732],[170.712,-45.743],[170.739,-45.753],[170.759,-45.763],[170.759,-45.777],[170.742,-45.786],[170.693,-45.793],[170.673,-45.801],[170.654,-45.822],[170.646,-45.829],[170.638,-45.831],[170.626,-45.833],[170.616,-45.836],[170.604,-45.862],[170.566,-45.879],[170.557,-45.896],[170.576,-45.889],[170.612,-45.883],[170.642,-45.864],[170.687,-45.852],[170.701,-45.842],[170.716,-45.819],[170.728,-45.808],[170.742,-45.801],[170.755,-45.799],[170.766,-45.794],[170.777,-45.78],[170.787,-45.793],[170.791,-45.808],[170.787,-45.863],[170.779,-45.876],[170.764,-45.881],[170.742,-45.883],[170.722,-45.882],[170.718,-45.883],[170.708,-45.889],[170.702,-45.895],[170.703,-45.902],[170.7,-45.908],[170.493,-45.923],[170.408,-45.943],[170.334,-45.982],[170.276,-46.04],[170.26,-46.064],[170.256,-46.075],[170.253,-46.105],[170.244,-46.124],[170.242,-46.133],[170.235,-46.154],[170.217,-46.173],[170.195,-46.188],[170.173,-46.198],[170.12,-46.213],[170.096,-46.224],[170.074,-46.243],[170.057,-46.261],[170.038,-46.276],[169.899,-46.345],[169.865,-46.378],[169.851,-46.431],[169.854,-46.457],[169.849,-46.468],[169.821,-46.475],[169.797,-46.489],[169.789,-46.492],[169.772,-46.49],[169.738,-46.481],[169.721,-46.478],[169.704,-46.48],[169.675,-46.489],[169.659,-46.492],[169.675,-46.497],[169.756,-46.5],[169.736,-46.534],[169.704,-46.549],[169.668,-46.559],[169.635,-46.578],[169.621,-46.577],[169.595,-46.57],[169.567,-46.565],[169.546,-46.572],[169.533,-46.58],[169.48,-46.602],[169.486,-46.607],[169.496,-46.618],[169.502,-46.623],[169.475,-46.629],[169.441,-46.622],[169.41,-46.62],[169.392,-46.644],[169.371,-46.632],[169.365,-46.63],[169.33,-46.626],[169.313,-46.627],[169.299,-46.633],[169.279,-46.649],[169.267,-46.655],[169.255,-46.657],[169.22,-46.661],[169.206,-46.659],[169.193,-46.65],[169.197,-46.63],[169.195,-46.618],[169.193,-46.618],[169.196,-46.565],[169.213,-46.543],[169.225,-46.517],[169.224,-46.497],[169.182,-46.458],[169.177,-46.437],[169.178,-46.411],[169.169,-46.384],[169.157,-46.359],[169.164,-46.329],[169.179,-46.303],[169.185,-46.275],[169.188,-46.21],[169.155,-46.154],[169.144,-46.127],[169.146,-46.101],[169.135,-46.067],[169.108,-46.033],[169.082,-46.008],[169.073,-45.976],[169.072,-45.946],[169.076,-45.918],[169.072,-45.893],[169.059,-45.871],[169.029,-45.852],[169.012,-45.839],[169.008,-45.804],[169.002,-45.783],[169,-45.765],[169,-45.738],[169.006,-45.706],[169.022,-45.662],[169.083,-45.573],[169.153,-45.444],[169.195,-45.416],[169.177,-45.374],[169.086,-45.302],[169.05,-45.287],[169.005,-45.304],[168.895,-45.416],[168.851,-45.431],[168.812,-45.427],[168.778,-45.417],[168.754,-45.382],[168.69,-45.317],[168.661,-45.267],[168.638,-45.258],[168.463,-45.316],[168.397,-45.319],[168.357,-45.318],[168.308,-45.3],[168.294,-45.269],[168.292,-45.242],[168.261,-45.194],[168.244,-45.161],[168.239,-45.132],[168.276,-45.047],[168.273,-45.028],[168.217,-45.009],[168.189,-44.991],[168.161,-44.964],[168.141,-44.933],[168.131,-44.901],[168.126,-44.863],[168.147,-44.825],[168.163,-44.745],[168.16,-44.709],[168.186,-44.634],[168.205,-44.597],[168.24,-44.554],[168.274,-44.523],[168.307,-44.506],[168.329,-44.49],[168.454,-44.481],[168.649,-44.413],[168.715,-44.406],[168.743,-44.394],[168.78,-44.365],[168.803,-44.34],[168.828,-44.292],[168.834,-44.272],[168.844,-44.251],[168.863,-44.235],[168.886,-44.218],[168.921,-44.204],[168.956,-44.172],[168.967,-44.154],[168.978,-44.144],[169.025,-44.116],[169.071,-44.101],[169.113,-44.096],[169.163,-44.098],[169.225,-44.091],[169.263,-44.077],[169.292,-44.076],[169.309,-44.086],[169.335,-44.096],[169.367,-44.102],[169.407,-44.087],[169.44,-44.068],[169.482,-44.053],[169.518,-44.035],[169.548,-44.023],[169.568,-44.004],[169.582,-43.984],[169.599,-43.966],[169.624,-43.963],[169.643,-43.963],[169.672,-43.976],[169.68,-44.031],[169.668,-44.056],[169.643,-44.086],[169.626,-44.113],[169.604,-44.133],[169.58,-44.16],[169.567,-44.18],[169.547,-44.203],[169.544,-44.225],[169.544,-44.406],[169.547,-44.431],[169.553,-44.446],[169.584,-44.455],[169.612,-44.474],[169.628,-44.5],[169.644,-44.566],[169.663,-44.585],[169.686,-44.594],[169.714,-44.591],[169.741,-44.618],[169.797,-44.661],[169.871,-44.654],[169.903,-44.665],[169.934,-44.692],[169.957,-44.728],[169.989,-44.8],[170.024,-44.86],[170.054,-44.894],[170.075,-44.913],[170.107,-44.925],[170.177,-44.929],[170.266,-44.915],[170.304,-44.917],[170.322,-44.926],[170.335,-44.945],[170.332,-44.967],[170.338,-44.995],[170.348,-45.021],[170.37,-45.047],[170.39,-45.06],[170.488,-45.021],[170.644,-44.919],[170.679,-44.906],[170.718,-44.899],[170.758,-44.898],[170.842,-44.882],[171.02,-44.917],[171.125,-44.947],[171.173,-44.953]]]}},{"type":"Feature","id":"NZ-STL","properties":{"id":"NZ-STL","countryCode":"NZ","isoSubdivision":"NZ-STL","name":"Southland","name_en":"Southland","name_ko":"사우스랜드 지방","type":"Regional Council","labelLongitude":167.928,"labelLatitude":-45.645,"minZoom":7},"geometry":{"type":"MultiPolygon","coordinates":[[[[167.419,-47.233],[167.431,-47.219],[167.454,-47.207],[167.477,-47.206],[167.487,-47.219],[167.474,-47.227],[167.449,-47.239],[167.427,-47.245],[167.419,-47.233]]],[[[167.709,-46.784],[167.698,-46.792],[167.683,-46.795],[167.669,-46.792],[167.663,-46.778],[167.667,-46.765],[167.679,-46.759],[167.693,-46.757],[167.707,-46.76],[167.72,-46.767],[167.709,-46.784]]],[[[168.59,-46.732],[168.606,-46.755],[168.594,-46.775],[168.573,-46.792],[168.563,-46.801],[168.568,-46.791],[168.561,-46.782],[168.55,-46.772],[168.542,-46.76],[168.558,-46.759],[168.572,-46.754],[168.584,-46.746],[168.59,-46.732]]],[[[168.199,-47.048],[168.245,-47.069],[168.258,-47.078],[168.259,-47.085],[168.252,-47.088],[168.241,-47.089],[168.234,-47.089],[168.228,-47.085],[168.221,-47.072],[168.213,-47.068],[168.191,-47.067],[168.186,-47.074],[168.192,-47.099],[168.181,-47.104],[168.146,-47.094],[168.158,-47.109],[168.083,-47.109],[168.021,-47.116],[167.996,-47.124],[167.934,-47.164],[167.915,-47.181],[167.902,-47.188],[167.884,-47.188],[167.867,-47.183],[167.854,-47.174],[167.838,-47.168],[167.802,-47.172],[167.789,-47.171],[167.78,-47.159],[167.773,-47.145],[167.765,-47.137],[167.744,-47.151],[167.727,-47.153],[167.72,-47.157],[167.719,-47.161],[167.713,-47.185],[167.697,-47.177],[167.646,-47.205],[167.617,-47.212],[167.635,-47.226],[167.666,-47.221],[167.727,-47.205],[167.715,-47.224],[167.703,-47.237],[167.672,-47.261],[167.672,-47.236],[167.659,-47.236],[167.642,-47.249],[167.627,-47.264],[167.609,-47.27],[167.576,-47.276],[167.541,-47.278],[167.521,-47.273],[167.515,-47.254],[167.522,-47.228],[167.534,-47.204],[167.546,-47.188],[167.556,-47.182],[167.575,-47.18],[167.596,-47.169],[167.63,-47.157],[167.613,-47.149],[167.613,-47.139],[167.62,-47.129],[167.625,-47.116],[167.623,-47.101],[167.62,-47.09],[167.62,-47.079],[167.627,-47.065],[167.638,-47.055],[167.648,-47.048],[167.672,-47.037],[167.688,-47.033],[167.701,-47.036],[167.713,-47.04],[167.727,-47.041],[167.744,-47.027],[167.74,-47.003],[167.732,-46.977],[167.737,-46.955],[167.749,-46.95],[167.779,-46.95],[167.792,-46.942],[167.809,-46.922],[167.814,-46.911],[167.817,-46.897],[167.811,-46.875],[167.798,-46.853],[167.764,-46.818],[167.758,-46.807],[167.763,-46.799],[167.77,-46.791],[167.774,-46.784],[167.774,-46.777],[167.772,-46.773],[167.769,-46.768],[167.764,-46.763],[167.76,-46.756],[167.762,-46.75],[167.766,-46.745],[167.768,-46.74],[167.774,-46.712],[167.787,-46.697],[167.81,-46.692],[167.84,-46.691],[167.867,-46.698],[167.882,-46.7],[167.895,-46.695],[167.909,-46.685],[167.921,-46.683],[167.968,-46.7],[167.987,-46.711],[168.004,-46.725],[168.093,-46.811],[168.107,-46.821],[168.124,-46.83],[168.138,-46.839],[168.144,-46.852],[168.157,-46.855],[168.179,-46.864],[168.191,-46.877],[168.172,-46.89],[168.192,-46.897],[168.192,-46.904],[168.167,-46.91],[168.077,-46.904],[168.083,-46.89],[168.027,-46.888],[168.008,-46.895],[168.018,-46.914],[168.015,-46.926],[167.967,-46.973],[167.992,-46.97],[168.027,-46.94],[168.049,-46.932],[168.059,-46.935],[168.086,-46.949],[168.112,-46.954],[168.151,-46.966],[168.147,-46.973],[168.144,-46.978],[168.139,-46.982],[168.131,-46.986],[168.131,-46.992],[168.143,-46.993],[168.197,-46.979],[168.209,-46.979],[168.223,-46.973],[168.23,-46.972],[168.234,-46.976],[168.237,-46.984],[168.244,-46.991],[168.253,-46.996],[168.261,-46.999],[168.256,-47.009],[168.25,-47.034],[168.247,-47.041],[168.236,-47.046],[168.225,-47.045],[168.213,-47.042],[168.199,-47.041],[168.199,-47.048]]],[[[166.711,-45.616],[166.73,-45.627],[166.744,-45.646],[166.752,-45.669],[166.755,-45.69],[166.751,-45.712],[166.739,-45.728],[166.722,-45.737],[166.699,-45.739],[166.697,-45.734],[166.69,-45.724],[166.682,-45.719],[166.675,-45.737],[166.667,-45.741],[166.657,-45.741],[166.65,-45.739],[166.644,-45.729],[166.639,-45.709],[166.636,-45.689],[166.637,-45.677],[166.623,-45.658],[166.606,-45.66],[166.543,-45.712],[166.527,-45.72],[166.506,-45.725],[166.511,-45.712],[166.521,-45.694],[166.533,-45.677],[166.544,-45.67],[166.547,-45.667],[166.559,-45.652],[166.567,-45.637],[166.579,-45.635],[166.604,-45.636],[166.684,-45.616],[166.702,-45.615],[166.711,-45.616]]],[[[166.974,-45.163],[166.983,-45.199],[166.997,-45.233],[167.034,-45.3],[167.001,-45.305],[166.987,-45.302],[166.97,-45.289],[166.954,-45.282],[166.932,-45.277],[166.912,-45.27],[166.904,-45.256],[166.893,-45.243],[166.891,-45.236],[166.901,-45.232],[166.899,-45.228],[166.906,-45.218],[166.966,-45.15],[166.966,-45.154],[166.968,-45.157],[166.971,-45.16],[166.974,-45.163]]],[[[169.193,-46.618],[169.18,-46.616],[169.171,-46.623],[169.172,-46.645],[169.159,-46.652],[169.158,-46.657],[169.155,-46.662],[169.149,-46.664],[169.118,-46.664],[169.101,-46.66],[169.09,-46.651],[169.084,-46.641],[169.077,-46.636],[169.064,-46.637],[169.063,-46.646],[169.066,-46.658],[169.063,-46.671],[169.036,-46.682],[169.002,-46.676],[168.968,-46.664],[168.94,-46.657],[168.907,-46.658],[168.889,-46.656],[168.877,-46.644],[168.852,-46.581],[168.851,-46.572],[168.845,-46.56],[168.831,-46.56],[168.802,-46.568],[168.699,-46.582],[168.665,-46.581],[168.673,-46.571],[168.685,-46.568],[168.699,-46.566],[168.713,-46.561],[168.693,-46.553],[168.668,-46.549],[168.618,-46.547],[168.626,-46.561],[168.639,-46.57],[168.645,-46.578],[168.632,-46.588],[168.635,-46.591],[168.642,-46.599],[168.645,-46.602],[168.591,-46.614],[168.419,-46.602],[168.432,-46.585],[168.438,-46.58],[168.446,-46.575],[168.46,-46.572],[168.496,-46.573],[168.508,-46.575],[168.518,-46.587],[168.547,-46.591],[168.565,-46.585],[168.542,-46.568],[168.513,-46.56],[168.426,-46.561],[168.386,-46.543],[168.366,-46.54],[168.357,-46.558],[168.363,-46.578],[168.394,-46.605],[168.406,-46.623],[168.378,-46.62],[168.342,-46.589],[168.319,-46.581],[168.316,-46.577],[168.314,-46.568],[168.308,-46.558],[168.282,-46.552],[168.274,-46.547],[168.27,-46.538],[168.268,-46.526],[168.299,-46.52],[168.309,-46.52],[168.32,-46.523],[168.322,-46.525],[168.322,-46.53],[168.326,-46.537],[168.333,-46.53],[168.385,-46.5],[168.394,-46.473],[168.387,-46.441],[168.369,-46.417],[168.344,-46.417],[168.352,-46.442],[168.341,-46.466],[168.322,-46.48],[168.302,-46.478],[168.29,-46.465],[168.27,-46.424],[168.216,-46.354],[168.199,-46.342],[168.171,-46.337],[168.073,-46.349],[168.059,-46.354],[168.058,-46.366],[168.062,-46.378],[168.059,-46.383],[168.045,-46.38],[168.027,-46.374],[168.01,-46.37],[167.997,-46.373],[167.967,-46.37],[167.948,-46.37],[167.939,-46.38],[167.934,-46.39],[167.922,-46.393],[167.91,-46.392],[167.9,-46.389],[167.886,-46.384],[167.878,-46.383],[167.871,-46.385],[167.856,-46.395],[167.85,-46.397],[167.839,-46.393],[167.829,-46.386],[167.82,-46.377],[167.808,-46.373],[167.8,-46.364],[167.785,-46.345],[167.776,-46.339],[167.752,-46.329],[167.74,-46.322],[167.754,-46.316],[167.768,-46.312],[167.78,-46.306],[167.789,-46.294],[167.738,-46.247],[167.713,-46.218],[167.713,-46.198],[167.698,-46.189],[167.657,-46.186],[167.637,-46.181],[167.59,-46.16],[167.575,-46.157],[167.461,-46.148],[167.453,-46.15],[167.447,-46.157],[167.446,-46.174],[167.442,-46.181],[167.431,-46.197],[167.427,-46.211],[167.425,-46.224],[167.419,-46.239],[167.406,-46.251],[167.39,-46.254],[167.357,-46.253],[167.34,-46.256],[167.31,-46.27],[167.295,-46.274],[167.275,-46.272],[167.234,-46.261],[167.213,-46.26],[167.196,-46.263],[167.188,-46.266],[167.182,-46.27],[167.175,-46.273],[167.169,-46.269],[167.165,-46.263],[167.161,-46.26],[167.15,-46.258],[167.086,-46.237],[167.069,-46.237],[167.052,-46.239],[167.034,-46.239],[166.966,-46.226],[166.829,-46.228],[166.762,-46.22],[166.706,-46.191],[166.676,-46.163],[166.671,-46.154],[166.677,-46.147],[166.706,-46.138],[166.716,-46.133],[166.754,-46.102],[166.788,-46.068],[166.816,-46.021],[166.832,-46.001],[166.853,-45.992],[166.882,-45.987],[166.928,-45.961],[166.952,-45.95],[166.952,-45.944],[166.931,-45.946],[166.87,-45.972],[166.826,-45.983],[166.803,-45.993],[166.788,-46.006],[166.784,-46.017],[166.787,-46.024],[166.79,-46.031],[166.788,-46.04],[166.784,-46.042],[166.753,-46.066],[166.751,-46.07],[166.748,-46.07],[166.74,-46.061],[166.74,-46.056],[166.744,-46.049],[166.744,-46.04],[166.733,-46.033],[166.72,-46.064],[166.688,-46.077],[166.616,-46.088],[166.616,-46.071],[166.619,-46.055],[166.628,-46.047],[166.644,-46.054],[166.647,-46.022],[166.659,-46],[166.678,-45.985],[166.706,-45.972],[166.766,-45.962],[166.792,-45.953],[166.809,-45.93],[166.774,-45.942],[166.74,-45.95],[166.726,-45.949],[166.707,-45.946],[166.691,-45.94],[166.688,-45.934],[166.743,-45.887],[166.752,-45.877],[166.754,-45.869],[166.744,-45.861],[166.733,-45.862],[166.721,-45.869],[166.712,-45.876],[166.708,-45.88],[166.704,-45.887],[166.701,-45.894],[166.699,-45.9],[166.681,-45.909],[166.675,-45.913],[166.648,-45.944],[166.644,-45.954],[166.629,-45.965],[166.534,-45.985],[166.521,-45.991],[166.497,-46.009],[166.49,-46.013],[166.482,-46.008],[166.475,-45.996],[166.469,-45.983],[166.469,-45.975],[166.473,-45.964],[166.472,-45.95],[166.466,-45.93],[166.467,-45.841],[166.473,-45.817],[166.49,-45.808],[166.555,-45.801],[166.624,-45.801],[166.616,-45.808],[166.624,-45.815],[166.648,-45.8],[166.678,-45.794],[166.74,-45.794],[166.766,-45.791],[166.819,-45.777],[166.846,-45.773],[166.876,-45.777],[166.89,-45.776],[166.901,-45.77],[166.909,-45.762],[166.919,-45.756],[166.939,-45.745],[166.987,-45.73],[167.008,-45.719],[167.021,-45.698],[166.978,-45.71],[166.963,-45.711],[166.891,-45.705],[166.798,-45.724],[166.774,-45.719],[166.793,-45.69],[166.805,-45.679],[166.822,-45.67],[166.875,-45.659],[166.891,-45.65],[166.795,-45.66],[166.778,-45.657],[166.77,-45.633],[166.771,-45.611],[166.782,-45.594],[166.805,-45.588],[166.832,-45.583],[166.882,-45.565],[166.912,-45.561],[166.964,-45.574],[166.992,-45.575],[167.013,-45.561],[166.98,-45.562],[166.965,-45.558],[166.952,-45.547],[167.017,-45.532],[167.046,-45.517],[167.055,-45.492],[166.922,-45.541],[166.84,-45.553],[166.785,-45.575],[166.773,-45.576],[166.752,-45.58],[166.74,-45.581],[166.723,-45.58],[166.715,-45.576],[166.702,-45.557],[166.702,-45.542],[166.74,-45.485],[166.757,-45.425],[166.768,-45.41],[166.812,-45.393],[166.861,-45.407],[166.909,-45.43],[166.952,-45.437],[166.941,-45.413],[166.926,-45.389],[166.91,-45.38],[166.898,-45.403],[166.879,-45.392],[166.84,-45.378],[166.822,-45.369],[166.809,-45.357],[166.806,-45.346],[166.812,-45.334],[166.826,-45.317],[166.86,-45.291],[166.881,-45.28],[166.891,-45.283],[166.899,-45.3],[166.918,-45.313],[166.959,-45.327],[166.95,-45.332],[166.942,-45.338],[166.936,-45.346],[166.932,-45.355],[166.964,-45.352],[166.992,-45.343],[167.019,-45.341],[167.048,-45.362],[167.055,-45.371],[167.059,-45.38],[167.057,-45.39],[167.048,-45.403],[167.022,-45.417],[167.011,-45.426],[167.02,-45.431],[167.054,-45.429],[167.066,-45.424],[167.079,-45.413],[167.086,-45.4],[167.09,-45.387],[167.097,-45.382],[167.124,-45.4],[167.137,-45.406],[167.147,-45.414],[167.154,-45.437],[167.172,-45.471],[167.176,-45.469],[167.178,-45.465],[167.186,-45.469],[167.199,-45.474],[167.206,-45.479],[167.2,-45.446],[167.148,-45.398],[167.048,-45.327],[167.062,-45.313],[167.079,-45.306],[167.181,-45.285],[167.199,-45.286],[167.209,-45.294],[167.227,-45.318],[167.241,-45.327],[167.259,-45.332],[167.28,-45.332],[167.298,-45.327],[167.309,-45.313],[167.293,-45.31],[167.258,-45.311],[167.244,-45.304],[167.234,-45.293],[167.231,-45.289],[167.233,-45.27],[167.239,-45.259],[167.247,-45.254],[167.247,-45.253],[167.21,-45.254],[167.172,-45.266],[167.146,-45.271],[167.065,-45.277],[167.048,-45.27],[167.045,-45.257],[167.036,-45.237],[167.03,-45.217],[167.012,-45.206],[167.008,-45.194],[167.005,-45.15],[167.012,-45.133],[167.034,-45.122],[167.064,-45.123],[167.088,-45.135],[167.127,-45.174],[167.138,-45.18],[167.155,-45.185],[167.171,-45.185],[167.178,-45.178],[167.173,-45.171],[167.137,-45.15],[167.101,-45.116],[167.08,-45.103],[167.055,-45.102],[167.094,-45.056],[167.119,-45.039],[167.141,-45.043],[167.178,-45.088],[167.181,-45.103],[167.179,-45.116],[167.181,-45.127],[167.192,-45.136],[167.197,-45.122],[167.195,-45.102],[167.199,-45.094],[167.214,-45.09],[167.275,-45.094],[167.26,-45.082],[167.203,-45.067],[167.182,-45.057],[167.165,-45.041],[167.153,-45.024],[167.152,-45.008],[167.165,-44.992],[167.189,-44.985],[167.215,-44.991],[167.241,-45],[167.268,-45.006],[167.289,-45.013],[167.313,-45.028],[167.336,-45.037],[167.35,-45.026],[167.331,-45.022],[167.211,-44.973],[167.199,-44.964],[167.203,-44.95],[167.22,-44.936],[167.27,-44.906],[167.287,-44.899],[167.305,-44.897],[167.329,-44.896],[167.324,-44.891],[167.314,-44.88],[167.309,-44.875],[167.386,-44.842],[167.419,-44.841],[167.432,-44.872],[167.436,-44.876],[167.443,-44.882],[167.45,-44.889],[167.453,-44.899],[167.45,-44.909],[167.44,-44.928],[167.439,-44.937],[167.447,-44.951],[167.459,-44.961],[167.466,-44.973],[167.46,-44.992],[167.497,-44.995],[167.514,-44.993],[167.511,-44.982],[167.507,-44.976],[167.503,-44.969],[167.501,-44.961],[167.501,-44.954],[167.498,-44.948],[167.477,-44.934],[167.474,-44.924],[167.476,-44.909],[167.477,-44.893],[167.47,-44.879],[167.463,-44.868],[167.448,-44.836],[167.445,-44.824],[167.458,-44.789],[167.487,-44.767],[167.523,-44.764],[167.555,-44.786],[167.562,-44.799],[167.559,-44.806],[167.551,-44.813],[167.542,-44.827],[167.537,-44.846],[167.54,-44.861],[167.55,-44.872],[167.568,-44.882],[167.57,-44.859],[167.579,-44.845],[167.589,-44.831],[167.597,-44.814],[167.595,-44.793],[167.569,-44.773],[167.562,-44.755],[167.551,-44.742],[167.549,-44.734],[167.568,-44.727],[167.578,-44.72],[167.589,-44.716],[167.6,-44.722],[167.619,-44.741],[167.635,-44.753],[167.654,-44.76],[167.679,-44.765],[167.662,-44.759],[167.625,-44.725],[167.599,-44.708],[167.595,-44.698],[167.603,-44.683],[167.619,-44.674],[167.672,-44.663],[167.679,-44.657],[167.687,-44.643],[167.692,-44.636],[167.699,-44.633],[167.716,-44.63],[167.723,-44.625],[167.752,-44.603],[167.781,-44.594],[167.811,-44.599],[167.855,-44.628],[167.889,-44.642],[167.902,-44.653],[167.933,-44.697],[167.94,-44.685],[167.942,-44.671],[167.939,-44.655],[167.933,-44.643],[167.927,-44.639],[167.905,-44.629],[167.878,-44.608],[167.872,-44.605],[167.867,-44.604],[167.862,-44.602],[167.857,-44.595],[167.855,-44.587],[167.857,-44.56],[167.85,-44.532],[167.844,-44.517],[167.836,-44.505],[167.86,-44.481],[167.943,-44.413],[167.972,-44.394],[168.008,-44.376],[168.033,-44.353],[168.028,-44.32],[168.118,-44.32],[168.127,-44.317],[168.139,-44.299],[168.14,-44.284],[168.137,-44.281],[168.191,-44.268],[168.242,-44.266],[168.277,-44.277],[168.311,-44.294],[168.33,-44.311],[168.351,-44.332],[168.361,-44.352],[168.374,-44.37],[168.365,-44.393],[168.357,-44.41],[168.329,-44.49],[168.307,-44.506],[168.274,-44.523],[168.24,-44.554],[168.205,-44.597],[168.186,-44.634],[168.16,-44.709],[168.163,-44.745],[168.147,-44.825],[168.126,-44.863],[168.131,-44.901],[168.141,-44.933],[168.161,-44.964],[168.189,-44.991],[168.217,-45.009],[168.273,-45.028],[168.276,-45.047],[168.239,-45.132],[168.244,-45.161],[168.261,-45.194],[168.292,-45.242],[168.294,-45.269],[168.308,-45.3],[168.357,-45.318],[168.397,-45.319],[168.463,-45.316],[168.638,-45.258],[168.661,-45.267],[168.69,-45.317],[168.754,-45.382],[168.778,-45.417],[168.812,-45.427],[168.851,-45.431],[168.895,-45.416],[169.005,-45.304],[169.05,-45.287],[169.086,-45.302],[169.177,-45.374],[169.195,-45.416],[169.153,-45.444],[169.083,-45.573],[169.022,-45.662],[169.006,-45.706],[169,-45.738],[169,-45.765],[169.002,-45.783],[169.008,-45.804],[169.012,-45.839],[169.029,-45.852],[169.059,-45.871],[169.072,-45.893],[169.076,-45.918],[169.072,-45.946],[169.073,-45.976],[169.082,-46.008],[169.108,-46.033],[169.135,-46.067],[169.146,-46.101],[169.144,-46.127],[169.155,-46.154],[169.188,-46.21],[169.185,-46.275],[169.179,-46.303],[169.164,-46.329],[169.157,-46.359],[169.169,-46.384],[169.178,-46.411],[169.177,-46.437],[169.182,-46.458],[169.224,-46.497],[169.225,-46.517],[169.213,-46.543],[169.196,-46.565],[169.193,-46.618]]]]}},{"type":"Feature","id":"NZ-TAS","properties":{"id":"NZ-TAS","countryCode":"NZ","isoSubdivision":"NZ-TAS","name":"Tasman","name_en":"Tasman","name_ko":"태즈먼 지방","type":"Unitary Authority","labelLongitude":172.675,"labelLatitude":-41.671,"minZoom":7},"geometry":{"type":"Polygon","coordinates":[[[172.233,-40.778],[172.247,-40.778],[172.254,-40.777],[172.268,-40.768],[172.296,-40.753],[172.307,-40.75],[172.312,-40.746],[172.364,-40.716],[172.464,-40.622],[172.507,-40.589],[172.544,-40.578],[172.528,-40.611],[172.527,-40.622],[172.541,-40.627],[172.546,-40.622],[172.552,-40.612],[172.559,-40.606],[172.575,-40.612],[172.584,-40.609],[172.593,-40.604],[172.599,-40.599],[172.594,-40.585],[172.625,-40.574],[172.626,-40.565],[172.615,-40.555],[172.611,-40.552],[172.599,-40.561],[172.584,-40.567],[172.57,-40.569],[172.557,-40.565],[172.596,-40.528],[172.641,-40.51],[172.84,-40.502],[172.904,-40.508],[172.964,-40.522],[172.997,-40.524],[172.974,-40.531],[172.758,-40.518],[172.742,-40.521],[172.732,-40.531],[172.722,-40.552],[172.712,-40.591],[172.702,-40.61],[172.688,-40.62],[172.697,-40.641],[172.691,-40.648],[172.678,-40.649],[172.66,-40.648],[172.674,-40.674],[172.68,-40.678],[172.697,-40.683],[172.701,-40.687],[172.701,-40.704],[172.689,-40.734],[172.695,-40.75],[172.701,-40.745],[172.722,-40.737],[172.736,-40.765],[172.771,-40.792],[172.856,-40.844],[172.869,-40.847],[172.882,-40.843],[172.907,-40.829],[172.911,-40.827],[172.924,-40.826],[172.928,-40.823],[172.926,-40.81],[172.928,-40.805],[172.944,-40.793],[172.952,-40.794],[172.962,-40.805],[172.975,-40.79],[172.989,-40.781],[173.003,-40.782],[173.017,-40.797],[173.022,-40.81],[173.023,-40.819],[173.017,-40.839],[173.023,-40.848],[173.022,-40.857],[173.01,-40.867],[173.027,-40.869],[173.041,-40.868],[173.054,-40.872],[173.065,-40.887],[173.062,-40.892],[173.052,-40.936],[173.056,-40.954],[173.058,-40.963],[173.056,-40.97],[173.045,-40.983],[173.022,-41.001],[172.997,-41.017],[173.006,-41.021],[173.014,-41.023],[173.021,-41.022],[173.031,-41.017],[173.043,-41.067],[173.045,-41.082],[173.05,-41.097],[173.062,-41.111],[173.069,-41.124],[173.065,-41.141],[173.061,-41.131],[173.055,-41.123],[173.047,-41.117],[173.038,-41.113],[173.031,-41.149],[173.034,-41.158],[173.05,-41.17],[173.055,-41.178],[173.058,-41.189],[173.065,-41.189],[173.076,-41.176],[173.084,-41.189],[173.093,-41.23],[173.105,-41.257],[173.106,-41.265],[173.1,-41.271],[173.083,-41.277],[173.079,-41.285],[173.086,-41.299],[173.104,-41.308],[173.126,-41.312],[173.172,-41.312],[173.185,-41.31],[173.189,-41.323],[173.21,-41.347],[173.249,-41.375],[173.285,-41.389],[173.276,-41.414],[173.275,-41.428],[173.269,-41.45],[173.267,-41.476],[173.272,-41.499],[173.262,-41.514],[173.243,-41.522],[173.219,-41.524],[173.173,-41.534],[173.147,-41.566],[173.068,-41.635],[173.039,-41.671],[172.997,-41.71],[172.938,-41.748],[172.929,-41.764],[172.925,-41.777],[172.908,-41.792],[172.873,-41.831],[172.862,-41.861],[172.851,-41.915],[172.842,-41.934],[172.741,-42.03],[172.706,-42.116],[172.691,-42.114],[172.684,-42.111],[172.673,-42.109],[172.661,-42.109],[172.65,-42.111],[172.643,-42.116],[172.64,-42.127],[172.637,-42.141],[172.61,-42.197],[172.596,-42.219],[172.55,-42.26],[172.531,-42.272],[172.514,-42.281],[172.485,-42.286],[172.467,-42.284],[172.457,-42.284],[172.448,-42.286],[172.441,-42.289],[172.436,-42.294],[172.432,-42.3],[172.427,-42.306],[172.42,-42.311],[172.41,-42.313],[172.396,-42.306],[172.381,-42.291],[172.36,-42.257],[172.353,-42.233],[172.344,-42.192],[172.337,-42.175],[172.325,-42.162],[172.308,-42.154],[172.294,-42.152],[172.269,-42.154],[172.258,-42.152],[172.25,-42.148],[172.242,-42.143],[172.236,-42.141],[172.23,-42.137],[172.224,-42.13],[172.218,-42.117],[172.21,-42.108],[172.196,-42.104],[172.166,-42.107],[172.153,-42.105],[172.142,-42.099],[172.132,-42.086],[172.125,-42.071],[172.123,-42.052],[172.124,-42.037],[172.121,-42.025],[172.112,-42.017],[172.102,-42.013],[172.091,-42.008],[172.081,-41.999],[172.072,-41.98],[172.067,-41.966],[172.064,-41.955],[172.076,-41.905],[172.1,-41.89],[172.11,-41.876],[172.121,-41.85],[172.124,-41.825],[172.121,-41.808],[172.119,-41.799],[172.114,-41.79],[172.112,-41.781],[172.112,-41.775],[172.115,-41.758],[172.12,-41.748],[172.129,-41.737],[172.149,-41.724],[172.165,-41.717],[172.182,-41.711],[172.233,-41.705],[172.243,-41.699],[172.245,-41.686],[172.242,-41.673],[172.246,-41.66],[172.258,-41.65],[172.282,-41.643],[172.298,-41.636],[172.31,-41.625],[172.323,-41.602],[172.333,-41.577],[172.345,-41.537],[172.351,-41.523],[172.36,-41.512],[172.408,-41.487],[172.418,-41.474],[172.422,-41.462],[172.421,-41.453],[172.411,-41.44],[172.409,-41.433],[172.414,-41.428],[172.43,-41.42],[172.443,-41.417],[172.455,-41.416],[172.493,-41.424],[172.51,-41.424],[172.528,-41.42],[172.546,-41.41],[172.566,-41.393],[172.578,-41.378],[172.582,-41.359],[172.582,-41.342],[172.584,-41.325],[172.588,-41.314],[172.589,-41.304],[172.585,-41.298],[172.571,-41.285],[172.571,-41.277],[172.582,-41.269],[172.652,-41.248],[172.698,-41.217],[172.702,-41.209],[172.699,-41.202],[172.69,-41.194],[172.671,-41.185],[172.622,-41.174],[172.607,-41.169],[172.595,-41.162],[172.552,-41.127],[172.539,-41.121],[172.527,-41.118],[172.518,-41.114],[172.51,-41.107],[172.502,-41.095],[172.494,-41.087],[172.488,-41.079],[172.484,-41.068],[172.478,-41.057],[172.465,-41.048],[172.453,-41.044],[172.431,-41.044],[172.402,-41.049],[172.392,-41.047],[172.381,-41.044],[172.372,-41.044],[172.364,-41.048],[172.345,-41.069],[172.332,-41.071],[172.323,-41.062],[172.32,-41.033],[172.325,-41.017],[172.335,-41.005],[172.342,-41],[172.353,-40.987],[172.358,-40.975],[172.357,-40.963],[172.345,-40.95],[172.332,-40.942],[172.32,-40.932],[172.311,-40.92],[172.304,-40.902],[172.294,-40.89],[172.262,-40.869],[172.252,-40.854],[172.238,-40.787],[172.233,-40.778]]]}},{"type":"Feature","id":"NZ-TKI","properties":{"id":"NZ-TKI","countryCode":"NZ","isoSubdivision":"NZ-TKI","name":"Taranaki","name_en":"Taranaki","name_ko":"타라나키 지방","type":"Regional Council","labelLongitude":174.414,"labelLatitude":-39.338,"minZoom":7},"geometry":{"type":"Polygon","coordinates":[[[174.772,-39.859],[174.735,-39.859],[174.655,-39.836],[174.593,-39.831],[174.568,-39.827],[174.544,-39.815],[174.437,-39.737],[174.418,-39.719],[174.36,-39.647],[174.319,-39.614],[174.269,-39.592],[174.215,-39.579],[174.045,-39.558],[173.987,-39.542],[173.851,-39.464],[173.815,-39.433],[173.784,-39.393],[173.765,-39.347],[173.759,-39.301],[173.764,-39.255],[173.778,-39.208],[173.807,-39.163],[173.853,-39.134],[173.956,-39.098],[174.212,-38.973],[174.234,-38.968],[174.367,-38.976],[174.415,-38.963],[174.459,-38.937],[174.579,-38.839],[174.594,-38.819],[174.602,-38.782],[174.612,-38.758],[174.614,-38.745],[174.614,-38.715],[174.618,-38.707],[174.688,-38.736],[174.776,-38.74],[174.796,-38.736],[174.81,-38.739],[174.822,-38.747],[174.841,-38.763],[174.868,-38.777],[174.851,-38.786],[174.83,-38.791],[174.825,-38.796],[174.821,-38.799],[174.799,-38.835],[174.808,-38.873],[174.816,-38.906],[174.808,-38.926],[174.82,-38.963],[174.821,-38.992],[174.802,-39.048],[174.742,-39.101],[174.718,-39.141],[174.725,-39.188],[174.761,-39.216],[174.783,-39.266],[174.827,-39.312],[174.824,-39.326],[174.869,-39.35],[174.89,-39.359],[174.894,-39.373],[174.89,-39.383],[174.884,-39.393],[174.885,-39.415],[174.894,-39.436],[174.924,-39.465],[174.97,-39.496],[174.984,-39.527],[174.993,-39.557],[174.977,-39.602],[174.976,-39.648],[174.985,-39.657],[174.992,-39.666],[174.973,-39.679],[174.951,-39.685],[174.94,-39.688],[174.936,-39.695],[174.935,-39.715],[174.938,-39.729],[174.921,-39.745],[174.899,-39.751],[174.87,-39.769],[174.845,-39.792],[174.82,-39.804],[174.799,-39.82],[174.772,-39.859]]]}},{"type":"Feature","id":"NZ-WGN","properties":{"id":"NZ-WGN","countryCode":"NZ","isoSubdivision":"NZ-WGN","name":"Wellington","name_en":"Wellington","name_ko":"웰링턴 지방","type":"Regional Council","labelLongitude":175.2,"labelLatitude":-41.227,"minZoom":7},"geometry":{"type":"Polygon","coordinates":[[[176.348,-40.697],[176.31,-40.771],[176.287,-40.8],[176.252,-40.867],[176.236,-40.914],[176.22,-40.933],[176.171,-40.949],[176.15,-40.967],[176.132,-40.99],[176.121,-41.011],[176.089,-41.102],[176.068,-41.14],[175.967,-41.247],[175.814,-41.342],[175.777,-41.372],[175.727,-41.399],[175.669,-41.422],[175.448,-41.552],[175.38,-41.572],[175.363,-41.582],[175.33,-41.61],[175.314,-41.615],[175.237,-41.62],[175.222,-41.614],[175.212,-41.582],[175.197,-41.573],[175.202,-41.558],[175.197,-41.547],[175.189,-41.536],[175.182,-41.524],[175.181,-41.51],[175.197,-41.436],[175.193,-41.425],[175.182,-41.418],[175.062,-41.383],[175.035,-41.381],[175.01,-41.386],[174.987,-41.398],[174.938,-41.438],[174.928,-41.444],[174.917,-41.445],[174.901,-41.442],[174.879,-41.43],[174.866,-41.42],[174.864,-41.411],[174.877,-41.392],[174.875,-41.376],[174.868,-41.357],[174.867,-41.333],[174.875,-41.312],[174.896,-41.273],[174.901,-41.247],[174.89,-41.225],[174.863,-41.219],[174.834,-41.223],[174.813,-41.23],[174.797,-41.239],[174.785,-41.249],[174.777,-41.262],[174.771,-41.278],[174.818,-41.287],[174.832,-41.296],[174.826,-41.319],[174.819,-41.327],[174.81,-41.334],[174.799,-41.336],[174.788,-41.329],[174.778,-41.326],[174.766,-41.333],[174.754,-41.342],[174.741,-41.347],[174.695,-41.34],[174.646,-41.32],[174.609,-41.292],[174.6,-41.257],[174.612,-41.237],[174.63,-41.23],[174.675,-41.223],[174.692,-41.212],[174.73,-41.176],[174.756,-41.159],[174.78,-41.116],[174.795,-41.106],[174.817,-41.099],[174.83,-41.088],[174.84,-41.087],[174.853,-41.113],[174.866,-41.104],[174.871,-41.095],[174.871,-41.085],[174.867,-41.072],[174.862,-41.069],[174.849,-41.057],[174.842,-41.044],[174.85,-41.038],[174.861,-41.033],[174.879,-41.015],[174.891,-41.011],[174.902,-41.008],[174.915,-41.001],[174.927,-40.992],[174.935,-40.983],[174.943,-40.971],[174.946,-40.961],[174.949,-40.936],[174.97,-40.89],[174.979,-40.875],[175.038,-40.826],[175.094,-40.754],[175.141,-40.674],[175.157,-40.7],[175.198,-40.726],[175.219,-40.754],[175.262,-40.766],[175.282,-40.764],[175.332,-40.748],[175.37,-40.744],[175.399,-40.745],[175.426,-40.745],[175.452,-40.718],[175.477,-40.709],[175.587,-40.734],[175.639,-40.739],[175.694,-40.713],[175.72,-40.697],[175.76,-40.712],[175.788,-40.73],[175.796,-40.773],[175.831,-40.775],[175.91,-40.761],[175.995,-40.733],[176.087,-40.693],[176.139,-40.686],[176.192,-40.68],[176.254,-40.686],[176.348,-40.697]]]}},{"type":"Feature","id":"NZ-WKO","properties":{"id":"NZ-WKO","countryCode":"NZ","isoSubdivision":"NZ-WKO","name":"Waikato","name_en":"Waikato","name_ko":"와이카토 지방","type":"Regional Council","labelLongitude":175.445,"labelLatitude":-38.041,"minZoom":7},"geometry":{"type":"MultiPolygon","coordinates":[[[[175.848,-36.625],[175.841,-36.627],[175.835,-36.629],[175.829,-36.629],[175.822,-36.629],[175.818,-36.629],[175.81,-36.627],[175.798,-36.622],[175.795,-36.618],[175.796,-36.615],[175.799,-36.61],[175.801,-36.607],[175.801,-36.604],[175.801,-36.601],[175.799,-36.597],[175.793,-36.593],[175.785,-36.591],[175.777,-36.587],[175.772,-36.577],[175.799,-36.57],[175.806,-36.578],[175.817,-36.604],[175.828,-36.605],[175.836,-36.609],[175.843,-36.615],[175.848,-36.625]]],[[[174.618,-38.707],[174.619,-38.704],[174.635,-38.701],[174.628,-38.683],[174.631,-38.668],[174.637,-38.653],[174.641,-38.635],[174.644,-38.463],[174.652,-38.425],[174.687,-38.362],[174.7,-38.327],[174.707,-38.289],[174.712,-38.23],[174.722,-38.194],[174.723,-38.173],[174.719,-38.155],[174.71,-38.137],[174.705,-38.12],[174.71,-38.105],[174.726,-38.112],[174.744,-38.113],[174.763,-38.11],[174.779,-38.105],[174.78,-38.116],[174.785,-38.126],[174.792,-38.133],[174.799,-38.139],[174.805,-38.139],[174.805,-38.125],[174.82,-38.134],[174.833,-38.147],[174.847,-38.154],[174.867,-38.146],[174.859,-38.141],[174.839,-38.125],[174.865,-38.117],[174.896,-38.12],[174.924,-38.118],[174.943,-38.097],[174.924,-38.097],[174.916,-38.099],[174.908,-38.105],[174.901,-38.097],[174.904,-38.078],[174.884,-38.063],[174.856,-38.056],[174.836,-38.06],[174.828,-38.072],[174.824,-38.081],[174.818,-38.088],[174.802,-38.091],[174.792,-38.085],[174.791,-38.07],[174.794,-38.054],[174.799,-38.043],[174.808,-38.033],[174.816,-38.029],[174.826,-38.028],[174.839,-38.024],[174.87,-37.996],[174.887,-37.986],[174.888,-37.967],[174.876,-37.95],[174.853,-37.948],[174.837,-37.965],[174.828,-37.989],[174.816,-38.001],[174.788,-37.985],[174.784,-37.967],[174.792,-37.872],[174.819,-37.825],[174.866,-37.811],[174.923,-37.811],[174.977,-37.804],[174.973,-37.795],[174.967,-37.789],[174.959,-37.785],[174.949,-37.783],[174.963,-37.775],[174.973,-37.764],[174.977,-37.75],[174.97,-37.735],[174.928,-37.755],[174.924,-37.76],[174.92,-37.771],[174.915,-37.776],[174.911,-37.775],[174.905,-37.772],[174.898,-37.77],[174.867,-37.781],[174.85,-37.765],[174.786,-37.569],[174.729,-37.458],[174.718,-37.412],[174.718,-37.401],[174.727,-37.389],[174.738,-37.384],[174.768,-37.378],[174.779,-37.372],[174.79,-37.353],[174.799,-37.33],[174.812,-37.311],[174.836,-37.303],[174.838,-37.299],[174.833,-37.292],[174.823,-37.288],[174.809,-37.293],[174.799,-37.3],[174.78,-37.31],[174.771,-37.317],[174.743,-37.357],[174.729,-37.363],[174.706,-37.348],[174.692,-37.329],[174.673,-37.294],[174.726,-37.274],[174.791,-37.254],[174.877,-37.232],[174.985,-37.211],[175.098,-37.189],[175.16,-37.16],[175.168,-37.081],[175.183,-37.04],[175.239,-37.016],[175.274,-37.018],[175.326,-37.009],[175.331,-37.021],[175.334,-37.036],[175.333,-37.059],[175.32,-37.129],[175.325,-37.152],[175.336,-37.173],[175.352,-37.192],[175.367,-37.207],[175.403,-37.224],[175.448,-37.225],[175.494,-37.216],[175.532,-37.2],[175.54,-37.194],[175.543,-37.187],[175.549,-37.182],[175.563,-37.18],[175.571,-37.185],[175.574,-37.195],[175.573,-37.217],[175.579,-37.237],[175.592,-37.249],[175.61,-37.252],[175.628,-37.242],[175.612,-37.238],[175.602,-37.228],[175.596,-37.213],[175.591,-37.181],[175.582,-37.155],[175.58,-37.142],[175.563,-37.112],[175.56,-37.097],[175.561,-37.045],[175.556,-37.032],[175.551,-37.024],[175.528,-36.962],[175.521,-36.951],[175.511,-36.939],[175.499,-36.929],[175.474,-36.915],[175.463,-36.906],[175.457,-36.895],[175.454,-36.884],[175.449,-36.874],[175.436,-36.865],[175.457,-36.858],[175.481,-36.862],[175.503,-36.862],[175.518,-36.845],[175.485,-36.845],[175.47,-36.843],[175.456,-36.837],[175.468,-36.834],[175.481,-36.831],[175.491,-36.827],[175.498,-36.817],[175.489,-36.817],[175.482,-36.814],[175.476,-36.811],[175.47,-36.809],[175.521,-36.798],[175.537,-36.786],[175.532,-36.761],[175.516,-36.77],[175.511,-36.775],[175.504,-36.766],[175.499,-36.755],[175.499,-36.745],[175.505,-36.735],[175.482,-36.705],[175.49,-36.678],[175.502,-36.654],[175.498,-36.631],[175.489,-36.628],[175.478,-36.626],[175.468,-36.623],[175.463,-36.614],[175.46,-36.612],[175.442,-36.591],[175.425,-36.583],[175.387,-36.572],[175.371,-36.559],[175.362,-36.546],[175.357,-36.53],[175.354,-36.491],[175.362,-36.477],[175.383,-36.477],[175.407,-36.48],[175.44,-36.475],[175.447,-36.48],[175.451,-36.488],[175.457,-36.497],[175.461,-36.505],[175.463,-36.508],[175.467,-36.511],[175.475,-36.515],[175.496,-36.53],[175.506,-36.532],[175.532,-36.508],[175.55,-36.526],[175.562,-36.552],[175.56,-36.577],[175.538,-36.597],[175.559,-36.611],[175.582,-36.611],[175.6,-36.616],[175.607,-36.642],[175.61,-36.668],[175.607,-36.681],[175.597,-36.676],[175.584,-36.668],[175.574,-36.67],[175.571,-36.678],[175.577,-36.69],[175.588,-36.694],[175.617,-36.691],[175.628,-36.693],[175.634,-36.705],[175.631,-36.715],[175.624,-36.725],[175.621,-36.735],[175.628,-36.764],[175.642,-36.767],[175.682,-36.741],[175.668,-36.736],[175.662,-36.735],[175.669,-36.726],[175.682,-36.722],[175.696,-36.724],[175.707,-36.731],[175.719,-36.736],[175.734,-36.73],[175.758,-36.714],[175.776,-36.708],[175.791,-36.708],[175.803,-36.712],[175.817,-36.724],[175.828,-36.726],[175.841,-36.719],[175.852,-36.718],[175.854,-36.735],[175.848,-36.748],[175.838,-36.752],[175.81,-36.749],[175.805,-36.754],[175.786,-36.783],[175.773,-36.79],[175.747,-36.798],[175.734,-36.806],[175.718,-36.824],[175.704,-36.845],[175.716,-36.853],[175.715,-36.86],[175.711,-36.867],[175.714,-36.875],[175.725,-36.884],[175.737,-36.89],[175.745,-36.89],[175.744,-36.879],[175.76,-36.869],[175.752,-36.837],[175.765,-36.824],[175.787,-36.833],[175.828,-36.826],[175.851,-36.841],[175.855,-36.852],[175.853,-36.878],[175.858,-36.889],[175.873,-36.905],[175.878,-36.913],[175.882,-36.926],[175.888,-36.974],[175.885,-37.006],[175.885,-37.011],[175.887,-37.021],[175.881,-37.032],[175.872,-37.043],[175.868,-37.053],[175.873,-37.06],[175.884,-37.055],[175.895,-37.044],[175.902,-37.036],[175.92,-37.055],[175.916,-37.08],[175.902,-37.106],[175.885,-37.129],[175.884,-37.137],[175.894,-37.14],[175.907,-37.142],[175.916,-37.146],[175.919,-37.158],[175.918,-37.187],[175.923,-37.2],[175.913,-37.195],[175.906,-37.187],[175.9,-37.177],[175.896,-37.166],[175.888,-37.166],[175.892,-37.191],[175.9,-37.213],[175.901,-37.231],[175.888,-37.242],[175.922,-37.255],[175.934,-37.264],[175.943,-37.282],[175.953,-37.322],[175.957,-37.362],[175.959,-37.369],[175.918,-37.382],[175.914,-37.419],[175.893,-37.446],[175.875,-37.453],[175.871,-37.47],[175.894,-37.486],[175.891,-37.499],[175.858,-37.491],[175.829,-37.479],[175.817,-37.492],[175.809,-37.508],[175.822,-37.52],[175.833,-37.539],[175.826,-37.555],[175.823,-37.578],[175.84,-37.605],[175.84,-37.635],[175.86,-37.67],[175.885,-37.702],[175.921,-37.772],[175.933,-37.852],[175.94,-37.865],[175.968,-37.892],[175.967,-37.914],[175.96,-37.937],[175.975,-37.979],[175.986,-37.996],[176.002,-37.999],[176.019,-38],[176.052,-38.012],[176.063,-38.04],[176.086,-38.057],[176.085,-38.1],[176.1,-38.157],[176.149,-38.19],[176.206,-38.191],[176.229,-38.207],[176.244,-38.218],[176.268,-38.236],[176.281,-38.263],[176.298,-38.286],[176.308,-38.302],[176.32,-38.314],[176.472,-38.368],[176.498,-38.387],[176.508,-38.427],[176.485,-38.506],[176.466,-38.533],[176.438,-38.559],[176.424,-38.579],[176.411,-38.594],[176.394,-38.623],[176.379,-38.644],[176.36,-38.673],[176.255,-38.808],[176.258,-38.89],[176.267,-38.907],[176.215,-38.987],[176.164,-39.036],[176.106,-39.101],[176.082,-39.128],[176.036,-39.088],[176.021,-39.085],[175.989,-39.119],[175.981,-39.156],[175.976,-39.159],[175.973,-39.164],[175.946,-39.19],[175.906,-39.201],[175.895,-39.213],[175.888,-39.226],[175.877,-39.239],[175.869,-39.254],[175.865,-39.27],[175.853,-39.282],[175.814,-39.297],[175.772,-39.294],[175.681,-39.294],[175.594,-39.275],[175.59,-39.235],[175.613,-39.199],[175.635,-39.156],[175.647,-39.11],[175.639,-39.09],[175.626,-39.074],[175.632,-39.051],[175.649,-39.032],[175.666,-39.004],[175.666,-38.982],[175.633,-38.98],[175.601,-38.984],[175.565,-38.968],[175.574,-38.932],[175.582,-38.919],[175.58,-38.903],[175.561,-38.885],[175.555,-38.861],[175.574,-38.833],[175.573,-38.804],[175.544,-38.785],[175.526,-38.758],[175.562,-38.714],[175.584,-38.673],[175.597,-38.64],[175.625,-38.614],[175.629,-38.588],[175.628,-38.574],[175.625,-38.545],[175.607,-38.516],[175.565,-38.495],[175.517,-38.48],[175.463,-38.485],[175.41,-38.532],[175.373,-38.568],[175.352,-38.571],[175.332,-38.562],[175.303,-38.571],[175.301,-38.589],[175.291,-38.593],[175.285,-38.597],[175.281,-38.605],[175.264,-38.616],[175.224,-38.634],[175.2,-38.636],[175.16,-38.63],[175.119,-38.628],[175.108,-38.634],[175.099,-38.64],[175.089,-38.635],[175.077,-38.637],[175.056,-38.651],[175.034,-38.659],[174.971,-38.669],[174.963,-38.681],[174.968,-38.7],[174.943,-38.733],[174.94,-38.741],[174.941,-38.75],[174.903,-38.76],[174.868,-38.777],[174.841,-38.763],[174.822,-38.747],[174.81,-38.739],[174.796,-38.736],[174.776,-38.74],[174.688,-38.736],[174.618,-38.707]]]]}},{"type":"Feature","id":"NZ-WTC","properties":{"id":"NZ-WTC","countryCode":"NZ","isoSubdivision":"NZ-WTC","name":"West Coast","name_en":"West Coast","name_ko":"웨스트코스트 지방","type":"Regional Council","labelLongitude":170.402,"labelLatitude":-43.362,"minZoom":7},"geometry":{"type":"Polygon","coordinates":[[[168.137,-44.281],[168.128,-44.272],[168.103,-44.265],[168.103,-44.258],[168.15,-44.247],[168.169,-44.238],[168.205,-44.207],[168.268,-44.177],[168.307,-44.149],[168.34,-44.118],[168.341,-44.112],[168.342,-44.102],[168.345,-44.089],[168.353,-44.077],[168.364,-44.069],[168.375,-44.062],[168.387,-44.057],[168.398,-44.053],[168.391,-44.051],[168.371,-44.039],[168.39,-44.032],[168.41,-44.028],[168.472,-44.025],[168.509,-44.019],[168.543,-44.006],[168.563,-43.996],[168.573,-43.988],[168.587,-43.982],[168.612,-43.984],[168.621,-43.982],[168.646,-43.965],[168.663,-43.971],[168.679,-43.989],[168.699,-44.005],[168.747,-44.01],[168.804,-43.997],[168.858,-43.973],[168.918,-43.929],[168.965,-43.906],[168.984,-43.892],[169.002,-43.882],[169.065,-43.858],[169.081,-43.847],[169.086,-43.838],[169.087,-43.828],[169.091,-43.82],[169.098,-43.815],[169.126,-43.802],[169.136,-43.8],[169.154,-43.792],[169.192,-43.759],[169.21,-43.751],[169.23,-43.746],[169.303,-43.71],[169.353,-43.698],[169.38,-43.687],[169.392,-43.673],[169.396,-43.665],[169.407,-43.657],[169.42,-43.651],[169.429,-43.648],[169.457,-43.646],[169.465,-43.648],[169.474,-43.649],[169.483,-43.647],[169.494,-43.641],[169.509,-43.631],[169.549,-43.622],[169.583,-43.603],[169.624,-43.609],[169.646,-43.608],[169.698,-43.578],[169.718,-43.574],[169.734,-43.566],[169.768,-43.528],[169.782,-43.515],[169.788,-43.504],[169.789,-43.492],[169.809,-43.474],[169.835,-43.471],[169.846,-43.461],[169.848,-43.448],[169.854,-43.426],[169.875,-43.407],[169.897,-43.394],[170.03,-43.346],[170.043,-43.33],[170.051,-43.303],[170.073,-43.298],[170.088,-43.288],[170.098,-43.272],[170.105,-43.258],[170.115,-43.252],[170.139,-43.244],[170.165,-43.23],[170.178,-43.226],[170.194,-43.224],[170.206,-43.226],[170.227,-43.236],[170.239,-43.238],[170.304,-43.162],[170.272,-43.158],[170.247,-43.178],[170.224,-43.204],[170.201,-43.217],[170.22,-43.173],[170.254,-43.144],[170.28,-43.13],[170.289,-43.114],[170.289,-43.107],[170.363,-43.103],[170.385,-43.095],[170.393,-43.089],[170.385,-43.08],[170.403,-43.069],[170.417,-43.055],[170.432,-43.046],[170.454,-43.053],[170.457,-43.036],[170.468,-43.032],[170.474,-43.025],[170.514,-43.007],[170.604,-42.983],[170.643,-42.96],[170.674,-42.957],[170.69,-42.956],[170.701,-42.955],[170.709,-42.947],[170.722,-42.936],[170.733,-42.929],[170.77,-42.916],[170.787,-42.901],[170.823,-42.862],[170.841,-42.854],[170.858,-42.843],[170.944,-42.734],[170.957,-42.724],[170.966,-42.721],[170.987,-42.715],[171.005,-42.706],[171.012,-42.693],[171.027,-42.674],[171.037,-42.665],[171.047,-42.662],[171.063,-42.654],[171.08,-42.636],[171.105,-42.6],[171.123,-42.592],[171.194,-42.484],[171.215,-42.466],[171.225,-42.451],[171.228,-42.419],[171.235,-42.396],[171.284,-42.34],[171.305,-42.295],[171.332,-42.147],[171.349,-42.11],[171.354,-42.088],[171.364,-42.063],[171.369,-42.055],[171.403,-42.024],[171.418,-42.006],[171.428,-41.983],[171.445,-41.921],[171.459,-41.901],[171.468,-41.868],[171.489,-41.83],[171.482,-41.819],[171.475,-41.826],[171.471,-41.819],[171.469,-41.813],[171.468,-41.766],[171.484,-41.758],[171.544,-41.764],[171.613,-41.757],[171.632,-41.758],[171.639,-41.758],[171.689,-41.742],[171.783,-41.696],[171.809,-41.674],[171.817,-41.668],[171.832,-41.666],[171.846,-41.668],[171.855,-41.665],[171.862,-41.642],[171.87,-41.636],[171.88,-41.631],[171.89,-41.624],[171.904,-41.607],[171.941,-41.545],[171.946,-41.539],[171.951,-41.539],[171.954,-41.535],[171.956,-41.514],[171.957,-41.512],[171.96,-41.51],[171.965,-41.507],[171.973,-41.498],[171.979,-41.488],[171.982,-41.478],[171.983,-41.466],[171.994,-41.451],[172.021,-41.434],[172.05,-41.42],[172.071,-41.414],[172.067,-41.405],[172.066,-41.395],[172.068,-41.386],[172.082,-41.366],[172.084,-41.355],[172.084,-41.333],[172.088,-41.309],[172.093,-41.299],[172.102,-41.302],[172.107,-41.301],[172.116,-41.296],[172.128,-41.292],[172.14,-41.291],[172.12,-41.263],[172.114,-41.251],[172.105,-41.141],[172.108,-41.128],[172.117,-41.106],[172.119,-41.096],[172.112,-41.044],[172.112,-40.936],[172.106,-40.904],[172.107,-40.887],[172.115,-40.879],[172.128,-40.879],[172.137,-40.876],[172.144,-40.87],[172.157,-40.85],[172.181,-40.826],[172.184,-40.82],[172.186,-40.81],[172.188,-40.805],[172.195,-40.8],[172.202,-40.799],[172.208,-40.8],[172.215,-40.797],[172.218,-40.793],[172.221,-40.786],[172.225,-40.78],[172.232,-40.778],[172.233,-40.778],[172.238,-40.787],[172.252,-40.854],[172.262,-40.869],[172.294,-40.89],[172.304,-40.902],[172.311,-40.92],[172.32,-40.932],[172.332,-40.942],[172.345,-40.95],[172.357,-40.963],[172.358,-40.975],[172.353,-40.987],[172.342,-41],[172.335,-41.005],[172.325,-41.017],[172.32,-41.033],[172.323,-41.062],[172.332,-41.071],[172.345,-41.069],[172.364,-41.048],[172.372,-41.044],[172.381,-41.044],[172.392,-41.047],[172.402,-41.049],[172.431,-41.044],[172.453,-41.044],[172.465,-41.048],[172.478,-41.057],[172.484,-41.068],[172.488,-41.079],[172.494,-41.087],[172.502,-41.095],[172.51,-41.107],[172.518,-41.114],[172.527,-41.118],[172.539,-41.121],[172.552,-41.127],[172.595,-41.162],[172.607,-41.169],[172.622,-41.174],[172.671,-41.185],[172.69,-41.194],[172.699,-41.202],[172.702,-41.209],[172.698,-41.217],[172.652,-41.248],[172.582,-41.269],[172.571,-41.277],[172.571,-41.285],[172.585,-41.298],[172.589,-41.304],[172.588,-41.314],[172.584,-41.325],[172.582,-41.342],[172.582,-41.359],[172.578,-41.378],[172.566,-41.393],[172.546,-41.41],[172.528,-41.42],[172.51,-41.424],[172.493,-41.424],[172.455,-41.416],[172.443,-41.417],[172.43,-41.42],[172.414,-41.428],[172.409,-41.433],[172.411,-41.44],[172.421,-41.453],[172.422,-41.462],[172.418,-41.474],[172.408,-41.487],[172.36,-41.512],[172.351,-41.523],[172.345,-41.537],[172.333,-41.577],[172.323,-41.602],[172.31,-41.625],[172.298,-41.636],[172.282,-41.643],[172.258,-41.65],[172.246,-41.66],[172.242,-41.673],[172.245,-41.686],[172.243,-41.699],[172.233,-41.705],[172.182,-41.711],[172.165,-41.717],[172.149,-41.724],[172.129,-41.737],[172.12,-41.748],[172.115,-41.758],[172.112,-41.775],[172.112,-41.781],[172.114,-41.79],[172.119,-41.799],[172.121,-41.808],[172.124,-41.825],[172.121,-41.85],[172.11,-41.876],[172.1,-41.89],[172.076,-41.905],[172.064,-41.955],[172.067,-41.966],[172.072,-41.98],[172.081,-41.999],[172.091,-42.008],[172.102,-42.013],[172.112,-42.017],[172.121,-42.025],[172.124,-42.037],[172.123,-42.052],[172.125,-42.071],[172.132,-42.086],[172.142,-42.099],[172.153,-42.105],[172.166,-42.107],[172.196,-42.104],[172.21,-42.108],[172.218,-42.117],[172.224,-42.13],[172.23,-42.137],[172.236,-42.141],[172.242,-42.143],[172.25,-42.148],[172.258,-42.152],[172.269,-42.154],[172.294,-42.152],[172.308,-42.154],[172.325,-42.162],[172.337,-42.175],[172.344,-42.192],[172.353,-42.233],[172.36,-42.257],[172.381,-42.291],[172.396,-42.306],[172.41,-42.313],[172.42,-42.311],[172.427,-42.306],[172.432,-42.3],[172.436,-42.294],[172.441,-42.289],[172.448,-42.286],[172.457,-42.284],[172.467,-42.284],[172.485,-42.286],[172.479,-42.305],[172.475,-42.315],[172.469,-42.327],[172.456,-42.346],[172.453,-42.358],[172.447,-42.369],[172.435,-42.379],[172.409,-42.387],[172.39,-42.391],[172.361,-42.4],[172.31,-42.434],[172.249,-42.47],[172.234,-42.482],[172.224,-42.497],[172.215,-42.506],[172.193,-42.522],[172.183,-42.536],[172.172,-42.547],[172.127,-42.574],[172.101,-42.614],[172.072,-42.632],[172.045,-42.643],[172.027,-42.648],[171.998,-42.649],[171.983,-42.652],[171.954,-42.668],[171.934,-42.681],[171.911,-42.706],[171.887,-42.728],[171.882,-42.739],[171.879,-42.758],[171.817,-42.785],[171.765,-42.797],[171.76,-42.802],[171.756,-42.812],[171.748,-42.838],[171.736,-42.866],[171.733,-42.879],[171.727,-42.891],[171.717,-42.9],[171.701,-42.907],[171.651,-42.906],[171.614,-42.912],[171.573,-42.915],[171.536,-42.923],[171.528,-42.924],[171.522,-42.923],[171.516,-42.92],[171.506,-42.918],[171.493,-42.918],[171.456,-42.929],[171.435,-42.941],[171.42,-42.948],[171.401,-42.95],[171.369,-42.952],[171.328,-42.965],[171.305,-42.977],[171.262,-43.008],[171.249,-43.026],[171.242,-43.041],[171.238,-43.053],[171.226,-43.063],[171.207,-43.072],[171.128,-43.09],[171.107,-43.089],[171.068,-43.107],[171.006,-43.186],[170.969,-43.205],[170.868,-43.242],[170.693,-43.344],[170.596,-43.423],[170.569,-43.423],[170.553,-43.419],[170.518,-43.422],[170.471,-43.437],[170.336,-43.493],[170.236,-43.519],[170.205,-43.532],[170.127,-43.583],[170.1,-43.606],[170.085,-43.627],[170.071,-43.653],[170.045,-43.68],[170.019,-43.702],[170,-43.729],[169.977,-43.747],[169.95,-43.783],[169.794,-43.876],[169.76,-43.905],[169.725,-43.93],[169.672,-43.976],[169.643,-43.963],[169.624,-43.963],[169.599,-43.966],[169.582,-43.984],[169.568,-44.004],[169.548,-44.023],[169.518,-44.035],[169.482,-44.053],[169.44,-44.068],[169.407,-44.087],[169.367,-44.102],[169.335,-44.096],[169.309,-44.086],[169.292,-44.076],[169.263,-44.077],[169.225,-44.091],[169.163,-44.098],[169.113,-44.096],[169.071,-44.101],[169.025,-44.116],[168.978,-44.144],[168.967,-44.154],[168.956,-44.172],[168.921,-44.204],[168.886,-44.218],[168.863,-44.235],[168.844,-44.251],[168.834,-44.272],[168.828,-44.292],[168.803,-44.34],[168.78,-44.365],[168.743,-44.394],[168.715,-44.406],[168.649,-44.413],[168.454,-44.481],[168.329,-44.49],[168.357,-44.41],[168.365,-44.393],[168.374,-44.37],[168.361,-44.352],[168.351,-44.332],[168.33,-44.311],[168.311,-44.294],[168.277,-44.277],[168.242,-44.266],[168.191,-44.268],[168.137,-44.281]]]}},{"type":"Feature","id":"NZ-X01~","properties":{"id":"NZ-X01~","countryCode":"NZ","isoSubdivision":"NZ-X01~","name":"Kermadec Islands","name_en":"Kermadec Islands","name_ko":"케르마덱 아일랜즈","type":"Principal subdivision","labelLongitude":-177.91,"labelLatitude":-29.244,"minZoom":7},"geometry":{"type":"Polygon","coordinates":[[[-177.91,-29.279],[-177.925,-29.284],[-177.927,-29.277],[-177.926,-29.265],[-177.928,-29.255],[-177.946,-29.24],[-177.953,-29.233],[-177.958,-29.223],[-177.941,-29.222],[-177.922,-29.224],[-177.905,-29.228],[-177.889,-29.234],[-177.875,-29.242],[-177.865,-29.251],[-177.848,-29.279],[-177.863,-29.271],[-177.878,-29.272],[-177.89,-29.28],[-177.896,-29.292],[-177.908,-29.279],[-177.91,-29.279]]]}},{"type":"Feature","id":"NZ-X03~","properties":{"id":"NZ-X03~","countryCode":"NZ","isoSubdivision":"NZ-X03~","name":"Three Kings Islands","name_en":"Three Kings Islands","name_ko":"쓰리 킹스 아일랜즈","type":"Principal subdivision","labelLongitude":172.135,"labelLatitude":-34.157,"minZoom":7},"geometry":{"type":"Polygon","coordinates":[[[172.146,-34.145],[172.151,-34.144],[172.157,-34.144],[172.158,-34.148],[172.155,-34.152],[172.146,-34.152],[172.146,-34.156],[172.149,-34.162],[172.148,-34.165],[172.152,-34.167],[172.149,-34.168],[172.145,-34.169],[172.138,-34.169],[172.132,-34.166],[172.128,-34.162],[172.122,-34.156],[172.116,-34.152],[172.115,-34.146],[172.116,-34.144],[172.12,-34.145],[172.125,-34.147],[172.139,-34.149],[172.144,-34.147],[172.146,-34.145]]]}},{"type":"Feature","id":"NZ-X04~","properties":{"id":"NZ-X04~","countryCode":"NZ","isoSubdivision":"NZ-X04~","name":"Antipodes Islands","name_en":"Antipodes Islands","name_ko":"안티포데스 아일랜즈","type":"Principal subdivision","labelLongitude":178.801,"labelLatitude":-49.653,"minZoom":7},"geometry":{"type":"Polygon","coordinates":[[[178.839,-49.629],[178.844,-49.646],[178.839,-49.663],[178.832,-49.679],[178.827,-49.696],[178.826,-49.713],[178.822,-49.72],[178.814,-49.721],[178.773,-49.72],[178.742,-49.715],[178.719,-49.7],[178.718,-49.673],[178.728,-49.661],[178.771,-49.627],[178.787,-49.618],[178.801,-49.615],[178.815,-49.615],[178.829,-49.62],[178.839,-49.629]]]}},{"type":"Feature","id":"NZ-X05~","properties":{"id":"NZ-X05~","countryCode":"NZ","isoSubdivision":"NZ-X05~","name":"Campbell Islands","name_en":"Campbell Islands","name_ko":"캠벨 아일랜즈","type":"Principal subdivision","labelLongitude":169.183,"labelLatitude":-52.545,"minZoom":7},"geometry":{"type":"Polygon","coordinates":[[[169.25,-52.52],[169.26,-52.544],[169.262,-52.555],[169.245,-52.563],[169.237,-52.573],[169.23,-52.588],[169.195,-52.6],[169.167,-52.598],[169.132,-52.596],[169.119,-52.588],[169.1,-52.579],[169.085,-52.575],[169.074,-52.565],[169.062,-52.561],[169.051,-52.569],[169.026,-52.553],[169.015,-52.543],[169.025,-52.534],[169.046,-52.535],[169.083,-52.542],[169.114,-52.546],[169.12,-52.527],[169.129,-52.51],[169.144,-52.49],[169.16,-52.481],[169.186,-52.469],[169.205,-52.469],[169.213,-52.475],[169.209,-52.484],[169.222,-52.483],[169.235,-52.489],[169.242,-52.497],[169.275,-52.505],[169.294,-52.52],[169.275,-52.524],[169.25,-52.52]]]}},{"type":"Feature","id":"NZ-X06~","properties":{"id":"NZ-X06~","countryCode":"NZ","isoSubdivision":"NZ-X06~","name":"Auckland Islands","name_en":"Auckland Islands","name_ko":"오클랜드 아일랜즈","type":"Principal subdivision","labelLongitude":166.11,"labelLatitude":-50.766,"minZoom":7},"geometry":{"type":"MultiPolygon","coordinates":[[[[166.137,-50.864],[166.205,-50.876],[166.226,-50.885],[166.212,-50.89],[166.184,-50.894],[166.157,-50.903],[166.143,-50.905],[166.13,-50.903],[166.123,-50.912],[165.986,-50.904],[165.978,-50.9],[165.974,-50.894],[165.965,-50.885],[165.942,-50.872],[165.932,-50.864],[165.924,-50.851],[165.942,-50.853],[165.958,-50.859],[165.986,-50.875],[166,-50.875],[166.077,-50.862],[166.09,-50.853],[166.096,-50.851],[166.107,-50.852],[166.137,-50.864]]],[[[166.243,-50.601],[166.226,-50.611],[166.214,-50.609],[166.202,-50.605],[166.185,-50.611],[166.195,-50.618],[166.202,-50.628],[166.212,-50.653],[166.205,-50.65],[166.191,-50.648],[166.185,-50.646],[166.189,-50.661],[166.192,-50.666],[166.184,-50.671],[166.164,-50.687],[166.179,-50.683],[166.196,-50.683],[166.212,-50.687],[166.226,-50.694],[166.202,-50.701],[166.149,-50.697],[166.123,-50.7],[166.123,-50.707],[166.142,-50.707],[166.177,-50.72],[166.198,-50.721],[166.189,-50.738],[166.178,-50.755],[166.193,-50.756],[166.219,-50.754],[166.233,-50.755],[166.228,-50.764],[166.227,-50.772],[166.228,-50.781],[166.233,-50.79],[166.224,-50.789],[166.207,-50.79],[166.198,-50.79],[166.198,-50.797],[166.212,-50.798],[166.23,-50.803],[166.246,-50.81],[166.254,-50.817],[166.251,-50.834],[166.24,-50.851],[166.224,-50.86],[166.209,-50.855],[166.185,-50.842],[166.154,-50.835],[166.125,-50.824],[166.109,-50.803],[166.098,-50.813],[166.087,-50.82],[166.061,-50.831],[166.068,-50.818],[166.077,-50.802],[166.084,-50.787],[166.079,-50.772],[166.068,-50.762],[166.054,-50.754],[166.04,-50.752],[166.027,-50.762],[166.036,-50.768],[166.047,-50.777],[166.053,-50.786],[166.044,-50.79],[166.031,-50.787],[166.007,-50.776],[165.993,-50.776],[166.004,-50.785],[166.014,-50.791],[166.022,-50.798],[166.027,-50.81],[166.027,-50.825],[166.021,-50.836],[166.011,-50.842],[165.996,-50.844],[165.979,-50.844],[165.965,-50.84],[165.954,-50.833],[165.941,-50.82],[165.933,-50.821],[165.92,-50.83],[165.897,-50.851],[165.886,-50.795],[165.925,-50.754],[166.059,-50.694],[166.079,-50.676],[166.091,-50.652],[166.096,-50.621],[166.103,-50.599],[166.115,-50.574],[166.118,-50.552],[166.096,-50.536],[166.113,-50.532],[166.126,-50.528],[166.14,-50.526],[166.157,-50.532],[166.171,-50.533],[166.219,-50.526],[166.233,-50.522],[166.231,-50.529],[166.229,-50.543],[166.226,-50.549],[166.243,-50.549],[166.288,-50.543],[166.284,-50.548],[166.288,-50.56],[166.296,-50.572],[166.302,-50.577],[166.261,-50.577],[166.251,-50.579],[166.248,-50.586],[166.247,-50.593],[166.243,-50.601]]]]}},{"type":"Feature","id":"NZ-X07~","properties":{"id":"NZ-X07~","countryCode":"NZ","isoSubdivision":"NZ-X07~","name":"Snares Islands","name_en":"Snares Islands","name_ko":"더 스네어즈","type":"Principal subdivision","labelLongitude":166.608,"labelLatitude":-48.023,"minZoom":7},"geometry":{"type":"Polygon","coordinates":[[[166.637,-47.994],[166.632,-48],[166.624,-48.021],[166.629,-48.03],[166.634,-48.04],[166.637,-48.051],[166.637,-48.062],[166.628,-48.059],[166.622,-48.053],[166.613,-48.038],[166.605,-48.035],[166.568,-48.042],[166.568,-48.034],[166.619,-47.998],[166.637,-47.994]]]}}]}
