{"type":"FeatureCollection","features":[{"type":"Feature","id":"PH-ABR","properties":{"id":"PH-ABR","countryCode":"PH","isoSubdivision":"PH-ABR","name":"Abra","name_en":"Abra","name_ko":"아브라","type":"Province","labelLongitude":120.798,"labelLatitude":17.567,"minZoom":8},"geometry":{"type":"Polygon","coordinates":[[[120.888,17.946],[120.918,17.949],[120.938,17.967],[120.964,17.96],[120.981,17.946],[120.991,17.926],[121.001,17.875],[121.005,17.864],[121.013,17.852],[121.026,17.839],[121.033,17.836],[121.043,17.837],[121.085,17.835],[121.092,17.83],[121.103,17.816],[121.111,17.8],[121.116,17.782],[121.128,17.698],[121.127,17.684],[121.121,17.676],[121.105,17.668],[121.1,17.661],[121.1,17.63],[121.111,17.603],[121.118,17.576],[121.104,17.546],[121.081,17.531],[121.029,17.508],[121.008,17.49],[120.997,17.462],[120.992,17.397],[120.983,17.366],[120.926,17.282],[120.915,17.249],[120.907,17.204],[120.897,17.188],[120.874,17.182],[120.835,17.205],[120.813,17.212],[120.796,17.206],[120.774,17.178],[120.754,17.158],[120.73,17.156],[120.699,17.178],[120.686,17.198],[120.683,17.219],[120.681,17.24],[120.675,17.262],[120.666,17.268],[120.639,17.27],[120.627,17.273],[120.62,17.282],[120.616,17.292],[120.612,17.3],[120.601,17.303],[120.573,17.306],[120.55,17.318],[120.536,17.338],[120.534,17.367],[120.547,17.393],[120.568,17.421],[120.586,17.451],[120.586,17.48],[120.573,17.492],[120.55,17.5],[120.526,17.503],[120.506,17.501],[120.477,17.494],[120.467,17.499],[120.483,17.588],[120.498,17.63],[120.517,17.67],[120.539,17.704],[120.553,17.732],[120.573,17.765],[120.596,17.797],[120.618,17.819],[120.647,17.834],[120.673,17.838],[120.699,17.847],[120.744,17.893],[120.772,17.913],[120.828,17.943],[120.856,17.948],[120.888,17.946]]]}},{"type":"Feature","id":"PH-AGN","properties":{"id":"PH-AGN","countryCode":"PH","isoSubdivision":"PH-AGN","name":"Agusan del Norte","name_en":"Agusan del Norte","name_ko":"북아구산","type":"Province","labelLongitude":125.56,"labelLatitude":9.173,"minZoom":8},"geometry":{"type":"MultiPolygon","coordinates":[[[[125.517,9.016],[125.527,9.026],[125.535,9.049],[125.541,9.084],[125.542,9.189],[125.539,9.207],[125.533,9.218],[125.526,9.227],[125.521,9.239],[125.52,9.248],[125.521,9.266],[125.521,9.275],[125.518,9.284],[125.509,9.304],[125.503,9.329],[125.484,9.361],[125.477,9.391],[125.473,9.398],[125.468,9.404],[125.466,9.408],[125.466,9.439],[125.465,9.445],[125.517,9.461],[125.55,9.464],[125.584,9.463],[125.622,9.456],[125.664,9.443],[125.678,9.437],[125.692,9.429],[125.701,9.421],[125.726,9.393],[125.731,9.385],[125.737,9.371],[125.745,9.359],[125.74,9.343],[125.729,9.313],[125.727,9.297],[125.73,9.27],[125.737,9.251],[125.749,9.233],[125.767,9.213],[125.767,9.212],[125.71,9.015],[125.517,9.016]]],[[[125.204,9.082],[125.209,9.086],[125.219,9.088],[125.227,9.079],[125.24,9.055],[125.269,9.016],[125.289,9],[125.312,8.994],[125.377,8.991],[125.42,8.982],[125.441,8.98],[125.462,8.877],[125.513,8.797],[125.674,8.801],[125.692,8.771],[125.707,8.727],[125.703,8.713],[125.668,8.691],[125.662,8.687],[125.535,8.7],[125.489,8.676],[125.454,8.62],[125.432,8.597],[125.405,8.588],[125.321,8.59],[125.317,8.675],[125.293,8.738],[125.291,8.782],[125.323,8.886],[125.276,8.945],[125.234,8.988],[125.229,9.009],[125.223,9.018],[125.215,9.025],[125.208,9.032],[125.205,9.043],[125.206,9.067],[125.205,9.078],[125.204,9.082]]],[[[125.441,8.98],[125.462,8.985],[125.517,9.016],[125.71,9.015],[125.693,8.957],[125.662,8.877],[125.671,8.833],[125.674,8.801],[125.513,8.797],[125.462,8.877],[125.441,8.98]]]]}},{"type":"Feature","id":"PH-AGS","properties":{"id":"PH-AGS","countryCode":"PH","isoSubdivision":"PH-AGS","name":"Agusan del Sur","name_en":"Agusan del Sur","name_ko":"남아구산","type":"Province","labelLongitude":125.761,"labelLatitude":8.579,"minZoom":8},"geometry":{"type":"Polygon","coordinates":[[[125.767,9.213],[125.767,9.212],[125.789,9.163],[125.803,9.111],[125.809,9.057],[125.809,9.001],[125.802,8.974],[125.802,8.967],[125.813,8.956],[125.827,8.956],[125.84,8.957],[125.849,8.951],[125.856,8.932],[125.865,8.897],[125.874,8.879],[125.884,8.868],[125.895,8.859],[125.906,8.849],[125.92,8.824],[125.931,8.817],[125.942,8.811],[125.952,8.801],[125.953,8.789],[125.949,8.777],[125.946,8.765],[125.952,8.755],[125.99,8.724],[126.024,8.688],[126.033,8.668],[126.032,8.645],[126.022,8.622],[126.006,8.601],[125.991,8.569],[125.998,8.532],[126.017,8.495],[126.056,8.436],[126.06,8.426],[126.069,8.391],[126.078,8.382],[126.1,8.373],[126.204,8.359],[126.223,8.349],[126.225,8.318],[126.205,8.215],[126.218,8.154],[126.278,8.053],[126.291,7.996],[126.183,7.995],[125.675,7.997],[125.374,7.998],[125.365,8.027],[125.36,8.124],[125.352,8.147],[125.329,8.19],[125.324,8.213],[125.326,8.232],[125.33,8.249],[125.332,8.266],[125.326,8.287],[125.314,8.323],[125.312,8.358],[125.314,8.394],[125.304,8.442],[125.321,8.59],[125.405,8.588],[125.432,8.597],[125.454,8.62],[125.489,8.676],[125.535,8.7],[125.662,8.687],[125.668,8.691],[125.703,8.713],[125.707,8.727],[125.692,8.771],[125.674,8.801],[125.671,8.833],[125.662,8.877],[125.693,8.957],[125.71,9.015],[125.767,9.212],[125.767,9.213]]]}},{"type":"Feature","id":"PH-AKL","properties":{"id":"PH-AKL","countryCode":"PH","isoSubdivision":"PH-AKL","name":"Aklan","name_en":"Aklan","name_ko":"아클란","type":"Province","labelLongitude":122.223,"labelLatitude":11.561,"minZoom":8},"geometry":{"type":"Polygon","coordinates":[[[121.854,11.769],[121.854,11.772],[121.856,11.78],[121.866,11.793],[121.878,11.805],[121.885,11.81],[121.889,11.819],[121.891,11.839],[121.892,11.86],[121.889,11.871],[121.892,11.885],[121.897,11.894],[121.906,11.898],[121.92,11.899],[121.927,11.903],[121.94,11.922],[121.947,11.926],[121.953,11.928],[121.959,11.933],[121.964,11.934],[121.972,11.93],[121.977,11.924],[121.981,11.917],[121.985,11.913],[122.02,11.903],[122.03,11.896],[122.053,11.867],[122.073,11.849],[122.094,11.835],[122.118,11.824],[122.229,11.8],[122.265,11.786],[122.3,11.762],[122.322,11.742],[122.336,11.737],[122.377,11.733],[122.388,11.727],[122.428,11.669],[122.441,11.657],[122.454,11.653],[122.465,11.645],[122.512,11.598],[122.572,11.575],[122.588,11.563],[122.592,11.554],[122.585,11.547],[122.578,11.532],[122.569,11.521],[122.558,11.513],[122.542,11.505],[122.532,11.496],[122.521,11.471],[122.514,11.462],[122.488,11.455],[122.451,11.454],[122.384,11.461],[122.376,11.445],[122.37,11.408],[122.358,11.368],[122.332,11.344],[122.257,11.326],[122.218,11.321],[122.18,11.321],[122.175,11.331],[122.176,11.339],[122.18,11.347],[122.182,11.356],[122.183,11.376],[122.182,11.383],[122.179,11.389],[122.174,11.392],[122.169,11.395],[122.166,11.397],[122.165,11.402],[122.165,11.405],[122.166,11.408],[122.169,11.413],[122.172,11.421],[122.169,11.424],[122.164,11.426],[122.16,11.43],[122.152,11.446],[122.131,11.469],[122.124,11.483],[122.125,11.491],[122.135,11.526],[122.138,11.53],[122.148,11.536],[122.15,11.541],[122.148,11.545],[122.139,11.557],[122.137,11.562],[122.136,11.574],[122.139,11.583],[122.143,11.592],[122.146,11.601],[122.144,11.618],[122.14,11.635],[122.138,11.652],[122.142,11.669],[122.155,11.693],[122.164,11.711],[122.162,11.729],[122.146,11.755],[122.126,11.772],[122.076,11.794],[122.035,11.822],[122.009,11.83],[121.981,11.831],[121.955,11.828],[121.928,11.816],[121.885,11.784],[121.854,11.769]]]}},{"type":"Feature","id":"PH-ALB","properties":{"id":"PH-ALB","countryCode":"PH","isoSubdivision":"PH-ALB","name":"Albay","name_en":"Albay","name_ko":"알바이","type":"Province","labelLongitude":123.563,"labelLatitude":13.225,"minZoom":8},"geometry":{"type":"MultiPolygon","coordinates":[[[[123.594,13.529],[123.598,13.524],[123.605,13.517],[123.667,13.486],[123.68,13.47],[123.705,13.427],[123.709,13.424],[123.723,13.415],[123.725,13.41],[123.725,13.399],[123.726,13.391],[123.731,13.363],[123.743,13.34],[123.759,13.324],[123.777,13.317],[123.795,13.308],[123.806,13.287],[123.822,13.243],[123.825,13.26],[123.836,13.256],[123.848,13.242],[123.856,13.229],[123.789,13.232],[123.768,13.224],[123.759,13.198],[123.757,13.181],[123.752,13.168],[123.75,13.155],[123.753,13.139],[123.77,13.111],[123.768,13.099],[123.746,13.092],[123.746,13.085],[123.75,13.078],[123.75,13.073],[123.746,13.064],[123.767,13.053],[123.775,13.051],[123.787,13.051],[123.798,13.055],[123.813,13.068],[123.818,13.071],[123.856,13.119],[123.861,13.128],[123.865,13.136],[123.871,13.143],[123.883,13.146],[123.895,13.144],[123.905,13.129],[123.914,13.126],[123.924,13.125],[123.932,13.123],[123.935,13.119],[123.924,13.096],[123.918,13.072],[123.908,13.054],[123.884,13.047],[123.849,13.044],[123.789,13.031],[123.753,13.034],[123.719,13.042],[123.688,13.046],[123.657,13.045],[123.552,13.018],[123.52,13.002],[123.497,12.976],[123.496,12.974],[123.488,12.986],[123.468,12.996],[123.45,13.029],[123.441,13.037],[123.419,13.039],[123.402,13.043],[123.385,13.044],[123.362,13.037],[123.33,13.019],[123.31,13.012],[123.301,13.02],[123.296,13.036],[123.288,13.054],[123.284,13.072],[123.294,13.085],[123.279,13.12],[123.305,13.199],[123.301,13.236],[123.292,13.245],[123.3,13.25],[123.447,13.378],[123.456,13.378],[123.464,13.37],[123.483,13.365],[123.489,13.367],[123.492,13.373],[123.495,13.378],[123.499,13.38],[123.541,13.37],[123.553,13.365],[123.565,13.366],[123.579,13.378],[123.59,13.398],[123.595,13.422],[123.592,13.445],[123.584,13.468],[123.574,13.478],[123.561,13.485],[123.55,13.493],[123.545,13.505],[123.551,13.52],[123.566,13.527],[123.585,13.53],[123.594,13.529]]],[[[124.149,13.186],[124.136,13.189],[124.114,13.189],[124.098,13.192],[124.069,13.204],[124.066,13.211],[124.085,13.217],[124.114,13.228],[124.124,13.233],[124.139,13.234],[124.179,13.223],[124.198,13.213],[124.21,13.196],[124.209,13.178],[124.197,13.173],[124.162,13.181],[124.149,13.186]]],[[[124.086,13.26],[124.073,13.254],[124.068,13.251],[124.062,13.245],[124.056,13.236],[124.046,13.226],[124.039,13.225],[124.025,13.222],[124.017,13.224],[123.998,13.228],[123.977,13.236],[123.958,13.237],[123.939,13.244],[123.922,13.259],[123.914,13.271],[123.915,13.28],[123.913,13.285],[123.912,13.289],[123.914,13.289],[123.915,13.29],[123.963,13.287],[123.987,13.276],[123.995,13.279],[124.002,13.281],[124.016,13.28],[124.017,13.28],[124.018,13.279],[124.026,13.27],[124.033,13.267],[124.038,13.27],[124.039,13.274],[124.04,13.279],[124.048,13.279],[124.056,13.276],[124.069,13.273],[124.084,13.267],[124.086,13.263],[124.086,13.26]]],[[[123.89,13.274],[123.897,13.258],[123.904,13.246],[123.902,13.238],[123.884,13.23],[123.874,13.23],[123.864,13.245],[123.858,13.25],[123.846,13.27],[123.844,13.282],[123.849,13.299],[123.851,13.318],[123.847,13.331],[123.837,13.345],[123.84,13.349],[123.849,13.354],[123.859,13.354],[123.9,13.341],[123.906,13.336],[123.913,13.332],[123.922,13.33],[123.922,13.32],[123.895,13.293],[123.89,13.274]]],[[[123.802,13.366],[123.775,13.392],[123.772,13.404],[123.787,13.399],[123.804,13.392],[123.82,13.38],[123.827,13.373],[123.833,13.373],[123.843,13.372],[123.846,13.368],[123.835,13.356],[123.823,13.352],[123.802,13.366]]]]}},{"type":"Feature","id":"PH-ANT","properties":{"id":"PH-ANT","countryCode":"PH","isoSubdivision":"PH-ANT","name":"Antique","name_en":"Antique","name_ko":"안티케","type":"Province","labelLongitude":121.469,"labelLatitude":11.848,"minZoom":8},"geometry":{"type":"MultiPolygon","coordinates":[[[[122.033,10.461],[122.016,10.445],[121.982,10.43],[121.95,10.433],[121.93,10.467],[121.932,10.509],[121.972,10.582],[121.985,10.625],[121.985,10.647],[121.978,10.71],[121.972,10.725],[121.944,10.754],[121.937,10.776],[121.94,10.794],[121.954,10.823],[121.96,10.854],[121.978,10.905],[122.045,11.017],[122.053,11.064],[122.053,11.234],[122.051,11.255],[122.044,11.278],[122.042,11.3],[122.05,11.32],[122.061,11.339],[122.066,11.36],[122.074,11.477],[122.076,11.483],[122.081,11.488],[122.086,11.495],[122.107,11.658],[122.102,11.694],[122.084,11.725],[122.06,11.734],[122.029,11.735],[121.992,11.741],[121.958,11.755],[121.941,11.76],[121.92,11.762],[121.882,11.761],[121.865,11.763],[121.854,11.769],[121.885,11.784],[121.928,11.816],[121.955,11.828],[121.981,11.831],[122.009,11.83],[122.035,11.822],[122.076,11.794],[122.126,11.772],[122.146,11.755],[122.162,11.729],[122.164,11.711],[122.155,11.693],[122.142,11.669],[122.138,11.652],[122.14,11.635],[122.144,11.618],[122.146,11.601],[122.143,11.592],[122.139,11.583],[122.136,11.574],[122.137,11.562],[122.139,11.557],[122.148,11.545],[122.15,11.541],[122.148,11.536],[122.138,11.53],[122.135,11.526],[122.125,11.491],[122.124,11.483],[122.131,11.469],[122.152,11.446],[122.16,11.43],[122.164,11.426],[122.169,11.424],[122.172,11.421],[122.169,11.413],[122.166,11.408],[122.165,11.405],[122.165,11.402],[122.166,11.397],[122.169,11.395],[122.174,11.392],[122.179,11.389],[122.182,11.383],[122.183,11.376],[122.182,11.356],[122.18,11.347],[122.176,11.339],[122.175,11.331],[122.18,11.321],[122.189,11.301],[122.191,11.277],[122.19,11.251],[122.191,11.227],[122.198,11.204],[122.208,11.187],[122.221,11.172],[122.24,11.157],[122.294,11.108],[122.319,11.078],[122.331,11.053],[122.318,11],[122.312,10.994],[122.296,10.984],[122.29,10.978],[122.287,10.968],[122.289,10.949],[122.287,10.939],[122.278,10.93],[122.254,10.913],[122.244,10.903],[122.23,10.883],[122.208,10.835],[122.191,10.79],[122.179,10.77],[122.164,10.752],[122.148,10.736],[122.124,10.719],[122.076,10.69],[122.056,10.67],[122.035,10.637],[122.024,10.607],[122.015,10.536],[122.006,10.492],[122.01,10.473],[122.029,10.462],[122.033,10.461]]],[[[121.406,12.062],[121.413,12.047],[121.417,12.03],[121.414,12.015],[121.402,12.003],[121.384,12.001],[121.372,12.011],[121.364,12.027],[121.361,12.043],[121.362,12.051],[121.368,12.071],[121.365,12.081],[121.359,12.088],[121.356,12.094],[121.361,12.105],[121.359,12.112],[121.359,12.115],[121.368,12.11],[121.406,12.062]]],[[[121.474,11.867],[121.511,11.856],[121.526,11.847],[121.517,11.838],[121.495,11.828],[121.473,11.827],[121.456,11.832],[121.445,11.836],[121.44,11.837],[121.435,11.839],[121.431,11.843],[121.426,11.842],[121.418,11.838],[121.413,11.84],[121.416,11.85],[121.426,11.861],[121.443,11.868],[121.453,11.868],[121.474,11.867]]]]}},{"type":"Feature","id":"PH-APA","properties":{"id":"PH-APA","countryCode":"PH","isoSubdivision":"PH-APA","name":"Apayao","name_en":"Apayao","name_ko":"아파야오","type":"Province","labelLongitude":121.167,"labelLatitude":18.118,"minZoom":8},"geometry":{"type":"Polygon","coordinates":[[[120.938,17.967],[120.934,17.978],[120.934,17.982],[120.947,17.996],[120.947,18.023],[120.939,18.076],[120.941,18.098],[120.946,18.116],[120.955,18.132],[120.979,18.16],[120.982,18.17],[120.979,18.181],[120.971,18.193],[120.956,18.203],[120.936,18.211],[120.918,18.222],[120.909,18.241],[120.912,18.253],[120.921,18.259],[120.932,18.263],[120.944,18.272],[120.954,18.291],[120.956,18.312],[120.953,18.333],[120.948,18.353],[120.946,18.376],[120.955,18.423],[120.957,18.447],[120.983,18.456],[120.999,18.468],[121.014,18.483],[121.033,18.497],[121.043,18.507],[121.05,18.52],[121.059,18.532],[121.073,18.536],[121.087,18.53],[121.091,18.517],[121.094,18.5],[121.1,18.485],[121.125,18.467],[121.228,18.435],[121.279,18.411],[121.457,18.302],[121.479,18.27],[121.487,18.232],[121.485,18.186],[121.476,18.14],[121.462,18.098],[121.376,17.941],[121.359,17.895],[121.351,17.881],[121.332,17.863],[121.318,17.843],[121.319,17.823],[121.341,17.807],[121.361,17.803],[121.374,17.804],[121.387,17.801],[121.401,17.788],[121.409,17.773],[121.421,17.735],[121.429,17.718],[121.297,17.702],[121.219,17.682],[121.127,17.684],[121.128,17.698],[121.116,17.782],[121.111,17.8],[121.103,17.816],[121.092,17.83],[121.085,17.835],[121.043,17.837],[121.033,17.836],[121.026,17.839],[121.013,17.852],[121.005,17.864],[121.001,17.875],[120.991,17.926],[120.981,17.946],[120.964,17.96],[120.938,17.967]]]}},{"type":"Feature","id":"PH-AUR","properties":{"id":"PH-AUR","countryCode":"PH","isoSubdivision":"PH-AUR","name":"Aurora","name_en":"Aurora","name_ko":"아우로라","type":"Province","labelLongitude":121.756,"labelLatitude":16.127,"minZoom":8},"geometry":{"type":"Polygon","coordinates":[[[122.245,16.511],[122.239,16.504],[122.234,16.495],[122.232,16.487],[122.232,16.466],[122.229,16.462],[122.211,16.449],[122.204,16.435],[122.205,16.424],[122.218,16.395],[122.224,16.409],[122.225,16.415],[122.232,16.415],[122.225,16.381],[122.192,16.317],[122.197,16.292],[122.215,16.307],[122.232,16.319],[122.229,16.305],[122.204,16.264],[122.203,16.257],[122.205,16.242],[122.204,16.237],[122.199,16.234],[122.182,16.232],[122.177,16.23],[122.149,16.196],[122.115,16.169],[122.084,16.137],[122.08,16.135],[122.077,16.133],[122.074,16.127],[122.072,16.119],[122.072,16.112],[122.074,16.105],[122.074,16.1],[122.059,16.078],[122.016,16.051],[121.998,16.031],[121.992,16.039],[122.012,16.066],[122.022,16.084],[122.026,16.104],[122.033,16.117],[122.081,16.148],[122.088,16.164],[122.093,16.187],[122.102,16.208],[122.133,16.225],[122.141,16.244],[122.135,16.261],[122.108,16.264],[122.087,16.255],[122.077,16.241],[122.074,16.224],[122.074,16.206],[122.067,16.19],[122.051,16.181],[122.012,16.169],[121.955,16.139],[121.94,16.135],[121.904,16.13],[121.868,16.12],[121.856,16.111],[121.844,16.1],[121.83,16.09],[121.8,16.083],[121.788,16.077],[121.778,16.073],[121.77,16.076],[121.761,16.08],[121.752,16.077],[121.684,16.021],[121.679,16.011],[121.642,15.97],[121.593,15.945],[121.578,15.932],[121.567,15.916],[121.56,15.895],[121.553,15.853],[121.555,15.829],[121.571,15.794],[121.575,15.774],[121.585,15.765],[121.609,15.763],[121.632,15.757],[121.642,15.737],[121.637,15.722],[121.594,15.675],[121.611,15.671],[121.62,15.667],[121.629,15.661],[121.591,15.64],[121.574,15.627],[121.567,15.61],[121.562,15.591],[121.549,15.576],[121.496,15.532],[121.488,15.52],[121.479,15.456],[121.473,15.438],[121.464,15.422],[121.426,15.374],[121.409,15.378],[121.398,15.383],[121.39,15.378],[121.382,15.353],[121.379,15.308],[121.391,15.266],[121.414,15.232],[121.444,15.209],[121.446,15.208],[121.438,15.206],[121.42,15.208],[121.409,15.202],[121.403,15.189],[121.399,15.172],[121.397,15.17],[121.392,15.17],[121.387,15.167],[121.385,15.161],[121.386,15.157],[121.39,15.157],[121.394,15.159],[121.396,15.161],[121.403,15.137],[121.404,15.128],[121.395,15.103],[121.374,15.079],[121.356,15.055],[121.357,15.029],[121.35,15.029],[121.343,15.029],[121.336,15.03],[121.33,15.032],[121.304,15.059],[121.294,15.074],[121.293,15.091],[121.309,15.134],[121.31,15.153],[121.303,15.181],[121.332,15.328],[121.366,15.435],[121.368,15.471],[121.361,15.508],[121.267,15.778],[121.448,15.924],[121.808,16.219],[121.872,16.282],[122.038,16.508],[122.245,16.511]]]}},{"type":"Feature","id":"PH-BAN","properties":{"id":"PH-BAN","countryCode":"PH","isoSubdivision":"PH-BAN","name":"Bataan","name_en":"Bataan","name_ko":"바탄","type":"Province","labelLongitude":120.42,"labelLatitude":14.656,"minZoom":8},"geometry":{"type":"Polygon","coordinates":[[[120.545,14.827],[120.546,14.788],[120.536,14.723],[120.539,14.703],[120.578,14.659],[120.582,14.648],[120.577,14.637],[120.575,14.622],[120.594,14.551],[120.598,14.506],[120.588,14.467],[120.565,14.441],[120.526,14.435],[120.517,14.437],[120.51,14.441],[120.502,14.443],[120.491,14.442],[120.488,14.438],[120.487,14.431],[120.481,14.424],[120.467,14.421],[120.463,14.424],[120.46,14.432],[120.456,14.439],[120.41,14.452],[120.402,14.456],[120.382,14.48],[120.377,14.508],[120.382,14.568],[120.378,14.602],[120.367,14.621],[120.326,14.648],[120.315,14.641],[120.305,14.641],[120.297,14.645],[120.292,14.654],[120.285,14.654],[120.253,14.699],[120.242,14.73],[120.261,14.744],[120.273,14.747],[120.265,14.755],[120.244,14.767],[120.247,14.778],[120.255,14.787],[120.265,14.795],[120.272,14.804],[120.278,14.803],[120.282,14.806],[120.297,14.802],[120.32,14.826],[120.342,14.842],[120.366,14.852],[120.398,14.855],[120.422,14.864],[120.442,14.886],[120.455,14.914],[120.46,14.942],[120.469,14.927],[120.476,14.89],[120.483,14.872],[120.498,14.857],[120.533,14.837],[120.545,14.827]]]}},{"type":"Feature","id":"PH-BAS","properties":{"id":"PH-BAS","countryCode":"PH","isoSubdivision":"PH-BAS","name":"Basilan","name_en":"Basilan","name_ko":"바실란","type":"Province","labelLongitude":122.059,"labelLatitude":6.5,"minZoom":8},"geometry":{"type":"MultiPolygon","coordinates":[[[[122.049,6.74],[122.067,6.741],[122.075,6.74],[122.084,6.736],[122.098,6.722],[122.106,6.716],[122.116,6.711],[122.141,6.705],[122.153,6.705],[122.156,6.7],[122.161,6.691],[122.169,6.682],[122.18,6.677],[122.225,6.671],[122.235,6.666],[122.242,6.66],[122.246,6.655],[122.252,6.65],[122.263,6.645],[122.288,6.638],[122.297,6.633],[122.329,6.614],[122.335,6.603],[122.321,6.589],[122.301,6.582],[122.254,6.581],[122.235,6.571],[122.225,6.558],[122.216,6.544],[122.209,6.529],[122.204,6.513],[122.198,6.468],[122.189,6.451],[122.166,6.445],[122.144,6.443],[122.122,6.439],[122.058,6.414],[122.039,6.41],[121.995,6.41],[121.962,6.405],[121.958,6.407],[121.956,6.428],[121.954,6.437],[121.95,6.445],[121.88,6.503],[121.88,6.556],[121.875,6.575],[121.856,6.583],[121.833,6.585],[121.814,6.593],[121.807,6.619],[121.811,6.645],[121.822,6.661],[121.839,6.669],[121.92,6.676],[121.93,6.643],[121.949,6.639],[121.965,6.579],[122.099,6.587],[122.057,6.673],[122.049,6.716],[122.049,6.74]]],[[[121.629,6.657],[121.629,6.589],[121.623,6.568],[121.616,6.561],[121.61,6.57],[121.608,6.592],[121.602,6.605],[121.59,6.62],[121.583,6.632],[121.591,6.636],[121.599,6.646],[121.607,6.663],[121.617,6.672],[121.629,6.657]]]]}},{"type":"Feature","id":"PH-BCD","properties":{"id":"PH-BCD","countryCode":"PH","isoSubdivision":"PH-BCD","name":"Bacolod","name_en":"Bacolod","name_ko":"바콜로드","type":"Highly Urbanized City","labelLongitude":122.986,"labelLatitude":10.659,"minZoom":8},"geometry":{"type":"Polygon","coordinates":[[[122.92,10.618],[122.934,10.649],[122.935,10.658],[122.972,10.721],[122.976,10.742],[123.068,10.681],[123.025,10.593],[122.92,10.618]]]}},{"type":"Feature","id":"PH-BEN","properties":{"id":"PH-BEN","countryCode":"PH","isoSubdivision":"PH-BEN","name":"Benguet","name_en":"Benguet","name_ko":"벵게트","type":"Province","labelLongitude":120.689,"labelLatitude":16.545,"minZoom":8},"geometry":{"type":"MultiPolygon","coordinates":[[[[120.526,16.232],[120.504,16.284],[120.488,16.344],[120.472,16.464],[120.483,16.516],[120.514,16.566],[120.595,16.653],[120.619,16.694],[120.638,16.86],[120.662,16.896],[120.699,16.904],[120.739,16.905],[120.774,16.921],[120.791,16.897],[120.808,16.879],[120.851,16.846],[120.879,16.799],[120.889,16.73],[120.892,16.657],[120.903,16.597],[120.902,16.496],[120.906,16.461],[120.904,16.432],[120.891,16.39],[120.874,16.35],[120.857,16.325],[120.84,16.317],[120.815,16.319],[120.799,16.312],[120.777,16.291],[120.762,16.262],[120.755,16.231],[120.757,16.201],[120.699,16.189],[120.67,16.187],[120.642,16.192],[120.556,16.226],[120.526,16.232]],[[120.653,16.354],[120.645,16.432],[120.564,16.435],[120.585,16.359],[120.653,16.354]]],[[[120.564,16.435],[120.645,16.432],[120.653,16.354],[120.585,16.359],[120.564,16.435]]]]}},{"type":"Feature","id":"PH-BIL","properties":{"id":"PH-BIL","countryCode":"PH","isoSubdivision":"PH-BIL","name":"Biliran","name_en":"Biliran","name_ko":"빌리란","type":"Province","labelLongitude":124.487,"labelLatitude":11.591,"minZoom":8},"geometry":{"type":"Polygon","coordinates":[[[124.6,11.563],[124.621,11.554],[124.625,11.533],[124.616,11.498],[124.609,11.487],[124.592,11.482],[124.532,11.483],[124.507,11.489],[124.486,11.488],[124.484,11.48],[124.48,11.475],[124.473,11.474],[124.467,11.478],[124.464,11.484],[124.461,11.49],[124.459,11.494],[124.425,11.529],[124.413,11.546],[124.386,11.614],[124.381,11.637],[124.376,11.646],[124.355,11.671],[124.349,11.68],[124.369,11.679],[124.418,11.694],[124.431,11.695],[124.469,11.693],[124.496,11.695],[124.505,11.693],[124.523,11.686],[124.542,11.675],[124.556,11.66],[124.567,11.625],[124.592,11.574],[124.6,11.563]]]}},{"type":"Feature","id":"PH-BOH","properties":{"id":"PH-BOH","countryCode":"PH","isoSubdivision":"PH-BOH","name":"Bohol","name_en":"Bohol","name_ko":"보홀","type":"Province","labelLongitude":124.248,"labelLatitude":9.849,"minZoom":8},"geometry":{"type":"MultiPolygon","coordinates":[[[[124.565,9.871],[124.55,9.862],[124.57,9.841],[124.624,9.802],[124.599,9.75],[124.596,9.737],[124.585,9.732],[124.561,9.733],[124.535,9.736],[124.52,9.74],[124.517,9.749],[124.517,9.759],[124.514,9.767],[124.5,9.768],[124.493,9.763],[124.462,9.731],[124.453,9.726],[124.44,9.722],[124.429,9.715],[124.425,9.703],[124.424,9.69],[124.422,9.679],[124.417,9.669],[124.41,9.658],[124.382,9.637],[124.339,9.619],[124.294,9.607],[124.26,9.604],[124.221,9.606],[124.065,9.595],[123.938,9.617],[123.892,9.632],[123.872,9.645],[123.863,9.662],[123.867,9.684],[123.873,9.704],[123.874,9.721],[123.863,9.734],[123.845,9.737],[123.824,9.736],[123.808,9.74],[123.801,9.758],[123.803,9.781],[123.809,9.803],[123.828,9.843],[123.841,9.857],[123.876,9.887],[123.883,9.902],[123.886,9.915],[123.893,9.917],[123.907,9.912],[123.917,9.915],[123.922,9.923],[123.926,9.932],[123.931,9.939],[123.964,9.951],[124.01,9.962],[124.051,9.979],[124.069,10.012],[124.07,10.032],[124.075,10.048],[124.087,10.059],[124.116,10.065],[124.116,10.072],[124.114,10.081],[124.116,10.09],[124.124,10.097],[124.137,10.105],[124.143,10.11],[124.159,10.131],[124.167,10.137],[124.185,10.144],[124.223,10.152],[124.263,10.152],[124.331,10.162],[124.35,10.151],[124.356,10.11],[124.367,10.119],[124.382,10.144],[124.397,10.152],[124.4,10.138],[124.408,10.12],[124.419,10.107],[124.431,10.11],[124.476,10.07],[124.49,10.063],[124.52,10.064],[124.53,10.061],[124.548,10.049],[124.578,10.034],[124.589,10.024],[124.584,9.999],[124.584,9.981],[124.581,9.972],[124.569,9.987],[124.566,9.968],[124.566,9.953],[124.564,9.944],[124.556,9.926],[124.571,9.912],[124.584,9.894],[124.585,9.878],[124.565,9.871]]],[[[123.841,9.642],[123.861,9.63],[123.868,9.621],[123.862,9.609],[123.844,9.589],[123.805,9.56],[123.785,9.552],[123.765,9.55],[123.75,9.554],[123.738,9.579],[123.726,9.587],[123.727,9.591],[123.739,9.594],[123.748,9.599],[123.755,9.605],[123.766,9.614],[123.782,9.624],[123.821,9.64],[123.841,9.642]]],[[[124.607,10.14],[124.596,10.124],[124.595,10.109],[124.598,10.094],[124.589,10.086],[124.576,10.09],[124.561,10.086],[124.55,10.069],[124.54,10.061],[124.53,10.069],[124.525,10.079],[124.525,10.087],[124.523,10.098],[124.522,10.112],[124.528,10.117],[124.536,10.115],[124.542,10.116],[124.547,10.122],[124.552,10.127],[124.558,10.126],[124.567,10.128],[124.58,10.137],[124.586,10.142],[124.593,10.145],[124.606,10.148],[124.607,10.14]]]]}},{"type":"Feature","id":"PH-BTG","properties":{"id":"PH-BTG","countryCode":"PH","isoSubdivision":"PH-BTG","name":"Batangas","name_en":"Batangas","name_ko":"바탕가스","type":"Province","labelLongitude":121.076,"labelLatitude":13.927,"minZoom":8},"geometry":{"type":"MultiPolygon","coordinates":[[[[121.455,13.819],[121.433,13.796],[121.441,13.726],[121.436,13.701],[121.446,13.701],[121.452,13.699],[121.464,13.695],[121.434,13.664],[121.43,13.657],[121.389,13.667],[121.375,13.667],[121.356,13.657],[121.298,13.615],[121.279,13.595],[121.264,13.6],[121.249,13.609],[121.245,13.612],[121.218,13.623],[121.205,13.626],[121.187,13.627],[121.178,13.629],[121.169,13.635],[121.159,13.639],[121.143,13.64],[121.11,13.633],[121.094,13.627],[121.08,13.619],[121.07,13.623],[121.048,13.627],[121.039,13.633],[121.034,13.642],[121.037,13.647],[121.043,13.653],[121.046,13.664],[121.049,13.688],[121.053,13.706],[121.053,13.722],[121.04,13.759],[121.036,13.763],[121.016,13.775],[121.004,13.781],[120.991,13.784],[120.981,13.78],[120.903,13.693],[120.895,13.688],[120.887,13.694],[120.882,13.705],[120.881,13.717],[120.885,13.722],[120.893,13.727],[120.898,13.739],[120.902,13.75],[120.906,13.756],[120.919,13.757],[120.926,13.762],[120.929,13.77],[120.929,13.784],[120.913,13.8],[120.909,13.805],[120.909,13.816],[120.914,13.837],[120.915,13.849],[120.915,13.865],[120.912,13.882],[120.906,13.896],[120.895,13.906],[120.877,13.912],[120.787,13.923],[120.746,13.934],[120.724,13.934],[120.705,13.927],[120.697,13.914],[120.701,13.896],[120.714,13.876],[120.723,13.855],[120.703,13.852],[120.662,13.859],[120.653,13.846],[120.656,13.827],[120.665,13.807],[120.67,13.787],[120.663,13.775],[120.65,13.784],[120.628,13.811],[120.62,13.847],[120.618,13.932],[120.601,13.969],[120.617,13.972],[120.629,13.981],[120.635,13.992],[120.632,13.996],[120.62,14.003],[120.617,14.018],[120.622,14.077],[120.619,14.104],[120.608,14.125],[120.58,14.133],[120.58,14.14],[120.596,14.148],[120.597,14.157],[120.589,14.166],[120.573,14.175],[120.583,14.174],[120.59,14.176],[120.601,14.181],[120.601,14.188],[120.587,14.2],[120.596,14.218],[120.597,14.219],[120.611,14.21],[120.623,14.21],[120.634,14.214],[120.651,14.216],[120.664,14.212],[120.678,14.204],[120.687,14.192],[120.686,14.179],[120.687,14.17],[120.694,14.158],[120.705,14.147],[120.718,14.14],[120.727,14.137],[120.745,14.135],[120.753,14.133],[120.763,14.128],[120.78,14.115],[120.788,14.11],[120.795,14.109],[120.81,14.111],[120.815,14.11],[120.844,14.087],[120.861,14.078],[120.869,14.076],[120.898,14.079],[120.934,14.087],[120.983,14.105],[121.024,14.127],[121.033,14.144],[121.073,14.15],[121.13,14.149],[121.181,14.139],[121.205,14.112],[121.224,14.006],[121.234,13.995],[121.251,13.992],[121.264,13.985],[121.264,13.962],[121.273,13.948],[121.297,13.933],[121.306,13.922],[121.313,13.907],[121.32,13.898],[121.342,13.884],[121.396,13.842],[121.41,13.837],[121.425,13.837],[121.439,13.832],[121.451,13.824],[121.455,13.819]]],[[[121.089,13.53],[121.072,13.536],[121.043,13.561],[121.043,13.568],[121.051,13.568],[121.058,13.565],[121.067,13.567],[121.077,13.572],[121.086,13.571],[121.091,13.562],[121.094,13.537],[121.089,13.53]]],[[[120.91,13.659],[120.927,13.658],[120.936,13.652],[120.935,13.638],[120.923,13.629],[120.91,13.628],[120.875,13.635],[120.841,13.656],[120.837,13.661],[120.827,13.684],[120.826,13.688],[120.828,13.69],[120.839,13.677],[120.846,13.672],[120.882,13.659],[120.91,13.659]]]]}},{"type":"Feature","id":"PH-BTN","properties":{"id":"PH-BTN","countryCode":"PH","isoSubdivision":"PH-BTN","name":"Batanes","name_en":"Batanes","name_ko":"바타네스","type":"Province","labelLongitude":121.951,"labelLatitude":21.116,"minZoom":8},"geometry":{"type":"MultiPolygon","coordinates":[[[[121.842,20.346],[121.859,20.347],[121.879,20.333],[121.893,20.314],[121.892,20.297],[121.869,20.276],[121.862,20.274],[121.851,20.273],[121.839,20.321],[121.838,20.334],[121.838,20.341],[121.842,20.346]]],[[[122.01,20.488],[122.019,20.486],[122.028,20.481],[122.033,20.473],[122.032,20.464],[122.027,20.456],[121.991,20.432],[121.969,20.413],[121.964,20.407],[121.966,20.394],[121.971,20.386],[121.974,20.379],[121.971,20.368],[121.958,20.355],[121.939,20.349],[121.922,20.354],[121.916,20.376],[121.922,20.393],[121.964,20.452],[121.966,20.461],[121.98,20.473],[121.998,20.484],[122.01,20.488]]],[[[121.877,20.77],[121.868,20.744],[121.852,20.719],[121.83,20.699],[121.803,20.691],[121.786,20.703],[121.791,20.73],[121.805,20.759],[121.824,20.787],[121.838,20.82],[121.846,20.831],[121.856,20.838],[121.866,20.838],[121.875,20.828],[121.879,20.814],[121.881,20.799],[121.88,20.784],[121.877,20.77]]],[[[121.937,21.066],[121.93,21.065],[121.935,21.073],[121.937,21.066]]],[[[121.947,21.116],[121.951,21.122],[121.954,21.118],[121.949,21.107],[121.947,21.116]]]]}},{"type":"Feature","id":"PH-BUK","properties":{"id":"PH-BUK","countryCode":"PH","isoSubdivision":"PH-BUK","name":"Bukidnon","name_en":"Bukidnon","name_ko":"부키드논","type":"Province","labelLongitude":125.002,"labelLatitude":7.995,"minZoom":8},"geometry":{"type":"Polygon","coordinates":[[[125.231,8.592],[125.321,8.59],[125.304,8.442],[125.314,8.394],[125.312,8.358],[125.314,8.323],[125.326,8.287],[125.332,8.266],[125.33,8.249],[125.326,8.232],[125.324,8.213],[125.329,8.19],[125.352,8.147],[125.36,8.124],[125.365,8.027],[125.374,7.998],[125.411,7.915],[125.419,7.886],[125.423,7.852],[125.427,7.838],[125.441,7.805],[125.443,7.792],[125.444,7.779],[125.441,7.739],[125.435,7.708],[125.422,7.681],[125.4,7.667],[125.389,7.667],[125.361,7.675],[125.348,7.678],[125.337,7.677],[125.327,7.674],[125.317,7.674],[125.304,7.678],[125.305,7.655],[125.3,7.637],[125.294,7.619],[125.289,7.596],[125.286,7.588],[125.281,7.583],[125.274,7.58],[125.266,7.578],[125.266,7.579],[125.258,7.58],[125.236,7.585],[125.23,7.585],[125.226,7.583],[125.223,7.578],[125.222,7.574],[125.219,7.571],[125.211,7.567],[125.203,7.565],[125.202,7.567],[125.202,7.566],[125.158,7.515],[125.138,7.5],[125.121,7.491],[125.088,7.48],[125.076,7.471],[125.071,7.462],[125.067,7.436],[125.06,7.425],[125.048,7.421],[125.036,7.417],[125.034,7.413],[125.012,7.407],[125.006,7.401],[125.001,7.394],[124.994,7.39],[124.982,7.392],[124.966,7.403],[124.953,7.419],[124.933,7.426],[124.925,7.428],[124.917,7.426],[124.91,7.417],[124.899,7.41],[124.89,7.416],[124.882,7.428],[124.878,7.437],[124.875,7.448],[124.873,7.486],[124.867,7.511],[124.862,7.524],[124.856,7.535],[124.846,7.545],[124.836,7.551],[124.827,7.559],[124.818,7.572],[124.815,7.581],[124.812,7.601],[124.809,7.611],[124.804,7.619],[124.798,7.626],[124.791,7.632],[124.77,7.645],[124.766,7.651],[124.764,7.659],[124.758,7.669],[124.746,7.687],[124.743,7.694],[124.738,7.721],[124.705,7.776],[124.661,7.831],[124.655,7.835],[124.638,7.84],[124.631,7.846],[124.627,7.855],[124.626,7.866],[124.625,7.875],[124.623,7.883],[124.604,7.91],[124.604,7.922],[124.614,7.929],[124.623,7.934],[124.637,7.935],[124.654,7.932],[124.667,7.938],[124.671,7.96],[124.666,7.973],[124.655,7.986],[124.63,8.007],[124.616,8.037],[124.572,8.088],[124.56,8.119],[124.56,8.137],[124.571,8.169],[124.574,8.186],[124.573,8.196],[124.569,8.209],[124.568,8.222],[124.572,8.237],[124.59,8.281],[124.62,8.413],[124.62,8.414],[124.785,8.403],[124.821,8.412],[124.829,8.432],[124.826,8.516],[124.833,8.534],[124.846,8.552],[124.862,8.568],[124.877,8.581],[124.903,8.593],[124.93,8.596],[125.231,8.592]]]}},{"type":"Feature","id":"PH-BUL","properties":{"id":"PH-BUL","countryCode":"PH","isoSubdivision":"PH-BUL","name":"Bulacan","name_en":"Bulacan","name_ko":"불라칸","type":"Province","labelLongitude":121.003,"labelLatitude":14.96,"minZoom":8},"geometry":{"type":"Polygon","coordinates":[[[120.916,14.694],[120.907,14.707],[120.902,14.719],[120.894,14.725],[120.847,14.744],[120.844,14.749],[120.843,14.756],[120.841,14.761],[120.83,14.764],[120.732,14.767],[120.67,14.777],[120.664,14.779],[120.667,14.783],[120.673,14.789],[120.678,14.795],[120.718,14.881],[120.727,14.894],[120.756,14.912],[120.83,14.937],[120.853,14.961],[120.859,14.969],[120.876,14.978],[120.884,14.985],[120.886,14.992],[120.882,14.998],[120.878,15.002],[120.875,15.003],[120.882,15.007],[120.899,15.011],[120.905,15.015],[120.913,15.029],[120.941,15.11],[120.942,15.127],[120.939,15.143],[120.935,15.148],[120.924,15.159],[120.92,15.167],[120.92,15.18],[120.925,15.194],[120.938,15.221],[121.076,15.257],[121.118,15.26],[121.164,15.245],[121.252,15.183],[121.303,15.181],[121.31,15.153],[121.309,15.134],[121.293,15.091],[121.294,15.074],[121.304,15.059],[121.33,15.032],[121.337,14.998],[121.342,14.889],[121.308,14.89],[121.287,14.872],[121.268,14.849],[121.243,14.834],[121.206,14.826],[121.187,14.799],[121.167,14.775],[121.154,14.758],[121.129,14.761],[121.123,14.754],[121.116,14.753],[121.108,14.752],[121.058,14.767],[121.04,14.764],[121.031,14.749],[121.009,14.739],[120.998,14.735],[120.99,14.716],[120.967,14.707],[120.953,14.721],[120.932,14.721],[120.953,14.689],[120.955,14.679],[120.934,14.693],[120.922,14.702],[120.916,14.694]]]}},{"type":"Feature","id":"PH-CAG","properties":{"id":"PH-CAG","countryCode":"PH","isoSubdivision":"PH-CAG","name":"Cagayan","name_en":"Cagayan","name_ko":"카가얀","type":"Province","labelLongitude":121.641,"labelLatitude":17.924,"minZoom":8},"geometry":{"type":"MultiPolygon","coordinates":[[[[120.995,18.606],[121.018,18.617],[121.033,18.622],[121.042,18.622],[121.063,18.621],[121.073,18.622],[121.083,18.628],[121.095,18.637],[121.107,18.643],[121.118,18.639],[121.126,18.634],[121.137,18.631],[121.159,18.629],[121.171,18.625],[121.177,18.618],[121.183,18.609],[121.19,18.601],[121.24,18.578],[121.266,18.555],[121.364,18.506],[121.378,18.495],[121.392,18.486],[121.424,18.477],[121.498,18.429],[121.506,18.427],[121.52,18.425],[121.526,18.423],[121.533,18.416],[121.539,18.407],[121.547,18.399],[121.592,18.385],[121.613,18.359],[121.63,18.332],[121.65,18.314],[121.65,18.32],[121.635,18.335],[121.635,18.355],[121.645,18.369],[121.66,18.365],[121.673,18.355],[121.853,18.288],[121.896,18.279],[121.917,18.279],[121.975,18.286],[121.987,18.29],[122.04,18.32],[122.079,18.379],[122.091,18.389],[122.112,18.393],[122.119,18.403],[122.122,18.437],[122.146,18.507],[122.153,18.519],[122.199,18.523],[122.22,18.522],[122.235,18.515],[122.243,18.5],[122.247,18.46],[122.252,18.443],[122.261,18.432],[122.288,18.409],[122.297,18.404],[122.317,18.377],[122.325,18.337],[122.32,18.293],[122.307,18.251],[122.289,18.218],[122.263,18.186],[122.247,18.172],[122.214,18.15],[122.18,18.121],[122.174,18.113],[122.17,18.1],[122.169,18.088],[122.172,18.079],[122.176,18.072],[122.177,18.063],[122.177,18.029],[122.183,17.996],[122.183,17.984],[122.14,17.798],[122.14,17.788],[122.143,17.765],[122.142,17.757],[122.136,17.744],[122.136,17.737],[122.14,17.73],[122.153,17.716],[122.156,17.707],[122.157,17.619],[122.163,17.593],[122.185,17.541],[121.888,17.543],[121.87,17.54],[121.837,17.527],[121.821,17.524],[121.703,17.524],[121.653,17.518],[121.638,17.529],[121.622,17.538],[121.605,17.546],[121.588,17.552],[121.566,17.563],[121.549,17.58],[121.519,17.619],[121.448,17.691],[121.429,17.718],[121.421,17.735],[121.409,17.773],[121.401,17.788],[121.387,17.801],[121.374,17.804],[121.361,17.803],[121.341,17.807],[121.319,17.823],[121.318,17.843],[121.332,17.863],[121.351,17.881],[121.359,17.895],[121.376,17.941],[121.462,18.098],[121.476,18.14],[121.485,18.186],[121.487,18.232],[121.479,18.27],[121.457,18.302],[121.279,18.411],[121.228,18.435],[121.125,18.467],[121.1,18.485],[121.094,18.5],[121.091,18.517],[121.087,18.53],[121.073,18.536],[121.059,18.532],[121.05,18.52],[121.043,18.507],[121.033,18.497],[121.014,18.483],[120.999,18.468],[120.983,18.456],[120.957,18.447],[120.973,18.554],[120.983,18.59],[120.995,18.606]]],[[[121.388,18.903],[121.417,18.908],[121.43,18.906],[121.444,18.895],[121.451,18.888],[121.458,18.884],[121.467,18.882],[121.478,18.882],[121.454,18.866],[121.431,18.856],[121.407,18.851],[121.319,18.843],[121.295,18.847],[121.279,18.862],[121.275,18.876],[121.28,18.881],[121.3,18.882],[121.353,18.899],[121.388,18.903]]],[[[121.971,18.985],[121.984,18.975],[121.991,18.961],[121.989,18.949],[121.963,18.939],[121.942,18.91],[121.93,18.895],[121.895,18.868],[121.881,18.85],[121.875,18.83],[121.866,18.822],[121.847,18.824],[121.834,18.834],[121.841,18.848],[121.841,18.868],[121.862,18.884],[121.875,18.901],[121.854,18.923],[121.864,18.935],[121.872,18.951],[121.875,18.965],[121.872,18.971],[121.879,18.975],[121.893,18.996],[121.902,19.005],[121.908,19.005],[121.915,19.001],[121.921,18.998],[121.924,19.002],[121.927,19.004],[121.942,19.011],[121.947,19.012],[121.956,19.009],[121.961,19.001],[121.965,18.992],[121.971,18.985]]],[[[121.211,19.177],[121.22,19.172],[121.226,19.166],[121.23,19.159],[121.239,19.118],[121.252,19.081],[121.259,19.046],[121.245,19.018],[121.209,19.05],[121.197,19.065],[121.19,19.087],[121.192,19.112],[121.208,19.154],[121.211,19.177]]],[[[121.526,19.321],[121.538,19.307],[121.54,19.303],[121.541,19.3],[121.543,19.296],[121.546,19.29],[121.547,19.283],[121.543,19.279],[121.535,19.279],[121.526,19.28],[121.519,19.279],[121.513,19.274],[121.51,19.268],[121.507,19.262],[121.498,19.259],[121.471,19.269],[121.465,19.275],[121.426,19.297],[121.421,19.298],[121.414,19.298],[121.406,19.299],[121.399,19.303],[121.394,19.311],[121.382,19.334],[121.35,19.37],[121.351,19.376],[121.368,19.378],[121.379,19.384],[121.396,19.403],[121.452,19.384],[121.471,19.382],[121.489,19.386],[121.504,19.392],[121.517,19.394],[121.526,19.382],[121.526,19.335],[121.525,19.331],[121.525,19.328],[121.526,19.321]]],[[[121.977,19.577],[121.983,19.575],[121.991,19.571],[121.998,19.565],[121.998,19.56],[121.992,19.548],[121.987,19.513],[121.978,19.499],[121.961,19.492],[121.947,19.497],[121.924,19.519],[121.906,19.53],[121.898,19.537],[121.896,19.547],[121.897,19.557],[121.9,19.559],[121.906,19.559],[121.927,19.563],[121.942,19.56],[121.95,19.56],[121.957,19.564],[121.969,19.575],[121.977,19.577]]]]}},{"type":"Feature","id":"PH-CAM","properties":{"id":"PH-CAM","countryCode":"PH","isoSubdivision":"PH-CAM","name":"Camiguin","name_en":"Camiguin","name_ko":"카미긴","type":"Province","labelLongitude":124.722,"labelLatitude":9.174,"minZoom":8},"geometry":{"type":"Polygon","coordinates":[[[124.784,9.2],[124.793,9.193],[124.803,9.176],[124.808,9.157],[124.801,9.129],[124.803,9.112],[124.801,9.096],[124.788,9.083],[124.779,9.079],[124.77,9.077],[124.763,9.079],[124.757,9.093],[124.75,9.094],[124.741,9.094],[124.733,9.096],[124.672,9.125],[124.647,9.149],[124.636,9.182],[124.647,9.219],[124.673,9.242],[124.709,9.25],[124.746,9.239],[124.763,9.214],[124.772,9.204],[124.784,9.2]]]}},{"type":"Feature","id":"PH-CAN","properties":{"id":"PH-CAN","countryCode":"PH","isoSubdivision":"PH-CAN","name":"Camarines Norte","name_en":"Camarines Norte","name_ko":"북카마리네스","type":"Province","labelLongitude":122.699,"labelLatitude":14.194,"minZoom":8},"geometry":{"type":"Polygon","coordinates":[[[122.31,14.096],[122.319,14.1],[122.335,14.113],[122.346,14.131],[122.348,14.154],[122.344,14.161],[122.33,14.181],[122.327,14.188],[122.331,14.2],[122.338,14.208],[122.344,14.207],[122.348,14.195],[122.355,14.195],[122.357,14.205],[122.356,14.212],[122.353,14.218],[122.348,14.222],[122.367,14.222],[122.377,14.229],[122.377,14.24],[122.365,14.253],[122.366,14.261],[122.381,14.293],[122.389,14.305],[122.395,14.291],[122.404,14.295],[122.412,14.309],[122.416,14.325],[122.431,14.318],[122.445,14.325],[122.458,14.337],[122.471,14.346],[122.483,14.347],[122.495,14.341],[122.519,14.325],[122.515,14.33],[122.505,14.346],[122.528,14.349],[122.575,14.329],[122.601,14.325],[122.599,14.311],[122.605,14.301],[122.614,14.3],[122.622,14.311],[122.626,14.297],[122.635,14.286],[122.644,14.285],[122.65,14.298],[122.678,14.295],[122.691,14.291],[122.674,14.316],[122.671,14.339],[122.68,14.351],[122.698,14.338],[122.704,14.346],[122.712,14.33],[122.722,14.316],[122.735,14.314],[122.753,14.332],[122.757,14.326],[122.763,14.321],[122.769,14.319],[122.784,14.317],[122.785,14.314],[122.784,14.31],[122.787,14.305],[122.803,14.287],[122.81,14.284],[122.825,14.284],[122.853,14.279],[122.873,14.265],[122.904,14.229],[122.905,14.224],[122.903,14.217],[122.903,14.211],[122.907,14.209],[122.92,14.208],[122.925,14.206],[122.931,14.202],[122.954,14.168],[122.966,14.159],[123.003,14.119],[123.012,14.106],[123.022,14.111],[123.033,14.108],[123.042,14.098],[123.047,14.085],[123.044,14.07],[123.036,14.057],[123.031,14.043],[123.033,14.023],[123.054,14.003],[123.078,13.988],[123.082,13.989],[123.084,13.974],[123.082,13.928],[123.088,13.901],[123.088,13.893],[123.082,13.884],[123.075,13.882],[123.068,13.88],[123.061,13.873],[123.056,13.861],[123.049,13.822],[123.042,13.828],[123.031,13.843],[123.012,13.877],[122.997,13.895],[122.947,13.939],[122.937,13.95],[122.931,13.959],[122.924,13.965],[122.909,13.97],[122.816,13.994],[122.48,14.151],[122.46,14.154],[122.436,14.148],[122.42,14.139],[122.405,14.127],[122.377,14.1],[122.357,14.088],[122.33,14.078],[122.309,14.08],[122.31,14.096]]]}},{"type":"Feature","id":"PH-CAP","properties":{"id":"PH-CAP","countryCode":"PH","isoSubdivision":"PH-CAP","name":"Capiz","name_en":"Capiz","name_ko":"카피스","type":"Province","labelLongitude":122.633,"labelLatitude":11.367,"minZoom":8},"geometry":{"type":"Polygon","coordinates":[[[122.592,11.554],[122.595,11.549],[122.598,11.532],[122.604,11.517],[122.622,11.509],[122.628,11.51],[122.641,11.52],[122.654,11.526],[122.654,11.534],[122.651,11.544],[122.65,11.55],[122.654,11.566],[122.66,11.569],[122.674,11.56],[122.686,11.546],[122.693,11.542],[122.704,11.543],[122.694,11.555],[122.696,11.561],[122.703,11.565],[122.711,11.57],[122.731,11.592],[122.733,11.601],[122.73,11.604],[122.728,11.608],[122.725,11.612],[122.755,11.614],[122.794,11.612],[122.83,11.605],[122.855,11.591],[122.863,11.576],[122.869,11.56],[122.875,11.548],[122.886,11.543],[122.9,11.541],[122.945,11.522],[122.894,11.487],[122.876,11.466],[122.876,11.447],[122.901,11.438],[122.928,11.451],[122.955,11.471],[122.982,11.481],[123.008,11.487],[123.044,11.516],[123.09,11.53],[123.086,11.528],[123.066,11.484],[123.043,11.451],[123.041,11.409],[123.032,11.394],[123.004,11.371],[122.99,11.362],[122.97,11.358],[122.951,11.351],[122.945,11.334],[122.948,11.315],[122.956,11.298],[122.918,11.29],[122.901,11.284],[122.887,11.27],[122.885,11.261],[122.887,11.229],[122.886,11.214],[122.878,11.198],[122.862,11.193],[122.844,11.195],[122.827,11.201],[122.821,11.201],[122.791,11.188],[122.782,11.216],[122.745,11.219],[122.67,11.209],[122.641,11.218],[122.614,11.229],[122.587,11.236],[122.561,11.232],[122.558,11.215],[122.551,11.203],[122.538,11.193],[122.522,11.186],[122.505,11.184],[122.49,11.186],[122.475,11.19],[122.457,11.193],[122.443,11.192],[122.416,11.187],[122.403,11.19],[122.343,11.216],[122.315,11.216],[122.288,11.202],[122.24,11.157],[122.221,11.172],[122.208,11.187],[122.198,11.204],[122.191,11.227],[122.19,11.251],[122.191,11.277],[122.189,11.301],[122.18,11.321],[122.218,11.321],[122.257,11.326],[122.332,11.344],[122.358,11.368],[122.37,11.408],[122.376,11.445],[122.384,11.461],[122.451,11.454],[122.488,11.455],[122.514,11.462],[122.521,11.471],[122.532,11.496],[122.542,11.505],[122.558,11.513],[122.569,11.521],[122.578,11.532],[122.585,11.547],[122.592,11.554]]]}},{"type":"Feature","id":"PH-CAS","properties":{"id":"PH-CAS","countryCode":"PH","isoSubdivision":"PH-CAS","name":"Camarines Sur","name_en":"Camarines Sur","name_ko":"남카마리네스","type":"Province","labelLongitude":123.365,"labelLatitude":13.673,"minZoom":8},"geometry":{"type":"MultiPolygon","coordinates":[[[[123.049,13.822],[123.047,13.811],[123.05,13.776],[123.067,13.756],[123.089,13.742],[123.108,13.722],[123.116,13.722],[123.137,13.733],[123.161,13.734],[123.215,13.729],[123.225,13.731],[123.256,13.743],[123.267,13.749],[123.302,13.789],[123.307,13.801],[123.31,13.808],[123.313,13.814],[123.315,13.821],[123.308,13.833],[123.297,13.87],[123.281,13.892],[123.28,13.906],[123.313,13.93],[123.318,13.934],[123.326,13.94],[123.331,13.953],[123.335,13.969],[123.335,13.982],[123.325,13.972],[123.313,13.941],[123.304,13.934],[123.29,13.935],[123.281,13.936],[123.235,13.964],[123.223,13.976],[123.218,13.993],[123.228,14],[123.245,14.007],[123.254,14.014],[123.239,14.023],[123.259,14.031],[123.262,14.042],[123.252,14.068],[123.261,14.073],[123.282,14.066],[123.314,14.051],[123.314,14.057],[123.31,14.06],[123.301,14.072],[123.33,14.07],[123.335,14.072],[123.335,14.079],[123.327,14.096],[123.332,14.1],[123.345,14.094],[123.353,14.079],[123.362,14.044],[123.345,14.04],[123.342,14.028],[123.346,14.016],[123.352,14.013],[123.37,14.03],[123.379,14.035],[123.39,14.037],[123.385,14.031],[123.376,14.01],[123.386,14.014],[123.39,14.016],[123.396,14.01],[123.392,13.992],[123.412,13.964],[123.404,13.949],[123.411,13.939],[123.415,13.929],[123.417,13.918],[123.417,13.906],[123.424,13.906],[123.429,13.919],[123.437,13.929],[123.444,13.941],[123.445,13.962],[123.465,13.956],[123.478,13.951],[123.486,13.94],[123.493,13.921],[123.539,13.925],[123.613,13.897],[123.681,13.885],[123.712,13.934],[123.734,13.897],[123.765,13.864],[123.804,13.838],[123.876,13.807],[123.879,13.804],[123.88,13.801],[123.883,13.798],[123.895,13.794],[123.919,13.794],[123.931,13.79],[123.938,13.784],[123.952,13.756],[123.969,13.74],[123.973,13.729],[123.966,13.715],[123.949,13.728],[123.943,13.735],[123.938,13.743],[123.931,13.743],[123.93,13.738],[123.925,13.729],[123.91,13.736],[123.893,13.74],[123.859,13.743],[123.85,13.734],[123.836,13.715],[123.818,13.696],[123.797,13.688],[123.779,13.692],[123.743,13.71],[123.688,13.719],[123.667,13.718],[123.657,13.712],[123.648,13.704],[123.627,13.711],[123.604,13.723],[123.588,13.729],[123.57,13.723],[123.56,13.71],[123.528,13.627],[123.527,13.606],[123.535,13.604],[123.539,13.601],[123.537,13.595],[123.534,13.591],[123.533,13.586],[123.533,13.575],[123.536,13.563],[123.543,13.56],[123.552,13.564],[123.561,13.571],[123.594,13.529],[123.585,13.53],[123.566,13.527],[123.551,13.52],[123.545,13.505],[123.55,13.493],[123.561,13.485],[123.574,13.478],[123.584,13.468],[123.592,13.445],[123.595,13.422],[123.59,13.398],[123.579,13.378],[123.565,13.366],[123.553,13.365],[123.541,13.37],[123.499,13.38],[123.495,13.378],[123.492,13.373],[123.489,13.367],[123.483,13.365],[123.464,13.37],[123.456,13.378],[123.447,13.378],[123.3,13.25],[123.292,13.245],[123.284,13.254],[123.247,13.279],[123.232,13.298],[123.228,13.306],[123.222,13.322],[123.218,13.331],[123.191,13.359],[123.197,13.387],[123.188,13.42],[123.169,13.449],[123.146,13.461],[123.118,13.469],[123.065,13.502],[123.037,13.509],[123.02,13.511],[122.997,13.521],[122.982,13.523],[122.972,13.528],[122.948,13.55],[122.886,13.593],[122.873,13.599],[122.859,13.606],[122.829,13.642],[122.815,13.654],[122.863,13.695],[122.814,13.748],[122.789,13.769],[122.759,13.784],[122.759,13.777],[122.753,13.784],[122.759,13.79],[122.771,13.791],[122.767,13.8],[122.753,13.81],[122.739,13.818],[122.7,13.826],[122.691,13.832],[122.679,13.821],[122.666,13.819],[122.653,13.826],[122.643,13.839],[122.645,13.843],[122.652,13.848],[122.657,13.854],[122.653,13.862],[122.623,13.892],[122.61,13.899],[122.597,13.904],[122.584,13.906],[122.58,13.913],[122.578,13.926],[122.572,13.935],[122.56,13.928],[122.558,13.933],[122.561,13.937],[122.615,13.964],[122.755,13.979],[122.816,13.994],[122.909,13.97],[122.924,13.965],[122.931,13.959],[122.937,13.95],[122.947,13.939],[122.997,13.895],[123.012,13.877],[123.031,13.843],[123.042,13.828],[123.049,13.822]],[[123.234,13.569],[123.368,13.62],[123.293,13.663],[123.226,13.648],[123.14,13.62],[123.234,13.569]]],[[[123.664,13.965],[123.669,13.964],[123.675,13.952],[123.668,13.939],[123.62,13.909],[123.616,13.912],[123.613,13.915],[123.61,13.916],[123.607,13.916],[123.603,13.917],[123.6,13.924],[123.6,13.934],[123.596,13.942],[123.595,13.947],[123.603,13.96],[123.606,13.961],[123.606,13.955],[123.608,13.952],[123.613,13.953],[123.616,13.951],[123.619,13.946],[123.62,13.948],[123.621,13.956],[123.625,13.96],[123.631,13.96],[123.636,13.963],[123.641,13.963],[123.646,13.96],[123.648,13.957],[123.65,13.953],[123.653,13.953],[123.652,13.959],[123.651,13.963],[123.645,13.972],[123.643,13.971],[123.639,13.971],[123.637,13.975],[123.638,13.981],[123.642,13.982],[123.652,13.976],[123.659,13.968],[123.664,13.965]]],[[[123.293,13.663],[123.368,13.62],[123.234,13.569],[123.14,13.62],[123.226,13.648],[123.293,13.663]]]]}},{"type":"Feature","id":"PH-CAT","properties":{"id":"PH-CAT","countryCode":"PH","isoSubdivision":"PH-CAT","name":"Catanduanes","name_en":"Catanduanes","name_ko":"카탄두아네스","type":"Province","labelLongitude":124.222,"labelLatitude":13.831,"minZoom":8},"geometry":{"type":"Polygon","coordinates":[[[124.418,13.873],[124.418,13.865],[124.403,13.857],[124.39,13.846],[124.404,13.839],[124.41,13.826],[124.413,13.812],[124.418,13.798],[124.399,13.79],[124.39,13.79],[124.397,13.78],[124.399,13.771],[124.396,13.742],[124.391,13.722],[124.39,13.712],[124.407,13.684],[124.409,13.667],[124.387,13.66],[124.366,13.661],[124.355,13.66],[124.351,13.652],[124.349,13.633],[124.333,13.572],[124.335,13.558],[124.32,13.568],[124.306,13.589],[124.293,13.604],[124.281,13.599],[124.268,13.602],[124.252,13.599],[124.235,13.592],[124.223,13.582],[124.215,13.568],[124.208,13.548],[124.199,13.53],[124.188,13.523],[124.17,13.53],[124.116,13.578],[124.086,13.6],[124.069,13.606],[124.047,13.606],[124.051,13.62],[124.048,13.633],[124.04,13.646],[124.03,13.657],[124.026,13.67],[124.036,13.681],[124.062,13.695],[124.087,13.716],[124.107,13.745],[124.122,13.78],[124.129,13.818],[124.121,13.876],[124.126,13.89],[124.136,13.907],[124.135,13.925],[124.12,13.964],[124.116,13.981],[124.116,13.989],[124.121,13.994],[124.13,14.002],[124.136,14.011],[124.133,14.02],[124.125,14.034],[124.125,14.049],[124.13,14.065],[124.137,14.078],[124.15,14.062],[124.164,14.066],[124.185,14.085],[124.194,14.09],[124.201,14.092],[124.208,14.091],[124.216,14.086],[124.236,14.068],[124.253,14.047],[124.266,14.023],[124.274,13.996],[124.277,13.956],[124.287,13.953],[124.295,13.946],[124.308,13.928],[124.301,13.921],[124.305,13.914],[124.307,13.911],[124.308,13.906],[124.315,13.906],[124.33,13.933],[124.358,13.921],[124.418,13.873]]]}},{"type":"Feature","id":"PH-CAV","properties":{"id":"PH-CAV","countryCode":"PH","isoSubdivision":"PH-CAV","name":"Cavite","name_en":"Cavite","name_ko":"카비테","type":"Province","labelLongitude":120.836,"labelLatitude":14.256,"minZoom":8},"geometry":{"type":"Polygon","coordinates":[[[120.597,14.219],[120.612,14.237],[120.621,14.253],[120.627,14.27],[120.643,14.277],[120.683,14.284],[120.698,14.289],[120.713,14.299],[120.725,14.31],[120.73,14.321],[120.736,14.327],[120.76,14.337],[120.768,14.342],[120.79,14.375],[120.878,14.459],[120.886,14.462],[120.897,14.463],[120.919,14.462],[120.926,14.465],[120.943,14.483],[120.961,14.495],[120.973,14.477],[120.976,14.449],[120.988,14.441],[121.013,14.401],[121.014,14.397],[121.017,14.387],[121.015,14.359],[121.014,14.336],[121.015,14.328],[121.025,14.323],[121.036,14.325],[121.049,14.328],[121.062,14.327],[121.075,14.316],[121.07,14.299],[121.057,14.28],[121.047,14.258],[121.058,14.241],[121.029,14.172],[121.033,14.144],[121.024,14.127],[120.983,14.105],[120.934,14.087],[120.898,14.079],[120.869,14.076],[120.861,14.078],[120.844,14.087],[120.815,14.11],[120.81,14.111],[120.795,14.109],[120.788,14.11],[120.78,14.115],[120.763,14.128],[120.753,14.133],[120.745,14.135],[120.727,14.137],[120.718,14.14],[120.705,14.147],[120.694,14.158],[120.687,14.17],[120.686,14.179],[120.687,14.192],[120.678,14.204],[120.664,14.212],[120.651,14.216],[120.634,14.214],[120.623,14.21],[120.611,14.21],[120.597,14.219]]]}},{"type":"Feature","id":"PH-CEB","properties":{"id":"PH-CEB","countryCode":"PH","isoSubdivision":"PH-CEB","name":"Cebu","name_en":"Cebu","name_ko":"세부","type":"Highly Urbanized City","labelLongitude":123.899,"labelLatitude":10.302,"minZoom":8},"geometry":{"type":"MultiPolygon","coordinates":[[[[123.934,10.309],[123.906,10.295],[123.89,10.282],[123.869,10.248],[123.848,10.311],[123.837,10.354],[123.873,10.409],[123.907,10.436],[123.935,10.401],[123.914,10.346],[123.934,10.309]]],[[[123.869,10.248],[123.857,10.242],[123.832,10.241],[123.808,10.237],[123.794,10.226],[123.774,10.2],[123.719,10.157],[123.712,10.141],[123.71,10.121],[123.705,10.105],[123.696,10.094],[123.684,10.084],[123.676,10.079],[123.663,10.075],[123.657,10.069],[123.653,10.064],[123.648,10.056],[123.645,10.047],[123.643,10.039],[123.643,9.96],[123.631,9.908],[123.629,9.888],[123.625,9.879],[123.615,9.874],[123.606,9.871],[123.602,9.868],[123.509,9.654],[123.503,9.615],[123.488,9.566],[123.48,9.549],[123.471,9.539],[123.453,9.528],[123.445,9.521],[123.436,9.51],[123.423,9.488],[123.37,9.426],[123.359,9.416],[123.342,9.407],[123.328,9.408],[123.321,9.429],[123.314,9.486],[123.314,9.508],[123.365,9.785],[123.405,9.878],[123.409,9.898],[123.411,9.923],[123.406,9.928],[123.388,9.937],[123.383,9.943],[123.387,9.974],[123.39,9.981],[123.398,9.985],[123.404,9.981],[123.408,9.976],[123.411,9.974],[123.415,9.981],[123.417,9.99],[123.417,10.012],[123.423,10.038],[123.435,10.055],[123.472,10.084],[123.508,10.122],[123.521,10.145],[123.533,10.19],[123.581,10.254],[123.597,10.318],[123.605,10.333],[123.623,10.351],[123.707,10.462],[123.712,10.477],[123.714,10.482],[123.719,10.487],[123.723,10.494],[123.725,10.505],[123.718,10.537],[123.719,10.549],[123.729,10.569],[123.754,10.599],[123.765,10.64],[123.778,10.663],[123.793,10.683],[123.832,10.725],[123.849,10.753],[123.916,10.94],[123.935,10.97],[123.93,10.994],[123.918,11.029],[123.924,11.046],[123.935,11.059],[123.944,11.074],[123.945,11.098],[123.952,11.098],[123.955,11.09],[123.96,11.086],[123.973,11.077],[123.961,11.131],[123.955,11.142],[123.952,11.157],[123.959,11.176],[123.97,11.195],[124.018,11.258],[124.046,11.277],[124.075,11.269],[124.073,11.262],[124.068,11.233],[124.056,11.205],[124.051,11.185],[124.047,11.149],[124.041,11.13],[124.011,11.095],[124,11.077],[124.009,11.073],[124.013,11.066],[124.014,11.059],[124.017,11.056],[124.037,11.058],[124.046,11.06],[124.055,11.064],[124.052,11.043],[124.062,10.984],[124.06,10.962],[124.053,10.931],[124.055,10.913],[124.067,10.889],[124.069,10.878],[124.065,10.868],[124.051,10.845],[124.047,10.834],[124.044,10.809],[124.027,10.77],[124.021,10.748],[124.024,10.708],[124.051,10.627],[124.055,10.59],[124.052,10.59],[124.045,10.586],[124.037,10.581],[124.034,10.576],[124.034,10.571],[124.04,10.569],[124.041,10.563],[124.04,10.484],[124.036,10.467],[124.01,10.404],[124.01,10.395],[124.019,10.381],[124.015,10.372],[123.993,10.357],[123.99,10.369],[123.986,10.376],[123.98,10.377],[123.935,10.401],[123.907,10.436],[123.873,10.409],[123.837,10.354],[123.848,10.311],[123.869,10.248]]],[[[123.801,11.179],[123.812,11.165],[123.818,11.155],[123.815,11.148],[123.75,11.141],[123.746,11.139],[123.734,11.154],[123.709,11.218],[123.705,11.241],[123.709,11.252],[123.716,11.264],[123.733,11.284],[123.746,11.292],[123.755,11.29],[123.761,11.279],[123.789,11.199],[123.801,11.179]]]]}},{"type":"Feature","id":"PH-COM","properties":{"id":"PH-COM","countryCode":"PH","isoSubdivision":"PH-COM","name":"Davao de Oro","name_en":"Davao de Oro","name_ko":"콤포스텔라밸리","type":"Province","labelLongitude":125.984,"labelLatitude":7.53,"minZoom":8},"geometry":{"type":"Polygon","coordinates":[[[125.954,7.047],[125.915,7.085],[125.903,7.101],[125.898,7.116],[125.891,7.157],[125.851,7.254],[125.85,7.294],[125.853,7.316],[125.853,7.336],[125.845,7.35],[125.831,7.354],[125.832,7.362],[125.833,7.375],[125.831,7.388],[125.839,7.406],[125.841,7.422],[125.827,7.432],[125.834,7.456],[125.85,7.468],[125.866,7.479],[125.884,7.485],[125.87,7.502],[125.853,7.528],[125.917,7.542],[125.924,7.563],[125.934,7.627],[125.926,7.661],[125.914,7.674],[125.905,7.687],[125.912,7.701],[125.923,7.715],[125.935,7.735],[125.944,7.756],[125.92,7.826],[125.88,7.782],[125.846,7.734],[125.818,7.682],[125.778,7.657],[125.779,7.698],[125.759,7.731],[125.739,7.746],[125.718,7.771],[125.71,7.782],[125.703,7.794],[125.675,7.997],[126.183,7.995],[126.17,7.924],[126.177,7.849],[126.241,7.595],[126.244,7.558],[126.219,7.455],[126.223,7.427],[126.265,7.365],[126.286,7.328],[126.294,7.299],[126.277,7.269],[126.242,7.24],[126.076,7.14],[126.076,7.139],[126.003,7.077],[125.979,7.06],[125.955,7.048],[125.954,7.047]]]}},{"type":"Feature","id":"PH-DAO","properties":{"id":"PH-DAO","countryCode":"PH","isoSubdivision":"PH-DAO","name":"Davao Oriental","name_en":"Davao Oriental","name_ko":"동다바오","type":"Province","labelLongitude":126.286,"labelLatitude":7.063,"minZoom":8},"geometry":{"type":"Polygon","coordinates":[[[126.383,7.9],[126.383,7.886],[126.391,7.858],[126.406,7.833],[126.425,7.815],[126.455,7.797],[126.459,7.792],[126.463,7.781],[126.487,7.747],[126.511,7.733],[126.562,7.728],[126.583,7.719],[126.576,7.697],[126.572,7.675],[126.569,7.626],[126.574,7.604],[126.593,7.554],[126.601,7.506],[126.607,7.485],[126.609,7.465],[126.597,7.445],[126.586,7.437],[126.575,7.433],[126.566,7.426],[126.563,7.41],[126.567,7.407],[126.59,7.39],[126.582,7.367],[126.581,7.32],[126.569,7.301],[126.577,7.295],[126.61,7.277],[126.618,7.277],[126.612,7.258],[126.588,7.227],[126.583,7.209],[126.58,7.201],[126.572,7.198],[126.563,7.196],[126.556,7.192],[126.55,7.183],[126.53,7.129],[126.523,7.119],[126.491,7.089],[126.476,7.066],[126.469,7.039],[126.466,7.003],[126.452,6.984],[126.417,6.98],[126.379,6.987],[126.349,7],[126.324,6.978],[126.31,6.949],[126.303,6.919],[126.302,6.893],[126.307,6.881],[126.334,6.859],[126.343,6.849],[126.348,6.834],[126.349,6.813],[126.347,6.795],[126.34,6.787],[126.309,6.798],[126.291,6.826],[126.268,6.89],[126.243,6.919],[126.213,6.934],[126.192,6.925],[126.193,6.883],[126.186,6.883],[126.183,6.889],[126.172,6.904],[126.168,6.883],[126.179,6.861],[126.193,6.842],[126.208,6.806],[126.226,6.79],[126.244,6.777],[126.255,6.767],[126.257,6.745],[126.244,6.704],[126.229,6.616],[126.227,6.469],[126.21,6.39],[126.206,6.299],[126.2,6.283],[126.186,6.287],[126.182,6.301],[126.178,6.351],[126.176,6.363],[126.141,6.386],[126.137,6.396],[126.137,6.407],[126.138,6.42],[126.138,6.431],[126.113,6.477],[126.1,6.494],[126.095,6.514],[126.083,6.64],[126.084,6.663],[126.096,6.725],[126.096,6.747],[126.085,6.783],[126.083,6.805],[126.083,6.831],[126.079,6.843],[126.067,6.848],[126.042,6.855],[126.022,6.867],[125.983,6.921],[125.977,6.94],[125.986,6.986],[125.987,7.006],[125.975,7.028],[125.954,7.047],[125.955,7.048],[125.979,7.06],[126.003,7.077],[126.076,7.139],[126.076,7.14],[126.242,7.24],[126.277,7.269],[126.294,7.299],[126.286,7.328],[126.265,7.365],[126.223,7.427],[126.219,7.455],[126.244,7.558],[126.241,7.595],[126.177,7.849],[126.17,7.924],[126.183,7.995],[126.291,7.996],[126.299,7.966],[126.314,7.94],[126.335,7.919],[126.363,7.906],[126.383,7.9]]]}},{"type":"Feature","id":"PH-DAS","properties":{"id":"PH-DAS","countryCode":"PH","isoSubdivision":"PH-DAS","name":"Davao del Sur","name_en":"Davao del Sur","name_ko":"남다바오","type":"Province","labelLongitude":125.511,"labelLatitude":6.348,"minZoom":8},"geometry":{"type":"MultiPolygon","coordinates":[[[[125.51,7.016],[125.487,6.979],[125.485,6.935],[125.481,6.913],[125.47,6.904],[125.425,6.849],[125.404,6.812],[125.389,6.768],[125.38,6.722],[125.378,6.674],[125.381,6.657],[125.394,6.618],[125.397,6.598],[125.406,6.589],[125.422,6.582],[125.435,6.588],[125.432,6.616],[125.465,6.595],[125.508,6.539],[125.535,6.513],[125.553,6.525],[125.574,6.517],[125.59,6.499],[125.597,6.482],[125.598,6.443],[125.601,6.428],[125.63,6.366],[125.641,6.352],[125.645,6.344],[125.646,6.333],[125.644,6.31],[125.646,6.3],[125.649,6.292],[125.658,6.28],[125.707,6.15],[125.71,6.132],[125.711,6.111],[125.707,6.09],[125.696,6.071],[125.692,6.061],[125.699,6.04],[125.696,6.03],[125.692,6.022],[125.685,5.993],[125.667,5.95],[125.595,5.862],[125.499,5.726],[125.436,5.618],[125.422,5.598],[125.403,5.581],[125.388,5.574],[125.371,5.573],[125.323,5.576],[125.308,5.58],[125.306,5.584],[125.311,5.587],[125.347,5.605],[125.362,5.616],[125.363,5.617],[125.377,5.634],[125.462,5.83],[125.466,5.834],[125.473,5.834],[125.479,5.835],[125.479,5.836],[125.48,5.843],[125.478,5.852],[125.476,5.904],[125.478,5.915],[125.508,6.011],[125.508,6.03],[125.509,6.03],[125.514,6.034],[125.519,6.038],[125.523,6.044],[125.525,6.052],[125.53,6.078],[125.53,6.093],[125.526,6.102],[125.52,6.108],[125.512,6.118],[125.506,6.129],[125.505,6.137],[125.506,6.147],[125.503,6.168],[125.503,6.179],[125.506,6.193],[125.511,6.205],[125.511,6.217],[125.489,6.252],[125.465,6.298],[125.446,6.314],[125.437,6.316],[125.426,6.317],[125.416,6.315],[125.397,6.306],[125.389,6.31],[125.382,6.316],[125.358,6.315],[125.312,6.322],[125.286,6.319],[125.277,6.32],[125.263,6.324],[125.249,6.332],[125.214,6.367],[125.202,6.375],[125.177,6.388],[125.168,6.395],[125.168,6.414],[125.167,6.42],[125.162,6.425],[125.153,6.428],[125.145,6.429],[125.141,6.431],[125.141,6.435],[125.14,6.443],[125.144,6.45],[125.151,6.455],[125.159,6.465],[125.165,6.488],[125.168,6.541],[125.176,6.563],[125.177,6.563],[125.194,6.663],[125.192,6.678],[125.184,6.695],[125.161,6.722],[125.155,6.735],[125.15,6.782],[125.166,6.845],[125.269,6.955],[125.269,7.003],[125.273,7.005],[125.279,7.009],[125.303,7.017],[125.51,7.016]]],[[[125.419,5.425],[125.422,5.42],[125.425,5.407],[125.423,5.378],[125.419,5.368],[125.412,5.368],[125.399,5.372],[125.381,5.37],[125.364,5.367],[125.352,5.372],[125.343,5.381],[125.334,5.388],[125.334,5.393],[125.342,5.4],[125.358,5.422],[125.377,5.431],[125.405,5.43],[125.419,5.425]]]]}},{"type":"Feature","id":"PH-DAV","properties":{"id":"PH-DAV","countryCode":"PH","isoSubdivision":"PH-DAV","name":"Davao del Norte","name_en":"Davao del Norte","name_ko":"북다바오","type":"Province","labelLongitude":125.651,"labelLatitude":7.454,"minZoom":8},"geometry":{"type":"MultiPolygon","coordinates":[[[[125.791,6.948],[125.794,6.94],[125.79,6.929],[125.784,6.917],[125.777,6.894],[125.768,6.899],[125.754,6.917],[125.745,6.937],[125.738,6.979],[125.725,7.005],[125.722,7.016],[125.718,7.052],[125.712,7.056],[125.704,7.057],[125.684,7.065],[125.678,7.066],[125.674,7.07],[125.672,7.082],[125.673,7.093],[125.677,7.104],[125.683,7.113],[125.689,7.116],[125.697,7.127],[125.702,7.177],[125.707,7.192],[125.716,7.196],[125.724,7.193],[125.729,7.186],[125.733,7.178],[125.75,7.162],[125.767,7.15],[125.782,7.135],[125.788,7.113],[125.781,6.985],[125.784,6.963],[125.791,6.948]]],[[[125.831,7.354],[125.825,7.356],[125.807,7.351],[125.747,7.308],[125.688,7.275],[125.677,7.265],[125.664,7.274],[125.648,7.265],[125.635,7.248],[125.622,7.239],[125.522,7.236],[125.501,7.242],[125.497,7.258],[125.502,7.592],[125.289,7.596],[125.294,7.619],[125.3,7.637],[125.305,7.655],[125.304,7.678],[125.317,7.674],[125.327,7.674],[125.337,7.677],[125.348,7.678],[125.361,7.675],[125.389,7.667],[125.4,7.667],[125.422,7.681],[125.435,7.708],[125.441,7.739],[125.444,7.779],[125.443,7.792],[125.441,7.805],[125.427,7.838],[125.423,7.852],[125.419,7.886],[125.411,7.915],[125.374,7.998],[125.675,7.997],[125.703,7.794],[125.71,7.782],[125.718,7.771],[125.739,7.746],[125.759,7.731],[125.779,7.698],[125.778,7.657],[125.818,7.682],[125.846,7.734],[125.88,7.782],[125.92,7.826],[125.944,7.756],[125.935,7.735],[125.923,7.715],[125.912,7.701],[125.905,7.687],[125.914,7.674],[125.926,7.661],[125.934,7.627],[125.924,7.563],[125.917,7.542],[125.853,7.528],[125.87,7.502],[125.884,7.485],[125.866,7.479],[125.85,7.468],[125.834,7.456],[125.827,7.432],[125.841,7.422],[125.839,7.406],[125.831,7.388],[125.833,7.375],[125.832,7.362],[125.831,7.354]]],[[[125.677,7.265],[125.677,7.264],[125.668,7.257],[125.657,7.237],[125.654,7.215],[125.659,7.15],[125.658,7.129],[125.655,7.12],[125.646,7.108],[125.644,7.099],[125.639,7.089],[125.604,7.055],[125.575,7.039],[125.542,7.031],[125.51,7.016],[125.303,7.017],[125.309,7.02],[125.315,7.028],[125.314,7.031],[125.31,7.036],[125.306,7.048],[125.303,7.106],[125.298,7.122],[125.284,7.135],[125.248,7.156],[125.234,7.168],[125.223,7.183],[125.224,7.189],[125.235,7.215],[125.247,7.232],[125.25,7.239],[125.251,7.258],[125.244,7.302],[125.242,7.336],[125.236,7.362],[125.237,7.377],[125.245,7.43],[125.277,7.534],[125.277,7.548],[125.274,7.558],[125.266,7.57],[125.266,7.578],[125.274,7.58],[125.281,7.583],[125.286,7.588],[125.289,7.596],[125.502,7.592],[125.497,7.258],[125.501,7.242],[125.522,7.236],[125.622,7.239],[125.635,7.248],[125.648,7.265],[125.664,7.274],[125.677,7.265]]]]}},{"type":"Feature","id":"PH-EAS","properties":{"id":"PH-EAS","countryCode":"PH","isoSubdivision":"PH-EAS","name":"Eastern Samar","name_en":"Eastern Samar","name_ko":"동사마르","type":"Province","labelLongitude":125.755,"labelLatitude":10.729,"minZoom":8},"geometry":{"type":"MultiPolygon","coordinates":[[[[125.822,10.735],[125.832,10.72],[125.827,10.709],[125.814,10.702],[125.798,10.699],[125.78,10.699],[125.769,10.7],[125.761,10.706],[125.75,10.717],[125.74,10.724],[125.703,10.741],[125.684,10.753],[125.679,10.779],[125.687,10.805],[125.709,10.818],[125.731,10.808],[125.744,10.758],[125.761,10.741],[125.776,10.739],[125.808,10.74],[125.822,10.735]]],[[[125.316,12.302],[125.315,12.296],[125.346,12.314],[125.356,12.318],[125.355,12.308],[125.355,12.301],[125.354,12.296],[125.35,12.29],[125.361,12.285],[125.37,12.289],[125.391,12.304],[125.384,12.285],[125.394,12.281],[125.432,12.283],[125.451,12.274],[125.486,12.247],[125.5,12.249],[125.506,12.238],[125.528,12.211],[125.538,12.183],[125.538,12.172],[125.521,12.18],[125.513,12.174],[125.489,12.17],[125.479,12.167],[125.488,12.163],[125.495,12.159],[125.501,12.153],[125.507,12.146],[125.48,12.14],[125.467,12.135],[125.459,12.126],[125.457,12.107],[125.468,12.102],[125.5,12.105],[125.498,12.101],[125.496,12.094],[125.494,12.091],[125.503,12.084],[125.516,12.071],[125.525,12.057],[125.524,12.046],[125.49,12.019],[125.482,12.009],[125.47,11.987],[125.452,11.964],[125.446,11.947],[125.444,11.928],[125.445,11.906],[125.447,11.9],[125.459,11.871],[125.457,11.841],[125.459,11.83],[125.465,11.823],[125.49,11.8],[125.494,11.79],[125.49,11.781],[125.484,11.776],[125.457,11.786],[125.447,11.768],[125.45,11.75],[125.47,11.759],[125.482,11.757],[125.491,11.738],[125.5,11.701],[125.499,11.676],[125.489,11.671],[125.477,11.669],[125.466,11.653],[125.479,11.648],[125.476,11.638],[125.469,11.625],[125.466,11.612],[125.471,11.603],[125.477,11.6],[125.483,11.599],[125.49,11.595],[125.494,11.588],[125.494,11.563],[125.498,11.548],[125.502,11.539],[125.524,11.507],[125.531,11.492],[125.531,11.476],[125.521,11.46],[125.529,11.459],[125.535,11.458],[125.54,11.458],[125.549,11.46],[125.554,11.436],[125.559,11.425],[125.566,11.42],[125.576,11.417],[125.594,11.402],[125.607,11.399],[125.609,11.393],[125.62,11.381],[125.632,11.37],[125.638,11.368],[125.638,11.342],[125.635,11.326],[125.627,11.314],[125.566,11.268],[125.555,11.248],[125.555,11.212],[125.572,11.193],[125.599,11.189],[125.631,11.2],[125.616,11.219],[125.616,11.234],[125.629,11.236],[125.675,11.203],[125.694,11.193],[125.707,11.177],[125.713,11.149],[125.729,11.117],[125.76,11.085],[125.78,11.052],[125.761,11.023],[125.752,11.03],[125.729,11.043],[125.72,11.049],[125.711,11.083],[125.709,11.086],[125.707,11.089],[125.707,11.094],[125.707,11.112],[125.706,11.117],[125.7,11.118],[125.685,11.125],[125.681,11.13],[125.667,11.142],[125.652,11.149],[125.644,11.142],[125.61,11.122],[125.6,11.118],[125.588,11.122],[125.584,11.132],[125.582,11.143],[125.575,11.152],[125.564,11.157],[125.557,11.154],[125.55,11.149],[125.538,11.146],[125.536,11.138],[125.531,11.102],[125.528,11.09],[125.501,11.115],[125.482,11.128],[125.47,11.129],[125.451,11.107],[125.44,11.098],[125.425,11.09],[125.424,11.107],[125.417,11.117],[125.406,11.117],[125.397,11.105],[125.374,11.126],[125.363,11.132],[125.327,11.138],[125.322,11.142],[125.317,11.15],[125.306,11.147],[125.276,11.136],[125.271,11.128],[125.266,11.119],[125.255,11.102],[125.252,11.095],[125.247,11.092],[125.241,11.094],[125.266,11.201],[125.286,11.257],[125.335,11.344],[125.347,11.379],[125.349,11.414],[125.339,11.449],[125.288,11.533],[125.28,11.56],[125.253,11.928],[125.243,11.967],[125.225,12],[125.214,12.012],[125.204,12.015],[125.123,11.998],[125.106,12.086],[125.107,12.13],[125.141,12.192],[125.151,12.234],[125.162,12.316],[125.172,12.343],[125.188,12.366],[125.209,12.376],[125.232,12.364],[125.256,12.307],[125.273,12.284],[125.298,12.291],[125.316,12.302]]]]}},{"type":"Feature","id":"PH-GUI","properties":{"id":"PH-GUI","countryCode":"PH","isoSubdivision":"PH-GUI","name":"Guimaras","name_en":"Guimaras","name_ko":"기마라스","type":"Province","labelLongitude":122.61,"labelLatitude":10.558,"minZoom":8},"geometry":{"type":"Polygon","coordinates":[[[122.711,10.735],[122.738,10.694],[122.737,10.64],[122.722,10.585],[122.687,10.506],[122.664,10.471],[122.634,10.444],[122.595,10.433],[122.605,10.461],[122.594,10.46],[122.578,10.447],[122.571,10.439],[122.565,10.436],[122.548,10.423],[122.537,10.419],[122.531,10.423],[122.526,10.432],[122.519,10.454],[122.519,10.458],[122.52,10.47],[122.519,10.474],[122.514,10.477],[122.502,10.48],[122.499,10.481],[122.495,10.483],[122.486,10.493],[122.482,10.503],[122.495,10.508],[122.507,10.508],[122.517,10.509],[122.524,10.514],[122.526,10.526],[122.529,10.533],[122.546,10.541],[122.553,10.549],[122.535,10.553],[122.527,10.57],[122.529,10.591],[122.537,10.607],[122.548,10.622],[122.564,10.653],[122.575,10.666],[122.591,10.674],[122.609,10.677],[122.623,10.684],[122.634,10.723],[122.645,10.736],[122.658,10.748],[122.67,10.762],[122.7,10.74],[122.711,10.735]]]}},{"type":"Feature","id":"PH-IFU","properties":{"id":"PH-IFU","countryCode":"PH","isoSubdivision":"PH-IFU","name":"Ifugao","name_en":"Ifugao","name_ko":"이푸가오","type":"Province","labelLongitude":121.214,"labelLatitude":16.829,"minZoom":8},"geometry":{"type":"Polygon","coordinates":[[[121.563,17.087],[121.565,17.068],[121.575,17.031],[121.576,17.012],[121.571,16.911],[121.566,16.905],[121.558,16.901],[121.549,16.892],[121.534,16.856],[121.525,16.845],[121.514,16.839],[121.503,16.835],[121.479,16.831],[121.466,16.83],[121.437,16.833],[121.426,16.832],[121.425,16.828],[121.421,16.821],[121.416,16.812],[121.41,16.805],[121.402,16.802],[121.374,16.795],[121.372,16.787],[121.365,16.784],[121.354,16.783],[121.352,16.783],[121.35,16.785],[121.346,16.785],[121.341,16.781],[121.341,16.78],[121.34,16.774],[121.335,16.764],[121.337,16.759],[121.338,16.751],[121.337,16.742],[121.328,16.728],[121.323,16.714],[121.321,16.708],[121.317,16.705],[121.304,16.696],[121.303,16.696],[121.291,16.675],[121.28,16.665],[121.237,16.653],[120.903,16.597],[120.892,16.657],[120.889,16.73],[120.879,16.799],[120.851,16.846],[120.869,16.852],[120.902,16.843],[120.919,16.845],[120.936,16.856],[120.946,16.872],[120.955,16.91],[120.974,16.951],[121.009,16.983],[121.053,17.005],[121.099,17.014],[121.194,17.008],[121.225,17.01],[121.248,17.016],[121.311,17.05],[121.375,17.073],[121.435,17.086],[121.496,17.09],[121.563,17.087]]]}},{"type":"Feature","id":"PH-ILI","properties":{"id":"PH-ILI","countryCode":"PH","isoSubdivision":"PH-ILI","name":"Iloilo","name_en":"Iloilo","name_ko":"일로일로","type":"Province","labelLongitude":122.59,"labelLatitude":10.968,"minZoom":8},"geometry":{"type":"MultiPolygon","coordinates":[[[[122.472,10.687],[122.451,10.686],[122.365,10.673],[122.357,10.67],[122.344,10.661],[122.338,10.658],[122.304,10.66],[122.293,10.658],[122.282,10.654],[122.269,10.643],[122.259,10.638],[122.249,10.638],[122.238,10.641],[122.227,10.642],[122.215,10.634],[122.174,10.601],[122.162,10.594],[122.152,10.592],[122.142,10.592],[122.129,10.59],[122.102,10.569],[122.04,10.467],[122.033,10.461],[122.029,10.462],[122.01,10.473],[122.006,10.492],[122.015,10.536],[122.024,10.607],[122.035,10.637],[122.056,10.67],[122.076,10.69],[122.124,10.719],[122.148,10.736],[122.164,10.752],[122.179,10.77],[122.191,10.79],[122.208,10.835],[122.23,10.883],[122.244,10.903],[122.254,10.913],[122.278,10.93],[122.287,10.939],[122.289,10.949],[122.287,10.968],[122.29,10.978],[122.296,10.984],[122.312,10.994],[122.318,11],[122.331,11.053],[122.319,11.078],[122.294,11.108],[122.24,11.157],[122.288,11.202],[122.315,11.216],[122.343,11.216],[122.403,11.19],[122.416,11.187],[122.443,11.192],[122.457,11.193],[122.475,11.19],[122.49,11.186],[122.505,11.184],[122.522,11.186],[122.538,11.193],[122.551,11.203],[122.558,11.215],[122.561,11.232],[122.587,11.236],[122.614,11.229],[122.641,11.218],[122.67,11.209],[122.745,11.219],[122.782,11.216],[122.791,11.188],[122.821,11.201],[122.827,11.201],[122.844,11.195],[122.862,11.193],[122.878,11.198],[122.886,11.214],[122.887,11.229],[122.885,11.261],[122.887,11.27],[122.901,11.284],[122.918,11.29],[122.956,11.298],[122.948,11.315],[122.945,11.334],[122.951,11.351],[122.97,11.358],[122.99,11.362],[123.004,11.371],[123.032,11.394],[123.041,11.409],[123.043,11.451],[123.066,11.484],[123.086,11.528],[123.09,11.53],[123.118,11.548],[123.142,11.573],[123.157,11.598],[123.164,11.598],[123.164,11.538],[123.157,11.522],[123.149,11.519],[123.138,11.518],[123.127,11.515],[123.122,11.509],[123.123,11.499],[123.129,11.494],[123.139,11.493],[123.15,11.494],[123.14,11.479],[123.148,11.477],[123.17,11.481],[123.175,11.467],[123.169,11.454],[123.161,11.439],[123.157,11.423],[123.161,11.394],[123.16,11.38],[123.149,11.362],[123.149,11.356],[123.148,11.352],[123.129,11.349],[123.126,11.345],[123.125,11.338],[123.122,11.331],[123.124,11.329],[123.122,11.303],[123.121,11.302],[123.116,11.282],[123.114,11.267],[123.116,11.231],[123.119,11.222],[123.126,11.217],[123.133,11.21],[123.136,11.197],[123.131,11.183],[123.111,11.168],[123.108,11.152],[123.086,11.163],[123.061,11.169],[123.041,11.163],[123.028,11.11],[123.015,11.092],[122.995,11.079],[122.972,11.07],[122.977,11.057],[122.972,11.049],[122.951,11.036],[122.952,11.046],[122.952,11.056],[122.947,11.062],[122.938,11.064],[122.933,11.058],[122.93,11.037],[122.925,11.029],[122.914,11.026],[122.907,11.03],[122.9,11.034],[122.89,11.036],[122.885,11.033],[122.863,11.015],[122.863,11.029],[122.839,11.018],[122.812,10.998],[122.789,10.976],[122.78,10.957],[122.785,10.926],[122.794,10.901],[122.798,10.875],[122.787,10.845],[122.761,10.811],[122.745,10.796],[122.729,10.789],[122.719,10.791],[122.702,10.801],[122.694,10.803],[122.687,10.801],[122.667,10.789],[122.656,10.787],[122.643,10.781],[122.631,10.774],[122.615,10.761],[122.533,10.8],[122.49,10.772],[122.472,10.687]]],[[[122.615,10.761],[122.61,10.756],[122.601,10.741],[122.603,10.739],[122.606,10.734],[122.605,10.728],[122.595,10.721],[122.59,10.699],[122.545,10.69],[122.472,10.687],[122.49,10.772],[122.533,10.8],[122.615,10.761]]]]}},{"type":"Feature","id":"PH-ILN","properties":{"id":"PH-ILN","countryCode":"PH","isoSubdivision":"PH-ILN","name":"Ilocos Norte","name_en":"Ilocos Norte","name_ko":"북일로코스","type":"Province","labelLongitude":120.71,"labelLatitude":18.2,"minZoom":8},"geometry":{"type":"Polygon","coordinates":[[[120.426,17.894],[120.425,17.902],[120.428,17.917],[120.452,17.949],[120.473,17.992],[120.477,18.005],[120.478,18.022],[120.477,18.044],[120.473,18.064],[120.467,18.077],[120.47,18.091],[120.526,18.204],[120.523,18.203],[120.52,18.206],[120.518,18.212],[120.518,18.218],[120.521,18.22],[120.526,18.221],[120.53,18.224],[120.532,18.227],[120.536,18.24],[120.566,18.292],[120.579,18.325],[120.586,18.364],[120.585,18.405],[120.573,18.443],[120.562,18.47],[120.561,18.487],[120.57,18.502],[120.591,18.522],[120.611,18.539],[120.627,18.541],[120.67,18.532],[120.691,18.534],[120.735,18.549],[120.754,18.553],[120.771,18.561],[120.776,18.581],[120.776,18.604],[120.779,18.622],[120.793,18.636],[120.813,18.645],[120.834,18.646],[120.851,18.639],[120.866,18.62],[120.892,18.58],[120.909,18.567],[120.927,18.566],[120.947,18.572],[120.964,18.581],[120.971,18.591],[120.979,18.598],[120.995,18.606],[120.983,18.59],[120.973,18.554],[120.957,18.447],[120.955,18.423],[120.946,18.376],[120.948,18.353],[120.953,18.333],[120.956,18.312],[120.954,18.291],[120.944,18.272],[120.932,18.263],[120.921,18.259],[120.912,18.253],[120.909,18.241],[120.918,18.222],[120.936,18.211],[120.956,18.203],[120.971,18.193],[120.979,18.181],[120.982,18.17],[120.979,18.16],[120.955,18.132],[120.946,18.116],[120.941,18.098],[120.939,18.076],[120.947,18.023],[120.947,17.996],[120.934,17.982],[120.934,17.978],[120.938,17.967],[120.918,17.949],[120.888,17.946],[120.856,17.948],[120.828,17.943],[120.772,17.913],[120.744,17.893],[120.699,17.847],[120.673,17.838],[120.647,17.834],[120.618,17.819],[120.596,17.797],[120.573,17.765],[120.553,17.732],[120.539,17.704],[120.51,17.733],[120.516,17.778],[120.534,17.827],[120.54,17.867],[120.525,17.888],[120.501,17.897],[120.472,17.898],[120.445,17.896],[120.426,17.894]]]}},{"type":"Feature","id":"PH-ILS","properties":{"id":"PH-ILS","countryCode":"PH","isoSubdivision":"PH-ILS","name":"Ilocos Sur","name_en":"Ilocos Sur","name_ko":"남일로코스","type":"Province","labelLongitude":120.604,"labelLatitude":16.985,"minZoom":8},"geometry":{"type":"Polygon","coordinates":[[[120.398,16.919],[120.427,16.962],[120.434,16.982],[120.436,17.008],[120.416,17.179],[120.414,17.184],[120.404,17.198],[120.402,17.207],[120.403,17.222],[120.412,17.265],[120.408,17.323],[120.411,17.328],[120.429,17.348],[120.438,17.359],[120.442,17.368],[120.443,17.377],[120.444,17.388],[120.435,17.423],[120.402,17.497],[120.402,17.519],[120.358,17.53],[120.341,17.539],[120.334,17.556],[120.353,17.678],[120.364,17.687],[120.385,17.69],[120.402,17.697],[120.412,17.713],[120.417,17.731],[120.416,17.745],[120.408,17.76],[120.397,17.771],[120.391,17.781],[120.399,17.796],[120.423,17.824],[120.428,17.838],[120.429,17.861],[120.426,17.894],[120.445,17.896],[120.472,17.898],[120.501,17.897],[120.525,17.888],[120.54,17.867],[120.534,17.827],[120.516,17.778],[120.51,17.733],[120.539,17.704],[120.517,17.67],[120.498,17.63],[120.483,17.588],[120.467,17.499],[120.477,17.494],[120.506,17.501],[120.526,17.503],[120.55,17.5],[120.573,17.492],[120.586,17.48],[120.586,17.451],[120.568,17.421],[120.547,17.393],[120.534,17.367],[120.536,17.338],[120.55,17.318],[120.573,17.306],[120.601,17.303],[120.612,17.3],[120.616,17.292],[120.62,17.282],[120.627,17.273],[120.639,17.27],[120.666,17.268],[120.675,17.262],[120.681,17.24],[120.683,17.219],[120.686,17.198],[120.699,17.178],[120.73,17.156],[120.754,17.158],[120.774,17.178],[120.796,17.206],[120.813,17.212],[120.835,17.205],[120.874,17.182],[120.838,17.171],[120.81,17.142],[120.791,17.106],[120.781,17.071],[120.781,17.034],[120.787,16.996],[120.788,16.959],[120.774,16.921],[120.739,16.905],[120.699,16.904],[120.662,16.896],[120.638,16.86],[120.619,16.694],[120.595,16.653],[120.562,16.685],[120.554,16.695],[120.548,16.708],[120.547,16.715],[120.55,16.733],[120.55,16.775],[120.545,16.789],[120.532,16.794],[120.536,16.81],[120.53,16.821],[120.521,16.832],[120.514,16.848],[120.516,16.862],[120.526,16.9],[120.524,16.912],[120.516,16.917],[120.509,16.916],[120.502,16.911],[120.493,16.91],[120.478,16.913],[120.478,16.914],[120.445,16.907],[120.43,16.907],[120.413,16.913],[120.398,16.919]]]}},{"type":"Feature","id":"PH-ISA","properties":{"id":"PH-ISA","countryCode":"PH","isoSubdivision":"PH-ISA","name":"Isabela","name_en":"Isabela","name_ko":"이사벨라","type":"Province","labelLongitude":121.932,"labelLatitude":17.004,"minZoom":8},"geometry":{"type":"MultiPolygon","coordinates":[[[[122.185,17.541],[122.194,17.519],[122.197,17.495],[122.206,17.475],[122.224,17.452],[122.24,17.427],[122.239,17.402],[122.244,17.391],[122.246,17.375],[122.251,17.36],[122.263,17.354],[122.266,17.355],[122.271,17.359],[122.278,17.361],[122.287,17.361],[122.305,17.344],[122.314,17.34],[122.326,17.341],[122.353,17.351],[122.365,17.354],[122.382,17.347],[122.39,17.317],[122.403,17.306],[122.398,17.329],[122.415,17.319],[122.435,17.292],[122.444,17.266],[122.425,17.28],[122.414,17.284],[122.409,17.275],[122.412,17.26],[122.421,17.232],[122.423,17.221],[122.421,17.206],[122.41,17.176],[122.409,17.162],[122.417,17.146],[122.441,17.128],[122.451,17.114],[122.454,17.119],[122.461,17.123],[122.465,17.128],[122.48,17.123],[122.49,17.133],[122.501,17.14],[122.519,17.128],[122.529,17.11],[122.529,17.091],[122.521,17.072],[122.509,17.056],[122.504,17.047],[122.5,17.034],[122.496,17.023],[122.488,17.019],[122.484,17.014],[122.473,16.99],[122.46,16.912],[122.465,16.895],[122.449,16.865],[122.423,16.794],[122.373,16.714],[122.365,16.685],[122.345,16.643],[122.338,16.631],[122.325,16.616],[122.3,16.565],[122.286,16.547],[122.253,16.52],[122.245,16.511],[122.038,16.508],[121.766,16.397],[121.752,16.396],[121.738,16.404],[121.57,16.611],[121.603,16.643],[121.608,16.714],[121.479,16.831],[121.503,16.835],[121.514,16.839],[121.525,16.845],[121.534,16.856],[121.549,16.892],[121.558,16.901],[121.566,16.905],[121.571,16.911],[121.576,17.012],[121.575,17.031],[121.565,17.068],[121.563,17.087],[121.57,17.127],[121.571,17.25],[121.572,17.271],[121.594,17.328],[121.604,17.397],[121.613,17.42],[121.658,17.465],[121.67,17.49],[121.653,17.518],[121.703,17.524],[121.821,17.524],[121.837,17.527],[121.87,17.54],[121.888,17.543],[122.185,17.541]]],[[[121.466,16.629],[121.428,16.636],[121.4,16.651],[121.397,16.682],[121.39,16.694],[121.476,16.723],[121.504,16.68],[121.488,16.629],[121.466,16.629]]],[[[121.57,16.611],[121.541,16.63],[121.488,16.629],[121.504,16.68],[121.476,16.723],[121.39,16.694],[121.38,16.713],[121.335,16.764],[121.34,16.774],[121.341,16.78],[121.341,16.781],[121.346,16.785],[121.35,16.785],[121.352,16.783],[121.354,16.783],[121.365,16.784],[121.372,16.787],[121.374,16.795],[121.402,16.802],[121.41,16.805],[121.416,16.812],[121.421,16.821],[121.425,16.828],[121.426,16.832],[121.437,16.833],[121.466,16.83],[121.479,16.831],[121.608,16.714],[121.603,16.643],[121.57,16.611]]]]}},{"type":"Feature","id":"PH-KAL","properties":{"id":"PH-KAL","countryCode":"PH","isoSubdivision":"PH-KAL","name":"Kalinga","name_en":"Kalinga","name_ko":"칼링가","type":"Province","labelLongitude":121.322,"labelLatitude":17.488,"minZoom":8},"geometry":{"type":"Polygon","coordinates":[[[121.429,17.718],[121.448,17.691],[121.519,17.619],[121.549,17.58],[121.566,17.563],[121.588,17.552],[121.605,17.546],[121.622,17.538],[121.638,17.529],[121.653,17.518],[121.67,17.49],[121.658,17.465],[121.613,17.42],[121.604,17.397],[121.594,17.328],[121.572,17.271],[121.571,17.25],[121.549,17.259],[121.48,17.277],[121.439,17.296],[121.424,17.298],[121.384,17.287],[121.341,17.258],[121.269,17.192],[121.194,17.168],[121.095,17.185],[120.915,17.249],[120.926,17.282],[120.983,17.366],[120.992,17.397],[120.997,17.462],[121.008,17.49],[121.029,17.508],[121.081,17.531],[121.104,17.546],[121.118,17.576],[121.111,17.603],[121.1,17.63],[121.1,17.661],[121.105,17.668],[121.121,17.676],[121.127,17.684],[121.219,17.682],[121.297,17.702],[121.429,17.718]]]}},{"type":"Feature","id":"PH-LAG","properties":{"id":"PH-LAG","countryCode":"PH","isoSubdivision":"PH-LAG","name":"Laguna","name_en":"Laguna","name_ko":"라구나","type":"Province","labelLongitude":121.307,"labelLatitude":14.146,"minZoom":8},"geometry":{"type":"Polygon","coordinates":[[[121.466,14.563],[121.496,14.519],[121.522,14.472],[121.59,14.313],[121.598,14.282],[121.6,14.25],[121.594,14.219],[121.581,14.199],[121.565,14.18],[121.55,14.156],[121.532,14.112],[121.52,14.091],[121.504,14.075],[121.482,14.065],[121.437,14.061],[121.416,14.051],[121.344,14.001],[121.264,13.962],[121.264,13.985],[121.251,13.992],[121.234,13.995],[121.224,14.006],[121.205,14.112],[121.181,14.139],[121.13,14.149],[121.073,14.15],[121.033,14.144],[121.029,14.172],[121.058,14.241],[121.047,14.258],[121.057,14.28],[121.07,14.299],[121.075,14.316],[121.062,14.327],[121.049,14.328],[121.036,14.325],[121.025,14.323],[121.015,14.328],[121.014,14.336],[121.015,14.359],[121.028,14.363],[121.039,14.373],[121.052,14.38],[121.057,14.378],[121.061,14.379],[121.067,14.385],[121.143,14.388],[121.135,14.454],[121.125,14.525],[121.131,14.527],[121.139,14.527],[121.152,14.52],[121.172,14.502],[121.205,14.42],[121.215,14.384],[121.227,14.32],[121.242,14.302],[121.252,14.316],[121.255,14.336],[121.263,14.35],[121.253,14.36],[121.238,14.394],[121.234,14.432],[121.234,14.468],[121.247,14.502],[121.261,14.514],[121.277,14.509],[121.286,14.489],[121.294,14.484],[121.303,14.481],[121.314,14.474],[121.323,14.466],[121.33,14.455],[121.334,14.443],[121.338,14.416],[121.335,14.39],[121.321,14.345],[121.306,14.32],[121.309,14.291],[121.347,14.319],[121.388,14.345],[121.372,14.368],[121.375,14.397],[121.36,14.466],[121.367,14.501],[121.386,14.532],[121.428,14.557],[121.461,14.572],[121.466,14.563]]]}},{"type":"Feature","id":"PH-LAN","properties":{"id":"PH-LAN","countryCode":"PH","isoSubdivision":"PH-LAN","name":"Iligan","name_en":"Iligan","name_ko":"일리간","type":"Highly Urbanized City","labelLongitude":124.396,"labelLatitude":8.263,"minZoom":8},"geometry":{"type":"MultiPolygon","coordinates":[[[[124.232,8.213],[124.242,8.225],[124.258,8.256],[124.27,8.271],[124.275,8.281],[124.271,8.291],[124.264,8.302],[124.26,8.312],[124.262,8.324],[124.275,8.325],[124.3,8.339],[124.321,8.355],[124.325,8.357],[124.352,8.371],[124.377,8.376],[124.394,8.375],[124.408,8.37],[124.437,8.35],[124.522,8.29],[124.529,8.282],[124.54,8.255],[124.547,8.244],[124.558,8.238],[124.572,8.237],[124.568,8.222],[124.569,8.209],[124.573,8.196],[124.574,8.186],[124.571,8.169],[124.56,8.137],[124.56,8.119],[124.572,8.088],[124.616,8.037],[124.63,8.007],[124.629,8.008],[124.588,8.028],[124.515,8.098],[124.477,8.128],[124.397,8.169],[124.376,8.187],[124.372,8.196],[124.369,8.209],[124.365,8.22],[124.358,8.225],[124.326,8.226],[124.31,8.224],[124.3,8.217],[124.299,8.216],[124.264,8.198],[124.232,8.213]]],[[[123.689,7.968],[123.701,7.976],[123.705,7.98],[123.741,8],[123.874,8.105],[123.886,8.109],[123.907,8.113],[123.922,8.123],[123.945,8.15],[123.969,8.168],[124,8.181],[124.036,8.19],[124.156,8.19],[124.198,8.196],[124.232,8.213],[124.264,8.198],[124.299,8.216],[124.291,8.184],[124.298,8.111],[124.289,8.083],[124.267,8.056],[124.258,8.048],[124.254,8.042],[124.255,8.037],[124.254,8.034],[124.244,8.033],[124.2,8.032],[124.186,8.028],[124.163,8.017],[124.154,8.004],[124.15,7.987],[124.128,7.932],[124.12,7.919],[124.108,7.909],[124.097,7.906],[124.059,7.904],[124.055,7.896],[124.058,7.845],[124.049,7.818],[124.006,7.767],[124.002,7.734],[123.993,7.702],[123.955,7.705],[123.869,7.74],[123.862,7.703],[123.818,7.705],[123.794,7.711],[123.778,7.724],[123.724,7.796],[123.704,7.809],[123.681,7.815],[123.658,7.817],[123.615,7.833],[123.615,7.834],[123.628,7.848],[123.673,7.875],[123.694,7.891],[123.704,7.91],[123.702,7.928],[123.694,7.947],[123.689,7.968]]]]}},{"type":"Feature","id":"PH-LAP","properties":{"id":"PH-LAP","countryCode":"PH","isoSubdivision":"PH-LAP","name":"Lapu-Lapu","name_en":"Lapu-Lapu","name_ko":"라푸라푸","type":"Highly Urbanized City","labelLongitude":123.959,"labelLatitude":10.299,"minZoom":8},"geometry":{"type":"Polygon","coordinates":[[[123.992,10.324],[124.009,10.312],[124.021,10.317],[124.039,10.33],[124.044,10.324],[124.026,10.307],[124.006,10.288],[123.989,10.267],[123.976,10.255],[123.957,10.253],[123.947,10.246],[123.933,10.254],[123.934,10.273],[123.934,10.289],[123.948,10.307],[123.98,10.32],[123.992,10.324]]]}},{"type":"Feature","id":"PH-LAS","properties":{"id":"PH-LAS","countryCode":"PH","isoSubdivision":"PH-LAS","name":"Lanao del Sur","name_en":"Lanao del Sur","name_ko":"남라나오","type":"Province","labelLongitude":124.335,"labelLatitude":7.902,"minZoom":8},"geometry":{"type":"Polygon","coordinates":[[[124.167,7.432],[124.163,7.44],[124.154,7.445],[124.142,7.461],[124.095,7.561],[124.065,7.603],[124.021,7.633],[124.013,7.634],[123.959,7.674],[123.911,7.699],[123.903,7.691],[123.886,7.699],[123.863,7.703],[123.862,7.703],[123.869,7.74],[123.955,7.705],[123.993,7.702],[124.002,7.734],[124.006,7.767],[124.049,7.818],[124.058,7.845],[124.055,7.896],[124.059,7.904],[124.097,7.906],[124.108,7.909],[124.12,7.919],[124.128,7.932],[124.15,7.987],[124.154,8.004],[124.163,8.017],[124.186,8.028],[124.2,8.032],[124.244,8.033],[124.254,8.034],[124.255,8.037],[124.254,8.042],[124.258,8.048],[124.267,8.056],[124.289,8.083],[124.298,8.111],[124.291,8.184],[124.299,8.216],[124.3,8.217],[124.31,8.224],[124.326,8.226],[124.358,8.225],[124.365,8.22],[124.369,8.209],[124.372,8.196],[124.376,8.187],[124.397,8.169],[124.477,8.128],[124.515,8.098],[124.588,8.028],[124.629,8.008],[124.63,8.007],[124.655,7.986],[124.666,7.973],[124.671,7.96],[124.667,7.938],[124.654,7.932],[124.637,7.935],[124.623,7.934],[124.614,7.929],[124.604,7.922],[124.604,7.91],[124.623,7.883],[124.625,7.875],[124.626,7.866],[124.627,7.855],[124.631,7.846],[124.638,7.84],[124.655,7.835],[124.661,7.831],[124.705,7.776],[124.738,7.721],[124.743,7.694],[124.746,7.687],[124.758,7.669],[124.764,7.659],[124.766,7.651],[124.77,7.645],[124.791,7.632],[124.798,7.626],[124.804,7.619],[124.809,7.611],[124.808,7.611],[124.789,7.613],[124.727,7.628],[124.699,7.63],[124.648,7.623],[124.621,7.621],[124.603,7.622],[124.592,7.625],[124.581,7.63],[124.568,7.641],[124.558,7.651],[124.548,7.67],[124.542,7.678],[124.523,7.691],[124.507,7.69],[124.465,7.67],[124.383,7.621],[124.167,7.432]]]}},{"type":"Feature","id":"PH-LEY","properties":{"id":"PH-LEY","countryCode":"PH","isoSubdivision":"PH-LEY","name":"Leyte","name_en":"Leyte","name_ko":"레이테","type":"Province","labelLongitude":124.883,"labelLatitude":10.993,"minZoom":8},"geometry":{"type":"MultiPolygon","coordinates":[[[[124.38,10.691],[124.385,10.68],[124.388,10.667],[124.39,10.641],[124.378,10.628],[124.301,10.59],[124.284,10.604],[124.289,10.617],[124.301,10.631],[124.308,10.648],[124.31,10.662],[124.314,10.678],[124.32,10.692],[124.328,10.704],[124.341,10.712],[124.355,10.711],[124.369,10.703],[124.38,10.691]]],[[[124.466,10.714],[124.504,10.693],[124.521,10.666],[124.509,10.642],[124.462,10.631],[124.409,10.648],[124.408,10.684],[124.436,10.714],[124.466,10.714]]],[[[124.55,10.983],[124.547,10.968],[124.558,10.95],[124.563,10.931],[124.554,10.909],[124.539,10.888],[124.528,10.878],[124.514,10.874],[124.507,10.874],[124.471,10.902],[124.469,10.905],[124.453,10.901],[124.447,10.903],[124.442,10.931],[124.437,10.935],[124.425,10.933],[124.413,10.932],[124.402,10.93],[124.396,10.934],[124.397,10.954],[124.402,10.967],[124.415,10.985],[124.418,11.001],[124.415,11.02],[124.408,11.029],[124.399,11.036],[124.39,11.049],[124.388,11.066],[124.394,11.081],[124.401,11.093],[124.407,11.108],[124.416,11.122],[124.418,11.129],[124.417,11.136],[124.412,11.148],[124.404,11.211],[124.404,11.303],[124.387,11.301],[124.369,11.311],[124.355,11.329],[124.349,11.347],[124.352,11.356],[124.367,11.366],[124.37,11.375],[124.354,11.38],[124.342,11.385],[124.335,11.392],[124.348,11.399],[124.345,11.407],[124.335,11.417],[124.329,11.43],[124.326,11.444],[124.311,11.467],[124.298,11.527],[124.301,11.543],[124.305,11.544],[124.326,11.554],[124.329,11.557],[124.34,11.551],[124.366,11.516],[124.425,11.468],[124.443,11.447],[124.48,11.385],[124.484,11.428],[124.49,11.447],[124.503,11.444],[124.534,11.422],[124.545,11.409],[124.57,11.347],[124.594,11.32],[124.63,11.304],[124.678,11.303],[124.713,11.312],[124.744,11.329],[124.794,11.372],[124.833,11.425],[124.846,11.433],[124.855,11.431],[124.875,11.422],[124.887,11.42],[124.891,11.422],[124.89,11.431],[124.894,11.433],[124.9,11.431],[124.903,11.426],[124.904,11.422],[124.904,11.42],[124.93,11.421],[124.938,11.42],[124.948,11.414],[124.97,11.396],[124.976,11.392],[124.984,11.381],[124.982,11.358],[124.976,11.334],[124.92,11.324],[124.933,11.237],[124.985,11.192],[125.039,11.198],[125.029,11.182],[125.028,11.176],[125.03,11.164],[125.04,11.145],[125.042,11.135],[125.04,11.103],[125.054,11.011],[125.053,10.968],[125.013,10.845],[125.006,10.797],[125.014,10.755],[125.027,10.743],[125.087,10.715],[125.112,10.707],[125.12,10.703],[125.124,10.695],[125.131,10.666],[125.168,10.622],[125.158,10.615],[125.136,10.608],[125.12,10.599],[125.108,10.585],[125.097,10.566],[125.08,10.543],[125.061,10.532],[125.037,10.527],[124.964,10.52],[124.942,10.516],[124.923,10.506],[124.91,10.492],[124.897,10.473],[124.886,10.452],[124.884,10.435],[124.906,10.302],[124.904,10.276],[124.894,10.27],[124.872,10.266],[124.862,10.262],[124.855,10.254],[124.846,10.235],[124.837,10.227],[124.794,10.205],[124.766,10.185],[124.766,10.186],[124.772,10.225],[124.786,10.266],[124.794,10.303],[124.792,10.326],[124.785,10.353],[124.771,10.375],[124.75,10.385],[124.739,10.395],[124.736,10.42],[124.737,10.448],[124.744,10.494],[124.746,10.501],[124.751,10.51],[124.765,10.526],[124.767,10.532],[124.769,10.577],[124.772,10.597],[124.798,10.659],[124.801,10.678],[124.801,10.725],[124.779,10.821],[124.774,10.831],[124.738,10.862],[124.733,10.868],[124.728,10.886],[124.718,10.906],[124.692,10.94],[124.65,10.971],[124.643,10.977],[124.637,10.994],[124.622,11.002],[124.67,11.064],[124.604,11.157],[124.559,11.112],[124.498,11.109],[124.488,11.066],[124.55,10.983]]],[[[124.976,11.334],[124.966,11.318],[124.965,11.306],[124.966,11.294],[124.969,11.289],[124.972,11.287],[124.974,11.277],[124.976,11.273],[124.981,11.268],[124.985,11.266],[124.988,11.265],[124.993,11.262],[125.005,11.257],[125.014,11.257],[125.019,11.253],[125.023,11.228],[125.028,11.229],[125.033,11.236],[125.034,11.248],[125.042,11.248],[125.043,11.217],[125.042,11.207],[125.039,11.198],[124.985,11.192],[124.933,11.237],[124.92,11.324],[124.976,11.334]]],[[[124.622,11.002],[124.602,11.003],[124.583,11.001],[124.563,10.994],[124.55,10.983],[124.488,11.066],[124.498,11.109],[124.559,11.112],[124.604,11.157],[124.67,11.064],[124.622,11.002]]]]}},{"type":"Feature","id":"PH-LUN","properties":{"id":"PH-LUN","countryCode":"PH","isoSubdivision":"PH-LUN","name":"La Union","name_en":"La Union","name_ko":"라우니온","type":"Province","labelLongitude":120.436,"labelLatitude":16.557,"minZoom":8},"geometry":{"type":"Polygon","coordinates":[[[120.401,16.21],[120.397,16.229],[120.386,16.252],[120.354,16.292],[120.354,16.271],[120.349,16.28],[120.342,16.286],[120.336,16.292],[120.312,16.456],[120.299,16.494],[120.307,16.545],[120.298,16.569],[120.284,16.593],[120.276,16.612],[120.285,16.621],[120.285,16.617],[120.288,16.615],[120.295,16.614],[120.307,16.614],[120.307,16.621],[120.301,16.633],[120.303,16.655],[120.308,16.678],[120.326,16.713],[120.323,16.734],[120.316,16.756],[120.312,16.778],[120.314,16.8],[120.316,16.809],[120.32,16.819],[120.326,16.831],[120.334,16.837],[120.342,16.842],[120.351,16.85],[120.398,16.919],[120.413,16.913],[120.43,16.907],[120.445,16.907],[120.478,16.914],[120.478,16.913],[120.493,16.91],[120.502,16.911],[120.509,16.916],[120.516,16.917],[120.524,16.912],[120.526,16.9],[120.516,16.862],[120.514,16.848],[120.521,16.832],[120.53,16.821],[120.536,16.81],[120.532,16.794],[120.545,16.789],[120.55,16.775],[120.55,16.733],[120.547,16.715],[120.548,16.708],[120.554,16.695],[120.562,16.685],[120.595,16.653],[120.514,16.566],[120.483,16.516],[120.472,16.464],[120.488,16.344],[120.504,16.284],[120.526,16.232],[120.509,16.21],[120.481,16.204],[120.419,16.207],[120.401,16.21]]]}},{"type":"Feature","id":"PH-MAD","properties":{"id":"PH-MAD","countryCode":"PH","isoSubdivision":"PH-MAD","name":"Marinduque","name_en":"Marinduque","name_ko":"마린두케","type":"Province","labelLongitude":121.971,"labelLatitude":13.372,"minZoom":8},"geometry":{"type":"Polygon","coordinates":[[[122.102,13.417],[122.105,13.408],[122.124,13.395],[122.129,13.386],[122.12,13.357],[122.062,13.299],[122.04,13.27],[122.049,13.248],[122.04,13.231],[122.009,13.205],[121.993,13.202],[121.977,13.213],[121.963,13.228],[121.954,13.236],[121.943,13.24],[121.909,13.27],[121.901,13.272],[121.883,13.273],[121.875,13.276],[121.865,13.284],[121.848,13.311],[121.817,13.342],[121.814,13.352],[121.818,13.376],[121.817,13.383],[121.814,13.398],[121.814,13.451],[121.817,13.465],[121.824,13.474],[121.851,13.521],[121.854,13.53],[121.856,13.558],[121.859,13.565],[121.873,13.569],[121.888,13.555],[121.909,13.523],[121.914,13.529],[121.925,13.539],[121.93,13.545],[121.945,13.529],[121.968,13.524],[121.989,13.53],[121.998,13.551],[122.011,13.542],[122.02,13.534],[122.023,13.523],[122.019,13.509],[122.034,13.515],[122.045,13.509],[122.049,13.499],[122.04,13.489],[122.044,13.485],[122.055,13.478],[122.06,13.476],[122.075,13.485],[122.097,13.48],[122.115,13.465],[122.122,13.448],[122.118,13.443],[122.111,13.441],[122.102,13.441],[122.101,13.434],[122.102,13.417]]]}},{"type":"Feature","id":"PH-MAG","properties":{"id":"PH-MAG","countryCode":"PH","isoSubdivision":"PH-MAG","name":"Maguindanao","name_en":"Maguindanao","name_ko":"마긴다나오","type":"Province","labelLongitude":124.437,"labelLatitude":6.981,"minZoom":8},"geometry":{"type":"Polygon","coordinates":[[[124.219,7.321],[124.221,7.347],[124.226,7.366],[124.247,7.404],[124.232,7.415],[124.219,7.416],[124.188,7.41],[124.176,7.416],[124.167,7.432],[124.383,7.621],[124.465,7.67],[124.449,7.539],[124.456,7.506],[124.483,7.47],[124.493,7.45],[124.493,7.433],[124.333,7.201],[124.326,7.175],[124.34,7.17],[124.348,7.166],[124.365,7.168],[124.378,7.172],[124.38,7.174],[124.389,7.18],[124.401,7.194],[124.422,7.223],[124.435,7.235],[124.453,7.239],[124.477,7.235],[124.49,7.228],[124.492,7.214],[124.484,7.189],[124.448,7.106],[124.447,7.098],[124.459,7.082],[124.472,7.069],[124.485,7.061],[124.499,7.056],[124.517,7.055],[124.534,7.05],[124.555,7.034],[124.559,7.034],[124.559,7.013],[124.56,7.006],[124.562,6.999],[124.566,6.993],[124.582,6.982],[124.595,6.977],[124.627,6.97],[124.64,6.964],[124.653,6.956],[124.667,6.95],[124.682,6.951],[124.692,6.959],[124.708,6.986],[124.721,6.996],[124.715,7.001],[124.71,7.005],[124.713,7.02],[124.708,7.036],[124.697,7.049],[124.682,7.057],[124.667,7.079],[124.684,7.096],[124.712,7.111],[124.722,7.119],[124.722,7.125],[124.71,7.134],[124.699,7.147],[124.693,7.164],[124.698,7.177],[124.722,7.201],[124.737,7.184],[124.741,7.178],[124.742,7.176],[124.78,7.114],[124.798,7.075],[124.794,7.056],[124.787,7.048],[124.783,7.032],[124.781,7.014],[124.781,7],[124.786,6.981],[124.795,6.974],[124.833,6.975],[124.837,6.768],[124.845,6.759],[124.896,6.729],[124.879,6.703],[124.877,6.684],[124.887,6.664],[124.909,6.639],[124.908,6.639],[124.868,6.636],[124.836,6.642],[124.808,6.657],[124.778,6.682],[124.76,6.71],[124.741,6.744],[124.72,6.772],[124.694,6.778],[124.711,6.846],[124.639,6.844],[124.643,6.86],[124.6,6.849],[124.579,6.84],[124.567,6.83],[124.576,6.801],[124.577,6.793],[124.558,6.754],[124.52,6.734],[124.472,6.726],[124.267,6.727],[124.248,6.731],[124.248,6.739],[124.252,6.748],[124.246,6.757],[124.222,6.762],[124.039,6.759],[124.037,6.759],[124.04,6.779],[124.037,6.8],[124.017,6.808],[124.014,6.806],[124.003,6.79],[123.997,6.786],[123.994,6.788],[123.993,6.792],[123.989,6.794],[123.982,6.797],[123.975,6.804],[123.969,6.813],[123.966,6.821],[123.965,6.832],[123.971,6.851],[123.973,6.859],[123.975,6.965],[123.989,7.016],[124.029,7.115],[124.051,7.137],[124.068,7.141],[124.091,7.153],[124.129,7.178],[124.167,7.208],[124.184,7.226],[124.229,7.182],[124.281,7.165],[124.305,7.222],[124.281,7.266],[124.251,7.315],[124.219,7.321]]]}},{"type":"Feature","id":"PH-MAS","properties":{"id":"PH-MAS","countryCode":"PH","isoSubdivision":"PH-MAS","name":"Masbate","name_en":"Masbate","name_ko":"마스바테","type":"Province","labelLongitude":123.611,"labelLatitude":12.228,"minZoom":8},"geometry":{"type":"MultiPolygon","coordinates":[[[[124.055,11.8],[124.059,11.784],[124.067,11.764],[124.073,11.744],[124.069,11.728],[124.055,11.726],[124.042,11.743],[124.021,11.783],[124.008,11.797],[123.974,11.825],[123.946,11.836],[123.924,11.86],[123.89,11.871],[123.875,11.885],[123.856,11.913],[123.843,11.906],[123.824,11.91],[123.787,11.926],[123.764,11.916],[123.743,11.927],[123.725,11.945],[123.712,11.954],[123.716,11.967],[123.722,11.976],[123.732,11.981],[123.746,11.981],[123.733,12.008],[123.727,11.999],[123.725,11.995],[123.719,11.995],[123.711,12.007],[123.698,12.021],[123.685,12.032],[123.659,12.043],[123.651,12.057],[123.653,12.069],[123.671,12.071],[123.649,12.078],[123.629,12.076],[123.615,12.079],[123.604,12.119],[123.591,12.135],[123.561,12.167],[123.546,12.188],[123.54,12.194],[123.511,12.206],[123.503,12.211],[123.485,12.218],[123.462,12.216],[123.439,12.208],[123.424,12.201],[123.412,12.188],[123.382,12.145],[123.373,12.119],[123.365,12.106],[123.355,12.095],[123.345,12.091],[123.334,12.09],[123.328,12.085],[123.321,12.071],[123.266,12.008],[123.181,11.931],[123.16,11.918],[123.15,11.93],[123.152,11.95],[123.157,11.974],[123.165,11.994],[123.174,12.003],[123.185,12.005],[123.19,12.012],[123.191,12.021],[123.191,12.033],[123.193,12.046],[123.199,12.057],[123.206,12.066],[123.211,12.077],[123.21,12.115],[123.216,12.133],[123.232,12.126],[123.237,12.139],[123.244,12.15],[123.255,12.157],[123.27,12.159],[123.277,12.164],[123.273,12.176],[123.26,12.194],[123.274,12.203],[123.287,12.208],[123.295,12.217],[123.294,12.236],[123.26,12.237],[123.237,12.235],[123.218,12.228],[123.219,12.235],[123.218,12.265],[123.219,12.268],[123.221,12.27],[123.249,12.307],[123.252,12.321],[123.256,12.35],[123.27,12.401],[123.273,12.424],[123.271,12.439],[123.266,12.447],[123.256,12.454],[123.242,12.465],[123.232,12.581],[123.235,12.593],[123.242,12.595],[123.252,12.592],[123.262,12.586],[123.277,12.58],[123.306,12.575],[123.321,12.571],[123.331,12.564],[123.338,12.557],[123.347,12.551],[123.356,12.549],[123.355,12.548],[123.356,12.543],[123.338,12.547],[123.34,12.532],[123.356,12.496],[123.35,12.488],[123.339,12.479],[123.327,12.468],[123.321,12.451],[123.326,12.438],[123.338,12.445],[123.356,12.468],[123.359,12.469],[123.369,12.47],[123.373,12.471],[123.375,12.476],[123.375,12.485],[123.376,12.489],[123.374,12.49],[123.379,12.501],[123.386,12.513],[123.39,12.512],[123.398,12.519],[123.415,12.521],[123.434,12.519],[123.448,12.512],[123.48,12.481],[123.496,12.469],[123.513,12.461],[123.547,12.461],[123.552,12.457],[123.564,12.44],[123.572,12.432],[123.581,12.413],[123.593,12.394],[123.609,12.386],[123.609,12.379],[123.598,12.378],[123.59,12.372],[123.587,12.363],[123.588,12.351],[123.622,12.368],[123.637,12.37],[123.643,12.355],[123.648,12.348],[123.658,12.346],[123.669,12.346],[123.678,12.345],[123.688,12.338],[123.697,12.33],[123.704,12.321],[123.767,12.214],[123.794,12.187],[123.788,12.231],[123.795,12.247],[123.818,12.232],[123.849,12.201],[123.863,12.203],[123.874,12.21],[123.882,12.213],[123.89,12.201],[123.89,12.208],[123.899,12.188],[123.952,12.105],[123.958,12.101],[123.973,12.096],[123.979,12.091],[123.983,12.082],[123.993,12.049],[123.998,12.04],[124.04,11.988],[124.05,11.971],[124.055,11.954],[124.038,11.965],[124.018,11.996],[124,12.008],[124.003,11.998],[124.007,11.991],[124.021,11.975],[124.01,11.966],[124.013,11.954],[124.034,11.926],[124.058,11.875],[124.062,11.862],[124.062,11.838],[124.056,11.811],[124.055,11.8]]],[[[123.787,12.376],[123.793,12.355],[123.795,12.343],[123.791,12.338],[123.782,12.341],[123.775,12.349],[123.769,12.359],[123.767,12.369],[123.763,12.378],[123.733,12.406],[123.583,12.624],[123.58,12.633],[123.581,12.646],[123.588,12.646],[123.597,12.641],[123.602,12.655],[123.605,12.674],[123.609,12.687],[123.618,12.687],[123.63,12.678],[123.647,12.657],[123.696,12.628],[123.705,12.625],[123.704,12.619],[123.701,12.615],[123.691,12.612],[123.705,12.612],[123.717,12.608],[123.726,12.601],[123.733,12.591],[123.728,12.574],[123.736,12.554],[123.747,12.534],[123.753,12.519],[123.756,12.503],[123.771,12.471],[123.782,12.419],[123.784,12.414],[123.789,12.409],[123.79,12.398],[123.787,12.376]]],[[[123.28,12.865],[123.287,12.815],[123.361,12.737],[123.376,12.694],[123.341,12.718],[123.273,12.811],[123.252,12.833],[123.238,12.841],[123.201,12.849],[123.185,12.858],[123.11,12.924],[123.102,12.938],[123.098,12.939],[123.08,12.957],[123.078,12.962],[123.07,12.965],[123.066,12.972],[123.064,12.981],[123.061,12.988],[123.035,13.004],[122.974,13.019],[122.951,13.044],[122.944,13.1],[122.945,13.111],[122.958,13.12],[122.975,13.122],[122.989,13.129],[122.992,13.154],[123.004,13.15],[123.017,13.144],[123.04,13.128],[123.05,13.118],[123.059,13.108],[123.074,13.085],[123.095,13.044],[123.118,13.025],[123.122,13.02],[123.125,13.008],[123.139,12.983],[123.142,12.971],[123.145,12.969],[123.16,12.938],[123.177,12.922],[123.201,12.906],[123.227,12.898],[123.246,12.906],[123.262,12.898],[123.269,12.888],[123.273,12.877],[123.28,12.865]]]]}},{"type":"Feature","id":"PH-MDC","properties":{"id":"PH-MDC","countryCode":"PH","isoSubdivision":"PH-MDC","name":"Occidental Mindoro","name_en":"Occidental Mindoro","name_ko":"서민도로","type":"Province","labelLongitude":121.085,"labelLatitude":12.659,"minZoom":8},"geometry":{"type":"MultiPolygon","coordinates":[[[[121.248,12.22],[121.245,12.214],[121.23,12.214],[121.208,12.236],[121.194,12.242],[121.132,12.242],[121.114,12.251],[121.099,12.275],[121.093,12.304],[121.101,12.331],[121.107,12.314],[121.116,12.305],[121.128,12.304],[121.143,12.31],[121.135,12.313],[121.128,12.313],[121.122,12.31],[121.115,12.328],[121.115,12.331],[121.094,12.345],[121.087,12.343],[121.087,12.324],[121.071,12.333],[121.051,12.349],[121.033,12.368],[121.021,12.39],[120.995,12.414],[120.987,12.416],[120.981,12.423],[120.939,12.494],[120.926,12.502],[120.916,12.512],[120.918,12.536],[120.929,12.578],[120.928,12.598],[120.922,12.617],[120.912,12.635],[120.886,12.665],[120.869,12.7],[120.855,12.715],[120.832,12.724],[120.812,12.724],[120.798,12.729],[120.792,12.753],[120.791,12.764],[120.786,12.783],[120.785,12.794],[120.782,12.806],[120.765,12.831],[120.766,12.841],[120.771,12.847],[120.776,12.853],[120.779,12.859],[120.78,12.868],[120.777,12.916],[120.767,12.947],[120.758,13.002],[120.741,13.033],[120.697,13.092],[120.665,13.156],[120.642,13.183],[120.595,13.199],[120.576,13.221],[120.56,13.229],[120.525,13.226],[120.515,13.231],[120.526,13.249],[120.5,13.273],[120.48,13.302],[120.468,13.333],[120.46,13.404],[120.452,13.42],[120.44,13.427],[120.433,13.427],[120.415,13.423],[120.408,13.42],[120.4,13.415],[120.396,13.409],[120.392,13.404],[120.388,13.399],[120.368,13.383],[120.356,13.381],[120.34,13.386],[120.328,13.397],[120.317,13.411],[120.309,13.428],[120.307,13.444],[120.311,13.467],[120.322,13.488],[120.338,13.505],[120.357,13.518],[120.38,13.526],[120.403,13.527],[120.472,13.512],[120.532,13.509],[120.545,13.511],[120.555,13.513],[120.565,13.513],[120.585,13.502],[120.595,13.499],[120.614,13.496],[120.653,13.497],[120.677,13.493],[120.69,13.482],[120.706,13.49],[120.719,13.485],[120.737,13.468],[120.755,13.467],[120.77,13.471],[120.799,13.482],[120.888,13.502],[120.893,13.505],[120.895,13.498],[120.9,13.449],[120.899,13.423],[120.892,13.403],[120.779,13.255],[121.195,13.077],[121.232,13.056],[121.248,13.031],[121.248,12.22]]],[[[120.261,13.712],[120.269,13.707],[120.277,13.706],[120.283,13.702],[120.285,13.691],[120.269,13.679],[120.264,13.674],[120.258,13.682],[120.251,13.694],[120.243,13.704],[120.234,13.708],[120.219,13.711],[120.214,13.718],[120.21,13.727],[120.203,13.736],[120.193,13.743],[120.183,13.747],[120.172,13.749],[120.159,13.749],[120.153,13.753],[120.141,13.767],[120.108,13.777],[120.092,13.795],[120.083,13.818],[120.08,13.842],[120.081,13.853],[120.086,13.861],[120.093,13.865],[120.104,13.866],[120.118,13.861],[120.143,13.849],[120.164,13.835],[120.169,13.825],[120.183,13.829],[120.203,13.825],[120.222,13.815],[120.238,13.805],[120.272,13.753],[120.267,13.741],[120.257,13.733],[120.253,13.724],[120.261,13.712]]],[[[121.116,12.197],[121.128,12.175],[121.131,12.164],[121.128,12.16],[121.119,12.158],[121.109,12.163],[121.099,12.169],[121.09,12.174],[121.084,12.183],[121.08,12.198],[121.07,12.211],[121.052,12.221],[121.04,12.252],[121.06,12.278],[121.088,12.267],[121.098,12.245],[121.105,12.211],[121.11,12.203],[121.114,12.199],[121.116,12.197]]]]}},{"type":"Feature","id":"PH-MDE","properties":{"id":"PH-MDE","countryCode":"PH","isoSubdivision":"PH-MDE","name":"Mandaue","name_en":"Mandaue","name_ko":"만다웨","type":"Highly Urbanized City","labelLongitude":123.933,"labelLatitude":10.336,"minZoom":8},"geometry":{"type":"Polygon","coordinates":[[[123.98,10.377],[123.973,10.371],[123.971,10.362],[123.973,10.327],[123.961,10.323],[123.934,10.309],[123.914,10.346],[123.935,10.401],[123.98,10.377]]]}},{"type":"Feature","id":"PH-MDR","properties":{"id":"PH-MDR","countryCode":"PH","isoSubdivision":"PH-MDR","name":"Oriental Mindoro","name_en":"Oriental Mindoro","name_ko":"동민도로","type":"Province","labelLongitude":121.36,"labelLatitude":12.853,"minZoom":8},"geometry":{"type":"Polygon","coordinates":[[[120.893,13.505],[120.915,13.517],[120.928,13.505],[120.937,13.508],[120.945,13.513],[120.95,13.53],[120.964,13.526],[120.969,13.527],[120.977,13.53],[120.979,13.527],[120.984,13.523],[120.98,13.514],[120.974,13.508],[120.967,13.504],[120.957,13.503],[120.963,13.494],[120.973,13.483],[120.985,13.473],[120.995,13.468],[121.004,13.46],[121.027,13.422],[121.043,13.413],[121.109,13.416],[121.125,13.405],[121.122,13.372],[121.128,13.372],[121.13,13.378],[121.133,13.394],[121.135,13.399],[121.139,13.405],[121.141,13.407],[121.149,13.413],[121.159,13.418],[121.172,13.421],[121.183,13.428],[121.19,13.441],[121.197,13.441],[121.218,13.404],[121.334,13.311],[121.376,13.245],[121.392,13.236],[121.414,13.233],[121.431,13.224],[121.441,13.209],[121.444,13.188],[121.441,13.177],[121.436,13.167],[121.433,13.156],[121.436,13.146],[121.448,13.139],[121.459,13.14],[121.47,13.144],[121.481,13.146],[121.505,13.145],[121.527,13.141],[121.544,13.13],[121.553,13.111],[121.549,13.091],[121.536,13.077],[121.502,13.054],[121.49,13.037],[121.483,13.015],[121.482,12.991],[121.492,12.93],[121.492,12.913],[121.483,12.872],[121.485,12.859],[121.478,12.859],[121.483,12.831],[121.486,12.768],[121.495,12.745],[121.522,12.711],[121.526,12.704],[121.527,12.692],[121.531,12.676],[121.536,12.66],[121.546,12.644],[121.547,12.637],[121.546,12.611],[121.543,12.609],[121.538,12.609],[121.532,12.605],[121.493,12.549],[121.481,12.539],[121.457,12.523],[121.449,12.521],[121.442,12.522],[121.438,12.522],[121.436,12.512],[121.437,12.496],[121.439,12.489],[121.444,12.482],[121.436,12.475],[121.43,12.482],[121.426,12.475],[121.425,12.47],[121.426,12.464],[121.43,12.455],[121.412,12.443],[121.412,12.415],[121.425,12.384],[121.444,12.365],[121.444,12.358],[121.403,12.37],[121.384,12.369],[121.382,12.351],[121.387,12.345],[121.389,12.336],[121.387,12.327],[121.382,12.318],[121.39,12.313],[121.395,12.308],[121.396,12.3],[121.396,12.29],[121.366,12.308],[121.355,12.324],[121.34,12.317],[121.316,12.296],[121.303,12.293],[121.291,12.286],[121.273,12.269],[121.248,12.22],[121.248,13.031],[121.232,13.056],[121.195,13.077],[120.779,13.255],[120.892,13.403],[120.899,13.423],[120.9,13.449],[120.895,13.498],[120.893,13.505]]]}},{"type":"Feature","id":"PH-MNL","properties":{"id":"PH-MNL","countryCode":"PH","isoSubdivision":"PH-MNL","name":"Las Pinas","name_en":"Las Pinas","name_ko":"라스 피나스","type":"Highly Urbanized City","labelLongitude":120.995,"labelLatitude":14.459,"minZoom":8},"geometry":{"type":"MultiPolygon","coordinates":[[[[120.961,14.495],[120.97,14.502],[120.973,14.506],[120.987,14.49],[120.998,14.485],[120.998,14.479],[121.008,14.471],[121.011,14.458],[121.022,14.452],[121.025,14.443],[121.033,14.439],[121.031,14.433],[121.032,14.427],[121.022,14.415],[121.02,14.402],[121.014,14.397],[121.013,14.401],[120.988,14.441],[120.976,14.449],[120.973,14.477],[120.961,14.495]]],[[[120.973,14.506],[120.98,14.515],[120.984,14.534],[121.006,14.532],[121.005,14.518],[121.008,14.51],[121.021,14.512],[121.032,14.506],[121.045,14.507],[121.057,14.502],[121.056,14.465],[121.056,14.449],[121.033,14.439],[121.025,14.443],[121.022,14.452],[121.011,14.458],[121.008,14.471],[120.998,14.479],[120.998,14.485],[120.987,14.49],[120.973,14.506]]],[[[120.984,14.534],[120.98,14.557],[121.006,14.558],[121.009,14.55],[121.017,14.546],[121.018,14.537],[121.023,14.53],[121.032,14.527],[121.045,14.507],[121.032,14.506],[121.021,14.512],[121.008,14.51],[121.005,14.518],[121.006,14.532],[120.984,14.534]]],[[[120.98,14.557],[120.959,14.592],[120.95,14.613],[120.948,14.628],[120.977,14.628],[120.986,14.629],[120.991,14.63],[121.001,14.627],[120.999,14.618],[121.03,14.597],[121.037,14.589],[121.026,14.575],[121.006,14.558],[120.98,14.557]]],[[[120.948,14.628],[120.943,14.654],[120.937,14.667],[120.916,14.694],[120.922,14.702],[120.934,14.693],[120.929,14.688],[120.937,14.679],[120.945,14.673],[120.955,14.653],[120.959,14.643],[120.965,14.643],[120.969,14.636],[120.977,14.628],[120.948,14.628]]],[[[121.015,14.359],[121.017,14.387],[121.014,14.397],[121.02,14.402],[121.022,14.415],[121.032,14.427],[121.031,14.433],[121.033,14.439],[121.056,14.449],[121.056,14.465],[121.064,14.471],[121.073,14.47],[121.135,14.454],[121.143,14.388],[121.067,14.385],[121.061,14.379],[121.057,14.378],[121.052,14.38],[121.039,14.373],[121.028,14.363],[121.015,14.359]]],[[[121.058,14.767],[121.108,14.752],[121.116,14.753],[121.113,14.744],[121.102,14.741],[121.098,14.733],[121.089,14.728],[121.066,14.727],[121.051,14.725],[121.036,14.715],[121.026,14.708],[121.026,14.695],[121.022,14.698],[121.017,14.698],[121.011,14.703],[121.012,14.714],[121.017,14.715],[121.019,14.725],[121.018,14.73],[121.009,14.739],[121.031,14.749],[121.04,14.764],[121.058,14.767]]],[[[120.969,14.636],[120.971,14.642],[120.972,14.651],[120.98,14.652],[121,14.653],[121.008,14.661],[121.004,14.665],[121.011,14.673],[121.018,14.674],[121.025,14.679],[121.036,14.679],[121.023,14.667],[121.009,14.65],[121.001,14.636],[121.001,14.627],[120.991,14.63],[120.986,14.629],[120.977,14.628],[120.969,14.636]]],[[[120.934,14.693],[120.955,14.679],[120.953,14.689],[120.963,14.686],[120.969,14.674],[120.973,14.667],[120.981,14.666],[120.994,14.66],[121.004,14.665],[121.008,14.661],[121,14.653],[120.98,14.652],[120.972,14.651],[120.971,14.642],[120.969,14.636],[120.965,14.643],[120.959,14.643],[120.955,14.653],[120.945,14.673],[120.937,14.679],[120.929,14.688],[120.934,14.693]]],[[[120.967,14.707],[120.99,14.716],[120.998,14.735],[121.009,14.739],[121.018,14.73],[121.019,14.725],[121.017,14.715],[121.012,14.714],[121.011,14.703],[121.017,14.698],[121.022,14.698],[121.026,14.695],[121.026,14.689],[121.037,14.685],[121.036,14.679],[121.025,14.679],[121.018,14.674],[121.011,14.673],[121.004,14.665],[120.994,14.66],[120.981,14.666],[120.973,14.667],[120.969,14.674],[120.963,14.686],[120.953,14.689],[120.932,14.721],[120.953,14.721],[120.967,14.707]]],[[[121.129,14.761],[121.154,14.758],[121.143,14.742],[121.137,14.739],[121.137,14.726],[121.146,14.719],[121.131,14.689],[121.126,14.663],[121.118,14.66],[121.114,14.658],[121.103,14.644],[121.095,14.644],[121.098,14.636],[121.094,14.63],[121.089,14.618],[121.092,14.609],[121.104,14.597],[121.099,14.596],[121.096,14.584],[121.085,14.587],[121.071,14.584],[121.071,14.594],[121.07,14.6],[121.064,14.599],[121.062,14.602],[121.051,14.603],[121.049,14.6],[121.045,14.603],[121.035,14.607],[121.03,14.597],[120.999,14.618],[121.001,14.627],[121.001,14.636],[121.009,14.65],[121.023,14.667],[121.036,14.679],[121.037,14.685],[121.026,14.689],[121.026,14.695],[121.026,14.708],[121.036,14.715],[121.051,14.725],[121.066,14.727],[121.089,14.728],[121.098,14.733],[121.102,14.741],[121.113,14.744],[121.116,14.753],[121.123,14.754],[121.129,14.761]]],[[[121.125,14.525],[121.135,14.454],[121.073,14.47],[121.064,14.471],[121.056,14.465],[121.057,14.502],[121.045,14.507],[121.032,14.527],[121.042,14.532],[121.056,14.538],[121.057,14.544],[121.052,14.55],[121.052,14.554],[121.061,14.553],[121.065,14.557],[121.073,14.551],[121.068,14.543],[121.068,14.539],[121.07,14.531],[121.074,14.531],[121.077,14.535],[121.085,14.536],[121.087,14.541],[121.092,14.543],[121.095,14.541],[121.105,14.541],[121.109,14.541],[121.125,14.525]]],[[[121.126,14.663],[121.15,14.656],[121.152,14.646],[121.147,14.625],[121.131,14.628],[121.122,14.621],[121.118,14.609],[121.114,14.612],[121.105,14.614],[121.097,14.615],[121.092,14.609],[121.089,14.618],[121.094,14.63],[121.098,14.636],[121.095,14.644],[121.103,14.644],[121.114,14.658],[121.118,14.66],[121.126,14.663]]],[[[121.118,14.609],[121.126,14.595],[121.124,14.575],[121.119,14.566],[121.124,14.557],[121.118,14.548],[121.125,14.525],[121.109,14.541],[121.105,14.541],[121.095,14.541],[121.092,14.543],[121.091,14.547],[121.086,14.55],[121.08,14.548],[121.079,14.551],[121.08,14.557],[121.064,14.565],[121.069,14.571],[121.073,14.581],[121.071,14.584],[121.085,14.587],[121.096,14.584],[121.099,14.596],[121.104,14.597],[121.092,14.609],[121.097,14.615],[121.105,14.614],[121.114,14.612],[121.118,14.609]]],[[[121.074,14.531],[121.07,14.531],[121.068,14.539],[121.068,14.543],[121.073,14.551],[121.065,14.557],[121.061,14.553],[121.052,14.554],[121.052,14.55],[121.057,14.544],[121.056,14.538],[121.042,14.532],[121.032,14.527],[121.023,14.53],[121.018,14.537],[121.017,14.546],[121.009,14.55],[121.006,14.558],[121.026,14.575],[121.037,14.569],[121.045,14.562],[121.064,14.565],[121.08,14.557],[121.079,14.551],[121.08,14.548],[121.077,14.543],[121.077,14.535],[121.074,14.531]]],[[[121.077,14.535],[121.077,14.543],[121.08,14.548],[121.086,14.55],[121.091,14.547],[121.092,14.543],[121.087,14.541],[121.085,14.536],[121.077,14.535]]],[[[121.045,14.562],[121.037,14.569],[121.026,14.575],[121.037,14.589],[121.045,14.585],[121.057,14.588],[121.063,14.594],[121.071,14.594],[121.071,14.584],[121.073,14.581],[121.069,14.571],[121.064,14.565],[121.045,14.562]]],[[[121.035,14.607],[121.045,14.603],[121.049,14.6],[121.051,14.603],[121.062,14.602],[121.064,14.599],[121.07,14.6],[121.071,14.594],[121.063,14.594],[121.057,14.588],[121.045,14.585],[121.037,14.589],[121.03,14.597],[121.035,14.607]]]]}},{"type":"Feature","id":"PH-MOU","properties":{"id":"PH-MOU","countryCode":"PH","isoSubdivision":"PH-MOU","name":"Mountain","name_en":"Mountain","name_ko":"마운틴","type":"Province","labelLongitude":121.172,"labelLatitude":17.091,"minZoom":8},"geometry":{"type":"Polygon","coordinates":[[[121.571,17.25],[121.57,17.127],[121.563,17.087],[121.496,17.09],[121.435,17.086],[121.375,17.073],[121.311,17.05],[121.248,17.016],[121.225,17.01],[121.194,17.008],[121.099,17.014],[121.053,17.005],[121.009,16.983],[120.974,16.951],[120.955,16.91],[120.946,16.872],[120.936,16.856],[120.919,16.845],[120.902,16.843],[120.869,16.852],[120.851,16.846],[120.808,16.879],[120.791,16.897],[120.774,16.921],[120.788,16.959],[120.787,16.996],[120.781,17.034],[120.781,17.071],[120.791,17.106],[120.81,17.142],[120.838,17.171],[120.874,17.182],[120.897,17.188],[120.907,17.204],[120.915,17.249],[121.095,17.185],[121.194,17.168],[121.269,17.192],[121.341,17.258],[121.384,17.287],[121.424,17.298],[121.439,17.296],[121.48,17.277],[121.549,17.259],[121.571,17.25]]]}},{"type":"Feature","id":"PH-MSC","properties":{"id":"PH-MSC","countryCode":"PH","isoSubdivision":"PH-MSC","name":"Misamis Occidental","name_en":"Misamis Occidental","name_ko":"서미사미스","type":"Province","labelLongitude":123.717,"labelLatitude":8.338,"minZoom":8},"geometry":{"type":"Polygon","coordinates":[[[123.549,8.619],[123.561,8.614],[123.568,8.61],[123.572,8.605],[123.581,8.583],[123.591,8.593],[123.593,8.602],[123.592,8.612],[123.595,8.624],[123.6,8.633],[123.615,8.651],[123.603,8.663],[123.617,8.671],[123.633,8.668],[123.629,8.651],[123.71,8.633],[123.723,8.628],[123.731,8.619],[123.739,8.603],[123.746,8.603],[123.754,8.61],[123.759,8.607],[123.767,8.589],[123.765,8.589],[123.777,8.557],[123.781,8.552],[123.786,8.538],[123.828,8.487],[123.845,8.452],[123.858,8.409],[123.866,8.364],[123.869,8.243],[123.885,8.185],[123.883,8.164],[123.873,8.153],[123.768,8.059],[123.746,8.048],[123.702,8.046],[123.685,8.037],[123.678,8.011],[123.659,8.008],[123.641,8.009],[123.635,8.015],[123.632,8.022],[123.623,8.03],[123.612,8.033],[123.572,8.041],[123.555,8.071],[123.551,8.13],[123.556,8.232],[123.549,8.619]]]}},{"type":"Feature","id":"PH-MSR","properties":{"id":"PH-MSR","countryCode":"PH","isoSubdivision":"PH-MSR","name":"Misamis Oriental","name_en":"Misamis Oriental","name_ko":"동미사미스","type":"Province","labelLongitude":124.992,"labelLatitude":8.742,"minZoom":8},"geometry":{"type":"MultiPolygon","coordinates":[[[[124.753,8.562],[124.757,8.569],[124.77,8.586],[124.774,8.596],[124.771,8.616],[124.751,8.65],[124.746,8.671],[124.751,8.693],[124.763,8.706],[124.777,8.717],[124.788,8.734],[124.78,8.753],[124.781,8.775],[124.788,8.819],[124.788,8.904],[124.781,8.949],[124.782,8.971],[124.791,8.991],[124.799,9],[124.809,9.009],[124.821,9.015],[124.832,9.011],[124.844,9.004],[124.854,9.004],[124.864,9.007],[124.877,9.007],[124.895,9.003],[124.915,8.994],[124.931,8.983],[124.938,8.97],[124.947,8.962],[125.026,8.919],[125.034,8.912],[125.057,8.882],[125.073,8.873],[125.093,8.84],[125.106,8.83],[125.116,8.831],[125.137,8.843],[125.159,8.851],[125.176,8.861],[125.187,8.876],[125.195,8.961],[125.191,8.98],[125.188,8.986],[125.183,8.991],[125.179,8.998],[125.178,9.007],[125.18,9.019],[125.189,9.039],[125.191,9.052],[125.192,9.065],[125.194,9.072],[125.199,9.078],[125.204,9.082],[125.205,9.078],[125.206,9.067],[125.205,9.043],[125.208,9.032],[125.215,9.025],[125.223,9.018],[125.229,9.009],[125.234,8.988],[125.276,8.945],[125.323,8.886],[125.291,8.782],[125.293,8.738],[125.317,8.675],[125.321,8.59],[125.231,8.592],[124.93,8.596],[124.903,8.593],[124.877,8.581],[124.862,8.568],[124.846,8.552],[124.833,8.534],[124.826,8.516],[124.753,8.562]]],[[[124.262,8.324],[124.262,8.325],[124.265,8.334],[124.274,8.35],[124.275,8.355],[124.273,8.365],[124.274,8.369],[124.277,8.374],[124.284,8.379],[124.287,8.384],[124.296,8.405],[124.299,8.415],[124.302,8.452],[124.306,8.474],[124.322,8.515],[124.343,8.549],[124.371,8.581],[124.406,8.608],[124.445,8.624],[124.47,8.625],[124.476,8.615],[124.475,8.599],[124.48,8.583],[124.485,8.582],[124.509,8.577],[124.511,8.576],[124.517,8.575],[124.526,8.571],[124.541,8.562],[124.572,8.528],[124.51,8.477],[124.541,8.469],[124.538,8.439],[124.502,8.416],[124.437,8.35],[124.408,8.37],[124.394,8.375],[124.377,8.376],[124.352,8.371],[124.325,8.357],[124.321,8.355],[124.3,8.339],[124.275,8.325],[124.262,8.324]]],[[[124.572,8.528],[124.583,8.521],[124.6,8.516],[124.657,8.515],[124.648,8.496],[124.641,8.476],[124.636,8.454],[124.636,8.432],[124.643,8.432],[124.651,8.458],[124.663,8.476],[124.683,8.482],[124.712,8.473],[124.716,8.48],[124.733,8.493],[124.736,8.495],[124.75,8.499],[124.753,8.5],[124.754,8.507],[124.751,8.513],[124.748,8.517],[124.746,8.521],[124.75,8.552],[124.753,8.562],[124.826,8.516],[124.829,8.432],[124.821,8.412],[124.785,8.403],[124.62,8.414],[124.62,8.413],[124.59,8.281],[124.572,8.237],[124.558,8.238],[124.547,8.244],[124.54,8.255],[124.529,8.282],[124.522,8.29],[124.437,8.35],[124.502,8.416],[124.538,8.439],[124.541,8.469],[124.51,8.477],[124.572,8.528]]]]}},{"type":"Feature","id":"PH-NCO","properties":{"id":"PH-NCO","countryCode":"PH","isoSubdivision":"PH-NCO","name":"Cotabato","name_en":"Cotabato","name_ko":"코타바토","type":"Independent Component City","labelLongitude":124.246,"labelLatitude":7.225,"minZoom":8},"geometry":{"type":"MultiPolygon","coordinates":[[[[124.184,7.226],[124.195,7.254],[124.213,7.271],[124.219,7.28],[124.221,7.289],[124.219,7.321],[124.251,7.315],[124.281,7.266],[124.305,7.222],[124.281,7.165],[124.229,7.182],[124.184,7.226]]],[[[124.523,7.691],[124.542,7.678],[124.548,7.67],[124.558,7.651],[124.568,7.641],[124.581,7.63],[124.592,7.625],[124.603,7.622],[124.621,7.621],[124.648,7.623],[124.699,7.63],[124.727,7.628],[124.789,7.613],[124.808,7.611],[124.809,7.611],[124.812,7.601],[124.815,7.581],[124.818,7.572],[124.827,7.559],[124.836,7.551],[124.846,7.545],[124.856,7.535],[124.862,7.524],[124.867,7.511],[124.873,7.486],[124.875,7.448],[124.878,7.437],[124.882,7.428],[124.89,7.416],[124.899,7.41],[124.91,7.417],[124.917,7.426],[124.925,7.428],[124.933,7.426],[124.953,7.419],[124.966,7.403],[124.982,7.392],[124.994,7.39],[125.001,7.394],[125.006,7.401],[125.012,7.407],[125.034,7.413],[125.036,7.417],[125.048,7.421],[125.06,7.425],[125.067,7.436],[125.071,7.462],[125.076,7.471],[125.088,7.48],[125.121,7.491],[125.138,7.5],[125.158,7.515],[125.202,7.566],[125.202,7.567],[125.203,7.565],[125.211,7.567],[125.219,7.571],[125.222,7.574],[125.223,7.578],[125.226,7.583],[125.23,7.585],[125.236,7.585],[125.258,7.58],[125.266,7.579],[125.266,7.578],[125.266,7.57],[125.274,7.558],[125.277,7.548],[125.277,7.534],[125.245,7.43],[125.237,7.377],[125.236,7.362],[125.242,7.336],[125.244,7.302],[125.251,7.258],[125.25,7.239],[125.247,7.232],[125.235,7.215],[125.224,7.189],[125.223,7.183],[125.234,7.168],[125.248,7.156],[125.284,7.135],[125.298,7.122],[125.303,7.106],[125.306,7.048],[125.31,7.036],[125.314,7.031],[125.315,7.028],[125.309,7.02],[125.303,7.017],[125.279,7.009],[125.273,7.005],[125.269,7.003],[125.269,6.955],[125.166,6.845],[125.15,6.782],[124.896,6.729],[124.845,6.759],[124.837,6.768],[124.833,6.975],[124.795,6.974],[124.786,6.981],[124.781,7],[124.781,7.014],[124.783,7.032],[124.787,7.048],[124.794,7.056],[124.798,7.075],[124.78,7.114],[124.742,7.176],[124.741,7.178],[124.737,7.184],[124.722,7.201],[124.698,7.177],[124.693,7.164],[124.699,7.147],[124.71,7.134],[124.722,7.125],[124.722,7.119],[124.712,7.111],[124.684,7.096],[124.667,7.079],[124.682,7.057],[124.697,7.049],[124.708,7.036],[124.713,7.02],[124.71,7.005],[124.715,7.001],[124.721,6.996],[124.708,6.986],[124.692,6.959],[124.682,6.951],[124.667,6.95],[124.653,6.956],[124.64,6.964],[124.627,6.97],[124.595,6.977],[124.582,6.982],[124.566,6.993],[124.562,6.999],[124.56,7.006],[124.559,7.013],[124.559,7.034],[124.555,7.034],[124.534,7.05],[124.517,7.055],[124.499,7.056],[124.485,7.061],[124.472,7.069],[124.459,7.082],[124.447,7.098],[124.448,7.106],[124.484,7.189],[124.492,7.214],[124.49,7.228],[124.477,7.235],[124.453,7.239],[124.435,7.235],[124.422,7.223],[124.401,7.194],[124.389,7.18],[124.38,7.174],[124.378,7.172],[124.365,7.168],[124.348,7.166],[124.34,7.17],[124.326,7.175],[124.333,7.201],[124.493,7.433],[124.493,7.45],[124.483,7.47],[124.456,7.506],[124.449,7.539],[124.465,7.67],[124.507,7.69],[124.523,7.691]]]]}},{"type":"Feature","id":"PH-NEC","properties":{"id":"PH-NEC","countryCode":"PH","isoSubdivision":"PH-NEC","name":"Negros Occidental","name_en":"Negros Occidental","name_ko":"서네그로스","type":"Province","labelLongitude":122.985,"labelLatitude":10.414,"minZoom":8},"geometry":{"type":"Polygon","coordinates":[[[122.597,9.438],[122.591,9.451],[122.57,9.475],[122.552,9.491],[122.53,9.538],[122.516,9.549],[122.505,9.552],[122.497,9.562],[122.467,9.624],[122.457,9.638],[122.464,9.647],[122.461,9.655],[122.444,9.673],[122.438,9.668],[122.428,9.663],[122.423,9.658],[122.425,9.673],[122.431,9.699],[122.43,9.714],[122.425,9.71],[122.409,9.703],[122.403,9.699],[122.404,9.739],[122.409,9.776],[122.41,9.809],[122.395,9.837],[122.395,9.843],[122.406,9.853],[122.444,9.922],[122.462,9.966],[122.475,9.974],[122.495,9.977],[122.538,9.987],[122.56,9.987],[122.626,9.975],[122.643,9.967],[122.657,9.976],[122.708,9.986],[122.729,9.997],[122.782,10.053],[122.807,10.069],[122.827,10.058],[122.845,10.067],[122.873,10.1],[122.879,10.118],[122.876,10.143],[122.863,10.185],[122.855,10.228],[122.869,10.351],[122.859,10.394],[122.822,10.472],[122.815,10.515],[122.824,10.533],[122.843,10.541],[122.861,10.546],[122.869,10.553],[122.875,10.562],[122.91,10.598],[122.92,10.618],[123.025,10.593],[123.068,10.681],[122.976,10.742],[122.972,10.806],[122.969,10.811],[122.954,10.822],[122.951,10.827],[122.952,10.848],[122.954,10.856],[122.958,10.864],[122.966,10.876],[122.994,10.907],[123.003,10.913],[123.048,10.915],[123.068,10.919],[123.088,10.926],[123.17,10.977],[123.214,10.996],[123.26,10.995],[123.262,10.991],[123.265,10.984],[123.27,10.977],[123.277,10.974],[123.296,10.975],[123.301,10.974],[123.312,10.967],[123.33,10.951],[123.342,10.946],[123.354,10.948],[123.379,10.959],[123.39,10.96],[123.404,10.953],[123.401,10.945],[123.395,10.936],[123.396,10.926],[123.405,10.92],[123.413,10.924],[123.421,10.933],[123.431,10.94],[123.446,10.942],[123.457,10.94],[123.467,10.937],[123.503,10.928],[123.522,10.92],[123.535,10.905],[123.542,10.865],[123.547,10.856],[123.561,10.837],[123.564,10.835],[123.567,10.835],[123.571,10.835],[123.574,10.831],[123.576,10.826],[123.571,10.779],[123.562,10.76],[123.533,10.721],[123.517,10.681],[123.486,10.549],[123.474,10.527],[123.39,10.437],[123.379,10.422],[123.366,10.393],[123.347,10.394],[123.29,10.405],[123.266,10.414],[123.261,10.415],[123.257,10.417],[123.254,10.424],[123.253,10.429],[123.251,10.434],[123.248,10.437],[123.244,10.441],[123.219,10.445],[123.194,10.437],[123.169,10.426],[123.144,10.422],[123.176,10.301],[123.176,10.272],[123.163,10.24],[123.013,9.964],[122.597,9.438]]]}},{"type":"Feature","id":"PH-NER","properties":{"id":"PH-NER","countryCode":"PH","isoSubdivision":"PH-NER","name":"Negros Oriental","name_en":"Negros Oriental","name_ko":"동네그로스","type":"Province","labelLongitude":123.032,"labelLatitude":9.757,"minZoom":8},"geometry":{"type":"Polygon","coordinates":[[[123.366,10.393],[123.345,10.348],[123.342,10.327],[123.34,10.261],[123.335,10.241],[123.305,10.179],[123.301,10.155],[123.3,10.131],[123.297,10.111],[123.29,10.094],[123.244,10.026],[123.236,10.002],[123.229,9.995],[123.221,9.989],[123.218,9.984],[123.204,9.939],[123.176,9.908],[123.162,9.89],[123.157,9.868],[123.17,9.696],[123.165,9.672],[123.164,9.662],[123.16,9.647],[123.153,9.647],[123.144,9.649],[123.136,9.645],[123.135,9.618],[123.177,9.59],[123.17,9.563],[123.161,9.584],[123.144,9.574],[123.136,9.553],[123.153,9.541],[123.181,9.537],[123.19,9.527],[123.192,9.51],[123.198,9.487],[123.212,9.473],[123.233,9.46],[123.251,9.444],[123.267,9.398],[123.285,9.38],[123.305,9.362],[123.321,9.343],[123.328,9.303],[123.318,9.257],[123.299,9.215],[123.243,9.136],[123.239,9.12],[123.23,9.108],[123.161,9.066],[123.148,9.062],[123.112,9.062],[123.1,9.06],[123.08,9.051],[123.058,9.047],[123.043,9.037],[123.033,9.035],[122.99,9.049],[122.958,9.081],[122.934,9.121],[122.893,9.221],[122.887,9.288],[122.881,9.306],[122.869,9.323],[122.845,9.347],[122.828,9.359],[122.811,9.364],[122.745,9.367],[122.725,9.371],[122.681,9.394],[122.667,9.398],[122.657,9.401],[122.649,9.41],[122.642,9.419],[122.636,9.426],[122.624,9.429],[122.61,9.43],[122.599,9.433],[122.597,9.438],[123.013,9.964],[123.163,10.24],[123.176,10.272],[123.176,10.301],[123.144,10.422],[123.169,10.426],[123.194,10.437],[123.219,10.445],[123.244,10.441],[123.248,10.437],[123.251,10.434],[123.253,10.429],[123.254,10.424],[123.257,10.417],[123.261,10.415],[123.266,10.414],[123.29,10.405],[123.347,10.394],[123.366,10.393]]]}},{"type":"Feature","id":"PH-NSA","properties":{"id":"PH-NSA","countryCode":"PH","isoSubdivision":"PH-NSA","name":"Northern Samar","name_en":"Northern Samar","name_ko":"북사마르","type":"Province","labelLongitude":124.812,"labelLatitude":12.379,"minZoom":8},"geometry":{"type":"MultiPolygon","coordinates":[[[[124.371,12.29],[124.342,12.386],[124.276,12.533],[124.274,12.547],[124.277,12.559],[124.283,12.571],[124.293,12.58],[124.305,12.583],[124.313,12.579],[124.358,12.545],[124.363,12.544],[124.373,12.543],[124.399,12.555],[124.407,12.557],[124.413,12.555],[124.438,12.543],[124.454,12.538],[124.517,12.537],[124.521,12.536],[124.532,12.529],[124.535,12.526],[124.537,12.523],[124.542,12.524],[124.547,12.528],[124.551,12.53],[124.574,12.528],[124.596,12.523],[124.679,12.516],[124.868,12.53],[124.877,12.533],[124.887,12.54],[124.896,12.554],[124.89,12.564],[124.88,12.572],[124.877,12.584],[124.877,12.591],[124.895,12.585],[124.908,12.574],[124.919,12.562],[124.928,12.557],[124.941,12.563],[124.959,12.573],[124.973,12.576],[124.98,12.561],[124.99,12.562],[125.01,12.553],[125.029,12.543],[125.031,12.537],[125.037,12.536],[125.042,12.532],[125.05,12.529],[125.062,12.53],[125.07,12.533],[125.081,12.54],[125.092,12.547],[125.096,12.554],[125.1,12.575],[125.109,12.579],[125.137,12.571],[125.147,12.572],[125.157,12.576],[125.166,12.578],[125.175,12.574],[125.199,12.55],[125.248,12.519],[125.272,12.499],[125.274,12.482],[125.285,12.47],[125.306,12.458],[125.315,12.447],[125.326,12.421],[125.334,12.413],[125.35,12.399],[125.331,12.389],[125.313,12.367],[125.308,12.342],[125.329,12.324],[125.322,12.319],[125.319,12.314],[125.316,12.302],[125.298,12.291],[125.273,12.284],[125.256,12.307],[125.232,12.364],[125.209,12.376],[125.188,12.366],[125.172,12.343],[125.162,12.316],[125.149,12.305],[125.133,12.298],[125.1,12.291],[125.079,12.29],[125.07,12.288],[125.06,12.28],[125.048,12.264],[125.041,12.258],[125.03,12.255],[125.002,12.253],[124.925,12.258],[124.9,12.257],[124.884,12.25],[124.868,12.239],[124.846,12.227],[124.822,12.226],[124.799,12.238],[124.777,12.251],[124.755,12.258],[124.743,12.256],[124.731,12.251],[124.71,12.238],[124.692,12.23],[124.679,12.23],[124.65,12.25],[124.487,12.331],[124.47,12.331],[124.457,12.317],[124.445,12.3],[124.428,12.292],[124.371,12.29]]],[[[124.169,12.398],[124.149,12.415],[124.137,12.438],[124.134,12.459],[124.134,12.471],[124.143,12.469],[124.16,12.456],[124.177,12.433],[124.182,12.407],[124.169,12.398]]]]}},{"type":"Feature","id":"PH-NUE","properties":{"id":"PH-NUE","countryCode":"PH","isoSubdivision":"PH-NUE","name":"Nueva Ecija","name_en":"Nueva Ecija","name_ko":"누에바에시하","type":"Province","labelLongitude":120.998,"labelLatitude":15.686,"minZoom":8},"geometry":{"type":"Polygon","coordinates":[[[120.862,15.165],[120.845,15.167],[120.841,15.173],[120.841,15.19],[120.839,15.196],[120.831,15.201],[120.813,15.204],[120.805,15.207],[120.79,15.216],[120.78,15.226],[120.774,15.239],[120.776,15.26],[120.782,15.289],[120.777,15.302],[120.765,15.311],[120.751,15.326],[120.744,15.341],[120.743,15.356],[120.745,15.373],[120.755,15.414],[120.755,15.426],[120.75,15.453],[120.749,15.488],[120.747,15.5],[120.743,15.512],[120.738,15.525],[120.733,15.538],[120.733,15.552],[120.74,15.567],[120.753,15.582],[120.763,15.597],[120.763,15.611],[120.752,15.617],[120.711,15.619],[120.696,15.622],[120.662,15.658],[120.642,15.711],[120.627,15.819],[120.737,15.845],[120.768,15.844],[120.783,15.835],[120.794,15.822],[120.812,15.792],[120.824,15.79],[120.839,15.805],[120.852,15.825],[120.86,15.839],[120.876,15.885],[120.884,15.9],[120.894,15.909],[120.903,15.915],[120.911,15.923],[120.919,15.937],[120.926,15.978],[120.917,16.02],[120.887,16.101],[120.91,16.121],[120.944,16.133],[120.981,16.137],[121.014,16.136],[121.095,16.118],[121.138,16.101],[121.168,16.081],[121.185,16.05],[121.191,16.015],[121.195,15.942],[121.207,15.898],[121.251,15.82],[121.267,15.778],[121.361,15.508],[121.368,15.471],[121.366,15.435],[121.332,15.328],[121.303,15.181],[121.252,15.183],[121.164,15.245],[121.118,15.26],[121.076,15.257],[120.938,15.221],[120.928,15.217],[120.916,15.215],[120.906,15.211],[120.897,15.187],[120.881,15.173],[120.862,15.165]]]}},{"type":"Feature","id":"PH-NUV","properties":{"id":"PH-NUV","countryCode":"PH","isoSubdivision":"PH-NUV","name":"Nueva Vizcaya","name_en":"Nueva Vizcaya","name_ko":"누에바비스카야","type":"Province","labelLongitude":121.101,"labelLatitude":16.373,"minZoom":8},"geometry":{"type":"Polygon","coordinates":[[[121.448,15.924],[121.267,15.778],[121.251,15.82],[121.207,15.898],[121.195,15.942],[121.191,16.015],[121.185,16.05],[121.168,16.081],[121.138,16.101],[121.095,16.118],[121.014,16.136],[120.981,16.137],[120.944,16.133],[120.91,16.121],[120.887,16.101],[120.874,16.144],[120.864,16.163],[120.847,16.175],[120.757,16.201],[120.755,16.231],[120.762,16.262],[120.777,16.291],[120.799,16.312],[120.815,16.319],[120.84,16.317],[120.857,16.325],[120.874,16.35],[120.891,16.39],[120.904,16.432],[120.906,16.461],[120.902,16.496],[120.903,16.597],[121.237,16.653],[121.28,16.665],[121.291,16.675],[121.303,16.696],[121.304,16.696],[121.317,16.705],[121.321,16.708],[121.323,16.714],[121.328,16.728],[121.337,16.742],[121.338,16.751],[121.337,16.759],[121.335,16.764],[121.38,16.713],[121.39,16.694],[121.397,16.682],[121.4,16.651],[121.358,16.447],[121.358,16.433],[121.37,16.418],[121.389,16.407],[121.411,16.402],[121.431,16.403],[121.427,16.365],[121.422,16.346],[121.411,16.334],[121.293,16.268],[121.288,16.26],[121.311,16.138],[121.322,16.106],[121.336,16.076],[121.448,15.924]]]}},{"type":"Feature","id":"PH-PAM","properties":{"id":"PH-PAM","countryCode":"PH","isoSubdivision":"PH-PAM","name":"Pampanga","name_en":"Pampanga","name_ko":"팜팡가","type":"Province","labelLongitude":120.651,"labelLatitude":15.022,"minZoom":8},"geometry":{"type":"MultiPolygon","coordinates":[[[[120.664,14.779],[120.656,14.781],[120.642,14.787],[120.632,14.795],[120.628,14.808],[120.629,14.842],[120.627,14.859],[120.621,14.873],[120.62,14.84],[120.621,14.832],[120.618,14.828],[120.608,14.818],[120.604,14.825],[120.601,14.826],[120.594,14.818],[120.606,14.885],[120.601,14.901],[120.586,14.903],[120.577,14.883],[120.573,14.839],[120.553,14.85],[120.545,14.837],[120.545,14.827],[120.533,14.837],[120.498,14.857],[120.483,14.872],[120.476,14.89],[120.469,14.927],[120.46,14.942],[120.433,14.979],[120.428,14.995],[120.426,15.013],[120.428,15.029],[120.426,15.044],[120.416,15.061],[120.4,15.074],[120.384,15.084],[120.371,15.096],[120.363,15.114],[120.36,15.131],[120.362,15.144],[120.369,15.156],[120.381,15.169],[120.403,15.171],[120.426,15.185],[120.465,15.221],[120.485,15.231],[120.556,15.254],[120.578,15.258],[120.599,15.256],[120.695,15.263],[120.731,15.272],[120.748,15.274],[120.752,15.271],[120.756,15.265],[120.764,15.259],[120.776,15.26],[120.774,15.239],[120.78,15.226],[120.79,15.216],[120.805,15.207],[120.813,15.204],[120.831,15.201],[120.839,15.196],[120.841,15.19],[120.841,15.173],[120.845,15.167],[120.862,15.165],[120.881,15.173],[120.897,15.187],[120.906,15.211],[120.916,15.215],[120.928,15.217],[120.938,15.221],[120.925,15.194],[120.92,15.18],[120.92,15.167],[120.924,15.159],[120.935,15.148],[120.939,15.143],[120.942,15.127],[120.941,15.11],[120.913,15.029],[120.905,15.015],[120.899,15.011],[120.882,15.007],[120.875,15.003],[120.878,15.002],[120.882,14.998],[120.886,14.992],[120.884,14.985],[120.876,14.978],[120.859,14.969],[120.853,14.961],[120.83,14.937],[120.756,14.912],[120.727,14.894],[120.718,14.881],[120.678,14.795],[120.673,14.789],[120.667,14.783],[120.664,14.779]],[[120.593,15.103],[120.637,15.116],[120.637,15.179],[120.569,15.176],[120.512,15.145],[120.553,15.135],[120.593,15.103]]],[[[120.637,15.179],[120.637,15.116],[120.593,15.103],[120.553,15.135],[120.512,15.145],[120.569,15.176],[120.637,15.179]]]]}},{"type":"Feature","id":"PH-PAN","properties":{"id":"PH-PAN","countryCode":"PH","isoSubdivision":"PH-PAN","name":"Pangasinan","name_en":"Pangasinan","name_ko":"팡가시난","type":"Province","labelLongitude":120.341,"labelLatitude":15.87,"minZoom":8},"geometry":{"type":"MultiPolygon","coordinates":[[[[119.889,15.801],[119.888,15.806],[119.892,15.823],[119.896,15.837],[119.899,15.853],[119.895,15.874],[119.879,15.915],[119.867,15.935],[119.854,15.949],[119.828,15.956],[119.813,15.942],[119.8,15.927],[119.785,15.929],[119.782,15.925],[119.771,15.915],[119.756,15.945],[119.758,16.059],[119.76,16.076],[119.775,16.118],[119.778,16.138],[119.775,16.147],[119.761,16.162],[119.758,16.172],[119.756,16.203],[119.758,16.217],[119.776,16.281],[119.782,16.322],[119.791,16.342],[119.802,16.358],[119.813,16.367],[119.817,16.368],[119.828,16.367],[119.833,16.367],[119.85,16.379],[119.854,16.381],[119.87,16.385],[119.892,16.387],[119.916,16.381],[119.926,16.365],[119.926,16.345],[119.902,16.251],[119.915,16.242],[119.96,16.231],[119.97,16.227],[119.976,16.218],[120.005,16.188],[120.015,16.182],[120.037,16.182],[120.05,16.181],[120.062,16.173],[120.08,16.155],[120.088,16.157],[120.091,16.153],[120.1,16.09],[120.106,16.07],[120.119,16.056],[120.139,16.046],[120.185,16.033],[120.209,16.033],[120.23,16.037],[120.248,16.048],[120.258,16.052],[120.296,15.983],[120.341,15.994],[120.402,16.042],[120.396,16.072],[120.365,16.109],[120.374,16.124],[120.379,16.134],[120.398,16.154],[120.402,16.165],[120.402,16.206],[120.401,16.21],[120.419,16.207],[120.481,16.204],[120.509,16.21],[120.526,16.232],[120.556,16.226],[120.642,16.192],[120.67,16.187],[120.699,16.189],[120.757,16.201],[120.847,16.175],[120.864,16.163],[120.874,16.144],[120.887,16.101],[120.917,16.02],[120.926,15.978],[120.919,15.937],[120.911,15.923],[120.903,15.915],[120.894,15.909],[120.884,15.9],[120.876,15.885],[120.86,15.839],[120.852,15.825],[120.839,15.805],[120.824,15.79],[120.812,15.792],[120.794,15.822],[120.783,15.835],[120.768,15.844],[120.737,15.845],[120.627,15.819],[120.616,15.846],[120.609,15.859],[120.601,15.87],[120.588,15.836],[120.577,15.8],[120.563,15.768],[120.537,15.743],[120.507,15.723],[120.491,15.716],[120.477,15.719],[120.463,15.728],[120.418,15.75],[120.395,15.753],[120.374,15.74],[120.358,15.718],[120.332,15.665],[120.307,15.644],[120.247,15.614],[120.233,15.652],[120.18,15.726],[120.162,15.764],[120.156,15.796],[120.15,15.811],[120.138,15.821],[120.125,15.823],[120.097,15.822],[120.083,15.824],[120.032,15.85],[120.008,15.853],[119.968,15.811],[119.946,15.802],[119.921,15.799],[119.892,15.801],[119.889,15.801]]],[[[120.005,16.269],[120.011,16.255],[120.012,16.242],[120.006,16.232],[119.993,16.23],[119.981,16.239],[119.976,16.247],[119.957,16.262],[119.937,16.288],[119.926,16.295],[119.922,16.304],[119.928,16.313],[119.943,16.329],[119.953,16.332],[119.961,16.335],[119.963,16.339],[119.965,16.344],[119.973,16.351],[119.984,16.349],[119.991,16.344],[119.995,16.338],[119.997,16.331],[120.006,16.312],[120.005,16.269]]],[[[120.258,16.052],[120.292,16.056],[120.307,16.045],[120.299,16.017],[120.311,16.027],[120.323,16.049],[120.334,16.059],[120.341,16.055],[120.353,16.053],[120.363,16.055],[120.367,16.066],[120.361,16.073],[120.348,16.07],[120.335,16.065],[120.326,16.066],[120.329,16.079],[120.365,16.109],[120.396,16.072],[120.402,16.042],[120.341,15.994],[120.296,15.983],[120.258,16.052]]]]}},{"type":"Feature","id":"PH-PLW","properties":{"id":"PH-PLW","countryCode":"PH","isoSubdivision":"PH-PLW","name":"Palawan","name_en":"Palawan","name_ko":"팔라완","type":"Province","labelLongitude":117.912,"labelLatitude":9.028,"minZoom":8},"geometry":{"type":"MultiPolygon","coordinates":[[[[121.252,9.631],[121.257,9.627],[121.257,9.624],[121.235,9.594],[121.224,9.583],[121.211,9.576],[121.214,9.584],[121.224,9.606],[121.228,9.61],[121.239,9.614],[121.245,9.624],[121.25,9.636],[121.259,9.645],[121.258,9.638],[121.257,9.636],[121.255,9.634],[121.252,9.631]]],[[[119.632,11.07],[119.64,11.058],[119.646,11.044],[119.649,11.03],[119.648,11.015],[119.641,11.015],[119.636,11.02],[119.629,11.019],[119.621,11.015],[119.613,11.008],[119.609,11.025],[119.597,11.035],[119.585,11.041],[119.58,11.046],[119.577,11.084],[119.58,11.098],[119.62,11.081],[119.632,11.07]]],[[[119.613,11.2],[119.628,11.19],[119.632,11.182],[119.628,11.173],[119.61,11.157],[119.59,11.142],[119.583,11.139],[119.57,11.144],[119.567,11.157],[119.57,11.171],[119.573,11.179],[119.576,11.178],[119.593,11.187],[119.598,11.191],[119.6,11.195],[119.604,11.199],[119.613,11.2]]],[[[118.538,7.006],[118.521,7.013],[118.52,7.003],[118.531,6.979],[118.519,6.971],[118.503,6.971],[118.477,6.979],[118.445,6.982],[118.436,6.989],[118.428,7.006],[118.427,7.018],[118.431,7.027],[118.441,7.034],[118.456,7.041],[118.475,7.037],[118.487,7.04],[118.497,7.045],[118.51,7.047],[118.525,7.044],[118.532,7.035],[118.544,7.013],[118.538,7.006]]],[[[117.085,8.058],[117.081,8.038],[117.08,8.029],[117.082,8.024],[117.092,8.012],[117.087,8.004],[117.077,7.999],[117.072,7.993],[117.073,7.978],[117.083,7.941],[117.086,7.921],[117.085,7.916],[117.079,7.907],[117.078,7.904],[117.078,7.884],[117.078,7.883],[117.085,7.876],[117.087,7.872],[117.082,7.87],[117.08,7.869],[117.073,7.862],[117.072,7.859],[117.067,7.849],[117.056,7.836],[117.04,7.825],[117.024,7.822],[117.034,7.805],[117.026,7.798],[117.01,7.8],[116.996,7.808],[117.002,7.824],[116.996,7.839],[116.976,7.87],[116.956,7.921],[116.955,7.926],[116.962,8.062],[116.973,8.055],[116.975,8.045],[116.976,8.035],[116.982,8.027],[116.997,8.027],[117.002,8.04],[117.005,8.055],[117.013,8.062],[117.058,8.07],[117.076,8.07],[117.085,8.058]]],[[[117.031,8.068],[117.021,8.078],[117.015,8.088],[117.009,8.097],[116.996,8.103],[117.027,8.129],[117.045,8.136],[117.058,8.123],[117.068,8.093],[117.068,8.086],[117.059,8.081],[117.05,8.08],[117.04,8.077],[117.031,8.068]]],[[[117.168,8.178],[117.19,8.177],[117.205,8.167],[117.206,8.156],[117.185,8.15],[117.162,8.157],[117.152,8.17],[117.155,8.18],[117.168,8.178]]],[[[117.325,8.323],[117.355,8.303],[117.355,8.275],[117.349,8.245],[117.36,8.219],[117.351,8.207],[117.343,8.197],[117.332,8.193],[117.319,8.199],[117.29,8.184],[117.279,8.207],[117.276,8.243],[117.27,8.268],[117.277,8.281],[117.28,8.311],[117.284,8.323],[117.293,8.318],[117.302,8.318],[117.31,8.322],[117.319,8.329],[117.318,8.325],[117.32,8.324],[117.322,8.324],[117.325,8.323]]],[[[117.243,8.315],[117.253,8.322],[117.261,8.321],[117.264,8.314],[117.264,8.301],[117.243,8.283],[117.215,8.265],[117.19,8.262],[117.181,8.288],[117.189,8.3],[117.243,8.343],[117.241,8.331],[117.24,8.327],[117.236,8.323],[117.243,8.315]]],[[[119.95,10.604],[119.974,10.595],[120,10.58],[120.011,10.565],[119.991,10.556],[119.991,10.549],[119.993,10.54],[119.984,10.531],[119.968,10.528],[119.95,10.535],[119.949,10.529],[119.947,10.524],[119.945,10.52],[119.943,10.515],[119.919,10.548],[119.909,10.556],[119.912,10.536],[119.918,10.516],[119.92,10.497],[119.915,10.481],[119.907,10.479],[119.895,10.481],[119.885,10.48],[119.881,10.47],[119.877,10.465],[119.868,10.462],[119.85,10.46],[119.836,10.456],[119.822,10.449],[119.806,10.446],[119.789,10.457],[119.781,10.472],[119.778,10.494],[119.778,10.535],[119.766,10.531],[119.757,10.534],[119.753,10.54],[119.754,10.543],[119.795,10.573],[119.805,10.585],[119.829,10.626],[119.838,10.638],[119.844,10.642],[119.85,10.645],[119.86,10.643],[119.891,10.625],[119.92,10.613],[119.95,10.604]]],[[[118.639,9.521],[118.592,9.446],[118.557,9.412],[118.552,9.401],[118.547,9.383],[118.536,9.364],[118.498,9.314],[118.492,9.309],[118.455,9.284],[118.446,9.282],[118.431,9.273],[118.381,9.22],[118.365,9.193],[118.354,9.183],[118.336,9.179],[118.295,9.179],[118.284,9.176],[118.261,9.163],[118.25,9.158],[118.189,9.156],[118.171,9.148],[118.163,9.143],[118.137,9.131],[118.132,9.127],[118.127,9.096],[118.113,9.069],[118.112,9.065],[118.113,9.054],[118.113,9.049],[118.109,9.048],[118.102,9.048],[118.095,9.046],[118.093,9.038],[118.089,9.02],[118.08,8.996],[118.058,8.952],[118.014,8.888],[118.001,8.877],[117.91,8.83],[117.84,8.774],[117.774,8.703],[117.755,8.69],[117.733,8.685],[117.711,8.683],[117.698,8.677],[117.686,8.671],[117.667,8.665],[117.647,8.663],[117.589,8.671],[117.566,8.661],[117.557,8.638],[117.558,8.596],[117.55,8.576],[117.523,8.54],[117.517,8.518],[117.513,8.507],[117.503,8.501],[117.494,8.5],[117.489,8.504],[117.484,8.513],[117.472,8.514],[117.379,8.486],[117.345,8.471],[117.319,8.452],[117.315,8.446],[117.308,8.429],[117.304,8.425],[117.27,8.414],[117.264,8.398],[117.249,8.384],[117.222,8.364],[117.198,8.335],[117.191,8.338],[117.188,8.367],[117.19,8.378],[117.2,8.398],[117.205,8.419],[117.211,8.427],[117.218,8.433],[117.222,8.438],[117.223,8.448],[117.222,8.469],[117.223,8.484],[117.222,8.495],[117.222,8.5],[117.225,8.505],[117.234,8.511],[117.24,8.536],[117.249,8.555],[117.27,8.589],[117.268,8.59],[117.264,8.61],[117.28,8.605],[117.287,8.62],[117.292,8.641],[117.301,8.651],[117.312,8.656],[117.327,8.669],[117.342,8.684],[117.353,8.699],[117.339,8.699],[117.36,8.731],[117.376,8.747],[117.418,8.759],[117.436,8.773],[117.45,8.791],[117.52,8.9],[117.544,8.925],[117.623,8.992],[117.64,9.021],[117.648,9.043],[117.656,9.058],[117.669,9.067],[117.692,9.069],[117.704,9.079],[117.712,9.082],[117.716,9.072],[117.72,9.066],[117.73,9.064],[117.741,9.066],[117.75,9.069],[117.762,9.078],[117.768,9.086],[117.781,9.12],[117.782,9.123],[117.788,9.127],[117.791,9.135],[117.789,9.142],[117.784,9.151],[117.797,9.163],[117.837,9.188],[117.85,9.193],[117.866,9.204],[117.89,9.251],[117.904,9.261],[117.945,9.256],[117.966,9.257],[117.99,9.267],[117.988,9.256],[117.99,9.246],[117.994,9.239],[118.003,9.233],[118.016,9.243],[118.026,9.254],[118.045,9.282],[118.054,9.291],[118.127,9.338],[118.134,9.343],[118.135,9.352],[118.131,9.373],[118.134,9.385],[118.148,9.397],[118.172,9.408],[118.193,9.422],[118.216,9.478],[118.277,9.52],[118.298,9.555],[118.326,9.579],[118.333,9.586],[118.335,9.592],[118.34,9.597],[118.344,9.603],[118.346,9.614],[118.345,9.636],[118.349,9.646],[118.36,9.658],[118.372,9.654],[118.382,9.658],[118.639,9.521]]],[[[118.993,10.3],[119.009,10.306],[119.025,10.31],[119.022,10.325],[119.03,10.339],[119.034,10.349],[119.018,10.357],[119.008,10.354],[118.996,10.346],[118.984,10.344],[118.976,10.357],[118.98,10.368],[118.99,10.383],[119.002,10.398],[119.012,10.405],[119.028,10.407],[119.044,10.404],[119.059,10.398],[119.072,10.392],[119.079,10.405],[119.079,10.415],[119.084,10.423],[119.107,10.426],[119.1,10.439],[119.091,10.446],[119.084,10.453],[119.086,10.467],[119.091,10.473],[119.111,10.481],[119.12,10.488],[119.119,10.477],[119.117,10.472],[119.114,10.467],[119.119,10.454],[119.127,10.395],[119.135,10.388],[119.153,10.399],[119.182,10.426],[119.192,10.448],[119.196,10.454],[119.203,10.457],[119.212,10.46],[119.22,10.463],[119.23,10.485],[119.264,10.494],[119.278,10.508],[119.268,10.52],[119.256,10.531],[119.247,10.543],[119.251,10.556],[119.27,10.549],[119.291,10.558],[119.309,10.575],[119.319,10.59],[119.345,10.724],[119.342,10.736],[119.33,10.751],[119.325,10.758],[119.322,10.766],[119.317,10.773],[119.309,10.776],[119.302,10.773],[119.292,10.762],[119.285,10.762],[119.274,10.772],[119.27,10.785],[119.271,10.813],[119.266,10.827],[119.254,10.837],[119.238,10.845],[119.223,10.851],[119.253,10.887],[119.258,10.891],[119.249,10.902],[119.236,10.908],[119.229,10.916],[119.237,10.933],[119.223,10.942],[119.232,10.951],[119.247,10.95],[119.251,10.926],[119.258,10.926],[119.259,10.93],[119.264,10.94],[119.268,10.932],[119.273,10.927],[119.279,10.928],[119.285,10.933],[119.292,10.933],[119.288,10.921],[119.285,10.917],[119.278,10.913],[119.292,10.885],[119.271,10.885],[119.278,10.875],[119.289,10.872],[119.301,10.873],[119.313,10.878],[119.306,10.857],[119.31,10.847],[119.32,10.839],[119.333,10.823],[119.34,10.823],[119.34,10.831],[119.347,10.831],[119.352,10.811],[119.368,10.801],[119.386,10.794],[119.395,10.779],[119.398,10.768],[119.405,10.762],[119.412,10.761],[119.419,10.77],[119.426,10.763],[119.433,10.752],[119.439,10.74],[119.441,10.733],[119.445,10.727],[119.457,10.727],[119.468,10.733],[119.469,10.741],[119.466,10.75],[119.46,10.758],[119.446,10.789],[119.44,10.796],[119.444,10.811],[119.452,10.825],[119.457,10.831],[119.45,10.841],[119.435,10.852],[119.418,10.861],[119.405,10.864],[119.388,10.865],[119.37,10.868],[119.355,10.878],[119.347,10.899],[119.349,10.908],[119.359,10.928],[119.361,10.933],[119.352,10.935],[119.338,10.933],[119.325,10.933],[119.319,10.943],[119.32,11.001],[119.326,11.015],[119.326,11.023],[119.333,11.023],[119.335,11.012],[119.341,11.004],[119.349,11],[119.361,11.001],[119.353,11.024],[119.327,11.064],[119.326,11.09],[119.335,11.103],[119.348,11.089],[119.363,11.068],[119.377,11.056],[119.388,11.054],[119.397,11.05],[119.406,11.05],[119.415,11.056],[119.419,11.068],[119.419,11.096],[119.432,11.122],[119.426,11.134],[119.417,11.14],[119.415,11.139],[119.399,11.159],[119.392,11.171],[119.388,11.187],[119.401,11.185],[119.413,11.197],[119.424,11.213],[119.429,11.228],[119.428,11.25],[119.421,11.298],[119.426,11.314],[119.43,11.318],[119.433,11.323],[119.435,11.327],[119.436,11.334],[119.439,11.338],[119.445,11.338],[119.45,11.335],[119.449,11.331],[119.466,11.347],[119.474,11.358],[119.477,11.368],[119.48,11.396],[119.484,11.411],[119.491,11.421],[119.502,11.423],[119.509,11.413],[119.513,11.398],[119.514,11.385],[119.514,11.368],[119.515,11.362],[119.519,11.351],[119.523,11.34],[119.53,11.331],[119.539,11.324],[119.542,11.328],[119.548,11.333],[119.552,11.337],[119.567,11.301],[119.569,11.262],[119.561,11.22],[119.546,11.179],[119.521,11.138],[119.516,11.117],[119.529,11.094],[119.553,11.072],[119.562,11.059],[119.572,11.015],[119.571,11.008],[119.559,11.001],[119.538,11.013],[119.524,11.017],[119.518,11.012],[119.507,10.984],[119.505,10.971],[119.506,10.959],[119.51,10.937],[119.511,10.926],[119.51,10.916],[119.505,10.896],[119.505,10.885],[119.507,10.875],[119.516,10.859],[119.519,10.838],[119.524,10.828],[119.532,10.82],[119.542,10.817],[119.555,10.819],[119.563,10.823],[119.568,10.828],[119.573,10.831],[119.585,10.833],[119.589,10.835],[119.593,10.837],[119.603,10.824],[119.602,10.811],[119.596,10.798],[119.593,10.786],[119.6,10.755],[119.6,10.717],[119.596,10.697],[119.591,10.682],[119.591,10.672],[119.606,10.666],[119.627,10.668],[119.641,10.676],[119.654,10.675],[119.668,10.652],[119.659,10.655],[119.651,10.656],[119.642,10.655],[119.634,10.652],[119.64,10.644],[119.643,10.638],[119.643,10.632],[119.641,10.625],[119.655,10.612],[119.663,10.571],[119.672,10.553],[119.714,10.533],[119.725,10.519],[119.71,10.495],[119.702,10.491],[119.678,10.486],[119.668,10.481],[119.648,10.45],[119.64,10.445],[119.593,10.405],[119.576,10.381],[119.563,10.373],[119.542,10.371],[119.501,10.371],[119.489,10.372],[119.473,10.378],[119.463,10.378],[119.449,10.373],[119.419,10.355],[119.398,10.351],[119.378,10.344],[119.356,10.329],[119.286,10.261],[119.257,10.222],[119.237,10.179],[119.221,10.084],[119.196,10.056],[119.083,10.164],[119.09,10.204],[118.993,10.3]]],[[[119.867,11.516],[119.876,11.48],[119.87,11.441],[119.854,11.405],[119.833,11.378],[119.822,11.387],[119.821,11.4],[119.825,11.413],[119.833,11.426],[119.821,11.426],[119.804,11.432],[119.795,11.433],[119.789,11.42],[119.782,11.411],[119.771,11.406],[119.77,11.411],[119.764,11.42],[119.755,11.429],[119.747,11.433],[119.736,11.437],[119.73,11.456],[119.716,11.46],[119.729,11.478],[119.741,11.469],[119.755,11.451],[119.771,11.44],[119.781,11.448],[119.784,11.465],[119.785,11.494],[119.793,11.485],[119.803,11.468],[119.813,11.46],[119.818,11.47],[119.824,11.473],[119.829,11.469],[119.833,11.46],[119.84,11.476],[119.844,11.491],[119.841,11.503],[119.826,11.509],[119.837,11.516],[119.848,11.521],[119.858,11.521],[119.867,11.516]]],[[[120.025,11.893],[120.053,11.871],[120.073,11.865],[120.083,11.86],[120.077,11.858],[120.05,11.854],[120.049,11.844],[120.052,11.831],[120.039,11.817],[120.039,11.81],[120.043,11.809],[120.053,11.804],[120.053,11.81],[120.062,11.806],[120.07,11.801],[120.076,11.795],[120.08,11.789],[120.06,11.767],[120.053,11.762],[120.067,11.742],[120.047,11.709],[120.014,11.682],[119.984,11.68],[119.967,11.664],[119.955,11.68],[119.95,11.709],[119.956,11.735],[119.97,11.726],[119.974,11.721],[119.977,11.714],[119.984,11.714],[119.983,11.729],[119.981,11.734],[119.977,11.741],[119.99,11.755],[120.001,11.769],[120.005,11.783],[119.998,11.796],[119.99,11.79],[119.985,11.79],[119.977,11.796],[119.972,11.775],[119.959,11.766],[119.944,11.767],[119.929,11.776],[119.921,11.788],[119.912,11.816],[119.902,11.824],[119.907,11.828],[119.916,11.835],[119.922,11.838],[119.912,11.854],[119.886,11.879],[119.875,11.893],[119.868,11.907],[119.854,11.954],[119.862,11.953],[119.867,11.95],[119.872,11.947],[119.881,11.948],[119.879,11.946],[119.882,11.943],[119.887,11.941],[119.892,11.94],[119.895,11.942],[119.896,11.947],[119.895,11.952],[119.892,11.954],[119.893,11.963],[119.905,11.977],[119.92,11.982],[119.929,11.961],[119.964,11.94],[119.959,11.93],[119.977,11.926],[120.022,11.926],[120.031,11.924],[120.032,11.92],[120.026,11.915],[120.003,11.91],[120.008,11.903],[120.019,11.896],[120.025,11.893]]],[[[120.348,12.029],[120.353,12.016],[120.349,12.007],[120.34,12.001],[120.326,11.995],[120.313,11.992],[120.306,11.994],[120.301,11.998],[120.292,12.003],[120.275,12.003],[120.263,11.998],[120.252,11.991],[120.238,11.988],[120.224,11.993],[120.213,12.002],[120.202,12.008],[120.189,12.003],[120.187,12.018],[120.175,12.023],[120.157,12.024],[120.142,12.029],[120.135,12.022],[120.141,12.01],[120.141,11.999],[120.137,11.988],[120.135,11.975],[120.126,11.979],[120.121,11.979],[120.118,11.975],[120.114,11.967],[120.108,11.967],[120.094,11.994],[120.082,12.002],[120.039,11.995],[120.021,12],[120.001,12.011],[119.984,12.026],[119.971,12.055],[119.942,12.087],[119.936,12.108],[119.936,12.123],[119.934,12.135],[119.929,12.145],[119.919,12.156],[119.912,12.167],[119.91,12.181],[119.907,12.195],[119.895,12.208],[119.883,12.199],[119.873,12.187],[119.865,12.174],[119.86,12.159],[119.848,12.167],[119.85,12.174],[119.86,12.183],[119.867,12.194],[119.87,12.207],[119.869,12.217],[119.867,12.232],[119.872,12.252],[119.886,12.26],[119.903,12.265],[119.922,12.277],[119.898,12.277],[119.888,12.275],[119.881,12.269],[119.878,12.308],[119.885,12.323],[119.909,12.324],[119.927,12.316],[119.933,12.301],[119.935,12.285],[119.936,12.277],[119.95,12.272],[119.989,12.267],[120.005,12.263],[120.021,12.253],[120.049,12.231],[120.073,12.206],[120.08,12.201],[120.088,12.198],[120.105,12.198],[120.114,12.194],[120.104,12.191],[120.097,12.186],[120.094,12.178],[120.094,12.167],[120.117,12.166],[120.17,12.125],[120.196,12.112],[120.198,12.123],[120.204,12.128],[120.213,12.129],[120.224,12.126],[120.224,12.219],[120.23,12.219],[120.244,12.201],[120.251,12.185],[120.253,12.17],[120.252,12.142],[120.258,12.132],[120.272,12.135],[120.286,12.135],[120.292,12.118],[120.296,12.12],[120.297,12.12],[120.298,12.121],[120.299,12.126],[120.329,12.097],[120.342,12.081],[120.348,12.067],[120.345,12.053],[120.338,12.048],[120.329,12.045],[120.32,12.036],[120.315,12.023],[120.32,12.018],[120.327,12.02],[120.334,12.029],[120.338,12.029],[120.339,12.028],[120.339,12.026],[120.34,12.022],[120.348,12.029]]],[[[121.094,10.896],[121.094,10.873],[121.081,10.842],[121.087,10.823],[121.062,10.818],[121.035,10.82],[121.018,10.834],[121.025,10.864],[121.032,10.871],[121.067,10.891],[121.086,10.909],[121.093,10.91],[121.094,10.896]]],[[[120.285,11.93],[120.283,11.927],[120.273,11.925],[120.268,11.923],[120.263,11.916],[120.265,11.91],[120.27,11.904],[120.271,11.899],[120.265,11.872],[120.264,11.862],[120.267,11.852],[120.277,11.832],[120.278,11.824],[120.268,11.816],[120.256,11.836],[120.237,11.885],[120.203,11.948],[120.213,11.95],[120.259,11.968],[120.268,11.968],[120.276,11.965],[120.282,11.958],[120.285,11.949],[120.285,11.93]]],[[[119.96,8.881],[119.961,8.877],[119.958,8.877],[119.96,8.881]]],[[[119.969,8.881],[119.968,8.884],[119.972,8.882],[119.971,8.881],[119.969,8.881]]],[[[119.965,8.887],[119.966,8.887],[119.966,8.886],[119.965,8.885],[119.964,8.886],[119.963,8.887],[119.965,8.888],[119.965,8.887]]],[[[119.968,8.892],[119.969,8.89],[119.967,8.889],[119.967,8.89],[119.966,8.891],[119.968,8.892]]],[[[118.382,9.658],[118.401,9.673],[118.408,9.676],[118.415,9.678],[118.42,9.681],[118.424,9.698],[118.429,9.701],[118.436,9.702],[118.443,9.706],[118.451,9.716],[118.531,9.774],[118.538,9.785],[118.548,9.812],[118.596,9.857],[118.606,9.874],[118.608,9.885],[118.613,9.901],[118.621,9.917],[118.657,9.965],[118.668,9.974],[118.657,9.996],[118.674,10.012],[118.723,10.036],[118.729,10.046],[118.764,10.121],[118.772,10.131],[118.777,10.099],[118.777,10.083],[118.768,10.076],[118.763,10.069],[118.779,10.056],[118.801,10.049],[118.812,10.059],[118.815,10.067],[118.821,10.074],[118.828,10.079],[118.832,10.084],[118.838,10.096],[118.839,10.1],[118.836,10.103],[118.818,10.137],[118.812,10.152],[118.812,10.172],[118.816,10.189],[118.822,10.195],[118.843,10.193],[118.855,10.196],[118.875,10.21],[118.891,10.213],[118.918,10.208],[118.934,10.21],[118.95,10.22],[118.958,10.235],[118.96,10.253],[118.957,10.269],[118.95,10.282],[118.957,10.285],[118.959,10.287],[118.963,10.286],[118.97,10.282],[118.979,10.292],[118.993,10.3],[119.09,10.204],[119.083,10.164],[119.196,10.056],[119.159,10.041],[119.114,10.029],[119.103,10.024],[119.083,10.013],[119.072,10.008],[119.061,10.007],[119.036,10.009],[119.025,10.008],[119.015,10.004],[118.995,9.992],[118.984,9.987],[118.973,9.985],[118.951,9.981],[118.903,9.979],[118.875,9.972],[118.849,9.959],[118.819,9.939],[118.797,9.945],[118.774,9.934],[118.757,9.913],[118.75,9.888],[118.755,9.856],[118.776,9.814],[118.785,9.788],[118.778,9.734],[118.765,9.729],[118.749,9.733],[118.736,9.743],[118.73,9.758],[118.734,9.776],[118.73,9.78],[118.713,9.782],[118.701,9.776],[118.702,9.76],[118.706,9.742],[118.702,9.727],[118.713,9.722],[118.72,9.714],[118.721,9.704],[118.716,9.693],[118.743,9.697],[118.758,9.683],[118.756,9.668],[118.73,9.665],[118.732,9.65],[118.725,9.631],[118.716,9.613],[118.706,9.6],[118.701,9.591],[118.699,9.584],[118.695,9.578],[118.675,9.574],[118.669,9.57],[118.639,9.521],[118.382,9.658]]]]}},{"type":"Feature","id":"PH-QUE","properties":{"id":"PH-QUE","countryCode":"PH","isoSubdivision":"PH-QUE","name":"Quezon","name_en":"Quezon","name_ko":"케손","type":"Province","labelLongitude":122.037,"labelLatitude":13.871,"minZoom":8},"geometry":{"type":"MultiPolygon","coordinates":[[[[121.446,15.208],[121.468,15.196],[121.481,15.183],[121.488,15.163],[121.508,15.063],[121.515,15.052],[121.528,15.041],[121.56,14.99],[121.567,14.973],[121.571,14.946],[121.582,14.92],[121.597,14.895],[121.615,14.873],[121.61,14.87],[121.6,14.862],[121.594,14.859],[121.636,14.812],[121.642,14.801],[121.65,14.792],[121.713,14.744],[121.725,14.731],[121.726,14.72],[121.707,14.716],[121.671,14.714],[121.649,14.711],[121.629,14.703],[121.614,14.69],[121.608,14.674],[121.608,14.63],[121.611,14.613],[121.647,14.492],[121.651,14.456],[121.662,14.417],[121.67,14.401],[121.682,14.385],[121.725,14.346],[121.735,14.329],[121.736,14.315],[121.732,14.28],[121.736,14.273],[121.755,14.256],[121.759,14.247],[121.757,14.231],[121.752,14.216],[121.744,14.203],[121.732,14.195],[121.732,14.188],[121.745,14.177],[121.78,14.126],[121.848,14.078],[121.917,14.01],[121.936,13.995],[122.088,13.938],[122.232,13.906],[122.233,13.933],[122.222,13.952],[122.183,13.989],[122.202,13.995],[122.293,13.97],[122.299,13.973],[122.3,13.986],[122.296,14.003],[122.3,14.008],[122.314,14.01],[122.314,14.016],[122.291,14.023],[122.252,14.068],[122.235,14.078],[122.209,14.088],[122.186,14.111],[122.17,14.14],[122.163,14.168],[122.173,14.16],[122.176,14.156],[122.177,14.147],[122.183,14.147],[122.184,14.17],[122.196,14.184],[122.232,14.202],[122.244,14.196],[122.248,14.213],[122.248,14.236],[122.252,14.25],[122.264,14.247],[122.267,14.228],[122.264,14.204],[122.259,14.188],[122.267,14.179],[122.269,14.167],[122.27,14.154],[122.273,14.14],[122.271,14.137],[122.273,14.133],[122.28,14.126],[122.284,14.126],[122.289,14.13],[122.292,14.136],[122.293,14.14],[122.299,14.129],[122.3,14.118],[122.3,14.092],[122.31,14.096],[122.309,14.08],[122.33,14.078],[122.357,14.088],[122.377,14.1],[122.405,14.127],[122.42,14.139],[122.436,14.148],[122.46,14.154],[122.48,14.151],[122.816,13.994],[122.755,13.979],[122.615,13.964],[122.561,13.937],[122.558,13.933],[122.556,13.938],[122.543,13.953],[122.54,13.959],[122.537,13.961],[122.516,13.934],[122.459,13.938],[122.435,13.946],[122.416,13.962],[122.413,13.948],[122.421,13.932],[122.434,13.919],[122.447,13.914],[122.451,13.906],[122.5,13.838],[122.51,13.82],[122.509,13.808],[122.503,13.793],[122.504,13.772],[122.512,13.736],[122.491,13.741],[122.486,13.722],[122.491,13.677],[122.498,13.652],[122.513,13.63],[122.55,13.595],[122.622,13.553],[122.636,13.537],[122.632,13.521],[122.61,13.532],[122.567,13.564],[122.573,13.548],[122.599,13.508],[122.643,13.458],[122.654,13.44],[122.663,13.42],[122.673,13.379],[122.677,13.342],[122.677,13.301],[122.679,13.29],[122.683,13.282],[122.688,13.276],[122.691,13.27],[122.693,13.249],[122.692,13.237],[122.691,13.229],[122.685,13.225],[122.676,13.222],[122.667,13.218],[122.663,13.212],[122.653,13.201],[122.63,13.188],[122.605,13.178],[122.588,13.174],[122.571,13.185],[122.505,13.239],[122.508,13.259],[122.518,13.295],[122.519,13.311],[122.501,13.368],[122.403,13.496],[122.4,13.503],[122.398,13.516],[122.395,13.523],[122.376,13.541],[122.369,13.55],[122.341,13.561],[122.335,13.575],[122.319,13.592],[122.259,13.592],[122.259,13.606],[122.242,13.612],[122.208,13.614],[122.194,13.623],[122.19,13.631],[122.186,13.648],[122.18,13.657],[122.172,13.667],[122.118,13.752],[122.093,13.781],[122.06,13.805],[122.054,13.785],[122.039,13.79],[122.022,13.803],[122.009,13.811],[121.989,13.81],[121.986,13.812],[121.95,13.845],[121.937,13.852],[121.925,13.855],[121.914,13.857],[121.903,13.861],[121.882,13.878],[121.871,13.886],[121.86,13.891],[121.827,13.9],[121.813,13.915],[121.802,13.933],[121.786,13.949],[121.778,13.949],[121.74,13.962],[121.725,13.969],[121.718,13.955],[121.701,13.945],[121.698,13.931],[121.69,13.926],[121.642,13.914],[121.637,13.91],[121.582,13.996],[121.498,13.957],[121.549,13.878],[121.531,13.865],[121.523,13.862],[121.516,13.86],[121.499,13.859],[121.494,13.858],[121.485,13.852],[121.455,13.819],[121.451,13.824],[121.439,13.832],[121.425,13.837],[121.41,13.837],[121.396,13.842],[121.342,13.884],[121.32,13.898],[121.313,13.907],[121.306,13.922],[121.297,13.933],[121.273,13.948],[121.264,13.962],[121.344,14.001],[121.416,14.051],[121.437,14.061],[121.482,14.065],[121.504,14.075],[121.52,14.091],[121.532,14.112],[121.55,14.156],[121.565,14.18],[121.581,14.199],[121.594,14.219],[121.6,14.25],[121.598,14.282],[121.59,14.313],[121.522,14.472],[121.496,14.519],[121.466,14.563],[121.461,14.572],[121.374,14.703],[121.355,14.747],[121.346,14.793],[121.342,14.889],[121.337,14.998],[121.33,15.032],[121.336,15.03],[121.343,15.029],[121.35,15.029],[121.357,15.029],[121.356,15.055],[121.374,15.079],[121.395,15.103],[121.404,15.128],[121.403,15.137],[121.396,15.161],[121.394,15.159],[121.39,15.157],[121.386,15.157],[121.385,15.161],[121.387,15.167],[121.392,15.17],[121.397,15.17],[121.399,15.172],[121.403,15.189],[121.409,15.202],[121.42,15.208],[121.438,15.206],[121.446,15.208]]],[[[122.105,14.103],[122.15,14.073],[122.173,14.054],[122.183,14.031],[122.177,14.007],[122.158,14.007],[122.136,14.019],[122.099,14.05],[122.033,14.092],[121.993,14.128],[121.981,14.133],[121.965,14.143],[121.946,14.166],[121.93,14.191],[121.924,14.209],[121.927,14.221],[121.934,14.229],[121.945,14.233],[121.958,14.23],[121.964,14.226],[121.968,14.221],[121.976,14.21],[122.105,14.103]]],[[[122.235,14.798],[122.248,14.788],[122.257,14.767],[122.257,14.746],[122.242,14.736],[122.242,14.741],[122.163,14.798],[122.136,14.803],[122.121,14.807],[122.115,14.815],[122.111,14.826],[122.105,14.838],[122.106,14.844],[122.122,14.839],[122.125,14.842],[122.136,14.852],[122.138,14.839],[122.146,14.834],[122.157,14.834],[122.17,14.839],[122.204,14.839],[122.197,14.833],[122.193,14.825],[122.192,14.815],[122.197,14.804],[122.206,14.797],[122.217,14.795],[122.235,14.798]]],[[[122.005,15.011],[122.029,15.009],[122.048,14.999],[122.058,14.983],[122.053,14.962],[122.032,14.988],[122.02,14.994],[122.005,14.99],[121.995,14.98],[121.993,14.969],[121.996,14.964],[122.005,14.969],[122.013,14.945],[122.013,14.933],[122.004,14.925],[121.972,14.906],[121.968,14.903],[121.97,14.898],[121.972,14.862],[121.974,14.852],[121.978,14.839],[121.997,14.841],[122.009,14.825],[122.016,14.799],[122.026,14.736],[122.024,14.723],[122.004,14.674],[121.985,14.657],[121.961,14.645],[121.94,14.64],[121.917,14.649],[121.909,14.671],[121.91,14.698],[121.916,14.722],[121.935,14.726],[121.934,14.765],[121.919,14.81],[121.899,14.832],[121.884,14.836],[121.879,14.848],[121.882,14.884],[121.877,14.894],[121.856,14.927],[121.848,14.936],[121.831,14.941],[121.822,14.94],[121.818,14.946],[121.826,15.012],[121.833,15.035],[121.844,15.045],[121.874,15.028],[121.894,15.025],[121.902,15.042],[121.91,15.05],[121.928,15.052],[121.969,15.047],[121.985,15.038],[121.994,15.043],[122.005,15.039],[122.011,15.027],[122.005,15.011]]],[[[122.412,14.726],[122.418,14.72],[122.42,14.705],[122.398,14.686],[122.375,14.681],[122.354,14.68],[122.319,14.683],[122.316,14.699],[122.342,14.713],[122.364,14.721],[122.381,14.729],[122.397,14.732],[122.412,14.726]]],[[[121.637,13.91],[121.622,13.893],[121.613,13.893],[121.596,13.897],[121.591,13.897],[121.578,13.888],[121.549,13.878],[121.498,13.957],[121.582,13.996],[121.637,13.91]]]]}},{"type":"Feature","id":"PH-QUI","properties":{"id":"PH-QUI","countryCode":"PH","isoSubdivision":"PH-QUI","name":"Quirino","name_en":"Quirino","name_ko":"키리노","type":"Province","labelLongitude":121.663,"labelLatitude":16.298,"minZoom":8},"geometry":{"type":"Polygon","coordinates":[[[122.038,16.508],[121.872,16.282],[121.808,16.219],[121.448,15.924],[121.336,16.076],[121.322,16.106],[121.311,16.138],[121.288,16.26],[121.293,16.268],[121.411,16.334],[121.422,16.346],[121.427,16.365],[121.431,16.403],[121.411,16.402],[121.389,16.407],[121.37,16.418],[121.358,16.433],[121.358,16.447],[121.4,16.651],[121.428,16.636],[121.466,16.629],[121.488,16.629],[121.541,16.63],[121.57,16.611],[121.738,16.404],[121.752,16.396],[121.766,16.397],[122.038,16.508]]]}},{"type":"Feature","id":"PH-RIZ","properties":{"id":"PH-RIZ","countryCode":"PH","isoSubdivision":"PH-RIZ","name":"Rizal","name_en":"Rizal","name_ko":"리살","type":"Province","labelLongitude":121.284,"labelLatitude":14.681,"minZoom":8},"geometry":{"type":"Polygon","coordinates":[[[121.342,14.889],[121.346,14.793],[121.355,14.747],[121.374,14.703],[121.461,14.572],[121.428,14.557],[121.386,14.532],[121.367,14.501],[121.36,14.466],[121.375,14.397],[121.372,14.368],[121.388,14.345],[121.347,14.319],[121.309,14.291],[121.306,14.32],[121.321,14.345],[121.335,14.39],[121.338,14.416],[121.334,14.443],[121.33,14.455],[121.323,14.466],[121.314,14.474],[121.303,14.481],[121.294,14.484],[121.286,14.489],[121.277,14.509],[121.261,14.514],[121.247,14.502],[121.234,14.468],[121.234,14.432],[121.238,14.394],[121.253,14.36],[121.263,14.35],[121.255,14.336],[121.252,14.316],[121.242,14.302],[121.227,14.32],[121.215,14.384],[121.205,14.42],[121.172,14.502],[121.152,14.52],[121.139,14.527],[121.131,14.527],[121.125,14.525],[121.118,14.548],[121.124,14.557],[121.119,14.566],[121.124,14.575],[121.126,14.595],[121.118,14.609],[121.122,14.621],[121.131,14.628],[121.147,14.625],[121.152,14.646],[121.15,14.656],[121.126,14.663],[121.131,14.689],[121.146,14.719],[121.137,14.726],[121.137,14.739],[121.143,14.742],[121.154,14.758],[121.167,14.775],[121.187,14.799],[121.206,14.826],[121.243,14.834],[121.268,14.849],[121.287,14.872],[121.308,14.89],[121.342,14.889]]]}},{"type":"Feature","id":"PH-ROM","properties":{"id":"PH-ROM","countryCode":"PH","isoSubdivision":"PH-ROM","name":"Romblon","name_en":"Romblon","name_ko":"롬블론","type":"Province","labelLongitude":122.555,"labelLatitude":12.405,"minZoom":8},"geometry":{"type":"MultiPolygon","coordinates":[[[[122.688,12.403],[122.687,12.389],[122.67,12.318],[122.659,12.305],[122.643,12.292],[122.625,12.281],[122.612,12.277],[122.607,12.279],[122.592,12.3],[122.583,12.306],[122.563,12.311],[122.553,12.318],[122.529,12.358],[122.512,12.378],[122.488,12.386],[122.465,12.389],[122.446,12.397],[122.432,12.41],[122.423,12.427],[122.423,12.463],[122.445,12.484],[122.481,12.493],[122.594,12.493],[122.632,12.485],[122.644,12.479],[122.649,12.473],[122.655,12.452],[122.661,12.439],[122.669,12.426],[122.688,12.403]]],[[[122.28,12.605],[122.297,12.574],[122.311,12.537],[122.31,12.501],[122.28,12.475],[122.264,12.493],[122.255,12.511],[122.251,12.53],[122.252,12.55],[122.251,12.554],[122.248,12.559],[122.246,12.565],[122.246,12.571],[122.248,12.576],[122.256,12.579],[122.259,12.584],[122.266,12.605],[122.271,12.613],[122.28,12.619],[122.28,12.605]]],[[[122.115,12.666],[122.146,12.657],[122.156,12.648],[122.156,12.632],[122.151,12.628],[122.136,12.63],[122.129,12.625],[122.129,12.616],[122.136,12.561],[122.13,12.528],[122.107,12.46],[122.099,12.386],[122.081,12.315],[122.051,12.243],[122.043,12.232],[122.036,12.214],[122.048,12.201],[122.061,12.188],[122.06,12.173],[122.047,12.187],[122.041,12.179],[122.023,12.163],[122.019,12.156],[122.019,12.105],[122.012,12.105],[121.991,12.128],[121.986,12.143],[121.992,12.159],[121.965,12.161],[121.959,12.178],[121.964,12.228],[121.973,12.204],[121.987,12.2],[122,12.211],[122.005,12.232],[122.002,12.244],[121.994,12.249],[121.983,12.251],[121.971,12.256],[121.93,12.296],[121.921,12.303],[121.924,12.339],[121.934,12.38],[121.947,12.399],[121.978,12.412],[121.993,12.442],[121.998,12.479],[121.998,12.512],[121.991,12.571],[121.996,12.593],[122.019,12.612],[122.076,12.627],[122.105,12.642],[122.115,12.666]]],[[[121.724,12.914],[121.72,12.913],[121.717,12.911],[121.719,12.907],[121.722,12.904],[121.718,12.9],[121.711,12.9],[121.707,12.905],[121.703,12.904],[121.699,12.905],[121.692,12.914],[121.685,12.92],[121.683,12.924],[121.682,12.936],[121.689,12.947],[121.7,12.95],[121.714,12.947],[121.718,12.947],[121.726,12.94],[121.732,12.929],[121.729,12.919],[121.724,12.914]]]]}},{"type":"Feature","id":"PH-SAR","properties":{"id":"PH-SAR","countryCode":"PH","isoSubdivision":"PH-SAR","name":"Sarangani","name_en":"Sarangani","name_ko":"사랑가니","type":"Province","labelLongitude":125.303,"labelLatitude":5.956,"minZoom":8},"geometry":{"type":"MultiPolygon","coordinates":[[[[125.112,5.953],[125.089,5.885],[125.069,5.862],[125.05,5.861],[125.002,5.872],[124.964,5.859],[124.939,5.864],[124.837,5.912],[124.811,5.919],[124.768,5.938],[124.756,5.938],[124.744,5.937],[124.733,5.937],[124.708,5.947],[124.643,5.985],[124.636,5.978],[124.606,5.992],[124.596,5.999],[124.592,6.006],[124.59,6.015],[124.586,6.023],[124.579,6.026],[124.561,6.03],[124.422,6.11],[124.37,6.133],[124.372,6.141],[124.377,6.152],[124.383,6.162],[124.383,6.163],[124.392,6.194],[124.391,6.204],[124.396,6.213],[124.487,6.177],[124.632,6.086],[124.706,6.056],[124.789,6.012],[124.829,6.005],[125,6.001],[125.048,6.005],[125.053,5.958],[125.075,5.956],[125.102,5.955],[125.112,5.953]]],[[[125.306,5.584],[125.302,5.592],[125.3,5.671],[125.295,5.691],[125.288,5.706],[125.279,5.716],[125.264,5.723],[125.243,5.725],[125.238,5.728],[125.232,5.736],[125.227,5.747],[125.225,5.756],[125.221,5.766],[125.21,5.772],[125.199,5.776],[125.191,5.779],[125.181,5.798],[125.185,5.815],[125.194,5.829],[125.199,5.845],[125.202,5.861],[125.209,5.877],[125.225,5.903],[125.264,5.95],[125.278,5.979],[125.281,6.019],[125.277,6.036],[125.263,6.072],[125.26,6.085],[125.251,6.093],[125.24,6.094],[125.24,6.097],[125.235,6.116],[125.237,6.134],[125.234,6.158],[125.24,6.188],[125.256,6.212],[125.268,6.236],[125.271,6.25],[125.272,6.266],[125.248,6.282],[125.137,6.321],[125.075,6.342],[125.096,6.39],[125.125,6.421],[125.141,6.435],[125.141,6.431],[125.145,6.429],[125.153,6.428],[125.162,6.425],[125.167,6.42],[125.168,6.414],[125.168,6.395],[125.177,6.388],[125.202,6.375],[125.214,6.367],[125.249,6.332],[125.263,6.324],[125.277,6.32],[125.286,6.319],[125.312,6.322],[125.358,6.315],[125.382,6.316],[125.389,6.31],[125.397,6.306],[125.416,6.315],[125.426,6.317],[125.437,6.316],[125.446,6.314],[125.465,6.298],[125.489,6.252],[125.511,6.217],[125.511,6.205],[125.506,6.193],[125.503,6.179],[125.503,6.168],[125.506,6.147],[125.505,6.137],[125.506,6.129],[125.512,6.118],[125.52,6.108],[125.526,6.102],[125.53,6.093],[125.53,6.078],[125.525,6.052],[125.523,6.044],[125.519,6.038],[125.514,6.034],[125.509,6.03],[125.508,6.03],[125.508,6.011],[125.478,5.915],[125.476,5.904],[125.478,5.852],[125.48,5.843],[125.479,5.836],[125.479,5.835],[125.473,5.834],[125.466,5.834],[125.462,5.83],[125.377,5.634],[125.363,5.617],[125.362,5.616],[125.347,5.605],[125.311,5.587],[125.306,5.584]]]]}},{"type":"Feature","id":"PH-SCO","properties":{"id":"PH-SCO","countryCode":"PH","isoSubdivision":"PH-SCO","name":"General Santos","name_en":"General Santos","name_ko":"제너럴 산토스","type":"Highly Urbanized City","labelLongitude":125.139,"labelLatitude":6.136,"minZoom":8},"geometry":{"type":"MultiPolygon","coordinates":[[[[125.24,6.094],[125.229,6.095],[125.191,6.095],[125.179,6.107],[125.169,6.112],[125.158,6.109],[125.155,6.1],[125.158,6.074],[125.154,6.064],[125.145,6.05],[125.112,5.953],[125.102,5.955],[125.075,5.956],[125.053,5.958],[125.048,6.005],[125.036,6.063],[125.036,6.196],[125.119,6.191],[125.102,6.252],[125.137,6.321],[125.248,6.282],[125.272,6.266],[125.271,6.25],[125.268,6.236],[125.256,6.212],[125.24,6.188],[125.234,6.158],[125.237,6.134],[125.235,6.116],[125.24,6.097],[125.24,6.094]]],[[[124.634,6.639],[124.658,6.604],[124.673,6.591],[124.688,6.591],[124.738,6.631],[124.752,6.637],[124.777,6.614],[124.83,6.537],[124.856,6.531],[124.926,6.562],[125.01,6.57],[125.177,6.563],[125.176,6.563],[125.168,6.541],[125.165,6.488],[125.159,6.465],[125.151,6.455],[125.144,6.45],[125.14,6.443],[125.141,6.435],[125.125,6.421],[125.096,6.39],[125.075,6.342],[125.137,6.321],[125.102,6.252],[125.119,6.191],[125.036,6.196],[125.036,6.063],[125.048,6.005],[125,6.001],[124.829,6.005],[124.789,6.012],[124.706,6.056],[124.632,6.086],[124.487,6.177],[124.396,6.213],[124.391,6.204],[124.392,6.194],[124.383,6.163],[124.383,6.162],[124.382,6.163],[124.31,6.221],[124.279,6.253],[124.249,6.292],[124.636,6.29],[124.642,6.292],[124.649,6.331],[124.647,6.35],[124.64,6.367],[124.631,6.385],[124.628,6.4],[124.636,6.43],[124.636,6.443],[124.634,6.446],[124.624,6.459],[124.623,6.461],[124.618,6.466],[124.618,6.472],[124.62,6.478],[124.621,6.485],[124.616,6.493],[124.61,6.501],[124.606,6.51],[124.608,6.524],[124.626,6.581],[124.633,6.61],[124.634,6.639]]]]}},{"type":"Feature","id":"PH-SIG","properties":{"id":"PH-SIG","countryCode":"PH","isoSubdivision":"PH-SIG","name":"Siquijor","name_en":"Siquijor","name_ko":"시키호르","type":"Province","labelLongitude":123.597,"labelLatitude":9.178,"minZoom":8},"geometry":{"type":"Polygon","coordinates":[[[123.698,9.165],[123.702,9.165],[123.715,9.157],[123.722,9.149],[123.715,9.145],[123.703,9.128],[123.698,9.124],[123.69,9.123],[123.66,9.124],[123.653,9.123],[123.648,9.12],[123.645,9.114],[123.643,9.107],[123.64,9.099],[123.632,9.098],[123.615,9.104],[123.596,9.104],[123.578,9.107],[123.561,9.114],[123.48,9.172],[123.471,9.185],[123.475,9.197],[123.5,9.22],[123.518,9.21],[123.541,9.213],[123.565,9.226],[123.595,9.251],[123.603,9.255],[123.607,9.262],[123.609,9.278],[123.614,9.289],[123.627,9.294],[123.642,9.294],[123.655,9.289],[123.665,9.275],[123.679,9.245],[123.688,9.239],[123.704,9.233],[123.701,9.22],[123.69,9.206],[123.684,9.2],[123.683,9.188],[123.687,9.181],[123.698,9.165]]]}},{"type":"Feature","id":"PH-SLE","properties":{"id":"PH-SLE","countryCode":"PH","isoSubdivision":"PH-SLE","name":"Southern Leyte","name_en":"Southern Leyte","name_ko":"남레이테","type":"Province","labelLongitude":125.215,"labelLatitude":10.069,"minZoom":8},"geometry":{"type":"MultiPolygon","coordinates":[[[[125.295,9.971],[125.306,9.937],[125.305,9.933],[125.296,9.929],[125.291,9.922],[125.285,9.917],[125.274,9.919],[125.267,9.925],[125.265,9.931],[125.264,9.938],[125.26,9.946],[125.236,9.974],[125.199,10.036],[125.165,10.056],[125.146,10.071],[125.137,10.087],[125.126,10.13],[125.125,10.152],[125.137,10.166],[125.149,10.166],[125.158,10.161],[125.175,10.145],[125.216,10.13],[125.229,10.121],[125.239,10.104],[125.253,10.036],[125.263,10.023],[125.277,10.009],[125.29,9.992],[125.295,9.971]]],[[[125.168,10.622],[125.17,10.62],[125.175,10.611],[125.194,10.603],[125.196,10.583],[125.185,10.532],[125.187,10.52],[125.197,10.498],[125.199,10.484],[125.197,10.447],[125.199,10.433],[125.206,10.419],[125.219,10.398],[125.232,10.387],[125.24,10.398],[125.247,10.398],[125.259,10.383],[125.267,10.368],[125.271,10.35],[125.274,10.323],[125.276,10.3],[125.273,10.278],[125.26,10.261],[125.229,10.254],[125.159,10.282],[125.141,10.279],[125.134,10.258],[125.137,10.229],[125.144,10.201],[125.151,10.185],[125.117,10.197],[125.089,10.229],[125.069,10.267],[125.062,10.299],[125.047,10.319],[125.045,10.323],[125.042,10.329],[125.042,10.364],[125.03,10.375],[125.01,10.383],[124.991,10.381],[124.98,10.364],[124.993,10.335],[125,10.2],[125.024,10.136],[125.031,10.094],[125.042,10.049],[125.042,10.029],[125.032,10.02],[125.015,10.026],[124.962,10.067],[124.959,10.073],[124.954,10.086],[124.942,10.092],[124.928,10.094],[124.918,10.097],[124.902,10.113],[124.894,10.126],[124.883,10.135],[124.86,10.138],[124.815,10.139],[124.795,10.143],[124.78,10.152],[124.766,10.185],[124.794,10.205],[124.837,10.227],[124.846,10.235],[124.855,10.254],[124.862,10.262],[124.872,10.266],[124.894,10.27],[124.904,10.276],[124.906,10.302],[124.884,10.435],[124.886,10.452],[124.897,10.473],[124.91,10.492],[124.923,10.506],[124.942,10.516],[124.964,10.52],[125.037,10.527],[125.061,10.532],[125.08,10.543],[125.097,10.566],[125.108,10.585],[125.12,10.599],[125.136,10.608],[125.158,10.615],[125.168,10.622]]]]}},{"type":"Feature","id":"PH-SLU","properties":{"id":"PH-SLU","countryCode":"PH","isoSubdivision":"PH-SLU","name":"Sulu","name_en":"Sulu","name_ko":"술루","type":"Province","labelLongitude":120.865,"labelLatitude":5.537,"minZoom":8},"geometry":{"type":"MultiPolygon","coordinates":[[[[120.861,5.574],[120.873,5.572],[120.89,5.558],[120.905,5.538],[120.909,5.52],[120.898,5.499],[120.88,5.496],[120.851,5.505],[120.843,5.51],[120.833,5.521],[120.824,5.534],[120.82,5.543],[120.824,5.553],[120.835,5.563],[120.849,5.57],[120.861,5.574]]],[[[121.902,6.034],[121.929,6.045],[121.94,6.046],[121.943,6.034],[121.938,6.029],[121.913,6.016],[121.868,6],[121.858,6.002],[121.805,6.037],[121.785,6.06],[121.777,6.077],[121.794,6.075],[121.846,6.043],[121.871,6.033],[121.902,6.034]]],[[[120.588,6.381],[120.595,6.376],[120.6,6.368],[120.604,6.358],[120.605,6.349],[120.604,6.33],[120.583,6.261],[120.577,6.252],[120.57,6.244],[120.56,6.239],[120.546,6.238],[120.506,6.244],[120.495,6.249],[120.489,6.26],[120.492,6.267],[120.502,6.271],[120.515,6.273],[120.522,6.277],[120.53,6.288],[120.536,6.301],[120.539,6.31],[120.542,6.318],[120.557,6.341],[120.563,6.362],[120.57,6.372],[120.579,6.379],[120.588,6.381]]],[[[121.217,5.821],[121.23,5.816],[121.235,5.811],[121.231,5.801],[121.225,5.799],[121.197,5.801],[121.162,5.788],[121.146,5.79],[121.135,5.807],[121.135,5.822],[121.142,5.834],[121.153,5.843],[121.163,5.848],[121.18,5.847],[121.195,5.84],[121.208,5.831],[121.217,5.821]]],[[[121.382,6.006],[121.403,5.999],[121.421,5.987],[121.429,5.97],[121.419,5.948],[121.41,5.943],[121.4,5.943],[121.392,5.94],[121.388,5.927],[121.389,5.91],[121.386,5.911],[121.348,5.906],[121.341,5.903],[121.331,5.895],[121.303,5.865],[121.292,5.859],[121.281,5.859],[121.271,5.864],[121.262,5.872],[121.253,5.885],[121.252,5.897],[121.253,5.907],[121.252,5.916],[121.228,5.942],[121.189,5.94],[121.108,5.903],[121.088,5.891],[121.081,5.888],[121.073,5.889],[121.067,5.894],[121.054,5.912],[121.05,5.916],[121.008,5.924],[121,5.92],[120.964,5.896],[120.944,5.887],[120.934,5.886],[120.923,5.889],[120.918,5.894],[120.917,5.9],[120.917,5.906],[120.915,5.91],[120.909,5.914],[120.897,5.917],[120.892,5.92],[120.876,5.943],[120.872,5.961],[120.876,5.979],[120.889,5.999],[120.906,6.015],[120.943,6.031],[120.971,6.05],[120.993,6.053],[121.002,6.058],[121.024,6.089],[121.033,6.095],[121.042,6.097],[121.077,6.095],[121.096,6.096],[121.115,6.095],[121.126,6.091],[121.148,6.077],[121.159,6.075],[121.179,6.064],[121.202,6.013],[121.218,5.999],[121.236,6.004],[121.252,6.017],[121.271,6.026],[121.317,6.006],[121.339,6.004],[121.382,6.006]]],[[[120.86,5.704],[120.879,5.694],[120.883,5.685],[120.874,5.683],[120.86,5.676],[120.839,5.669],[120.82,5.667],[120.808,5.664],[120.799,5.668],[120.797,5.679],[120.807,5.696],[120.833,5.707],[120.849,5.707],[120.86,5.704]]],[[[120.904,5.759],[120.916,5.753],[120.929,5.733],[120.924,5.712],[120.91,5.7],[120.891,5.71],[120.892,5.741],[120.904,5.759]]]]}},{"type":"Feature","id":"PH-SOR","properties":{"id":"PH-SOR","countryCode":"PH","isoSubdivision":"PH-SOR","name":"Sorsogon","name_en":"Sorsogon","name_ko":"소르소곤","type":"Province","labelLongitude":124.001,"labelLatitude":12.738,"minZoom":8},"geometry":{"type":"Polygon","coordinates":[[[123.935,13.119],[123.936,13.118],[123.938,13.109],[123.944,13.108],[123.979,13.098],[123.992,13.092],[124.008,13.08],[124.021,13.067],[124.027,13.054],[124.071,13.016],[124.082,13.01],[124.091,13.019],[124.112,13.06],[124.116,13.074],[124.127,13.079],[124.15,13.073],[124.173,13.064],[124.185,13.057],[124.188,13.04],[124.186,13.021],[124.178,13.01],[124.165,13.016],[124.153,13.001],[124.146,12.99],[124.137,12.962],[124.119,12.925],[124.116,12.916],[124.119,12.901],[124.134,12.878],[124.143,12.814],[124.143,12.797],[124.129,12.677],[124.123,12.662],[124.095,12.644],[124.088,12.629],[124.091,12.612],[124.096,12.602],[124.095,12.594],[124.082,12.584],[124.087,12.577],[124.095,12.557],[124.083,12.553],[124.067,12.541],[124.055,12.537],[124.042,12.536],[124.01,12.537],[123.983,12.547],[123.96,12.569],[123.931,12.612],[123.933,12.622],[123.93,12.624],[123.923,12.621],[123.914,12.619],[123.899,12.636],[123.879,12.645],[123.87,12.66],[123.863,12.679],[123.843,12.716],[123.843,12.736],[123.847,12.756],[123.849,12.776],[123.842,12.801],[123.83,12.812],[123.813,12.819],[123.794,12.831],[123.819,12.832],[123.839,12.839],[123.853,12.853],[123.863,12.872],[123.874,12.867],[123.89,12.851],[123.897,12.845],[123.907,12.842],[123.912,12.842],[123.918,12.844],[123.928,12.845],[123.94,12.848],[123.944,12.856],[123.944,12.866],[123.948,12.875],[123.959,12.88],[123.97,12.878],[123.979,12.874],[123.986,12.872],[124.002,12.88],[124.018,12.894],[124.029,12.912],[124.034,12.93],[124.025,12.955],[124.005,12.961],[123.959,12.954],[123.941,12.957],[123.91,12.972],[123.893,12.975],[123.882,12.966],[123.874,12.947],[123.869,12.927],[123.863,12.913],[123.839,12.888],[123.823,12.877],[123.799,12.871],[123.79,12.866],[123.784,12.865],[123.778,12.867],[123.769,12.876],[123.763,12.879],[123.758,12.875],[123.748,12.857],[123.739,12.852],[123.735,12.85],[123.73,12.846],[123.725,12.845],[123.72,12.859],[123.712,12.872],[123.723,12.876],[123.731,12.883],[123.733,12.89],[123.722,12.893],[123.696,12.892],[123.69,12.889],[123.695,12.883],[123.698,12.875],[123.698,12.865],[123.677,12.884],[123.687,12.905],[123.703,12.927],[123.698,12.931],[123.691,12.928],[123.681,12.927],[123.668,12.924],[123.663,12.917],[123.661,12.908],[123.657,12.9],[123.65,12.89],[123.649,12.886],[123.646,12.886],[123.632,12.886],[123.616,12.889],[123.605,12.893],[123.598,12.897],[123.571,12.928],[123.559,12.938],[123.54,12.948],[123.529,12.952],[123.521,12.953],[123.513,12.957],[123.503,12.965],[123.496,12.974],[123.497,12.976],[123.52,13.002],[123.552,13.018],[123.657,13.045],[123.688,13.046],[123.719,13.042],[123.753,13.034],[123.789,13.031],[123.849,13.044],[123.884,13.047],[123.908,13.054],[123.918,13.072],[123.924,13.096],[123.935,13.119]]]}},{"type":"Feature","id":"PH-SUK","properties":{"id":"PH-SUK","countryCode":"PH","isoSubdivision":"PH-SUK","name":"Sultan Kudarat","name_en":"Sultan Kudarat","name_ko":"술탄쿠다라트","type":"Province","labelLongitude":124.382,"labelLatitude":6.526,"minZoom":8},"geometry":{"type":"Polygon","coordinates":[[[124.37,6.133],[124.246,6.187],[124.229,6.197],[124.202,6.222],[124.189,6.241],[124.177,6.278],[124.165,6.294],[124.098,6.365],[124.072,6.402],[124.055,6.438],[124.042,6.488],[124.041,6.51],[124.035,6.531],[124.033,6.542],[124.037,6.548],[124.052,6.549],[124.056,6.553],[124.055,6.559],[124.055,6.647],[124.052,6.669],[124.034,6.732],[124.037,6.758],[124.037,6.759],[124.039,6.759],[124.222,6.762],[124.246,6.757],[124.252,6.748],[124.248,6.739],[124.248,6.731],[124.267,6.727],[124.472,6.726],[124.52,6.734],[124.558,6.754],[124.577,6.793],[124.576,6.801],[124.567,6.83],[124.579,6.84],[124.6,6.849],[124.643,6.86],[124.639,6.844],[124.711,6.846],[124.694,6.778],[124.72,6.772],[124.741,6.744],[124.76,6.71],[124.778,6.682],[124.808,6.657],[124.836,6.642],[124.868,6.636],[124.908,6.639],[124.909,6.639],[124.887,6.664],[124.877,6.684],[124.879,6.703],[124.896,6.729],[125.15,6.782],[125.155,6.735],[125.161,6.722],[125.184,6.695],[125.192,6.678],[125.194,6.663],[125.177,6.563],[125.01,6.57],[124.926,6.562],[124.856,6.531],[124.83,6.537],[124.777,6.614],[124.752,6.637],[124.738,6.631],[124.688,6.591],[124.673,6.591],[124.658,6.604],[124.634,6.639],[124.633,6.61],[124.626,6.581],[124.608,6.524],[124.606,6.51],[124.61,6.501],[124.616,6.493],[124.621,6.485],[124.62,6.478],[124.618,6.472],[124.618,6.466],[124.623,6.461],[124.624,6.459],[124.634,6.446],[124.636,6.443],[124.636,6.43],[124.628,6.4],[124.631,6.385],[124.64,6.367],[124.647,6.35],[124.649,6.331],[124.642,6.292],[124.636,6.29],[124.249,6.292],[124.279,6.253],[124.31,6.221],[124.382,6.163],[124.383,6.162],[124.377,6.152],[124.372,6.141],[124.37,6.133]]]}},{"type":"Feature","id":"PH-SUN","properties":{"id":"PH-SUN","countryCode":"PH","isoSubdivision":"PH-SUN","name":"Dinagat Islands","name_en":"Dinagat Islands","name_ko":"디나가트 제도","type":"Province","labelLongitude":125.959,"labelLatitude":9.663,"minZoom":8},"geometry":{"type":"MultiPolygon","coordinates":[[[[125.99,9.686],[126.001,9.677],[125.998,9.656],[125.98,9.617],[125.985,9.606],[125.984,9.59],[125.979,9.575],[125.969,9.569],[125.954,9.566],[125.947,9.566],[125.953,9.582],[125.946,9.588],[125.935,9.59],[125.925,9.59],[125.925,9.596],[125.935,9.596],[125.939,9.596],[125.939,9.604],[125.918,9.617],[125.918,9.61],[125.916,9.619],[125.917,9.629],[125.925,9.651],[125.93,9.658],[125.934,9.66],[125.937,9.664],[125.939,9.673],[125.939,9.681],[125.938,9.693],[125.939,9.699],[125.929,9.715],[125.927,9.739],[125.935,9.76],[125.952,9.768],[125.958,9.761],[125.96,9.756],[125.96,9.747],[125.969,9.752],[125.973,9.755],[125.975,9.738],[125.973,9.715],[125.975,9.695],[125.99,9.686]]],[[[125.465,9.445],[125.462,9.459],[125.441,9.516],[125.438,9.526],[125.436,9.546],[125.399,9.681],[125.397,9.699],[125.4,9.717],[125.407,9.734],[125.456,9.813],[125.459,9.823],[125.471,9.809],[125.488,9.793],[125.507,9.78],[125.54,9.771],[125.569,9.757],[125.589,9.755],[125.585,9.731],[125.593,9.702],[125.605,9.673],[125.61,9.648],[125.62,9.63],[125.644,9.611],[125.671,9.6],[125.693,9.604],[125.691,9.6],[125.69,9.597],[125.689,9.593],[125.685,9.59],[125.698,9.59],[125.706,9.585],[125.713,9.576],[125.723,9.576],[125.744,9.577],[125.754,9.576],[125.772,9.555],[125.781,9.549],[125.791,9.545],[125.849,9.537],[125.868,9.527],[125.901,9.497],[125.911,9.494],[125.923,9.494],[125.934,9.492],[125.729,9.313],[125.74,9.343],[125.745,9.359],[125.737,9.371],[125.731,9.385],[125.726,9.393],[125.701,9.421],[125.692,9.429],[125.678,9.437],[125.664,9.443],[125.622,9.456],[125.584,9.463],[125.55,9.464],[125.517,9.461],[125.465,9.445]]],[[[126.166,9.829],[126.174,9.817],[126.18,9.802],[126.178,9.788],[126.155,9.779],[126.139,9.766],[126.13,9.761],[126.12,9.759],[126.093,9.761],[126.054,9.775],[126.042,9.775],[126.049,9.755],[126.034,9.766],[126.019,9.782],[125.994,9.816],[125.993,9.82],[125.995,9.825],[125.997,9.83],[125.994,9.837],[125.988,9.84],[125.98,9.84],[125.973,9.841],[125.966,9.85],[125.98,9.849],[125.993,9.85],[126.005,9.855],[126.014,9.864],[126.003,9.869],[125.989,9.877],[125.98,9.888],[125.983,9.902],[126.045,9.999],[126.049,10.008],[126.049,10.017],[126.046,10.026],[126.045,10.035],[126.052,10.045],[126.071,10.059],[126.081,10.056],[126.127,9.956],[126.138,9.902],[126.138,9.891],[126.133,9.881],[126.118,9.867],[126.111,9.857],[126.13,9.855],[126.143,9.85],[126.153,9.842],[126.166,9.829]]],[[[125.72,9.912],[125.722,9.894],[125.715,9.881],[125.699,9.874],[125.679,9.878],[125.664,9.889],[125.661,9.904],[125.662,9.921],[125.658,9.939],[125.649,9.947],[125.621,9.955],[125.61,9.967],[125.62,9.967],[125.623,9.967],[125.615,9.972],[125.611,9.977],[125.612,9.982],[125.617,9.987],[125.617,9.994],[125.593,9.993],[125.583,10.01],[125.585,10.034],[125.597,10.056],[125.601,10.047],[125.608,10.044],[125.615,10.047],[125.617,10.059],[125.615,10.064],[125.601,10.08],[125.597,10.09],[125.589,10.09],[125.584,10.078],[125.578,10.077],[125.569,10.081],[125.559,10.084],[125.553,10.079],[125.545,10.069],[125.535,10.061],[125.521,10.063],[125.513,10.073],[125.513,10.087],[125.511,10.098],[125.497,10.103],[125.495,10.109],[125.496,10.135],[125.494,10.144],[125.509,10.151],[125.518,10.169],[125.519,10.191],[125.514,10.207],[125.522,10.21],[125.529,10.21],[125.535,10.206],[125.542,10.2],[125.539,10.215],[125.532,10.229],[125.53,10.242],[125.542,10.254],[125.537,10.257],[125.535,10.26],[125.533,10.264],[125.528,10.269],[125.532,10.284],[125.524,10.302],[125.522,10.317],[125.545,10.323],[125.558,10.325],[125.563,10.331],[125.563,10.354],[125.56,10.361],[125.557,10.366],[125.556,10.371],[125.563,10.378],[125.568,10.381],[125.575,10.381],[125.58,10.379],[125.586,10.367],[125.594,10.365],[125.603,10.367],[125.61,10.371],[125.615,10.381],[125.617,10.419],[125.624,10.444],[125.63,10.454],[125.638,10.46],[125.65,10.462],[125.657,10.456],[125.672,10.433],[125.685,10.4],[125.684,10.364],[125.665,10.296],[125.661,10.271],[125.658,10.262],[125.655,10.264],[125.646,10.265],[125.639,10.261],[125.638,10.248],[125.646,10.24],[125.66,10.228],[125.668,10.215],[125.658,10.2],[125.665,10.193],[125.654,10.187],[125.657,10.176],[125.668,10.169],[125.685,10.172],[125.678,10.145],[125.677,10.128],[125.682,10.114],[125.698,10.094],[125.705,10.082],[125.707,10.069],[125.703,10.057],[125.696,10.041],[125.689,10.027],[125.682,10.022],[125.685,10.015],[125.693,9.974],[125.681,9.958],[125.691,9.942],[125.707,9.926],[125.72,9.912]]]]}},{"type":"Feature","id":"PH-SUR","properties":{"id":"PH-SUR","countryCode":"PH","isoSubdivision":"PH-SUR","name":"Surigao del Sur","name_en":"Surigao del Sur","name_ko":"남수리가오","type":"Province","labelLongitude":126.097,"labelLatitude":8.809,"minZoom":8},"geometry":{"type":"Polygon","coordinates":[[[125.934,9.492],[125.939,9.484],[125.94,9.475],[125.949,9.463],[125.952,9.453],[125.963,9.472],[125.966,9.48],[125.973,9.48],[125.973,9.464],[125.971,9.454],[125.967,9.447],[125.96,9.439],[125.949,9.434],[125.92,9.427],[125.912,9.418],[125.911,9.405],[125.917,9.395],[125.927,9.389],[125.939,9.385],[125.956,9.382],[125.967,9.384],[125.994,9.398],[125.992,9.358],[125.997,9.325],[126.012,9.294],[126.058,9.246],[126.065,9.242],[126.076,9.239],[126.089,9.241],[126.11,9.251],[126.143,9.261],[126.179,9.297],[126.2,9.308],[126.22,9.306],[126.225,9.291],[126.219,9.272],[126.2,9.241],[126.193,9.216],[126.186,9.172],[126.186,9.138],[126.179,9.093],[126.184,9.081],[126.195,9.077],[126.207,9.076],[126.217,9.072],[126.223,9.064],[126.234,9.039],[126.24,9.028],[126.313,8.956],[126.322,8.935],[126.324,8.922],[126.336,8.884],[126.332,8.87],[126.332,8.861],[126.345,8.853],[126.343,8.845],[126.338,8.838],[126.336,8.836],[126.329,8.813],[126.317,8.788],[126.3,8.768],[126.278,8.76],[126.24,8.735],[126.234,8.734],[126.234,8.719],[126.242,8.711],[126.261,8.699],[126.261,8.693],[126.258,8.69],[126.257,8.69],[126.257,8.689],[126.255,8.685],[126.242,8.69],[126.232,8.692],[126.21,8.693],[126.198,8.688],[126.174,8.669],[126.138,8.654],[126.119,8.631],[126.111,8.607],[126.13,8.586],[126.148,8.541],[126.158,8.528],[126.167,8.527],[126.2,8.528],[126.22,8.522],[126.229,8.521],[126.24,8.528],[126.221,8.54],[126.214,8.548],[126.22,8.555],[126.232,8.555],[126.245,8.549],[126.257,8.547],[126.268,8.555],[126.292,8.545],[126.357,8.534],[126.356,8.536],[126.359,8.539],[126.364,8.542],[126.37,8.542],[126.37,8.539],[126.373,8.531],[126.381,8.518],[126.401,8.502],[126.405,8.493],[126.398,8.479],[126.402,8.476],[126.407,8.47],[126.412,8.466],[126.385,8.467],[126.374,8.465],[126.37,8.456],[126.367,8.432],[126.37,8.428],[126.384,8.432],[126.388,8.415],[126.38,8.396],[126.357,8.364],[126.352,8.362],[126.341,8.355],[126.333,8.347],[126.34,8.343],[126.343,8.338],[126.357,8.312],[126.365,8.305],[126.38,8.302],[126.388,8.293],[126.378,8.268],[126.346,8.231],[126.339,8.215],[126.346,8.196],[126.362,8.187],[126.378,8.192],[126.393,8.201],[126.423,8.211],[126.459,8.24],[126.463,8.23],[126.457,8.145],[126.454,8.129],[126.455,8.115],[126.466,8.096],[126.443,8.081],[126.431,8.046],[126.434,8.006],[126.453,7.98],[126.435,7.962],[126.396,7.933],[126.384,7.911],[126.383,7.9],[126.363,7.906],[126.335,7.919],[126.314,7.94],[126.299,7.966],[126.291,7.996],[126.278,8.053],[126.218,8.154],[126.205,8.215],[126.225,8.318],[126.223,8.349],[126.204,8.359],[126.1,8.373],[126.078,8.382],[126.069,8.391],[126.06,8.426],[126.056,8.436],[126.017,8.495],[125.998,8.532],[125.991,8.569],[126.006,8.601],[126.022,8.622],[126.032,8.645],[126.033,8.668],[126.024,8.688],[125.99,8.724],[125.952,8.755],[125.946,8.765],[125.949,8.777],[125.953,8.789],[125.952,8.801],[125.942,8.811],[125.931,8.817],[125.92,8.824],[125.906,8.849],[125.895,8.859],[125.884,8.868],[125.874,8.879],[125.865,8.897],[125.856,8.932],[125.849,8.951],[125.84,8.957],[125.827,8.956],[125.813,8.956],[125.802,8.967],[125.802,8.974],[125.809,9.001],[125.809,9.057],[125.803,9.111],[125.789,9.163],[125.767,9.212],[125.767,9.213],[125.767,9.212],[125.767,9.213],[125.749,9.233],[125.737,9.251],[125.73,9.27],[125.727,9.297],[125.729,9.313],[125.934,9.492]]]}},{"type":"Feature","id":"PH-TAR","properties":{"id":"PH-TAR","countryCode":"PH","isoSubdivision":"PH-TAR","name":"Tarlac","name_en":"Tarlac","name_ko":"타를라크","type":"Province","labelLongitude":120.463,"labelLatitude":15.473,"minZoom":8},"geometry":{"type":"Polygon","coordinates":[[[120.764,15.259],[120.756,15.265],[120.752,15.271],[120.748,15.274],[120.731,15.272],[120.695,15.263],[120.599,15.256],[120.578,15.258],[120.556,15.254],[120.485,15.231],[120.465,15.221],[120.426,15.185],[120.403,15.171],[120.381,15.169],[120.349,15.225],[120.331,15.251],[120.308,15.274],[120.273,15.293],[120.195,15.321],[120.164,15.343],[120.144,15.406],[120.169,15.48],[120.247,15.614],[120.307,15.644],[120.332,15.665],[120.358,15.718],[120.374,15.74],[120.395,15.753],[120.418,15.75],[120.463,15.728],[120.477,15.719],[120.491,15.716],[120.507,15.723],[120.537,15.743],[120.563,15.768],[120.577,15.8],[120.588,15.836],[120.601,15.87],[120.609,15.859],[120.616,15.846],[120.627,15.819],[120.642,15.711],[120.662,15.658],[120.696,15.622],[120.711,15.619],[120.752,15.617],[120.763,15.611],[120.763,15.597],[120.753,15.582],[120.74,15.567],[120.733,15.552],[120.733,15.538],[120.738,15.525],[120.743,15.512],[120.747,15.5],[120.749,15.488],[120.75,15.453],[120.755,15.426],[120.755,15.414],[120.745,15.373],[120.743,15.356],[120.744,15.341],[120.751,15.326],[120.765,15.311],[120.777,15.302],[120.782,15.289],[120.776,15.26],[120.764,15.259]]]}},{"type":"Feature","id":"PH-TAW","properties":{"id":"PH-TAW","countryCode":"PH","isoSubdivision":"PH-TAW","name":"Tawi-Tawi","name_en":"Tawi-Tawi","name_ko":"타위타위","type":"Province","labelLongitude":119.835,"labelLatitude":4.808,"minZoom":8},"geometry":{"type":"MultiPolygon","coordinates":[[[[120.252,5.267],[120.253,5.252],[120.238,5.19],[120.232,5.15],[120.227,5.129],[120.217,5.115],[120.202,5.12],[120.191,5.126],[120.185,5.136],[120.182,5.153],[120.189,5.182],[120.19,5.197],[120.182,5.204],[120.176,5.203],[120.173,5.196],[120.172,5.188],[120.169,5.183],[120.164,5.182],[120.146,5.183],[120.138,5.187],[120.131,5.197],[120.125,5.208],[120.121,5.218],[120.111,5.203],[120.108,5.171],[120.1,5.157],[120.086,5.151],[120.071,5.154],[120.057,5.16],[120.046,5.163],[120.025,5.161],[120.017,5.152],[120.014,5.141],[120.005,5.129],[119.998,5.127],[119.988,5.128],[119.98,5.126],[119.977,5.119],[119.97,5.088],[119.954,5.076],[119.943,5.078],[119.934,5.086],[119.922,5.088],[119.914,5.082],[119.9,5.064],[119.892,5.06],[119.86,5.06],[119.847,5.055],[119.838,5.049],[119.83,5.049],[119.819,5.06],[119.817,5.072],[119.819,5.107],[119.813,5.123],[119.822,5.131],[119.829,5.135],[119.865,5.146],[119.896,5.161],[119.902,5.167],[119.908,5.169],[119.943,5.19],[119.957,5.215],[119.965,5.223],[119.996,5.228],[120.02,5.237],[120.028,5.239],[120.036,5.242],[120.053,5.259],[120.063,5.26],[120.07,5.257],[120.077,5.255],[120.087,5.259],[120.089,5.264],[120.093,5.283],[120.097,5.29],[120.124,5.306],[120.134,5.318],[120.146,5.324],[120.169,5.332],[120.188,5.345],[120.199,5.35],[120.209,5.348],[120.214,5.34],[120.216,5.329],[120.216,5.277],[120.22,5.27],[120.228,5.268],[120.236,5.272],[120.244,5.274],[120.252,5.267]]],[[[119.483,4.851],[119.487,4.832],[119.501,4.799],[119.504,4.783],[119.504,4.764],[119.501,4.748],[119.497,4.734],[119.467,4.666],[119.457,4.656],[119.457,4.718],[119.463,4.776],[119.457,4.843],[119.448,4.874],[119.435,4.903],[119.447,4.906],[119.459,4.902],[119.469,4.894],[119.476,4.884],[119.479,4.876],[119.481,4.868],[119.483,4.859],[119.483,4.851]]],[[[119.831,4.821],[119.854,4.808],[119.858,4.799],[119.85,4.797],[119.834,4.797],[119.819,4.804],[119.812,4.817],[119.831,4.821]]],[[[119.837,4.863],[119.821,4.863],[119.799,4.88],[119.79,4.906],[119.793,4.922],[119.804,4.927],[119.816,4.922],[119.821,4.914],[119.843,4.905],[119.851,4.888],[119.85,4.873],[119.842,4.866],[119.837,4.863]]],[[[119.797,5.058],[119.792,5.056],[119.79,5.053],[119.786,5.046],[119.775,5.042],[119.752,5.036],[119.746,5.044],[119.749,5.063],[119.769,5.098],[119.783,5.111],[119.798,5.121],[119.806,5.118],[119.806,5.105],[119.807,5.093],[119.811,5.082],[119.813,5.07],[119.808,5.059],[119.801,5.055],[119.797,5.058]]]]}},{"type":"Feature","id":"PH-WSA","properties":{"id":"PH-WSA","countryCode":"PH","isoSubdivision":"PH-WSA","name":"Samar","name_en":"Samar","name_ko":"사마르","type":"Province","labelLongitude":124.999,"labelLatitude":11.829,"minZoom":8},"geometry":{"type":"MultiPolygon","coordinates":[[[[124.815,11.632],[124.822,11.621],[124.829,11.613],[124.839,11.608],[124.856,11.605],[124.852,11.594],[124.85,11.584],[124.849,11.56],[124.846,11.549],[124.839,11.54],[124.832,11.536],[124.808,11.563],[124.81,11.567],[124.809,11.577],[124.802,11.582],[124.788,11.57],[124.774,11.605],[124.781,11.602],[124.788,11.598],[124.785,11.614],[124.776,11.63],[124.763,11.641],[124.75,11.646],[124.741,11.651],[124.736,11.662],[124.733,11.674],[124.729,11.683],[124.722,11.693],[124.723,11.702],[124.733,11.722],[124.74,11.722],[124.741,11.72],[124.751,11.709],[124.785,11.689],[124.789,11.685],[124.793,11.68],[124.795,11.675],[124.796,11.668],[124.799,11.662],[124.814,11.655],[124.817,11.646],[124.815,11.632]]],[[[125.241,11.094],[125.233,11.098],[125.225,11.106],[125.219,11.118],[125.214,11.132],[125.209,11.185],[125.199,11.228],[125.172,11.265],[125.133,11.282],[125.087,11.285],[125.042,11.282],[125.001,11.29],[124.992,11.318],[125,11.399],[125,11.407],[125.001,11.414],[125.003,11.42],[125.007,11.426],[124.999,11.43],[124.98,11.447],[124.972,11.45],[124.958,11.451],[124.952,11.454],[124.938,11.463],[124.926,11.474],[124.917,11.487],[124.911,11.502],[124.896,11.47],[124.887,11.466],[124.87,11.468],[124.856,11.473],[124.845,11.482],[124.836,11.494],[124.828,11.509],[124.844,11.516],[124.852,11.525],[124.86,11.535],[124.87,11.543],[124.886,11.547],[124.9,11.549],[124.904,11.554],[124.89,11.57],[124.949,11.57],[124.961,11.577],[124.978,11.593],[124.992,11.611],[125,11.625],[125,11.64],[124.994,11.656],[124.991,11.67],[124.997,11.683],[125.018,11.706],[125.034,11.728],[125.039,11.723],[125.055,11.714],[125.054,11.738],[125.044,11.758],[125.026,11.771],[125.004,11.776],[124.987,11.77],[124.945,11.747],[124.928,11.741],[124.892,11.761],[124.834,11.845],[124.794,11.858],[124.794,11.865],[124.801,11.865],[124.808,11.865],[124.798,11.87],[124.794,11.871],[124.808,11.899],[124.813,11.896],[124.818,11.894],[124.823,11.891],[124.828,11.885],[124.824,11.906],[124.81,11.916],[124.795,11.916],[124.779,11.899],[124.761,11.901],[124.752,11.91],[124.767,11.92],[124.762,11.929],[124.756,11.933],[124.748,11.933],[124.74,11.926],[124.737,11.953],[124.734,11.968],[124.729,11.978],[124.68,12.03],[124.64,12.045],[124.6,12.055],[124.569,12.051],[124.54,12.066],[124.493,12.098],[124.446,12.153],[124.425,12.173],[124.428,12.175],[124.428,12.176],[124.431,12.18],[124.407,12.194],[124.391,12.222],[124.371,12.29],[124.428,12.292],[124.445,12.3],[124.457,12.317],[124.47,12.331],[124.487,12.331],[124.65,12.25],[124.679,12.23],[124.692,12.23],[124.71,12.238],[124.731,12.251],[124.743,12.256],[124.755,12.258],[124.777,12.251],[124.799,12.238],[124.822,12.226],[124.846,12.227],[124.868,12.239],[124.884,12.25],[124.9,12.257],[124.925,12.258],[125.002,12.253],[125.03,12.255],[125.041,12.258],[125.048,12.264],[125.06,12.28],[125.07,12.288],[125.079,12.29],[125.1,12.291],[125.133,12.298],[125.149,12.305],[125.162,12.316],[125.151,12.234],[125.141,12.192],[125.107,12.13],[125.106,12.086],[125.123,11.998],[125.204,12.015],[125.214,12.012],[125.225,12],[125.243,11.967],[125.253,11.928],[125.28,11.56],[125.288,11.533],[125.339,11.449],[125.349,11.414],[125.347,11.379],[125.335,11.344],[125.286,11.257],[125.266,11.201],[125.241,11.094]]],[[[124.206,12.081],[124.228,12.074],[124.229,12.064],[124.209,12.061],[124.199,12.053],[124.178,12.04],[124.164,12.038],[124.15,12.044],[124.146,12.053],[124.153,12.065],[124.165,12.075],[124.182,12.08],[124.206,12.081]]]]}},{"type":"Feature","id":"PH-ZAN","properties":{"id":"PH-ZAN","countryCode":"PH","isoSubdivision":"PH-ZAN","name":"Zamboanga del Norte","name_en":"Zamboanga del Norte","name_ko":"북삼보앙가","type":"Province","labelLongitude":122.73,"labelLatitude":8.027,"minZoom":8},"geometry":{"type":"MultiPolygon","coordinates":[[[[121.904,7.154],[121.933,7.218],[122.005,7.28],[122.039,7.296],[122.047,7.301],[122.051,7.308],[122.053,7.317],[122.052,7.325],[122.043,7.328],[122.033,7.34],[122.035,7.366],[122.047,7.41],[122.046,7.443],[122.047,7.453],[122.052,7.463],[122.065,7.481],[122.067,7.49],[122.07,7.514],[122.078,7.528],[122.09,7.538],[122.108,7.548],[122.12,7.557],[122.137,7.573],[122.146,7.589],[122.114,7.603],[122.112,7.621],[122.122,7.657],[122.123,7.7],[122.118,7.723],[122.105,7.733],[122.097,7.745],[122.105,7.771],[122.129,7.815],[122.215,7.921],[122.24,7.966],[122.252,7.98],[122.263,7.99],[122.292,8.01],[122.323,8.018],[122.36,8.04],[122.438,8.067],[122.463,8.071],[122.478,8.062],[122.482,8.071],[122.49,8.075],[122.498,8.075],[122.505,8.068],[122.523,8.076],[122.6,8.093],[122.638,8.109],[122.65,8.116],[122.668,8.15],[122.679,8.164],[122.684,8.154],[122.692,8.132],[122.711,8.12],[122.735,8.115],[122.759,8.116],[122.855,8.132],[122.869,8.142],[122.88,8.144],[122.903,8.145],[122.914,8.147],[122.925,8.15],[122.945,8.162],[123.003,8.209],[123.014,8.232],[123.001,8.25],[122.964,8.274],[122.962,8.281],[122.958,8.302],[122.958,8.308],[122.963,8.314],[122.982,8.325],[122.985,8.326],[122.987,8.331],[122.992,8.336],[122.996,8.343],[122.998,8.353],[122.997,8.365],[122.992,8.385],[122.992,8.397],[122.999,8.415],[123.022,8.444],[123.026,8.463],[123.031,8.475],[123.042,8.49],[123.055,8.505],[123.067,8.515],[123.082,8.519],[123.16,8.531],[123.195,8.542],[123.211,8.542],[123.216,8.538],[123.226,8.525],[123.232,8.521],[123.242,8.519],[123.301,8.524],[123.318,8.534],[123.331,8.547],[123.346,8.57],[123.35,8.577],[123.364,8.623],[123.372,8.633],[123.387,8.637],[123.392,8.636],[123.398,8.632],[123.403,8.63],[123.411,8.631],[123.416,8.634],[123.428,8.644],[123.436,8.649],[123.432,8.661],[123.4,8.698],[123.392,8.709],[123.39,8.719],[123.397,8.723],[123.411,8.726],[123.425,8.727],[123.431,8.723],[123.437,8.722],[123.462,8.707],[123.478,8.695],[123.488,8.692],[123.5,8.693],[123.513,8.699],[123.514,8.647],[123.522,8.623],[123.54,8.624],[123.546,8.62],[123.549,8.619],[123.556,8.232],[123.189,8.231],[123.176,8.226],[123.172,8.211],[123.172,8.042],[123.177,8.02],[123.18,8.012],[123.183,8.004],[123.184,7.996],[123.185,7.988],[123.155,7.997],[123.126,8.004],[123.096,8.006],[123.065,8],[123.039,7.986],[123.021,7.967],[123.006,7.947],[122.985,7.929],[122.947,7.916],[122.916,7.918],[122.909,7.919],[122.833,7.94],[122.792,7.945],[122.753,7.944],[122.714,7.935],[122.573,7.881],[122.561,7.873],[122.54,7.859],[122.438,7.752],[122.422,7.742],[122.387,7.727],[122.372,7.715],[122.364,7.701],[122.357,7.663],[122.35,7.646],[122.34,7.634],[122.316,7.612],[122.305,7.6],[122.293,7.578],[122.272,7.5],[122.261,7.471],[122.203,7.386],[122.192,7.364],[122.186,7.345],[122.186,7.326],[122.187,7.301],[122.187,7.284],[122.179,7.259],[122.176,7.244],[122.166,7.217],[122.146,7.182],[122.123,7.152],[122.121,7.151],[122.102,7.14],[121.909,7.153],[121.905,7.154],[121.904,7.154]]],[[[122.36,7.473],[122.348,7.453],[122.354,7.43],[122.369,7.41],[122.379,7.392],[122.373,7.373],[122.364,7.362],[122.345,7.332],[122.334,7.324],[122.323,7.323],[122.312,7.324],[122.3,7.321],[122.28,7.295],[122.266,7.249],[122.252,7.164],[122.249,7.118],[122.244,7.099],[122.202,7.043],[122.167,6.953],[122.154,6.928],[122.134,6.914],[122.124,6.9],[122.119,6.896],[122.096,6.897],[122.087,6.9],[122.038,6.917],[121.961,6.958],[121.937,6.979],[121.899,7.057],[121.898,7.14],[121.904,7.154],[121.905,7.154],[121.909,7.153],[122.102,7.14],[122.121,7.151],[122.123,7.152],[122.146,7.182],[122.166,7.217],[122.176,7.244],[122.179,7.259],[122.187,7.284],[122.187,7.301],[122.186,7.326],[122.186,7.345],[122.192,7.364],[122.203,7.386],[122.261,7.471],[122.36,7.473]]]]}},{"type":"Feature","id":"PH-ZAS","properties":{"id":"PH-ZAS","countryCode":"PH","isoSubdivision":"PH-ZAS","name":"Zamboanga del Sur","name_en":"Zamboanga del Sur","name_ko":"남삼보앙가","type":"Province","labelLongitude":123.309,"labelLatitude":7.845,"minZoom":8},"geometry":{"type":"Polygon","coordinates":[[[123.678,8.011],[123.678,8.01],[123.676,8],[123.672,7.981],[123.671,7.969],[123.672,7.968],[123.676,7.963],[123.677,7.963],[123.689,7.968],[123.694,7.947],[123.702,7.928],[123.704,7.91],[123.694,7.891],[123.673,7.875],[123.628,7.848],[123.615,7.834],[123.615,7.833],[123.615,7.834],[123.609,7.836],[123.587,7.839],[123.523,7.836],[123.505,7.832],[123.48,7.823],[123.457,7.811],[123.445,7.801],[123.448,7.766],[123.476,7.739],[123.498,7.709],[123.486,7.664],[123.477,7.653],[123.467,7.644],[123.455,7.636],[123.445,7.63],[123.409,7.623],[123.4,7.619],[123.396,7.612],[123.395,7.6],[123.396,7.579],[123.392,7.576],[123.372,7.588],[123.362,7.589],[123.354,7.572],[123.367,7.552],[123.386,7.533],[123.396,7.517],[123.403,7.492],[123.418,7.479],[123.436,7.468],[123.452,7.453],[123.459,7.431],[123.458,7.409],[123.451,7.388],[123.441,7.373],[123.431,7.369],[123.419,7.372],[123.388,7.395],[123.356,7.41],[123.342,7.42],[123.313,7.451],[123.304,7.467],[123.29,7.478],[123.286,7.483],[123.286,7.505],[123.284,7.513],[123.28,7.52],[123.264,7.526],[123.244,7.524],[123.226,7.516],[123.218,7.503],[123.213,7.489],[123.199,7.482],[123.184,7.481],[123.17,7.486],[123.141,7.513],[123.127,7.531],[123.122,7.551],[123.128,7.573],[123.142,7.58],[123.16,7.582],[123.177,7.589],[123.188,7.606],[123.187,7.626],[123.175,7.643],[123.153,7.651],[123.14,7.661],[123.135,7.686],[123.133,7.714],[123.129,7.733],[123.118,7.741],[123.107,7.732],[123.096,7.714],[123.086,7.808],[123.055,7.821],[123.016,7.82],[122.964,7.831],[122.923,7.831],[122.914,7.87],[122.916,7.918],[122.947,7.916],[122.985,7.929],[123.006,7.947],[123.021,7.967],[123.039,7.986],[123.065,8],[123.096,8.006],[123.126,8.004],[123.155,7.997],[123.185,7.988],[123.184,7.996],[123.183,8.004],[123.18,8.012],[123.177,8.02],[123.172,8.042],[123.172,8.211],[123.176,8.226],[123.189,8.231],[123.556,8.232],[123.551,8.13],[123.555,8.071],[123.572,8.041],[123.612,8.033],[123.623,8.03],[123.632,8.022],[123.635,8.015],[123.641,8.009],[123.659,8.008],[123.678,8.011]]]}},{"type":"Feature","id":"PH-ZMB","properties":{"id":"PH-ZMB","countryCode":"PH","isoSubdivision":"PH-ZMB","name":"Olongapo","name_en":"Olongapo","name_ko":"올롱가포","type":"Highly Urbanized City","labelLongitude":120.282,"labelLatitude":14.862,"minZoom":8},"geometry":{"type":"MultiPolygon","coordinates":[[[[120.282,14.806],[120.283,14.807],[120.288,14.815],[120.292,14.826],[120.276,14.827],[120.268,14.83],[120.264,14.835],[120.263,14.847],[120.26,14.852],[120.253,14.853],[120.241,14.852],[120.23,14.86],[120.22,14.873],[120.209,14.88],[120.279,14.934],[120.35,14.913],[120.455,14.914],[120.442,14.886],[120.422,14.864],[120.398,14.855],[120.366,14.852],[120.342,14.842],[120.32,14.826],[120.297,14.802],[120.282,14.806]]],[[[120.209,14.88],[120.196,14.867],[120.201,14.843],[120.197,14.808],[120.187,14.775],[120.176,14.757],[120.162,14.756],[120.144,14.76],[120.128,14.767],[120.121,14.774],[120.116,14.785],[120.09,14.794],[120.08,14.804],[120.088,14.807],[120.093,14.812],[120.097,14.818],[120.1,14.826],[120.096,14.823],[120.08,14.818],[120.057,14.893],[120.05,14.931],[120.057,15.022],[120.053,15.062],[120.018,15.206],[120.008,15.215],[120.002,15.22],[120.002,15.229],[120.005,15.247],[120.005,15.269],[120.001,15.277],[119.981,15.308],[119.964,15.341],[119.953,15.356],[119.897,15.411],[119.888,15.429],[119.891,15.437],[119.905,15.447],[119.909,15.452],[119.908,15.462],[119.907,15.469],[119.902,15.483],[119.921,15.472],[119.941,15.476],[119.957,15.491],[119.964,15.514],[119.962,15.521],[119.957,15.529],[119.952,15.535],[119.947,15.538],[119.944,15.543],[119.942,15.554],[119.937,15.566],[119.929,15.573],[119.928,15.569],[119.922,15.559],[119.904,15.597],[119.902,15.61],[119.905,15.621],[119.918,15.647],[119.922,15.661],[119.92,15.69],[119.903,15.705],[119.881,15.718],[119.867,15.743],[119.889,15.748],[119.894,15.764],[119.889,15.801],[119.892,15.801],[119.921,15.799],[119.946,15.802],[119.968,15.811],[120.008,15.853],[120.032,15.85],[120.083,15.824],[120.097,15.822],[120.125,15.823],[120.138,15.821],[120.15,15.811],[120.156,15.796],[120.162,15.764],[120.18,15.726],[120.233,15.652],[120.247,15.614],[120.169,15.48],[120.144,15.406],[120.164,15.343],[120.195,15.321],[120.273,15.293],[120.308,15.274],[120.331,15.251],[120.349,15.225],[120.381,15.169],[120.369,15.156],[120.362,15.144],[120.36,15.131],[120.363,15.114],[120.371,15.096],[120.384,15.084],[120.4,15.074],[120.416,15.061],[120.426,15.044],[120.428,15.029],[120.426,15.013],[120.428,14.995],[120.433,14.979],[120.46,14.942],[120.455,14.914],[120.35,14.913],[120.279,14.934],[120.209,14.88]]]]}},{"type":"Feature","id":"PH-ZSI","properties":{"id":"PH-ZSI","countryCode":"PH","isoSubdivision":"PH-ZSI","name":"Zamboanga Sibugay","name_en":"Zamboanga Sibugay","name_ko":"삼보앙가시부가이","type":"Province","labelLongitude":122.926,"labelLatitude":7.714,"minZoom":8},"geometry":{"type":"MultiPolygon","coordinates":[[[[122.972,7.384],[122.952,7.386],[122.945,7.39],[122.951,7.373],[122.952,7.364],[122.951,7.356],[122.944,7.349],[122.937,7.349],[122.93,7.35],[122.925,7.349],[122.895,7.327],[122.883,7.321],[122.875,7.319],[122.862,7.317],[122.855,7.315],[122.851,7.31],[122.846,7.298],[122.842,7.294],[122.827,7.291],[122.817,7.295],[122.809,7.305],[122.801,7.321],[122.795,7.346],[122.794,7.384],[122.804,7.417],[122.828,7.431],[122.843,7.423],[122.855,7.408],[122.867,7.396],[122.883,7.397],[122.89,7.407],[122.891,7.42],[122.894,7.432],[122.905,7.438],[122.924,7.431],[122.944,7.416],[122.962,7.399],[122.972,7.384]]],[[[123.096,7.714],[123.085,7.695],[123.057,7.667],[123.05,7.655],[123.052,7.645],[123.055,7.635],[123.054,7.623],[123.05,7.618],[123.036,7.609],[123.033,7.606],[123.035,7.599],[123.038,7.595],[123.04,7.59],[123.04,7.582],[123.035,7.564],[123.019,7.542],[123.012,7.528],[123.011,7.513],[123.012,7.483],[123.007,7.472],[122.996,7.467],[122.99,7.47],[122.985,7.476],[122.975,7.479],[122.974,7.48],[122.951,7.486],[122.942,7.5],[122.927,7.538],[122.917,7.548],[122.905,7.543],[122.892,7.531],[122.882,7.517],[122.876,7.507],[122.875,7.493],[122.878,7.484],[122.876,7.476],[122.863,7.466],[122.851,7.461],[122.837,7.458],[122.822,7.459],[122.807,7.466],[122.813,7.478],[122.81,7.486],[122.804,7.49],[122.801,7.49],[122.799,7.487],[122.794,7.485],[122.79,7.485],[122.787,7.486],[122.786,7.492],[122.788,7.497],[122.792,7.5],[122.794,7.5],[122.792,7.523],[122.797,7.536],[122.809,7.538],[122.828,7.528],[122.831,7.55],[122.823,7.564],[122.812,7.577],[122.807,7.592],[122.8,7.654],[122.794,7.671],[122.802,7.684],[122.808,7.704],[122.813,7.726],[122.815,7.743],[122.804,7.759],[122.78,7.76],[122.739,7.754],[122.73,7.761],[122.715,7.781],[122.704,7.788],[122.66,7.788],[122.651,7.786],[122.631,7.776],[122.619,7.774],[122.597,7.761],[122.511,7.696],[122.486,7.667],[122.444,7.609],[122.434,7.591],[122.434,7.579],[122.452,7.574],[122.472,7.58],[122.486,7.579],[122.485,7.554],[122.479,7.54],[122.468,7.523],[122.454,7.508],[122.444,7.5],[122.451,7.534],[122.451,7.541],[122.44,7.542],[122.428,7.533],[122.42,7.52],[122.416,7.51],[122.406,7.5],[122.36,7.473],[122.261,7.471],[122.272,7.5],[122.293,7.578],[122.305,7.6],[122.316,7.612],[122.34,7.634],[122.35,7.646],[122.357,7.663],[122.364,7.701],[122.372,7.715],[122.387,7.727],[122.422,7.742],[122.438,7.752],[122.54,7.859],[122.561,7.873],[122.573,7.881],[122.714,7.935],[122.753,7.944],[122.792,7.945],[122.833,7.94],[122.909,7.919],[122.916,7.918],[122.914,7.87],[122.923,7.831],[122.964,7.831],[123.016,7.82],[123.055,7.821],[123.086,7.808],[123.096,7.714]]]]}}]}
