{"type":"FeatureCollection","features":[{"type":"Feature","id":"PK-BA","properties":{"id":"PK-BA","countryCode":"PK","isoSubdivision":"PK-BA","name":"Balochistan","name_en":"Balochistan","name_ko":"발루치스탄","type":"Province","labelLongitude":65.551,"labelLatitude":27.519,"minZoom":5},"geometry":{"type":"Polygon","coordinates":[[[68.977,31.641],[69.004,31.651],[69.04,31.673],[69.072,31.698],[69.085,31.716],[69.1,31.724],[69.114,31.738],[69.224,31.882],[69.251,31.907],[69.299,31.938],[69.301,31.941],[69.328,31.94],[69.335,31.93],[69.349,31.93],[69.369,31.934],[69.518,31.944],[69.536,31.941],[69.57,31.949],[69.587,31.959],[69.604,31.973],[69.62,31.988],[69.646,32.02],[69.662,32.031],[69.708,32.047],[69.717,32.047],[69.793,32.061],[69.822,32.058],[69.825,32.053],[69.823,32.04],[69.814,32.019],[69.807,32.007],[69.806,32],[69.808,31.993],[69.817,31.983],[69.828,31.974],[69.841,31.966],[69.86,31.957],[69.864,31.954],[69.867,31.95],[69.868,31.945],[69.866,31.935],[69.862,31.928],[69.842,31.898],[69.84,31.893],[69.839,31.888],[69.84,31.883],[69.841,31.878],[69.844,31.871],[69.851,31.863],[69.857,31.857],[69.863,31.853],[69.869,31.851],[69.873,31.849],[69.877,31.849],[69.881,31.85],[69.887,31.852],[69.893,31.855],[69.897,31.858],[69.902,31.862],[69.912,31.873],[69.925,31.894],[69.928,31.897],[69.932,31.899],[69.936,31.9],[69.94,31.899],[69.944,31.895],[69.945,31.89],[69.939,31.838],[69.932,31.82],[69.93,31.798],[69.931,31.742],[69.93,31.728],[69.934,31.66],[69.93,31.637],[69.927,31.574],[69.924,31.561],[69.916,31.539],[69.914,31.528],[69.914,31.521],[69.915,31.515],[69.918,31.505],[69.922,31.501],[69.93,31.497],[69.963,31.485],[69.973,31.483],[69.979,31.483],[69.99,31.478],[70.004,31.454],[70.022,31.347],[70.023,31.336],[70.025,31.33],[70.029,31.325],[70.037,31.321],[70.04,31.321],[70.042,31.323],[70.043,31.327],[70.042,31.344],[70.043,31.352],[70.045,31.363],[70.048,31.369],[70.052,31.374],[70.062,31.382],[70.063,31.385],[70.065,31.395],[70.07,31.405],[70.072,31.411],[70.073,31.414],[70.075,31.417],[70.079,31.417],[70.085,31.416],[70.093,31.409],[70.099,31.407],[70.103,31.407],[70.106,31.41],[70.109,31.413],[70.112,31.415],[70.116,31.417],[70.123,31.417],[70.14,31.414],[70.144,31.415],[70.148,31.417],[70.153,31.419],[70.158,31.423],[70.165,31.432],[70.17,31.442],[70.176,31.449],[70.18,31.452],[70.184,31.453],[70.189,31.453],[70.193,31.454],[70.197,31.457],[70.208,31.473],[70.214,31.479],[70.217,31.483],[70.22,31.486],[70.222,31.486],[70.225,31.485],[70.229,31.481],[70.233,31.475],[70.236,31.465],[70.236,31.454],[70.235,31.44],[70.238,31.426],[70.241,31.417],[70.252,31.403],[70.255,31.398],[70.258,31.392],[70.258,31.386],[70.258,31.375],[70.245,31.332],[70.243,31.322],[70.246,31.255],[70.231,31.17],[70.229,31.13],[70.231,31.106],[70.239,31.073],[70.226,30.874],[70.237,30.846],[70.239,30.832],[70.238,30.822],[70.232,30.816],[70.226,30.814],[70.208,30.812],[70.202,30.81],[70.119,30.713],[70.116,30.71],[70.111,30.709],[70.087,30.708],[70.08,30.706],[70.073,30.697],[70.066,30.683],[70.059,30.655],[70.057,30.643],[70.057,30.634],[70.059,30.63],[70.07,30.614],[70.072,30.609],[70.073,30.603],[70.071,30.593],[70.065,30.581],[69.979,30.454],[69.968,30.427],[69.959,30.373],[69.94,30.312],[69.933,30.298],[69.93,30.289],[69.93,30.283],[69.933,30.277],[69.939,30.275],[69.949,30.271],[69.953,30.268],[69.955,30.264],[69.956,30.26],[69.956,30.239],[69.957,30.232],[69.957,30.229],[69.959,30.225],[69.962,30.223],[69.965,30.222],[69.968,30.223],[69.972,30.225],[69.981,30.24],[69.985,30.244],[69.988,30.247],[69.992,30.249],[69.999,30.253],[70.002,30.254],[70.006,30.254],[70.017,30.254],[70.029,30.252],[70.034,30.251],[70.039,30.248],[70.043,30.243],[70.042,30.23],[70.036,30.211],[70.01,30.167],[70.004,30.16],[69.992,30.151],[69.977,30.138],[69.972,30.13],[69.967,30.119],[69.963,30.1],[69.962,30.09],[69.962,30.066],[69.948,30.028],[69.896,29.933],[69.848,29.827],[69.839,29.812],[69.829,29.802],[69.81,29.789],[69.786,29.775],[69.78,29.769],[69.748,29.725],[69.727,29.709],[69.666,29.7],[69.648,29.694],[69.63,29.686],[69.626,29.684],[69.622,29.681],[69.617,29.675],[69.605,29.658],[69.6,29.647],[69.597,29.633],[69.597,29.604],[69.6,29.572],[69.569,29.448],[69.57,29.436],[69.573,29.43],[69.576,29.427],[69.581,29.425],[69.587,29.424],[69.629,29.42],[69.64,29.417],[69.645,29.415],[69.653,29.41],[69.66,29.404],[69.662,29.401],[69.665,29.397],[69.667,29.392],[69.668,29.382],[69.667,29.367],[69.664,29.342],[69.664,29.331],[69.666,29.323],[69.687,29.295],[69.69,29.292],[69.693,29.291],[69.697,29.291],[69.701,29.292],[69.704,29.295],[69.71,29.301],[69.717,29.307],[69.721,29.309],[69.726,29.311],[69.73,29.313],[69.735,29.313],[69.74,29.312],[69.743,29.307],[69.744,29.297],[69.743,29.28],[69.707,29.13],[69.696,29.11],[69.689,29.102],[69.683,29.098],[69.669,29.093],[69.662,29.088],[69.655,29.082],[69.642,29.07],[69.592,28.999],[69.57,28.976],[69.557,28.965],[69.529,28.947],[69.525,28.944],[69.52,28.938],[69.515,28.927],[69.508,28.909],[69.503,28.884],[69.502,28.872],[69.502,28.864],[69.504,28.86],[69.505,28.858],[69.507,28.855],[69.513,28.849],[69.523,28.841],[69.527,28.837],[69.529,28.832],[69.531,28.825],[69.526,28.807],[69.471,28.693],[69.448,28.659],[69.422,28.629],[69.415,28.623],[69.407,28.618],[69.39,28.611],[69.352,28.598],[69.347,28.595],[69.341,28.591],[69.336,28.584],[69.332,28.577],[69.331,28.569],[69.331,28.564],[69.333,28.559],[69.385,28.487],[69.252,28.484],[68.776,28.465],[68.604,28.475],[68.501,28.463],[68.473,28.455],[68.467,28.453],[68.459,28.448],[68.445,28.437],[68.438,28.429],[68.389,28.357],[68.385,28.353],[68.382,28.35],[68.376,28.347],[68.369,28.342],[68.283,28.311],[68.237,28.281],[68.219,28.265],[67.999,28.114],[67.97,28.083],[67.925,28.023],[67.684,27.926],[67.554,27.896],[67.441,27.883],[67.402,27.864],[67.39,27.845],[67.342,27.744],[67.273,27.663],[67.206,27.558],[67.193,27.532],[67.186,27.513],[67.18,27.48],[67.143,27.334],[67.136,27.288],[67.135,27.253],[67.146,27.156],[67.153,26.736],[67.155,26.654],[67.162,26.605],[67.173,26.56],[67.181,26.539],[67.437,26.111],[67.447,26.076],[67.45,26.048],[67.434,25.959],[67.434,25.94],[67.44,25.888],[67.44,25.862],[67.435,25.831],[67.424,25.796],[67.374,25.673],[67.36,25.653],[67.328,25.62],[67.292,25.581],[67.277,25.554],[67.271,25.539],[67.264,25.53],[67.256,25.523],[67.229,25.51],[67.221,25.501],[67.17,25.417],[67.165,25.404],[67.162,25.395],[67.163,25.389],[67.167,25.368],[67.168,25.358],[67.167,25.349],[67.163,25.336],[67.138,25.276],[67.131,25.266],[67.124,25.258],[67.106,25.244],[67.077,25.222],[67.042,25.183],[67.032,25.171],[67.027,25.162],[67.026,25.156],[67.026,25.15],[67.027,25.132],[67.026,25.124],[67.02,25.109],[67.011,25.093],[66.991,25.067],[66.966,25.043],[66.953,25.034],[66.94,25.028],[66.926,25.024],[66.886,25.019],[66.881,25.018],[66.875,25.016],[66.862,25.009],[66.704,24.892],[66.704,24.899],[66.681,24.911],[66.681,24.949],[66.697,25.025],[66.7,25.085],[66.704,25.104],[66.714,25.121],[66.732,25.143],[66.738,25.159],[66.737,25.181],[66.721,25.213],[66.718,25.231],[66.71,25.239],[66.674,25.269],[66.66,25.276],[66.648,25.283],[66.595,25.33],[66.561,25.35],[66.548,25.366],[66.554,25.385],[66.579,25.379],[66.591,25.4],[66.587,25.426],[66.564,25.439],[66.551,25.457],[66.542,25.492],[66.531,25.518],[66.513,25.508],[66.511,25.513],[66.507,25.518],[66.506,25.522],[66.493,25.518],[66.487,25.526],[66.483,25.538],[66.478,25.549],[66.444,25.583],[66.437,25.598],[66.412,25.591],[66.388,25.592],[66.373,25.604],[66.375,25.626],[66.359,25.614],[66.339,25.608],[66.303,25.605],[66.291,25.606],[66.271,25.612],[66.258,25.612],[66.254,25.61],[66.248,25.605],[66.24,25.6],[66.204,25.593],[66.183,25.582],[66.167,25.566],[66.156,25.549],[66.137,25.514],[66.132,25.508],[66.121,25.505],[66.11,25.495],[66.1,25.484],[66.094,25.475],[66.121,25.475],[66.2,25.488],[66.213,25.491],[66.224,25.499],[66.238,25.516],[66.242,25.518],[66.245,25.52],[66.25,25.522],[66.255,25.522],[66.259,25.525],[66.258,25.531],[66.257,25.538],[66.258,25.543],[66.279,25.55],[66.309,25.554],[66.336,25.553],[66.348,25.546],[66.353,25.536],[66.364,25.53],[66.377,25.527],[66.389,25.522],[66.397,25.513],[66.412,25.491],[66.423,25.481],[66.437,25.491],[66.456,25.496],[66.476,25.493],[66.492,25.481],[66.458,25.454],[66.498,25.43],[66.512,25.414],[66.498,25.399],[66.484,25.401],[66.466,25.412],[66.437,25.433],[66.36,25.465],[66.312,25.475],[66.279,25.467],[66.252,25.473],[66.219,25.465],[66.187,25.453],[66.159,25.447],[66.069,25.446],[66.005,25.43],[65.924,25.419],[65.882,25.42],[65.858,25.418],[65.824,25.402],[65.8,25.396],[65.765,25.378],[65.724,25.371],[65.672,25.347],[65.652,25.344],[65.63,25.347],[65.488,25.383],[65.468,25.385],[65.446,25.381],[65.423,25.372],[65.401,25.367],[65.382,25.371],[65.387,25.376],[65.395,25.392],[65.363,25.391],[65.336,25.385],[65.313,25.377],[65.292,25.365],[65.26,25.38],[65.232,25.371],[65.211,25.348],[65.188,25.311],[65.18,25.304],[65.17,25.299],[65.155,25.296],[65.143,25.296],[65.118,25.302],[65.09,25.306],[65.059,25.315],[65.042,25.317],[64.981,25.317],[64.921,25.327],[64.89,25.328],[64.861,25.317],[64.839,25.325],[64.807,25.329],[64.744,25.324],[64.719,25.314],[64.696,25.298],[64.679,25.277],[64.669,25.255],[64.663,25.229],[64.663,25.217],[64.669,25.207],[64.68,25.201],[64.696,25.197],[64.709,25.191],[64.71,25.179],[64.702,25.179],[64.655,25.166],[64.641,25.167],[64.615,25.173],[64.6,25.173],[64.627,25.212],[64.628,25.228],[64.611,25.252],[64.593,25.261],[64.565,25.27],[64.537,25.276],[64.518,25.276],[64.507,25.267],[64.492,25.246],[64.48,25.241],[64.468,25.24],[64.448,25.236],[64.439,25.235],[64.417,25.241],[64.383,25.271],[64.361,25.283],[64.318,25.292],[64.275,25.296],[64.266,25.299],[64.253,25.312],[64.245,25.317],[64.184,25.319],[64.094,25.336],[64.095,25.35],[64.104,25.368],[64.107,25.385],[64.102,25.391],[64.092,25.396],[64.084,25.404],[64.08,25.416],[64.084,25.427],[64.094,25.432],[64.106,25.433],[64.117,25.433],[64.141,25.429],[64.151,25.432],[64.155,25.447],[64.151,25.451],[64.141,25.453],[64.127,25.454],[64.082,25.444],[64.056,25.442],[64.045,25.45],[63.99,25.425],[63.977,25.413],[63.991,25.417],[63.997,25.42],[64.004,25.402],[64.012,25.397],[64.021,25.403],[64.035,25.416],[64.049,25.416],[64.062,25.399],[64.08,25.365],[64.067,25.346],[64.06,25.345],[64.042,25.344],[64.005,25.339],[63.987,25.338],[63.97,25.344],[63.944,25.335],[63.907,25.341],[63.805,25.375],[63.738,25.385],[63.67,25.384],[63.605,25.374],[63.573,25.365],[63.554,25.356],[63.538,25.344],[63.511,25.317],[63.496,25.291],[63.485,25.284],[63.469,25.289],[63.474,25.273],[63.482,25.26],[63.512,25.227],[63.517,25.224],[63.519,25.221],[63.518,25.214],[63.515,25.207],[63.512,25.2],[63.507,25.196],[63.5,25.194],[63.469,25.199],[63.411,25.222],[63.377,25.228],[63.308,25.22],[63.291,25.223],[63.244,25.241],[63.178,25.258],[63.144,25.261],[63.113,25.255],[63.051,25.224],[63.028,25.22],[62.942,25.228],[62.771,25.262],[62.605,25.266],[62.527,25.264],[62.477,25.259],[62.465,25.237],[62.468,25.224],[62.489,25.214],[62.469,25.207],[62.444,25.214],[62.414,25.207],[62.385,25.192],[62.366,25.179],[62.355,25.169],[62.343,25.155],[62.336,25.14],[62.339,25.125],[62.352,25.113],[62.373,25.108],[62.387,25.102],[62.381,25.088],[62.34,25.087],[62.29,25.09],[62.256,25.099],[62.28,25.117],[62.284,25.12],[62.288,25.122],[62.291,25.125],[62.299,25.129],[62.308,25.128],[62.315,25.13],[62.318,25.142],[62.304,25.167],[62.297,25.185],[62.275,25.2],[62.254,25.212],[62.226,25.214],[62.192,25.22],[62.145,25.218],[62.103,25.205],[62.08,25.197],[62.068,25.178],[62.059,25.162],[62.073,25.151],[62.078,25.128],[62.089,25.118],[62.097,25.107],[62.076,25.101],[62.036,25.103],[61.989,25.108],[61.929,25.11],[61.881,25.103],[61.87,25.084],[61.866,25.075],[61.857,25.067],[61.847,25.038],[61.835,25.038],[61.815,25.026],[61.79,25.018],[61.755,25.013],[61.73,25.022],[61.72,25.037],[61.726,25.059],[61.736,25.07],[61.729,25.083],[61.732,25.092],[61.75,25.104],[61.76,25.115],[61.763,25.122],[61.764,25.135],[61.767,25.146],[61.78,25.163],[61.784,25.173],[61.783,25.188],[61.78,25.191],[61.774,25.188],[61.767,25.186],[61.764,25.184],[61.755,25.176],[61.75,25.173],[61.744,25.175],[61.731,25.184],[61.725,25.186],[61.714,25.188],[61.708,25.192],[61.702,25.197],[61.694,25.201],[61.683,25.202],[61.65,25.201],[61.634,25.204],[61.624,25.204],[61.612,25.201],[61.588,25.202],[61.62,25.285],[61.626,25.37],[61.633,25.469],[61.639,25.555],[61.643,25.613],[61.647,25.628],[61.652,25.637],[61.667,25.65],[61.673,25.658],[61.676,25.693],[61.665,25.732],[61.66,25.769],[61.681,25.795],[61.703,25.8],[61.722,25.8],[61.739,25.803],[61.755,25.82],[61.76,25.838],[61.771,25.907],[61.783,25.991],[61.793,26.053],[61.801,26.107],[61.81,26.167],[61.818,26.198],[61.833,26.225],[61.857,26.242],[61.978,26.273],[62.014,26.295],[62.032,26.303],[62.053,26.309],[62.094,26.315],[62.103,26.325],[62.107,26.35],[62.124,26.374],[62.161,26.37],[62.206,26.355],[62.243,26.351],[62.265,26.361],[62.264,26.375],[62.254,26.394],[62.249,26.417],[62.256,26.429],[62.288,26.457],[62.298,26.474],[62.297,26.48],[62.293,26.486],[62.29,26.492],[62.292,26.501],[62.298,26.509],[62.307,26.514],[62.327,26.521],[62.335,26.525],[62.348,26.533],[62.356,26.537],[62.365,26.538],[62.386,26.537],[62.397,26.539],[62.402,26.544],[62.411,26.557],[62.418,26.562],[62.428,26.565],[62.595,26.581],[62.616,26.587],[62.624,26.593],[62.632,26.6],[62.641,26.605],[62.651,26.603],[62.663,26.598],[62.671,26.598],[62.702,26.604],[62.711,26.607],[62.718,26.611],[62.725,26.615],[62.735,26.632],[62.743,26.641],[62.754,26.644],[62.822,26.643],[62.9,26.641],[62.99,26.639],[63.029,26.634],[63.069,26.633],[63.098,26.638],[63.108,26.638],[63.116,26.634],[63.123,26.629],[63.131,26.626],[63.141,26.625],[63.164,26.645],[63.174,26.685],[63.182,26.83],[63.19,26.846],[63.206,26.854],[63.247,26.86],[63.262,26.872],[63.265,26.89],[63.256,26.906],[63.244,26.922],[63.235,26.941],[63.23,27.054],[63.231,27.066],[63.236,27.076],[63.246,27.089],[63.25,27.1],[63.261,27.116],[63.281,27.123],[63.302,27.123],[63.32,27.117],[63.286,27.185],[63.271,27.203],[63.261,27.214],[63.252,27.219],[63.227,27.227],[63.215,27.233],[63.19,27.254],[63.177,27.258],[63.167,27.259],[63.112,27.243],[63.099,27.243],[63.083,27.244],[63.056,27.243],[63.004,27.229],[62.978,27.225],[62.92,27.215],[62.892,27.213],[62.861,27.22],[62.837,27.231],[62.829,27.234],[62.822,27.232],[62.809,27.225],[62.801,27.225],[62.786,27.232],[62.742,27.267],[62.758,27.268],[62.768,27.274],[62.774,27.286],[62.779,27.3],[62.781,27.316],[62.776,27.327],[62.756,27.348],[62.809,27.453],[62.815,27.495],[62.809,27.547],[62.8,27.639],[62.795,27.689],[62.786,27.77],[62.78,27.83],[62.754,27.926],[62.736,27.995],[62.752,28.109],[62.766,28.211],[62.762,28.246],[62.739,28.258],[62.576,28.229],[62.555,28.24],[62.492,28.301],[62.478,28.322],[62.471,28.34],[62.464,28.35],[62.454,28.356],[62.437,28.36],[62.421,28.369],[62.411,28.381],[62.402,28.394],[62.391,28.406],[62.363,28.419],[62.231,28.442],[62.148,28.475],[62.116,28.481],[62.049,28.486],[62.019,28.495],[61.971,28.519],[61.911,28.534],[61.893,28.543],[61.861,28.575],[61.798,28.627],[61.756,28.674],[61.653,28.756],[61.624,28.788],[61.595,28.843],[61.567,28.871],[61.561,28.886],[61.559,28.903],[61.553,28.922],[61.511,29.007],[61.502,29.018],[61.491,29.025],[61.478,29.031],[61.47,29.036],[61.468,29.042],[61.471,29.048],[61.478,29.054],[61.487,29.063],[61.491,29.072],[61.488,29.081],[61.478,29.087],[61.461,29.094],[61.453,29.108],[61.448,29.125],[61.438,29.14],[61.427,29.145],[61.418,29.146],[61.409,29.149],[61.398,29.159],[61.393,29.17],[61.39,29.195],[61.387,29.207],[61.374,29.224],[61.342,29.255],[61.333,29.275],[61.333,29.294],[61.345,29.33],[61.347,29.349],[61.337,29.374],[61.32,29.385],[61.299,29.393],[61.279,29.407],[61.197,29.492],[61.119,29.574],[61.043,29.652],[60.978,29.721],[60.925,29.775],[60.844,29.858],[60.876,29.846],[60.947,29.826],[61.031,29.802],[61.114,29.779],[61.197,29.755],[61.28,29.732],[61.364,29.709],[61.447,29.685],[61.53,29.662],[61.613,29.639],[61.697,29.615],[61.78,29.592],[61.863,29.568],[61.947,29.545],[62.03,29.522],[62.113,29.498],[62.196,29.475],[62.279,29.451],[62.374,29.425],[62.478,29.408],[62.603,29.418],[62.631,29.42],[62.68,29.424],[62.729,29.428],[62.778,29.433],[62.827,29.437],[62.876,29.441],[62.926,29.445],[62.975,29.449],[63.024,29.453],[63.073,29.457],[63.122,29.461],[63.171,29.465],[63.22,29.469],[63.269,29.473],[63.318,29.477],[63.367,29.481],[63.416,29.485],[63.569,29.497],[63.788,29.461],[63.972,29.43],[64.086,29.387],[64.113,29.396],[64.15,29.458],[64.173,29.484],[64.208,29.5],[64.478,29.57],[64.499,29.57],[64.684,29.569],[64.82,29.568],[64.987,29.542],[65.036,29.54],[65.181,29.577],[65.24,29.592],[65.298,29.607],[65.356,29.621],[65.414,29.636],[65.472,29.651],[65.53,29.666],[65.588,29.681],[65.646,29.695],[65.704,29.71],[65.762,29.725],[65.82,29.74],[65.878,29.754],[65.936,29.769],[65.994,29.784],[66.052,29.799],[66.11,29.814],[66.196,29.835],[66.275,29.885],[66.302,29.916],[66.322,29.947],[66.328,29.95],[66.337,29.952],[66.341,29.957],[66.332,29.966],[66.302,29.987],[66.26,30.023],[66.225,30.044],[66.219,30.058],[66.222,30.074],[66.236,30.112],[66.301,30.226],[66.305,30.245],[66.303,30.305],[66.322,30.437],[66.319,30.458],[66.314,30.478],[66.306,30.491],[66.282,30.518],[66.265,30.558],[66.268,30.601],[66.366,30.923],[66.375,30.937],[66.392,30.945],[66.527,30.968],[66.55,30.977],[66.644,31.06],[66.663,31.083],[66.697,31.196],[66.721,31.21],[66.76,31.215],[66.785,31.232],[66.809,31.255],[66.838,31.277],[66.906,31.306],[66.943,31.315],[67.002,31.316],[67.017,31.309],[67.024,31.295],[67.026,31.273],[67.023,31.265],[67.018,31.259],[67.014,31.253],[67.015,31.245],[67.023,31.239],[67.035,31.236],[67.058,31.232],[67.078,31.232],[67.117,31.24],[67.137,31.241],[67.157,31.236],[67.193,31.219],[67.214,31.212],[67.23,31.211],[67.282,31.213],[67.346,31.208],[67.365,31.211],[67.434,31.236],[67.493,31.243],[67.53,31.257],[67.584,31.265],[67.602,31.271],[67.666,31.306],[67.679,31.317],[67.693,31.325],[67.709,31.329],[67.749,31.328],[67.765,31.334],[67.775,31.353],[67.77,31.395],[67.734,31.405],[67.651,31.395],[67.631,31.4],[67.611,31.411],[67.597,31.426],[67.591,31.465],[67.578,31.482],[67.563,31.497],[67.556,31.512],[67.569,31.53],[67.601,31.53],[67.665,31.518],[67.696,31.521],[67.727,31.531],[67.748,31.544],[67.781,31.564],[67.843,31.623],[67.871,31.635],[67.884,31.636],[67.915,31.631],[67.955,31.633],[67.966,31.638],[67.977,31.652],[67.994,31.663],[68.047,31.688],[68.052,31.695],[68.056,31.717],[68.06,31.726],[68.093,31.752],[68.098,31.759],[68.105,31.769],[68.126,31.811],[68.139,31.825],[68.159,31.826],[68.185,31.818],[68.207,31.808],[68.232,31.79],[68.243,31.777],[68.255,31.766],[68.277,31.764],[68.317,31.765],[68.356,31.763],[68.461,31.73],[68.498,31.725],[68.515,31.73],[68.537,31.741],[68.55,31.754],[68.541,31.763],[68.521,31.765],[68.461,31.764],[68.44,31.767],[68.422,31.773],[68.419,31.783],[68.438,31.796],[68.481,31.816],[68.505,31.823],[68.527,31.823],[68.561,31.812],[68.619,31.783],[68.676,31.775],[68.688,31.769],[68.695,31.756],[68.698,31.716],[68.705,31.701],[68.731,31.676],[68.777,31.619],[68.804,31.603],[68.844,31.606],[68.907,31.634],[68.941,31.644],[68.977,31.641]]]}},{"type":"Feature","id":"PK-GB","properties":{"id":"PK-GB","countryCode":"PK","isoSubdivision":"PK-GB","name":"Gilgit-Baltistan","name_en":"Gilgit-Baltistan","name_ko":"길기트발티스탄","type":"Centrally Administered Area","labelLongitude":74.985,"labelLatitude":35.786,"minZoom":5},"geometry":{"type":"Polygon","coordinates":[[[75.977,36.462],[75.981,36.445],[75.987,36.421],[75.969,36.342],[75.969,36.302],[75.977,36.287],[76.002,36.261],[76.012,36.248],[76.014,36.23],[76.002,36.222],[75.983,36.215],[75.97,36.202],[75.969,36.192],[75.977,36.174],[75.977,36.163],[75.972,36.155],[75.964,36.15],[75.915,36.124],[75.901,36.114],[75.894,36.097],[75.9,36.063],[75.922,36.032],[75.953,36.007],[75.984,35.996],[76.061,35.992],[76.09,35.978],[76.115,35.942],[76.124,35.903],[76.128,35.862],[76.138,35.827],[76.166,35.806],[76.19,35.805],[76.237,35.815],[76.26,35.818],[76.281,35.814],[76.297,35.809],[76.312,35.81],[76.349,35.831],[76.366,35.831],[76.384,35.828],[76.403,35.831],[76.41,35.837],[76.422,35.854],[76.432,35.861],[76.443,35.863],[76.454,35.865],[76.476,35.865],[76.5,35.872],[76.537,35.903],[76.555,35.898],[76.565,35.865],[76.551,35.784],[76.571,35.751],[76.604,35.736],[76.677,35.714],[76.709,35.694],[76.733,35.667],[76.745,35.655],[76.763,35.647],[76.777,35.646],[76.913,35.378],[77.049,35.11],[77.042,35.107],[77.023,35.086],[77.027,35.062],[77.035,35.035],[77.029,35.003],[77.013,34.986],[76.953,34.947],[76.934,34.929],[76.921,34.921],[76.906,34.923],[76.88,34.937],[76.853,34.943],[76.817,34.941],[76.782,34.931],[76.758,34.915],[76.75,34.892],[76.753,34.838],[76.744,34.819],[76.653,34.747],[76.64,34.741],[76.553,34.726],[76.536,34.726],[76.52,34.731],[76.476,34.758],[76.438,34.763],[76.4,34.751],[76.262,34.685],[76.155,34.662],[76.122,34.661],[76.058,34.683],[76.023,34.677],[76.007,34.665],[75.987,34.636],[75.973,34.622],[75.966,34.619],[75.939,34.612],[75.874,34.571],[75.816,34.522],[75.796,34.508],[75.777,34.504],[75.735,34.509],[75.714,34.509],[75.656,34.497],[75.612,34.498],[75.348,34.557],[75.307,34.574],[75.267,34.598],[75.251,34.613],[75.237,34.632],[75.225,34.639],[75.225,34.64],[75.227,34.649],[75.252,34.697],[75.255,34.729],[75.249,34.762],[75.232,34.795],[75.208,34.822],[75.161,34.862],[75.141,34.87],[75.14,34.87],[75.122,34.867],[75.087,34.839],[75.067,34.831],[75.028,34.824],[75.005,34.817],[74.975,34.813],[74.928,34.813],[74.927,34.813],[74.866,34.829],[74.799,34.852],[74.661,34.918],[74.634,34.94],[74.613,34.972],[74.574,35.046],[74.549,35.08],[74.521,35.106],[74.489,35.12],[74.464,35.124],[74.463,35.124],[74.411,35.112],[74.351,35.094],[74.269,35.087],[74.268,35.087],[74.177,35.098],[74.175,35.098],[74.138,35.099],[74.125,35.099],[74.124,35.105],[74.123,35.107],[74.119,35.111],[74.105,35.121],[74.102,35.126],[74.102,35.131],[74.103,35.135],[74.104,35.138],[74.102,35.14],[74.1,35.141],[74.098,35.142],[74.097,35.142],[74.079,35.142],[74.052,35.144],[74.037,35.145],[74.036,35.145],[74.031,35.147],[74.025,35.15],[74.009,35.163],[74.006,35.165],[74.004,35.168],[74.003,35.171],[73.999,35.174],[73.995,35.175],[73.992,35.175],[73.977,35.174],[73.968,35.172],[73.961,35.169],[73.959,35.17],[73.958,35.17],[73.954,35.171],[73.949,35.173],[73.924,35.199],[73.915,35.202],[73.91,35.203],[73.898,35.207],[73.888,35.208],[73.87,35.203],[73.864,35.202],[73.863,35.203],[73.859,35.205],[73.839,35.222],[73.821,35.23],[73.813,35.233],[73.81,35.234],[73.808,35.234],[73.801,35.235],[73.776,35.235],[73.773,35.234],[73.77,35.233],[73.767,35.231],[73.746,35.214],[73.742,35.211],[73.739,35.21],[73.736,35.209],[73.732,35.209],[73.732,35.21],[73.728,35.212],[73.722,35.216],[73.716,35.225],[73.715,35.23],[73.715,35.234],[73.718,35.239],[73.72,35.255],[73.72,35.259],[73.718,35.264],[73.689,35.307],[73.687,35.31],[73.687,35.314],[73.687,35.318],[73.691,35.345],[73.691,35.349],[73.69,35.355],[73.69,35.357],[73.692,35.361],[73.694,35.366],[73.717,35.398],[73.723,35.408],[73.724,35.412],[73.726,35.415],[73.728,35.418],[73.743,35.428],[73.768,35.439],[73.777,35.442],[73.781,35.445],[73.784,35.447],[73.785,35.45],[73.784,35.453],[73.783,35.457],[73.782,35.461],[73.778,35.502],[73.778,35.506],[73.772,35.522],[73.758,35.527],[73.63,35.543],[73.566,35.542],[73.505,35.534],[73.504,35.534],[73.504,35.535],[73.466,35.558],[73.465,35.558],[73.464,35.558],[73.443,35.562],[73.41,35.548],[73.409,35.548],[73.409,35.549],[73.397,35.57],[73.395,35.575],[73.392,35.58],[73.388,35.584],[73.383,35.588],[73.382,35.588],[73.374,35.592],[73.366,35.595],[73.355,35.597],[73.349,35.597],[73.329,35.595],[73.325,35.596],[73.311,35.599],[73.31,35.599],[73.307,35.6],[73.307,35.601],[73.304,35.602],[73.299,35.613],[73.297,35.617],[73.29,35.623],[73.282,35.628],[73.252,35.645],[73.244,35.651],[73.24,35.654],[73.228,35.664],[73.135,35.715],[73.129,35.72],[73.126,35.725],[73.124,35.73],[73.123,35.737],[73.123,35.744],[73.128,35.796],[73.13,35.799],[73.133,35.802],[73.151,35.817],[73.154,35.821],[73.155,35.825],[73.153,35.828],[73.15,35.832],[73.149,35.832],[73.129,35.843],[73.12,35.848],[73.119,35.849],[73.108,35.856],[73.094,35.868],[73.092,35.871],[73.091,35.874],[73.088,35.876],[73.086,35.876],[73.085,35.877],[73.081,35.873],[73.072,35.865],[73.068,35.862],[73.064,35.86],[73.06,35.858],[73.053,35.857],[73.042,35.856],[73.032,35.857],[73.016,35.861],[73.009,35.864],[73.007,35.865],[73.001,35.869],[73,35.869],[72.986,35.875],[72.983,35.876],[72.978,35.877],[72.972,35.878],[72.872,35.874],[72.865,35.873],[72.856,35.87],[72.818,35.851],[72.815,35.848],[72.809,35.841],[72.806,35.839],[72.798,35.838],[72.792,35.838],[72.75,35.845],[72.656,35.854],[72.654,35.855],[72.557,35.889],[72.516,35.904],[72.588,36.013],[72.589,36.016],[72.588,36.019],[72.581,36.035],[72.579,36.043],[72.573,36.05],[72.541,36.073],[72.538,36.076],[72.536,36.08],[72.535,36.083],[72.531,36.091],[72.529,36.098],[72.529,36.103],[72.53,36.108],[72.532,36.112],[72.534,36.117],[72.56,36.144],[72.562,36.15],[72.561,36.156],[72.553,36.167],[72.551,36.17],[72.551,36.174],[72.554,36.189],[72.565,36.23],[72.568,36.237],[72.572,36.243],[72.578,36.25],[72.586,36.258],[72.594,36.264],[72.607,36.273],[72.622,36.277],[72.633,36.279],[72.643,36.279],[72.655,36.278],[72.681,36.269],[72.687,36.269],[72.692,36.271],[72.714,36.296],[72.719,36.3],[72.738,36.311],[72.753,36.317],[72.767,36.32],[72.774,36.323],[72.785,36.329],[72.822,36.365],[72.83,36.37],[72.838,36.374],[72.869,36.38],[72.877,36.384],[72.884,36.392],[72.887,36.397],[72.887,36.402],[72.886,36.414],[72.886,36.439],[72.889,36.453],[72.89,36.457],[72.896,36.462],[72.906,36.466],[72.926,36.468],[72.956,36.468],[72.981,36.471],[72.985,36.473],[72.988,36.476],[72.99,36.484],[72.989,36.489],[72.985,36.496],[72.982,36.5],[72.98,36.504],[72.98,36.508],[72.983,36.511],[72.989,36.514],[73.042,36.531],[73.049,36.535],[73.055,36.54],[73.063,36.549],[73.066,36.556],[73.069,36.569],[73.072,36.574],[73.085,36.59],[73.094,36.603],[73.096,36.607],[73.096,36.609],[73.093,36.618],[73.078,36.651],[73.073,36.664],[73.073,36.686],[73.072,36.691],[73.071,36.695],[73.073,36.699],[73.078,36.701],[73.097,36.703],[73.131,36.709],[73.142,36.714],[73.172,36.733],[73.177,36.735],[73.182,36.734],[73.192,36.728],[73.208,36.716],[73.208,36.715],[73.213,36.713],[73.218,36.712],[73.243,36.717],[73.271,36.718],[73.288,36.717],[73.296,36.717],[73.314,36.721],[73.416,36.752],[73.43,36.751],[73.454,36.747],[73.514,36.731],[73.52,36.731],[73.541,36.733],[73.553,36.732],[73.558,36.731],[73.565,36.728],[73.571,36.728],[73.577,36.729],[73.591,36.735],[73.595,36.735],[73.599,36.733],[73.608,36.722],[73.614,36.716],[73.617,36.713],[73.618,36.712],[73.622,36.71],[73.628,36.71],[73.655,36.711],[73.662,36.709],[73.673,36.705],[73.679,36.704],[73.684,36.705],[73.695,36.71],[73.715,36.725],[73.721,36.727],[73.729,36.727],[73.736,36.724],[73.756,36.716],[73.762,36.716],[73.767,36.718],[73.787,36.728],[73.791,36.729],[73.802,36.728],[73.833,36.721],[73.854,36.715],[73.874,36.711],[73.879,36.712],[73.886,36.714],[73.888,36.72],[73.888,36.726],[73.887,36.73],[73.886,36.734],[73.887,36.738],[73.891,36.747],[73.892,36.752],[73.891,36.756],[73.891,36.757],[73.889,36.764],[73.887,36.771],[73.881,36.776],[73.869,36.785],[73.868,36.786],[73.813,36.816],[73.812,36.816],[73.799,36.828],[73.798,36.829],[73.786,36.834],[73.775,36.838],[73.738,36.843],[73.73,36.846],[73.725,36.848],[73.723,36.849],[73.72,36.851],[73.714,36.856],[73.712,36.861],[73.712,36.862],[73.709,36.874],[73.712,36.893],[73.712,36.894],[73.773,36.892],[73.834,36.883],[73.865,36.873],[73.947,36.831],[73.977,36.825],[74.006,36.816],[74.035,36.816],[74.094,36.831],[74.104,36.841],[74.109,36.876],[74.115,36.89],[74.13,36.898],[74.146,36.902],[74.212,36.895],[74.236,36.902],[74.285,36.934],[74.368,36.977],[74.394,36.994],[74.436,37.003],[74.457,37.004],[74.477,36.999],[74.48,36.997],[74.484,36.994],[74.502,36.972],[74.521,36.958],[74.537,36.962],[74.544,36.994],[74.548,37.002],[74.549,37.009],[74.547,37.016],[74.542,37.022],[74.562,37.03],[74.626,37.043],[74.662,37.054],[74.678,37.052],[74.692,37.036],[74.719,37.016],[74.793,37.015],[74.824,36.994],[74.825,36.994],[74.853,36.959],[74.861,36.947],[74.867,36.917],[74.872,36.907],[74.886,36.911],[74.892,36.921],[74.901,36.95],[74.91,36.963],[74.925,36.971],[74.942,36.977],[74.977,36.984],[75.014,36.984],[75.1,36.994],[75.119,36.991],[75.133,36.985],[75.161,36.964],[75.195,36.949],[75.313,36.929],[75.351,36.916],[75.378,36.894],[75.394,36.864],[75.401,36.826],[75.403,36.785],[75.411,36.747],[75.432,36.723],[75.493,36.721],[75.499,36.728],[75.502,36.738],[75.508,36.748],[75.571,36.767],[75.65,36.754],[75.729,36.723],[75.791,36.688],[75.85,36.645],[75.875,36.619],[75.977,36.463],[75.977,36.462]]]}},{"type":"Feature","id":"PK-IS","properties":{"id":"PK-IS","countryCode":"PK","isoSubdivision":"PK-IS","name":"Islamabad Capital Territory","name_en":"Islamabad Capital Territory","name_ko":"이슬라마바드 수도권","type":"Capital Territory","labelLongitude":73.063,"labelLatitude":33.701,"minZoom":5},"geometry":{"type":"Polygon","coordinates":[[[72.927,33.727],[72.976,33.735],[72.997,33.745],[73.007,33.755],[73.016,33.762],[73.031,33.771],[73.043,33.775],[73.051,33.777],[73.088,33.782],[73.11,33.789],[73.116,33.793],[73.118,33.796],[73.126,33.804],[73.135,33.8],[73.215,33.769],[73.229,33.761],[73.243,33.751],[73.274,33.722],[73.312,33.697],[73.321,33.687],[73.321,33.676],[73.313,33.663],[73.287,33.64],[73.276,33.626],[73.239,33.551],[73.232,33.543],[73.201,33.516],[73.189,33.503],[73.188,33.5],[73.186,33.499],[73.183,33.496],[73.164,33.492],[73.143,33.496],[73.117,33.508],[73.104,33.515],[73.097,33.525],[73.1,33.536],[73.107,33.55],[73.108,33.565],[73.101,33.583],[73.091,33.6],[73.079,33.614],[73.066,33.623],[73.046,33.628],[73.03,33.628],[73.01,33.624],[72.974,33.613],[72.939,33.596],[72.923,33.585],[72.902,33.575],[72.879,33.571],[72.855,33.574],[72.834,33.59],[72.817,33.609],[72.805,33.635],[72.81,33.662],[72.833,33.686],[72.927,33.727]]]}},{"type":"Feature","id":"PK-JK","properties":{"id":"PK-JK","countryCode":"PK","isoSubdivision":"PK-JK","name":"Azad Kashmir","name_en":"Azad Kashmir","name_ko":"아자드 카슈미르","type":"Centrally Administered Area","labelLongitude":73.804,"labelLatitude":33.868,"minZoom":5},"geometry":{"type":"Polygon","coordinates":[[[75.225,34.639],[75.213,34.645],[75.176,34.645],[75.111,34.634],[75.018,34.63],[74.665,34.688],[74.412,34.764],[74.349,34.773],[74.286,34.769],[74.222,34.748],[74.147,34.702],[74.121,34.691],[73.962,34.668],[73.949,34.663],[73.919,34.643],[73.917,34.619],[73.925,34.593],[73.926,34.565],[73.911,34.545],[73.863,34.517],[73.847,34.494],[73.846,34.456],[73.84,34.444],[73.832,34.436],[73.807,34.425],[73.796,34.419],[73.78,34.396],[73.775,34.371],[73.783,34.347],[73.804,34.327],[73.829,34.315],[73.853,34.307],[73.879,34.304],[73.907,34.307],[73.938,34.304],[73.954,34.287],[73.977,34.238],[73.991,34.219],[73.998,34.197],[73.995,34.176],[73.977,34.162],[73.917,34.135],[73.893,34.115],[73.884,34.084],[73.894,34.054],[73.916,34.028],[73.946,34.01],[73.977,34.005],[74.045,34.019],[74.065,34.018],[74.118,34.003],[74.154,34.004],[74.192,34.012],[74.228,34.013],[74.26,33.994],[74.272,33.962],[74.262,33.93],[74.24,33.901],[74.213,33.878],[74.178,33.858],[74.142,33.844],[74.035,33.829],[74.011,33.81],[73.977,33.759],[73.971,33.747],[73.966,33.735],[73.963,33.722],[73.961,33.692],[73.963,33.677],[73.968,33.662],[73.977,33.648],[74.024,33.614],[74.088,33.585],[74.142,33.549],[74.158,33.494],[74.136,33.418],[74.105,33.345],[74.096,33.328],[74.085,33.314],[74.072,33.302],[74.055,33.292],[74.018,33.279],[74.002,33.27],[73.992,33.253],[73.988,33.209],[74.002,33.178],[74.029,33.154],[74.066,33.133],[74.098,33.105],[74.154,33.04],[74.191,33.022],[74.284,33.009],[74.311,32.994],[74.322,32.972],[74.324,32.921],[74.337,32.87],[74.334,32.849],[74.323,32.831],[74.317,32.823],[73.983,32.969],[73.977,32.976],[73.96,33.001],[73.959,33.002],[73.956,33.006],[73.951,33.011],[73.943,33.018],[73.926,33.026],[73.907,33.03],[73.874,33.029],[73.86,33.027],[73.849,33.025],[73.848,33.024],[73.83,33.016],[73.829,33.015],[73.822,33.013],[73.806,33.015],[73.786,33.025],[73.773,33.031],[73.763,33.046],[73.732,33.063],[73.673,33.085],[73.64,33.103],[73.623,33.124],[73.645,33.143],[73.644,33.154],[73.65,33.162],[73.655,33.173],[73.655,33.185],[73.649,33.195],[73.641,33.201],[73.621,33.212],[73.618,33.217],[73.616,33.224],[73.615,33.23],[73.615,33.232],[73.609,33.233],[73.601,33.231],[73.6,33.23],[73.595,33.228],[73.594,33.228],[73.588,33.228],[73.584,33.228],[73.581,33.229],[73.58,33.238],[73.58,33.239],[73.583,33.239],[73.588,33.241],[73.59,33.241],[73.597,33.244],[73.6,33.247],[73.599,33.266],[73.595,33.286],[73.593,33.304],[73.598,33.315],[73.6,33.322],[73.603,33.333],[73.598,33.343],[73.587,33.356],[73.576,33.37],[73.574,33.387],[73.583,33.4],[73.594,33.412],[73.604,33.442],[73.613,33.447],[73.621,33.448],[73.622,33.449],[73.628,33.452],[73.628,33.462],[73.626,33.47],[73.623,33.477],[73.615,33.51],[73.615,33.52],[73.618,33.526],[73.624,33.528],[73.631,33.531],[73.635,33.541],[73.633,33.557],[73.625,33.575],[73.615,33.593],[73.604,33.606],[73.576,33.626],[73.573,33.634],[73.578,33.648],[73.576,33.654],[73.577,33.663],[73.596,33.695],[73.6,33.709],[73.599,33.727],[73.596,33.746],[73.589,33.762],[73.576,33.777],[73.567,33.803],[73.583,33.877],[73.58,33.91],[73.519,34.008],[73.518,34.009],[73.509,34.068],[73.491,34.128],[73.49,34.129],[73.49,34.14],[73.489,34.147],[73.49,34.15],[73.491,34.181],[73.49,34.198],[73.474,34.269],[73.46,34.282],[73.455,34.292],[73.447,34.306],[73.407,34.355],[73.4,34.376],[73.404,34.381],[73.415,34.398],[73.42,34.41],[73.425,34.428],[73.426,34.43],[73.427,34.436],[73.427,34.466],[73.427,34.47],[73.428,34.471],[73.429,34.473],[73.435,34.482],[73.437,34.485],[73.438,34.488],[73.438,34.491],[73.436,34.517],[73.437,34.522],[73.438,34.526],[73.443,34.533],[73.445,34.537],[73.446,34.54],[73.446,34.549],[73.446,34.554],[73.447,34.558],[73.45,34.563],[73.454,34.566],[73.464,34.57],[73.464,34.571],[73.494,34.575],[73.498,34.575],[73.499,34.575],[73.504,34.575],[73.525,34.571],[73.527,34.571],[73.529,34.571],[73.533,34.572],[73.534,34.572],[73.553,34.579],[73.566,34.585],[73.575,34.587],[73.583,34.588],[73.591,34.588],[73.593,34.588],[73.6,34.587],[73.605,34.585],[73.607,34.583],[73.608,34.581],[73.61,34.576],[73.614,34.569],[73.616,34.567],[73.618,34.564],[73.623,34.564],[73.625,34.565],[73.629,34.569],[73.639,34.585],[73.66,34.634],[73.66,34.639],[73.66,34.644],[73.658,34.649],[73.651,34.659],[73.649,34.663],[73.648,34.668],[73.649,34.672],[73.651,34.677],[73.681,34.715],[73.686,34.723],[73.694,34.745],[73.701,34.756],[73.709,34.763],[73.719,34.771],[73.74,34.785],[73.75,34.79],[73.751,34.79],[73.758,34.793],[73.777,34.792],[73.784,34.792],[73.789,34.794],[73.797,34.798],[73.816,34.809],[73.82,34.81],[73.841,34.814],[73.884,34.811],[73.887,34.812],[73.89,34.813],[73.908,34.825],[73.911,34.826],[73.916,34.829],[73.924,34.834],[73.925,34.835],[73.929,34.838],[73.93,34.839],[73.937,34.849],[73.942,34.854],[73.947,34.858],[73.948,34.858],[73.954,34.863],[73.955,34.863],[73.962,34.865],[73.978,34.867],[73.984,34.868],[73.989,34.869],[74.001,34.872],[74.012,34.876],[74.016,34.879],[74.018,34.881],[74.022,34.886],[74.024,34.888],[74.03,34.905],[74.034,34.915],[74.037,34.917],[74.042,34.923],[74.053,34.929],[74.054,34.931],[74.057,34.933],[74.061,34.942],[74.064,34.95],[74.063,34.965],[74.064,34.974],[74.067,34.982],[74.076,34.991],[74.085,35],[74.086,35],[74.092,35.003],[74.098,35.007],[74.1,35.01],[74.101,35.014],[74.098,35.021],[74.093,35.027],[74.088,35.03],[74.076,35.034],[74.075,35.035],[74.073,35.036],[74.071,35.038],[74.07,35.039],[74.069,35.04],[74.068,35.042],[74.066,35.046],[74.066,35.05],[74.068,35.055],[74.077,35.072],[74.081,35.078],[74.088,35.085],[74.099,35.093],[74.125,35.099],[74.138,35.099],[74.175,35.098],[74.177,35.098],[74.268,35.087],[74.269,35.087],[74.351,35.094],[74.411,35.112],[74.463,35.124],[74.464,35.124],[74.489,35.12],[74.521,35.106],[74.549,35.08],[74.574,35.046],[74.613,34.972],[74.634,34.94],[74.661,34.918],[74.799,34.852],[74.866,34.829],[74.927,34.813],[74.928,34.813],[74.975,34.813],[75.005,34.817],[75.028,34.824],[75.067,34.831],[75.087,34.839],[75.122,34.867],[75.14,34.87],[75.141,34.87],[75.161,34.862],[75.208,34.822],[75.232,34.795],[75.249,34.762],[75.255,34.729],[75.252,34.697],[75.227,34.649],[75.225,34.64],[75.225,34.639]]]}},{"type":"Feature","id":"PK-KP","properties":{"id":"PK-KP","countryCode":"PK","isoSubdivision":"PK-KP","name":"Khyber Pakhtunkhwa","name_en":"Khyber Pakhtunkhwa","name_ko":"카이베르파크툰크와","type":"Province","labelLongitude":72.64,"labelLatitude":34.941,"minZoom":5},"geometry":{"type":"Polygon","coordinates":[[[73.64,36.897],[73.709,36.894],[73.711,36.894],[73.712,36.894],[73.712,36.893],[73.709,36.874],[73.712,36.862],[73.712,36.861],[73.714,36.856],[73.72,36.851],[73.723,36.849],[73.725,36.848],[73.73,36.846],[73.738,36.843],[73.775,36.838],[73.786,36.834],[73.798,36.829],[73.799,36.828],[73.812,36.816],[73.813,36.816],[73.868,36.786],[73.869,36.785],[73.881,36.776],[73.887,36.771],[73.889,36.764],[73.891,36.757],[73.891,36.756],[73.892,36.752],[73.891,36.747],[73.887,36.738],[73.886,36.734],[73.887,36.73],[73.888,36.726],[73.888,36.72],[73.886,36.714],[73.879,36.712],[73.874,36.711],[73.854,36.715],[73.833,36.721],[73.802,36.728],[73.791,36.729],[73.787,36.728],[73.767,36.718],[73.762,36.716],[73.756,36.716],[73.736,36.724],[73.729,36.727],[73.721,36.727],[73.715,36.725],[73.695,36.71],[73.684,36.705],[73.679,36.704],[73.673,36.705],[73.662,36.709],[73.655,36.711],[73.628,36.71],[73.622,36.71],[73.618,36.712],[73.617,36.713],[73.614,36.716],[73.608,36.722],[73.599,36.733],[73.595,36.735],[73.591,36.735],[73.577,36.729],[73.571,36.728],[73.565,36.728],[73.558,36.731],[73.553,36.732],[73.541,36.733],[73.52,36.731],[73.514,36.731],[73.454,36.747],[73.43,36.751],[73.416,36.752],[73.314,36.721],[73.296,36.717],[73.288,36.717],[73.271,36.718],[73.243,36.717],[73.218,36.712],[73.213,36.713],[73.208,36.715],[73.208,36.716],[73.192,36.728],[73.182,36.734],[73.177,36.735],[73.172,36.733],[73.142,36.714],[73.131,36.709],[73.097,36.703],[73.078,36.701],[73.073,36.699],[73.071,36.695],[73.072,36.691],[73.073,36.686],[73.073,36.664],[73.078,36.651],[73.093,36.618],[73.096,36.609],[73.096,36.607],[73.094,36.603],[73.085,36.59],[73.072,36.574],[73.069,36.569],[73.066,36.556],[73.063,36.549],[73.055,36.54],[73.049,36.535],[73.042,36.531],[72.989,36.514],[72.983,36.511],[72.98,36.508],[72.98,36.504],[72.982,36.5],[72.985,36.496],[72.989,36.489],[72.99,36.484],[72.988,36.476],[72.985,36.473],[72.981,36.471],[72.956,36.468],[72.926,36.468],[72.906,36.466],[72.896,36.462],[72.89,36.457],[72.889,36.453],[72.886,36.439],[72.886,36.414],[72.887,36.402],[72.887,36.397],[72.884,36.392],[72.877,36.384],[72.869,36.38],[72.838,36.374],[72.83,36.37],[72.822,36.365],[72.785,36.329],[72.774,36.323],[72.767,36.32],[72.753,36.317],[72.738,36.311],[72.719,36.3],[72.714,36.296],[72.692,36.271],[72.687,36.269],[72.681,36.269],[72.655,36.278],[72.643,36.279],[72.633,36.279],[72.622,36.277],[72.607,36.273],[72.594,36.264],[72.586,36.258],[72.578,36.25],[72.572,36.243],[72.568,36.237],[72.565,36.23],[72.554,36.189],[72.551,36.174],[72.551,36.17],[72.553,36.167],[72.561,36.156],[72.562,36.15],[72.56,36.144],[72.534,36.117],[72.532,36.112],[72.53,36.108],[72.529,36.103],[72.529,36.098],[72.531,36.091],[72.535,36.083],[72.536,36.08],[72.538,36.076],[72.541,36.073],[72.573,36.05],[72.579,36.043],[72.581,36.035],[72.588,36.019],[72.589,36.016],[72.588,36.013],[72.516,35.904],[72.557,35.889],[72.654,35.855],[72.656,35.854],[72.75,35.845],[72.792,35.838],[72.798,35.838],[72.806,35.839],[72.809,35.841],[72.815,35.848],[72.818,35.851],[72.856,35.87],[72.865,35.873],[72.872,35.874],[72.972,35.878],[72.978,35.877],[72.983,35.876],[72.986,35.875],[73,35.869],[73.001,35.869],[73.007,35.865],[73.009,35.864],[73.016,35.861],[73.032,35.857],[73.042,35.856],[73.053,35.857],[73.06,35.858],[73.064,35.86],[73.068,35.862],[73.072,35.865],[73.081,35.873],[73.085,35.877],[73.086,35.876],[73.088,35.876],[73.091,35.874],[73.092,35.871],[73.094,35.868],[73.108,35.856],[73.119,35.849],[73.12,35.848],[73.129,35.843],[73.149,35.832],[73.15,35.832],[73.153,35.828],[73.155,35.825],[73.154,35.821],[73.151,35.817],[73.133,35.802],[73.13,35.799],[73.128,35.796],[73.123,35.744],[73.123,35.737],[73.124,35.73],[73.126,35.725],[73.129,35.72],[73.135,35.715],[73.228,35.664],[73.24,35.654],[73.244,35.651],[73.252,35.645],[73.282,35.628],[73.29,35.623],[73.297,35.617],[73.299,35.613],[73.304,35.602],[73.307,35.601],[73.307,35.6],[73.31,35.599],[73.311,35.599],[73.325,35.596],[73.329,35.595],[73.349,35.597],[73.355,35.597],[73.366,35.595],[73.374,35.592],[73.382,35.588],[73.383,35.588],[73.388,35.584],[73.392,35.58],[73.395,35.575],[73.397,35.57],[73.409,35.549],[73.409,35.548],[73.41,35.548],[73.443,35.562],[73.464,35.558],[73.465,35.558],[73.466,35.558],[73.504,35.535],[73.504,35.534],[73.505,35.534],[73.566,35.542],[73.63,35.543],[73.758,35.527],[73.772,35.522],[73.778,35.506],[73.778,35.502],[73.782,35.461],[73.783,35.457],[73.784,35.453],[73.785,35.45],[73.784,35.447],[73.781,35.445],[73.777,35.442],[73.768,35.439],[73.743,35.428],[73.728,35.418],[73.726,35.415],[73.724,35.412],[73.723,35.408],[73.717,35.398],[73.694,35.366],[73.692,35.361],[73.69,35.357],[73.69,35.355],[73.691,35.349],[73.691,35.345],[73.687,35.318],[73.687,35.314],[73.687,35.31],[73.689,35.307],[73.718,35.264],[73.72,35.259],[73.72,35.255],[73.718,35.239],[73.715,35.234],[73.715,35.23],[73.716,35.225],[73.722,35.216],[73.728,35.212],[73.732,35.21],[73.732,35.209],[73.736,35.209],[73.739,35.21],[73.742,35.211],[73.746,35.214],[73.767,35.231],[73.77,35.233],[73.773,35.234],[73.776,35.235],[73.801,35.235],[73.808,35.234],[73.81,35.234],[73.813,35.233],[73.821,35.23],[73.839,35.222],[73.859,35.205],[73.863,35.203],[73.864,35.202],[73.87,35.203],[73.888,35.208],[73.898,35.207],[73.91,35.203],[73.915,35.202],[73.924,35.199],[73.949,35.173],[73.954,35.171],[73.958,35.17],[73.959,35.17],[73.961,35.169],[73.968,35.172],[73.977,35.174],[73.992,35.175],[73.995,35.175],[73.999,35.174],[74.003,35.171],[74.004,35.168],[74.006,35.165],[74.009,35.163],[74.025,35.15],[74.031,35.147],[74.036,35.145],[74.037,35.145],[74.052,35.144],[74.079,35.142],[74.097,35.142],[74.098,35.142],[74.1,35.141],[74.102,35.14],[74.104,35.138],[74.103,35.135],[74.102,35.131],[74.102,35.126],[74.105,35.121],[74.119,35.111],[74.123,35.107],[74.124,35.105],[74.125,35.099],[74.099,35.093],[74.088,35.085],[74.081,35.078],[74.077,35.072],[74.068,35.055],[74.066,35.05],[74.066,35.046],[74.068,35.042],[74.069,35.04],[74.07,35.039],[74.071,35.038],[74.073,35.036],[74.075,35.035],[74.076,35.034],[74.088,35.03],[74.093,35.027],[74.098,35.021],[74.101,35.014],[74.1,35.01],[74.098,35.007],[74.092,35.003],[74.086,35],[74.085,35],[74.076,34.991],[74.067,34.982],[74.064,34.974],[74.063,34.965],[74.064,34.95],[74.061,34.942],[74.057,34.933],[74.054,34.931],[74.053,34.929],[74.042,34.923],[74.037,34.917],[74.034,34.915],[74.03,34.905],[74.024,34.888],[74.022,34.886],[74.018,34.881],[74.016,34.879],[74.012,34.876],[74.001,34.872],[73.989,34.869],[73.984,34.868],[73.978,34.867],[73.962,34.865],[73.955,34.863],[73.954,34.863],[73.948,34.858],[73.947,34.858],[73.942,34.854],[73.937,34.849],[73.93,34.839],[73.929,34.838],[73.925,34.835],[73.924,34.834],[73.916,34.829],[73.911,34.826],[73.908,34.825],[73.89,34.813],[73.887,34.812],[73.884,34.811],[73.841,34.814],[73.82,34.81],[73.816,34.809],[73.797,34.798],[73.789,34.794],[73.784,34.792],[73.777,34.792],[73.758,34.793],[73.751,34.79],[73.75,34.79],[73.74,34.785],[73.719,34.771],[73.709,34.763],[73.701,34.756],[73.694,34.745],[73.686,34.723],[73.681,34.715],[73.651,34.677],[73.649,34.672],[73.648,34.668],[73.649,34.663],[73.651,34.659],[73.658,34.649],[73.66,34.644],[73.66,34.639],[73.66,34.634],[73.639,34.585],[73.629,34.569],[73.625,34.565],[73.623,34.564],[73.618,34.564],[73.616,34.567],[73.614,34.569],[73.61,34.576],[73.608,34.581],[73.607,34.583],[73.605,34.585],[73.6,34.587],[73.593,34.588],[73.591,34.588],[73.583,34.588],[73.575,34.587],[73.566,34.585],[73.553,34.579],[73.534,34.572],[73.533,34.572],[73.529,34.571],[73.527,34.571],[73.525,34.571],[73.504,34.575],[73.499,34.575],[73.498,34.575],[73.494,34.575],[73.464,34.571],[73.464,34.57],[73.454,34.566],[73.45,34.563],[73.447,34.558],[73.446,34.554],[73.446,34.549],[73.446,34.54],[73.445,34.537],[73.443,34.533],[73.438,34.526],[73.437,34.522],[73.436,34.517],[73.438,34.491],[73.438,34.488],[73.437,34.485],[73.435,34.482],[73.429,34.473],[73.428,34.471],[73.427,34.47],[73.427,34.466],[73.427,34.436],[73.426,34.43],[73.425,34.428],[73.42,34.41],[73.415,34.398],[73.404,34.381],[73.4,34.376],[73.407,34.355],[73.447,34.306],[73.455,34.292],[73.46,34.282],[73.474,34.269],[73.49,34.198],[73.491,34.181],[73.49,34.15],[73.489,34.147],[73.49,34.14],[73.49,34.129],[73.491,34.128],[73.509,34.068],[73.518,34.009],[73.519,34.008],[73.509,34.011],[73.504,34.015],[73.499,34.018],[73.492,34.018],[73.484,34.013],[73.465,34.005],[73.458,34.004],[73.453,34.001],[73.447,33.997],[73.429,33.971],[73.424,33.966],[73.417,33.962],[73.409,33.961],[73.403,33.961],[73.399,33.962],[73.388,33.969],[73.382,33.97],[73.376,33.97],[73.37,33.969],[73.364,33.966],[73.358,33.96],[73.356,33.951],[73.358,33.945],[73.361,33.941],[73.362,33.938],[73.361,33.935],[73.331,33.9],[73.325,33.891],[73.322,33.884],[73.321,33.88],[73.32,33.875],[73.317,33.871],[73.312,33.868],[73.289,33.859],[73.272,33.85],[73.241,33.839],[73.216,33.822],[73.193,33.809],[73.145,33.811],[73.126,33.804],[73.118,33.796],[73.116,33.793],[73.11,33.789],[73.088,33.782],[73.051,33.777],[73.043,33.775],[73.031,33.771],[73.016,33.762],[73.007,33.755],[72.997,33.745],[72.976,33.735],[72.927,33.727],[72.926,33.74],[72.928,33.743],[72.929,33.747],[72.927,33.749],[72.921,33.75],[72.907,33.749],[72.901,33.749],[72.895,33.751],[72.884,33.757],[72.879,33.758],[72.857,33.756],[72.85,33.756],[72.845,33.757],[72.842,33.762],[72.84,33.769],[72.843,33.785],[72.847,33.792],[72.853,33.796],[72.859,33.798],[72.866,33.801],[72.87,33.804],[72.873,33.807],[72.875,33.81],[72.876,33.814],[72.876,33.818],[72.874,33.822],[72.866,33.826],[72.859,33.828],[72.852,33.828],[72.846,33.826],[72.842,33.825],[72.837,33.825],[72.833,33.826],[72.828,33.827],[72.825,33.83],[72.824,33.834],[72.829,33.84],[72.837,33.844],[72.84,33.847],[72.841,33.85],[72.842,33.854],[72.843,33.868],[72.843,33.872],[72.842,33.877],[72.837,33.883],[72.834,33.885],[72.812,33.883],[72.794,33.9],[72.79,33.904],[72.789,33.908],[72.789,33.912],[72.791,33.916],[72.797,33.927],[72.797,33.931],[72.794,33.935],[72.789,33.94],[72.785,33.945],[72.778,33.948],[72.774,33.95],[72.767,33.947],[72.761,33.944],[72.74,33.925],[72.738,33.922],[72.736,33.918],[72.737,33.915],[72.738,33.909],[72.738,33.906],[72.736,33.904],[72.732,33.902],[72.721,33.9],[72.716,33.896],[72.712,33.891],[72.703,33.877],[72.698,33.87],[72.694,33.865],[72.69,33.863],[72.686,33.861],[72.674,33.857],[72.66,33.855],[72.653,33.857],[72.645,33.861],[72.623,33.876],[72.618,33.881],[72.616,33.885],[72.616,33.891],[72.618,33.896],[72.621,33.9],[72.632,33.911],[72.639,33.915],[72.647,33.919],[72.651,33.921],[72.654,33.924],[72.655,33.928],[72.652,33.933],[72.646,33.937],[72.632,33.941],[72.615,33.945],[72.571,33.949],[72.566,33.951],[72.559,33.957],[72.551,33.965],[72.542,33.989],[72.526,34.021],[72.51,34.023],[72.468,34.021],[72.431,34.011],[72.399,33.993],[72.367,33.97],[72.349,33.961],[72.255,33.945],[72.241,33.938],[72.226,33.901],[72.242,33.805],[72.234,33.766],[72.223,33.774],[72.211,33.777],[72.198,33.774],[72.187,33.766],[72.172,33.773],[72.153,33.777],[72.115,33.78],[72.088,33.79],[72.083,33.788],[72.063,33.766],[72.053,33.761],[72.032,33.754],[72.022,33.746],[72.01,33.716],[72.005,33.712],[71.999,33.704],[71.98,33.665],[71.974,33.65],[71.972,33.598],[71.953,33.571],[71.953,33.56],[71.956,33.547],[71.953,33.527],[71.945,33.516],[71.902,33.489],[71.897,33.482],[71.893,33.468],[71.888,33.461],[71.88,33.452],[71.874,33.444],[71.873,33.435],[71.878,33.424],[71.868,33.421],[71.864,33.415],[71.86,33.409],[71.851,33.404],[71.842,33.402],[71.813,33.404],[71.797,33.4],[71.741,33.376],[71.723,33.355],[71.723,33.336],[71.725,33.319],[71.717,33.304],[71.705,33.29],[71.699,33.273],[71.703,33.257],[71.721,33.246],[71.713,33.246],[71.727,33.231],[71.741,33.22],[71.751,33.205],[71.755,33.184],[71.75,33.164],[71.741,33.15],[71.73,33.14],[71.721,33.129],[71.713,33.111],[71.711,33.094],[71.712,33.073],[71.7,33.062],[71.652,33.079],[71.643,33.085],[71.633,33.094],[71.615,33.113],[71.606,33.125],[71.6,33.136],[71.598,33.142],[71.596,33.149],[71.595,33.18],[71.594,33.187],[71.59,33.193],[71.583,33.2],[71.571,33.21],[71.545,33.224],[71.538,33.226],[71.498,33.213],[71.49,33.213],[71.481,33.215],[71.453,33.226],[71.446,33.231],[71.439,33.236],[71.436,33.242],[71.427,33.247],[71.419,33.241],[71.416,33.234],[71.411,33.211],[71.413,33.199],[71.417,33.191],[71.422,33.188],[71.425,33.185],[71.427,33.181],[71.428,33.177],[71.428,33.173],[71.428,33.168],[71.428,33.164],[71.429,33.161],[71.438,33.147],[71.446,33.137],[71.447,33.133],[71.437,33.089],[71.438,33.08],[71.439,33.075],[71.443,33.075],[71.446,33.075],[71.45,33.076],[71.454,33.076],[71.459,33.075],[71.463,33.07],[71.466,33.065],[71.467,33.06],[71.467,33.056],[71.466,33.049],[71.461,33.041],[71.449,33.024],[71.443,33.019],[71.435,33.016],[71.423,33.013],[71.411,33.013],[71.402,33.011],[71.388,33.005],[71.38,33.004],[71.372,33.004],[71.365,33.004],[71.357,33.001],[71.346,32.996],[71.338,32.997],[71.334,32.999],[71.331,33.002],[71.327,33.003],[71.316,33.006],[71.311,33.008],[71.304,33.013],[71.301,33.014],[71.297,33.013],[71.233,32.992],[71.223,32.986],[71.208,32.979],[71.196,32.975],[71.188,32.97],[71.18,32.963],[71.155,32.93],[71.149,32.916],[71.145,32.9],[71.137,32.826],[71.134,32.811],[71.122,32.802],[71.113,32.798],[71.109,32.796],[71.106,32.791],[71.109,32.782],[71.144,32.718],[71.148,32.699],[71.148,32.679],[71.149,32.671],[71.16,32.635],[71.164,32.607],[71.168,32.598],[71.174,32.592],[71.186,32.587],[71.194,32.586],[71.201,32.586],[71.246,32.593],[71.25,32.593],[71.255,32.592],[71.258,32.59],[71.262,32.584],[71.26,32.567],[71.246,32.525],[71.249,32.511],[71.254,32.502],[71.26,32.496],[71.264,32.493],[71.269,32.493],[71.273,32.495],[71.277,32.5],[71.28,32.504],[71.284,32.511],[71.286,32.514],[71.29,32.517],[71.295,32.518],[71.299,32.52],[71.302,32.522],[71.304,32.524],[71.305,32.527],[71.309,32.534],[71.312,32.537],[71.318,32.538],[71.326,32.537],[71.333,32.535],[71.337,32.531],[71.338,32.526],[71.338,32.519],[71.34,32.516],[71.344,32.513],[71.35,32.502],[71.347,32.432],[71.341,32.415],[71.332,32.399],[71.294,32.356],[71.284,32.34],[71.279,32.322],[71.279,32.302],[71.277,32.293],[71.272,32.283],[71.252,32.255],[71.247,32.244],[71.237,32.202],[71.229,32.182],[71.216,32.166],[71.207,32.16],[71.178,32.147],[71.168,32.141],[71.132,32.106],[71.124,32.094],[71.117,32.081],[71.115,32.067],[71.115,32.048],[71.113,32.039],[71.107,32.031],[71.07,31.999],[71.055,31.982],[71.037,31.94],[71.023,31.926],[71.007,31.913],[70.993,31.898],[70.984,31.879],[70.974,31.839],[70.967,31.819],[70.924,31.745],[70.906,31.722],[70.899,31.71],[70.899,31.695],[70.904,31.679],[70.905,31.673],[70.904,31.664],[70.855,31.552],[70.864,31.536],[70.869,31.53],[70.881,31.517],[70.885,31.512],[70.885,31.507],[70.88,31.504],[70.873,31.502],[70.868,31.497],[70.866,31.49],[70.876,31.468],[70.876,31.461],[70.874,31.437],[70.871,31.425],[70.867,31.42],[70.861,31.414],[70.848,31.408],[70.833,31.403],[70.828,31.399],[70.825,31.396],[70.816,31.365],[70.82,31.356],[70.821,31.352],[70.82,31.347],[70.816,31.34],[70.793,31.32],[70.778,31.294],[70.759,31.302],[70.751,31.307],[70.74,31.318],[70.735,31.321],[70.73,31.323],[70.723,31.324],[70.714,31.323],[70.701,31.32],[70.656,31.304],[70.647,31.303],[70.633,31.305],[70.622,31.308],[70.589,31.321],[70.571,31.326],[70.56,31.325],[70.549,31.321],[70.526,31.305],[70.517,31.3],[70.509,31.298],[70.494,31.296],[70.486,31.296],[70.47,31.298],[70.462,31.296],[70.454,31.291],[70.442,31.277],[70.437,31.27],[70.434,31.263],[70.431,31.257],[70.429,31.252],[70.427,31.25],[70.417,31.245],[70.401,31.247],[70.236,31.724],[70.22,31.746],[70.218,31.752],[70.208,31.81],[70.208,31.813],[70.211,31.825],[70.214,31.841],[70.215,31.848],[70.213,31.876],[70.211,31.886],[70.173,31.994],[70.134,32.023],[70.123,32.041],[70.115,32.077],[70.099,32.112],[70.072,32.148],[70.068,32.153],[70.068,32.155],[70.068,32.159],[70.071,32.174],[70.074,32.181],[70.086,32.196],[70.097,32.205],[70.12,32.222],[70.159,32.244],[70.164,32.248],[70.171,32.255],[70.183,32.271],[70.194,32.292],[70.2,32.297],[70.205,32.301],[70.211,32.304],[70.215,32.305],[70.218,32.306],[70.249,32.308],[70.253,32.308],[70.265,32.304],[70.27,32.304],[70.275,32.304],[70.28,32.304],[70.284,32.305],[70.294,32.31],[70.316,32.322],[70.342,32.342],[70.347,32.347],[70.367,32.376],[70.372,32.38],[70.405,32.404],[70.427,32.425],[70.433,32.435],[70.438,32.446],[70.442,32.462],[70.452,32.484],[70.459,32.496],[70.464,32.502],[70.468,32.504],[70.471,32.505],[70.475,32.506],[70.478,32.506],[70.485,32.505],[70.494,32.503],[70.56,32.47],[70.566,32.469],[70.573,32.47],[70.584,32.475],[70.588,32.479],[70.589,32.483],[70.589,32.487],[70.587,32.494],[70.579,32.513],[70.407,32.696],[70.392,32.717],[70.387,32.718],[70.378,32.719],[70.375,32.721],[70.375,32.724],[70.379,32.739],[70.379,32.746],[70.38,32.753],[70.377,32.782],[70.377,32.83],[70.378,32.835],[70.382,32.842],[70.386,32.843],[70.39,32.843],[70.393,32.843],[70.4,32.849],[70.409,32.861],[70.439,32.909],[70.467,32.942],[70.472,32.953],[70.496,33.019],[70.499,33.022],[70.508,33.025],[70.515,33.029],[70.528,33.04],[70.543,33.05],[70.549,33.052],[70.554,33.052],[70.578,33.045],[70.584,33.045],[70.589,33.045],[70.598,33.046],[70.619,33.043],[70.624,33.043],[70.628,33.042],[70.632,33.042],[70.643,33.044],[70.649,33.046],[70.664,33.049],[70.684,33.055],[70.707,33.059],[70.716,33.061],[70.729,33.066],[70.737,33.073],[70.753,33.09],[70.76,33.094],[70.768,33.097],[70.791,33.102],[70.856,33.163],[70.871,33.182],[70.872,33.189],[70.871,33.193],[70.868,33.197],[70.864,33.201],[70.859,33.204],[70.834,33.211],[70.815,33.215],[70.801,33.22],[70.796,33.221],[70.79,33.221],[70.78,33.221],[70.776,33.221],[70.764,33.225],[70.76,33.225],[70.738,33.225],[70.706,33.228],[70.695,33.23],[70.692,33.232],[70.69,33.234],[70.69,33.237],[70.69,33.24],[70.696,33.256],[70.694,33.258],[70.689,33.26],[70.683,33.261],[70.671,33.262],[70.665,33.263],[70.633,33.273],[70.628,33.274],[70.616,33.274],[70.607,33.275],[70.599,33.278],[70.585,33.283],[70.56,33.313],[70.551,33.35],[70.545,33.36],[70.534,33.363],[70.501,33.38],[70.488,33.389],[70.483,33.394],[70.481,33.399],[70.481,33.402],[70.483,33.409],[70.484,33.413],[70.486,33.416],[70.488,33.42],[70.502,33.428],[70.508,33.43],[70.524,33.433],[70.538,33.435],[70.549,33.437],[70.56,33.438],[70.575,33.437],[70.58,33.437],[70.585,33.438],[70.591,33.44],[70.601,33.447],[70.63,33.474],[70.637,33.479],[70.641,33.481],[70.645,33.481],[70.667,33.482],[70.684,33.484],[70.713,33.494],[70.717,33.494],[70.723,33.494],[70.73,33.496],[70.735,33.499],[70.737,33.505],[70.738,33.509],[70.737,33.517],[70.735,33.528],[70.735,33.531],[70.735,33.534],[70.736,33.538],[70.74,33.552],[70.754,33.581],[70.759,33.587],[70.765,33.591],[70.782,33.593],[70.816,33.574],[70.832,33.569],[70.992,33.556],[71,33.557],[71.021,33.565],[71.032,33.571],[71.042,33.579],[71.049,33.582],[71.061,33.586],[71.1,33.594],[71.105,33.597],[71.106,33.6],[71.105,33.603],[71.101,33.605],[71.096,33.608],[71.092,33.609],[71.088,33.611],[71.085,33.613],[71.084,33.616],[71.084,33.619],[71.084,33.622],[71.086,33.625],[71.092,33.63],[71.096,33.633],[71.108,33.639],[71.145,33.65],[71.144,33.662],[71.13,33.69],[71.129,33.696],[71.13,33.736],[71.131,33.742],[71.135,33.743],[71.14,33.743],[71.158,33.739],[71.165,33.735],[71.18,33.726],[71.185,33.724],[71.191,33.725],[71.196,33.724],[71.201,33.723],[71.205,33.721],[71.207,33.717],[71.212,33.705],[71.214,33.703],[71.23,33.688],[71.254,33.675],[71.302,33.654],[71.319,33.645],[71.327,33.638],[71.333,33.634],[71.345,33.629],[71.352,33.629],[71.358,33.63],[71.365,33.637],[71.372,33.64],[71.383,33.643],[71.426,33.645],[71.448,33.651],[71.455,33.651],[71.461,33.65],[71.475,33.648],[71.603,33.64],[71.613,33.643],[71.624,33.646],[71.631,33.646],[71.636,33.645],[71.639,33.643],[71.642,33.64],[71.644,33.637],[71.647,33.632],[71.647,33.628],[71.647,33.624],[71.646,33.62],[71.643,33.617],[71.639,33.613],[71.629,33.608],[71.619,33.604],[71.585,33.594],[71.574,33.59],[71.569,33.586],[71.566,33.582],[71.564,33.579],[71.565,33.575],[71.572,33.569],[71.579,33.565],[71.588,33.561],[71.611,33.554],[71.653,33.55],[71.674,33.552],[71.701,33.562],[71.758,33.591],[71.772,33.6],[71.783,33.605],[71.818,33.615],[71.827,33.618],[71.832,33.621],[71.835,33.623],[71.838,33.626],[71.839,33.63],[71.84,33.633],[71.838,33.636],[71.836,33.638],[71.826,33.645],[71.791,33.665],[71.788,33.667],[71.787,33.67],[71.787,33.672],[71.788,33.676],[71.79,33.679],[71.811,33.7],[71.817,33.708],[71.822,33.716],[71.853,33.753],[71.856,33.759],[71.86,33.767],[71.858,33.771],[71.856,33.777],[71.853,33.78],[71.849,33.781],[71.823,33.782],[71.79,33.787],[71.783,33.789],[71.775,33.792],[71.764,33.801],[71.759,33.806],[71.755,33.813],[71.746,33.835],[71.741,33.841],[71.736,33.843],[71.732,33.842],[71.729,33.84],[71.724,33.833],[71.719,33.821],[71.699,33.791],[71.686,33.78],[71.654,33.761],[71.598,33.737],[71.552,33.729],[71.543,33.729],[71.531,33.73],[71.525,33.731],[71.521,33.733],[71.517,33.734],[71.515,33.738],[71.509,33.748],[71.501,33.775],[71.5,33.781],[71.499,33.789],[71.501,33.806],[71.5,33.811],[71.499,33.816],[71.496,33.82],[71.493,33.823],[71.483,33.831],[71.446,33.854],[71.432,33.864],[71.429,33.868],[71.427,33.872],[71.427,33.875],[71.427,33.878],[71.43,33.898],[71.43,33.904],[71.425,33.926],[71.417,33.939],[71.409,33.948],[71.402,33.955],[71.393,33.961],[71.386,33.966],[71.379,33.98],[71.377,33.987],[71.376,33.992],[71.377,34.001],[71.377,34.002],[71.378,34.011],[71.378,34.013],[71.379,34.016],[71.384,34.024],[71.386,34.031],[71.385,34.041],[71.381,34.061],[71.379,34.065],[71.367,34.078],[71.366,34.08],[71.367,34.084],[71.367,34.086],[71.368,34.087],[71.37,34.089],[71.374,34.092],[71.377,34.094],[71.378,34.095],[71.379,34.098],[71.38,34.103],[71.379,34.113],[71.378,34.117],[71.377,34.119],[71.372,34.122],[71.363,34.127],[71.361,34.129],[71.356,34.13],[71.353,34.13],[71.35,34.131],[71.347,34.133],[71.342,34.135],[71.341,34.137],[71.34,34.138],[71.343,34.144],[71.343,34.145],[71.343,34.146],[71.343,34.147],[71.341,34.152],[71.341,34.154],[71.342,34.154],[71.342,34.155],[71.344,34.158],[71.348,34.162],[71.425,34.18],[71.427,34.182],[71.429,34.184],[71.43,34.185],[71.43,34.186],[71.435,34.19],[71.452,34.2],[71.453,34.201],[71.455,34.202],[71.461,34.205],[71.493,34.227],[71.502,34.241],[71.531,34.261],[71.534,34.264],[71.538,34.274],[71.538,34.276],[71.538,34.277],[71.537,34.278],[71.537,34.279],[71.536,34.279],[71.534,34.28],[71.533,34.28],[71.532,34.281],[71.531,34.282],[71.531,34.285],[71.537,34.301],[71.537,34.302],[71.537,34.303],[71.535,34.304],[71.534,34.306],[71.533,34.31],[71.533,34.312],[71.533,34.313],[71.535,34.315],[71.554,34.329],[71.557,34.332],[71.559,34.334],[71.559,34.336],[71.558,34.341],[71.559,34.343],[71.56,34.345],[71.561,34.346],[71.564,34.348],[71.566,34.349],[71.574,34.354],[71.586,34.366],[71.587,34.367],[71.588,34.367],[71.589,34.367],[71.593,34.365],[71.595,34.365],[71.598,34.365],[71.599,34.365],[71.6,34.365],[71.602,34.364],[71.605,34.361],[71.61,34.357],[71.61,34.356],[71.612,34.356],[71.615,34.355],[71.619,34.354],[71.621,34.354],[71.622,34.355],[71.622,34.356],[71.622,34.36],[71.62,34.367],[71.621,34.368],[71.621,34.369],[71.621,34.371],[71.623,34.38],[71.624,34.382],[71.624,34.383],[71.63,34.385],[71.633,34.386],[71.638,34.385],[71.641,34.386],[71.645,34.387],[71.653,34.391],[71.655,34.392],[71.657,34.394],[71.656,34.395],[71.656,34.396],[71.653,34.398],[71.653,34.399],[71.653,34.4],[71.652,34.401],[71.652,34.403],[71.653,34.404],[71.654,34.407],[71.656,34.416],[71.657,34.418],[71.658,34.42],[71.66,34.421],[71.667,34.427],[71.669,34.428],[71.67,34.428],[71.674,34.429],[71.676,34.43],[71.677,34.431],[71.68,34.433],[71.684,34.435],[71.693,34.438],[71.684,34.459],[71.68,34.464],[71.679,34.464],[71.678,34.464],[71.678,34.463],[71.676,34.462],[71.673,34.462],[71.67,34.462],[71.663,34.463],[71.66,34.464],[71.658,34.465],[71.658,34.468],[71.658,34.469],[71.658,34.47],[71.658,34.472],[71.659,34.477],[71.659,34.478],[71.658,34.483],[71.653,34.493],[71.653,34.494],[71.655,34.497],[71.655,34.498],[71.64,34.537],[71.66,34.555],[71.664,34.56],[71.663,34.57],[71.664,34.577],[71.673,34.608],[71.677,34.616],[71.679,34.621],[71.682,34.622],[71.685,34.624],[71.686,34.624],[71.687,34.625],[71.688,34.625],[71.69,34.626],[71.696,34.63],[71.711,34.644],[71.714,34.645],[71.721,34.651],[71.722,34.651],[71.723,34.651],[71.724,34.651],[71.725,34.651],[71.73,34.647],[71.732,34.647],[71.733,34.646],[71.736,34.646],[71.757,34.66],[71.763,34.691],[71.764,34.702],[71.762,34.711],[71.761,34.717],[71.761,34.718],[71.76,34.719],[71.759,34.721],[71.757,34.723],[71.755,34.729],[71.757,34.731],[71.76,34.733],[71.767,34.734],[71.77,34.735],[71.773,34.737],[71.783,34.75],[71.787,34.752],[71.793,34.753],[71.798,34.756],[71.799,34.758],[71.792,34.766],[71.789,34.771],[71.784,34.781],[71.779,34.784],[71.775,34.786],[71.77,34.785],[71.765,34.785],[71.76,34.785],[71.746,34.789],[71.74,34.792],[71.733,34.794],[71.697,34.798],[71.691,34.798],[71.685,34.797],[71.67,34.793],[71.627,34.773],[71.62,34.772],[71.612,34.774],[71.599,34.779],[71.581,34.792],[71.579,34.795],[71.579,34.797],[71.58,34.803],[71.58,34.807],[71.577,34.816],[71.574,34.821],[71.571,34.826],[71.571,34.827],[71.571,34.828],[71.57,34.833],[71.57,34.835],[71.569,34.838],[71.568,34.84],[71.565,34.844],[71.564,34.846],[71.564,34.847],[71.562,34.856],[71.56,34.859],[71.559,34.86],[71.558,34.861],[71.55,34.861],[71.54,34.865],[71.518,34.868],[71.499,34.877],[71.496,34.879],[71.462,34.914],[71.448,34.935],[71.445,34.938],[71.46,34.943],[71.47,34.95],[71.477,34.96],[71.485,34.983],[71.493,34.994],[71.504,35.001],[71.511,35.009],[71.513,35.018],[71.508,35.028],[71.509,35.072],[71.535,35.099],[71.604,35.138],[71.629,35.17],[71.638,35.19],[71.634,35.203],[71.603,35.223],[71.548,35.276],[71.53,35.301],[71.532,35.328],[71.562,35.361],[71.611,35.395],[71.621,35.41],[71.622,35.43],[71.614,35.443],[71.601,35.455],[71.593,35.464],[71.588,35.471],[71.582,35.493],[71.586,35.512],[71.593,35.53],[71.593,35.549],[71.584,35.564],[71.568,35.574],[71.513,35.596],[71.493,35.61],[71.483,35.627],[71.496,35.647],[71.514,35.666],[71.52,35.684],[71.515,35.701],[71.503,35.719],[71.496,35.725],[71.481,35.734],[71.476,35.741],[71.471,35.752],[71.471,35.761],[71.472,35.77],[71.471,35.78],[71.464,35.795],[71.431,35.844],[71.417,35.859],[71.371,35.885],[71.361,35.9],[71.356,35.933],[71.342,35.947],[71.313,35.957],[71.284,35.962],[71.257,35.972],[71.232,35.994],[71.218,36.003],[71.182,36.019],[71.171,36.027],[71.17,36.031],[71.166,36.046],[71.175,36.061],[71.208,36.088],[71.213,36.097],[71.218,36.118],[71.223,36.125],[71.262,36.146],[71.293,36.158],[71.302,36.163],[71.309,36.173],[71.314,36.194],[71.319,36.201],[71.382,36.219],[71.403,36.231],[71.479,36.301],[71.496,36.31],[71.515,36.315],[71.539,36.319],[71.558,36.328],[71.553,36.341],[71.542,36.356],[71.547,36.372],[71.572,36.392],[71.58,36.402],[71.589,36.418],[71.601,36.449],[71.61,36.458],[71.629,36.46],[71.649,36.453],[71.707,36.421],[71.736,36.396],[71.751,36.391],[71.767,36.392],[71.783,36.397],[71.794,36.408],[71.792,36.421],[71.775,36.448],[71.773,36.48],[71.794,36.491],[71.859,36.494],[71.875,36.499],[71.888,36.508],[71.9,36.518],[71.913,36.528],[71.961,36.55],[71.977,36.563],[71.998,36.572],[72.039,36.58],[72.055,36.593],[72.056,36.602],[72.052,36.61],[72.05,36.619],[72.059,36.627],[72.071,36.632],[72.096,36.639],[72.154,36.645],[72.172,36.654],[72.165,36.67],[72.15,36.689],[72.153,36.702],[72.17,36.711],[72.214,36.726],[72.302,36.743],[72.346,36.745],[72.387,36.756],[72.433,36.753],[72.454,36.758],[72.517,36.801],[72.565,36.821],[72.63,36.833],[72.696,36.837],[72.779,36.827],[72.868,36.83],[72.897,36.837],[72.921,36.847],[72.946,36.852],[72.977,36.842],[72.991,36.842],[73.002,36.846],[73.026,36.859],[73.042,36.864],[73.192,36.877],[73.223,36.874],[73.253,36.868],[73.267,36.867],[73.282,36.868],[73.332,36.882],[73.38,36.879],[73.446,36.886],[73.477,36.883],[73.509,36.879],[73.64,36.897]]]}},{"type":"Feature","id":"PK-PB","properties":{"id":"PK-PB","countryCode":"PK","isoSubdivision":"PK-PB","name":"Punjab","name_en":"Punjab","name_ko":"펀자브","type":"Province","labelLongitude":72.345,"labelLatitude":31.359,"minZoom":5},"geometry":{"type":"Polygon","coordinates":[[[75.298,32.332],[75.327,32.312],[75.353,32.284],[75.359,32.262],[75.349,32.242],[75.317,32.211],[75.308,32.194],[75.298,32.16],[75.295,32.149],[75.263,32.151],[75.25,32.149],[75.226,32.142],[75.196,32.129],[75.173,32.11],[75.174,32.087],[75.161,32.088],[75.138,32.093],[75.13,32.09],[75.119,32.081],[75.11,32.078],[75.102,32.078],[75.041,32.098],[75.023,32.095],[75.03,32.066],[75.02,32.066],[74.996,32.067],[74.986,32.063],[74.979,32.053],[74.974,32.045],[74.968,32.038],[74.956,32.032],[74.931,32.03],[74.909,32.032],[74.889,32.029],[74.873,32.012],[74.829,32.025],[74.811,32.004],[74.802,31.969],[74.784,31.943],[74.763,31.939],[74.698,31.95],[74.67,31.904],[74.657,31.896],[74.641,31.891],[74.566,31.841],[74.55,31.827],[74.541,31.811],[74.537,31.789],[74.537,31.776],[74.535,31.771],[74.531,31.768],[74.523,31.758],[74.521,31.754],[74.518,31.742],[74.516,31.737],[74.513,31.735],[74.505,31.732],[74.503,31.731],[74.493,31.715],[74.489,31.711],[74.499,31.7],[74.556,31.612],[74.585,31.518],[74.615,31.478],[74.617,31.459],[74.612,31.44],[74.6,31.424],[74.584,31.407],[74.572,31.389],[74.532,31.303],[74.525,31.28],[74.525,31.235],[74.509,31.196],[74.506,31.175],[74.51,31.156],[74.515,31.142],[74.524,31.129],[74.537,31.115],[74.553,31.109],[74.597,31.116],[74.617,31.115],[74.632,31.108],[74.65,31.093],[74.659,31.084],[74.601,31.057],[74.579,31.043],[74.564,31.025],[74.564,31.004],[74.549,30.992],[74.535,30.976],[74.519,30.962],[74.499,30.957],[74.477,30.956],[74.459,30.953],[74.442,30.946],[74.424,30.932],[74.413,30.915],[74.409,30.901],[74.401,30.893],[74.38,30.894],[74.354,30.901],[74.342,30.902],[74.33,30.9],[74.319,30.893],[74.311,30.884],[74.304,30.874],[74.311,30.856],[74.3,30.838],[74.28,30.825],[74.26,30.819],[74.257,30.815],[74.266,30.795],[74.267,30.788],[74.259,30.781],[74.244,30.771],[74.236,30.764],[74.215,30.737],[74.199,30.725],[74.191,30.717],[74.185,30.697],[74.17,30.687],[74.167,30.679],[74.164,30.665],[74.156,30.66],[74.133,30.655],[74.111,30.646],[74.096,30.637],[74.082,30.626],[74.067,30.611],[74.057,30.592],[74.058,30.574],[74.061,30.556],[74.058,30.531],[74.044,30.519],[74.004,30.509],[73.996,30.501],[73.99,30.488],[73.939,30.426],[73.929,30.419],[73.917,30.417],[73.9,30.422],[73.902,30.416],[73.904,30.401],[73.906,30.395],[73.888,30.397],[73.868,30.387],[73.852,30.373],[73.845,30.357],[73.842,30.353],[73.892,30.33],[73.912,30.304],[73.935,30.261],[73.949,30.217],[73.947,30.204],[73.944,30.188],[73.778,30.067],[73.74,30.048],[73.558,30.013],[73.385,29.942],[73.37,29.927],[73.327,29.805],[73.285,29.684],[73.233,29.537],[73.178,29.443],[73.129,29.36],[73.051,29.228],[72.989,29.155],[72.963,29.117],[72.93,29.048],[72.918,29.033],[72.902,29.023],[72.773,28.963],[72.659,28.911],[72.526,28.85],[72.382,28.784],[72.355,28.767],[72.28,28.687],[72.256,28.646],[72.198,28.445],[72.178,28.397],[72.15,28.354],[72.111,28.318],[71.988,28.228],[71.908,28.136],[71.897,28.116],[71.892,28.097],[71.88,27.975],[71.874,27.96],[71.861,27.95],[71.701,27.907],[71.561,27.869],[71.477,27.862],[71.398,27.868],[71.311,27.862],[71.226,27.845],[71.151,27.822],[71.028,27.768],[70.914,27.718],[70.832,27.701],[70.762,27.71],[70.71,27.741],[70.672,27.791],[70.641,27.855],[70.638,27.874],[70.642,27.911],[70.633,27.932],[70.621,27.944],[70.593,27.964],[70.56,27.998],[70.535,28.016],[70.507,28.029],[70.477,28.037],[70.456,28.04],[70.437,28.035],[70.398,28.022],[70.36,28.016],[70.342,28.011],[70.324,28],[70.268,27.945],[70.199,27.901],[70.189,27.892],[70.074,27.94],[70.012,27.973],[69.996,27.985],[69.977,28.002],[69.915,28.083],[69.899,28.111],[69.837,28.276],[69.834,28.295],[69.832,28.302],[69.827,28.31],[69.818,28.321],[69.813,28.328],[69.811,28.337],[69.812,28.37],[69.81,28.377],[69.806,28.386],[69.799,28.395],[69.787,28.404],[69.778,28.408],[69.77,28.41],[69.754,28.423],[69.732,28.466],[69.704,28.473],[69.61,28.484],[69.604,28.486],[69.601,28.489],[69.599,28.493],[69.599,28.5],[69.599,28.504],[69.597,28.509],[69.594,28.512],[69.589,28.515],[69.583,28.518],[69.558,28.525],[69.53,28.528],[69.505,28.528],[69.491,28.527],[69.385,28.487],[69.333,28.559],[69.331,28.564],[69.331,28.569],[69.332,28.577],[69.336,28.584],[69.341,28.591],[69.347,28.595],[69.352,28.598],[69.39,28.611],[69.407,28.618],[69.415,28.623],[69.422,28.629],[69.448,28.659],[69.471,28.693],[69.526,28.807],[69.531,28.825],[69.529,28.832],[69.527,28.837],[69.523,28.841],[69.513,28.849],[69.507,28.855],[69.505,28.858],[69.504,28.86],[69.502,28.864],[69.502,28.872],[69.503,28.884],[69.508,28.909],[69.515,28.927],[69.52,28.938],[69.525,28.944],[69.529,28.947],[69.557,28.965],[69.57,28.976],[69.592,28.999],[69.642,29.07],[69.655,29.082],[69.662,29.088],[69.669,29.093],[69.683,29.098],[69.689,29.102],[69.696,29.11],[69.707,29.13],[69.743,29.28],[69.744,29.297],[69.743,29.307],[69.74,29.312],[69.735,29.313],[69.73,29.313],[69.726,29.311],[69.721,29.309],[69.717,29.307],[69.71,29.301],[69.704,29.295],[69.701,29.292],[69.697,29.291],[69.693,29.291],[69.69,29.292],[69.687,29.295],[69.666,29.323],[69.664,29.331],[69.664,29.342],[69.667,29.367],[69.668,29.382],[69.667,29.392],[69.665,29.397],[69.662,29.401],[69.66,29.404],[69.653,29.41],[69.645,29.415],[69.64,29.417],[69.629,29.42],[69.587,29.424],[69.581,29.425],[69.576,29.427],[69.573,29.43],[69.57,29.436],[69.569,29.448],[69.6,29.572],[69.597,29.604],[69.597,29.633],[69.6,29.647],[69.605,29.658],[69.617,29.675],[69.622,29.681],[69.626,29.684],[69.63,29.686],[69.648,29.694],[69.666,29.7],[69.727,29.709],[69.748,29.725],[69.78,29.769],[69.786,29.775],[69.81,29.789],[69.829,29.802],[69.839,29.812],[69.848,29.827],[69.896,29.933],[69.948,30.028],[69.962,30.066],[69.962,30.09],[69.963,30.1],[69.967,30.119],[69.972,30.13],[69.977,30.138],[69.992,30.151],[70.004,30.16],[70.01,30.167],[70.036,30.211],[70.042,30.23],[70.043,30.243],[70.039,30.248],[70.034,30.251],[70.029,30.252],[70.017,30.254],[70.006,30.254],[70.002,30.254],[69.999,30.253],[69.992,30.249],[69.988,30.247],[69.985,30.244],[69.981,30.24],[69.972,30.225],[69.968,30.223],[69.965,30.222],[69.962,30.223],[69.959,30.225],[69.957,30.229],[69.957,30.232],[69.956,30.239],[69.956,30.26],[69.955,30.264],[69.953,30.268],[69.949,30.271],[69.939,30.275],[69.933,30.277],[69.93,30.283],[69.93,30.289],[69.933,30.298],[69.94,30.312],[69.959,30.373],[69.968,30.427],[69.979,30.454],[70.065,30.581],[70.071,30.593],[70.073,30.603],[70.072,30.609],[70.07,30.614],[70.059,30.63],[70.057,30.634],[70.057,30.643],[70.059,30.655],[70.066,30.683],[70.073,30.697],[70.08,30.706],[70.087,30.708],[70.111,30.709],[70.116,30.71],[70.119,30.713],[70.202,30.81],[70.208,30.812],[70.226,30.814],[70.232,30.816],[70.238,30.822],[70.239,30.832],[70.237,30.846],[70.226,30.874],[70.239,31.073],[70.243,31.068],[70.246,31.066],[70.251,31.066],[70.256,31.069],[70.265,31.084],[70.266,31.089],[70.267,31.096],[70.266,31.104],[70.259,31.124],[70.256,31.14],[70.257,31.145],[70.259,31.15],[70.264,31.155],[70.3,31.171],[70.317,31.175],[70.34,31.185],[70.349,31.187],[70.355,31.188],[70.399,31.191],[70.404,31.192],[70.409,31.203],[70.401,31.247],[70.417,31.245],[70.427,31.25],[70.429,31.252],[70.431,31.257],[70.434,31.263],[70.437,31.27],[70.442,31.277],[70.454,31.291],[70.462,31.296],[70.47,31.298],[70.486,31.296],[70.494,31.296],[70.509,31.298],[70.517,31.3],[70.526,31.305],[70.549,31.321],[70.56,31.325],[70.571,31.326],[70.589,31.321],[70.622,31.308],[70.633,31.305],[70.647,31.303],[70.656,31.304],[70.701,31.32],[70.714,31.323],[70.723,31.324],[70.73,31.323],[70.735,31.321],[70.74,31.318],[70.751,31.307],[70.759,31.302],[70.778,31.294],[70.793,31.32],[70.816,31.34],[70.82,31.347],[70.821,31.352],[70.82,31.356],[70.816,31.365],[70.825,31.396],[70.828,31.399],[70.833,31.403],[70.848,31.408],[70.861,31.414],[70.867,31.42],[70.871,31.425],[70.874,31.437],[70.876,31.461],[70.876,31.468],[70.866,31.49],[70.868,31.497],[70.873,31.502],[70.88,31.504],[70.885,31.507],[70.885,31.512],[70.881,31.517],[70.869,31.53],[70.864,31.536],[70.855,31.552],[70.904,31.664],[70.905,31.673],[70.904,31.679],[70.899,31.695],[70.899,31.71],[70.906,31.722],[70.924,31.745],[70.967,31.819],[70.974,31.839],[70.984,31.879],[70.993,31.898],[71.007,31.913],[71.023,31.926],[71.037,31.94],[71.055,31.982],[71.07,31.999],[71.107,32.031],[71.113,32.039],[71.115,32.048],[71.115,32.067],[71.117,32.081],[71.124,32.094],[71.132,32.106],[71.168,32.141],[71.178,32.147],[71.207,32.16],[71.216,32.166],[71.229,32.182],[71.237,32.202],[71.247,32.244],[71.252,32.255],[71.272,32.283],[71.277,32.293],[71.279,32.302],[71.279,32.322],[71.284,32.34],[71.294,32.356],[71.332,32.399],[71.341,32.415],[71.347,32.432],[71.35,32.502],[71.344,32.513],[71.34,32.516],[71.338,32.519],[71.338,32.526],[71.337,32.531],[71.333,32.535],[71.326,32.537],[71.318,32.538],[71.312,32.537],[71.309,32.534],[71.305,32.527],[71.304,32.524],[71.302,32.522],[71.299,32.52],[71.295,32.518],[71.29,32.517],[71.286,32.514],[71.284,32.511],[71.28,32.504],[71.277,32.5],[71.273,32.495],[71.269,32.493],[71.264,32.493],[71.26,32.496],[71.254,32.502],[71.249,32.511],[71.246,32.525],[71.26,32.567],[71.262,32.584],[71.258,32.59],[71.255,32.592],[71.25,32.593],[71.246,32.593],[71.201,32.586],[71.194,32.586],[71.186,32.587],[71.174,32.592],[71.168,32.598],[71.164,32.607],[71.16,32.635],[71.149,32.671],[71.148,32.679],[71.148,32.699],[71.144,32.718],[71.109,32.782],[71.106,32.791],[71.109,32.796],[71.113,32.798],[71.122,32.802],[71.134,32.811],[71.137,32.826],[71.145,32.9],[71.149,32.916],[71.155,32.93],[71.18,32.963],[71.188,32.97],[71.196,32.975],[71.208,32.979],[71.223,32.986],[71.233,32.992],[71.297,33.013],[71.301,33.014],[71.304,33.013],[71.311,33.008],[71.316,33.006],[71.327,33.003],[71.331,33.002],[71.334,32.999],[71.338,32.997],[71.346,32.996],[71.357,33.001],[71.365,33.004],[71.372,33.004],[71.38,33.004],[71.388,33.005],[71.402,33.011],[71.411,33.013],[71.423,33.013],[71.435,33.016],[71.443,33.019],[71.449,33.024],[71.461,33.041],[71.466,33.049],[71.467,33.056],[71.467,33.06],[71.466,33.065],[71.463,33.07],[71.459,33.075],[71.454,33.076],[71.45,33.076],[71.446,33.075],[71.443,33.075],[71.439,33.075],[71.438,33.08],[71.437,33.089],[71.447,33.133],[71.446,33.137],[71.438,33.147],[71.429,33.161],[71.428,33.164],[71.428,33.168],[71.428,33.173],[71.428,33.177],[71.427,33.181],[71.425,33.185],[71.422,33.188],[71.417,33.191],[71.413,33.199],[71.411,33.211],[71.416,33.234],[71.419,33.241],[71.427,33.247],[71.436,33.242],[71.439,33.236],[71.446,33.231],[71.453,33.226],[71.481,33.215],[71.49,33.213],[71.498,33.213],[71.538,33.226],[71.545,33.224],[71.571,33.21],[71.583,33.2],[71.59,33.193],[71.594,33.187],[71.595,33.18],[71.596,33.149],[71.598,33.142],[71.6,33.136],[71.606,33.125],[71.615,33.113],[71.633,33.094],[71.643,33.085],[71.652,33.079],[71.7,33.062],[71.712,33.073],[71.711,33.094],[71.713,33.111],[71.721,33.129],[71.73,33.14],[71.741,33.15],[71.75,33.164],[71.755,33.184],[71.751,33.205],[71.741,33.22],[71.727,33.231],[71.713,33.246],[71.721,33.246],[71.703,33.257],[71.699,33.273],[71.705,33.29],[71.717,33.304],[71.725,33.319],[71.723,33.336],[71.723,33.355],[71.741,33.376],[71.797,33.4],[71.813,33.404],[71.842,33.402],[71.851,33.404],[71.86,33.409],[71.864,33.415],[71.868,33.421],[71.878,33.424],[71.873,33.435],[71.874,33.444],[71.88,33.452],[71.888,33.461],[71.893,33.468],[71.897,33.482],[71.902,33.489],[71.945,33.516],[71.953,33.527],[71.956,33.547],[71.953,33.56],[71.953,33.571],[71.972,33.598],[71.974,33.65],[71.98,33.665],[71.999,33.704],[72.005,33.712],[72.01,33.716],[72.022,33.746],[72.032,33.754],[72.053,33.761],[72.063,33.766],[72.083,33.788],[72.088,33.79],[72.115,33.78],[72.153,33.777],[72.172,33.773],[72.187,33.766],[72.198,33.774],[72.211,33.777],[72.223,33.774],[72.234,33.766],[72.242,33.805],[72.226,33.901],[72.241,33.938],[72.255,33.945],[72.349,33.961],[72.367,33.97],[72.399,33.993],[72.431,34.011],[72.468,34.021],[72.51,34.023],[72.526,34.021],[72.542,33.989],[72.551,33.965],[72.559,33.957],[72.566,33.951],[72.571,33.949],[72.615,33.945],[72.632,33.941],[72.646,33.937],[72.652,33.933],[72.655,33.928],[72.654,33.924],[72.651,33.921],[72.647,33.919],[72.639,33.915],[72.632,33.911],[72.621,33.9],[72.618,33.896],[72.616,33.891],[72.616,33.885],[72.618,33.881],[72.623,33.876],[72.645,33.861],[72.653,33.857],[72.66,33.855],[72.674,33.857],[72.686,33.861],[72.69,33.863],[72.694,33.865],[72.698,33.87],[72.703,33.877],[72.712,33.891],[72.716,33.896],[72.721,33.9],[72.732,33.902],[72.736,33.904],[72.738,33.906],[72.738,33.909],[72.737,33.915],[72.736,33.918],[72.738,33.922],[72.74,33.925],[72.761,33.944],[72.767,33.947],[72.774,33.95],[72.778,33.948],[72.785,33.945],[72.789,33.94],[72.794,33.935],[72.797,33.931],[72.797,33.927],[72.791,33.916],[72.789,33.912],[72.789,33.908],[72.79,33.904],[72.794,33.9],[72.812,33.883],[72.834,33.885],[72.837,33.883],[72.842,33.877],[72.843,33.872],[72.843,33.868],[72.842,33.854],[72.841,33.85],[72.84,33.847],[72.837,33.844],[72.829,33.84],[72.824,33.834],[72.825,33.83],[72.828,33.827],[72.833,33.826],[72.837,33.825],[72.842,33.825],[72.846,33.826],[72.852,33.828],[72.859,33.828],[72.866,33.826],[72.874,33.822],[72.876,33.818],[72.876,33.814],[72.875,33.81],[72.873,33.807],[72.87,33.804],[72.866,33.801],[72.859,33.798],[72.853,33.796],[72.847,33.792],[72.843,33.785],[72.84,33.769],[72.842,33.762],[72.845,33.757],[72.85,33.756],[72.857,33.756],[72.879,33.758],[72.884,33.757],[72.895,33.751],[72.901,33.749],[72.907,33.749],[72.921,33.75],[72.927,33.749],[72.929,33.747],[72.928,33.743],[72.926,33.74],[72.927,33.727],[72.833,33.686],[72.81,33.662],[72.805,33.635],[72.817,33.609],[72.834,33.59],[72.855,33.574],[72.879,33.571],[72.902,33.575],[72.923,33.585],[72.939,33.596],[72.974,33.613],[73.01,33.624],[73.03,33.628],[73.046,33.628],[73.066,33.623],[73.079,33.614],[73.091,33.6],[73.101,33.583],[73.108,33.565],[73.107,33.55],[73.1,33.536],[73.097,33.525],[73.104,33.515],[73.117,33.508],[73.143,33.496],[73.164,33.492],[73.183,33.496],[73.186,33.499],[73.188,33.5],[73.189,33.503],[73.201,33.516],[73.232,33.543],[73.239,33.551],[73.276,33.626],[73.287,33.64],[73.313,33.663],[73.321,33.676],[73.321,33.687],[73.312,33.697],[73.274,33.722],[73.243,33.751],[73.229,33.761],[73.215,33.769],[73.135,33.8],[73.126,33.804],[73.145,33.811],[73.193,33.809],[73.216,33.822],[73.241,33.839],[73.272,33.85],[73.289,33.859],[73.312,33.868],[73.317,33.871],[73.32,33.875],[73.321,33.88],[73.322,33.884],[73.325,33.891],[73.331,33.9],[73.361,33.935],[73.362,33.938],[73.361,33.941],[73.358,33.945],[73.356,33.951],[73.358,33.96],[73.364,33.966],[73.37,33.969],[73.376,33.97],[73.382,33.97],[73.388,33.969],[73.399,33.962],[73.403,33.961],[73.409,33.961],[73.417,33.962],[73.424,33.966],[73.429,33.971],[73.447,33.997],[73.453,34.001],[73.458,34.004],[73.465,34.005],[73.484,34.013],[73.492,34.018],[73.499,34.018],[73.504,34.015],[73.509,34.011],[73.519,34.008],[73.58,33.91],[73.583,33.877],[73.567,33.803],[73.576,33.777],[73.589,33.762],[73.596,33.746],[73.599,33.727],[73.6,33.709],[73.596,33.695],[73.577,33.663],[73.576,33.654],[73.578,33.648],[73.573,33.634],[73.576,33.626],[73.604,33.606],[73.615,33.593],[73.625,33.575],[73.633,33.557],[73.635,33.541],[73.631,33.531],[73.624,33.528],[73.618,33.526],[73.615,33.52],[73.615,33.51],[73.623,33.477],[73.626,33.47],[73.628,33.462],[73.628,33.452],[73.622,33.449],[73.621,33.448],[73.613,33.447],[73.604,33.442],[73.594,33.412],[73.583,33.4],[73.574,33.387],[73.576,33.37],[73.587,33.356],[73.598,33.343],[73.603,33.333],[73.6,33.322],[73.598,33.315],[73.593,33.304],[73.595,33.286],[73.599,33.266],[73.6,33.247],[73.597,33.244],[73.59,33.241],[73.588,33.241],[73.583,33.239],[73.58,33.239],[73.58,33.238],[73.581,33.229],[73.584,33.228],[73.588,33.228],[73.594,33.228],[73.595,33.228],[73.6,33.23],[73.601,33.231],[73.609,33.233],[73.615,33.232],[73.615,33.23],[73.616,33.224],[73.618,33.217],[73.621,33.212],[73.641,33.201],[73.649,33.195],[73.655,33.185],[73.655,33.173],[73.65,33.162],[73.644,33.154],[73.645,33.143],[73.623,33.124],[73.64,33.103],[73.673,33.085],[73.732,33.063],[73.763,33.046],[73.773,33.031],[73.786,33.025],[73.806,33.015],[73.822,33.013],[73.829,33.015],[73.83,33.016],[73.848,33.024],[73.849,33.025],[73.86,33.027],[73.874,33.029],[73.907,33.03],[73.926,33.026],[73.943,33.018],[73.951,33.011],[73.956,33.006],[73.959,33.002],[73.96,33.001],[73.977,32.976],[73.983,32.969],[74.317,32.823],[74.316,32.822],[74.307,32.81],[74.316,32.791],[74.329,32.776],[74.346,32.767],[74.368,32.764],[74.386,32.768],[74.419,32.785],[74.439,32.786],[74.455,32.779],[74.484,32.754],[74.501,32.746],[74.521,32.745],[74.574,32.753],[74.593,32.758],[74.614,32.77],[74.622,32.785],[74.626,32.803],[74.636,32.822],[74.654,32.837],[74.672,32.841],[74.685,32.831],[74.689,32.809],[74.682,32.787],[74.657,32.745],[74.65,32.723],[74.65,32.701],[74.657,32.661],[74.656,32.641],[74.648,32.624],[74.637,32.606],[74.63,32.588],[74.633,32.568],[74.663,32.498],[74.689,32.471],[74.725,32.461],[74.764,32.463],[74.799,32.473],[74.838,32.475],[74.907,32.445],[74.948,32.449],[74.991,32.463],[75.024,32.466],[75.055,32.456],[75.092,32.429],[75.126,32.412],[75.196,32.397],[75.23,32.38],[75.298,32.332]]]}},{"type":"Feature","id":"PK-SD","properties":{"id":"PK-SD","countryCode":"PK","isoSubdivision":"PK-SD","name":"Sindh","name_en":"Sindh","name_ko":"신드","type":"Province","labelLongitude":68.869,"labelLatitude":26.373,"minZoom":5},"geometry":{"type":"MultiPolygon","coordinates":[[[[70.189,27.892],[70.102,27.812],[70.091,27.794],[70.017,27.601],[69.994,27.571],[69.908,27.497],[69.848,27.41],[69.731,27.31],[69.666,27.27],[69.576,27.188],[69.534,27.126],[69.508,27.05],[69.486,26.927],[69.465,26.808],[69.473,26.767],[69.504,26.735],[69.659,26.678],[69.7,26.653],[69.772,26.595],[69.816,26.58],[70.056,26.589],[70.094,26.58],[70.13,26.563],[70.158,26.53],[70.163,26.493],[70.157,26.411],[70.161,26.371],[70.157,26.354],[70.148,26.333],[70.142,26.314],[70.144,26.294],[70.152,26.254],[70.147,26.217],[70.132,26.18],[70.078,26.1],[70.074,26.083],[70.073,26.047],[70.064,25.996],[70.065,25.98],[70.083,25.93],[70.115,25.882],[70.154,25.839],[70.196,25.807],[70.214,25.786],[70.234,25.731],[70.249,25.708],[70.265,25.697],[70.304,25.685],[70.36,25.673],[70.477,25.676],[70.517,25.684],[70.554,25.699],[70.592,25.709],[70.632,25.701],[70.654,25.674],[70.657,25.634],[70.653,25.546],[70.647,25.431],[70.654,25.397],[70.67,25.376],[70.71,25.336],[70.719,25.311],[70.723,25.287],[70.735,25.267],[70.768,25.233],[70.831,25.183],[70.849,25.163],[70.86,25.139],[70.893,25.002],[70.915,24.947],[70.943,24.894],[71.003,24.808],[71.037,24.721],[71.057,24.693],[71.064,24.683],[71.043,24.669],[70.977,24.64],[70.963,24.616],[70.955,24.585],[70.958,24.556],[70.977,24.54],[70.981,24.535],[70.982,24.529],[70.981,24.522],[70.977,24.515],[70.975,24.495],[70.973,24.487],[70.973,24.48],[70.974,24.472],[70.977,24.465],[71,24.453],[71.04,24.447],[71.075,24.436],[71.083,24.412],[71.073,24.402],[71.025,24.386],[71.014,24.375],[71.007,24.364],[70.997,24.357],[70.977,24.357],[70.955,24.366],[70.936,24.367],[70.918,24.362],[70.857,24.324],[70.841,24.306],[70.845,24.288],[70.858,24.272],[70.851,24.265],[70.834,24.261],[70.814,24.254],[70.776,24.237],[70.755,24.231],[70.622,24.241],[70.585,24.258],[70.568,24.273],[70.56,24.287],[70.555,24.327],[70.546,24.362],[70.546,24.373],[70.552,24.379],[70.569,24.39],[70.575,24.4],[70.563,24.424],[70.521,24.425],[70.416,24.402],[70.371,24.372],[70.353,24.366],[70.299,24.363],[70.279,24.355],[70.243,24.331],[70.223,24.327],[70.202,24.326],[70.145,24.308],[70.11,24.305],[70.098,24.299],[70.087,24.283],[70.063,24.22],[70.052,24.202],[70.016,24.174],[69.972,24.165],[69.769,24.163],[69.715,24.169],[69.671,24.189],[69.592,24.265],[69.563,24.277],[69.281,24.284],[69.206,24.259],[69.167,24.253],[69.148,24.257],[69.092,24.282],[69.068,24.288],[69.048,24.285],[69.008,24.265],[68.981,24.255],[68.963,24.257],[68.949,24.27],[68.929,24.302],[68.922,24.311],[68.913,24.317],[68.904,24.321],[68.89,24.319],[68.885,24.314],[68.883,24.305],[68.88,24.297],[68.849,24.244],[68.839,24.236],[68.82,24.25],[68.814,24.308],[68.799,24.329],[68.747,24.331],[68.726,24.289],[68.726,24.209],[68.725,24.104],[68.724,23.965],[68.646,23.966],[68.548,23.966],[68.432,23.967],[68.385,23.96],[68.354,23.939],[68.354,23.947],[68.352,23.957],[68.349,23.965],[68.343,23.969],[68.33,23.967],[68.33,23.958],[68.334,23.948],[68.335,23.941],[68.326,23.928],[68.314,23.916],[68.3,23.911],[68.286,23.916],[68.28,23.926],[68.278,23.934],[68.274,23.938],[68.264,23.936],[68.255,23.929],[68.253,23.92],[68.253,23.911],[68.252,23.905],[68.254,23.903],[68.258,23.899],[68.26,23.896],[68.257,23.892],[68.253,23.892],[68.243,23.893],[68.24,23.893],[68.233,23.889],[68.215,23.882],[68.207,23.877],[68.184,23.843],[68.183,23.842],[68.183,23.843],[68.157,23.905],[68.156,23.874],[68.157,23.864],[68.16,23.858],[68.169,23.845],[68.171,23.84],[68.167,23.82],[68.149,23.781],[68.143,23.761],[68.144,23.743],[68.155,23.714],[68.157,23.696],[68.149,23.695],[68.13,23.708],[68.102,23.734],[68.099,23.709],[68.082,23.709],[68.063,23.723],[68.054,23.744],[68.057,23.751],[68.071,23.761],[68.074,23.765],[68.073,23.783],[68.074,23.788],[68.082,23.806],[68.088,23.81],[68.102,23.81],[68.102,23.816],[68.088,23.826],[68.073,23.842],[68.059,23.862],[68.054,23.885],[68.062,23.911],[68.064,23.923],[68.048,23.921],[68.024,23.935],[68.014,23.939],[68.042,23.852],[68.054,23.829],[68.036,23.792],[68.024,23.775],[68.014,23.769],[68.008,23.774],[68.003,23.785],[68,23.797],[67.999,23.806],[67.994,23.811],[67.983,23.81],[67.973,23.805],[67.972,23.802],[67.962,23.805],[67.951,23.809],[67.942,23.816],[67.938,23.826],[67.934,23.833],[67.926,23.834],[67.917,23.834],[67.91,23.836],[67.905,23.846],[67.906,23.859],[67.9,23.868],[67.892,23.87],[67.883,23.865],[67.869,23.85],[67.865,23.866],[67.863,23.903],[67.855,23.912],[67.849,23.889],[67.839,23.823],[67.832,23.81],[67.803,23.813],[67.773,23.821],[67.719,23.844],[67.731,23.836],[67.741,23.823],[67.744,23.809],[67.732,23.795],[67.716,23.792],[67.694,23.793],[67.657,23.802],[67.646,23.803],[67.638,23.802],[67.632,23.803],[67.629,23.813],[67.631,23.825],[67.634,23.833],[67.639,23.841],[67.643,23.85],[67.651,23.907],[67.657,23.919],[67.657,23.926],[67.652,23.925],[67.651,23.927],[67.651,23.93],[67.65,23.933],[67.638,23.916],[67.637,23.874],[67.629,23.857],[67.615,23.85],[67.6,23.854],[67.589,23.867],[67.588,23.885],[67.575,23.872],[67.566,23.876],[67.558,23.889],[67.547,23.898],[67.533,23.899],[67.53,23.891],[67.536,23.88],[67.547,23.871],[67.491,23.883],[67.479,23.892],[67.488,23.893],[67.495,23.892],[67.503,23.893],[67.513,23.898],[67.521,23.907],[67.532,23.929],[67.541,23.939],[67.531,23.935],[67.52,23.928],[67.509,23.923],[67.499,23.926],[67.497,23.936],[67.5,23.952],[67.506,23.974],[67.464,23.982],[67.451,23.988],[67.468,24.022],[67.478,24.032],[67.492,24.028],[67.52,24.045],[67.53,24.055],[67.533,24.07],[67.51,24.052],[67.489,24.054],[67.467,24.064],[67.441,24.07],[67.384,24.067],[67.354,24.071],[67.341,24.086],[67.337,24.119],[67.326,24.144],[67.3,24.186],[67.296,24.199],[67.293,24.212],[67.292,24.262],[67.288,24.27],[67.279,24.281],[67.284,24.288],[67.289,24.299],[67.293,24.303],[67.286,24.33],[67.306,24.343],[67.336,24.346],[67.362,24.344],[67.343,24.354],[67.325,24.358],[67.283,24.358],[67.272,24.369],[67.274,24.395],[67.287,24.44],[67.281,24.432],[67.274,24.427],[67.259,24.419],[67.257,24.445],[67.247,24.468],[67.231,24.489],[67.211,24.508],[67.231,24.525],[67.227,24.532],[67.204,24.535],[67.195,24.547],[67.189,24.561],[67.185,24.576],[67.184,24.59],[67.199,24.585],[67.218,24.582],[67.237,24.584],[67.253,24.59],[67.224,24.607],[67.209,24.614],[67.19,24.618],[67.173,24.616],[67.16,24.612],[67.152,24.616],[67.15,24.635],[67.157,24.663],[67.176,24.689],[67.2,24.711],[67.225,24.727],[67.253,24.74],[67.256,24.748],[67.245,24.762],[67.233,24.771],[67.224,24.77],[67.213,24.765],[67.176,24.758],[67.167,24.76],[67.162,24.781],[67.156,24.792],[67.148,24.8],[67.14,24.803],[67.122,24.801],[67.111,24.798],[67.1,24.797],[67.081,24.803],[67.074,24.796],[67.083,24.774],[67.064,24.782],[67.023,24.81],[67.005,24.814],[66.987,24.822],[66.973,24.833],[66.965,24.844],[66.958,24.844],[66.958,24.825],[66.96,24.818],[66.965,24.81],[66.941,24.813],[66.922,24.824],[66.903,24.839],[66.882,24.851],[66.854,24.852],[66.827,24.844],[66.803,24.84],[66.78,24.851],[66.769,24.847],[66.716,24.842],[66.691,24.833],[66.68,24.831],[66.654,24.839],[66.657,24.859],[66.677,24.88],[66.704,24.892],[66.862,25.009],[66.875,25.016],[66.881,25.018],[66.886,25.019],[66.926,25.024],[66.94,25.028],[66.953,25.034],[66.966,25.043],[66.991,25.067],[67.011,25.093],[67.02,25.109],[67.026,25.124],[67.027,25.132],[67.026,25.15],[67.026,25.156],[67.027,25.162],[67.032,25.171],[67.042,25.183],[67.077,25.222],[67.106,25.244],[67.124,25.258],[67.131,25.266],[67.138,25.276],[67.163,25.336],[67.167,25.349],[67.168,25.358],[67.167,25.368],[67.163,25.389],[67.162,25.395],[67.165,25.404],[67.17,25.417],[67.221,25.501],[67.229,25.51],[67.256,25.523],[67.264,25.53],[67.271,25.539],[67.277,25.554],[67.292,25.581],[67.328,25.62],[67.36,25.653],[67.374,25.673],[67.424,25.796],[67.435,25.831],[67.44,25.862],[67.44,25.888],[67.434,25.94],[67.434,25.959],[67.45,26.048],[67.447,26.076],[67.437,26.111],[67.181,26.539],[67.173,26.56],[67.162,26.605],[67.155,26.654],[67.153,26.736],[67.146,27.156],[67.135,27.253],[67.136,27.288],[67.143,27.334],[67.18,27.48],[67.186,27.513],[67.193,27.532],[67.206,27.558],[67.273,27.663],[67.342,27.744],[67.39,27.845],[67.402,27.864],[67.441,27.883],[67.554,27.896],[67.684,27.926],[67.925,28.023],[67.97,28.083],[67.999,28.114],[68.219,28.265],[68.237,28.281],[68.283,28.311],[68.369,28.342],[68.376,28.347],[68.382,28.35],[68.385,28.353],[68.389,28.357],[68.438,28.429],[68.445,28.437],[68.459,28.448],[68.467,28.453],[68.473,28.455],[68.501,28.463],[68.604,28.475],[68.776,28.465],[69.252,28.484],[69.385,28.487],[69.491,28.527],[69.505,28.528],[69.53,28.528],[69.558,28.525],[69.583,28.518],[69.589,28.515],[69.594,28.512],[69.597,28.509],[69.599,28.504],[69.599,28.5],[69.599,28.493],[69.601,28.489],[69.604,28.486],[69.61,28.484],[69.704,28.473],[69.732,28.466],[69.754,28.423],[69.77,28.41],[69.778,28.408],[69.787,28.404],[69.799,28.395],[69.806,28.386],[69.81,28.377],[69.812,28.37],[69.811,28.337],[69.813,28.328],[69.818,28.321],[69.827,28.31],[69.832,28.302],[69.834,28.295],[69.837,28.276],[69.899,28.111],[69.915,28.083],[69.977,28.002],[69.996,27.985],[70.012,27.973],[70.074,27.94],[70.189,27.892]]],[[[67.375,24.063],[67.39,24.049],[67.413,24.049],[67.458,24.063],[67.478,24.051],[67.485,24.049],[67.485,24.048],[67.465,24.041],[67.461,24.027],[67.454,24.013],[67.427,24.008],[67.409,24.013],[67.393,24.028],[67.385,24.04],[67.382,24.046],[67.375,24.063]]]]}},{"type":"Feature","id":"PK-TA","properties":{"id":"PK-TA","countryCode":"PK","isoSubdivision":"PK-TA","name":"Federally Administered Tribal Areas","name_en":"Federally Administered Tribal Areas","name_ko":"연방 직할 부족 지역","type":"Territory","labelLongitude":69.899,"labelLatitude":32.615,"minZoom":5},"geometry":{"type":"Polygon","coordinates":[[[71.048,34.551],[71.066,34.558],[71.077,34.579],[71.08,34.603],[71.076,34.624],[71.069,34.646],[71.07,34.661],[71.081,34.673],[71.151,34.72],[71.19,34.737],[71.203,34.748],[71.256,34.81],[71.271,34.844],[71.289,34.875],[71.325,34.898],[71.445,34.938],[71.448,34.935],[71.462,34.914],[71.496,34.879],[71.499,34.877],[71.518,34.868],[71.54,34.865],[71.55,34.861],[71.558,34.861],[71.559,34.86],[71.56,34.859],[71.562,34.856],[71.564,34.847],[71.564,34.846],[71.565,34.844],[71.568,34.84],[71.569,34.838],[71.57,34.835],[71.57,34.833],[71.571,34.828],[71.571,34.827],[71.571,34.826],[71.574,34.821],[71.577,34.816],[71.58,34.807],[71.58,34.803],[71.579,34.797],[71.579,34.795],[71.581,34.792],[71.599,34.779],[71.612,34.774],[71.62,34.772],[71.627,34.773],[71.67,34.793],[71.685,34.797],[71.691,34.798],[71.697,34.798],[71.733,34.794],[71.74,34.792],[71.746,34.789],[71.76,34.785],[71.765,34.785],[71.77,34.785],[71.775,34.786],[71.779,34.784],[71.784,34.781],[71.789,34.771],[71.792,34.766],[71.799,34.758],[71.798,34.756],[71.793,34.753],[71.787,34.752],[71.783,34.75],[71.773,34.737],[71.77,34.735],[71.767,34.734],[71.76,34.733],[71.757,34.731],[71.755,34.729],[71.757,34.723],[71.759,34.721],[71.76,34.719],[71.761,34.718],[71.761,34.717],[71.762,34.711],[71.764,34.702],[71.763,34.691],[71.757,34.66],[71.736,34.646],[71.733,34.646],[71.732,34.647],[71.73,34.647],[71.725,34.651],[71.724,34.651],[71.723,34.651],[71.722,34.651],[71.721,34.651],[71.714,34.645],[71.711,34.644],[71.696,34.63],[71.69,34.626],[71.688,34.625],[71.687,34.625],[71.686,34.624],[71.685,34.624],[71.682,34.622],[71.679,34.621],[71.677,34.616],[71.673,34.608],[71.664,34.577],[71.663,34.57],[71.664,34.56],[71.66,34.555],[71.64,34.537],[71.655,34.498],[71.655,34.497],[71.653,34.494],[71.653,34.493],[71.658,34.483],[71.659,34.478],[71.659,34.477],[71.658,34.472],[71.658,34.47],[71.658,34.469],[71.658,34.468],[71.658,34.465],[71.66,34.464],[71.663,34.463],[71.67,34.462],[71.673,34.462],[71.676,34.462],[71.678,34.463],[71.678,34.464],[71.679,34.464],[71.68,34.464],[71.684,34.459],[71.693,34.438],[71.684,34.435],[71.68,34.433],[71.677,34.431],[71.676,34.43],[71.674,34.429],[71.67,34.428],[71.669,34.428],[71.667,34.427],[71.66,34.421],[71.658,34.42],[71.657,34.418],[71.656,34.416],[71.654,34.407],[71.653,34.404],[71.652,34.403],[71.652,34.401],[71.653,34.4],[71.653,34.399],[71.653,34.398],[71.656,34.396],[71.656,34.395],[71.657,34.394],[71.655,34.392],[71.653,34.391],[71.645,34.387],[71.641,34.386],[71.638,34.385],[71.633,34.386],[71.63,34.385],[71.624,34.383],[71.624,34.382],[71.623,34.38],[71.621,34.371],[71.621,34.369],[71.621,34.368],[71.62,34.367],[71.622,34.36],[71.622,34.356],[71.622,34.355],[71.621,34.354],[71.619,34.354],[71.615,34.355],[71.612,34.356],[71.61,34.356],[71.61,34.357],[71.605,34.361],[71.602,34.364],[71.6,34.365],[71.599,34.365],[71.598,34.365],[71.595,34.365],[71.593,34.365],[71.589,34.367],[71.588,34.367],[71.587,34.367],[71.586,34.366],[71.574,34.354],[71.566,34.349],[71.564,34.348],[71.561,34.346],[71.56,34.345],[71.559,34.343],[71.558,34.341],[71.559,34.336],[71.559,34.334],[71.557,34.332],[71.554,34.329],[71.535,34.315],[71.533,34.313],[71.533,34.312],[71.533,34.31],[71.534,34.306],[71.535,34.304],[71.537,34.303],[71.537,34.302],[71.537,34.301],[71.531,34.285],[71.531,34.282],[71.532,34.281],[71.533,34.28],[71.534,34.28],[71.536,34.279],[71.537,34.279],[71.537,34.278],[71.538,34.277],[71.538,34.276],[71.538,34.274],[71.534,34.264],[71.531,34.261],[71.502,34.241],[71.493,34.227],[71.461,34.205],[71.455,34.202],[71.453,34.201],[71.452,34.2],[71.435,34.19],[71.43,34.186],[71.43,34.185],[71.429,34.184],[71.427,34.182],[71.425,34.18],[71.348,34.162],[71.344,34.158],[71.342,34.155],[71.342,34.154],[71.341,34.154],[71.341,34.152],[71.343,34.147],[71.343,34.146],[71.343,34.145],[71.343,34.144],[71.34,34.138],[71.341,34.137],[71.342,34.135],[71.347,34.133],[71.35,34.131],[71.353,34.13],[71.356,34.13],[71.361,34.129],[71.363,34.127],[71.372,34.122],[71.377,34.119],[71.378,34.117],[71.379,34.113],[71.38,34.103],[71.379,34.098],[71.378,34.095],[71.377,34.094],[71.374,34.092],[71.37,34.089],[71.368,34.087],[71.367,34.086],[71.367,34.084],[71.366,34.08],[71.367,34.078],[71.379,34.065],[71.381,34.061],[71.385,34.041],[71.386,34.031],[71.384,34.024],[71.379,34.016],[71.378,34.013],[71.378,34.011],[71.377,34.002],[71.377,34.001],[71.376,33.992],[71.377,33.987],[71.379,33.98],[71.386,33.966],[71.393,33.961],[71.402,33.955],[71.409,33.948],[71.417,33.939],[71.425,33.926],[71.43,33.904],[71.43,33.898],[71.427,33.878],[71.427,33.875],[71.427,33.872],[71.429,33.868],[71.432,33.864],[71.446,33.854],[71.483,33.831],[71.493,33.823],[71.496,33.82],[71.499,33.816],[71.5,33.811],[71.501,33.806],[71.499,33.789],[71.5,33.781],[71.501,33.775],[71.509,33.748],[71.515,33.738],[71.517,33.734],[71.521,33.733],[71.525,33.731],[71.531,33.73],[71.543,33.729],[71.552,33.729],[71.598,33.737],[71.654,33.761],[71.686,33.78],[71.699,33.791],[71.719,33.821],[71.724,33.833],[71.729,33.84],[71.732,33.842],[71.736,33.843],[71.741,33.841],[71.746,33.835],[71.755,33.813],[71.759,33.806],[71.764,33.801],[71.775,33.792],[71.783,33.789],[71.79,33.787],[71.823,33.782],[71.849,33.781],[71.853,33.78],[71.856,33.777],[71.858,33.771],[71.86,33.767],[71.856,33.759],[71.853,33.753],[71.822,33.716],[71.817,33.708],[71.811,33.7],[71.79,33.679],[71.788,33.676],[71.787,33.672],[71.787,33.67],[71.788,33.667],[71.791,33.665],[71.826,33.645],[71.836,33.638],[71.838,33.636],[71.84,33.633],[71.839,33.63],[71.838,33.626],[71.835,33.623],[71.832,33.621],[71.827,33.618],[71.818,33.615],[71.783,33.605],[71.772,33.6],[71.758,33.591],[71.701,33.562],[71.674,33.552],[71.653,33.55],[71.611,33.554],[71.588,33.561],[71.579,33.565],[71.572,33.569],[71.565,33.575],[71.564,33.579],[71.566,33.582],[71.569,33.586],[71.574,33.59],[71.585,33.594],[71.619,33.604],[71.629,33.608],[71.639,33.613],[71.643,33.617],[71.646,33.62],[71.647,33.624],[71.647,33.628],[71.647,33.632],[71.644,33.637],[71.642,33.64],[71.639,33.643],[71.636,33.645],[71.631,33.646],[71.624,33.646],[71.613,33.643],[71.603,33.64],[71.475,33.648],[71.461,33.65],[71.455,33.651],[71.448,33.651],[71.426,33.645],[71.383,33.643],[71.372,33.64],[71.365,33.637],[71.358,33.63],[71.352,33.629],[71.345,33.629],[71.333,33.634],[71.327,33.638],[71.319,33.645],[71.302,33.654],[71.254,33.675],[71.23,33.688],[71.214,33.703],[71.212,33.705],[71.207,33.717],[71.205,33.721],[71.201,33.723],[71.196,33.724],[71.191,33.725],[71.185,33.724],[71.18,33.726],[71.165,33.735],[71.158,33.739],[71.14,33.743],[71.135,33.743],[71.131,33.742],[71.13,33.736],[71.129,33.696],[71.13,33.69],[71.144,33.662],[71.145,33.65],[71.108,33.639],[71.096,33.633],[71.092,33.63],[71.086,33.625],[71.084,33.622],[71.084,33.619],[71.084,33.616],[71.085,33.613],[71.088,33.611],[71.092,33.609],[71.096,33.608],[71.101,33.605],[71.105,33.603],[71.106,33.6],[71.105,33.597],[71.1,33.594],[71.061,33.586],[71.049,33.582],[71.042,33.579],[71.032,33.571],[71.021,33.565],[71,33.557],[70.992,33.556],[70.832,33.569],[70.816,33.574],[70.782,33.593],[70.765,33.591],[70.759,33.587],[70.754,33.581],[70.74,33.552],[70.736,33.538],[70.735,33.534],[70.735,33.531],[70.735,33.528],[70.737,33.517],[70.738,33.509],[70.737,33.505],[70.735,33.499],[70.73,33.496],[70.723,33.494],[70.717,33.494],[70.713,33.494],[70.684,33.484],[70.667,33.482],[70.645,33.481],[70.641,33.481],[70.637,33.479],[70.63,33.474],[70.601,33.447],[70.591,33.44],[70.585,33.438],[70.58,33.437],[70.575,33.437],[70.56,33.438],[70.549,33.437],[70.538,33.435],[70.524,33.433],[70.508,33.43],[70.502,33.428],[70.488,33.42],[70.486,33.416],[70.484,33.413],[70.483,33.409],[70.481,33.402],[70.481,33.399],[70.483,33.394],[70.488,33.389],[70.501,33.38],[70.534,33.363],[70.545,33.36],[70.551,33.35],[70.56,33.313],[70.585,33.283],[70.599,33.278],[70.607,33.275],[70.616,33.274],[70.628,33.274],[70.633,33.273],[70.665,33.263],[70.671,33.262],[70.683,33.261],[70.689,33.26],[70.694,33.258],[70.696,33.256],[70.69,33.24],[70.69,33.237],[70.69,33.234],[70.692,33.232],[70.695,33.23],[70.706,33.228],[70.738,33.225],[70.76,33.225],[70.764,33.225],[70.776,33.221],[70.78,33.221],[70.79,33.221],[70.796,33.221],[70.801,33.22],[70.815,33.215],[70.834,33.211],[70.859,33.204],[70.864,33.201],[70.868,33.197],[70.871,33.193],[70.872,33.189],[70.871,33.182],[70.856,33.163],[70.791,33.102],[70.768,33.097],[70.76,33.094],[70.753,33.09],[70.737,33.073],[70.729,33.066],[70.716,33.061],[70.707,33.059],[70.684,33.055],[70.664,33.049],[70.649,33.046],[70.643,33.044],[70.632,33.042],[70.628,33.042],[70.624,33.043],[70.619,33.043],[70.598,33.046],[70.589,33.045],[70.584,33.045],[70.578,33.045],[70.554,33.052],[70.549,33.052],[70.543,33.05],[70.528,33.04],[70.515,33.029],[70.508,33.025],[70.499,33.022],[70.496,33.019],[70.472,32.953],[70.467,32.942],[70.439,32.909],[70.409,32.861],[70.4,32.849],[70.393,32.843],[70.39,32.843],[70.386,32.843],[70.382,32.842],[70.378,32.835],[70.377,32.83],[70.377,32.782],[70.38,32.753],[70.379,32.746],[70.379,32.739],[70.375,32.724],[70.375,32.721],[70.378,32.719],[70.387,32.718],[70.392,32.717],[70.407,32.696],[70.579,32.513],[70.587,32.494],[70.589,32.487],[70.589,32.483],[70.588,32.479],[70.584,32.475],[70.573,32.47],[70.566,32.469],[70.56,32.47],[70.494,32.503],[70.485,32.505],[70.478,32.506],[70.475,32.506],[70.471,32.505],[70.468,32.504],[70.464,32.502],[70.459,32.496],[70.452,32.484],[70.442,32.462],[70.438,32.446],[70.433,32.435],[70.427,32.425],[70.405,32.404],[70.372,32.38],[70.367,32.376],[70.347,32.347],[70.342,32.342],[70.316,32.322],[70.294,32.31],[70.284,32.305],[70.28,32.304],[70.275,32.304],[70.27,32.304],[70.265,32.304],[70.253,32.308],[70.249,32.308],[70.218,32.306],[70.215,32.305],[70.211,32.304],[70.205,32.301],[70.2,32.297],[70.194,32.292],[70.183,32.271],[70.171,32.255],[70.164,32.248],[70.159,32.244],[70.12,32.222],[70.097,32.205],[70.086,32.196],[70.074,32.181],[70.071,32.174],[70.068,32.159],[70.068,32.155],[70.068,32.153],[70.072,32.148],[70.099,32.112],[70.115,32.077],[70.123,32.041],[70.134,32.023],[70.173,31.994],[70.211,31.886],[70.213,31.876],[70.215,31.848],[70.214,31.841],[70.211,31.825],[70.208,31.813],[70.208,31.81],[70.218,31.752],[70.22,31.746],[70.236,31.724],[70.401,31.247],[70.409,31.203],[70.404,31.192],[70.399,31.191],[70.355,31.188],[70.349,31.187],[70.34,31.185],[70.317,31.175],[70.3,31.171],[70.264,31.155],[70.259,31.15],[70.257,31.145],[70.256,31.14],[70.259,31.124],[70.266,31.104],[70.267,31.096],[70.266,31.089],[70.265,31.084],[70.256,31.069],[70.251,31.066],[70.246,31.066],[70.243,31.068],[70.239,31.073],[70.231,31.106],[70.229,31.13],[70.231,31.17],[70.246,31.255],[70.243,31.322],[70.245,31.332],[70.258,31.375],[70.258,31.386],[70.258,31.392],[70.255,31.398],[70.252,31.403],[70.241,31.417],[70.238,31.426],[70.235,31.44],[70.236,31.454],[70.236,31.465],[70.233,31.475],[70.229,31.481],[70.225,31.485],[70.222,31.486],[70.22,31.486],[70.217,31.483],[70.214,31.479],[70.208,31.473],[70.197,31.457],[70.193,31.454],[70.189,31.453],[70.184,31.453],[70.18,31.452],[70.176,31.449],[70.17,31.442],[70.165,31.432],[70.158,31.423],[70.153,31.419],[70.148,31.417],[70.144,31.415],[70.14,31.414],[70.123,31.417],[70.116,31.417],[70.112,31.415],[70.109,31.413],[70.106,31.41],[70.103,31.407],[70.099,31.407],[70.093,31.409],[70.085,31.416],[70.079,31.417],[70.075,31.417],[70.073,31.414],[70.072,31.411],[70.07,31.405],[70.065,31.395],[70.063,31.385],[70.062,31.382],[70.052,31.374],[70.048,31.369],[70.045,31.363],[70.043,31.352],[70.042,31.344],[70.043,31.327],[70.042,31.323],[70.04,31.321],[70.037,31.321],[70.029,31.325],[70.025,31.33],[70.023,31.336],[70.022,31.347],[70.004,31.454],[69.99,31.478],[69.979,31.483],[69.973,31.483],[69.963,31.485],[69.93,31.497],[69.922,31.501],[69.918,31.505],[69.915,31.515],[69.914,31.521],[69.914,31.528],[69.916,31.539],[69.924,31.561],[69.927,31.574],[69.93,31.637],[69.934,31.66],[69.93,31.728],[69.931,31.742],[69.93,31.798],[69.932,31.82],[69.939,31.838],[69.945,31.89],[69.944,31.895],[69.94,31.899],[69.936,31.9],[69.932,31.899],[69.928,31.897],[69.925,31.894],[69.912,31.873],[69.902,31.862],[69.897,31.858],[69.893,31.855],[69.887,31.852],[69.881,31.85],[69.877,31.849],[69.873,31.849],[69.869,31.851],[69.863,31.853],[69.857,31.857],[69.851,31.863],[69.844,31.871],[69.841,31.878],[69.84,31.883],[69.839,31.888],[69.84,31.893],[69.842,31.898],[69.862,31.928],[69.866,31.935],[69.868,31.945],[69.867,31.95],[69.864,31.954],[69.86,31.957],[69.841,31.966],[69.828,31.974],[69.817,31.983],[69.808,31.993],[69.806,32],[69.807,32.007],[69.814,32.019],[69.823,32.04],[69.825,32.053],[69.822,32.058],[69.793,32.061],[69.717,32.047],[69.708,32.047],[69.662,32.031],[69.646,32.02],[69.62,31.988],[69.604,31.973],[69.587,31.959],[69.57,31.949],[69.536,31.941],[69.518,31.944],[69.369,31.934],[69.349,31.93],[69.335,31.93],[69.328,31.94],[69.301,31.941],[69.305,31.947],[69.302,31.96],[69.271,32.036],[69.251,32.131],[69.252,32.152],[69.26,32.195],[69.26,32.237],[69.267,32.28],[69.268,32.301],[69.264,32.322],[69.239,32.378],[69.228,32.421],[69.233,32.463],[69.252,32.501],[69.282,32.533],[69.302,32.544],[69.344,32.556],[69.361,32.568],[69.414,32.635],[69.426,32.655],[69.429,32.667],[69.419,32.7],[69.417,32.718],[69.415,32.726],[69.408,32.73],[69.399,32.733],[69.39,32.738],[69.383,32.744],[69.378,32.752],[69.376,32.772],[69.387,32.785],[69.421,32.807],[69.446,32.836],[69.471,32.852],[69.477,32.857],[69.487,32.886],[69.469,32.994],[69.478,33.011],[69.488,33.028],[69.514,33.057],[69.548,33.075],[69.588,33.08],[69.608,33.079],[69.641,33.084],[69.65,33.082],[69.659,33.078],[69.668,33.077],[69.686,33.081],[69.733,33.109],[69.772,33.115],[69.839,33.087],[69.881,33.089],[69.956,33.128],[69.966,33.129],[69.995,33.127],[70.007,33.132],[70.015,33.141],[70.048,33.194],[70.06,33.198],[70.084,33.191],[70.105,33.19],[70.125,33.199],[70.294,33.319],[70.302,33.352],[70.286,33.383],[70.233,33.433],[70.228,33.44],[70.22,33.456],[70.213,33.461],[70.185,33.469],[70.178,33.473],[70.164,33.489],[70.155,33.507],[70.151,33.526],[70.153,33.545],[70.173,33.608],[70.174,33.632],[70.17,33.639],[70.163,33.643],[70.146,33.65],[70.137,33.656],[70.133,33.661],[70.127,33.677],[70.118,33.717],[70.108,33.727],[70.066,33.721],[70.012,33.74],[69.996,33.742],[69.973,33.745],[69.958,33.753],[69.947,33.772],[69.94,33.791],[69.931,33.806],[69.908,33.836],[69.899,33.852],[69.885,33.889],[69.876,33.903],[69.847,33.927],[69.841,33.942],[69.854,33.956],[69.872,33.972],[69.874,33.986],[69.87,34.001],[69.873,34.017],[69.889,34.031],[69.905,34.036],[69.916,34.039],[69.969,34.046],[70.003,34.044],[70.219,33.981],[70.276,33.976],[70.31,33.962],[70.328,33.957],[70.409,33.954],[70.491,33.94],[70.522,33.939],[70.656,33.955],[70.791,33.954],[70.862,33.965],[70.88,33.994],[70.884,34.007],[70.894,34.009],[70.921,34.002],[70.94,34.001],[70.954,34.005],[70.966,34.014],[70.977,34.027],[70.998,34.033],[71.047,34.042],[71.063,34.054],[71.067,34.073],[71.064,34.089],[71.063,34.105],[71.074,34.125],[71.102,34.152],[71.108,34.165],[71.109,34.189],[71.107,34.209],[71.097,34.244],[71.097,34.262],[71.126,34.332],[71.122,34.357],[71.051,34.39],[71.02,34.414],[70.992,34.443],[70.971,34.469],[70.961,34.488],[70.956,34.51],[70.957,34.532],[70.969,34.55],[70.983,34.555],[70.986,34.556],[71.007,34.556],[71.048,34.551]]]}}]}
