{"type":"FeatureCollection","features":[{"type":"Feature","id":"RS-00","properties":{"id":"RS-00","countryCode":"RS","isoSubdivision":"RS-00","name":"Belgrade","name_en":"Belgrade","name_ko":"베오그라드","type":"City","labelLongitude":20.4,"labelLatitude":44.641,"minZoom":9},"geometry":{"type":"Polygon","coordinates":[[[19.973,44.641],[20.007,44.662],[20.027,44.679],[20.045,44.69],[20.094,44.708],[20.098,44.72],[20.101,44.723],[20.103,44.729],[20.104,44.73],[20.103,44.732],[20.103,44.734],[20.097,44.739],[20.097,44.74],[20.098,44.742],[20.099,44.743],[20.105,44.745],[20.106,44.746],[20.108,44.748],[20.109,44.75],[20.11,44.755],[20.11,44.757],[20.11,44.758],[20.108,44.76],[20.107,44.761],[20.099,44.763],[20.092,44.765],[20.088,44.766],[20.084,44.769],[20.083,44.77],[20.082,44.772],[20.081,44.775],[20.081,44.777],[20.081,44.78],[20.082,44.783],[20.083,44.785],[20.085,44.788],[20.087,44.789],[20.089,44.79],[20.091,44.79],[20.094,44.79],[20.098,44.79],[20.101,44.79],[20.108,44.791],[20.115,44.793],[20.118,44.795],[20.122,44.797],[20.123,44.799],[20.124,44.8],[20.124,44.803],[20.125,44.814],[20.126,44.816],[20.126,44.819],[20.128,44.821],[20.132,44.825],[20.133,44.828],[20.134,44.83],[20.135,44.837],[20.136,44.844],[20.147,44.86],[20.15,44.865],[20.153,44.875],[20.154,44.878],[20.154,44.883],[20.154,44.885],[20.155,44.886],[20.157,44.888],[20.161,44.891],[20.164,44.892],[20.166,44.893],[20.168,44.893],[20.171,44.893],[20.179,44.892],[20.187,44.892],[20.195,44.892],[20.198,44.892],[20.201,44.893],[20.203,44.894],[20.216,44.901],[20.223,44.906],[20.23,44.909],[20.236,44.913],[20.239,44.914],[20.243,44.915],[20.246,44.915],[20.259,44.915],[20.281,44.919],[20.325,44.929],[20.319,44.934],[20.303,44.955],[20.291,44.977],[20.298,44.977],[20.304,44.994],[20.333,45.011],[20.357,45.034],[20.346,45.073],[20.339,45.08],[20.352,45.082],[20.36,45.082],[20.363,45.081],[20.368,45.08],[20.373,45.078],[20.376,45.076],[20.385,45.071],[20.394,45.067],[20.395,45.065],[20.396,45.063],[20.396,45.061],[20.395,45.059],[20.393,45.055],[20.392,45.053],[20.392,45.05],[20.392,45.048],[20.397,45.04],[20.397,45.037],[20.399,45.031],[20.399,45.029],[20.401,45.026],[20.404,45.022],[20.408,45.019],[20.411,45.018],[20.424,45.01],[20.431,45.007],[20.44,45.002],[20.443,45],[20.444,44.998],[20.445,44.996],[20.447,44.992],[20.448,44.99],[20.45,44.987],[20.452,44.985],[20.458,44.981],[20.467,44.975],[20.473,44.972],[20.476,44.971],[20.478,44.97],[20.481,44.97],[20.491,44.969],[20.492,44.969],[20.494,44.968],[20.496,44.966],[20.497,44.965],[20.498,44.963],[20.499,44.961],[20.499,44.958],[20.498,44.953],[20.498,44.951],[20.499,44.948],[20.5,44.946],[20.505,44.941],[20.507,44.939],[20.513,44.934],[20.521,44.928],[20.527,44.925],[20.532,44.924],[20.544,44.92],[20.554,44.916],[20.559,44.914],[20.568,44.912],[20.57,44.912],[20.573,44.91],[20.579,44.907],[20.587,44.901],[20.593,44.895],[20.598,44.891],[20.6,44.889],[20.602,44.886],[20.602,44.884],[20.602,44.882],[20.602,44.88],[20.6,44.878],[20.597,44.874],[20.595,44.858],[20.624,44.855],[20.636,44.849],[20.639,44.837],[20.628,44.789],[20.628,44.777],[20.633,44.765],[20.645,44.756],[20.672,44.744],[20.685,44.734],[20.72,44.696],[20.742,44.679],[20.764,44.668],[20.795,44.665],[20.778,44.633],[20.775,44.63],[20.773,44.628],[20.771,44.625],[20.771,44.621],[20.771,44.619],[20.771,44.616],[20.772,44.614],[20.774,44.612],[20.781,44.607],[20.784,44.604],[20.785,44.6],[20.786,44.597],[20.785,44.595],[20.784,44.593],[20.782,44.592],[20.781,44.59],[20.781,44.589],[20.782,44.588],[20.783,44.586],[20.786,44.584],[20.788,44.583],[20.795,44.581],[20.798,44.579],[20.799,44.578],[20.8,44.577],[20.802,44.575],[20.806,44.568],[20.807,44.565],[20.806,44.563],[20.805,44.561],[20.803,44.56],[20.801,44.559],[20.798,44.559],[20.789,44.557],[20.786,44.557],[20.784,44.556],[20.776,44.553],[20.765,44.55],[20.762,44.549],[20.759,44.547],[20.753,44.542],[20.751,44.541],[20.741,44.536],[20.737,44.533],[20.75,44.523],[20.757,44.516],[20.758,44.513],[20.759,44.512],[20.759,44.504],[20.759,44.502],[20.762,44.497],[20.764,44.496],[20.766,44.495],[20.771,44.494],[20.779,44.492],[20.788,44.488],[20.804,44.474],[20.817,44.467],[20.819,44.466],[20.821,44.464],[20.825,44.459],[20.827,44.455],[20.831,44.449],[20.836,44.443],[20.838,44.442],[20.838,44.44],[20.839,44.438],[20.839,44.435],[20.839,44.433],[20.838,44.431],[20.836,44.429],[20.824,44.419],[20.822,44.417],[20.819,44.416],[20.817,44.415],[20.815,44.415],[20.812,44.416],[20.793,44.422],[20.791,44.423],[20.787,44.423],[20.784,44.424],[20.78,44.423],[20.776,44.423],[20.77,44.421],[20.76,44.418],[20.758,44.418],[20.757,44.416],[20.756,44.414],[20.755,44.411],[20.754,44.403],[20.753,44.401],[20.751,44.399],[20.749,44.397],[20.74,44.392],[20.735,44.388],[20.733,44.386],[20.731,44.384],[20.731,44.382],[20.731,44.379],[20.732,44.376],[20.734,44.374],[20.737,44.37],[20.742,44.364],[20.752,44.355],[20.755,44.352],[20.758,44.351],[20.76,44.351],[20.762,44.351],[20.765,44.351],[20.773,44.353],[20.776,44.353],[20.779,44.353],[20.781,44.353],[20.783,44.352],[20.786,44.351],[20.787,44.349],[20.788,44.347],[20.788,44.346],[20.787,44.345],[20.785,44.343],[20.779,44.34],[20.771,44.334],[20.768,44.331],[20.767,44.33],[20.766,44.327],[20.766,44.324],[20.766,44.322],[20.767,44.319],[20.769,44.315],[20.771,44.312],[20.772,44.308],[20.772,44.305],[20.772,44.298],[20.757,44.305],[20.75,44.31],[20.749,44.311],[20.747,44.312],[20.743,44.317],[20.739,44.32],[20.736,44.321],[20.731,44.323],[20.728,44.323],[20.718,44.324],[20.713,44.325],[20.71,44.325],[20.707,44.327],[20.698,44.332],[20.694,44.334],[20.691,44.335],[20.688,44.335],[20.685,44.335],[20.678,44.333],[20.664,44.328],[20.65,44.322],[20.641,44.33],[20.636,44.334],[20.634,44.335],[20.627,44.337],[20.625,44.338],[20.623,44.34],[20.622,44.341],[20.622,44.343],[20.622,44.348],[20.62,44.356],[20.62,44.364],[20.619,44.367],[20.618,44.369],[20.616,44.371],[20.615,44.372],[20.611,44.373],[20.609,44.373],[20.607,44.374],[20.604,44.373],[20.6,44.373],[20.596,44.371],[20.589,44.368],[20.573,44.364],[20.565,44.361],[20.553,44.359],[20.546,44.356],[20.543,44.356],[20.54,44.355],[20.539,44.356],[20.537,44.357],[20.535,44.357],[20.534,44.359],[20.533,44.36],[20.532,44.363],[20.532,44.366],[20.532,44.372],[20.533,44.375],[20.536,44.383],[20.538,44.386],[20.522,44.391],[20.509,44.397],[20.506,44.398],[20.501,44.398],[20.498,44.398],[20.488,44.398],[20.486,44.398],[20.484,44.399],[20.477,44.404],[20.469,44.408],[20.466,44.409],[20.456,44.416],[20.454,44.417],[20.451,44.418],[20.448,44.418],[20.442,44.419],[20.433,44.413],[20.427,44.408],[20.424,44.407],[20.422,44.406],[20.42,44.405],[20.414,44.404],[20.411,44.403],[20.41,44.403],[20.407,44.401],[20.403,44.397],[20.399,44.393],[20.397,44.391],[20.397,44.389],[20.397,44.388],[20.397,44.386],[20.398,44.383],[20.4,44.382],[20.405,44.378],[20.413,44.373],[20.416,44.371],[20.42,44.37],[20.422,44.368],[20.427,44.364],[20.431,44.36],[20.433,44.358],[20.433,44.357],[20.433,44.356],[20.433,44.355],[20.431,44.353],[20.423,44.348],[20.42,44.345],[20.418,44.344],[20.412,44.336],[20.409,44.333],[20.404,44.329],[20.402,44.327],[20.4,44.325],[20.4,44.324],[20.4,44.32],[20.401,44.313],[20.401,44.31],[20.4,44.308],[20.399,44.306],[20.397,44.304],[20.392,44.3],[20.389,44.296],[20.389,44.294],[20.384,44.293],[20.378,44.291],[20.374,44.29],[20.371,44.29],[20.363,44.291],[20.36,44.291],[20.358,44.29],[20.356,44.289],[20.353,44.287],[20.351,44.284],[20.349,44.282],[20.347,44.278],[20.345,44.273],[20.344,44.271],[20.343,44.27],[20.342,44.269],[20.333,44.263],[20.332,44.262],[20.329,44.258],[20.327,44.257],[20.324,44.255],[20.318,44.252],[20.313,44.251],[20.309,44.25],[20.307,44.251],[20.305,44.251],[20.298,44.255],[20.294,44.256],[20.292,44.257],[20.29,44.257],[20.288,44.256],[20.286,44.255],[20.285,44.253],[20.284,44.251],[20.285,44.246],[20.285,44.244],[20.284,44.242],[20.282,44.241],[20.281,44.241],[20.279,44.24],[20.275,44.241],[20.269,44.242],[20.265,44.243],[20.262,44.245],[20.259,44.247],[20.257,44.249],[20.251,44.258],[20.249,44.261],[20.246,44.263],[20.241,44.267],[20.227,44.276],[20.22,44.28],[20.216,44.282],[20.213,44.284],[20.21,44.287],[20.206,44.292],[20.199,44.301],[20.192,44.308],[20.188,44.316],[20.187,44.318],[20.187,44.32],[20.188,44.323],[20.19,44.326],[20.191,44.328],[20.194,44.33],[20.201,44.336],[20.202,44.338],[20.203,44.34],[20.203,44.343],[20.202,44.345],[20.201,44.346],[20.199,44.348],[20.194,44.352],[20.192,44.354],[20.191,44.355],[20.191,44.357],[20.191,44.359],[20.191,44.361],[20.192,44.362],[20.194,44.364],[20.197,44.366],[20.199,44.367],[20.2,44.369],[20.199,44.374],[20.2,44.375],[20.201,44.377],[20.204,44.379],[20.211,44.383],[20.213,44.384],[20.215,44.386],[20.217,44.388],[20.219,44.393],[20.222,44.4],[20.226,44.408],[20.226,44.41],[20.227,44.413],[20.227,44.418],[20.226,44.423],[20.225,44.426],[20.222,44.43],[20.221,44.432],[20.22,44.434],[20.221,44.438],[20.225,44.446],[20.226,44.448],[20.226,44.449],[20.226,44.451],[20.224,44.459],[20.221,44.468],[20.218,44.479],[20.214,44.482],[20.211,44.484],[20.208,44.486],[20.201,44.49],[20.199,44.491],[20.198,44.492],[20.197,44.494],[20.196,44.496],[20.2,44.507],[20.2,44.508],[20.2,44.51],[20.198,44.513],[20.194,44.517],[20.192,44.52],[20.192,44.522],[20.19,44.528],[20.19,44.533],[20.19,44.535],[20.189,44.536],[20.187,44.54],[20.186,44.541],[20.185,44.542],[20.182,44.543],[20.181,44.543],[20.179,44.543],[20.177,44.542],[20.175,44.541],[20.173,44.538],[20.17,44.535],[20.169,44.528],[20.168,44.525],[20.165,44.522],[20.161,44.519],[20.158,44.516],[20.156,44.513],[20.154,44.509],[20.152,44.506],[20.148,44.503],[20.144,44.502],[20.13,44.496],[20.128,44.495],[20.125,44.496],[20.123,44.497],[20.122,44.499],[20.115,44.507],[20.11,44.513],[20.109,44.514],[20.106,44.52],[20.104,44.522],[20.101,44.524],[20.099,44.525],[20.095,44.526],[20.09,44.526],[20.082,44.526],[20.078,44.526],[20.074,44.525],[20.07,44.523],[20.067,44.521],[20.065,44.519],[20.061,44.513],[20.059,44.512],[20.057,44.51],[20.053,44.509],[20.047,44.508],[20.045,44.507],[20.043,44.507],[20.041,44.508],[20.035,44.51],[20.024,44.513],[20.022,44.514],[20.016,44.517],[20.014,44.517],[20.012,44.518],[20.008,44.518],[20,44.519],[19.996,44.52],[19.994,44.521],[19.99,44.522],[19.988,44.523],[19.986,44.525],[19.984,44.528],[19.982,44.53],[19.976,44.533],[19.974,44.535],[19.972,44.536],[19.97,44.54],[19.967,44.543],[19.966,44.547],[19.966,44.549],[19.967,44.555],[19.968,44.558],[19.97,44.559],[19.971,44.56],[19.971,44.561],[19.971,44.565],[19.971,44.576],[19.97,44.581],[19.969,44.583],[19.968,44.585],[19.963,44.589],[19.962,44.591],[19.961,44.593],[19.961,44.594],[19.962,44.596],[19.968,44.603],[19.969,44.604],[19.969,44.605],[19.967,44.61],[19.973,44.641]]]}},{"type":"Feature","id":"RS-01","properties":{"id":"RS-01","countryCode":"RS","isoSubdivision":"RS-01","name":"North Bačka","name_en":"North Bačka","name_ko":"북바치카구","type":"District","labelLongitude":19.58,"labelLatitude":45.933,"minZoom":9},"geometry":{"type":"Polygon","coordinates":[[[19.712,46.159],[19.773,46.132],[19.79,46.129],[19.874,46.153],[19.875,46.152],[19.877,46.151],[19.879,46.148],[19.88,46.147],[19.88,46.144],[19.88,46.142],[19.878,46.137],[19.875,46.134],[19.869,46.131],[19.86,46.126],[19.857,46.124],[19.855,46.122],[19.852,46.12],[19.852,46.117],[19.851,46.115],[19.852,46.113],[19.855,46.103],[19.856,46.101],[19.859,46.095],[19.86,46.093],[19.86,46.091],[19.858,46.086],[19.858,46.084],[19.858,46.077],[19.857,46.071],[19.856,46.069],[19.85,46.06],[19.849,46.057],[19.848,46.052],[19.846,46.049],[19.844,46.046],[19.842,46.045],[19.839,46.043],[19.831,46.04],[19.828,46.038],[19.825,46.036],[19.821,46.032],[19.818,46.029],[19.816,46.025],[19.814,46.023],[19.809,46.018],[19.808,46.016],[19.808,46.015],[19.807,46.01],[19.803,46.004],[19.802,46.002],[19.803,45.997],[19.802,45.995],[19.799,45.989],[19.799,45.987],[19.801,45.976],[19.803,45.97],[19.804,45.965],[19.804,45.963],[19.803,45.96],[19.8,45.951],[19.8,45.948],[19.8,45.942],[19.802,45.939],[19.804,45.936],[19.806,45.929],[19.808,45.926],[19.808,45.923],[19.807,45.921],[19.807,45.92],[19.806,45.92],[19.803,45.919],[19.798,45.917],[19.795,45.916],[19.789,45.912],[19.785,45.91],[19.778,45.907],[19.772,45.905],[19.765,45.902],[19.786,45.881],[19.792,45.873],[19.794,45.871],[19.796,45.865],[19.797,45.862],[19.799,45.86],[19.806,45.854],[19.807,45.852],[19.807,45.85],[19.806,45.842],[19.807,45.837],[19.807,45.835],[19.808,45.833],[19.81,45.831],[19.811,45.829],[19.813,45.828],[19.815,45.827],[19.818,45.827],[19.824,45.827],[19.835,45.828],[19.845,45.808],[19.849,45.803],[19.855,45.798],[19.856,45.797],[19.857,45.795],[19.857,45.793],[19.856,45.787],[19.856,45.785],[19.856,45.783],[19.86,45.776],[19.861,45.772],[19.859,45.772],[19.856,45.77],[19.846,45.763],[19.843,45.762],[19.832,45.76],[19.824,45.757],[19.82,45.757],[19.813,45.756],[19.798,45.756],[19.794,45.756],[19.79,45.755],[19.782,45.753],[19.773,45.751],[19.767,45.749],[19.75,45.741],[19.755,45.733],[19.759,45.727],[19.759,45.724],[19.759,45.721],[19.759,45.718],[19.755,45.713],[19.752,45.708],[19.751,45.707],[19.751,45.705],[19.752,45.703],[19.754,45.702],[19.757,45.7],[19.756,45.694],[19.755,45.691],[19.753,45.688],[19.747,45.683],[19.744,45.678],[19.74,45.673],[19.737,45.666],[19.737,45.663],[19.736,45.66],[19.737,45.655],[19.738,45.649],[19.739,45.646],[19.739,45.644],[19.739,45.641],[19.739,45.639],[19.738,45.638],[19.737,45.636],[19.735,45.635],[19.732,45.633],[19.725,45.63],[19.718,45.628],[19.715,45.627],[19.71,45.624],[19.707,45.623],[19.705,45.622],[19.699,45.621],[19.684,45.619],[19.676,45.623],[19.662,45.631],[19.658,45.632],[19.654,45.634],[19.651,45.635],[19.644,45.636],[19.634,45.638],[19.63,45.64],[19.626,45.642],[19.623,45.643],[19.614,45.649],[19.608,45.651],[19.6,45.655],[19.587,45.66],[19.599,45.666],[19.608,45.67],[19.611,45.671],[19.612,45.674],[19.612,45.676],[19.611,45.678],[19.611,45.68],[19.605,45.686],[19.602,45.691],[19.599,45.694],[19.595,45.696],[19.591,45.698],[19.579,45.7],[19.574,45.702],[19.563,45.708],[19.56,45.71],[19.558,45.712],[19.557,45.714],[19.556,45.717],[19.555,45.719],[19.556,45.721],[19.557,45.723],[19.559,45.725],[19.562,45.727],[19.574,45.736],[19.578,45.741],[19.574,45.742],[19.567,45.745],[19.558,45.748],[19.553,45.75],[19.542,45.759],[19.537,45.762],[19.534,45.764],[19.531,45.764],[19.529,45.765],[19.526,45.765],[19.523,45.765],[19.52,45.764],[19.518,45.764],[19.515,45.762],[19.512,45.761],[19.508,45.757],[19.502,45.752],[19.5,45.75],[19.496,45.747],[19.493,45.746],[19.491,45.745],[19.489,45.745],[19.487,45.746],[19.483,45.747],[19.481,45.748],[19.475,45.751],[19.465,45.756],[19.457,45.761],[19.442,45.768],[19.44,45.769],[19.438,45.771],[19.438,45.773],[19.438,45.778],[19.437,45.78],[19.436,45.782],[19.434,45.784],[19.429,45.788],[19.428,45.789],[19.428,45.791],[19.428,45.793],[19.431,45.8],[19.431,45.802],[19.43,45.804],[19.428,45.807],[19.421,45.813],[19.419,45.815],[19.419,45.816],[19.409,45.823],[19.406,45.825],[19.399,45.831],[19.395,45.834],[19.39,45.837],[19.378,45.841],[19.375,45.844],[19.366,45.851],[19.359,45.857],[19.355,45.861],[19.353,45.863],[19.351,45.865],[19.35,45.868],[19.35,45.87],[19.351,45.875],[19.351,45.877],[19.351,45.879],[19.349,45.884],[19.348,45.886],[19.349,45.893],[19.349,45.903],[19.348,45.909],[19.346,45.913],[19.343,45.92],[19.339,45.926],[19.334,45.932],[19.332,45.935],[19.331,45.937],[19.331,45.939],[19.331,45.941],[19.332,45.944],[19.333,45.947],[19.335,45.949],[19.338,45.951],[19.342,45.953],[19.344,45.955],[19.345,45.957],[19.346,45.958],[19.346,45.96],[19.347,45.961],[19.346,45.962],[19.339,45.976],[19.339,45.978],[19.339,45.98],[19.341,45.987],[19.341,45.988],[19.341,45.989],[19.34,45.991],[19.338,45.991],[19.336,45.992],[19.328,45.992],[19.327,45.993],[19.325,45.994],[19.318,46.002],[19.316,46.005],[19.314,46.01],[19.312,46.012],[19.31,46.014],[19.303,46.018],[19.301,46.02],[19.298,46.022],[19.307,46.027],[19.325,46.029],[19.362,46.03],[19.379,46.034],[19.389,46.042],[19.397,46.052],[19.405,46.06],[19.417,46.064],[19.428,46.066],[19.437,46.068],[19.454,46.078],[19.461,46.084],[19.466,46.092],[19.473,46.099],[19.499,46.109],[19.497,46.117],[19.489,46.126],[19.488,46.134],[19.502,46.146],[19.525,46.156],[19.55,46.164],[19.568,46.166],[19.59,46.166],[19.648,46.174],[19.669,46.173],[19.69,46.168],[19.712,46.159]]]}},{"type":"Feature","id":"RS-02","properties":{"id":"RS-02","countryCode":"RS","isoSubdivision":"RS-02","name":"Central Banat","name_en":"Central Banat","name_ko":"중앙바나트구","type":"District","labelLongitude":20.54,"labelLatitude":45.442,"minZoom":9},"geometry":{"type":"Polygon","coordinates":[[[20.643,45.795],[20.646,45.789],[20.656,45.777],[20.679,45.757],[20.688,45.743],[20.7,45.735],[20.713,45.733],[20.727,45.736],[20.739,45.743],[20.745,45.755],[20.754,45.764],[20.765,45.767],[20.777,45.762],[20.786,45.753],[20.786,45.743],[20.782,45.734],[20.779,45.724],[20.78,45.672],[20.777,45.658],[20.773,45.649],[20.762,45.631],[20.754,45.606],[20.758,45.589],[20.787,45.554],[20.8,45.531],[20.798,45.516],[20.783,45.506],[20.761,45.493],[20.767,45.479],[20.782,45.473],[20.799,45.469],[20.816,45.463],[20.83,45.453],[20.863,45.419],[20.928,45.377],[20.966,45.342],[20.981,45.333],[21.017,45.321],[21.016,45.321],[21.014,45.313],[21.008,45.307],[21.007,45.306],[20.986,45.303],[20.983,45.303],[20.975,45.305],[20.971,45.306],[20.967,45.306],[20.959,45.306],[20.955,45.306],[20.944,45.303],[20.941,45.302],[20.937,45.302],[20.922,45.302],[20.918,45.301],[20.915,45.301],[20.908,45.299],[20.903,45.297],[20.882,45.286],[20.869,45.279],[20.858,45.272],[20.848,45.268],[20.846,45.267],[20.839,45.264],[20.822,45.26],[20.819,45.259],[20.817,45.258],[20.816,45.257],[20.816,45.255],[20.817,45.254],[20.818,45.253],[20.83,45.246],[20.843,45.239],[20.828,45.233],[20.824,45.231],[20.812,45.222],[20.809,45.22],[20.806,45.216],[20.805,45.215],[20.8,45.212],[20.797,45.21],[20.782,45.207],[20.774,45.205],[20.772,45.204],[20.77,45.202],[20.766,45.197],[20.765,45.196],[20.763,45.195],[20.759,45.193],[20.757,45.192],[20.75,45.191],[20.748,45.191],[20.747,45.19],[20.744,45.189],[20.739,45.186],[20.738,45.184],[20.737,45.183],[20.736,45.182],[20.736,45.177],[20.736,45.175],[20.733,45.169],[20.73,45.16],[20.729,45.158],[20.728,45.157],[20.726,45.156],[20.722,45.154],[20.721,45.153],[20.719,45.153],[20.717,45.153],[20.714,45.154],[20.713,45.155],[20.706,45.161],[20.695,45.171],[20.691,45.177],[20.689,45.179],[20.686,45.181],[20.683,45.182],[20.681,45.182],[20.662,45.191],[20.659,45.192],[20.653,45.197],[20.647,45.2],[20.639,45.204],[20.625,45.208],[20.618,45.21],[20.614,45.211],[20.602,45.212],[20.599,45.212],[20.595,45.213],[20.581,45.218],[20.578,45.219],[20.576,45.219],[20.573,45.219],[20.568,45.218],[20.564,45.217],[20.56,45.215],[20.559,45.214],[20.557,45.212],[20.554,45.204],[20.552,45.197],[20.551,45.195],[20.547,45.192],[20.545,45.19],[20.543,45.189],[20.54,45.188],[20.537,45.188],[20.532,45.19],[20.524,45.195],[20.521,45.196],[20.519,45.196],[20.517,45.196],[20.513,45.194],[20.51,45.192],[20.508,45.192],[20.505,45.191],[20.503,45.191],[20.5,45.191],[20.498,45.192],[20.496,45.193],[20.495,45.194],[20.494,45.195],[20.493,45.2],[20.493,45.201],[20.492,45.203],[20.49,45.204],[20.488,45.204],[20.486,45.204],[20.484,45.203],[20.482,45.201],[20.481,45.2],[20.479,45.198],[20.477,45.191],[20.475,45.189],[20.466,45.179],[20.463,45.175],[20.459,45.17],[20.457,45.166],[20.455,45.163],[20.446,45.155],[20.444,45.153],[20.443,45.151],[20.443,45.15],[20.444,45.148],[20.449,45.142],[20.454,45.138],[20.456,45.136],[20.456,45.134],[20.455,45.132],[20.454,45.13],[20.452,45.128],[20.449,45.127],[20.447,45.126],[20.44,45.124],[20.438,45.123],[20.436,45.122],[20.432,45.118],[20.43,45.116],[20.43,45.114],[20.431,45.112],[20.434,45.109],[20.435,45.107],[20.435,45.105],[20.434,45.103],[20.433,45.101],[20.432,45.099],[20.423,45.089],[20.42,45.088],[20.414,45.085],[20.409,45.08],[20.401,45.075],[20.395,45.065],[20.394,45.067],[20.385,45.071],[20.376,45.076],[20.373,45.078],[20.368,45.08],[20.363,45.081],[20.36,45.082],[20.352,45.082],[20.339,45.08],[20.289,45.132],[20.278,45.141],[20.281,45.154],[20.284,45.17],[20.289,45.184],[20.317,45.196],[20.319,45.209],[20.312,45.234],[20.301,45.259],[20.252,45.287],[20.236,45.306],[20.242,45.315],[20.247,45.325],[20.254,45.334],[20.264,45.341],[20.248,45.356],[20.214,45.38],[20.202,45.395],[20.23,45.443],[20.206,45.466],[20.113,45.527],[20.103,45.538],[20.099,45.549],[20.103,45.564],[20.113,45.574],[20.122,45.582],[20.126,45.587],[20.122,45.598],[20.111,45.602],[20.082,45.601],[20.063,45.603],[20.064,45.61],[20.086,45.628],[20.102,45.653],[20.105,45.675],[20.1,45.695],[20.092,45.717],[20.103,45.722],[20.114,45.724],[20.135,45.728],[20.147,45.732],[20.162,45.743],[20.162,45.749],[20.154,45.755],[20.147,45.765],[20.145,45.78],[20.157,45.787],[20.159,45.788],[20.165,45.792],[20.173,45.79],[20.177,45.789],[20.181,45.788],[20.203,45.787],[20.215,45.786],[20.223,45.785],[20.231,45.785],[20.247,45.785],[20.255,45.785],[20.267,45.787],[20.279,45.788],[20.287,45.789],[20.3,45.791],[20.303,45.791],[20.305,45.79],[20.313,45.789],[20.316,45.788],[20.322,45.786],[20.324,45.785],[20.326,45.785],[20.329,45.786],[20.335,45.788],[20.341,45.79],[20.345,45.79],[20.346,45.79],[20.348,45.79],[20.35,45.788],[20.351,45.787],[20.351,45.784],[20.352,45.778],[20.353,45.775],[20.357,45.767],[20.36,45.758],[20.363,45.753],[20.367,45.748],[20.371,45.741],[20.372,45.739],[20.378,45.733],[20.381,45.729],[20.382,45.727],[20.384,45.721],[20.385,45.718],[20.387,45.717],[20.39,45.716],[20.391,45.716],[20.398,45.715],[20.401,45.715],[20.406,45.714],[20.408,45.713],[20.412,45.711],[20.417,45.707],[20.422,45.704],[20.424,45.702],[20.424,45.701],[20.424,45.7],[20.422,45.698],[20.415,45.694],[20.411,45.69],[20.409,45.688],[20.409,45.686],[20.409,45.681],[20.408,45.679],[20.407,45.677],[20.404,45.676],[20.402,45.675],[20.4,45.675],[20.397,45.675],[20.394,45.675],[20.389,45.676],[20.387,45.676],[20.384,45.676],[20.382,45.675],[20.377,45.671],[20.375,45.67],[20.371,45.668],[20.366,45.664],[20.363,45.662],[20.355,45.66],[20.35,45.659],[20.349,45.66],[20.345,45.662],[20.344,45.665],[20.344,45.668],[20.346,45.671],[20.349,45.673],[20.349,45.678],[20.349,45.679],[20.348,45.68],[20.347,45.68],[20.336,45.675],[20.332,45.67],[20.331,45.662],[20.336,45.656],[20.343,45.655],[20.349,45.651],[20.353,45.647],[20.355,45.644],[20.355,45.642],[20.355,45.64],[20.354,45.639],[20.353,45.638],[20.35,45.636],[20.348,45.636],[20.346,45.635],[20.336,45.635],[20.334,45.634],[20.332,45.634],[20.33,45.632],[20.329,45.63],[20.327,45.621],[20.325,45.616],[20.324,45.614],[20.33,45.612],[20.34,45.61],[20.341,45.61],[20.343,45.609],[20.347,45.604],[20.348,45.602],[20.351,45.601],[20.36,45.599],[20.362,45.598],[20.365,45.598],[20.367,45.599],[20.372,45.6],[20.378,45.601],[20.39,45.605],[20.397,45.607],[20.407,45.608],[20.413,45.609],[20.415,45.61],[20.423,45.613],[20.428,45.614],[20.432,45.615],[20.443,45.615],[20.471,45.615],[20.478,45.614],[20.482,45.614],[20.486,45.613],[20.497,45.61],[20.5,45.61],[20.504,45.61],[20.511,45.61],[20.516,45.61],[20.529,45.613],[20.523,45.619],[20.521,45.621],[20.519,45.624],[20.517,45.628],[20.516,45.629],[20.509,45.635],[20.507,45.639],[20.504,45.645],[20.499,45.652],[20.498,45.654],[20.498,45.656],[20.498,45.657],[20.5,45.663],[20.501,45.665],[20.504,45.67],[20.506,45.676],[20.508,45.679],[20.512,45.682],[20.524,45.687],[20.529,45.689],[20.531,45.69],[20.536,45.694],[20.545,45.699],[20.551,45.704],[20.554,45.705],[20.555,45.706],[20.558,45.706],[20.561,45.706],[20.564,45.706],[20.568,45.705],[20.578,45.702],[20.582,45.7],[20.585,45.7],[20.588,45.7],[20.595,45.7],[20.603,45.701],[20.611,45.701],[20.615,45.702],[20.617,45.702],[20.619,45.703],[20.62,45.704],[20.62,45.706],[20.619,45.712],[20.619,45.718],[20.619,45.724],[20.619,45.73],[20.62,45.733],[20.623,45.743],[20.627,45.75],[20.629,45.753],[20.632,45.756],[20.642,45.762],[20.644,45.763],[20.645,45.765],[20.644,45.767],[20.644,45.769],[20.642,45.775],[20.639,45.778],[20.634,45.782],[20.632,45.784],[20.631,45.786],[20.631,45.787],[20.631,45.788],[20.633,45.789],[20.638,45.791],[20.64,45.792],[20.642,45.794],[20.643,45.795]]]}},{"type":"Feature","id":"RS-03","properties":{"id":"RS-03","countryCode":"RS","isoSubdivision":"RS-03","name":"North Banat","name_en":"North Banat","name_ko":"북바나트구","type":"District","labelLongitude":20.205,"labelLatitude":45.959,"minZoom":9},"geometry":{"type":"Polygon","coordinates":[[[19.929,46.164],[19.993,46.159],[20.035,46.143],[20.063,46.145],[20.089,46.154],[20.098,46.155],[20.115,46.152],[20.12,46.149],[20.13,46.139],[20.138,46.136],[20.145,46.137],[20.17,46.146],[20.188,46.14],[20.243,46.108],[20.306,46.054],[20.318,46.039],[20.339,45.993],[20.354,45.977],[20.371,45.968],[20.41,45.956],[20.429,45.947],[20.482,45.913],[20.5,45.907],[20.538,45.904],[20.557,45.898],[20.572,45.888],[20.605,45.846],[20.612,45.841],[20.63,45.833],[20.637,45.827],[20.64,45.819],[20.642,45.798],[20.643,45.795],[20.642,45.794],[20.64,45.792],[20.638,45.791],[20.633,45.789],[20.631,45.788],[20.631,45.787],[20.631,45.786],[20.632,45.784],[20.634,45.782],[20.639,45.778],[20.642,45.775],[20.644,45.769],[20.644,45.767],[20.645,45.765],[20.644,45.763],[20.642,45.762],[20.632,45.756],[20.629,45.753],[20.627,45.75],[20.623,45.743],[20.62,45.733],[20.619,45.73],[20.619,45.724],[20.619,45.718],[20.619,45.712],[20.62,45.706],[20.62,45.704],[20.619,45.703],[20.617,45.702],[20.615,45.702],[20.611,45.701],[20.603,45.701],[20.595,45.7],[20.588,45.7],[20.585,45.7],[20.582,45.7],[20.578,45.702],[20.568,45.705],[20.564,45.706],[20.561,45.706],[20.558,45.706],[20.555,45.706],[20.554,45.705],[20.551,45.704],[20.545,45.699],[20.536,45.694],[20.531,45.69],[20.529,45.689],[20.524,45.687],[20.512,45.682],[20.508,45.679],[20.506,45.676],[20.504,45.67],[20.501,45.665],[20.5,45.663],[20.498,45.657],[20.498,45.656],[20.498,45.654],[20.499,45.652],[20.504,45.645],[20.507,45.639],[20.509,45.635],[20.516,45.629],[20.517,45.628],[20.519,45.624],[20.521,45.621],[20.523,45.619],[20.529,45.613],[20.516,45.61],[20.511,45.61],[20.504,45.61],[20.5,45.61],[20.497,45.61],[20.486,45.613],[20.482,45.614],[20.478,45.614],[20.471,45.615],[20.443,45.615],[20.432,45.615],[20.428,45.614],[20.423,45.613],[20.415,45.61],[20.413,45.609],[20.407,45.608],[20.397,45.607],[20.39,45.605],[20.378,45.601],[20.372,45.6],[20.367,45.599],[20.365,45.598],[20.362,45.598],[20.36,45.599],[20.351,45.601],[20.348,45.602],[20.347,45.604],[20.343,45.609],[20.341,45.61],[20.34,45.61],[20.33,45.612],[20.324,45.614],[20.325,45.616],[20.327,45.621],[20.329,45.63],[20.33,45.632],[20.332,45.634],[20.334,45.634],[20.336,45.635],[20.346,45.635],[20.348,45.636],[20.35,45.636],[20.353,45.638],[20.354,45.639],[20.355,45.64],[20.355,45.642],[20.355,45.644],[20.353,45.647],[20.349,45.651],[20.343,45.655],[20.336,45.656],[20.331,45.662],[20.332,45.67],[20.336,45.675],[20.347,45.68],[20.348,45.68],[20.349,45.679],[20.349,45.678],[20.349,45.673],[20.346,45.671],[20.344,45.668],[20.344,45.665],[20.345,45.662],[20.349,45.66],[20.35,45.659],[20.355,45.66],[20.363,45.662],[20.366,45.664],[20.371,45.668],[20.375,45.67],[20.377,45.671],[20.382,45.675],[20.384,45.676],[20.387,45.676],[20.389,45.676],[20.394,45.675],[20.397,45.675],[20.4,45.675],[20.402,45.675],[20.404,45.676],[20.407,45.677],[20.408,45.679],[20.409,45.681],[20.409,45.686],[20.409,45.688],[20.411,45.69],[20.415,45.694],[20.422,45.698],[20.424,45.7],[20.424,45.701],[20.424,45.702],[20.422,45.704],[20.417,45.707],[20.412,45.711],[20.408,45.713],[20.406,45.714],[20.401,45.715],[20.398,45.715],[20.391,45.716],[20.39,45.716],[20.387,45.717],[20.385,45.718],[20.384,45.721],[20.382,45.727],[20.381,45.729],[20.378,45.733],[20.372,45.739],[20.371,45.741],[20.367,45.748],[20.363,45.753],[20.36,45.758],[20.357,45.767],[20.353,45.775],[20.352,45.778],[20.351,45.784],[20.351,45.787],[20.35,45.788],[20.348,45.79],[20.346,45.79],[20.345,45.79],[20.341,45.79],[20.335,45.788],[20.329,45.786],[20.326,45.785],[20.324,45.785],[20.322,45.786],[20.316,45.788],[20.313,45.789],[20.305,45.79],[20.303,45.791],[20.3,45.791],[20.287,45.789],[20.279,45.788],[20.267,45.787],[20.255,45.785],[20.247,45.785],[20.231,45.785],[20.223,45.785],[20.215,45.786],[20.203,45.787],[20.181,45.788],[20.177,45.789],[20.173,45.79],[20.165,45.792],[20.159,45.788],[20.157,45.787],[20.145,45.78],[20.147,45.765],[20.154,45.755],[20.162,45.749],[20.162,45.743],[20.147,45.732],[20.135,45.728],[20.114,45.724],[20.113,45.726],[20.111,45.728],[20.104,45.731],[20.099,45.735],[20.095,45.738],[20.089,45.743],[20.085,45.746],[20.083,45.748],[20.078,45.75],[20.074,45.751],[20.071,45.752],[20.06,45.754],[20.053,45.754],[20.004,45.755],[19.996,45.755],[19.992,45.756],[19.988,45.757],[19.976,45.763],[19.971,45.764],[19.962,45.766],[19.95,45.769],[19.947,45.77],[19.931,45.771],[19.927,45.771],[19.916,45.774],[19.912,45.775],[19.905,45.775],[19.893,45.775],[19.886,45.775],[19.879,45.773],[19.875,45.773],[19.861,45.772],[19.86,45.776],[19.856,45.783],[19.856,45.785],[19.856,45.787],[19.857,45.793],[19.857,45.795],[19.856,45.797],[19.855,45.798],[19.849,45.803],[19.845,45.808],[19.835,45.828],[19.824,45.827],[19.818,45.827],[19.815,45.827],[19.813,45.828],[19.811,45.829],[19.81,45.831],[19.808,45.833],[19.807,45.835],[19.807,45.837],[19.806,45.842],[19.807,45.85],[19.807,45.852],[19.806,45.854],[19.799,45.86],[19.797,45.862],[19.796,45.865],[19.794,45.871],[19.792,45.873],[19.786,45.881],[19.765,45.902],[19.772,45.905],[19.778,45.907],[19.785,45.91],[19.789,45.912],[19.795,45.916],[19.798,45.917],[19.803,45.919],[19.806,45.92],[19.807,45.92],[19.807,45.921],[19.808,45.923],[19.808,45.926],[19.806,45.929],[19.804,45.936],[19.802,45.939],[19.8,45.942],[19.8,45.948],[19.8,45.951],[19.803,45.96],[19.804,45.963],[19.804,45.965],[19.803,45.97],[19.801,45.976],[19.799,45.987],[19.799,45.989],[19.802,45.995],[19.803,45.997],[19.802,46.002],[19.803,46.004],[19.807,46.01],[19.808,46.015],[19.808,46.016],[19.809,46.018],[19.814,46.023],[19.816,46.025],[19.818,46.029],[19.821,46.032],[19.825,46.036],[19.828,46.038],[19.831,46.04],[19.839,46.043],[19.842,46.045],[19.844,46.046],[19.846,46.049],[19.848,46.052],[19.849,46.057],[19.85,46.06],[19.856,46.069],[19.857,46.071],[19.858,46.077],[19.858,46.084],[19.858,46.086],[19.86,46.091],[19.86,46.093],[19.859,46.095],[19.856,46.101],[19.855,46.103],[19.852,46.113],[19.851,46.115],[19.852,46.117],[19.852,46.12],[19.855,46.122],[19.857,46.124],[19.86,46.126],[19.869,46.131],[19.875,46.134],[19.878,46.137],[19.88,46.142],[19.88,46.144],[19.88,46.147],[19.879,46.148],[19.877,46.151],[19.875,46.152],[19.874,46.153],[19.889,46.157],[19.929,46.164]]]}},{"type":"Feature","id":"RS-04","properties":{"id":"RS-04","countryCode":"RS","isoSubdivision":"RS-04","name":"South Banat","name_en":"South Banat","name_ko":"남바나트구","type":"District","labelLongitude":20.965,"labelLatitude":45.007,"minZoom":9},"geometry":{"type":"Polygon","coordinates":[[[21.017,45.321],[21.064,45.306],[21.074,45.301],[21.083,45.294],[21.092,45.288],[21.103,45.286],[21.113,45.289],[21.129,45.302],[21.139,45.304],[21.156,45.295],[21.19,45.26],[21.206,45.246],[21.239,45.229],[21.257,45.224],[21.299,45.223],[21.406,45.2],[21.434,45.189],[21.459,45.174],[21.484,45.153],[21.493,45.145],[21.498,45.132],[21.494,45.119],[21.482,45.112],[21.469,45.111],[21.459,45.107],[21.45,45.101],[21.442,45.093],[21.444,45.091],[21.444,45.085],[21.444,45.078],[21.444,45.073],[21.441,45.069],[21.433,45.061],[21.43,45.057],[21.426,45.043],[21.425,45.036],[21.422,45.031],[21.409,45.024],[21.399,45.021],[21.373,45.02],[21.363,45.017],[21.356,45.009],[21.351,44.998],[21.353,44.99],[21.367,44.987],[21.384,44.987],[21.387,44.982],[21.385,44.975],[21.385,44.97],[21.408,44.958],[21.456,44.952],[21.482,44.944],[21.516,44.934],[21.531,44.925],[21.539,44.908],[21.536,44.889],[21.522,44.881],[21.482,44.873],[21.453,44.87],[21.395,44.872],[21.369,44.865],[21.356,44.857],[21.346,44.846],[21.343,44.832],[21.36,44.827],[21.319,44.825],[21.269,44.814],[21.222,44.797],[21.189,44.778],[21.179,44.768],[21.172,44.757],[21.164,44.748],[21.151,44.744],[21.126,44.746],[21.112,44.745],[21.103,44.741],[21.078,44.727],[21.037,44.722],[20.99,44.717],[20.883,44.673],[20.826,44.661],[20.795,44.665],[20.764,44.668],[20.742,44.679],[20.72,44.696],[20.685,44.734],[20.672,44.744],[20.645,44.756],[20.633,44.765],[20.628,44.777],[20.628,44.789],[20.639,44.837],[20.636,44.849],[20.624,44.855],[20.595,44.858],[20.597,44.874],[20.6,44.878],[20.602,44.88],[20.602,44.882],[20.602,44.884],[20.602,44.886],[20.6,44.889],[20.598,44.891],[20.593,44.895],[20.587,44.901],[20.579,44.907],[20.573,44.91],[20.57,44.912],[20.568,44.912],[20.559,44.914],[20.554,44.916],[20.544,44.92],[20.532,44.924],[20.527,44.925],[20.521,44.928],[20.513,44.934],[20.507,44.939],[20.505,44.941],[20.5,44.946],[20.499,44.948],[20.498,44.951],[20.498,44.953],[20.499,44.958],[20.499,44.961],[20.498,44.963],[20.497,44.965],[20.496,44.966],[20.494,44.968],[20.492,44.969],[20.491,44.969],[20.481,44.97],[20.478,44.97],[20.476,44.971],[20.473,44.972],[20.467,44.975],[20.458,44.981],[20.452,44.985],[20.45,44.987],[20.448,44.99],[20.447,44.992],[20.445,44.996],[20.444,44.998],[20.443,45],[20.44,45.002],[20.431,45.007],[20.424,45.01],[20.411,45.018],[20.408,45.019],[20.404,45.022],[20.401,45.026],[20.399,45.029],[20.399,45.031],[20.397,45.037],[20.397,45.04],[20.392,45.048],[20.392,45.05],[20.392,45.053],[20.393,45.055],[20.395,45.059],[20.396,45.061],[20.396,45.063],[20.395,45.065],[20.401,45.075],[20.409,45.08],[20.414,45.085],[20.42,45.088],[20.423,45.089],[20.432,45.099],[20.433,45.101],[20.434,45.103],[20.435,45.105],[20.435,45.107],[20.434,45.109],[20.431,45.112],[20.43,45.114],[20.43,45.116],[20.432,45.118],[20.436,45.122],[20.438,45.123],[20.44,45.124],[20.447,45.126],[20.449,45.127],[20.452,45.128],[20.454,45.13],[20.455,45.132],[20.456,45.134],[20.456,45.136],[20.454,45.138],[20.449,45.142],[20.444,45.148],[20.443,45.15],[20.443,45.151],[20.444,45.153],[20.446,45.155],[20.455,45.163],[20.457,45.166],[20.459,45.17],[20.463,45.175],[20.466,45.179],[20.475,45.189],[20.477,45.191],[20.479,45.198],[20.481,45.2],[20.482,45.201],[20.484,45.203],[20.486,45.204],[20.488,45.204],[20.49,45.204],[20.492,45.203],[20.493,45.201],[20.493,45.2],[20.494,45.195],[20.495,45.194],[20.496,45.193],[20.498,45.192],[20.5,45.191],[20.503,45.191],[20.505,45.191],[20.508,45.192],[20.51,45.192],[20.513,45.194],[20.517,45.196],[20.519,45.196],[20.521,45.196],[20.524,45.195],[20.532,45.19],[20.537,45.188],[20.54,45.188],[20.543,45.189],[20.545,45.19],[20.547,45.192],[20.551,45.195],[20.552,45.197],[20.554,45.204],[20.557,45.212],[20.559,45.214],[20.56,45.215],[20.564,45.217],[20.568,45.218],[20.573,45.219],[20.576,45.219],[20.578,45.219],[20.581,45.218],[20.595,45.213],[20.599,45.212],[20.602,45.212],[20.614,45.211],[20.618,45.21],[20.625,45.208],[20.639,45.204],[20.647,45.2],[20.653,45.197],[20.659,45.192],[20.662,45.191],[20.681,45.182],[20.683,45.182],[20.686,45.181],[20.689,45.179],[20.691,45.177],[20.695,45.171],[20.706,45.161],[20.713,45.155],[20.714,45.154],[20.717,45.153],[20.719,45.153],[20.721,45.153],[20.722,45.154],[20.726,45.156],[20.728,45.157],[20.729,45.158],[20.73,45.16],[20.733,45.169],[20.736,45.175],[20.736,45.177],[20.736,45.182],[20.737,45.183],[20.738,45.184],[20.739,45.186],[20.744,45.189],[20.747,45.19],[20.748,45.191],[20.75,45.191],[20.757,45.192],[20.759,45.193],[20.763,45.195],[20.765,45.196],[20.766,45.197],[20.77,45.202],[20.772,45.204],[20.774,45.205],[20.782,45.207],[20.797,45.21],[20.8,45.212],[20.805,45.215],[20.806,45.216],[20.809,45.22],[20.812,45.222],[20.824,45.231],[20.828,45.233],[20.843,45.239],[20.83,45.246],[20.818,45.253],[20.817,45.254],[20.816,45.255],[20.816,45.257],[20.817,45.258],[20.819,45.259],[20.822,45.26],[20.839,45.264],[20.846,45.267],[20.848,45.268],[20.858,45.272],[20.869,45.279],[20.882,45.286],[20.903,45.297],[20.908,45.299],[20.915,45.301],[20.918,45.301],[20.922,45.302],[20.937,45.302],[20.941,45.302],[20.944,45.303],[20.955,45.306],[20.959,45.306],[20.967,45.306],[20.971,45.306],[20.975,45.305],[20.983,45.303],[20.986,45.303],[21.007,45.306],[21.008,45.307],[21.014,45.313],[21.016,45.321],[21.017,45.321]]]}},{"type":"Feature","id":"RS-05","properties":{"id":"RS-05","countryCode":"RS","isoSubdivision":"RS-05","name":"West Bačka","name_en":"West Bačka","name_ko":"서바치카구","type":"District","labelLongitude":19.228,"labelLatitude":45.709,"minZoom":9},"geometry":{"type":"Polygon","coordinates":[[[19.236,45.978],[19.263,45.981],[19.275,45.992],[19.279,46.004],[19.287,46.016],[19.298,46.022],[19.301,46.02],[19.303,46.018],[19.31,46.014],[19.312,46.012],[19.314,46.01],[19.316,46.005],[19.318,46.002],[19.325,45.994],[19.327,45.993],[19.328,45.992],[19.336,45.992],[19.338,45.991],[19.34,45.991],[19.341,45.989],[19.341,45.988],[19.341,45.987],[19.339,45.98],[19.339,45.978],[19.339,45.976],[19.346,45.962],[19.347,45.961],[19.346,45.96],[19.346,45.958],[19.345,45.957],[19.344,45.955],[19.342,45.953],[19.338,45.951],[19.335,45.949],[19.333,45.947],[19.332,45.944],[19.331,45.941],[19.331,45.939],[19.331,45.937],[19.332,45.935],[19.334,45.932],[19.339,45.926],[19.343,45.92],[19.346,45.913],[19.348,45.909],[19.349,45.903],[19.349,45.893],[19.348,45.886],[19.349,45.884],[19.351,45.879],[19.351,45.877],[19.351,45.875],[19.35,45.87],[19.35,45.868],[19.351,45.865],[19.353,45.863],[19.355,45.861],[19.359,45.857],[19.366,45.851],[19.375,45.844],[19.378,45.841],[19.39,45.837],[19.395,45.834],[19.399,45.831],[19.406,45.825],[19.409,45.823],[19.419,45.816],[19.419,45.815],[19.421,45.813],[19.428,45.807],[19.43,45.804],[19.431,45.802],[19.431,45.8],[19.428,45.793],[19.428,45.791],[19.428,45.789],[19.429,45.788],[19.434,45.784],[19.436,45.782],[19.437,45.78],[19.438,45.778],[19.438,45.773],[19.438,45.771],[19.44,45.769],[19.442,45.768],[19.457,45.761],[19.465,45.756],[19.475,45.751],[19.481,45.748],[19.483,45.747],[19.487,45.746],[19.489,45.745],[19.491,45.745],[19.493,45.746],[19.496,45.747],[19.5,45.75],[19.502,45.752],[19.508,45.757],[19.512,45.761],[19.515,45.762],[19.518,45.764],[19.52,45.764],[19.523,45.765],[19.526,45.765],[19.529,45.765],[19.531,45.764],[19.534,45.764],[19.537,45.762],[19.542,45.759],[19.553,45.75],[19.558,45.748],[19.567,45.745],[19.574,45.742],[19.578,45.741],[19.574,45.736],[19.562,45.727],[19.559,45.725],[19.557,45.723],[19.556,45.721],[19.555,45.719],[19.556,45.717],[19.557,45.714],[19.558,45.712],[19.56,45.71],[19.563,45.708],[19.574,45.702],[19.579,45.7],[19.591,45.698],[19.595,45.696],[19.599,45.694],[19.602,45.691],[19.605,45.686],[19.611,45.68],[19.611,45.678],[19.612,45.676],[19.612,45.674],[19.611,45.671],[19.608,45.67],[19.599,45.666],[19.587,45.66],[19.577,45.648],[19.575,45.641],[19.574,45.639],[19.572,45.637],[19.565,45.632],[19.562,45.63],[19.558,45.625],[19.557,45.623],[19.556,45.621],[19.557,45.619],[19.557,45.617],[19.56,45.611],[19.563,45.607],[19.564,45.606],[19.564,45.604],[19.563,45.598],[19.563,45.589],[19.562,45.587],[19.561,45.585],[19.559,45.583],[19.558,45.582],[19.556,45.581],[19.549,45.58],[19.542,45.579],[19.532,45.58],[19.529,45.58],[19.527,45.579],[19.525,45.578],[19.523,45.576],[19.521,45.575],[19.52,45.572],[19.519,45.569],[19.518,45.562],[19.517,45.56],[19.516,45.558],[19.515,45.557],[19.51,45.551],[19.507,45.546],[19.505,45.545],[19.504,45.544],[19.498,45.541],[19.488,45.536],[19.483,45.534],[19.481,45.534],[19.478,45.534],[19.475,45.534],[19.473,45.535],[19.471,45.536],[19.465,45.541],[19.462,45.542],[19.45,45.547],[19.445,45.549],[19.443,45.549],[19.44,45.549],[19.436,45.548],[19.432,45.547],[19.426,45.544],[19.423,45.542],[19.421,45.542],[19.412,45.54],[19.395,45.536],[19.396,45.525],[19.396,45.524],[19.398,45.521],[19.399,45.519],[19.399,45.508],[19.394,45.507],[19.388,45.506],[19.371,45.5],[19.358,45.494],[19.357,45.493],[19.356,45.492],[19.355,45.49],[19.355,45.485],[19.355,45.483],[19.357,45.477],[19.357,45.475],[19.357,45.47],[19.358,45.468],[19.359,45.466],[19.365,45.46],[19.366,45.458],[19.368,45.455],[19.368,45.452],[19.368,45.45],[19.368,45.448],[19.365,45.441],[19.364,45.438],[19.346,45.442],[19.339,45.443],[19.335,45.443],[19.327,45.444],[19.319,45.443],[19.315,45.443],[19.312,45.442],[19.305,45.44],[19.302,45.439],[19.299,45.439],[19.297,45.439],[19.293,45.441],[19.29,45.442],[19.288,45.444],[19.284,45.449],[19.274,45.457],[19.271,45.459],[19.268,45.459],[19.265,45.459],[19.263,45.458],[19.261,45.456],[19.26,45.454],[19.258,45.451],[19.258,45.447],[19.257,45.445],[19.256,45.444],[19.255,45.443],[19.253,45.443],[19.25,45.442],[19.247,45.443],[19.243,45.443],[19.24,45.443],[19.237,45.443],[19.234,45.442],[19.229,45.44],[19.222,45.438],[19.218,45.437],[19.206,45.436],[19.202,45.436],[19.197,45.434],[19.195,45.434],[19.193,45.434],[19.191,45.435],[19.19,45.436],[19.187,45.438],[19.187,45.44],[19.186,45.442],[19.186,45.445],[19.186,45.447],[19.184,45.449],[19.181,45.452],[19.177,45.454],[19.16,45.461],[19.157,45.462],[19.155,45.462],[19.152,45.462],[19.149,45.461],[19.143,45.458],[19.139,45.458],[19.135,45.457],[19.124,45.457],[19.116,45.457],[19.113,45.458],[19.111,45.459],[19.107,45.461],[19.105,45.462],[19.104,45.463],[19.103,45.465],[19.101,45.472],[19.1,45.473],[19.098,45.474],[19.097,45.475],[19.095,45.476],[19.092,45.476],[19.085,45.476],[19.082,45.476],[19.079,45.477],[19.07,45.481],[19.061,45.487],[19.059,45.488],[19.057,45.488],[19.053,45.489],[19.05,45.488],[19.048,45.488],[19.046,45.487],[19.039,45.482],[19.036,45.482],[19.034,45.482],[19.032,45.482],[19.03,45.484],[19.025,45.487],[19.019,45.491],[19.018,45.493],[19.018,45.495],[19.018,45.497],[19.018,45.498],[19.077,45.492],[19.106,45.512],[19.095,45.526],[19.082,45.531],[19.068,45.533],[19.051,45.539],[19.041,45.545],[19.036,45.549],[19.033,45.555],[19.027,45.563],[19.018,45.567],[19.009,45.565],[19.001,45.561],[18.983,45.555],[18.973,45.546],[18.96,45.539],[18.942,45.539],[18.932,45.546],[18.912,45.568],[18.904,45.573],[18.907,45.582],[18.908,45.6],[18.912,45.619],[18.924,45.628],[18.935,45.633],[18.963,45.66],[18.968,45.669],[18.963,45.683],[18.948,45.692],[18.931,45.699],[18.917,45.707],[18.909,45.719],[18.905,45.75],[18.9,45.765],[18.871,45.79],[18.864,45.799],[18.849,45.81],[18.845,45.816],[18.847,45.82],[18.85,45.824],[18.852,45.83],[18.855,45.857],[18.887,45.859],[18.9,45.861],[18.907,45.868],[18.904,45.876],[18.893,45.884],[18.873,45.895],[18.882,45.903],[18.89,45.908],[18.907,45.916],[18.901,45.931],[18.963,45.928],[18.982,45.922],[18.988,45.924],[18.989,45.927],[18.986,45.931],[18.979,45.94],[18.978,45.944],[18.979,45.947],[18.982,45.951],[19.006,45.963],[19.031,45.96],[19.049,45.963],[19.05,45.993],[19.065,46.012],[19.088,46.019],[19.111,46.013],[19.126,45.993],[19.148,45.984],[19.236,45.978]]]}},{"type":"Feature","id":"RS-06","properties":{"id":"RS-06","countryCode":"RS","isoSubdivision":"RS-06","name":"South Bačka","name_en":"South Bačka","name_ko":"남바치카구","type":"District","labelLongitude":19.647,"labelLatitude":45.389,"minZoom":9},"geometry":{"type":"Polygon","coordinates":[[[19.002,45.444],[18.997,45.456],[18.996,45.474],[19.01,45.499],[19.018,45.498],[19.018,45.497],[19.018,45.495],[19.018,45.493],[19.019,45.491],[19.025,45.487],[19.03,45.484],[19.032,45.482],[19.034,45.482],[19.036,45.482],[19.039,45.482],[19.046,45.487],[19.048,45.488],[19.05,45.488],[19.053,45.489],[19.057,45.488],[19.059,45.488],[19.061,45.487],[19.07,45.481],[19.079,45.477],[19.082,45.476],[19.085,45.476],[19.092,45.476],[19.095,45.476],[19.097,45.475],[19.098,45.474],[19.1,45.473],[19.101,45.472],[19.103,45.465],[19.104,45.463],[19.105,45.462],[19.107,45.461],[19.111,45.459],[19.113,45.458],[19.116,45.457],[19.124,45.457],[19.135,45.457],[19.139,45.458],[19.143,45.458],[19.149,45.461],[19.152,45.462],[19.155,45.462],[19.157,45.462],[19.16,45.461],[19.177,45.454],[19.181,45.452],[19.184,45.449],[19.186,45.447],[19.186,45.445],[19.186,45.442],[19.187,45.44],[19.187,45.438],[19.19,45.436],[19.191,45.435],[19.193,45.434],[19.195,45.434],[19.197,45.434],[19.202,45.436],[19.206,45.436],[19.218,45.437],[19.222,45.438],[19.229,45.44],[19.234,45.442],[19.237,45.443],[19.24,45.443],[19.243,45.443],[19.247,45.443],[19.25,45.442],[19.253,45.443],[19.255,45.443],[19.256,45.444],[19.257,45.445],[19.258,45.447],[19.258,45.451],[19.26,45.454],[19.261,45.456],[19.263,45.458],[19.265,45.459],[19.268,45.459],[19.271,45.459],[19.274,45.457],[19.284,45.449],[19.288,45.444],[19.29,45.442],[19.293,45.441],[19.297,45.439],[19.299,45.439],[19.302,45.439],[19.305,45.44],[19.312,45.442],[19.315,45.443],[19.319,45.443],[19.327,45.444],[19.335,45.443],[19.339,45.443],[19.346,45.442],[19.364,45.438],[19.365,45.441],[19.368,45.448],[19.368,45.45],[19.368,45.452],[19.368,45.455],[19.366,45.458],[19.365,45.46],[19.359,45.466],[19.358,45.468],[19.357,45.47],[19.357,45.475],[19.357,45.477],[19.355,45.483],[19.355,45.485],[19.355,45.49],[19.356,45.492],[19.357,45.493],[19.358,45.494],[19.371,45.5],[19.388,45.506],[19.394,45.507],[19.399,45.508],[19.399,45.519],[19.398,45.521],[19.396,45.524],[19.396,45.525],[19.395,45.536],[19.412,45.54],[19.421,45.542],[19.423,45.542],[19.426,45.544],[19.432,45.547],[19.436,45.548],[19.44,45.549],[19.443,45.549],[19.445,45.549],[19.45,45.547],[19.462,45.542],[19.465,45.541],[19.471,45.536],[19.473,45.535],[19.475,45.534],[19.478,45.534],[19.481,45.534],[19.483,45.534],[19.488,45.536],[19.498,45.541],[19.504,45.544],[19.505,45.545],[19.507,45.546],[19.51,45.551],[19.515,45.557],[19.516,45.558],[19.517,45.56],[19.518,45.562],[19.519,45.569],[19.52,45.572],[19.521,45.575],[19.523,45.576],[19.525,45.578],[19.527,45.579],[19.529,45.58],[19.532,45.58],[19.542,45.579],[19.549,45.58],[19.556,45.581],[19.558,45.582],[19.559,45.583],[19.561,45.585],[19.562,45.587],[19.563,45.589],[19.563,45.598],[19.564,45.604],[19.564,45.606],[19.563,45.607],[19.56,45.611],[19.557,45.617],[19.557,45.619],[19.556,45.621],[19.557,45.623],[19.558,45.625],[19.562,45.63],[19.565,45.632],[19.572,45.637],[19.574,45.639],[19.575,45.641],[19.577,45.648],[19.587,45.66],[19.6,45.655],[19.608,45.651],[19.614,45.649],[19.623,45.643],[19.626,45.642],[19.63,45.64],[19.634,45.638],[19.644,45.636],[19.651,45.635],[19.654,45.634],[19.658,45.632],[19.662,45.631],[19.676,45.623],[19.684,45.619],[19.699,45.621],[19.705,45.622],[19.707,45.623],[19.71,45.624],[19.715,45.627],[19.718,45.628],[19.725,45.63],[19.732,45.633],[19.735,45.635],[19.737,45.636],[19.738,45.638],[19.739,45.639],[19.739,45.641],[19.739,45.644],[19.739,45.646],[19.738,45.649],[19.737,45.655],[19.736,45.66],[19.737,45.663],[19.737,45.666],[19.74,45.673],[19.744,45.678],[19.747,45.683],[19.753,45.688],[19.755,45.691],[19.756,45.694],[19.757,45.7],[19.754,45.702],[19.752,45.703],[19.751,45.705],[19.751,45.707],[19.752,45.708],[19.755,45.713],[19.759,45.718],[19.759,45.721],[19.759,45.724],[19.759,45.727],[19.755,45.733],[19.75,45.741],[19.767,45.749],[19.773,45.751],[19.782,45.753],[19.79,45.755],[19.794,45.756],[19.798,45.756],[19.813,45.756],[19.82,45.757],[19.824,45.757],[19.832,45.76],[19.843,45.762],[19.846,45.763],[19.856,45.77],[19.859,45.772],[19.861,45.772],[19.875,45.773],[19.879,45.773],[19.886,45.775],[19.893,45.775],[19.905,45.775],[19.912,45.775],[19.916,45.774],[19.927,45.771],[19.931,45.771],[19.947,45.77],[19.95,45.769],[19.962,45.766],[19.971,45.764],[19.976,45.763],[19.988,45.757],[19.992,45.756],[19.996,45.755],[20.004,45.755],[20.053,45.754],[20.06,45.754],[20.071,45.752],[20.074,45.751],[20.078,45.75],[20.083,45.748],[20.085,45.746],[20.089,45.743],[20.095,45.738],[20.099,45.735],[20.104,45.731],[20.111,45.728],[20.113,45.726],[20.114,45.724],[20.103,45.722],[20.092,45.717],[20.1,45.695],[20.105,45.675],[20.102,45.653],[20.086,45.628],[20.064,45.61],[20.063,45.603],[20.082,45.601],[20.111,45.602],[20.122,45.598],[20.126,45.587],[20.122,45.582],[20.113,45.574],[20.103,45.564],[20.099,45.549],[20.103,45.538],[20.113,45.527],[20.206,45.466],[20.23,45.443],[20.202,45.395],[20.214,45.38],[20.248,45.356],[20.264,45.341],[20.254,45.334],[20.247,45.325],[20.242,45.315],[20.236,45.306],[20.252,45.287],[20.301,45.259],[20.312,45.234],[20.319,45.209],[20.317,45.196],[20.289,45.184],[20.284,45.17],[20.281,45.154],[20.278,45.141],[20.257,45.157],[20.222,45.175],[20.185,45.185],[20.065,45.175],[20.042,45.178],[19.986,45.19],[19.974,45.175],[19.973,45.174],[19.972,45.172],[19.972,45.171],[19.973,45.17],[19.975,45.168],[19.979,45.165],[19.981,45.163],[19.981,45.162],[19.981,45.161],[19.98,45.16],[19.978,45.158],[19.973,45.156],[19.964,45.151],[19.961,45.15],[19.958,45.149],[19.954,45.148],[19.941,45.147],[19.936,45.146],[19.93,45.145],[19.913,45.143],[19.906,45.143],[19.904,45.143],[19.9,45.145],[19.898,45.145],[19.884,45.146],[19.868,45.146],[19.866,45.147],[19.862,45.147],[19.853,45.148],[19.836,45.148],[19.82,45.148],[19.812,45.148],[19.808,45.147],[19.799,45.145],[19.797,45.145],[19.795,45.145],[19.794,45.146],[19.792,45.147],[19.784,45.157],[19.773,45.167],[19.763,45.16],[19.758,45.157],[19.755,45.156],[19.753,45.155],[19.75,45.154],[19.736,45.153],[19.733,45.153],[19.73,45.152],[19.725,45.149],[19.718,45.147],[19.699,45.142],[19.641,45.142],[19.628,45.142],[19.624,45.142],[19.621,45.141],[19.606,45.138],[19.603,45.138],[19.6,45.138],[19.59,45.14],[19.575,45.144],[19.565,45.146],[19.561,45.147],[19.549,45.148],[19.545,45.148],[19.543,45.149],[19.539,45.151],[19.532,45.155],[19.529,45.156],[19.527,45.157],[19.524,45.157],[19.517,45.158],[19.515,45.159],[19.513,45.16],[19.51,45.161],[19.505,45.165],[19.504,45.166],[19.481,45.167],[19.477,45.168],[19.474,45.168],[19.472,45.169],[19.467,45.173],[19.465,45.174],[19.462,45.174],[19.461,45.174],[19.457,45.174],[19.452,45.172],[19.45,45.171],[19.448,45.17],[19.447,45.168],[19.447,45.167],[19.447,45.164],[19.448,45.164],[19.437,45.152],[19.435,45.15],[19.432,45.148],[19.431,45.147],[19.43,45.147],[19.429,45.146],[19.428,45.146],[19.427,45.146],[19.426,45.146],[19.425,45.146],[19.424,45.147],[19.419,45.149],[19.418,45.149],[19.417,45.15],[19.416,45.151],[19.414,45.153],[19.413,45.154],[19.413,45.155],[19.411,45.156],[19.409,45.157],[19.407,45.159],[19.4,45.166],[19.394,45.172],[19.405,45.18],[19.408,45.203],[19.397,45.223],[19.378,45.23],[19.29,45.236],[19.26,45.243],[19.197,45.265],[19.158,45.276],[19.104,45.299],[19.099,45.32],[19.096,45.329],[19.083,45.339],[19.067,45.343],[19.053,45.345],[19.03,45.345],[19.014,45.353],[19.008,45.36],[18.996,45.362],[18.977,45.371],[18.976,45.391],[18.997,45.4],[19.023,45.402],[19.031,45.416],[19.016,45.434],[19.002,45.444]]]}},{"type":"Feature","id":"RS-07","properties":{"id":"RS-07","countryCode":"RS","isoSubdivision":"RS-07","name":"Srem","name_en":"Srem","name_ko":"스렘구","type":"District","labelLongitude":19.674,"labelLatitude":45.038,"minZoom":9},"geometry":{"type":"Polygon","coordinates":[[[19.202,44.908],[19.197,44.913],[19.193,44.922],[19.187,44.928],[19.174,44.925],[19.085,44.879],[19.068,44.875],[19.048,44.873],[19.016,44.866],[18.994,44.895],[18.991,44.915],[19.018,44.926],[19.032,44.923],[19.052,44.907],[19.067,44.906],[19.079,44.911],[19.088,44.919],[19.104,44.938],[19.113,44.942],[19.125,44.946],[19.132,44.953],[19.128,44.968],[19.119,44.976],[19.098,44.97],[19.087,44.977],[19.085,44.987],[19.088,44.999],[19.093,45.012],[19.095,45.021],[19.094,45.031],[19.086,45.061],[19.082,45.085],[19.079,45.095],[19.072,45.107],[19.064,45.114],[19.054,45.121],[19.046,45.128],[19.045,45.137],[19.06,45.147],[19.116,45.143],[19.138,45.146],[19.142,45.162],[19.129,45.181],[19.122,45.196],[19.144,45.2],[19.156,45.195],[19.175,45.176],[19.185,45.168],[19.205,45.163],[19.226,45.162],[19.268,45.166],[19.273,45.168],[19.276,45.173],[19.279,45.177],[19.287,45.18],[19.291,45.178],[19.299,45.169],[19.304,45.167],[19.391,45.169],[19.394,45.172],[19.4,45.166],[19.407,45.159],[19.409,45.157],[19.411,45.156],[19.413,45.155],[19.413,45.154],[19.414,45.153],[19.416,45.151],[19.417,45.15],[19.418,45.149],[19.419,45.149],[19.424,45.147],[19.425,45.146],[19.426,45.146],[19.427,45.146],[19.428,45.146],[19.429,45.146],[19.43,45.147],[19.431,45.147],[19.432,45.148],[19.435,45.15],[19.437,45.152],[19.448,45.164],[19.447,45.164],[19.447,45.167],[19.447,45.168],[19.448,45.17],[19.45,45.171],[19.452,45.172],[19.457,45.174],[19.461,45.174],[19.462,45.174],[19.465,45.174],[19.467,45.173],[19.472,45.169],[19.474,45.168],[19.477,45.168],[19.481,45.167],[19.504,45.166],[19.505,45.165],[19.51,45.161],[19.513,45.16],[19.515,45.159],[19.517,45.158],[19.524,45.157],[19.527,45.157],[19.529,45.156],[19.532,45.155],[19.539,45.151],[19.543,45.149],[19.545,45.148],[19.549,45.148],[19.561,45.147],[19.565,45.146],[19.575,45.144],[19.59,45.14],[19.6,45.138],[19.603,45.138],[19.606,45.138],[19.621,45.141],[19.624,45.142],[19.628,45.142],[19.641,45.142],[19.699,45.142],[19.718,45.147],[19.725,45.149],[19.73,45.152],[19.733,45.153],[19.736,45.153],[19.75,45.154],[19.753,45.155],[19.755,45.156],[19.758,45.157],[19.763,45.16],[19.773,45.167],[19.784,45.157],[19.792,45.147],[19.794,45.146],[19.795,45.145],[19.797,45.145],[19.799,45.145],[19.808,45.147],[19.812,45.148],[19.82,45.148],[19.836,45.148],[19.853,45.148],[19.862,45.147],[19.866,45.147],[19.868,45.146],[19.884,45.146],[19.898,45.145],[19.9,45.145],[19.904,45.143],[19.906,45.143],[19.913,45.143],[19.93,45.145],[19.936,45.146],[19.941,45.147],[19.954,45.148],[19.958,45.149],[19.961,45.15],[19.964,45.151],[19.973,45.156],[19.978,45.158],[19.98,45.16],[19.981,45.161],[19.981,45.162],[19.981,45.163],[19.979,45.165],[19.975,45.168],[19.973,45.17],[19.972,45.171],[19.972,45.172],[19.973,45.174],[19.974,45.175],[19.986,45.19],[20.042,45.178],[20.065,45.175],[20.185,45.185],[20.222,45.175],[20.257,45.157],[20.278,45.141],[20.289,45.132],[20.339,45.08],[20.346,45.073],[20.357,45.034],[20.333,45.011],[20.304,44.994],[20.298,44.977],[20.291,44.977],[20.303,44.955],[20.319,44.934],[20.325,44.929],[20.281,44.919],[20.259,44.915],[20.246,44.915],[20.243,44.915],[20.239,44.914],[20.236,44.913],[20.23,44.909],[20.223,44.906],[20.216,44.901],[20.203,44.894],[20.201,44.893],[20.198,44.892],[20.195,44.892],[20.187,44.892],[20.179,44.892],[20.171,44.893],[20.168,44.893],[20.166,44.893],[20.164,44.892],[20.161,44.891],[20.157,44.888],[20.155,44.886],[20.154,44.885],[20.154,44.883],[20.154,44.878],[20.153,44.875],[20.15,44.865],[20.147,44.86],[20.136,44.844],[20.135,44.837],[20.134,44.83],[20.133,44.828],[20.132,44.825],[20.128,44.821],[20.126,44.819],[20.126,44.816],[20.125,44.814],[20.124,44.803],[20.124,44.8],[20.123,44.799],[20.122,44.797],[20.118,44.795],[20.115,44.793],[20.108,44.791],[20.101,44.79],[20.098,44.79],[20.094,44.79],[20.091,44.79],[20.089,44.79],[20.087,44.789],[20.085,44.788],[20.083,44.785],[20.082,44.783],[20.081,44.78],[20.081,44.777],[20.081,44.775],[20.082,44.772],[20.083,44.77],[20.084,44.769],[20.088,44.766],[20.092,44.765],[20.099,44.763],[20.107,44.761],[20.108,44.76],[20.11,44.758],[20.11,44.757],[20.11,44.755],[20.109,44.75],[20.108,44.748],[20.106,44.746],[20.105,44.745],[20.099,44.743],[20.098,44.742],[20.097,44.74],[20.097,44.739],[20.103,44.734],[20.103,44.732],[20.104,44.73],[20.103,44.729],[20.101,44.723],[20.098,44.72],[20.094,44.708],[20.045,44.69],[20.027,44.679],[20.007,44.662],[19.973,44.641],[19.94,44.632],[19.921,44.648],[19.931,44.659],[19.99,44.679],[20.01,44.689],[19.983,44.696],[19.914,44.695],[19.89,44.707],[19.873,44.72],[19.846,44.733],[19.797,44.752],[19.745,44.752],[19.729,44.758],[19.72,44.765],[19.715,44.772],[19.711,44.78],[19.705,44.789],[19.701,44.808],[19.71,44.83],[19.753,44.892],[19.759,44.905],[19.757,44.915],[19.749,44.918],[19.722,44.921],[19.7,44.93],[19.683,44.932],[19.673,44.934],[19.645,44.913],[19.641,44.913],[19.633,44.914],[19.612,44.914],[19.604,44.914],[19.6,44.914],[19.597,44.913],[19.59,44.911],[19.572,44.905],[19.562,44.902],[19.558,44.901],[19.555,44.901],[19.552,44.901],[19.549,44.901],[19.541,44.902],[19.532,44.903],[19.526,44.904],[19.52,44.906],[19.518,44.908],[19.508,44.914],[19.506,44.915],[19.504,44.916],[19.501,44.917],[19.499,44.917],[19.496,44.916],[19.493,44.915],[19.489,44.913],[19.487,44.912],[19.483,44.909],[19.478,44.904],[19.474,44.901],[19.471,44.9],[19.469,44.9],[19.467,44.9],[19.465,44.9],[19.461,44.901],[19.459,44.902],[19.456,44.904],[19.454,44.906],[19.451,44.912],[19.447,44.918],[19.444,44.924],[19.443,44.926],[19.439,44.93],[19.434,44.933],[19.422,44.939],[19.419,44.94],[19.414,44.942],[19.411,44.942],[19.408,44.942],[19.406,44.942],[19.396,44.932],[19.398,44.923],[19.386,44.915],[19.372,44.914],[19.341,44.922],[19.325,44.922],[19.341,44.91],[19.359,44.901],[19.357,44.896],[19.353,44.899],[19.353,44.898],[19.35,44.897],[19.34,44.896],[19.33,44.899],[19.31,44.912],[19.301,44.912],[19.293,44.909],[19.284,44.908],[19.239,44.915],[19.23,44.914],[19.212,44.908],[19.202,44.908]]]}},{"type":"Feature","id":"RS-08","properties":{"id":"RS-08","countryCode":"RS","isoSubdivision":"RS-08","name":"Mačva","name_en":"Mačva","name_ko":"마치바구","type":"District","labelLongitude":19.495,"labelLatitude":44.599,"minZoom":9},"geometry":{"type":"Polygon","coordinates":[[[19.264,44.27],[19.25,44.271],[19.241,44.273],[19.22,44.28],[19.177,44.287],[19.157,44.294],[19.139,44.309],[19.117,44.344],[19.109,44.364],[19.107,44.383],[19.116,44.404],[19.13,44.416],[19.141,44.431],[19.143,44.458],[19.127,44.503],[19.13,44.518],[19.165,44.527],[19.173,44.531],[19.18,44.538],[19.185,44.546],[19.187,44.553],[19.186,44.569],[19.188,44.576],[19.193,44.581],[19.204,44.585],[19.209,44.588],[19.256,44.646],[19.27,44.676],[19.278,44.685],[19.288,44.693],[19.308,44.705],[19.318,44.715],[19.328,44.734],[19.364,44.855],[19.368,44.859],[19.373,44.86],[19.377,44.863],[19.376,44.873],[19.373,44.881],[19.369,44.887],[19.363,44.891],[19.357,44.896],[19.359,44.901],[19.341,44.91],[19.325,44.922],[19.341,44.922],[19.372,44.914],[19.386,44.915],[19.398,44.923],[19.396,44.932],[19.406,44.942],[19.408,44.942],[19.411,44.942],[19.414,44.942],[19.419,44.94],[19.422,44.939],[19.434,44.933],[19.439,44.93],[19.443,44.926],[19.444,44.924],[19.447,44.918],[19.451,44.912],[19.454,44.906],[19.456,44.904],[19.459,44.902],[19.461,44.901],[19.465,44.9],[19.467,44.9],[19.469,44.9],[19.471,44.9],[19.474,44.901],[19.478,44.904],[19.483,44.909],[19.487,44.912],[19.489,44.913],[19.493,44.915],[19.496,44.916],[19.499,44.917],[19.501,44.917],[19.504,44.916],[19.506,44.915],[19.508,44.914],[19.518,44.908],[19.52,44.906],[19.526,44.904],[19.532,44.903],[19.541,44.902],[19.549,44.901],[19.552,44.901],[19.555,44.901],[19.558,44.901],[19.562,44.902],[19.572,44.905],[19.59,44.911],[19.597,44.913],[19.6,44.914],[19.604,44.914],[19.612,44.914],[19.633,44.914],[19.641,44.913],[19.645,44.913],[19.673,44.934],[19.683,44.932],[19.7,44.93],[19.722,44.921],[19.749,44.918],[19.757,44.915],[19.759,44.905],[19.753,44.892],[19.71,44.83],[19.701,44.808],[19.705,44.789],[19.711,44.78],[19.715,44.772],[19.72,44.765],[19.729,44.758],[19.745,44.752],[19.797,44.752],[19.846,44.733],[19.873,44.72],[19.89,44.707],[19.914,44.695],[19.983,44.696],[20.01,44.689],[19.99,44.679],[19.931,44.659],[19.921,44.648],[19.94,44.632],[19.973,44.641],[19.967,44.61],[19.969,44.605],[19.969,44.604],[19.968,44.603],[19.962,44.596],[19.961,44.594],[19.961,44.593],[19.962,44.591],[19.963,44.589],[19.968,44.585],[19.969,44.583],[19.97,44.581],[19.971,44.576],[19.971,44.565],[19.966,44.565],[19.965,44.565],[19.964,44.565],[19.961,44.562],[19.951,44.558],[19.948,44.557],[19.935,44.554],[19.929,44.551],[19.927,44.551],[19.924,44.551],[19.922,44.552],[19.915,44.556],[19.91,44.558],[19.906,44.559],[19.903,44.56],[19.9,44.559],[19.898,44.559],[19.895,44.558],[19.893,44.557],[19.89,44.556],[19.881,44.55],[19.877,44.548],[19.875,44.547],[19.868,44.545],[19.866,44.544],[19.864,44.543],[19.859,44.539],[19.857,44.537],[19.855,44.535],[19.853,44.531],[19.85,44.524],[19.853,44.522],[19.855,44.52],[19.857,44.517],[19.857,44.515],[19.858,44.513],[19.857,44.508],[19.858,44.506],[19.861,44.501],[19.863,44.499],[19.868,44.494],[19.869,44.493],[19.87,44.491],[19.87,44.488],[19.87,44.485],[19.87,44.484],[19.869,44.482],[19.867,44.481],[19.866,44.48],[19.859,44.476],[19.857,44.474],[19.856,44.473],[19.856,44.472],[19.857,44.469],[19.862,44.461],[19.863,44.457],[19.864,44.454],[19.864,44.449],[19.864,44.443],[19.864,44.441],[19.863,44.438],[19.862,44.437],[19.861,44.436],[19.859,44.435],[19.857,44.435],[19.855,44.436],[19.85,44.437],[19.845,44.438],[19.842,44.438],[19.84,44.438],[19.835,44.436],[19.833,44.435],[19.83,44.433],[19.828,44.432],[19.827,44.43],[19.827,44.428],[19.829,44.425],[19.831,44.423],[19.84,44.415],[19.85,44.406],[19.846,44.402],[19.842,44.397],[19.84,44.395],[19.838,44.391],[19.837,44.39],[19.835,44.389],[19.833,44.388],[19.827,44.388],[19.823,44.388],[19.787,44.388],[19.78,44.388],[19.776,44.389],[19.774,44.39],[19.774,44.391],[19.774,44.393],[19.774,44.398],[19.774,44.4],[19.773,44.402],[19.765,44.409],[19.763,44.412],[19.76,44.414],[19.757,44.415],[19.755,44.416],[19.746,44.418],[19.734,44.421],[19.713,44.428],[19.703,44.431],[19.687,44.436],[19.68,44.438],[19.677,44.439],[19.674,44.439],[19.668,44.439],[19.664,44.438],[19.653,44.435],[19.65,44.435],[19.638,44.433],[19.632,44.432],[19.629,44.431],[19.618,44.427],[19.616,44.425],[19.614,44.424],[19.611,44.423],[19.608,44.423],[19.602,44.422],[19.596,44.422],[19.593,44.423],[19.59,44.423],[19.588,44.424],[19.584,44.426],[19.581,44.429],[19.58,44.43],[19.577,44.436],[19.576,44.438],[19.574,44.439],[19.561,44.446],[19.549,44.445],[19.539,44.444],[19.534,44.442],[19.528,44.44],[19.525,44.439],[19.521,44.439],[19.518,44.439],[19.512,44.44],[19.509,44.44],[19.504,44.44],[19.497,44.439],[19.494,44.439],[19.49,44.437],[19.487,44.435],[19.485,44.434],[19.485,44.433],[19.485,44.432],[19.485,44.43],[19.486,44.429],[19.487,44.428],[19.489,44.427],[19.491,44.426],[19.499,44.424],[19.501,44.423],[19.503,44.422],[19.503,44.42],[19.504,44.42],[19.503,44.418],[19.5,44.414],[19.499,44.412],[19.498,44.41],[19.498,44.403],[19.497,44.399],[19.494,44.39],[19.491,44.385],[19.484,44.375],[19.482,44.372],[19.479,44.37],[19.477,44.369],[19.473,44.368],[19.47,44.368],[19.461,44.369],[19.459,44.368],[19.457,44.368],[19.454,44.367],[19.452,44.365],[19.45,44.362],[19.449,44.36],[19.449,44.358],[19.449,44.356],[19.45,44.355],[19.452,44.351],[19.453,44.35],[19.456,44.348],[19.458,44.347],[19.461,44.346],[19.463,44.345],[19.465,44.345],[19.475,44.347],[19.477,44.347],[19.479,44.347],[19.48,44.345],[19.482,44.344],[19.484,44.34],[19.488,44.334],[19.491,44.329],[19.492,44.327],[19.492,44.325],[19.492,44.322],[19.491,44.32],[19.489,44.318],[19.486,44.316],[19.484,44.315],[19.479,44.313],[19.469,44.312],[19.467,44.311],[19.465,44.311],[19.462,44.309],[19.46,44.308],[19.456,44.303],[19.452,44.299],[19.451,44.297],[19.449,44.293],[19.448,44.289],[19.448,44.287],[19.447,44.285],[19.446,44.284],[19.444,44.283],[19.434,44.278],[19.433,44.277],[19.431,44.275],[19.43,44.273],[19.43,44.272],[19.431,44.266],[19.43,44.263],[19.429,44.26],[19.428,44.257],[19.426,44.254],[19.43,44.251],[19.442,44.244],[19.447,44.242],[19.457,44.239],[19.464,44.237],[19.467,44.236],[19.476,44.235],[19.49,44.233],[19.493,44.232],[19.496,44.231],[19.499,44.229],[19.504,44.226],[19.506,44.225],[19.509,44.223],[19.514,44.222],[19.516,44.221],[19.519,44.221],[19.528,44.222],[19.53,44.222],[19.532,44.221],[19.534,44.22],[19.541,44.215],[19.544,44.214],[19.554,44.211],[19.556,44.21],[19.559,44.208],[19.561,44.206],[19.569,44.198],[19.577,44.189],[19.576,44.189],[19.575,44.187],[19.575,44.185],[19.578,44.178],[19.58,44.172],[19.581,44.171],[19.581,44.17],[19.583,44.169],[19.584,44.169],[19.589,44.168],[19.592,44.167],[19.594,44.166],[19.595,44.165],[19.599,44.162],[19.603,44.158],[19.606,44.153],[19.609,44.149],[19.611,44.147],[19.614,44.145],[19.618,44.144],[19.619,44.14],[19.619,44.138],[19.618,44.135],[19.613,44.129],[19.609,44.123],[19.607,44.121],[19.605,44.12],[19.603,44.119],[19.599,44.118],[19.596,44.118],[19.591,44.119],[19.587,44.12],[19.579,44.121],[19.577,44.122],[19.574,44.122],[19.571,44.121],[19.561,44.118],[19.559,44.117],[19.55,44.115],[19.548,44.115],[19.546,44.114],[19.543,44.111],[19.541,44.109],[19.532,44.097],[19.53,44.095],[19.527,44.094],[19.523,44.092],[19.516,44.091],[19.498,44.11],[19.483,44.121],[19.476,44.127],[19.474,44.145],[19.466,44.153],[19.46,44.153],[19.448,44.144],[19.443,44.143],[19.436,44.146],[19.425,44.154],[19.381,44.177],[19.362,44.191],[19.356,44.204],[19.354,44.224],[19.342,44.246],[19.324,44.264],[19.307,44.274],[19.296,44.276],[19.264,44.27]]]}},{"type":"Feature","id":"RS-09","properties":{"id":"RS-09","countryCode":"RS","isoSubdivision":"RS-09","name":"Kolubara","name_en":"Kolubara","name_ko":"콜루바라구","type":"District","labelLongitude":19.925,"labelLatitude":44.321,"minZoom":9},"geometry":{"type":"Polygon","coordinates":[[[19.726,44.107],[19.721,44.108],[19.718,44.109],[19.716,44.111],[19.709,44.116],[19.706,44.118],[19.704,44.119],[19.7,44.121],[19.696,44.122],[19.689,44.123],[19.688,44.123],[19.676,44.125],[19.673,44.126],[19.671,44.127],[19.664,44.132],[19.659,44.137],[19.658,44.138],[19.656,44.139],[19.648,44.14],[19.638,44.144],[19.636,44.144],[19.634,44.145],[19.631,44.145],[19.627,44.145],[19.618,44.144],[19.614,44.145],[19.611,44.147],[19.609,44.149],[19.606,44.153],[19.603,44.158],[19.599,44.162],[19.595,44.165],[19.594,44.166],[19.592,44.167],[19.589,44.168],[19.584,44.169],[19.583,44.169],[19.581,44.17],[19.581,44.171],[19.58,44.172],[19.578,44.178],[19.575,44.185],[19.575,44.187],[19.576,44.189],[19.577,44.189],[19.569,44.198],[19.561,44.206],[19.559,44.208],[19.556,44.21],[19.554,44.211],[19.544,44.214],[19.541,44.215],[19.534,44.22],[19.532,44.221],[19.53,44.222],[19.528,44.222],[19.519,44.221],[19.516,44.221],[19.514,44.222],[19.509,44.223],[19.506,44.225],[19.504,44.226],[19.499,44.229],[19.496,44.231],[19.493,44.232],[19.49,44.233],[19.476,44.235],[19.467,44.236],[19.464,44.237],[19.457,44.239],[19.447,44.242],[19.442,44.244],[19.43,44.251],[19.426,44.254],[19.428,44.257],[19.429,44.26],[19.43,44.263],[19.431,44.266],[19.43,44.272],[19.43,44.273],[19.431,44.275],[19.433,44.277],[19.434,44.278],[19.444,44.283],[19.446,44.284],[19.447,44.285],[19.448,44.287],[19.448,44.289],[19.449,44.293],[19.451,44.297],[19.452,44.299],[19.456,44.303],[19.46,44.308],[19.462,44.309],[19.465,44.311],[19.467,44.311],[19.469,44.312],[19.479,44.313],[19.484,44.315],[19.486,44.316],[19.489,44.318],[19.491,44.32],[19.492,44.322],[19.492,44.325],[19.492,44.327],[19.491,44.329],[19.488,44.334],[19.484,44.34],[19.482,44.344],[19.48,44.345],[19.479,44.347],[19.477,44.347],[19.475,44.347],[19.465,44.345],[19.463,44.345],[19.461,44.346],[19.458,44.347],[19.456,44.348],[19.453,44.35],[19.452,44.351],[19.45,44.355],[19.449,44.356],[19.449,44.358],[19.449,44.36],[19.45,44.362],[19.452,44.365],[19.454,44.367],[19.457,44.368],[19.459,44.368],[19.461,44.369],[19.47,44.368],[19.473,44.368],[19.477,44.369],[19.479,44.37],[19.482,44.372],[19.484,44.375],[19.491,44.385],[19.494,44.39],[19.497,44.399],[19.498,44.403],[19.498,44.41],[19.499,44.412],[19.5,44.414],[19.503,44.418],[19.504,44.42],[19.503,44.42],[19.503,44.422],[19.501,44.423],[19.499,44.424],[19.491,44.426],[19.489,44.427],[19.487,44.428],[19.486,44.429],[19.485,44.43],[19.485,44.432],[19.485,44.433],[19.485,44.434],[19.487,44.435],[19.49,44.437],[19.494,44.439],[19.497,44.439],[19.504,44.44],[19.509,44.44],[19.512,44.44],[19.518,44.439],[19.521,44.439],[19.525,44.439],[19.528,44.44],[19.534,44.442],[19.539,44.444],[19.549,44.445],[19.561,44.446],[19.574,44.439],[19.576,44.438],[19.577,44.436],[19.58,44.43],[19.581,44.429],[19.584,44.426],[19.588,44.424],[19.59,44.423],[19.593,44.423],[19.596,44.422],[19.602,44.422],[19.608,44.423],[19.611,44.423],[19.614,44.424],[19.616,44.425],[19.618,44.427],[19.629,44.431],[19.632,44.432],[19.638,44.433],[19.65,44.435],[19.653,44.435],[19.664,44.438],[19.668,44.439],[19.674,44.439],[19.677,44.439],[19.68,44.438],[19.687,44.436],[19.703,44.431],[19.713,44.428],[19.734,44.421],[19.746,44.418],[19.755,44.416],[19.757,44.415],[19.76,44.414],[19.763,44.412],[19.765,44.409],[19.773,44.402],[19.774,44.4],[19.774,44.398],[19.774,44.393],[19.774,44.391],[19.774,44.39],[19.776,44.389],[19.78,44.388],[19.787,44.388],[19.823,44.388],[19.827,44.388],[19.833,44.388],[19.835,44.389],[19.837,44.39],[19.838,44.391],[19.84,44.395],[19.842,44.397],[19.846,44.402],[19.85,44.406],[19.84,44.415],[19.831,44.423],[19.829,44.425],[19.827,44.428],[19.827,44.43],[19.828,44.432],[19.83,44.433],[19.833,44.435],[19.835,44.436],[19.84,44.438],[19.842,44.438],[19.845,44.438],[19.85,44.437],[19.855,44.436],[19.857,44.435],[19.859,44.435],[19.861,44.436],[19.862,44.437],[19.863,44.438],[19.864,44.441],[19.864,44.443],[19.864,44.449],[19.864,44.454],[19.863,44.457],[19.862,44.461],[19.857,44.469],[19.856,44.472],[19.856,44.473],[19.857,44.474],[19.859,44.476],[19.866,44.48],[19.867,44.481],[19.869,44.482],[19.87,44.484],[19.87,44.485],[19.87,44.488],[19.87,44.491],[19.869,44.493],[19.868,44.494],[19.863,44.499],[19.861,44.501],[19.858,44.506],[19.857,44.508],[19.858,44.513],[19.857,44.515],[19.857,44.517],[19.855,44.52],[19.853,44.522],[19.85,44.524],[19.853,44.531],[19.855,44.535],[19.857,44.537],[19.859,44.539],[19.864,44.543],[19.866,44.544],[19.868,44.545],[19.875,44.547],[19.877,44.548],[19.881,44.55],[19.89,44.556],[19.893,44.557],[19.895,44.558],[19.898,44.559],[19.9,44.559],[19.903,44.56],[19.906,44.559],[19.91,44.558],[19.915,44.556],[19.922,44.552],[19.924,44.551],[19.927,44.551],[19.929,44.551],[19.935,44.554],[19.948,44.557],[19.951,44.558],[19.961,44.562],[19.964,44.565],[19.965,44.565],[19.966,44.565],[19.971,44.565],[19.971,44.561],[19.971,44.56],[19.97,44.559],[19.968,44.558],[19.967,44.555],[19.966,44.549],[19.966,44.547],[19.967,44.543],[19.97,44.54],[19.972,44.536],[19.974,44.535],[19.976,44.533],[19.982,44.53],[19.984,44.528],[19.986,44.525],[19.988,44.523],[19.99,44.522],[19.994,44.521],[19.996,44.52],[20,44.519],[20.008,44.518],[20.012,44.518],[20.014,44.517],[20.016,44.517],[20.022,44.514],[20.024,44.513],[20.035,44.51],[20.041,44.508],[20.043,44.507],[20.045,44.507],[20.047,44.508],[20.053,44.509],[20.057,44.51],[20.059,44.512],[20.061,44.513],[20.065,44.519],[20.067,44.521],[20.07,44.523],[20.074,44.525],[20.078,44.526],[20.082,44.526],[20.09,44.526],[20.095,44.526],[20.099,44.525],[20.101,44.524],[20.104,44.522],[20.106,44.52],[20.109,44.514],[20.11,44.513],[20.115,44.507],[20.122,44.499],[20.123,44.497],[20.125,44.496],[20.128,44.495],[20.13,44.496],[20.144,44.502],[20.148,44.503],[20.152,44.506],[20.154,44.509],[20.156,44.513],[20.158,44.516],[20.161,44.519],[20.165,44.522],[20.168,44.525],[20.169,44.528],[20.17,44.535],[20.173,44.538],[20.175,44.541],[20.177,44.542],[20.179,44.543],[20.181,44.543],[20.182,44.543],[20.185,44.542],[20.186,44.541],[20.187,44.54],[20.189,44.536],[20.19,44.535],[20.19,44.533],[20.19,44.528],[20.192,44.522],[20.192,44.52],[20.194,44.517],[20.198,44.513],[20.2,44.51],[20.2,44.508],[20.2,44.507],[20.196,44.496],[20.197,44.494],[20.198,44.492],[20.199,44.491],[20.201,44.49],[20.208,44.486],[20.211,44.484],[20.214,44.482],[20.218,44.479],[20.221,44.468],[20.224,44.459],[20.226,44.451],[20.226,44.449],[20.226,44.448],[20.225,44.446],[20.221,44.438],[20.22,44.434],[20.221,44.432],[20.222,44.43],[20.225,44.426],[20.226,44.423],[20.227,44.418],[20.227,44.413],[20.226,44.41],[20.226,44.408],[20.222,44.4],[20.219,44.393],[20.217,44.388],[20.215,44.386],[20.213,44.384],[20.211,44.383],[20.204,44.379],[20.201,44.377],[20.2,44.375],[20.199,44.374],[20.2,44.369],[20.199,44.367],[20.197,44.366],[20.194,44.364],[20.192,44.362],[20.191,44.361],[20.191,44.359],[20.191,44.357],[20.191,44.355],[20.192,44.354],[20.194,44.352],[20.199,44.348],[20.201,44.346],[20.202,44.345],[20.203,44.343],[20.203,44.34],[20.202,44.338],[20.201,44.336],[20.194,44.33],[20.191,44.328],[20.19,44.326],[20.188,44.323],[20.187,44.32],[20.187,44.318],[20.188,44.316],[20.192,44.308],[20.199,44.301],[20.206,44.292],[20.21,44.287],[20.213,44.284],[20.216,44.282],[20.22,44.28],[20.227,44.276],[20.241,44.267],[20.246,44.263],[20.249,44.261],[20.251,44.258],[20.257,44.249],[20.259,44.247],[20.262,44.245],[20.265,44.243],[20.269,44.242],[20.275,44.241],[20.279,44.24],[20.281,44.241],[20.282,44.241],[20.284,44.242],[20.285,44.244],[20.285,44.246],[20.284,44.251],[20.285,44.253],[20.286,44.255],[20.288,44.256],[20.29,44.257],[20.292,44.257],[20.294,44.256],[20.298,44.255],[20.305,44.251],[20.307,44.251],[20.309,44.25],[20.313,44.251],[20.318,44.252],[20.324,44.255],[20.327,44.257],[20.329,44.258],[20.332,44.262],[20.333,44.263],[20.342,44.269],[20.343,44.27],[20.344,44.271],[20.345,44.273],[20.347,44.278],[20.349,44.282],[20.351,44.284],[20.353,44.287],[20.356,44.289],[20.358,44.29],[20.36,44.291],[20.363,44.291],[20.371,44.29],[20.374,44.29],[20.378,44.291],[20.384,44.293],[20.389,44.294],[20.401,44.293],[20.403,44.292],[20.406,44.291],[20.409,44.29],[20.411,44.288],[20.413,44.287],[20.415,44.285],[20.415,44.284],[20.416,44.282],[20.415,44.277],[20.414,44.275],[20.415,44.27],[20.415,44.268],[20.416,44.266],[20.42,44.26],[20.423,44.254],[20.424,44.252],[20.424,44.248],[20.423,44.242],[20.418,44.236],[20.411,44.229],[20.409,44.227],[20.405,44.222],[20.403,44.217],[20.4,44.208],[20.399,44.206],[20.398,44.205],[20.396,44.204],[20.394,44.204],[20.385,44.203],[20.383,44.202],[20.381,44.201],[20.379,44.2],[20.378,44.198],[20.376,44.195],[20.375,44.191],[20.375,44.189],[20.376,44.184],[20.376,44.182],[20.375,44.179],[20.373,44.177],[20.372,44.176],[20.371,44.175],[20.368,44.174],[20.367,44.173],[20.364,44.173],[20.357,44.174],[20.354,44.174],[20.351,44.173],[20.349,44.172],[20.346,44.171],[20.34,44.168],[20.338,44.167],[20.336,44.165],[20.336,44.163],[20.337,44.158],[20.337,44.155],[20.337,44.154],[20.335,44.152],[20.331,44.149],[20.328,44.147],[20.316,44.144],[20.308,44.141],[20.301,44.138],[20.298,44.137],[20.296,44.135],[20.293,44.133],[20.292,44.131],[20.291,44.129],[20.29,44.125],[20.288,44.123],[20.287,44.121],[20.285,44.121],[20.283,44.12],[20.28,44.12],[20.261,44.12],[20.257,44.12],[20.254,44.119],[20.249,44.118],[20.24,44.114],[20.236,44.113],[20.229,44.112],[20.226,44.111],[20.223,44.112],[20.212,44.114],[20.21,44.114],[20.208,44.114],[20.199,44.112],[20.196,44.112],[20.192,44.111],[20.182,44.113],[20.179,44.112],[20.177,44.112],[20.174,44.111],[20.171,44.11],[20.167,44.107],[20.163,44.102],[20.16,44.1],[20.158,44.1],[20.156,44.099],[20.152,44.1],[20.15,44.1],[20.129,44.097],[20.127,44.096],[20.125,44.095],[20.124,44.094],[20.123,44.092],[20.123,44.09],[20.123,44.087],[20.127,44.077],[20.128,44.076],[20.127,44.075],[20.126,44.074],[20.125,44.074],[20.123,44.074],[20.121,44.074],[20.118,44.075],[20.11,44.078],[20.107,44.079],[20.105,44.079],[20.095,44.081],[20.083,44.084],[20.079,44.085],[20.075,44.085],[20.062,44.085],[20.047,44.092],[20.044,44.093],[20.039,44.096],[20.037,44.096],[20.033,44.097],[20.021,44.097],[20.019,44.098],[20.017,44.098],[20.014,44.1],[20.012,44.101],[20.01,44.104],[19.997,44.097],[19.995,44.096],[19.992,44.094],[19.991,44.094],[19.99,44.093],[19.987,44.092],[19.986,44.092],[19.985,44.091],[19.984,44.091],[19.984,44.09],[19.983,44.089],[19.982,44.087],[19.981,44.086],[19.98,44.084],[19.978,44.076],[19.974,44.076],[19.967,44.077],[19.954,44.078],[19.951,44.079],[19.949,44.08],[19.944,44.083],[19.942,44.084],[19.935,44.087],[19.928,44.09],[19.92,44.092],[19.918,44.093],[19.916,44.094],[19.912,44.097],[19.908,44.101],[19.906,44.103],[19.905,44.105],[19.904,44.107],[19.904,44.109],[19.905,44.11],[19.906,44.111],[19.909,44.113],[19.91,44.115],[19.911,44.117],[19.91,44.119],[19.909,44.12],[19.908,44.121],[19.901,44.125],[19.896,44.127],[19.894,44.128],[19.887,44.129],[19.867,44.13],[19.865,44.13],[19.863,44.13],[19.861,44.129],[19.86,44.128],[19.859,44.126],[19.857,44.12],[19.855,44.118],[19.854,44.117],[19.852,44.116],[19.85,44.115],[19.845,44.114],[19.841,44.113],[19.839,44.111],[19.833,44.106],[19.831,44.105],[19.829,44.105],[19.826,44.105],[19.819,44.109],[19.812,44.111],[19.808,44.114],[19.802,44.119],[19.8,44.12],[19.798,44.121],[19.796,44.121],[19.793,44.122],[19.79,44.122],[19.787,44.121],[19.783,44.12],[19.778,44.118],[19.776,44.117],[19.775,44.116],[19.774,44.115],[19.774,44.114],[19.774,44.112],[19.775,44.111],[19.776,44.11],[19.782,44.107],[19.787,44.104],[19.791,44.102],[19.794,44.101],[19.797,44.098],[19.799,44.096],[19.806,44.084],[19.81,44.074],[19.811,44.068],[19.811,44.063],[19.811,44.06],[19.81,44.058],[19.809,44.056],[19.808,44.055],[19.806,44.054],[19.804,44.053],[19.802,44.053],[19.799,44.052],[19.793,44.052],[19.785,44.053],[19.781,44.054],[19.779,44.054],[19.777,44.055],[19.776,44.056],[19.774,44.059],[19.774,44.06],[19.774,44.062],[19.776,44.065],[19.776,44.068],[19.776,44.069],[19.774,44.072],[19.771,44.076],[19.763,44.081],[19.762,44.083],[19.76,44.085],[19.758,44.09],[19.755,44.093],[19.753,44.096],[19.746,44.1],[19.741,44.104],[19.74,44.106],[19.738,44.107],[19.734,44.107],[19.726,44.107]]]}},{"type":"Feature","id":"RS-10","properties":{"id":"RS-10","countryCode":"RS","isoSubdivision":"RS-10","name":"Podunavlje","name_en":"Podunavlje","name_ko":"포두나블레구","type":"District","labelLongitude":20.953,"labelLatitude":44.477,"minZoom":9},"geometry":{"type":"Polygon","coordinates":[[[20.795,44.665],[20.826,44.661],[20.883,44.673],[20.99,44.717],[21.037,44.722],[21.037,44.711],[21.04,44.703],[21.047,44.697],[21.058,44.696],[21.056,44.692],[21.053,44.68],[21.051,44.675],[21.059,44.671],[21.074,44.66],[21.079,44.655],[21.066,44.644],[21.088,44.62],[21.085,44.601],[21.106,44.601],[21.118,44.599],[21.126,44.593],[21.134,44.58],[21.14,44.564],[21.141,44.551],[21.134,44.541],[21.12,44.532],[21.12,44.525],[21.135,44.522],[21.143,44.51],[21.147,44.501],[21.155,44.505],[21.161,44.505],[21.159,44.5],[21.155,44.484],[21.162,44.483],[21.166,44.481],[21.169,44.479],[21.175,44.477],[21.168,44.475],[21.165,44.473],[21.162,44.473],[21.155,44.477],[21.147,44.456],[21.157,44.452],[21.165,44.448],[21.171,44.443],[21.175,44.436],[21.146,44.435],[21.131,44.426],[21.124,44.411],[21.12,44.395],[21.115,44.383],[21.111,44.377],[21.11,44.371],[21.113,44.361],[21.119,44.355],[21.127,44.351],[21.132,44.345],[21.127,44.333],[21.142,44.326],[21.145,44.317],[21.138,44.312],[21.12,44.313],[21.12,44.305],[21.127,44.305],[21.127,44.299],[21.12,44.299],[21.12,44.292],[21.134,44.287],[21.152,44.263],[21.168,44.258],[21.168,44.251],[21.147,44.244],[21.147,44.237],[21.152,44.232],[21.153,44.229],[21.152,44.226],[21.147,44.217],[21.15,44.215],[21.151,44.214],[21.152,44.213],[21.155,44.21],[21.134,44.21],[21.155,44.195],[21.144,44.193],[21.139,44.186],[21.139,44.183],[21.133,44.186],[21.128,44.19],[21.126,44.191],[21.123,44.193],[21.117,44.194],[21.114,44.194],[21.104,44.195],[21.1,44.196],[21.098,44.196],[21.096,44.197],[21.091,44.2],[21.089,44.201],[21.086,44.202],[21.085,44.202],[21.082,44.201],[21.074,44.199],[21.072,44.199],[21.069,44.199],[21.061,44.2],[21.052,44.2],[21.041,44.205],[21.02,44.215],[21.015,44.216],[21.006,44.217],[21.003,44.218],[20.996,44.22],[20.992,44.222],[20.986,44.227],[20.979,44.23],[20.977,44.232],[20.976,44.234],[20.975,44.236],[20.974,44.247],[20.974,44.259],[20.955,44.252],[20.95,44.251],[20.942,44.249],[20.934,44.247],[20.93,44.246],[20.919,44.245],[20.915,44.245],[20.907,44.242],[20.904,44.242],[20.901,44.242],[20.899,44.242],[20.897,44.243],[20.891,44.245],[20.888,44.246],[20.886,44.247],[20.884,44.247],[20.881,44.247],[20.877,44.247],[20.874,44.247],[20.872,44.248],[20.87,44.249],[20.868,44.25],[20.863,44.253],[20.858,44.256],[20.854,44.258],[20.85,44.26],[20.846,44.26],[20.843,44.26],[20.84,44.26],[20.828,44.258],[20.816,44.258],[20.816,44.264],[20.816,44.267],[20.814,44.273],[20.814,44.275],[20.815,44.276],[20.816,44.278],[20.821,44.282],[20.823,44.284],[20.824,44.285],[20.824,44.287],[20.823,44.288],[20.822,44.289],[20.82,44.29],[20.816,44.292],[20.809,44.294],[20.806,44.294],[20.791,44.297],[20.772,44.298],[20.772,44.305],[20.772,44.308],[20.771,44.312],[20.769,44.315],[20.767,44.319],[20.766,44.322],[20.766,44.324],[20.766,44.327],[20.767,44.33],[20.768,44.331],[20.771,44.334],[20.779,44.34],[20.785,44.343],[20.787,44.345],[20.788,44.346],[20.788,44.347],[20.787,44.349],[20.786,44.351],[20.783,44.352],[20.781,44.353],[20.779,44.353],[20.776,44.353],[20.773,44.353],[20.765,44.351],[20.762,44.351],[20.76,44.351],[20.758,44.351],[20.755,44.352],[20.752,44.355],[20.742,44.364],[20.737,44.37],[20.734,44.374],[20.732,44.376],[20.731,44.379],[20.731,44.382],[20.731,44.384],[20.733,44.386],[20.735,44.388],[20.74,44.392],[20.749,44.397],[20.751,44.399],[20.753,44.401],[20.754,44.403],[20.755,44.411],[20.756,44.414],[20.757,44.416],[20.758,44.418],[20.76,44.418],[20.77,44.421],[20.776,44.423],[20.78,44.423],[20.784,44.424],[20.787,44.423],[20.791,44.423],[20.793,44.422],[20.812,44.416],[20.815,44.415],[20.817,44.415],[20.819,44.416],[20.822,44.417],[20.824,44.419],[20.836,44.429],[20.838,44.431],[20.839,44.433],[20.839,44.435],[20.839,44.438],[20.838,44.44],[20.838,44.442],[20.836,44.443],[20.831,44.449],[20.827,44.455],[20.825,44.459],[20.821,44.464],[20.819,44.466],[20.817,44.467],[20.804,44.474],[20.788,44.488],[20.779,44.492],[20.771,44.494],[20.766,44.495],[20.764,44.496],[20.762,44.497],[20.759,44.502],[20.759,44.504],[20.759,44.512],[20.758,44.513],[20.757,44.516],[20.75,44.523],[20.737,44.533],[20.741,44.536],[20.751,44.541],[20.753,44.542],[20.759,44.547],[20.762,44.549],[20.765,44.55],[20.776,44.553],[20.784,44.556],[20.786,44.557],[20.789,44.557],[20.798,44.559],[20.801,44.559],[20.803,44.56],[20.805,44.561],[20.806,44.563],[20.807,44.565],[20.806,44.568],[20.802,44.575],[20.8,44.577],[20.799,44.578],[20.798,44.579],[20.795,44.581],[20.788,44.583],[20.786,44.584],[20.783,44.586],[20.782,44.588],[20.781,44.589],[20.781,44.59],[20.782,44.592],[20.784,44.593],[20.785,44.595],[20.786,44.597],[20.785,44.6],[20.784,44.604],[20.781,44.607],[20.774,44.612],[20.772,44.614],[20.771,44.616],[20.771,44.619],[20.771,44.621],[20.771,44.625],[20.773,44.628],[20.775,44.63],[20.778,44.633],[20.795,44.665]]]}},{"type":"Feature","id":"RS-11","properties":{"id":"RS-11","countryCode":"RS","isoSubdivision":"RS-11","name":"Braničevo","name_en":"Braničevo","name_ko":"브라니체보구","type":"District","labelLongitude":21.536,"labelLatitude":44.463,"minZoom":9},"geometry":{"type":"Polygon","coordinates":[[[21.36,44.827],[21.361,44.826],[21.379,44.817],[21.396,44.79],[21.412,44.785],[21.497,44.778],[21.558,44.782],[21.578,44.778],[21.596,44.766],[21.604,44.75],[21.61,44.732],[21.62,44.714],[21.656,44.688],[21.705,44.677],[21.757,44.677],[21.802,44.684],[21.838,44.695],[21.855,44.698],[21.872,44.696],[21.962,44.662],[21.994,44.659],[22.004,44.652],[22.032,44.603],[22.034,44.596],[22.036,44.589],[22.017,44.581],[22.001,44.569],[21.988,44.559],[21.978,44.552],[21.97,44.546],[21.961,44.538],[21.958,44.535],[21.956,44.532],[21.956,44.53],[21.956,44.526],[21.955,44.524],[21.953,44.523],[21.952,44.522],[21.95,44.522],[21.944,44.521],[21.938,44.52],[21.936,44.518],[21.933,44.517],[21.93,44.514],[21.932,44.511],[21.934,44.509],[21.935,44.506],[21.935,44.503],[21.935,44.5],[21.935,44.495],[21.934,44.493],[21.933,44.492],[21.93,44.488],[21.929,44.486],[21.927,44.483],[21.925,44.476],[21.924,44.474],[21.923,44.473],[21.919,44.469],[21.918,44.467],[21.917,44.466],[21.917,44.463],[21.917,44.461],[21.917,44.459],[21.918,44.457],[21.922,44.449],[21.924,44.445],[21.925,44.442],[21.925,44.44],[21.924,44.438],[21.92,44.43],[21.918,44.428],[21.916,44.427],[21.915,44.426],[21.912,44.426],[21.909,44.425],[21.903,44.426],[21.9,44.426],[21.892,44.427],[21.889,44.427],[21.887,44.426],[21.885,44.426],[21.882,44.425],[21.878,44.422],[21.877,44.42],[21.874,44.417],[21.872,44.414],[21.87,44.412],[21.866,44.41],[21.864,44.409],[21.863,44.408],[21.858,44.399],[21.857,44.398],[21.856,44.397],[21.854,44.396],[21.852,44.395],[21.849,44.395],[21.847,44.395],[21.838,44.398],[21.835,44.399],[21.832,44.399],[21.829,44.398],[21.827,44.398],[21.823,44.396],[21.821,44.395],[21.82,44.394],[21.819,44.392],[21.819,44.39],[21.818,44.378],[21.817,44.376],[21.815,44.373],[21.814,44.371],[21.812,44.369],[21.809,44.368],[21.802,44.365],[21.8,44.364],[21.797,44.361],[21.796,44.358],[21.795,44.356],[21.794,44.351],[21.795,44.345],[21.795,44.343],[21.796,44.341],[21.798,44.339],[21.799,44.338],[21.809,44.333],[21.811,44.33],[21.813,44.327],[21.813,44.325],[21.813,44.323],[21.812,44.321],[21.808,44.317],[21.807,44.315],[21.807,44.313],[21.808,44.311],[21.813,44.303],[21.816,44.298],[21.827,44.3],[21.842,44.303],[21.845,44.303],[21.848,44.303],[21.851,44.303],[21.854,44.302],[21.856,44.301],[21.862,44.298],[21.866,44.297],[21.872,44.296],[21.876,44.294],[21.88,44.292],[21.889,44.285],[21.892,44.282],[21.894,44.277],[21.894,44.275],[21.894,44.27],[21.894,44.268],[21.897,44.26],[21.897,44.258],[21.895,44.253],[21.895,44.25],[21.895,44.249],[21.897,44.245],[21.898,44.243],[21.898,44.24],[21.898,44.237],[21.897,44.234],[21.896,44.229],[21.896,44.225],[21.896,44.223],[21.897,44.221],[21.899,44.22],[21.905,44.216],[21.909,44.213],[21.912,44.211],[21.914,44.209],[21.916,44.209],[21.918,44.209],[21.92,44.211],[21.922,44.212],[21.926,44.215],[21.933,44.222],[21.935,44.224],[21.938,44.225],[21.94,44.226],[21.944,44.228],[21.946,44.228],[21.949,44.228],[21.952,44.227],[21.954,44.226],[21.956,44.225],[21.957,44.223],[21.957,44.222],[21.957,44.22],[21.956,44.219],[21.952,44.215],[21.951,44.214],[21.951,44.212],[21.951,44.21],[21.951,44.209],[21.953,44.206],[21.957,44.199],[21.958,44.195],[21.958,44.193],[21.958,44.19],[21.958,44.188],[21.956,44.183],[21.955,44.178],[21.956,44.168],[21.957,44.163],[21.958,44.16],[21.958,44.158],[21.958,44.155],[21.957,44.153],[21.955,44.151],[21.953,44.149],[21.947,44.146],[21.945,44.144],[21.945,44.143],[21.944,44.141],[21.945,44.139],[21.947,44.136],[21.948,44.133],[21.949,44.125],[21.95,44.122],[21.951,44.121],[21.952,44.119],[21.959,44.114],[21.96,44.112],[21.961,44.11],[21.96,44.109],[21.959,44.107],[21.954,44.102],[21.951,44.099],[21.949,44.098],[21.947,44.097],[21.945,44.096],[21.941,44.096],[21.933,44.096],[21.913,44.096],[21.909,44.096],[21.905,44.095],[21.903,44.095],[21.898,44.093],[21.891,44.091],[21.885,44.088],[21.881,44.086],[21.87,44.08],[21.867,44.078],[21.86,44.072],[21.857,44.07],[21.855,44.069],[21.853,44.068],[21.85,44.068],[21.847,44.068],[21.84,44.069],[21.837,44.069],[21.833,44.069],[21.824,44.066],[21.822,44.066],[21.819,44.065],[21.818,44.066],[21.809,44.069],[21.798,44.075],[21.795,44.075],[21.792,44.075],[21.781,44.071],[21.778,44.07],[21.775,44.07],[21.773,44.07],[21.768,44.071],[21.762,44.074],[21.756,44.076],[21.75,44.081],[21.745,44.087],[21.743,44.088],[21.741,44.089],[21.736,44.09],[21.726,44.091],[21.723,44.091],[21.721,44.09],[21.719,44.09],[21.712,44.086],[21.706,44.083],[21.703,44.083],[21.698,44.082],[21.694,44.083],[21.688,44.084],[21.68,44.086],[21.678,44.087],[21.676,44.088],[21.674,44.09],[21.673,44.091],[21.671,44.099],[21.67,44.1],[21.668,44.102],[21.657,44.108],[21.654,44.11],[21.649,44.111],[21.644,44.112],[21.639,44.113],[21.636,44.113],[21.628,44.112],[21.622,44.112],[21.619,44.113],[21.608,44.115],[21.604,44.116],[21.6,44.115],[21.596,44.115],[21.591,44.113],[21.588,44.113],[21.587,44.112],[21.584,44.113],[21.581,44.114],[21.571,44.117],[21.563,44.118],[21.558,44.119],[21.555,44.121],[21.553,44.122],[21.552,44.124],[21.551,44.127],[21.548,44.134],[21.547,44.139],[21.546,44.141],[21.544,44.142],[21.541,44.144],[21.534,44.147],[21.532,44.148],[21.529,44.15],[21.525,44.155],[21.521,44.157],[21.514,44.162],[21.5,44.171],[21.493,44.177],[21.488,44.182],[21.482,44.18],[21.476,44.179],[21.47,44.179],[21.468,44.179],[21.465,44.179],[21.463,44.18],[21.456,44.183],[21.454,44.185],[21.447,44.19],[21.445,44.192],[21.443,44.193],[21.439,44.194],[21.437,44.194],[21.434,44.195],[21.414,44.193],[21.41,44.193],[21.408,44.192],[21.405,44.191],[21.402,44.19],[21.4,44.188],[21.399,44.187],[21.396,44.183],[21.395,44.181],[21.394,44.181],[21.381,44.181],[21.378,44.181],[21.369,44.18],[21.366,44.18],[21.363,44.18],[21.361,44.181],[21.357,44.183],[21.356,44.184],[21.354,44.186],[21.354,44.188],[21.355,44.189],[21.36,44.194],[21.362,44.196],[21.365,44.203],[21.368,44.209],[21.369,44.211],[21.368,44.213],[21.367,44.214],[21.366,44.216],[21.364,44.217],[21.362,44.217],[21.353,44.218],[21.35,44.219],[21.347,44.22],[21.344,44.222],[21.341,44.227],[21.336,44.233],[21.335,44.235],[21.334,44.237],[21.334,44.239],[21.335,44.242],[21.335,44.244],[21.334,44.246],[21.333,44.249],[21.331,44.252],[21.328,44.254],[21.326,44.256],[21.315,44.262],[21.293,44.276],[21.288,44.267],[21.285,44.262],[21.284,44.26],[21.281,44.252],[21.279,44.249],[21.276,44.246],[21.268,44.239],[21.267,44.239],[21.265,44.238],[21.263,44.238],[21.261,44.239],[21.253,44.242],[21.251,44.243],[21.245,44.244],[21.235,44.245],[21.232,44.245],[21.23,44.246],[21.227,44.247],[21.226,44.248],[21.222,44.251],[21.218,44.255],[21.216,44.257],[21.215,44.259],[21.214,44.265],[21.212,44.267],[21.211,44.268],[21.199,44.274],[21.19,44.279],[21.187,44.279],[21.184,44.28],[21.174,44.281],[21.171,44.281],[21.168,44.282],[21.166,44.283],[21.162,44.286],[21.16,44.287],[21.156,44.288],[21.152,44.289],[21.147,44.289],[21.134,44.287],[21.12,44.292],[21.12,44.299],[21.127,44.299],[21.127,44.305],[21.12,44.305],[21.12,44.313],[21.138,44.312],[21.145,44.317],[21.142,44.326],[21.127,44.333],[21.132,44.345],[21.127,44.351],[21.119,44.355],[21.113,44.361],[21.11,44.371],[21.111,44.377],[21.115,44.383],[21.12,44.395],[21.124,44.411],[21.131,44.426],[21.146,44.435],[21.175,44.436],[21.171,44.443],[21.165,44.448],[21.157,44.452],[21.147,44.456],[21.155,44.477],[21.162,44.473],[21.165,44.473],[21.168,44.475],[21.175,44.477],[21.169,44.479],[21.166,44.481],[21.162,44.483],[21.155,44.484],[21.159,44.5],[21.161,44.505],[21.155,44.505],[21.147,44.501],[21.143,44.51],[21.135,44.522],[21.12,44.525],[21.12,44.532],[21.134,44.541],[21.141,44.551],[21.14,44.564],[21.134,44.58],[21.126,44.593],[21.118,44.599],[21.106,44.601],[21.085,44.601],[21.088,44.62],[21.066,44.644],[21.079,44.655],[21.074,44.66],[21.059,44.671],[21.051,44.675],[21.053,44.68],[21.056,44.692],[21.058,44.696],[21.047,44.697],[21.04,44.703],[21.037,44.711],[21.037,44.722],[21.078,44.727],[21.103,44.741],[21.112,44.745],[21.126,44.746],[21.151,44.744],[21.164,44.748],[21.172,44.757],[21.179,44.768],[21.189,44.778],[21.222,44.797],[21.269,44.814],[21.319,44.825],[21.36,44.827]]]}},{"type":"Feature","id":"RS-12","properties":{"id":"RS-12","countryCode":"RS","isoSubdivision":"RS-12","name":"Šumadija","name_en":"Šumadija","name_ko":"슈마디야구","type":"District","labelLongitude":20.812,"labelLatitude":44.099,"minZoom":9},"geometry":{"type":"Polygon","coordinates":[[[20.725,43.775],[20.721,43.775],[20.718,43.776],[20.713,43.777],[20.71,43.778],[20.705,43.782],[20.702,43.783],[20.694,43.786],[20.692,43.787],[20.69,43.788],[20.688,43.79],[20.686,43.794],[20.676,43.805],[20.672,43.811],[20.669,43.814],[20.664,43.818],[20.662,43.819],[20.662,43.821],[20.662,43.823],[20.662,43.826],[20.662,43.828],[20.661,43.83],[20.659,43.832],[20.657,43.834],[20.655,43.836],[20.642,43.842],[20.636,43.845],[20.633,43.848],[20.626,43.854],[20.621,43.859],[20.614,43.864],[20.606,43.87],[20.604,43.872],[20.601,43.877],[20.597,43.883],[20.594,43.886],[20.591,43.892],[20.588,43.896],[20.583,43.9],[20.579,43.903],[20.576,43.905],[20.572,43.906],[20.565,43.907],[20.561,43.909],[20.553,43.912],[20.548,43.916],[20.546,43.917],[20.545,43.919],[20.545,43.92],[20.544,43.93],[20.543,43.934],[20.542,43.936],[20.54,43.937],[20.536,43.939],[20.531,43.942],[20.528,43.945],[20.526,43.947],[20.538,43.951],[20.542,43.953],[20.545,43.955],[20.554,43.961],[20.563,43.965],[20.565,43.967],[20.566,43.969],[20.567,43.971],[20.567,43.973],[20.566,43.976],[20.566,43.978],[20.566,43.98],[20.569,43.985],[20.572,43.99],[20.575,43.992],[20.58,43.995],[20.588,43.999],[20.591,44.002],[20.592,44.003],[20.593,44.004],[20.593,44.009],[20.594,44.01],[20.595,44.011],[20.597,44.012],[20.599,44.012],[20.601,44.012],[20.603,44.011],[20.608,44.008],[20.61,44.007],[20.613,44.006],[20.615,44.005],[20.617,44.005],[20.619,44.005],[20.62,44.005],[20.622,44.007],[20.624,44.011],[20.628,44.014],[20.633,44.018],[20.637,44.02],[20.624,44.033],[20.621,44.035],[20.614,44.039],[20.612,44.041],[20.61,44.042],[20.608,44.047],[20.606,44.048],[20.604,44.05],[20.598,44.054],[20.595,44.056],[20.59,44.058],[20.578,44.062],[20.571,44.064],[20.565,44.067],[20.558,44.071],[20.553,44.073],[20.548,44.074],[20.544,44.076],[20.542,44.077],[20.54,44.079],[20.539,44.081],[20.54,44.091],[20.539,44.097],[20.538,44.1],[20.535,44.105],[20.532,44.11],[20.529,44.114],[20.52,44.12],[20.519,44.123],[20.518,44.124],[20.516,44.133],[20.515,44.135],[20.513,44.137],[20.512,44.138],[20.506,44.141],[20.499,44.144],[20.497,44.146],[20.491,44.15],[20.488,44.151],[20.485,44.152],[20.482,44.152],[20.472,44.153],[20.469,44.153],[20.467,44.154],[20.465,44.154],[20.462,44.156],[20.46,44.158],[20.46,44.16],[20.46,44.162],[20.462,44.17],[20.462,44.173],[20.462,44.175],[20.462,44.176],[20.457,44.176],[20.453,44.177],[20.45,44.178],[20.448,44.179],[20.446,44.181],[20.443,44.186],[20.44,44.19],[20.439,44.193],[20.436,44.201],[20.434,44.207],[20.432,44.214],[20.433,44.216],[20.436,44.223],[20.436,44.225],[20.436,44.227],[20.436,44.229],[20.435,44.23],[20.427,44.237],[20.423,44.242],[20.424,44.248],[20.424,44.252],[20.423,44.254],[20.42,44.26],[20.416,44.266],[20.415,44.268],[20.415,44.27],[20.414,44.275],[20.415,44.277],[20.416,44.282],[20.415,44.284],[20.415,44.285],[20.413,44.287],[20.411,44.288],[20.409,44.29],[20.406,44.291],[20.403,44.292],[20.401,44.293],[20.389,44.294],[20.389,44.296],[20.392,44.3],[20.397,44.304],[20.399,44.306],[20.4,44.308],[20.401,44.31],[20.401,44.313],[20.4,44.32],[20.4,44.324],[20.4,44.325],[20.402,44.327],[20.404,44.329],[20.409,44.333],[20.412,44.336],[20.418,44.344],[20.42,44.345],[20.423,44.348],[20.431,44.353],[20.433,44.355],[20.433,44.356],[20.433,44.357],[20.433,44.358],[20.431,44.36],[20.427,44.364],[20.422,44.368],[20.42,44.37],[20.416,44.371],[20.413,44.373],[20.405,44.378],[20.4,44.382],[20.398,44.383],[20.397,44.386],[20.397,44.388],[20.397,44.389],[20.397,44.391],[20.399,44.393],[20.403,44.397],[20.407,44.401],[20.41,44.403],[20.411,44.403],[20.414,44.404],[20.42,44.405],[20.422,44.406],[20.424,44.407],[20.427,44.408],[20.433,44.413],[20.442,44.419],[20.448,44.418],[20.451,44.418],[20.454,44.417],[20.456,44.416],[20.466,44.409],[20.469,44.408],[20.477,44.404],[20.484,44.399],[20.486,44.398],[20.488,44.398],[20.498,44.398],[20.501,44.398],[20.506,44.398],[20.509,44.397],[20.522,44.391],[20.538,44.386],[20.536,44.383],[20.533,44.375],[20.532,44.372],[20.532,44.366],[20.532,44.363],[20.533,44.36],[20.534,44.359],[20.535,44.357],[20.537,44.357],[20.539,44.356],[20.54,44.355],[20.543,44.356],[20.546,44.356],[20.553,44.359],[20.565,44.361],[20.573,44.364],[20.589,44.368],[20.596,44.371],[20.6,44.373],[20.604,44.373],[20.607,44.374],[20.609,44.373],[20.611,44.373],[20.615,44.372],[20.616,44.371],[20.618,44.369],[20.619,44.367],[20.62,44.364],[20.62,44.356],[20.622,44.348],[20.622,44.343],[20.622,44.341],[20.623,44.34],[20.625,44.338],[20.627,44.337],[20.634,44.335],[20.636,44.334],[20.641,44.33],[20.65,44.322],[20.664,44.328],[20.678,44.333],[20.685,44.335],[20.688,44.335],[20.691,44.335],[20.694,44.334],[20.698,44.332],[20.707,44.327],[20.71,44.325],[20.713,44.325],[20.718,44.324],[20.728,44.323],[20.731,44.323],[20.736,44.321],[20.739,44.32],[20.743,44.317],[20.747,44.312],[20.749,44.311],[20.75,44.31],[20.757,44.305],[20.772,44.298],[20.791,44.297],[20.806,44.294],[20.809,44.294],[20.816,44.292],[20.82,44.29],[20.822,44.289],[20.823,44.288],[20.824,44.287],[20.824,44.285],[20.823,44.284],[20.821,44.282],[20.816,44.278],[20.815,44.276],[20.814,44.275],[20.814,44.273],[20.816,44.267],[20.816,44.264],[20.816,44.258],[20.828,44.258],[20.84,44.26],[20.843,44.26],[20.846,44.26],[20.85,44.26],[20.854,44.258],[20.858,44.256],[20.863,44.253],[20.868,44.25],[20.87,44.249],[20.872,44.248],[20.874,44.247],[20.877,44.247],[20.881,44.247],[20.884,44.247],[20.886,44.247],[20.888,44.246],[20.891,44.245],[20.897,44.243],[20.899,44.242],[20.901,44.242],[20.904,44.242],[20.907,44.242],[20.915,44.245],[20.919,44.245],[20.93,44.246],[20.934,44.247],[20.942,44.249],[20.95,44.251],[20.955,44.252],[20.974,44.259],[20.974,44.247],[20.975,44.236],[20.976,44.234],[20.977,44.232],[20.979,44.23],[20.986,44.227],[20.992,44.222],[20.996,44.22],[21.003,44.218],[21.006,44.217],[21.015,44.216],[21.02,44.215],[21.041,44.205],[21.052,44.2],[21.061,44.2],[21.069,44.199],[21.072,44.199],[21.074,44.199],[21.082,44.201],[21.085,44.202],[21.086,44.202],[21.089,44.201],[21.091,44.2],[21.096,44.197],[21.098,44.196],[21.1,44.196],[21.104,44.195],[21.114,44.194],[21.117,44.194],[21.123,44.193],[21.126,44.191],[21.128,44.19],[21.133,44.186],[21.139,44.183],[21.138,44.175],[21.14,44.162],[21.143,44.153],[21.129,44.135],[21.129,44.133],[21.128,44.132],[21.125,44.125],[21.124,44.123],[21.123,44.121],[21.124,44.118],[21.125,44.116],[21.126,44.114],[21.139,44.103],[21.137,44.093],[21.137,44.091],[21.136,44.089],[21.134,44.088],[21.133,44.086],[21.124,44.081],[21.119,44.076],[21.117,44.075],[21.114,44.073],[21.11,44.072],[21.1,44.069],[21.091,44.068],[21.086,44.066],[21.082,44.065],[21.068,44.057],[21.054,44.047],[21.083,44.042],[21.087,44.041],[21.089,44.04],[21.101,44.03],[21.102,44.028],[21.103,44.025],[21.103,44.023],[21.103,44.021],[21.102,44.019],[21.101,44.017],[21.097,44.013],[21.096,44.011],[21.096,44.009],[21.096,44.004],[21.096,44.002],[21.096,44],[21.094,43.997],[21.092,43.995],[21.091,43.994],[21.089,43.993],[21.085,43.992],[21.082,43.992],[21.074,43.992],[21.069,43.992],[21.067,43.992],[21.064,43.991],[21.062,43.99],[21.053,43.983],[21.052,43.982],[21.047,43.981],[21.044,43.979],[21.042,43.978],[21.041,43.976],[21.041,43.974],[21.041,43.972],[21.042,43.97],[21.043,43.969],[21.05,43.963],[21.052,43.961],[21.054,43.959],[21.056,43.955],[21.061,43.95],[21.062,43.949],[21.062,43.947],[21.063,43.945],[21.062,43.943],[21.062,43.941],[21.06,43.94],[21.059,43.939],[21.052,43.935],[21.05,43.934],[21.043,43.932],[21.041,43.931],[21.041,43.93],[21.041,43.928],[21.045,43.918],[21.045,43.915],[21.045,43.911],[21.044,43.906],[21.038,43.907],[21.034,43.908],[21.032,43.908],[21.028,43.908],[21.026,43.908],[21.023,43.907],[21.017,43.905],[21.01,43.902],[21.007,43.9],[21.003,43.898],[21.001,43.896],[21,43.894],[21,43.892],[21.003,43.885],[21.005,43.882],[21.009,43.878],[21.015,43.871],[21.016,43.868],[21.017,43.866],[21.017,43.86],[21.016,43.858],[21.015,43.855],[21.013,43.853],[21.009,43.851],[21.007,43.85],[21.004,43.847],[21,43.843],[20.997,43.84],[20.992,43.837],[20.983,43.833],[20.979,43.833],[20.97,43.832],[20.966,43.83],[20.956,43.826],[20.951,43.823],[20.947,43.821],[20.945,43.818],[20.943,43.814],[20.941,43.808],[20.94,43.807],[20.938,43.805],[20.935,43.805],[20.934,43.805],[20.932,43.805],[20.926,43.806],[20.922,43.807],[20.913,43.807],[20.908,43.807],[20.906,43.811],[20.904,43.812],[20.904,43.813],[20.903,43.813],[20.902,43.814],[20.901,43.814],[20.9,43.814],[20.9,43.815],[20.899,43.816],[20.899,43.817],[20.899,43.82],[20.898,43.821],[20.897,43.823],[20.895,43.824],[20.895,43.825],[20.894,43.825],[20.894,43.826],[20.894,43.827],[20.879,43.829],[20.874,43.83],[20.871,43.832],[20.87,43.833],[20.868,43.836],[20.866,43.838],[20.863,43.839],[20.861,43.84],[20.859,43.84],[20.856,43.84],[20.854,43.84],[20.85,43.838],[20.848,43.837],[20.846,43.836],[20.841,43.83],[20.839,43.829],[20.837,43.828],[20.835,43.828],[20.833,43.828],[20.819,43.83],[20.807,43.832],[20.799,43.832],[20.795,43.832],[20.791,43.831],[20.789,43.831],[20.787,43.83],[20.779,43.827],[20.776,43.826],[20.765,43.824],[20.763,43.823],[20.761,43.822],[20.759,43.82],[20.759,43.818],[20.759,43.816],[20.761,43.814],[20.768,43.809],[20.769,43.808],[20.77,43.806],[20.769,43.799],[20.771,43.792],[20.771,43.791],[20.77,43.789],[20.769,43.788],[20.767,43.787],[20.76,43.785],[20.746,43.778],[20.74,43.776],[20.737,43.776],[20.733,43.775],[20.725,43.775]]]}},{"type":"Feature","id":"RS-13","properties":{"id":"RS-13","countryCode":"RS","isoSubdivision":"RS-13","name":"Pomoravski","name_en":"Pomoravski","name_ko":"포모라프스키","type":"District","labelLongitude":21.363,"labelLatitude":43.976,"minZoom":9},"geometry":{"type":"Polygon","coordinates":[[[20.957,43.728],[20.943,43.74],[20.938,43.745],[20.936,43.748],[20.933,43.749],[20.928,43.752],[20.927,43.753],[20.925,43.755],[20.923,43.758],[20.923,43.761],[20.922,43.769],[20.922,43.772],[20.921,43.774],[20.92,43.777],[20.916,43.781],[20.914,43.784],[20.912,43.789],[20.91,43.795],[20.909,43.797],[20.908,43.807],[20.913,43.807],[20.922,43.807],[20.926,43.806],[20.932,43.805],[20.934,43.805],[20.935,43.805],[20.938,43.805],[20.94,43.807],[20.941,43.808],[20.943,43.814],[20.945,43.818],[20.947,43.821],[20.951,43.823],[20.956,43.826],[20.966,43.83],[20.97,43.832],[20.979,43.833],[20.983,43.833],[20.992,43.837],[20.997,43.84],[21,43.843],[21.004,43.847],[21.007,43.85],[21.009,43.851],[21.013,43.853],[21.015,43.855],[21.016,43.858],[21.017,43.86],[21.017,43.866],[21.016,43.868],[21.015,43.871],[21.009,43.878],[21.005,43.882],[21.003,43.885],[21,43.892],[21,43.894],[21.001,43.896],[21.003,43.898],[21.007,43.9],[21.01,43.902],[21.017,43.905],[21.023,43.907],[21.026,43.908],[21.028,43.908],[21.032,43.908],[21.034,43.908],[21.038,43.907],[21.044,43.906],[21.045,43.911],[21.045,43.915],[21.045,43.918],[21.041,43.928],[21.041,43.93],[21.041,43.931],[21.043,43.932],[21.05,43.934],[21.052,43.935],[21.059,43.939],[21.06,43.94],[21.062,43.941],[21.062,43.943],[21.063,43.945],[21.062,43.947],[21.062,43.949],[21.061,43.95],[21.056,43.955],[21.054,43.959],[21.052,43.961],[21.05,43.963],[21.043,43.969],[21.042,43.97],[21.041,43.972],[21.041,43.974],[21.041,43.976],[21.042,43.978],[21.044,43.979],[21.047,43.981],[21.052,43.982],[21.053,43.983],[21.062,43.99],[21.064,43.991],[21.067,43.992],[21.069,43.992],[21.074,43.992],[21.082,43.992],[21.085,43.992],[21.089,43.993],[21.091,43.994],[21.092,43.995],[21.094,43.997],[21.096,44],[21.096,44.002],[21.096,44.004],[21.096,44.009],[21.096,44.011],[21.097,44.013],[21.101,44.017],[21.102,44.019],[21.103,44.021],[21.103,44.023],[21.103,44.025],[21.102,44.028],[21.101,44.03],[21.089,44.04],[21.087,44.041],[21.083,44.042],[21.054,44.047],[21.068,44.057],[21.082,44.065],[21.086,44.066],[21.091,44.068],[21.1,44.069],[21.11,44.072],[21.114,44.073],[21.117,44.075],[21.119,44.076],[21.124,44.081],[21.133,44.086],[21.134,44.088],[21.136,44.089],[21.137,44.091],[21.137,44.093],[21.139,44.103],[21.126,44.114],[21.125,44.116],[21.124,44.118],[21.123,44.121],[21.124,44.123],[21.125,44.125],[21.128,44.132],[21.129,44.133],[21.129,44.135],[21.143,44.153],[21.14,44.162],[21.138,44.175],[21.139,44.183],[21.139,44.186],[21.144,44.193],[21.155,44.195],[21.134,44.21],[21.155,44.21],[21.152,44.213],[21.151,44.214],[21.15,44.215],[21.147,44.217],[21.152,44.226],[21.153,44.229],[21.152,44.232],[21.147,44.237],[21.147,44.244],[21.168,44.251],[21.168,44.258],[21.152,44.263],[21.134,44.287],[21.147,44.289],[21.152,44.289],[21.156,44.288],[21.16,44.287],[21.162,44.286],[21.166,44.283],[21.168,44.282],[21.171,44.281],[21.174,44.281],[21.184,44.28],[21.187,44.279],[21.19,44.279],[21.199,44.274],[21.211,44.268],[21.212,44.267],[21.214,44.265],[21.215,44.259],[21.216,44.257],[21.218,44.255],[21.222,44.251],[21.226,44.248],[21.227,44.247],[21.23,44.246],[21.232,44.245],[21.235,44.245],[21.245,44.244],[21.251,44.243],[21.253,44.242],[21.261,44.239],[21.263,44.238],[21.265,44.238],[21.267,44.239],[21.268,44.239],[21.276,44.246],[21.279,44.249],[21.281,44.252],[21.284,44.26],[21.285,44.262],[21.288,44.267],[21.293,44.276],[21.315,44.262],[21.326,44.256],[21.328,44.254],[21.331,44.252],[21.333,44.249],[21.334,44.246],[21.335,44.244],[21.335,44.242],[21.334,44.239],[21.334,44.237],[21.335,44.235],[21.336,44.233],[21.341,44.227],[21.344,44.222],[21.347,44.22],[21.35,44.219],[21.353,44.218],[21.362,44.217],[21.364,44.217],[21.366,44.216],[21.367,44.214],[21.368,44.213],[21.369,44.211],[21.368,44.209],[21.365,44.203],[21.362,44.196],[21.36,44.194],[21.355,44.189],[21.354,44.188],[21.354,44.186],[21.356,44.184],[21.357,44.183],[21.361,44.181],[21.363,44.18],[21.366,44.18],[21.369,44.18],[21.378,44.181],[21.381,44.181],[21.394,44.181],[21.395,44.181],[21.396,44.183],[21.399,44.187],[21.4,44.188],[21.402,44.19],[21.405,44.191],[21.408,44.192],[21.41,44.193],[21.414,44.193],[21.434,44.195],[21.437,44.194],[21.439,44.194],[21.443,44.193],[21.445,44.192],[21.447,44.19],[21.454,44.185],[21.456,44.183],[21.463,44.18],[21.465,44.179],[21.468,44.179],[21.47,44.179],[21.476,44.179],[21.482,44.18],[21.488,44.182],[21.493,44.177],[21.5,44.171],[21.514,44.162],[21.521,44.157],[21.525,44.155],[21.529,44.15],[21.532,44.148],[21.534,44.147],[21.541,44.144],[21.544,44.142],[21.546,44.141],[21.547,44.139],[21.548,44.134],[21.551,44.127],[21.552,44.124],[21.553,44.122],[21.555,44.121],[21.558,44.119],[21.563,44.118],[21.571,44.117],[21.581,44.114],[21.584,44.113],[21.587,44.112],[21.588,44.113],[21.591,44.113],[21.596,44.115],[21.6,44.115],[21.604,44.116],[21.608,44.115],[21.619,44.113],[21.622,44.112],[21.628,44.112],[21.636,44.113],[21.639,44.113],[21.644,44.112],[21.649,44.111],[21.654,44.11],[21.657,44.108],[21.668,44.102],[21.67,44.1],[21.671,44.099],[21.673,44.091],[21.674,44.09],[21.676,44.088],[21.678,44.087],[21.68,44.086],[21.688,44.084],[21.694,44.083],[21.698,44.082],[21.703,44.083],[21.706,44.083],[21.712,44.086],[21.719,44.09],[21.721,44.09],[21.723,44.091],[21.726,44.091],[21.736,44.09],[21.741,44.089],[21.743,44.088],[21.745,44.087],[21.75,44.081],[21.756,44.076],[21.762,44.074],[21.768,44.071],[21.773,44.07],[21.775,44.07],[21.778,44.07],[21.781,44.071],[21.792,44.075],[21.795,44.075],[21.798,44.075],[21.809,44.069],[21.818,44.066],[21.812,44.054],[21.811,44.053],[21.811,44.05],[21.811,44.048],[21.81,44.046],[21.808,44.044],[21.806,44.042],[21.804,44.04],[21.801,44.039],[21.797,44.038],[21.792,44.037],[21.79,44.036],[21.788,44.035],[21.787,44.032],[21.786,44.023],[21.786,44.021],[21.785,44.019],[21.784,44.017],[21.783,44.016],[21.779,44.014],[21.776,44.012],[21.775,44.01],[21.774,44.008],[21.773,44.004],[21.772,43.992],[21.771,43.991],[21.77,43.989],[21.77,43.987],[21.775,43.981],[21.776,43.978],[21.777,43.976],[21.777,43.974],[21.776,43.973],[21.775,43.971],[21.773,43.969],[21.771,43.967],[21.759,43.961],[21.754,43.957],[21.748,43.954],[21.746,43.952],[21.745,43.95],[21.745,43.949],[21.744,43.944],[21.743,43.942],[21.741,43.94],[21.739,43.937],[21.737,43.935],[21.726,43.927],[21.725,43.926],[21.724,43.925],[21.724,43.922],[21.725,43.92],[21.73,43.915],[21.73,43.913],[21.731,43.911],[21.73,43.91],[21.729,43.908],[21.724,43.903],[21.723,43.902],[21.72,43.901],[21.718,43.901],[21.709,43.9],[21.705,43.899],[21.703,43.899],[21.695,43.896],[21.685,43.893],[21.68,43.891],[21.677,43.889],[21.675,43.888],[21.673,43.885],[21.67,43.88],[21.669,43.877],[21.668,43.872],[21.669,43.869],[21.67,43.867],[21.671,43.864],[21.673,43.863],[21.684,43.856],[21.686,43.853],[21.688,43.851],[21.69,43.849],[21.69,43.848],[21.688,43.846],[21.686,43.844],[21.681,43.841],[21.679,43.839],[21.678,43.837],[21.677,43.836],[21.677,43.831],[21.676,43.829],[21.675,43.828],[21.662,43.816],[21.652,43.81],[21.65,43.808],[21.647,43.806],[21.646,43.803],[21.639,43.8],[21.633,43.797],[21.622,43.794],[21.614,43.792],[21.611,43.791],[21.608,43.791],[21.602,43.791],[21.599,43.792],[21.591,43.794],[21.587,43.795],[21.581,43.795],[21.578,43.795],[21.575,43.795],[21.567,43.792],[21.564,43.792],[21.554,43.791],[21.549,43.79],[21.547,43.79],[21.545,43.788],[21.542,43.786],[21.54,43.785],[21.533,43.782],[21.53,43.781],[21.521,43.774],[21.517,43.773],[21.509,43.771],[21.507,43.77],[21.501,43.767],[21.497,43.765],[21.493,43.763],[21.487,43.762],[21.485,43.76],[21.478,43.757],[21.466,43.749],[21.462,43.745],[21.46,43.743],[21.458,43.742],[21.456,43.741],[21.454,43.741],[21.45,43.741],[21.448,43.741],[21.446,43.74],[21.445,43.74],[21.438,43.736],[21.435,43.735],[21.43,43.734],[21.421,43.731],[21.418,43.729],[21.411,43.725],[21.408,43.724],[21.4,43.723],[21.384,43.724],[21.378,43.729],[21.367,43.765],[21.374,43.771],[21.351,43.771],[21.349,43.77],[21.345,43.772],[21.341,43.772],[21.338,43.772],[21.334,43.772],[21.32,43.77],[21.302,43.764],[21.289,43.762],[21.283,43.761],[21.28,43.761],[21.276,43.762],[21.269,43.764],[21.267,43.765],[21.264,43.767],[21.262,43.768],[21.261,43.77],[21.261,43.771],[21.26,43.773],[21.261,43.774],[21.262,43.776],[21.265,43.78],[21.267,43.783],[21.268,43.785],[21.268,43.787],[21.267,43.791],[21.266,43.793],[21.267,43.795],[21.271,43.802],[21.274,43.807],[21.275,43.809],[21.275,43.813],[21.274,43.818],[21.274,43.821],[21.274,43.823],[21.275,43.824],[21.278,43.828],[21.278,43.829],[21.277,43.831],[21.277,43.832],[21.275,43.833],[21.273,43.835],[21.269,43.837],[21.261,43.841],[21.258,43.829],[21.258,43.828],[21.257,43.827],[21.256,43.826],[21.255,43.826],[21.242,43.821],[21.247,43.809],[21.248,43.806],[21.249,43.801],[21.249,43.795],[21.248,43.793],[21.248,43.79],[21.243,43.782],[21.243,43.78],[21.241,43.773],[21.241,43.771],[21.239,43.769],[21.236,43.768],[21.23,43.765],[21.228,43.765],[21.22,43.763],[21.218,43.763],[21.215,43.761],[21.21,43.756],[21.206,43.753],[21.203,43.751],[21.191,43.745],[21.182,43.74],[21.18,43.739],[21.178,43.738],[21.174,43.738],[21.172,43.738],[21.17,43.739],[21.168,43.74],[21.16,43.745],[21.157,43.746],[21.154,43.747],[21.144,43.749],[21.143,43.749],[21.141,43.748],[21.14,43.747],[21.139,43.745],[21.138,43.743],[21.139,43.738],[21.139,43.736],[21.136,43.732],[21.135,43.729],[21.135,43.726],[21.136,43.724],[21.137,43.719],[21.137,43.714],[21.138,43.711],[21.14,43.705],[21.148,43.687],[21.139,43.691],[21.125,43.696],[21.121,43.698],[21.118,43.7],[21.113,43.704],[21.11,43.705],[21.101,43.709],[21.095,43.712],[21.093,43.713],[21.091,43.713],[21.088,43.713],[21.08,43.713],[21.076,43.712],[21.068,43.712],[21.064,43.713],[21.06,43.714],[21.051,43.718],[21.049,43.719],[21.043,43.719],[21.028,43.72],[21.024,43.72],[21.021,43.721],[21.013,43.723],[21.009,43.724],[21.001,43.725],[20.998,43.726],[20.992,43.728],[20.99,43.728],[20.988,43.728],[20.986,43.728],[20.981,43.726],[20.977,43.724],[20.975,43.723],[20.974,43.723],[20.971,43.724],[20.965,43.725],[20.96,43.727],[20.957,43.728]]]}},{"type":"Feature","id":"RS-14","properties":{"id":"RS-14","countryCode":"RS","isoSubdivision":"RS-14","name":"Bor","name_en":"Bor","name_ko":"보르구","type":"District","labelLongitude":22.269,"labelLatitude":44.382,"minZoom":9},"geometry":{"type":"Polygon","coordinates":[[[22.692,44.228],[22.649,44.214],[22.64,44.207],[22.625,44.189],[22.609,44.176],[22.606,44.175],[22.605,44.168],[22.606,44.163],[22.608,44.16],[22.609,44.16],[22.599,44.13],[22.597,44.119],[22.598,44.109],[22.605,44.088],[22.605,44.079],[22.593,44.064],[22.575,44.061],[22.555,44.062],[22.534,44.057],[22.523,44.045],[22.515,44.03],[22.504,44.02],[22.481,44.019],[22.466,44.018],[22.465,44.023],[22.464,44.024],[22.463,44.026],[22.461,44.027],[22.456,44.029],[22.454,44.03],[22.453,44.032],[22.453,44.034],[22.453,44.036],[22.453,44.039],[22.453,44.041],[22.453,44.043],[22.45,44.05],[22.449,44.053],[22.449,44.055],[22.449,44.057],[22.449,44.058],[22.45,44.059],[22.452,44.06],[22.455,44.062],[22.462,44.064],[22.465,44.065],[22.466,44.066],[22.472,44.072],[22.476,44.076],[22.479,44.079],[22.482,44.082],[22.483,44.085],[22.484,44.086],[22.484,44.088],[22.483,44.09],[22.478,44.097],[22.474,44.104],[22.471,44.107],[22.469,44.109],[22.467,44.109],[22.465,44.11],[22.453,44.111],[22.442,44.113],[22.432,44.115],[22.426,44.118],[22.424,44.118],[22.422,44.12],[22.421,44.121],[22.416,44.128],[22.413,44.131],[22.41,44.133],[22.399,44.138],[22.397,44.139],[22.392,44.141],[22.385,44.141],[22.377,44.142],[22.369,44.141],[22.366,44.141],[22.362,44.141],[22.358,44.139],[22.354,44.138],[22.352,44.136],[22.346,44.132],[22.344,44.131],[22.341,44.13],[22.338,44.13],[22.335,44.13],[22.332,44.13],[22.321,44.133],[22.317,44.134],[22.299,44.135],[22.295,44.136],[22.287,44.138],[22.285,44.138],[22.281,44.138],[22.278,44.138],[22.276,44.138],[22.273,44.139],[22.271,44.14],[22.268,44.142],[22.253,44.152],[22.244,44.157],[22.238,44.163],[22.233,44.169],[22.23,44.165],[22.228,44.162],[22.225,44.157],[22.224,44.152],[22.223,44.15],[22.221,44.148],[22.216,44.142],[22.213,44.138],[22.212,44.137],[22.208,44.134],[22.204,44.132],[22.202,44.13],[22.201,44.129],[22.193,44.12],[22.192,44.118],[22.191,44.115],[22.192,44.113],[22.194,44.111],[22.195,44.11],[22.199,44.108],[22.207,44.105],[22.21,44.103],[22.212,44.102],[22.214,44.101],[22.215,44.099],[22.217,44.096],[22.217,44.09],[22.217,44.081],[22.216,44.074],[22.216,44.073],[22.216,44.072],[22.217,44.07],[22.224,44.065],[22.225,44.063],[22.226,44.061],[22.228,44.054],[22.229,44.053],[22.23,44.051],[22.237,44.046],[22.239,44.044],[22.24,44.042],[22.24,44.039],[22.24,44.037],[22.238,44.032],[22.238,44.03],[22.238,44.028],[22.238,44.026],[22.239,44.023],[22.239,44.02],[22.239,44.018],[22.239,44.016],[22.237,44.013],[22.235,44.012],[22.233,44.01],[22.232,44.01],[22.229,44.009],[22.223,44.008],[22.218,44.007],[22.215,44.006],[22.213,44.005],[22.212,44.004],[22.211,44.002],[22.209,43.995],[22.208,43.993],[22.206,43.991],[22.204,43.988],[22.196,43.982],[22.194,43.98],[22.191,43.975],[22.188,43.969],[22.186,43.966],[22.185,43.964],[22.183,43.962],[22.176,43.956],[22.174,43.954],[22.171,43.948],[22.167,43.942],[22.167,43.94],[22.166,43.938],[22.168,43.93],[22.168,43.924],[22.168,43.921],[22.166,43.916],[22.165,43.914],[22.162,43.909],[22.161,43.908],[22.159,43.906],[22.157,43.905],[22.145,43.901],[22.137,43.899],[22.135,43.899],[22.133,43.898],[22.132,43.896],[22.13,43.893],[22.126,43.887],[22.124,43.885],[22.123,43.881],[22.122,43.876],[22.118,43.878],[22.111,43.881],[22.104,43.887],[22.101,43.888],[22.095,43.889],[22.078,43.895],[22.072,43.896],[22.067,43.898],[22.063,43.901],[22.061,43.902],[22.06,43.903],[22.059,43.905],[22.057,43.912],[22.056,43.916],[22.055,43.917],[22.052,43.921],[22.051,43.923],[22.05,43.924],[22.05,43.929],[22.049,43.931],[22.048,43.933],[22.042,43.939],[22.04,43.941],[22.037,43.948],[22.036,43.95],[22.035,43.951],[22.033,43.952],[22.031,43.952],[22.028,43.953],[22.025,43.953],[22.02,43.953],[22.018,43.952],[22.016,43.951],[22.01,43.943],[22.009,43.942],[22.005,43.938],[22.004,43.937],[22.001,43.937],[21.998,43.937],[21.988,43.939],[21.986,43.94],[21.984,43.941],[21.978,43.943],[21.974,43.945],[21.97,43.945],[21.962,43.946],[21.958,43.947],[21.956,43.947],[21.953,43.948],[21.95,43.949],[21.942,43.953],[21.941,43.954],[21.939,43.956],[21.932,43.962],[21.926,43.966],[21.923,43.968],[21.914,43.971],[21.912,43.972],[21.911,43.973],[21.909,43.977],[21.906,43.981],[21.9,43.986],[21.898,43.987],[21.896,43.988],[21.894,43.989],[21.885,43.99],[21.878,43.992],[21.874,43.992],[21.871,43.993],[21.864,43.991],[21.85,43.988],[21.846,43.987],[21.842,43.987],[21.838,43.987],[21.834,43.987],[21.831,43.988],[21.829,43.989],[21.821,43.992],[21.817,43.993],[21.813,43.993],[21.81,43.993],[21.806,43.992],[21.799,43.989],[21.796,43.989],[21.793,43.989],[21.791,43.989],[21.778,43.991],[21.772,43.992],[21.773,44.004],[21.774,44.008],[21.775,44.01],[21.776,44.012],[21.779,44.014],[21.783,44.016],[21.784,44.017],[21.785,44.019],[21.786,44.021],[21.786,44.023],[21.787,44.032],[21.788,44.035],[21.79,44.036],[21.792,44.037],[21.797,44.038],[21.801,44.039],[21.804,44.04],[21.806,44.042],[21.808,44.044],[21.81,44.046],[21.811,44.048],[21.811,44.05],[21.811,44.053],[21.812,44.054],[21.818,44.066],[21.819,44.065],[21.822,44.066],[21.824,44.066],[21.833,44.069],[21.837,44.069],[21.84,44.069],[21.847,44.068],[21.85,44.068],[21.853,44.068],[21.855,44.069],[21.857,44.07],[21.86,44.072],[21.867,44.078],[21.87,44.08],[21.881,44.086],[21.885,44.088],[21.891,44.091],[21.898,44.093],[21.903,44.095],[21.905,44.095],[21.909,44.096],[21.913,44.096],[21.933,44.096],[21.941,44.096],[21.945,44.096],[21.947,44.097],[21.949,44.098],[21.951,44.099],[21.954,44.102],[21.959,44.107],[21.96,44.109],[21.961,44.11],[21.96,44.112],[21.959,44.114],[21.952,44.119],[21.951,44.121],[21.95,44.122],[21.949,44.125],[21.948,44.133],[21.947,44.136],[21.945,44.139],[21.944,44.141],[21.945,44.143],[21.945,44.144],[21.947,44.146],[21.953,44.149],[21.955,44.151],[21.957,44.153],[21.958,44.155],[21.958,44.158],[21.958,44.16],[21.957,44.163],[21.956,44.168],[21.955,44.178],[21.956,44.183],[21.958,44.188],[21.958,44.19],[21.958,44.193],[21.958,44.195],[21.957,44.199],[21.953,44.206],[21.951,44.209],[21.951,44.21],[21.951,44.212],[21.951,44.214],[21.952,44.215],[21.956,44.219],[21.957,44.22],[21.957,44.222],[21.957,44.223],[21.956,44.225],[21.954,44.226],[21.952,44.227],[21.949,44.228],[21.946,44.228],[21.944,44.228],[21.94,44.226],[21.938,44.225],[21.935,44.224],[21.933,44.222],[21.926,44.215],[21.922,44.212],[21.92,44.211],[21.918,44.209],[21.916,44.209],[21.914,44.209],[21.912,44.211],[21.909,44.213],[21.905,44.216],[21.899,44.22],[21.897,44.221],[21.896,44.223],[21.896,44.225],[21.896,44.229],[21.897,44.234],[21.898,44.237],[21.898,44.24],[21.898,44.243],[21.897,44.245],[21.895,44.249],[21.895,44.25],[21.895,44.253],[21.897,44.258],[21.897,44.26],[21.894,44.268],[21.894,44.27],[21.894,44.275],[21.894,44.277],[21.892,44.282],[21.889,44.285],[21.88,44.292],[21.876,44.294],[21.872,44.296],[21.866,44.297],[21.862,44.298],[21.856,44.301],[21.854,44.302],[21.851,44.303],[21.848,44.303],[21.845,44.303],[21.842,44.303],[21.827,44.3],[21.816,44.298],[21.813,44.303],[21.808,44.311],[21.807,44.313],[21.807,44.315],[21.808,44.317],[21.812,44.321],[21.813,44.323],[21.813,44.325],[21.813,44.327],[21.811,44.33],[21.809,44.333],[21.799,44.338],[21.798,44.339],[21.796,44.341],[21.795,44.343],[21.795,44.345],[21.794,44.351],[21.795,44.356],[21.796,44.358],[21.797,44.361],[21.8,44.364],[21.802,44.365],[21.809,44.368],[21.812,44.369],[21.814,44.371],[21.815,44.373],[21.817,44.376],[21.818,44.378],[21.819,44.39],[21.819,44.392],[21.82,44.394],[21.821,44.395],[21.823,44.396],[21.827,44.398],[21.829,44.398],[21.832,44.399],[21.835,44.399],[21.838,44.398],[21.847,44.395],[21.849,44.395],[21.852,44.395],[21.854,44.396],[21.856,44.397],[21.857,44.398],[21.858,44.399],[21.863,44.408],[21.864,44.409],[21.866,44.41],[21.87,44.412],[21.872,44.414],[21.874,44.417],[21.877,44.42],[21.878,44.422],[21.882,44.425],[21.885,44.426],[21.887,44.426],[21.889,44.427],[21.892,44.427],[21.9,44.426],[21.903,44.426],[21.909,44.425],[21.912,44.426],[21.915,44.426],[21.916,44.427],[21.918,44.428],[21.92,44.43],[21.924,44.438],[21.925,44.44],[21.925,44.442],[21.924,44.445],[21.922,44.449],[21.918,44.457],[21.917,44.459],[21.917,44.461],[21.917,44.463],[21.917,44.466],[21.918,44.467],[21.919,44.469],[21.923,44.473],[21.924,44.474],[21.925,44.476],[21.927,44.483],[21.929,44.486],[21.93,44.488],[21.933,44.492],[21.934,44.493],[21.935,44.495],[21.935,44.5],[21.935,44.503],[21.935,44.506],[21.934,44.509],[21.932,44.511],[21.93,44.514],[21.933,44.517],[21.936,44.518],[21.938,44.52],[21.944,44.521],[21.95,44.522],[21.952,44.522],[21.953,44.523],[21.955,44.524],[21.956,44.526],[21.956,44.53],[21.956,44.532],[21.958,44.535],[21.961,44.538],[21.97,44.546],[21.978,44.552],[21.988,44.559],[22.001,44.569],[22.017,44.581],[22.036,44.589],[22.04,44.577],[22.045,44.569],[22.056,44.562],[22.067,44.557],[22.076,44.551],[22.087,44.522],[22.104,44.51],[22.127,44.503],[22.148,44.501],[22.172,44.505],[22.185,44.515],[22.299,44.662],[22.305,44.677],[22.32,44.685],[22.361,44.692],[22.381,44.701],[22.416,44.728],[22.426,44.734],[22.451,44.733],[22.469,44.73],[22.484,44.724],[22.553,44.669],[22.587,44.649],[22.621,44.637],[22.7,44.631],[22.715,44.623],[22.765,44.583],[22.759,44.565],[22.742,44.552],[22.719,44.544],[22.7,44.542],[22.679,44.546],[22.642,44.563],[22.621,44.569],[22.6,44.57],[22.58,44.565],[22.566,44.555],[22.56,44.539],[22.557,44.521],[22.548,44.512],[22.536,44.508],[22.5,44.506],[22.491,44.504],[22.484,44.5],[22.48,44.49],[22.477,44.477],[22.477,44.464],[22.48,44.456],[22.501,44.442],[22.505,44.435],[22.506,44.428],[22.504,44.412],[22.505,44.404],[22.523,44.375],[22.549,44.349],[22.583,44.328],[22.621,44.316],[22.663,44.312],[22.682,44.305],[22.689,44.292],[22.685,44.244],[22.691,44.229],[22.692,44.228]]]}},{"type":"Feature","id":"RS-15","properties":{"id":"RS-15","countryCode":"RS","isoSubdivision":"RS-15","name":"Zaječar","name_en":"Zaječar","name_ko":"자예차르구","type":"District","labelLongitude":22.152,"labelLatitude":43.683,"minZoom":9},"geometry":{"type":"Polygon","coordinates":[[[22.466,44.018],[22.434,44.014],[22.412,44.007],[22.4,43.993],[22.397,43.981],[22.397,43.952],[22.395,43.936],[22.392,43.932],[22.382,43.919],[22.379,43.913],[22.377,43.884],[22.368,43.853],[22.355,43.83],[22.349,43.808],[22.363,43.781],[22.389,43.758],[22.39,43.751],[22.386,43.734],[22.386,43.725],[22.39,43.712],[22.397,43.699],[22.405,43.687],[22.414,43.677],[22.426,43.668],[22.456,43.656],[22.466,43.649],[22.473,43.636],[22.474,43.613],[22.481,43.601],[22.482,43.6],[22.482,43.599],[22.481,43.599],[22.478,43.595],[22.477,43.591],[22.478,43.588],[22.481,43.584],[22.483,43.582],[22.483,43.579],[22.483,43.577],[22.481,43.574],[22.479,43.569],[22.478,43.564],[22.478,43.559],[22.491,43.541],[22.509,43.493],[22.519,43.474],[22.533,43.465],[22.566,43.453],[22.573,43.448],[22.587,43.434],[22.596,43.429],[22.607,43.427],[22.629,43.428],[22.638,43.426],[22.645,43.42],[22.657,43.403],[22.659,43.401],[22.652,43.395],[22.651,43.394],[22.644,43.388],[22.639,43.384],[22.634,43.38],[22.63,43.375],[22.625,43.37],[22.622,43.368],[22.62,43.366],[22.618,43.366],[22.606,43.362],[22.602,43.36],[22.587,43.349],[22.581,43.345],[22.579,43.343],[22.578,43.341],[22.577,43.339],[22.578,43.337],[22.581,43.331],[22.581,43.329],[22.581,43.328],[22.581,43.327],[22.579,43.326],[22.577,43.325],[22.575,43.325],[22.572,43.325],[22.555,43.328],[22.552,43.329],[22.541,43.329],[22.539,43.33],[22.533,43.333],[22.525,43.335],[22.521,43.338],[22.515,43.344],[22.505,43.351],[22.503,43.353],[22.498,43.36],[22.496,43.363],[22.493,43.365],[22.491,43.366],[22.49,43.367],[22.487,43.367],[22.486,43.367],[22.484,43.366],[22.483,43.365],[22.478,43.356],[22.474,43.351],[22.472,43.349],[22.469,43.347],[22.467,43.347],[22.465,43.346],[22.461,43.346],[22.452,43.347],[22.449,43.346],[22.446,43.345],[22.445,43.345],[22.422,43.358],[22.416,43.361],[22.414,43.362],[22.41,43.363],[22.407,43.363],[22.402,43.362],[22.399,43.362],[22.394,43.363],[22.384,43.366],[22.376,43.368],[22.371,43.37],[22.367,43.372],[22.362,43.375],[22.36,43.376],[22.337,43.382],[22.336,43.383],[22.336,43.385],[22.337,43.386],[22.34,43.39],[22.341,43.392],[22.341,43.394],[22.34,43.398],[22.34,43.401],[22.34,43.403],[22.341,43.405],[22.342,43.406],[22.346,43.411],[22.348,43.413],[22.349,43.415],[22.351,43.421],[22.352,43.424],[22.351,43.428],[22.348,43.433],[22.345,43.438],[22.342,43.441],[22.34,43.442],[22.337,43.443],[22.333,43.445],[22.327,43.446],[22.322,43.448],[22.315,43.452],[22.312,43.455],[22.304,43.459],[22.3,43.459],[22.298,43.459],[22.296,43.459],[22.294,43.459],[22.292,43.458],[22.291,43.457],[22.287,43.452],[22.283,43.447],[22.278,43.441],[22.277,43.44],[22.275,43.439],[22.272,43.438],[22.271,43.438],[22.268,43.439],[22.257,43.447],[22.254,43.449],[22.251,43.45],[22.247,43.45],[22.242,43.45],[22.242,43.453],[22.243,43.454],[22.242,43.456],[22.241,43.458],[22.24,43.459],[22.238,43.46],[22.235,43.462],[22.231,43.463],[22.22,43.466],[22.212,43.469],[22.209,43.469],[22.206,43.469],[22.201,43.469],[22.199,43.468],[22.19,43.464],[22.188,43.463],[22.175,43.461],[22.172,43.461],[22.169,43.461],[22.166,43.461],[22.153,43.463],[22.143,43.466],[22.141,43.466],[22.134,43.469],[22.132,43.47],[22.123,43.477],[22.119,43.479],[22.115,43.481],[22.106,43.482],[22.104,43.483],[22.102,43.484],[22.094,43.488],[22.088,43.49],[22.086,43.491],[22.077,43.492],[22.072,43.493],[22.069,43.493],[22.066,43.492],[22.06,43.49],[22.057,43.489],[22.054,43.489],[22.052,43.489],[22.047,43.491],[22.045,43.492],[22.043,43.494],[22.041,43.496],[22.04,43.498],[22.04,43.499],[22.04,43.5],[22.042,43.503],[22.041,43.505],[22.04,43.506],[22.035,43.51],[22.03,43.513],[22.025,43.517],[22.023,43.519],[22.022,43.52],[22.022,43.521],[22.023,43.522],[22.025,43.525],[22.026,43.526],[22.026,43.528],[22.026,43.531],[22.026,43.533],[22.025,43.534],[22.023,43.535],[22.018,43.538],[22.013,43.541],[22.004,43.546],[21.999,43.549],[21.996,43.551],[21.994,43.553],[21.993,43.556],[21.992,43.557],[21.993,43.558],[21.977,43.57],[21.974,43.572],[21.97,43.573],[21.967,43.573],[21.959,43.572],[21.955,43.571],[21.953,43.57],[21.952,43.568],[21.949,43.561],[21.949,43.559],[21.95,43.555],[21.951,43.551],[21.951,43.549],[21.952,43.548],[21.954,43.547],[21.964,43.539],[21.972,43.533],[21.974,43.531],[21.977,43.53],[21.984,43.528],[21.985,43.527],[21.987,43.526],[21.987,43.524],[21.987,43.523],[21.986,43.522],[21.984,43.521],[21.983,43.52],[21.979,43.518],[21.976,43.518],[21.973,43.518],[21.967,43.518],[21.965,43.519],[21.957,43.522],[21.955,43.523],[21.953,43.523],[21.951,43.522],[21.948,43.522],[21.941,43.518],[21.934,43.516],[21.928,43.515],[21.913,43.514],[21.91,43.516],[21.905,43.523],[21.903,43.525],[21.899,43.527],[21.887,43.534],[21.885,43.536],[21.884,43.538],[21.88,43.544],[21.877,43.55],[21.871,43.563],[21.868,43.567],[21.866,43.569],[21.863,43.571],[21.859,43.572],[21.852,43.573],[21.849,43.573],[21.847,43.573],[21.838,43.571],[21.835,43.57],[21.833,43.57],[21.831,43.57],[21.828,43.571],[21.823,43.573],[21.816,43.577],[21.814,43.578],[21.812,43.578],[21.793,43.577],[21.784,43.575],[21.781,43.575],[21.778,43.575],[21.775,43.576],[21.773,43.576],[21.771,43.577],[21.768,43.578],[21.764,43.582],[21.755,43.586],[21.752,43.589],[21.75,43.59],[21.75,43.592],[21.75,43.594],[21.751,43.599],[21.751,43.601],[21.75,43.603],[21.747,43.606],[21.744,43.61],[21.742,43.612],[21.738,43.615],[21.734,43.618],[21.724,43.623],[21.722,43.625],[21.719,43.627],[21.717,43.631],[21.715,43.633],[21.705,43.642],[21.703,43.644],[21.702,43.646],[21.701,43.653],[21.7,43.655],[21.699,43.657],[21.698,43.658],[21.691,43.663],[21.69,43.665],[21.689,43.668],[21.688,43.67],[21.687,43.686],[21.686,43.692],[21.684,43.698],[21.683,43.699],[21.683,43.7],[21.683,43.701],[21.684,43.703],[21.686,43.704],[21.691,43.706],[21.695,43.709],[21.699,43.712],[21.7,43.713],[21.7,43.715],[21.7,43.717],[21.7,43.718],[21.699,43.72],[21.695,43.724],[21.691,43.728],[21.689,43.73],[21.686,43.732],[21.679,43.734],[21.677,43.735],[21.675,43.736],[21.674,43.737],[21.674,43.738],[21.674,43.74],[21.676,43.743],[21.677,43.744],[21.678,43.745],[21.681,43.747],[21.683,43.747],[21.691,43.749],[21.694,43.75],[21.704,43.756],[21.693,43.766],[21.687,43.772],[21.684,43.775],[21.68,43.777],[21.667,43.783],[21.664,43.784],[21.662,43.786],[21.646,43.803],[21.647,43.806],[21.65,43.808],[21.652,43.81],[21.662,43.816],[21.675,43.828],[21.676,43.829],[21.677,43.831],[21.677,43.836],[21.678,43.837],[21.679,43.839],[21.681,43.841],[21.686,43.844],[21.688,43.846],[21.69,43.848],[21.69,43.849],[21.688,43.851],[21.686,43.853],[21.684,43.856],[21.673,43.863],[21.671,43.864],[21.67,43.867],[21.669,43.869],[21.668,43.872],[21.669,43.877],[21.67,43.88],[21.673,43.885],[21.675,43.888],[21.677,43.889],[21.68,43.891],[21.685,43.893],[21.695,43.896],[21.703,43.899],[21.705,43.899],[21.709,43.9],[21.718,43.901],[21.72,43.901],[21.723,43.902],[21.724,43.903],[21.729,43.908],[21.73,43.91],[21.731,43.911],[21.73,43.913],[21.73,43.915],[21.725,43.92],[21.724,43.922],[21.724,43.925],[21.725,43.926],[21.726,43.927],[21.737,43.935],[21.739,43.937],[21.741,43.94],[21.743,43.942],[21.744,43.944],[21.745,43.949],[21.745,43.95],[21.746,43.952],[21.748,43.954],[21.754,43.957],[21.759,43.961],[21.771,43.967],[21.773,43.969],[21.775,43.971],[21.776,43.973],[21.777,43.974],[21.777,43.976],[21.776,43.978],[21.775,43.981],[21.77,43.987],[21.77,43.989],[21.771,43.991],[21.772,43.992],[21.778,43.991],[21.791,43.989],[21.793,43.989],[21.796,43.989],[21.799,43.989],[21.806,43.992],[21.81,43.993],[21.813,43.993],[21.817,43.993],[21.821,43.992],[21.829,43.989],[21.831,43.988],[21.834,43.987],[21.838,43.987],[21.842,43.987],[21.846,43.987],[21.85,43.988],[21.864,43.991],[21.871,43.993],[21.874,43.992],[21.878,43.992],[21.885,43.99],[21.894,43.989],[21.896,43.988],[21.898,43.987],[21.9,43.986],[21.906,43.981],[21.909,43.977],[21.911,43.973],[21.912,43.972],[21.914,43.971],[21.923,43.968],[21.926,43.966],[21.932,43.962],[21.939,43.956],[21.941,43.954],[21.942,43.953],[21.95,43.949],[21.953,43.948],[21.956,43.947],[21.958,43.947],[21.962,43.946],[21.97,43.945],[21.974,43.945],[21.978,43.943],[21.984,43.941],[21.986,43.94],[21.988,43.939],[21.998,43.937],[22.001,43.937],[22.004,43.937],[22.005,43.938],[22.009,43.942],[22.01,43.943],[22.016,43.951],[22.018,43.952],[22.02,43.953],[22.025,43.953],[22.028,43.953],[22.031,43.952],[22.033,43.952],[22.035,43.951],[22.036,43.95],[22.037,43.948],[22.04,43.941],[22.042,43.939],[22.048,43.933],[22.049,43.931],[22.05,43.929],[22.05,43.924],[22.051,43.923],[22.052,43.921],[22.055,43.917],[22.056,43.916],[22.057,43.912],[22.059,43.905],[22.06,43.903],[22.061,43.902],[22.063,43.901],[22.067,43.898],[22.072,43.896],[22.078,43.895],[22.095,43.889],[22.101,43.888],[22.104,43.887],[22.111,43.881],[22.118,43.878],[22.122,43.876],[22.123,43.881],[22.124,43.885],[22.126,43.887],[22.13,43.893],[22.132,43.896],[22.133,43.898],[22.135,43.899],[22.137,43.899],[22.145,43.901],[22.157,43.905],[22.159,43.906],[22.161,43.908],[22.162,43.909],[22.165,43.914],[22.166,43.916],[22.168,43.921],[22.168,43.924],[22.168,43.93],[22.166,43.938],[22.167,43.94],[22.167,43.942],[22.171,43.948],[22.174,43.954],[22.176,43.956],[22.183,43.962],[22.185,43.964],[22.186,43.966],[22.188,43.969],[22.191,43.975],[22.194,43.98],[22.196,43.982],[22.204,43.988],[22.206,43.991],[22.208,43.993],[22.209,43.995],[22.211,44.002],[22.212,44.004],[22.213,44.005],[22.215,44.006],[22.218,44.007],[22.223,44.008],[22.229,44.009],[22.232,44.01],[22.233,44.01],[22.235,44.012],[22.237,44.013],[22.239,44.016],[22.239,44.018],[22.239,44.02],[22.239,44.023],[22.238,44.026],[22.238,44.028],[22.238,44.03],[22.238,44.032],[22.24,44.037],[22.24,44.039],[22.24,44.042],[22.239,44.044],[22.237,44.046],[22.23,44.051],[22.229,44.053],[22.228,44.054],[22.226,44.061],[22.225,44.063],[22.224,44.065],[22.217,44.07],[22.216,44.072],[22.216,44.073],[22.216,44.074],[22.217,44.081],[22.217,44.09],[22.217,44.096],[22.215,44.099],[22.214,44.101],[22.212,44.102],[22.21,44.103],[22.207,44.105],[22.199,44.108],[22.195,44.11],[22.194,44.111],[22.192,44.113],[22.191,44.115],[22.192,44.118],[22.193,44.12],[22.201,44.129],[22.202,44.13],[22.204,44.132],[22.208,44.134],[22.212,44.137],[22.213,44.138],[22.216,44.142],[22.221,44.148],[22.223,44.15],[22.224,44.152],[22.225,44.157],[22.228,44.162],[22.23,44.165],[22.233,44.169],[22.238,44.163],[22.244,44.157],[22.253,44.152],[22.268,44.142],[22.271,44.14],[22.273,44.139],[22.276,44.138],[22.278,44.138],[22.281,44.138],[22.285,44.138],[22.287,44.138],[22.295,44.136],[22.299,44.135],[22.317,44.134],[22.321,44.133],[22.332,44.13],[22.335,44.13],[22.338,44.13],[22.341,44.13],[22.344,44.131],[22.346,44.132],[22.352,44.136],[22.354,44.138],[22.358,44.139],[22.362,44.141],[22.366,44.141],[22.369,44.141],[22.377,44.142],[22.385,44.141],[22.392,44.141],[22.397,44.139],[22.399,44.138],[22.41,44.133],[22.413,44.131],[22.416,44.128],[22.421,44.121],[22.422,44.12],[22.424,44.118],[22.426,44.118],[22.432,44.115],[22.442,44.113],[22.453,44.111],[22.465,44.11],[22.467,44.109],[22.469,44.109],[22.471,44.107],[22.474,44.104],[22.478,44.097],[22.483,44.09],[22.484,44.088],[22.484,44.086],[22.483,44.085],[22.482,44.082],[22.479,44.079],[22.476,44.076],[22.472,44.072],[22.466,44.066],[22.465,44.065],[22.462,44.064],[22.455,44.062],[22.452,44.06],[22.45,44.059],[22.449,44.058],[22.449,44.057],[22.449,44.055],[22.449,44.053],[22.45,44.05],[22.453,44.043],[22.453,44.041],[22.453,44.039],[22.453,44.036],[22.453,44.034],[22.453,44.032],[22.454,44.03],[22.456,44.029],[22.461,44.027],[22.463,44.026],[22.464,44.024],[22.465,44.023],[22.466,44.018]]]}},{"type":"Feature","id":"RS-16","properties":{"id":"RS-16","countryCode":"RS","isoSubdivision":"RS-16","name":"Zlatibor","name_en":"Zlatibor","name_ko":"즐라티보르구","type":"District","labelLongitude":19.728,"labelLatitude":43.626,"minZoom":9},"geometry":{"type":"Polygon","coordinates":[[[19.548,43.219],[19.512,43.241],[19.502,43.252],[19.485,43.28],[19.473,43.293],[19.414,43.338],[19.372,43.384],[19.356,43.393],[19.218,43.438],[19.192,43.455],[19.176,43.481],[19.175,43.51],[19.195,43.533],[19.217,43.533],[19.229,43.55],[19.239,43.572],[19.253,43.589],[19.264,43.591],[19.289,43.588],[19.301,43.588],[19.313,43.593],[19.336,43.607],[19.347,43.609],[19.363,43.602],[19.38,43.586],[19.395,43.566],[19.403,43.55],[19.411,43.541],[19.419,43.549],[19.432,43.571],[19.444,43.572],[19.482,43.561],[19.49,43.564],[19.492,43.569],[19.489,43.573],[19.482,43.578],[19.477,43.589],[19.476,43.603],[19.477,43.617],[19.482,43.629],[19.507,43.647],[19.506,43.674],[19.482,43.729],[19.462,43.762],[19.359,43.842],[19.306,43.905],[19.275,43.933],[19.241,43.952],[19.229,43.958],[19.241,43.966],[19.243,43.973],[19.238,43.985],[19.238,43.993],[19.244,44.002],[19.252,44.007],[19.273,44.012],[19.287,44.013],[19.301,44.01],[19.326,43.997],[19.352,43.979],[19.365,43.973],[19.379,43.974],[19.394,43.977],[19.447,43.98],[19.504,43.976],[19.529,43.977],[19.552,43.983],[19.593,44.006],[19.61,44.019],[19.619,44.036],[19.611,44.055],[19.599,44.063],[19.59,44.06],[19.584,44.054],[19.58,44.052],[19.571,44.057],[19.555,44.071],[19.522,44.085],[19.516,44.091],[19.523,44.092],[19.527,44.094],[19.53,44.095],[19.532,44.097],[19.541,44.109],[19.543,44.111],[19.546,44.114],[19.548,44.115],[19.55,44.115],[19.559,44.117],[19.561,44.118],[19.571,44.121],[19.574,44.122],[19.577,44.122],[19.579,44.121],[19.587,44.12],[19.591,44.119],[19.596,44.118],[19.599,44.118],[19.603,44.119],[19.605,44.12],[19.607,44.121],[19.609,44.123],[19.613,44.129],[19.618,44.135],[19.619,44.138],[19.619,44.14],[19.618,44.144],[19.627,44.145],[19.631,44.145],[19.634,44.145],[19.636,44.144],[19.638,44.144],[19.648,44.14],[19.656,44.139],[19.658,44.138],[19.659,44.137],[19.664,44.132],[19.671,44.127],[19.673,44.126],[19.676,44.125],[19.688,44.123],[19.689,44.123],[19.696,44.122],[19.7,44.121],[19.704,44.119],[19.706,44.118],[19.709,44.116],[19.716,44.111],[19.718,44.109],[19.721,44.108],[19.726,44.107],[19.734,44.107],[19.738,44.107],[19.74,44.106],[19.741,44.104],[19.746,44.1],[19.753,44.096],[19.755,44.093],[19.758,44.09],[19.76,44.085],[19.762,44.083],[19.763,44.081],[19.771,44.076],[19.774,44.072],[19.776,44.069],[19.776,44.068],[19.776,44.065],[19.774,44.062],[19.774,44.06],[19.774,44.059],[19.776,44.056],[19.777,44.055],[19.779,44.054],[19.781,44.054],[19.785,44.053],[19.793,44.052],[19.799,44.052],[19.802,44.053],[19.804,44.053],[19.806,44.054],[19.808,44.055],[19.809,44.056],[19.81,44.058],[19.811,44.06],[19.811,44.063],[19.811,44.068],[19.81,44.074],[19.806,44.084],[19.799,44.096],[19.797,44.098],[19.794,44.101],[19.791,44.102],[19.787,44.104],[19.782,44.107],[19.776,44.11],[19.775,44.111],[19.774,44.112],[19.774,44.114],[19.774,44.115],[19.775,44.116],[19.776,44.117],[19.778,44.118],[19.783,44.12],[19.787,44.121],[19.79,44.122],[19.793,44.122],[19.796,44.121],[19.798,44.121],[19.8,44.12],[19.802,44.119],[19.808,44.114],[19.812,44.111],[19.819,44.109],[19.826,44.105],[19.829,44.105],[19.831,44.105],[19.833,44.106],[19.839,44.111],[19.841,44.113],[19.845,44.114],[19.85,44.115],[19.852,44.116],[19.854,44.117],[19.855,44.118],[19.857,44.12],[19.859,44.126],[19.86,44.128],[19.861,44.129],[19.863,44.13],[19.865,44.13],[19.867,44.13],[19.887,44.129],[19.894,44.128],[19.896,44.127],[19.901,44.125],[19.908,44.121],[19.909,44.12],[19.91,44.119],[19.911,44.117],[19.91,44.115],[19.909,44.113],[19.906,44.111],[19.905,44.11],[19.904,44.109],[19.904,44.107],[19.905,44.105],[19.906,44.103],[19.908,44.101],[19.912,44.097],[19.916,44.094],[19.918,44.093],[19.92,44.092],[19.928,44.09],[19.935,44.087],[19.942,44.084],[19.944,44.083],[19.949,44.08],[19.951,44.079],[19.954,44.078],[19.967,44.077],[19.974,44.076],[19.978,44.076],[19.98,44.084],[19.981,44.086],[19.982,44.087],[19.983,44.089],[19.984,44.09],[19.984,44.091],[19.985,44.091],[19.986,44.092],[19.987,44.092],[19.99,44.093],[19.991,44.094],[19.992,44.094],[19.995,44.096],[19.997,44.097],[20.01,44.104],[20.012,44.101],[20.014,44.1],[20.017,44.098],[20.019,44.098],[20.021,44.097],[20.033,44.097],[20.037,44.096],[20.039,44.096],[20.044,44.093],[20.047,44.092],[20.062,44.085],[20.064,44.082],[20.07,44.071],[20.071,44.067],[20.071,44.065],[20.069,44.063],[20.062,44.056],[20.059,44.051],[20.059,44.049],[20.059,44.047],[20.06,44.045],[20.062,44.04],[20.063,44.037],[20.063,44.036],[20.061,44.034],[20.057,44.031],[20.056,44.03],[20.055,44.028],[20.055,44.027],[20.056,44.025],[20.056,44.024],[20.058,44.022],[20.061,44.02],[20.069,44.015],[20.072,44.013],[20.073,44.012],[20.075,44.01],[20.075,44.008],[20.074,44.006],[20.071,44.002],[20.069,44],[20.062,43.995],[20.06,43.993],[20.059,43.992],[20.056,43.984],[20.056,43.982],[20.056,43.981],[20.056,43.98],[20.058,43.979],[20.066,43.977],[20.068,43.976],[20.069,43.975],[20.069,43.974],[20.068,43.972],[20.065,43.969],[20.065,43.967],[20.064,43.966],[20.065,43.964],[20.066,43.962],[20.068,43.96],[20.071,43.959],[20.087,43.951],[20.092,43.95],[20.096,43.95],[20.099,43.943],[20.103,43.938],[20.104,43.935],[20.104,43.933],[20.103,43.931],[20.102,43.929],[20.098,43.926],[20.097,43.925],[20.09,43.922],[20.088,43.921],[20.087,43.919],[20.087,43.918],[20.087,43.916],[20.088,43.914],[20.089,43.912],[20.099,43.901],[20.101,43.9],[20.111,43.895],[20.116,43.891],[20.128,43.885],[20.139,43.882],[20.156,43.877],[20.144,43.875],[20.136,43.873],[20.128,43.873],[20.117,43.874],[20.115,43.874],[20.112,43.873],[20.11,43.872],[20.106,43.869],[20.105,43.868],[20.102,43.864],[20.1,43.862],[20.093,43.857],[20.092,43.855],[20.09,43.852],[20.088,43.846],[20.088,43.844],[20.088,43.842],[20.088,43.84],[20.09,43.837],[20.093,43.835],[20.095,43.834],[20.102,43.832],[20.104,43.831],[20.105,43.829],[20.106,43.827],[20.107,43.825],[20.107,43.823],[20.106,43.821],[20.105,43.818],[20.105,43.815],[20.105,43.814],[20.106,43.812],[20.113,43.805],[20.115,43.804],[20.122,43.8],[20.126,43.797],[20.129,43.794],[20.13,43.792],[20.13,43.79],[20.13,43.788],[20.13,43.787],[20.128,43.785],[20.124,43.783],[20.122,43.781],[20.121,43.779],[20.12,43.777],[20.119,43.775],[20.119,43.774],[20.122,43.767],[20.123,43.764],[20.123,43.762],[20.122,43.757],[20.121,43.753],[20.122,43.751],[20.124,43.746],[20.124,43.742],[20.124,43.74],[20.125,43.738],[20.127,43.737],[20.129,43.736],[20.136,43.733],[20.143,43.729],[20.149,43.726],[20.163,43.722],[20.165,43.721],[20.165,43.719],[20.166,43.718],[20.166,43.711],[20.167,43.71],[20.169,43.706],[20.169,43.704],[20.169,43.701],[20.168,43.7],[20.164,43.694],[20.161,43.688],[20.16,43.686],[20.159,43.685],[20.155,43.681],[20.154,43.68],[20.153,43.678],[20.154,43.677],[20.155,43.675],[20.156,43.673],[20.159,43.672],[20.169,43.666],[20.173,43.663],[20.174,43.661],[20.175,43.66],[20.175,43.658],[20.175,43.656],[20.174,43.654],[20.173,43.652],[20.171,43.65],[20.17,43.648],[20.169,43.646],[20.167,43.64],[20.166,43.638],[20.164,43.637],[20.163,43.635],[20.161,43.634],[20.158,43.632],[20.156,43.632],[20.154,43.632],[20.151,43.632],[20.145,43.635],[20.135,43.639],[20.132,43.64],[20.129,43.641],[20.124,43.642],[20.11,43.644],[20.107,43.644],[20.1,43.642],[20.098,43.642],[20.092,43.643],[20.089,43.645],[20.087,43.645],[20.084,43.645],[20.083,43.645],[20.082,43.645],[20.082,43.644],[20.082,43.643],[20.082,43.642],[20.083,43.641],[20.083,43.64],[20.086,43.638],[20.086,43.625],[20.085,43.619],[20.085,43.617],[20.086,43.613],[20.086,43.611],[20.084,43.609],[20.082,43.607],[20.08,43.605],[20.077,43.604],[20.075,43.603],[20.07,43.602],[20.066,43.601],[20.063,43.601],[20.061,43.602],[20.056,43.603],[20.051,43.605],[20.049,43.606],[20.046,43.606],[20.043,43.606],[20.041,43.605],[20.038,43.604],[20.033,43.601],[20.018,43.591],[20.013,43.587],[20.008,43.585],[20,43.582],[19.998,43.582],[19.997,43.58],[19.981,43.567],[19.977,43.561],[19.975,43.559],[19.974,43.558],[19.966,43.557],[19.957,43.554],[19.954,43.553],[19.95,43.554],[19.946,43.556],[19.939,43.56],[19.925,43.569],[19.909,43.576],[19.907,43.57],[19.906,43.567],[19.906,43.564],[19.907,43.561],[19.907,43.56],[19.911,43.554],[19.911,43.552],[19.911,43.55],[19.911,43.549],[19.91,43.547],[19.908,43.546],[19.907,43.545],[19.899,43.542],[19.897,43.54],[19.895,43.539],[19.894,43.537],[19.894,43.535],[19.895,43.533],[19.9,43.527],[19.903,43.521],[19.905,43.519],[19.91,43.515],[19.915,43.512],[19.918,43.51],[19.922,43.509],[19.927,43.509],[19.935,43.508],[19.939,43.507],[19.942,43.506],[19.951,43.503],[19.953,43.502],[19.954,43.5],[19.955,43.498],[19.957,43.494],[19.958,43.492],[19.96,43.491],[19.961,43.49],[19.963,43.49],[19.967,43.489],[19.978,43.489],[19.986,43.488],[19.995,43.486],[19.997,43.486],[20,43.484],[20.002,43.482],[20.003,43.479],[20.005,43.471],[20.006,43.469],[20.007,43.467],[20.011,43.464],[20.012,43.462],[20.013,43.46],[20.013,43.458],[20.011,43.451],[20.011,43.448],[20.011,43.445],[20.012,43.442],[20.018,43.432],[20.022,43.427],[20.024,43.425],[20.028,43.422],[20.029,43.42],[20.028,43.419],[20.036,43.41],[20.043,43.404],[20.048,43.398],[20.05,43.396],[20.052,43.39],[20.053,43.388],[20.055,43.386],[20.057,43.384],[20.065,43.377],[20.075,43.368],[20.076,43.366],[20.077,43.364],[20.077,43.361],[20.077,43.359],[20.079,43.357],[20.083,43.352],[20.086,43.346],[20.087,43.344],[20.096,43.337],[20.097,43.335],[20.098,43.333],[20.098,43.331],[20.097,43.329],[20.096,43.327],[20.093,43.325],[20.091,43.324],[20.09,43.322],[20.09,43.321],[20.09,43.319],[20.092,43.316],[20.093,43.314],[20.096,43.312],[20.1,43.309],[20.107,43.306],[20.11,43.305],[20.117,43.298],[20.119,43.297],[20.122,43.297],[20.124,43.296],[20.126,43.297],[20.128,43.297],[20.136,43.301],[20.138,43.301],[20.144,43.302],[20.155,43.303],[20.159,43.303],[20.166,43.305],[20.174,43.308],[20.178,43.309],[20.182,43.309],[20.198,43.309],[20.202,43.309],[20.206,43.31],[20.217,43.313],[20.229,43.314],[20.232,43.315],[20.238,43.317],[20.241,43.318],[20.242,43.318],[20.245,43.318],[20.252,43.316],[20.254,43.315],[20.256,43.313],[20.259,43.311],[20.264,43.307],[20.266,43.305],[20.267,43.302],[20.267,43.299],[20.26,43.292],[20.249,43.28],[20.246,43.274],[20.242,43.268],[20.239,43.262],[20.235,43.254],[20.235,43.252],[20.234,43.242],[20.233,43.239],[20.231,43.238],[20.228,43.236],[20.218,43.231],[20.212,43.227],[20.205,43.224],[20.203,43.222],[20.202,43.221],[20.201,43.219],[20.201,43.218],[20.202,43.216],[20.205,43.208],[20.206,43.206],[20.208,43.205],[20.209,43.204],[20.216,43.202],[20.219,43.201],[20.221,43.2],[20.224,43.198],[20.226,43.195],[20.229,43.189],[20.231,43.188],[20.234,43.186],[20.238,43.185],[20.244,43.183],[20.246,43.183],[20.249,43.182],[20.256,43.177],[20.259,43.176],[20.265,43.174],[20.267,43.173],[20.27,43.171],[20.271,43.169],[20.274,43.165],[20.276,43.163],[20.279,43.16],[20.282,43.157],[20.265,43.155],[20.252,43.153],[20.246,43.152],[20.244,43.152],[20.236,43.148],[20.226,43.145],[20.224,43.144],[20.219,43.142],[20.215,43.14],[20.211,43.14],[20.207,43.14],[20.195,43.14],[20.183,43.14],[20.171,43.141],[20.169,43.141],[20.168,43.14],[20.166,43.139],[20.158,43.132],[20.156,43.13],[20.153,43.126],[20.151,43.125],[20.144,43.12],[20.142,43.119],[20.14,43.117],[20.139,43.115],[20.139,43.113],[20.14,43.111],[20.143,43.106],[20.144,43.104],[20.144,43.102],[20.144,43.1],[20.143,43.099],[20.142,43.097],[20.14,43.096],[20.138,43.096],[20.137,43.095],[20.134,43.095],[20.128,43.096],[20.125,43.096],[20.12,43.096],[20.117,43.095],[20.111,43.092],[20.103,43.09],[20.101,43.089],[20.098,43.087],[20.096,43.086],[20.09,43.081],[20.084,43.073],[20.08,43.068],[20.076,43.061],[20.075,43.06],[20.071,43.056],[20.069,43.053],[20.063,43.041],[20.062,43.038],[20.061,43.03],[20.06,43.028],[20.058,43.026],[20.054,43.022],[20.02,43.047],[19.96,43.079],[19.95,43.086],[19.942,43.096],[19.937,43.106],[19.929,43.114],[19.917,43.117],[19.907,43.113],[19.884,43.096],[19.872,43.09],[19.838,43.088],[19.805,43.09],[19.782,43.096],[19.761,43.109],[19.743,43.127],[19.714,43.166],[19.705,43.166],[19.697,43.16],[19.685,43.157],[19.663,43.159],[19.619,43.168],[19.598,43.176],[19.581,43.188],[19.55,43.218],[19.548,43.219]]]}},{"type":"Feature","id":"RS-17","properties":{"id":"RS-17","countryCode":"RS","isoSubdivision":"RS-17","name":"Moravica","name_en":"Moravica","name_ko":"모라비차구","type":"District","labelLongitude":20.265,"labelLatitude":43.713,"minZoom":9},"geometry":{"type":"Polygon","coordinates":[[[20.621,43.859],[20.597,43.847],[20.594,43.845],[20.585,43.838],[20.581,43.835],[20.575,43.832],[20.573,43.83],[20.571,43.827],[20.569,43.825],[20.56,43.821],[20.559,43.82],[20.558,43.818],[20.557,43.816],[20.558,43.814],[20.559,43.812],[20.563,43.808],[20.564,43.806],[20.565,43.804],[20.564,43.802],[20.564,43.801],[20.563,43.799],[20.561,43.798],[20.546,43.788],[20.542,43.786],[20.536,43.784],[20.533,43.783],[20.531,43.781],[20.53,43.78],[20.529,43.776],[20.528,43.775],[20.524,43.771],[20.523,43.77],[20.523,43.768],[20.524,43.764],[20.528,43.757],[20.53,43.753],[20.531,43.752],[20.53,43.75],[20.529,43.748],[20.526,43.745],[20.523,43.744],[20.519,43.741],[20.514,43.739],[20.51,43.738],[20.506,43.737],[20.503,43.737],[20.494,43.739],[20.492,43.739],[20.489,43.739],[20.487,43.739],[20.483,43.737],[20.476,43.734],[20.474,43.733],[20.468,43.732],[20.459,43.73],[20.452,43.728],[20.45,43.728],[20.448,43.727],[20.446,43.725],[20.443,43.722],[20.442,43.721],[20.439,43.712],[20.437,43.709],[20.454,43.703],[20.457,43.701],[20.459,43.7],[20.46,43.698],[20.461,43.696],[20.461,43.694],[20.46,43.688],[20.459,43.683],[20.46,43.68],[20.461,43.676],[20.466,43.666],[20.466,43.664],[20.466,43.66],[20.465,43.655],[20.462,43.648],[20.46,43.647],[20.458,43.646],[20.455,43.645],[20.452,43.644],[20.448,43.645],[20.446,43.645],[20.443,43.647],[20.442,43.648],[20.437,43.651],[20.435,43.653],[20.432,43.654],[20.43,43.654],[20.429,43.654],[20.426,43.653],[20.422,43.648],[20.42,43.647],[20.417,43.646],[20.413,43.645],[20.41,43.645],[20.406,43.645],[20.398,43.647],[20.395,43.648],[20.392,43.648],[20.39,43.647],[20.388,43.646],[20.385,43.645],[20.381,43.642],[20.377,43.64],[20.366,43.636],[20.361,43.633],[20.358,43.631],[20.357,43.63],[20.357,43.629],[20.358,43.628],[20.364,43.619],[20.366,43.616],[20.368,43.614],[20.371,43.612],[20.373,43.61],[20.373,43.608],[20.373,43.607],[20.372,43.605],[20.371,43.603],[20.369,43.603],[20.368,43.6],[20.367,43.594],[20.366,43.591],[20.367,43.588],[20.368,43.582],[20.368,43.58],[20.367,43.578],[20.366,43.576],[20.357,43.565],[20.354,43.559],[20.353,43.557],[20.349,43.554],[20.344,43.551],[20.325,43.543],[20.315,43.539],[20.309,43.537],[20.308,43.536],[20.306,43.535],[20.305,43.533],[20.306,43.532],[20.307,43.531],[20.313,43.527],[20.317,43.522],[20.319,43.52],[20.327,43.515],[20.338,43.507],[20.34,43.506],[20.343,43.505],[20.348,43.503],[20.35,43.503],[20.352,43.501],[20.354,43.5],[20.355,43.499],[20.358,43.495],[20.36,43.493],[20.362,43.491],[20.37,43.486],[20.383,43.474],[20.386,43.471],[20.387,43.467],[20.389,43.465],[20.39,43.463],[20.393,43.461],[20.399,43.457],[20.4,43.456],[20.402,43.454],[20.403,43.451],[20.403,43.449],[20.403,43.446],[20.403,43.443],[20.401,43.437],[20.4,43.432],[20.399,43.429],[20.396,43.425],[20.395,43.423],[20.395,43.422],[20.395,43.42],[20.397,43.417],[20.397,43.412],[20.398,43.41],[20.4,43.408],[20.404,43.404],[20.405,43.402],[20.406,43.4],[20.405,43.398],[20.404,43.396],[20.398,43.39],[20.397,43.388],[20.396,43.386],[20.398,43.383],[20.399,43.382],[20.402,43.38],[20.404,43.379],[20.411,43.377],[20.412,43.377],[20.412,43.375],[20.412,43.373],[20.409,43.367],[20.409,43.363],[20.41,43.361],[20.411,43.36],[20.414,43.356],[20.419,43.353],[20.421,43.351],[20.421,43.35],[20.421,43.349],[20.421,43.348],[20.42,43.347],[20.417,43.345],[20.415,43.342],[20.414,43.341],[20.414,43.339],[20.414,43.335],[20.413,43.333],[20.412,43.332],[20.409,43.331],[20.408,43.331],[20.406,43.33],[20.397,43.33],[20.395,43.33],[20.393,43.329],[20.39,43.328],[20.388,43.327],[20.384,43.324],[20.383,43.322],[20.379,43.315],[20.373,43.309],[20.369,43.303],[20.366,43.3],[20.361,43.297],[20.359,43.296],[20.35,43.292],[20.345,43.289],[20.339,43.286],[20.337,43.285],[20.336,43.284],[20.335,43.282],[20.334,43.275],[20.328,43.261],[20.326,43.26],[20.323,43.26],[20.321,43.26],[20.319,43.261],[20.316,43.262],[20.313,43.264],[20.311,43.265],[20.302,43.267],[20.3,43.268],[20.298,43.27],[20.293,43.274],[20.287,43.277],[20.285,43.279],[20.282,43.284],[20.278,43.289],[20.267,43.299],[20.267,43.302],[20.266,43.305],[20.264,43.307],[20.259,43.311],[20.256,43.313],[20.254,43.315],[20.252,43.316],[20.245,43.318],[20.242,43.318],[20.241,43.318],[20.238,43.317],[20.232,43.315],[20.229,43.314],[20.217,43.313],[20.206,43.31],[20.202,43.309],[20.198,43.309],[20.182,43.309],[20.178,43.309],[20.174,43.308],[20.166,43.305],[20.159,43.303],[20.155,43.303],[20.144,43.302],[20.138,43.301],[20.136,43.301],[20.128,43.297],[20.126,43.297],[20.124,43.296],[20.122,43.297],[20.119,43.297],[20.117,43.298],[20.11,43.305],[20.107,43.306],[20.1,43.309],[20.096,43.312],[20.093,43.314],[20.092,43.316],[20.09,43.319],[20.09,43.321],[20.09,43.322],[20.091,43.324],[20.093,43.325],[20.096,43.327],[20.097,43.329],[20.098,43.331],[20.098,43.333],[20.097,43.335],[20.096,43.337],[20.087,43.344],[20.086,43.346],[20.083,43.352],[20.079,43.357],[20.077,43.359],[20.077,43.361],[20.077,43.364],[20.076,43.366],[20.075,43.368],[20.065,43.377],[20.057,43.384],[20.055,43.386],[20.053,43.388],[20.052,43.39],[20.05,43.396],[20.048,43.398],[20.043,43.404],[20.036,43.41],[20.028,43.419],[20.029,43.42],[20.028,43.422],[20.024,43.425],[20.022,43.427],[20.018,43.432],[20.012,43.442],[20.011,43.445],[20.011,43.448],[20.011,43.451],[20.013,43.458],[20.013,43.46],[20.012,43.462],[20.011,43.464],[20.007,43.467],[20.006,43.469],[20.005,43.471],[20.003,43.479],[20.002,43.482],[20,43.484],[19.997,43.486],[19.995,43.486],[19.986,43.488],[19.978,43.489],[19.967,43.489],[19.963,43.49],[19.961,43.49],[19.96,43.491],[19.958,43.492],[19.957,43.494],[19.955,43.498],[19.954,43.5],[19.953,43.502],[19.951,43.503],[19.942,43.506],[19.939,43.507],[19.935,43.508],[19.927,43.509],[19.922,43.509],[19.918,43.51],[19.915,43.512],[19.91,43.515],[19.905,43.519],[19.903,43.521],[19.9,43.527],[19.895,43.533],[19.894,43.535],[19.894,43.537],[19.895,43.539],[19.897,43.54],[19.899,43.542],[19.907,43.545],[19.908,43.546],[19.91,43.547],[19.911,43.549],[19.911,43.55],[19.911,43.552],[19.911,43.554],[19.907,43.56],[19.907,43.561],[19.906,43.564],[19.906,43.567],[19.907,43.57],[19.909,43.576],[19.925,43.569],[19.939,43.56],[19.946,43.556],[19.95,43.554],[19.954,43.553],[19.957,43.554],[19.966,43.557],[19.974,43.558],[19.975,43.559],[19.977,43.561],[19.981,43.567],[19.997,43.58],[19.998,43.582],[20,43.582],[20.008,43.585],[20.013,43.587],[20.018,43.591],[20.033,43.601],[20.038,43.604],[20.041,43.605],[20.043,43.606],[20.046,43.606],[20.049,43.606],[20.051,43.605],[20.056,43.603],[20.061,43.602],[20.063,43.601],[20.066,43.601],[20.07,43.602],[20.075,43.603],[20.077,43.604],[20.08,43.605],[20.082,43.607],[20.084,43.609],[20.086,43.611],[20.086,43.613],[20.085,43.617],[20.085,43.619],[20.086,43.625],[20.086,43.638],[20.083,43.64],[20.083,43.641],[20.082,43.642],[20.082,43.643],[20.082,43.644],[20.082,43.645],[20.083,43.645],[20.084,43.645],[20.087,43.645],[20.089,43.645],[20.092,43.643],[20.098,43.642],[20.1,43.642],[20.107,43.644],[20.11,43.644],[20.124,43.642],[20.129,43.641],[20.132,43.64],[20.135,43.639],[20.145,43.635],[20.151,43.632],[20.154,43.632],[20.156,43.632],[20.158,43.632],[20.161,43.634],[20.163,43.635],[20.164,43.637],[20.166,43.638],[20.167,43.64],[20.169,43.646],[20.17,43.648],[20.171,43.65],[20.173,43.652],[20.174,43.654],[20.175,43.656],[20.175,43.658],[20.175,43.66],[20.174,43.661],[20.173,43.663],[20.169,43.666],[20.159,43.672],[20.156,43.673],[20.155,43.675],[20.154,43.677],[20.153,43.678],[20.154,43.68],[20.155,43.681],[20.159,43.685],[20.16,43.686],[20.161,43.688],[20.164,43.694],[20.168,43.7],[20.169,43.701],[20.169,43.704],[20.169,43.706],[20.167,43.71],[20.166,43.711],[20.166,43.718],[20.165,43.719],[20.165,43.721],[20.163,43.722],[20.149,43.726],[20.143,43.729],[20.136,43.733],[20.129,43.736],[20.127,43.737],[20.125,43.738],[20.124,43.74],[20.124,43.742],[20.124,43.746],[20.122,43.751],[20.121,43.753],[20.122,43.757],[20.123,43.762],[20.123,43.764],[20.122,43.767],[20.119,43.774],[20.119,43.775],[20.12,43.777],[20.121,43.779],[20.122,43.781],[20.124,43.783],[20.128,43.785],[20.13,43.787],[20.13,43.788],[20.13,43.79],[20.13,43.792],[20.129,43.794],[20.126,43.797],[20.122,43.8],[20.115,43.804],[20.113,43.805],[20.106,43.812],[20.105,43.814],[20.105,43.815],[20.105,43.818],[20.106,43.821],[20.107,43.823],[20.107,43.825],[20.106,43.827],[20.105,43.829],[20.104,43.831],[20.102,43.832],[20.095,43.834],[20.093,43.835],[20.09,43.837],[20.088,43.84],[20.088,43.842],[20.088,43.844],[20.088,43.846],[20.09,43.852],[20.092,43.855],[20.093,43.857],[20.1,43.862],[20.102,43.864],[20.105,43.868],[20.106,43.869],[20.11,43.872],[20.112,43.873],[20.115,43.874],[20.117,43.874],[20.128,43.873],[20.136,43.873],[20.144,43.875],[20.156,43.877],[20.139,43.882],[20.128,43.885],[20.116,43.891],[20.111,43.895],[20.101,43.9],[20.099,43.901],[20.089,43.912],[20.088,43.914],[20.087,43.916],[20.087,43.918],[20.087,43.919],[20.088,43.921],[20.09,43.922],[20.097,43.925],[20.098,43.926],[20.102,43.929],[20.103,43.931],[20.104,43.933],[20.104,43.935],[20.103,43.938],[20.099,43.943],[20.096,43.95],[20.092,43.95],[20.087,43.951],[20.071,43.959],[20.068,43.96],[20.066,43.962],[20.065,43.964],[20.064,43.966],[20.065,43.967],[20.065,43.969],[20.068,43.972],[20.069,43.974],[20.069,43.975],[20.068,43.976],[20.066,43.977],[20.058,43.979],[20.056,43.98],[20.056,43.981],[20.056,43.982],[20.056,43.984],[20.059,43.992],[20.06,43.993],[20.062,43.995],[20.069,44],[20.071,44.002],[20.074,44.006],[20.075,44.008],[20.075,44.01],[20.073,44.012],[20.072,44.013],[20.069,44.015],[20.061,44.02],[20.058,44.022],[20.056,44.024],[20.056,44.025],[20.055,44.027],[20.055,44.028],[20.056,44.03],[20.057,44.031],[20.061,44.034],[20.063,44.036],[20.063,44.037],[20.062,44.04],[20.06,44.045],[20.059,44.047],[20.059,44.049],[20.059,44.051],[20.062,44.056],[20.069,44.063],[20.071,44.065],[20.071,44.067],[20.07,44.071],[20.064,44.082],[20.062,44.085],[20.075,44.085],[20.079,44.085],[20.083,44.084],[20.095,44.081],[20.105,44.079],[20.107,44.079],[20.11,44.078],[20.118,44.075],[20.121,44.074],[20.123,44.074],[20.125,44.074],[20.126,44.074],[20.127,44.075],[20.128,44.076],[20.127,44.077],[20.123,44.087],[20.123,44.09],[20.123,44.092],[20.124,44.094],[20.125,44.095],[20.127,44.096],[20.129,44.097],[20.15,44.1],[20.152,44.1],[20.156,44.099],[20.158,44.1],[20.16,44.1],[20.163,44.102],[20.167,44.107],[20.171,44.11],[20.174,44.111],[20.177,44.112],[20.179,44.112],[20.182,44.113],[20.192,44.111],[20.196,44.112],[20.199,44.112],[20.208,44.114],[20.21,44.114],[20.212,44.114],[20.223,44.112],[20.226,44.111],[20.229,44.112],[20.236,44.113],[20.24,44.114],[20.249,44.118],[20.254,44.119],[20.257,44.12],[20.261,44.12],[20.28,44.12],[20.283,44.12],[20.285,44.121],[20.287,44.121],[20.288,44.123],[20.29,44.125],[20.291,44.129],[20.292,44.131],[20.293,44.133],[20.296,44.135],[20.298,44.137],[20.301,44.138],[20.308,44.141],[20.316,44.144],[20.328,44.147],[20.331,44.149],[20.335,44.152],[20.337,44.154],[20.337,44.155],[20.337,44.158],[20.336,44.163],[20.336,44.165],[20.338,44.167],[20.34,44.168],[20.346,44.171],[20.349,44.172],[20.351,44.173],[20.354,44.174],[20.357,44.174],[20.364,44.173],[20.367,44.173],[20.368,44.174],[20.371,44.175],[20.372,44.176],[20.373,44.177],[20.375,44.179],[20.376,44.182],[20.376,44.184],[20.375,44.189],[20.375,44.191],[20.376,44.195],[20.378,44.198],[20.379,44.2],[20.381,44.201],[20.383,44.202],[20.385,44.203],[20.394,44.204],[20.396,44.204],[20.398,44.205],[20.399,44.206],[20.4,44.208],[20.403,44.217],[20.405,44.222],[20.409,44.227],[20.411,44.229],[20.418,44.236],[20.423,44.242],[20.427,44.237],[20.435,44.23],[20.436,44.229],[20.436,44.227],[20.436,44.225],[20.436,44.223],[20.433,44.216],[20.432,44.214],[20.434,44.207],[20.436,44.201],[20.439,44.193],[20.44,44.19],[20.443,44.186],[20.446,44.181],[20.448,44.179],[20.45,44.178],[20.453,44.177],[20.457,44.176],[20.462,44.176],[20.462,44.175],[20.462,44.173],[20.462,44.17],[20.46,44.162],[20.46,44.16],[20.46,44.158],[20.462,44.156],[20.465,44.154],[20.467,44.154],[20.469,44.153],[20.472,44.153],[20.482,44.152],[20.485,44.152],[20.488,44.151],[20.491,44.15],[20.497,44.146],[20.499,44.144],[20.506,44.141],[20.512,44.138],[20.513,44.137],[20.515,44.135],[20.516,44.133],[20.518,44.124],[20.519,44.123],[20.52,44.12],[20.529,44.114],[20.532,44.11],[20.535,44.105],[20.538,44.1],[20.539,44.097],[20.54,44.091],[20.539,44.081],[20.54,44.079],[20.542,44.077],[20.544,44.076],[20.548,44.074],[20.553,44.073],[20.558,44.071],[20.565,44.067],[20.571,44.064],[20.578,44.062],[20.59,44.058],[20.595,44.056],[20.598,44.054],[20.604,44.05],[20.606,44.048],[20.608,44.047],[20.61,44.042],[20.612,44.041],[20.614,44.039],[20.621,44.035],[20.624,44.033],[20.637,44.02],[20.633,44.018],[20.628,44.014],[20.624,44.011],[20.622,44.007],[20.62,44.005],[20.619,44.005],[20.617,44.005],[20.615,44.005],[20.613,44.006],[20.61,44.007],[20.608,44.008],[20.603,44.011],[20.601,44.012],[20.599,44.012],[20.597,44.012],[20.595,44.011],[20.594,44.01],[20.593,44.009],[20.593,44.004],[20.592,44.003],[20.591,44.002],[20.588,43.999],[20.58,43.995],[20.575,43.992],[20.572,43.99],[20.569,43.985],[20.566,43.98],[20.566,43.978],[20.566,43.976],[20.567,43.973],[20.567,43.971],[20.566,43.969],[20.565,43.967],[20.563,43.965],[20.554,43.961],[20.545,43.955],[20.542,43.953],[20.538,43.951],[20.526,43.947],[20.528,43.945],[20.531,43.942],[20.536,43.939],[20.54,43.937],[20.542,43.936],[20.543,43.934],[20.544,43.93],[20.545,43.92],[20.545,43.919],[20.546,43.917],[20.548,43.916],[20.553,43.912],[20.561,43.909],[20.565,43.907],[20.572,43.906],[20.576,43.905],[20.579,43.903],[20.583,43.9],[20.588,43.896],[20.591,43.892],[20.594,43.886],[20.597,43.883],[20.601,43.877],[20.604,43.872],[20.606,43.87],[20.614,43.864],[20.621,43.859]]]}},{"type":"Feature","id":"RS-18","properties":{"id":"RS-18","countryCode":"RS","isoSubdivision":"RS-18","name":"Raška","name_en":"Raška","name_ko":"라슈카구","type":"District","labelLongitude":20.578,"labelLatitude":43.381,"minZoom":9},"geometry":{"type":"Polygon","coordinates":[[[20.81,43.26],[20.794,43.263],[20.77,43.261],[20.745,43.253],[20.667,43.21],[20.645,43.203],[20.612,43.202],[20.604,43.198],[20.598,43.185],[20.6,43.174],[20.612,43.155],[20.621,43.133],[20.626,43.124],[20.632,43.117],[20.641,43.115],[20.652,43.116],[20.662,43.116],[20.669,43.11],[20.665,43.085],[20.644,43.052],[20.617,43.022],[20.596,43.007],[20.584,43.007],[20.573,43.009],[20.562,43.009],[20.553,43.003],[20.544,42.987],[20.538,42.981],[20.53,42.975],[20.511,42.97],[20.493,42.97],[20.476,42.966],[20.459,42.95],[20.451,42.922],[20.467,42.91],[20.489,42.899],[20.494,42.887],[20.499,42.878],[20.476,42.856],[20.428,42.841],[20.345,42.827],[20.355,42.866],[20.354,42.891],[20.337,42.907],[20.276,42.93],[20.223,42.958],[20.195,42.967],[20.141,42.971],[20.129,42.974],[20.117,42.977],[20.056,43.021],[20.054,43.022],[20.058,43.026],[20.06,43.028],[20.061,43.03],[20.062,43.038],[20.063,43.041],[20.069,43.053],[20.071,43.056],[20.075,43.06],[20.076,43.061],[20.08,43.068],[20.084,43.073],[20.09,43.081],[20.096,43.086],[20.098,43.087],[20.101,43.089],[20.103,43.09],[20.111,43.092],[20.117,43.095],[20.12,43.096],[20.125,43.096],[20.128,43.096],[20.134,43.095],[20.137,43.095],[20.138,43.096],[20.14,43.096],[20.142,43.097],[20.143,43.099],[20.144,43.1],[20.144,43.102],[20.144,43.104],[20.143,43.106],[20.14,43.111],[20.139,43.113],[20.139,43.115],[20.14,43.117],[20.142,43.119],[20.144,43.12],[20.151,43.125],[20.153,43.126],[20.156,43.13],[20.158,43.132],[20.166,43.139],[20.168,43.14],[20.169,43.141],[20.171,43.141],[20.183,43.14],[20.195,43.14],[20.207,43.14],[20.211,43.14],[20.215,43.14],[20.219,43.142],[20.224,43.144],[20.226,43.145],[20.236,43.148],[20.244,43.152],[20.246,43.152],[20.252,43.153],[20.265,43.155],[20.282,43.157],[20.279,43.16],[20.276,43.163],[20.274,43.165],[20.271,43.169],[20.27,43.171],[20.267,43.173],[20.265,43.174],[20.259,43.176],[20.256,43.177],[20.249,43.182],[20.246,43.183],[20.244,43.183],[20.238,43.185],[20.234,43.186],[20.231,43.188],[20.229,43.189],[20.226,43.195],[20.224,43.198],[20.221,43.2],[20.219,43.201],[20.216,43.202],[20.209,43.204],[20.208,43.205],[20.206,43.206],[20.205,43.208],[20.202,43.216],[20.201,43.218],[20.201,43.219],[20.202,43.221],[20.203,43.222],[20.205,43.224],[20.212,43.227],[20.218,43.231],[20.228,43.236],[20.231,43.238],[20.233,43.239],[20.234,43.242],[20.235,43.252],[20.235,43.254],[20.239,43.262],[20.242,43.268],[20.246,43.274],[20.249,43.28],[20.26,43.292],[20.267,43.299],[20.278,43.289],[20.282,43.284],[20.285,43.279],[20.287,43.277],[20.293,43.274],[20.298,43.27],[20.3,43.268],[20.302,43.267],[20.311,43.265],[20.313,43.264],[20.316,43.262],[20.319,43.261],[20.321,43.26],[20.323,43.26],[20.326,43.26],[20.328,43.261],[20.334,43.275],[20.335,43.282],[20.336,43.284],[20.337,43.285],[20.339,43.286],[20.345,43.289],[20.35,43.292],[20.359,43.296],[20.361,43.297],[20.366,43.3],[20.369,43.303],[20.373,43.309],[20.379,43.315],[20.383,43.322],[20.384,43.324],[20.388,43.327],[20.39,43.328],[20.393,43.329],[20.395,43.33],[20.397,43.33],[20.406,43.33],[20.408,43.331],[20.409,43.331],[20.412,43.332],[20.413,43.333],[20.414,43.335],[20.414,43.339],[20.414,43.341],[20.415,43.342],[20.417,43.345],[20.42,43.347],[20.421,43.348],[20.421,43.349],[20.421,43.35],[20.421,43.351],[20.419,43.353],[20.414,43.356],[20.411,43.36],[20.41,43.361],[20.409,43.363],[20.409,43.367],[20.412,43.373],[20.412,43.375],[20.412,43.377],[20.411,43.377],[20.404,43.379],[20.402,43.38],[20.399,43.382],[20.398,43.383],[20.396,43.386],[20.397,43.388],[20.398,43.39],[20.404,43.396],[20.405,43.398],[20.406,43.4],[20.405,43.402],[20.404,43.404],[20.4,43.408],[20.398,43.41],[20.397,43.412],[20.397,43.417],[20.395,43.42],[20.395,43.422],[20.395,43.423],[20.396,43.425],[20.399,43.429],[20.4,43.432],[20.401,43.437],[20.403,43.443],[20.403,43.446],[20.403,43.449],[20.403,43.451],[20.402,43.454],[20.4,43.456],[20.399,43.457],[20.393,43.461],[20.39,43.463],[20.389,43.465],[20.387,43.467],[20.386,43.471],[20.383,43.474],[20.37,43.486],[20.362,43.491],[20.36,43.493],[20.358,43.495],[20.355,43.499],[20.354,43.5],[20.352,43.501],[20.35,43.503],[20.348,43.503],[20.343,43.505],[20.34,43.506],[20.338,43.507],[20.327,43.515],[20.319,43.52],[20.317,43.522],[20.313,43.527],[20.307,43.531],[20.306,43.532],[20.305,43.533],[20.306,43.535],[20.308,43.536],[20.309,43.537],[20.315,43.539],[20.325,43.543],[20.344,43.551],[20.349,43.554],[20.353,43.557],[20.354,43.559],[20.357,43.565],[20.366,43.576],[20.367,43.578],[20.368,43.58],[20.368,43.582],[20.367,43.588],[20.366,43.591],[20.367,43.594],[20.368,43.6],[20.369,43.603],[20.371,43.603],[20.372,43.605],[20.373,43.607],[20.373,43.608],[20.373,43.61],[20.371,43.612],[20.368,43.614],[20.366,43.616],[20.364,43.619],[20.358,43.628],[20.357,43.629],[20.357,43.63],[20.358,43.631],[20.361,43.633],[20.366,43.636],[20.377,43.64],[20.381,43.642],[20.385,43.645],[20.388,43.646],[20.39,43.647],[20.392,43.648],[20.395,43.648],[20.398,43.647],[20.406,43.645],[20.41,43.645],[20.413,43.645],[20.417,43.646],[20.42,43.647],[20.422,43.648],[20.426,43.653],[20.429,43.654],[20.43,43.654],[20.432,43.654],[20.435,43.653],[20.437,43.651],[20.442,43.648],[20.443,43.647],[20.446,43.645],[20.448,43.645],[20.452,43.644],[20.455,43.645],[20.458,43.646],[20.46,43.647],[20.462,43.648],[20.465,43.655],[20.466,43.66],[20.466,43.664],[20.466,43.666],[20.461,43.676],[20.46,43.68],[20.459,43.683],[20.46,43.688],[20.461,43.694],[20.461,43.696],[20.46,43.698],[20.459,43.7],[20.457,43.701],[20.454,43.703],[20.437,43.709],[20.439,43.712],[20.442,43.721],[20.443,43.722],[20.446,43.725],[20.448,43.727],[20.45,43.728],[20.452,43.728],[20.459,43.73],[20.468,43.732],[20.474,43.733],[20.476,43.734],[20.483,43.737],[20.487,43.739],[20.489,43.739],[20.492,43.739],[20.494,43.739],[20.503,43.737],[20.506,43.737],[20.51,43.738],[20.514,43.739],[20.519,43.741],[20.523,43.744],[20.526,43.745],[20.529,43.748],[20.53,43.75],[20.531,43.752],[20.53,43.753],[20.528,43.757],[20.524,43.764],[20.523,43.768],[20.523,43.77],[20.524,43.771],[20.528,43.775],[20.529,43.776],[20.53,43.78],[20.531,43.781],[20.533,43.783],[20.536,43.784],[20.542,43.786],[20.546,43.788],[20.561,43.798],[20.563,43.799],[20.564,43.801],[20.564,43.802],[20.565,43.804],[20.564,43.806],[20.563,43.808],[20.559,43.812],[20.558,43.814],[20.557,43.816],[20.558,43.818],[20.559,43.82],[20.56,43.821],[20.569,43.825],[20.571,43.827],[20.573,43.83],[20.575,43.832],[20.581,43.835],[20.585,43.838],[20.594,43.845],[20.597,43.847],[20.621,43.859],[20.626,43.854],[20.633,43.848],[20.636,43.845],[20.642,43.842],[20.655,43.836],[20.657,43.834],[20.659,43.832],[20.661,43.83],[20.662,43.828],[20.662,43.826],[20.662,43.823],[20.662,43.821],[20.662,43.819],[20.664,43.818],[20.669,43.814],[20.672,43.811],[20.676,43.805],[20.686,43.794],[20.688,43.79],[20.69,43.788],[20.692,43.787],[20.694,43.786],[20.702,43.783],[20.705,43.782],[20.71,43.778],[20.713,43.777],[20.718,43.776],[20.721,43.775],[20.725,43.775],[20.733,43.775],[20.737,43.776],[20.74,43.776],[20.746,43.778],[20.76,43.785],[20.767,43.787],[20.769,43.788],[20.77,43.789],[20.771,43.791],[20.771,43.792],[20.769,43.799],[20.77,43.806],[20.769,43.808],[20.768,43.809],[20.761,43.814],[20.759,43.816],[20.759,43.818],[20.759,43.82],[20.761,43.822],[20.763,43.823],[20.765,43.824],[20.776,43.826],[20.779,43.827],[20.787,43.83],[20.789,43.831],[20.791,43.831],[20.795,43.832],[20.799,43.832],[20.807,43.832],[20.819,43.83],[20.833,43.828],[20.835,43.828],[20.837,43.828],[20.839,43.829],[20.841,43.83],[20.846,43.836],[20.848,43.837],[20.85,43.838],[20.854,43.84],[20.856,43.84],[20.859,43.84],[20.861,43.84],[20.863,43.839],[20.866,43.838],[20.868,43.836],[20.87,43.833],[20.871,43.832],[20.874,43.83],[20.879,43.829],[20.894,43.827],[20.894,43.826],[20.894,43.825],[20.895,43.825],[20.895,43.824],[20.897,43.823],[20.898,43.821],[20.899,43.82],[20.899,43.817],[20.899,43.816],[20.9,43.815],[20.9,43.814],[20.901,43.814],[20.902,43.814],[20.903,43.813],[20.904,43.813],[20.904,43.812],[20.906,43.811],[20.908,43.807],[20.909,43.797],[20.91,43.795],[20.912,43.789],[20.914,43.784],[20.916,43.781],[20.92,43.777],[20.921,43.774],[20.922,43.772],[20.922,43.769],[20.923,43.761],[20.923,43.758],[20.925,43.755],[20.927,43.753],[20.928,43.752],[20.933,43.749],[20.936,43.748],[20.938,43.745],[20.943,43.74],[20.957,43.728],[20.943,43.728],[20.941,43.728],[20.94,43.728],[20.94,43.727],[20.939,43.727],[20.937,43.725],[20.936,43.724],[20.935,43.724],[20.934,43.724],[20.931,43.724],[20.93,43.725],[20.928,43.725],[20.926,43.725],[20.923,43.727],[20.922,43.727],[20.921,43.727],[20.918,43.727],[20.917,43.727],[20.916,43.727],[20.916,43.726],[20.916,43.725],[20.916,43.724],[20.916,43.723],[20.917,43.722],[20.919,43.72],[20.92,43.719],[20.921,43.717],[20.921,43.714],[20.921,43.712],[20.919,43.71],[20.916,43.705],[20.914,43.703],[20.913,43.701],[20.913,43.695],[20.913,43.69],[20.914,43.685],[20.915,43.682],[20.917,43.679],[20.917,43.677],[20.917,43.675],[20.916,43.674],[20.915,43.673],[20.906,43.668],[20.9,43.665],[20.895,43.662],[20.89,43.658],[20.887,43.655],[20.882,43.649],[20.878,43.644],[20.899,43.641],[20.903,43.641],[20.91,43.641],[20.912,43.64],[20.914,43.64],[20.916,43.638],[20.918,43.637],[20.919,43.635],[20.92,43.63],[20.921,43.629],[20.923,43.628],[20.925,43.627],[20.927,43.626],[20.935,43.624],[20.937,43.624],[20.94,43.622],[20.948,43.617],[20.95,43.615],[20.951,43.613],[20.951,43.611],[20.95,43.609],[20.948,43.608],[20.943,43.604],[20.937,43.6],[20.934,43.598],[20.922,43.593],[20.919,43.591],[20.915,43.588],[20.911,43.584],[20.908,43.579],[20.907,43.578],[20.907,43.575],[20.907,43.572],[20.907,43.57],[20.907,43.567],[20.908,43.564],[20.91,43.562],[20.913,43.558],[20.915,43.556],[20.916,43.554],[20.919,43.545],[20.919,43.54],[20.919,43.535],[20.919,43.534],[20.92,43.532],[20.925,43.527],[20.928,43.521],[20.93,43.519],[20.945,43.506],[20.932,43.502],[20.922,43.497],[20.919,43.497],[20.911,43.496],[20.9,43.494],[20.896,43.493],[20.889,43.493],[20.878,43.493],[20.87,43.493],[20.867,43.494],[20.86,43.496],[20.855,43.498],[20.853,43.499],[20.851,43.501],[20.847,43.506],[20.844,43.507],[20.836,43.513],[20.834,43.515],[20.831,43.516],[20.829,43.516],[20.827,43.516],[20.825,43.515],[20.822,43.513],[20.816,43.508],[20.813,43.506],[20.811,43.506],[20.806,43.505],[20.795,43.504],[20.793,43.504],[20.791,43.505],[20.789,43.505],[20.787,43.506],[20.781,43.511],[20.779,43.512],[20.777,43.513],[20.775,43.513],[20.773,43.513],[20.768,43.512],[20.76,43.509],[20.763,43.506],[20.766,43.502],[20.771,43.492],[20.773,43.49],[20.779,43.483],[20.781,43.481],[20.781,43.479],[20.781,43.477],[20.781,43.476],[20.78,43.474],[20.777,43.47],[20.776,43.469],[20.776,43.468],[20.777,43.466],[20.782,43.46],[20.782,43.458],[20.782,43.456],[20.778,43.449],[20.777,43.447],[20.775,43.438],[20.771,43.429],[20.77,43.424],[20.77,43.422],[20.771,43.418],[20.771,43.416],[20.77,43.414],[20.769,43.413],[20.763,43.409],[20.762,43.407],[20.761,43.405],[20.762,43.404],[20.762,43.403],[20.766,43.399],[20.767,43.398],[20.77,43.392],[20.771,43.39],[20.773,43.389],[20.775,43.388],[20.783,43.385],[20.791,43.382],[20.794,43.381],[20.796,43.381],[20.798,43.381],[20.801,43.382],[20.81,43.385],[20.812,43.385],[20.815,43.386],[20.818,43.385],[20.82,43.385],[20.829,43.383],[20.83,43.371],[20.833,43.363],[20.833,43.362],[20.832,43.36],[20.829,43.356],[20.829,43.354],[20.829,43.353],[20.831,43.343],[20.832,43.341],[20.834,43.338],[20.837,43.335],[20.838,43.334],[20.838,43.332],[20.836,43.328],[20.833,43.324],[20.831,43.322],[20.824,43.317],[20.821,43.314],[20.819,43.31],[20.818,43.308],[20.817,43.307],[20.814,43.306],[20.811,43.304],[20.809,43.302],[20.807,43.301],[20.806,43.299],[20.805,43.297],[20.805,43.295],[20.805,43.293],[20.809,43.286],[20.809,43.283],[20.809,43.281],[20.808,43.274],[20.808,43.272],[20.81,43.264],[20.81,43.26]]]}},{"type":"Feature","id":"RS-19","properties":{"id":"RS-19","countryCode":"RS","isoSubdivision":"RS-19","name":"Rasina","name_en":"Rasina","name_ko":"라시나구","type":"District","labelLongitude":21.164,"labelLatitude":43.521,"minZoom":9},"geometry":{"type":"Polygon","coordinates":[[[20.865,43.217],[20.855,43.231],[20.848,43.238],[20.838,43.246],[20.819,43.257],[20.81,43.26],[20.81,43.264],[20.808,43.272],[20.808,43.274],[20.809,43.281],[20.809,43.283],[20.809,43.286],[20.805,43.293],[20.805,43.295],[20.805,43.297],[20.806,43.299],[20.807,43.301],[20.809,43.302],[20.811,43.304],[20.814,43.306],[20.817,43.307],[20.818,43.308],[20.819,43.31],[20.821,43.314],[20.824,43.317],[20.831,43.322],[20.833,43.324],[20.836,43.328],[20.838,43.332],[20.838,43.334],[20.837,43.335],[20.834,43.338],[20.832,43.341],[20.831,43.343],[20.829,43.353],[20.829,43.354],[20.829,43.356],[20.832,43.36],[20.833,43.362],[20.833,43.363],[20.83,43.371],[20.829,43.383],[20.82,43.385],[20.818,43.385],[20.815,43.386],[20.812,43.385],[20.81,43.385],[20.801,43.382],[20.798,43.381],[20.796,43.381],[20.794,43.381],[20.791,43.382],[20.783,43.385],[20.775,43.388],[20.773,43.389],[20.771,43.39],[20.77,43.392],[20.767,43.398],[20.766,43.399],[20.762,43.403],[20.762,43.404],[20.761,43.405],[20.762,43.407],[20.763,43.409],[20.769,43.413],[20.77,43.414],[20.771,43.416],[20.771,43.418],[20.77,43.422],[20.77,43.424],[20.771,43.429],[20.775,43.438],[20.777,43.447],[20.778,43.449],[20.782,43.456],[20.782,43.458],[20.782,43.46],[20.777,43.466],[20.776,43.468],[20.776,43.469],[20.777,43.47],[20.78,43.474],[20.781,43.476],[20.781,43.477],[20.781,43.479],[20.781,43.481],[20.779,43.483],[20.773,43.49],[20.771,43.492],[20.766,43.502],[20.763,43.506],[20.76,43.509],[20.768,43.512],[20.773,43.513],[20.775,43.513],[20.777,43.513],[20.779,43.512],[20.781,43.511],[20.787,43.506],[20.789,43.505],[20.791,43.505],[20.793,43.504],[20.795,43.504],[20.806,43.505],[20.811,43.506],[20.813,43.506],[20.816,43.508],[20.822,43.513],[20.825,43.515],[20.827,43.516],[20.829,43.516],[20.831,43.516],[20.834,43.515],[20.836,43.513],[20.844,43.507],[20.847,43.506],[20.851,43.501],[20.853,43.499],[20.855,43.498],[20.86,43.496],[20.867,43.494],[20.87,43.493],[20.878,43.493],[20.889,43.493],[20.896,43.493],[20.9,43.494],[20.911,43.496],[20.919,43.497],[20.922,43.497],[20.932,43.502],[20.945,43.506],[20.93,43.519],[20.928,43.521],[20.925,43.527],[20.92,43.532],[20.919,43.534],[20.919,43.535],[20.919,43.54],[20.919,43.545],[20.916,43.554],[20.915,43.556],[20.913,43.558],[20.91,43.562],[20.908,43.564],[20.907,43.567],[20.907,43.57],[20.907,43.572],[20.907,43.575],[20.907,43.578],[20.908,43.579],[20.911,43.584],[20.915,43.588],[20.919,43.591],[20.922,43.593],[20.934,43.598],[20.937,43.6],[20.943,43.604],[20.948,43.608],[20.95,43.609],[20.951,43.611],[20.951,43.613],[20.95,43.615],[20.948,43.617],[20.94,43.622],[20.937,43.624],[20.935,43.624],[20.927,43.626],[20.925,43.627],[20.923,43.628],[20.921,43.629],[20.92,43.63],[20.919,43.635],[20.918,43.637],[20.916,43.638],[20.914,43.64],[20.912,43.64],[20.91,43.641],[20.903,43.641],[20.899,43.641],[20.878,43.644],[20.882,43.649],[20.887,43.655],[20.89,43.658],[20.895,43.662],[20.9,43.665],[20.906,43.668],[20.915,43.673],[20.916,43.674],[20.917,43.675],[20.917,43.677],[20.917,43.679],[20.915,43.682],[20.914,43.685],[20.913,43.69],[20.913,43.695],[20.913,43.701],[20.914,43.703],[20.916,43.705],[20.919,43.71],[20.921,43.712],[20.921,43.714],[20.921,43.717],[20.92,43.719],[20.919,43.72],[20.917,43.722],[20.916,43.723],[20.916,43.724],[20.916,43.725],[20.916,43.726],[20.916,43.727],[20.917,43.727],[20.918,43.727],[20.921,43.727],[20.922,43.727],[20.923,43.727],[20.926,43.725],[20.928,43.725],[20.93,43.725],[20.931,43.724],[20.934,43.724],[20.935,43.724],[20.936,43.724],[20.937,43.725],[20.939,43.727],[20.94,43.727],[20.94,43.728],[20.941,43.728],[20.943,43.728],[20.957,43.728],[20.96,43.727],[20.965,43.725],[20.971,43.724],[20.974,43.723],[20.975,43.723],[20.977,43.724],[20.981,43.726],[20.986,43.728],[20.988,43.728],[20.99,43.728],[20.992,43.728],[20.998,43.726],[21.001,43.725],[21.009,43.724],[21.013,43.723],[21.021,43.721],[21.024,43.72],[21.028,43.72],[21.043,43.719],[21.049,43.719],[21.051,43.718],[21.06,43.714],[21.064,43.713],[21.068,43.712],[21.076,43.712],[21.08,43.713],[21.088,43.713],[21.091,43.713],[21.093,43.713],[21.095,43.712],[21.101,43.709],[21.11,43.705],[21.113,43.704],[21.118,43.7],[21.121,43.698],[21.125,43.696],[21.139,43.691],[21.148,43.687],[21.14,43.705],[21.138,43.711],[21.137,43.714],[21.137,43.719],[21.136,43.724],[21.135,43.726],[21.135,43.729],[21.136,43.732],[21.139,43.736],[21.139,43.738],[21.138,43.743],[21.139,43.745],[21.14,43.747],[21.141,43.748],[21.143,43.749],[21.144,43.749],[21.154,43.747],[21.157,43.746],[21.16,43.745],[21.168,43.74],[21.17,43.739],[21.172,43.738],[21.174,43.738],[21.178,43.738],[21.18,43.739],[21.182,43.74],[21.191,43.745],[21.203,43.751],[21.206,43.753],[21.21,43.756],[21.215,43.761],[21.218,43.763],[21.22,43.763],[21.228,43.765],[21.23,43.765],[21.236,43.768],[21.239,43.769],[21.241,43.771],[21.241,43.773],[21.243,43.78],[21.243,43.782],[21.248,43.79],[21.248,43.793],[21.249,43.795],[21.249,43.801],[21.248,43.806],[21.247,43.809],[21.242,43.821],[21.255,43.826],[21.256,43.826],[21.257,43.827],[21.258,43.828],[21.258,43.829],[21.261,43.841],[21.269,43.837],[21.273,43.835],[21.275,43.833],[21.277,43.832],[21.277,43.831],[21.278,43.829],[21.278,43.828],[21.275,43.824],[21.274,43.823],[21.274,43.821],[21.274,43.818],[21.275,43.813],[21.275,43.809],[21.274,43.807],[21.271,43.802],[21.267,43.795],[21.266,43.793],[21.267,43.791],[21.268,43.787],[21.268,43.785],[21.267,43.783],[21.265,43.78],[21.262,43.776],[21.261,43.774],[21.26,43.773],[21.261,43.771],[21.261,43.77],[21.262,43.768],[21.264,43.767],[21.267,43.765],[21.269,43.764],[21.276,43.762],[21.28,43.761],[21.283,43.761],[21.289,43.762],[21.302,43.764],[21.32,43.77],[21.334,43.772],[21.338,43.772],[21.341,43.772],[21.345,43.772],[21.349,43.77],[21.351,43.771],[21.374,43.771],[21.367,43.765],[21.378,43.729],[21.384,43.724],[21.4,43.723],[21.408,43.724],[21.411,43.725],[21.418,43.729],[21.421,43.731],[21.43,43.734],[21.435,43.735],[21.438,43.736],[21.445,43.74],[21.446,43.74],[21.448,43.741],[21.45,43.741],[21.454,43.741],[21.456,43.741],[21.458,43.742],[21.46,43.743],[21.462,43.745],[21.466,43.749],[21.468,43.746],[21.47,43.744],[21.472,43.741],[21.472,43.738],[21.474,43.733],[21.474,43.73],[21.475,43.728],[21.477,43.727],[21.478,43.726],[21.48,43.725],[21.484,43.724],[21.487,43.723],[21.494,43.722],[21.496,43.721],[21.499,43.72],[21.501,43.719],[21.503,43.717],[21.504,43.715],[21.507,43.708],[21.509,43.699],[21.509,43.697],[21.508,43.695],[21.507,43.694],[21.504,43.692],[21.502,43.691],[21.5,43.69],[21.495,43.688],[21.492,43.687],[21.489,43.687],[21.481,43.689],[21.479,43.689],[21.477,43.689],[21.475,43.688],[21.474,43.687],[21.472,43.686],[21.472,43.685],[21.47,43.668],[21.476,43.668],[21.483,43.661],[21.487,43.654],[21.487,43.645],[21.482,43.634],[21.49,43.633],[21.494,43.631],[21.498,43.629],[21.503,43.628],[21.498,43.625],[21.494,43.623],[21.492,43.619],[21.49,43.614],[21.491,43.604],[21.482,43.598],[21.48,43.597],[21.479,43.596],[21.478,43.594],[21.479,43.592],[21.481,43.587],[21.481,43.586],[21.496,43.583],[21.501,43.581],[21.503,43.58],[21.508,43.578],[21.514,43.577],[21.517,43.574],[21.518,43.571],[21.519,43.568],[21.52,43.564],[21.521,43.562],[21.522,43.561],[21.523,43.559],[21.525,43.558],[21.529,43.556],[21.535,43.554],[21.537,43.552],[21.538,43.551],[21.539,43.549],[21.539,43.548],[21.538,43.545],[21.538,43.543],[21.539,43.541],[21.54,43.539],[21.542,43.537],[21.548,43.534],[21.554,43.528],[21.563,43.523],[21.564,43.522],[21.565,43.52],[21.566,43.519],[21.567,43.516],[21.567,43.512],[21.567,43.51],[21.566,43.507],[21.565,43.506],[21.564,43.504],[21.559,43.499],[21.555,43.494],[21.554,43.493],[21.549,43.489],[21.547,43.487],[21.546,43.486],[21.546,43.484],[21.548,43.474],[21.548,43.472],[21.547,43.469],[21.543,43.464],[21.543,43.462],[21.543,43.46],[21.544,43.458],[21.548,43.452],[21.549,43.45],[21.551,43.444],[21.553,43.441],[21.556,43.438],[21.558,43.435],[21.564,43.43],[21.565,43.428],[21.566,43.427],[21.567,43.424],[21.567,43.42],[21.567,43.418],[21.566,43.416],[21.564,43.413],[21.555,43.404],[21.553,43.402],[21.55,43.401],[21.549,43.401],[21.54,43.402],[21.538,43.402],[21.536,43.401],[21.533,43.4],[21.531,43.399],[21.52,43.393],[21.519,43.391],[21.517,43.389],[21.516,43.385],[21.515,43.383],[21.513,43.382],[21.512,43.381],[21.505,43.379],[21.503,43.378],[21.497,43.375],[21.495,43.374],[21.492,43.373],[21.482,43.371],[21.474,43.369],[21.469,43.368],[21.463,43.367],[21.46,43.366],[21.453,43.366],[21.45,43.366],[21.447,43.367],[21.44,43.369],[21.434,43.371],[21.431,43.372],[21.43,43.373],[21.429,43.374],[21.425,43.38],[21.423,43.382],[21.421,43.383],[21.418,43.384],[21.416,43.385],[21.413,43.385],[21.409,43.385],[21.406,43.384],[21.404,43.383],[21.404,43.382],[21.404,43.381],[21.399,43.381],[21.391,43.38],[21.385,43.379],[21.379,43.378],[21.376,43.378],[21.374,43.378],[21.37,43.379],[21.362,43.382],[21.357,43.383],[21.344,43.386],[21.342,43.387],[21.34,43.387],[21.337,43.386],[21.335,43.386],[21.329,43.383],[21.325,43.382],[21.322,43.381],[21.318,43.381],[21.303,43.38],[21.298,43.379],[21.293,43.378],[21.289,43.376],[21.269,43.367],[21.25,43.36],[21.246,43.359],[21.235,43.359],[21.221,43.356],[21.213,43.354],[21.213,43.353],[21.211,43.352],[21.209,43.35],[21.205,43.348],[21.202,43.347],[21.2,43.345],[21.198,43.342],[21.197,43.341],[21.197,43.339],[21.197,43.337],[21.2,43.331],[21.2,43.329],[21.199,43.324],[21.198,43.322],[21.197,43.32],[21.196,43.319],[21.194,43.317],[21.192,43.316],[21.185,43.313],[21.178,43.309],[21.169,43.304],[21.165,43.301],[21.164,43.3],[21.163,43.298],[21.161,43.292],[21.16,43.29],[21.159,43.288],[21.153,43.283],[21.152,43.282],[21.152,43.28],[21.152,43.279],[21.152,43.273],[21.151,43.271],[21.151,43.269],[21.15,43.267],[21.148,43.266],[21.143,43.264],[21.14,43.263],[21.139,43.261],[21.136,43.257],[21.134,43.255],[21.132,43.253],[21.13,43.253],[21.123,43.25],[21.117,43.248],[21.112,43.246],[21.106,43.242],[21.102,43.24],[21.095,43.238],[21.088,43.236],[21.084,43.236],[21.08,43.236],[21.073,43.236],[21.069,43.237],[21.066,43.237],[21.06,43.24],[21.058,43.241],[21.056,43.243],[21.054,43.247],[21.053,43.248],[21.051,43.249],[21.05,43.25],[21.044,43.252],[21.038,43.255],[21.036,43.255],[21.034,43.255],[21.032,43.255],[21.024,43.251],[21.017,43.249],[21.012,43.248],[21.009,43.248],[21.001,43.25],[20.997,43.251],[20.989,43.255],[20.987,43.255],[20.984,43.255],[20.98,43.254],[20.972,43.252],[20.968,43.251],[20.966,43.25],[20.965,43.248],[20.966,43.245],[20.967,43.242],[20.967,43.24],[20.966,43.238],[20.96,43.232],[20.951,43.225],[20.949,43.222],[20.948,43.219],[20.948,43.214],[20.948,43.208],[20.951,43.2],[20.952,43.188],[20.952,43.185],[20.953,43.183],[20.955,43.179],[20.956,43.178],[20.956,43.176],[20.955,43.175],[20.947,43.168],[20.945,43.167],[20.943,43.166],[20.936,43.164],[20.933,43.162],[20.931,43.161],[20.926,43.155],[20.92,43.15],[20.915,43.142],[20.912,43.139],[20.839,43.17],[20.832,43.179],[20.836,43.179],[20.839,43.192],[20.841,43.207],[20.84,43.212],[20.851,43.22],[20.862,43.218],[20.865,43.217]]]}},{"type":"Feature","id":"RS-20","properties":{"id":"RS-20","countryCode":"RS","isoSubdivision":"RS-20","name":"Nišava","name_en":"Nišava","name_ko":"니샤바구","type":"District","labelLongitude":21.909,"labelLatitude":43.339,"minZoom":9},"geometry":{"type":"Polygon","coordinates":[[[21.493,43.347],[21.49,43.347],[21.487,43.348],[21.485,43.35],[21.479,43.357],[21.469,43.368],[21.474,43.369],[21.482,43.371],[21.492,43.373],[21.495,43.374],[21.497,43.375],[21.503,43.378],[21.505,43.379],[21.512,43.381],[21.513,43.382],[21.515,43.383],[21.516,43.385],[21.517,43.389],[21.519,43.391],[21.52,43.393],[21.531,43.399],[21.533,43.4],[21.536,43.401],[21.538,43.402],[21.54,43.402],[21.549,43.401],[21.55,43.401],[21.553,43.402],[21.555,43.404],[21.564,43.413],[21.566,43.416],[21.567,43.418],[21.567,43.42],[21.567,43.424],[21.566,43.427],[21.565,43.428],[21.564,43.43],[21.558,43.435],[21.556,43.438],[21.553,43.441],[21.551,43.444],[21.549,43.45],[21.548,43.452],[21.544,43.458],[21.543,43.46],[21.543,43.462],[21.543,43.464],[21.547,43.469],[21.548,43.472],[21.548,43.474],[21.546,43.484],[21.546,43.486],[21.547,43.487],[21.549,43.489],[21.554,43.493],[21.555,43.494],[21.559,43.499],[21.564,43.504],[21.565,43.506],[21.566,43.507],[21.567,43.51],[21.567,43.512],[21.567,43.516],[21.566,43.519],[21.565,43.52],[21.564,43.522],[21.563,43.523],[21.554,43.528],[21.548,43.534],[21.542,43.537],[21.54,43.539],[21.539,43.541],[21.538,43.543],[21.538,43.545],[21.539,43.548],[21.539,43.549],[21.538,43.551],[21.537,43.552],[21.535,43.554],[21.529,43.556],[21.525,43.558],[21.523,43.559],[21.522,43.561],[21.521,43.562],[21.52,43.564],[21.519,43.568],[21.518,43.571],[21.517,43.574],[21.514,43.577],[21.508,43.578],[21.503,43.58],[21.501,43.581],[21.496,43.583],[21.481,43.586],[21.481,43.587],[21.479,43.592],[21.478,43.594],[21.479,43.596],[21.48,43.597],[21.482,43.598],[21.491,43.604],[21.49,43.614],[21.492,43.619],[21.494,43.623],[21.498,43.625],[21.503,43.628],[21.498,43.629],[21.494,43.631],[21.49,43.633],[21.482,43.634],[21.487,43.645],[21.487,43.654],[21.483,43.661],[21.476,43.668],[21.47,43.668],[21.472,43.685],[21.472,43.686],[21.474,43.687],[21.475,43.688],[21.477,43.689],[21.479,43.689],[21.481,43.689],[21.489,43.687],[21.492,43.687],[21.495,43.688],[21.5,43.69],[21.502,43.691],[21.504,43.692],[21.507,43.694],[21.508,43.695],[21.509,43.697],[21.509,43.699],[21.507,43.708],[21.504,43.715],[21.503,43.717],[21.501,43.719],[21.499,43.72],[21.496,43.721],[21.494,43.722],[21.487,43.723],[21.484,43.724],[21.48,43.725],[21.478,43.726],[21.477,43.727],[21.475,43.728],[21.474,43.73],[21.474,43.733],[21.472,43.738],[21.472,43.741],[21.47,43.744],[21.468,43.746],[21.466,43.749],[21.478,43.757],[21.485,43.76],[21.487,43.762],[21.493,43.763],[21.497,43.765],[21.501,43.767],[21.507,43.77],[21.509,43.771],[21.517,43.773],[21.521,43.774],[21.53,43.781],[21.533,43.782],[21.54,43.785],[21.542,43.786],[21.545,43.788],[21.547,43.79],[21.549,43.79],[21.554,43.791],[21.564,43.792],[21.567,43.792],[21.575,43.795],[21.578,43.795],[21.581,43.795],[21.587,43.795],[21.591,43.794],[21.599,43.792],[21.602,43.791],[21.608,43.791],[21.611,43.791],[21.614,43.792],[21.622,43.794],[21.633,43.797],[21.639,43.8],[21.646,43.803],[21.662,43.786],[21.664,43.784],[21.667,43.783],[21.68,43.777],[21.684,43.775],[21.687,43.772],[21.693,43.766],[21.704,43.756],[21.694,43.75],[21.691,43.749],[21.683,43.747],[21.681,43.747],[21.678,43.745],[21.677,43.744],[21.676,43.743],[21.674,43.74],[21.674,43.738],[21.674,43.737],[21.675,43.736],[21.677,43.735],[21.679,43.734],[21.686,43.732],[21.689,43.73],[21.691,43.728],[21.695,43.724],[21.699,43.72],[21.7,43.718],[21.7,43.717],[21.7,43.715],[21.7,43.713],[21.699,43.712],[21.695,43.709],[21.691,43.706],[21.686,43.704],[21.684,43.703],[21.683,43.701],[21.683,43.7],[21.683,43.699],[21.684,43.698],[21.686,43.692],[21.687,43.686],[21.688,43.67],[21.689,43.668],[21.69,43.665],[21.691,43.663],[21.698,43.658],[21.699,43.657],[21.7,43.655],[21.701,43.653],[21.702,43.646],[21.703,43.644],[21.705,43.642],[21.715,43.633],[21.717,43.631],[21.719,43.627],[21.722,43.625],[21.724,43.623],[21.734,43.618],[21.738,43.615],[21.742,43.612],[21.744,43.61],[21.747,43.606],[21.75,43.603],[21.751,43.601],[21.751,43.599],[21.75,43.594],[21.75,43.592],[21.75,43.59],[21.752,43.589],[21.755,43.586],[21.764,43.582],[21.768,43.578],[21.771,43.577],[21.773,43.576],[21.775,43.576],[21.778,43.575],[21.781,43.575],[21.784,43.575],[21.793,43.577],[21.812,43.578],[21.814,43.578],[21.816,43.577],[21.823,43.573],[21.828,43.571],[21.831,43.57],[21.833,43.57],[21.835,43.57],[21.838,43.571],[21.847,43.573],[21.849,43.573],[21.852,43.573],[21.859,43.572],[21.863,43.571],[21.866,43.569],[21.868,43.567],[21.871,43.563],[21.877,43.55],[21.88,43.544],[21.884,43.538],[21.885,43.536],[21.887,43.534],[21.899,43.527],[21.903,43.525],[21.905,43.523],[21.91,43.516],[21.913,43.514],[21.928,43.515],[21.934,43.516],[21.941,43.518],[21.948,43.522],[21.951,43.522],[21.953,43.523],[21.955,43.523],[21.957,43.522],[21.965,43.519],[21.967,43.518],[21.973,43.518],[21.976,43.518],[21.979,43.518],[21.983,43.52],[21.984,43.521],[21.986,43.522],[21.987,43.523],[21.987,43.524],[21.987,43.526],[21.985,43.527],[21.984,43.528],[21.977,43.53],[21.974,43.531],[21.972,43.533],[21.964,43.539],[21.954,43.547],[21.952,43.548],[21.951,43.549],[21.951,43.551],[21.95,43.555],[21.949,43.559],[21.949,43.561],[21.952,43.568],[21.953,43.57],[21.955,43.571],[21.959,43.572],[21.967,43.573],[21.97,43.573],[21.974,43.572],[21.977,43.57],[21.993,43.558],[21.992,43.557],[21.993,43.556],[21.994,43.553],[21.996,43.551],[21.999,43.549],[22.004,43.546],[22.013,43.541],[22.018,43.538],[22.023,43.535],[22.025,43.534],[22.026,43.533],[22.026,43.531],[22.026,43.528],[22.026,43.526],[22.025,43.525],[22.023,43.522],[22.022,43.521],[22.022,43.52],[22.023,43.519],[22.025,43.517],[22.03,43.513],[22.035,43.51],[22.04,43.506],[22.041,43.505],[22.042,43.503],[22.04,43.5],[22.04,43.499],[22.04,43.498],[22.041,43.496],[22.043,43.494],[22.045,43.492],[22.047,43.491],[22.052,43.489],[22.054,43.489],[22.057,43.489],[22.06,43.49],[22.066,43.492],[22.069,43.493],[22.072,43.493],[22.077,43.492],[22.086,43.491],[22.088,43.49],[22.094,43.488],[22.102,43.484],[22.104,43.483],[22.106,43.482],[22.115,43.481],[22.119,43.479],[22.123,43.477],[22.132,43.47],[22.134,43.469],[22.141,43.466],[22.143,43.466],[22.153,43.463],[22.166,43.461],[22.169,43.461],[22.172,43.461],[22.175,43.461],[22.188,43.463],[22.19,43.464],[22.199,43.468],[22.201,43.469],[22.206,43.469],[22.209,43.469],[22.212,43.469],[22.22,43.466],[22.231,43.463],[22.235,43.462],[22.238,43.46],[22.24,43.459],[22.241,43.458],[22.242,43.456],[22.243,43.454],[22.242,43.453],[22.242,43.45],[22.247,43.45],[22.251,43.45],[22.254,43.449],[22.257,43.447],[22.268,43.439],[22.271,43.438],[22.272,43.438],[22.275,43.439],[22.277,43.44],[22.278,43.441],[22.283,43.447],[22.287,43.452],[22.291,43.457],[22.292,43.458],[22.294,43.459],[22.296,43.459],[22.298,43.459],[22.3,43.459],[22.304,43.459],[22.312,43.455],[22.315,43.452],[22.322,43.448],[22.327,43.446],[22.333,43.445],[22.337,43.443],[22.34,43.442],[22.342,43.441],[22.345,43.438],[22.348,43.433],[22.351,43.428],[22.352,43.424],[22.351,43.421],[22.349,43.415],[22.348,43.413],[22.346,43.411],[22.342,43.406],[22.341,43.405],[22.34,43.403],[22.34,43.401],[22.34,43.398],[22.341,43.394],[22.341,43.392],[22.34,43.39],[22.337,43.386],[22.336,43.385],[22.336,43.383],[22.337,43.382],[22.339,43.37],[22.339,43.365],[22.339,43.363],[22.338,43.362],[22.335,43.358],[22.334,43.356],[22.333,43.354],[22.333,43.352],[22.334,43.347],[22.334,43.344],[22.334,43.342],[22.33,43.334],[22.328,43.328],[22.327,43.327],[22.325,43.325],[22.324,43.324],[22.321,43.324],[22.311,43.321],[22.308,43.321],[22.303,43.321],[22.283,43.321],[22.275,43.32],[22.268,43.319],[22.262,43.319],[22.258,43.319],[22.255,43.32],[22.249,43.321],[22.247,43.322],[22.241,43.325],[22.239,43.327],[22.235,43.328],[22.225,43.329],[22.221,43.33],[22.218,43.332],[22.209,43.337],[22.206,43.338],[22.201,43.339],[22.198,43.34],[22.188,43.341],[22.178,43.342],[22.17,43.344],[22.168,43.344],[22.165,43.344],[22.161,43.343],[22.15,43.34],[22.137,43.337],[22.14,43.327],[22.142,43.315],[22.143,43.313],[22.146,43.305],[22.147,43.302],[22.147,43.3],[22.146,43.295],[22.146,43.293],[22.147,43.291],[22.148,43.29],[22.15,43.288],[22.154,43.286],[22.162,43.283],[22.163,43.281],[22.164,43.28],[22.164,43.279],[22.165,43.274],[22.165,43.273],[22.167,43.269],[22.167,43.268],[22.166,43.266],[22.164,43.263],[22.163,43.261],[22.161,43.26],[22.16,43.259],[22.158,43.259],[22.151,43.259],[22.148,43.259],[22.145,43.258],[22.143,43.256],[22.142,43.255],[22.141,43.251],[22.139,43.25],[22.138,43.248],[22.133,43.245],[22.131,43.243],[22.13,43.241],[22.13,43.239],[22.132,43.232],[22.132,43.23],[22.131,43.228],[22.126,43.222],[22.119,43.212],[22.114,43.203],[22.135,43.196],[22.137,43.195],[22.146,43.189],[22.155,43.185],[22.158,43.184],[22.161,43.183],[22.17,43.182],[22.172,43.181],[22.174,43.181],[22.177,43.178],[22.184,43.173],[22.192,43.168],[22.197,43.165],[22.199,43.164],[22.201,43.163],[22.204,43.163],[22.207,43.163],[22.21,43.163],[22.212,43.162],[22.214,43.162],[22.216,43.161],[22.221,43.155],[22.223,43.153],[22.226,43.151],[22.23,43.15],[22.234,43.148],[22.238,43.148],[22.242,43.148],[22.246,43.148],[22.25,43.149],[22.256,43.151],[22.259,43.151],[22.26,43.152],[22.263,43.151],[22.266,43.15],[22.269,43.149],[22.275,43.145],[22.276,43.144],[22.277,43.143],[22.277,43.141],[22.275,43.137],[22.275,43.136],[22.277,43.135],[22.28,43.132],[22.282,43.13],[22.296,43.11],[22.286,43.106],[22.269,43.1],[22.264,43.097],[22.261,43.095],[22.253,43.093],[22.247,43.091],[22.241,43.088],[22.239,43.087],[22.238,43.085],[22.237,43.084],[22.234,43.076],[22.234,43.074],[22.226,43.066],[22.22,43.06],[22.217,43.058],[22.215,43.057],[22.213,43.057],[22.196,43.055],[22.193,43.055],[22.19,43.055],[22.187,43.056],[22.182,43.058],[22.175,43.06],[22.172,43.06],[22.169,43.06],[22.161,43.059],[22.155,43.059],[22.15,43.063],[22.141,43.072],[22.138,43.074],[22.133,43.078],[22.127,43.081],[22.124,43.083],[22.122,43.083],[22.114,43.085],[22.109,43.087],[22.106,43.089],[22.1,43.092],[22.098,43.093],[22.091,43.095],[22.089,43.096],[22.084,43.099],[22.078,43.102],[22.075,43.104],[22.066,43.111],[22.061,43.116],[22.056,43.12],[22.052,43.124],[22.05,43.126],[22.048,43.127],[22.046,43.128],[22.039,43.131],[22.036,43.133],[22.034,43.134],[22.032,43.137],[22.029,43.143],[22.028,43.144],[22.027,43.144],[22.025,43.144],[22.023,43.144],[22.018,43.141],[22.016,43.141],[22.013,43.14],[22.011,43.14],[22.008,43.141],[22.006,43.142],[22.002,43.144],[22,43.146],[21.996,43.15],[21.994,43.151],[21.992,43.152],[21.99,43.152],[21.987,43.152],[21.985,43.152],[21.983,43.151],[21.98,43.15],[21.969,43.143],[21.966,43.142],[21.963,43.141],[21.96,43.14],[21.956,43.139],[21.948,43.139],[21.937,43.133],[21.905,43.163],[21.893,43.154],[21.878,43.148],[21.87,43.144],[21.863,43.142],[21.856,43.14],[21.853,43.14],[21.849,43.139],[21.83,43.139],[21.822,43.139],[21.806,43.138],[21.804,43.138],[21.802,43.138],[21.799,43.139],[21.797,43.14],[21.794,43.142],[21.793,43.144],[21.792,43.146],[21.793,43.148],[21.794,43.149],[21.796,43.15],[21.801,43.153],[21.803,43.154],[21.804,43.155],[21.805,43.157],[21.804,43.158],[21.804,43.159],[21.797,43.165],[21.789,43.174],[21.787,43.177],[21.775,43.186],[21.773,43.188],[21.769,43.193],[21.763,43.197],[21.762,43.199],[21.761,43.201],[21.761,43.203],[21.761,43.205],[21.762,43.206],[21.763,43.208],[21.767,43.21],[21.775,43.214],[21.777,43.216],[21.779,43.217],[21.779,43.218],[21.78,43.22],[21.779,43.222],[21.774,43.227],[21.772,43.23],[21.771,43.232],[21.766,43.247],[21.763,43.245],[21.76,43.245],[21.758,43.244],[21.756,43.244],[21.753,43.245],[21.744,43.246],[21.741,43.247],[21.738,43.246],[21.732,43.245],[21.729,43.246],[21.725,43.247],[21.723,43.248],[21.722,43.249],[21.719,43.252],[21.717,43.254],[21.715,43.255],[21.712,43.256],[21.71,43.256],[21.708,43.256],[21.706,43.254],[21.703,43.251],[21.702,43.25],[21.701,43.247],[21.7,43.245],[21.7,43.237],[21.698,43.231],[21.698,43.229],[21.698,43.227],[21.698,43.224],[21.7,43.219],[21.701,43.216],[21.701,43.215],[21.701,43.213],[21.7,43.212],[21.699,43.211],[21.697,43.21],[21.695,43.209],[21.693,43.208],[21.691,43.209],[21.688,43.21],[21.686,43.211],[21.675,43.217],[21.666,43.222],[21.662,43.224],[21.659,43.226],[21.655,43.228],[21.653,43.229],[21.649,43.23],[21.636,43.231],[21.635,43.231],[21.633,43.231],[21.629,43.232],[21.626,43.233],[21.623,43.234],[21.618,43.237],[21.616,43.238],[21.615,43.239],[21.612,43.243],[21.611,43.246],[21.611,43.248],[21.611,43.25],[21.611,43.252],[21.612,43.254],[21.615,43.257],[21.617,43.259],[21.623,43.263],[21.625,43.265],[21.626,43.266],[21.626,43.268],[21.625,43.269],[21.623,43.271],[21.621,43.272],[21.62,43.273],[21.617,43.273],[21.607,43.275],[21.605,43.275],[21.603,43.276],[21.602,43.277],[21.599,43.28],[21.598,43.281],[21.596,43.285],[21.594,43.288],[21.589,43.292],[21.588,43.294],[21.587,43.295],[21.586,43.3],[21.585,43.303],[21.583,43.305],[21.58,43.309],[21.579,43.31],[21.578,43.312],[21.578,43.314],[21.579,43.315],[21.58,43.317],[21.584,43.32],[21.586,43.323],[21.59,43.328],[21.592,43.333],[21.593,43.336],[21.594,43.349],[21.577,43.345],[21.57,43.343],[21.567,43.342],[21.559,43.342],[21.548,43.342],[21.541,43.343],[21.537,43.343],[21.529,43.346],[21.526,43.347],[21.516,43.349],[21.513,43.349],[21.51,43.349],[21.503,43.349],[21.493,43.347]]]}},{"type":"Feature","id":"RS-21","properties":{"id":"RS-21","countryCode":"RS","isoSubdivision":"RS-21","name":"Toplica","name_en":"Toplica","name_ko":"토플리차구","type":"District","labelLongitude":21.364,"labelLatitude":43.12,"minZoom":9},"geometry":{"type":"Polygon","coordinates":[[[20.993,43.104],[20.912,43.139],[20.915,43.142],[20.92,43.15],[20.926,43.155],[20.931,43.161],[20.933,43.162],[20.936,43.164],[20.943,43.166],[20.945,43.167],[20.947,43.168],[20.955,43.175],[20.956,43.176],[20.956,43.178],[20.955,43.179],[20.953,43.183],[20.952,43.185],[20.952,43.188],[20.951,43.2],[20.948,43.208],[20.948,43.214],[20.948,43.219],[20.949,43.222],[20.951,43.225],[20.96,43.232],[20.966,43.238],[20.967,43.24],[20.967,43.242],[20.966,43.245],[20.965,43.248],[20.966,43.25],[20.968,43.251],[20.972,43.252],[20.98,43.254],[20.984,43.255],[20.987,43.255],[20.989,43.255],[20.997,43.251],[21.001,43.25],[21.009,43.248],[21.012,43.248],[21.017,43.249],[21.024,43.251],[21.032,43.255],[21.034,43.255],[21.036,43.255],[21.038,43.255],[21.044,43.252],[21.05,43.25],[21.051,43.249],[21.053,43.248],[21.054,43.247],[21.056,43.243],[21.058,43.241],[21.06,43.24],[21.066,43.237],[21.069,43.237],[21.073,43.236],[21.08,43.236],[21.084,43.236],[21.088,43.236],[21.095,43.238],[21.102,43.24],[21.106,43.242],[21.112,43.246],[21.117,43.248],[21.123,43.25],[21.13,43.253],[21.132,43.253],[21.134,43.255],[21.136,43.257],[21.139,43.261],[21.14,43.263],[21.143,43.264],[21.148,43.266],[21.15,43.267],[21.151,43.269],[21.151,43.271],[21.152,43.273],[21.152,43.279],[21.152,43.28],[21.152,43.282],[21.153,43.283],[21.159,43.288],[21.16,43.29],[21.161,43.292],[21.163,43.298],[21.164,43.3],[21.165,43.301],[21.169,43.304],[21.178,43.309],[21.185,43.313],[21.192,43.316],[21.194,43.317],[21.196,43.319],[21.197,43.32],[21.198,43.322],[21.199,43.324],[21.2,43.329],[21.2,43.331],[21.197,43.337],[21.197,43.339],[21.197,43.341],[21.198,43.342],[21.2,43.345],[21.202,43.347],[21.205,43.348],[21.209,43.35],[21.211,43.352],[21.213,43.353],[21.213,43.354],[21.221,43.356],[21.235,43.359],[21.246,43.359],[21.25,43.36],[21.269,43.367],[21.289,43.376],[21.293,43.378],[21.298,43.379],[21.303,43.38],[21.318,43.381],[21.322,43.381],[21.325,43.382],[21.329,43.383],[21.335,43.386],[21.337,43.386],[21.34,43.387],[21.342,43.387],[21.344,43.386],[21.357,43.383],[21.362,43.382],[21.37,43.379],[21.374,43.378],[21.376,43.378],[21.379,43.378],[21.385,43.379],[21.391,43.38],[21.399,43.381],[21.404,43.381],[21.404,43.382],[21.404,43.383],[21.406,43.384],[21.409,43.385],[21.413,43.385],[21.416,43.385],[21.418,43.384],[21.421,43.383],[21.423,43.382],[21.425,43.38],[21.429,43.374],[21.43,43.373],[21.431,43.372],[21.434,43.371],[21.44,43.369],[21.447,43.367],[21.45,43.366],[21.453,43.366],[21.46,43.366],[21.463,43.367],[21.469,43.368],[21.479,43.357],[21.485,43.35],[21.487,43.348],[21.49,43.347],[21.493,43.347],[21.503,43.349],[21.51,43.349],[21.513,43.349],[21.516,43.349],[21.526,43.347],[21.529,43.346],[21.537,43.343],[21.541,43.343],[21.548,43.342],[21.559,43.342],[21.567,43.342],[21.57,43.343],[21.577,43.345],[21.594,43.349],[21.593,43.336],[21.592,43.333],[21.59,43.328],[21.586,43.323],[21.584,43.32],[21.58,43.317],[21.579,43.315],[21.578,43.314],[21.578,43.312],[21.579,43.31],[21.58,43.309],[21.583,43.305],[21.585,43.303],[21.586,43.3],[21.587,43.295],[21.588,43.294],[21.589,43.292],[21.594,43.288],[21.596,43.285],[21.598,43.281],[21.599,43.28],[21.602,43.277],[21.603,43.276],[21.605,43.275],[21.607,43.275],[21.617,43.273],[21.62,43.273],[21.621,43.272],[21.623,43.271],[21.625,43.269],[21.626,43.268],[21.626,43.266],[21.625,43.265],[21.623,43.263],[21.617,43.259],[21.615,43.257],[21.612,43.254],[21.611,43.252],[21.611,43.25],[21.611,43.248],[21.611,43.246],[21.612,43.243],[21.615,43.239],[21.616,43.238],[21.618,43.237],[21.623,43.234],[21.626,43.233],[21.629,43.232],[21.633,43.231],[21.635,43.231],[21.636,43.231],[21.649,43.23],[21.653,43.229],[21.655,43.228],[21.659,43.226],[21.662,43.224],[21.666,43.222],[21.675,43.217],[21.686,43.211],[21.688,43.21],[21.691,43.209],[21.693,43.208],[21.695,43.209],[21.697,43.21],[21.699,43.211],[21.7,43.212],[21.701,43.213],[21.701,43.215],[21.701,43.216],[21.7,43.219],[21.698,43.224],[21.698,43.227],[21.698,43.229],[21.698,43.231],[21.7,43.237],[21.7,43.245],[21.701,43.247],[21.702,43.25],[21.703,43.251],[21.706,43.254],[21.708,43.256],[21.71,43.256],[21.712,43.256],[21.715,43.255],[21.717,43.254],[21.719,43.252],[21.722,43.249],[21.723,43.248],[21.725,43.247],[21.729,43.246],[21.732,43.245],[21.738,43.246],[21.741,43.247],[21.744,43.246],[21.753,43.245],[21.756,43.244],[21.758,43.244],[21.76,43.245],[21.763,43.245],[21.766,43.247],[21.771,43.232],[21.772,43.23],[21.774,43.227],[21.779,43.222],[21.78,43.22],[21.779,43.218],[21.779,43.217],[21.777,43.216],[21.775,43.214],[21.767,43.21],[21.763,43.208],[21.762,43.206],[21.761,43.205],[21.761,43.203],[21.761,43.201],[21.762,43.199],[21.763,43.197],[21.769,43.193],[21.773,43.188],[21.775,43.186],[21.787,43.177],[21.789,43.174],[21.797,43.165],[21.804,43.159],[21.804,43.158],[21.805,43.157],[21.804,43.155],[21.803,43.154],[21.801,43.153],[21.796,43.15],[21.794,43.149],[21.793,43.148],[21.792,43.146],[21.793,43.144],[21.794,43.142],[21.797,43.14],[21.799,43.139],[21.802,43.138],[21.804,43.138],[21.806,43.138],[21.811,43.131],[21.814,43.127],[21.815,43.126],[21.815,43.125],[21.814,43.122],[21.807,43.118],[21.801,43.112],[21.794,43.107],[21.775,43.096],[21.772,43.094],[21.76,43.092],[21.757,43.091],[21.747,43.09],[21.742,43.089],[21.735,43.087],[21.723,43.083],[21.712,43.077],[21.709,43.076],[21.705,43.073],[21.699,43.067],[21.693,43.064],[21.688,43.06],[21.685,43.057],[21.683,43.055],[21.674,43.053],[21.666,43.05],[21.662,43.049],[21.66,43.049],[21.658,43.048],[21.657,43.048],[21.655,43.049],[21.649,43.052],[21.644,43.054],[21.643,43.054],[21.64,43.054],[21.638,43.054],[21.635,43.052],[21.633,43.051],[21.632,43.05],[21.631,43.048],[21.628,43.043],[21.626,43.041],[21.625,43.04],[21.621,43.038],[21.612,43.034],[21.604,43.028],[21.601,43.027],[21.598,43.026],[21.596,43.026],[21.592,43.025],[21.588,43.025],[21.555,43.025],[21.55,43.025],[21.547,43.025],[21.543,43.023],[21.538,43.022],[21.536,43.02],[21.525,43.015],[21.523,43.013],[21.521,43.011],[21.515,43.005],[21.513,43.003],[21.507,42.998],[21.502,42.996],[21.476,42.983],[21.467,42.98],[21.454,42.976],[21.452,42.976],[21.451,42.975],[21.45,42.973],[21.45,42.972],[21.451,42.97],[21.454,42.965],[21.458,42.959],[21.459,42.957],[21.464,42.953],[21.465,42.952],[21.467,42.946],[21.468,42.944],[21.473,42.938],[21.474,42.936],[21.475,42.934],[21.474,42.933],[21.473,42.931],[21.468,42.927],[21.466,42.925],[21.464,42.921],[21.462,42.92],[21.461,42.919],[21.456,42.917],[21.453,42.916],[21.45,42.913],[21.448,42.912],[21.448,42.91],[21.448,42.909],[21.449,42.905],[21.449,42.903],[21.448,42.897],[21.448,42.895],[21.449,42.891],[21.449,42.889],[21.447,42.887],[21.44,42.88],[21.438,42.878],[21.438,42.876],[21.438,42.871],[21.437,42.869],[21.433,42.86],[21.432,42.858],[21.408,42.842],[21.408,42.847],[21.399,42.855],[21.379,42.855],[21.347,42.861],[21.336,42.865],[21.317,42.878],[21.306,42.882],[21.295,42.884],[21.272,42.884],[21.261,42.887],[21.232,42.911],[21.227,42.943],[21.225,42.974],[21.21,42.996],[21.193,42.998],[21.179,42.991],[21.165,42.985],[21.148,42.993],[21.139,43.006],[21.124,43.058],[21.109,43.082],[21.093,43.091],[21.026,43.093],[21.005,43.099],[20.993,43.104]]]}},{"type":"Feature","id":"RS-22","properties":{"id":"RS-22","countryCode":"RS","isoSubdivision":"RS-22","name":"Pirot","name_en":"Pirot","name_ko":"피로트구","type":"District","labelLongitude":22.549,"labelLatitude":43.103,"minZoom":9},"geometry":{"type":"Polygon","coordinates":[[[22.659,43.401],[22.665,43.397],[22.674,43.394],[22.693,43.395],[22.703,43.394],[22.719,43.389],[22.724,43.386],[22.733,43.382],[22.805,43.329],[22.817,43.315],[22.821,43.308],[22.824,43.289],[22.827,43.281],[22.833,43.275],[22.857,43.257],[22.884,43.231],[22.898,43.22],[22.916,43.212],[22.965,43.204],[22.981,43.199],[22.983,43.187],[22.985,43.175],[22.974,43.141],[22.956,43.108],[22.935,43.086],[22.927,43.081],[22.91,43.075],[22.902,43.07],[22.897,43.063],[22.889,43.044],[22.884,43.037],[22.842,43.008],[22.829,42.994],[22.829,42.993],[22.816,42.99],[22.788,42.985],[22.776,42.98],[22.769,42.971],[22.763,42.959],[22.746,42.91],[22.74,42.899],[22.739,42.897],[22.727,42.887],[22.697,42.877],[22.666,42.872],[22.591,42.887],[22.564,42.884],[22.55,42.877],[22.545,42.872],[22.544,42.872],[22.528,42.874],[22.523,42.875],[22.516,42.876],[22.512,42.877],[22.504,42.879],[22.5,42.88],[22.496,42.88],[22.488,42.88],[22.477,42.878],[22.473,42.878],[22.465,42.878],[22.462,42.878],[22.458,42.879],[22.45,42.882],[22.447,42.882],[22.438,42.883],[22.436,42.884],[22.434,42.885],[22.428,42.888],[22.426,42.889],[22.419,42.891],[22.414,42.893],[22.41,42.896],[22.406,42.899],[22.401,42.903],[22.4,42.905],[22.396,42.91],[22.395,42.912],[22.393,42.913],[22.39,42.914],[22.383,42.916],[22.38,42.918],[22.377,42.919],[22.367,42.925],[22.359,42.93],[22.377,42.932],[22.388,42.935],[22.393,42.936],[22.396,42.937],[22.398,42.939],[22.4,42.941],[22.401,42.943],[22.402,42.944],[22.401,42.946],[22.399,42.948],[22.398,42.95],[22.395,42.953],[22.39,42.956],[22.379,42.961],[22.376,42.963],[22.364,42.967],[22.361,42.968],[22.358,42.969],[22.355,42.969],[22.347,42.969],[22.346,42.969],[22.343,42.969],[22.34,42.97],[22.335,42.974],[22.326,42.977],[22.318,42.981],[22.299,42.988],[22.289,42.991],[22.285,42.992],[22.281,42.993],[22.277,42.993],[22.273,42.992],[22.27,42.992],[22.264,42.991],[22.261,42.991],[22.258,42.992],[22.256,42.993],[22.252,42.995],[22.247,42.999],[22.245,43.001],[22.242,43.002],[22.238,43.004],[22.235,43.004],[22.223,43.005],[22.218,43.007],[22.215,43.008],[22.207,43.012],[22.204,43.013],[22.202,43.015],[22.201,43.017],[22.201,43.019],[22.201,43.021],[22.202,43.022],[22.216,43.03],[22.218,43.032],[22.22,43.035],[22.222,43.036],[22.224,43.037],[22.231,43.04],[22.233,43.041],[22.241,43.043],[22.243,43.044],[22.245,43.045],[22.25,43.05],[22.257,43.054],[22.258,43.055],[22.258,43.056],[22.258,43.057],[22.257,43.058],[22.247,43.065],[22.241,43.069],[22.234,43.074],[22.234,43.076],[22.237,43.084],[22.238,43.085],[22.239,43.087],[22.241,43.088],[22.247,43.091],[22.253,43.093],[22.261,43.095],[22.264,43.097],[22.269,43.1],[22.286,43.106],[22.296,43.11],[22.282,43.13],[22.28,43.132],[22.277,43.135],[22.275,43.136],[22.275,43.137],[22.277,43.141],[22.277,43.143],[22.276,43.144],[22.275,43.145],[22.269,43.149],[22.266,43.15],[22.263,43.151],[22.26,43.152],[22.259,43.151],[22.256,43.151],[22.25,43.149],[22.246,43.148],[22.242,43.148],[22.238,43.148],[22.234,43.148],[22.23,43.15],[22.226,43.151],[22.223,43.153],[22.221,43.155],[22.216,43.161],[22.214,43.162],[22.212,43.162],[22.21,43.163],[22.207,43.163],[22.204,43.163],[22.201,43.163],[22.199,43.164],[22.197,43.165],[22.192,43.168],[22.184,43.173],[22.177,43.178],[22.174,43.181],[22.172,43.181],[22.17,43.182],[22.161,43.183],[22.158,43.184],[22.155,43.185],[22.146,43.189],[22.137,43.195],[22.135,43.196],[22.114,43.203],[22.119,43.212],[22.126,43.222],[22.131,43.228],[22.132,43.23],[22.132,43.232],[22.13,43.239],[22.13,43.241],[22.131,43.243],[22.133,43.245],[22.138,43.248],[22.139,43.25],[22.141,43.251],[22.142,43.255],[22.143,43.256],[22.145,43.258],[22.148,43.259],[22.151,43.259],[22.158,43.259],[22.16,43.259],[22.161,43.26],[22.163,43.261],[22.164,43.263],[22.166,43.266],[22.167,43.268],[22.167,43.269],[22.165,43.273],[22.165,43.274],[22.164,43.279],[22.164,43.28],[22.163,43.281],[22.162,43.283],[22.154,43.286],[22.15,43.288],[22.148,43.29],[22.147,43.291],[22.146,43.293],[22.146,43.295],[22.147,43.3],[22.147,43.302],[22.146,43.305],[22.143,43.313],[22.142,43.315],[22.14,43.327],[22.137,43.337],[22.15,43.34],[22.161,43.343],[22.165,43.344],[22.168,43.344],[22.17,43.344],[22.178,43.342],[22.188,43.341],[22.198,43.34],[22.201,43.339],[22.206,43.338],[22.209,43.337],[22.218,43.332],[22.221,43.33],[22.225,43.329],[22.235,43.328],[22.239,43.327],[22.241,43.325],[22.247,43.322],[22.249,43.321],[22.255,43.32],[22.258,43.319],[22.262,43.319],[22.268,43.319],[22.275,43.32],[22.283,43.321],[22.303,43.321],[22.308,43.321],[22.311,43.321],[22.321,43.324],[22.324,43.324],[22.325,43.325],[22.327,43.327],[22.328,43.328],[22.33,43.334],[22.334,43.342],[22.334,43.344],[22.334,43.347],[22.333,43.352],[22.333,43.354],[22.334,43.356],[22.335,43.358],[22.338,43.362],[22.339,43.363],[22.339,43.365],[22.339,43.37],[22.337,43.382],[22.36,43.376],[22.362,43.375],[22.367,43.372],[22.371,43.37],[22.376,43.368],[22.384,43.366],[22.394,43.363],[22.399,43.362],[22.402,43.362],[22.407,43.363],[22.41,43.363],[22.414,43.362],[22.416,43.361],[22.422,43.358],[22.445,43.345],[22.446,43.345],[22.449,43.346],[22.452,43.347],[22.461,43.346],[22.465,43.346],[22.467,43.347],[22.469,43.347],[22.472,43.349],[22.474,43.351],[22.478,43.356],[22.483,43.365],[22.484,43.366],[22.486,43.367],[22.487,43.367],[22.49,43.367],[22.491,43.366],[22.493,43.365],[22.496,43.363],[22.498,43.36],[22.503,43.353],[22.505,43.351],[22.515,43.344],[22.521,43.338],[22.525,43.335],[22.533,43.333],[22.539,43.33],[22.541,43.329],[22.552,43.329],[22.555,43.328],[22.572,43.325],[22.575,43.325],[22.577,43.325],[22.579,43.326],[22.581,43.327],[22.581,43.328],[22.581,43.329],[22.581,43.331],[22.578,43.337],[22.577,43.339],[22.578,43.341],[22.579,43.343],[22.581,43.345],[22.587,43.349],[22.602,43.36],[22.606,43.362],[22.618,43.366],[22.62,43.366],[22.622,43.368],[22.625,43.37],[22.63,43.375],[22.634,43.38],[22.639,43.384],[22.644,43.388],[22.651,43.394],[22.652,43.395],[22.659,43.401]]]}},{"type":"Feature","id":"RS-23","properties":{"id":"RS-23","countryCode":"RS","isoSubdivision":"RS-23","name":"Jablanica","name_en":"Jablanica","name_ko":"야블라니차구","type":"District","labelLongitude":21.961,"labelLatitude":42.964,"minZoom":9},"geometry":{"type":"Polygon","coordinates":[[[22.545,42.872],[22.544,42.871],[22.538,42.868],[22.52,42.87],[22.506,42.87],[22.497,42.864],[22.481,42.847],[22.471,42.84],[22.445,42.83],[22.437,42.824],[22.43,42.817],[22.429,42.817],[22.419,42.814],[22.417,42.813],[22.411,42.81],[22.407,42.809],[22.4,42.807],[22.389,42.806],[22.387,42.805],[22.385,42.804],[22.381,42.8],[22.375,42.795],[22.371,42.792],[22.366,42.785],[22.363,42.783],[22.361,42.782],[22.35,42.777],[22.345,42.773],[22.343,42.772],[22.34,42.771],[22.337,42.77],[22.334,42.769],[22.324,42.768],[22.319,42.767],[22.317,42.766],[22.314,42.764],[22.309,42.76],[22.302,42.754],[22.291,42.747],[22.29,42.747],[22.287,42.746],[22.283,42.746],[22.281,42.746],[22.278,42.747],[22.273,42.748],[22.27,42.749],[22.268,42.749],[22.266,42.748],[22.26,42.746],[22.258,42.746],[22.256,42.747],[22.254,42.748],[22.25,42.75],[22.246,42.751],[22.235,42.754],[22.232,42.755],[22.227,42.757],[22.224,42.76],[22.222,42.761],[22.219,42.766],[22.217,42.768],[22.215,42.769],[22.213,42.769],[22.205,42.771],[22.196,42.775],[22.178,42.785],[22.174,42.787],[22.174,42.789],[22.173,42.79],[22.173,42.792],[22.174,42.797],[22.173,42.799],[22.171,42.8],[22.17,42.801],[22.167,42.802],[22.164,42.802],[22.16,42.802],[22.156,42.802],[22.152,42.802],[22.15,42.801],[22.148,42.8],[22.146,42.799],[22.14,42.792],[22.138,42.791],[22.136,42.79],[22.133,42.79],[22.123,42.79],[22.119,42.79],[22.115,42.791],[22.113,42.792],[22.111,42.792],[22.11,42.794],[22.109,42.795],[22.109,42.796],[22.11,42.798],[22.116,42.804],[22.117,42.806],[22.118,42.807],[22.117,42.808],[22.116,42.81],[22.11,42.818],[22.108,42.819],[22.106,42.82],[22.104,42.82],[22.097,42.821],[22.086,42.821],[22.082,42.82],[22.079,42.82],[22.073,42.818],[22.066,42.814],[22.063,42.813],[22.055,42.81],[22.041,42.805],[22.031,42.803],[22.028,42.803],[22.026,42.804],[22.024,42.804],[22.021,42.806],[22.016,42.809],[22.008,42.815],[22.006,42.817],[22.004,42.818],[22.001,42.818],[21.998,42.818],[21.995,42.818],[21.993,42.818],[21.992,42.817],[21.99,42.816],[21.987,42.813],[21.986,42.811],[21.986,42.809],[21.984,42.801],[21.983,42.798],[21.982,42.796],[21.98,42.794],[21.973,42.791],[21.967,42.789],[21.964,42.788],[21.944,42.785],[21.94,42.785],[21.937,42.786],[21.93,42.785],[21.919,42.783],[21.911,42.782],[21.909,42.781],[21.907,42.781],[21.902,42.782],[21.892,42.783],[21.889,42.783],[21.885,42.782],[21.875,42.779],[21.872,42.778],[21.869,42.778],[21.865,42.778],[21.862,42.778],[21.852,42.776],[21.849,42.776],[21.845,42.776],[21.842,42.776],[21.84,42.776],[21.823,42.771],[21.821,42.771],[21.818,42.769],[21.813,42.766],[21.812,42.765],[21.811,42.763],[21.81,42.761],[21.811,42.759],[21.812,42.758],[21.815,42.755],[21.815,42.753],[21.815,42.751],[21.813,42.75],[21.807,42.748],[21.806,42.748],[21.804,42.746],[21.801,42.743],[21.799,42.741],[21.796,42.739],[21.789,42.737],[21.788,42.736],[21.787,42.735],[21.785,42.733],[21.785,42.73],[21.785,42.723],[21.785,42.715],[21.786,42.707],[21.786,42.706],[21.785,42.704],[21.782,42.702],[21.772,42.696],[21.769,42.695],[21.761,42.692],[21.758,42.69],[21.755,42.688],[21.744,42.679],[21.739,42.682],[21.709,42.687],[21.687,42.687],[21.644,42.672],[21.629,42.672],[21.613,42.68],[21.581,42.71],[21.565,42.72],[21.542,42.726],[21.48,42.732],[21.442,42.736],[21.418,42.736],[21.406,42.735],[21.389,42.739],[21.379,42.744],[21.379,42.747],[21.384,42.75],[21.387,42.755],[21.391,42.77],[21.404,42.804],[21.408,42.821],[21.408,42.842],[21.432,42.858],[21.433,42.86],[21.437,42.869],[21.438,42.871],[21.438,42.876],[21.438,42.878],[21.44,42.88],[21.447,42.887],[21.449,42.889],[21.449,42.891],[21.448,42.895],[21.448,42.897],[21.449,42.903],[21.449,42.905],[21.448,42.909],[21.448,42.91],[21.448,42.912],[21.45,42.913],[21.453,42.916],[21.456,42.917],[21.461,42.919],[21.462,42.92],[21.464,42.921],[21.466,42.925],[21.468,42.927],[21.473,42.931],[21.474,42.933],[21.475,42.934],[21.474,42.936],[21.473,42.938],[21.468,42.944],[21.467,42.946],[21.465,42.952],[21.464,42.953],[21.459,42.957],[21.458,42.959],[21.454,42.965],[21.451,42.97],[21.45,42.972],[21.45,42.973],[21.451,42.975],[21.452,42.976],[21.454,42.976],[21.467,42.98],[21.476,42.983],[21.502,42.996],[21.507,42.998],[21.513,43.003],[21.515,43.005],[21.521,43.011],[21.523,43.013],[21.525,43.015],[21.536,43.02],[21.538,43.022],[21.543,43.023],[21.547,43.025],[21.55,43.025],[21.555,43.025],[21.588,43.025],[21.592,43.025],[21.596,43.026],[21.598,43.026],[21.601,43.027],[21.604,43.028],[21.612,43.034],[21.621,43.038],[21.625,43.04],[21.626,43.041],[21.628,43.043],[21.631,43.048],[21.632,43.05],[21.633,43.051],[21.635,43.052],[21.638,43.054],[21.64,43.054],[21.643,43.054],[21.644,43.054],[21.649,43.052],[21.655,43.049],[21.657,43.048],[21.658,43.048],[21.66,43.049],[21.662,43.049],[21.666,43.05],[21.674,43.053],[21.683,43.055],[21.685,43.057],[21.688,43.06],[21.693,43.064],[21.699,43.067],[21.705,43.073],[21.709,43.076],[21.712,43.077],[21.723,43.083],[21.735,43.087],[21.742,43.089],[21.747,43.09],[21.757,43.091],[21.76,43.092],[21.772,43.094],[21.775,43.096],[21.794,43.107],[21.801,43.112],[21.807,43.118],[21.814,43.122],[21.815,43.125],[21.815,43.126],[21.814,43.127],[21.811,43.131],[21.806,43.138],[21.822,43.139],[21.83,43.139],[21.849,43.139],[21.853,43.14],[21.856,43.14],[21.863,43.142],[21.87,43.144],[21.878,43.148],[21.893,43.154],[21.905,43.163],[21.937,43.133],[21.948,43.139],[21.956,43.139],[21.96,43.14],[21.963,43.141],[21.966,43.142],[21.969,43.143],[21.98,43.15],[21.983,43.151],[21.985,43.152],[21.987,43.152],[21.99,43.152],[21.992,43.152],[21.994,43.151],[21.996,43.15],[22,43.146],[22.002,43.144],[22.006,43.142],[22.008,43.141],[22.011,43.14],[22.013,43.14],[22.016,43.141],[22.018,43.141],[22.023,43.144],[22.025,43.144],[22.027,43.144],[22.028,43.144],[22.029,43.143],[22.032,43.137],[22.034,43.134],[22.036,43.133],[22.039,43.131],[22.046,43.128],[22.048,43.127],[22.05,43.126],[22.052,43.124],[22.056,43.12],[22.061,43.116],[22.066,43.111],[22.075,43.104],[22.078,43.102],[22.084,43.099],[22.089,43.096],[22.091,43.095],[22.098,43.093],[22.1,43.092],[22.106,43.089],[22.109,43.087],[22.114,43.085],[22.122,43.083],[22.124,43.083],[22.127,43.081],[22.133,43.078],[22.138,43.074],[22.141,43.072],[22.15,43.063],[22.155,43.059],[22.161,43.059],[22.169,43.06],[22.172,43.06],[22.175,43.06],[22.182,43.058],[22.187,43.056],[22.19,43.055],[22.193,43.055],[22.196,43.055],[22.213,43.057],[22.215,43.057],[22.217,43.058],[22.22,43.06],[22.226,43.066],[22.234,43.074],[22.241,43.069],[22.247,43.065],[22.257,43.058],[22.258,43.057],[22.258,43.056],[22.258,43.055],[22.257,43.054],[22.25,43.05],[22.245,43.045],[22.243,43.044],[22.241,43.043],[22.233,43.041],[22.231,43.04],[22.224,43.037],[22.222,43.036],[22.22,43.035],[22.218,43.032],[22.216,43.03],[22.202,43.022],[22.201,43.021],[22.201,43.019],[22.201,43.017],[22.202,43.015],[22.204,43.013],[22.207,43.012],[22.215,43.008],[22.218,43.007],[22.223,43.005],[22.235,43.004],[22.238,43.004],[22.242,43.002],[22.245,43.001],[22.247,42.999],[22.252,42.995],[22.256,42.993],[22.258,42.992],[22.261,42.991],[22.264,42.991],[22.27,42.992],[22.273,42.992],[22.277,42.993],[22.281,42.993],[22.285,42.992],[22.289,42.991],[22.299,42.988],[22.318,42.981],[22.326,42.977],[22.335,42.974],[22.34,42.97],[22.343,42.969],[22.346,42.969],[22.347,42.969],[22.355,42.969],[22.358,42.969],[22.361,42.968],[22.364,42.967],[22.376,42.963],[22.379,42.961],[22.39,42.956],[22.395,42.953],[22.398,42.95],[22.399,42.948],[22.401,42.946],[22.402,42.944],[22.401,42.943],[22.4,42.941],[22.398,42.939],[22.396,42.937],[22.393,42.936],[22.388,42.935],[22.377,42.932],[22.359,42.93],[22.367,42.925],[22.377,42.919],[22.38,42.918],[22.383,42.916],[22.39,42.914],[22.393,42.913],[22.395,42.912],[22.396,42.91],[22.4,42.905],[22.401,42.903],[22.406,42.899],[22.41,42.896],[22.414,42.893],[22.419,42.891],[22.426,42.889],[22.428,42.888],[22.434,42.885],[22.436,42.884],[22.438,42.883],[22.447,42.882],[22.45,42.882],[22.458,42.879],[22.462,42.878],[22.465,42.878],[22.473,42.878],[22.477,42.878],[22.488,42.88],[22.496,42.88],[22.5,42.88],[22.504,42.879],[22.512,42.877],[22.516,42.876],[22.523,42.875],[22.528,42.874],[22.544,42.872],[22.545,42.872]]]}},{"type":"Feature","id":"RS-24","properties":{"id":"RS-24","countryCode":"RS","isoSubdivision":"RS-24","name":"Pčinja","name_en":"Pčinja","name_ko":"프치나구","type":"District","labelLongitude":22.025,"labelLatitude":42.554,"minZoom":9},"geometry":{"type":"Polygon","coordinates":[[[22.345,42.313],[22.325,42.314],[22.308,42.319],[22.292,42.328],[22.277,42.341],[22.274,42.348],[22.273,42.365],[22.269,42.37],[22.26,42.369],[22.233,42.349],[22.138,42.319],[22.096,42.306],[22.061,42.301],[22.045,42.302],[22.028,42.304],[21.995,42.313],[21.942,42.333],[21.929,42.335],[21.918,42.331],[21.884,42.31],[21.877,42.308],[21.837,42.309],[21.817,42.305],[21.72,42.261],[21.707,42.255],[21.692,42.242],[21.677,42.235],[21.66,42.236],[21.625,42.243],[21.575,42.242],[21.564,42.246],[21.554,42.274],[21.515,42.318],[21.516,42.342],[21.537,42.359],[21.597,42.372],[21.617,42.387],[21.622,42.402],[21.617,42.434],[21.619,42.449],[21.628,42.46],[21.668,42.49],[21.718,42.551],[21.728,42.574],[21.727,42.578],[21.72,42.587],[21.718,42.591],[21.72,42.594],[21.727,42.596],[21.729,42.598],[21.73,42.601],[21.736,42.621],[21.735,42.624],[21.745,42.63],[21.757,42.634],[21.767,42.639],[21.773,42.648],[21.764,42.67],[21.744,42.679],[21.755,42.688],[21.758,42.69],[21.761,42.692],[21.769,42.695],[21.772,42.696],[21.782,42.702],[21.785,42.704],[21.786,42.706],[21.786,42.707],[21.785,42.715],[21.785,42.723],[21.785,42.73],[21.785,42.733],[21.787,42.735],[21.788,42.736],[21.789,42.737],[21.796,42.739],[21.799,42.741],[21.801,42.743],[21.804,42.746],[21.806,42.748],[21.807,42.748],[21.813,42.75],[21.815,42.751],[21.815,42.753],[21.815,42.755],[21.812,42.758],[21.811,42.759],[21.81,42.761],[21.811,42.763],[21.812,42.765],[21.813,42.766],[21.818,42.769],[21.821,42.771],[21.823,42.771],[21.84,42.776],[21.842,42.776],[21.845,42.776],[21.849,42.776],[21.852,42.776],[21.862,42.778],[21.865,42.778],[21.869,42.778],[21.872,42.778],[21.875,42.779],[21.885,42.782],[21.889,42.783],[21.892,42.783],[21.902,42.782],[21.907,42.781],[21.909,42.781],[21.911,42.782],[21.919,42.783],[21.93,42.785],[21.937,42.786],[21.94,42.785],[21.944,42.785],[21.964,42.788],[21.967,42.789],[21.973,42.791],[21.98,42.794],[21.982,42.796],[21.983,42.798],[21.984,42.801],[21.986,42.809],[21.986,42.811],[21.987,42.813],[21.99,42.816],[21.992,42.817],[21.993,42.818],[21.995,42.818],[21.998,42.818],[22.001,42.818],[22.004,42.818],[22.006,42.817],[22.008,42.815],[22.016,42.809],[22.021,42.806],[22.024,42.804],[22.026,42.804],[22.028,42.803],[22.031,42.803],[22.041,42.805],[22.055,42.81],[22.063,42.813],[22.066,42.814],[22.073,42.818],[22.079,42.82],[22.082,42.82],[22.086,42.821],[22.097,42.821],[22.104,42.82],[22.106,42.82],[22.108,42.819],[22.11,42.818],[22.116,42.81],[22.117,42.808],[22.118,42.807],[22.117,42.806],[22.116,42.804],[22.11,42.798],[22.109,42.796],[22.109,42.795],[22.11,42.794],[22.111,42.792],[22.113,42.792],[22.115,42.791],[22.119,42.79],[22.123,42.79],[22.133,42.79],[22.136,42.79],[22.138,42.791],[22.14,42.792],[22.146,42.799],[22.148,42.8],[22.15,42.801],[22.152,42.802],[22.156,42.802],[22.16,42.802],[22.164,42.802],[22.167,42.802],[22.17,42.801],[22.171,42.8],[22.173,42.799],[22.174,42.797],[22.173,42.792],[22.173,42.79],[22.174,42.789],[22.174,42.787],[22.178,42.785],[22.196,42.775],[22.205,42.771],[22.213,42.769],[22.215,42.769],[22.217,42.768],[22.219,42.766],[22.222,42.761],[22.224,42.76],[22.227,42.757],[22.232,42.755],[22.235,42.754],[22.246,42.751],[22.25,42.75],[22.254,42.748],[22.256,42.747],[22.258,42.746],[22.26,42.746],[22.266,42.748],[22.268,42.749],[22.27,42.749],[22.273,42.748],[22.278,42.747],[22.281,42.746],[22.283,42.746],[22.287,42.746],[22.29,42.747],[22.291,42.747],[22.302,42.754],[22.309,42.76],[22.314,42.764],[22.317,42.766],[22.319,42.767],[22.324,42.768],[22.334,42.769],[22.337,42.77],[22.34,42.771],[22.343,42.772],[22.345,42.773],[22.35,42.777],[22.361,42.782],[22.363,42.783],[22.366,42.785],[22.371,42.792],[22.375,42.795],[22.381,42.8],[22.385,42.804],[22.387,42.805],[22.389,42.806],[22.4,42.807],[22.407,42.809],[22.411,42.81],[22.417,42.813],[22.419,42.814],[22.429,42.817],[22.43,42.817],[22.427,42.814],[22.426,42.81],[22.429,42.806],[22.453,42.764],[22.467,42.749],[22.481,42.74],[22.483,42.737],[22.483,42.734],[22.483,42.731],[22.481,42.728],[22.468,42.718],[22.442,42.682],[22.449,42.668],[22.445,42.643],[22.441,42.633],[22.429,42.593],[22.425,42.573],[22.43,42.571],[22.481,42.536],[22.512,42.519],[22.525,42.508],[22.533,42.494],[22.533,42.493],[22.537,42.478],[22.533,42.458],[22.519,42.421],[22.509,42.405],[22.498,42.399],[22.485,42.397],[22.47,42.392],[22.454,42.377],[22.438,42.34],[22.424,42.326],[22.406,42.322],[22.364,42.321],[22.345,42.313]]]}}]}
