{"type":"FeatureCollection","features":[{"type":"Feature","id":"SI-001","properties":{"id":"SI-001","countryCode":"SI","isoSubdivision":"SI-001","name":"Ajdovščina","name_en":"Ajdovščina","name_ko":"아이도우슈치나","type":"Commune|Municipality","labelLongitude":13.929,"labelLatitude":45.904,"minZoom":11},"geometry":{"type":"Polygon","coordinates":[[[14.121,45.879],[14.126,45.869],[14.097,45.852],[14.093,45.849],[14.046,45.837],[14.022,45.848],[14.018,45.855],[14.015,45.865],[14.005,45.873],[13.997,45.876],[13.987,45.878],[13.973,45.877],[13.957,45.874],[13.932,45.863],[13.922,45.856],[13.908,45.849],[13.892,45.841],[13.886,45.829],[13.864,45.826],[13.858,45.827],[13.834,45.835],[13.823,45.847],[13.821,45.85],[13.805,45.856],[13.801,45.859],[13.798,45.863],[13.795,45.865],[13.791,45.869],[13.787,45.873],[13.769,45.885],[13.755,45.891],[13.747,45.898],[13.739,45.902],[13.734,45.903],[13.733,45.906],[13.747,45.913],[13.753,45.914],[13.774,45.932],[13.799,45.961],[13.844,45.984],[13.844,45.993],[13.852,46.002],[13.866,45.989],[13.867,45.985],[13.873,45.98],[13.883,45.976],[13.901,45.969],[13.924,45.951],[13.948,45.937],[13.961,45.934],[13.971,45.928],[13.99,45.919],[14.003,45.909],[14.043,45.89],[14.121,45.879]]]}},{"type":"Feature","id":"SI-002","properties":{"id":"SI-002","countryCode":"SI","isoSubdivision":"SI-002","name":"Beltinci","name_en":"Beltinci","name_ko":"벨틴치 지방 자치제","type":"Commune|Municipality","labelLongitude":16.231,"labelLatitude":46.609,"minZoom":11},"geometry":{"type":"Polygon","coordinates":[[[16.161,46.606],[16.183,46.615],[16.192,46.626],[16.205,46.629],[16.241,46.654],[16.269,46.652],[16.277,46.657],[16.283,46.656],[16.298,46.648],[16.286,46.641],[16.286,46.636],[16.283,46.628],[16.298,46.618],[16.301,46.597],[16.274,46.598],[16.266,46.593],[16.262,46.589],[16.259,46.583],[16.261,46.579],[16.262,46.576],[16.266,46.569],[16.248,46.554],[16.217,46.584],[16.203,46.592],[16.161,46.606]]]}},{"type":"Feature","id":"SI-003","properties":{"id":"SI-003","countryCode":"SI","isoSubdivision":"SI-003","name":"Bled","name_en":"Bled","name_ko":"블레드 지방 자치제","type":"Commune|Municipality","labelLongitude":14,"labelLatitude":46.39,"minZoom":11},"geometry":{"type":"Polygon","coordinates":[[[13.879,46.366],[13.848,46.381],[13.918,46.408],[13.947,46.426],[13.96,46.432],[13.972,46.436],[13.979,46.442],[13.992,46.445],[14.073,46.415],[14.082,46.409],[14.097,46.405],[14.102,46.404],[14.128,46.407],[14.121,46.393],[14.137,46.372],[14.143,46.366],[14.149,46.357],[14.152,46.352],[14.151,46.347],[14.136,46.337],[14.133,46.33],[14.129,46.326],[14.116,46.318],[14.111,46.307],[14.102,46.299],[14.097,46.301],[14.092,46.311],[14.087,46.316],[14.08,46.317],[14.074,46.315],[14.066,46.313],[14.058,46.312],[14.044,46.315],[14.034,46.321],[14.028,46.326],[14.022,46.33],[14.009,46.336],[13.998,46.338],[13.983,46.348],[13.964,46.352],[13.947,46.36],[13.899,46.367],[13.879,46.366]]]}},{"type":"Feature","id":"SI-004","properties":{"id":"SI-004","countryCode":"SI","isoSubdivision":"SI-004","name":"Bohinj","name_en":"Bohinj","name_ko":"보힌","type":"Commune|Municipality","labelLongitude":13.954,"labelLatitude":46.296,"minZoom":11},"geometry":{"type":"Polygon","coordinates":[[[14.179,46.284],[14.167,46.281],[14.133,46.284],[14.121,46.283],[14.111,46.281],[14.103,46.274],[14.099,46.267],[14.096,46.252],[14.094,46.246],[14.085,46.244],[14.029,46.25],[14.01,46.246],[13.997,46.239],[13.895,46.23],[13.881,46.23],[13.866,46.232],[13.821,46.242],[13.771,46.262],[13.737,46.286],[13.727,46.302],[13.742,46.326],[13.75,46.335],[13.764,46.345],[13.828,46.369],[13.842,46.382],[13.848,46.381],[13.879,46.366],[13.899,46.367],[13.947,46.36],[13.964,46.352],[13.983,46.348],[13.998,46.338],[14.009,46.336],[14.022,46.33],[14.028,46.326],[14.034,46.321],[14.044,46.315],[14.058,46.312],[14.066,46.313],[14.074,46.315],[14.08,46.317],[14.087,46.316],[14.092,46.311],[14.097,46.301],[14.102,46.299],[14.111,46.307],[14.16,46.303],[14.165,46.304],[14.172,46.305],[14.175,46.304],[14.18,46.299],[14.179,46.284]]]}},{"type":"Feature","id":"SI-005","properties":{"id":"SI-005","countryCode":"SI","isoSubdivision":"SI-005","name":"Borovnica","name_en":"Borovnica","name_ko":"보로브니차 지방 자치제","type":"Commune|Municipality","labelLongitude":14.376,"labelLatitude":45.91,"minZoom":11},"geometry":{"type":"Polygon","coordinates":[[[14.393,45.86],[14.389,45.863],[14.385,45.865],[14.376,45.871],[14.364,45.882],[14.358,45.889],[14.338,45.926],[14.334,45.934],[14.334,45.943],[14.338,45.955],[14.342,45.958],[14.344,45.961],[14.366,45.965],[14.37,45.952],[14.384,45.939],[14.392,45.934],[14.402,45.929],[14.407,45.929],[14.413,45.926],[14.415,45.923],[14.412,45.91],[14.41,45.899],[14.407,45.892],[14.418,45.871],[14.406,45.867],[14.4,45.861],[14.393,45.86]]]}},{"type":"Feature","id":"SI-006","properties":{"id":"SI-006","countryCode":"SI","isoSubdivision":"SI-006","name":"Bovec","name_en":"Bovec","name_ko":"보베츠 지방 자치제","type":"Commune|Municipality","labelLongitude":13.618,"labelLatitude":46.373,"minZoom":11},"geometry":{"type":"Polygon","coordinates":[[[13.659,46.445],[13.677,46.452],[13.686,46.464],[13.69,46.454],[13.687,46.432],[13.692,46.429],[13.702,46.43],[13.713,46.432],[13.738,46.44],[13.751,46.438],[13.767,46.433],[13.799,46.42],[13.811,46.413],[13.817,46.408],[13.821,46.401],[13.824,46.398],[13.842,46.382],[13.828,46.369],[13.764,46.345],[13.75,46.335],[13.742,46.326],[13.727,46.302],[13.671,46.295],[13.651,46.296],[13.629,46.301],[13.584,46.3],[13.55,46.302],[13.532,46.298],[13.526,46.294],[13.529,46.291],[13.53,46.286],[13.527,46.281],[13.515,46.277],[13.477,46.281],[13.449,46.287],[13.433,46.293],[13.419,46.295],[13.404,46.303],[13.396,46.307],[13.41,46.324],[13.423,46.345],[13.434,46.354],[13.447,46.355],[13.46,46.359],[13.484,46.371],[13.53,46.388],[13.554,46.406],[13.576,46.427],[13.6,46.443],[13.634,46.446],[13.659,46.445]]]}},{"type":"Feature","id":"SI-007","properties":{"id":"SI-007","countryCode":"SI","isoSubdivision":"SI-007","name":"Brda","name_en":"Brda","name_ko":"브르다","type":"Commune|Municipality","labelLongitude":13.544,"labelLatitude":46.019,"minZoom":11},"geometry":{"type":"Polygon","coordinates":[[[13.462,46.006],[13.477,46.016],[13.482,46.018],[13.49,46.026],[13.493,46.032],[13.49,46.039],[13.482,46.045],[13.505,46.066],[13.523,46.075],[13.532,46.07],[13.546,46.066],[13.557,46.059],[13.562,46.049],[13.571,46.039],[13.587,46.028],[13.604,46.013],[13.626,45.997],[13.611,45.991],[13.601,45.985],[13.572,45.98],[13.539,45.969],[13.509,45.967],[13.482,45.989],[13.482,45.99],[13.481,45.991],[13.48,45.992],[13.479,45.993],[13.475,45.996],[13.462,46.006]]]}},{"type":"Feature","id":"SI-008","properties":{"id":"SI-008","countryCode":"SI","isoSubdivision":"SI-008","name":"Brezovica","name_en":"Brezovica","name_ko":"브레조비차","type":"Commune|Municipality","labelLongitude":14.428,"labelLatitude":45.948,"minZoom":11},"geometry":{"type":"Polygon","coordinates":[[[14.407,46.036],[14.412,46.035],[14.429,46.029],[14.443,46.016],[14.455,46.01],[14.458,46.005],[14.452,46],[14.443,45.994],[14.436,45.987],[14.436,45.98],[14.445,45.974],[14.459,45.948],[14.459,45.937],[14.464,45.921],[14.467,45.906],[14.49,45.881],[14.442,45.863],[14.436,45.863],[14.418,45.871],[14.407,45.892],[14.41,45.899],[14.412,45.91],[14.415,45.923],[14.413,45.926],[14.407,45.929],[14.402,45.929],[14.392,45.934],[14.384,45.939],[14.37,45.952],[14.366,45.965],[14.375,45.98],[14.372,45.994],[14.379,46.003],[14.386,46.008],[14.397,46.011],[14.399,46.016],[14.399,46.019],[14.397,46.024],[14.385,46.032],[14.407,46.036]]]}},{"type":"Feature","id":"SI-009","properties":{"id":"SI-009","countryCode":"SI","isoSubdivision":"SI-009","name":"Brežice","name_en":"Brežice","name_ko":"브레지체 지방 자치제","type":"Commune|Municipality","labelLongitude":15.604,"labelLatitude":45.908,"minZoom":11},"geometry":{"type":"Polygon","coordinates":[[[15.693,46.042],[15.698,46.036],[15.694,46.026],[15.682,46.014],[15.674,45.993],[15.675,45.972],[15.677,45.942],[15.676,45.925],[15.67,45.913],[15.663,45.901],[15.659,45.889],[15.664,45.876],[15.675,45.856],[15.676,45.842],[15.666,45.832],[15.646,45.824],[15.626,45.82],[15.587,45.819],[15.55,45.824],[15.545,45.83],[15.523,45.853],[15.518,45.861],[15.513,45.867],[15.51,45.874],[15.51,45.882],[15.515,45.894],[15.53,45.901],[15.542,45.904],[15.546,45.903],[15.55,45.906],[15.556,45.908],[15.559,45.917],[15.567,45.92],[15.57,45.926],[15.572,45.937],[15.571,45.972],[15.584,45.994],[15.598,45.994],[15.624,46.004],[15.668,46.026],[15.685,46.04],[15.693,46.042]]]}},{"type":"Feature","id":"SI-011","properties":{"id":"SI-011","countryCode":"SI","isoSubdivision":"SI-011","name":"Celje","name_en":"Celje","name_ko":"첼레의 도시 지방 자치제","type":"Commune|Municipality","labelLongitude":15.287,"labelLatitude":46.24,"minZoom":11},"geometry":{"type":"Polygon","coordinates":[[[15.226,46.317],[15.24,46.321],[15.27,46.307],[15.287,46.289],[15.292,46.28],[15.302,46.274],[15.306,46.272],[15.311,46.272],[15.315,46.274],[15.321,46.273],[15.326,46.272],[15.359,46.261],[15.356,46.251],[15.352,46.247],[15.344,46.242],[15.339,46.229],[15.332,46.23],[15.328,46.228],[15.322,46.226],[15.314,46.223],[15.308,46.218],[15.308,46.199],[15.31,46.194],[15.301,46.189],[15.265,46.194],[15.257,46.197],[15.249,46.197],[15.229,46.192],[15.222,46.192],[15.218,46.193],[15.216,46.198],[15.224,46.236],[15.223,46.244],[15.22,46.256],[15.219,46.26],[15.221,46.262],[15.221,46.263],[15.218,46.27],[15.219,46.274],[15.223,46.281],[15.226,46.285],[15.226,46.317]]]}},{"type":"Feature","id":"SI-012","properties":{"id":"SI-012","countryCode":"SI","isoSubdivision":"SI-012","name":"Cerklje na Gorenjskem","name_en":"Cerklje na Gorenjskem","name_ko":"체르클레나고렌스켐","type":"Commune|Municipality","labelLongitude":14.506,"labelLatitude":46.252,"minZoom":11},"geometry":{"type":"Polygon","coordinates":[[[14.467,46.292],[14.484,46.296],[14.501,46.297],[14.515,46.3],[14.544,46.312],[14.544,46.299],[14.55,46.289],[14.553,46.279],[14.559,46.274],[14.57,46.261],[14.569,46.258],[14.569,46.254],[14.567,46.25],[14.564,46.247],[14.553,46.243],[14.501,46.203],[14.463,46.206],[14.445,46.223],[14.443,46.233],[14.442,46.255],[14.444,46.267],[14.447,46.272],[14.449,46.276],[14.453,46.278],[14.456,46.282],[14.46,46.284],[14.467,46.292]]]}},{"type":"Feature","id":"SI-013","properties":{"id":"SI-013","countryCode":"SI","isoSubdivision":"SI-013","name":"Cerknica","name_en":"Cerknica","name_ko":"체르크니차 지방 자치제","type":"Commune|Municipality","labelLongitude":14.382,"labelLatitude":45.789,"minZoom":11},"geometry":{"type":"Polygon","coordinates":[[[14.436,45.863],[14.442,45.863],[14.49,45.881],[14.498,45.87],[14.496,45.862],[14.497,45.852],[14.505,45.841],[14.493,45.836],[14.483,45.833],[14.457,45.817],[14.451,45.812],[14.446,45.807],[14.442,45.8],[14.442,45.796],[14.447,45.789],[14.463,45.775],[14.481,45.766],[14.487,45.764],[14.49,45.76],[14.492,45.756],[14.478,45.748],[14.411,45.71],[14.386,45.707],[14.328,45.74],[14.323,45.754],[14.299,45.757],[14.288,45.763],[14.269,45.776],[14.258,45.791],[14.259,45.801],[14.279,45.837],[14.276,45.846],[14.299,45.886],[14.309,45.891],[14.326,45.887],[14.365,45.867],[14.376,45.871],[14.385,45.865],[14.389,45.863],[14.393,45.86],[14.4,45.861],[14.406,45.867],[14.418,45.871],[14.436,45.863]]]}},{"type":"Feature","id":"SI-014","properties":{"id":"SI-014","countryCode":"SI","isoSubdivision":"SI-014","name":"Cerkno","name_en":"Cerkno","name_ko":"체르크노 지방 자치제","type":"Commune|Municipality","labelLongitude":13.98,"labelLatitude":46.134,"minZoom":11},"geometry":{"type":"Polygon","coordinates":[[[14.074,46.158],[14.028,46.102],[14.024,46.093],[14.022,46.082],[14.023,46.079],[14.03,46.073],[14.03,46.066],[14.024,46.065],[14.019,46.064],[14.009,46.065],[14,46.067],[13.982,46.076],[13.965,46.087],[13.96,46.087],[13.959,46.085],[13.958,46.082],[13.957,46.079],[13.949,46.074],[13.945,46.07],[13.94,46.069],[13.936,46.069],[13.931,46.072],[13.928,46.071],[13.926,46.069],[13.926,46.066],[13.923,46.061],[13.914,46.061],[13.908,46.062],[13.895,46.068],[13.907,46.073],[13.908,46.076],[13.906,46.083],[13.904,46.089],[13.901,46.097],[13.902,46.105],[13.9,46.113],[13.89,46.125],[13.886,46.135],[13.886,46.14],[13.89,46.148],[13.894,46.154],[13.907,46.164],[13.924,46.171],[13.958,46.178],[13.989,46.195],[13.988,46.186],[13.988,46.181],[13.994,46.178],[14.003,46.176],[14.041,46.173],[14.067,46.167],[14.074,46.158]]]}},{"type":"Feature","id":"SI-015","properties":{"id":"SI-015","countryCode":"SI","isoSubdivision":"SI-015","name":"Črenšovci","name_en":"Črenšovci","name_ko":"치렌쇼우치","type":"Commune|Municipality","labelLongitude":16.294,"labelLatitude":46.559,"minZoom":11},"geometry":{"type":"Polygon","coordinates":[[[16.34,46.544],[16.33,46.535],[16.311,46.531],[16.292,46.535],[16.282,46.547],[16.275,46.544],[16.272,46.543],[16.268,46.54],[16.254,46.547],[16.248,46.554],[16.266,46.569],[16.279,46.577],[16.287,46.578],[16.3,46.589],[16.301,46.597],[16.328,46.584],[16.335,46.578],[16.338,46.564],[16.335,46.556],[16.329,46.549],[16.335,46.545],[16.34,46.544]]]}},{"type":"Feature","id":"SI-016","properties":{"id":"SI-016","countryCode":"SI","isoSubdivision":"SI-016","name":"Črna na Koroškem","name_en":"Črna na Koroškem","name_ko":"치르나나코로슈켐","type":"Commune|Municipality","labelLongitude":14.819,"labelLatitude":46.47,"minZoom":11},"geometry":{"type":"Polygon","coordinates":[[[14.735,46.493],[14.761,46.496],[14.783,46.503],[14.789,46.507],[14.797,46.519],[14.813,46.517],[14.831,46.514],[14.852,46.502],[14.873,46.497],[14.886,46.496],[14.895,46.498],[14.9,46.504],[14.924,46.505],[14.941,46.492],[14.943,46.491],[14.966,46.489],[14.956,46.46],[14.956,46.447],[14.942,46.44],[14.892,46.424],[14.804,46.425],[14.776,46.432],[14.77,46.431],[14.755,46.421],[14.734,46.442],[14.722,46.448],[14.676,46.454],[14.673,46.46],[14.68,46.459],[14.687,46.471],[14.699,46.481],[14.704,46.488],[14.71,46.493],[14.726,46.498],[14.735,46.493]]]}},{"type":"Feature","id":"SI-017","properties":{"id":"SI-017","countryCode":"SI","isoSubdivision":"SI-017","name":"Črnomelj","name_en":"Črnomelj","name_ko":"치르노멜 지방 자치제","type":"Commune|Municipality","labelLongitude":15.214,"labelLatitude":45.523,"minZoom":11},"geometry":{"type":"Polygon","coordinates":[[[15.282,45.571],[15.283,45.571],[15.289,45.545],[15.297,45.523],[15.311,45.506],[15.361,45.482],[15.352,45.476],[15.334,45.459],[15.325,45.453],[15.314,45.451],[15.282,45.451],[15.226,45.436],[15.184,45.426],[15.139,45.43],[15.066,45.474],[15.075,45.489],[15.087,45.499],[15.093,45.502],[15.104,45.506],[15.118,45.509],[15.121,45.512],[15.121,45.516],[15.113,45.52],[15.102,45.519],[15.091,45.516],[15.08,45.515],[15.073,45.517],[15.07,45.523],[15.073,45.534],[15.082,45.542],[15.087,45.544],[15.09,45.546],[15.094,45.546],[15.097,45.545],[15.101,45.546],[15.101,45.551],[15.089,45.559],[15.084,45.564],[15.084,45.575],[15.079,45.584],[15.08,45.59],[15.074,45.602],[15.105,45.595],[15.133,45.596],[15.141,45.598],[15.146,45.601],[15.147,45.603],[15.151,45.606],[15.156,45.611],[15.174,45.617],[15.189,45.617],[15.207,45.615],[15.225,45.608],[15.224,45.6],[15.239,45.596],[15.249,45.598],[15.253,45.597],[15.253,45.594],[15.256,45.589],[15.261,45.582],[15.271,45.576],[15.28,45.573],[15.282,45.572],[15.282,45.571]]]}},{"type":"Feature","id":"SI-018","properties":{"id":"SI-018","countryCode":"SI","isoSubdivision":"SI-018","name":"Destrnik","name_en":"Destrnik","name_ko":"데스트르니크","type":"Commune|Municipality","labelLongitude":15.885,"labelLatitude":46.477,"minZoom":11},"geometry":{"type":"Polygon","coordinates":[[[15.823,46.495],[15.854,46.506],[15.867,46.5],[15.888,46.5],[15.929,46.504],[15.947,46.487],[15.944,46.481],[15.922,46.471],[15.908,46.46],[15.905,46.457],[15.901,46.454],[15.893,46.452],[15.885,46.454],[15.87,46.46],[15.845,46.483],[15.823,46.495]]]}},{"type":"Feature","id":"SI-019","properties":{"id":"SI-019","countryCode":"SI","isoSubdivision":"SI-019","name":"Divača","name_en":"Divača","name_ko":"디바차 지방 자치제","type":"Commune|Municipality","labelLongitude":14.015,"labelLatitude":45.693,"minZoom":11},"geometry":{"type":"Polygon","coordinates":[[[14.037,45.761],[14.072,45.743],[14.082,45.734],[14.093,45.714],[14.083,45.707],[14.072,45.703],[14.065,45.694],[14.063,45.686],[14.065,45.68],[14.069,45.674],[14.069,45.66],[14.073,45.653],[14.078,45.645],[14.083,45.636],[14.08,45.63],[14.08,45.628],[14.091,45.624],[14.09,45.614],[14.077,45.61],[14.072,45.604],[14.066,45.601],[14.06,45.6],[14.04,45.602],[14.025,45.611],[14.006,45.618],[13.988,45.627],[13.971,45.633],[13.951,45.636],[13.938,45.643],[13.944,45.661],[13.936,45.67],[13.962,45.698],[13.968,45.705],[13.965,45.714],[13.96,45.722],[13.956,45.733],[13.957,45.74],[13.964,45.744],[13.976,45.748],[13.99,45.765],[14.003,45.77],[14.005,45.771],[14.012,45.771],[14.016,45.771],[14.037,45.761]]]}},{"type":"Feature","id":"SI-020","properties":{"id":"SI-020","countryCode":"SI","isoSubdivision":"SI-020","name":"Dobrepolje","name_en":"Dobrepolje","name_ko":"도브레폴레","type":"Commune|Municipality","labelLongitude":14.725,"labelLatitude":45.834,"minZoom":11},"geometry":{"type":"Polygon","coordinates":[[[14.752,45.883],[14.768,45.867],[14.767,45.864],[14.76,45.851],[14.759,45.837],[14.764,45.832],[14.771,45.823],[14.782,45.815],[14.785,45.808],[14.805,45.798],[14.803,45.78],[14.804,45.775],[14.814,45.758],[14.796,45.743],[14.688,45.818],[14.669,45.837],[14.652,45.846],[14.645,45.849],[14.639,45.849],[14.637,45.854],[14.639,45.859],[14.64,45.863],[14.64,45.875],[14.66,45.883],[14.665,45.889],[14.672,45.89],[14.678,45.889],[14.685,45.886],[14.723,45.876],[14.731,45.876],[14.752,45.883]]]}},{"type":"Feature","id":"SI-021","properties":{"id":"SI-021","countryCode":"SI","isoSubdivision":"SI-021","name":"Dobrova–Polhov Gradec","name_en":"Dobrova–Polhov Gradec","name_ko":"도브로바폴호우그라데츠","type":"Commune|Municipality","labelLongitude":14.314,"labelLatitude":46.072,"minZoom":11},"geometry":{"type":"Polygon","coordinates":[[[14.429,46.029],[14.412,46.035],[14.407,46.036],[14.385,46.032],[14.367,46.027],[14.36,46.021],[14.342,46.014],[14.343,46.019],[14.344,46.022],[14.344,46.025],[14.343,46.029],[14.337,46.038],[14.331,46.041],[14.323,46.043],[14.282,46.046],[14.257,46.041],[14.253,46.04],[14.243,46.031],[14.244,46.02],[14.19,46.025],[14.193,46.035],[14.187,46.038],[14.207,46.06],[14.208,46.067],[14.21,46.073],[14.211,46.088],[14.232,46.1],[14.267,46.106],[14.325,46.098],[14.333,46.09],[14.338,46.087],[14.35,46.083],[14.372,46.09],[14.409,46.083],[14.415,46.083],[14.421,46.081],[14.424,46.078],[14.432,46.063],[14.435,46.061],[14.437,46.056],[14.44,46.05],[14.441,46.041],[14.44,46.036],[14.44,46.034],[14.429,46.029]]]}},{"type":"Feature","id":"SI-022","properties":{"id":"SI-022","countryCode":"SI","isoSubdivision":"SI-022","name":"Dol pri Ljubljani","name_en":"Dol pri Ljubljani","name_ko":"돌프리류블랴니","type":"Commune|Municipality","labelLongitude":14.674,"labelLatitude":46.1,"minZoom":11},"geometry":{"type":"Polygon","coordinates":[[[14.754,46.1],[14.75,46.093],[14.745,46.091],[14.712,46.079],[14.692,46.078],[14.684,46.082],[14.678,46.083],[14.657,46.078],[14.633,46.077],[14.616,46.08],[14.596,46.088],[14.594,46.097],[14.617,46.098],[14.629,46.102],[14.653,46.113],[14.666,46.118],[14.687,46.117],[14.704,46.112],[14.716,46.11],[14.722,46.106],[14.726,46.1],[14.735,46.099],[14.754,46.1]]]}},{"type":"Feature","id":"SI-023","properties":{"id":"SI-023","countryCode":"SI","isoSubdivision":"SI-023","name":"Domžale","name_en":"Domžale","name_ko":"돔잘레","type":"Commune|Municipality","labelLongitude":14.629,"labelLatitude":46.149,"minZoom":11},"geometry":{"type":"Polygon","coordinates":[[[14.59,46.148],[14.584,46.176],[14.59,46.189],[14.609,46.188],[14.632,46.197],[14.639,46.202],[14.645,46.205],[14.652,46.206],[14.658,46.207],[14.683,46.199],[14.663,46.186],[14.652,46.17],[14.65,46.165],[14.652,46.161],[14.655,46.161],[14.659,46.159],[14.661,46.156],[14.664,46.154],[14.668,46.152],[14.676,46.151],[14.684,46.144],[14.675,46.139],[14.675,46.133],[14.679,46.131],[14.683,46.128],[14.689,46.126],[14.687,46.117],[14.666,46.118],[14.653,46.113],[14.629,46.102],[14.617,46.098],[14.594,46.097],[14.592,46.105],[14.569,46.108],[14.571,46.125],[14.576,46.134],[14.59,46.148]]]}},{"type":"Feature","id":"SI-024","properties":{"id":"SI-024","countryCode":"SI","isoSubdivision":"SI-024","name":"Dornava","name_en":"Dornava","name_ko":"도르나바","type":"Commune|Municipality","labelLongitude":15.992,"labelLatitude":46.441,"minZoom":11},"geometry":{"type":"Polygon","coordinates":[[[16.026,46.432],[16.012,46.435],[15.995,46.429],[15.991,46.426],[15.983,46.417],[15.943,46.421],[15.953,46.451],[15.977,46.446],[15.997,46.459],[16.004,46.467],[16.008,46.474],[16.021,46.491],[16.04,46.469],[16.039,46.449],[16.026,46.432]]]}},{"type":"Feature","id":"SI-025","properties":{"id":"SI-025","countryCode":"SI","isoSubdivision":"SI-025","name":"Dravograd","name_en":"Dravograd","name_ko":"드라보그라드 지방 자치제","type":"Commune|Municipality","labelLongitude":15.023,"labelLatitude":46.591,"minZoom":11},"geometry":{"type":"Polygon","coordinates":[[[15.062,46.65],[15.086,46.648],[15.089,46.634],[15.094,46.626],[15.105,46.612],[15.126,46.601],[15.112,46.599],[15.109,46.595],[15.104,46.587],[15.106,46.579],[15.103,46.57],[15.071,46.55],[15.069,46.546],[15.064,46.542],[15.06,46.542],[15.049,46.545],[15.036,46.542],[15.034,46.54],[15.03,46.539],[15.028,46.538],[15.025,46.538],[15.01,46.55],[15.014,46.559],[15.012,46.563],[15.007,46.569],[14.998,46.573],[14.982,46.582],[14.971,46.592],[14.966,46.597],[14.96,46.6],[14.943,46.601],[14.92,46.614],[14.92,46.615],[14.934,46.621],[14.948,46.619],[14.967,46.6],[15.004,46.637],[15.062,46.65]]]}},{"type":"Feature","id":"SI-026","properties":{"id":"SI-026","countryCode":"SI","isoSubdivision":"SI-026","name":"Duplek","name_en":"Duplek","name_ko":"두플레크","type":"Commune|Municipality","labelLongitude":15.769,"labelLatitude":46.512,"minZoom":11},"geometry":{"type":"Polygon","coordinates":[[[15.732,46.505],[15.724,46.514],[15.721,46.518],[15.72,46.521],[15.721,46.524],[15.723,46.527],[15.738,46.533],[15.754,46.547],[15.769,46.547],[15.776,46.548],[15.781,46.547],[15.785,46.545],[15.788,46.542],[15.789,46.538],[15.791,46.535],[15.809,46.525],[15.815,46.52],[15.818,46.515],[15.814,46.512],[15.812,46.509],[15.81,46.506],[15.816,46.497],[15.807,46.485],[15.795,46.48],[15.781,46.468],[15.757,46.486],[15.75,46.488],[15.742,46.49],[15.739,46.492],[15.738,46.494],[15.733,46.503],[15.732,46.505]]]}},{"type":"Feature","id":"SI-027","properties":{"id":"SI-027","countryCode":"SI","isoSubdivision":"SI-027","name":"Občina Gorenja vas-Poljane","name_en":"Občina Gorenja vas-Poljane","name_ko":"고레냐바스폴랴네","type":"Commune|Municipality","labelLongitude":14.122,"labelLatitude":46.124,"minZoom":11},"geometry":{"type":"Polygon","coordinates":[[[14.211,46.088],[14.21,46.073],[14.208,46.067],[14.207,46.06],[14.187,46.038],[14.166,46.05],[14.159,46.055],[14.146,46.066],[14.141,46.07],[14.13,46.073],[14.05,46.085],[14.039,46.083],[14.033,46.082],[14.03,46.073],[14.023,46.079],[14.022,46.082],[14.024,46.093],[14.028,46.102],[14.074,46.158],[14.094,46.168],[14.098,46.17],[14.162,46.179],[14.173,46.178],[14.186,46.18],[14.204,46.181],[14.213,46.179],[14.219,46.175],[14.223,46.171],[14.215,46.159],[14.208,46.155],[14.204,46.149],[14.201,46.144],[14.2,46.141],[14.205,46.138],[14.206,46.135],[14.207,46.13],[14.203,46.125],[14.2,46.12],[14.2,46.111],[14.201,46.103],[14.208,46.097],[14.211,46.088]]]}},{"type":"Feature","id":"SI-028","properties":{"id":"SI-028","countryCode":"SI","isoSubdivision":"SI-028","name":"Gorišnica","name_en":"Gorišnica","name_ko":"고리슈니차","type":"Commune|Municipality","labelLongitude":16.022,"labelLatitude":46.367,"minZoom":11},"geometry":{"type":"Polygon","coordinates":[[[16.05,46.317],[16.039,46.308],[16.019,46.299],[15.998,46.292],[15.994,46.291],[15.993,46.291],[15.989,46.295],[15.975,46.328],[15.976,46.335],[15.973,46.342],[15.971,46.347],[15.967,46.349],[15.969,46.362],[15.977,46.362],[15.986,46.364],[15.989,46.366],[15.998,46.373],[15.998,46.376],[15.997,46.381],[15.989,46.394],[15.988,46.403],[15.983,46.417],[15.991,46.426],[15.995,46.429],[16.012,46.435],[16.026,46.432],[16.051,46.425],[16.066,46.404],[16.076,46.384],[16.055,46.388],[16.041,46.38],[16.032,46.364],[16.031,46.358],[16.034,46.354],[16.038,46.351],[16.041,46.346],[16.043,46.334],[16.05,46.317]]]}},{"type":"Feature","id":"SI-029","properties":{"id":"SI-029","countryCode":"SI","isoSubdivision":"SI-029","name":"Gornja Radgona","name_en":"Gornja Radgona","name_ko":"고르냐 라드고나","type":"Commune|Municipality","labelLongitude":15.966,"labelLatitude":46.626,"minZoom":11},"geometry":{"type":"Polygon","coordinates":[[[15.968,46.695],[15.987,46.692],[15.998,46.687],[16.017,46.671],[16.028,46.665],[16.042,46.663],[16.008,46.633],[16.007,46.621],[16.014,46.594],[15.978,46.586],[15.956,46.588],[15.933,46.596],[15.916,46.611],[15.914,46.619],[15.913,46.624],[15.928,46.633],[15.931,46.638],[15.928,46.64],[15.923,46.641],[15.918,46.64],[15.913,46.64],[15.909,46.64],[15.904,46.642],[15.901,46.642],[15.888,46.646],[15.889,46.663],[15.911,46.664],[15.932,46.665],[15.947,46.674],[15.968,46.695]]]}},{"type":"Feature","id":"SI-030","properties":{"id":"SI-030","countryCode":"SI","isoSubdivision":"SI-030","name":"Gornji Grad","name_en":"Gornji Grad","name_ko":"고르니그라드","type":"Commune|Municipality","labelLongitude":14.791,"labelLatitude":46.297,"minZoom":11},"geometry":{"type":"Polygon","coordinates":[[[14.798,46.343],[14.801,46.341],[14.811,46.337],[14.848,46.316],[14.867,46.316],[14.877,46.301],[14.872,46.288],[14.862,46.279],[14.857,46.269],[14.855,46.253],[14.811,46.254],[14.789,46.253],[14.753,46.254],[14.714,46.263],[14.704,46.27],[14.706,46.287],[14.731,46.311],[14.781,46.339],[14.798,46.343]]]}},{"type":"Feature","id":"SI-031","properties":{"id":"SI-031","countryCode":"SI","isoSubdivision":"SI-031","name":"Gornji Petrovci","name_en":"Gornji Petrovci","name_ko":"고르니페트로브치 지방 자치제","type":"Commune|Municipality","labelLongitude":16.213,"labelLatitude":46.809,"minZoom":11},"geometry":{"type":"Polygon","coordinates":[[[16.135,46.856],[16.179,46.858],[16.228,46.834],[16.245,46.828],[16.259,46.818],[16.265,46.81],[16.266,46.802],[16.263,46.791],[16.26,46.788],[16.258,46.78],[16.241,46.762],[16.232,46.757],[16.224,46.747],[16.218,46.744],[16.211,46.745],[16.197,46.757],[16.193,46.762],[16.204,46.782],[16.202,46.79],[16.198,46.794],[16.191,46.796],[16.184,46.798],[16.164,46.81],[16.161,46.818],[16.155,46.822],[16.15,46.827],[16.136,46.829],[16.125,46.833],[16.123,46.843],[16.13,46.857],[16.135,46.856]]]}},{"type":"Feature","id":"SI-032","properties":{"id":"SI-032","countryCode":"SI","isoSubdivision":"SI-032","name":"Grosuplje","name_en":"Grosuplje","name_ko":"그로수플예 지방 자치제","type":"Commune|Municipality","labelLongitude":14.671,"labelLatitude":45.942,"minZoom":11},"geometry":{"type":"Polygon","coordinates":[[[14.74,45.998],[14.733,45.982],[14.717,45.966],[14.715,45.953],[14.718,45.952],[14.729,45.949],[14.733,45.947],[14.734,45.945],[14.732,45.941],[14.734,45.935],[14.737,45.927],[14.75,45.908],[14.75,45.903],[14.747,45.897],[14.747,45.892],[14.752,45.883],[14.731,45.876],[14.723,45.876],[14.685,45.886],[14.678,45.889],[14.672,45.89],[14.665,45.889],[14.66,45.883],[14.64,45.875],[14.626,45.886],[14.622,45.895],[14.601,45.909],[14.592,45.929],[14.595,45.96],[14.595,45.969],[14.591,45.98],[14.594,45.985],[14.597,45.988],[14.6,45.989],[14.604,45.992],[14.607,45.992],[14.616,45.997],[14.631,45.989],[14.661,45.99],[14.677,45.996],[14.683,46],[14.686,46.005],[14.701,46.011],[14.71,46.011],[14.715,46.009],[14.725,46.004],[14.74,45.998]]]}},{"type":"Feature","id":"SI-033","properties":{"id":"SI-033","countryCode":"SI","isoSubdivision":"SI-033","name":"Šalovci","name_en":"Šalovci","name_ko":"샬로우치","type":"Commune|Municipality","labelLongitude":16.245,"labelLatitude":46.845,"minZoom":11},"geometry":{"type":"Polygon","coordinates":[[[16.311,46.798],[16.302,46.787],[16.299,46.78],[16.299,46.779],[16.296,46.778],[16.29,46.777],[16.258,46.78],[16.26,46.788],[16.263,46.791],[16.266,46.802],[16.265,46.81],[16.259,46.818],[16.245,46.828],[16.228,46.834],[16.179,46.858],[16.272,46.864],[16.282,46.86],[16.297,46.847],[16.298,46.844],[16.303,46.836],[16.303,46.822],[16.301,46.817],[16.296,46.81],[16.297,46.807],[16.298,46.804],[16.311,46.798]]]}},{"type":"Feature","id":"SI-034","properties":{"id":"SI-034","countryCode":"SI","isoSubdivision":"SI-034","name":"Hrastnik","name_en":"Hrastnik","name_ko":"흐라스트니크 지방 자치제","type":"Commune|Municipality","labelLongitude":15.127,"labelLatitude":46.129,"minZoom":11},"geometry":{"type":"Polygon","coordinates":[[[15.128,46.086],[15.106,46.094],[15.099,46.103],[15.097,46.107],[15.088,46.114],[15.081,46.116],[15.078,46.119],[15.071,46.127],[15.068,46.129],[15.065,46.137],[15.066,46.142],[15.071,46.15],[15.084,46.166],[15.102,46.174],[15.113,46.183],[15.131,46.167],[15.135,46.161],[15.159,46.149],[15.172,46.138],[15.18,46.129],[15.188,46.116],[15.188,46.111],[15.185,46.107],[15.177,46.103],[15.173,46.102],[15.161,46.105],[15.153,46.109],[15.149,46.11],[15.145,46.11],[15.142,46.106],[15.142,46.104],[15.143,46.102],[15.146,46.099],[15.15,46.097],[15.163,46.092],[15.128,46.086]]]}},{"type":"Feature","id":"SI-035","properties":{"id":"SI-035","countryCode":"SI","isoSubdivision":"SI-035","name":"Hrpelje-Kozina","name_en":"Hrpelje-Kozina","name_ko":"흐르펠레코지나","type":"Commune|Municipality","labelLongitude":13.993,"labelLatitude":45.568,"minZoom":11},"geometry":{"type":"Polygon","coordinates":[[[13.868,45.602],[13.887,45.619],[13.895,45.632],[13.894,45.634],[13.909,45.644],[13.938,45.643],[13.951,45.636],[13.971,45.633],[13.988,45.627],[14.006,45.618],[14.025,45.611],[14.04,45.602],[14.06,45.6],[14.066,45.601],[14.072,45.604],[14.077,45.61],[14.09,45.614],[14.105,45.605],[14.102,45.601],[14.099,45.594],[14.094,45.587],[14.09,45.575],[14.09,45.57],[14.094,45.567],[14.1,45.569],[14.106,45.566],[14.105,45.56],[14.103,45.55],[14.094,45.531],[14.087,45.518],[14.089,45.515],[14.107,45.505],[14.112,45.501],[14.118,45.492],[14.118,45.48],[14.117,45.473],[14.093,45.474],[14.067,45.48],[14.042,45.493],[14.028,45.503],[14.014,45.508],[13.987,45.512],[13.984,45.52],[13.952,45.546],[13.91,45.552],[13.895,45.56],[13.885,45.568],[13.88,45.572],[13.871,45.597],[13.868,45.602]]]}},{"type":"Feature","id":"SI-036","properties":{"id":"SI-036","countryCode":"SI","isoSubdivision":"SI-036","name":"Idrija","name_en":"Idrija","name_ko":"이드리야","type":"Commune|Municipality","labelLongitude":13.996,"labelLatitude":45.992,"minZoom":11},"geometry":{"type":"Polygon","coordinates":[[[14.139,46.006],[14.137,45.992],[14.129,45.985],[14.121,45.979],[14.111,45.973],[14.109,45.969],[14.11,45.967],[14.114,45.966],[14.116,45.962],[14.115,45.952],[14.109,45.94],[14.102,45.93],[14.1,45.922],[14.101,45.914],[14.104,45.906],[14.109,45.901],[14.121,45.879],[14.043,45.89],[14.003,45.909],[13.99,45.919],[13.971,45.928],[13.961,45.934],[13.948,45.937],[13.924,45.951],[13.901,45.969],[13.883,45.976],[13.873,45.98],[13.867,45.985],[13.866,45.989],[13.852,46.002],[13.866,46.007],[13.868,46.026],[13.868,46.032],[13.867,46.037],[13.868,46.041],[13.873,46.041],[13.875,46.043],[13.874,46.047],[13.871,46.05],[13.865,46.052],[13.862,46.055],[13.861,46.059],[13.864,46.063],[13.867,46.065],[13.877,46.063],[13.882,46.063],[13.886,46.067],[13.888,46.069],[13.895,46.068],[13.908,46.062],[13.914,46.061],[13.923,46.061],[13.926,46.066],[13.926,46.069],[13.928,46.071],[13.931,46.072],[13.936,46.069],[13.94,46.069],[13.945,46.07],[13.949,46.074],[13.957,46.079],[13.958,46.082],[13.959,46.085],[13.96,46.087],[13.965,46.087],[13.982,46.076],[14,46.067],[14.009,46.065],[14.019,46.064],[14.024,46.065],[14.03,46.066],[14.03,46.073],[14.054,46.063],[14.082,46.035],[14.09,46.032],[14.096,46.032],[14.101,46.027],[14.106,46.019],[14.109,46.015],[14.111,46.013],[14.139,46.006]]]}},{"type":"Feature","id":"SI-037","properties":{"id":"SI-037","countryCode":"SI","isoSubdivision":"SI-037","name":"Ig","name_en":"Ig","name_ko":"이그","type":"Commune|Municipality","labelLongitude":14.516,"labelLatitude":45.94,"minZoom":11},"geometry":{"type":"Polygon","coordinates":[[[14.513,45.998],[14.533,45.99],[14.554,45.972],[14.56,45.955],[14.562,45.944],[14.557,45.921],[14.56,45.919],[14.564,45.915],[14.565,45.91],[14.565,45.905],[14.567,45.902],[14.585,45.896],[14.587,45.882],[14.581,45.875],[14.57,45.868],[14.562,45.867],[14.555,45.868],[14.55,45.87],[14.543,45.873],[14.531,45.879],[14.508,45.885],[14.49,45.881],[14.467,45.906],[14.464,45.921],[14.459,45.937],[14.459,45.948],[14.445,45.974],[14.474,45.983],[14.481,45.992],[14.503,45.998],[14.513,45.998]]]}},{"type":"Feature","id":"SI-038","properties":{"id":"SI-038","countryCode":"SI","isoSubdivision":"SI-038","name":"Ilirska Bistrica","name_en":"Ilirska Bistrica","name_ko":"일리르스카 비스트리카","type":"Commune|Municipality","labelLongitude":14.289,"labelLatitude":45.568,"minZoom":11},"geometry":{"type":"Polygon","coordinates":[[[14.492,45.579],[14.487,45.557],[14.482,45.542],[14.469,45.526],[14.43,45.505],[14.411,45.493],[14.373,45.478],[14.327,45.475],[14.28,45.481],[14.241,45.493],[14.219,45.497],[14.193,45.492],[14.146,45.476],[14.12,45.473],[14.117,45.473],[14.118,45.48],[14.118,45.492],[14.112,45.501],[14.107,45.505],[14.089,45.515],[14.087,45.518],[14.094,45.531],[14.103,45.55],[14.105,45.56],[14.106,45.566],[14.1,45.569],[14.094,45.567],[14.09,45.57],[14.09,45.575],[14.094,45.587],[14.099,45.594],[14.102,45.601],[14.105,45.605],[14.09,45.614],[14.091,45.624],[14.103,45.623],[14.11,45.626],[14.128,45.63],[14.152,45.631],[14.194,45.63],[14.216,45.631],[14.227,45.633],[14.238,45.641],[14.247,45.644],[14.286,45.655],[14.317,45.659],[14.328,45.664],[14.331,45.668],[14.328,45.671],[14.333,45.672],[14.347,45.672],[14.369,45.66],[14.379,45.652],[14.426,45.644],[14.423,45.624],[14.422,45.617],[14.428,45.609],[14.441,45.6],[14.444,45.595],[14.443,45.588],[14.438,45.583],[14.439,45.581],[14.449,45.58],[14.46,45.58],[14.468,45.579],[14.474,45.58],[14.481,45.58],[14.488,45.58],[14.491,45.579],[14.492,45.579]]]}},{"type":"Feature","id":"SI-039","properties":{"id":"SI-039","countryCode":"SI","isoSubdivision":"SI-039","name":"Ivančna Gorica","name_en":"Ivančna Gorica","name_ko":"이반치나고리차","type":"Commune|Municipality","labelLongitude":14.821,"labelLatitude":45.902,"minZoom":11},"geometry":{"type":"Polygon","coordinates":[[[14.74,45.998],[14.75,46.003],[14.773,46.005],[14.775,46.006],[14.781,46.009],[14.811,46.008],[14.843,46.001],[14.856,46],[14.863,46.001],[14.864,46.004],[14.866,46.006],[14.871,46.005],[14.877,46.002],[14.906,45.973],[14.927,45.963],[14.909,45.949],[14.889,45.941],[14.882,45.933],[14.879,45.925],[14.874,45.899],[14.869,45.887],[14.871,45.878],[14.877,45.87],[14.877,45.857],[14.85,45.854],[14.847,45.851],[14.847,45.845],[14.85,45.84],[14.856,45.825],[14.856,45.808],[14.849,45.8],[14.837,45.796],[14.824,45.798],[14.805,45.798],[14.785,45.808],[14.782,45.815],[14.771,45.823],[14.764,45.832],[14.759,45.837],[14.76,45.851],[14.767,45.864],[14.768,45.867],[14.752,45.883],[14.747,45.892],[14.747,45.897],[14.75,45.903],[14.75,45.908],[14.737,45.927],[14.734,45.935],[14.732,45.941],[14.734,45.945],[14.733,45.947],[14.729,45.949],[14.718,45.952],[14.715,45.953],[14.717,45.966],[14.733,45.982],[14.74,45.998]]]}},{"type":"Feature","id":"SI-040","properties":{"id":"SI-040","countryCode":"SI","isoSubdivision":"SI-040","name":"Izola","name_en":"Izola","name_ko":"이졸라","type":"Commune|Municipality","labelLongitude":13.643,"labelLatitude":45.515,"minZoom":11},"geometry":{"type":"Polygon","coordinates":[[[13.611,45.538],[13.675,45.545],[13.674,45.521],[13.663,45.507],[13.657,45.492],[13.654,45.491],[13.647,45.488],[13.642,45.49],[13.64,45.491],[13.64,45.493],[13.633,45.5],[13.629,45.502],[13.622,45.507],[13.619,45.516],[13.619,45.522],[13.617,45.526],[13.611,45.534],[13.611,45.538]]]}},{"type":"Feature","id":"SI-041","properties":{"id":"SI-041","countryCode":"SI","isoSubdivision":"SI-041","name":"Jesenice","name_en":"Jesenice","name_ko":"예세니체","type":"Commune|Municipality","labelLongitude":14.07,"labelLatitude":46.448,"minZoom":11},"geometry":{"type":"Polygon","coordinates":[[[14.032,46.485],[14.05,46.484],[14.066,46.481],[14.081,46.476],[14.137,46.442],[14.148,46.44],[14.141,46.436],[14.138,46.434],[14.129,46.425],[14.128,46.407],[14.102,46.404],[14.097,46.405],[14.082,46.409],[14.073,46.415],[13.992,46.445],[14,46.453],[14.005,46.455],[14.012,46.461],[14.014,46.469],[14.015,46.483],[14.032,46.485]]]}},{"type":"Feature","id":"SI-042","properties":{"id":"SI-042","countryCode":"SI","isoSubdivision":"SI-042","name":"Juršinci","name_en":"Juršinci","name_ko":"유르신치","type":"Commune|Municipality","labelLongitude":15.982,"labelLatitude":46.484,"minZoom":11},"geometry":{"type":"Polygon","coordinates":[[[15.947,46.487],[15.95,46.502],[15.955,46.506],[15.962,46.511],[15.971,46.514],[15.983,46.519],[16.007,46.524],[16.02,46.511],[16.014,46.508],[16.021,46.491],[16.008,46.474],[16.004,46.467],[15.997,46.459],[15.977,46.446],[15.953,46.451],[15.944,46.46],[15.944,46.481],[15.947,46.487]]]}},{"type":"Feature","id":"SI-043","properties":{"id":"SI-043","countryCode":"SI","isoSubdivision":"SI-043","name":"Kamnik","name_en":"Kamnik","name_ko":"캄니크 지방 자치제","type":"Commune|Municipality","labelLongitude":14.733,"labelLatitude":46.229,"minZoom":11},"geometry":{"type":"Polygon","coordinates":[[[14.544,46.312],[14.553,46.321],[14.551,46.325],[14.549,46.329],[14.544,46.337],[14.547,46.346],[14.546,46.353],[14.536,46.36],[14.569,46.369],[14.596,46.361],[14.61,46.362],[14.64,46.366],[14.647,46.334],[14.671,46.311],[14.677,46.3],[14.68,46.291],[14.686,46.286],[14.706,46.287],[14.704,46.27],[14.714,46.263],[14.753,46.254],[14.789,46.253],[14.811,46.254],[14.855,46.253],[14.885,46.241],[14.93,46.219],[14.91,46.211],[14.899,46.209],[14.786,46.2],[14.77,46.196],[14.749,46.196],[14.735,46.198],[14.716,46.202],[14.683,46.199],[14.658,46.207],[14.652,46.206],[14.645,46.205],[14.639,46.202],[14.632,46.197],[14.609,46.188],[14.59,46.189],[14.58,46.192],[14.583,46.198],[14.57,46.215],[14.565,46.228],[14.553,46.243],[14.564,46.247],[14.567,46.25],[14.569,46.254],[14.569,46.258],[14.57,46.261],[14.559,46.274],[14.553,46.279],[14.55,46.289],[14.544,46.299],[14.544,46.312]]]}},{"type":"Feature","id":"SI-044","properties":{"id":"SI-044","countryCode":"SI","isoSubdivision":"SI-044","name":"Kanal ob Soči","name_en":"Kanal ob Soči","name_ko":"카날오브소치","type":"Commune|Municipality","labelLongitude":13.646,"labelLatitude":46.108,"minZoom":11},"geometry":{"type":"Polygon","coordinates":[[[13.523,46.075],[13.616,46.125],[13.645,46.162],[13.641,46.171],[13.667,46.175],[13.685,46.153],[13.687,46.146],[13.697,46.136],[13.704,46.133],[13.709,46.128],[13.769,46.102],[13.767,46.082],[13.761,46.076],[13.752,46.065],[13.74,46.058],[13.732,46.058],[13.705,46.066],[13.681,46.067],[13.667,46.061],[13.655,46.055],[13.633,46.031],[13.625,46.027],[13.625,46.024],[13.638,46.011],[13.644,46.005],[13.641,46.002],[13.637,46.001],[13.633,46.001],[13.629,46.004],[13.625,46.007],[13.619,46.01],[13.615,46.012],[13.604,46.013],[13.587,46.028],[13.571,46.039],[13.562,46.049],[13.557,46.059],[13.546,46.066],[13.532,46.07],[13.523,46.075]]]}},{"type":"Feature","id":"SI-045","properties":{"id":"SI-045","countryCode":"SI","isoSubdivision":"SI-045","name":"Kidričevo","name_en":"Kidričevo","name_ko":"키드리체보","type":"Commune|Municipality","labelLongitude":15.754,"labelLatitude":46.398,"minZoom":11},"geometry":{"type":"Polygon","coordinates":[[[15.687,46.409],[15.734,46.428],[15.752,46.432],[15.77,46.431],[15.782,46.435],[15.8,46.432],[15.831,46.395],[15.825,46.372],[15.821,46.366],[15.819,46.359],[15.802,46.355],[15.784,46.361],[15.769,46.363],[15.681,46.368],[15.678,46.375],[15.682,46.38],[15.685,46.387],[15.684,46.392],[15.685,46.395],[15.685,46.397],[15.679,46.4],[15.677,46.402],[15.687,46.409]]]}},{"type":"Feature","id":"SI-046","properties":{"id":"SI-046","countryCode":"SI","isoSubdivision":"SI-046","name":"Kobarid","name_en":"Kobarid","name_ko":"코바리드 지방 자치제","type":"Commune|Municipality","labelLongitude":13.551,"labelLatitude":46.246,"minZoom":11},"geometry":{"type":"Polygon","coordinates":[[[13.41,46.208],[13.402,46.217],[13.398,46.231],[13.385,46.243],[13.379,46.268],[13.373,46.28],[13.365,46.29],[13.391,46.302],[13.396,46.307],[13.404,46.303],[13.419,46.295],[13.433,46.293],[13.449,46.287],[13.477,46.281],[13.515,46.277],[13.527,46.281],[13.53,46.286],[13.529,46.291],[13.526,46.294],[13.532,46.298],[13.55,46.302],[13.584,46.3],[13.629,46.301],[13.651,46.296],[13.671,46.295],[13.727,46.302],[13.737,46.286],[13.727,46.286],[13.719,46.284],[13.709,46.277],[13.702,46.269],[13.695,46.251],[13.692,46.239],[13.685,46.234],[13.667,46.234],[13.66,46.232],[13.648,46.227],[13.644,46.226],[13.64,46.226],[13.634,46.228],[13.629,46.224],[13.624,46.219],[13.622,46.21],[13.623,46.204],[13.623,46.2],[13.637,46.191],[13.628,46.182],[13.627,46.182],[13.614,46.184],[13.584,46.181],[13.559,46.184],[13.529,46.205],[13.51,46.214],[13.482,46.218],[13.468,46.223],[13.438,46.225],[13.423,46.229],[13.437,46.211],[13.41,46.208]]]}},{"type":"Feature","id":"SI-047","properties":{"id":"SI-047","countryCode":"SI","isoSubdivision":"SI-047","name":"Kobilje","name_en":"Kobilje","name_ko":"코빌레","type":"Commune|Municipality","labelLongitude":16.383,"labelLatitude":46.681,"minZoom":11},"geometry":{"type":"Polygon","coordinates":[[[16.366,46.696],[16.371,46.695],[16.39,46.694],[16.405,46.687],[16.411,46.668],[16.403,46.663],[16.402,46.663],[16.393,46.664],[16.373,46.67],[16.364,46.675],[16.356,46.685],[16.364,46.695],[16.365,46.697],[16.366,46.696]]]}},{"type":"Feature","id":"SI-048","properties":{"id":"SI-048","countryCode":"SI","isoSubdivision":"SI-048","name":"Kočevje","name_en":"Kočevje","name_ko":"코체베","type":"Commune|Municipality","labelLongitude":14.916,"labelLatitude":45.642,"minZoom":11},"geometry":{"type":"Polygon","coordinates":[[[15.066,45.474],[15.056,45.48],[15.007,45.481],[14.997,45.487],[14.986,45.491],[14.977,45.492],[14.965,45.512],[14.944,45.525],[14.938,45.526],[14.93,45.525],[14.914,45.522],[14.902,45.521],[14.885,45.524],[14.87,45.53],[14.865,45.531],[14.858,45.53],[14.848,45.524],[14.846,45.52],[14.844,45.514],[14.839,45.504],[14.836,45.502],[14.831,45.5],[14.817,45.501],[14.796,45.519],[14.756,45.545],[14.739,45.554],[14.733,45.562],[14.732,45.565],[14.733,45.567],[14.734,45.572],[14.73,45.576],[14.724,45.597],[14.711,45.628],[14.727,45.638],[14.732,45.647],[14.755,45.64],[14.771,45.642],[14.778,45.649],[14.788,45.663],[14.789,45.674],[14.822,45.728],[14.796,45.743],[14.814,45.758],[14.827,45.758],[14.836,45.761],[14.846,45.76],[14.862,45.756],[14.87,45.752],[14.877,45.744],[14.896,45.745],[14.926,45.769],[14.939,45.772],[14.982,45.766],[14.984,45.749],[14.98,45.741],[14.972,45.712],[14.977,45.703],[14.981,45.697],[15,45.682],[15.02,45.665],[15.025,45.647],[15.038,45.631],[15.056,45.607],[15.074,45.602],[15.08,45.59],[15.079,45.584],[15.084,45.575],[15.084,45.564],[15.089,45.559],[15.101,45.551],[15.101,45.546],[15.097,45.545],[15.094,45.546],[15.09,45.546],[15.087,45.544],[15.082,45.542],[15.073,45.534],[15.07,45.523],[15.073,45.517],[15.08,45.515],[15.091,45.516],[15.102,45.519],[15.113,45.52],[15.121,45.516],[15.121,45.512],[15.118,45.509],[15.104,45.506],[15.093,45.502],[15.087,45.499],[15.075,45.489],[15.066,45.474]]]}},{"type":"Feature","id":"SI-049","properties":{"id":"SI-049","countryCode":"SI","isoSubdivision":"SI-049","name":"Komen","name_en":"Komen","name_ko":"코멘","type":"Commune|Municipality","labelLongitude":13.738,"labelLatitude":45.823,"minZoom":11},"geometry":{"type":"Polygon","coordinates":[[[13.589,45.806],[13.581,45.809],[13.574,45.819],[13.592,45.821],[13.649,45.82],[13.67,45.823],[13.682,45.832],[13.694,45.836],[13.701,45.843],[13.706,45.846],[13.709,45.865],[13.762,45.844],[13.78,45.841],[13.801,45.841],[13.812,45.842],[13.834,45.835],[13.858,45.827],[13.864,45.826],[13.886,45.829],[13.903,45.81],[13.853,45.8],[13.753,45.791],[13.732,45.791],[13.726,45.79],[13.706,45.78],[13.7,45.771],[13.66,45.792],[13.644,45.796],[13.609,45.799],[13.589,45.806]]]}},{"type":"Feature","id":"SI-05","properties":{"id":"SI-05","countryCode":"SI","isoSubdivision":"SI-05","name":"Zagorje ob Savi","name_en":"Zagorje ob Savi","name_ko":"자사브스카","type":"Statistical Region","labelLongitude":14.924,"labelLatitude":46.145,"minZoom":11},"geometry":{"type":"Polygon","coordinates":[[[14.911,46.093],[14.908,46.094],[14.903,46.096],[14.892,46.109],[14.892,46.114],[14.893,46.117],[14.894,46.122],[14.894,46.125],[14.89,46.128],[14.882,46.129],[14.839,46.13],[14.835,46.137],[14.84,46.141],[14.839,46.145],[14.841,46.149],[14.828,46.16],[14.825,46.166],[14.818,46.169],[14.817,46.171],[14.82,46.172],[14.886,46.177],[14.893,46.179],[14.902,46.191],[14.899,46.209],[14.91,46.211],[14.915,46.201],[14.93,46.194],[14.937,46.192],[14.971,46.198],[15,46.199],[15.013,46.182],[15.008,46.179],[15.004,46.177],[14.993,46.173],[14.986,46.169],[14.986,46.167],[14.988,46.166],[14.991,46.168],[14.995,46.169],[14.999,46.168],[15.013,46.156],[15.027,46.14],[15.031,46.131],[15.031,46.126],[15.029,46.124],[15.024,46.121],[15.022,46.119],[15.015,46.117],[15.013,46.117],[15.012,46.117],[15,46.119],[14.976,46.112],[14.968,46.109],[14.959,46.101],[14.956,46.099],[14.951,46.097],[14.947,46.096],[14.931,46.094],[14.918,46.094],[14.915,46.094],[14.911,46.093]]]}},{"type":"Feature","id":"SI-050","properties":{"id":"SI-050","countryCode":"SI","isoSubdivision":"SI-050","name":"Koper","name_en":"Koper","name_ko":"코페르","type":"Commune|Municipality","labelLongitude":13.824,"labelLatitude":45.508,"minZoom":11},"geometry":{"type":"Polygon","coordinates":[[[13.801,45.581],[13.848,45.585],[13.868,45.602],[13.871,45.597],[13.88,45.572],[13.885,45.568],[13.895,45.56],[13.91,45.552],[13.952,45.546],[13.984,45.52],[13.987,45.512],[13.972,45.514],[13.965,45.511],[13.961,45.504],[13.961,45.493],[13.983,45.475],[13.97,45.463],[13.923,45.449],[13.908,45.439],[13.9,45.429],[13.889,45.424],[13.836,45.429],[13.82,45.433],[13.807,45.442],[13.759,45.463],[13.66,45.46],[13.661,45.466],[13.666,45.469],[13.667,45.469],[13.671,45.471],[13.672,45.474],[13.675,45.478],[13.678,45.483],[13.689,45.491],[13.693,45.495],[13.691,45.498],[13.69,45.499],[13.663,45.507],[13.674,45.521],[13.675,45.545],[13.753,45.553],[13.753,45.559],[13.742,45.57],[13.727,45.581],[13.712,45.593],[13.761,45.596],[13.801,45.581]]]}},{"type":"Feature","id":"SI-051","properties":{"id":"SI-051","countryCode":"SI","isoSubdivision":"SI-051","name":"Kozje","name_en":"Kozje","name_ko":"코제","type":"Commune|Municipality","labelLongitude":15.572,"labelLatitude":46.067,"minZoom":11},"geometry":{"type":"Polygon","coordinates":[[[15.499,46.109],[15.507,46.112],[15.518,46.122],[15.536,46.13],[15.547,46.124],[15.559,46.122],[15.576,46.112],[15.585,46.109],[15.599,46.086],[15.596,46.082],[15.595,46.079],[15.599,46.069],[15.608,46.066],[15.62,46.041],[15.624,46.038],[15.631,46.034],[15.639,46.032],[15.663,46.032],[15.668,46.026],[15.624,46.004],[15.598,45.994],[15.584,45.994],[15.604,46.018],[15.602,46.02],[15.599,46.022],[15.585,46.021],[15.578,46.019],[15.572,46.019],[15.567,46.018],[15.559,46.017],[15.548,46.044],[15.538,46.053],[15.525,46.059],[15.517,46.06],[15.493,46.068],[15.487,46.088],[15.476,46.102],[15.478,46.108],[15.482,46.113],[15.488,46.112],[15.492,46.11],[15.499,46.109]]]}},{"type":"Feature","id":"SI-052","properties":{"id":"SI-052","countryCode":"SI","isoSubdivision":"SI-052","name":"Kranj","name_en":"Kranj","name_ko":"크란","type":"Commune|Municipality","labelLongitude":14.292,"labelLatitude":46.238,"minZoom":11},"geometry":{"type":"Polygon","coordinates":[[[14.407,46.192],[14.411,46.175],[14.414,46.171],[14.394,46.16],[14.385,46.176],[14.38,46.181],[14.372,46.183],[14.368,46.182],[14.364,46.183],[14.363,46.188],[14.365,46.192],[14.367,46.195],[14.365,46.196],[14.35,46.192],[14.338,46.193],[14.276,46.211],[14.269,46.214],[14.27,46.219],[14.272,46.223],[14.276,46.225],[14.278,46.227],[14.279,46.23],[14.277,46.232],[14.275,46.234],[14.249,46.243],[14.222,46.25],[14.208,46.256],[14.192,46.268],[14.167,46.281],[14.179,46.284],[14.228,46.275],[14.234,46.273],[14.275,46.275],[14.298,46.268],[14.325,46.255],[14.33,46.257],[14.333,46.261],[14.335,46.27],[14.33,46.277],[14.315,46.291],[14.312,46.293],[14.311,46.297],[14.312,46.301],[14.321,46.306],[14.323,46.312],[14.329,46.314],[14.326,46.321],[14.33,46.337],[14.338,46.34],[14.351,46.348],[14.36,46.351],[14.405,46.352],[14.394,46.326],[14.389,46.312],[14.387,46.307],[14.383,46.304],[14.379,46.304],[14.369,46.306],[14.367,46.304],[14.368,46.298],[14.371,46.293],[14.38,46.289],[14.39,46.291],[14.417,46.289],[14.415,46.279],[14.402,46.267],[14.392,46.24],[14.384,46.23],[14.383,46.225],[14.384,46.222],[14.387,46.219],[14.389,46.217],[14.407,46.192]]]}},{"type":"Feature","id":"SI-053","properties":{"id":"SI-053","countryCode":"SI","isoSubdivision":"SI-053","name":"Kranjska Gora","name_en":"Kranjska Gora","name_ko":"크란스카고라","type":"Commune|Municipality","labelLongitude":13.85,"labelLatitude":46.448,"minZoom":11},"geometry":{"type":"Polygon","coordinates":[[[13.686,46.464],[13.688,46.468],[13.69,46.493],[13.695,46.499],[13.699,46.505],[13.701,46.512],[13.701,46.52],[13.716,46.519],[13.782,46.508],[13.796,46.508],[13.861,46.515],[13.891,46.512],[13.982,46.482],[13.999,46.481],[14.015,46.483],[14.014,46.469],[14.012,46.461],[14.005,46.455],[14,46.453],[13.992,46.445],[13.979,46.442],[13.972,46.436],[13.96,46.432],[13.947,46.426],[13.918,46.408],[13.848,46.381],[13.842,46.382],[13.824,46.398],[13.821,46.401],[13.817,46.408],[13.811,46.413],[13.799,46.42],[13.767,46.433],[13.751,46.438],[13.738,46.44],[13.713,46.432],[13.702,46.43],[13.692,46.429],[13.687,46.432],[13.69,46.454],[13.686,46.464]]]}},{"type":"Feature","id":"SI-054","properties":{"id":"SI-054","countryCode":"SI","isoSubdivision":"SI-054","name":"Krško","name_en":"Krško","name_ko":"크르슈코 지방 자치제","type":"Statistical Region","labelLongitude":15.467,"labelLatitude":45.94,"minZoom":11},"geometry":{"type":"MultiPolygon","coordinates":[[[[15.55,45.824],[15.524,45.827],[15.514,45.823],[15.495,45.813],[15.485,45.81],[15.474,45.812],[15.463,45.814],[15.451,45.815],[15.44,45.811],[15.436,45.802],[15.44,45.792],[15.441,45.782],[15.43,45.776],[15.429,45.776],[15.424,45.78],[15.401,45.81],[15.4,45.824],[15.397,45.835],[15.396,45.857],[15.388,45.877],[15.361,45.884],[15.351,45.892],[15.353,45.9],[15.354,45.916],[15.363,45.935],[15.372,45.951],[15.39,45.97],[15.424,45.994],[15.429,46.001],[15.43,46.007],[15.428,46.013],[15.423,46.018],[15.419,46.026],[15.417,46.033],[15.417,46.042],[15.42,46.046],[15.42,46.05],[15.418,46.063],[15.493,46.068],[15.517,46.06],[15.525,46.059],[15.538,46.053],[15.548,46.044],[15.559,46.017],[15.564,46.005],[15.565,46],[15.569,45.998],[15.584,45.994],[15.571,45.972],[15.572,45.937],[15.57,45.926],[15.567,45.92],[15.559,45.917],[15.556,45.908],[15.55,45.906],[15.546,45.903],[15.542,45.904],[15.53,45.901],[15.515,45.894],[15.51,45.882],[15.51,45.874],[15.513,45.867],[15.518,45.861],[15.523,45.853],[15.545,45.83],[15.55,45.824]]],[[[15.584,45.994],[15.569,45.998],[15.565,46],[15.564,46.005],[15.559,46.017],[15.567,46.018],[15.572,46.019],[15.578,46.019],[15.585,46.021],[15.599,46.022],[15.602,46.02],[15.604,46.018],[15.584,45.994]]]]}},{"type":"Feature","id":"SI-055","properties":{"id":"SI-055","countryCode":"SI","isoSubdivision":"SI-055","name":"Kungota","name_en":"Kungota","name_ko":"쿤고타","type":"Commune|Municipality","labelLongitude":15.592,"labelLatitude":46.653,"minZoom":11},"geometry":{"type":"Polygon","coordinates":[[[15.604,46.673],[15.617,46.676],[15.622,46.678],[15.622,46.667],[15.646,46.643],[15.664,46.604],[15.647,46.594],[15.631,46.603],[15.627,46.61],[15.614,46.618],[15.605,46.622],[15.598,46.628],[15.591,46.63],[15.571,46.63],[15.537,46.636],[15.52,46.648],[15.521,46.65],[15.531,46.664],[15.546,46.672],[15.567,46.676],[15.589,46.676],[15.604,46.673]]]}},{"type":"Feature","id":"SI-056","properties":{"id":"SI-056","countryCode":"SI","isoSubdivision":"SI-056","name":"Kuzma","name_en":"Kuzma","name_ko":"쿠즈마","type":"Commune|Municipality","labelLongitude":16.092,"labelLatitude":46.846,"minZoom":11},"geometry":{"type":"Polygon","coordinates":[[[16.094,46.863],[16.13,46.857],[16.123,46.843],[16.125,46.833],[16.099,46.832],[16.092,46.83],[16.078,46.823],[16.072,46.819],[16.056,46.816],[16.053,46.846],[16.094,46.863]]]}},{"type":"Feature","id":"SI-057","properties":{"id":"SI-057","countryCode":"SI","isoSubdivision":"SI-057","name":"Laško","name_en":"Laško","name_ko":"라슈코","type":"Commune|Municipality","labelLongitude":15.248,"labelLatitude":46.14,"minZoom":11},"geometry":{"type":"Polygon","coordinates":[[[15.371,46.136],[15.383,46.108],[15.379,46.098],[15.38,46.089],[15.377,46.084],[15.368,46.072],[15.317,46.069],[15.303,46.065],[15.292,46.059],[15.287,46.059],[15.284,46.062],[15.283,46.068],[15.281,46.071],[15.277,46.076],[15.269,46.08],[15.254,46.083],[15.203,46.084],[15.194,46.082],[15.193,46.081],[15.194,46.078],[15.201,46.073],[15.204,46.069],[15.205,46.066],[15.202,46.061],[15.163,46.092],[15.15,46.097],[15.146,46.099],[15.143,46.102],[15.142,46.104],[15.142,46.106],[15.145,46.11],[15.149,46.11],[15.153,46.109],[15.161,46.105],[15.173,46.102],[15.177,46.103],[15.185,46.107],[15.188,46.111],[15.188,46.116],[15.18,46.129],[15.172,46.138],[15.159,46.149],[15.135,46.161],[15.131,46.167],[15.113,46.183],[15.176,46.185],[15.204,46.188],[15.216,46.198],[15.218,46.193],[15.222,46.192],[15.229,46.192],[15.249,46.197],[15.257,46.197],[15.265,46.194],[15.301,46.189],[15.303,46.182],[15.301,46.179],[15.299,46.176],[15.295,46.174],[15.291,46.172],[15.289,46.17],[15.29,46.167],[15.294,46.165],[15.312,46.166],[15.363,46.181],[15.375,46.168],[15.373,46.158],[15.367,46.15],[15.371,46.136]]]}},{"type":"Feature","id":"SI-058","properties":{"id":"SI-058","countryCode":"SI","isoSubdivision":"SI-058","name":"Lenart","name_en":"Lenart","name_ko":"레나르트 지방 자치제","type":"Commune|Municipality","labelLongitude":15.855,"labelLatitude":46.558,"minZoom":11},"geometry":{"type":"Polygon","coordinates":[[[15.778,46.648],[15.8,46.647],[15.818,46.645],[15.823,46.64],[15.825,46.636],[15.829,46.627],[15.829,46.624],[15.829,46.619],[15.835,46.615],[15.845,46.609],[15.852,46.607],[15.857,46.607],[15.863,46.611],[15.875,46.606],[15.893,46.588],[15.898,46.584],[15.902,46.583],[15.905,46.585],[15.911,46.585],[15.915,46.586],[15.926,46.591],[15.933,46.596],[15.956,46.588],[15.944,46.581],[15.938,46.58],[15.926,46.574],[15.922,46.569],[15.92,46.565],[15.928,46.542],[15.924,46.534],[15.892,46.546],[15.884,46.542],[15.873,46.538],[15.868,46.534],[15.865,46.529],[15.862,46.526],[15.86,46.52],[15.857,46.516],[15.854,46.506],[15.823,46.495],[15.816,46.497],[15.81,46.506],[15.812,46.509],[15.814,46.512],[15.818,46.515],[15.815,46.52],[15.809,46.525],[15.791,46.535],[15.789,46.538],[15.788,46.542],[15.785,46.545],[15.781,46.547],[15.776,46.548],[15.769,46.547],[15.754,46.547],[15.769,46.559],[15.766,46.561],[15.764,46.565],[15.76,46.568],[15.755,46.573],[15.76,46.588],[15.758,46.603],[15.761,46.615],[15.771,46.634],[15.773,46.643],[15.776,46.645],[15.778,46.648]]]}},{"type":"Feature","id":"SI-059","properties":{"id":"SI-059","countryCode":"SI","isoSubdivision":"SI-059","name":"Lendava","name_en":"Lendava","name_ko":"렌다바","type":"Commune|Municipality","labelLongitude":16.422,"labelLatitude":46.569,"minZoom":11},"geometry":{"type":"Polygon","coordinates":[[[16.372,46.636],[16.376,46.629],[16.395,46.619],[16.43,46.604],[16.467,46.565],[16.501,46.545],[16.515,46.502],[16.491,46.515],[16.481,46.519],[16.471,46.52],[16.449,46.518],[16.44,46.519],[16.432,46.523],[16.415,46.536],[16.406,46.539],[16.395,46.54],[16.382,46.539],[16.369,46.541],[16.358,46.547],[16.352,46.539],[16.351,46.54],[16.344,46.547],[16.34,46.544],[16.335,46.545],[16.329,46.549],[16.335,46.556],[16.344,46.557],[16.351,46.558],[16.367,46.563],[16.383,46.57],[16.39,46.575],[16.398,46.578],[16.378,46.6],[16.348,46.615],[16.367,46.634],[16.372,46.636]]]}},{"type":"Feature","id":"SI-060","properties":{"id":"SI-060","countryCode":"SI","isoSubdivision":"SI-060","name":"Litija","name_en":"Litija","name_ko":"리티야","type":"Commune|Municipality","labelLongitude":14.918,"labelLatitude":46.075,"minZoom":11},"geometry":{"type":"Polygon","coordinates":[[[14.835,46.137],[14.839,46.13],[14.882,46.129],[14.89,46.128],[14.894,46.125],[14.894,46.122],[14.893,46.117],[14.892,46.114],[14.892,46.109],[14.903,46.096],[14.908,46.094],[14.911,46.093],[14.915,46.094],[14.918,46.094],[14.931,46.094],[14.947,46.096],[14.951,46.097],[14.956,46.099],[14.959,46.101],[14.968,46.109],[14.976,46.112],[15,46.119],[15.005,46.099],[15.002,46.093],[14.998,46.088],[14.993,46.085],[14.993,46.081],[14.995,46.075],[14.997,46.068],[15.002,46.062],[15.002,46.056],[15.017,46.053],[15.027,46.054],[15.071,46.065],[15.075,46.053],[15.078,46.049],[15.094,46.04],[15.093,46.031],[15.116,46.004],[15.102,46.005],[15.1,46.006],[15.097,46.007],[15.089,46.006],[15.079,46.001],[15.055,46.002],[15.041,46.001],[15.038,45.994],[15.037,45.986],[15.032,45.977],[15.024,45.97],[15,45.964],[14.982,45.972],[14.968,45.975],[14.954,45.975],[14.95,45.994],[14.936,46.018],[14.913,46.033],[14.889,46.055],[14.866,46.07],[14.844,46.073],[14.806,46.06],[14.752,46.066],[14.736,46.066],[14.725,46.069],[14.723,46.073],[14.712,46.079],[14.745,46.091],[14.75,46.093],[14.754,46.1],[14.806,46.115],[14.835,46.137]]]}},{"type":"Feature","id":"SI-061","properties":{"id":"SI-061","countryCode":"SI","isoSubdivision":"SI-061","name":"Ljubljana","name_en":"Ljubljana","name_ko":"류블랴나","type":"Statistical Region","labelLongitude":14.58,"labelLatitude":46.062,"minZoom":11},"geometry":{"type":"Polygon","coordinates":[[[14.75,46.003],[14.74,45.998],[14.725,46.004],[14.715,46.009],[14.71,46.011],[14.701,46.011],[14.686,46.005],[14.683,46],[14.677,45.996],[14.661,45.99],[14.631,45.989],[14.616,45.997],[14.587,46.015],[14.563,46.019],[14.542,46.016],[14.535,46.013],[14.536,46.004],[14.533,45.99],[14.513,45.998],[14.503,45.998],[14.481,45.992],[14.474,45.983],[14.445,45.974],[14.436,45.98],[14.436,45.987],[14.443,45.994],[14.452,46],[14.458,46.005],[14.455,46.01],[14.443,46.016],[14.429,46.029],[14.44,46.034],[14.44,46.036],[14.441,46.041],[14.44,46.05],[14.437,46.056],[14.435,46.061],[14.432,46.063],[14.424,46.078],[14.421,46.081],[14.415,46.083],[14.409,46.083],[14.431,46.094],[14.436,46.096],[14.438,46.097],[14.435,46.101],[14.431,46.105],[14.428,46.109],[14.425,46.116],[14.421,46.117],[14.421,46.12],[14.423,46.123],[14.427,46.127],[14.433,46.128],[14.446,46.128],[14.46,46.134],[14.469,46.143],[14.476,46.139],[14.487,46.14],[14.514,46.146],[14.521,46.132],[14.54,46.116],[14.569,46.108],[14.592,46.105],[14.594,46.097],[14.596,46.088],[14.616,46.08],[14.633,46.077],[14.657,46.078],[14.678,46.083],[14.684,46.082],[14.692,46.078],[14.712,46.079],[14.723,46.073],[14.725,46.069],[14.736,46.066],[14.733,46.058],[14.733,46.054],[14.731,46.051],[14.738,46.045],[14.744,46.04],[14.749,46.034],[14.751,46.028],[14.748,46.023],[14.75,46.003]]]}},{"type":"Feature","id":"SI-062","properties":{"id":"SI-062","countryCode":"SI","isoSubdivision":"SI-062","name":"Ljubno","name_en":"Ljubno","name_ko":"류브노","type":"Commune|Municipality","labelLongitude":14.842,"labelLatitude":46.372,"minZoom":11},"geometry":{"type":"Polygon","coordinates":[[[14.892,46.424],[14.901,46.418],[14.902,46.394],[14.882,46.352],[14.882,46.338],[14.867,46.316],[14.848,46.316],[14.811,46.337],[14.801,46.341],[14.798,46.343],[14.781,46.339],[14.807,46.388],[14.809,46.399],[14.806,46.409],[14.804,46.425],[14.892,46.424]]]}},{"type":"Feature","id":"SI-063","properties":{"id":"SI-063","countryCode":"SI","isoSubdivision":"SI-063","name":"Ljutomer","name_en":"Ljutomer","name_ko":"류토메르","type":"Commune|Municipality","labelLongitude":16.165,"labelLatitude":46.511,"minZoom":11},"geometry":{"type":"Polygon","coordinates":[[[16.311,46.531],[16.302,46.527],[16.278,46.534],[16.26,46.519],[16.261,46.514],[16.235,46.493],[16.234,46.485],[16.231,46.484],[16.227,46.481],[16.224,46.478],[16.222,46.475],[16.217,46.475],[16.21,46.476],[16.207,46.473],[16.204,46.473],[16.202,46.473],[16.192,46.484],[16.183,46.489],[16.171,46.496],[16.156,46.493],[16.153,46.49],[16.148,46.488],[16.137,46.489],[16.114,46.496],[16.068,46.502],[16.052,46.506],[16.02,46.511],[16.027,46.522],[16.027,46.525],[16.028,46.528],[16.027,46.531],[16.028,46.533],[16.034,46.539],[16.041,46.542],[16.046,46.545],[16.078,46.542],[16.098,46.539],[16.122,46.529],[16.143,46.526],[16.154,46.525],[16.166,46.528],[16.171,46.53],[16.174,46.533],[16.175,46.536],[16.176,46.542],[16.177,46.545],[16.178,46.548],[16.179,46.55],[16.176,46.552],[16.174,46.554],[16.177,46.56],[16.19,46.566],[16.195,46.567],[16.202,46.567],[16.204,46.568],[16.217,46.584],[16.248,46.554],[16.254,46.547],[16.268,46.54],[16.272,46.543],[16.275,46.544],[16.282,46.547],[16.292,46.535],[16.311,46.531]]]}},{"type":"Feature","id":"SI-064","properties":{"id":"SI-064","countryCode":"SI","isoSubdivision":"SI-064","name":"Logatec","name_en":"Logatec","name_ko":"로가테츠","type":"Commune|Municipality","labelLongitude":14.2,"labelLatitude":45.94,"minZoom":11},"geometry":{"type":"Polygon","coordinates":[[[14.187,46.038],[14.193,46.035],[14.19,46.025],[14.196,46.008],[14.206,46.006],[14.23,45.995],[14.229,45.993],[14.22,45.989],[14.215,45.975],[14.217,45.968],[14.213,45.962],[14.211,45.957],[14.214,45.952],[14.219,45.951],[14.224,45.951],[14.23,45.949],[14.239,45.944],[14.26,45.929],[14.286,45.907],[14.299,45.886],[14.276,45.846],[14.222,45.863],[14.2,45.872],[14.179,45.875],[14.126,45.869],[14.121,45.879],[14.109,45.901],[14.104,45.906],[14.101,45.914],[14.1,45.922],[14.102,45.93],[14.109,45.94],[14.115,45.952],[14.116,45.962],[14.114,45.966],[14.11,45.967],[14.109,45.969],[14.111,45.973],[14.121,45.979],[14.129,45.985],[14.137,45.992],[14.139,46.006],[14.171,46.02],[14.187,46.038]]]}},{"type":"Feature","id":"SI-065","properties":{"id":"SI-065","countryCode":"SI","isoSubdivision":"SI-065","name":"Loška Dolina","name_en":"Loška Dolina","name_ko":"로슈카돌리나","type":"Commune|Municipality","labelLongitude":14.478,"labelLatitude":45.664,"minZoom":11},"geometry":{"type":"Polygon","coordinates":[[[14.569,45.664],[14.564,45.663],[14.556,45.657],[14.544,45.636],[14.533,45.626],[14.508,45.606],[14.499,45.596],[14.492,45.583],[14.492,45.579],[14.491,45.579],[14.488,45.58],[14.481,45.58],[14.474,45.58],[14.468,45.579],[14.46,45.58],[14.449,45.58],[14.439,45.581],[14.438,45.583],[14.443,45.588],[14.444,45.595],[14.441,45.6],[14.428,45.609],[14.422,45.617],[14.423,45.624],[14.426,45.644],[14.426,45.662],[14.417,45.671],[14.393,45.689],[14.386,45.707],[14.411,45.71],[14.478,45.748],[14.508,45.731],[14.525,45.729],[14.53,45.73],[14.537,45.734],[14.557,45.692],[14.559,45.681],[14.568,45.667],[14.569,45.665],[14.569,45.664]]]}},{"type":"Feature","id":"SI-066","properties":{"id":"SI-066","countryCode":"SI","isoSubdivision":"SI-066","name":"Loški Potok","name_en":"Loški Potok","name_ko":"로슈키포토크","type":"Commune|Municipality","labelLongitude":14.636,"labelLatitude":45.651,"minZoom":11},"geometry":{"type":"Polygon","coordinates":[[[14.664,45.57],[14.657,45.573],[14.65,45.575],[14.616,45.594],[14.603,45.604],[14.594,45.616],[14.593,45.63],[14.594,45.648],[14.592,45.663],[14.581,45.668],[14.569,45.664],[14.569,45.665],[14.568,45.667],[14.559,45.681],[14.557,45.692],[14.537,45.734],[14.55,45.738],[14.556,45.735],[14.576,45.735],[14.599,45.73],[14.62,45.729],[14.63,45.725],[14.635,45.72],[14.646,45.707],[14.667,45.689],[14.677,45.683],[14.708,45.676],[14.721,45.67],[14.731,45.667],[14.733,45.664],[14.735,45.659],[14.735,45.656],[14.735,45.652],[14.732,45.647],[14.727,45.638],[14.711,45.628],[14.724,45.597],[14.681,45.576],[14.664,45.57]]]}},{"type":"Feature","id":"SI-067","properties":{"id":"SI-067","countryCode":"SI","isoSubdivision":"SI-067","name":"Luče","name_en":"Luče","name_ko":"루체","type":"Commune|Municipality","labelLongitude":14.725,"labelLatitude":46.344,"minZoom":11},"geometry":{"type":"Polygon","coordinates":[[[14.804,46.425],[14.806,46.409],[14.809,46.399],[14.807,46.388],[14.781,46.339],[14.731,46.311],[14.706,46.287],[14.686,46.286],[14.68,46.291],[14.677,46.3],[14.671,46.311],[14.647,46.334],[14.64,46.366],[14.669,46.365],[14.726,46.383],[14.738,46.389],[14.743,46.393],[14.742,46.396],[14.74,46.399],[14.74,46.407],[14.755,46.421],[14.77,46.431],[14.776,46.432],[14.804,46.425]]]}},{"type":"Feature","id":"SI-068","properties":{"id":"SI-068","countryCode":"SI","isoSubdivision":"SI-068","name":"Lukovica","name_en":"Lukovica","name_ko":"루코비차","type":"Commune|Municipality","labelLongitude":14.776,"labelLatitude":46.183,"minZoom":11},"geometry":{"type":"Polygon","coordinates":[[[14.77,46.196],[14.786,46.2],[14.899,46.209],[14.902,46.191],[14.893,46.179],[14.886,46.177],[14.82,46.172],[14.817,46.171],[14.818,46.169],[14.825,46.166],[14.828,46.16],[14.805,46.165],[14.772,46.168],[14.73,46.162],[14.711,46.152],[14.684,46.144],[14.676,46.151],[14.668,46.152],[14.664,46.154],[14.661,46.156],[14.659,46.159],[14.655,46.161],[14.652,46.161],[14.65,46.165],[14.652,46.17],[14.663,46.186],[14.683,46.199],[14.716,46.202],[14.735,46.198],[14.749,46.196],[14.77,46.196]]]}},{"type":"Feature","id":"SI-069","properties":{"id":"SI-069","countryCode":"SI","isoSubdivision":"SI-069","name":"Majšperk","name_en":"Majšperk","name_ko":"마이슈페르크","type":"Commune|Municipality","labelLongitude":15.746,"labelLatitude":46.315,"minZoom":11},"geometry":{"type":"Polygon","coordinates":[[[15.758,46.262],[15.741,46.266],[15.704,46.264],[15.685,46.274],[15.712,46.297],[15.715,46.303],[15.72,46.311],[15.721,46.325],[15.721,46.337],[15.716,46.344],[15.709,46.347],[15.69,46.349],[15.68,46.357],[15.678,46.362],[15.681,46.368],[15.769,46.363],[15.784,46.361],[15.802,46.355],[15.809,46.345],[15.812,46.342],[15.813,46.339],[15.801,46.321],[15.773,46.298],[15.762,46.286],[15.758,46.262]]]}},{"type":"Feature","id":"SI-070","properties":{"id":"SI-070","countryCode":"SI","isoSubdivision":"SI-070","name":"Maribor","name_en":"Maribor","name_ko":"마리보르 도시 지방 자치제","type":"Commune|Municipality","labelLongitude":15.641,"labelLatitude":46.556,"minZoom":11},"geometry":{"type":"Polygon","coordinates":[[[15.514,46.633],[15.518,46.638],[15.52,46.648],[15.537,46.636],[15.571,46.63],[15.591,46.63],[15.598,46.628],[15.605,46.622],[15.614,46.618],[15.627,46.61],[15.631,46.603],[15.647,46.594],[15.68,46.593],[15.699,46.579],[15.721,46.569],[15.745,46.569],[15.755,46.573],[15.76,46.568],[15.764,46.565],[15.766,46.561],[15.769,46.559],[15.754,46.547],[15.738,46.533],[15.723,46.527],[15.721,46.524],[15.72,46.521],[15.721,46.518],[15.724,46.514],[15.732,46.505],[15.696,46.512],[15.608,46.517],[15.564,46.51],[15.55,46.518],[15.56,46.562],[15.549,46.572],[15.549,46.579],[15.547,46.588],[15.542,46.593],[15.537,46.595],[15.532,46.597],[15.528,46.601],[15.524,46.606],[15.525,46.614],[15.52,46.627],[15.514,46.633]]]}},{"type":"Feature","id":"SI-071","properties":{"id":"SI-071","countryCode":"SI","isoSubdivision":"SI-071","name":"Medvode","name_en":"Medvode","name_ko":"메드보데","type":"Commune|Municipality","labelLongitude":14.397,"labelLatitude":46.124,"minZoom":11},"geometry":{"type":"Polygon","coordinates":[[[14.394,46.16],[14.414,46.171],[14.411,46.175],[14.407,46.192],[14.459,46.193],[14.469,46.143],[14.46,46.134],[14.446,46.128],[14.433,46.128],[14.427,46.127],[14.423,46.123],[14.421,46.12],[14.421,46.117],[14.425,46.116],[14.428,46.109],[14.431,46.105],[14.435,46.101],[14.438,46.097],[14.436,46.096],[14.431,46.094],[14.409,46.083],[14.372,46.09],[14.35,46.083],[14.338,46.087],[14.333,46.09],[14.325,46.098],[14.331,46.113],[14.328,46.119],[14.331,46.127],[14.338,46.135],[14.357,46.145],[14.369,46.147],[14.378,46.15],[14.382,46.155],[14.384,46.158],[14.394,46.16]]]}},{"type":"Feature","id":"SI-072","properties":{"id":"SI-072","countryCode":"SI","isoSubdivision":"SI-072","name":"Mengeš","name_en":"Mengeš","name_ko":"멘게시","type":"Commune|Municipality","labelLongitude":14.552,"labelLatitude":46.161,"minZoom":11},"geometry":{"type":"Polygon","coordinates":[[[14.514,46.146],[14.524,46.15],[14.528,46.157],[14.537,46.161],[14.538,46.174],[14.583,46.198],[14.58,46.192],[14.59,46.189],[14.584,46.176],[14.59,46.148],[14.521,46.132],[14.514,46.146]]]}},{"type":"Feature","id":"SI-073","properties":{"id":"SI-073","countryCode":"SI","isoSubdivision":"SI-073","name":"Metlika","name_en":"Metlika","name_ko":"메틀리카","type":"Commune|Municipality","labelLongitude":15.299,"labelLatitude":45.65,"minZoom":11},"geometry":{"type":"Polygon","coordinates":[[[15.25,45.714],[15.249,45.712],[15.251,45.708],[15.258,45.705],[15.268,45.698],[15.278,45.685],[15.283,45.68],[15.292,45.676],[15.305,45.672],[15.309,45.674],[15.31,45.678],[15.315,45.681],[15.327,45.683],[15.331,45.685],[15.334,45.683],[15.35,45.67],[15.352,45.668],[15.368,45.649],[15.374,45.64],[15.353,45.64],[15.339,45.637],[15.327,45.632],[15.297,45.626],[15.292,45.618],[15.288,45.61],[15.281,45.606],[15.269,45.602],[15.27,45.593],[15.277,45.583],[15.282,45.571],[15.282,45.572],[15.28,45.573],[15.271,45.576],[15.261,45.582],[15.256,45.589],[15.253,45.594],[15.253,45.597],[15.249,45.598],[15.239,45.596],[15.224,45.6],[15.225,45.608],[15.234,45.608],[15.236,45.609],[15.239,45.61],[15.242,45.611],[15.244,45.613],[15.249,45.615],[15.253,45.618],[15.259,45.622],[15.262,45.626],[15.265,45.633],[15.268,45.636],[15.272,45.638],[15.279,45.639],[15.284,45.643],[15.284,45.65],[15.275,45.663],[15.265,45.673],[15.251,45.681],[15.238,45.701],[15.236,45.703],[15.228,45.703],[15.249,45.713],[15.25,45.714]]]}},{"type":"Feature","id":"SI-074","properties":{"id":"SI-074","countryCode":"SI","isoSubdivision":"SI-074","name":"Mežica","name_en":"Mežica","name_ko":"메지카","type":"Commune|Municipality","labelLongitude":14.849,"labelLatitude":46.528,"minZoom":11},"geometry":{"type":"Polygon","coordinates":[[[14.797,46.519],[14.807,46.536],[14.815,46.551],[14.826,46.553],[14.841,46.552],[14.844,46.552],[14.847,46.552],[14.85,46.553],[14.853,46.553],[14.857,46.553],[14.863,46.552],[14.867,46.547],[14.873,46.545],[14.878,46.542],[14.879,46.537],[14.882,46.531],[14.892,46.523],[14.899,46.519],[14.903,46.517],[14.9,46.504],[14.895,46.498],[14.886,46.496],[14.873,46.497],[14.852,46.502],[14.831,46.514],[14.813,46.517],[14.797,46.519]]]}},{"type":"Feature","id":"SI-075","properties":{"id":"SI-075","countryCode":"SI","isoSubdivision":"SI-075","name":"Miren–Kostanjevica","name_en":"Miren–Kostanjevica","name_ko":"미렌코스타네비차","type":"Commune|Municipality","labelLongitude":13.637,"labelLatitude":45.848,"minZoom":11},"geometry":{"type":"Polygon","coordinates":[[[13.574,45.819],[13.566,45.83],[13.569,45.865],[13.599,45.912],[13.614,45.904],[13.647,45.897],[13.64,45.893],[13.634,45.892],[13.626,45.891],[13.621,45.889],[13.62,45.886],[13.629,45.879],[13.639,45.874],[13.665,45.868],[13.679,45.869],[13.709,45.865],[13.706,45.846],[13.701,45.843],[13.694,45.836],[13.682,45.832],[13.67,45.823],[13.649,45.82],[13.592,45.821],[13.574,45.819]]]}},{"type":"Feature","id":"SI-076","properties":{"id":"SI-076","countryCode":"SI","isoSubdivision":"SI-076","name":"Mislinja","name_en":"Mislinja","name_ko":"미슬리냐","type":"Commune|Municipality","labelLongitude":15.225,"labelLatitude":46.444,"minZoom":11},"geometry":{"type":"Polygon","coordinates":[[[15.312,46.492],[15.316,46.482],[15.318,46.47],[15.325,46.463],[15.327,46.459],[15.325,46.451],[15.298,46.45],[15.281,46.447],[15.273,46.443],[15.267,46.437],[15.254,46.414],[15.232,46.393],[15.19,46.388],[15.176,46.394],[15.176,46.398],[15.176,46.402],[15.176,46.409],[15.17,46.411],[15.162,46.413],[15.155,46.413],[15.124,46.422],[15.135,46.444],[15.14,46.445],[15.143,46.444],[15.145,46.445],[15.149,46.45],[15.151,46.46],[15.162,46.468],[15.186,46.492],[15.196,46.511],[15.223,46.497],[15.238,46.495],[15.258,46.496],[15.312,46.492]]]}},{"type":"Feature","id":"SI-077","properties":{"id":"SI-077","countryCode":"SI","isoSubdivision":"SI-077","name":"Moravče","name_en":"Moravče","name_ko":"모라우체","type":"Commune|Municipality","labelLongitude":14.758,"labelLatitude":46.134,"minZoom":11},"geometry":{"type":"Polygon","coordinates":[[[14.835,46.137],[14.806,46.115],[14.754,46.1],[14.735,46.099],[14.726,46.1],[14.722,46.106],[14.716,46.11],[14.704,46.112],[14.687,46.117],[14.689,46.126],[14.683,46.128],[14.679,46.131],[14.675,46.133],[14.675,46.139],[14.684,46.144],[14.711,46.152],[14.73,46.162],[14.772,46.168],[14.805,46.165],[14.828,46.16],[14.841,46.149],[14.839,46.145],[14.84,46.141],[14.835,46.137]]]}},{"type":"Feature","id":"SI-078","properties":{"id":"SI-078","countryCode":"SI","isoSubdivision":"SI-078","name":"Moravske Toplice","name_en":"Moravske Toplice","name_ko":"모라브스케 토플리체 지방 자치제","type":"Commune|Municipality","labelLongitude":16.27,"labelLatitude":46.716,"minZoom":11},"geometry":{"type":"Polygon","coordinates":[[[16.299,46.78],[16.298,46.776],[16.3,46.772],[16.314,46.743],[16.326,46.733],[16.334,46.722],[16.343,46.714],[16.357,46.716],[16.358,46.699],[16.365,46.697],[16.364,46.695],[16.356,46.685],[16.352,46.686],[16.341,46.689],[16.334,46.684],[16.327,46.676],[16.317,46.661],[16.314,46.645],[16.298,46.648],[16.283,46.656],[16.277,46.657],[16.269,46.652],[16.241,46.654],[16.226,46.655],[16.204,46.663],[16.198,46.667],[16.192,46.672],[16.192,46.679],[16.179,46.698],[16.176,46.719],[16.178,46.721],[16.184,46.727],[16.19,46.727],[16.211,46.745],[16.218,46.744],[16.224,46.747],[16.232,46.757],[16.241,46.762],[16.258,46.78],[16.29,46.777],[16.296,46.778],[16.299,46.779],[16.299,46.78]]]}},{"type":"Feature","id":"SI-079","properties":{"id":"SI-079","countryCode":"SI","isoSubdivision":"SI-079","name":"Mozirje","name_en":"Mozirje","name_ko":"모지레","type":"Commune|Municipality","labelLongitude":14.938,"labelLatitude":46.359,"minZoom":11},"geometry":{"type":"Polygon","coordinates":[[[14.867,46.316],[14.882,46.338],[14.882,46.352],[14.902,46.394],[14.94,46.401],[14.95,46.397],[14.963,46.394],[14.972,46.393],[14.986,46.396],[14.994,46.394],[14.998,46.392],[15,46.39],[15.002,46.388],[15.003,46.387],[15,46.377],[14.999,46.356],[15,46.35],[15.008,46.337],[15,46.333],[14.99,46.323],[14.989,46.317],[14.985,46.312],[14.971,46.303],[14.966,46.319],[14.96,46.325],[14.954,46.326],[14.948,46.324],[14.925,46.31],[14.877,46.301],[14.867,46.316]]]}},{"type":"Feature","id":"SI-080","properties":{"id":"SI-080","countryCode":"SI","isoSubdivision":"SI-080","name":"Murska Sobota","name_en":"Murska Sobota","name_ko":"무르스카소보타 도시 지방 자치제","type":"Statistical Region","labelLongitude":16.172,"labelLatitude":46.653,"minZoom":11},"geometry":{"type":"Polygon","coordinates":[[[16.151,46.69],[16.179,46.698],[16.192,46.679],[16.192,46.672],[16.198,46.667],[16.204,46.663],[16.226,46.655],[16.241,46.654],[16.205,46.629],[16.192,46.626],[16.183,46.615],[16.161,46.606],[16.12,46.619],[16.11,46.624],[16.12,46.637],[16.123,46.644],[16.119,46.651],[16.114,46.656],[16.108,46.662],[16.104,46.672],[16.103,46.677],[16.108,46.69],[16.144,46.692],[16.151,46.69]]]}},{"type":"Feature","id":"SI-081","properties":{"id":"SI-081","countryCode":"SI","isoSubdivision":"SI-081","name":"Muta","name_en":"Muta","name_ko":"무타","type":"Commune|Municipality","labelLongitude":15.135,"labelLatitude":46.622,"minZoom":11},"geometry":{"type":"Polygon","coordinates":[[[15.106,46.646],[15.173,46.641],[15.174,46.638],[15.182,46.63],[15.184,46.626],[15.183,46.619],[15.154,46.604],[15.14,46.6],[15.126,46.601],[15.105,46.612],[15.094,46.626],[15.089,46.634],[15.086,46.648],[15.106,46.646]]]}},{"type":"Feature","id":"SI-082","properties":{"id":"SI-082","countryCode":"SI","isoSubdivision":"SI-082","name":"Naklo","name_en":"Naklo","name_ko":"나클로 지방 자치제","type":"Commune|Municipality","labelLongitude":14.3,"labelLatitude":46.293,"minZoom":11},"geometry":{"type":"Polygon","coordinates":[[[14.326,46.321],[14.329,46.314],[14.323,46.312],[14.321,46.306],[14.312,46.301],[14.311,46.297],[14.312,46.293],[14.315,46.291],[14.33,46.277],[14.335,46.27],[14.333,46.261],[14.33,46.257],[14.325,46.255],[14.298,46.268],[14.275,46.275],[14.268,46.29],[14.266,46.297],[14.267,46.326],[14.289,46.322],[14.295,46.32],[14.301,46.319],[14.326,46.321]]]}},{"type":"Feature","id":"SI-083","properties":{"id":"SI-083","countryCode":"SI","isoSubdivision":"SI-083","name":"Nazarje","name_en":"Nazarje","name_ko":"나자레","type":"Commune|Municipality","labelLongitude":14.913,"labelLatitude":46.286,"minZoom":11},"geometry":{"type":"Polygon","coordinates":[[[14.885,46.241],[14.855,46.253],[14.857,46.269],[14.862,46.279],[14.872,46.288],[14.877,46.301],[14.925,46.31],[14.948,46.324],[14.954,46.326],[14.96,46.325],[14.966,46.319],[14.971,46.303],[14.97,46.284],[14.957,46.283],[14.955,46.284],[14.95,46.282],[14.95,46.278],[14.946,46.275],[14.926,46.269],[14.918,46.265],[14.908,46.265],[14.9,46.263],[14.898,46.259],[14.898,46.254],[14.885,46.241]]]}},{"type":"Feature","id":"SI-084","properties":{"id":"SI-084","countryCode":"SI","isoSubdivision":"SI-084","name":"Nova Gorica","name_en":"Nova Gorica","name_ko":"노바고리차","type":"Statistical Region","labelLongitude":13.734,"labelLatitude":45.88,"minZoom":11},"geometry":{"type":"Polygon","coordinates":[[[13.615,45.946],[13.623,45.966],[13.606,45.985],[13.601,45.985],[13.611,45.991],[13.626,45.997],[13.604,46.013],[13.615,46.012],[13.619,46.01],[13.625,46.007],[13.629,46.004],[13.633,46.001],[13.637,46.001],[13.641,46.002],[13.644,46.005],[13.638,46.011],[13.625,46.024],[13.625,46.027],[13.633,46.031],[13.655,46.055],[13.667,46.061],[13.681,46.067],[13.705,46.066],[13.732,46.058],[13.74,46.058],[13.752,46.065],[13.761,46.076],[13.767,46.082],[13.769,46.102],[13.781,46.109],[13.793,46.109],[13.8,46.104],[13.808,46.081],[13.807,46.074],[13.808,46.062],[13.811,46.05],[13.82,46.036],[13.831,46.025],[13.838,46.019],[13.866,46.007],[13.852,46.002],[13.844,45.993],[13.844,45.984],[13.799,45.961],[13.774,45.932],[13.753,45.914],[13.747,45.913],[13.733,45.906],[13.734,45.903],[13.739,45.902],[13.747,45.898],[13.755,45.891],[13.769,45.885],[13.787,45.873],[13.791,45.869],[13.795,45.865],[13.798,45.863],[13.801,45.859],[13.805,45.856],[13.821,45.85],[13.823,45.847],[13.834,45.835],[13.812,45.842],[13.801,45.841],[13.78,45.841],[13.762,45.844],[13.709,45.865],[13.679,45.869],[13.665,45.868],[13.639,45.874],[13.629,45.879],[13.62,45.886],[13.621,45.889],[13.626,45.891],[13.634,45.892],[13.64,45.893],[13.647,45.897],[13.667,45.91],[13.677,45.913],[13.683,45.912],[13.685,45.913],[13.686,45.915],[13.687,45.922],[13.686,45.926],[13.683,45.926],[13.679,45.926],[13.677,45.927],[13.674,45.928],[13.672,45.929],[13.669,45.93],[13.665,45.929],[13.66,45.93],[13.656,45.932],[13.647,45.938],[13.639,45.941],[13.633,45.942],[13.615,45.946]]]}},{"type":"Feature","id":"SI-085","properties":{"id":"SI-085","countryCode":"SI","isoSubdivision":"SI-085","name":"Novo Mesto","name_en":"Novo Mesto","name_ko":"노보메스토 지방 자치 도시","type":"Commune|Municipality","labelLongitude":15.195,"labelLatitude":45.778,"minZoom":11},"geometry":{"type":"Polygon","coordinates":[[[15.331,45.752],[15.304,45.746],[15.263,45.73],[15.255,45.723],[15.25,45.714],[15.249,45.713],[15.228,45.703],[15.191,45.684],[15.185,45.683],[15.172,45.682],[15.156,45.683],[15.126,45.682],[15.103,45.684],[15.106,45.693],[15.113,45.696],[15.116,45.697],[15.118,45.699],[15.12,45.7],[15.122,45.702],[15.124,45.707],[15.121,45.712],[15.114,45.718],[15.081,45.744],[15.079,45.749],[15.076,45.754],[15.063,45.768],[15.058,45.781],[15.086,45.806],[15.096,45.81],[15.101,45.815],[15.109,45.817],[15.113,45.82],[15.115,45.824],[15.118,45.829],[15.12,45.832],[15.12,45.836],[15.12,45.839],[15.119,45.843],[15.12,45.844],[15.122,45.844],[15.125,45.844],[15.129,45.845],[15.135,45.849],[15.145,45.873],[15.185,45.867],[15.197,45.87],[15.21,45.874],[15.218,45.88],[15.229,45.896],[15.228,45.901],[15.227,45.905],[15.227,45.909],[15.239,45.924],[15.269,45.907],[15.278,45.904],[15.289,45.899],[15.298,45.89],[15.303,45.885],[15.306,45.881],[15.302,45.875],[15.304,45.864],[15.281,45.856],[15.276,45.85],[15.271,45.842],[15.274,45.83],[15.279,45.82],[15.297,45.807],[15.32,45.782],[15.33,45.756],[15.33,45.755],[15.331,45.753],[15.331,45.752]]]}},{"type":"Feature","id":"SI-086","properties":{"id":"SI-086","countryCode":"SI","isoSubdivision":"SI-086","name":"Odranci","name_en":"Odranci","name_ko":"오드란치","type":"Commune|Municipality","labelLongitude":16.28,"labelLatitude":46.587,"minZoom":11},"geometry":{"type":"Polygon","coordinates":[[[16.274,46.598],[16.301,46.597],[16.3,46.589],[16.287,46.578],[16.279,46.577],[16.266,46.569],[16.262,46.576],[16.261,46.579],[16.259,46.583],[16.262,46.589],[16.266,46.593],[16.274,46.598]]]}},{"type":"Feature","id":"SI-087","properties":{"id":"SI-087","countryCode":"SI","isoSubdivision":"SI-087","name":"Ormož","name_en":"Ormož","name_ko":"오르모","type":"Commune|Municipality","labelLongitude":16.147,"labelLatitude":46.441,"minZoom":11},"geometry":{"type":"Polygon","coordinates":[[[16.234,46.485],[16.234,46.479],[16.237,46.465],[16.249,46.438],[16.25,46.429],[16.248,46.413],[16.251,46.405],[16.257,46.4],[16.274,46.392],[16.279,46.387],[16.28,46.379],[16.28,46.376],[16.276,46.373],[16.253,46.373],[16.217,46.367],[16.209,46.367],[16.192,46.37],[16.178,46.376],[16.154,46.391],[16.144,46.395],[16.132,46.393],[16.123,46.387],[16.116,46.379],[16.106,46.374],[16.094,46.372],[16.089,46.373],[16.076,46.384],[16.066,46.404],[16.051,46.425],[16.026,46.432],[16.039,46.449],[16.04,46.469],[16.021,46.491],[16.014,46.508],[16.02,46.511],[16.052,46.506],[16.068,46.502],[16.114,46.496],[16.137,46.489],[16.148,46.488],[16.153,46.49],[16.156,46.493],[16.171,46.496],[16.183,46.489],[16.192,46.484],[16.202,46.473],[16.204,46.473],[16.207,46.473],[16.21,46.476],[16.217,46.475],[16.222,46.475],[16.224,46.478],[16.227,46.481],[16.231,46.484],[16.234,46.485]]]}},{"type":"Feature","id":"SI-089","properties":{"id":"SI-089","countryCode":"SI","isoSubdivision":"SI-089","name":"Pesnica","name_en":"Pesnica","name_ko":"페스니차","type":"Commune|Municipality","labelLongitude":15.708,"labelLatitude":46.625,"minZoom":11},"geometry":{"type":"Polygon","coordinates":[[[15.745,46.569],[15.721,46.569],[15.699,46.579],[15.68,46.593],[15.647,46.594],[15.664,46.604],[15.646,46.643],[15.672,46.646],[15.675,46.648],[15.678,46.649],[15.677,46.65],[15.677,46.652],[15.678,46.657],[15.685,46.666],[15.688,46.673],[15.692,46.676],[15.694,46.677],[15.699,46.677],[15.705,46.675],[15.716,46.676],[15.731,46.673],[15.735,46.67],[15.738,46.668],[15.738,46.665],[15.739,46.662],[15.744,46.658],[15.749,46.655],[15.753,46.652],[15.756,46.648],[15.761,46.644],[15.771,46.634],[15.761,46.615],[15.758,46.603],[15.76,46.588],[15.755,46.573],[15.745,46.569]]]}},{"type":"Feature","id":"SI-090","properties":{"id":"SI-090","countryCode":"SI","isoSubdivision":"SI-090","name":"Piran","name_en":"Piran","name_ko":"피란","type":"Commune|Municipality","labelLongitude":13.631,"labelLatitude":45.48,"minZoom":11},"geometry":{"type":"Polygon","coordinates":[[[13.643,45.459],[13.624,45.463],[13.59,45.489],[13.592,45.493],[13.589,45.502],[13.596,45.512],[13.596,45.518],[13.586,45.519],[13.579,45.523],[13.573,45.53],[13.569,45.539],[13.59,45.536],[13.611,45.538],[13.611,45.534],[13.617,45.526],[13.619,45.522],[13.619,45.516],[13.622,45.507],[13.629,45.502],[13.633,45.5],[13.64,45.493],[13.64,45.491],[13.642,45.49],[13.647,45.488],[13.654,45.491],[13.657,45.492],[13.663,45.507],[13.69,45.499],[13.691,45.498],[13.693,45.495],[13.689,45.491],[13.678,45.483],[13.675,45.478],[13.672,45.474],[13.671,45.471],[13.667,45.469],[13.666,45.469],[13.661,45.466],[13.66,45.46],[13.643,45.459]]]}},{"type":"Feature","id":"SI-091","properties":{"id":"SI-091","countryCode":"SI","isoSubdivision":"SI-091","name":"Pivka","name_en":"Pivka","name_ko":"피우카","type":"Statistical Region","labelLongitude":14.244,"labelLatitude":45.683,"minZoom":11},"geometry":{"type":"Polygon","coordinates":[[[14.323,45.754],[14.328,45.74],[14.386,45.707],[14.393,45.689],[14.417,45.671],[14.426,45.662],[14.426,45.644],[14.379,45.652],[14.369,45.66],[14.347,45.672],[14.333,45.672],[14.328,45.671],[14.331,45.668],[14.328,45.664],[14.317,45.659],[14.286,45.655],[14.247,45.644],[14.238,45.641],[14.227,45.633],[14.216,45.631],[14.194,45.63],[14.152,45.631],[14.128,45.63],[14.11,45.626],[14.103,45.623],[14.091,45.624],[14.08,45.628],[14.08,45.63],[14.083,45.636],[14.078,45.645],[14.073,45.653],[14.069,45.66],[14.069,45.674],[14.065,45.68],[14.063,45.686],[14.065,45.694],[14.072,45.703],[14.083,45.707],[14.093,45.714],[14.117,45.707],[14.134,45.704],[14.15,45.704],[14.172,45.707],[14.202,45.716],[14.22,45.717],[14.256,45.727],[14.272,45.735],[14.323,45.754]]]}},{"type":"Feature","id":"SI-092","properties":{"id":"SI-092","countryCode":"SI","isoSubdivision":"SI-092","name":"Podčetrtek","name_en":"Podčetrtek","name_ko":"포드체트르테크","type":"Commune|Municipality","labelLongitude":15.65,"labelLatitude":46.048,"minZoom":11},"geometry":{"type":"Polygon","coordinates":[[[15.624,46.076],[15.632,46.071],[15.644,46.066],[15.672,46.057],[15.684,46.051],[15.693,46.042],[15.685,46.04],[15.668,46.026],[15.663,46.032],[15.639,46.032],[15.631,46.034],[15.624,46.038],[15.62,46.041],[15.608,46.066],[15.624,46.076]]]}},{"type":"Feature","id":"SI-093","properties":{"id":"SI-093","countryCode":"SI","isoSubdivision":"SI-093","name":"Podvelka","name_en":"Podvelka","name_ko":"포드벨카","type":"Commune|Municipality","labelLongitude":15.357,"labelLatitude":46.602,"minZoom":11},"geometry":{"type":"Polygon","coordinates":[[[15.388,46.646],[15.418,46.638],[15.435,46.627],[15.441,46.62],[15.44,46.61],[15.436,46.602],[15.435,46.597],[15.435,46.592],[15.44,46.59],[15.443,46.585],[15.436,46.575],[15.43,46.575],[15.426,46.575],[15.41,46.582],[15.408,46.583],[15.388,46.588],[15.376,46.589],[15.371,46.587],[15.369,46.584],[15.369,46.575],[15.367,46.569],[15.348,46.551],[15.339,46.534],[15.329,46.525],[15.323,46.511],[15.317,46.527],[15.318,46.532],[15.32,46.535],[15.321,46.537],[15.318,46.541],[15.302,46.547],[15.294,46.557],[15.27,46.573],[15.284,46.599],[15.298,46.608],[15.305,46.609],[15.321,46.615],[15.329,46.619],[15.333,46.635],[15.333,46.644],[15.388,46.646]]]}},{"type":"Feature","id":"SI-094","properties":{"id":"SI-094","countryCode":"SI","isoSubdivision":"SI-094","name":"Postojna","name_en":"Postojna","name_ko":"포스토이나 지방 자치제","type":"Commune|Municipality","labelLongitude":14.18,"labelLatitude":45.792,"minZoom":11},"geometry":{"type":"Polygon","coordinates":[[[14.276,45.846],[14.279,45.837],[14.259,45.801],[14.258,45.791],[14.269,45.776],[14.288,45.763],[14.299,45.757],[14.323,45.754],[14.272,45.735],[14.256,45.727],[14.22,45.717],[14.202,45.716],[14.172,45.707],[14.15,45.704],[14.134,45.704],[14.117,45.707],[14.093,45.714],[14.082,45.734],[14.072,45.743],[14.037,45.761],[14.044,45.773],[14.049,45.778],[14.052,45.797],[14.059,45.809],[14.046,45.837],[14.093,45.849],[14.097,45.852],[14.126,45.869],[14.179,45.875],[14.2,45.872],[14.222,45.863],[14.276,45.846]]]}},{"type":"Feature","id":"SI-095","properties":{"id":"SI-095","countryCode":"SI","isoSubdivision":"SI-095","name":"Preddvor","name_en":"Preddvor","name_ko":"프레드보르","type":"Commune|Municipality","labelLongitude":14.46,"labelLatitude":46.329,"minZoom":11},"geometry":{"type":"Polygon","coordinates":[[[14.467,46.292],[14.417,46.289],[14.39,46.291],[14.38,46.289],[14.371,46.293],[14.368,46.298],[14.367,46.304],[14.369,46.306],[14.379,46.304],[14.383,46.304],[14.387,46.307],[14.389,46.312],[14.394,46.326],[14.405,46.352],[14.427,46.351],[14.432,46.354],[14.434,46.355],[14.437,46.361],[14.44,46.365],[14.445,46.366],[14.45,46.367],[14.455,46.367],[14.469,46.364],[14.536,46.36],[14.546,46.353],[14.547,46.346],[14.544,46.337],[14.549,46.329],[14.551,46.325],[14.553,46.321],[14.544,46.312],[14.515,46.3],[14.501,46.297],[14.484,46.296],[14.467,46.292]]]}},{"type":"Feature","id":"SI-096","properties":{"id":"SI-096","countryCode":"SI","isoSubdivision":"SI-096","name":"Ptuj","name_en":"Ptuj","name_ko":"프투이","type":"Commune|Municipality","labelLongitude":15.867,"labelLatitude":46.427,"minZoom":11},"geometry":{"type":"Polygon","coordinates":[[[15.816,46.497],[15.823,46.495],[15.845,46.483],[15.87,46.46],[15.885,46.454],[15.893,46.452],[15.901,46.454],[15.905,46.457],[15.908,46.46],[15.922,46.471],[15.944,46.481],[15.944,46.46],[15.953,46.451],[15.943,46.421],[15.943,46.414],[15.939,46.411],[15.935,46.407],[15.904,46.394],[15.896,46.397],[15.87,46.384],[15.871,46.39],[15.869,46.392],[15.863,46.393],[15.86,46.395],[15.858,46.398],[15.859,46.4],[15.859,46.407],[15.86,46.408],[15.86,46.411],[15.858,46.415],[15.847,46.431],[15.819,46.455],[15.805,46.467],[15.802,46.468],[15.796,46.469],[15.781,46.468],[15.795,46.48],[15.807,46.485],[15.816,46.497]]]}},{"type":"Feature","id":"SI-097","properties":{"id":"SI-097","countryCode":"SI","isoSubdivision":"SI-097","name":"Puconci","name_en":"Puconci","name_ko":"푸콘치","type":"Commune|Municipality","labelLongitude":16.132,"labelLatitude":46.751,"minZoom":11},"geometry":{"type":"Polygon","coordinates":[[[16.097,46.762],[16.105,46.764],[16.112,46.767],[16.127,46.788],[16.136,46.829],[16.15,46.827],[16.155,46.822],[16.161,46.818],[16.164,46.81],[16.184,46.798],[16.191,46.796],[16.198,46.794],[16.202,46.79],[16.204,46.782],[16.193,46.762],[16.197,46.757],[16.211,46.745],[16.19,46.727],[16.184,46.727],[16.178,46.721],[16.176,46.719],[16.179,46.698],[16.151,46.69],[16.144,46.692],[16.108,46.69],[16.092,46.695],[16.084,46.7],[16.075,46.701],[16.067,46.704],[16.059,46.709],[16.053,46.72],[16.056,46.729],[16.058,46.735],[16.056,46.756],[16.064,46.764],[16.082,46.765],[16.091,46.764],[16.097,46.762]]]}},{"type":"Feature","id":"SI-098","properties":{"id":"SI-098","countryCode":"SI","isoSubdivision":"SI-098","name":"Rače–Fram","name_en":"Rače–Fram","name_ko":"라체프람","type":"Commune|Municipality","labelLongitude":15.64,"labelLatitude":46.451,"minZoom":11},"geometry":{"type":"Polygon","coordinates":[[[15.71,46.465],[15.717,46.46],[15.723,46.45],[15.723,46.446],[15.722,46.443],[15.734,46.428],[15.687,46.409],[15.668,46.424],[15.653,46.428],[15.642,46.431],[15.64,46.435],[15.557,46.469],[15.548,46.474],[15.548,46.477],[15.546,46.483],[15.571,46.481],[15.587,46.477],[15.613,46.477],[15.637,46.469],[15.647,46.463],[15.654,46.461],[15.659,46.46],[15.676,46.46],[15.683,46.461],[15.687,46.462],[15.71,46.465]]]}},{"type":"Feature","id":"SI-099","properties":{"id":"SI-099","countryCode":"SI","isoSubdivision":"SI-099","name":"Radeče","name_en":"Radeče","name_ko":"라데체","type":"Commune|Municipality","labelLongitude":15.156,"labelLatitude":46.066,"minZoom":11},"geometry":{"type":"Polygon","coordinates":[[[15.094,46.04],[15.078,46.049],[15.075,46.053],[15.071,46.065],[15.089,46.068],[15.088,46.078],[15.098,46.079],[15.102,46.081],[15.106,46.094],[15.128,46.086],[15.163,46.092],[15.202,46.061],[15.205,46.053],[15.207,46.051],[15.21,46.049],[15.218,46.048],[15.222,46.046],[15.225,46.045],[15.233,46.04],[15.237,46.039],[15.239,46.037],[15.24,46.034],[15.235,46.031],[15.221,46.029],[15.145,46.042],[15.094,46.04]]]}},{"type":"Feature","id":"SI-100","properties":{"id":"SI-100","countryCode":"SI","isoSubdivision":"SI-100","name":"Radenci","name_en":"Radenci","name_ko":"라덴치","type":"Commune|Municipality","labelLongitude":16.059,"labelLatitude":46.627,"minZoom":11},"geometry":{"type":"Polygon","coordinates":[[[16.014,46.594],[16.007,46.621],[16.008,46.633],[16.042,46.663],[16.067,46.644],[16.11,46.624],[16.105,46.617],[16.112,46.608],[16.096,46.607],[16.079,46.593],[16.072,46.588],[16.07,46.587],[16.066,46.591],[16.061,46.602],[16.056,46.606],[16.049,46.606],[16.037,46.596],[16.031,46.593],[16.027,46.59],[16.014,46.594]]]}},{"type":"Feature","id":"SI-101","properties":{"id":"SI-101","countryCode":"SI","isoSubdivision":"SI-101","name":"Radlje ob Dravi","name_en":"Radlje ob Dravi","name_ko":"라들레오브드라비","type":"Commune|Municipality","labelLongitude":15.253,"labelLatitude":46.603,"minZoom":11},"geometry":{"type":"Polygon","coordinates":[[[15.173,46.641],[15.205,46.639],[15.333,46.644],[15.333,46.635],[15.329,46.619],[15.321,46.615],[15.305,46.609],[15.298,46.608],[15.284,46.599],[15.27,46.573],[15.22,46.551],[15.215,46.548],[15.21,46.543],[15.209,46.536],[15.199,46.529],[15.181,46.534],[15.176,46.543],[15.176,46.547],[15.178,46.554],[15.184,46.561],[15.187,46.569],[15.187,46.573],[15.184,46.577],[15.186,46.578],[15.19,46.578],[15.196,46.579],[15.202,46.582],[15.21,46.592],[15.212,46.597],[15.212,46.602],[15.209,46.605],[15.203,46.608],[15.197,46.61],[15.195,46.611],[15.192,46.613],[15.183,46.619],[15.184,46.626],[15.182,46.63],[15.174,46.638],[15.173,46.641]]]}},{"type":"Feature","id":"SI-102","properties":{"id":"SI-102","countryCode":"SI","isoSubdivision":"SI-102","name":"Radovljica","name_en":"Radovljica","name_ko":"라도울리차","type":"Statistical Region","labelLongitude":14.193,"labelLatitude":46.336,"minZoom":11},"geometry":{"type":"Polygon","coordinates":[[[14.234,46.273],[14.228,46.275],[14.179,46.284],[14.18,46.299],[14.175,46.304],[14.172,46.305],[14.165,46.304],[14.16,46.303],[14.111,46.307],[14.116,46.318],[14.129,46.326],[14.133,46.33],[14.136,46.337],[14.151,46.347],[14.152,46.352],[14.149,46.357],[14.143,46.366],[14.137,46.372],[14.159,46.382],[14.169,46.381],[14.18,46.382],[14.191,46.387],[14.195,46.394],[14.2,46.404],[14.215,46.417],[14.223,46.422],[14.238,46.425],[14.253,46.413],[14.255,46.39],[14.249,46.353],[14.25,46.348],[14.253,46.344],[14.258,46.342],[14.256,46.338],[14.26,46.33],[14.267,46.326],[14.266,46.297],[14.268,46.29],[14.275,46.275],[14.234,46.273]]]}},{"type":"Feature","id":"SI-103","properties":{"id":"SI-103","countryCode":"SI","isoSubdivision":"SI-103","name":"Ravne na Koroškem","name_en":"Ravne na Koroškem","name_ko":"라우네나코로슈켐","type":"Commune|Municipality","labelLongitude":14.954,"labelLatitude":46.545,"minZoom":11},"geometry":{"type":"Polygon","coordinates":[[[14.894,46.605],[14.898,46.606],[14.92,46.615],[14.92,46.614],[14.943,46.601],[14.96,46.6],[14.966,46.597],[14.971,46.592],[14.982,46.582],[14.998,46.573],[15.007,46.569],[15.012,46.563],[15.014,46.559],[15.01,46.55],[15.004,46.532],[15.002,46.514],[14.998,46.506],[14.992,46.499],[14.987,46.496],[14.966,46.489],[14.943,46.491],[14.941,46.492],[14.924,46.505],[14.948,46.521],[14.951,46.531],[14.949,46.533],[14.947,46.534],[14.947,46.536],[14.947,46.54],[14.946,46.545],[14.947,46.557],[14.945,46.563],[14.943,46.566],[14.935,46.567],[14.932,46.569],[14.927,46.576],[14.923,46.582],[14.919,46.587],[14.916,46.589],[14.913,46.591],[14.911,46.592],[14.909,46.593],[14.906,46.593],[14.903,46.593],[14.901,46.595],[14.895,46.603],[14.894,46.605]]]}},{"type":"Feature","id":"SI-104","properties":{"id":"SI-104","countryCode":"SI","isoSubdivision":"SI-104","name":"Ribnica","name_en":"Ribnica","name_ko":"리브니차","type":"Commune|Municipality","labelLongitude":14.705,"labelLatitude":45.741,"minZoom":11},"geometry":{"type":"Polygon","coordinates":[[[14.587,45.793],[14.628,45.798],[14.654,45.805],[14.67,45.814],[14.688,45.818],[14.796,45.743],[14.822,45.728],[14.789,45.674],[14.788,45.663],[14.778,45.649],[14.771,45.642],[14.755,45.64],[14.732,45.647],[14.735,45.652],[14.735,45.656],[14.735,45.659],[14.733,45.664],[14.731,45.667],[14.721,45.67],[14.708,45.676],[14.677,45.683],[14.667,45.689],[14.646,45.707],[14.658,45.715],[14.664,45.723],[14.677,45.751],[14.678,45.76],[14.675,45.768],[14.669,45.77],[14.663,45.772],[14.644,45.775],[14.623,45.78],[14.614,45.781],[14.609,45.782],[14.6,45.786],[14.587,45.793]]]}},{"type":"Feature","id":"SI-105","properties":{"id":"SI-105","countryCode":"SI","isoSubdivision":"SI-105","name":"Rogašovci","name_en":"Rogašovci","name_ko":"로가쇼우치","type":"Commune|Municipality","labelLongitude":16.017,"labelLatitude":46.799,"minZoom":11},"geometry":{"type":"Polygon","coordinates":[[[16.028,46.837],[16.032,46.838],[16.053,46.846],[16.056,46.816],[16.052,46.776],[16.052,46.77],[16.064,46.764],[16.056,46.756],[16.025,46.759],[16.018,46.762],[16.007,46.77],[16.005,46.774],[15.988,46.776],[15.971,46.775],[15.971,46.778],[15.978,46.809],[15.977,46.816],[15.973,46.818],[15.972,46.821],[15.982,46.828],[15.988,46.83],[16.028,46.837]]]}},{"type":"Feature","id":"SI-106","properties":{"id":"SI-106","countryCode":"SI","isoSubdivision":"SI-106","name":"Rogaška Slatina","name_en":"Rogaška Slatina","name_ko":"로가슈카슬라티나","type":"Commune|Municipality","labelLongitude":15.654,"labelLatitude":46.243,"minZoom":11},"geometry":{"type":"Polygon","coordinates":[[[15.678,46.214],[15.661,46.215],[15.64,46.208],[15.627,46.195],[15.626,46.196],[15.613,46.204],[15.607,46.22],[15.604,46.223],[15.597,46.225],[15.586,46.236],[15.566,46.274],[15.571,46.279],[15.577,46.282],[15.588,46.284],[15.609,46.284],[15.653,46.274],[15.685,46.274],[15.704,46.264],[15.741,46.266],[15.722,46.259],[15.716,46.257],[15.708,46.252],[15.701,46.242],[15.692,46.237],[15.678,46.22],[15.678,46.215],[15.678,46.214]]]}},{"type":"Feature","id":"SI-107","properties":{"id":"SI-107","countryCode":"SI","isoSubdivision":"SI-107","name":"Rogatec","name_en":"Rogatec","name_ko":"로가테츠","type":"Commune|Municipality","labelLongitude":15.739,"labelLatitude":46.238,"minZoom":11},"geometry":{"type":"Polygon","coordinates":[[[15.8,46.249],[15.789,46.243],[15.769,46.219],[15.75,46.211],[15.678,46.214],[15.678,46.215],[15.678,46.22],[15.692,46.237],[15.701,46.242],[15.708,46.252],[15.716,46.257],[15.722,46.259],[15.741,46.266],[15.758,46.262],[15.799,46.249],[15.8,46.249]]]}},{"type":"Feature","id":"SI-108","properties":{"id":"SI-108","countryCode":"SI","isoSubdivision":"SI-108","name":"Ruše","name_en":"Ruše","name_ko":"루셰 지방 자치제","type":"Commune|Municipality","labelLongitude":15.486,"labelLatitude":46.516,"minZoom":11},"geometry":{"type":"Polygon","coordinates":[[[15.564,46.51],[15.539,46.497],[15.5,46.499],[15.408,46.478],[15.415,46.499],[15.441,46.518],[15.449,46.532],[15.451,46.538],[15.45,46.542],[15.46,46.55],[15.458,46.539],[15.483,46.534],[15.496,46.538],[15.56,46.562],[15.55,46.518],[15.564,46.51]]]}},{"type":"Feature","id":"SI-109","properties":{"id":"SI-109","countryCode":"SI","isoSubdivision":"SI-109","name":"Semič","name_en":"Semič","name_ko":"세미치","type":"Commune|Municipality","labelLongitude":15.161,"labelLatitude":45.648,"minZoom":11},"geometry":{"type":"Polygon","coordinates":[[[15.172,45.682],[15.185,45.683],[15.191,45.684],[15.228,45.703],[15.236,45.703],[15.238,45.701],[15.251,45.681],[15.265,45.673],[15.275,45.663],[15.284,45.65],[15.284,45.643],[15.279,45.639],[15.272,45.638],[15.268,45.636],[15.265,45.633],[15.262,45.626],[15.259,45.622],[15.253,45.618],[15.249,45.615],[15.244,45.613],[15.242,45.611],[15.239,45.61],[15.236,45.609],[15.234,45.608],[15.225,45.608],[15.207,45.615],[15.189,45.617],[15.174,45.617],[15.156,45.611],[15.151,45.606],[15.147,45.603],[15.146,45.601],[15.141,45.598],[15.133,45.596],[15.105,45.595],[15.074,45.602],[15.056,45.607],[15.038,45.631],[15.041,45.651],[15.045,45.657],[15.064,45.676],[15.073,45.682],[15.084,45.686],[15.103,45.684],[15.126,45.682],[15.156,45.683],[15.172,45.682]]]}},{"type":"Feature","id":"SI-110","properties":{"id":"SI-110","countryCode":"SI","isoSubdivision":"SI-110","name":"Sevnica","name_en":"Sevnica","name_ko":"세브니차 지방 자치제","type":"Commune|Municipality","labelLongitude":15.262,"labelLatitude":46.013,"minZoom":11},"geometry":{"type":"Polygon","coordinates":[[[15.368,46.072],[15.418,46.063],[15.42,46.05],[15.42,46.046],[15.417,46.042],[15.417,46.033],[15.419,46.026],[15.423,46.018],[15.428,46.013],[15.43,46.007],[15.429,46.001],[15.424,45.994],[15.39,45.97],[15.372,45.951],[15.363,45.935],[15.346,45.944],[15.343,45.951],[15.335,45.954],[15.327,45.956],[15.317,45.957],[15.296,45.956],[15.29,45.954],[15.286,45.952],[15.285,45.949],[15.285,45.945],[15.287,45.94],[15.284,45.936],[15.279,45.936],[15.266,45.945],[15.26,45.945],[15.257,45.944],[15.257,45.942],[15.255,45.939],[15.238,45.932],[15.239,45.924],[15.204,45.937],[15.181,45.951],[15.166,45.964],[15.159,45.974],[15.16,45.98],[15.163,45.985],[15.168,45.989],[15.169,45.994],[15.166,45.996],[15.162,45.995],[15.157,45.994],[15.152,45.991],[15.143,45.989],[15.137,45.991],[15.133,45.996],[15.116,46.004],[15.093,46.031],[15.094,46.04],[15.145,46.042],[15.221,46.029],[15.235,46.031],[15.24,46.034],[15.239,46.037],[15.237,46.039],[15.233,46.04],[15.225,46.045],[15.222,46.046],[15.218,46.048],[15.21,46.049],[15.207,46.051],[15.205,46.053],[15.202,46.061],[15.205,46.066],[15.204,46.069],[15.201,46.073],[15.194,46.078],[15.193,46.081],[15.194,46.082],[15.203,46.084],[15.254,46.083],[15.269,46.08],[15.277,46.076],[15.281,46.071],[15.283,46.068],[15.284,46.062],[15.287,46.059],[15.292,46.059],[15.303,46.065],[15.317,46.069],[15.368,46.072]]]}},{"type":"Feature","id":"SI-111","properties":{"id":"SI-111","countryCode":"SI","isoSubdivision":"SI-111","name":"Sežana","name_en":"Sežana","name_ko":"세자나 지방 자치제","type":"Commune|Municipality","labelLongitude":13.845,"labelLatitude":45.732,"minZoom":11},"geometry":{"type":"Polygon","coordinates":[[[13.894,45.634],[13.893,45.635],[13.884,45.635],[13.869,45.641],[13.858,45.649],[13.779,45.743],[13.709,45.765],[13.7,45.771],[13.706,45.78],[13.726,45.79],[13.732,45.791],[13.753,45.791],[13.853,45.8],[13.903,45.81],[13.931,45.793],[13.984,45.773],[13.99,45.765],[13.976,45.748],[13.964,45.744],[13.957,45.74],[13.956,45.733],[13.96,45.722],[13.965,45.714],[13.968,45.705],[13.962,45.698],[13.936,45.67],[13.944,45.661],[13.938,45.643],[13.909,45.644],[13.894,45.634]]]}},{"type":"Feature","id":"SI-112","properties":{"id":"SI-112","countryCode":"SI","isoSubdivision":"SI-112","name":"Slovenj Gradec","name_en":"Slovenj Gradec","name_ko":"슬로벤그라데츠 도시 지방 자치제","type":"Statistical Region","labelLongitude":15.076,"labelLatitude":46.491,"minZoom":11},"geometry":{"type":"Polygon","coordinates":[[[14.966,46.489],[14.987,46.496],[14.992,46.499],[14.998,46.506],[15.002,46.514],[15.004,46.532],[15.01,46.55],[15.025,46.538],[15.028,46.538],[15.03,46.539],[15.034,46.54],[15.036,46.542],[15.049,46.545],[15.06,46.542],[15.064,46.542],[15.069,46.546],[15.071,46.55],[15.103,46.57],[15.113,46.56],[15.127,46.552],[15.138,46.541],[15.143,46.534],[15.189,46.517],[15.196,46.511],[15.186,46.492],[15.162,46.468],[15.151,46.46],[15.149,46.45],[15.145,46.445],[15.143,46.444],[15.14,46.445],[15.135,46.444],[15.124,46.422],[15.112,46.431],[15.099,46.434],[15.092,46.434],[15.089,46.426],[15,46.447],[14.956,46.46],[14.966,46.489]]]}},{"type":"Feature","id":"SI-113","properties":{"id":"SI-113","countryCode":"SI","isoSubdivision":"SI-113","name":"Slovenska Bistrica","name_en":"Slovenska Bistrica","name_ko":"슬로벤스카비스트리차","type":"Commune|Municipality","labelLongitude":15.528,"labelLatitude":46.424,"minZoom":11},"geometry":{"type":"Polygon","coordinates":[[[15.552,46.278],[15.558,46.293],[15.555,46.309],[15.548,46.334],[15.541,46.345],[15.532,46.35],[15.525,46.351],[15.503,46.36],[15.497,46.372],[15.494,46.381],[15.496,46.39],[15.495,46.393],[15.49,46.395],[15.476,46.398],[15.469,46.398],[15.464,46.397],[15.46,46.398],[15.457,46.4],[15.455,46.405],[15.451,46.41],[15.441,46.419],[15.423,46.425],[15.398,46.438],[15.382,46.441],[15.368,46.448],[15.352,46.453],[15.346,46.46],[15.338,46.465],[15.335,46.477],[15.359,46.48],[15.364,46.478],[15.377,46.469],[15.381,46.469],[15.387,46.47],[15.391,46.472],[15.408,46.478],[15.5,46.499],[15.539,46.497],[15.546,46.483],[15.548,46.477],[15.548,46.474],[15.557,46.469],[15.64,46.435],[15.642,46.431],[15.653,46.428],[15.668,46.424],[15.687,46.409],[15.677,46.402],[15.679,46.4],[15.685,46.397],[15.685,46.395],[15.684,46.392],[15.685,46.387],[15.682,46.38],[15.678,46.375],[15.681,46.368],[15.678,46.362],[15.68,46.357],[15.69,46.349],[15.709,46.347],[15.716,46.344],[15.721,46.337],[15.721,46.325],[15.72,46.311],[15.715,46.303],[15.712,46.297],[15.685,46.274],[15.653,46.274],[15.609,46.284],[15.588,46.284],[15.577,46.282],[15.571,46.279],[15.566,46.274],[15.552,46.278]]]}},{"type":"Feature","id":"SI-114","properties":{"id":"SI-114","countryCode":"SI","isoSubdivision":"SI-114","name":"Slovenske Konjice","name_en":"Slovenske Konjice","name_ko":"슬로벤스케코니체","type":"Commune|Municipality","labelLongitude":15.461,"labelLatitude":46.323,"minZoom":11},"geometry":{"type":"Polygon","coordinates":[[[15.377,46.311],[15.37,46.316],[15.368,46.318],[15.366,46.321],[15.364,46.324],[15.369,46.334],[15.382,46.352],[15.388,46.356],[15.394,46.358],[15.401,46.357],[15.408,46.355],[15.412,46.355],[15.425,46.371],[15.454,46.36],[15.462,46.358],[15.503,46.36],[15.525,46.351],[15.532,46.35],[15.541,46.345],[15.548,46.334],[15.555,46.309],[15.558,46.293],[15.552,46.278],[15.53,46.277],[15.512,46.283],[15.506,46.281],[15.5,46.28],[15.396,46.302],[15.377,46.311]]]}},{"type":"Feature","id":"SI-115","properties":{"id":"SI-115","countryCode":"SI","isoSubdivision":"SI-115","name":"Starše","name_en":"Starše","name_ko":"스타르셰","type":"Statistical Region","labelLongitude":15.768,"labelLatitude":46.454,"minZoom":11},"geometry":{"type":"Polygon","coordinates":[[[15.733,46.503],[15.738,46.494],[15.739,46.492],[15.742,46.49],[15.75,46.488],[15.757,46.486],[15.781,46.468],[15.796,46.469],[15.802,46.468],[15.805,46.467],[15.819,46.455],[15.806,46.449],[15.804,46.445],[15.806,46.438],[15.8,46.432],[15.782,46.435],[15.77,46.431],[15.752,46.432],[15.734,46.428],[15.722,46.443],[15.723,46.446],[15.723,46.45],[15.717,46.46],[15.733,46.474],[15.73,46.48],[15.728,46.486],[15.723,46.492],[15.725,46.495],[15.733,46.503]]]}},{"type":"Feature","id":"SI-116","properties":{"id":"SI-116","countryCode":"SI","isoSubdivision":"SI-116","name":"Sveti Jurij ob Ščavnici","name_en":"Sveti Jurij ob Ščavnici","name_ko":"스베티유리오브슈차브니치","type":"Commune|Municipality","labelLongitude":16.029,"labelLatitude":46.563,"minZoom":11},"geometry":{"type":"Polygon","coordinates":[[[15.978,46.586],[16.014,46.594],[16.027,46.59],[16.031,46.593],[16.037,46.596],[16.049,46.606],[16.056,46.606],[16.061,46.602],[16.066,46.591],[16.07,46.587],[16.072,46.588],[16.079,46.593],[16.09,46.57],[16.089,46.564],[16.078,46.542],[16.046,46.545],[16.041,46.542],[16.034,46.539],[16.028,46.533],[16.027,46.531],[16.028,46.528],[16.027,46.525],[16.027,46.522],[16.02,46.511],[16.007,46.524],[15.987,46.547],[15.969,46.566],[15.978,46.586]]]}},{"type":"Feature","id":"SI-117","properties":{"id":"SI-117","countryCode":"SI","isoSubdivision":"SI-117","name":"Šenčur","name_en":"Šenčur","name_ko":"셴추르","type":"Commune|Municipality","labelLongitude":14.425,"labelLatitude":46.241,"minZoom":11},"geometry":{"type":"Polygon","coordinates":[[[14.417,46.289],[14.467,46.292],[14.46,46.284],[14.456,46.282],[14.453,46.278],[14.449,46.276],[14.447,46.272],[14.444,46.267],[14.442,46.255],[14.443,46.233],[14.445,46.223],[14.463,46.206],[14.467,46.199],[14.467,46.198],[14.459,46.193],[14.407,46.192],[14.389,46.217],[14.387,46.219],[14.384,46.222],[14.383,46.225],[14.384,46.23],[14.392,46.24],[14.402,46.267],[14.415,46.279],[14.417,46.289]]]}},{"type":"Feature","id":"SI-118","properties":{"id":"SI-118","countryCode":"SI","isoSubdivision":"SI-118","name":"Šentilj","name_en":"Šentilj","name_ko":"셴틸","type":"Commune|Municipality","labelLongitude":15.713,"labelLatitude":46.69,"minZoom":11},"geometry":{"type":"Polygon","coordinates":[[[15.729,46.703],[15.755,46.704],[15.785,46.712],[15.787,46.71],[15.804,46.7],[15.804,46.683],[15.8,46.676],[15.799,46.67],[15.793,46.666],[15.793,46.661],[15.794,46.655],[15.8,46.647],[15.778,46.648],[15.776,46.645],[15.773,46.643],[15.771,46.634],[15.761,46.644],[15.756,46.648],[15.753,46.652],[15.749,46.655],[15.744,46.658],[15.739,46.662],[15.738,46.665],[15.738,46.668],[15.735,46.67],[15.731,46.673],[15.716,46.676],[15.705,46.675],[15.699,46.677],[15.694,46.677],[15.692,46.676],[15.688,46.673],[15.685,46.666],[15.678,46.657],[15.677,46.652],[15.677,46.65],[15.678,46.649],[15.675,46.648],[15.672,46.646],[15.646,46.643],[15.622,46.667],[15.622,46.678],[15.627,46.681],[15.633,46.69],[15.633,46.702],[15.636,46.718],[15.652,46.711],[15.729,46.703]]]}},{"type":"Feature","id":"SI-119","properties":{"id":"SI-119","countryCode":"SI","isoSubdivision":"SI-119","name":"Šentjernej","name_en":"Šentjernej","name_ko":"셴체르네이","type":"Commune|Municipality","labelLongitude":15.35,"labelLatitude":45.814,"minZoom":11},"geometry":{"type":"Polygon","coordinates":[[[15.43,45.776],[15.429,45.775],[15.331,45.752],[15.331,45.753],[15.33,45.755],[15.33,45.756],[15.32,45.782],[15.297,45.807],[15.279,45.82],[15.274,45.83],[15.271,45.842],[15.276,45.85],[15.281,45.856],[15.304,45.864],[15.329,45.875],[15.34,45.871],[15.341,45.868],[15.344,45.868],[15.348,45.87],[15.356,45.874],[15.361,45.884],[15.388,45.877],[15.396,45.857],[15.397,45.835],[15.4,45.824],[15.401,45.81],[15.424,45.78],[15.429,45.776],[15.43,45.776]]]}},{"type":"Feature","id":"SI-120","properties":{"id":"SI-120","countryCode":"SI","isoSubdivision":"SI-120","name":"Šentjur","name_en":"Šentjur","name_ko":"센튜르 지방 자치제","type":"Commune|Municipality","labelLongitude":15.442,"labelLatitude":46.178,"minZoom":11},"geometry":{"type":"Polygon","coordinates":[[[15.363,46.181],[15.364,46.207],[15.366,46.213],[15.364,46.219],[15.362,46.222],[15.339,46.229],[15.344,46.242],[15.352,46.247],[15.356,46.251],[15.359,46.261],[15.364,46.28],[15.37,46.282],[15.374,46.287],[15.378,46.29],[15.38,46.295],[15.376,46.299],[15.374,46.3],[15.377,46.311],[15.396,46.302],[15.5,46.28],[15.506,46.281],[15.512,46.283],[15.53,46.277],[15.524,46.272],[15.521,46.269],[15.515,46.265],[15.503,46.254],[15.488,46.247],[15.476,46.243],[15.459,46.235],[15.45,46.228],[15.448,46.226],[15.447,46.221],[15.45,46.213],[15.458,46.198],[15.476,46.179],[15.478,46.173],[15.484,46.166],[15.491,46.161],[15.505,46.157],[15.517,46.159],[15.526,46.16],[15.532,46.161],[15.545,46.155],[15.536,46.13],[15.518,46.122],[15.507,46.112],[15.499,46.109],[15.492,46.11],[15.488,46.112],[15.482,46.113],[15.478,46.108],[15.476,46.102],[15.487,46.088],[15.493,46.068],[15.418,46.063],[15.368,46.072],[15.377,46.084],[15.38,46.089],[15.379,46.098],[15.383,46.108],[15.39,46.107],[15.394,46.108],[15.398,46.11],[15.406,46.115],[15.414,46.12],[15.416,46.122],[15.417,46.125],[15.42,46.126],[15.423,46.124],[15.427,46.12],[15.432,46.118],[15.436,46.118],[15.437,46.12],[15.438,46.123],[15.439,46.126],[15.44,46.129],[15.439,46.132],[15.435,46.135],[15.426,46.139],[15.422,46.141],[15.413,46.149],[15.412,46.152],[15.407,46.153],[15.403,46.152],[15.371,46.136],[15.367,46.15],[15.373,46.158],[15.375,46.168],[15.363,46.181]]]}},{"type":"Feature","id":"SI-121","properties":{"id":"SI-121","countryCode":"SI","isoSubdivision":"SI-121","name":"Škocjan","name_en":"Škocjan","name_ko":"슈코찬","type":"Commune|Municipality","labelLongitude":15.301,"labelLatitude":45.922,"minZoom":11},"geometry":{"type":"Polygon","coordinates":[[[15.304,45.864],[15.302,45.875],[15.306,45.881],[15.303,45.885],[15.298,45.89],[15.289,45.899],[15.278,45.904],[15.269,45.907],[15.239,45.924],[15.238,45.932],[15.255,45.939],[15.257,45.942],[15.257,45.944],[15.26,45.945],[15.266,45.945],[15.279,45.936],[15.284,45.936],[15.287,45.94],[15.285,45.945],[15.285,45.949],[15.286,45.952],[15.29,45.954],[15.296,45.956],[15.317,45.957],[15.327,45.956],[15.335,45.954],[15.343,45.951],[15.346,45.944],[15.363,45.935],[15.354,45.916],[15.353,45.9],[15.351,45.892],[15.361,45.884],[15.356,45.874],[15.348,45.87],[15.344,45.868],[15.341,45.868],[15.34,45.871],[15.329,45.875],[15.304,45.864]]]}},{"type":"Feature","id":"SI-122","properties":{"id":"SI-122","countryCode":"SI","isoSubdivision":"SI-122","name":"Škofja Loka","name_en":"Škofja Loka","name_ko":"슈코퍄로카 지방 자치제","type":"Commune|Municipality","labelLongitude":14.278,"labelLatitude":46.158,"minZoom":11},"geometry":{"type":"Polygon","coordinates":[[[14.249,46.243],[14.275,46.234],[14.277,46.232],[14.279,46.23],[14.278,46.227],[14.276,46.225],[14.272,46.223],[14.27,46.219],[14.269,46.214],[14.276,46.211],[14.338,46.193],[14.35,46.192],[14.365,46.196],[14.367,46.195],[14.365,46.192],[14.363,46.188],[14.364,46.183],[14.368,46.182],[14.372,46.183],[14.38,46.181],[14.385,46.176],[14.394,46.16],[14.384,46.158],[14.382,46.155],[14.378,46.15],[14.369,46.147],[14.357,46.145],[14.338,46.135],[14.331,46.127],[14.328,46.119],[14.331,46.113],[14.325,46.098],[14.267,46.106],[14.232,46.1],[14.211,46.088],[14.208,46.097],[14.201,46.103],[14.2,46.111],[14.2,46.12],[14.203,46.125],[14.207,46.13],[14.206,46.135],[14.205,46.138],[14.2,46.141],[14.201,46.144],[14.204,46.149],[14.208,46.155],[14.215,46.159],[14.223,46.171],[14.219,46.175],[14.213,46.179],[14.204,46.181],[14.186,46.18],[14.173,46.178],[14.162,46.179],[14.17,46.189],[14.191,46.194],[14.199,46.199],[14.216,46.205],[14.222,46.205],[14.225,46.207],[14.23,46.211],[14.235,46.228],[14.243,46.234],[14.249,46.243]]]}},{"type":"Feature","id":"SI-123","properties":{"id":"SI-123","countryCode":"SI","isoSubdivision":"SI-123","name":"Škofljica","name_en":"Škofljica","name_ko":"슈코플리차","type":"Commune|Municipality","labelLongitude":14.575,"labelLatitude":45.958,"minZoom":11},"geometry":{"type":"Polygon","coordinates":[[[14.601,45.909],[14.595,45.902],[14.594,45.897],[14.592,45.895],[14.585,45.896],[14.567,45.902],[14.565,45.905],[14.565,45.91],[14.564,45.915],[14.56,45.919],[14.557,45.921],[14.562,45.944],[14.56,45.955],[14.554,45.972],[14.533,45.99],[14.536,46.004],[14.535,46.013],[14.542,46.016],[14.563,46.019],[14.587,46.015],[14.616,45.997],[14.607,45.992],[14.604,45.992],[14.6,45.989],[14.597,45.988],[14.594,45.985],[14.591,45.98],[14.595,45.969],[14.595,45.96],[14.592,45.929],[14.601,45.909]]]}},{"type":"Feature","id":"SI-124","properties":{"id":"SI-124","countryCode":"SI","isoSubdivision":"SI-124","name":"Šmarje pri Jelšah","name_en":"Šmarje pri Jelšah","name_ko":"슈마레프리옐샤흐","type":"Commune|Municipality","labelLongitude":15.53,"labelLatitude":46.219,"minZoom":11},"geometry":{"type":"Polygon","coordinates":[[[15.505,46.157],[15.491,46.161],[15.484,46.166],[15.478,46.173],[15.476,46.179],[15.458,46.198],[15.45,46.213],[15.447,46.221],[15.448,46.226],[15.45,46.228],[15.459,46.235],[15.476,46.243],[15.488,46.247],[15.503,46.254],[15.515,46.265],[15.521,46.269],[15.524,46.272],[15.53,46.277],[15.552,46.278],[15.566,46.274],[15.586,46.236],[15.597,46.225],[15.604,46.223],[15.607,46.22],[15.613,46.204],[15.579,46.179],[15.568,46.165],[15.545,46.155],[15.532,46.161],[15.526,46.16],[15.517,46.159],[15.505,46.157]]]}},{"type":"Feature","id":"SI-125","properties":{"id":"SI-125","countryCode":"SI","isoSubdivision":"SI-125","name":"Šmartno ob Paki","name_en":"Šmartno ob Paki","name_ko":"슈마르트노오브파키","type":"Commune|Municipality","labelLongitude":15.033,"labelLatitude":46.342,"minZoom":11},"geometry":{"type":"Polygon","coordinates":[[[15,46.377],[15.014,46.364],[15.039,46.356],[15.067,46.352],[15.06,46.337],[15.06,46.325],[15.058,46.314],[15.051,46.307],[15.037,46.324],[15.008,46.337],[15,46.35],[14.999,46.356],[15,46.377]]]}},{"type":"Feature","id":"SI-126","properties":{"id":"SI-126","countryCode":"SI","isoSubdivision":"SI-126","name":"Šoštanj","name_en":"Šoštanj","name_ko":"쇼슈탄","type":"Commune|Municipality","labelLongitude":14.991,"labelLatitude":46.422,"minZoom":11},"geometry":{"type":"Polygon","coordinates":[[[14.956,46.46],[15,46.447],[15.089,46.426],[15.088,46.4],[15.082,46.386],[15.07,46.372],[15.067,46.352],[15.039,46.356],[15.014,46.364],[15,46.377],[15.003,46.387],[15.002,46.388],[15,46.39],[14.998,46.392],[14.994,46.394],[14.986,46.396],[14.972,46.393],[14.963,46.394],[14.95,46.397],[14.94,46.401],[14.902,46.394],[14.901,46.418],[14.892,46.424],[14.942,46.44],[14.956,46.447],[14.956,46.46]]]}},{"type":"Feature","id":"SI-127","properties":{"id":"SI-127","countryCode":"SI","isoSubdivision":"SI-127","name":"Štore","name_en":"Štore","name_ko":"슈토레","type":"Commune|Municipality","labelLongitude":15.328,"labelLatitude":46.2,"minZoom":11},"geometry":{"type":"Polygon","coordinates":[[[15.332,46.23],[15.339,46.229],[15.362,46.222],[15.364,46.219],[15.366,46.213],[15.364,46.207],[15.363,46.181],[15.312,46.166],[15.294,46.165],[15.29,46.167],[15.289,46.17],[15.291,46.172],[15.295,46.174],[15.299,46.176],[15.301,46.179],[15.303,46.182],[15.301,46.189],[15.31,46.194],[15.308,46.199],[15.308,46.218],[15.314,46.223],[15.322,46.226],[15.328,46.228],[15.332,46.23]]]}},{"type":"Feature","id":"SI-128","properties":{"id":"SI-128","countryCode":"SI","isoSubdivision":"SI-128","name":"Tolmin","name_en":"Tolmin","name_ko":"톨민","type":"Commune|Municipality","labelLongitude":13.814,"labelLatitude":46.146,"minZoom":11},"geometry":{"type":"Polygon","coordinates":[[[13.641,46.171],[13.637,46.18],[13.627,46.182],[13.628,46.182],[13.637,46.191],[13.623,46.2],[13.623,46.204],[13.622,46.21],[13.624,46.219],[13.629,46.224],[13.634,46.228],[13.64,46.226],[13.644,46.226],[13.648,46.227],[13.66,46.232],[13.667,46.234],[13.685,46.234],[13.692,46.239],[13.695,46.251],[13.702,46.269],[13.709,46.277],[13.719,46.284],[13.727,46.286],[13.737,46.286],[13.771,46.262],[13.821,46.242],[13.866,46.232],[13.881,46.23],[13.895,46.23],[13.997,46.239],[14.005,46.227],[14.005,46.22],[13.989,46.195],[13.958,46.178],[13.924,46.171],[13.907,46.164],[13.894,46.154],[13.89,46.148],[13.886,46.14],[13.886,46.135],[13.89,46.125],[13.9,46.113],[13.902,46.105],[13.901,46.097],[13.904,46.089],[13.906,46.083],[13.908,46.076],[13.907,46.073],[13.895,46.068],[13.888,46.069],[13.886,46.067],[13.882,46.063],[13.877,46.063],[13.867,46.065],[13.864,46.063],[13.861,46.059],[13.862,46.055],[13.865,46.052],[13.871,46.05],[13.874,46.047],[13.875,46.043],[13.873,46.041],[13.868,46.041],[13.867,46.037],[13.868,46.032],[13.868,46.026],[13.866,46.007],[13.838,46.019],[13.831,46.025],[13.82,46.036],[13.811,46.05],[13.808,46.062],[13.807,46.074],[13.808,46.081],[13.8,46.104],[13.793,46.109],[13.781,46.109],[13.769,46.102],[13.709,46.128],[13.704,46.133],[13.697,46.136],[13.687,46.146],[13.685,46.153],[13.667,46.175],[13.641,46.171]]]}},{"type":"Feature","id":"SI-129","properties":{"id":"SI-129","countryCode":"SI","isoSubdivision":"SI-129","name":"Trbovlje","name_en":"Trbovlje","name_ko":"트르보블레","type":"Statistical Region","labelLongitude":15.041,"labelLatitude":46.078,"minZoom":11},"geometry":{"type":"Polygon","coordinates":[[[15.106,46.094],[15.102,46.081],[15.098,46.079],[15.088,46.078],[15.089,46.068],[15.071,46.065],[15.027,46.054],[15.017,46.053],[15.002,46.056],[15.002,46.062],[14.997,46.068],[14.995,46.075],[14.993,46.081],[14.993,46.085],[14.998,46.088],[15.002,46.093],[15.005,46.099],[15,46.119],[15.012,46.117],[15.013,46.117],[15.015,46.117],[15.022,46.119],[15.024,46.121],[15.029,46.124],[15.031,46.126],[15.031,46.131],[15.027,46.14],[15.013,46.156],[14.999,46.168],[14.995,46.169],[14.991,46.168],[14.988,46.166],[14.986,46.167],[14.986,46.169],[14.993,46.173],[15.004,46.177],[15.008,46.179],[15.013,46.182],[15,46.199],[15.018,46.191],[15.045,46.193],[15.078,46.184],[15.111,46.187],[15.113,46.183],[15.102,46.174],[15.084,46.166],[15.071,46.15],[15.066,46.142],[15.065,46.137],[15.068,46.129],[15.071,46.127],[15.078,46.119],[15.081,46.116],[15.088,46.114],[15.097,46.107],[15.099,46.103],[15.106,46.094]]]}},{"type":"Feature","id":"SI-130","properties":{"id":"SI-130","countryCode":"SI","isoSubdivision":"SI-130","name":"Trebnje","name_en":"Trebnje","name_ko":"트레브네 지방 자치제","type":"Commune|Municipality","labelLongitude":15.054,"labelLatitude":45.938,"minZoom":11},"geometry":{"type":"Polygon","coordinates":[[[15.145,45.873],[15.128,45.878],[15.123,45.882],[15.117,45.884],[15.112,45.888],[15.105,45.892],[15.102,45.895],[15.098,45.895],[15.094,45.893],[15.089,45.886],[15.083,45.882],[15.075,45.88],[15.071,45.88],[15.06,45.878],[15.05,45.873],[15.043,45.867],[15.038,45.861],[15.037,45.841],[15.026,45.838],[15.02,45.84],[15.015,45.845],[15,45.849],[14.979,45.842],[14.967,45.844],[14.959,45.848],[14.955,45.853],[14.953,45.859],[14.949,45.864],[14.939,45.869],[14.929,45.871],[14.877,45.87],[14.871,45.878],[14.869,45.887],[14.874,45.899],[14.879,45.925],[14.882,45.933],[14.889,45.941],[14.909,45.949],[14.927,45.963],[14.94,45.966],[14.954,45.975],[14.968,45.975],[14.982,45.972],[15,45.964],[15.024,45.97],[15.032,45.977],[15.037,45.986],[15.038,45.994],[15.041,46.001],[15.055,46.002],[15.079,46.001],[15.089,46.006],[15.097,46.007],[15.1,46.006],[15.102,46.005],[15.116,46.004],[15.133,45.996],[15.137,45.991],[15.143,45.989],[15.152,45.991],[15.157,45.994],[15.162,45.995],[15.166,45.996],[15.169,45.994],[15.168,45.989],[15.163,45.985],[15.16,45.98],[15.159,45.974],[15.166,45.964],[15.181,45.951],[15.204,45.937],[15.239,45.924],[15.227,45.909],[15.227,45.905],[15.228,45.901],[15.229,45.896],[15.218,45.88],[15.21,45.874],[15.197,45.87],[15.185,45.867],[15.145,45.873]]]}},{"type":"Feature","id":"SI-131","properties":{"id":"SI-131","countryCode":"SI","isoSubdivision":"SI-131","name":"Tržič","name_en":"Tržič","name_ko":"트르지치","type":"Commune|Municipality","labelLongitude":14.338,"labelLatitude":46.388,"minZoom":11},"geometry":{"type":"Polygon","coordinates":[[[14.242,46.438],[14.362,46.436],[14.396,46.441],[14.406,46.439],[14.411,46.435],[14.414,46.429],[14.42,46.424],[14.437,46.419],[14.434,46.416],[14.423,46.396],[14.419,46.387],[14.408,46.373],[14.409,46.364],[14.405,46.352],[14.36,46.351],[14.351,46.348],[14.338,46.34],[14.33,46.337],[14.326,46.321],[14.301,46.319],[14.295,46.32],[14.289,46.322],[14.267,46.326],[14.26,46.33],[14.256,46.338],[14.258,46.342],[14.253,46.344],[14.25,46.348],[14.249,46.353],[14.255,46.39],[14.253,46.413],[14.238,46.425],[14.242,46.437],[14.242,46.438]]]}},{"type":"Feature","id":"SI-132","properties":{"id":"SI-132","countryCode":"SI","isoSubdivision":"SI-132","name":"Turnišče","name_en":"Turnišče","name_ko":"투르니슈체","type":"Commune|Municipality","labelLongitude":16.331,"labelLatitude":46.609,"minZoom":11},"geometry":{"type":"Polygon","coordinates":[[[16.348,46.615],[16.378,46.6],[16.364,46.597],[16.349,46.601],[16.34,46.599],[16.336,46.597],[16.335,46.594],[16.328,46.584],[16.301,46.597],[16.298,46.618],[16.283,46.628],[16.286,46.636],[16.286,46.641],[16.298,46.648],[16.314,46.645],[16.348,46.615]]]}},{"type":"Feature","id":"SI-133","properties":{"id":"SI-133","countryCode":"SI","isoSubdivision":"SI-133","name":"Velenje","name_en":"Velenje","name_ko":"벨레네","type":"Commune|Municipality","labelLongitude":15.136,"labelLatitude":46.375,"minZoom":11},"geometry":{"type":"Polygon","coordinates":[[[15.092,46.434],[15.099,46.434],[15.112,46.431],[15.124,46.422],[15.155,46.413],[15.162,46.413],[15.17,46.411],[15.176,46.409],[15.176,46.402],[15.176,46.398],[15.176,46.394],[15.19,46.388],[15.201,46.361],[15.205,46.354],[15.206,46.346],[15.206,46.342],[15.197,46.328],[15.182,46.325],[15.158,46.336],[15.146,46.336],[15.138,46.333],[15.131,46.328],[15.123,46.317],[15.11,46.323],[15.102,46.333],[15.087,46.34],[15.081,46.346],[15.067,46.352],[15.07,46.372],[15.082,46.386],[15.088,46.4],[15.089,46.426],[15.092,46.434]]]}},{"type":"Feature","id":"SI-134","properties":{"id":"SI-134","countryCode":"SI","isoSubdivision":"SI-134","name":"Velike Lašče","name_en":"Velike Lašče","name_ko":"벨리케라슈체 지방 자치제","type":"Commune|Municipality","labelLongitude":14.589,"labelLatitude":45.845,"minZoom":11},"geometry":{"type":"Polygon","coordinates":[[[14.505,45.841],[14.497,45.852],[14.496,45.862],[14.498,45.87],[14.49,45.881],[14.508,45.885],[14.531,45.879],[14.543,45.873],[14.55,45.87],[14.555,45.868],[14.562,45.867],[14.57,45.868],[14.581,45.875],[14.587,45.882],[14.585,45.896],[14.592,45.895],[14.594,45.897],[14.595,45.902],[14.601,45.909],[14.622,45.895],[14.626,45.886],[14.64,45.875],[14.64,45.863],[14.639,45.859],[14.637,45.854],[14.639,45.849],[14.645,45.849],[14.652,45.846],[14.669,45.837],[14.688,45.818],[14.67,45.814],[14.654,45.805],[14.628,45.798],[14.587,45.793],[14.564,45.79],[14.53,45.813],[14.505,45.841]]]}},{"type":"Feature","id":"SI-135","properties":{"id":"SI-135","countryCode":"SI","isoSubdivision":"SI-135","name":"Videm","name_en":"Videm","name_ko":"비뎀","type":"Commune|Municipality","labelLongitude":15.897,"labelLatitude":46.37,"minZoom":11},"geometry":{"type":"Polygon","coordinates":[[[15.994,46.291],[15.982,46.288],[15.949,46.284],[15.919,46.273],[15.918,46.274],[15.916,46.283],[15.917,46.285],[15.917,46.287],[15.919,46.288],[15.918,46.291],[15.918,46.294],[15.918,46.296],[15.919,46.299],[15.918,46.302],[15.914,46.309],[15.912,46.312],[15.91,46.315],[15.909,46.319],[15.91,46.323],[15.912,46.325],[15.914,46.328],[15.913,46.332],[15.913,46.335],[15.91,46.338],[15.906,46.341],[15.901,46.343],[15.884,46.348],[15.88,46.35],[15.869,46.352],[15.865,46.352],[15.86,46.35],[15.854,46.349],[15.847,46.347],[15.842,46.347],[15.837,46.345],[15.832,46.339],[15.828,46.334],[15.829,46.327],[15.825,46.308],[15.801,46.321],[15.813,46.339],[15.812,46.342],[15.809,46.345],[15.802,46.355],[15.819,46.359],[15.821,46.366],[15.825,46.372],[15.831,46.395],[15.85,46.382],[15.87,46.384],[15.896,46.397],[15.904,46.394],[15.928,46.387],[15.935,46.383],[15.936,46.381],[15.943,46.37],[15.951,46.366],[15.969,46.362],[15.967,46.349],[15.971,46.347],[15.973,46.342],[15.976,46.335],[15.975,46.328],[15.989,46.295],[15.993,46.291],[15.994,46.291]]]}},{"type":"Feature","id":"SI-136","properties":{"id":"SI-136","countryCode":"SI","isoSubdivision":"SI-136","name":"Vipava","name_en":"Vipava","name_ko":"비파바 지방 자치제","type":"Commune|Municipality","labelLongitude":13.972,"labelLatitude":45.827,"minZoom":11},"geometry":{"type":"Polygon","coordinates":[[[14.046,45.837],[14.059,45.809],[14.052,45.797],[14.049,45.778],[14.044,45.773],[14.037,45.761],[14.016,45.771],[14.012,45.771],[14.005,45.771],[14.003,45.77],[13.99,45.765],[13.984,45.773],[13.931,45.793],[13.903,45.81],[13.886,45.829],[13.892,45.841],[13.908,45.849],[13.922,45.856],[13.932,45.863],[13.957,45.874],[13.973,45.877],[13.987,45.878],[13.997,45.876],[14.005,45.873],[14.015,45.865],[14.018,45.855],[14.022,45.848],[14.046,45.837]]]}},{"type":"Feature","id":"SI-137","properties":{"id":"SI-137","countryCode":"SI","isoSubdivision":"SI-137","name":"Vitanje","name_en":"Vitanje","name_ko":"비타네","type":"Commune|Municipality","labelLongitude":15.295,"labelLatitude":46.407,"minZoom":11},"geometry":{"type":"Polygon","coordinates":[[[15.331,46.365],[15.268,46.365],[15.232,46.393],[15.254,46.414],[15.267,46.437],[15.273,46.443],[15.281,46.447],[15.298,46.45],[15.325,46.451],[15.334,46.447],[15.337,46.446],[15.337,46.444],[15.331,46.442],[15.327,46.439],[15.325,46.435],[15.325,46.429],[15.34,46.411],[15.349,46.406],[15.356,46.403],[15.358,46.398],[15.357,46.388],[15.354,46.383],[15.331,46.365]]]}},{"type":"Feature","id":"SI-138","properties":{"id":"SI-138","countryCode":"SI","isoSubdivision":"SI-138","name":"Vodice","name_en":"Vodice","name_ko":"보디체","type":"Commune|Municipality","labelLongitude":14.498,"labelLatitude":46.173,"minZoom":11},"geometry":{"type":"Polygon","coordinates":[[[14.469,46.143],[14.459,46.193],[14.467,46.198],[14.467,46.199],[14.463,46.206],[14.501,46.203],[14.525,46.177],[14.538,46.174],[14.537,46.161],[14.528,46.157],[14.524,46.15],[14.514,46.146],[14.487,46.14],[14.476,46.139],[14.469,46.143]]]}},{"type":"Feature","id":"SI-139","properties":{"id":"SI-139","countryCode":"SI","isoSubdivision":"SI-139","name":"Vojnik","name_en":"Vojnik","name_ko":"보이니크 지방 자치제","type":"Commune|Municipality","labelLongitude":15.31,"labelLatitude":46.319,"minZoom":11},"geometry":{"type":"Polygon","coordinates":[[[15.268,46.365],[15.331,46.365],[15.337,46.358],[15.339,46.349],[15.35,46.341],[15.369,46.334],[15.364,46.324],[15.366,46.321],[15.368,46.318],[15.37,46.316],[15.377,46.311],[15.374,46.3],[15.376,46.299],[15.38,46.295],[15.378,46.29],[15.374,46.287],[15.37,46.282],[15.364,46.28],[15.359,46.261],[15.326,46.272],[15.321,46.273],[15.315,46.274],[15.311,46.272],[15.306,46.272],[15.302,46.274],[15.292,46.28],[15.287,46.289],[15.27,46.307],[15.24,46.321],[15.259,46.336],[15.261,46.338],[15.262,46.343],[15.261,46.346],[15.261,46.352],[15.263,46.356],[15.268,46.359],[15.269,46.36],[15.268,46.365]]]}},{"type":"Feature","id":"SI-140","properties":{"id":"SI-140","countryCode":"SI","isoSubdivision":"SI-140","name":"Vrhnika","name_en":"Vrhnika","name_ko":"브르흐니카 지방 자치제","type":"Commune|Municipality","labelLongitude":14.295,"labelLatitude":45.949,"minZoom":11},"geometry":{"type":"Polygon","coordinates":[[[14.244,46.02],[14.246,46.013],[14.239,46.009],[14.241,46.005],[14.245,46.001],[14.267,45.995],[14.274,45.994],[14.277,45.996],[14.276,45.999],[14.278,46.002],[14.283,46.004],[14.309,46.007],[14.316,46.009],[14.342,46.014],[14.36,46.021],[14.367,46.027],[14.385,46.032],[14.397,46.024],[14.399,46.019],[14.399,46.016],[14.397,46.011],[14.386,46.008],[14.379,46.003],[14.372,45.994],[14.375,45.98],[14.366,45.965],[14.344,45.961],[14.342,45.958],[14.338,45.955],[14.334,45.943],[14.334,45.934],[14.338,45.926],[14.358,45.889],[14.364,45.882],[14.376,45.871],[14.365,45.867],[14.326,45.887],[14.309,45.891],[14.299,45.886],[14.286,45.907],[14.26,45.929],[14.239,45.944],[14.23,45.949],[14.224,45.951],[14.219,45.951],[14.214,45.952],[14.211,45.957],[14.213,45.962],[14.217,45.968],[14.215,45.975],[14.22,45.989],[14.229,45.993],[14.23,45.995],[14.206,46.006],[14.196,46.008],[14.19,46.025],[14.244,46.02]]]}},{"type":"Feature","id":"SI-141","properties":{"id":"SI-141","countryCode":"SI","isoSubdivision":"SI-141","name":"Vuzenica","name_en":"Vuzenica","name_ko":"부제니차","type":"Commune|Municipality","labelLongitude":15.158,"labelLatitude":46.567,"minZoom":11},"geometry":{"type":"Polygon","coordinates":[[[15.183,46.619],[15.192,46.613],[15.195,46.611],[15.197,46.61],[15.203,46.608],[15.209,46.605],[15.212,46.602],[15.212,46.597],[15.21,46.592],[15.202,46.582],[15.196,46.579],[15.19,46.578],[15.186,46.578],[15.184,46.577],[15.187,46.573],[15.187,46.569],[15.184,46.561],[15.178,46.554],[15.176,46.547],[15.176,46.543],[15.181,46.534],[15.199,46.529],[15.189,46.517],[15.143,46.534],[15.138,46.541],[15.127,46.552],[15.113,46.56],[15.103,46.57],[15.106,46.579],[15.104,46.587],[15.109,46.595],[15.112,46.599],[15.126,46.601],[15.14,46.6],[15.154,46.604],[15.183,46.619]]]}},{"type":"Feature","id":"SI-143","properties":{"id":"SI-143","countryCode":"SI","isoSubdivision":"SI-143","name":"Zavrč","name_en":"Zavrč","name_ko":"자우르치","type":"Commune|Municipality","labelLongitude":16.06,"labelLatitude":46.382,"minZoom":11},"geometry":{"type":"Polygon","coordinates":[[[16.089,46.373],[16.058,46.378],[16.057,46.36],[16.06,46.345],[16.06,46.332],[16.052,46.319],[16.05,46.317],[16.043,46.334],[16.041,46.346],[16.038,46.351],[16.034,46.354],[16.031,46.358],[16.032,46.364],[16.041,46.38],[16.055,46.388],[16.076,46.384],[16.089,46.373]]]}},{"type":"Feature","id":"SI-144","properties":{"id":"SI-144","countryCode":"SI","isoSubdivision":"SI-144","name":"Zreče","name_en":"Zreče","name_ko":"즈레체","type":"Commune|Municipality","labelLongitude":15.371,"labelLatitude":46.391,"minZoom":11},"geometry":{"type":"Polygon","coordinates":[[[15.331,46.365],[15.354,46.383],[15.357,46.388],[15.358,46.398],[15.356,46.403],[15.349,46.406],[15.34,46.411],[15.325,46.429],[15.325,46.435],[15.327,46.439],[15.331,46.442],[15.337,46.444],[15.337,46.446],[15.334,46.447],[15.325,46.451],[15.327,46.459],[15.325,46.463],[15.318,46.47],[15.316,46.482],[15.335,46.477],[15.338,46.465],[15.346,46.46],[15.352,46.453],[15.368,46.448],[15.382,46.441],[15.398,46.438],[15.423,46.425],[15.417,46.417],[15.415,46.412],[15.412,46.408],[15.41,46.405],[15.41,46.402],[15.415,46.398],[15.419,46.393],[15.417,46.39],[15.415,46.388],[15.41,46.384],[15.409,46.381],[15.425,46.371],[15.412,46.355],[15.408,46.355],[15.401,46.357],[15.394,46.358],[15.388,46.356],[15.382,46.352],[15.369,46.334],[15.35,46.341],[15.339,46.349],[15.337,46.358],[15.331,46.365]]]}},{"type":"Feature","id":"SI-146","properties":{"id":"SI-146","countryCode":"SI","isoSubdivision":"SI-146","name":"Železniki","name_en":"Železniki","name_ko":"젤레즈니키","type":"Commune|Municipality","labelLongitude":14.118,"labelLatitude":46.228,"minZoom":11},"geometry":{"type":"Polygon","coordinates":[[[14.167,46.281],[14.192,46.268],[14.208,46.256],[14.222,46.25],[14.249,46.243],[14.243,46.234],[14.235,46.228],[14.23,46.211],[14.225,46.207],[14.222,46.205],[14.216,46.205],[14.199,46.199],[14.191,46.194],[14.17,46.189],[14.162,46.179],[14.098,46.17],[14.094,46.168],[14.074,46.158],[14.067,46.167],[14.041,46.173],[14.003,46.176],[13.994,46.178],[13.988,46.181],[13.988,46.186],[13.989,46.195],[14.005,46.22],[14.005,46.227],[13.997,46.239],[14.01,46.246],[14.029,46.25],[14.085,46.244],[14.094,46.246],[14.096,46.252],[14.099,46.267],[14.103,46.274],[14.111,46.281],[14.121,46.283],[14.133,46.284],[14.167,46.281]]]}},{"type":"Feature","id":"SI-147","properties":{"id":"SI-147","countryCode":"SI","isoSubdivision":"SI-147","name":"Žiri","name_en":"Žiri","name_ko":"지리","type":"Commune|Municipality","labelLongitude":14.108,"labelLatitude":46.046,"minZoom":11},"geometry":{"type":"Polygon","coordinates":[[[14.05,46.085],[14.13,46.073],[14.141,46.07],[14.146,46.066],[14.159,46.055],[14.166,46.05],[14.187,46.038],[14.171,46.02],[14.139,46.006],[14.111,46.013],[14.109,46.015],[14.106,46.019],[14.101,46.027],[14.096,46.032],[14.09,46.032],[14.082,46.035],[14.054,46.063],[14.03,46.073],[14.033,46.082],[14.039,46.083],[14.05,46.085]]]}},{"type":"Feature","id":"SI-148","properties":{"id":"SI-148","countryCode":"SI","isoSubdivision":"SI-148","name":"Benedikt","name_en":"Benedikt","name_ko":"베네딕트 지방 자치제","type":"Commune|Municipality","labelLongitude":15.898,"labelLatitude":46.614,"minZoom":11},"geometry":{"type":"Polygon","coordinates":[[[15.902,46.583],[15.898,46.584],[15.893,46.588],[15.875,46.606],[15.863,46.611],[15.866,46.623],[15.875,46.636],[15.888,46.646],[15.901,46.642],[15.904,46.642],[15.909,46.64],[15.913,46.64],[15.918,46.64],[15.923,46.641],[15.928,46.64],[15.931,46.638],[15.928,46.633],[15.913,46.624],[15.914,46.619],[15.916,46.611],[15.933,46.596],[15.926,46.591],[15.915,46.586],[15.911,46.585],[15.905,46.585],[15.902,46.583]]]}},{"type":"Feature","id":"SI-149","properties":{"id":"SI-149","countryCode":"SI","isoSubdivision":"SI-149","name":"Bistrica ob Sotli","name_en":"Bistrica ob Sotli","name_ko":"비스트리차오브소틀리 지방 자치제","type":"Commune|Municipality","labelLongitude":15.581,"labelLatitude":46.145,"minZoom":11},"geometry":{"type":"Polygon","coordinates":[[[15.627,46.195],[15.623,46.192],[15.604,46.167],[15.59,46.139],[15.59,46.114],[15.604,46.091],[15.624,46.076],[15.608,46.066],[15.599,46.069],[15.595,46.079],[15.596,46.082],[15.599,46.086],[15.585,46.109],[15.576,46.112],[15.559,46.122],[15.547,46.124],[15.536,46.13],[15.545,46.155],[15.568,46.165],[15.579,46.179],[15.613,46.204],[15.626,46.196],[15.627,46.195]]]}},{"type":"Feature","id":"SI-150","properties":{"id":"SI-150","countryCode":"SI","isoSubdivision":"SI-150","name":"Bloke","name_en":"Bloke","name_ko":"블로케","type":"Commune|Municipality","labelLongitude":14.509,"labelLatitude":45.784,"minZoom":11},"geometry":{"type":"Polygon","coordinates":[[[14.505,45.841],[14.53,45.813],[14.564,45.79],[14.553,45.781],[14.566,45.767],[14.57,45.759],[14.57,45.752],[14.576,45.735],[14.556,45.735],[14.55,45.738],[14.537,45.734],[14.53,45.73],[14.525,45.729],[14.508,45.731],[14.478,45.748],[14.492,45.756],[14.49,45.76],[14.487,45.764],[14.481,45.766],[14.463,45.775],[14.447,45.789],[14.442,45.796],[14.442,45.8],[14.446,45.807],[14.451,45.812],[14.457,45.817],[14.483,45.833],[14.493,45.836],[14.505,45.841]]]}},{"type":"Feature","id":"SI-151","properties":{"id":"SI-151","countryCode":"SI","isoSubdivision":"SI-151","name":"Braslovče","name_en":"Braslovče","name_ko":"블라슬로브체 지방 자치제","type":"Commune|Municipality","labelLongitude":15.033,"labelLatitude":46.289,"minZoom":11},"geometry":{"type":"Polygon","coordinates":[[[15.01,46.258],[14.97,46.284],[14.971,46.303],[14.985,46.312],[14.989,46.317],[14.99,46.323],[15,46.333],[15.008,46.337],[15.037,46.324],[15.051,46.307],[15.095,46.258],[15.067,46.231],[15.051,46.226],[15.046,46.238],[15.042,46.242],[15.03,46.253],[15.01,46.258]]]}},{"type":"Feature","id":"SI-152","properties":{"id":"SI-152","countryCode":"SI","isoSubdivision":"SI-152","name":"Cankova","name_en":"Cankova","name_ko":"찬토바 지방 자치제","type":"Commune|Municipality","labelLongitude":16.046,"labelLatitude":46.708,"minZoom":11},"geometry":{"type":"Polygon","coordinates":[[[16.017,46.671],[16.015,46.694],[16.003,46.709],[15.982,46.719],[15.971,46.743],[15.97,46.761],[15.971,46.775],[15.988,46.776],[16.005,46.774],[16.007,46.77],[16.018,46.762],[16.025,46.759],[16.056,46.756],[16.058,46.735],[16.056,46.729],[16.053,46.72],[16.059,46.709],[16.067,46.704],[16.075,46.701],[16.084,46.7],[16.092,46.695],[16.108,46.69],[16.103,46.677],[16.104,46.672],[16.108,46.662],[16.114,46.656],[16.119,46.651],[16.123,46.644],[16.12,46.637],[16.11,46.624],[16.067,46.644],[16.042,46.663],[16.028,46.665],[16.017,46.671]]]}},{"type":"Feature","id":"SI-153","properties":{"id":"SI-153","countryCode":"SI","isoSubdivision":"SI-153","name":"Cerkvenjak","name_en":"Cerkvenjak","name_ko":"체르크베냐크 지방 자치제","type":"Commune|Municipality","labelLongitude":15.953,"labelLatitude":46.56,"minZoom":11},"geometry":{"type":"Polygon","coordinates":[[[15.928,46.542],[15.92,46.565],[15.922,46.569],[15.926,46.574],[15.938,46.58],[15.944,46.581],[15.956,46.588],[15.978,46.586],[15.969,46.566],[15.987,46.547],[15.959,46.533],[15.954,46.533],[15.948,46.533],[15.945,46.536],[15.928,46.542]]]}},{"type":"Feature","id":"SI-154","properties":{"id":"SI-154","countryCode":"SI","isoSubdivision":"SI-154","name":"Dobje","name_en":"Dobje","name_ko":"도베","type":"Commune|Municipality","labelLongitude":15.406,"labelLatitude":46.134,"minZoom":11},"geometry":{"type":"Polygon","coordinates":[[[15.383,46.108],[15.371,46.136],[15.403,46.152],[15.407,46.153],[15.412,46.152],[15.413,46.149],[15.422,46.141],[15.426,46.139],[15.435,46.135],[15.439,46.132],[15.44,46.129],[15.439,46.126],[15.438,46.123],[15.437,46.12],[15.436,46.118],[15.432,46.118],[15.427,46.12],[15.423,46.124],[15.42,46.126],[15.417,46.125],[15.416,46.122],[15.414,46.12],[15.406,46.115],[15.398,46.11],[15.394,46.108],[15.39,46.107],[15.383,46.108]]]}},{"type":"Feature","id":"SI-155","properties":{"id":"SI-155","countryCode":"SI","isoSubdivision":"SI-155","name":"Dobrna","name_en":"Dobrna","name_ko":"도브르나","type":"Commune|Municipality","labelLongitude":15.23,"labelLatitude":46.355,"minZoom":11},"geometry":{"type":"Polygon","coordinates":[[[15.268,46.365],[15.269,46.36],[15.268,46.359],[15.263,46.356],[15.261,46.352],[15.261,46.346],[15.262,46.343],[15.261,46.338],[15.259,46.336],[15.24,46.321],[15.226,46.317],[15.197,46.328],[15.206,46.342],[15.206,46.346],[15.205,46.354],[15.201,46.361],[15.19,46.388],[15.232,46.393],[15.268,46.365]]]}},{"type":"Feature","id":"SI-156","properties":{"id":"SI-156","countryCode":"SI","isoSubdivision":"SI-156","name":"Dobrovnik","name_en":"Dobrovnik","name_ko":"도브로브니크","type":"Commune|Municipality","labelLongitude":16.358,"labelLatitude":46.654,"minZoom":11},"geometry":{"type":"Polygon","coordinates":[[[16.403,46.663],[16.397,46.659],[16.378,46.653],[16.368,46.643],[16.372,46.636],[16.367,46.634],[16.348,46.615],[16.314,46.645],[16.317,46.661],[16.327,46.676],[16.334,46.684],[16.341,46.689],[16.352,46.686],[16.356,46.685],[16.364,46.675],[16.373,46.67],[16.393,46.664],[16.402,46.663],[16.403,46.663]]]}},{"type":"Feature","id":"SI-157","properties":{"id":"SI-157","countryCode":"SI","isoSubdivision":"SI-157","name":"Dolenjske Toplice","name_en":"Dolenjske Toplice","name_ko":"돌렌스케토플리체","type":"Statistical Region","labelLongitude":15.048,"labelLatitude":45.721,"minZoom":11},"geometry":{"type":"Polygon","coordinates":[[[15.058,45.781],[15.063,45.768],[15.076,45.754],[15.079,45.749],[15.081,45.744],[15.114,45.718],[15.121,45.712],[15.124,45.707],[15.122,45.702],[15.12,45.7],[15.118,45.699],[15.116,45.697],[15.113,45.696],[15.106,45.693],[15.103,45.684],[15.084,45.686],[15.073,45.682],[15.064,45.676],[15.045,45.657],[15.041,45.651],[15.038,45.631],[15.025,45.647],[15.02,45.665],[15,45.682],[14.981,45.697],[14.977,45.703],[14.972,45.712],[14.98,45.741],[14.984,45.749],[14.982,45.766],[14.996,45.78],[15.004,45.782],[15.015,45.785],[15.033,45.781],[15.058,45.781]]]}},{"type":"Feature","id":"SI-158","properties":{"id":"SI-158","countryCode":"SI","isoSubdivision":"SI-158","name":"Grad","name_en":"Grad","name_ko":"그라드","type":"Commune|Municipality","labelLongitude":16.094,"labelLatitude":46.797,"minZoom":11},"geometry":{"type":"Polygon","coordinates":[[[16.136,46.829],[16.127,46.788],[16.112,46.767],[16.105,46.764],[16.097,46.762],[16.091,46.764],[16.082,46.765],[16.064,46.764],[16.052,46.77],[16.052,46.776],[16.056,46.816],[16.072,46.819],[16.078,46.823],[16.092,46.83],[16.099,46.832],[16.125,46.833],[16.136,46.829]]]}},{"type":"Feature","id":"SI-159","properties":{"id":"SI-159","countryCode":"SI","isoSubdivision":"SI-159","name":"Hajdina","name_en":"Hajdina","name_ko":"하이디나","type":"Commune|Municipality","labelLongitude":15.836,"labelLatitude":46.416,"minZoom":11},"geometry":{"type":"Polygon","coordinates":[[[15.8,46.432],[15.806,46.438],[15.804,46.445],[15.806,46.449],[15.819,46.455],[15.847,46.431],[15.858,46.415],[15.86,46.411],[15.86,46.408],[15.859,46.407],[15.859,46.4],[15.858,46.398],[15.86,46.395],[15.863,46.393],[15.869,46.392],[15.871,46.39],[15.87,46.384],[15.85,46.382],[15.831,46.395],[15.8,46.432]]]}},{"type":"Feature","id":"SI-160","properties":{"id":"SI-160","countryCode":"SI","isoSubdivision":"SI-160","name":"Hoče-Slivnica","name_en":"Hoče-Slivnica","name_ko":"호체슬리우니차","type":"Commune|Municipality","labelLongitude":15.625,"labelLatitude":46.494,"minZoom":11},"geometry":{"type":"Polygon","coordinates":[[[15.608,46.517],[15.696,46.512],[15.694,46.506],[15.701,46.498],[15.699,46.494],[15.695,46.487],[15.698,46.481],[15.71,46.465],[15.687,46.462],[15.683,46.461],[15.676,46.46],[15.659,46.46],[15.654,46.461],[15.647,46.463],[15.637,46.469],[15.613,46.477],[15.587,46.477],[15.571,46.481],[15.546,46.483],[15.539,46.497],[15.564,46.51],[15.608,46.517]]]}},{"type":"Feature","id":"SI-161","properties":{"id":"SI-161","countryCode":"SI","isoSubdivision":"SI-161","name":"Hodoš","name_en":"Hodoš","name_ko":"호도스 지방 자치제","type":"Commune|Municipality","labelLongitude":16.313,"labelLatitude":46.82,"minZoom":11},"geometry":{"type":"Polygon","coordinates":[[[16.297,46.847],[16.302,46.843],[16.311,46.84],[16.325,46.839],[16.33,46.834],[16.328,46.825],[16.322,46.813],[16.315,46.802],[16.311,46.798],[16.298,46.804],[16.297,46.807],[16.296,46.81],[16.301,46.817],[16.303,46.822],[16.303,46.836],[16.298,46.844],[16.297,46.847]]]}},{"type":"Feature","id":"SI-162","properties":{"id":"SI-162","countryCode":"SI","isoSubdivision":"SI-162","name":"Horjul","name_en":"Horjul","name_ko":"호률","type":"Commune|Municipality","labelLongitude":14.292,"labelLatitude":46.025,"minZoom":11},"geometry":{"type":"Polygon","coordinates":[[[14.274,45.994],[14.267,45.995],[14.245,46.001],[14.241,46.005],[14.239,46.009],[14.246,46.013],[14.244,46.02],[14.243,46.031],[14.253,46.04],[14.257,46.041],[14.282,46.046],[14.323,46.043],[14.331,46.041],[14.337,46.038],[14.343,46.029],[14.344,46.025],[14.344,46.022],[14.343,46.019],[14.342,46.014],[14.316,46.009],[14.309,46.007],[14.283,46.004],[14.278,46.002],[14.276,45.999],[14.277,45.996],[14.274,45.994]]]}},{"type":"Feature","id":"SI-163","properties":{"id":"SI-163","countryCode":"SI","isoSubdivision":"SI-163","name":"Jezersko","name_en":"Jezersko","name_ko":"예제르스코","type":"Commune|Municipality","labelLongitude":14.487,"labelLatitude":46.39,"minZoom":11},"geometry":{"type":"Polygon","coordinates":[[[14.54,46.379],[14.558,46.384],[14.562,46.392],[14.563,46.39],[14.569,46.369],[14.536,46.36],[14.469,46.364],[14.455,46.367],[14.45,46.367],[14.445,46.366],[14.44,46.365],[14.437,46.361],[14.434,46.355],[14.432,46.354],[14.427,46.351],[14.405,46.352],[14.409,46.364],[14.408,46.373],[14.419,46.387],[14.423,46.396],[14.434,46.416],[14.437,46.419],[14.451,46.414],[14.468,46.413],[14.502,46.418],[14.516,46.405],[14.527,46.388],[14.54,46.379]]]}},{"type":"Feature","id":"SI-164","properties":{"id":"SI-164","countryCode":"SI","isoSubdivision":"SI-164","name":"Komenda","name_en":"Komenda","name_ko":"코멘다","type":"Commune|Municipality","labelLongitude":14.542,"labelLatitude":46.206,"minZoom":11},"geometry":{"type":"Polygon","coordinates":[[[14.538,46.174],[14.525,46.177],[14.501,46.203],[14.553,46.243],[14.565,46.228],[14.57,46.215],[14.583,46.198],[14.538,46.174]]]}},{"type":"Feature","id":"SI-165","properties":{"id":"SI-165","countryCode":"SI","isoSubdivision":"SI-165","name":"Kostel","name_en":"Kostel","name_ko":"코스텔 지방 자치제","type":"Commune|Municipality","labelLongitude":14.82,"labelLatitude":45.481,"minZoom":11},"geometry":{"type":"Polygon","coordinates":[[[14.977,45.492],[14.963,45.493],[14.945,45.505],[14.923,45.515],[14.904,45.514],[14.901,45.493],[14.882,45.47],[14.839,45.459],[14.797,45.465],[14.781,45.493],[14.688,45.522],[14.668,45.534],[14.668,45.539],[14.672,45.557],[14.67,45.565],[14.664,45.57],[14.681,45.576],[14.724,45.597],[14.73,45.576],[14.734,45.572],[14.733,45.567],[14.732,45.565],[14.733,45.562],[14.739,45.554],[14.756,45.545],[14.796,45.519],[14.817,45.501],[14.831,45.5],[14.836,45.502],[14.839,45.504],[14.844,45.514],[14.846,45.52],[14.848,45.524],[14.858,45.53],[14.865,45.531],[14.87,45.53],[14.885,45.524],[14.902,45.521],[14.914,45.522],[14.93,45.525],[14.938,45.526],[14.944,45.525],[14.965,45.512],[14.977,45.492]]]}},{"type":"Feature","id":"SI-166","properties":{"id":"SI-166","countryCode":"SI","isoSubdivision":"SI-166","name":"Križevci","name_en":"Križevci","name_ko":"크리제우치","type":"Commune|Municipality","labelLongitude":16.128,"labelLatitude":46.572,"minZoom":11},"geometry":{"type":"Polygon","coordinates":[[[16.11,46.624],[16.12,46.619],[16.161,46.606],[16.15,46.601],[16.136,46.603],[16.137,46.595],[16.138,46.593],[16.144,46.585],[16.155,46.578],[16.158,46.569],[16.177,46.56],[16.174,46.554],[16.176,46.552],[16.179,46.55],[16.178,46.548],[16.177,46.545],[16.176,46.542],[16.175,46.536],[16.174,46.533],[16.171,46.53],[16.166,46.528],[16.154,46.525],[16.143,46.526],[16.122,46.529],[16.098,46.539],[16.078,46.542],[16.089,46.564],[16.09,46.57],[16.079,46.593],[16.096,46.607],[16.112,46.608],[16.105,46.617],[16.11,46.624]]]}},{"type":"Feature","id":"SI-167","properties":{"id":"SI-167","countryCode":"SI","isoSubdivision":"SI-167","name":"Lovrenc na Pohorju","name_en":"Lovrenc na Pohorju","name_ko":"로우렌츠나포호류","type":"Commune|Municipality","labelLongitude":15.387,"labelLatitude":46.529,"minZoom":11},"geometry":{"type":"Polygon","coordinates":[[[15.376,46.589],[15.388,46.588],[15.408,46.583],[15.41,46.582],[15.426,46.575],[15.43,46.575],[15.436,46.575],[15.443,46.585],[15.451,46.581],[15.457,46.577],[15.462,46.568],[15.46,46.55],[15.45,46.542],[15.451,46.538],[15.449,46.532],[15.441,46.518],[15.415,46.499],[15.408,46.478],[15.391,46.472],[15.387,46.47],[15.381,46.469],[15.377,46.469],[15.364,46.478],[15.359,46.48],[15.335,46.477],[15.316,46.482],[15.312,46.492],[15.323,46.511],[15.329,46.525],[15.339,46.534],[15.348,46.551],[15.367,46.569],[15.369,46.575],[15.369,46.584],[15.371,46.587],[15.376,46.589]]]}},{"type":"Feature","id":"SI-168","properties":{"id":"SI-168","countryCode":"SI","isoSubdivision":"SI-168","name":"Markovci","name_en":"Markovci","name_ko":"마르코우치","type":"Commune|Municipality","labelLongitude":15.951,"labelLatitude":46.393,"minZoom":11},"geometry":{"type":"Polygon","coordinates":[[[15.969,46.362],[15.951,46.366],[15.943,46.37],[15.936,46.381],[15.935,46.383],[15.928,46.387],[15.904,46.394],[15.935,46.407],[15.939,46.411],[15.943,46.414],[15.943,46.421],[15.983,46.417],[15.988,46.403],[15.989,46.394],[15.997,46.381],[15.998,46.376],[15.998,46.373],[15.989,46.366],[15.986,46.364],[15.977,46.362],[15.969,46.362]]]}},{"type":"Feature","id":"SI-169","properties":{"id":"SI-169","countryCode":"SI","isoSubdivision":"SI-169","name":"Miklavž na Dravskem Polju","name_en":"Miklavž na Dravskem Polju","name_ko":"미클라우시나드라우스켐폴류","type":"Commune|Municipality","labelLongitude":15.714,"labelLatitude":46.485,"minZoom":11},"geometry":{"type":"Polygon","coordinates":[[[15.696,46.512],[15.732,46.505],[15.733,46.503],[15.725,46.495],[15.723,46.492],[15.728,46.486],[15.73,46.48],[15.733,46.474],[15.717,46.46],[15.71,46.465],[15.698,46.481],[15.695,46.487],[15.699,46.494],[15.701,46.498],[15.694,46.506],[15.696,46.512]]]}},{"type":"Feature","id":"SI-170","properties":{"id":"SI-170","countryCode":"SI","isoSubdivision":"SI-170","name":"Mirna Peč","name_en":"Mirna Peč","name_ko":"미르나페치","type":"Commune|Municipality","labelLongitude":15.091,"labelLatitude":45.849,"minZoom":11},"geometry":{"type":"Polygon","coordinates":[[[15.145,45.873],[15.135,45.849],[15.129,45.845],[15.125,45.844],[15.122,45.844],[15.12,45.844],[15.119,45.843],[15.12,45.839],[15.12,45.836],[15.12,45.832],[15.118,45.829],[15.115,45.824],[15.113,45.82],[15.109,45.817],[15.101,45.815],[15.096,45.81],[15.086,45.806],[15.052,45.824],[15.049,45.826],[15.037,45.841],[15.038,45.861],[15.043,45.867],[15.05,45.873],[15.06,45.878],[15.071,45.88],[15.075,45.88],[15.083,45.882],[15.089,45.886],[15.094,45.893],[15.098,45.895],[15.102,45.895],[15.105,45.892],[15.112,45.888],[15.117,45.884],[15.123,45.882],[15.128,45.878],[15.145,45.873]]]}},{"type":"Feature","id":"SI-171","properties":{"id":"SI-171","countryCode":"SI","isoSubdivision":"SI-171","name":"Oplotnica","name_en":"Oplotnica","name_ko":"오플로트니차","type":"Commune|Municipality","labelLongitude":15.456,"labelLatitude":46.381,"minZoom":11},"geometry":{"type":"Polygon","coordinates":[[[15.462,46.358],[15.454,46.36],[15.425,46.371],[15.409,46.381],[15.41,46.384],[15.415,46.388],[15.417,46.39],[15.419,46.393],[15.415,46.398],[15.41,46.402],[15.41,46.405],[15.412,46.408],[15.415,46.412],[15.417,46.417],[15.423,46.425],[15.441,46.419],[15.451,46.41],[15.455,46.405],[15.457,46.4],[15.46,46.398],[15.464,46.397],[15.469,46.398],[15.476,46.398],[15.49,46.395],[15.495,46.393],[15.496,46.39],[15.494,46.381],[15.497,46.372],[15.503,46.36],[15.462,46.358]]]}},{"type":"Feature","id":"SI-172","properties":{"id":"SI-172","countryCode":"SI","isoSubdivision":"SI-172","name":"Podlehnik","name_en":"Podlehnik","name_ko":"포들레흐니크","type":"Commune|Municipality","labelLongitude":15.872,"labelLatitude":46.312,"minZoom":11},"geometry":{"type":"Polygon","coordinates":[[[15.919,46.273],[15.884,46.259],[15.881,46.259],[15.881,46.26],[15.875,46.266],[15.867,46.282],[15.862,46.284],[15.825,46.308],[15.829,46.327],[15.828,46.334],[15.832,46.339],[15.837,46.345],[15.842,46.347],[15.847,46.347],[15.854,46.349],[15.86,46.35],[15.865,46.352],[15.869,46.352],[15.88,46.35],[15.884,46.348],[15.901,46.343],[15.906,46.341],[15.91,46.338],[15.913,46.335],[15.913,46.332],[15.914,46.328],[15.912,46.325],[15.91,46.323],[15.909,46.319],[15.91,46.315],[15.912,46.312],[15.914,46.309],[15.918,46.302],[15.919,46.299],[15.918,46.296],[15.918,46.294],[15.918,46.291],[15.919,46.288],[15.917,46.287],[15.917,46.285],[15.916,46.283],[15.918,46.274],[15.919,46.273]]]}},{"type":"Feature","id":"SI-173","properties":{"id":"SI-173","countryCode":"SI","isoSubdivision":"SI-173","name":"Polzela","name_en":"Polzela","name_ko":"폴젤라","type":"Commune|Municipality","labelLongitude":15.087,"labelLatitude":46.303,"minZoom":11},"geometry":{"type":"Polygon","coordinates":[[[15.067,46.352],[15.081,46.346],[15.087,46.34],[15.102,46.333],[15.11,46.323],[15.123,46.317],[15.122,46.294],[15.118,46.288],[15.111,46.277],[15.107,46.271],[15.11,46.266],[15.104,46.255],[15.095,46.258],[15.051,46.307],[15.058,46.314],[15.06,46.325],[15.06,46.337],[15.067,46.352]]]}},{"type":"Feature","id":"SI-174","properties":{"id":"SI-174","countryCode":"SI","isoSubdivision":"SI-174","name":"Prebold","name_en":"Prebold","name_ko":"프레볼트","type":"Commune|Municipality","labelLongitude":15.094,"labelLatitude":46.221,"minZoom":11},"geometry":{"type":"Polygon","coordinates":[[[15.095,46.258],[15.104,46.255],[15.124,46.242],[15.138,46.236],[15.143,46.232],[15.144,46.23],[15.141,46.23],[15.138,46.23],[15.136,46.227],[15.134,46.222],[15.134,46.207],[15.132,46.198],[15.131,46.195],[15.128,46.192],[15.125,46.19],[15.122,46.189],[15.118,46.188],[15.111,46.187],[15.078,46.184],[15.045,46.193],[15.052,46.208],[15.052,46.211],[15.051,46.226],[15.067,46.231],[15.095,46.258]]]}},{"type":"Feature","id":"SI-175","properties":{"id":"SI-175","countryCode":"SI","isoSubdivision":"SI-175","name":"Prevalje","name_en":"Prevalje","name_ko":"프레발레","type":"Commune|Municipality","labelLongitude":14.882,"labelLatitude":46.568,"minZoom":11},"geometry":{"type":"Polygon","coordinates":[[[14.877,46.604],[14.894,46.605],[14.895,46.603],[14.901,46.595],[14.903,46.593],[14.906,46.593],[14.909,46.593],[14.911,46.592],[14.913,46.591],[14.916,46.589],[14.919,46.587],[14.923,46.582],[14.927,46.576],[14.932,46.569],[14.935,46.567],[14.943,46.566],[14.945,46.563],[14.947,46.557],[14.946,46.545],[14.947,46.54],[14.947,46.536],[14.947,46.534],[14.949,46.533],[14.951,46.531],[14.948,46.521],[14.924,46.505],[14.9,46.504],[14.903,46.517],[14.899,46.519],[14.892,46.523],[14.882,46.531],[14.879,46.537],[14.878,46.542],[14.873,46.545],[14.867,46.547],[14.863,46.552],[14.857,46.553],[14.853,46.553],[14.85,46.553],[14.847,46.552],[14.844,46.552],[14.841,46.552],[14.826,46.553],[14.815,46.551],[14.822,46.568],[14.834,46.584],[14.85,46.601],[14.863,46.605],[14.877,46.604]]]}},{"type":"Feature","id":"SI-176","properties":{"id":"SI-176","countryCode":"SI","isoSubdivision":"SI-176","name":"Razkrižje","name_en":"Razkrižje","name_ko":"라즈크리제 지방 자치제","type":"Commune|Municipality","labelLongitude":16.28,"labelLatitude":46.527,"minZoom":11},"geometry":{"type":"Polygon","coordinates":[[[16.302,46.527],[16.295,46.524],[16.264,46.516],[16.261,46.514],[16.26,46.519],[16.278,46.534],[16.302,46.527]]]}},{"type":"Feature","id":"SI-177","properties":{"id":"SI-177","countryCode":"SI","isoSubdivision":"SI-177","name":"Ribnica na Pohorju","name_en":"Ribnica na Pohorju","name_ko":"리브니차나포호류","type":"Commune|Municipality","labelLongitude":15.256,"labelLatitude":46.531,"minZoom":11},"geometry":{"type":"Polygon","coordinates":[[[15.27,46.573],[15.294,46.557],[15.302,46.547],[15.318,46.541],[15.321,46.537],[15.32,46.535],[15.318,46.532],[15.317,46.527],[15.323,46.511],[15.312,46.492],[15.258,46.496],[15.238,46.495],[15.223,46.497],[15.196,46.511],[15.189,46.517],[15.199,46.529],[15.209,46.536],[15.21,46.543],[15.215,46.548],[15.22,46.551],[15.27,46.573]]]}},{"type":"Feature","id":"SI-178","properties":{"id":"SI-178","countryCode":"SI","isoSubdivision":"SI-178","name":"Selnica ob Dravi","name_en":"Selnica ob Dravi","name_ko":"셀니차오브드라비","type":"Commune|Municipality","labelLongitude":15.498,"labelLatitude":46.58,"minZoom":11},"geometry":{"type":"Polygon","coordinates":[[[15.463,46.615],[15.493,46.618],[15.511,46.628],[15.514,46.633],[15.52,46.627],[15.525,46.614],[15.524,46.606],[15.528,46.601],[15.532,46.597],[15.537,46.595],[15.542,46.593],[15.547,46.588],[15.549,46.579],[15.549,46.572],[15.56,46.562],[15.496,46.538],[15.483,46.534],[15.458,46.539],[15.46,46.55],[15.462,46.568],[15.457,46.577],[15.451,46.581],[15.443,46.585],[15.44,46.59],[15.435,46.592],[15.435,46.597],[15.436,46.602],[15.44,46.61],[15.441,46.62],[15.435,46.627],[15.44,46.624],[15.463,46.615]]]}},{"type":"Feature","id":"SI-179","properties":{"id":"SI-179","countryCode":"SI","isoSubdivision":"SI-179","name":"Sodražica","name_en":"Sodražica","name_ko":"소드라지차","type":"Commune|Municipality","labelLongitude":14.616,"labelLatitude":45.755,"minZoom":11},"geometry":{"type":"Polygon","coordinates":[[[14.564,45.79],[14.587,45.793],[14.6,45.786],[14.609,45.782],[14.614,45.781],[14.623,45.78],[14.644,45.775],[14.663,45.772],[14.669,45.77],[14.675,45.768],[14.678,45.76],[14.677,45.751],[14.664,45.723],[14.658,45.715],[14.646,45.707],[14.635,45.72],[14.63,45.725],[14.62,45.729],[14.599,45.73],[14.576,45.735],[14.57,45.752],[14.57,45.759],[14.566,45.767],[14.553,45.781],[14.564,45.79]]]}},{"type":"Feature","id":"SI-180","properties":{"id":"SI-180","countryCode":"SI","isoSubdivision":"SI-180","name":"Solčava","name_en":"Solčava","name_ko":"솔카바","type":"Commune|Municipality","labelLongitude":14.658,"labelLatitude":46.411,"minZoom":11},"geometry":{"type":"Polygon","coordinates":[[[14.667,46.461],[14.673,46.46],[14.676,46.454],[14.722,46.448],[14.734,46.442],[14.755,46.421],[14.74,46.407],[14.74,46.399],[14.742,46.396],[14.743,46.393],[14.738,46.389],[14.726,46.383],[14.669,46.365],[14.64,46.366],[14.61,46.362],[14.596,46.361],[14.569,46.369],[14.563,46.39],[14.562,46.392],[14.567,46.4],[14.575,46.42],[14.59,46.434],[14.6,46.437],[14.622,46.439],[14.632,46.441],[14.642,46.445],[14.662,46.46],[14.667,46.461]]]}},{"type":"Feature","id":"SI-181","properties":{"id":"SI-181","countryCode":"SI","isoSubdivision":"SI-181","name":"Sveta Ana","name_en":"Sveta Ana","name_ko":"스베타아나","type":"Commune|Municipality","labelLongitude":15.841,"labelLatitude":46.646,"minZoom":11},"geometry":{"type":"Polygon","coordinates":[[[15.8,46.647],[15.794,46.655],[15.793,46.661],[15.793,46.666],[15.799,46.67],[15.8,46.676],[15.804,46.683],[15.804,46.7],[15.818,46.696],[15.827,46.686],[15.859,46.672],[15.877,46.668],[15.889,46.663],[15.888,46.646],[15.875,46.636],[15.866,46.623],[15.863,46.611],[15.857,46.607],[15.852,46.607],[15.845,46.609],[15.835,46.615],[15.829,46.619],[15.829,46.624],[15.829,46.627],[15.825,46.636],[15.823,46.64],[15.818,46.645],[15.8,46.647]]]}},{"type":"Feature","id":"SI-182","properties":{"id":"SI-182","countryCode":"SI","isoSubdivision":"SI-182","name":"Sveti Andraž v Slovenskih Goricah","name_en":"Sveti Andraž v Slovenskih Goricah","name_ko":"스베티안드라시우슬로벤스키흐고리차흐","type":"Commune|Municipality","labelLongitude":15.966,"labelLatitude":46.524,"minZoom":11},"geometry":{"type":"Polygon","coordinates":[[[15.924,46.534],[15.928,46.542],[15.945,46.536],[15.948,46.533],[15.954,46.533],[15.959,46.533],[15.987,46.547],[16.007,46.524],[15.983,46.519],[15.971,46.514],[15.962,46.511],[15.955,46.506],[15.95,46.502],[15.947,46.487],[15.929,46.504],[15.934,46.519],[15.934,46.523],[15.932,46.527],[15.93,46.53],[15.924,46.534]]]}},{"type":"Feature","id":"SI-183","properties":{"id":"SI-183","countryCode":"SI","isoSubdivision":"SI-183","name":"Šempeter–Vrtojba","name_en":"Šempeter–Vrtojba","name_ko":"솀페테르브르토이바","type":"Commune|Municipality","labelLongitude":13.643,"labelLatitude":45.919,"minZoom":11},"geometry":{"type":"Polygon","coordinates":[[[13.599,45.912],[13.608,45.927],[13.615,45.946],[13.633,45.942],[13.639,45.941],[13.647,45.938],[13.656,45.932],[13.66,45.93],[13.665,45.929],[13.669,45.93],[13.672,45.929],[13.674,45.928],[13.677,45.927],[13.679,45.926],[13.683,45.926],[13.686,45.926],[13.687,45.922],[13.686,45.915],[13.685,45.913],[13.683,45.912],[13.677,45.913],[13.667,45.91],[13.647,45.897],[13.614,45.904],[13.599,45.912]]]}},{"type":"Feature","id":"SI-184","properties":{"id":"SI-184","countryCode":"SI","isoSubdivision":"SI-184","name":"Tabor","name_en":"Tabor","name_ko":"타보르","type":"Commune|Municipality","labelLongitude":15.012,"labelLatitude":46.226,"minZoom":11},"geometry":{"type":"Polygon","coordinates":[[[14.971,46.198],[14.972,46.212],[14.975,46.218],[15.01,46.258],[15.03,46.253],[15.042,46.242],[15.046,46.238],[15.051,46.226],[15.052,46.211],[15.052,46.208],[15.045,46.193],[15.018,46.191],[15,46.199],[14.971,46.198]]]}},{"type":"Feature","id":"SI-185","properties":{"id":"SI-185","countryCode":"SI","isoSubdivision":"SI-185","name":"Trnovska Vas","name_en":"Trnovska Vas","name_ko":"트르노브스카바스","type":"Commune|Municipality","labelLongitude":15.894,"labelLatitude":46.523,"minZoom":11},"geometry":{"type":"Polygon","coordinates":[[[15.892,46.546],[15.924,46.534],[15.93,46.53],[15.932,46.527],[15.934,46.523],[15.934,46.519],[15.929,46.504],[15.888,46.5],[15.867,46.5],[15.854,46.506],[15.857,46.516],[15.86,46.52],[15.862,46.526],[15.865,46.529],[15.868,46.534],[15.873,46.538],[15.884,46.542],[15.892,46.546]]]}},{"type":"Feature","id":"SI-186","properties":{"id":"SI-186","countryCode":"SI","isoSubdivision":"SI-186","name":"Trzin","name_en":"Trzin","name_ko":"트르진","type":"Commune|Municipality","labelLongitude":14.555,"labelLatitude":46.126,"minZoom":11},"geometry":{"type":"Polygon","coordinates":[[[14.521,46.132],[14.59,46.148],[14.576,46.134],[14.571,46.125],[14.569,46.108],[14.54,46.116],[14.521,46.132]]]}},{"type":"Feature","id":"SI-187","properties":{"id":"SI-187","countryCode":"SI","isoSubdivision":"SI-187","name":"Velika Polana","name_en":"Velika Polana","name_ko":"벨리카폴라나","type":"Commune|Municipality","labelLongitude":16.363,"labelLatitude":46.58,"minZoom":11},"geometry":{"type":"Polygon","coordinates":[[[16.378,46.6],[16.398,46.578],[16.39,46.575],[16.383,46.57],[16.367,46.563],[16.351,46.558],[16.344,46.557],[16.335,46.556],[16.338,46.564],[16.335,46.578],[16.328,46.584],[16.335,46.594],[16.336,46.597],[16.34,46.599],[16.349,46.601],[16.364,46.597],[16.378,46.6]]]}},{"type":"Feature","id":"SI-188","properties":{"id":"SI-188","countryCode":"SI","isoSubdivision":"SI-188","name":"Veržej","name_en":"Veržej","name_ko":"베르제이","type":"Commune|Municipality","labelLongitude":16.177,"labelLatitude":46.58,"minZoom":11},"geometry":{"type":"Polygon","coordinates":[[[16.161,46.606],[16.203,46.592],[16.217,46.584],[16.204,46.568],[16.202,46.567],[16.195,46.567],[16.19,46.566],[16.177,46.56],[16.158,46.569],[16.155,46.578],[16.144,46.585],[16.138,46.593],[16.137,46.595],[16.136,46.603],[16.15,46.601],[16.161,46.606]]]}},{"type":"Feature","id":"SI-189","properties":{"id":"SI-189","countryCode":"SI","isoSubdivision":"SI-189","name":"Vransko","name_en":"Vransko","name_ko":"브란스코","type":"Commune|Municipality","labelLongitude":14.947,"labelLatitude":46.235,"minZoom":11},"geometry":{"type":"Polygon","coordinates":[[[14.91,46.211],[14.93,46.219],[14.885,46.241],[14.898,46.254],[14.898,46.259],[14.9,46.263],[14.908,46.265],[14.918,46.265],[14.926,46.269],[14.946,46.275],[14.95,46.278],[14.95,46.282],[14.955,46.284],[14.957,46.283],[14.97,46.284],[15.01,46.258],[14.975,46.218],[14.972,46.212],[14.971,46.198],[14.937,46.192],[14.93,46.194],[14.915,46.201],[14.91,46.211]]]}},{"type":"Feature","id":"SI-190","properties":{"id":"SI-190","countryCode":"SI","isoSubdivision":"SI-190","name":"Žalec","name_en":"Žalec","name_ko":"잘레츠","type":"Statistical Region","labelLongitude":15.165,"labelLatitude":46.259,"minZoom":11},"geometry":{"type":"Polygon","coordinates":[[[15.226,46.317],[15.226,46.285],[15.223,46.281],[15.219,46.274],[15.218,46.27],[15.221,46.263],[15.221,46.262],[15.219,46.26],[15.22,46.256],[15.223,46.244],[15.224,46.236],[15.216,46.198],[15.204,46.188],[15.176,46.185],[15.113,46.183],[15.111,46.187],[15.118,46.188],[15.122,46.189],[15.125,46.19],[15.128,46.192],[15.131,46.195],[15.132,46.198],[15.134,46.207],[15.134,46.222],[15.136,46.227],[15.138,46.23],[15.141,46.23],[15.144,46.23],[15.143,46.232],[15.138,46.236],[15.124,46.242],[15.104,46.255],[15.11,46.266],[15.107,46.271],[15.111,46.277],[15.118,46.288],[15.122,46.294],[15.123,46.317],[15.131,46.328],[15.138,46.333],[15.146,46.336],[15.158,46.336],[15.182,46.325],[15.197,46.328],[15.226,46.317]]]}},{"type":"Feature","id":"SI-191","properties":{"id":"SI-191","countryCode":"SI","isoSubdivision":"SI-191","name":"Žetale","name_en":"Žetale","name_ko":"제탈레","type":"Commune|Municipality","labelLongitude":15.819,"labelLatitude":46.284,"minZoom":11},"geometry":{"type":"Polygon","coordinates":[[[15.881,46.259],[15.879,46.259],[15.834,46.258],[15.818,46.256],[15.803,46.251],[15.8,46.249],[15.799,46.249],[15.758,46.262],[15.762,46.286],[15.773,46.298],[15.801,46.321],[15.825,46.308],[15.862,46.284],[15.867,46.282],[15.875,46.266],[15.881,46.26],[15.881,46.259]]]}},{"type":"Feature","id":"SI-192","properties":{"id":"SI-192","countryCode":"SI","isoSubdivision":"SI-192","name":"Žirovnica","name_en":"Žirovnica","name_ko":"지로우니차","type":"Commune|Municipality","labelLongitude":14.182,"labelLatitude":46.411,"minZoom":11},"geometry":{"type":"Polygon","coordinates":[[[14.148,46.44],[14.15,46.44],[14.242,46.438],[14.242,46.437],[14.238,46.425],[14.223,46.422],[14.215,46.417],[14.2,46.404],[14.195,46.394],[14.191,46.387],[14.18,46.382],[14.169,46.381],[14.159,46.382],[14.137,46.372],[14.121,46.393],[14.128,46.407],[14.129,46.425],[14.138,46.434],[14.141,46.436],[14.148,46.44]]]}},{"type":"Feature","id":"SI-193","properties":{"id":"SI-193","countryCode":"SI","isoSubdivision":"SI-193","name":"Žužemberk","name_en":"Žužemberk","name_ko":"주젬베르크","type":"Commune|Municipality","labelLongitude":14.944,"labelLatitude":45.818,"minZoom":11},"geometry":{"type":"Polygon","coordinates":[[[15.037,45.841],[15.049,45.826],[15.052,45.824],[15.086,45.806],[15.058,45.781],[15.033,45.781],[15.015,45.785],[15.004,45.782],[14.996,45.78],[14.982,45.766],[14.939,45.772],[14.926,45.769],[14.896,45.745],[14.877,45.744],[14.87,45.752],[14.862,45.756],[14.846,45.76],[14.836,45.761],[14.827,45.758],[14.814,45.758],[14.804,45.775],[14.803,45.78],[14.805,45.798],[14.824,45.798],[14.837,45.796],[14.849,45.8],[14.856,45.808],[14.856,45.825],[14.85,45.84],[14.847,45.845],[14.847,45.851],[14.85,45.854],[14.877,45.857],[14.877,45.87],[14.929,45.871],[14.939,45.869],[14.949,45.864],[14.953,45.859],[14.955,45.853],[14.959,45.848],[14.967,45.844],[14.979,45.842],[15,45.849],[15.015,45.845],[15.02,45.84],[15.026,45.838],[15.037,45.841]]]}},{"type":"Feature","id":"SI-194","properties":{"id":"SI-194","countryCode":"SI","isoSubdivision":"SI-194","name":"Šmartno pri Litiji","name_en":"Šmartno pri Litiji","name_ko":"슈마르트노프리리티이","type":"Commune|Municipality","labelLongitude":14.869,"labelLatitude":46.023,"minZoom":11},"geometry":{"type":"Polygon","coordinates":[[[14.75,46.003],[14.748,46.023],[14.751,46.028],[14.749,46.034],[14.744,46.04],[14.738,46.045],[14.731,46.051],[14.733,46.054],[14.733,46.058],[14.736,46.066],[14.752,46.066],[14.806,46.06],[14.844,46.073],[14.866,46.07],[14.889,46.055],[14.913,46.033],[14.936,46.018],[14.95,45.994],[14.954,45.975],[14.94,45.966],[14.927,45.963],[14.906,45.973],[14.877,46.002],[14.871,46.005],[14.866,46.006],[14.864,46.004],[14.863,46.001],[14.856,46],[14.843,46.001],[14.811,46.008],[14.781,46.009],[14.775,46.006],[14.773,46.005],[14.75,46.003]]]}},{"type":"Feature","id":"SI-195","properties":{"id":"SI-195","countryCode":"SI","isoSubdivision":"SI-195","name":"Apače","name_en":"Apače","name_ko":"아페스","type":"Commune|Municipality","labelLongitude":15.887,"labelLatitude":46.691,"minZoom":11},"geometry":{"type":"Polygon","coordinates":[[[15.851,46.724],[15.879,46.721],[15.946,46.697],[15.968,46.695],[15.947,46.674],[15.932,46.665],[15.911,46.664],[15.889,46.663],[15.877,46.668],[15.859,46.672],[15.827,46.686],[15.818,46.696],[15.804,46.7],[15.787,46.71],[15.785,46.712],[15.823,46.723],[15.851,46.724]]]}}]}
