{"type":"FeatureCollection","features":[{"type":"Feature","id":"TR-01","properties":{"id":"TR-01","countryCode":"TR","isoSubdivision":"TR-01","name":"Adana","name_en":"Adana","name_ko":"아다나","type":"Province","labelLongitude":35.756,"labelLatitude":37.401,"minZoom":7},"geometry":{"type":"Polygon","coordinates":[[[35.933,36.873],[35.894,36.835],[35.88,36.826],[35.864,36.822],[35.854,36.816],[35.821,36.785],[35.805,36.775],[35.767,36.768],[35.684,36.765],[35.648,36.754],[35.636,36.745],[35.625,36.726],[35.614,36.72],[35.617,36.727],[35.618,36.732],[35.615,36.736],[35.607,36.74],[35.597,36.725],[35.582,36.713],[35.573,36.701],[35.579,36.685],[35.594,36.702],[35.617,36.696],[35.62,36.712],[35.625,36.711],[35.629,36.708],[35.632,36.704],[35.634,36.699],[35.639,36.706],[35.64,36.713],[35.639,36.72],[35.634,36.727],[35.648,36.733],[35.654,36.727],[35.657,36.718],[35.665,36.712],[35.676,36.715],[35.686,36.721],[35.696,36.724],[35.709,36.72],[35.65,36.698],[35.623,36.681],[35.607,36.658],[35.609,36.647],[35.622,36.654],[35.667,36.696],[35.68,36.703],[35.696,36.706],[35.658,36.675],[35.652,36.667],[35.644,36.649],[35.637,36.641],[35.633,36.631],[35.633,36.618],[35.631,36.607],[35.624,36.603],[35.614,36.601],[35.599,36.591],[35.589,36.59],[35.557,36.587],[35.545,36.59],[35.513,36.613],[35.504,36.617],[35.49,36.614],[35.481,36.607],[35.479,36.599],[35.489,36.597],[35.497,36.594],[35.531,36.583],[35.489,36.592],[35.445,36.596],[35.437,36.594],[35.413,36.584],[35.408,36.579],[35.404,36.572],[35.395,36.568],[35.374,36.562],[35.348,36.544],[35.346,36.541],[35.336,36.546],[35.32,36.565],[35.309,36.569],[35.295,36.572],[35.042,36.695],[35.014,36.703],[34.982,36.721],[34.962,36.727],[34.946,36.728],[34.933,36.727],[34.934,36.729],[34.987,36.759],[35.029,36.768],[35.067,36.796],[35.071,36.823],[35.067,36.851],[35.052,36.907],[35.052,36.964],[35.082,37.026],[35.043,37.058],[34.982,37.056],[34.935,37.084],[34.913,37.141],[34.91,37.243],[34.862,37.273],[34.824,37.328],[34.792,37.388],[34.79,37.435],[34.795,37.457],[34.82,37.489],[34.836,37.499],[34.85,37.511],[34.865,37.553],[34.858,37.58],[34.833,37.63],[34.828,37.68],[34.86,37.717],[34.911,37.714],[34.962,37.701],[35.06,37.714],[35.191,37.818],[35.363,37.807],[35.454,37.789],[35.577,37.75],[35.63,37.77],[35.608,37.954],[35.979,38.155],[36.033,38.213],[36.076,38.282],[36.103,38.312],[36.146,38.395],[36.19,38.424],[36.267,38.458],[36.348,38.475],[36.4,38.457],[36.437,38.41],[36.463,38.358],[36.506,38.323],[36.449,38.281],[36.418,38.219],[36.368,38.042],[36.339,37.978],[36.326,37.912],[36.324,37.881],[36.331,37.834],[36.362,37.773],[36.36,37.732],[36.326,37.706],[36.307,37.697],[36.28,37.669],[36.203,37.67],[36.11,37.664],[36.064,37.602],[36.007,37.499],[35.94,37.37],[35.94,37.293],[35.97,37.22],[35.991,37.221],[36.056,37.21],[36.085,37.192],[36.093,37.179],[36.105,37.122],[36.089,37.07],[36.062,37.01],[36.039,37.017],[36.018,37.02],[35.999,37.01],[35.917,36.935],[35.916,36.893],[35.933,36.873]]]}},{"type":"Feature","id":"TR-02","properties":{"id":"TR-02","countryCode":"TR","isoSubdivision":"TR-02","name":"Adıyaman","name_en":"Adıyaman","name_ko":"아디야만","type":"Province","labelLongitude":38.339,"labelLatitude":37.81,"minZoom":7},"geometry":{"type":"Polygon","coordinates":[[[37.625,37.519],[37.517,37.572],[37.457,37.59],[37.422,37.635],[37.422,37.694],[37.462,37.734],[37.517,37.772],[37.565,37.82],[37.708,37.842],[37.796,37.871],[37.888,37.881],[37.931,37.87],[37.974,37.866],[38.009,37.875],[38.044,37.889],[38.128,37.905],[38.189,37.949],[38.191,38.001],[38.217,38.04],[38.295,38.074],[38.358,38.149],[38.431,38.214],[38.501,38.215],[38.561,38.228],[38.619,38.219],[38.623,38.187],[38.584,38.158],[38.564,38.147],[38.571,38.126],[38.588,38.12],[38.603,38.11],[38.663,38.098],[38.733,38.098],[38.803,38.09],[38.877,38.102],[38.905,38.103],[38.932,38.107],[38.973,38.123],[39.016,38.131],[39.069,38.151],[39.115,38.193],[39.141,38.179],[39.222,38.205],[39.253,38.18],[39.256,38.153],[39.249,38.13],[39.225,38.09],[39.235,38.076],[39.225,38.064],[39.189,38.043],[39.15,38.021],[39.09,38.007],[39.072,38],[39.06,37.988],[39.056,37.973],[39.05,37.94],[39.04,37.925],[39.027,37.918],[38.978,37.906],[38.988,37.891],[38.989,37.878],[38.983,37.865],[38.971,37.851],[38.976,37.846],[38.979,37.838],[38.978,37.83],[38.971,37.823],[38.965,37.823],[38.945,37.829],[38.937,37.83],[38.921,37.825],[38.908,37.817],[38.898,37.805],[38.889,37.789],[38.903,37.792],[38.931,37.807],[38.944,37.809],[38.954,37.801],[38.952,37.775],[38.965,37.761],[38.945,37.757],[38.922,37.756],[38.902,37.753],[38.889,37.741],[38.898,37.736],[38.923,37.714],[38.916,37.709],[38.908,37.706],[38.9,37.706],[38.882,37.715],[38.875,37.71],[38.869,37.703],[38.865,37.699],[38.861,37.698],[38.856,37.696],[38.849,37.693],[38.841,37.692],[38.836,37.695],[38.823,37.704],[38.821,37.707],[38.8,37.697],[38.819,37.681],[38.868,37.651],[38.646,37.624],[38.597,37.583],[38.588,37.579],[38.575,37.561],[38.515,37.511],[38.495,37.501],[38.372,37.484],[38.341,37.494],[38.283,37.477],[38.272,37.476],[38.266,37.454],[38.25,37.449],[38.207,37.453],[38.198,37.448],[38.197,37.436],[38.197,37.424],[38.193,37.418],[38.19,37.417],[38.188,37.415],[38.186,37.413],[38.18,37.412],[38.177,37.414],[38.175,37.423],[38.17,37.426],[38.126,37.434],[38.108,37.441],[38.094,37.453],[38.066,37.437],[38.054,37.436],[38.04,37.446],[37.961,37.501],[37.844,37.536],[37.735,37.537],[37.625,37.519]]]}},{"type":"Feature","id":"TR-03","properties":{"id":"TR-03","countryCode":"TR","isoSubdivision":"TR-03","name":"Afyonkarahisar","name_en":"Afyonkarahisar","name_ko":"아피온카라히사르","type":"Province","labelLongitude":30.694,"labelLatitude":38.678,"minZoom":7},"geometry":{"type":"Polygon","coordinates":[[[29.888,38.707],[30.096,38.804],[30.124,38.833],[30.165,38.886],[30.192,38.953],[30.218,38.995],[30.234,39.04],[30.253,39.081],[30.372,39.122],[30.442,39.206],[30.477,39.2],[30.505,39.178],[30.521,39.147],[30.544,39.124],[30.561,39.116],[30.576,39.107],[30.621,39.087],[30.668,39.093],[30.703,39.106],[30.77,39.141],[30.833,39.189],[30.869,39.211],[30.919,39.193],[30.962,39.155],[31.035,39.179],[31.107,39.223],[31.146,39.23],[31.181,39.248],[31.217,39.273],[31.258,39.282],[31.328,39.224],[31.378,39.136],[31.453,39.091],[31.582,39.102],[31.66,39.1],[31.698,39.093],[31.685,39.026],[31.679,39.013],[31.675,39],[31.705,38.976],[31.724,38.967],[31.715,38.928],[31.638,38.829],[31.608,38.782],[31.592,38.729],[31.593,38.709],[31.598,38.689],[31.595,38.666],[31.507,38.577],[31.431,38.514],[31.254,38.423],[31.23,38.429],[31.207,38.44],[31.162,38.491],[31.144,38.503],[31.124,38.512],[31.1,38.515],[31.08,38.502],[31.03,38.46],[30.906,38.381],[30.845,38.325],[30.781,38.278],[30.705,38.255],[30.683,38.254],[30.662,38.25],[30.606,38.214],[30.567,38.206],[30.53,38.193],[30.481,38.149],[30.429,38.112],[30.39,38.095],[30.3,38.024],[30.232,37.993],[30.211,37.962],[30.198,37.858],[30.165,37.81],[30.093,37.779],[30.015,37.777],[29.926,37.782],[29.846,37.759],[29.801,37.821],[29.789,37.828],[29.775,37.831],[29.748,37.842],[29.734,37.846],[29.688,37.846],[29.664,37.854],[29.665,37.956],[29.68,37.984],[29.712,37.994],[29.744,38.007],[30.013,38.167],[30.041,38.192],[30.025,38.258],[29.999,38.283],[29.892,38.425],[29.753,38.45],[29.751,38.478],[29.774,38.501],[29.793,38.542],[29.807,38.581],[29.868,38.628],[29.883,38.665],[29.888,38.707]]]}},{"type":"Feature","id":"TR-04","properties":{"id":"TR-04","countryCode":"TR","isoSubdivision":"TR-04","name":"Ağrı","name_en":"Ağrı","name_ko":"아리","type":"Province","labelLongitude":43.365,"labelLatitude":39.593,"minZoom":7},"geometry":{"type":"Polygon","coordinates":[[[44.458,39.643],[44.458,39.639],[44.452,39.626],[44.419,39.574],[44.414,39.561],[44.412,39.544],[44.414,39.53],[44.417,39.517],[44.417,39.506],[44.407,39.494],[44.402,39.471],[44.405,39.452],[44.405,39.434],[44.388,39.414],[44.369,39.404],[44.317,39.385],[44.295,39.381],[44.27,39.383],[44.2,39.409],[44.177,39.412],[44.122,39.4],[44.099,39.398],[44.077,39.401],[44.061,39.4],[44.046,39.396],[44.026,39.386],[44.015,39.374],[44.021,39.362],[44.047,39.338],[44.047,39.337],[43.906,39.308],[43.868,39.314],[43.851,39.319],[43.792,39.323],[43.744,39.336],[43.706,39.34],[43.668,39.337],[43.639,39.32],[43.614,39.3],[43.579,39.3],[43.492,39.313],[43.447,39.335],[43.39,39.382],[43.321,39.406],[43.244,39.41],[43.2,39.384],[43.163,39.347],[43.129,39.338],[43.07,39.329],[43.045,39.321],[43.038,39.292],[43.075,39.274],[43.115,39.262],[43.122,39.231],[43.115,39.196],[43.113,39.162],[43.088,39.141],[42.972,39.104],[42.787,39.072],[42.754,39.051],[42.718,39.035],[42.671,39.023],[42.628,39.002],[42.624,39.054],[42.632,39.103],[42.642,39.142],[42.642,39.157],[42.636,39.171],[42.641,39.235],[42.606,39.277],[42.58,39.296],[42.563,39.323],[42.533,39.351],[42.501,39.373],[42.459,39.429],[42.431,39.491],[42.463,39.532],[42.473,39.579],[42.471,39.714],[42.481,39.741],[42.495,39.748],[42.353,39.792],[42.272,39.869],[42.307,39.881],[42.382,39.871],[42.418,39.88],[42.44,39.904],[42.463,39.912],[42.477,39.913],[42.503,39.913],[42.536,39.927],[42.564,39.952],[42.757,39.922],[43.064,39.989],[43.174,39.989],[43.22,39.979],[43.265,39.987],[43.318,39.969],[43.341,39.913],[43.336,39.865],[43.335,39.841],[43.35,39.804],[43.366,39.793],[43.4,39.783],[43.464,39.817],[43.532,39.838],[43.563,39.833],[43.577,39.825],[43.611,39.813],[43.631,39.813],[43.664,39.796],[43.686,39.758],[43.716,39.728],[43.805,39.696],[43.868,39.684],[43.875,39.67],[43.881,39.655],[43.973,39.643],[44.073,39.653],[44.147,39.635],[44.225,39.628],[44.403,39.659],[44.442,39.652],[44.458,39.643]]]}},{"type":"Feature","id":"TR-05","properties":{"id":"TR-05","countryCode":"TR","isoSubdivision":"TR-05","name":"Amasya","name_en":"Amasya","name_ko":"아마시아","type":"Province","labelLongitude":35.763,"labelLatitude":40.638,"minZoom":7},"geometry":{"type":"Polygon","coordinates":[[[35.089,41.087],[35.4,41.021],[35.461,41.029],[35.494,41.015],[35.639,40.931],[35.673,40.886],[35.706,40.879],[35.782,40.883],[35.821,40.877],[35.953,40.876],[36.031,40.847],[36.073,40.855],[36.109,40.879],[36.155,40.901],[36.186,40.942],[36.203,40.988],[36.243,41.007],[36.279,40.997],[36.307,40.974],[36.32,40.95],[36.335,40.929],[36.443,40.87],[36.415,40.859],[36.415,40.852],[36.422,40.852],[36.422,40.845],[36.41,40.831],[36.421,40.814],[36.441,40.799],[36.457,40.79],[36.473,40.785],[36.494,40.746],[36.459,40.706],[36.442,40.673],[36.442,40.636],[36.397,40.588],[36.317,40.575],[36.31,40.524],[36.303,40.521],[36.295,40.518],[36.28,40.508],[36.197,40.466],[36.136,40.444],[36.118,40.444],[36.101,40.454],[36.081,40.462],[36.059,40.466],[36.031,40.477],[36.006,40.494],[35.925,40.51],[35.842,40.505],[35.816,40.481],[35.771,40.406],[35.742,40.366],[35.716,40.337],[35.686,40.31],[35.651,40.298],[35.633,40.295],[35.579,40.277],[35.549,40.253],[35.51,40.189],[35.46,40.2],[35.408,40.197],[35.363,40.201],[35.344,40.211],[35.336,40.231],[35.327,40.234],[35.339,40.303],[35.339,40.329],[35.348,40.352],[35.435,40.453],[35.458,40.525],[35.458,40.562],[35.432,40.608],[35.416,40.613],[35.382,40.618],[35.306,40.652],[35.14,40.674],[35.109,40.689],[35.082,40.725],[35.041,40.791],[35.031,40.818],[35.047,40.884],[35.049,40.984],[35.062,41.014],[35.083,41.034],[35.098,41.059],[35.089,41.087]]]}},{"type":"Feature","id":"TR-06","properties":{"id":"TR-06","countryCode":"TR","isoSubdivision":"TR-06","name":"Ankara","name_en":"Ankara","name_ko":"앙카라","type":"Province","labelLongitude":32.578,"labelLatitude":39.829,"minZoom":7},"geometry":{"type":"Polygon","coordinates":[[[32.315,40.415],[32.396,40.448],[32.424,40.486],[32.459,40.516],[32.477,40.539],[32.439,40.619],[32.443,40.673],[32.471,40.694],[32.507,40.705],[32.586,40.708],[32.665,40.698],[32.959,40.594],[32.987,40.564],[33.01,40.531],[33.043,40.502],[33.081,40.48],[33.098,40.474],[33.141,40.444],[33.173,40.43],[33.194,40.405],[33.206,40.371],[33.271,40.331],[33.345,40.338],[33.349,40.364],[33.36,40.391],[33.378,40.397],[33.398,40.396],[33.43,40.387],[33.46,40.374],[33.595,40.34],[33.582,40.258],[33.569,40.201],[33.569,40.133],[33.577,40.074],[33.562,40.016],[33.447,40.006],[33.373,39.982],[33.328,39.897],[33.303,39.812],[33.273,39.727],[33.298,39.643],[33.378,39.568],[33.406,39.53],[33.445,39.387],[33.524,39.267],[33.545,39.211],[33.658,39.156],[33.709,39.123],[33.725,39.118],[33.739,39.109],[33.756,39.089],[33.776,39.078],[33.829,39.074],[33.861,39.063],[33.875,39.053],[33.937,39.035],[33.93,39.001],[33.897,38.935],[33.937,38.85],[33.933,38.792],[33.85,38.73],[33.812,38.715],[33.722,38.718],[33.635,38.699],[33.554,38.662],[33.467,38.644],[33.445,38.684],[33.413,38.72],[33.387,38.758],[33.366,38.799],[33.364,38.857],[33.375,38.915],[33.38,38.969],[33.374,39.023],[33.321,39.12],[33.223,39.175],[33.166,39.189],[33.148,39.197],[33.105,39.222],[33.062,39.222],[33.043,39.202],[33.032,39.175],[33.024,39.124],[33.009,39.105],[32.966,39.111],[32.908,39.145],[32.86,39.157],[32.758,39.092],[32.722,39.054],[32.676,39.034],[32.601,39.058],[32.538,39.036],[32.479,38.997],[32.436,39],[32.4,39.027],[32.368,39.041],[32.282,39.064],[32.232,39.059],[32.127,39.034],[32.091,39.043],[31.948,39.136],[31.905,39.157],[31.861,39.171],[31.885,39.185],[31.938,39.205],[31.948,39.215],[31.956,39.226],[31.978,39.23],[32,39.233],[32.024,39.251],[32.043,39.275],[32.036,39.305],[32.004,39.322],[31.983,39.348],[31.983,39.386],[31.98,39.392],[31.975,39.405],[31.985,39.435],[31.991,39.465],[31.991,39.496],[31.979,39.517],[31.965,39.535],[31.961,39.566],[31.947,39.586],[31.897,39.621],[31.847,39.726],[31.841,39.776],[31.882,39.812],[31.88,39.838],[31.867,39.845],[31.852,39.862],[31.845,39.876],[31.812,39.878],[31.782,39.891],[31.757,39.92],[31.743,39.951],[31.739,39.976],[31.726,39.994],[31.727,40.024],[31.681,40.018],[31.64,40.04],[31.604,40.03],[31.532,40.029],[31.493,40.022],[31.46,40.03],[31.431,40.024],[31.389,40.057],[31.364,40.054],[31.339,40.048],[31.247,40.058],[31.22,40.039],[31.191,40.024],[31.165,40.031],[31.14,40.044],[31.082,40.048],[30.986,40.017],[30.946,40.015],[30.922,40.02],[30.917,40.041],[30.907,40.101],[30.864,40.143],[30.925,40.206],[31.007,40.242],[31.038,40.292],[31.034,40.352],[31.044,40.39],[31.069,40.411],[31.163,40.387],[31.251,40.346],[31.42,40.36],[31.452,40.332],[31.475,40.324],[31.504,40.321],[31.536,40.312],[31.568,40.308],[31.658,40.336],[31.696,40.34],[31.821,40.338],[31.906,40.353],[31.975,40.377],[32.093,40.399],[32.135,40.421],[32.177,40.431],[32.315,40.415]]]}},{"type":"Feature","id":"TR-07","properties":{"id":"TR-07","countryCode":"TR","isoSubdivision":"TR-07","name":"Antalya","name_en":"Antalya","name_ko":"안탈리아","type":"Province","labelLongitude":30.956,"labelLatitude":37.114,"minZoom":7},"geometry":{"type":"Polygon","coordinates":[[[32.572,36.094],[32.568,36.096],[32.531,36.099],[32.513,36.103],[32.437,36.139],[32.427,36.148],[32.42,36.159],[32.402,36.166],[32.382,36.17],[32.365,36.178],[32.319,36.229],[32.31,36.229],[32.306,36.235],[32.287,36.245],[32.283,36.251],[32.279,36.279],[32.276,36.288],[32.253,36.315],[32.192,36.358],[32.18,36.387],[32.178,36.395],[32.174,36.402],[32.163,36.415],[32.152,36.43],[32.148,36.434],[32.135,36.438],[32.132,36.439],[32.115,36.47],[32.102,36.486],[32.087,36.493],[32.026,36.543],[32.019,36.547],[32.01,36.548],[31.999,36.548],[31.988,36.55],[31.98,36.554],[31.974,36.559],[31.968,36.562],[31.928,36.56],[31.908,36.563],[31.899,36.572],[31.888,36.581],[31.862,36.589],[31.835,36.592],[31.817,36.59],[31.807,36.597],[31.769,36.61],[31.749,36.632],[31.737,36.642],[31.724,36.641],[31.703,36.644],[31.628,36.671],[31.611,36.682],[31.596,36.696],[31.408,36.763],[31.379,36.768],[31.376,36.792],[31.341,36.809],[30.94,36.857],[30.776,36.85],[30.748,36.856],[30.727,36.866],[30.687,36.891],[30.629,36.86],[30.602,36.838],[30.588,36.807],[30.574,36.79],[30.57,36.781],[30.57,36.751],[30.565,36.718],[30.566,36.7],[30.577,36.685],[30.577,36.679],[30.569,36.671],[30.563,36.663],[30.558,36.652],[30.556,36.638],[30.558,36.62],[30.564,36.609],[30.571,36.601],[30.577,36.59],[30.584,36.596],[30.581,36.575],[30.567,36.54],[30.57,36.528],[30.536,36.505],[30.521,36.49],[30.509,36.454],[30.487,36.427],[30.488,36.418],[30.475,36.402],[30.476,36.384],[30.487,36.37],[30.502,36.364],[30.494,36.349],[30.52,36.342],[30.506,36.327],[30.479,36.309],[30.467,36.288],[30.474,36.288],[30.478,36.292],[30.479,36.292],[30.481,36.29],[30.488,36.288],[30.478,36.279],[30.464,36.271],[30.452,36.262],[30.441,36.239],[30.427,36.226],[30.399,36.206],[30.4,36.248],[30.396,36.266],[30.384,36.274],[30.361,36.269],[30.255,36.308],[30.234,36.309],[30.159,36.299],[30.149,36.29],[30.146,36.275],[30.145,36.254],[30.138,36.254],[30.137,36.261],[30.131,36.274],[30.125,36.255],[30.125,36.247],[30.111,36.254],[30.111,36.247],[30.111,36.24],[30.073,36.247],[30.066,36.25],[30.058,36.256],[30.048,36.259],[30.035,36.254],[30.056,36.254],[30.056,36.247],[29.988,36.218],[29.973,36.22],[29.961,36.214],[29.95,36.214],[29.938,36.218],[29.926,36.22],[29.917,36.219],[29.912,36.217],[29.898,36.206],[29.881,36.198],[29.844,36.191],[29.83,36.185],[29.833,36.184],[29.836,36.184],[29.838,36.183],[29.837,36.178],[29.827,36.178],[29.803,36.172],[29.803,36.165],[29.823,36.165],[29.81,36.154],[29.795,36.145],[29.78,36.139],[29.762,36.137],[29.762,36.144],[29.767,36.148],[29.77,36.151],[29.772,36.154],[29.775,36.158],[29.762,36.157],[29.759,36.155],[29.755,36.151],[29.743,36.161],[29.731,36.164],[29.719,36.163],[29.707,36.158],[29.704,36.154],[29.703,36.15],[29.7,36.146],[29.689,36.144],[29.689,36.141],[29.672,36.123],[29.668,36.144],[29.634,36.157],[29.624,36.178],[29.637,36.172],[29.643,36.178],[29.642,36.187],[29.635,36.192],[29.584,36.185],[29.584,36.192],[29.593,36.196],[29.602,36.199],[29.613,36.2],[29.624,36.199],[29.602,36.207],[29.521,36.206],[29.494,36.211],[29.432,36.24],[29.42,36.231],[29.415,36.24],[29.412,36.267],[29.406,36.26],[29.402,36.262],[29.398,36.266],[29.392,36.267],[29.382,36.264],[29.378,36.262],[29.375,36.259],[29.37,36.254],[29.365,36.248],[29.361,36.242],[29.357,36.236],[29.35,36.233],[29.341,36.237],[29.335,36.248],[29.329,36.254],[29.322,36.247],[29.261,36.294],[29.289,36.305],[29.307,36.325],[29.314,36.352],[29.313,36.364],[29.313,36.376],[29.322,36.391],[29.329,36.408],[29.362,36.463],[29.424,36.484],[29.455,36.473],[29.477,36.482],[29.472,36.509],[29.481,36.537],[29.527,36.57],[29.575,36.599],[29.594,36.654],[29.58,36.716],[29.689,36.914],[29.718,36.919],[29.744,36.931],[29.769,36.957],[29.796,36.979],[29.836,37.037],[29.851,37.112],[29.906,37.172],[30.086,37.247],[30.147,37.255],[30.295,37.305],[30.356,37.298],[30.417,37.239],[30.441,37.231],[30.58,37.235],[30.671,37.228],[30.748,37.228],[30.786,37.235],[30.846,37.289],[30.865,37.332],[30.935,37.38],[31.023,37.351],[31.127,37.38],[31.181,37.387],[31.227,37.414],[31.278,37.428],[31.332,37.422],[31.353,37.4],[31.376,37.38],[31.415,37.355],[31.459,37.341],[31.559,37.341],[31.815,37.298],[31.899,37.255],[31.963,37.208],[32.033,37.169],[32.083,37.127],[32.128,37.076],[32.155,37.055],[32.186,37.037],[32.253,36.987],[32.292,36.974],[32.324,36.958],[32.327,36.928],[32.302,36.912],[32.29,36.881],[32.305,36.854],[32.349,36.841],[32.395,36.838],[32.426,36.832],[32.447,36.808],[32.463,36.742],[32.456,36.673],[32.491,36.602],[32.532,36.534],[32.559,36.506],[32.592,36.487],[32.632,36.47],[32.652,36.438],[32.643,36.379],[32.647,36.269],[32.631,36.221],[32.615,36.196],[32.602,36.169],[32.598,36.144],[32.59,36.12],[32.575,36.101],[32.572,36.094]]]}},{"type":"Feature","id":"TR-08","properties":{"id":"TR-08","countryCode":"TR","isoSubdivision":"TR-08","name":"Artvin","name_en":"Artvin","name_ko":"아르트빈","type":"Province","labelLongitude":41.833,"labelLatitude":41.018,"minZoom":7},"geometry":{"type":"Polygon","coordinates":[[[42.438,41.431],[42.451,41.431],[42.465,41.374],[42.472,41.332],[42.484,41.307],[42.492,41.296],[42.51,41.261],[42.539,41.191],[42.512,41.124],[42.429,41.092],[42.342,41.02],[42.279,40.925],[42.221,40.921],[42.161,40.911],[42.092,40.917],[42.024,40.912],[41.99,40.898],[41.959,40.877],[41.946,40.839],[41.953,40.796],[41.927,40.755],[41.887,40.724],[41.868,40.685],[41.866,40.64],[41.821,40.588],[41.735,40.624],[41.657,40.641],[41.579,40.624],[41.494,40.582],[41.401,40.556],[41.333,40.601],[41.347,40.686],[41.373,40.722],[41.365,40.755],[41.329,40.765],[41.205,40.779],[41.127,40.813],[41.142,40.853],[41.237,40.937],[41.26,40.946],[41.28,40.961],[41.29,40.981],[41.304,41.002],[41.359,41.029],[41.386,41.075],[41.356,41.1],[41.316,41.115],[41.307,41.133],[41.294,41.149],[41.274,41.16],[41.255,41.173],[41.236,41.207],[41.228,41.247],[41.202,41.298],[41.2,41.301],[41.285,41.354],[41.31,41.361],[41.332,41.37],[41.343,41.373],[41.377,41.376],[41.39,41.379],[41.409,41.39],[41.424,41.408],[41.434,41.429],[41.438,41.451],[41.449,41.456],[41.507,41.495],[41.521,41.514],[41.627,41.481],[41.64,41.479],[41.67,41.48],[41.695,41.489],[41.703,41.489],[41.704,41.485],[41.703,41.478],[41.703,41.469],[41.707,41.463],[41.719,41.46],[41.748,41.457],[41.761,41.454],[41.801,41.426],[41.813,41.422],[41.823,41.426],[41.863,41.452],[41.894,41.486],[41.908,41.493],[41.948,41.506],[42.02,41.485],[42.055,41.493],[42.069,41.499],[42.083,41.5],[42.098,41.498],[42.112,41.493],[42.143,41.5],[42.158,41.5],[42.173,41.493],[42.189,41.482],[42.213,41.48],[42.262,41.482],[42.438,41.431]]]}},{"type":"Feature","id":"TR-09","properties":{"id":"TR-09","countryCode":"TR","isoSubdivision":"TR-09","name":"Aydın","name_en":"Aydın","name_ko":"아이든","type":"Province","labelLongitude":27.957,"labelLatitude":37.729,"minZoom":7},"geometry":{"type":"Polygon","coordinates":[[[27.403,37.413],[27.387,37.412],[27.37,37.405],[27.361,37.392],[27.356,37.379],[27.346,37.371],[27.322,37.371],[27.322,37.364],[27.336,37.356],[27.33,37.352],[27.271,37.349],[27.258,37.345],[27.246,37.336],[27.239,37.344],[27.232,37.348],[27.225,37.348],[27.219,37.344],[27.217,37.351],[27.216,37.354],[27.212,37.357],[27.204,37.353],[27.201,37.352],[27.199,37.354],[27.191,37.357],[27.201,37.367],[27.208,37.376],[27.209,37.387],[27.205,37.398],[27.22,37.404],[27.226,37.405],[27.226,37.412],[27.217,37.431],[27.223,37.477],[27.205,37.473],[27.199,37.479],[27.193,37.479],[27.185,37.474],[27.178,37.467],[27.182,37.483],[27.188,37.498],[27.19,37.513],[27.185,37.528],[27.188,37.534],[27.184,37.539],[27.18,37.545],[27.185,37.556],[27.2,37.548],[27.209,37.563],[27.212,37.586],[27.209,37.597],[27.194,37.601],[27.136,37.631],[27.049,37.65],[27.011,37.666],[27.021,37.686],[27.038,37.69],[27.105,37.686],[27.127,37.689],[27.213,37.713],[27.226,37.721],[27.25,37.744],[27.257,37.76],[27.261,37.782],[27.262,37.804],[27.26,37.816],[27.253,37.825],[27.243,37.834],[27.237,37.845],[27.239,37.864],[27.243,37.868],[27.256,37.877],[27.26,37.884],[27.262,37.888],[27.264,37.888],[27.329,37.89],[27.41,37.914],[27.532,37.978],[27.583,37.984],[27.829,37.969],[28.061,38.018],[28.254,38.02],[28.29,38.031],[28.325,38.047],[28.364,38.056],[28.405,38.061],[28.562,38.106],[28.698,38.104],[28.709,38.081],[28.722,38.059],[28.778,38.029],[28.791,37.999],[28.788,37.965],[28.804,37.905],[28.795,37.884],[28.773,37.871],[28.771,37.845],[28.792,37.822],[28.808,37.796],[28.829,37.771],[28.893,37.76],[28.903,37.738],[28.9,37.71],[28.869,37.692],[28.83,37.691],[28.783,37.639],[28.73,37.598],[28.653,37.606],[28.583,37.59],[28.563,37.553],[28.575,37.515],[28.585,37.512],[28.596,37.506],[28.603,37.492],[28.609,37.477],[28.478,37.492],[28.405,37.523],[28.343,37.565],[28.27,37.577],[28.216,37.547],[28.181,37.492],[28.141,37.467],[28.02,37.46],[27.95,37.462],[27.907,37.48],[27.861,37.48],[27.816,37.471],[27.77,37.477],[27.7,37.515],[27.62,37.524],[27.581,37.536],[27.546,37.555],[27.512,37.553],[27.481,37.539],[27.469,37.522],[27.415,37.429],[27.403,37.413]]]}},{"type":"Feature","id":"TR-10","properties":{"id":"TR-10","countryCode":"TR","isoSubdivision":"TR-10","name":"Balıkesir","name_en":"Balıkesir","name_ko":"발리케시르","type":"Province","labelLongitude":27.836,"labelLatitude":39.719,"minZoom":7},"geometry":{"type":"MultiPolygon","coordinates":[[[[27.572,40.316],[27.597,40.328],[27.613,40.331],[27.641,40.326],[27.665,40.317],[27.688,40.314],[27.712,40.324],[27.733,40.317],[27.763,40.315],[27.79,40.32],[27.813,40.347],[27.867,40.369],[27.884,40.386],[27.865,40.387],[27.815,40.4],[27.801,40.393],[27.792,40.393],[27.788,40.403],[27.786,40.413],[27.78,40.416],[27.773,40.416],[27.767,40.42],[27.761,40.428],[27.756,40.433],[27.754,40.438],[27.753,40.451],[27.75,40.458],[27.743,40.459],[27.734,40.459],[27.726,40.461],[27.693,40.486],[27.684,40.496],[27.684,40.502],[27.696,40.506],[27.706,40.512],[27.722,40.526],[27.733,40.531],[27.742,40.526],[27.75,40.525],[27.76,40.537],[27.779,40.518],[27.78,40.515],[27.789,40.514],[27.792,40.517],[27.795,40.521],[27.805,40.523],[27.97,40.503],[28.014,40.491],[28.034,40.474],[28.017,40.451],[27.93,40.417],[27.904,40.4],[27.908,40.374],[27.945,40.366],[28.028,40.372],[28.112,40.396],[28.208,40.399],[28.204,40.392],[28.156,40.336],[28.126,40.318],[28.099,40.297],[28.106,40.263],[28.129,40.258],[28.149,40.226],[28.139,40.207],[28.125,40.191],[28.113,40.153],[28.118,40.134],[28.136,40.096],[28.173,40.051],[28.227,40.022],[28.246,39.996],[28.264,39.927],[28.281,39.896],[28.546,39.745],[28.626,39.738],[28.647,39.755],[28.674,39.764],[28.689,39.747],[28.684,39.727],[28.686,39.699],[28.706,39.675],[28.712,39.663],[28.722,39.657],[28.741,39.656],[28.756,39.648],[28.78,39.619],[28.82,39.614],[28.866,39.621],[28.912,39.62],[28.943,39.609],[28.967,39.589],[28.947,39.56],[28.942,39.54],[28.941,39.521],[28.934,39.508],[28.922,39.5],[28.909,39.471],[28.896,39.4],[28.873,39.37],[28.85,39.348],[28.842,39.334],[28.811,39.291],[28.779,39.272],[28.706,39.253],[28.667,39.238],[28.658,39.204],[28.663,39.192],[28.666,39.167],[28.659,39.157],[28.572,39.167],[28.48,39.131],[28.443,39.123],[28.405,39.119],[28.361,39.122],[28.321,39.116],[28.294,39.088],[28.256,39.071],[28.213,39.064],[28.171,39.05],[28.125,39.063],[28.074,39.153],[27.991,39.222],[27.985,39.236],[27.968,39.243],[27.893,39.222],[27.854,39.236],[27.866,39.272],[27.896,39.313],[27.871,39.345],[27.855,39.344],[27.823,39.34],[27.807,39.342],[27.768,39.357],[27.726,39.359],[27.656,39.352],[27.586,39.367],[27.543,39.395],[27.497,39.411],[27.42,39.38],[27.391,39.425],[27.348,39.456],[27.291,39.464],[27.11,39.374],[27.078,39.364],[27.05,39.351],[27.03,39.33],[27.013,39.307],[26.994,39.291],[26.779,39.17],[26.771,39.173],[26.752,39.185],[26.738,39.197],[26.739,39.208],[26.731,39.228],[26.727,39.248],[26.719,39.263],[26.701,39.269],[26.653,39.267],[26.629,39.268],[26.609,39.275],[26.619,39.283],[26.625,39.303],[26.633,39.313],[26.646,39.318],[26.655,39.313],[26.654,39.306],[26.636,39.303],[26.636,39.297],[26.647,39.297],[26.656,39.294],[26.664,39.289],[26.671,39.283],[26.665,39.298],[26.67,39.306],[26.681,39.311],[26.691,39.316],[26.709,39.337],[26.815,39.399],[26.805,39.405],[26.801,39.406],[26.801,39.412],[26.803,39.419],[26.803,39.425],[26.801,39.434],[26.837,39.436],[26.851,39.44],[26.863,39.447],[26.852,39.462],[26.868,39.472],[26.926,39.486],[26.93,39.488],[26.93,39.491],[26.931,39.502],[26.945,39.54],[26.944,39.561],[26.938,39.575],[26.922,39.582],[26.893,39.584],[26.87,39.577],[26.852,39.563],[26.833,39.557],[26.808,39.571],[26.667,39.551],[26.664,39.631],[26.697,39.71],[26.737,39.717],[26.827,39.708],[26.87,39.719],[26.907,39.743],[26.98,39.766],[27.022,39.793],[27.068,39.793],[27.099,39.79],[27.127,39.801],[27.201,39.792],[27.274,39.773],[27.317,39.786],[27.357,39.808],[27.399,39.822],[27.439,39.844],[27.46,39.882],[27.478,39.923],[27.483,39.963],[27.466,39.974],[27.449,39.996],[27.459,40.013],[27.466,40.02],[27.477,40.043],[27.482,40.07],[27.495,40.102],[27.501,40.121],[27.497,40.128],[27.479,40.13],[27.44,40.143],[27.421,40.173],[27.432,40.18],[27.447,40.185],[27.517,40.24],[27.565,40.263],[27.577,40.307],[27.572,40.316]]],[[[27.658,40.653],[27.673,40.656],[27.702,40.653],[27.728,40.643],[27.733,40.625],[27.714,40.615],[27.676,40.61],[27.658,40.605],[27.625,40.583],[27.605,40.577],[27.583,40.584],[27.572,40.585],[27.552,40.591],[27.536,40.602],[27.539,40.623],[27.532,40.631],[27.526,40.639],[27.531,40.65],[27.539,40.657],[27.546,40.66],[27.552,40.658],[27.555,40.647],[27.579,40.656],[27.605,40.663],[27.631,40.663],[27.658,40.653]]],[[[27.645,40.46],[27.653,40.46],[27.657,40.458],[27.657,40.449],[27.646,40.448],[27.632,40.454],[27.615,40.457],[27.596,40.458],[27.582,40.466],[27.58,40.477],[27.591,40.484],[27.599,40.497],[27.607,40.505],[27.64,40.494],[27.642,40.487],[27.637,40.478],[27.635,40.467],[27.645,40.46]]]]}},{"type":"Feature","id":"TR-11","properties":{"id":"TR-11","countryCode":"TR","isoSubdivision":"TR-11","name":"Bilecik","name_en":"Bilecik","name_ko":"빌레지크","type":"Province","labelLongitude":30.2,"labelLatitude":40.039,"minZoom":7},"geometry":{"type":"Polygon","coordinates":[[[30.626,40.331],[30.64,40.287],[30.701,40.204],[30.739,40.168],[30.636,40.165],[30.555,40.115],[30.537,40.064],[30.524,40.012],[30.491,39.965],[30.44,39.936],[30.385,39.937],[30.334,39.92],[30.319,39.899],[30.302,39.879],[30.272,39.867],[30.245,39.85],[30.235,39.748],[30.192,39.688],[30.136,39.639],[30.099,39.632],[30.024,39.624],[29.945,39.608],[29.902,39.617],[29.791,39.677],[29.756,39.689],[29.716,39.709],[29.7,39.725],[29.666,39.779],[29.662,39.821],[29.678,39.906],[29.734,39.897],[29.784,39.911],[29.77,39.962],[29.744,39.978],[29.692,40.035],[29.69,40.085],[29.718,40.186],[29.814,40.264],[29.832,40.291],[29.827,40.318],[29.804,40.34],[29.8,40.372],[29.813,40.396],[29.823,40.422],[29.828,40.455],[29.847,40.482],[29.866,40.498],[29.888,40.511],[29.941,40.534],[29.969,40.489],[30.005,40.448],[30.044,40.422],[30.081,40.391],[30.169,40.371],[30.308,40.399],[30.351,40.402],[30.387,40.394],[30.426,40.394],[30.458,40.379],[30.481,40.351],[30.499,40.34],[30.574,40.341],[30.626,40.331]]]}},{"type":"Feature","id":"TR-12","properties":{"id":"TR-12","countryCode":"TR","isoSubdivision":"TR-12","name":"Bingöl","name_en":"Bingöl","name_ko":"빙괼","type":"Province","labelLongitude":40.646,"labelLatitude":39.074,"minZoom":7},"geometry":{"type":"Polygon","coordinates":[[[40.465,39.494],[40.515,39.513],[40.555,39.549],[40.619,39.532],[40.708,39.522],[40.797,39.552],[40.827,39.569],[40.855,39.581],[40.886,39.567],[40.983,39.497],[41.058,39.469],[41.118,39.464],[41.163,39.423],[41.205,39.366],[41.177,39.327],[41.172,39.305],[41.188,39.275],[41.194,39.267],[41.202,39.248],[41.203,39.233],[41.201,39.202],[41.224,39.17],[41.243,39.155],[41.27,39.116],[41.277,39.073],[41.265,39.032],[41.195,38.966],[41.164,38.888],[41.186,38.831],[41.207,38.808],[41.219,38.803],[41.24,38.789],[41.253,38.765],[41.26,38.739],[41.211,38.712],[41.089,38.675],[40.965,38.616],[40.9,38.601],[40.73,38.606],[40.68,38.617],[40.645,38.619],[40.548,38.609],[40.491,38.586],[40.485,38.558],[40.484,38.528],[40.459,38.495],[40.418,38.481],[40.301,38.478],[40.297,38.524],[40.287,38.568],[40.233,38.63],[40.28,38.737],[40.311,38.732],[40.344,38.722],[40.362,38.75],[40.375,38.788],[40.382,38.825],[40.364,38.858],[40.304,38.916],[40.28,38.993],[40.299,39.063],[40.35,39.118],[40.392,39.182],[40.361,39.229],[40.279,39.201],[40.244,39.193],[40.015,39.097],[40.032,39.128],[40.04,39.162],[40.019,39.237],[40.025,39.263],[40.036,39.289],[40.042,39.338],[40.056,39.358],[40.105,39.37],[40.176,39.367],[40.19,39.372],[40.199,39.388],[40.208,39.408],[40.253,39.422],[40.302,39.421],[40.348,39.447],[40.376,39.492],[40.392,39.502],[40.439,39.496],[40.465,39.494]]]}},{"type":"Feature","id":"TR-13","properties":{"id":"TR-13","countryCode":"TR","isoSubdivision":"TR-13","name":"Bitlis","name_en":"Bitlis","name_ko":"비틀리스","type":"Province","labelLongitude":42.346,"labelLatitude":38.516,"minZoom":7},"geometry":{"type":"Polygon","coordinates":[[[42.473,38.932],[42.556,38.956],[42.628,39.002],[42.671,39.023],[42.718,39.035],[42.754,39.051],[42.787,39.072],[42.972,39.104],[42.973,39.028],[43.004,38.977],[43.121,38.922],[43.161,38.872],[43.132,38.799],[43.06,38.755],[43.005,38.71],[42.914,38.603],[42.896,38.572],[42.875,38.544],[42.812,38.509],[42.704,38.462],[42.688,38.447],[42.678,38.405],[42.684,38.383],[42.719,38.32],[42.724,38.307],[42.725,38.281],[42.716,38.246],[42.734,38.196],[42.787,38.181],[42.759,38.115],[42.746,38.103],[42.736,38.09],[42.736,38.059],[42.741,38.029],[42.737,37.982],[42.707,37.946],[42.669,37.944],[42.6,37.983],[42.499,38.028],[42.438,38.064],[42.393,38.079],[42.323,38.093],[42.251,38.117],[42.186,38.155],[42.128,38.202],[42.06,38.227],[41.974,38.201],[41.888,38.183],[41.78,38.19],[41.677,38.221],[41.674,38.244],[41.679,38.266],[41.679,38.303],[41.674,38.339],[41.651,38.394],[41.616,38.529],[41.531,38.554],[41.542,38.568],[41.696,38.613],[41.867,38.603],[41.937,38.634],[41.996,38.685],[42.038,38.713],[42.031,38.756],[41.999,38.795],[42.018,38.832],[42.106,38.83],[42.128,38.844],[42.14,38.891],[42.16,38.902],[42.202,38.906],[42.243,38.918],[42.275,38.937],[42.31,38.946],[42.473,38.932]]]}},{"type":"Feature","id":"TR-14","properties":{"id":"TR-14","countryCode":"TR","isoSubdivision":"TR-14","name":"Bolu","name_en":"Bolu","name_ko":"볼루","type":"Province","labelLongitude":31.681,"labelLatitude":40.585,"minZoom":7},"geometry":{"type":"Polygon","coordinates":[[[32.507,40.705],[32.471,40.694],[32.443,40.673],[32.439,40.619],[32.477,40.539],[32.459,40.516],[32.424,40.486],[32.396,40.448],[32.315,40.415],[32.177,40.431],[32.135,40.421],[32.093,40.399],[31.975,40.377],[31.906,40.353],[31.821,40.338],[31.696,40.34],[31.658,40.336],[31.568,40.308],[31.536,40.312],[31.504,40.321],[31.475,40.324],[31.452,40.332],[31.42,40.36],[31.251,40.346],[31.163,40.387],[31.069,40.411],[31.044,40.39],[31.034,40.352],[31.038,40.292],[31.007,40.242],[30.925,40.206],[30.864,40.143],[30.799,40.151],[30.739,40.168],[30.701,40.204],[30.64,40.287],[30.626,40.331],[30.645,40.367],[30.622,40.403],[30.601,40.423],[30.595,40.449],[30.607,40.459],[30.622,40.466],[30.65,40.528],[30.691,40.574],[30.761,40.572],[30.825,40.596],[30.837,40.625],[30.831,40.657],[30.828,40.689],[30.891,40.727],[30.974,40.704],[31.135,40.708],[31.249,40.672],[31.346,40.68],[31.422,40.725],[31.459,40.797],[31.463,40.85],[31.511,40.878],[31.64,40.894],[31.733,40.911],[31.782,40.955],[31.799,41.042],[31.872,41.036],[31.935,41.024],[32.149,41.019],[32.198,41.018],[32.284,41.004],[32.279,40.976],[32.278,40.949],[32.303,40.937],[32.33,40.933],[32.377,40.911],[32.492,40.868],[32.53,40.815],[32.526,40.789],[32.525,40.776],[32.522,40.76],[32.507,40.705]]]}},{"type":"Feature","id":"TR-15","properties":{"id":"TR-15","countryCode":"TR","isoSubdivision":"TR-15","name":"Burdur","name_en":"Burdur","name_ko":"부르두르","type":"Province","labelLongitude":30.163,"labelLatitude":37.5,"minZoom":7},"geometry":{"type":"Polygon","coordinates":[[[29.566,37.445],[29.558,37.445],[29.546,37.483],[29.547,37.523],[29.538,37.55],[29.538,37.576],[29.666,37.63],[29.676,37.653],[29.689,37.674],[29.718,37.688],[29.734,37.693],[29.774,37.712],[29.846,37.759],[29.926,37.782],[30.015,37.777],[30.029,37.743],[30.049,37.714],[30.086,37.703],[30.123,37.717],[30.234,37.781],[30.263,37.793],[30.29,37.808],[30.337,37.846],[30.386,37.818],[30.431,37.768],[30.47,37.735],[30.513,37.709],[30.583,37.699],[30.646,37.7],[30.706,37.671],[30.739,37.59],[30.766,37.542],[30.827,37.469],[30.836,37.451],[30.855,37.433],[30.87,37.435],[30.9,37.432],[30.921,37.409],[30.935,37.38],[30.865,37.332],[30.846,37.289],[30.786,37.235],[30.748,37.228],[30.671,37.228],[30.58,37.235],[30.441,37.231],[30.417,37.239],[30.356,37.298],[30.295,37.305],[30.147,37.255],[30.086,37.247],[29.906,37.172],[29.851,37.112],[29.836,37.037],[29.796,36.979],[29.769,36.957],[29.744,36.931],[29.718,36.919],[29.689,36.914],[29.604,37.009],[29.483,36.996],[29.435,36.947],[29.397,36.96],[29.413,37.018],[29.39,37.069],[29.399,37.122],[29.415,37.175],[29.442,37.222],[29.54,37.34],[29.584,37.41],[29.588,37.419],[29.584,37.433],[29.577,37.441],[29.57,37.446],[29.566,37.445]]]}},{"type":"Feature","id":"TR-16","properties":{"id":"TR-16","countryCode":"TR","isoSubdivision":"TR-16","name":"Bursa","name_en":"Bursa","name_ko":"부르사","type":"Province","labelLongitude":29.059,"labelLatitude":40.131,"minZoom":7},"geometry":{"type":"Polygon","coordinates":[[[28.208,40.399],[28.348,40.404],[28.4,40.397],[28.487,40.4],[28.476,40.398],[28.468,40.394],[28.462,40.388],[28.459,40.379],[28.5,40.391],[28.545,40.391],[28.593,40.382],[28.638,40.365],[28.644,40.371],[28.647,40.37],[28.651,40.366],[28.658,40.365],[28.667,40.368],[28.677,40.376],[28.685,40.379],[28.742,40.386],[28.757,40.396],[28.772,40.403],[28.791,40.4],[28.825,40.392],[28.856,40.391],[28.884,40.386],[28.898,40.381],[28.921,40.37],[28.939,40.365],[28.957,40.363],[29.034,40.364],[29.052,40.367],[29.066,40.376],[29.074,40.389],[29.083,40.416],[29.09,40.427],[29.103,40.423],[29.119,40.424],[29.136,40.428],[29.152,40.434],[29.134,40.451],[29.112,40.466],[29.088,40.477],[29.066,40.482],[29.011,40.482],[29.002,40.479],[28.98,40.465],[28.978,40.573],[29.047,40.56],[29.078,40.563],[29.231,40.512],[29.294,40.522],[29.358,40.573],[29.421,40.563],[29.477,40.55],[29.535,40.552],[29.72,40.604],[29.789,40.615],[29.926,40.577],[29.931,40.555],[29.941,40.534],[29.888,40.511],[29.866,40.498],[29.847,40.482],[29.828,40.455],[29.823,40.422],[29.813,40.396],[29.8,40.372],[29.804,40.34],[29.827,40.318],[29.832,40.291],[29.814,40.264],[29.718,40.186],[29.69,40.085],[29.692,40.035],[29.744,39.978],[29.77,39.962],[29.784,39.911],[29.734,39.897],[29.678,39.906],[29.647,39.904],[29.618,39.892],[29.586,39.889],[29.554,39.892],[29.45,39.923],[29.399,39.896],[29.379,39.836],[29.368,39.813],[29.348,39.797],[29.32,39.717],[29.274,39.691],[29.253,39.646],[29.246,39.579],[29.191,39.552],[29.119,39.552],[29.049,39.558],[29.005,39.566],[28.967,39.589],[28.943,39.609],[28.912,39.62],[28.866,39.621],[28.82,39.614],[28.78,39.619],[28.756,39.648],[28.741,39.656],[28.722,39.657],[28.712,39.663],[28.706,39.675],[28.686,39.699],[28.684,39.727],[28.689,39.747],[28.674,39.764],[28.647,39.755],[28.626,39.738],[28.546,39.745],[28.281,39.896],[28.264,39.927],[28.246,39.996],[28.227,40.022],[28.173,40.051],[28.136,40.096],[28.118,40.134],[28.113,40.153],[28.125,40.191],[28.139,40.207],[28.149,40.226],[28.129,40.258],[28.106,40.263],[28.099,40.297],[28.126,40.318],[28.156,40.336],[28.204,40.392],[28.208,40.399]]]}},{"type":"Feature","id":"TR-17","properties":{"id":"TR-17","countryCode":"TR","isoSubdivision":"TR-17","name":"Çanakkale","name_en":"Çanakkale","name_ko":"차나칼레","type":"Province","labelLongitude":26.823,"labelLatitude":40.055,"minZoom":7},"geometry":{"type":"MultiPolygon","coordinates":[[[[26.964,40.561],[26.95,40.56],[26.912,40.551],[26.854,40.523],[26.839,40.512],[26.821,40.503],[26.759,40.496],[26.741,40.487],[26.708,40.466],[26.695,40.461],[26.683,40.455],[26.674,40.426],[26.664,40.414],[26.632,40.4],[26.625,40.392],[26.623,40.376],[26.617,40.36],[26.602,40.346],[26.547,40.308],[26.54,40.304],[26.51,40.298],[26.497,40.29],[26.476,40.273],[26.476,40.27],[26.471,40.266],[26.445,40.242],[26.427,40.23],[26.404,40.219],[26.38,40.211],[26.359,40.208],[26.346,40.2],[26.349,40.181],[26.361,40.163],[26.376,40.154],[26.328,40.119],[26.313,40.11],[26.273,40.093],[26.243,40.071],[26.231,40.065],[26.178,40.051],[26.167,40.05],[26.157,40.055],[26.16,40.067],[26.168,40.079],[26.174,40.085],[26.19,40.094],[26.201,40.115],[26.209,40.136],[26.215,40.146],[26.26,40.194],[26.272,40.23],[26.267,40.258],[26.248,40.279],[26.218,40.297],[26.229,40.303],[26.232,40.31],[26.227,40.315],[26.215,40.317],[26.21,40.322],[26.219,40.331],[26.232,40.34],[26.239,40.342],[26.25,40.35],[26.301,40.365],[26.321,40.365],[26.336,40.385],[26.386,40.41],[26.433,40.44],[26.492,40.457],[26.536,40.486],[26.564,40.499],[26.596,40.51],[26.623,40.515],[26.67,40.511],[26.684,40.515],[26.697,40.526],[26.718,40.552],[26.733,40.564],[26.756,40.555],[26.788,40.563],[26.817,40.581],[26.829,40.602],[26.798,40.652],[26.79,40.661],[26.781,40.659],[26.781,40.664],[26.788,40.723],[26.786,40.726],[26.932,40.715],[26.932,40.636],[26.964,40.561]]],[[[26.667,39.551],[26.457,39.521],[26.434,39.514],[26.424,39.505],[26.414,39.505],[26.37,39.486],[26.362,39.481],[26.35,39.481],[26.297,39.489],[26.287,39.488],[26.274,39.482],[26.263,39.481],[26.254,39.473],[26.252,39.471],[26.249,39.466],[26.243,39.468],[26.232,39.475],[26.153,39.459],[26.113,39.459],[26.074,39.475],[26.07,39.496],[26.095,39.549],[26.111,39.598],[26.148,39.626],[26.157,39.649],[26.164,39.704],[26.159,39.715],[26.141,39.743],[26.136,39.756],[26.138,39.765],[26.142,39.768],[26.147,39.77],[26.15,39.776],[26.15,39.8],[26.155,39.826],[26.152,39.835],[26.136,39.838],[26.142,39.849],[26.157,39.899],[26.156,39.905],[26.151,39.925],[26.15,39.934],[26.153,39.943],[26.162,39.956],[26.164,39.965],[26.168,39.974],[26.189,40.002],[26.198,40.009],[26.251,39.995],[26.267,40.003],[26.3,40.014],[26.311,40.019],[26.353,40.052],[26.362,40.063],[26.365,40.072],[26.366,40.085],[26.37,40.091],[26.37,40.095],[26.369,40.099],[26.369,40.103],[26.373,40.104],[26.384,40.104],[26.389,40.105],[26.393,40.108],[26.4,40.121],[26.403,40.139],[26.403,40.158],[26.396,40.173],[26.403,40.187],[26.408,40.194],[26.415,40.195],[26.428,40.194],[26.441,40.197],[26.468,40.206],[26.501,40.213],[26.519,40.225],[26.564,40.27],[26.573,40.275],[26.581,40.277],[26.595,40.283],[26.608,40.29],[26.715,40.391],[26.736,40.404],[26.777,40.406],[26.863,40.4],[26.897,40.406],[26.908,40.404],[26.934,40.392],[26.991,40.389],[27.013,40.392],[27.041,40.41],[27.066,40.434],[27.096,40.452],[27.143,40.454],[27.177,40.449],[27.215,40.448],[27.238,40.452],[27.271,40.468],[27.287,40.468],[27.303,40.458],[27.314,40.444],[27.329,40.414],[27.315,40.406],[27.308,40.406],[27.304,40.41],[27.303,40.411],[27.302,40.409],[27.294,40.406],[27.338,40.37],[27.393,40.342],[27.452,40.322],[27.523,40.309],[27.551,40.309],[27.562,40.31],[27.572,40.316],[27.577,40.307],[27.565,40.263],[27.517,40.24],[27.447,40.185],[27.432,40.18],[27.421,40.173],[27.44,40.143],[27.479,40.13],[27.497,40.128],[27.501,40.121],[27.495,40.102],[27.482,40.07],[27.477,40.043],[27.466,40.02],[27.459,40.013],[27.449,39.996],[27.466,39.974],[27.483,39.963],[27.478,39.923],[27.46,39.882],[27.439,39.844],[27.399,39.822],[27.357,39.808],[27.317,39.786],[27.274,39.773],[27.201,39.792],[27.127,39.801],[27.099,39.79],[27.068,39.793],[27.022,39.793],[26.98,39.766],[26.907,39.743],[26.87,39.719],[26.827,39.708],[26.737,39.717],[26.697,39.71],[26.664,39.631],[26.667,39.551]]],[[[26.061,39.838],[26.077,39.845],[26.083,39.835],[26.082,39.8],[26.075,39.785],[26.059,39.786],[26.027,39.803],[25.997,39.814],[25.984,39.822],[25.978,39.834],[25.986,39.842],[26.004,39.845],[26.04,39.845],[26.046,39.844],[26.051,39.844],[26.056,39.843],[26.061,39.838]]],[[[26.012,40.167],[26.012,40.146],[25.99,40.137],[25.968,40.131],[25.9,40.123],[25.856,40.108],[25.766,40.097],[25.745,40.098],[25.721,40.105],[25.709,40.11],[25.704,40.115],[25.663,40.126],[25.663,40.132],[25.686,40.161],[25.719,40.187],[25.759,40.207],[25.827,40.217],[25.913,40.241],[25.926,40.243],[25.938,40.242],[25.945,40.237],[25.95,40.23],[25.958,40.223],[25.972,40.221],[25.972,40.214],[25.969,40.206],[25.967,40.193],[25.968,40.181],[25.972,40.173],[25.963,40.157],[25.973,40.153],[25.991,40.157],[26.006,40.167],[26.012,40.167]]]]}},{"type":"Feature","id":"TR-18","properties":{"id":"TR-18","countryCode":"TR","isoSubdivision":"TR-18","name":"Çankırı","name_en":"Çankırı","name_ko":"창키리","type":"Province","labelLongitude":33.214,"labelLatitude":40.709,"minZoom":7},"geometry":{"type":"Polygon","coordinates":[[[32.525,40.776],[32.526,40.789],[32.631,40.826],[32.748,40.897],[32.796,40.963],[32.833,40.979],[32.93,40.971],[33.027,41.012],[33.069,41.093],[33.092,41.07],[33.106,41.061],[33.235,41.05],[33.326,41.005],[33.362,40.971],[33.409,40.96],[33.447,40.971],[33.553,41.018],[33.63,41.029],[33.792,41.094],[33.826,41.104],[33.841,41.097],[33.851,41.057],[33.821,41.025],[33.795,41.004],[33.783,40.974],[33.821,40.925],[33.88,40.909],[33.911,40.887],[33.945,40.869],[33.986,40.862],[34.027,40.861],[34.077,40.798],[34.065,40.759],[34.044,40.719],[34.05,40.676],[34.075,40.639],[34.082,40.604],[34.079,40.569],[34.091,40.531],[34.117,40.499],[34.132,40.475],[34.143,40.448],[34.15,40.423],[34.148,40.397],[34.134,40.39],[34.11,40.348],[34.082,40.31],[34.064,40.303],[34.043,40.3],[33.964,40.266],[33.871,40.272],[33.595,40.34],[33.46,40.374],[33.43,40.387],[33.398,40.396],[33.378,40.397],[33.36,40.391],[33.349,40.364],[33.345,40.338],[33.271,40.331],[33.206,40.371],[33.194,40.405],[33.173,40.43],[33.141,40.444],[33.098,40.474],[33.081,40.48],[33.043,40.502],[33.01,40.531],[32.987,40.564],[32.959,40.594],[32.665,40.698],[32.586,40.708],[32.507,40.705],[32.522,40.76],[32.525,40.776]]]}},{"type":"Feature","id":"TR-19","properties":{"id":"TR-19","countryCode":"TR","isoSubdivision":"TR-19","name":"Çorum","name_en":"Çorum","name_ko":"초룸","type":"Province","labelLongitude":34.711,"labelLatitude":40.615,"minZoom":7},"geometry":{"type":"Polygon","coordinates":[[[34.472,41.311],[34.498,41.286],[34.536,41.288],[34.558,41.285],[34.574,41.271],[34.608,41.266],[34.641,41.272],[34.67,41.266],[34.696,41.252],[34.707,41.237],[34.724,41.229],[34.837,41.202],[34.858,41.221],[34.876,41.233],[34.881,41.239],[34.883,41.246],[34.885,41.263],[34.888,41.27],[34.94,41.2],[34.952,41.163],[34.959,41.125],[34.975,41.087],[35.052,41.094],[35.089,41.087],[35.098,41.059],[35.083,41.034],[35.062,41.014],[35.049,40.984],[35.047,40.884],[35.031,40.818],[35.041,40.791],[35.082,40.725],[35.109,40.689],[35.14,40.674],[35.306,40.652],[35.382,40.618],[35.416,40.613],[35.432,40.608],[35.458,40.562],[35.458,40.525],[35.435,40.453],[35.348,40.352],[35.339,40.329],[35.339,40.303],[35.327,40.234],[35.287,40.223],[35.191,40.217],[35.181,40.172],[35.194,40.161],[35.19,40.144],[35.18,40.122],[35.178,40.103],[35.151,40.075],[35.073,40.039],[35.027,40.035],[34.941,40.054],[34.792,39.998],[34.711,39.994],[34.671,39.998],[34.612,39.98],[34.458,40.001],[34.361,39.976],[34.266,39.943],[34.109,39.929],[34.053,39.908],[34.051,39.959],[34.078,40],[34.098,40.024],[34.101,40.057],[34.088,40.086],[34.087,40.098],[34.084,40.109],[34.066,40.125],[34.042,40.127],[34.016,40.147],[33.975,40.218],[33.964,40.266],[34.043,40.3],[34.064,40.303],[34.082,40.31],[34.11,40.348],[34.134,40.39],[34.148,40.397],[34.15,40.423],[34.143,40.448],[34.132,40.475],[34.117,40.499],[34.091,40.531],[34.079,40.569],[34.082,40.604],[34.075,40.639],[34.05,40.676],[34.044,40.719],[34.065,40.759],[34.077,40.798],[34.027,40.861],[34.115,40.875],[34.256,40.919],[34.28,40.969],[34.248,40.996],[34.226,41.002],[34.208,41.039],[34.218,41.059],[34.252,41.091],[34.287,41.157],[34.334,41.189],[34.357,41.209],[34.385,41.264],[34.419,41.302],[34.472,41.311]]]}},{"type":"Feature","id":"TR-20","properties":{"id":"TR-20","countryCode":"TR","isoSubdivision":"TR-20","name":"Denizli","name_en":"Denizli","name_ko":"데니즐리","type":"Province","labelLongitude":29.282,"labelLatitude":37.754,"minZoom":7},"geometry":{"type":"Polygon","coordinates":[[[28.698,38.104],[28.743,38.104],[28.784,38.12],[28.798,38.144],[28.794,38.17],[28.838,38.239],[28.931,38.255],[28.991,38.245],[29.045,38.219],[29.101,38.219],[29.152,38.246],[29.188,38.241],[29.219,38.213],[29.252,38.212],[29.285,38.221],[29.299,38.227],[29.312,38.231],[29.336,38.218],[29.348,38.22],[29.361,38.239],[29.362,38.252],[29.412,38.283],[29.483,38.277],[29.559,38.278],[29.596,38.287],[29.628,38.31],[29.62,38.368],[29.629,38.429],[29.753,38.45],[29.892,38.425],[29.999,38.283],[30.025,38.258],[30.041,38.192],[30.013,38.167],[29.744,38.007],[29.712,37.994],[29.68,37.984],[29.665,37.956],[29.664,37.854],[29.688,37.846],[29.734,37.846],[29.748,37.842],[29.775,37.831],[29.789,37.828],[29.801,37.821],[29.846,37.759],[29.774,37.712],[29.734,37.693],[29.718,37.688],[29.689,37.674],[29.676,37.653],[29.666,37.63],[29.538,37.576],[29.538,37.55],[29.547,37.523],[29.546,37.483],[29.558,37.445],[29.566,37.445],[29.57,37.446],[29.577,37.441],[29.584,37.433],[29.588,37.419],[29.584,37.41],[29.54,37.34],[29.442,37.222],[29.415,37.175],[29.399,37.122],[29.39,37.069],[29.343,37.038],[29.336,36.973],[29.325,36.947],[29.304,36.926],[29.27,36.912],[29.17,36.955],[29.115,36.958],[29.09,36.978],[29.087,36.993],[29.084,37.026],[29.075,37.065],[29.062,37.103],[29.002,37.15],[28.928,37.177],[28.917,37.188],[28.898,37.215],[28.886,37.225],[28.812,37.234],[28.778,37.272],[28.765,37.319],[28.735,37.36],[28.688,37.375],[28.653,37.375],[28.627,37.382],[28.617,37.411],[28.617,37.44],[28.621,37.46],[28.609,37.477],[28.603,37.492],[28.596,37.506],[28.585,37.512],[28.575,37.515],[28.563,37.553],[28.583,37.59],[28.653,37.606],[28.73,37.598],[28.783,37.639],[28.83,37.691],[28.869,37.692],[28.9,37.71],[28.903,37.738],[28.893,37.76],[28.829,37.771],[28.808,37.796],[28.792,37.822],[28.771,37.845],[28.773,37.871],[28.795,37.884],[28.804,37.905],[28.788,37.965],[28.791,37.999],[28.778,38.029],[28.722,38.059],[28.709,38.081],[28.698,38.104]]]}},{"type":"Feature","id":"TR-21","properties":{"id":"TR-21","countryCode":"TR","isoSubdivision":"TR-21","name":"Diyarbakır","name_en":"Diyarbakır","name_ko":"디야르바키르","type":"Province","labelLongitude":40.271,"labelLatitude":38.026,"minZoom":7},"geometry":{"type":"Polygon","coordinates":[[[41.26,38.739],[41.311,38.688],[41.378,38.649],[41.39,38.609],[41.378,38.569],[41.39,38.542],[41.421,38.535],[41.426,38.501],[41.388,38.484],[41.357,38.481],[41.324,38.473],[41.272,38.453],[41.249,38.428],[41.24,38.393],[41.221,38.338],[41.209,38.28],[41.222,38.17],[41.215,38.115],[41.199,38.092],[41.18,38.07],[41.133,37.949],[41.093,37.913],[41.045,37.886],[41.035,37.862],[41.045,37.833],[41.054,37.796],[41.075,37.765],[41.012,37.741],[40.662,37.748],[40.552,37.73],[40.539,37.707],[40.492,37.657],[40.412,37.652],[40.301,37.584],[40.252,37.569],[40.143,37.509],[40.098,37.476],[40,37.376],[39.954,37.417],[39.92,37.469],[39.884,37.55],[39.882,37.565],[39.872,37.594],[39.857,37.669],[39.863,37.778],[39.849,37.802],[39.83,37.806],[39.813,37.814],[39.787,37.833],[39.759,37.842],[39.749,37.829],[39.738,37.817],[39.691,37.834],[39.653,37.862],[39.62,37.871],[39.589,37.883],[39.523,37.926],[39.463,37.977],[39.408,37.997],[39.349,37.999],[39.268,38.009],[39.189,38.043],[39.225,38.064],[39.235,38.076],[39.225,38.09],[39.249,38.13],[39.256,38.153],[39.253,38.18],[39.222,38.205],[39.141,38.179],[39.115,38.193],[39.149,38.284],[39.145,38.308],[39.132,38.33],[39.115,38.344],[39.252,38.362],[39.335,38.345],[39.42,38.34],[39.462,38.355],[39.539,38.363],[39.567,38.376],[39.643,38.381],[39.72,38.378],[39.754,38.387],[39.784,38.403],[39.81,38.433],[39.832,38.465],[39.847,38.497],[39.893,38.504],[39.915,38.495],[39.95,38.474],[39.966,38.469],[40.301,38.478],[40.418,38.481],[40.459,38.495],[40.484,38.528],[40.485,38.558],[40.491,38.586],[40.548,38.609],[40.645,38.619],[40.68,38.617],[40.73,38.606],[40.9,38.601],[40.965,38.616],[41.089,38.675],[41.211,38.712],[41.26,38.739]]]}},{"type":"Feature","id":"TR-22","properties":{"id":"TR-22","countryCode":"TR","isoSubdivision":"TR-22","name":"Edirne","name_en":"Edirne","name_ko":"에디르네","type":"Province","labelLongitude":26.47,"labelLatitude":40.958,"minZoom":7},"geometry":{"type":"Polygon","coordinates":[[[26.819,41.966],[26.828,41.969],[26.838,41.975],[26.838,41.974],[26.863,41.859],[26.895,41.764],[26.906,41.667],[26.884,41.571],[26.844,41.524],[26.828,41.452],[26.78,41.376],[26.81,41.33],[26.822,41.312],[26.829,41.173],[26.814,41.114],[26.765,41.065],[26.734,41.006],[26.716,40.935],[26.723,40.854],[26.761,40.791],[26.786,40.726],[26.788,40.723],[26.781,40.664],[26.781,40.659],[26.714,40.651],[26.691,40.643],[26.678,40.639],[26.609,40.639],[26.582,40.633],[26.506,40.599],[26.477,40.613],[26.461,40.618],[26.445,40.619],[26.431,40.615],[26.415,40.608],[26.4,40.604],[26.373,40.614],[26.356,40.613],[26.303,40.601],[26.117,40.602],[26.091,40.605],[26.077,40.612],[26.069,40.627],[26.062,40.645],[26.054,40.661],[26.061,40.676],[26.058,40.698],[26.048,40.72],[26.033,40.735],[26.041,40.737],[26.044,40.738],[26.082,40.736],[26.112,40.747],[26.135,40.767],[26.143,40.794],[26.158,40.812],[26.212,40.847],[26.205,40.858],[26.206,40.865],[26.209,40.868],[26.219,40.872],[26.215,40.873],[26.213,40.873],[26.211,40.875],[26.212,40.879],[26.221,40.881],[26.225,40.884],[26.226,40.889],[26.226,40.899],[26.231,40.89],[26.232,40.886],[26.239,40.886],[26.246,40.891],[26.252,40.901],[26.26,40.92],[26.266,40.92],[26.27,40.915],[26.275,40.91],[26.282,40.907],[26.291,40.906],[26.304,40.909],[26.303,40.915],[26.297,40.922],[26.294,40.927],[26.306,40.936],[26.335,40.946],[26.349,40.955],[26.359,40.965],[26.356,40.968],[26.346,40.972],[26.336,40.982],[26.333,40.991],[26.336,40.997],[26.345,41.001],[26.36,41.002],[26.368,41.008],[26.375,41.019],[26.374,41.031],[26.348,41.041],[26.339,41.052],[26.325,41.074],[26.322,41.089],[26.339,41.114],[26.332,41.119],[26.317,41.122],[26.317,41.13],[26.336,41.153],[26.324,41.17],[26.321,41.188],[26.326,41.207],[26.336,41.229],[26.321,41.246],[26.332,41.254],[26.395,41.259],[26.412,41.266],[26.438,41.284],[26.466,41.297],[26.472,41.302],[26.474,41.306],[26.479,41.31],[26.489,41.311],[26.54,41.352],[26.551,41.342],[26.57,41.334],[26.591,41.329],[26.61,41.331],[26.623,41.34],[26.632,41.358],[26.637,41.378],[26.636,41.4],[26.632,41.42],[26.616,41.469],[26.611,41.506],[26.606,41.523],[26.595,41.537],[26.602,41.547],[26.598,41.573],[26.602,41.585],[26.599,41.591],[26.596,41.598],[26.595,41.605],[26.595,41.612],[26.576,41.591],[26.567,41.599],[26.521,41.616],[26.464,41.649],[26.473,41.661],[26.476,41.676],[26.46,41.679],[26.443,41.684],[26.404,41.692],[26.377,41.711],[26.36,41.715],[26.333,41.713],[26.323,41.724],[26.316,41.744],[26.32,41.765],[26.334,41.79],[26.376,41.817],[26.478,41.813],[26.526,41.824],[26.54,41.838],[26.548,41.856],[26.552,41.874],[26.553,41.882],[26.554,41.888],[26.555,41.893],[26.559,41.902],[26.56,41.907],[26.557,41.911],[26.545,41.916],[26.543,41.92],[26.547,41.927],[26.553,41.932],[26.561,41.936],[26.589,41.959],[26.606,41.967],[26.624,41.969],[26.718,41.957],[26.737,41.959],[26.747,41.964],[26.769,41.981],[26.781,41.983],[26.79,41.98],[26.808,41.968],[26.819,41.966]]]}},{"type":"Feature","id":"TR-23","properties":{"id":"TR-23","countryCode":"TR","isoSubdivision":"TR-23","name":"Elazığ","name_en":"Elazığ","name_ko":"엘라지","type":"Province","labelLongitude":39.37,"labelLatitude":38.572,"minZoom":7},"geometry":{"type":"Polygon","coordinates":[[[39.602,38.809],[39.7,38.814],[39.793,38.843],[39.854,38.896],[39.88,38.939],[39.894,38.985],[39.89,39.021],[39.879,39.059],[39.892,39.075],[39.911,39.086],[39.961,39.095],[40.015,39.097],[40.244,39.193],[40.279,39.201],[40.361,39.229],[40.392,39.182],[40.35,39.118],[40.299,39.063],[40.28,38.993],[40.304,38.916],[40.364,38.858],[40.382,38.825],[40.375,38.788],[40.362,38.75],[40.344,38.722],[40.311,38.732],[40.28,38.737],[40.233,38.63],[40.287,38.568],[40.297,38.524],[40.301,38.478],[39.966,38.469],[39.95,38.474],[39.915,38.495],[39.893,38.504],[39.847,38.497],[39.832,38.465],[39.81,38.433],[39.784,38.403],[39.754,38.387],[39.72,38.378],[39.643,38.381],[39.567,38.376],[39.539,38.363],[39.462,38.355],[39.42,38.34],[39.335,38.345],[39.252,38.362],[39.115,38.344],[39.073,38.348],[38.992,38.326],[38.957,38.33],[38.928,38.352],[38.911,38.361],[38.886,38.364],[38.884,38.369],[38.861,38.399],[38.853,38.405],[38.827,38.419],[38.834,38.426],[38.81,38.44],[38.779,38.437],[38.718,38.419],[38.689,38.421],[38.608,38.453],[38.601,38.453],[38.595,38.45],[38.588,38.45],[38.571,38.462],[38.567,38.465],[38.54,38.47],[38.482,38.476],[38.469,38.479],[38.457,38.485],[38.443,38.494],[38.426,38.512],[38.414,38.517],[38.403,38.508],[38.387,38.519],[38.374,38.537],[38.365,38.556],[38.361,38.573],[38.358,38.583],[38.351,38.589],[38.349,38.596],[38.364,38.616],[38.37,38.635],[38.376,38.645],[38.387,38.66],[38.402,38.673],[38.422,38.683],[38.447,38.686],[38.46,38.692],[38.473,38.707],[38.478,38.725],[38.471,38.741],[38.484,38.753],[38.509,38.757],[38.619,38.748],[38.632,38.752],[38.633,38.762],[38.632,38.776],[38.636,38.782],[38.624,38.813],[38.624,38.834],[38.619,38.896],[38.607,38.925],[38.59,38.951],[38.589,38.992],[38.617,39.02],[38.688,39.023],[38.714,39.033],[38.746,39.038],[38.784,38.993],[38.785,38.964],[38.771,38.937],[38.77,38.91],[38.813,38.877],[38.841,38.877],[38.92,38.893],[38.999,38.897],[39.041,38.883],[39.051,38.884],[39.071,38.888],[39.081,38.887],[39.112,38.872],[39.144,38.871],[39.184,38.861],[39.225,38.858],[39.271,38.841],[39.314,38.818],[39.359,38.807],[39.378,38.796],[39.401,38.774],[39.409,38.775],[39.427,38.779],[39.451,38.769],[39.476,38.763],[39.506,38.78],[39.532,38.806],[39.567,38.811],[39.602,38.809]]]}},{"type":"Feature","id":"TR-24","properties":{"id":"TR-24","countryCode":"TR","isoSubdivision":"TR-24","name":"Erzincan","name_en":"Erzincan","name_ko":"에르진잔","type":"Province","labelLongitude":39.512,"labelLatitude":39.687,"minZoom":7},"geometry":{"type":"Polygon","coordinates":[[[38.737,39.965],[38.758,40.004],[38.762,40.055],[38.806,40.053],[38.893,40.058],[38.933,40.071],[38.961,40.059],[38.989,40.049],[39.02,40.045],[39.05,40.039],[39.158,39.99],[39.197,39.978],[39.233,39.961],[39.249,39.944],[39.266,39.93],[39.327,39.916],[39.385,39.893],[39.447,39.888],[39.506,39.893],[39.565,39.889],[39.622,39.894],[39.676,39.915],[39.788,39.935],[39.832,39.971],[39.869,40.015],[39.923,40.03],[39.98,40.026],[40.03,40.03],[40.071,40.059],[40.118,40.073],[40.281,40.047],[40.25,39.994],[40.242,39.937],[40.295,39.916],[40.467,39.913],[40.533,39.845],[40.531,39.818],[40.535,39.79],[40.549,39.77],[40.567,39.752],[40.606,39.73],[40.648,39.717],[40.68,39.688],[40.657,39.646],[40.622,39.594],[40.619,39.532],[40.555,39.549],[40.473,39.551],[40.392,39.561],[40.243,39.565],[40.224,39.573],[40.186,39.583],[40.175,39.584],[40.172,39.581],[40.14,39.574],[40.102,39.56],[40.081,39.557],[39.989,39.532],[39.91,39.548],[39.856,39.572],[39.819,39.563],[39.774,39.519],[39.704,39.501],[39.551,39.483],[39.472,39.482],[39.396,39.497],[39.319,39.501],[39.279,39.484],[39.237,39.476],[39.185,39.484],[39.132,39.475],[39.033,39.446],[39.006,39.429],[38.988,39.402],[38.963,39.392],[38.934,39.394],[38.919,39.378],[38.908,39.361],[38.896,39.356],[38.837,39.339],[38.821,39.307],[38.834,39.277],[38.848,39.258],[38.82,39.245],[38.794,39.241],[38.77,39.23],[38.756,39.173],[38.733,39.164],[38.728,39.163],[38.72,39.158],[38.717,39.134],[38.721,39.111],[38.729,39.106],[38.737,39.1],[38.746,39.038],[38.714,39.033],[38.688,39.023],[38.624,39.082],[38.581,39.102],[38.536,39.116],[38.441,39.12],[38.362,39.15],[38.384,39.177],[38.393,39.211],[38.388,39.227],[38.382,39.243],[38.383,39.262],[38.387,39.279],[38.382,39.309],[38.369,39.337],[38.368,39.371],[38.367,39.389],[38.361,39.399],[38.374,39.402],[38.384,39.409],[38.392,39.418],[38.403,39.426],[38.439,39.444],[38.447,39.46],[38.424,39.484],[38.391,39.5],[38.356,39.526],[38.344,39.565],[38.367,39.599],[38.379,39.703],[38.427,39.754],[38.453,39.787],[38.49,39.803],[38.51,39.802],[38.53,39.805],[38.54,39.833],[38.519,39.852],[38.446,39.838],[38.377,39.836],[38.369,39.868],[38.407,39.951],[38.451,39.971],[38.498,39.943],[38.546,39.937],[38.593,39.963],[38.646,39.972],[38.691,39.966],[38.737,39.965]]]}},{"type":"Feature","id":"TR-25","properties":{"id":"TR-25","countryCode":"TR","isoSubdivision":"TR-25","name":"Erzurum","name_en":"Erzurum","name_ko":"에르주룸","type":"Province","labelLongitude":41.403,"labelLatitude":39.968,"minZoom":7},"geometry":{"type":"Polygon","coordinates":[[[42.431,39.491],[42.411,39.486],[42.374,39.481],[42.336,39.479],[42.199,39.426],[42.178,39.382],[42.184,39.336],[42.156,39.299],[42.087,39.266],[42.068,39.249],[42.037,39.227],[41.915,39.211],[41.873,39.192],[41.834,39.169],[41.748,39.171],[41.663,39.199],[41.639,39.214],[41.581,39.278],[41.483,39.353],[41.446,39.372],[41.365,39.387],[41.205,39.366],[41.163,39.423],[41.118,39.464],[41.058,39.469],[40.983,39.497],[40.886,39.567],[40.855,39.581],[40.827,39.569],[40.797,39.552],[40.708,39.522],[40.619,39.532],[40.622,39.594],[40.657,39.646],[40.68,39.688],[40.648,39.717],[40.606,39.73],[40.567,39.752],[40.549,39.77],[40.535,39.79],[40.531,39.818],[40.533,39.845],[40.467,39.913],[40.295,39.916],[40.242,39.937],[40.25,39.994],[40.281,40.047],[40.445,40.032],[40.481,40.037],[40.525,40.063],[40.567,40.095],[40.623,40.115],[40.748,40.149],[40.776,40.176],[40.8,40.212],[40.797,40.232],[40.731,40.237],[40.702,40.247],[40.637,40.258],[40.575,40.284],[40.55,40.346],[40.521,40.482],[40.489,40.542],[40.651,40.604],[40.691,40.612],[40.732,40.616],[40.792,40.629],[40.822,40.687],[40.857,40.698],[40.902,40.698],[40.944,40.709],[41.051,40.778],[41.127,40.813],[41.205,40.779],[41.329,40.765],[41.365,40.755],[41.373,40.722],[41.347,40.686],[41.333,40.601],[41.401,40.556],[41.494,40.582],[41.579,40.624],[41.657,40.641],[41.735,40.624],[41.821,40.588],[41.866,40.64],[41.868,40.685],[41.887,40.724],[41.927,40.755],[41.953,40.796],[41.946,40.839],[41.959,40.877],[41.99,40.898],[42.024,40.912],[42.092,40.917],[42.161,40.911],[42.221,40.921],[42.279,40.925],[42.299,40.848],[42.352,40.789],[42.388,40.77],[42.416,40.742],[42.437,40.703],[42.467,40.671],[42.507,40.64],[42.537,40.599],[42.531,40.564],[42.514,40.531],[42.538,40.431],[42.499,40.411],[42.457,40.397],[42.423,40.38],[42.391,40.36],[42.327,40.332],[42.181,40.294],[42.15,40.241],[42.186,40.208],[42.206,40.181],[42.231,40.16],[42.317,40.15],[42.349,40.141],[42.379,40.125],[42.395,40.108],[42.409,40.087],[42.425,40.076],[42.446,40.072],[42.485,40.059],[42.51,40.028],[42.535,39.988],[42.564,39.952],[42.536,39.927],[42.503,39.913],[42.477,39.913],[42.463,39.912],[42.44,39.904],[42.418,39.88],[42.382,39.871],[42.307,39.881],[42.272,39.869],[42.353,39.792],[42.495,39.748],[42.481,39.741],[42.471,39.714],[42.473,39.579],[42.463,39.532],[42.431,39.491]]]}},{"type":"Feature","id":"TR-26","properties":{"id":"TR-26","countryCode":"TR","isoSubdivision":"TR-26","name":"Eskişehir","name_en":"Eskişehir","name_ko":"에스키셰히르","type":"Province","labelLongitude":31.089,"labelLatitude":39.63,"minZoom":7},"geometry":{"type":"Polygon","coordinates":[[[30.739,40.168],[30.799,40.151],[30.864,40.143],[30.907,40.101],[30.917,40.041],[30.922,40.02],[30.946,40.015],[30.986,40.017],[31.082,40.048],[31.14,40.044],[31.165,40.031],[31.191,40.024],[31.22,40.039],[31.247,40.058],[31.339,40.048],[31.364,40.054],[31.389,40.057],[31.431,40.024],[31.46,40.03],[31.493,40.022],[31.532,40.029],[31.604,40.03],[31.64,40.04],[31.681,40.018],[31.727,40.024],[31.726,39.994],[31.739,39.976],[31.743,39.951],[31.757,39.92],[31.782,39.891],[31.812,39.878],[31.845,39.876],[31.852,39.862],[31.867,39.845],[31.88,39.838],[31.882,39.812],[31.841,39.776],[31.847,39.726],[31.897,39.621],[31.947,39.586],[31.961,39.566],[31.965,39.535],[31.979,39.517],[31.991,39.496],[31.991,39.465],[31.985,39.435],[31.975,39.405],[31.98,39.392],[31.983,39.386],[31.983,39.348],[32.004,39.322],[32.036,39.305],[32.043,39.275],[32.024,39.251],[32,39.233],[31.978,39.23],[31.956,39.226],[31.948,39.215],[31.938,39.205],[31.885,39.185],[31.861,39.171],[31.858,39.142],[31.85,39.114],[31.835,39.098],[31.757,39.086],[31.698,39.093],[31.66,39.1],[31.582,39.102],[31.453,39.091],[31.378,39.136],[31.328,39.224],[31.258,39.282],[31.217,39.273],[31.181,39.248],[31.146,39.23],[31.107,39.223],[31.035,39.179],[30.962,39.155],[30.919,39.193],[30.869,39.211],[30.833,39.189],[30.77,39.141],[30.703,39.106],[30.668,39.093],[30.621,39.087],[30.576,39.107],[30.561,39.116],[30.544,39.124],[30.521,39.147],[30.505,39.178],[30.477,39.2],[30.442,39.206],[30.424,39.269],[30.324,39.372],[30.312,39.45],[30.284,39.51],[30.174,39.591],[30.136,39.639],[30.192,39.688],[30.235,39.748],[30.245,39.85],[30.272,39.867],[30.302,39.879],[30.319,39.899],[30.334,39.92],[30.385,39.937],[30.44,39.936],[30.491,39.965],[30.524,40.012],[30.537,40.064],[30.555,40.115],[30.636,40.165],[30.739,40.168]]]}},{"type":"Feature","id":"TR-27","properties":{"id":"TR-27","countryCode":"TR","isoSubdivision":"TR-27","name":"Gaziantep","name_en":"Gaziantep","name_ko":"가지안테프","type":"Province","labelLongitude":37.246,"labelLatitude":36.999,"minZoom":7},"geometry":{"type":"Polygon","coordinates":[[[38.026,36.835],[38.008,36.826],[37.98,36.82],[37.82,36.761],[37.654,36.732],[37.593,36.711],[37.522,36.674],[37.437,36.735],[37.344,36.776],[37.272,36.807],[37.241,36.792],[37.2,36.833],[37.117,36.9],[37.04,36.941],[36.972,36.952],[36.941,37.008],[36.905,37.024],[36.874,37.003],[36.864,36.936],[36.797,36.9],[36.714,36.869],[36.66,36.827],[36.659,36.827],[36.651,36.836],[36.635,36.838],[36.623,36.847],[36.614,36.867],[36.597,36.88],[36.517,36.909],[36.452,36.961],[36.476,36.997],[36.513,37.025],[36.583,37.097],[36.637,37.183],[36.676,37.23],[36.721,37.271],[36.842,37.315],[36.89,37.367],[36.938,37.342],[36.966,37.253],[37.043,37.233],[37.134,37.31],[37.19,37.331],[37.315,37.349],[37.449,37.386],[37.512,37.393],[37.575,37.392],[37.617,37.414],[37.63,37.46],[37.623,37.489],[37.625,37.519],[37.735,37.537],[37.844,37.536],[37.961,37.501],[38.04,37.446],[38.023,37.443],[38.006,37.445],[37.99,37.445],[37.974,37.435],[37.93,37.391],[37.896,37.364],[37.886,37.351],[37.879,37.325],[37.873,37.321],[37.865,37.318],[37.858,37.313],[37.852,37.304],[37.841,37.268],[37.855,37.26],[37.867,37.249],[37.874,37.234],[37.875,37.213],[37.868,37.213],[37.862,37.225],[37.853,37.226],[37.844,37.219],[37.841,37.203],[37.844,37.187],[37.851,37.173],[37.868,37.152],[37.874,37.14],[37.876,37.131],[37.875,37.107],[37.868,37.078],[37.869,37.065],[37.882,37.055],[37.894,37.06],[37.904,37.055],[37.913,37.047],[37.923,37.042],[37.931,37.043],[37.954,37.053],[37.968,37.055],[37.979,37.05],[37.977,37.038],[37.964,37.014],[37.964,36.999],[37.967,36.99],[37.981,36.977],[38.008,36.957],[38.012,36.949],[38.013,36.924],[38.015,36.913],[38.019,36.904],[38.036,36.889],[38.041,36.88],[38.029,36.877],[38.021,36.871],[38.019,36.858],[38.021,36.844],[38.026,36.835]]]}},{"type":"Feature","id":"TR-28","properties":{"id":"TR-28","countryCode":"TR","isoSubdivision":"TR-28","name":"Giresun","name_en":"Giresun","name_ko":"기레순","type":"Province","labelLongitude":38.606,"labelLatitude":40.538,"minZoom":7},"geometry":{"type":"Polygon","coordinates":[[[38.114,40.958],[38.161,40.952],[38.201,40.941],[38.224,40.941],[38.268,40.95],[38.287,40.947],[38.331,40.918],[38.351,40.918],[38.389,40.927],[38.427,40.919],[38.452,40.917],[38.464,40.924],[38.539,40.927],[38.555,40.935],[38.592,40.963],[38.605,40.968],[38.637,40.976],[38.649,40.975],[38.655,40.971],[38.671,40.955],[38.678,40.949],[38.688,40.953],[38.707,40.953],[38.718,40.955],[38.725,40.959],[38.733,40.966],[38.743,40.972],[38.755,40.975],[38.775,40.993],[38.779,40.999],[38.784,41.002],[38.806,41.008],[38.876,41.019],[38.892,41.027],[38.908,41.038],[38.928,41.043],[39.042,41.043],[39.122,41.057],[39.131,41.061],[39.148,41.072],[39.12,40.951],[39.117,40.901],[39.126,40.81],[39.144,40.771],[39.024,40.761],[39.017,40.749],[39.012,40.734],[38.993,40.726],[38.969,40.721],[38.94,40.702],[38.908,40.687],[38.896,40.661],[38.909,40.63],[38.89,40.604],[38.859,40.58],[38.849,40.568],[38.847,40.561],[38.84,40.516],[38.842,40.48],[38.87,40.454],[38.988,40.433],[39.016,40.415],[39.043,40.394],[39.065,40.388],[39.06,40.352],[39.03,40.333],[38.929,40.29],[38.907,40.27],[38.906,40.237],[38.91,40.203],[38.906,40.167],[38.915,40.132],[38.942,40.105],[38.933,40.071],[38.893,40.058],[38.806,40.053],[38.762,40.055],[38.661,40.093],[38.556,40.119],[38.454,40.1],[38.392,40.128],[38.331,40.165],[38.275,40.186],[38.238,40.229],[38.24,40.285],[38.158,40.524],[38.063,40.605],[38.067,40.632],[38.079,40.651],[38.084,40.684],[38.08,40.718],[38.085,40.752],[38.08,40.786],[38.063,40.815],[38.063,40.846],[38.079,40.87],[38.101,40.889],[38.115,40.919],[38.113,40.954],[38.114,40.958]]]}},{"type":"Feature","id":"TR-29","properties":{"id":"TR-29","countryCode":"TR","isoSubdivision":"TR-29","name":"Gümüşhane","name_en":"Gümüşhane","name_ko":"귀뮈샤네","type":"Province","labelLongitude":39.354,"labelLatitude":40.281,"minZoom":7},"geometry":{"type":"Polygon","coordinates":[[[39.834,40.561],[39.867,40.414],[39.86,40.267],[39.828,40.209],[39.816,40.177],[39.811,40.144],[39.833,40.077],[39.869,40.015],[39.832,39.971],[39.788,39.935],[39.676,39.915],[39.622,39.894],[39.565,39.889],[39.506,39.893],[39.447,39.888],[39.385,39.893],[39.327,39.916],[39.266,39.93],[39.249,39.944],[39.233,39.961],[39.197,39.978],[39.158,39.99],[39.05,40.039],[39.02,40.045],[38.989,40.049],[38.961,40.059],[38.933,40.071],[38.942,40.105],[38.915,40.132],[38.906,40.167],[38.91,40.203],[38.906,40.237],[38.907,40.27],[38.929,40.29],[39.03,40.333],[39.06,40.352],[39.065,40.388],[39.043,40.394],[39.016,40.415],[38.988,40.433],[38.87,40.454],[38.842,40.48],[38.84,40.516],[38.847,40.561],[38.849,40.568],[38.859,40.58],[38.89,40.604],[38.909,40.63],[38.896,40.661],[38.908,40.687],[38.94,40.702],[38.969,40.721],[38.993,40.726],[39.012,40.734],[39.017,40.749],[39.024,40.761],[39.144,40.771],[39.163,40.76],[39.184,40.759],[39.205,40.772],[39.221,40.79],[39.263,40.771],[39.279,40.712],[39.345,40.66],[39.579,40.588],[39.639,40.582],[39.659,40.587],[39.675,40.599],[39.686,40.639],[39.717,40.657],[39.786,40.622],[39.834,40.561]]]}},{"type":"Feature","id":"TR-30","properties":{"id":"TR-30","countryCode":"TR","isoSubdivision":"TR-30","name":"Hakkâri","name_en":"Hakkâri","name_ko":"하카리","type":"Province","labelLongitude":44.08,"labelLatitude":37.61,"minZoom":7},"geometry":{"type":"Polygon","coordinates":[[[43.48,37.243],[43.463,37.249],[43.417,37.279],[43.376,37.296],[43.363,37.304],[43.376,37.325],[43.401,37.378],[43.409,37.465],[43.376,37.531],[43.36,37.585],[43.38,37.642],[43.387,37.734],[43.521,37.735],[43.655,37.752],[43.683,37.764],[43.711,37.773],[43.753,37.768],[43.794,37.755],[43.859,37.754],[43.923,37.764],[43.978,37.791],[44.004,37.845],[44.044,37.901],[44.117,37.913],[44.204,37.905],[44.205,37.905],[44.202,37.897],[44.22,37.875],[44.254,37.871],[44.319,37.877],[44.331,37.874],[44.367,37.86],[44.378,37.854],[44.384,37.845],[44.388,37.833],[44.393,37.821],[44.404,37.81],[44.412,37.808],[44.419,37.81],[44.425,37.811],[44.433,37.806],[44.434,37.801],[44.43,37.785],[44.429,37.779],[44.436,37.768],[44.45,37.767],[44.467,37.771],[44.479,37.777],[44.506,37.779],[44.534,37.769],[44.559,37.752],[44.596,37.716],[44.598,37.707],[44.588,37.694],[44.554,37.672],[44.545,37.663],[44.541,37.633],[44.561,37.615],[44.584,37.601],[44.587,37.584],[44.578,37.564],[44.572,37.539],[44.57,37.514],[44.575,37.494],[44.579,37.477],[44.566,37.447],[44.572,37.431],[44.586,37.425],[44.623,37.422],[44.638,37.413],[44.652,37.384],[44.662,37.376],[44.698,37.38],[44.707,37.371],[44.713,37.357],[44.721,37.343],[44.779,37.314],[44.802,37.293],[44.798,37.26],[44.787,37.248],[44.773,37.242],[44.761,37.233],[44.754,37.215],[44.757,37.195],[44.766,37.178],[44.772,37.161],[44.766,37.142],[44.754,37.159],[44.734,37.167],[44.629,37.179],[44.61,37.178],[44.578,37.166],[44.539,37.144],[44.503,37.117],[44.479,37.092],[44.454,37.076],[44.428,37.065],[44.343,37.042],[44.335,37.031],[44.332,37.015],[44.316,36.994],[44.307,36.977],[44.297,36.97],[44.285,36.969],[44.243,36.978],[44.234,36.984],[44.228,36.994],[44.187,37.067],[44.18,37.088],[44.181,37.109],[44.189,37.129],[44.206,37.147],[44.219,37.153],[44.23,37.154],[44.24,37.158],[44.248,37.17],[44.25,37.179],[44.249,37.192],[44.244,37.214],[44.235,37.237],[44.223,37.254],[44.207,37.268],[44.184,37.279],[44.088,37.311],[44.069,37.314],[44.036,37.318],[43.99,37.313],[43.954,37.287],[43.924,37.253],[43.894,37.225],[43.84,37.217],[43.822,37.202],[43.809,37.2],[43.802,37.204],[43.781,37.22],[43.771,37.226],[43.747,37.231],[43.721,37.233],[43.618,37.227],[43.594,37.229],[43.569,37.238],[43.551,37.249],[43.542,37.252],[43.53,37.254],[43.517,37.252],[43.492,37.245],[43.48,37.243]]]}},{"type":"Feature","id":"TR-31","properties":{"id":"TR-31","countryCode":"TR","isoSubdivision":"TR-31","name":"Hatay","name_en":"Hatay","name_ko":"하타이","type":"Province","labelLongitude":36.228,"labelLatitude":36.488,"minZoom":7},"geometry":{"type":"Polygon","coordinates":[[[36.66,36.827],[36.659,36.828],[36.649,36.829],[36.64,36.828],[36.643,36.804],[36.632,36.784],[36.616,36.767],[36.603,36.747],[36.599,36.725],[36.598,36.705],[36.595,36.686],[36.583,36.662],[36.569,36.62],[36.57,36.576],[36.565,36.533],[36.535,36.494],[36.531,36.479],[36.534,36.462],[36.553,36.408],[36.558,36.401],[36.565,36.396],[36.581,36.39],[36.586,36.387],[36.591,36.38],[36.593,36.373],[36.594,36.366],[36.594,36.357],[36.588,36.342],[36.582,36.333],[36.578,36.333],[36.588,36.325],[36.621,36.322],[36.637,36.317],[36.649,36.306],[36.658,36.29],[36.665,36.274],[36.669,36.26],[36.67,36.237],[36.664,36.229],[36.593,36.218],[36.574,36.218],[36.499,36.228],[36.48,36.226],[36.469,36.222],[36.465,36.216],[36.464,36.209],[36.459,36.203],[36.451,36.2],[36.445,36.2],[36.439,36.201],[36.412,36.204],[36.398,36.208],[36.386,36.215],[36.373,36.228],[36.361,36.218],[36.376,36.205],[36.374,36.196],[36.366,36.189],[36.36,36.182],[36.359,36.167],[36.356,36.022],[36.358,35.994],[36.337,35.988],[36.297,36.001],[36.278,35.994],[36.277,35.994],[36.269,35.959],[36.253,35.956],[36.229,35.961],[36.197,35.952],[36.175,35.923],[36.169,35.852],[36.158,35.823],[36.155,35.822],[36.138,35.82],[36.08,35.854],[36.051,35.865],[36.019,35.866],[36.004,35.869],[35.992,35.877],[35.99,35.889],[35.993,35.902],[35.993,35.915],[35.98,35.927],[35.961,35.924],[35.941,35.918],[35.921,35.915],[35.911,35.918],[35.923,35.932],[35.966,35.994],[35.977,36.001],[35.975,36.019],[35.948,36.088],[35.878,36.182],[35.865,36.197],[35.852,36.214],[35.841,36.245],[35.827,36.258],[35.811,36.27],[35.799,36.282],[35.787,36.304],[35.789,36.32],[35.816,36.353],[35.824,36.361],[35.834,36.366],[35.845,36.369],[35.857,36.37],[35.862,36.374],[35.874,36.398],[35.882,36.405],[35.899,36.412],[35.908,36.418],[35.913,36.427],[35.919,36.448],[35.931,36.455],[35.936,36.459],[35.942,36.464],[35.982,36.476],[35.99,36.48],[36.037,36.527],[36.045,36.538],[36.055,36.538],[36.163,36.593],[36.179,36.596],[36.189,36.604],[36.201,36.622],[36.211,36.642],[36.216,36.658],[36.216,36.67],[36.212,36.68],[36.207,36.689],[36.202,36.699],[36.202,36.706],[36.202,36.769],[36.199,36.785],[36.189,36.802],[36.13,36.869],[36.095,36.897],[36.059,36.918],[36.02,36.926],[35.985,36.916],[35.951,36.891],[35.933,36.873],[35.916,36.893],[35.917,36.935],[35.999,37.01],[36.018,37.02],[36.039,37.017],[36.062,37.01],[36.105,37.015],[36.146,37.006],[36.188,37.005],[36.235,37.015],[36.281,37.004],[36.314,36.976],[36.352,36.957],[36.402,36.956],[36.452,36.961],[36.517,36.909],[36.597,36.88],[36.614,36.867],[36.623,36.847],[36.635,36.838],[36.651,36.836],[36.659,36.827],[36.66,36.827]]]}},{"type":"Feature","id":"TR-32","properties":{"id":"TR-32","countryCode":"TR","isoSubdivision":"TR-32","name":"Isparta","name_en":"Isparta","name_ko":"이스파르타","type":"Province","labelLongitude":30.818,"labelLatitude":37.892,"minZoom":7},"geometry":{"type":"Polygon","coordinates":[[[31.254,38.423],[31.283,38.35],[31.361,38.3],[31.422,38.238],[31.491,38.193],[31.525,38.181],[31.548,38.155],[31.621,38.105],[31.614,38.072],[31.55,38.04],[31.479,38.019],[31.447,38.003],[31.425,37.938],[31.448,37.859],[31.451,37.781],[31.409,37.729],[31.405,37.681],[31.373,37.649],[31.329,37.639],[31.329,37.604],[31.354,37.574],[31.368,37.538],[31.359,37.478],[31.332,37.422],[31.278,37.428],[31.227,37.414],[31.181,37.387],[31.127,37.38],[31.023,37.351],[30.935,37.38],[30.921,37.409],[30.9,37.432],[30.87,37.435],[30.855,37.433],[30.836,37.451],[30.827,37.469],[30.766,37.542],[30.739,37.59],[30.706,37.671],[30.646,37.7],[30.583,37.699],[30.513,37.709],[30.47,37.735],[30.431,37.768],[30.386,37.818],[30.337,37.846],[30.29,37.808],[30.263,37.793],[30.234,37.781],[30.123,37.717],[30.086,37.703],[30.049,37.714],[30.029,37.743],[30.015,37.777],[30.093,37.779],[30.165,37.81],[30.198,37.858],[30.211,37.962],[30.232,37.993],[30.3,38.024],[30.39,38.095],[30.429,38.112],[30.481,38.149],[30.53,38.193],[30.567,38.206],[30.606,38.214],[30.662,38.25],[30.683,38.254],[30.705,38.255],[30.781,38.278],[30.845,38.325],[30.906,38.381],[31.03,38.46],[31.08,38.502],[31.1,38.515],[31.124,38.512],[31.144,38.503],[31.162,38.491],[31.207,38.44],[31.23,38.429],[31.254,38.423]]]}},{"type":"Feature","id":"TR-33","properties":{"id":"TR-33","countryCode":"TR","isoSubdivision":"TR-33","name":"Mersin","name_en":"Mersin","name_ko":"메르신","type":"Province","labelLongitude":33.827,"labelLatitude":36.661,"minZoom":7},"geometry":{"type":"Polygon","coordinates":[[[34.933,36.727],[34.93,36.727],[34.914,36.725],[34.9,36.72],[34.903,36.725],[34.908,36.74],[34.894,36.746],[34.853,36.781],[34.771,36.816],[34.765,36.809],[34.736,36.822],[34.693,36.814],[34.627,36.789],[34.597,36.785],[34.585,36.781],[34.555,36.768],[34.549,36.763],[34.539,36.745],[34.534,36.74],[34.503,36.727],[34.415,36.663],[34.307,36.609],[34.276,36.587],[34.19,36.499],[34.182,36.483],[34.178,36.473],[34.168,36.467],[34.147,36.459],[34.112,36.43],[34.077,36.414],[34.075,36.387],[34.08,36.356],[34.078,36.329],[34.058,36.316],[34.027,36.311],[34,36.303],[33.989,36.282],[33.995,36.283],[33.998,36.286],[33.996,36.28],[33.977,36.259],[33.969,36.247],[33.965,36.232],[33.964,36.221],[33.959,36.214],[33.941,36.213],[33.941,36.22],[33.951,36.238],[33.946,36.265],[33.931,36.29],[33.91,36.302],[33.895,36.306],[33.883,36.312],[33.871,36.315],[33.855,36.305],[33.838,36.28],[33.828,36.272],[33.811,36.267],[33.819,36.266],[33.822,36.264],[33.825,36.26],[33.814,36.252],[33.799,36.231],[33.787,36.226],[33.777,36.225],[33.743,36.213],[33.736,36.209],[33.705,36.182],[33.7,36.171],[33.694,36.144],[33.688,36.137],[33.685,36.143],[33.66,36.175],[33.657,36.189],[33.647,36.193],[33.634,36.19],[33.62,36.185],[33.597,36.169],[33.574,36.145],[33.552,36.128],[33.531,36.131],[33.544,36.137],[33.544,36.144],[33.521,36.147],[33.478,36.156],[33.458,36.158],[33.437,36.155],[33.401,36.14],[33.386,36.137],[33.348,36.148],[33.327,36.15],[33.308,36.132],[33.286,36.13],[33.242,36.131],[33.212,36.124],[33.201,36.123],[33.189,36.126],[33.167,36.135],[33.157,36.137],[33.134,36.132],[33.121,36.119],[33.112,36.103],[33.099,36.089],[33.088,36.083],[33.084,36.083],[33.08,36.086],[33.071,36.089],[33.058,36.091],[33.027,36.089],[32.96,36.103],[32.941,36.104],[32.877,36.075],[32.865,36.072],[32.857,36.061],[32.804,36.027],[32.761,36.029],[32.671,36.047],[32.632,36.062],[32.572,36.094],[32.575,36.101],[32.59,36.12],[32.598,36.144],[32.602,36.169],[32.615,36.196],[32.631,36.221],[32.647,36.269],[32.643,36.379],[32.652,36.438],[32.717,36.445],[32.782,36.432],[32.842,36.433],[32.899,36.453],[32.958,36.464],[33.019,36.462],[33.052,36.467],[33.076,36.486],[33.088,36.522],[33.102,36.554],[33.116,36.559],[33.132,36.561],[33.166,36.546],[33.205,36.534],[33.231,36.561],[33.207,36.591],[33.161,36.619],[33.108,36.63],[33.087,36.644],[33.068,36.663],[33.043,36.673],[33.028,36.699],[33.019,36.728],[33.003,36.751],[32.982,36.772],[32.98,36.804],[33.017,36.81],[33.034,36.814],[33.079,36.837],[33.108,36.846],[33.121,36.84],[33.124,36.833],[33.131,36.821],[33.167,36.813],[33.189,36.843],[33.201,36.887],[33.233,36.918],[33.27,36.928],[33.304,36.947],[33.336,36.97],[33.372,36.988],[33.413,36.997],[33.54,37.007],[33.619,37.032],[33.702,37.037],[33.737,37.029],[33.761,37.031],[33.797,37.047],[33.871,37.058],[33.967,37.116],[34.003,37.129],[34.079,37.133],[34.149,37.155],[34.183,37.188],[34.21,37.201],[34.298,37.225],[34.354,37.248],[34.399,37.282],[34.429,37.295],[34.482,37.309],[34.5,37.32],[34.512,37.352],[34.587,37.353],[34.621,37.363],[34.652,37.378],[34.722,37.401],[34.792,37.388],[34.824,37.328],[34.862,37.273],[34.91,37.243],[34.913,37.141],[34.935,37.084],[34.982,37.056],[35.043,37.058],[35.082,37.026],[35.052,36.964],[35.052,36.907],[35.067,36.851],[35.071,36.823],[35.067,36.796],[35.029,36.768],[34.987,36.759],[34.934,36.729],[34.933,36.727]]]}},{"type":"Feature","id":"TR-34","properties":{"id":"TR-34","countryCode":"TR","isoSubdivision":"TR-34","name":"Istanbul","name_en":"Istanbul","name_ko":"이스탄불","type":"Province","labelLongitude":28.846,"labelLatitude":41.129,"minZoom":7},"geometry":{"type":"MultiPolygon","coordinates":[[[[28.203,41.54],[28.233,41.519],[28.384,41.447],[28.601,41.378],[28.908,41.267],[29.008,41.25],[29.013,41.248],[29.015,41.246],[29.018,41.244],[29.024,41.243],[29.032,41.245],[29.038,41.254],[29.045,41.256],[29.069,41.254],[29.094,41.246],[29.109,41.235],[29.1,41.21],[29.087,41.192],[29.069,41.175],[29.052,41.167],[29.041,41.164],[29.043,41.158],[29.051,41.15],[29.057,41.142],[29.064,41.134],[29.066,41.133],[29.071,41.13],[29.069,41.124],[29.064,41.12],[29.062,41.119],[29.059,41.1],[29.052,41.082],[29.042,41.066],[29.032,41.054],[29.023,41.049],[29.006,41.045],[28.997,41.04],[28.99,41.031],[28.988,41.026],[28.989,41.022],[28.99,41.017],[28.993,41.014],[28.992,41.008],[28.987,41.003],[28.982,41.002],[28.96,41.003],[28.952,41.009],[28.946,41.009],[28.94,41.007],[28.932,40.998],[28.928,40.996],[28.917,40.994],[28.899,40.984],[28.86,40.978],[28.85,40.975],[28.844,40.972],[28.84,40.968],[28.834,40.964],[28.822,40.962],[28.798,40.963],[28.786,40.966],[28.781,40.972],[28.77,40.979],[28.745,40.98],[28.625,40.968],[28.595,40.978],[28.604,41.009],[28.592,41.019],[28.585,41.022],[28.576,41.024],[28.583,41.046],[28.572,41.066],[28.552,41.081],[28.528,41.085],[28.533,41.071],[28.555,41.054],[28.563,41.037],[28.563,41.027],[28.56,41.012],[28.554,40.998],[28.541,40.99],[28.512,40.993],[28.461,41.033],[28.435,41.043],[28.402,41.047],[28.333,41.067],[28.298,41.071],[28.264,41.071],[28.256,41.073],[28.245,41.083],[28.237,41.085],[28.199,41.079],[28.182,41.078],[28.175,41.081],[28.163,41.136],[28.149,41.213],[28.163,41.273],[28.193,41.355],[28.182,41.421],[28.156,41.492],[28.157,41.492],[28.203,41.54]]],[[[29.254,40.875],[29.241,40.883],[29.22,40.88],[29.201,40.894],[29.145,40.914],[29.124,40.927],[29.104,40.947],[29.083,40.96],[29.028,40.982],[29.032,40.984],[29.033,40.985],[29.033,40.986],[29.035,40.99],[29.023,40.993],[29.018,41.004],[29.015,41.018],[29.008,41.031],[29.026,41.038],[29.046,41.055],[29.062,41.076],[29.076,41.114],[29.088,41.129],[29.091,41.141],[29.069,41.153],[29.093,41.18],[29.13,41.212],[29.17,41.233],[29.2,41.229],[29.206,41.229],[29.216,41.239],[29.232,41.241],[29.42,41.214],[29.619,41.179],[29.885,41.149],[29.863,41.142],[29.874,41.111],[29.877,41.08],[29.849,41.029],[29.795,41.007],[29.731,40.988],[29.673,40.957],[29.664,40.933],[29.647,40.91],[29.611,40.907],[29.582,40.925],[29.551,40.974],[29.504,41.005],[29.451,41.009],[29.407,40.984],[29.365,40.953],[29.34,40.943],[29.288,40.909],[29.254,40.875]]]]}},{"type":"Feature","id":"TR-35","properties":{"id":"TR-35","countryCode":"TR","isoSubdivision":"TR-35","name":"İzmir","name_en":"İzmir","name_ko":"이즈미르","type":"Province","labelLongitude":27.398,"labelLatitude":38.243,"minZoom":7},"geometry":{"type":"Polygon","coordinates":[[[27.262,37.888],[27.263,37.894],[27.265,37.902],[27.265,37.91],[27.26,37.919],[27.275,37.929],[27.266,37.951],[27.239,37.988],[27.214,37.981],[27.178,37.981],[27.141,37.986],[27.116,37.994],[27.111,38],[27.108,38.007],[27.102,38.013],[27.092,38.015],[27.084,38.016],[27.076,38.017],[27.07,38.02],[27.068,38.025],[27.065,38.041],[27.056,38.046],[27.027,38.049],[26.975,38.065],[26.949,38.067],[26.918,38.062],[26.9,38.057],[26.893,38.056],[26.889,38.053],[26.886,38.046],[26.882,38.038],[26.873,38.035],[26.865,38.04],[26.842,38.076],[26.847,38.089],[26.846,38.103],[26.842,38.118],[26.835,38.131],[26.825,38.145],[26.803,38.162],[26.794,38.172],[26.776,38.165],[26.771,38.177],[26.774,38.207],[26.76,38.217],[26.745,38.216],[26.727,38.21],[26.708,38.207],[26.646,38.207],[26.636,38.204],[26.623,38.139],[26.618,38.142],[26.615,38.145],[26.609,38.145],[26.612,38.131],[26.612,38.118],[26.607,38.108],[26.595,38.104],[26.589,38.108],[26.577,38.133],[26.568,38.145],[26.567,38.124],[26.557,38.122],[26.543,38.131],[26.524,38.147],[26.517,38.156],[26.515,38.166],[26.519,38.18],[26.492,38.174],[26.467,38.191],[26.442,38.212],[26.417,38.221],[26.422,38.205],[26.424,38.2],[26.417,38.2],[26.412,38.206],[26.39,38.224],[26.392,38.234],[26.395,38.243],[26.395,38.252],[26.39,38.262],[26.383,38.262],[26.375,38.235],[26.354,38.228],[26.329,38.235],[26.296,38.257],[26.287,38.261],[26.235,38.274],[26.233,38.28],[26.239,38.296],[26.265,38.287],[26.276,38.3],[26.286,38.319],[26.308,38.323],[26.308,38.331],[26.289,38.341],[26.286,38.359],[26.294,38.37],[26.308,38.358],[26.309,38.367],[26.312,38.371],[26.316,38.373],[26.321,38.378],[26.325,38.366],[26.326,38.355],[26.323,38.346],[26.314,38.337],[26.319,38.334],[26.324,38.332],[26.331,38.331],[26.339,38.331],[26.346,38.329],[26.348,38.325],[26.35,38.32],[26.356,38.317],[26.371,38.316],[26.385,38.318],[26.392,38.325],[26.383,38.337],[26.383,38.344],[26.399,38.336],[26.405,38.335],[26.417,38.337],[26.429,38.341],[26.455,38.355],[26.462,38.358],[26.476,38.367],[26.477,38.387],[26.468,38.408],[26.452,38.419],[26.452,38.426],[26.477,38.417],[26.489,38.406],[26.498,38.407],[26.513,38.433],[26.499,38.44],[26.474,38.457],[26.454,38.463],[26.441,38.473],[26.431,38.474],[26.422,38.47],[26.414,38.456],[26.407,38.453],[26.388,38.454],[26.388,38.458],[26.397,38.469],[26.404,38.488],[26.4,38.5],[26.37,38.535],[26.376,38.529],[26.373,38.541],[26.361,38.571],[26.359,38.577],[26.36,38.584],[26.349,38.621],[26.349,38.635],[26.351,38.65],[26.356,38.662],[26.366,38.666],[26.381,38.668],[26.403,38.677],[26.414,38.679],[26.441,38.678],[26.466,38.673],[26.488,38.664],[26.506,38.653],[26.54,38.624],[26.556,38.605],[26.561,38.59],[26.584,38.561],[26.609,38.535],[26.618,38.529],[26.625,38.525],[26.63,38.519],[26.636,38.508],[26.638,38.497],[26.637,38.487],[26.638,38.478],[26.643,38.468],[26.637,38.463],[26.633,38.462],[26.629,38.461],[26.621,38.467],[26.611,38.468],[26.599,38.466],[26.588,38.461],[26.605,38.454],[26.605,38.445],[26.596,38.433],[26.588,38.419],[26.612,38.416],[26.622,38.405],[26.628,38.39],[26.64,38.375],[26.657,38.329],[26.673,38.307],[26.695,38.313],[26.7,38.326],[26.694,38.334],[26.678,38.344],[26.671,38.385],[26.676,38.402],[26.687,38.42],[26.702,38.43],[26.719,38.426],[26.719,38.433],[26.725,38.433],[26.737,38.423],[26.748,38.405],[26.767,38.364],[26.771,38.366],[26.783,38.369],[26.787,38.372],[26.795,38.359],[26.81,38.36],[26.828,38.367],[26.845,38.372],[26.925,38.378],[26.974,38.396],[26.99,38.399],[26.994,38.401],[27.007,38.41],[27.013,38.413],[27.024,38.412],[27.033,38.409],[27.042,38.408],[27.054,38.413],[27.056,38.409],[27.061,38.413],[27.089,38.402],[27.112,38.414],[27.135,38.434],[27.164,38.447],[27.164,38.453],[27.154,38.459],[27.15,38.459],[27.143,38.453],[27.136,38.461],[27.117,38.454],[27.083,38.457],[27.075,38.453],[27.049,38.463],[27.022,38.462],[26.96,38.442],[26.939,38.434],[26.935,38.435],[26.945,38.447],[26.928,38.456],[26.898,38.495],[26.884,38.501],[26.859,38.507],[26.849,38.512],[26.827,38.526],[26.815,38.543],[26.829,38.531],[26.847,38.521],[26.874,38.507],[26.89,38.508],[26.89,38.515],[26.878,38.526],[26.865,38.536],[26.851,38.543],[26.835,38.549],[26.839,38.561],[26.845,38.585],[26.849,38.597],[26.834,38.608],[26.825,38.605],[26.814,38.598],[26.794,38.597],[26.798,38.608],[26.801,38.612],[26.779,38.618],[26.767,38.619],[26.753,38.618],[26.755,38.623],[26.758,38.634],[26.759,38.638],[26.746,38.639],[26.737,38.642],[26.719,38.653],[26.726,38.659],[26.734,38.664],[26.742,38.666],[26.753,38.666],[26.733,38.69],[26.726,38.703],[26.719,38.721],[26.738,38.731],[26.789,38.739],[26.818,38.755],[26.824,38.754],[26.827,38.75],[26.829,38.748],[26.831,38.747],[26.842,38.746],[26.852,38.746],[26.875,38.738],[26.889,38.734],[26.903,38.735],[26.897,38.748],[26.907,38.754],[26.915,38.76],[26.923,38.762],[26.931,38.755],[26.934,38.763],[26.935,38.77],[26.934,38.779],[26.931,38.789],[26.925,38.782],[26.904,38.81],[26.897,38.817],[26.938,38.83],[26.944,38.809],[26.961,38.806],[26.971,38.819],[26.959,38.844],[26.975,38.849],[26.991,38.855],[27.004,38.863],[27.013,38.871],[27.034,38.861],[27.055,38.871],[27.063,38.887],[27.041,38.892],[27.058,38.919],[27.058,38.93],[27.041,38.94],[27.024,38.928],[27.013,38.922],[27.001,38.92],[26.983,38.92],[26.978,38.923],[26.968,38.937],[26.962,38.94],[26.95,38.937],[26.942,38.932],[26.934,38.931],[26.925,38.94],[26.913,38.932],[26.879,38.916],[26.866,38.913],[26.856,38.918],[26.84,38.936],[26.825,38.94],[26.806,38.95],[26.797,38.973],[26.799,38.998],[26.815,39.015],[26.815,39.022],[26.81,39.022],[26.794,39.022],[26.806,39.034],[26.829,39.047],[26.854,39.058],[26.873,39.063],[26.883,39.072],[26.875,39.091],[26.852,39.121],[26.824,39.149],[26.81,39.157],[26.779,39.17],[26.994,39.291],[27.013,39.307],[27.03,39.33],[27.05,39.351],[27.078,39.364],[27.11,39.374],[27.291,39.464],[27.348,39.456],[27.391,39.425],[27.42,39.38],[27.459,39.304],[27.492,39.184],[27.508,39.148],[27.545,39.094],[27.538,39.041],[27.51,39.017],[27.445,38.974],[27.382,38.954],[27.327,38.925],[27.315,38.888],[27.309,38.85],[27.291,38.817],[27.261,38.792],[27.233,38.756],[27.228,38.735],[27.256,38.713],[27.272,38.708],[27.295,38.685],[27.321,38.616],[27.38,38.576],[27.451,38.571],[27.563,38.573],[27.583,38.57],[27.614,38.547],[27.63,38.492],[27.7,38.453],[27.778,38.425],[27.786,38.41],[27.798,38.378],[27.806,38.363],[27.848,38.333],[27.899,38.342],[27.922,38.375],[27.939,38.407],[27.986,38.405],[28.034,38.388],[28.065,38.387],[28.095,38.395],[28.136,38.359],[28.163,38.309],[28.261,38.322],[28.299,38.331],[28.325,38.327],[28.345,38.309],[28.38,38.301],[28.403,38.299],[28.448,38.29],[28.476,38.262],[28.517,38.159],[28.562,38.106],[28.405,38.061],[28.364,38.056],[28.325,38.047],[28.29,38.031],[28.254,38.02],[28.061,38.018],[27.829,37.969],[27.583,37.984],[27.532,37.978],[27.41,37.914],[27.329,37.89],[27.264,37.888],[27.262,37.888]]]}},{"type":"Feature","id":"TR-36","properties":{"id":"TR-36","countryCode":"TR","isoSubdivision":"TR-36","name":"Kars","name_en":"Kars","name_ko":"카르스","type":"Province","labelLongitude":43.074,"labelLatitude":40.367,"minZoom":7},"geometry":{"type":"Polygon","coordinates":[[[43.44,41.107],[43.436,41.083],[43.445,41.051],[43.46,41.023],[43.48,41.009],[43.522,41.004],[43.565,40.988],[43.605,40.963],[43.636,40.934],[43.648,40.914],[43.652,40.895],[43.654,40.875],[43.66,40.852],[43.67,40.832],[43.711,40.782],[43.721,40.763],[43.724,40.746],[43.729,40.677],[43.726,40.669],[43.706,40.641],[43.7,40.635],[43.707,40.612],[43.665,40.574],[43.651,40.553],[43.653,40.529],[43.646,40.533],[43.642,40.534],[43.638,40.535],[43.631,40.537],[43.635,40.533],[43.636,40.53],[43.639,40.523],[43.615,40.52],[43.594,40.509],[43.559,40.478],[43.564,40.465],[43.585,40.447],[43.625,40.42],[43.625,40.413],[43.624,40.411],[43.61,40.373],[43.601,40.362],[43.594,40.345],[43.604,40.33],[43.631,40.31],[43.676,40.266],[43.69,40.24],[43.691,40.239],[43.673,40.228],[43.684,40.21],[43.715,40.181],[43.721,40.169],[43.712,40.156],[43.666,40.149],[43.653,40.139],[43.665,40.11],[43.534,40.074],[43.409,40.06],[43.356,40.041],[43.356,40.003],[43.318,39.969],[43.265,39.987],[43.22,39.979],[43.174,39.989],[43.064,39.989],[42.757,39.922],[42.564,39.952],[42.535,39.988],[42.51,40.028],[42.485,40.059],[42.446,40.072],[42.425,40.076],[42.409,40.087],[42.395,40.108],[42.379,40.125],[42.349,40.141],[42.317,40.15],[42.231,40.16],[42.206,40.181],[42.186,40.208],[42.15,40.241],[42.181,40.294],[42.327,40.332],[42.391,40.36],[42.423,40.38],[42.457,40.397],[42.499,40.411],[42.538,40.431],[42.514,40.531],[42.531,40.564],[42.537,40.599],[42.652,40.616],[42.772,40.625],[42.791,40.697],[42.805,40.817],[42.829,40.894],[42.949,40.941],[43.112,40.994],[43.275,41.047],[43.375,41.09],[43.44,41.107]]]}},{"type":"Feature","id":"TR-37","properties":{"id":"TR-37","countryCode":"TR","isoSubdivision":"TR-37","name":"Kastamonu","name_en":"Kastamonu","name_ko":"카스타모누","type":"Province","labelLongitude":33.636,"labelLatitude":41.511,"minZoom":7},"geometry":{"type":"Polygon","coordinates":[[[32.799,41.86],[32.827,41.865],[32.845,41.873],[32.856,41.868],[32.926,41.882],[32.962,41.894],[33.008,41.917],[33.166,41.957],[33.324,42.019],[33.361,42.021],[33.434,42.011],[33.541,42.011],[33.563,42.008],[33.613,41.994],[33.827,41.978],[33.845,41.983],[33.874,41.974],[34.004,41.983],[34.216,41.96],[34.221,41.904],[34.193,41.845],[34.142,41.8],[34.14,41.767],[34.205,41.748],[34.241,41.749],[34.284,41.745],[34.344,41.733],[34.466,41.727],[34.532,41.713],[34.588,41.657],[34.553,41.591],[34.521,41.574],[34.492,41.552],[34.472,41.519],[34.463,41.48],[34.469,41.461],[34.48,41.442],[34.472,41.311],[34.419,41.302],[34.385,41.264],[34.357,41.209],[34.334,41.189],[34.287,41.157],[34.252,41.091],[34.218,41.059],[34.208,41.039],[34.226,41.002],[34.248,40.996],[34.28,40.969],[34.256,40.919],[34.115,40.875],[34.027,40.861],[33.986,40.862],[33.945,40.869],[33.911,40.887],[33.88,40.909],[33.821,40.925],[33.783,40.974],[33.795,41.004],[33.821,41.025],[33.851,41.057],[33.841,41.097],[33.826,41.104],[33.792,41.094],[33.63,41.029],[33.553,41.018],[33.447,40.971],[33.409,40.96],[33.362,40.971],[33.326,41.005],[33.235,41.05],[33.106,41.061],[33.092,41.07],[33.069,41.093],[33.06,41.106],[33.038,41.129],[32.986,41.147],[32.93,41.153],[32.91,41.261],[32.919,41.294],[32.965,41.341],[33.017,41.38],[33.115,41.395],[33.087,41.444],[33.059,41.533],[32.986,41.573],[32.913,41.555],[32.852,41.548],[32.818,41.576],[32.808,41.648],[32.873,41.682],[32.837,41.755],[32.808,41.8],[32.799,41.86]]]}},{"type":"Feature","id":"TR-38","properties":{"id":"TR-38","countryCode":"TR","isoSubdivision":"TR-38","name":"Kayseri","name_en":"Kayseri","name_ko":"카이세리","type":"Province","labelLongitude":35.926,"labelLatitude":38.717,"minZoom":7},"geometry":{"type":"Polygon","coordinates":[[[35.191,37.818],[35.207,37.879],[35.212,37.931],[35.259,37.954],[35.248,37.99],[35.228,38.025],[35.223,38.067],[35.233,38.11],[35.206,38.177],[35.044,38.178],[34.985,38.228],[34.915,38.379],[34.942,38.421],[34.982,38.455],[35.071,38.566],[35.075,38.613],[35.065,38.658],[35.069,38.705],[35,38.776],[34.953,38.848],[34.981,38.899],[35.001,38.953],[35.001,38.978],[35.004,39.002],[35.014,39.023],[35.028,39.041],[35.255,39.013],[35.367,39.069],[35.412,39.081],[35.736,39.244],[35.82,39.334],[35.872,39.332],[35.921,39.312],[35.93,39.303],[35.943,39.282],[35.951,39.274],[35.984,39.263],[36.017,39.259],[36.112,39.206],[36.21,39.195],[36.287,39.216],[36.452,39.198],[36.501,39.169],[36.551,39.155],[36.641,39.179],[36.734,39.179],[36.821,39.166],[36.9,39.133],[36.936,39.044],[36.894,38.95],[36.871,38.913],[36.852,38.876],[36.825,38.796],[36.785,38.705],[36.781,38.689],[36.774,38.674],[36.75,38.64],[36.747,38.599],[36.714,38.583],[36.694,38.552],[36.682,38.5],[36.65,38.459],[36.573,38.389],[36.542,38.353],[36.506,38.323],[36.463,38.358],[36.437,38.41],[36.4,38.457],[36.348,38.475],[36.267,38.458],[36.19,38.424],[36.146,38.395],[36.103,38.312],[36.076,38.282],[36.033,38.213],[35.979,38.155],[35.608,37.954],[35.63,37.77],[35.577,37.75],[35.454,37.789],[35.363,37.807],[35.191,37.818]]]}},{"type":"Feature","id":"TR-39","properties":{"id":"TR-39","countryCode":"TR","isoSubdivision":"TR-39","name":"Kırklareli","name_en":"Kırklareli","name_ko":"키르클라렐리","type":"Province","labelLongitude":27.492,"labelLatitude":41.62,"minZoom":7},"geometry":{"type":"Polygon","coordinates":[[[27.238,42.098],[27.273,42.092],[27.305,42.078],[27.332,42.057],[27.375,42.009],[27.397,41.989],[27.421,41.974],[27.494,41.943],[27.509,41.933],[27.533,41.908],[27.546,41.901],[27.563,41.906],[27.549,41.911],[27.551,41.913],[27.557,41.916],[27.561,41.918],[27.558,41.919],[27.555,41.92],[27.552,41.922],[27.551,41.924],[27.572,41.93],[27.582,41.935],[27.591,41.943],[27.598,41.939],[27.603,41.939],[27.607,41.944],[27.609,41.953],[27.687,41.969],[27.724,41.968],[27.776,41.946],[27.79,41.943],[27.803,41.943],[27.815,41.947],[27.818,41.953],[27.803,41.96],[27.805,41.97],[27.805,41.983],[27.808,41.993],[27.812,41.995],[27.816,41.995],[27.82,41.995],[27.824,41.993],[27.843,41.996],[27.852,41.995],[27.877,41.991],[27.903,41.981],[27.917,41.978],[27.966,41.982],[27.981,41.979],[28.017,41.973],[28.031,41.925],[28.031,41.914],[28.036,41.911],[28.042,41.905],[28.047,41.897],[28.045,41.89],[28.036,41.886],[28.026,41.887],[28.007,41.893],[27.991,41.893],[27.978,41.887],[27.969,41.874],[27.966,41.849],[27.972,41.822],[27.987,41.804],[28.005,41.789],[28.021,41.77],[28.04,41.725],[28.052,41.712],[28.07,41.699],[28.078,41.692],[28.083,41.682],[28.086,41.68],[28.088,41.677],[28.09,41.671],[28.087,41.667],[28.082,41.667],[28.077,41.667],[28.076,41.661],[28.083,41.645],[28.097,41.627],[28.113,41.612],[28.142,41.599],[28.157,41.584],[28.178,41.558],[28.203,41.54],[28.157,41.492],[28.156,41.492],[27.98,41.478],[27.807,41.461],[27.699,41.442],[27.601,41.42],[27.554,41.367],[27.518,41.311],[27.46,41.278],[27.396,41.265],[27.34,41.292],[27.296,41.337],[27.24,41.365],[27.123,41.365],[26.96,41.355],[26.81,41.33],[26.78,41.376],[26.828,41.452],[26.844,41.524],[26.884,41.571],[26.906,41.667],[26.895,41.764],[26.863,41.859],[26.838,41.974],[26.838,41.975],[26.85,41.983],[26.861,41.988],[26.872,41.988],[26.881,41.986],[26.89,41.985],[26.901,41.993],[26.911,41.997],[26.93,41.995],[26.939,41.996],[26.95,42.006],[26.958,42.018],[26.967,42.028],[26.981,42.033],[27,42.043],[27.023,42.074],[27.047,42.083],[27.048,42.083],[27.066,42.083],[27.084,42.078],[27.101,42.071],[27.116,42.062],[27.127,42.063],[27.15,42.062],[27.174,42.057],[27.178,42.058],[27.179,42.062],[27.182,42.066],[27.204,42.088],[27.216,42.096],[27.238,42.098]]]}},{"type":"Feature","id":"TR-40","properties":{"id":"TR-40","countryCode":"TR","isoSubdivision":"TR-40","name":"Kırşehir","name_en":"Kırşehir","name_ko":"키르셰히르","type":"Province","labelLongitude":34.131,"labelLatitude":39.355,"minZoom":7},"geometry":{"type":"Polygon","coordinates":[[[33.93,39.001],[33.937,39.035],[33.875,39.053],[33.861,39.063],[33.829,39.074],[33.776,39.078],[33.756,39.089],[33.739,39.109],[33.725,39.118],[33.709,39.123],[33.658,39.156],[33.545,39.211],[33.524,39.267],[33.637,39.419],[33.799,39.52],[33.868,39.604],[33.913,39.707],[34.073,39.826],[34.093,39.81],[34.114,39.796],[34.168,39.795],[34.22,39.758],[34.27,39.714],[34.316,39.701],[34.395,39.701],[34.414,39.68],[34.423,39.657],[34.436,39.636],[34.574,39.505],[34.617,39.483],[34.668,39.476],[34.711,39.447],[34.737,39.4],[34.68,39.393],[34.616,39.404],[34.595,39.394],[34.59,39.372],[34.599,39.336],[34.62,39.306],[34.633,39.255],[34.619,39.19],[34.649,39.149],[34.672,39.111],[34.63,39.069],[34.568,39.048],[34.513,39.022],[34.393,38.982],[34.371,38.929],[34.383,38.885],[34.386,38.862],[34.346,38.853],[34.236,38.927],[34.214,38.923],[34.171,38.928],[34.15,38.923],[34.1,38.9],[34.06,38.927],[34.046,38.967],[34.007,38.981],[33.985,38.98],[33.944,38.985],[33.93,39.001]]]}},{"type":"Feature","id":"TR-41","properties":{"id":"TR-41","countryCode":"TR","isoSubdivision":"TR-41","name":"Kocaeli","name_en":"Kocaeli","name_ko":"코자엘리","type":"Province","labelLongitude":29.94,"labelLatitude":40.901,"minZoom":7},"geometry":{"type":"Polygon","coordinates":[[[29.885,41.149],[30.137,41.144],[30.165,41.147],[30.18,41.152],[30.203,41.164],[30.217,41.167],[30.226,41.173],[30.234,41.184],[30.24,41.192],[30.248,41.188],[30.259,41.196],[30.271,41.211],[30.282,41.216],[30.296,41.207],[30.337,41.201],[30.37,41.181],[30.429,41.171],[30.424,41.156],[30.392,41.094],[30.41,41.043],[30.483,41.033],[30.488,41],[30.465,40.969],[30.459,40.936],[30.441,40.933],[30.385,40.932],[30.353,40.944],[30.313,40.95],[30.295,40.941],[30.303,40.919],[30.317,40.916],[30.329,40.91],[30.264,40.857],[30.224,40.709],[30.183,40.646],[30.125,40.617],[30.059,40.605],[30.028,40.591],[29.996,40.582],[29.926,40.577],[29.789,40.615],[29.72,40.604],[29.535,40.552],[29.477,40.55],[29.421,40.563],[29.429,40.601],[29.428,40.691],[29.429,40.691],[29.438,40.695],[29.45,40.699],[29.461,40.704],[29.466,40.711],[29.47,40.719],[29.479,40.724],[29.491,40.727],[29.501,40.729],[29.511,40.727],[29.528,40.722],[29.542,40.71],[29.549,40.691],[29.56,40.691],[29.753,40.725],[29.867,40.729],[29.904,40.716],[29.924,40.716],[29.939,40.735],[29.929,40.758],[29.89,40.763],[29.809,40.756],[29.803,40.754],[29.795,40.751],[29.787,40.749],[29.775,40.749],[29.764,40.753],[29.744,40.767],[29.738,40.77],[29.722,40.772],[29.687,40.782],[29.666,40.784],[29.429,40.776],[29.41,40.771],[29.394,40.762],[29.378,40.757],[29.357,40.762],[29.348,40.771],[29.344,40.78],[29.34,40.788],[29.329,40.79],[29.333,40.792],[29.336,40.795],[29.339,40.796],[29.343,40.798],[29.34,40.808],[29.333,40.815],[29.325,40.82],[29.315,40.824],[29.311,40.818],[29.302,40.824],[29.293,40.819],[29.282,40.815],[29.255,40.811],[29.255,40.817],[29.264,40.818],[29.271,40.822],[29.274,40.829],[29.275,40.839],[29.284,40.834],[29.288,40.831],[29.288,40.836],[29.288,40.838],[29.291,40.839],[29.295,40.839],[29.284,40.852],[29.264,40.87],[29.254,40.875],[29.288,40.909],[29.34,40.943],[29.365,40.953],[29.407,40.984],[29.451,41.009],[29.504,41.005],[29.551,40.974],[29.582,40.925],[29.611,40.907],[29.647,40.91],[29.664,40.933],[29.673,40.957],[29.731,40.988],[29.795,41.007],[29.849,41.029],[29.877,41.08],[29.874,41.111],[29.863,41.142],[29.885,41.149]]]}},{"type":"Feature","id":"TR-42","properties":{"id":"TR-42","countryCode":"TR","isoSubdivision":"TR-42","name":"Konya","name_en":"Konya","name_ko":"코니아","type":"Province","labelLongitude":32.469,"labelLatitude":38.04,"minZoom":7},"geometry":{"type":"Polygon","coordinates":[[[33.105,39.222],[33.148,39.197],[33.166,39.189],[33.223,39.175],[33.321,39.12],[33.374,39.023],[33.38,38.969],[33.375,38.915],[33.364,38.857],[33.366,38.799],[33.387,38.758],[33.413,38.72],[33.445,38.684],[33.467,38.644],[33.447,38.616],[33.39,38.565],[33.368,38.532],[33.353,38.453],[33.318,38.41],[33.294,38.357],[33.288,38.32],[33.272,38.286],[33.265,38.204],[33.301,38.127],[33.314,38.12],[33.325,38.109],[33.333,38.068],[33.348,38.029],[33.415,37.964],[33.456,37.933],[33.5,37.932],[33.619,37.952],[33.775,37.961],[33.854,37.958],[33.932,37.974],[34.009,37.998],[34.085,38.012],[34.16,38.002],[34.173,37.951],[34.206,37.91],[34.254,37.895],[34.3,37.875],[34.339,37.832],[34.373,37.784],[34.413,37.753],[34.445,37.717],[34.457,37.66],[34.433,37.609],[34.411,37.587],[34.394,37.561],[34.389,37.516],[34.389,37.486],[34.427,37.443],[34.452,37.427],[34.489,37.395],[34.512,37.352],[34.5,37.32],[34.482,37.309],[34.429,37.295],[34.399,37.282],[34.354,37.248],[34.298,37.225],[34.21,37.201],[34.183,37.188],[34.149,37.155],[34.125,37.195],[34.057,37.285],[33.998,37.336],[33.918,37.406],[33.805,37.504],[33.782,37.568],[33.786,37.583],[33.778,37.632],[33.737,37.643],[33.639,37.647],[33.594,37.624],[33.563,37.594],[33.514,37.541],[33.413,37.511],[33.258,37.504],[33.107,37.489],[33.013,37.459],[32.961,37.413],[32.844,37.308],[32.723,37.176],[32.629,37.078],[32.603,37.011],[32.61,36.976],[32.67,36.953],[32.73,36.95],[32.746,36.923],[32.742,36.893],[32.712,36.855],[32.568,36.742],[32.456,36.673],[32.463,36.742],[32.447,36.808],[32.426,36.832],[32.395,36.838],[32.349,36.841],[32.305,36.854],[32.29,36.881],[32.302,36.912],[32.327,36.928],[32.324,36.958],[32.292,36.974],[32.253,36.987],[32.186,37.037],[32.155,37.055],[32.128,37.076],[32.083,37.127],[32.033,37.169],[31.963,37.208],[31.899,37.255],[31.815,37.298],[31.559,37.341],[31.459,37.341],[31.415,37.355],[31.376,37.38],[31.353,37.4],[31.332,37.422],[31.359,37.478],[31.368,37.538],[31.354,37.574],[31.329,37.604],[31.329,37.639],[31.373,37.649],[31.405,37.681],[31.409,37.729],[31.451,37.781],[31.448,37.859],[31.425,37.938],[31.447,38.003],[31.479,38.019],[31.55,38.04],[31.614,38.072],[31.621,38.105],[31.548,38.155],[31.525,38.181],[31.491,38.193],[31.422,38.238],[31.361,38.3],[31.283,38.35],[31.254,38.423],[31.431,38.514],[31.507,38.577],[31.595,38.666],[31.598,38.689],[31.593,38.709],[31.592,38.729],[31.608,38.782],[31.638,38.829],[31.715,38.928],[31.724,38.967],[31.705,38.976],[31.675,39],[31.679,39.013],[31.685,39.026],[31.698,39.093],[31.757,39.086],[31.835,39.098],[31.85,39.114],[31.858,39.142],[31.861,39.171],[31.905,39.157],[31.948,39.136],[32.091,39.043],[32.127,39.034],[32.232,39.059],[32.282,39.064],[32.368,39.041],[32.4,39.027],[32.436,39],[32.479,38.997],[32.538,39.036],[32.601,39.058],[32.676,39.034],[32.722,39.054],[32.758,39.092],[32.86,39.157],[32.908,39.145],[32.966,39.111],[33.009,39.105],[33.024,39.124],[33.032,39.175],[33.043,39.202],[33.062,39.222],[33.105,39.222]]]}},{"type":"Feature","id":"TR-43","properties":{"id":"TR-43","countryCode":"TR","isoSubdivision":"TR-43","name":"Kütahya","name_en":"Kütahya","name_ko":"퀴타히아","type":"Province","labelLongitude":29.55,"labelLatitude":39.347,"minZoom":7},"geometry":{"type":"Polygon","coordinates":[[[29.678,39.906],[29.662,39.821],[29.666,39.779],[29.7,39.725],[29.716,39.709],[29.756,39.689],[29.791,39.677],[29.902,39.617],[29.945,39.608],[30.024,39.624],[30.099,39.632],[30.136,39.639],[30.174,39.591],[30.284,39.51],[30.312,39.45],[30.324,39.372],[30.424,39.269],[30.442,39.206],[30.372,39.122],[30.253,39.081],[30.234,39.04],[30.218,38.995],[30.192,38.953],[30.165,38.886],[30.124,38.833],[30.096,38.804],[29.888,38.707],[29.889,38.81],[29.841,38.853],[29.812,38.862],[29.688,38.885],[29.624,38.884],[29.597,38.878],[29.571,38.865],[29.554,38.809],[29.529,38.763],[29.471,38.76],[29.346,38.732],[29.273,38.729],[29.207,38.737],[29.146,38.767],[29.087,38.767],[29.032,38.73],[29.036,38.793],[29.015,38.84],[28.982,38.887],[28.991,38.948],[28.984,38.965],[28.974,38.982],[28.91,39.06],[28.881,39.075],[28.73,39.101],[28.709,39.113],[28.659,39.157],[28.666,39.167],[28.663,39.192],[28.658,39.204],[28.667,39.238],[28.706,39.253],[28.779,39.272],[28.811,39.291],[28.842,39.334],[28.85,39.348],[28.873,39.37],[28.896,39.4],[28.909,39.471],[28.922,39.5],[28.934,39.508],[28.941,39.521],[28.942,39.54],[28.947,39.56],[28.967,39.589],[29.005,39.566],[29.049,39.558],[29.119,39.552],[29.191,39.552],[29.246,39.579],[29.253,39.646],[29.274,39.691],[29.32,39.717],[29.348,39.797],[29.368,39.813],[29.379,39.836],[29.399,39.896],[29.45,39.923],[29.554,39.892],[29.586,39.889],[29.618,39.892],[29.647,39.904],[29.678,39.906]]]}},{"type":"Feature","id":"TR-44","properties":{"id":"TR-44","countryCode":"TR","isoSubdivision":"TR-44","name":"Malatya","name_en":"Malatya","name_ko":"말라티아","type":"Province","labelLongitude":38.187,"labelLatitude":38.514,"minZoom":7},"geometry":{"type":"Polygon","coordinates":[[[38.148,39.073],[38.212,39.088],[38.284,39.13],[38.362,39.15],[38.441,39.12],[38.536,39.116],[38.581,39.102],[38.624,39.082],[38.688,39.023],[38.617,39.02],[38.589,38.992],[38.59,38.951],[38.607,38.925],[38.619,38.896],[38.624,38.834],[38.624,38.813],[38.636,38.782],[38.632,38.776],[38.633,38.762],[38.632,38.752],[38.619,38.748],[38.509,38.757],[38.484,38.753],[38.471,38.741],[38.478,38.725],[38.473,38.707],[38.46,38.692],[38.447,38.686],[38.422,38.683],[38.402,38.673],[38.387,38.66],[38.376,38.645],[38.37,38.635],[38.364,38.616],[38.349,38.596],[38.351,38.589],[38.358,38.583],[38.361,38.573],[38.365,38.556],[38.374,38.537],[38.387,38.519],[38.403,38.508],[38.414,38.517],[38.426,38.512],[38.443,38.494],[38.457,38.485],[38.469,38.479],[38.482,38.476],[38.54,38.47],[38.567,38.465],[38.571,38.462],[38.588,38.45],[38.595,38.45],[38.601,38.453],[38.608,38.453],[38.689,38.421],[38.718,38.419],[38.779,38.437],[38.81,38.44],[38.834,38.426],[38.827,38.419],[38.853,38.405],[38.861,38.399],[38.884,38.369],[38.886,38.364],[38.911,38.361],[38.928,38.352],[38.957,38.33],[38.992,38.326],[39.073,38.348],[39.115,38.344],[39.132,38.33],[39.145,38.308],[39.149,38.284],[39.115,38.193],[39.069,38.151],[39.016,38.131],[38.973,38.123],[38.932,38.107],[38.905,38.103],[38.877,38.102],[38.803,38.09],[38.733,38.098],[38.663,38.098],[38.603,38.11],[38.588,38.12],[38.571,38.126],[38.564,38.147],[38.584,38.158],[38.623,38.187],[38.619,38.219],[38.561,38.228],[38.501,38.215],[38.431,38.214],[38.358,38.149],[38.295,38.074],[38.217,38.04],[38.191,38.001],[38.189,37.949],[38.128,37.905],[38.044,37.889],[38.009,37.875],[37.974,37.866],[37.931,37.87],[37.888,37.881],[37.796,37.871],[37.708,37.842],[37.565,37.82],[37.607,37.88],[37.658,38.027],[37.682,38.057],[37.697,38.069],[37.715,38.093],[37.721,38.123],[37.776,38.237],[37.782,38.278],[37.734,38.346],[37.655,38.375],[37.587,38.39],[37.46,38.45],[37.311,38.475],[37.292,38.473],[37.255,38.467],[37.237,38.467],[37.226,38.526],[37.284,38.604],[37.343,38.625],[37.394,38.661],[37.445,38.708],[37.467,38.714],[37.51,38.737],[37.58,38.797],[37.597,38.834],[37.591,38.857],[37.58,38.877],[37.561,38.922],[37.552,38.969],[37.574,39.008],[37.618,39.017],[37.702,38.984],[37.786,38.998],[37.822,39.017],[37.859,39.029],[37.895,39.048],[37.932,39.062],[38.01,39.064],[38.044,39.075],[38.08,39.08],[38.148,39.073]]]}},{"type":"Feature","id":"TR-45","properties":{"id":"TR-45","countryCode":"TR","isoSubdivision":"TR-45","name":"Manisa","name_en":"Manisa","name_ko":"마니사","type":"Province","labelLongitude":28.132,"labelLatitude":38.712,"minZoom":7},"geometry":{"type":"Polygon","coordinates":[[[28.659,39.157],[28.709,39.113],[28.73,39.101],[28.881,39.075],[28.91,39.06],[28.974,38.982],[28.984,38.965],[28.991,38.948],[28.982,38.887],[29.015,38.84],[29.036,38.793],[29.032,38.73],[28.995,38.701],[28.918,38.654],[28.906,38.634],[28.877,38.608],[28.848,38.6],[28.852,38.565],[28.88,38.557],[28.903,38.535],[28.907,38.513],[28.908,38.489],[28.915,38.441],[28.908,38.393],[28.895,38.363],[28.875,38.338],[28.848,38.318],[28.838,38.303],[28.864,38.288],[28.894,38.287],[28.931,38.255],[28.838,38.239],[28.794,38.17],[28.798,38.144],[28.784,38.12],[28.743,38.104],[28.698,38.104],[28.562,38.106],[28.517,38.159],[28.476,38.262],[28.448,38.29],[28.403,38.299],[28.38,38.301],[28.345,38.309],[28.325,38.327],[28.299,38.331],[28.261,38.322],[28.163,38.309],[28.136,38.359],[28.095,38.395],[28.065,38.387],[28.034,38.388],[27.986,38.405],[27.939,38.407],[27.922,38.375],[27.899,38.342],[27.848,38.333],[27.806,38.363],[27.798,38.378],[27.786,38.41],[27.778,38.425],[27.7,38.453],[27.63,38.492],[27.614,38.547],[27.583,38.57],[27.563,38.573],[27.451,38.571],[27.38,38.576],[27.321,38.616],[27.295,38.685],[27.272,38.708],[27.256,38.713],[27.228,38.735],[27.233,38.756],[27.261,38.792],[27.291,38.817],[27.309,38.85],[27.315,38.888],[27.327,38.925],[27.382,38.954],[27.445,38.974],[27.51,39.017],[27.538,39.041],[27.545,39.094],[27.508,39.148],[27.492,39.184],[27.459,39.304],[27.42,39.38],[27.497,39.411],[27.543,39.395],[27.586,39.367],[27.656,39.352],[27.726,39.359],[27.768,39.357],[27.807,39.342],[27.823,39.34],[27.855,39.344],[27.871,39.345],[27.896,39.313],[27.866,39.272],[27.854,39.236],[27.893,39.222],[27.968,39.243],[27.985,39.236],[27.991,39.222],[28.074,39.153],[28.125,39.063],[28.171,39.05],[28.213,39.064],[28.256,39.071],[28.294,39.088],[28.321,39.116],[28.361,39.122],[28.405,39.119],[28.443,39.123],[28.48,39.131],[28.572,39.167],[28.659,39.157]]]}},{"type":"Feature","id":"TR-46","properties":{"id":"TR-46","countryCode":"TR","isoSubdivision":"TR-46","name":"Kahramanmaraş","name_en":"Kahramanmaraş","name_ko":"카라만마라슈","type":"Province","labelLongitude":37.001,"labelLatitude":37.928,"minZoom":7},"geometry":{"type":"Polygon","coordinates":[[[36.506,38.323],[36.542,38.353],[36.573,38.389],[36.65,38.459],[36.682,38.5],[36.694,38.552],[36.714,38.583],[36.747,38.599],[36.879,38.625],[37.009,38.611],[37.034,38.597],[37.06,38.588],[37.284,38.604],[37.226,38.526],[37.237,38.467],[37.255,38.467],[37.292,38.473],[37.311,38.475],[37.46,38.45],[37.587,38.39],[37.655,38.375],[37.734,38.346],[37.782,38.278],[37.776,38.237],[37.721,38.123],[37.715,38.093],[37.697,38.069],[37.682,38.057],[37.658,38.027],[37.607,37.88],[37.565,37.82],[37.517,37.772],[37.462,37.734],[37.422,37.694],[37.422,37.635],[37.457,37.59],[37.517,37.572],[37.625,37.519],[37.623,37.489],[37.63,37.46],[37.617,37.414],[37.575,37.392],[37.512,37.393],[37.449,37.386],[37.315,37.349],[37.19,37.331],[37.134,37.31],[37.043,37.233],[36.966,37.253],[36.938,37.342],[36.89,37.367],[36.842,37.315],[36.721,37.271],[36.678,37.322],[36.624,37.363],[36.589,37.382],[36.551,37.39],[36.47,37.377],[36.441,37.372],[36.404,37.361],[36.371,37.356],[36.354,37.371],[36.342,37.367],[36.329,37.364],[36.319,37.36],[36.312,37.35],[36.304,37.349],[36.262,37.389],[36.257,37.455],[36.247,37.468],[36.233,37.478],[36.22,37.506],[36.229,37.537],[36.257,37.561],[36.279,37.591],[36.28,37.669],[36.307,37.697],[36.326,37.706],[36.36,37.732],[36.362,37.773],[36.331,37.834],[36.324,37.881],[36.326,37.912],[36.339,37.978],[36.368,38.042],[36.418,38.219],[36.449,38.281],[36.506,38.323]]]}},{"type":"Feature","id":"TR-47","properties":{"id":"TR-47","countryCode":"TR","isoSubdivision":"TR-47","name":"Mardin","name_en":"Mardin","name_ko":"마르딘","type":"Province","labelLongitude":40.953,"labelLatitude":37.428,"minZoom":7},"geometry":{"type":"Polygon","coordinates":[[[41.896,37.154],[41.48,37.076],[41.201,37.065],[41.18,37.07],[41.135,37.084],[40.896,37.123],[40.709,37.1],[40.659,37.085],[40.526,37.026],[40.48,37.015],[40.457,37.014],[40.435,37.011],[40.414,37.004],[40.394,36.994],[40.261,36.923],[40.218,36.942],[40.128,37.069],[40.137,37.149],[40.125,37.17],[40.074,37.211],[40.042,37.233],[40.014,37.258],[40,37.376],[40.098,37.476],[40.143,37.509],[40.252,37.569],[40.301,37.584],[40.412,37.652],[40.492,37.657],[40.539,37.707],[40.552,37.73],[40.662,37.748],[41.012,37.741],[41.075,37.765],[41.101,37.766],[41.12,37.758],[41.19,37.688],[41.26,37.572],[41.368,37.519],[41.521,37.543],[41.632,37.609],[41.817,37.714],[41.876,37.589],[41.905,37.502],[41.893,37.436],[41.818,37.407],[41.723,37.366],[41.682,37.328],[41.698,37.287],[41.814,37.258],[41.876,37.217],[41.896,37.155],[41.896,37.154]]]}},{"type":"Feature","id":"TR-48","properties":{"id":"TR-48","countryCode":"TR","isoSubdivision":"TR-48","name":"Muğla","name_en":"Muğla","name_ko":"물라","type":"Province","labelLongitude":28.648,"labelLatitude":37.05,"minZoom":7},"geometry":{"type":"Polygon","coordinates":[[[29.261,36.294],[29.257,36.297],[29.248,36.312],[29.235,36.324],[29.175,36.34],[29.158,36.357],[29.145,36.349],[29.141,36.362],[29.142,36.365],[29.145,36.37],[29.145,36.377],[29.117,36.377],[29.124,36.383],[29.113,36.389],[29.106,36.391],[29.096,36.391],[29.101,36.4],[29.109,36.406],[29.119,36.41],[29.13,36.411],[29.13,36.416],[29.129,36.417],[29.128,36.417],[29.124,36.418],[29.13,36.437],[29.124,36.454],[29.111,36.467],[29.096,36.473],[29.096,36.48],[29.11,36.489],[29.116,36.491],[29.124,36.493],[29.124,36.501],[29.12,36.536],[29.115,36.553],[29.104,36.548],[29.096,36.548],[29.084,36.56],[29.036,36.545],[29.014,36.548],[29.033,36.552],[29.037,36.561],[29.031,36.575],[29.021,36.59],[29.026,36.596],[29.035,36.615],[29.042,36.624],[29.056,36.614],[29.068,36.624],[29.081,36.639],[29.096,36.644],[29.096,36.638],[29.091,36.627],[29.099,36.624],[29.111,36.626],[29.117,36.634],[29.115,36.643],[29.109,36.652],[29.102,36.66],[29.096,36.665],[29.034,36.701],[28.956,36.728],[28.946,36.737],[28.939,36.751],[28.923,36.741],[28.904,36.723],[28.891,36.712],[28.891,36.706],[28.898,36.706],[28.898,36.699],[28.879,36.698],[28.871,36.696],[28.864,36.693],[28.86,36.684],[28.863,36.675],[28.862,36.668],[28.85,36.665],[28.855,36.657],[28.858,36.654],[28.864,36.651],[28.857,36.644],[28.867,36.635],[28.87,36.631],[28.877,36.631],[28.882,36.641],[28.888,36.648],[28.89,36.658],[28.884,36.671],[28.902,36.658],[28.895,36.641],[28.878,36.626],[28.864,36.617],[28.87,36.607],[28.859,36.601],[28.842,36.6],[28.829,36.603],[28.819,36.612],[28.819,36.621],[28.827,36.628],[28.843,36.631],[28.843,36.638],[28.825,36.645],[28.815,36.652],[28.805,36.655],[28.788,36.651],[28.783,36.677],[28.746,36.698],[28.702,36.705],[28.672,36.693],[28.665,36.693],[28.66,36.711],[28.649,36.718],[28.636,36.715],[28.623,36.699],[28.616,36.706],[28.604,36.734],[28.613,36.747],[28.617,36.767],[28.614,36.785],[28.604,36.795],[28.603,36.8],[28.605,36.801],[28.607,36.801],[28.61,36.802],[28.608,36.805],[28.606,36.807],[28.606,36.81],[28.61,36.816],[28.604,36.816],[28.599,36.807],[28.597,36.803],[28.597,36.795],[28.591,36.799],[28.591,36.8],[28.589,36.808],[28.576,36.82],[28.546,36.823],[28.524,36.813],[28.528,36.789],[28.518,36.796],[28.508,36.798],[28.498,36.798],[28.487,36.802],[28.5,36.809],[28.5,36.816],[28.478,36.816],[28.464,36.819],[28.456,36.829],[28.453,36.85],[28.459,36.849],[28.464,36.85],[28.466,36.853],[28.465,36.859],[28.463,36.862],[28.46,36.864],[28.459,36.867],[28.457,36.878],[28.452,36.884],[28.447,36.883],[28.445,36.874],[28.436,36.865],[28.416,36.86],[28.387,36.857],[28.377,36.854],[28.377,36.848],[28.384,36.841],[28.391,36.836],[28.397,36.835],[28.405,36.838],[28.415,36.837],[28.425,36.829],[28.414,36.815],[28.407,36.8],[28.396,36.789],[28.377,36.789],[28.325,36.81],[28.315,36.816],[28.309,36.816],[28.313,36.8],[28.315,36.795],[28.289,36.794],[28.278,36.796],[28.274,36.805],[28.278,36.814],[28.289,36.818],[28.315,36.822],[28.315,36.829],[28.303,36.836],[28.289,36.846],[28.273,36.852],[28.257,36.846],[28.243,36.83],[28.237,36.813],[28.24,36.799],[28.253,36.789],[28.249,36.767],[28.289,36.743],[28.295,36.72],[28.283,36.727],[28.267,36.731],[28.253,36.728],[28.247,36.712],[28.24,36.715],[28.234,36.72],[28.233,36.715],[28.232,36.712],[28.23,36.709],[28.225,36.706],[28.23,36.705],[28.232,36.705],[28.234,36.699],[28.182,36.685],[28.162,36.673],[28.144,36.651],[28.131,36.629],[28.112,36.604],[28.088,36.589],[28.062,36.596],[28.058,36.59],[28.055,36.587],[28.051,36.585],[28.042,36.583],[28.044,36.579],[28.046,36.572],[28.048,36.569],[28.036,36.565],[28.026,36.564],[28.018,36.567],[28.014,36.576],[28.004,36.562],[27.991,36.56],[27.978,36.566],[27.966,36.576],[27.968,36.579],[27.971,36.586],[27.973,36.59],[27.968,36.593],[27.965,36.596],[27.959,36.603],[28.034,36.603],[28.054,36.61],[28.065,36.62],[28.075,36.631],[28.09,36.644],[28.076,36.658],[28.057,36.643],[28.048,36.638],[28.048,36.644],[28.058,36.653],[28.061,36.665],[28.058,36.677],[28.048,36.685],[28.038,36.691],[28.035,36.688],[28.034,36.675],[28.03,36.67],[28.019,36.671],[28.007,36.675],[28,36.679],[27.991,36.676],[27.98,36.676],[27.97,36.68],[27.966,36.689],[27.971,36.693],[28.007,36.699],[28,36.706],[28.021,36.705],[28.028,36.706],[28.032,36.709],[28.038,36.714],[28.042,36.718],[28.042,36.72],[28.08,36.722],[28.09,36.727],[28.086,36.711],[28.101,36.71],[28.116,36.719],[28.117,36.734],[28.107,36.739],[28.088,36.741],[28.082,36.747],[28.084,36.754],[28.092,36.759],[28.103,36.768],[28.11,36.775],[28.113,36.768],[28.118,36.764],[28.131,36.754],[28.125,36.771],[28.124,36.792],[28.118,36.801],[28.107,36.803],[28.095,36.801],[28.086,36.797],[28.069,36.775],[28.047,36.763],[28.039,36.764],[28.034,36.775],[28.02,36.763],[27.981,36.754],[27.966,36.747],[27.959,36.747],[27.954,36.76],[27.945,36.756],[27.932,36.747],[27.918,36.74],[27.912,36.754],[27.905,36.753],[27.898,36.745],[27.89,36.74],[27.883,36.744],[27.877,36.751],[27.87,36.753],[27.863,36.74],[27.856,36.74],[27.844,36.749],[27.826,36.757],[27.806,36.761],[27.788,36.754],[27.788,36.761],[27.776,36.756],[27.764,36.756],[27.752,36.759],[27.736,36.761],[27.719,36.756],[27.698,36.734],[27.684,36.727],[27.684,36.72],[27.687,36.711],[27.673,36.68],[27.671,36.658],[27.638,36.671],[27.62,36.676],[27.603,36.679],[27.585,36.677],[27.57,36.674],[27.56,36.675],[27.555,36.685],[27.486,36.665],[27.482,36.658],[27.478,36.653],[27.473,36.651],[27.468,36.653],[27.456,36.663],[27.448,36.665],[27.426,36.669],[27.416,36.669],[27.404,36.665],[27.402,36.677],[27.394,36.684],[27.383,36.685],[27.37,36.679],[27.371,36.683],[27.369,36.684],[27.366,36.684],[27.363,36.685],[27.369,36.691],[27.369,36.697],[27.364,36.703],[27.356,36.706],[27.356,36.712],[27.368,36.708],[27.385,36.705],[27.402,36.705],[27.414,36.709],[27.423,36.72],[27.427,36.736],[27.438,36.747],[27.45,36.754],[27.459,36.756],[27.483,36.754],[27.557,36.763],[27.592,36.761],[27.612,36.765],[27.617,36.776],[27.618,36.79],[27.623,36.802],[27.645,36.806],[27.691,36.784],[27.705,36.789],[27.721,36.782],[27.735,36.782],[27.748,36.784],[27.76,36.781],[27.786,36.801],[27.799,36.807],[27.886,36.809],[27.897,36.812],[27.904,36.806],[27.92,36.8],[27.94,36.796],[27.959,36.795],[27.994,36.798],[28.011,36.794],[28.028,36.781],[28.031,36.792],[28.037,36.797],[28.055,36.809],[28.049,36.821],[28.04,36.827],[28.026,36.829],[28.007,36.829],[28.014,36.836],[28.023,36.833],[28.025,36.839],[28.019,36.849],[28.007,36.857],[28.012,36.858],[28.014,36.859],[28.017,36.861],[28.021,36.863],[28.029,36.86],[28.036,36.863],[28.045,36.867],[28.055,36.871],[28.055,36.877],[28.035,36.893],[28.028,36.903],[28.021,36.912],[28.034,36.904],[28.042,36.912],[28.036,36.915],[28.033,36.918],[28.031,36.921],[28.028,36.926],[28.036,36.925],[28.053,36.927],[28.062,36.926],[28.062,36.932],[28.042,36.932],[28.042,36.939],[28.065,36.939],[28.075,36.937],[28.082,36.932],[28.089,36.937],[28.094,36.938],[28.098,36.936],[28.103,36.932],[28.11,36.932],[28.12,36.938],[28.142,36.929],[28.152,36.932],[28.157,36.932],[28.159,36.925],[28.165,36.912],[28.168,36.917],[28.168,36.919],[28.167,36.921],[28.165,36.926],[28.168,36.93],[28.168,36.933],[28.164,36.936],[28.157,36.939],[28.157,36.946],[28.167,36.947],[28.174,36.946],[28.181,36.943],[28.185,36.939],[28.205,36.966],[28.212,36.973],[28.212,36.981],[28.199,36.981],[28.207,36.99],[28.212,37],[28.229,36.991],[28.245,36.988],[28.253,36.994],[28.247,37.008],[28.3,37.025],[28.33,37.03],[28.329,37.037],[28.323,37.044],[28.315,37.049],[28.305,37.051],[28.174,37.035],[28.126,37.036],[28.107,37.032],[28.11,37.021],[28.11,37.014],[28.093,37.021],[27.987,37.035],[27.976,37.032],[27.963,37.024],[27.952,37.021],[27.941,37.022],[27.911,37.028],[27.886,37.026],[27.805,37.005],[27.794,37.008],[27.788,37.008],[27.786,37.004],[27.78,36.994],[27.773,36.996],[27.763,36.997],[27.751,36.997],[27.74,36.994],[27.72,37.005],[27.688,37.005],[27.656,36.997],[27.636,36.981],[27.618,36.989],[27.59,36.998],[27.567,36.997],[27.562,36.973],[27.539,36.987],[27.528,36.991],[27.514,36.994],[27.484,36.991],[27.473,36.994],[27.463,37.001],[27.445,37.023],[27.438,37.028],[27.424,37.027],[27.408,37.017],[27.402,37.024],[27.404,37.028],[27.397,37.028],[27.395,37.018],[27.383,36.994],[27.379,36.999],[27.379,37.001],[27.381,37.002],[27.383,37.008],[27.382,37.009],[27.38,37.009],[27.378,37.01],[27.376,37.014],[27.381,37.018],[27.382,37.019],[27.38,37.021],[27.376,37.028],[27.367,37.023],[27.341,37.018],[27.329,37.014],[27.329,37.008],[27.333,36.997],[27.327,36.986],[27.315,36.977],[27.301,36.973],[27.305,36.963],[27.308,36.959],[27.299,36.961],[27.294,36.962],[27.287,36.959],[27.281,36.967],[27.263,36.963],[27.253,36.978],[27.247,37],[27.246,37.018],[27.241,37.034],[27.232,37.047],[27.229,37.062],[27.239,37.083],[27.248,37.083],[27.264,37.089],[27.282,37.098],[27.294,37.11],[27.287,37.115],[27.279,37.118],[27.27,37.116],[27.26,37.11],[27.257,37.114],[27.255,37.117],[27.253,37.124],[27.26,37.118],[27.272,37.129],[27.303,37.12],[27.322,37.124],[27.321,37.131],[27.323,37.139],[27.325,37.148],[27.322,37.159],[27.333,37.156],[27.34,37.151],[27.343,37.142],[27.342,37.13],[27.349,37.13],[27.354,37.141],[27.362,37.149],[27.369,37.151],[27.376,37.144],[27.379,37.147],[27.381,37.148],[27.381,37.149],[27.383,37.152],[27.383,37.135],[27.387,37.13],[27.394,37.131],[27.404,37.13],[27.412,37.126],[27.418,37.121],[27.425,37.12],[27.438,37.124],[27.436,37.121],[27.435,37.12],[27.433,37.12],[27.431,37.118],[27.446,37.097],[27.46,37.09],[27.475,37.093],[27.501,37.107],[27.522,37.115],[27.531,37.121],[27.542,37.126],[27.565,37.126],[27.576,37.13],[27.576,37.138],[27.562,37.136],[27.559,37.134],[27.555,37.13],[27.547,37.162],[27.54,37.178],[27.528,37.185],[27.528,37.193],[27.575,37.201],[27.588,37.199],[27.576,37.179],[27.587,37.181],[27.595,37.186],[27.61,37.2],[27.594,37.204],[27.589,37.211],[27.589,37.231],[27.592,37.235],[27.604,37.242],[27.61,37.247],[27.613,37.255],[27.614,37.268],[27.616,37.275],[27.604,37.281],[27.603,37.282],[27.594,37.284],[27.592,37.281],[27.592,37.277],[27.589,37.275],[27.565,37.276],[27.553,37.273],[27.548,37.265],[27.543,37.25],[27.531,37.236],[27.515,37.229],[27.5,37.234],[27.518,37.246],[27.52,37.259],[27.509,37.268],[27.486,37.268],[27.483,37.264],[27.474,37.256],[27.464,37.252],[27.459,37.258],[27.461,37.268],[27.468,37.277],[27.486,37.295],[27.485,37.303],[27.49,37.314],[27.491,37.327],[27.48,37.344],[27.473,37.344],[27.469,37.316],[27.446,37.306],[27.418,37.309],[27.397,37.323],[27.389,37.345],[27.397,37.366],[27.415,37.382],[27.438,37.391],[27.427,37.406],[27.407,37.413],[27.403,37.413],[27.415,37.429],[27.469,37.522],[27.481,37.539],[27.512,37.553],[27.546,37.555],[27.581,37.536],[27.62,37.524],[27.7,37.515],[27.77,37.477],[27.816,37.471],[27.861,37.48],[27.907,37.48],[27.95,37.462],[28.02,37.46],[28.141,37.467],[28.181,37.492],[28.216,37.547],[28.27,37.577],[28.343,37.565],[28.405,37.523],[28.478,37.492],[28.609,37.477],[28.621,37.46],[28.617,37.44],[28.617,37.411],[28.627,37.382],[28.653,37.375],[28.688,37.375],[28.735,37.36],[28.765,37.319],[28.778,37.272],[28.812,37.234],[28.886,37.225],[28.898,37.215],[28.917,37.188],[28.928,37.177],[29.002,37.15],[29.062,37.103],[29.075,37.065],[29.084,37.026],[29.087,36.993],[29.09,36.978],[29.115,36.958],[29.17,36.955],[29.27,36.912],[29.304,36.926],[29.325,36.947],[29.336,36.973],[29.343,37.038],[29.39,37.069],[29.413,37.018],[29.397,36.96],[29.435,36.947],[29.483,36.996],[29.604,37.009],[29.689,36.914],[29.58,36.716],[29.594,36.654],[29.575,36.599],[29.527,36.57],[29.481,36.537],[29.472,36.509],[29.477,36.482],[29.455,36.473],[29.424,36.484],[29.362,36.463],[29.329,36.408],[29.322,36.391],[29.313,36.376],[29.313,36.364],[29.314,36.352],[29.307,36.325],[29.289,36.305],[29.261,36.294]]]}},{"type":"Feature","id":"TR-49","properties":{"id":"TR-49","countryCode":"TR","isoSubdivision":"TR-49","name":"Muş","name_en":"Muş","name_ko":"무슈","type":"Province","labelLongitude":41.903,"labelLatitude":38.912,"minZoom":7},"geometry":{"type":"Polygon","coordinates":[[[41.834,39.169],[41.873,39.192],[41.915,39.211],[42.037,39.227],[42.068,39.249],[42.087,39.266],[42.156,39.299],[42.184,39.336],[42.178,39.382],[42.199,39.426],[42.336,39.479],[42.374,39.481],[42.411,39.486],[42.431,39.491],[42.459,39.429],[42.501,39.373],[42.533,39.351],[42.563,39.323],[42.58,39.296],[42.606,39.277],[42.641,39.235],[42.636,39.171],[42.642,39.157],[42.642,39.142],[42.632,39.103],[42.624,39.054],[42.628,39.002],[42.556,38.956],[42.473,38.932],[42.31,38.946],[42.275,38.937],[42.243,38.918],[42.202,38.906],[42.16,38.902],[42.14,38.891],[42.128,38.844],[42.106,38.83],[42.018,38.832],[41.999,38.795],[42.031,38.756],[42.038,38.713],[41.996,38.685],[41.937,38.634],[41.867,38.603],[41.696,38.613],[41.542,38.568],[41.531,38.554],[41.475,38.548],[41.421,38.535],[41.39,38.542],[41.378,38.569],[41.39,38.609],[41.378,38.649],[41.311,38.688],[41.26,38.739],[41.253,38.765],[41.24,38.789],[41.219,38.803],[41.207,38.808],[41.186,38.831],[41.164,38.888],[41.195,38.966],[41.265,39.032],[41.277,39.073],[41.27,39.116],[41.243,39.155],[41.224,39.17],[41.201,39.202],[41.203,39.233],[41.202,39.248],[41.194,39.267],[41.188,39.275],[41.172,39.305],[41.177,39.327],[41.205,39.366],[41.365,39.387],[41.446,39.372],[41.483,39.353],[41.581,39.278],[41.639,39.214],[41.663,39.199],[41.748,39.171],[41.834,39.169]]]}},{"type":"Feature","id":"TR-50","properties":{"id":"TR-50","countryCode":"TR","isoSubdivision":"TR-50","name":"Nevşehir","name_en":"Nevşehir","name_ko":"네브셰히르","type":"Province","labelLongitude":34.641,"labelLatitude":38.742,"minZoom":7},"geometry":{"type":"Polygon","coordinates":[[[34.81,38.348],[34.759,38.36],[34.716,38.393],[34.69,38.404],[34.632,38.402],[34.547,38.382],[34.49,38.389],[34.452,38.408],[34.419,38.435],[34.378,38.46],[34.36,38.473],[34.359,38.522],[34.389,38.572],[34.381,38.617],[34.36,38.622],[34.317,38.616],[34.266,38.627],[34.22,38.651],[34.206,38.701],[34.241,38.746],[34.257,38.797],[34.225,38.886],[34.236,38.927],[34.346,38.853],[34.386,38.862],[34.383,38.885],[34.371,38.929],[34.393,38.982],[34.513,39.022],[34.568,39.048],[34.63,39.069],[34.672,39.111],[34.649,39.149],[34.619,39.19],[34.633,39.255],[34.62,39.306],[34.599,39.336],[34.59,39.372],[34.595,39.394],[34.616,39.404],[34.68,39.393],[34.737,39.4],[34.754,39.397],[34.783,39.387],[34.79,39.374],[34.794,39.353],[34.803,39.334],[34.829,39.31],[34.861,39.297],[34.881,39.266],[34.893,39.227],[34.974,39.188],[34.996,39.158],[34.987,39.134],[34.991,39.111],[35,39.09],[35.015,39.066],[35.028,39.041],[35.014,39.023],[35.004,39.002],[35.001,38.978],[35.001,38.953],[34.981,38.899],[34.953,38.848],[35,38.776],[35.069,38.705],[35.065,38.658],[35.075,38.613],[35.071,38.566],[34.982,38.455],[34.942,38.421],[34.915,38.379],[34.81,38.348]]]}},{"type":"Feature","id":"TR-51","properties":{"id":"TR-51","countryCode":"TR","isoSubdivision":"TR-51","name":"Niğde","name_en":"Niğde","name_ko":"니데","type":"Province","labelLongitude":34.709,"labelLatitude":37.897,"minZoom":7},"geometry":{"type":"Polygon","coordinates":[[[34.512,37.352],[34.489,37.395],[34.452,37.427],[34.427,37.443],[34.389,37.486],[34.389,37.516],[34.394,37.561],[34.411,37.587],[34.433,37.609],[34.457,37.66],[34.445,37.717],[34.413,37.753],[34.373,37.784],[34.339,37.832],[34.3,37.875],[34.254,37.895],[34.206,37.91],[34.173,37.951],[34.16,38.002],[34.49,38.389],[34.547,38.382],[34.632,38.402],[34.69,38.404],[34.716,38.393],[34.759,38.36],[34.81,38.348],[34.915,38.379],[34.985,38.228],[35.044,38.178],[35.206,38.177],[35.233,38.11],[35.223,38.067],[35.228,38.025],[35.248,37.99],[35.259,37.954],[35.212,37.931],[35.207,37.879],[35.191,37.818],[35.06,37.714],[34.962,37.701],[34.911,37.714],[34.86,37.717],[34.828,37.68],[34.833,37.63],[34.858,37.58],[34.865,37.553],[34.85,37.511],[34.836,37.499],[34.82,37.489],[34.795,37.457],[34.79,37.435],[34.792,37.388],[34.722,37.401],[34.652,37.378],[34.621,37.363],[34.587,37.353],[34.512,37.352]]]}},{"type":"Feature","id":"TR-52","properties":{"id":"TR-52","countryCode":"TR","isoSubdivision":"TR-52","name":"Ordu","name_en":"Ordu","name_ko":"오르두","type":"Province","labelLongitude":37.423,"labelLatitude":40.838,"minZoom":7},"geometry":{"type":"Polygon","coordinates":[[[37.152,41.147],[37.263,41.148],[37.299,41.14],[37.322,41.124],[37.334,41.119],[37.355,41.114],[37.378,41.112],[37.395,41.108],[37.419,41.088],[37.437,41.078],[37.478,41.068],[37.481,41.062],[37.505,41.043],[37.525,41.037],[37.565,41.04],[37.581,41.037],[37.586,41.042],[37.6,41.046],[37.608,41.05],[37.615,41.059],[37.628,41.085],[37.64,41.102],[37.655,41.118],[37.672,41.131],[37.69,41.14],[37.698,41.124],[37.715,41.115],[37.734,41.115],[37.751,41.126],[37.758,41.119],[37.784,41.123],[37.785,41.06],[37.803,41.043],[37.854,41.024],[37.868,41.016],[37.878,41.006],[37.896,40.982],[37.935,40.995],[37.982,40.99],[38.102,40.96],[38.114,40.958],[38.113,40.954],[38.115,40.919],[38.101,40.889],[38.079,40.87],[38.063,40.846],[38.063,40.815],[38.08,40.786],[38.085,40.752],[38.08,40.718],[38.084,40.684],[38.079,40.651],[38.067,40.632],[38.063,40.605],[38.158,40.524],[38.129,40.504],[38.095,40.492],[38.049,40.489],[38.008,40.481],[37.998,40.469],[37.995,40.44],[38.006,40.429],[38.002,40.412],[37.98,40.401],[37.898,40.404],[37.861,40.384],[37.831,40.353],[37.802,40.336],[37.767,40.332],[37.69,40.379],[37.635,40.461],[37.617,40.521],[37.584,40.569],[37.449,40.576],[37.22,40.698],[37.152,40.702],[37.085,40.694],[37.013,40.699],[36.947,40.72],[36.895,40.745],[36.812,40.766],[36.757,40.792],[36.712,40.799],[36.699,40.807],[36.688,40.836],[36.705,40.862],[36.726,40.867],[36.746,40.875],[36.789,40.878],[36.828,40.888],[36.866,40.904],[36.881,40.912],[36.92,40.946],[36.999,40.98],[37.042,41.042],[37.098,41.087],[37.151,41.141],[37.152,41.147]]]}},{"type":"Feature","id":"TR-53","properties":{"id":"TR-53","countryCode":"TR","isoSubdivision":"TR-53","name":"Rize","name_en":"Rize","name_ko":"리제","type":"Province","labelLongitude":40.869,"labelLatitude":40.947,"minZoom":7},"geometry":{"type":"Polygon","coordinates":[[[40.352,40.994],[40.465,41.05],[40.5,41.039],[40.529,41.036],[40.557,41.042],[40.588,41.057],[40.626,41.082],[40.64,41.085],[40.671,41.088],[40.686,41.092],[40.698,41.098],[40.758,41.158],[40.827,41.198],[40.839,41.201],[40.854,41.199],[40.897,41.188],[40.922,41.191],[40.96,41.211],[40.976,41.216],[40.997,41.218],[41.02,41.224],[41.043,41.232],[41.061,41.243],[41.101,41.274],[41.121,41.286],[41.147,41.29],[41.173,41.291],[41.191,41.296],[41.2,41.301],[41.202,41.298],[41.228,41.247],[41.236,41.207],[41.255,41.173],[41.274,41.16],[41.294,41.149],[41.307,41.133],[41.316,41.115],[41.356,41.1],[41.386,41.075],[41.359,41.029],[41.304,41.002],[41.29,40.981],[41.28,40.961],[41.26,40.946],[41.237,40.937],[41.142,40.853],[41.127,40.813],[41.051,40.778],[40.944,40.709],[40.902,40.698],[40.857,40.698],[40.822,40.687],[40.792,40.629],[40.732,40.616],[40.691,40.612],[40.651,40.604],[40.489,40.542],[40.475,40.606],[40.487,40.673],[40.424,40.794],[40.413,40.865],[40.388,40.932],[40.352,40.994]]]}},{"type":"Feature","id":"TR-54","properties":{"id":"TR-54","countryCode":"TR","isoSubdivision":"TR-54","name":"Sakarya","name_en":"Sakarya","name_ko":"사카리아","type":"Province","labelLongitude":30.444,"labelLatitude":40.66,"minZoom":7},"geometry":{"type":"Polygon","coordinates":[[[30.429,41.171],[30.699,41.122],[30.732,41.099],[30.748,41.092],[30.833,41.08],[30.956,41.082],[30.955,41.073],[30.96,41.044],[30.962,41.022],[30.904,40.982],[30.869,40.922],[30.876,40.892],[30.893,40.866],[30.896,40.835],[30.883,40.807],[30.893,40.78],[30.912,40.758],[30.891,40.727],[30.828,40.689],[30.831,40.657],[30.837,40.625],[30.825,40.596],[30.761,40.572],[30.691,40.574],[30.65,40.528],[30.622,40.466],[30.607,40.459],[30.595,40.449],[30.601,40.423],[30.622,40.403],[30.645,40.367],[30.626,40.331],[30.574,40.341],[30.499,40.34],[30.481,40.351],[30.458,40.379],[30.426,40.394],[30.387,40.394],[30.351,40.402],[30.308,40.399],[30.169,40.371],[30.081,40.391],[30.044,40.422],[30.005,40.448],[29.969,40.489],[29.941,40.534],[29.931,40.555],[29.926,40.577],[29.996,40.582],[30.028,40.591],[30.059,40.605],[30.125,40.617],[30.183,40.646],[30.224,40.709],[30.264,40.857],[30.329,40.91],[30.317,40.916],[30.303,40.919],[30.295,40.941],[30.313,40.95],[30.353,40.944],[30.385,40.932],[30.441,40.933],[30.459,40.936],[30.465,40.969],[30.488,41],[30.483,41.033],[30.41,41.043],[30.392,41.094],[30.424,41.156],[30.429,41.171]]]}},{"type":"Feature","id":"TR-55","properties":{"id":"TR-55","countryCode":"TR","isoSubdivision":"TR-55","name":"Samsun","name_en":"Samsun","name_ko":"삼순","type":"Province","labelLongitude":36.02,"labelLatitude":41.276,"minZoom":7},"geometry":{"type":"Polygon","coordinates":[[[35.5,41.642],[35.53,41.634],[35.577,41.63],[35.62,41.633],[35.641,41.639],[35.679,41.657],[35.741,41.665],[35.846,41.699],[35.87,41.701],[35.894,41.707],[35.935,41.732],[35.957,41.736],[35.957,41.729],[35.952,41.723],[35.947,41.717],[35.939,41.712],[35.929,41.709],[35.931,41.694],[35.912,41.663],[35.915,41.646],[35.923,41.646],[35.925,41.67],[35.934,41.692],[35.948,41.71],[35.962,41.722],[35.973,41.729],[35.978,41.73],[36.038,41.688],[36.038,41.701],[36.045,41.701],[36.12,41.628],[36.134,41.599],[36.134,41.558],[36.131,41.548],[36.122,41.532],[36.121,41.527],[36.12,41.494],[36.124,41.479],[36.134,41.462],[36.179,41.42],[36.205,41.406],[36.237,41.359],[36.253,41.349],[36.303,41.329],[36.332,41.323],[36.337,41.319],[36.34,41.311],[36.341,41.301],[36.344,41.289],[36.352,41.284],[36.363,41.281],[36.375,41.277],[36.38,41.272],[36.39,41.26],[36.395,41.256],[36.405,41.254],[36.424,41.252],[36.432,41.246],[36.451,41.24],[36.476,41.245],[36.518,41.263],[36.571,41.298],[36.579,41.307],[36.583,41.317],[36.597,41.335],[36.6,41.341],[36.602,41.344],[36.609,41.365],[36.607,41.366],[36.62,41.375],[36.634,41.374],[36.65,41.369],[36.672,41.366],[36.758,41.366],[36.837,41.351],[36.985,41.295],[37.015,41.275],[37.032,41.243],[37.034,41.199],[37.04,41.182],[37.056,41.175],[37.077,41.171],[37.116,41.153],[37.136,41.147],[37.152,41.147],[37.151,41.141],[37.098,41.087],[37.042,41.042],[36.999,40.98],[36.92,40.946],[36.881,40.912],[36.866,40.904],[36.828,40.888],[36.789,40.878],[36.746,40.875],[36.726,40.867],[36.705,40.862],[36.687,40.887],[36.653,40.906],[36.6,40.907],[36.594,40.91],[36.587,40.903],[36.553,40.89],[36.443,40.87],[36.335,40.929],[36.32,40.95],[36.307,40.974],[36.279,40.997],[36.243,41.007],[36.203,40.988],[36.186,40.942],[36.155,40.901],[36.109,40.879],[36.073,40.855],[36.031,40.847],[35.953,40.876],[35.821,40.877],[35.782,40.883],[35.706,40.879],[35.673,40.886],[35.639,40.931],[35.494,41.015],[35.461,41.029],[35.4,41.021],[35.089,41.087],[35.052,41.094],[34.975,41.087],[34.959,41.125],[34.952,41.163],[34.94,41.2],[34.888,41.27],[34.904,41.279],[34.927,41.288],[34.942,41.3],[34.935,41.318],[34.944,41.326],[34.954,41.33],[34.979,41.331],[34.991,41.335],[35.024,41.359],[35.077,41.374],[35.102,41.385],[35.113,41.4],[35.124,41.392],[35.133,41.377],[35.139,41.359],[35.141,41.341],[35.147,41.332],[35.163,41.323],[35.196,41.311],[35.185,41.299],[35.194,41.293],[35.24,41.289],[35.248,41.286],[35.265,41.271],[35.296,41.258],[35.34,41.254],[35.383,41.26],[35.413,41.276],[35.414,41.277],[35.434,41.283],[35.485,41.273],[35.505,41.285],[35.497,41.344],[35.49,41.373],[35.476,41.394],[35.471,41.417],[35.474,41.446],[35.472,41.475],[35.456,41.524],[35.461,41.574],[35.5,41.642]]]}},{"type":"Feature","id":"TR-56","properties":{"id":"TR-56","countryCode":"TR","isoSubdivision":"TR-56","name":"Siirt","name_en":"Siirt","name_ko":"시이르트","type":"Province","labelLongitude":42.221,"labelLatitude":37.916,"minZoom":7},"geometry":{"type":"Polygon","coordinates":[[[42.06,38.227],[42.128,38.202],[42.186,38.155],[42.251,38.117],[42.323,38.093],[42.393,38.079],[42.438,38.064],[42.499,38.028],[42.6,37.983],[42.669,37.944],[42.707,37.946],[42.737,37.982],[42.741,38.029],[42.736,38.059],[42.736,38.09],[42.746,38.103],[42.759,38.115],[42.787,38.181],[42.865,38.185],[42.946,38.173],[43.016,38.152],[43.026,38.081],[43.023,38.04],[43.029,37.999],[43.025,37.957],[43.011,37.917],[43.008,37.858],[42.994,37.834],[42.983,37.806],[43.023,37.732],[43.012,37.675],[42.95,37.626],[42.781,37.638],[42.57,37.663],[42.368,37.704],[42.235,37.709],[42.157,37.647],[41.959,37.659],[41.817,37.714],[41.711,37.808],[41.529,37.866],[41.421,37.944],[41.413,38.01],[41.446,38.056],[41.562,38.081],[41.612,38.126],[41.632,38.18],[41.677,38.221],[41.78,38.19],[41.888,38.183],[41.974,38.201],[42.06,38.227]]]}},{"type":"Feature","id":"TR-57","properties":{"id":"TR-57","countryCode":"TR","isoSubdivision":"TR-57","name":"Sinop","name_en":"Sinop","name_ko":"시노프","type":"Province","labelLongitude":34.823,"labelLatitude":41.589,"minZoom":7},"geometry":{"type":"Polygon","coordinates":[[[34.216,41.96],[34.331,41.948],[34.445,41.973],[34.483,41.975],[34.499,41.972],[34.527,41.961],[34.562,41.952],[34.694,41.946],[34.746,41.95],[34.799,41.962],[34.815,41.969],[34.853,41.992],[34.889,42.008],[34.919,42.036],[34.942,42.069],[34.948,42.099],[34.962,42.095],[34.991,42.091],[35.003,42.085],[35.006,42.091],[35.01,42.093],[35.016,42.092],[35.024,42.093],[35.031,42.081],[35.042,42.072],[35.049,42.065],[35.044,42.058],[35.044,42.052],[35.082,42.029],[35.105,42.022],[35.134,42.024],[35.144,42.029],[35.16,42.041],[35.171,42.044],[35.186,42.042],[35.196,42.038],[35.216,42.024],[35.216,42.017],[35.163,42.022],[35.138,42.02],[35.117,42.007],[35.107,41.992],[35.099,41.97],[35.093,41.947],[35.092,41.928],[35.099,41.913],[35.126,41.875],[35.156,41.846],[35.209,41.811],[35.209,41.805],[35.196,41.805],[35.202,41.791],[35.212,41.775],[35.225,41.762],[35.254,41.751],[35.283,41.724],[35.298,41.715],[35.358,41.697],[35.401,41.692],[35.417,41.683],[35.449,41.661],[35.486,41.645],[35.5,41.642],[35.461,41.574],[35.456,41.524],[35.472,41.475],[35.474,41.446],[35.471,41.417],[35.476,41.394],[35.49,41.373],[35.497,41.344],[35.505,41.285],[35.485,41.273],[35.434,41.283],[35.414,41.277],[35.413,41.276],[35.383,41.26],[35.34,41.254],[35.296,41.258],[35.265,41.271],[35.248,41.286],[35.24,41.289],[35.194,41.293],[35.185,41.299],[35.196,41.311],[35.163,41.323],[35.147,41.332],[35.141,41.341],[35.139,41.359],[35.133,41.377],[35.124,41.392],[35.113,41.4],[35.102,41.385],[35.077,41.374],[35.024,41.359],[34.991,41.335],[34.979,41.331],[34.954,41.33],[34.944,41.326],[34.935,41.318],[34.942,41.3],[34.927,41.288],[34.904,41.279],[34.888,41.27],[34.885,41.263],[34.883,41.246],[34.881,41.239],[34.876,41.233],[34.858,41.221],[34.837,41.202],[34.724,41.229],[34.707,41.237],[34.696,41.252],[34.67,41.266],[34.641,41.272],[34.608,41.266],[34.574,41.271],[34.558,41.285],[34.536,41.288],[34.498,41.286],[34.472,41.311],[34.48,41.442],[34.469,41.461],[34.463,41.48],[34.472,41.519],[34.492,41.552],[34.521,41.574],[34.553,41.591],[34.588,41.657],[34.532,41.713],[34.466,41.727],[34.344,41.733],[34.284,41.745],[34.241,41.749],[34.205,41.748],[34.14,41.767],[34.142,41.8],[34.193,41.845],[34.221,41.904],[34.216,41.96]]]}},{"type":"Feature","id":"TR-58","properties":{"id":"TR-58","countryCode":"TR","isoSubdivision":"TR-58","name":"Sivas","name_en":"Sivas","name_ko":"시바스","type":"Province","labelLongitude":37.291,"labelLatitude":39.429,"minZoom":7},"geometry":{"type":"Polygon","coordinates":[[[37.98,40.401],[38.002,40.412],[38.006,40.429],[37.995,40.44],[37.998,40.469],[38.008,40.481],[38.049,40.489],[38.095,40.492],[38.129,40.504],[38.158,40.524],[38.24,40.285],[38.238,40.229],[38.275,40.186],[38.331,40.165],[38.392,40.128],[38.454,40.1],[38.556,40.119],[38.661,40.093],[38.762,40.055],[38.758,40.004],[38.737,39.965],[38.691,39.966],[38.646,39.972],[38.593,39.963],[38.546,39.937],[38.498,39.943],[38.451,39.971],[38.407,39.951],[38.369,39.868],[38.377,39.836],[38.446,39.838],[38.519,39.852],[38.54,39.833],[38.53,39.805],[38.51,39.802],[38.49,39.803],[38.453,39.787],[38.427,39.754],[38.379,39.703],[38.367,39.599],[38.344,39.565],[38.356,39.526],[38.391,39.5],[38.424,39.484],[38.447,39.46],[38.439,39.444],[38.403,39.426],[38.392,39.418],[38.384,39.409],[38.374,39.402],[38.361,39.399],[38.367,39.389],[38.368,39.371],[38.369,39.337],[38.382,39.309],[38.387,39.279],[38.383,39.262],[38.382,39.243],[38.388,39.227],[38.393,39.211],[38.384,39.177],[38.362,39.15],[38.284,39.13],[38.212,39.088],[38.148,39.073],[38.08,39.08],[38.044,39.075],[38.01,39.064],[37.932,39.062],[37.895,39.048],[37.859,39.029],[37.822,39.017],[37.786,38.998],[37.702,38.984],[37.618,39.017],[37.574,39.008],[37.552,38.969],[37.561,38.922],[37.58,38.877],[37.591,38.857],[37.597,38.834],[37.58,38.797],[37.51,38.737],[37.467,38.714],[37.445,38.708],[37.394,38.661],[37.343,38.625],[37.284,38.604],[37.06,38.588],[37.034,38.597],[37.009,38.611],[36.879,38.625],[36.747,38.599],[36.75,38.64],[36.774,38.674],[36.781,38.689],[36.785,38.705],[36.825,38.796],[36.852,38.876],[36.871,38.913],[36.894,38.95],[36.936,39.044],[36.9,39.133],[36.821,39.166],[36.734,39.179],[36.641,39.179],[36.551,39.155],[36.501,39.169],[36.452,39.198],[36.287,39.216],[36.21,39.195],[36.112,39.206],[36.017,39.259],[35.984,39.263],[35.951,39.274],[35.943,39.282],[35.93,39.303],[35.921,39.312],[35.872,39.332],[35.82,39.334],[35.858,39.369],[35.903,39.395],[35.935,39.428],[35.959,39.466],[35.99,39.502],[36.024,39.535],[36.11,39.587],[36.183,39.643],[36.213,39.724],[36.211,39.748],[36.2,39.77],[36.165,39.784],[36.117,39.85],[36.089,39.924],[36.322,39.96],[36.488,39.966],[36.635,40.01],[36.667,40.034],[36.686,40.073],[36.707,40.133],[36.734,40.191],[36.769,40.207],[36.808,40.217],[36.922,40.205],[36.959,40.217],[37.089,40.243],[37.182,40.253],[37.267,40.249],[37.351,40.259],[37.388,40.274],[37.422,40.296],[37.436,40.299],[37.451,40.299],[37.488,40.306],[37.524,40.317],[37.584,40.382],[37.635,40.461],[37.69,40.379],[37.767,40.332],[37.802,40.336],[37.831,40.353],[37.861,40.384],[37.898,40.404],[37.98,40.401]]]}},{"type":"Feature","id":"TR-59","properties":{"id":"TR-59","countryCode":"TR","isoSubdivision":"TR-59","name":"Tekirdağ","name_en":"Tekirdağ","name_ko":"테키르다","type":"Province","labelLongitude":27.455,"labelLatitude":41.082,"minZoom":7},"geometry":{"type":"Polygon","coordinates":[[[28.175,41.081],[28.165,41.085],[28.117,41.071],[28.11,41.068],[28.1,41.068],[28.045,41.05],[28.03,41.048],[28.013,41.041],[27.997,41.032],[27.987,41.024],[27.964,40.996],[27.958,40.983],[27.959,40.975],[27.941,40.971],[27.861,40.978],[27.846,40.986],[27.832,40.995],[27.815,41.003],[27.776,41.011],[27.738,41.013],[27.524,40.989],[27.493,40.975],[27.472,40.942],[27.447,40.862],[27.425,40.831],[27.331,40.761],[27.288,40.704],[27.198,40.653],[27.193,40.648],[27.182,40.636],[27.178,40.633],[27.167,40.63],[27.143,40.627],[27.115,40.614],[27.069,40.614],[27.048,40.612],[27.031,40.602],[27.001,40.57],[26.99,40.564],[26.964,40.561],[26.932,40.636],[26.932,40.715],[26.786,40.726],[26.761,40.791],[26.723,40.854],[26.716,40.935],[26.734,41.006],[26.765,41.065],[26.814,41.114],[26.829,41.173],[26.822,41.312],[26.81,41.33],[26.96,41.355],[27.123,41.365],[27.24,41.365],[27.296,41.337],[27.34,41.292],[27.396,41.265],[27.46,41.278],[27.518,41.311],[27.554,41.367],[27.601,41.42],[27.699,41.442],[27.807,41.461],[27.98,41.478],[28.156,41.492],[28.182,41.421],[28.193,41.355],[28.163,41.273],[28.149,41.213],[28.163,41.136],[28.175,41.081]]]}},{"type":"Feature","id":"TR-60","properties":{"id":"TR-60","countryCode":"TR","isoSubdivision":"TR-60","name":"Tokat","name_en":"Tokat","name_ko":"토카트","type":"Province","labelLongitude":36.572,"labelLatitude":40.444,"minZoom":7},"geometry":{"type":"Polygon","coordinates":[[[36.705,40.862],[36.688,40.836],[36.699,40.807],[36.712,40.799],[36.757,40.792],[36.812,40.766],[36.895,40.745],[36.947,40.72],[37.013,40.699],[37.085,40.694],[37.152,40.702],[37.22,40.698],[37.449,40.576],[37.584,40.569],[37.617,40.521],[37.635,40.461],[37.584,40.382],[37.524,40.317],[37.488,40.306],[37.451,40.299],[37.436,40.299],[37.422,40.296],[37.388,40.274],[37.351,40.259],[37.267,40.249],[37.182,40.253],[37.089,40.243],[36.959,40.217],[36.922,40.205],[36.808,40.217],[36.769,40.207],[36.734,40.191],[36.707,40.133],[36.686,40.073],[36.667,40.034],[36.635,40.01],[36.488,39.966],[36.322,39.96],[36.089,39.924],[36.078,39.945],[36.059,39.959],[36.039,39.988],[36.041,40.027],[36.048,40.083],[36.006,40.115],[35.965,40.105],[35.923,40.091],[35.876,40.084],[35.829,40.081],[35.75,40.093],[35.657,40.087],[35.578,40.129],[35.51,40.189],[35.549,40.253],[35.579,40.277],[35.633,40.295],[35.651,40.298],[35.686,40.31],[35.716,40.337],[35.742,40.366],[35.771,40.406],[35.816,40.481],[35.842,40.505],[35.925,40.51],[36.006,40.494],[36.031,40.477],[36.059,40.466],[36.081,40.462],[36.101,40.454],[36.118,40.444],[36.136,40.444],[36.197,40.466],[36.28,40.508],[36.295,40.518],[36.303,40.521],[36.31,40.524],[36.317,40.575],[36.397,40.588],[36.442,40.636],[36.442,40.673],[36.459,40.706],[36.494,40.746],[36.473,40.785],[36.457,40.79],[36.441,40.799],[36.421,40.814],[36.41,40.831],[36.422,40.845],[36.422,40.852],[36.415,40.852],[36.415,40.859],[36.443,40.87],[36.553,40.89],[36.587,40.903],[36.594,40.91],[36.6,40.907],[36.653,40.906],[36.687,40.887],[36.705,40.862]]]}},{"type":"Feature","id":"TR-61","properties":{"id":"TR-61","countryCode":"TR","isoSubdivision":"TR-61","name":"Trabzon","name_en":"Trabzon","name_ko":"트라브존","type":"Province","labelLongitude":39.803,"labelLatitude":40.799,"minZoom":7},"geometry":{"type":"Polygon","coordinates":[[[39.148,41.072],[39.157,41.078],[39.168,41.08],[39.201,41.078],[39.22,41.073],[39.251,41.053],[39.273,41.05],[39.29,41.055],[39.317,41.068],[39.337,41.071],[39.349,41.074],[39.403,41.098],[39.409,41.102],[39.412,41.107],[39.418,41.11],[39.43,41.112],[39.493,41.101],[39.507,41.09],[39.533,41.065],[39.592,41.025],[39.63,41.008],[39.67,41.003],[39.69,41.007],[39.71,41.015],[39.73,41.017],[39.757,41.002],[39.768,41.001],[39.79,41.003],[39.799,41],[39.859,40.964],[39.876,40.958],[39.896,40.955],[39.912,40.964],[39.975,40.98],[39.999,40.982],[40.057,40.941],[40.086,40.926],[40.126,40.921],[40.143,40.923],[40.173,40.932],[40.196,40.936],[40.231,40.947],[40.255,40.959],[40.301,40.968],[40.352,40.994],[40.388,40.932],[40.413,40.865],[40.424,40.794],[40.487,40.673],[40.475,40.606],[40.489,40.542],[40.469,40.539],[40.429,40.529],[40.327,40.53],[40.277,40.523],[40.228,40.511],[40.185,40.51],[40.102,40.531],[40.016,40.533],[39.975,40.55],[39.914,40.603],[39.884,40.612],[39.877,40.608],[39.863,40.599],[39.87,40.575],[39.855,40.561],[39.834,40.561],[39.786,40.622],[39.717,40.657],[39.686,40.639],[39.675,40.599],[39.659,40.587],[39.639,40.582],[39.579,40.588],[39.345,40.66],[39.279,40.712],[39.263,40.771],[39.221,40.79],[39.205,40.772],[39.184,40.759],[39.163,40.76],[39.144,40.771],[39.126,40.81],[39.117,40.901],[39.12,40.951],[39.148,41.072]]]}},{"type":"Feature","id":"TR-62","properties":{"id":"TR-62","countryCode":"TR","isoSubdivision":"TR-62","name":"Tunceli","name_en":"Tunceli","name_ko":"툰젤리","type":"Province","labelLongitude":39.636,"labelLatitude":39.152,"minZoom":7},"geometry":{"type":"Polygon","coordinates":[[[40.175,39.584],[40.186,39.583],[40.224,39.573],[40.243,39.565],[40.392,39.561],[40.473,39.551],[40.555,39.549],[40.515,39.513],[40.465,39.494],[40.439,39.496],[40.392,39.502],[40.376,39.492],[40.348,39.447],[40.302,39.421],[40.253,39.422],[40.208,39.408],[40.199,39.388],[40.19,39.372],[40.176,39.367],[40.105,39.37],[40.056,39.358],[40.042,39.338],[40.036,39.289],[40.025,39.263],[40.019,39.237],[40.04,39.162],[40.032,39.128],[40.015,39.097],[39.961,39.095],[39.911,39.086],[39.892,39.075],[39.879,39.059],[39.89,39.021],[39.894,38.985],[39.88,38.939],[39.854,38.896],[39.793,38.843],[39.7,38.814],[39.602,38.809],[39.567,38.811],[39.532,38.806],[39.506,38.78],[39.476,38.763],[39.451,38.769],[39.427,38.779],[39.409,38.775],[39.401,38.774],[39.378,38.796],[39.359,38.807],[39.314,38.818],[39.271,38.841],[39.225,38.858],[39.184,38.861],[39.144,38.871],[39.112,38.872],[39.081,38.887],[39.071,38.888],[39.051,38.884],[39.041,38.883],[38.999,38.897],[38.92,38.893],[38.841,38.877],[38.813,38.877],[38.77,38.91],[38.771,38.937],[38.785,38.964],[38.784,38.993],[38.746,39.038],[38.737,39.1],[38.729,39.106],[38.721,39.111],[38.717,39.134],[38.72,39.158],[38.728,39.163],[38.733,39.164],[38.756,39.173],[38.77,39.23],[38.794,39.241],[38.82,39.245],[38.848,39.258],[38.834,39.277],[38.821,39.307],[38.837,39.339],[38.896,39.356],[38.908,39.361],[38.919,39.378],[38.934,39.394],[38.963,39.392],[38.988,39.402],[39.006,39.429],[39.033,39.446],[39.132,39.475],[39.185,39.484],[39.237,39.476],[39.279,39.484],[39.319,39.501],[39.396,39.497],[39.472,39.482],[39.551,39.483],[39.704,39.501],[39.774,39.519],[39.819,39.563],[39.856,39.572],[39.91,39.548],[39.989,39.532],[40.081,39.557],[40.102,39.56],[40.14,39.574],[40.172,39.581],[40.175,39.584]]]}},{"type":"Feature","id":"TR-63","properties":{"id":"TR-63","countryCode":"TR","isoSubdivision":"TR-63","name":"Şanlıurfa","name_en":"Şanlıurfa","name_ko":"샨리우르파","type":"Province","labelLongitude":39.051,"labelLatitude":37.319,"minZoom":7},"geometry":{"type":"Polygon","coordinates":[[[39.442,36.692],[39.24,36.661],[39.186,36.66],[39.032,36.701],[38.98,36.698],[38.958,36.693],[38.795,36.687],[38.725,36.694],[38.664,36.72],[38.635,36.744],[38.529,36.834],[38.48,36.856],[38.29,36.902],[38.224,36.908],[38.19,36.906],[38.123,36.885],[38.026,36.835],[38.021,36.844],[38.019,36.858],[38.021,36.871],[38.029,36.877],[38.041,36.88],[38.036,36.889],[38.019,36.904],[38.015,36.913],[38.013,36.924],[38.012,36.949],[38.008,36.957],[37.981,36.977],[37.967,36.99],[37.964,36.999],[37.964,37.014],[37.977,37.038],[37.979,37.05],[37.968,37.055],[37.954,37.053],[37.931,37.043],[37.923,37.042],[37.913,37.047],[37.904,37.055],[37.894,37.06],[37.882,37.055],[37.869,37.065],[37.868,37.078],[37.875,37.107],[37.876,37.131],[37.874,37.14],[37.868,37.152],[37.851,37.173],[37.844,37.187],[37.841,37.203],[37.844,37.219],[37.853,37.226],[37.862,37.225],[37.868,37.213],[37.875,37.213],[37.874,37.234],[37.867,37.249],[37.855,37.26],[37.841,37.268],[37.852,37.304],[37.858,37.313],[37.865,37.318],[37.873,37.321],[37.879,37.325],[37.886,37.351],[37.896,37.364],[37.93,37.391],[37.974,37.435],[37.99,37.445],[38.006,37.445],[38.023,37.443],[38.04,37.446],[38.054,37.436],[38.066,37.437],[38.094,37.453],[38.108,37.441],[38.126,37.434],[38.17,37.426],[38.175,37.423],[38.177,37.414],[38.18,37.412],[38.186,37.413],[38.188,37.415],[38.19,37.417],[38.193,37.418],[38.197,37.424],[38.197,37.436],[38.198,37.448],[38.207,37.453],[38.25,37.449],[38.266,37.454],[38.272,37.476],[38.283,37.477],[38.341,37.494],[38.372,37.484],[38.495,37.501],[38.515,37.511],[38.575,37.561],[38.588,37.579],[38.597,37.583],[38.646,37.624],[38.868,37.651],[38.819,37.681],[38.8,37.697],[38.821,37.707],[38.823,37.704],[38.836,37.695],[38.841,37.692],[38.849,37.693],[38.856,37.696],[38.861,37.698],[38.865,37.699],[38.869,37.703],[38.875,37.71],[38.882,37.715],[38.9,37.706],[38.908,37.706],[38.916,37.709],[38.923,37.714],[38.898,37.736],[38.889,37.741],[38.902,37.753],[38.922,37.756],[38.945,37.757],[38.965,37.761],[38.952,37.775],[38.954,37.801],[38.944,37.809],[38.931,37.807],[38.903,37.792],[38.889,37.789],[38.898,37.805],[38.908,37.817],[38.921,37.825],[38.937,37.83],[38.945,37.829],[38.965,37.823],[38.971,37.823],[38.978,37.83],[38.979,37.838],[38.976,37.846],[38.971,37.851],[38.983,37.865],[38.989,37.878],[38.988,37.891],[38.978,37.906],[39.027,37.918],[39.04,37.925],[39.05,37.94],[39.056,37.973],[39.06,37.988],[39.072,38],[39.09,38.007],[39.15,38.021],[39.189,38.043],[39.268,38.009],[39.349,37.999],[39.408,37.997],[39.463,37.977],[39.523,37.926],[39.589,37.883],[39.62,37.871],[39.653,37.862],[39.691,37.834],[39.738,37.817],[39.749,37.829],[39.759,37.842],[39.787,37.833],[39.813,37.814],[39.83,37.806],[39.849,37.802],[39.863,37.778],[39.857,37.669],[39.872,37.594],[39.882,37.565],[39.884,37.55],[39.92,37.469],[39.954,37.417],[40,37.376],[40.014,37.258],[40.042,37.233],[40.074,37.211],[40.125,37.17],[40.137,37.149],[40.128,37.069],[40.218,36.942],[40.261,36.923],[40.19,36.884],[40.153,36.87],[40.115,36.865],[40.079,36.855],[39.98,36.807],[39.765,36.742],[39.442,36.692]]]}},{"type":"Feature","id":"TR-64","properties":{"id":"TR-64","countryCode":"TR","isoSubdivision":"TR-64","name":"Uşak","name_en":"Uşak","name_ko":"우샤크","type":"Province","labelLongitude":29.364,"labelLatitude":38.494,"minZoom":7},"geometry":{"type":"Polygon","coordinates":[[[29.688,38.885],[29.812,38.862],[29.841,38.853],[29.889,38.81],[29.888,38.707],[29.883,38.665],[29.868,38.628],[29.807,38.581],[29.793,38.542],[29.774,38.501],[29.751,38.478],[29.753,38.45],[29.629,38.429],[29.62,38.368],[29.628,38.31],[29.596,38.287],[29.559,38.278],[29.483,38.277],[29.412,38.283],[29.362,38.252],[29.361,38.239],[29.348,38.22],[29.336,38.218],[29.312,38.231],[29.299,38.227],[29.285,38.221],[29.252,38.212],[29.219,38.213],[29.188,38.241],[29.152,38.246],[29.101,38.219],[29.045,38.219],[28.991,38.245],[28.931,38.255],[28.894,38.287],[28.864,38.288],[28.838,38.303],[28.848,38.318],[28.875,38.338],[28.895,38.363],[28.908,38.393],[28.915,38.441],[28.908,38.489],[28.907,38.513],[28.903,38.535],[28.88,38.557],[28.852,38.565],[28.848,38.6],[28.877,38.608],[28.906,38.634],[28.918,38.654],[28.995,38.701],[29.032,38.73],[29.087,38.767],[29.146,38.767],[29.207,38.737],[29.273,38.729],[29.346,38.732],[29.471,38.76],[29.529,38.763],[29.554,38.809],[29.571,38.865],[29.597,38.878],[29.624,38.884],[29.688,38.885]]]}},{"type":"Feature","id":"TR-65","properties":{"id":"TR-65","countryCode":"TR","isoSubdivision":"TR-65","name":"Van","name_en":"Van","name_ko":"반","type":"Province","labelLongitude":43.568,"labelLatitude":38.521,"minZoom":7},"geometry":{"type":"Polygon","coordinates":[[[44.047,39.338],[44.052,39.328],[44.058,39.307],[44.069,39.287],[44.069,39.28],[44.067,39.273],[44.067,39.264],[44.071,39.255],[44.083,39.236],[44.083,39.227],[44.077,39.209],[44.078,39.2],[44.104,39.185],[44.148,39.166],[44.187,39.145],[44.195,39.121],[44.175,39.09],[44.17,39.074],[44.179,39.035],[44.17,39.023],[44.153,39.013],[44.139,38.994],[44.145,38.987],[44.148,38.98],[44.152,38.965],[44.158,38.957],[44.167,38.952],[44.175,38.946],[44.175,38.937],[44.175,38.928],[44.178,38.921],[44.183,38.913],[44.192,38.891],[44.206,38.876],[44.222,38.863],[44.275,38.844],[44.28,38.814],[44.253,38.742],[44.249,38.722],[44.251,38.709],[44.255,38.697],[44.26,38.679],[44.256,38.672],[44.247,38.665],[44.244,38.659],[44.257,38.654],[44.275,38.649],[44.283,38.645],[44.29,38.639],[44.297,38.622],[44.297,38.602],[44.292,38.562],[44.301,38.511],[44.3,38.494],[44.288,38.454],[44.287,38.442],[44.291,38.417],[44.29,38.407],[44.287,38.391],[44.29,38.382],[44.299,38.377],[44.313,38.372],[44.363,38.365],[44.396,38.38],[44.409,38.382],[44.425,38.377],[44.439,38.368],[44.451,38.354],[44.459,38.338],[44.459,38.322],[44.437,38.297],[44.401,38.275],[44.372,38.25],[44.377,38.202],[44.373,38.182],[44.367,38.162],[44.361,38.148],[44.353,38.14],[44.335,38.134],[44.327,38.128],[44.326,38.12],[44.334,38.101],[44.328,38.095],[44.309,38.087],[44.296,38.079],[44.287,38.066],[44.278,38.045],[44.27,38.03],[44.245,38.008],[44.236,37.994],[44.228,37.981],[44.221,37.969],[44.22,37.956],[44.225,37.942],[44.225,37.929],[44.217,37.919],[44.206,37.908],[44.205,37.905],[44.204,37.905],[44.117,37.913],[44.044,37.901],[44.004,37.845],[43.978,37.791],[43.923,37.764],[43.859,37.754],[43.794,37.755],[43.753,37.768],[43.711,37.773],[43.683,37.764],[43.655,37.752],[43.521,37.735],[43.387,37.734],[43.339,37.728],[43.29,37.727],[43.264,37.732],[43.189,37.757],[43.103,37.766],[43.023,37.732],[42.983,37.806],[42.994,37.834],[43.008,37.858],[43.011,37.917],[43.025,37.957],[43.029,37.999],[43.023,38.04],[43.026,38.081],[43.016,38.152],[42.946,38.173],[42.865,38.185],[42.787,38.181],[42.734,38.196],[42.716,38.246],[42.725,38.281],[42.724,38.307],[42.719,38.32],[42.684,38.383],[42.678,38.405],[42.688,38.447],[42.704,38.462],[42.812,38.509],[42.875,38.544],[42.896,38.572],[42.914,38.603],[43.005,38.71],[43.06,38.755],[43.132,38.799],[43.161,38.872],[43.121,38.922],[43.004,38.977],[42.973,39.028],[42.972,39.104],[43.088,39.141],[43.113,39.162],[43.115,39.196],[43.122,39.231],[43.115,39.262],[43.075,39.274],[43.038,39.292],[43.045,39.321],[43.07,39.329],[43.129,39.338],[43.163,39.347],[43.2,39.384],[43.244,39.41],[43.321,39.406],[43.39,39.382],[43.447,39.335],[43.492,39.313],[43.579,39.3],[43.614,39.3],[43.639,39.32],[43.668,39.337],[43.706,39.34],[43.744,39.336],[43.792,39.323],[43.851,39.319],[43.868,39.314],[43.906,39.308],[44.047,39.337],[44.047,39.338]]]}},{"type":"Feature","id":"TR-66","properties":{"id":"TR-66","countryCode":"TR","isoSubdivision":"TR-66","name":"Yozgat","name_en":"Yozgat","name_ko":"요즈가트","type":"Province","labelLongitude":35.133,"labelLatitude":39.548,"minZoom":7},"geometry":{"type":"Polygon","coordinates":[[[35.51,40.189],[35.578,40.129],[35.657,40.087],[35.75,40.093],[35.829,40.081],[35.876,40.084],[35.923,40.091],[35.965,40.105],[36.006,40.115],[36.048,40.083],[36.041,40.027],[36.039,39.988],[36.059,39.959],[36.078,39.945],[36.089,39.924],[36.117,39.85],[36.165,39.784],[36.2,39.77],[36.211,39.748],[36.213,39.724],[36.183,39.643],[36.11,39.587],[36.024,39.535],[35.99,39.502],[35.959,39.466],[35.935,39.428],[35.903,39.395],[35.858,39.369],[35.82,39.334],[35.736,39.244],[35.412,39.081],[35.367,39.069],[35.255,39.013],[35.028,39.041],[35.015,39.066],[35,39.09],[34.991,39.111],[34.987,39.134],[34.996,39.158],[34.974,39.188],[34.893,39.227],[34.881,39.266],[34.861,39.297],[34.829,39.31],[34.803,39.334],[34.794,39.353],[34.79,39.374],[34.783,39.387],[34.754,39.397],[34.737,39.4],[34.711,39.447],[34.668,39.476],[34.617,39.483],[34.574,39.505],[34.436,39.636],[34.423,39.657],[34.414,39.68],[34.395,39.701],[34.316,39.701],[34.27,39.714],[34.22,39.758],[34.168,39.795],[34.114,39.796],[34.093,39.81],[34.073,39.826],[34.063,39.846],[34.066,39.867],[34.062,39.888],[34.053,39.908],[34.109,39.929],[34.266,39.943],[34.361,39.976],[34.458,40.001],[34.612,39.98],[34.671,39.998],[34.711,39.994],[34.792,39.998],[34.941,40.054],[35.027,40.035],[35.073,40.039],[35.151,40.075],[35.178,40.103],[35.18,40.122],[35.19,40.144],[35.194,40.161],[35.181,40.172],[35.191,40.217],[35.287,40.223],[35.327,40.234],[35.336,40.231],[35.344,40.211],[35.363,40.201],[35.408,40.197],[35.46,40.2],[35.51,40.189]]]}},{"type":"Feature","id":"TR-67","properties":{"id":"TR-67","countryCode":"TR","isoSubdivision":"TR-67","name":"Zonguldak","name_en":"Zonguldak","name_ko":"종굴다크","type":"Province","labelLongitude":31.821,"labelLatitude":41.248,"minZoom":7},"geometry":{"type":"Polygon","coordinates":[[[31.346,41.151],[31.379,41.175],[31.393,41.188],[31.401,41.202],[31.405,41.218],[31.406,41.239],[31.408,41.248],[31.417,41.268],[31.42,41.28],[31.415,41.286],[31.396,41.295],[31.393,41.304],[31.404,41.316],[31.425,41.323],[31.471,41.325],[31.477,41.329],[31.493,41.348],[31.498,41.352],[31.509,41.354],[31.659,41.398],[31.872,41.505],[31.993,41.55],[32.03,41.571],[32.039,41.576],[32.134,41.599],[32.19,41.557],[32.251,41.537],[32.271,41.484],[32.307,41.416],[32.287,41.331],[32.235,41.274],[32.198,41.242],[32.182,41.189],[32.15,41.109],[32.149,41.019],[31.935,41.024],[31.872,41.036],[31.799,41.042],[31.556,41.059],[31.385,41.123],[31.346,41.151]]]}},{"type":"Feature","id":"TR-68","properties":{"id":"TR-68","countryCode":"TR","isoSubdivision":"TR-68","name":"Aksaray","name_en":"Aksaray","name_ko":"악사라이","type":"Province","labelLongitude":33.877,"labelLatitude":38.357,"minZoom":7},"geometry":{"type":"Polygon","coordinates":[[[33.812,38.715],[33.85,38.73],[33.933,38.792],[33.937,38.85],[33.897,38.935],[33.93,39.001],[33.944,38.985],[33.985,38.98],[34.007,38.981],[34.046,38.967],[34.06,38.927],[34.1,38.9],[34.15,38.923],[34.171,38.928],[34.214,38.923],[34.236,38.927],[34.225,38.886],[34.257,38.797],[34.241,38.746],[34.206,38.701],[34.22,38.651],[34.266,38.627],[34.317,38.616],[34.36,38.622],[34.381,38.617],[34.389,38.572],[34.359,38.522],[34.36,38.473],[34.378,38.46],[34.419,38.435],[34.452,38.408],[34.49,38.389],[34.16,38.002],[34.085,38.012],[34.009,37.998],[33.932,37.974],[33.854,37.958],[33.775,37.961],[33.619,37.952],[33.5,37.932],[33.456,37.933],[33.415,37.964],[33.348,38.029],[33.333,38.068],[33.325,38.109],[33.314,38.12],[33.301,38.127],[33.265,38.204],[33.272,38.286],[33.288,38.32],[33.294,38.357],[33.318,38.41],[33.353,38.453],[33.368,38.532],[33.39,38.565],[33.447,38.616],[33.467,38.644],[33.554,38.662],[33.635,38.699],[33.722,38.718],[33.812,38.715]]]}},{"type":"Feature","id":"TR-69","properties":{"id":"TR-69","countryCode":"TR","isoSubdivision":"TR-69","name":"Bayburt","name_en":"Bayburt","name_ko":"바이부르트","type":"Province","labelLongitude":40.306,"labelLatitude":40.286,"minZoom":7},"geometry":{"type":"Polygon","coordinates":[[[40.281,40.047],[40.118,40.073],[40.071,40.059],[40.03,40.03],[39.98,40.026],[39.923,40.03],[39.869,40.015],[39.833,40.077],[39.811,40.144],[39.816,40.177],[39.828,40.209],[39.86,40.267],[39.867,40.414],[39.834,40.561],[39.855,40.561],[39.87,40.575],[39.863,40.599],[39.877,40.608],[39.884,40.612],[39.914,40.603],[39.975,40.55],[40.016,40.533],[40.102,40.531],[40.185,40.51],[40.228,40.511],[40.277,40.523],[40.327,40.53],[40.429,40.529],[40.469,40.539],[40.489,40.542],[40.521,40.482],[40.55,40.346],[40.575,40.284],[40.637,40.258],[40.702,40.247],[40.731,40.237],[40.797,40.232],[40.8,40.212],[40.776,40.176],[40.748,40.149],[40.623,40.115],[40.567,40.095],[40.525,40.063],[40.481,40.037],[40.445,40.032],[40.281,40.047]]]}},{"type":"Feature","id":"TR-70","properties":{"id":"TR-70","countryCode":"TR","isoSubdivision":"TR-70","name":"Karaman","name_en":"Karaman","name_ko":"카라만","type":"Province","labelLongitude":33.303,"labelLatitude":37.226,"minZoom":7},"geometry":{"type":"Polygon","coordinates":[[[33.639,37.647],[33.737,37.643],[33.778,37.632],[33.786,37.583],[33.782,37.568],[33.805,37.504],[33.918,37.406],[33.998,37.336],[34.057,37.285],[34.125,37.195],[34.149,37.155],[34.079,37.133],[34.003,37.129],[33.967,37.116],[33.871,37.058],[33.797,37.047],[33.761,37.031],[33.737,37.029],[33.702,37.037],[33.619,37.032],[33.54,37.007],[33.413,36.997],[33.372,36.988],[33.336,36.97],[33.304,36.947],[33.27,36.928],[33.233,36.918],[33.201,36.887],[33.189,36.843],[33.167,36.813],[33.131,36.821],[33.124,36.833],[33.121,36.84],[33.108,36.846],[33.079,36.837],[33.034,36.814],[33.017,36.81],[32.98,36.804],[32.982,36.772],[33.003,36.751],[33.019,36.728],[33.028,36.699],[33.043,36.673],[33.068,36.663],[33.087,36.644],[33.108,36.63],[33.161,36.619],[33.207,36.591],[33.231,36.561],[33.205,36.534],[33.166,36.546],[33.132,36.561],[33.116,36.559],[33.102,36.554],[33.088,36.522],[33.076,36.486],[33.052,36.467],[33.019,36.462],[32.958,36.464],[32.899,36.453],[32.842,36.433],[32.782,36.432],[32.717,36.445],[32.652,36.438],[32.632,36.47],[32.592,36.487],[32.559,36.506],[32.532,36.534],[32.491,36.602],[32.456,36.673],[32.568,36.742],[32.712,36.855],[32.742,36.893],[32.746,36.923],[32.73,36.95],[32.67,36.953],[32.61,36.976],[32.603,37.011],[32.629,37.078],[32.723,37.176],[32.844,37.308],[32.961,37.413],[33.013,37.459],[33.107,37.489],[33.258,37.504],[33.413,37.511],[33.514,37.541],[33.563,37.594],[33.594,37.624],[33.639,37.647]]]}},{"type":"Feature","id":"TR-71","properties":{"id":"TR-71","countryCode":"TR","isoSubdivision":"TR-71","name":"Kırıkkale","name_en":"Kırıkkale","name_ko":"키리칼레","type":"Province","labelLongitude":33.778,"labelLatitude":39.901,"minZoom":7},"geometry":{"type":"Polygon","coordinates":[[[33.524,39.267],[33.445,39.387],[33.406,39.53],[33.378,39.568],[33.298,39.643],[33.273,39.727],[33.303,39.812],[33.328,39.897],[33.373,39.982],[33.447,40.006],[33.562,40.016],[33.577,40.074],[33.569,40.133],[33.569,40.201],[33.582,40.258],[33.595,40.34],[33.871,40.272],[33.964,40.266],[33.975,40.218],[34.016,40.147],[34.042,40.127],[34.066,40.125],[34.084,40.109],[34.087,40.098],[34.088,40.086],[34.101,40.057],[34.098,40.024],[34.078,40],[34.051,39.959],[34.053,39.908],[34.062,39.888],[34.066,39.867],[34.063,39.846],[34.073,39.826],[33.913,39.707],[33.868,39.604],[33.799,39.52],[33.637,39.419],[33.524,39.267]]]}},{"type":"Feature","id":"TR-72","properties":{"id":"TR-72","countryCode":"TR","isoSubdivision":"TR-72","name":"Batman","name_en":"Batman","name_ko":"바트만","type":"Province","labelLongitude":41.426,"labelLatitude":37.734,"minZoom":7},"geometry":{"type":"Polygon","coordinates":[[[41.421,38.535],[41.475,38.548],[41.531,38.554],[41.616,38.529],[41.651,38.394],[41.674,38.339],[41.679,38.303],[41.679,38.266],[41.674,38.244],[41.677,38.221],[41.632,38.18],[41.612,38.126],[41.562,38.081],[41.446,38.056],[41.413,38.01],[41.421,37.944],[41.529,37.866],[41.711,37.808],[41.817,37.714],[41.632,37.609],[41.521,37.543],[41.368,37.519],[41.26,37.572],[41.19,37.688],[41.12,37.758],[41.101,37.766],[41.075,37.765],[41.054,37.796],[41.045,37.833],[41.035,37.862],[41.045,37.886],[41.093,37.913],[41.133,37.949],[41.18,38.07],[41.199,38.092],[41.215,38.115],[41.222,38.17],[41.209,38.28],[41.221,38.338],[41.24,38.393],[41.249,38.428],[41.272,38.453],[41.324,38.473],[41.357,38.481],[41.388,38.484],[41.426,38.501],[41.421,38.535]]]}},{"type":"Feature","id":"TR-73","properties":{"id":"TR-73","countryCode":"TR","isoSubdivision":"TR-73","name":"Şırnak","name_en":"Şırnak","name_ko":"시르나크","type":"Province","labelLongitude":42.546,"labelLatitude":37.405,"minZoom":7},"geometry":{"type":"Polygon","coordinates":[[[42.937,37.32],[42.897,37.325],[42.814,37.347],[42.805,37.352],[42.801,37.369],[42.792,37.374],[42.78,37.375],[42.772,37.375],[42.722,37.359],[42.716,37.355],[42.709,37.347],[42.707,37.34],[42.706,37.333],[42.702,37.325],[42.577,37.179],[42.565,37.152],[42.561,37.147],[42.545,37.141],[42.459,37.129],[42.402,37.114],[42.357,37.11],[42.357,37.138],[42.355,37.152],[42.347,37.158],[42.335,37.171],[42.353,37.227],[42.347,37.24],[42.34,37.243],[42.306,37.265],[42.301,37.27],[42.296,37.28],[42.292,37.285],[42.286,37.287],[42.279,37.282],[42.273,37.277],[42.267,37.275],[42.237,37.286],[42.223,37.288],[42.222,37.292],[42.224,37.302],[42.223,37.314],[42.211,37.325],[42.193,37.313],[42.179,37.306],[42.128,37.253],[42.053,37.197],[42.009,37.176],[41.896,37.154],[41.896,37.155],[41.876,37.217],[41.814,37.258],[41.698,37.287],[41.682,37.328],[41.723,37.366],[41.818,37.407],[41.893,37.436],[41.905,37.502],[41.876,37.589],[41.817,37.714],[41.959,37.659],[42.157,37.647],[42.235,37.709],[42.368,37.704],[42.57,37.663],[42.781,37.638],[42.95,37.626],[43.012,37.675],[43.023,37.732],[43.103,37.766],[43.189,37.757],[43.264,37.732],[43.29,37.727],[43.339,37.728],[43.387,37.734],[43.38,37.642],[43.36,37.585],[43.376,37.531],[43.409,37.465],[43.401,37.378],[43.376,37.325],[43.363,37.304],[43.336,37.32],[43.324,37.322],[43.306,37.32],[43.297,37.317],[43.288,37.309],[43.279,37.308],[43.27,37.309],[43.263,37.311],[43.132,37.367],[43.115,37.371],[43.084,37.369],[43.044,37.36],[43.005,37.347],[42.98,37.332],[42.937,37.32]]]}},{"type":"Feature","id":"TR-74","properties":{"id":"TR-74","countryCode":"TR","isoSubdivision":"TR-74","name":"Bartın","name_en":"Bartın","name_ko":"바르틴","type":"Province","labelLongitude":32.469,"labelLatitude":41.586,"minZoom":7},"geometry":{"type":"Polygon","coordinates":[[[32.134,41.599],[32.162,41.612],[32.178,41.637],[32.243,41.693],[32.248,41.698],[32.263,41.72],[32.297,41.727],[32.352,41.729],[32.354,41.736],[32.362,41.738],[32.372,41.742],[32.374,41.749],[32.377,41.754],[32.383,41.756],[32.387,41.754],[32.396,41.744],[32.4,41.742],[32.417,41.749],[32.439,41.768],[32.454,41.777],[32.523,41.805],[32.535,41.811],[32.548,41.816],[32.563,41.817],[32.578,41.811],[32.589,41.827],[32.613,41.84],[32.64,41.844],[32.663,41.835],[32.679,41.836],[32.74,41.853],[32.755,41.859],[32.77,41.858],[32.799,41.86],[32.808,41.8],[32.837,41.755],[32.873,41.682],[32.808,41.648],[32.818,41.576],[32.723,41.509],[32.667,41.496],[32.622,41.424],[32.501,41.347],[32.396,41.327],[32.287,41.331],[32.307,41.416],[32.271,41.484],[32.251,41.537],[32.19,41.557],[32.134,41.599]]]}},{"type":"Feature","id":"TR-75","properties":{"id":"TR-75","countryCode":"TR","isoSubdivision":"TR-75","name":"Ardahan","name_en":"Ardahan","name_ko":"아르다한","type":"Province","labelLongitude":42.834,"labelLatitude":41.181,"minZoom":7},"geometry":{"type":"Polygon","coordinates":[[[42.661,41.588],[42.801,41.579],[42.82,41.572],[42.812,41.563],[42.809,41.553],[42.807,41.543],[42.803,41.534],[42.795,41.527],[42.775,41.514],[42.767,41.504],[42.792,41.493],[42.811,41.477],[42.83,41.473],[42.855,41.494],[42.868,41.5],[42.875,41.494],[42.881,41.481],[42.889,41.47],[42.897,41.467],[42.926,41.459],[42.932,41.455],[42.936,41.45],[42.941,41.446],[42.95,41.444],[42.958,41.437],[42.988,41.395],[43.002,41.383],[43.076,41.345],[43.124,41.313],[43.155,41.302],[43.184,41.299],[43.185,41.294],[43.172,41.279],[43.157,41.27],[43.103,41.249],[43.13,41.242],[43.152,41.244],[43.172,41.242],[43.192,41.225],[43.216,41.181],[43.231,41.173],[43.323,41.192],[43.352,41.194],[43.383,41.187],[43.411,41.175],[43.438,41.156],[43.452,41.133],[43.44,41.107],[43.375,41.09],[43.275,41.047],[43.112,40.994],[42.949,40.941],[42.829,40.894],[42.805,40.817],[42.791,40.697],[42.772,40.625],[42.652,40.616],[42.537,40.599],[42.507,40.64],[42.467,40.671],[42.437,40.703],[42.416,40.742],[42.388,40.77],[42.352,40.789],[42.299,40.848],[42.279,40.925],[42.342,41.02],[42.429,41.092],[42.512,41.124],[42.539,41.191],[42.51,41.261],[42.492,41.296],[42.484,41.307],[42.472,41.332],[42.465,41.374],[42.451,41.431],[42.463,41.432],[42.484,41.442],[42.514,41.476],[42.536,41.493],[42.546,41.51],[42.555,41.55],[42.565,41.567],[42.585,41.579],[42.587,41.579],[42.591,41.58],[42.611,41.585],[42.661,41.588]]]}},{"type":"Feature","id":"TR-76","properties":{"id":"TR-76","countryCode":"TR","isoSubdivision":"TR-76","name":"Iğdır","name_en":"Iğdır","name_ko":"이디르","type":"Province","labelLongitude":44.032,"labelLatitude":39.811,"minZoom":7},"geometry":{"type":"Polygon","coordinates":[[[44.807,39.64],[44.726,39.685],[44.706,39.698],[44.647,39.72],[44.633,39.732],[44.606,39.763],[44.59,39.772],[44.566,39.766],[44.459,39.698],[44.455,39.687],[44.46,39.654],[44.458,39.643],[44.442,39.652],[44.403,39.659],[44.225,39.628],[44.147,39.635],[44.073,39.653],[43.973,39.643],[43.881,39.655],[43.875,39.67],[43.868,39.684],[43.805,39.696],[43.716,39.728],[43.686,39.758],[43.664,39.796],[43.631,39.813],[43.611,39.813],[43.577,39.825],[43.563,39.833],[43.532,39.838],[43.464,39.817],[43.4,39.783],[43.366,39.793],[43.35,39.804],[43.335,39.841],[43.336,39.865],[43.341,39.913],[43.318,39.969],[43.356,40.003],[43.356,40.041],[43.409,40.06],[43.534,40.074],[43.665,40.11],[43.711,40.091],[43.803,40.071],[43.912,40.024],[44.032,40.009],[44.048,40.013],[44.083,40.032],[44.104,40.036],[44.114,40.034],[44.127,40.024],[44.135,40.022],[44.146,40.023],[44.166,40.028],[44.195,40.031],[44.255,40.043],[44.289,40.043],[44.326,40.035],[44.381,40.01],[44.464,39.972],[44.522,39.934],[44.548,39.911],[44.559,39.897],[44.564,39.882],[44.567,39.873],[44.576,39.866],[44.591,39.858],[44.594,39.848],[44.594,39.837],[44.598,39.831],[44.612,39.837],[44.648,39.805],[44.666,39.796],[44.671,39.796],[44.682,39.797],[44.687,39.796],[44.692,39.793],[44.698,39.785],[44.759,39.723],[44.775,39.703],[44.784,39.69],[44.796,39.652],[44.807,39.64]]]}},{"type":"Feature","id":"TR-77","properties":{"id":"TR-77","countryCode":"TR","isoSubdivision":"TR-77","name":"Yalova","name_en":"Yalova","name_ko":"얄로바","type":"Province","labelLongitude":29.204,"labelLatitude":40.615,"minZoom":7},"geometry":{"type":"Polygon","coordinates":[[[28.98,40.465],[28.969,40.461],[28.917,40.471],[28.828,40.513],[28.774,40.523],[28.793,40.553],[28.827,40.571],[28.898,40.592],[28.928,40.606],[28.97,40.639],[28.986,40.645],[29.282,40.666],[29.323,40.677],[29.364,40.694],[29.385,40.706],[29.392,40.708],[29.399,40.703],[29.407,40.693],[29.417,40.687],[29.428,40.691],[29.429,40.601],[29.421,40.563],[29.358,40.573],[29.294,40.522],[29.231,40.512],[29.078,40.563],[29.047,40.56],[28.978,40.573],[28.98,40.465]]]}},{"type":"Feature","id":"TR-78","properties":{"id":"TR-78","countryCode":"TR","isoSubdivision":"TR-78","name":"Karabük","name_en":"Karabük","name_ko":"카라뷔크","type":"Province","labelLongitude":32.507,"labelLatitude":41.235,"minZoom":7},"geometry":{"type":"Polygon","coordinates":[[[32.526,40.789],[32.53,40.815],[32.492,40.868],[32.377,40.911],[32.33,40.933],[32.303,40.937],[32.278,40.949],[32.279,40.976],[32.284,41.004],[32.198,41.018],[32.149,41.019],[32.15,41.109],[32.182,41.189],[32.198,41.242],[32.235,41.274],[32.287,41.331],[32.396,41.327],[32.501,41.347],[32.622,41.424],[32.667,41.496],[32.723,41.509],[32.818,41.576],[32.852,41.548],[32.913,41.555],[32.986,41.573],[33.059,41.533],[33.087,41.444],[33.115,41.395],[33.017,41.38],[32.965,41.341],[32.919,41.294],[32.91,41.261],[32.93,41.153],[32.986,41.147],[33.038,41.129],[33.06,41.106],[33.069,41.093],[33.027,41.012],[32.93,40.971],[32.833,40.979],[32.796,40.963],[32.748,40.897],[32.631,40.826],[32.526,40.789]]]}},{"type":"Feature","id":"TR-79","properties":{"id":"TR-79","countryCode":"TR","isoSubdivision":"TR-79","name":"Kilis","name_en":"Kilis","name_ko":"킬리스","type":"Province","labelLongitude":37.004,"labelLatitude":36.833,"minZoom":7},"geometry":{"type":"Polygon","coordinates":[[[37.522,36.674],[37.446,36.634],[37.404,36.634],[37.242,36.659],[37.22,36.657],[37.156,36.644],[37.137,36.646],[37.121,36.65],[37.104,36.651],[37.086,36.644],[37.07,36.632],[37.062,36.622],[37.053,36.62],[37.033,36.629],[37.015,36.642],[37.011,36.654],[37.019,36.686],[37.018,36.707],[37.011,36.72],[36.98,36.742],[36.965,36.754],[36.946,36.763],[36.926,36.769],[36.907,36.773],[36.844,36.776],[36.66,36.827],[36.714,36.869],[36.797,36.9],[36.864,36.936],[36.874,37.003],[36.905,37.024],[36.941,37.008],[36.972,36.952],[37.04,36.941],[37.117,36.9],[37.2,36.833],[37.241,36.792],[37.272,36.807],[37.344,36.776],[37.437,36.735],[37.522,36.674]]]}},{"type":"Feature","id":"TR-80","properties":{"id":"TR-80","countryCode":"TR","isoSubdivision":"TR-80","name":"Osmaniye","name_en":"Osmaniye","name_ko":"오스마니예","type":"Province","labelLongitude":36.301,"labelLatitude":37.174,"minZoom":7},"geometry":{"type":"Polygon","coordinates":[[[36.28,37.669],[36.279,37.591],[36.257,37.561],[36.229,37.537],[36.22,37.506],[36.233,37.478],[36.247,37.468],[36.257,37.455],[36.262,37.389],[36.304,37.349],[36.312,37.35],[36.319,37.36],[36.329,37.364],[36.342,37.367],[36.354,37.371],[36.371,37.356],[36.404,37.361],[36.441,37.372],[36.47,37.377],[36.551,37.39],[36.589,37.382],[36.624,37.363],[36.678,37.322],[36.721,37.271],[36.676,37.23],[36.637,37.183],[36.583,37.097],[36.513,37.025],[36.476,36.997],[36.452,36.961],[36.402,36.956],[36.352,36.957],[36.314,36.976],[36.281,37.004],[36.235,37.015],[36.188,37.005],[36.146,37.006],[36.105,37.015],[36.062,37.01],[36.089,37.07],[36.105,37.122],[36.093,37.179],[36.085,37.192],[36.056,37.21],[35.991,37.221],[35.97,37.22],[35.94,37.293],[35.94,37.37],[36.007,37.499],[36.064,37.602],[36.11,37.664],[36.203,37.67],[36.28,37.669]]]}},{"type":"Feature","id":"TR-81","properties":{"id":"TR-81","countryCode":"TR","isoSubdivision":"TR-81","name":"Düzce","name_en":"Düzce","name_ko":"뒤즈제","type":"Province","labelLongitude":31.323,"labelLatitude":40.863,"minZoom":7},"geometry":{"type":"Polygon","coordinates":[[[30.956,41.082],[31.091,41.085],[31.115,41.096],[31.125,41.098],[31.137,41.098],[31.158,41.093],[31.169,41.092],[31.21,41.098],[31.216,41.097],[31.226,41.093],[31.231,41.092],[31.239,41.094],[31.241,41.098],[31.243,41.102],[31.249,41.106],[31.29,41.118],[31.324,41.134],[31.346,41.151],[31.385,41.123],[31.556,41.059],[31.799,41.042],[31.782,40.955],[31.733,40.911],[31.64,40.894],[31.511,40.878],[31.463,40.85],[31.459,40.797],[31.422,40.725],[31.346,40.68],[31.249,40.672],[31.135,40.708],[30.974,40.704],[30.891,40.727],[30.912,40.758],[30.893,40.78],[30.883,40.807],[30.896,40.835],[30.893,40.866],[30.876,40.892],[30.869,40.922],[30.904,40.982],[30.962,41.022],[30.96,41.044],[30.955,41.073],[30.956,41.082]]]}}]}
