{"type":"FeatureCollection","features":[{"type":"Feature","id":"ZM-01","properties":{"id":"ZM-01","countryCode":"ZM","isoSubdivision":"ZM-01","name":"Western","name_en":"Western","name_ko":"서부","type":"Province","labelLongitude":23.764,"labelLatitude":-15.781,"minZoom":6.6},"geometry":{"type":"Polygon","coordinates":[[[22.02,-16.253],[22.045,-16.252],[22.01,-16.198],[21.984,-16.166],[21.982,-16.144],[21.982,-16.128],[21.982,-16.067],[21.982,-16.004],[21.981,-16.001],[21.981,-15.956],[21.981,-15.854],[21.981,-15.752],[21.981,-15.65],[21.982,-15.548],[21.982,-15.504],[21.982,-15.474],[21.982,-15.452],[21.982,-15.413],[21.981,-15.262],[21.981,-15.111],[21.981,-14.96],[21.981,-14.81],[21.981,-14.659],[21.981,-14.508],[21.981,-14.358],[21.981,-14.207],[21.981,-14.056],[21.98,-13.906],[21.98,-13.755],[21.98,-13.695],[21.998,-13.698],[22.028,-13.712],[22.041,-13.72],[22.065,-13.744],[22.081,-13.756],[22.086,-13.759],[22.093,-13.761],[22.102,-13.762],[22.119,-13.762],[22.129,-13.76],[22.136,-13.759],[22.165,-13.746],[22.169,-13.743],[22.172,-13.738],[22.176,-13.729],[22.179,-13.725],[22.183,-13.722],[22.196,-13.714],[22.2,-13.711],[22.203,-13.707],[22.214,-13.689],[22.217,-13.686],[22.222,-13.683],[22.227,-13.682],[22.233,-13.681],[22.241,-13.683],[22.251,-13.687],[22.275,-13.699],[22.286,-13.706],[22.431,-13.825],[22.499,-13.866],[22.502,-13.868],[22.504,-13.871],[22.513,-13.89],[22.516,-13.894],[22.541,-13.909],[22.547,-13.912],[22.556,-13.913],[22.565,-13.914],[22.584,-13.915],[22.593,-13.923],[22.61,-13.928],[22.615,-13.93],[22.621,-13.937],[22.625,-13.945],[22.627,-13.953],[22.632,-13.961],[22.644,-13.965],[22.669,-13.97],[22.68,-13.976],[22.688,-13.982],[22.697,-13.987],[22.71,-13.99],[22.722,-13.989],[22.729,-13.978],[22.731,-13.972],[22.743,-13.914],[22.744,-13.909],[22.748,-13.905],[22.753,-13.904],[22.8,-13.901],[22.805,-13.9],[22.81,-13.897],[22.834,-13.873],[22.838,-13.87],[22.845,-13.868],[22.853,-13.87],[22.877,-13.88],[22.965,-13.936],[22.979,-13.95],[22.984,-13.958],[22.99,-13.973],[22.993,-13.983],[22.996,-13.987],[22.998,-13.991],[23.001,-13.993],[23.005,-13.994],[23.011,-13.994],[23.029,-13.99],[23.054,-13.98],[23.06,-13.978],[23.066,-13.977],[23.074,-13.978],[23.082,-13.98],[23.095,-13.987],[23.1,-13.993],[23.103,-13.998],[23.103,-14.002],[23.102,-14.013],[23.103,-14.025],[23.106,-14.036],[23.108,-14.041],[23.111,-14.045],[23.117,-14.053],[23.125,-14.059],[23.13,-14.062],[23.14,-14.064],[23.217,-14.073],[23.223,-14.074],[23.227,-14.076],[23.225,-14.081],[23.222,-14.086],[23.209,-14.101],[23.187,-14.135],[23.183,-14.155],[23.224,-14.141],[23.227,-14.147],[23.228,-14.153],[23.227,-14.159],[23.224,-14.168],[23.265,-14.168],[23.28,-14.16],[23.306,-14.138],[23.323,-14.134],[23.336,-14.135],[23.345,-14.137],[23.355,-14.138],[23.368,-14.134],[23.378,-14.127],[23.409,-14.1],[23.437,-14.086],[23.54,-14.059],[23.557,-14.05],[23.592,-14.023],[23.633,-14.013],[23.668,-13.995],[23.683,-13.99],[23.7,-13.996],[23.716,-14.007],[23.733,-14.012],[23.766,-13.993],[23.777,-13.99],[23.788,-13.988],[23.8,-13.984],[23.823,-13.961],[23.834,-13.956],[23.833,-13.976],[23.841,-13.987],[23.856,-13.991],[23.875,-13.99],[23.895,-13.998],[23.904,-14],[23.911,-14],[23.915,-14],[23.919,-13.997],[23.923,-13.996],[23.928,-13.995],[23.934,-13.993],[23.942,-13.988],[23.948,-13.987],[23.956,-13.989],[23.97,-13.997],[23.98,-14],[23.992,-14.002],[24.001,-14],[24.012,-13.997],[24.016,-13.995],[24.024,-13.989],[24.035,-13.98],[24.044,-13.968],[24.048,-13.966],[24.053,-13.967],[24.06,-13.976],[24.065,-13.979],[24.072,-13.976],[24.075,-13.971],[24.077,-13.965],[24.079,-13.959],[24.081,-13.954],[24.084,-13.949],[24.088,-13.946],[24.093,-13.945],[24.098,-13.947],[24.105,-13.952],[24.112,-13.956],[24.12,-13.956],[24.127,-13.956],[24.132,-13.954],[24.141,-13.95],[24.145,-13.947],[24.148,-13.943],[24.153,-13.934],[24.157,-13.93],[24.162,-13.928],[24.168,-13.928],[24.177,-13.929],[24.183,-13.929],[24.188,-13.927],[24.194,-13.918],[24.199,-13.916],[24.209,-13.913],[24.222,-13.906],[24.228,-13.905],[24.233,-13.907],[24.248,-13.92],[24.267,-13.933],[24.275,-13.937],[24.286,-13.939],[24.294,-13.94],[24.3,-13.938],[24.303,-13.935],[24.302,-13.93],[24.299,-13.926],[24.293,-13.921],[24.291,-13.917],[24.291,-13.913],[24.293,-13.909],[24.297,-13.906],[24.299,-13.902],[24.3,-13.896],[24.301,-13.892],[24.305,-13.892],[24.312,-13.896],[24.322,-13.905],[24.327,-13.912],[24.329,-13.919],[24.329,-13.925],[24.33,-13.937],[24.335,-13.942],[24.344,-13.947],[24.381,-13.958],[24.387,-13.958],[24.391,-13.957],[24.395,-13.954],[24.399,-13.95],[24.401,-13.947],[24.404,-13.946],[24.407,-13.951],[24.41,-13.956],[24.412,-13.961],[24.416,-13.963],[24.423,-13.963],[24.427,-13.96],[24.43,-13.956],[24.434,-13.953],[24.439,-13.952],[24.446,-13.953],[24.46,-13.955],[24.466,-13.954],[24.471,-13.952],[24.473,-13.95],[24.472,-13.946],[24.469,-13.942],[24.466,-13.939],[24.464,-13.935],[24.465,-13.932],[24.475,-13.93],[24.479,-13.927],[24.482,-13.922],[24.485,-13.919],[24.489,-13.918],[24.511,-13.941],[24.515,-13.947],[24.52,-13.952],[24.528,-13.957],[24.541,-13.964],[24.548,-13.974],[24.551,-13.979],[24.554,-13.983],[24.566,-13.983],[24.572,-13.984],[24.582,-13.988],[24.587,-13.988],[24.591,-13.986],[24.593,-13.983],[24.592,-13.978],[24.59,-13.968],[24.591,-13.963],[24.594,-13.961],[24.599,-13.962],[24.608,-13.964],[24.612,-13.964],[24.616,-13.966],[24.617,-13.972],[24.615,-13.99],[24.615,-13.995],[24.616,-13.999],[24.617,-14],[24.62,-14],[24.625,-14],[24.627,-13.999],[24.629,-13.995],[24.629,-13.984],[24.63,-13.978],[24.632,-13.973],[24.636,-13.97],[24.64,-13.968],[24.645,-13.966],[24.65,-13.964],[24.658,-13.959],[24.661,-13.959],[24.665,-13.96],[24.67,-13.965],[24.694,-13.992],[24.705,-14.002],[24.711,-14.008],[24.713,-14.013],[24.715,-14.017],[24.718,-14.028],[24.726,-14.047],[24.726,-14.052],[24.725,-14.078],[24.725,-14.083],[24.727,-14.088],[24.728,-14.093],[24.733,-14.102],[24.735,-14.107],[24.74,-14.116],[24.746,-14.12],[24.754,-14.125],[24.805,-14.142],[24.825,-14.144],[24.847,-14.151],[24.871,-14.154],[24.878,-14.156],[24.991,-14.211],[25.008,-14.218],[25.018,-14.219],[25.057,-14.212],[25.064,-14.214],[25.071,-14.22],[25.082,-14.232],[25.086,-14.241],[25.088,-14.248],[25.088,-14.284],[25.087,-14.29],[25.084,-14.302],[25.08,-14.313],[25.072,-14.327],[25.066,-14.335],[25.063,-14.339],[25.061,-14.344],[25.06,-14.348],[25.059,-14.35],[25.054,-14.373],[25.052,-14.416],[25.051,-14.422],[25.049,-14.427],[25.038,-14.438],[25.03,-14.444],[25.026,-14.447],[25.001,-14.459],[24.979,-14.466],[24.973,-14.469],[24.97,-14.472],[24.968,-14.473],[24.967,-14.475],[24.964,-14.481],[24.964,-14.483],[24.963,-14.493],[24.966,-14.516],[24.966,-14.521],[24.961,-14.553],[24.962,-14.559],[24.963,-14.564],[24.967,-14.574],[24.969,-14.578],[24.981,-14.594],[25.002,-14.617],[25.01,-14.624],[25.018,-14.628],[25.026,-14.632],[25.033,-14.635],[25.04,-14.636],[25.048,-14.636],[25.057,-14.634],[25.076,-14.628],[25.085,-14.627],[25.094,-14.626],[25.142,-14.629],[25.152,-14.629],[25.19,-14.62],[25.21,-14.612],[25.214,-14.61],[25.223,-14.606],[25.239,-14.601],[25.282,-14.591],[25.292,-14.588],[25.31,-14.579],[25.315,-14.577],[25.329,-14.577],[25.394,-14.583],[25.412,-14.587],[25.423,-14.592],[25.427,-14.595],[25.431,-14.598],[25.436,-14.601],[25.442,-14.603],[25.451,-14.604],[25.465,-14.603],[25.483,-14.601],[25.506,-14.591],[25.511,-14.588],[25.523,-14.584],[25.548,-14.585],[25.541,-14.587],[25.537,-14.589],[25.533,-14.592],[25.53,-14.595],[25.523,-14.603],[25.506,-14.629],[25.499,-14.642],[25.49,-14.666],[25.487,-14.67],[25.484,-14.674],[25.479,-14.683],[25.477,-14.691],[25.476,-14.7],[25.477,-14.715],[25.483,-14.735],[25.48,-14.767],[25.48,-14.779],[25.48,-14.784],[25.478,-14.789],[25.473,-14.793],[25.461,-14.797],[25.457,-14.799],[25.453,-14.803],[25.45,-14.807],[25.448,-14.812],[25.446,-14.819],[25.445,-14.831],[25.442,-14.84],[25.436,-14.849],[25.428,-14.859],[25.425,-14.866],[25.423,-14.876],[25.423,-14.896],[25.424,-14.906],[25.426,-14.914],[25.455,-14.966],[25.457,-14.971],[25.457,-14.976],[25.456,-15.02],[25.453,-15.029],[25.447,-15.04],[25.433,-15.061],[25.418,-15.076],[25.414,-15.081],[25.413,-15.09],[25.415,-15.119],[25.414,-15.125],[25.411,-15.131],[25.403,-15.136],[25.396,-15.137],[25.39,-15.136],[25.384,-15.135],[25.378,-15.135],[25.373,-15.135],[25.368,-15.138],[25.364,-15.141],[25.358,-15.149],[25.328,-15.175],[25.324,-15.179],[25.322,-15.185],[25.322,-15.194],[25.326,-15.23],[25.325,-15.299],[25.33,-15.313],[25.341,-15.33],[25.344,-15.335],[25.345,-15.339],[25.345,-15.346],[25.343,-15.353],[25.338,-15.361],[25.329,-15.371],[25.322,-15.377],[25.319,-15.382],[25.317,-15.388],[25.316,-15.396],[25.318,-15.41],[25.318,-15.42],[25.314,-15.434],[25.311,-15.442],[25.297,-15.468],[25.294,-15.472],[25.29,-15.473],[25.286,-15.472],[25.281,-15.47],[25.276,-15.469],[25.271,-15.47],[25.251,-15.477],[25.247,-15.481],[25.245,-15.485],[25.244,-15.49],[25.245,-15.497],[25.246,-15.499],[25.247,-15.501],[25.263,-15.517],[25.269,-15.525],[25.27,-15.531],[25.269,-15.538],[25.264,-15.55],[25.26,-15.557],[25.256,-15.562],[25.228,-15.583],[25.225,-15.588],[25.223,-15.594],[25.225,-15.603],[25.229,-15.609],[25.233,-15.613],[25.255,-15.627],[25.264,-15.631],[25.268,-15.634],[25.272,-15.637],[25.275,-15.641],[25.278,-15.645],[25.279,-15.65],[25.28,-15.656],[25.279,-15.662],[25.278,-15.668],[25.273,-15.675],[25.269,-15.679],[25.256,-15.687],[25.253,-15.692],[25.252,-15.698],[25.254,-15.709],[25.255,-15.715],[25.258,-15.721],[25.272,-15.741],[25.278,-15.749],[25.286,-15.755],[25.291,-15.758],[25.297,-15.76],[25.302,-15.761],[25.309,-15.762],[25.315,-15.761],[25.32,-15.76],[25.325,-15.758],[25.329,-15.755],[25.336,-15.748],[25.345,-15.736],[25.352,-15.728],[25.356,-15.725],[25.361,-15.723],[25.366,-15.724],[25.372,-15.726],[25.376,-15.728],[25.385,-15.735],[25.391,-15.742],[25.394,-15.746],[25.396,-15.751],[25.397,-15.756],[25.397,-15.769],[25.382,-15.876],[25.372,-15.903],[25.364,-15.913],[25.358,-15.92],[25.354,-15.922],[25.35,-15.928],[25.349,-15.935],[25.349,-15.949],[25.351,-15.956],[25.355,-15.961],[25.358,-15.965],[25.359,-15.97],[25.354,-15.976],[25.349,-15.981],[25.34,-15.987],[25.336,-15.991],[25.335,-15.998],[25.334,-16.009],[25.336,-16.023],[25.338,-16.028],[25.343,-16.037],[25.346,-16.041],[25.35,-16.044],[25.37,-16.06],[25.377,-16.067],[25.381,-16.07],[25.385,-16.073],[25.391,-16.075],[25.397,-16.076],[25.41,-16.078],[25.416,-16.079],[25.422,-16.081],[25.426,-16.084],[25.428,-16.088],[25.428,-16.093],[25.422,-16.1],[25.413,-16.109],[25.41,-16.114],[25.407,-16.117],[25.403,-16.12],[25.399,-16.122],[25.394,-16.124],[25.39,-16.126],[25.385,-16.129],[25.381,-16.132],[25.378,-16.136],[25.375,-16.14],[25.37,-16.149],[25.363,-16.157],[25.356,-16.164],[25.352,-16.171],[25.34,-16.198],[25.331,-16.213],[25.327,-16.217],[25.303,-16.273],[25.296,-16.286],[25.29,-16.293],[25.276,-16.299],[25.26,-16.303],[25.255,-16.305],[25.251,-16.307],[25.247,-16.31],[25.243,-16.314],[25.24,-16.317],[25.226,-16.332],[25.213,-16.34],[25.208,-16.342],[25.203,-16.344],[25.197,-16.345],[25.192,-16.346],[25.187,-16.349],[25.172,-16.362],[25.168,-16.364],[25.15,-16.374],[25.142,-16.381],[25.041,-16.512],[25.038,-16.515],[25.029,-16.521],[25.024,-16.523],[25.019,-16.525],[25.004,-16.528],[25,-16.529],[24.999,-16.529],[24.998,-16.532],[24.997,-16.537],[25,-16.549],[25.001,-16.551],[25.002,-16.552],[25.005,-16.555],[25.032,-16.579],[25.068,-16.602],[25.072,-16.605],[25.075,-16.609],[25.077,-16.614],[25.08,-16.63],[25.083,-16.64],[25.095,-16.666],[25.101,-16.67],[25.108,-16.673],[25.212,-16.685],[25.225,-16.689],[25.23,-16.691],[25.24,-16.696],[25.248,-16.702],[25.251,-16.706],[25.253,-16.714],[25.252,-16.726],[25.243,-16.774],[25.242,-16.79],[25.243,-16.796],[25.245,-16.802],[25.249,-16.81],[25.279,-16.905],[25.277,-16.916],[25.271,-16.929],[25.254,-16.957],[25.245,-16.969],[25.238,-16.976],[25.186,-17],[25.176,-17.003],[25.167,-17.008],[25.159,-17.014],[25.156,-17.028],[25.158,-17.036],[25.16,-17.043],[25.162,-17.047],[25.164,-17.052],[25.164,-17.058],[25.161,-17.067],[25.155,-17.079],[25.144,-17.097],[25.137,-17.105],[25.131,-17.11],[25.103,-17.124],[25.095,-17.13],[25.091,-17.138],[25.088,-17.15],[25.084,-17.175],[25.085,-17.186],[25.088,-17.194],[25.092,-17.197],[25.095,-17.201],[25.099,-17.209],[25.1,-17.215],[25.098,-17.222],[25.079,-17.255],[25.069,-17.266],[25.052,-17.294],[25.049,-17.297],[25.032,-17.309],[25.025,-17.317],[25.023,-17.324],[25.021,-17.334],[25.02,-17.389],[25.021,-17.397],[25.025,-17.407],[25.026,-17.413],[25.025,-17.42],[25.023,-17.428],[25.016,-17.438],[25.011,-17.444],[25.001,-17.453],[24.998,-17.455],[24.995,-17.46],[24.989,-17.466],[24.986,-17.47],[24.98,-17.491],[24.97,-17.56],[24.958,-17.552],[24.938,-17.561],[24.925,-17.543],[24.898,-17.531],[24.83,-17.518],[24.797,-17.519],[24.787,-17.517],[24.78,-17.512],[24.775,-17.508],[24.77,-17.505],[24.684,-17.492],[24.639,-17.492],[24.63,-17.496],[24.623,-17.502],[24.617,-17.509],[24.606,-17.515],[24.591,-17.528],[24.581,-17.533],[24.571,-17.533],[24.562,-17.532],[24.547,-17.527],[24.538,-17.52],[24.532,-17.513],[24.524,-17.508],[24.498,-17.503],[24.479,-17.494],[24.449,-17.489],[24.407,-17.475],[24.389,-17.471],[24.371,-17.474],[24.329,-17.485],[24.321,-17.489],[24.31,-17.483],[24.257,-17.481],[24.239,-17.478],[24.22,-17.479],[24.191,-17.485],[24.148,-17.494],[24.105,-17.502],[24.063,-17.511],[24.02,-17.519],[23.977,-17.528],[23.934,-17.536],[23.891,-17.544],[23.848,-17.553],[23.806,-17.561],[23.763,-17.57],[23.72,-17.578],[23.677,-17.587],[23.635,-17.595],[23.592,-17.604],[23.549,-17.612],[23.506,-17.62],[23.476,-17.626],[23.457,-17.627],[23.422,-17.633],[23.382,-17.641],[23.376,-17.628],[23.375,-17.615],[23.382,-17.601],[23.359,-17.583],[23.341,-17.561],[23.32,-17.546],[23.305,-17.54],[23.291,-17.535],[23.258,-17.533],[23.241,-17.535],[23.224,-17.539],[23.207,-17.541],[23.19,-17.537],[23.178,-17.524],[23.177,-17.51],[23.179,-17.494],[23.176,-17.478],[23.166,-17.467],[23.122,-17.451],[23.098,-17.432],[23.073,-17.405],[23.054,-17.375],[23.046,-17.348],[23.04,-17.337],[22.999,-17.294],[22.984,-17.286],[22.937,-17.273],[22.876,-17.248],[22.849,-17.231],[22.809,-17.196],[22.778,-17.18],[22.765,-17.17],[22.756,-17.155],[22.745,-17.108],[22.731,-17.082],[22.71,-17.055],[22.666,-17.009],[22.652,-16.999],[22.592,-16.975],[22.579,-16.975],[22.573,-16.971],[22.569,-16.962],[22.569,-16.945],[22.567,-16.937],[22.555,-16.924],[22.523,-16.915],[22.509,-16.906],[22.5,-16.893],[22.489,-16.865],[22.417,-16.754],[22.409,-16.746],[22.4,-16.74],[22.384,-16.738],[22.378,-16.735],[22.373,-16.729],[22.366,-16.717],[22.35,-16.696],[22.343,-16.683],[22.334,-16.674],[22.307,-16.669],[22.303,-16.667],[22.296,-16.659],[22.291,-16.656],[22.287,-16.658],[22.284,-16.661],[22.274,-16.664],[22.259,-16.669],[22.251,-16.67],[22.238,-16.665],[22.152,-16.598],[22.145,-16.584],[22.142,-16.567],[22.138,-16.553],[22.127,-16.546],[22.108,-16.544],[22.104,-16.537],[22.107,-16.526],[22.107,-16.512],[22.102,-16.498],[22.085,-16.47],[22.08,-16.458],[22.081,-16.441],[22.086,-16.422],[22.094,-16.405],[22.104,-16.392],[22.106,-16.379],[22.089,-16.372],[22.056,-16.365],[22.054,-16.359],[22.054,-16.337],[22.052,-16.327],[22.049,-16.322],[22.037,-16.312],[22.032,-16.306],[22.028,-16.292],[22.026,-16.279],[22.022,-16.266],[22.012,-16.252],[22.02,-16.253]]]}},{"type":"Feature","id":"ZM-02","properties":{"id":"ZM-02","countryCode":"ZM","isoSubdivision":"ZM-02","name":"Central","name_en":"Central","name_ko":"중부","type":"Province","labelLongitude":28.376,"labelLatitude":-14.52,"minZoom":6.6},"geometry":{"type":"Polygon","coordinates":[[[29.767,-13.458],[29.782,-13.456],[29.798,-13.424],[29.798,-13.314],[29.798,-13.164],[29.798,-13.023],[29.798,-12.873],[29.799,-12.698],[29.799,-12.549],[29.799,-12.382],[29.799,-12.266],[29.8,-12.159],[29.819,-12.155],[29.822,-12.153],[29.827,-12.15],[29.83,-12.147],[29.839,-12.134],[29.844,-12.124],[29.846,-12.119],[29.847,-12.113],[29.852,-12.062],[29.854,-12.057],[29.856,-12.052],[29.859,-12.048],[29.863,-12.044],[29.867,-12.042],[29.948,-12.008],[29.969,-12.003],[29.992,-12.001],[29.997,-12.001],[30.004,-12.005],[30.013,-12.013],[30.03,-12.034],[30.049,-12.067],[30.05,-12.072],[30.051,-12.078],[30.053,-12.095],[30.054,-12.1],[30.056,-12.105],[30.059,-12.112],[30.074,-12.132],[30.079,-12.14],[30.085,-12.147],[30.092,-12.153],[30.107,-12.162],[30.116,-12.167],[30.123,-12.17],[30.136,-12.172],[30.142,-12.175],[30.148,-12.18],[30.157,-12.197],[30.162,-12.202],[30.184,-12.211],[30.197,-12.213],[30.202,-12.214],[30.207,-12.217],[30.211,-12.22],[30.216,-12.222],[30.232,-12.228],[30.246,-12.236],[30.257,-12.24],[30.281,-12.244],[30.287,-12.246],[30.301,-12.254],[30.306,-12.256],[30.312,-12.257],[30.329,-12.257],[30.337,-12.26],[30.346,-12.264],[30.361,-12.272],[30.371,-12.275],[30.378,-12.275],[30.395,-12.272],[30.407,-12.272],[30.413,-12.273],[30.418,-12.277],[30.423,-12.282],[30.429,-12.292],[30.434,-12.299],[30.439,-12.304],[30.449,-12.308],[30.455,-12.309],[30.461,-12.308],[30.472,-12.305],[30.483,-12.304],[30.494,-12.306],[30.5,-12.309],[30.505,-12.315],[30.511,-12.325],[30.512,-12.333],[30.513,-12.341],[30.512,-12.385],[30.509,-12.397],[30.499,-12.417],[30.497,-12.422],[30.496,-12.428],[30.496,-12.439],[30.497,-12.451],[30.499,-12.456],[30.501,-12.461],[30.505,-12.466],[30.511,-12.471],[30.524,-12.479],[30.55,-12.491],[30.56,-12.496],[30.565,-12.501],[30.57,-12.509],[30.573,-12.521],[30.574,-12.53],[30.572,-12.536],[30.564,-12.557],[30.563,-12.563],[30.563,-12.569],[30.564,-12.574],[30.572,-12.583],[30.583,-12.593],[30.611,-12.615],[30.625,-12.622],[30.635,-12.625],[30.649,-12.619],[30.657,-12.613],[30.665,-12.607],[30.677,-12.591],[30.681,-12.589],[30.687,-12.589],[30.692,-12.591],[30.696,-12.596],[30.709,-12.626],[30.717,-12.636],[30.724,-12.643],[30.735,-12.65],[30.754,-12.659],[30.759,-12.663],[30.763,-12.668],[30.766,-12.678],[30.766,-12.685],[30.765,-12.692],[30.763,-12.697],[30.761,-12.702],[30.755,-12.71],[30.742,-12.725],[30.739,-12.73],[30.728,-12.755],[30.727,-12.76],[30.728,-12.765],[30.743,-12.816],[30.745,-12.827],[30.744,-12.833],[30.74,-12.857],[30.743,-12.864],[30.75,-12.871],[30.812,-12.913],[30.832,-12.923],[30.84,-12.929],[30.85,-12.933],[30.856,-12.935],[30.868,-12.935],[30.9,-12.928],[30.907,-12.928],[30.913,-12.929],[30.948,-12.938],[30.961,-12.94],[30.967,-12.941],[30.994,-12.95],[31.003,-12.951],[31.008,-12.951],[31.021,-12.951],[31.033,-12.96],[31.108,-13.032],[31.121,-13.041],[31.127,-13.041],[31.14,-13.041],[31.146,-13.04],[31.151,-13.039],[31.156,-13.037],[31.16,-13.034],[31.163,-13.031],[31.166,-13.027],[31.169,-13.022],[31.178,-13.001],[31.179,-12.999],[31.181,-12.99],[31.182,-12.971],[31.184,-12.966],[31.187,-12.962],[31.19,-12.959],[31.2,-12.955],[31.22,-12.948],[31.225,-12.947],[31.27,-12.947],[31.283,-12.949],[31.288,-12.951],[31.323,-12.968],[31.332,-12.973],[31.336,-12.977],[31.34,-12.981],[31.346,-12.995],[31.35,-13.01],[31.365,-13.229],[31.372,-13.248],[31.39,-13.284],[31.414,-13.309],[31.426,-13.325],[31.428,-13.335],[31.429,-13.353],[31.429,-13.386],[31.429,-13.436],[31.407,-13.451],[31.359,-13.461],[31.337,-13.474],[31.297,-13.504],[31.288,-13.514],[31.283,-13.517],[31.276,-13.513],[31.267,-13.511],[31.259,-13.514],[31.255,-13.521],[31.251,-13.535],[31.232,-13.557],[31.222,-13.582],[31.209,-13.584],[31.183,-13.578],[31.174,-13.581],[31.162,-13.596],[31.135,-13.607],[31.123,-13.627],[31.105,-13.7],[31.099,-13.714],[31.074,-13.739],[31.071,-13.741],[31.056,-13.758],[31.062,-13.774],[31.051,-13.781],[31.022,-13.784],[31.01,-13.79],[30.984,-13.808],[30.971,-13.812],[30.963,-13.82],[30.963,-13.836],[30.959,-13.853],[30.937,-13.86],[30.937,-13.864],[30.92,-13.887],[30.904,-13.902],[30.897,-13.91],[30.892,-13.922],[30.882,-13.927],[30.873,-13.93],[30.098,-13.932],[30.097,-13.935],[30.101,-13.938],[30.106,-13.94],[30.118,-13.943],[30.137,-13.946],[30.143,-13.947],[30.149,-13.951],[30.154,-13.961],[30.18,-14.041],[30.184,-14.047],[30.19,-14.051],[30.216,-14.061],[30.263,-14.075],[30.274,-14.079],[30.278,-14.082],[30.289,-14.092],[30.294,-14.095],[30.299,-14.097],[30.303,-14.1],[30.306,-14.104],[30.31,-14.113],[30.316,-14.121],[30.318,-14.126],[30.319,-14.131],[30.32,-14.143],[30.32,-14.15],[30.318,-14.158],[30.314,-14.171],[30.309,-14.182],[30.299,-14.198],[30.292,-14.207],[30.28,-14.215],[30.254,-14.229],[30.246,-14.235],[30.232,-14.249],[30.223,-14.254],[30.219,-14.258],[30.215,-14.264],[30.211,-14.275],[30.206,-14.282],[30.198,-14.29],[30.17,-14.314],[30.131,-14.365],[30.123,-14.373],[30.117,-14.376],[30.112,-14.377],[30.106,-14.377],[30.094,-14.375],[30.088,-14.375],[30.084,-14.378],[30.08,-14.384],[30.076,-14.393],[30.073,-14.407],[30.069,-14.415],[30.064,-14.421],[30.059,-14.425],[30.054,-14.427],[30.045,-14.432],[30.035,-14.442],[30.031,-14.45],[30.028,-14.46],[30.025,-14.481],[30.019,-14.5],[30.016,-14.502],[30.013,-14.509],[30.008,-14.52],[30,-14.557],[29.994,-14.607],[30,-14.617],[30.021,-14.636],[30.046,-14.664],[30.051,-14.671],[30,-14.668],[29.991,-14.663],[29.981,-14.653],[29.977,-14.65],[29.971,-14.649],[29.965,-14.649],[29.958,-14.65],[29.951,-14.652],[29.942,-14.658],[29.932,-14.659],[29.923,-14.663],[29.917,-14.66],[29.913,-14.656],[29.909,-14.653],[29.904,-14.654],[29.899,-14.662],[29.892,-14.681],[29.89,-14.686],[29.887,-14.69],[29.883,-14.694],[29.877,-14.697],[29.869,-14.7],[29.853,-14.702],[29.843,-14.702],[29.835,-14.7],[29.819,-14.696],[29.813,-14.697],[29.806,-14.7],[29.786,-14.717],[29.781,-14.719],[29.775,-14.721],[29.754,-14.719],[29.748,-14.719],[29.669,-14.75],[29.664,-14.753],[29.657,-14.76],[29.649,-14.767],[29.59,-14.799],[29.581,-14.806],[29.576,-14.809],[29.544,-14.81],[29.538,-14.809],[29.53,-14.811],[29.522,-14.816],[29.508,-14.836],[29.502,-14.849],[29.499,-14.871],[29.487,-14.914],[29.46,-14.963],[29.394,-14.975],[29.312,-14.977],[29.228,-14.957],[29.052,-15.009],[29.001,-15.019],[28.947,-15.042],[28.823,-15.149],[28.744,-15.176],[28.656,-15.186],[28.569,-15.188],[28.404,-15.146],[28.376,-15.163],[28.343,-15.225],[28.318,-15.295],[28.291,-15.342],[28.26,-15.353],[28.202,-15.341],[28.033,-15.287],[27.862,-15.261],[27.85,-15.261],[27.837,-15.263],[27.828,-15.266],[27.778,-15.299],[27.769,-15.31],[27.767,-15.321],[27.773,-15.335],[27.787,-15.343],[27.81,-15.35],[27.864,-15.357],[27.879,-15.363],[27.892,-15.374],[27.918,-15.424],[27.932,-15.469],[27.934,-15.486],[27.935,-15.496],[27.934,-15.501],[27.932,-15.507],[27.923,-15.518],[27.906,-15.532],[27.799,-15.561],[27.757,-15.649],[27.753,-15.651],[27.747,-15.661],[27.743,-15.663],[27.736,-15.662],[27.725,-15.656],[27.719,-15.656],[27.708,-15.656],[27.702,-15.66],[27.692,-15.669],[27.685,-15.661],[27.681,-15.653],[27.675,-15.646],[27.67,-15.641],[27.666,-15.637],[27.654,-15.625],[27.651,-15.621],[27.65,-15.617],[27.652,-15.613],[27.656,-15.61],[27.66,-15.607],[27.663,-15.604],[27.665,-15.6],[27.665,-15.596],[27.662,-15.593],[27.66,-15.588],[27.659,-15.583],[27.661,-15.563],[27.66,-15.558],[27.657,-15.554],[27.64,-15.547],[27.637,-15.544],[27.635,-15.539],[27.635,-15.533],[27.634,-15.527],[27.632,-15.523],[27.626,-15.519],[27.575,-15.503],[27.57,-15.5],[27.569,-15.5],[27.568,-15.496],[27.57,-15.487],[27.568,-15.482],[27.562,-15.479],[27.547,-15.48],[27.539,-15.483],[27.534,-15.487],[27.533,-15.493],[27.532,-15.5],[27.529,-15.505],[27.517,-15.512],[27.514,-15.515],[27.512,-15.521],[27.511,-15.527],[27.51,-15.532],[27.507,-15.537],[27.505,-15.541],[27.501,-15.543],[27.495,-15.547],[27.488,-15.553],[27.485,-15.557],[27.481,-15.56],[27.476,-15.562],[27.471,-15.563],[27.466,-15.566],[27.464,-15.57],[27.462,-15.575],[27.459,-15.579],[27.455,-15.582],[27.45,-15.581],[27.434,-15.574],[27.415,-15.568],[27.41,-15.568],[27.406,-15.574],[27.403,-15.581],[27.321,-15.726],[27.318,-15.735],[27.301,-15.744],[27.291,-15.73],[27.28,-15.727],[27.28,-15.714],[27.228,-15.497],[27.202,-15.482],[26.968,-15.471],[26.959,-15.468],[26.963,-15.461],[26.987,-15.442],[26.987,-15.435],[26.977,-15.427],[26.844,-15.352],[26.804,-15.343],[26.746,-15.336],[25.325,-15.299],[25.326,-15.23],[25.322,-15.194],[25.322,-15.185],[25.324,-15.179],[25.328,-15.175],[25.358,-15.149],[25.364,-15.141],[25.368,-15.138],[25.373,-15.135],[25.378,-15.135],[25.384,-15.135],[25.39,-15.136],[25.396,-15.137],[25.403,-15.136],[25.411,-15.131],[25.414,-15.125],[25.415,-15.119],[25.413,-15.09],[25.414,-15.081],[25.418,-15.076],[25.433,-15.061],[25.447,-15.04],[25.453,-15.029],[25.456,-15.02],[25.457,-14.976],[25.457,-14.971],[25.455,-14.966],[25.426,-14.914],[25.424,-14.906],[25.423,-14.896],[25.423,-14.876],[25.425,-14.866],[25.428,-14.859],[25.436,-14.849],[25.442,-14.84],[25.445,-14.831],[25.446,-14.819],[25.448,-14.812],[25.45,-14.807],[25.453,-14.803],[25.457,-14.799],[25.461,-14.797],[25.473,-14.793],[25.478,-14.789],[25.48,-14.784],[25.48,-14.779],[25.48,-14.767],[25.483,-14.735],[25.477,-14.715],[25.476,-14.7],[25.477,-14.691],[25.479,-14.683],[25.484,-14.674],[25.487,-14.67],[25.49,-14.666],[25.499,-14.642],[25.506,-14.629],[25.523,-14.603],[25.53,-14.595],[25.533,-14.592],[25.537,-14.589],[25.541,-14.587],[25.548,-14.585],[25.573,-14.57],[25.586,-14.559],[25.603,-14.556],[25.621,-14.555],[26.174,-14.621],[26.18,-14.627],[26.183,-14.632],[26.191,-14.645],[26.198,-14.655],[26.209,-14.66],[26.224,-14.664],[26.249,-14.668],[26.294,-14.689],[26.302,-14.696],[26.307,-14.705],[26.315,-14.713],[26.325,-14.717],[26.335,-14.714],[26.37,-14.699],[26.376,-14.648],[26.387,-14.627],[26.428,-14.58],[26.492,-14.532],[26.534,-14.47],[26.543,-14.46],[26.555,-14.451],[26.571,-14.444],[26.588,-14.443],[26.598,-14.446],[26.617,-14.455],[26.629,-14.456],[26.635,-14.454],[26.638,-14.449],[26.643,-14.445],[26.653,-14.443],[26.736,-14.449],[26.755,-14.444],[26.79,-14.42],[26.805,-14.415],[26.928,-14.41],[26.944,-14.396],[26.95,-14.39],[26.956,-14.374],[26.954,-14.263],[26.953,-14.258],[26.952,-14.253],[26.953,-14.248],[26.958,-14.239],[26.977,-14.215],[26.979,-14.209],[26.981,-14.204],[26.982,-14.198],[26.982,-14.192],[26.981,-14.18],[26.979,-14.169],[26.971,-14.151],[26.963,-14.138],[26.913,-14.076],[26.902,-14.066],[26.864,-14.046],[26.86,-14.042],[26.858,-14.038],[26.863,-14.03],[26.873,-14.025],[26.893,-14.019],[26.902,-14.015],[26.908,-14.01],[26.909,-14.005],[26.91,-14],[26.907,-13.962],[26.908,-13.937],[26.912,-13.91],[26.921,-13.889],[26.941,-13.859],[26.951,-13.839],[26.953,-13.833],[26.954,-13.828],[26.955,-13.822],[26.953,-13.817],[26.95,-13.813],[26.919,-13.799],[26.91,-13.794],[26.906,-13.79],[26.9,-13.783],[26.897,-13.779],[26.895,-13.774],[26.89,-13.759],[26.887,-13.75],[26.882,-13.741],[26.876,-13.733],[26.869,-13.726],[26.861,-13.72],[26.853,-13.717],[27.261,-13.729],[27.347,-13.74],[27.348,-13.746],[27.347,-13.752],[27.346,-13.758],[27.345,-13.763],[27.345,-13.769],[27.353,-13.793],[27.355,-13.798],[27.358,-13.802],[27.372,-13.815],[27.375,-13.819],[27.377,-13.823],[27.379,-13.828],[27.381,-13.845],[27.385,-13.855],[27.386,-13.86],[27.388,-13.877],[27.394,-13.898],[27.397,-13.903],[27.403,-13.909],[27.406,-13.912],[27.417,-13.92],[27.434,-13.912],[27.461,-13.893],[27.484,-13.868],[27.493,-13.843],[27.486,-13.822],[27.485,-13.807],[27.49,-13.795],[27.499,-13.789],[27.512,-13.786],[27.523,-13.789],[27.53,-13.806],[27.535,-13.812],[27.542,-13.818],[27.549,-13.818],[27.554,-13.813],[27.555,-13.806],[27.553,-13.798],[27.555,-13.792],[27.587,-13.751],[27.596,-13.736],[27.596,-13.73],[27.594,-13.724],[27.592,-13.718],[27.596,-13.709],[27.602,-13.705],[27.611,-13.704],[27.619,-13.704],[27.624,-13.702],[27.626,-13.689],[27.622,-13.676],[27.622,-13.663],[27.637,-13.648],[27.654,-13.65],[27.66,-13.651],[27.666,-13.653],[27.683,-13.665],[27.693,-13.669],[27.705,-13.673],[27.789,-13.68],[27.808,-13.685],[27.823,-13.699],[27.89,-13.861],[27.9,-13.88],[27.912,-13.898],[27.933,-13.914],[27.944,-13.92],[27.952,-13.921],[27.958,-13.92],[27.962,-13.917],[27.975,-13.909],[27.981,-13.907],[27.99,-13.905],[28.017,-13.904],[28.025,-13.903],[28.029,-13.901],[28.038,-13.898],[28.05,-13.897],[28.105,-13.896],[28.14,-13.891],[28.145,-13.89],[28.15,-13.888],[28.159,-13.882],[28.163,-13.879],[28.166,-13.875],[28.171,-13.872],[28.177,-13.868],[28.19,-13.866],[28.199,-13.866],[28.206,-13.867],[28.269,-13.883],[28.281,-13.885],[28.289,-13.885],[28.309,-13.879],[28.328,-13.875],[28.36,-13.875],[28.37,-13.875],[28.417,-13.888],[28.435,-13.891],[28.5,-13.886],[28.507,-13.884],[28.512,-13.883],[28.521,-13.879],[28.534,-13.871],[28.539,-13.869],[28.579,-13.863],[28.659,-13.86],[28.669,-13.856],[28.675,-13.851],[28.667,-13.74],[28.668,-13.735],[28.671,-13.731],[28.675,-13.728],[28.818,-13.62],[28.825,-13.613],[28.843,-13.588],[28.864,-13.566],[28.872,-13.56],[28.906,-13.54],[28.946,-13.526],[28.95,-13.523],[28.954,-13.52],[29.018,-13.442],[29.057,-13.403],[29.06,-13.399],[29.063,-13.396],[29.065,-13.389],[29.073,-13.389],[29.098,-13.385],[29.122,-13.384],[29.144,-13.394],[29.153,-13.407],[29.16,-13.422],[29.169,-13.434],[29.184,-13.437],[29.195,-13.431],[29.214,-13.408],[29.227,-13.401],[29.25,-13.392],[29.308,-13.354],[29.45,-13.3],[29.47,-13.288],[29.528,-13.234],[29.551,-13.224],[29.574,-13.225],[29.593,-13.236],[29.61,-13.249],[29.629,-13.261],[29.641,-13.263],[29.65,-13.26],[29.657,-13.26],[29.667,-13.271],[29.669,-13.281],[29.668,-13.292],[29.664,-13.302],[29.659,-13.31],[29.652,-13.315],[29.634,-13.319],[29.627,-13.326],[29.625,-13.335],[29.627,-13.355],[29.625,-13.364],[29.619,-13.367],[29.609,-13.369],[29.602,-13.374],[29.602,-13.388],[29.606,-13.4],[29.611,-13.411],[29.617,-13.421],[29.626,-13.43],[29.641,-13.439],[29.663,-13.447],[29.703,-13.458],[29.767,-13.458]]]}},{"type":"Feature","id":"ZM-03","properties":{"id":"ZM-03","countryCode":"ZM","isoSubdivision":"ZM-03","name":"Eastern","name_en":"Eastern","name_ko":"동부","type":"Province","labelLongitude":31.834,"labelLatitude":-13.762,"minZoom":6.6},"geometry":{"type":"Polygon","coordinates":[[[33.305,-11.644],[33.314,-11.772],[33.311,-11.809],[33.297,-11.847],[33.297,-11.863],[33.309,-11.884],[33.313,-11.899],[33.309,-11.914],[33.304,-11.93],[33.294,-11.981],[33.255,-12.073],[33.251,-12.106],[33.253,-12.14],[33.26,-12.156],[33.288,-12.182],[33.3,-12.196],[33.312,-12.229],[33.33,-12.298],[33.349,-12.328],[33.385,-12.34],[33.458,-12.318],[33.497,-12.332],[33.514,-12.331],[33.526,-12.335],[33.527,-12.356],[33.518,-12.372],[33.514,-12.374],[33.488,-12.39],[33.481,-12.406],[33.465,-12.409],[33.461,-12.417],[33.46,-12.441],[33.451,-12.453],[33.421,-12.465],[33.409,-12.475],[33.394,-12.498],[33.373,-12.519],[33.35,-12.533],[33.328,-12.538],[33.32,-12.535],[33.312,-12.53],[33.302,-12.525],[33.29,-12.524],[33.263,-12.529],[33.255,-12.532],[33.244,-12.545],[33.227,-12.579],[33.213,-12.589],[33.203,-12.592],[33.197,-12.595],[33.192,-12.599],[33.187,-12.602],[33.181,-12.608],[33.178,-12.615],[33.173,-12.62],[33.163,-12.62],[33.159,-12.615],[33.147,-12.593],[33.14,-12.586],[33.13,-12.584],[33.123,-12.585],[33.107,-12.589],[33.099,-12.593],[33.09,-12.601],[33.081,-12.605],[33.074,-12.598],[33.07,-12.59],[33.065,-12.585],[33.058,-12.583],[33.05,-12.587],[33.035,-12.599],[33.025,-12.613],[32.994,-12.673],[32.958,-12.725],[32.945,-12.752],[32.941,-12.77],[32.947,-12.843],[32.954,-12.854],[32.98,-12.871],[33.005,-12.893],[33.014,-12.917],[33.009,-12.945],[32.982,-13.006],[32.966,-13.117],[32.967,-13.134],[32.971,-13.151],[32.979,-13.168],[32.995,-13.191],[32.998,-13.202],[32.993,-13.216],[32.963,-13.225],[32.938,-13.256],[32.92,-13.295],[32.905,-13.351],[32.892,-13.405],[32.874,-13.443],[32.846,-13.458],[32.827,-13.461],[32.819,-13.472],[32.817,-13.487],[32.818,-13.506],[32.813,-13.528],[32.8,-13.537],[32.763,-13.542],[32.75,-13.551],[32.723,-13.573],[32.71,-13.575],[32.692,-13.569],[32.677,-13.568],[32.668,-13.576],[32.663,-13.596],[32.675,-13.628],[32.707,-13.635],[32.743,-13.635],[32.77,-13.647],[32.808,-13.699],[32.813,-13.711],[32.805,-13.722],[32.768,-13.739],[32.757,-13.75],[32.763,-13.777],[32.792,-13.79],[32.829,-13.797],[32.859,-13.808],[32.874,-13.821],[32.924,-13.88],[32.928,-13.896],[32.93,-13.911],[32.936,-13.926],[32.944,-13.933],[32.963,-13.932],[32.971,-13.936],[32.976,-13.945],[32.977,-13.95],[32.975,-13.955],[32.971,-14.006],[32.976,-14.021],[33,-14.05],[33.018,-14.046],[33.049,-13.997],[33.063,-13.982],[33.077,-13.974],[33.112,-13.965],[33.121,-13.956],[33.13,-13.931],[33.14,-13.925],[33.155,-13.937],[33.186,-13.994],[33.203,-14.014],[33.13,-14.038],[33.043,-14.067],[32.917,-14.109],[32.745,-14.166],[32.577,-14.223],[32.425,-14.273],[32.32,-14.308],[32.227,-14.339],[32.147,-14.353],[32.109,-14.365],[32.033,-14.399],[31.933,-14.431],[31.801,-14.474],[31.658,-14.52],[31.59,-14.555],[31.497,-14.603],[31.411,-14.634],[31.307,-14.658],[31.178,-14.689],[31.074,-14.713],[31.057,-14.714],[30.915,-14.746],[30.816,-14.768],[30.677,-14.818],[30.592,-14.848],[30.486,-14.886],[30.392,-14.931],[30.318,-14.967],[30.231,-14.977],[30.214,-14.981],[30.214,-14.982],[30.213,-14.98],[30.212,-14.861],[30.207,-14.831],[30.202,-14.828],[30.191,-14.817],[30.184,-14.805],[30.174,-14.793],[30.165,-14.788],[30.15,-14.78],[30.145,-14.776],[30.139,-14.771],[30.1,-14.72],[30.096,-14.716],[30.091,-14.713],[30.068,-14.704],[30.062,-14.698],[30.058,-14.691],[30.055,-14.678],[30.051,-14.671],[30.046,-14.664],[30.021,-14.636],[30,-14.617],[29.994,-14.607],[30,-14.557],[30.008,-14.52],[30.013,-14.509],[30.016,-14.502],[30.019,-14.5],[30.025,-14.481],[30.028,-14.46],[30.031,-14.45],[30.035,-14.442],[30.045,-14.432],[30.054,-14.427],[30.059,-14.425],[30.064,-14.421],[30.069,-14.415],[30.073,-14.407],[30.076,-14.393],[30.08,-14.384],[30.084,-14.378],[30.088,-14.375],[30.094,-14.375],[30.106,-14.377],[30.112,-14.377],[30.117,-14.376],[30.123,-14.373],[30.131,-14.365],[30.17,-14.314],[30.198,-14.29],[30.206,-14.282],[30.211,-14.275],[30.215,-14.264],[30.219,-14.258],[30.223,-14.254],[30.232,-14.249],[30.246,-14.235],[30.254,-14.229],[30.28,-14.215],[30.292,-14.207],[30.299,-14.198],[30.309,-14.182],[30.314,-14.171],[30.318,-14.158],[30.32,-14.15],[30.32,-14.143],[30.319,-14.131],[30.318,-14.126],[30.316,-14.121],[30.31,-14.113],[30.306,-14.104],[30.303,-14.1],[30.299,-14.097],[30.294,-14.095],[30.289,-14.092],[30.278,-14.082],[30.274,-14.079],[30.263,-14.075],[30.216,-14.061],[30.19,-14.051],[30.184,-14.047],[30.18,-14.041],[30.154,-13.961],[30.149,-13.951],[30.143,-13.947],[30.137,-13.946],[30.118,-13.943],[30.106,-13.94],[30.101,-13.938],[30.097,-13.935],[30.098,-13.932],[30.873,-13.93],[30.882,-13.927],[30.892,-13.922],[30.897,-13.91],[30.904,-13.902],[30.92,-13.887],[30.937,-13.864],[30.937,-13.86],[30.959,-13.853],[30.963,-13.836],[30.963,-13.82],[30.971,-13.812],[30.984,-13.808],[31.01,-13.79],[31.022,-13.784],[31.051,-13.781],[31.062,-13.774],[31.056,-13.758],[31.071,-13.741],[31.074,-13.739],[31.099,-13.714],[31.105,-13.7],[31.123,-13.627],[31.135,-13.607],[31.162,-13.596],[31.174,-13.581],[31.183,-13.578],[31.209,-13.584],[31.222,-13.582],[31.232,-13.557],[31.251,-13.535],[31.255,-13.521],[31.259,-13.514],[31.267,-13.511],[31.276,-13.513],[31.283,-13.517],[31.288,-13.514],[31.297,-13.504],[31.337,-13.474],[31.359,-13.461],[31.407,-13.451],[31.429,-13.436],[31.439,-13.429],[31.461,-13.422],[31.478,-13.424],[31.498,-13.43],[31.518,-13.432],[31.535,-13.425],[31.614,-13.367],[31.638,-13.336],[31.65,-13.298],[31.657,-13.258],[31.675,-13.201],[31.681,-13.192],[31.701,-13.187],[31.709,-13.182],[31.715,-13.174],[31.717,-13.165],[31.724,-13.145],[31.739,-13.131],[31.753,-13.116],[31.756,-13.092],[31.762,-13.092],[31.764,-13.097],[31.767,-13.102],[31.769,-13.106],[31.785,-13.096],[31.808,-13.085],[31.821,-13.075],[31.831,-13.063],[31.836,-13.059],[31.857,-13.057],[31.865,-13.053],[31.87,-13.046],[31.872,-13.037],[31.885,-13.042],[31.893,-13.04],[31.901,-13.035],[31.913,-13.031],[31.907,-13.011],[31.906,-12.991],[31.909,-12.971],[31.913,-12.955],[31.914,-12.95],[31.912,-12.94],[31.913,-12.935],[31.918,-12.931],[31.924,-12.93],[31.93,-12.93],[31.934,-12.928],[31.947,-12.916],[31.952,-12.91],[31.955,-12.901],[31.966,-12.9],[31.987,-12.894],[32.007,-12.886],[32.016,-12.877],[32.019,-12.859],[32.035,-12.813],[32.044,-12.797],[32.053,-12.791],[32.062,-12.788],[32.068,-12.785],[32.072,-12.764],[32.082,-12.744],[32.084,-12.733],[32.085,-12.721],[32.091,-12.688],[32.091,-12.654],[32.094,-12.644],[32.099,-12.637],[32.103,-12.629],[32.107,-12.605],[32.117,-12.593],[32.139,-12.495],[32.139,-12.451],[32.141,-12.443],[32.151,-12.43],[32.153,-12.424],[32.154,-12.41],[32.158,-12.403],[32.165,-12.398],[32.174,-12.387],[32.181,-12.376],[32.194,-12.346],[32.206,-12.333],[32.256,-12.295],[32.258,-12.285],[32.276,-12.264],[32.284,-12.243],[32.29,-12.222],[32.291,-12.201],[32.374,-12.219],[32.433,-12.219],[32.483,-12.169],[32.5,-12.11],[32.542,-12.068],[32.601,-12.068],[32.727,-12.06],[32.954,-11.992],[33.088,-11.95],[33.13,-11.858],[33.197,-11.749],[33.197,-11.702],[33.216,-11.673],[33.256,-11.656],[33.305,-11.644]]]}},{"type":"Feature","id":"ZM-04","properties":{"id":"ZM-04","countryCode":"ZM","isoSubdivision":"ZM-04","name":"Luapula","name_en":"Luapula","name_ko":"루아풀라","type":"Province","labelLongitude":29.405,"labelLatitude":-11.647,"minZoom":6.6},"geometry":{"type":"Polygon","coordinates":[[[28.586,-9.544],[28.574,-9.539],[28.569,-9.526],[28.569,-9.509],[28.567,-9.496],[28.563,-9.485],[28.556,-9.474],[28.532,-9.457],[28.52,-9.446],[28.515,-9.43],[28.516,-9.416],[28.518,-9.397],[28.516,-9.378],[28.495,-9.353],[28.46,-9.335],[28.411,-9.325],[28.369,-9.309],[28.352,-9.272],[28.372,-9.235],[28.415,-9.207],[28.506,-9.164],[28.599,-9.096],[28.765,-8.934],[28.893,-8.766],[28.93,-8.68],[28.935,-8.591],[28.893,-8.502],[28.889,-8.483],[28.915,-8.473],[29.035,-8.455],[29.208,-8.429],[29.366,-8.405],[29.576,-8.373],[29.575,-8.374],[29.568,-8.394],[29.538,-8.452],[29.527,-8.469],[29.524,-8.473],[29.509,-8.486],[29.5,-8.493],[29.497,-8.495],[29.466,-8.502],[29.428,-8.516],[29.419,-8.521],[29.415,-8.524],[29.405,-8.535],[29.393,-8.551],[29.365,-8.608],[29.354,-8.626],[29.351,-8.63],[29.343,-8.636],[29.34,-8.64],[29.337,-8.644],[29.306,-8.721],[29.283,-8.818],[29.25,-8.901],[29.245,-8.91],[29.232,-8.925],[29.228,-8.928],[29.22,-8.933],[29.189,-8.942],[29.18,-8.946],[29.176,-8.949],[29.17,-8.957],[29.147,-9.037],[29.144,-9.041],[29.139,-9.043],[29.127,-9.042],[29.122,-9.043],[29.119,-9.047],[29.117,-9.052],[29.114,-9.064],[29.112,-9.07],[29.11,-9.091],[29.115,-9.102],[29.12,-9.107],[29.134,-9.116],[29.152,-9.125],[29.162,-9.128],[29.171,-9.133],[29.179,-9.139],[29.185,-9.147],[29.193,-9.152],[29.202,-9.156],[29.212,-9.157],[29.22,-9.155],[29.226,-9.152],[29.232,-9.152],[29.238,-9.155],[29.244,-9.158],[29.248,-9.161],[29.26,-9.176],[29.263,-9.18],[29.268,-9.19],[29.27,-9.194],[29.274,-9.197],[29.278,-9.199],[29.29,-9.202],[29.295,-9.204],[29.299,-9.206],[29.305,-9.214],[29.309,-9.217],[29.313,-9.219],[29.317,-9.218],[29.326,-9.214],[29.331,-9.213],[29.334,-9.216],[29.336,-9.223],[29.337,-9.234],[29.341,-9.242],[29.344,-9.249],[29.345,-9.256],[29.34,-9.28],[29.34,-9.286],[29.341,-9.297],[29.359,-9.356],[29.356,-9.366],[29.354,-9.372],[29.352,-9.378],[29.349,-9.382],[29.345,-9.385],[29.34,-9.387],[29.334,-9.388],[29.33,-9.391],[29.328,-9.396],[29.327,-9.402],[29.324,-9.426],[29.325,-9.433],[29.326,-9.443],[29.329,-9.451],[29.338,-9.467],[29.358,-9.524],[29.364,-9.532],[29.369,-9.537],[29.373,-9.54],[29.381,-9.546],[29.385,-9.549],[29.39,-9.549],[29.395,-9.547],[29.405,-9.543],[29.41,-9.541],[29.416,-9.541],[29.428,-9.543],[29.434,-9.544],[29.438,-9.547],[29.453,-9.559],[29.456,-9.563],[29.472,-9.595],[29.478,-9.601],[29.485,-9.605],[29.49,-9.608],[29.493,-9.611],[29.496,-9.614],[29.499,-9.618],[29.501,-9.619],[29.505,-9.621],[29.516,-9.622],[29.522,-9.626],[29.526,-9.632],[29.532,-9.643],[29.537,-9.648],[29.543,-9.651],[29.555,-9.653],[29.56,-9.654],[29.569,-9.66],[29.573,-9.662],[29.579,-9.662],[29.595,-9.659],[29.6,-9.66],[29.621,-9.666],[29.639,-9.67],[29.644,-9.671],[29.649,-9.673],[29.666,-9.683],[29.698,-9.693],[29.717,-9.695],[29.722,-9.697],[29.726,-9.699],[29.733,-9.706],[29.738,-9.708],[29.743,-9.708],[29.754,-9.707],[29.76,-9.707],[29.772,-9.708],[29.778,-9.708],[29.79,-9.707],[29.795,-9.707],[29.8,-9.709],[29.804,-9.712],[29.807,-9.715],[29.81,-9.719],[29.82,-9.737],[29.831,-9.753],[29.845,-9.768],[29.857,-9.776],[29.861,-9.782],[29.864,-9.79],[29.868,-9.806],[29.872,-9.814],[29.876,-9.82],[29.886,-9.823],[29.898,-9.826],[29.908,-9.83],[29.912,-9.832],[29.916,-9.835],[29.919,-9.839],[29.922,-9.843],[29.924,-9.847],[29.936,-9.882],[29.938,-9.891],[29.932,-9.914],[29.907,-9.979],[29.906,-9.985],[29.905,-9.992],[29.907,-10.002],[29.91,-10.009],[29.926,-10.047],[29.936,-10.064],[29.938,-10.068],[29.938,-10.073],[29.934,-10.077],[29.917,-10.09],[29.91,-10.097],[29.904,-10.105],[29.899,-10.115],[29.895,-10.125],[29.879,-10.2],[29.875,-10.21],[29.872,-10.214],[29.87,-10.217],[29.867,-10.219],[29.854,-10.23],[29.844,-10.234],[29.84,-10.236],[29.828,-10.237],[29.821,-10.237],[29.808,-10.235],[29.803,-10.233],[29.788,-10.226],[29.777,-10.222],[29.771,-10.221],[29.726,-10.218],[29.703,-10.221],[29.698,-10.223],[29.678,-10.231],[29.67,-10.237],[29.655,-10.249],[29.623,-10.28],[29.616,-10.286],[29.611,-10.289],[29.587,-10.298],[29.552,-10.316],[29.52,-10.324],[29.511,-10.327],[29.507,-10.329],[29.501,-10.333],[29.498,-10.336],[29.493,-10.343],[29.48,-10.357],[29.475,-10.361],[29.445,-10.378],[29.441,-10.381],[29.438,-10.385],[29.436,-10.393],[29.433,-10.425],[29.43,-10.434],[29.426,-10.44],[29.422,-10.442],[29.418,-10.446],[29.412,-10.454],[29.396,-10.48],[29.395,-10.487],[29.396,-10.495],[29.402,-10.507],[29.406,-10.513],[29.413,-10.522],[29.415,-10.527],[29.412,-10.534],[29.409,-10.539],[29.369,-10.592],[29.364,-10.602],[29.362,-10.607],[29.357,-10.63],[29.353,-10.637],[29.347,-10.639],[29.34,-10.639],[29.32,-10.637],[29.314,-10.638],[29.308,-10.641],[29.301,-10.651],[29.291,-10.66],[29.169,-10.736],[29.164,-10.742],[29.162,-10.749],[29.163,-10.866],[29.161,-10.873],[29.158,-10.878],[29.114,-10.917],[29.095,-10.94],[29.086,-10.953],[29.084,-10.958],[29.086,-10.962],[29.094,-10.967],[29.17,-10.993],[29.18,-10.999],[29.27,-11.087],[29.274,-11.09],[29.279,-11.092],[29.285,-11.093],[29.296,-11.093],[29.307,-11.091],[29.313,-11.09],[29.318,-11.091],[29.323,-11.093],[29.371,-11.118],[29.376,-11.119],[29.382,-11.119],[29.386,-11.117],[29.389,-11.112],[29.39,-11.106],[29.392,-11.08],[29.397,-11.055],[29.398,-11.049],[29.397,-11.042],[29.388,-11.03],[29.381,-11.022],[29.37,-11.006],[29.366,-10.999],[29.363,-10.989],[29.361,-10.978],[29.362,-10.97],[29.363,-10.964],[29.364,-10.959],[29.362,-10.952],[29.343,-10.924],[29.338,-10.908],[29.349,-10.895],[29.365,-10.884],[29.641,-10.739],[29.649,-10.737],[29.655,-10.738],[29.66,-10.741],[29.676,-10.753],[29.708,-10.771],[29.747,-10.784],[29.757,-10.788],[29.776,-10.799],[29.781,-10.804],[29.786,-10.811],[29.813,-10.863],[29.819,-10.871],[29.823,-10.874],[29.845,-10.888],[29.851,-10.893],[29.857,-10.899],[29.884,-10.945],[29.886,-10.949],[29.887,-10.955],[29.889,-10.966],[29.893,-11.019],[29.835,-11.395],[29.841,-11.389],[29.851,-11.372],[29.88,-11.361],[29.885,-11.355],[29.886,-11.345],[29.89,-11.333],[29.895,-11.322],[29.902,-11.314],[29.937,-11.291],[29.948,-11.276],[29.952,-11.254],[29.96,-11.246],[29.967,-11.243],[29.981,-11.24],[30.105,-11.242],[30.122,-11.246],[30.138,-11.254],[30.449,-11.475],[30.453,-11.48],[30.455,-11.484],[30.457,-11.49],[30.457,-11.496],[30.457,-11.499],[30.456,-11.502],[30.452,-11.507],[30.451,-11.51],[30.45,-11.515],[30.451,-11.525],[30.449,-11.531],[30.441,-11.553],[30.44,-11.565],[30.441,-11.571],[30.443,-11.576],[30.446,-11.579],[30.448,-11.584],[30.448,-11.59],[30.275,-11.806],[30.261,-11.819],[30.245,-11.826],[29.821,-11.894],[29.816,-11.896],[29.79,-11.899],[29.779,-11.91],[29.773,-11.925],[29.775,-11.943],[29.782,-11.976],[29.778,-12.02],[29.782,-12.038],[29.79,-12.052],[29.81,-12.073],[29.817,-12.085],[29.816,-12.097],[29.813,-12.111],[29.812,-12.124],[29.817,-12.133],[29.814,-12.14],[29.81,-12.146],[29.807,-12.15],[29.803,-12.154],[29.799,-12.156],[29.799,-12.154],[29.756,-12.158],[29.735,-12.165],[29.701,-12.189],[29.649,-12.213],[29.632,-12.216],[29.621,-12.21],[29.603,-12.193],[29.59,-12.188],[29.577,-12.188],[29.568,-12.192],[29.553,-12.205],[29.533,-12.217],[29.49,-12.231],[29.474,-12.243],[29.468,-12.255],[29.456,-12.294],[29.452,-12.318],[29.448,-12.327],[29.447,-12.335],[29.45,-12.343],[29.48,-12.381],[29.496,-12.386],[29.511,-12.387],[29.523,-12.393],[29.528,-12.411],[29.525,-12.429],[29.515,-12.444],[29.5,-12.453],[29.48,-12.455],[29.473,-12.452],[29.469,-12.448],[29.465,-12.444],[29.46,-12.441],[29.453,-12.441],[29.439,-12.442],[29.433,-12.441],[29.406,-12.432],[29.364,-12.409],[29.357,-12.408],[29.316,-12.407],[29.305,-12.405],[29.296,-12.401],[29.283,-12.39],[29.265,-12.371],[29.255,-12.366],[29.173,-12.368],[29.149,-12.374],[29.128,-12.383],[29.111,-12.393],[29.1,-12.374],[29.084,-12.376],[29.067,-12.385],[29.053,-12.384],[29.043,-12.379],[29.035,-12.379],[29.03,-12.376],[29.029,-12.363],[29.026,-12.353],[28.945,-12.206],[28.919,-12.174],[28.86,-12.142],[28.85,-12.13],[28.846,-12.111],[28.835,-12.092],[28.821,-12.076],[28.809,-12.065],[28.774,-12.046],[28.76,-12.035],[28.754,-12.02],[28.751,-11.992],[28.742,-11.984],[28.707,-11.989],[28.686,-11.984],[28.637,-11.958],[28.624,-11.948],[28.606,-11.91],[28.593,-11.9],[28.569,-11.914],[28.566,-11.904],[28.554,-11.885],[28.549,-11.88],[28.541,-11.872],[28.532,-11.866],[28.521,-11.866],[28.508,-11.873],[28.497,-11.857],[28.489,-11.809],[28.477,-11.798],[28.461,-11.793],[28.453,-11.781],[28.443,-11.712],[28.44,-11.702],[28.425,-11.688],[28.418,-11.679],[28.422,-11.675],[28.423,-11.665],[28.405,-11.605],[28.4,-11.596],[28.385,-11.581],[28.377,-11.571],[28.366,-11.542],[28.36,-11.534],[28.356,-11.518],[28.354,-11.465],[28.357,-11.447],[28.409,-11.372],[28.412,-11.368],[28.434,-11.351],[28.44,-11.348],[28.432,-11.311],[28.436,-11.289],[28.446,-11.275],[28.455,-11.264],[28.474,-11.226],[28.472,-11.192],[28.474,-11.181],[28.476,-11.175],[28.485,-11.163],[28.487,-11.153],[28.487,-11.141],[28.476,-11.088],[28.477,-11.078],[28.491,-11.059],[28.504,-11.034],[28.508,-11.024],[28.509,-11.013],[28.507,-10.992],[28.508,-10.982],[28.514,-10.973],[28.531,-10.955],[28.535,-10.944],[28.537,-10.934],[28.547,-10.914],[28.549,-10.903],[28.549,-10.859],[28.554,-10.835],[28.564,-10.812],[28.577,-10.791],[28.593,-10.773],[28.601,-10.763],[28.608,-10.741],[28.623,-10.717],[28.628,-10.712],[28.633,-10.709],[28.646,-10.71],[28.652,-10.708],[28.666,-10.697],[28.682,-10.682],[28.694,-10.663],[28.7,-10.643],[28.694,-10.637],[28.671,-10.619],[28.666,-10.609],[28.667,-10.597],[28.673,-10.576],[28.672,-10.564],[28.648,-10.538],[28.635,-10.519],[28.635,-10.506],[28.639,-10.496],[28.63,-10.481],[28.635,-10.472],[28.641,-10.463],[28.645,-10.451],[28.646,-10.438],[28.645,-10.427],[28.638,-10.407],[28.629,-10.391],[28.621,-10.373],[28.618,-10.348],[28.621,-10.327],[28.626,-10.311],[28.629,-10.296],[28.624,-10.276],[28.622,-10.276],[28.613,-10.271],[28.611,-10.269],[28.608,-10.264],[28.606,-10.253],[28.604,-10.248],[28.57,-10.22],[28.579,-10.201],[28.604,-10.173],[28.62,-10.142],[28.629,-10.103],[28.631,-10.023],[28.624,-9.951],[28.628,-9.929],[28.659,-9.865],[28.668,-9.822],[28.678,-9.804],[28.697,-9.797],[28.698,-9.792],[28.672,-9.766],[28.67,-9.751],[28.664,-9.745],[28.655,-9.742],[28.645,-9.735],[28.631,-9.716],[28.625,-9.696],[28.624,-9.649],[28.622,-9.638],[28.613,-9.617],[28.611,-9.608],[28.607,-9.594],[28.588,-9.573],[28.584,-9.564],[28.589,-9.558],[28.611,-9.551],[28.618,-9.543],[28.586,-9.544]]]}},{"type":"Feature","id":"ZM-05","properties":{"id":"ZM-05","countryCode":"ZM","isoSubdivision":"ZM-05","name":"Northern","name_en":"Northern","name_ko":"북부","type":"Province","labelLongitude":30.754,"labelLatitude":-9.799,"minZoom":6.6},"geometry":{"type":"Polygon","coordinates":[[[30.752,-8.194],[30.778,-8.289],[30.828,-8.388],[30.892,-8.479],[30.96,-8.55],[30.992,-8.576],[31.034,-8.6],[31.078,-8.616],[31.12,-8.617],[31.141,-8.606],[31.161,-8.592],[31.183,-8.581],[31.207,-8.581],[31.218,-8.589],[31.237,-8.614],[31.248,-8.622],[31.261,-8.624],[31.269,-8.621],[31.277,-8.616],[31.329,-8.598],[31.34,-8.595],[31.348,-8.592],[31.35,-8.589],[31.353,-8.587],[31.362,-8.592],[31.366,-8.599],[31.369,-8.617],[31.373,-8.624],[31.386,-8.633],[31.399,-8.634],[31.412,-8.632],[31.428,-8.633],[31.443,-8.642],[31.465,-8.666],[31.481,-8.676],[31.519,-8.687],[31.539,-8.704],[31.546,-8.729],[31.546,-8.766],[31.553,-8.809],[31.576,-8.84],[31.673,-8.913],[31.69,-8.92],[31.71,-8.92],[31.73,-8.912],[31.764,-8.894],[31.788,-8.892],[31.937,-8.933],[31.918,-8.973],[31.918,-9.022],[31.938,-9.062],[31.981,-9.072],[32.001,-9.063],[32.016,-9.053],[32.032,-9.046],[32.057,-9.05],[32.086,-9.066],[32.096,-9.069],[32.106,-9.068],[32.125,-9.064],[32.134,-9.064],[32.146,-9.07],[32.155,-9.075],[32.192,-9.112],[32.211,-9.127],[32.231,-9.134],[32.271,-9.253],[32.321,-9.362],[32.329,-9.462],[32.22,-9.454],[32.12,-9.429],[32.019,-9.42],[31.902,-9.437],[31.818,-9.479],[31.751,-9.521],[31.675,-9.529],[31.6,-9.504],[31.575,-9.571],[31.508,-9.54],[31.432,-9.546],[31.365,-9.504],[31.315,-9.538],[31.256,-9.588],[31.206,-9.613],[31.181,-9.672],[31.114,-9.756],[31.189,-9.831],[31.265,-9.957],[31.307,-10.066],[31.34,-10.183],[31.416,-10.233],[31.516,-10.275],[31.55,-10.309],[31.553,-10.558],[31.488,-10.571],[31.484,-10.567],[31.479,-10.559],[31.472,-10.552],[31.461,-10.55],[31.452,-10.556],[31.443,-10.574],[31.437,-10.578],[31.424,-10.581],[31.39,-10.599],[31.372,-10.606],[31.346,-10.609],[31.335,-10.612],[31.331,-10.622],[31.337,-10.631],[31.339,-10.637],[31.334,-10.64],[31.319,-10.64],[31.312,-10.643],[31.31,-10.65],[31.313,-10.69],[31.31,-10.701],[31.302,-10.709],[31.283,-10.72],[31.275,-10.728],[31.264,-10.719],[31.245,-10.713],[31.224,-10.709],[31.207,-10.708],[31.189,-10.711],[31.174,-10.718],[31.131,-10.75],[31.133,-10.757],[31.145,-10.77],[31.151,-10.778],[31.153,-10.784],[31.157,-10.788],[31.169,-10.789],[31.177,-10.787],[31.185,-10.784],[31.192,-10.783],[31.2,-10.789],[31.204,-10.811],[31.188,-10.818],[31.152,-10.817],[31.144,-10.827],[31.143,-10.836],[31.147,-10.845],[31.167,-10.867],[31.171,-10.873],[31.169,-10.878],[31.166,-10.886],[31.161,-10.892],[31.154,-10.897],[31.148,-10.904],[31.146,-10.911],[31.145,-10.917],[31.101,-10.955],[31.085,-10.961],[31.063,-10.961],[31.073,-10.952],[31.077,-10.942],[31.075,-10.931],[31.07,-10.92],[31.059,-10.911],[31.054,-10.921],[31.053,-10.944],[31.038,-10.949],[31.02,-10.944],[31.011,-10.932],[31.022,-10.92],[31.001,-10.92],[30.988,-10.945],[30.98,-10.977],[30.971,-10.999],[30.962,-11.005],[30.934,-11.014],[30.923,-11.016],[30.916,-11.018],[30.906,-11.024],[30.893,-11.029],[30.879,-11.03],[30.899,-11.051],[30.894,-11.059],[30.88,-11.057],[30.867,-11.043],[30.858,-11.047],[30.849,-11.057],[30.844,-11.068],[30.842,-11.078],[30.824,-11.112],[30.742,-11.213],[30.721,-11.256],[30.712,-11.281],[30.706,-11.29],[30.683,-11.311],[30.677,-11.314],[30.668,-11.328],[30.662,-11.331],[30.639,-11.327],[30.628,-11.326],[30.618,-11.331],[30.609,-11.34],[30.604,-11.35],[30.598,-11.37],[30.594,-11.378],[30.588,-11.386],[30.579,-11.39],[30.566,-11.392],[30.549,-11.4],[30.54,-11.418],[30.533,-11.441],[30.522,-11.461],[30.499,-11.479],[30.484,-11.491],[30.456,-11.502],[30.457,-11.499],[30.457,-11.496],[30.457,-11.49],[30.455,-11.484],[30.453,-11.48],[30.449,-11.475],[30.138,-11.254],[30.122,-11.246],[30.105,-11.242],[29.981,-11.24],[29.967,-11.243],[29.96,-11.246],[29.952,-11.254],[29.948,-11.276],[29.937,-11.291],[29.902,-11.314],[29.895,-11.322],[29.89,-11.333],[29.886,-11.345],[29.885,-11.355],[29.88,-11.361],[29.851,-11.372],[29.841,-11.389],[29.835,-11.395],[29.893,-11.019],[29.889,-10.966],[29.887,-10.955],[29.886,-10.949],[29.884,-10.945],[29.857,-10.899],[29.851,-10.893],[29.845,-10.888],[29.823,-10.874],[29.819,-10.871],[29.813,-10.863],[29.786,-10.811],[29.781,-10.804],[29.776,-10.799],[29.757,-10.788],[29.747,-10.784],[29.708,-10.771],[29.676,-10.753],[29.66,-10.741],[29.655,-10.738],[29.649,-10.737],[29.641,-10.739],[29.365,-10.884],[29.349,-10.895],[29.338,-10.908],[29.343,-10.924],[29.362,-10.952],[29.364,-10.959],[29.363,-10.964],[29.362,-10.97],[29.361,-10.978],[29.363,-10.989],[29.366,-10.999],[29.37,-11.006],[29.381,-11.022],[29.388,-11.03],[29.397,-11.042],[29.398,-11.049],[29.397,-11.055],[29.392,-11.08],[29.39,-11.106],[29.389,-11.112],[29.386,-11.117],[29.382,-11.119],[29.376,-11.119],[29.371,-11.118],[29.323,-11.093],[29.318,-11.091],[29.313,-11.09],[29.307,-11.091],[29.296,-11.093],[29.285,-11.093],[29.279,-11.092],[29.274,-11.09],[29.27,-11.087],[29.18,-10.999],[29.17,-10.993],[29.094,-10.967],[29.086,-10.962],[29.084,-10.958],[29.086,-10.953],[29.095,-10.94],[29.114,-10.917],[29.158,-10.878],[29.161,-10.873],[29.163,-10.866],[29.162,-10.749],[29.164,-10.742],[29.169,-10.736],[29.291,-10.66],[29.301,-10.651],[29.308,-10.641],[29.314,-10.638],[29.32,-10.637],[29.34,-10.639],[29.347,-10.639],[29.353,-10.637],[29.357,-10.63],[29.362,-10.607],[29.364,-10.602],[29.369,-10.592],[29.409,-10.539],[29.412,-10.534],[29.415,-10.527],[29.413,-10.522],[29.406,-10.513],[29.402,-10.507],[29.396,-10.495],[29.395,-10.487],[29.396,-10.48],[29.412,-10.454],[29.418,-10.446],[29.422,-10.442],[29.426,-10.44],[29.43,-10.434],[29.433,-10.425],[29.436,-10.393],[29.438,-10.385],[29.441,-10.381],[29.445,-10.378],[29.475,-10.361],[29.48,-10.357],[29.493,-10.343],[29.498,-10.336],[29.501,-10.333],[29.507,-10.329],[29.511,-10.327],[29.52,-10.324],[29.552,-10.316],[29.587,-10.298],[29.611,-10.289],[29.616,-10.286],[29.623,-10.28],[29.655,-10.249],[29.67,-10.237],[29.678,-10.231],[29.698,-10.223],[29.703,-10.221],[29.726,-10.218],[29.771,-10.221],[29.777,-10.222],[29.788,-10.226],[29.803,-10.233],[29.808,-10.235],[29.821,-10.237],[29.828,-10.237],[29.84,-10.236],[29.844,-10.234],[29.854,-10.23],[29.867,-10.219],[29.87,-10.217],[29.872,-10.214],[29.875,-10.21],[29.879,-10.2],[29.895,-10.125],[29.899,-10.115],[29.904,-10.105],[29.91,-10.097],[29.917,-10.09],[29.934,-10.077],[29.938,-10.073],[29.938,-10.068],[29.936,-10.064],[29.926,-10.047],[29.91,-10.009],[29.907,-10.002],[29.905,-9.992],[29.906,-9.985],[29.907,-9.979],[29.932,-9.914],[29.938,-9.891],[29.936,-9.882],[29.924,-9.847],[29.922,-9.843],[29.919,-9.839],[29.916,-9.835],[29.912,-9.832],[29.908,-9.83],[29.898,-9.826],[29.886,-9.823],[29.876,-9.82],[29.872,-9.814],[29.868,-9.806],[29.864,-9.79],[29.861,-9.782],[29.857,-9.776],[29.845,-9.768],[29.831,-9.753],[29.82,-9.737],[29.81,-9.719],[29.807,-9.715],[29.804,-9.712],[29.8,-9.709],[29.795,-9.707],[29.79,-9.707],[29.778,-9.708],[29.772,-9.708],[29.76,-9.707],[29.754,-9.707],[29.743,-9.708],[29.738,-9.708],[29.733,-9.706],[29.726,-9.699],[29.722,-9.697],[29.717,-9.695],[29.698,-9.693],[29.666,-9.683],[29.649,-9.673],[29.644,-9.671],[29.639,-9.67],[29.621,-9.666],[29.6,-9.66],[29.595,-9.659],[29.579,-9.662],[29.573,-9.662],[29.569,-9.66],[29.56,-9.654],[29.555,-9.653],[29.543,-9.651],[29.537,-9.648],[29.532,-9.643],[29.526,-9.632],[29.522,-9.626],[29.516,-9.622],[29.505,-9.621],[29.501,-9.619],[29.499,-9.618],[29.496,-9.614],[29.493,-9.611],[29.49,-9.608],[29.485,-9.605],[29.478,-9.601],[29.472,-9.595],[29.456,-9.563],[29.453,-9.559],[29.438,-9.547],[29.434,-9.544],[29.428,-9.543],[29.416,-9.541],[29.41,-9.541],[29.405,-9.543],[29.395,-9.547],[29.39,-9.549],[29.385,-9.549],[29.381,-9.546],[29.373,-9.54],[29.369,-9.537],[29.364,-9.532],[29.358,-9.524],[29.338,-9.467],[29.329,-9.451],[29.326,-9.443],[29.325,-9.433],[29.324,-9.426],[29.327,-9.402],[29.328,-9.396],[29.33,-9.391],[29.334,-9.388],[29.34,-9.387],[29.345,-9.385],[29.349,-9.382],[29.352,-9.378],[29.354,-9.372],[29.356,-9.366],[29.359,-9.356],[29.341,-9.297],[29.34,-9.286],[29.34,-9.28],[29.345,-9.256],[29.344,-9.249],[29.341,-9.242],[29.337,-9.234],[29.336,-9.223],[29.334,-9.216],[29.331,-9.213],[29.326,-9.214],[29.317,-9.218],[29.313,-9.219],[29.309,-9.217],[29.305,-9.214],[29.299,-9.206],[29.295,-9.204],[29.29,-9.202],[29.278,-9.199],[29.274,-9.197],[29.27,-9.194],[29.268,-9.19],[29.263,-9.18],[29.26,-9.176],[29.248,-9.161],[29.244,-9.158],[29.238,-9.155],[29.232,-9.152],[29.226,-9.152],[29.22,-9.155],[29.212,-9.157],[29.202,-9.156],[29.193,-9.152],[29.185,-9.147],[29.179,-9.139],[29.171,-9.133],[29.162,-9.128],[29.152,-9.125],[29.134,-9.116],[29.12,-9.107],[29.115,-9.102],[29.11,-9.091],[29.112,-9.07],[29.114,-9.064],[29.117,-9.052],[29.119,-9.047],[29.122,-9.043],[29.127,-9.042],[29.139,-9.043],[29.144,-9.041],[29.147,-9.037],[29.17,-8.957],[29.176,-8.949],[29.18,-8.946],[29.189,-8.942],[29.22,-8.933],[29.228,-8.928],[29.232,-8.925],[29.245,-8.91],[29.25,-8.901],[29.283,-8.818],[29.306,-8.721],[29.337,-8.644],[29.34,-8.64],[29.343,-8.636],[29.351,-8.63],[29.354,-8.626],[29.365,-8.608],[29.393,-8.551],[29.405,-8.535],[29.415,-8.524],[29.419,-8.521],[29.428,-8.516],[29.466,-8.502],[29.497,-8.495],[29.5,-8.493],[29.509,-8.486],[29.524,-8.473],[29.527,-8.469],[29.538,-8.452],[29.568,-8.394],[29.575,-8.374],[29.576,-8.373],[29.592,-8.37],[29.858,-8.33],[30.124,-8.29],[30.325,-8.259],[30.582,-8.22],[30.752,-8.194]]]}},{"type":"Feature","id":"ZM-06","properties":{"id":"ZM-06","countryCode":"ZM","isoSubdivision":"ZM-06","name":"Northwestern","name_en":"Northwestern","name_ko":"북서부","type":"Province","labelLongitude":24.785,"labelLatitude":-12.73,"minZoom":6.6},"geometry":{"type":"Polygon","coordinates":[[[21.98,-13.695],[21.98,-13.604],[21.98,-13.453],[21.98,-13.303],[21.98,-13.152],[21.98,-13.001],[22.104,-13.001],[22.229,-13.001],[22.353,-13.001],[22.477,-13.001],[22.601,-13.001],[22.725,-13.001],[22.85,-13.001],[22.974,-13.001],[23.098,-13.001],[23.223,-13.001],[23.347,-13.001],[23.471,-13.001],[23.596,-13.001],[23.72,-13.001],[23.844,-13.001],[23.968,-13.001],[24.001,-13.001],[23.989,-12.965],[23.972,-12.933],[23.95,-12.905],[23.895,-12.85],[23.875,-12.822],[23.866,-12.79],[23.872,-12.75],[23.892,-12.705],[23.911,-12.631],[23.929,-12.562],[23.941,-12.533],[23.986,-12.468],[24.02,-12.419],[24.028,-12.402],[24.031,-12.385],[24.021,-12.34],[24.017,-12.279],[24.007,-12.254],[23.981,-12.228],[23.96,-12.197],[23.954,-12.152],[23.961,-12.012],[23.967,-11.883],[23.989,-11.834],[23.99,-11.824],[23.986,-11.799],[23.981,-11.725],[23.973,-11.701],[23.962,-11.682],[23.955,-11.662],[23.955,-11.637],[23.96,-11.617],[23.978,-11.577],[24.005,-11.535],[24.01,-11.523],[24.01,-11.507],[24.007,-11.483],[24.008,-11.471],[24.01,-11.459],[24.021,-11.445],[24.052,-11.42],[24.062,-11.407],[24.061,-11.395],[24.017,-11.298],[24.011,-11.273],[24.015,-11.13],[23.996,-11.127],[23.99,-11.114],[23.995,-11.075],[23.994,-11.02],[23.997,-11.002],[24.004,-10.982],[24,-10.968],[23.981,-10.938],[23.974,-10.921],[23.967,-10.872],[24.001,-10.873],[24.048,-10.882],[24.091,-10.898],[24.114,-10.919],[24.114,-10.928],[24.109,-10.946],[24.108,-10.955],[24.11,-10.966],[24.118,-10.986],[24.119,-10.998],[24.118,-11.031],[24.124,-11.043],[24.144,-11.04],[24.165,-11.034],[24.181,-11.034],[24.218,-11.045],[24.238,-11.048],[24.275,-11.048],[24.294,-11.05],[24.316,-11.06],[24.345,-11.078],[24.371,-11.1],[24.382,-11.121],[24.378,-11.132],[24.37,-11.141],[24.362,-11.151],[24.362,-11.165],[24.367,-11.176],[24.384,-11.191],[24.391,-11.2],[24.397,-11.217],[24.398,-11.238],[24.396,-11.26],[24.392,-11.279],[24.384,-11.295],[24.352,-11.345],[24.34,-11.358],[24.298,-11.371],[24.285,-11.381],[24.294,-11.399],[24.31,-11.407],[24.352,-11.407],[24.37,-11.41],[24.393,-11.423],[24.426,-11.454],[24.446,-11.464],[24.47,-11.466],[24.491,-11.462],[24.533,-11.446],[24.543,-11.445],[24.554,-11.446],[24.565,-11.445],[24.571,-11.436],[24.574,-11.425],[24.579,-11.416],[24.585,-11.407],[24.593,-11.4],[24.602,-11.396],[24.625,-11.391],[24.635,-11.386],[24.645,-11.376],[24.663,-11.352],[24.674,-11.342],[24.713,-11.326],[24.788,-11.326],[24.827,-11.318],[24.901,-11.281],[24.943,-11.269],[24.981,-11.272],[25.124,-11.259],[25.184,-11.247],[25.279,-11.2],[25.31,-11.195],[25.323,-11.205],[25.325,-11.228],[25.323,-11.253],[25.325,-11.274],[25.325,-11.284],[25.317,-11.29],[25.296,-11.298],[25.285,-11.307],[25.29,-11.316],[25.301,-11.324],[25.306,-11.333],[25.298,-11.351],[25.286,-11.361],[25.278,-11.372],[25.279,-11.396],[25.287,-11.417],[25.309,-11.455],[25.317,-11.473],[25.315,-11.483],[25.302,-11.498],[25.298,-11.508],[25.298,-11.517],[25.3,-11.535],[25.327,-11.617],[25.337,-11.634],[25.345,-11.642],[25.352,-11.646],[25.36,-11.647],[25.373,-11.647],[25.386,-11.65],[25.393,-11.656],[25.398,-11.665],[25.406,-11.673],[25.464,-11.7],[25.481,-11.715],[25.483,-11.72],[25.483,-11.726],[25.483,-11.731],[25.474,-11.756],[25.48,-11.77],[25.496,-11.777],[25.515,-11.776],[25.525,-11.771],[25.531,-11.764],[25.538,-11.758],[25.55,-11.757],[25.561,-11.753],[25.565,-11.744],[25.568,-11.734],[25.576,-11.727],[25.621,-11.729],[25.656,-11.75],[25.687,-11.779],[25.726,-11.801],[25.744,-11.804],[25.802,-11.804],[25.813,-11.803],[25.833,-11.794],[25.84,-11.792],[25.851,-11.794],[25.856,-11.797],[25.86,-11.802],[25.914,-11.846],[25.936,-11.854],[25.95,-11.864],[25.964,-11.895],[25.981,-11.903],[25.994,-11.905],[26.167,-11.902],[26.189,-11.911],[26.209,-11.924],[26.23,-11.933],[26.266,-11.931],[26.286,-11.941],[26.298,-11.941],[26.309,-11.937],[26.329,-11.923],[26.339,-11.919],[26.376,-11.913],[26.415,-11.912],[26.438,-11.919],[26.455,-11.932],[26.471,-11.947],[26.489,-11.961],[26.525,-11.972],[26.606,-11.978],[26.644,-11.986],[26.663,-11.997],[26.68,-12.01],[26.697,-12.017],[26.717,-12.013],[26.733,-11.998],[26.744,-11.981],[26.759,-11.969],[26.785,-11.968],[26.832,-11.973],[26.874,-11.964],[26.913,-11.943],[26.948,-11.909],[26.967,-11.87],[26.971,-11.789],[26.981,-11.749],[26.996,-11.727],[27.011,-11.713],[27.021,-11.698],[27.023,-11.671],[27.011,-11.629],[27.01,-11.61],[27.024,-11.596],[27.032,-11.594],[27.054,-11.598],[27.064,-11.597],[27.102,-11.585],[27.145,-11.581],[27.174,-11.571],[27.18,-11.57],[27.197,-11.594],[27.208,-11.639],[27.212,-11.688],[27.21,-11.722],[27.234,-11.809],[27.421,-11.922],[27.468,-12.002],[27.472,-12.042],[27.52,-12.18],[27.536,-12.2],[27.59,-12.243],[27.586,-12.246],[27.544,-12.275],[27.54,-12.277],[27.525,-12.282],[27.511,-12.301],[27.507,-12.298],[27.495,-12.293],[27.467,-12.289],[27.464,-12.283],[27.466,-12.276],[27.466,-12.27],[27.452,-12.26],[27.436,-12.251],[27.428,-12.244],[27.413,-12.248],[27.409,-12.249],[27.401,-12.255],[27.386,-12.268],[27.378,-12.274],[27.373,-12.276],[27.363,-12.279],[27.359,-12.281],[27.353,-12.286],[27.339,-12.303],[27.324,-12.31],[27.32,-12.313],[27.307,-12.32],[27.302,-12.324],[27.289,-12.339],[27.283,-12.343],[27.277,-12.346],[27.151,-12.334],[27.139,-12.335],[27.12,-12.339],[27.111,-12.339],[27.083,-12.338],[27.06,-12.333],[27.055,-12.333],[27.052,-12.334],[27.052,-12.341],[27.054,-12.347],[27.065,-12.382],[27.066,-12.387],[27.066,-12.419],[27.062,-12.428],[27.059,-12.434],[27.056,-12.441],[27.055,-12.449],[27.055,-12.463],[27.056,-12.471],[27.058,-12.477],[27.067,-12.5],[27.068,-12.501],[27.075,-12.509],[27.077,-12.512],[27.077,-12.516],[27.072,-12.519],[27.067,-12.522],[27.027,-12.529],[27.017,-12.532],[27.009,-12.538],[26.974,-12.581],[26.964,-12.6],[26.954,-12.611],[26.947,-12.618],[26.938,-12.624],[26.929,-12.627],[26.924,-12.629],[26.906,-12.63],[26.9,-12.631],[26.895,-12.633],[26.886,-12.638],[26.879,-12.645],[26.871,-12.657],[26.867,-12.663],[26.865,-12.67],[26.855,-12.714],[26.852,-12.722],[26.846,-12.733],[26.845,-12.739],[26.848,-12.748],[26.852,-12.753],[26.856,-12.757],[26.861,-12.76],[26.864,-12.764],[26.867,-12.77],[26.87,-12.779],[26.875,-12.784],[26.879,-12.788],[26.884,-12.791],[26.903,-12.81],[26.905,-12.814],[26.907,-12.82],[26.906,-12.826],[26.902,-12.835],[26.899,-12.841],[26.889,-12.862],[26.881,-12.876],[26.879,-12.881],[26.88,-12.886],[26.883,-12.892],[26.887,-12.896],[26.892,-12.899],[26.903,-12.904],[26.912,-12.91],[26.916,-12.913],[26.922,-12.92],[26.926,-12.924],[26.93,-12.927],[26.957,-12.937],[26.962,-12.94],[26.97,-12.946],[26.975,-12.949],[26.98,-12.95],[26.998,-12.951],[27.001,-12.952],[27.006,-12.953],[27.01,-12.956],[27.013,-12.959],[27.016,-12.963],[27.02,-12.972],[27.023,-12.976],[27.027,-12.978],[27.032,-12.98],[27.035,-12.985],[27.038,-12.993],[27.044,-12.997],[27.05,-12.998],[27.072,-12.995],[27.079,-12.995],[27.085,-12.996],[27.09,-12.997],[27.094,-13],[27.094,-13.001],[27.067,-13.116],[27.065,-13.123],[27.061,-13.13],[27.054,-13.141],[27.045,-13.152],[27.037,-13.158],[26.982,-13.192],[26.974,-13.198],[26.971,-13.202],[26.968,-13.206],[26.965,-13.211],[26.963,-13.218],[26.962,-13.228],[26.961,-13.244],[26.963,-13.253],[26.965,-13.26],[26.976,-13.282],[26.979,-13.293],[26.981,-13.31],[26.98,-13.316],[26.978,-13.324],[26.974,-13.335],[26.964,-13.353],[26.958,-13.361],[26.952,-13.367],[26.929,-13.378],[26.925,-13.381],[26.922,-13.385],[26.911,-13.411],[26.906,-13.417],[26.901,-13.421],[26.892,-13.425],[26.872,-13.432],[26.863,-13.436],[26.859,-13.439],[26.855,-13.445],[26.852,-13.453],[26.841,-13.502],[26.838,-13.509],[26.836,-13.513],[26.832,-13.517],[26.813,-13.533],[26.809,-13.536],[26.804,-13.545],[26.797,-13.563],[26.793,-13.579],[26.789,-13.644],[26.79,-13.655],[26.795,-13.667],[26.799,-13.676],[26.803,-13.682],[26.818,-13.695],[26.853,-13.717],[26.861,-13.72],[26.869,-13.726],[26.876,-13.733],[26.882,-13.741],[26.887,-13.75],[26.89,-13.759],[26.895,-13.774],[26.897,-13.779],[26.9,-13.783],[26.906,-13.79],[26.91,-13.794],[26.919,-13.799],[26.95,-13.813],[26.953,-13.817],[26.955,-13.822],[26.954,-13.828],[26.953,-13.833],[26.951,-13.839],[26.941,-13.859],[26.921,-13.889],[26.912,-13.91],[26.908,-13.937],[26.907,-13.962],[26.91,-14],[26.909,-14.005],[26.908,-14.01],[26.902,-14.015],[26.893,-14.019],[26.873,-14.025],[26.863,-14.03],[26.858,-14.038],[26.86,-14.042],[26.864,-14.046],[26.902,-14.066],[26.913,-14.076],[26.963,-14.138],[26.971,-14.151],[26.979,-14.169],[26.981,-14.18],[26.982,-14.192],[26.982,-14.198],[26.981,-14.204],[26.979,-14.209],[26.977,-14.215],[26.958,-14.239],[26.953,-14.248],[26.952,-14.253],[26.953,-14.258],[26.954,-14.263],[26.956,-14.374],[26.95,-14.39],[26.944,-14.396],[26.928,-14.41],[26.805,-14.415],[26.79,-14.42],[26.755,-14.444],[26.736,-14.449],[26.653,-14.443],[26.643,-14.445],[26.638,-14.449],[26.635,-14.454],[26.629,-14.456],[26.617,-14.455],[26.598,-14.446],[26.588,-14.443],[26.571,-14.444],[26.555,-14.451],[26.543,-14.46],[26.534,-14.47],[26.492,-14.532],[26.428,-14.58],[26.387,-14.627],[26.376,-14.648],[26.37,-14.699],[26.335,-14.714],[26.325,-14.717],[26.315,-14.713],[26.307,-14.705],[26.302,-14.696],[26.294,-14.689],[26.249,-14.668],[26.224,-14.664],[26.209,-14.66],[26.198,-14.655],[26.191,-14.645],[26.183,-14.632],[26.18,-14.627],[26.174,-14.621],[25.621,-14.555],[25.603,-14.556],[25.586,-14.559],[25.573,-14.57],[25.548,-14.585],[25.523,-14.584],[25.511,-14.588],[25.506,-14.591],[25.483,-14.601],[25.465,-14.603],[25.451,-14.604],[25.442,-14.603],[25.436,-14.601],[25.431,-14.598],[25.427,-14.595],[25.423,-14.592],[25.412,-14.587],[25.394,-14.583],[25.329,-14.577],[25.315,-14.577],[25.31,-14.579],[25.292,-14.588],[25.282,-14.591],[25.239,-14.601],[25.223,-14.606],[25.214,-14.61],[25.21,-14.612],[25.19,-14.62],[25.152,-14.629],[25.142,-14.629],[25.094,-14.626],[25.085,-14.627],[25.076,-14.628],[25.057,-14.634],[25.048,-14.636],[25.04,-14.636],[25.033,-14.635],[25.026,-14.632],[25.018,-14.628],[25.01,-14.624],[25.002,-14.617],[24.981,-14.594],[24.969,-14.578],[24.967,-14.574],[24.963,-14.564],[24.962,-14.559],[24.961,-14.553],[24.966,-14.521],[24.966,-14.516],[24.963,-14.493],[24.964,-14.483],[24.964,-14.481],[24.967,-14.475],[24.968,-14.473],[24.97,-14.472],[24.973,-14.469],[24.979,-14.466],[25.001,-14.459],[25.026,-14.447],[25.03,-14.444],[25.038,-14.438],[25.049,-14.427],[25.051,-14.422],[25.052,-14.416],[25.054,-14.373],[25.059,-14.35],[25.06,-14.348],[25.061,-14.344],[25.063,-14.339],[25.066,-14.335],[25.072,-14.327],[25.08,-14.313],[25.084,-14.302],[25.087,-14.29],[25.088,-14.284],[25.088,-14.248],[25.086,-14.241],[25.082,-14.232],[25.071,-14.22],[25.064,-14.214],[25.057,-14.212],[25.018,-14.219],[25.008,-14.218],[24.991,-14.211],[24.878,-14.156],[24.871,-14.154],[24.847,-14.151],[24.825,-14.144],[24.805,-14.142],[24.754,-14.125],[24.746,-14.12],[24.74,-14.116],[24.735,-14.107],[24.733,-14.102],[24.728,-14.093],[24.727,-14.088],[24.725,-14.083],[24.725,-14.078],[24.726,-14.052],[24.726,-14.047],[24.718,-14.028],[24.715,-14.017],[24.713,-14.013],[24.711,-14.008],[24.705,-14.002],[24.694,-13.992],[24.67,-13.965],[24.665,-13.96],[24.661,-13.959],[24.658,-13.959],[24.65,-13.964],[24.645,-13.966],[24.64,-13.968],[24.636,-13.97],[24.632,-13.973],[24.63,-13.978],[24.629,-13.984],[24.629,-13.995],[24.627,-13.999],[24.625,-14],[24.62,-14],[24.617,-14],[24.616,-13.999],[24.615,-13.995],[24.615,-13.99],[24.617,-13.972],[24.616,-13.966],[24.612,-13.964],[24.608,-13.964],[24.599,-13.962],[24.594,-13.961],[24.591,-13.963],[24.59,-13.968],[24.592,-13.978],[24.593,-13.983],[24.591,-13.986],[24.587,-13.988],[24.582,-13.988],[24.572,-13.984],[24.566,-13.983],[24.554,-13.983],[24.551,-13.979],[24.548,-13.974],[24.541,-13.964],[24.528,-13.957],[24.52,-13.952],[24.515,-13.947],[24.511,-13.941],[24.489,-13.918],[24.485,-13.919],[24.482,-13.922],[24.479,-13.927],[24.475,-13.93],[24.465,-13.932],[24.464,-13.935],[24.466,-13.939],[24.469,-13.942],[24.472,-13.946],[24.473,-13.95],[24.471,-13.952],[24.466,-13.954],[24.46,-13.955],[24.446,-13.953],[24.439,-13.952],[24.434,-13.953],[24.43,-13.956],[24.427,-13.96],[24.423,-13.963],[24.416,-13.963],[24.412,-13.961],[24.41,-13.956],[24.407,-13.951],[24.404,-13.946],[24.401,-13.947],[24.399,-13.95],[24.395,-13.954],[24.391,-13.957],[24.387,-13.958],[24.381,-13.958],[24.344,-13.947],[24.335,-13.942],[24.33,-13.937],[24.329,-13.925],[24.329,-13.919],[24.327,-13.912],[24.322,-13.905],[24.312,-13.896],[24.305,-13.892],[24.301,-13.892],[24.3,-13.896],[24.299,-13.902],[24.297,-13.906],[24.293,-13.909],[24.291,-13.913],[24.291,-13.917],[24.293,-13.921],[24.299,-13.926],[24.302,-13.93],[24.303,-13.935],[24.3,-13.938],[24.294,-13.94],[24.286,-13.939],[24.275,-13.937],[24.267,-13.933],[24.248,-13.92],[24.233,-13.907],[24.228,-13.905],[24.222,-13.906],[24.209,-13.913],[24.199,-13.916],[24.194,-13.918],[24.188,-13.927],[24.183,-13.929],[24.177,-13.929],[24.168,-13.928],[24.162,-13.928],[24.157,-13.93],[24.153,-13.934],[24.148,-13.943],[24.145,-13.947],[24.141,-13.95],[24.132,-13.954],[24.127,-13.956],[24.12,-13.956],[24.112,-13.956],[24.105,-13.952],[24.098,-13.947],[24.093,-13.945],[24.088,-13.946],[24.084,-13.949],[24.081,-13.954],[24.079,-13.959],[24.077,-13.965],[24.075,-13.971],[24.072,-13.976],[24.065,-13.979],[24.06,-13.976],[24.053,-13.967],[24.048,-13.966],[24.044,-13.968],[24.035,-13.98],[24.024,-13.989],[24.016,-13.995],[24.012,-13.997],[24.001,-14],[23.992,-14.002],[23.98,-14],[23.97,-13.997],[23.956,-13.989],[23.948,-13.987],[23.942,-13.988],[23.934,-13.993],[23.928,-13.995],[23.923,-13.996],[23.919,-13.997],[23.915,-14],[23.911,-14],[23.904,-14],[23.895,-13.998],[23.875,-13.99],[23.856,-13.991],[23.841,-13.987],[23.833,-13.976],[23.834,-13.956],[23.823,-13.961],[23.8,-13.984],[23.788,-13.988],[23.777,-13.99],[23.766,-13.993],[23.733,-14.012],[23.716,-14.007],[23.7,-13.996],[23.683,-13.99],[23.668,-13.995],[23.633,-14.013],[23.592,-14.023],[23.557,-14.05],[23.54,-14.059],[23.437,-14.086],[23.409,-14.1],[23.378,-14.127],[23.368,-14.134],[23.355,-14.138],[23.345,-14.137],[23.336,-14.135],[23.323,-14.134],[23.306,-14.138],[23.28,-14.16],[23.265,-14.168],[23.224,-14.168],[23.227,-14.159],[23.228,-14.153],[23.227,-14.147],[23.224,-14.141],[23.183,-14.155],[23.187,-14.135],[23.209,-14.101],[23.222,-14.086],[23.225,-14.081],[23.227,-14.076],[23.223,-14.074],[23.217,-14.073],[23.14,-14.064],[23.13,-14.062],[23.125,-14.059],[23.117,-14.053],[23.111,-14.045],[23.108,-14.041],[23.106,-14.036],[23.103,-14.025],[23.102,-14.013],[23.103,-14.002],[23.103,-13.998],[23.1,-13.993],[23.095,-13.987],[23.082,-13.98],[23.074,-13.978],[23.066,-13.977],[23.06,-13.978],[23.054,-13.98],[23.029,-13.99],[23.011,-13.994],[23.005,-13.994],[23.001,-13.993],[22.998,-13.991],[22.996,-13.987],[22.993,-13.983],[22.99,-13.973],[22.984,-13.958],[22.979,-13.95],[22.965,-13.936],[22.877,-13.88],[22.853,-13.87],[22.845,-13.868],[22.838,-13.87],[22.834,-13.873],[22.81,-13.897],[22.805,-13.9],[22.8,-13.901],[22.753,-13.904],[22.748,-13.905],[22.744,-13.909],[22.743,-13.914],[22.731,-13.972],[22.729,-13.978],[22.722,-13.989],[22.71,-13.99],[22.697,-13.987],[22.688,-13.982],[22.68,-13.976],[22.669,-13.97],[22.644,-13.965],[22.632,-13.961],[22.627,-13.953],[22.625,-13.945],[22.621,-13.937],[22.615,-13.93],[22.61,-13.928],[22.593,-13.923],[22.584,-13.915],[22.565,-13.914],[22.556,-13.913],[22.547,-13.912],[22.541,-13.909],[22.516,-13.894],[22.513,-13.89],[22.504,-13.871],[22.502,-13.868],[22.499,-13.866],[22.431,-13.825],[22.286,-13.706],[22.275,-13.699],[22.251,-13.687],[22.241,-13.683],[22.233,-13.681],[22.227,-13.682],[22.222,-13.683],[22.217,-13.686],[22.214,-13.689],[22.203,-13.707],[22.2,-13.711],[22.196,-13.714],[22.183,-13.722],[22.179,-13.725],[22.176,-13.729],[22.172,-13.738],[22.169,-13.743],[22.165,-13.746],[22.136,-13.759],[22.129,-13.76],[22.119,-13.762],[22.102,-13.762],[22.093,-13.761],[22.086,-13.759],[22.081,-13.756],[22.065,-13.744],[22.041,-13.72],[22.028,-13.712],[21.998,-13.698],[21.98,-13.695]]]}},{"type":"Feature","id":"ZM-07","properties":{"id":"ZM-07","countryCode":"ZM","isoSubdivision":"ZM-07","name":"Southern","name_en":"Southern","name_ko":"남부","type":"Province","labelLongitude":26.958,"labelLatitude":-16.691,"minZoom":6.6},"geometry":{"type":"Polygon","coordinates":[[[28.947,-15.957],[28.932,-15.964],[28.899,-15.995],[28.877,-16.022],[28.874,-16.029],[28.86,-16.049],[28.857,-16.06],[28.859,-16.07],[28.864,-16.077],[28.869,-16.082],[28.871,-16.087],[28.865,-16.121],[28.852,-16.163],[28.847,-16.203],[28.864,-16.231],[28.84,-16.285],[28.837,-16.306],[28.84,-16.324],[28.857,-16.365],[28.857,-16.388],[28.833,-16.426],[28.829,-16.435],[28.823,-16.471],[28.809,-16.486],[28.769,-16.515],[28.761,-16.532],[28.741,-16.551],[28.733,-16.558],[28.719,-16.56],[28.691,-16.56],[28.643,-16.569],[28.28,-16.707],[28.213,-16.749],[28.114,-16.828],[28.023,-16.865],[27.869,-16.93],[27.817,-16.96],[27.777,-17.001],[27.641,-17.198],[27.625,-17.233],[27.604,-17.313],[27.577,-17.363],[27.524,-17.415],[27.422,-17.505],[27.157,-17.769],[27.147,-17.784],[27.145,-17.794],[27.147,-17.819],[27.149,-17.842],[27.115,-17.882],[27.078,-17.917],[27.048,-17.944],[27.021,-17.959],[27.006,-17.963],[26.959,-17.965],[26.949,-17.969],[26.912,-17.992],[26.888,-17.985],[26.794,-18.026],[26.77,-18.029],[26.754,-18.033],[26.741,-18.04],[26.712,-18.066],[26.7,-18.069],[26.686,-18.067],[26.629,-18.049],[26.613,-18.041],[26.599,-18.03],[26.583,-18.013],[26.57,-18.003],[26.554,-17.996],[26.527,-17.992],[26.485,-17.979],[26.409,-17.939],[26.363,-17.931],[26.326,-17.936],[26.318,-17.934],[26.312,-17.928],[26.304,-17.923],[26.294,-17.919],[26.248,-17.913],[26.239,-17.91],[26.234,-17.904],[26.228,-17.895],[26.221,-17.886],[26.212,-17.883],[26.203,-17.887],[26.167,-17.914],[26.159,-17.918],[26.135,-17.923],[26.119,-17.932],[26.101,-17.936],[26.095,-17.938],[26.094,-17.942],[26.096,-17.955],[26.095,-17.959],[26.081,-17.962],[26.062,-17.963],[26.047,-17.966],[26.041,-17.978],[26.034,-17.972],[25.979,-17.999],[25.967,-18.001],[25.924,-17.999],[25.864,-17.972],[25.853,-17.96],[25.846,-17.944],[25.847,-17.929],[25.864,-17.924],[25.85,-17.907],[25.804,-17.888],[25.795,-17.873],[25.786,-17.862],[25.766,-17.85],[25.744,-17.839],[25.706,-17.83],[25.694,-17.819],[25.681,-17.811],[25.657,-17.814],[25.604,-17.836],[25.537,-17.849],[25.531,-17.851],[25.522,-17.86],[25.516,-17.862],[25.51,-17.861],[25.501,-17.856],[25.496,-17.855],[25.42,-17.855],[25.41,-17.853],[25.376,-17.841],[25.345,-17.843],[25.336,-17.841],[25.316,-17.832],[25.285,-17.809],[25.267,-17.801],[25.26,-17.794],[25.253,-17.781],[25.242,-17.77],[25.229,-17.762],[25.215,-17.759],[25.198,-17.758],[25.191,-17.755],[25.178,-17.739],[25.172,-17.735],[25.161,-17.729],[25.157,-17.725],[25.155,-17.719],[25.156,-17.707],[25.153,-17.701],[25.139,-17.686],[25.131,-17.687],[25.123,-17.698],[25.12,-17.691],[25.115,-17.684],[25.108,-17.679],[25.099,-17.677],[25.097,-17.672],[25.089,-17.643],[25.085,-17.641],[25.067,-17.625],[25.064,-17.622],[25.053,-17.621],[25.045,-17.62],[25.04,-17.616],[25.034,-17.608],[25.034,-17.602],[25.041,-17.585],[25.037,-17.581],[25.027,-17.583],[25.008,-17.589],[24.999,-17.588],[24.983,-17.577],[24.971,-17.561],[24.97,-17.56],[24.98,-17.491],[24.986,-17.47],[24.989,-17.466],[24.995,-17.46],[24.998,-17.455],[25.001,-17.453],[25.011,-17.444],[25.016,-17.438],[25.023,-17.428],[25.025,-17.42],[25.026,-17.413],[25.025,-17.407],[25.021,-17.397],[25.02,-17.389],[25.021,-17.334],[25.023,-17.324],[25.025,-17.317],[25.032,-17.309],[25.049,-17.297],[25.052,-17.294],[25.069,-17.266],[25.079,-17.255],[25.098,-17.222],[25.1,-17.215],[25.099,-17.209],[25.095,-17.201],[25.092,-17.197],[25.088,-17.194],[25.085,-17.186],[25.084,-17.175],[25.088,-17.15],[25.091,-17.138],[25.095,-17.13],[25.103,-17.124],[25.131,-17.11],[25.137,-17.105],[25.144,-17.097],[25.155,-17.079],[25.161,-17.067],[25.164,-17.058],[25.164,-17.052],[25.162,-17.047],[25.16,-17.043],[25.158,-17.036],[25.156,-17.028],[25.159,-17.014],[25.167,-17.008],[25.176,-17.003],[25.186,-17],[25.238,-16.976],[25.245,-16.969],[25.254,-16.957],[25.271,-16.929],[25.277,-16.916],[25.279,-16.905],[25.249,-16.81],[25.245,-16.802],[25.243,-16.796],[25.242,-16.79],[25.243,-16.774],[25.252,-16.726],[25.253,-16.714],[25.251,-16.706],[25.248,-16.702],[25.24,-16.696],[25.23,-16.691],[25.225,-16.689],[25.212,-16.685],[25.108,-16.673],[25.101,-16.67],[25.095,-16.666],[25.083,-16.64],[25.08,-16.63],[25.077,-16.614],[25.075,-16.609],[25.072,-16.605],[25.068,-16.602],[25.032,-16.579],[25.005,-16.555],[25.002,-16.552],[25.001,-16.551],[25,-16.549],[24.997,-16.537],[24.998,-16.532],[24.999,-16.529],[25,-16.529],[25.004,-16.528],[25.019,-16.525],[25.024,-16.523],[25.029,-16.521],[25.038,-16.515],[25.041,-16.512],[25.142,-16.381],[25.15,-16.374],[25.168,-16.364],[25.172,-16.362],[25.187,-16.349],[25.192,-16.346],[25.197,-16.345],[25.203,-16.344],[25.208,-16.342],[25.213,-16.34],[25.226,-16.332],[25.24,-16.317],[25.243,-16.314],[25.247,-16.31],[25.251,-16.307],[25.255,-16.305],[25.26,-16.303],[25.276,-16.299],[25.29,-16.293],[25.296,-16.286],[25.303,-16.273],[25.327,-16.217],[25.331,-16.213],[25.34,-16.198],[25.352,-16.171],[25.356,-16.164],[25.363,-16.157],[25.37,-16.149],[25.375,-16.14],[25.378,-16.136],[25.381,-16.132],[25.385,-16.129],[25.39,-16.126],[25.394,-16.124],[25.399,-16.122],[25.403,-16.12],[25.407,-16.117],[25.41,-16.114],[25.413,-16.109],[25.422,-16.1],[25.428,-16.093],[25.428,-16.088],[25.426,-16.084],[25.422,-16.081],[25.416,-16.079],[25.41,-16.078],[25.397,-16.076],[25.391,-16.075],[25.385,-16.073],[25.381,-16.07],[25.377,-16.067],[25.37,-16.06],[25.35,-16.044],[25.346,-16.041],[25.343,-16.037],[25.338,-16.028],[25.336,-16.023],[25.334,-16.009],[25.335,-15.998],[25.336,-15.991],[25.34,-15.987],[25.349,-15.981],[25.354,-15.976],[25.359,-15.97],[25.358,-15.965],[25.355,-15.961],[25.351,-15.956],[25.349,-15.949],[25.349,-15.935],[25.35,-15.928],[25.354,-15.922],[25.358,-15.92],[25.364,-15.913],[25.372,-15.903],[25.382,-15.876],[25.397,-15.769],[25.397,-15.756],[25.396,-15.751],[25.394,-15.746],[25.391,-15.742],[25.385,-15.735],[25.376,-15.728],[25.372,-15.726],[25.366,-15.724],[25.361,-15.723],[25.356,-15.725],[25.352,-15.728],[25.345,-15.736],[25.336,-15.748],[25.329,-15.755],[25.325,-15.758],[25.32,-15.76],[25.315,-15.761],[25.309,-15.762],[25.302,-15.761],[25.297,-15.76],[25.291,-15.758],[25.286,-15.755],[25.278,-15.749],[25.272,-15.741],[25.258,-15.721],[25.255,-15.715],[25.254,-15.709],[25.252,-15.698],[25.253,-15.692],[25.256,-15.687],[25.269,-15.679],[25.273,-15.675],[25.278,-15.668],[25.279,-15.662],[25.28,-15.656],[25.279,-15.65],[25.278,-15.645],[25.275,-15.641],[25.272,-15.637],[25.268,-15.634],[25.264,-15.631],[25.255,-15.627],[25.233,-15.613],[25.229,-15.609],[25.225,-15.603],[25.223,-15.594],[25.225,-15.588],[25.228,-15.583],[25.256,-15.562],[25.26,-15.557],[25.264,-15.55],[25.269,-15.538],[25.27,-15.531],[25.269,-15.525],[25.263,-15.517],[25.247,-15.501],[25.246,-15.499],[25.245,-15.497],[25.244,-15.49],[25.245,-15.485],[25.247,-15.481],[25.251,-15.477],[25.271,-15.47],[25.276,-15.469],[25.281,-15.47],[25.286,-15.472],[25.29,-15.473],[25.294,-15.472],[25.297,-15.468],[25.311,-15.442],[25.314,-15.434],[25.318,-15.42],[25.318,-15.41],[25.316,-15.396],[25.317,-15.388],[25.319,-15.382],[25.322,-15.377],[25.329,-15.371],[25.338,-15.361],[25.343,-15.353],[25.345,-15.346],[25.345,-15.339],[25.344,-15.335],[25.341,-15.33],[25.33,-15.313],[25.325,-15.299],[26.746,-15.336],[26.804,-15.343],[26.844,-15.352],[26.977,-15.427],[26.987,-15.435],[26.987,-15.442],[26.963,-15.461],[26.959,-15.468],[26.968,-15.471],[27.202,-15.482],[27.228,-15.497],[27.28,-15.714],[27.28,-15.727],[27.291,-15.73],[27.301,-15.744],[27.318,-15.735],[27.321,-15.726],[27.403,-15.581],[27.406,-15.574],[27.41,-15.568],[27.415,-15.568],[27.434,-15.574],[27.45,-15.581],[27.455,-15.582],[27.459,-15.579],[27.462,-15.575],[27.464,-15.57],[27.466,-15.566],[27.471,-15.563],[27.476,-15.562],[27.481,-15.56],[27.485,-15.557],[27.488,-15.553],[27.495,-15.547],[27.501,-15.543],[27.505,-15.541],[27.507,-15.537],[27.51,-15.532],[27.511,-15.527],[27.512,-15.521],[27.514,-15.515],[27.517,-15.512],[27.529,-15.505],[27.532,-15.5],[27.533,-15.493],[27.534,-15.487],[27.539,-15.483],[27.547,-15.48],[27.562,-15.479],[27.568,-15.482],[27.57,-15.487],[27.568,-15.496],[27.569,-15.5],[27.57,-15.5],[27.575,-15.503],[27.626,-15.519],[27.632,-15.523],[27.634,-15.527],[27.635,-15.533],[27.635,-15.539],[27.637,-15.544],[27.64,-15.547],[27.657,-15.554],[27.66,-15.558],[27.661,-15.563],[27.659,-15.583],[27.66,-15.588],[27.662,-15.593],[27.665,-15.596],[27.665,-15.6],[27.663,-15.604],[27.66,-15.607],[27.656,-15.61],[27.652,-15.613],[27.65,-15.617],[27.651,-15.621],[27.654,-15.625],[27.666,-15.637],[27.67,-15.641],[27.675,-15.646],[27.681,-15.653],[27.685,-15.661],[27.692,-15.669],[27.702,-15.66],[27.708,-15.656],[27.719,-15.656],[27.725,-15.656],[27.736,-15.662],[27.743,-15.663],[27.747,-15.661],[27.753,-15.651],[27.757,-15.649],[27.8,-15.648],[27.823,-15.652],[27.842,-15.663],[27.84,-15.672],[27.842,-15.679],[27.847,-15.685],[27.856,-15.69],[27.89,-15.674],[27.93,-15.664],[27.971,-15.666],[28.007,-15.683],[28.021,-15.7],[28.03,-15.717],[28.041,-15.732],[28.059,-15.738],[28.08,-15.74],[28.178,-15.778],[28.195,-15.787],[28.226,-15.813],[28.236,-15.819],[28.246,-15.817],[28.275,-15.796],[28.292,-15.791],[28.391,-15.784],[28.411,-15.789],[28.422,-15.795],[28.442,-15.809],[28.454,-15.814],[28.491,-15.819],[28.507,-15.824],[28.523,-15.836],[28.566,-15.88],[28.584,-15.89],[28.604,-15.894],[28.643,-15.889],[28.663,-15.89],[28.677,-15.895],[28.744,-15.947],[28.754,-15.952],[28.76,-15.952],[28.778,-15.95],[28.785,-15.951],[28.8,-15.956],[28.809,-15.957],[28.814,-15.953],[28.818,-15.947],[28.825,-15.944],[28.836,-15.95],[28.84,-15.941],[28.849,-15.937],[28.859,-15.937],[28.871,-15.943],[28.887,-15.926],[28.91,-15.931],[28.932,-15.944],[28.946,-15.957],[28.947,-15.957]]]}},{"type":"Feature","id":"ZM-08","properties":{"id":"ZM-08","countryCode":"ZM","isoSubdivision":"ZM-08","name":"Copperbelt","name_en":"Copperbelt","name_ko":"코퍼벨트","type":"Province","labelLongitude":27.927,"labelLatitude":-13.104,"minZoom":6.6},"geometry":{"type":"Polygon","coordinates":[[[27.59,-12.243],[27.595,-12.247],[27.638,-12.294],[27.666,-12.303],[27.711,-12.306],[27.757,-12.304],[27.788,-12.297],[27.807,-12.281],[27.818,-12.268],[27.831,-12.26],[27.857,-12.262],[27.877,-12.27],[27.934,-12.303],[27.948,-12.321],[27.952,-12.347],[27.959,-12.368],[27.981,-12.375],[27.999,-12.371],[28.014,-12.371],[28.088,-12.378],[28.097,-12.383],[28.1,-12.391],[28.102,-12.401],[28.107,-12.41],[28.131,-12.429],[28.146,-12.423],[28.161,-12.409],[28.186,-12.402],[28.205,-12.411],[28.22,-12.425],[28.238,-12.437],[28.264,-12.437],[28.284,-12.434],[28.304,-12.435],[28.322,-12.441],[28.34,-12.451],[28.423,-12.521],[28.436,-12.543],[28.456,-12.592],[28.468,-12.615],[28.502,-12.65],[28.512,-12.668],[28.512,-12.694],[28.5,-12.711],[28.484,-12.722],[28.474,-12.736],[28.481,-12.762],[28.502,-12.788],[28.524,-12.81],[28.539,-12.834],[28.543,-12.886],[28.553,-12.895],[28.568,-12.896],[28.584,-12.889],[28.594,-12.877],[28.608,-12.848],[28.621,-12.839],[28.668,-12.849],[28.708,-12.89],[28.776,-12.977],[28.793,-12.992],[28.801,-13.002],[28.809,-13.038],[28.814,-13.043],[28.827,-13.048],[28.831,-13.052],[28.83,-13.057],[28.826,-13.068],[28.825,-13.072],[28.826,-13.077],[28.825,-13.087],[28.826,-13.093],[28.83,-13.097],[28.835,-13.099],[28.841,-13.1],[28.844,-13.102],[28.854,-13.137],[28.863,-13.143],[28.883,-13.144],[28.892,-13.147],[28.903,-13.162],[28.934,-13.31],[28.95,-13.351],[28.981,-13.38],[28.994,-13.396],[29.01,-13.399],[29.028,-13.396],[29.047,-13.389],[29.065,-13.389],[29.063,-13.396],[29.06,-13.399],[29.057,-13.403],[29.018,-13.442],[28.954,-13.52],[28.95,-13.523],[28.946,-13.526],[28.906,-13.54],[28.872,-13.56],[28.864,-13.566],[28.843,-13.588],[28.825,-13.613],[28.818,-13.62],[28.675,-13.728],[28.671,-13.731],[28.668,-13.735],[28.667,-13.74],[28.675,-13.851],[28.669,-13.856],[28.659,-13.86],[28.579,-13.863],[28.539,-13.869],[28.534,-13.871],[28.521,-13.879],[28.512,-13.883],[28.507,-13.884],[28.5,-13.886],[28.435,-13.891],[28.417,-13.888],[28.37,-13.875],[28.36,-13.875],[28.328,-13.875],[28.309,-13.879],[28.289,-13.885],[28.281,-13.885],[28.269,-13.883],[28.206,-13.867],[28.199,-13.866],[28.19,-13.866],[28.177,-13.868],[28.171,-13.872],[28.166,-13.875],[28.163,-13.879],[28.159,-13.882],[28.15,-13.888],[28.145,-13.89],[28.14,-13.891],[28.105,-13.896],[28.05,-13.897],[28.038,-13.898],[28.029,-13.901],[28.025,-13.903],[28.017,-13.904],[27.99,-13.905],[27.981,-13.907],[27.975,-13.909],[27.962,-13.917],[27.958,-13.92],[27.952,-13.921],[27.944,-13.92],[27.933,-13.914],[27.912,-13.898],[27.9,-13.88],[27.89,-13.861],[27.823,-13.699],[27.808,-13.685],[27.789,-13.68],[27.705,-13.673],[27.693,-13.669],[27.683,-13.665],[27.666,-13.653],[27.66,-13.651],[27.654,-13.65],[27.637,-13.648],[27.622,-13.663],[27.622,-13.676],[27.626,-13.689],[27.624,-13.702],[27.619,-13.704],[27.611,-13.704],[27.602,-13.705],[27.596,-13.709],[27.592,-13.718],[27.594,-13.724],[27.596,-13.73],[27.596,-13.736],[27.587,-13.751],[27.555,-13.792],[27.553,-13.798],[27.555,-13.806],[27.554,-13.813],[27.549,-13.818],[27.542,-13.818],[27.535,-13.812],[27.53,-13.806],[27.523,-13.789],[27.512,-13.786],[27.499,-13.789],[27.49,-13.795],[27.485,-13.807],[27.486,-13.822],[27.493,-13.843],[27.484,-13.868],[27.461,-13.893],[27.434,-13.912],[27.417,-13.92],[27.406,-13.912],[27.403,-13.909],[27.397,-13.903],[27.394,-13.898],[27.388,-13.877],[27.386,-13.86],[27.385,-13.855],[27.381,-13.845],[27.379,-13.828],[27.377,-13.823],[27.375,-13.819],[27.372,-13.815],[27.358,-13.802],[27.355,-13.798],[27.353,-13.793],[27.345,-13.769],[27.345,-13.763],[27.346,-13.758],[27.347,-13.752],[27.348,-13.746],[27.347,-13.74],[27.261,-13.729],[26.853,-13.717],[26.818,-13.695],[26.803,-13.682],[26.799,-13.676],[26.795,-13.667],[26.79,-13.655],[26.789,-13.644],[26.793,-13.579],[26.797,-13.563],[26.804,-13.545],[26.809,-13.536],[26.813,-13.533],[26.832,-13.517],[26.836,-13.513],[26.838,-13.509],[26.841,-13.502],[26.852,-13.453],[26.855,-13.445],[26.859,-13.439],[26.863,-13.436],[26.872,-13.432],[26.892,-13.425],[26.901,-13.421],[26.906,-13.417],[26.911,-13.411],[26.922,-13.385],[26.925,-13.381],[26.929,-13.378],[26.952,-13.367],[26.958,-13.361],[26.964,-13.353],[26.974,-13.335],[26.978,-13.324],[26.98,-13.316],[26.981,-13.31],[26.979,-13.293],[26.976,-13.282],[26.965,-13.26],[26.963,-13.253],[26.961,-13.244],[26.962,-13.228],[26.963,-13.218],[26.965,-13.211],[26.968,-13.206],[26.971,-13.202],[26.974,-13.198],[26.982,-13.192],[27.037,-13.158],[27.045,-13.152],[27.054,-13.141],[27.061,-13.13],[27.065,-13.123],[27.067,-13.116],[27.094,-13.001],[27.094,-13],[27.09,-12.997],[27.085,-12.996],[27.079,-12.995],[27.072,-12.995],[27.05,-12.998],[27.044,-12.997],[27.038,-12.993],[27.035,-12.985],[27.032,-12.98],[27.027,-12.978],[27.023,-12.976],[27.02,-12.972],[27.016,-12.963],[27.013,-12.959],[27.01,-12.956],[27.006,-12.953],[27.001,-12.952],[26.998,-12.951],[26.98,-12.95],[26.975,-12.949],[26.97,-12.946],[26.962,-12.94],[26.957,-12.937],[26.93,-12.927],[26.926,-12.924],[26.922,-12.92],[26.916,-12.913],[26.912,-12.91],[26.903,-12.904],[26.892,-12.899],[26.887,-12.896],[26.883,-12.892],[26.88,-12.886],[26.879,-12.881],[26.881,-12.876],[26.889,-12.862],[26.899,-12.841],[26.902,-12.835],[26.906,-12.826],[26.907,-12.82],[26.905,-12.814],[26.903,-12.81],[26.884,-12.791],[26.879,-12.788],[26.875,-12.784],[26.87,-12.779],[26.867,-12.77],[26.864,-12.764],[26.861,-12.76],[26.856,-12.757],[26.852,-12.753],[26.848,-12.748],[26.845,-12.739],[26.846,-12.733],[26.852,-12.722],[26.855,-12.714],[26.865,-12.67],[26.867,-12.663],[26.871,-12.657],[26.879,-12.645],[26.886,-12.638],[26.895,-12.633],[26.9,-12.631],[26.906,-12.63],[26.924,-12.629],[26.929,-12.627],[26.938,-12.624],[26.947,-12.618],[26.954,-12.611],[26.964,-12.6],[26.974,-12.581],[27.009,-12.538],[27.017,-12.532],[27.027,-12.529],[27.067,-12.522],[27.072,-12.519],[27.077,-12.516],[27.077,-12.512],[27.075,-12.509],[27.068,-12.501],[27.067,-12.5],[27.058,-12.477],[27.056,-12.471],[27.055,-12.463],[27.055,-12.449],[27.056,-12.441],[27.059,-12.434],[27.062,-12.428],[27.066,-12.419],[27.066,-12.387],[27.065,-12.382],[27.054,-12.347],[27.052,-12.341],[27.052,-12.334],[27.055,-12.333],[27.06,-12.333],[27.083,-12.338],[27.111,-12.339],[27.12,-12.339],[27.139,-12.335],[27.151,-12.334],[27.277,-12.346],[27.283,-12.343],[27.289,-12.339],[27.302,-12.324],[27.307,-12.32],[27.32,-12.313],[27.324,-12.31],[27.339,-12.303],[27.353,-12.286],[27.359,-12.281],[27.363,-12.279],[27.373,-12.276],[27.378,-12.274],[27.386,-12.268],[27.401,-12.255],[27.409,-12.249],[27.413,-12.248],[27.428,-12.244],[27.436,-12.251],[27.452,-12.26],[27.466,-12.27],[27.466,-12.276],[27.464,-12.283],[27.467,-12.289],[27.495,-12.293],[27.507,-12.298],[27.511,-12.301],[27.525,-12.282],[27.54,-12.277],[27.544,-12.275],[27.586,-12.246],[27.59,-12.243]]]}},{"type":"Feature","id":"ZM-09","properties":{"id":"ZM-09","countryCode":"ZM","isoSubdivision":"ZM-09","name":"Lusaka","name_en":"Lusaka","name_ko":"루사카","type":"Province","labelLongitude":29.085,"labelLatitude":-15.443,"minZoom":6.6},"geometry":{"type":"Polygon","coordinates":[[[30.011,-15.646],[29.968,-15.641],[29.882,-15.619],[29.837,-15.615],[29.814,-15.62],[29.773,-15.638],[29.73,-15.645],[29.673,-15.663],[29.649,-15.667],[29.628,-15.664],[29.609,-15.658],[29.587,-15.656],[29.563,-15.662],[29.526,-15.693],[29.508,-15.704],[29.422,-15.711],[29.407,-15.714],[29.186,-15.813],[29.151,-15.849],[29.142,-15.854],[29.122,-15.859],[29.102,-15.871],[29.086,-15.885],[29.076,-15.895],[29.055,-15.934],[29.042,-15.946],[29.018,-15.951],[28.973,-15.951],[28.951,-15.955],[28.947,-15.957],[28.946,-15.957],[28.932,-15.944],[28.91,-15.931],[28.887,-15.926],[28.871,-15.943],[28.859,-15.937],[28.849,-15.937],[28.84,-15.941],[28.836,-15.95],[28.825,-15.944],[28.818,-15.947],[28.814,-15.953],[28.809,-15.957],[28.8,-15.956],[28.785,-15.951],[28.778,-15.95],[28.76,-15.952],[28.754,-15.952],[28.744,-15.947],[28.677,-15.895],[28.663,-15.89],[28.643,-15.889],[28.604,-15.894],[28.584,-15.89],[28.566,-15.88],[28.523,-15.836],[28.507,-15.824],[28.491,-15.819],[28.454,-15.814],[28.442,-15.809],[28.422,-15.795],[28.411,-15.789],[28.391,-15.784],[28.292,-15.791],[28.275,-15.796],[28.246,-15.817],[28.236,-15.819],[28.226,-15.813],[28.195,-15.787],[28.178,-15.778],[28.08,-15.74],[28.059,-15.738],[28.041,-15.732],[28.03,-15.717],[28.021,-15.7],[28.007,-15.683],[27.971,-15.666],[27.93,-15.664],[27.89,-15.674],[27.856,-15.69],[27.847,-15.685],[27.842,-15.679],[27.84,-15.672],[27.842,-15.663],[27.823,-15.652],[27.8,-15.648],[27.757,-15.649],[27.799,-15.561],[27.906,-15.532],[27.923,-15.518],[27.932,-15.507],[27.934,-15.501],[27.935,-15.496],[27.934,-15.486],[27.932,-15.469],[27.918,-15.424],[27.892,-15.374],[27.879,-15.363],[27.864,-15.357],[27.81,-15.35],[27.787,-15.343],[27.773,-15.335],[27.767,-15.321],[27.769,-15.31],[27.778,-15.299],[27.828,-15.266],[27.837,-15.263],[27.85,-15.261],[27.862,-15.261],[28.033,-15.287],[28.202,-15.341],[28.26,-15.353],[28.291,-15.342],[28.318,-15.295],[28.343,-15.225],[28.376,-15.163],[28.404,-15.146],[28.569,-15.188],[28.656,-15.186],[28.744,-15.176],[28.823,-15.149],[28.947,-15.042],[29.001,-15.019],[29.052,-15.009],[29.228,-14.957],[29.312,-14.977],[29.394,-14.975],[29.46,-14.963],[29.487,-14.914],[29.499,-14.871],[29.502,-14.849],[29.508,-14.836],[29.522,-14.816],[29.53,-14.811],[29.538,-14.809],[29.544,-14.81],[29.576,-14.809],[29.581,-14.806],[29.59,-14.799],[29.649,-14.767],[29.657,-14.76],[29.664,-14.753],[29.669,-14.75],[29.748,-14.719],[29.754,-14.719],[29.775,-14.721],[29.781,-14.719],[29.786,-14.717],[29.806,-14.7],[29.813,-14.697],[29.819,-14.696],[29.835,-14.7],[29.843,-14.702],[29.853,-14.702],[29.869,-14.7],[29.877,-14.697],[29.883,-14.694],[29.887,-14.69],[29.89,-14.686],[29.892,-14.681],[29.899,-14.662],[29.904,-14.654],[29.909,-14.653],[29.913,-14.656],[29.917,-14.66],[29.923,-14.663],[29.932,-14.659],[29.942,-14.658],[29.951,-14.652],[29.958,-14.65],[29.965,-14.649],[29.971,-14.649],[29.977,-14.65],[29.981,-14.653],[29.991,-14.663],[30,-14.668],[30.051,-14.671],[30.055,-14.678],[30.058,-14.691],[30.062,-14.698],[30.068,-14.704],[30.091,-14.713],[30.096,-14.716],[30.1,-14.72],[30.139,-14.771],[30.145,-14.776],[30.15,-14.78],[30.165,-14.788],[30.174,-14.793],[30.184,-14.805],[30.191,-14.817],[30.202,-14.828],[30.207,-14.831],[30.212,-14.861],[30.213,-14.98],[30.214,-14.982],[30.214,-14.988],[30.221,-15.018],[30.221,-15.063],[30.226,-15.106],[30.263,-15.231],[30.288,-15.279],[30.321,-15.299],[30.335,-15.305],[30.347,-15.318],[30.358,-15.336],[30.365,-15.354],[30.369,-15.375],[30.372,-15.44],[30.375,-15.451],[30.39,-15.471],[30.393,-15.481],[30.39,-15.491],[30.372,-15.525],[30.365,-15.547],[30.367,-15.561],[30.396,-15.591],[30.401,-15.598],[30.413,-15.628],[30.41,-15.63],[30.396,-15.636],[30.357,-15.651],[30.328,-15.652],[30.296,-15.639],[30.28,-15.632],[30.255,-15.629],[30.246,-15.632],[30.231,-15.645],[30.223,-15.65],[30.207,-15.653],[30.196,-15.649],[30.17,-15.632],[30.13,-15.624],[30.09,-15.629],[30.05,-15.64],[30.011,-15.646]]]}},{"type":"Feature","id":"ZM-10","properties":{"id":"ZM-10","countryCode":"ZM","isoSubdivision":"ZM-10","name":"Muchinga","name_en":"Muchinga","name_ko":"무칭가","type":"Province","labelLongitude":32.023,"labelLatitude":-11.37,"minZoom":6.6},"geometry":{"type":"Polygon","coordinates":[[[32.921,-9.408],[32.923,-9.466],[32.928,-9.48],[32.938,-9.488],[32.944,-9.486],[32.95,-9.481],[32.962,-9.48],[32.969,-9.484],[32.983,-9.498],[32.992,-9.502],[32.992,-9.529],[32.975,-9.601],[32.987,-9.628],[33,-9.633],[33.011,-9.628],[33.022,-9.62],[33.036,-9.617],[33.047,-9.622],[33.051,-9.633],[33.053,-9.645],[33.058,-9.654],[33.08,-9.662],[33.089,-9.644],[33.093,-9.614],[33.098,-9.588],[33.121,-9.6],[33.175,-9.602],[33.195,-9.616],[33.21,-9.641],[33.214,-9.655],[33.216,-9.67],[33.213,-9.681],[33.208,-9.689],[33.205,-9.698],[33.207,-9.713],[33.217,-9.727],[33.242,-9.742],[33.253,-9.754],[33.267,-9.781],[33.276,-9.793],[33.288,-9.804],[33.3,-9.81],[33.337,-9.824],[33.343,-9.831],[33.359,-9.871],[33.366,-9.899],[33.358,-9.92],[33.329,-9.965],[33.31,-10.013],[33.305,-10.038],[33.304,-10.064],[33.318,-10.082],[33.399,-10.118],[33.42,-10.136],[33.436,-10.153],[33.455,-10.168],[33.481,-10.177],[33.499,-10.201],[33.519,-10.215],[33.533,-10.231],[33.536,-10.263],[33.529,-10.319],[33.533,-10.343],[33.559,-10.404],[33.568,-10.416],[33.596,-10.441],[33.603,-10.449],[33.623,-10.494],[33.638,-10.512],[33.665,-10.515],[33.666,-10.541],[33.673,-10.56],[33.674,-10.569],[33.674,-10.573],[33.674,-10.577],[33.658,-10.601],[33.642,-10.615],[33.603,-10.643],[33.59,-10.649],[33.577,-10.658],[33.528,-10.712],[33.512,-10.752],[33.501,-10.769],[33.481,-10.782],[33.465,-10.784],[33.447,-10.802],[33.434,-10.808],[33.419,-10.807],[33.386,-10.801],[33.372,-10.803],[33.358,-10.809],[33.333,-10.814],[33.319,-10.818],[33.307,-10.829],[33.288,-10.857],[33.273,-10.866],[33.261,-10.865],[33.251,-10.862],[33.241,-10.866],[33.233,-10.883],[33.232,-10.898],[33.24,-10.903],[33.252,-10.903],[33.266,-10.901],[33.28,-10.913],[33.288,-10.945],[33.291,-10.975],[33.294,-11.004],[33.304,-11.035],[33.318,-11.062],[33.337,-11.087],[33.359,-11.109],[33.391,-11.165],[33.382,-11.195],[33.368,-11.223],[33.298,-11.329],[33.297,-11.336],[33.3,-11.347],[33.299,-11.353],[33.293,-11.358],[33.278,-11.364],[33.274,-11.37],[33.272,-11.384],[33.274,-11.397],[33.274,-11.409],[33.265,-11.423],[33.24,-11.402],[33.23,-11.417],[33.235,-11.502],[33.234,-11.514],[33.227,-11.533],[33.213,-11.564],[33.216,-11.572],[33.233,-11.578],[33.249,-11.578],[33.267,-11.576],[33.283,-11.578],[33.297,-11.594],[33.303,-11.61],[33.305,-11.644],[33.256,-11.656],[33.216,-11.673],[33.197,-11.702],[33.197,-11.749],[33.13,-11.858],[33.088,-11.95],[32.954,-11.992],[32.727,-12.06],[32.601,-12.068],[32.542,-12.068],[32.5,-12.11],[32.483,-12.169],[32.433,-12.219],[32.374,-12.219],[32.291,-12.201],[32.29,-12.222],[32.284,-12.243],[32.276,-12.264],[32.258,-12.285],[32.256,-12.295],[32.206,-12.333],[32.194,-12.346],[32.181,-12.376],[32.174,-12.387],[32.165,-12.398],[32.158,-12.403],[32.154,-12.41],[32.153,-12.424],[32.151,-12.43],[32.141,-12.443],[32.139,-12.451],[32.139,-12.495],[32.117,-12.593],[32.107,-12.605],[32.103,-12.629],[32.099,-12.637],[32.094,-12.644],[32.091,-12.654],[32.091,-12.688],[32.085,-12.721],[32.084,-12.733],[32.082,-12.744],[32.072,-12.764],[32.068,-12.785],[32.062,-12.788],[32.053,-12.791],[32.044,-12.797],[32.035,-12.813],[32.019,-12.859],[32.016,-12.877],[32.007,-12.886],[31.987,-12.894],[31.966,-12.9],[31.955,-12.901],[31.952,-12.91],[31.947,-12.916],[31.934,-12.928],[31.93,-12.93],[31.924,-12.93],[31.918,-12.931],[31.913,-12.935],[31.912,-12.94],[31.914,-12.95],[31.913,-12.955],[31.909,-12.971],[31.906,-12.991],[31.907,-13.011],[31.913,-13.031],[31.901,-13.035],[31.893,-13.04],[31.885,-13.042],[31.872,-13.037],[31.87,-13.046],[31.865,-13.053],[31.857,-13.057],[31.836,-13.059],[31.831,-13.063],[31.821,-13.075],[31.808,-13.085],[31.785,-13.096],[31.769,-13.106],[31.767,-13.102],[31.764,-13.097],[31.762,-13.092],[31.756,-13.092],[31.753,-13.116],[31.739,-13.131],[31.724,-13.145],[31.717,-13.165],[31.715,-13.174],[31.709,-13.182],[31.701,-13.187],[31.681,-13.192],[31.675,-13.201],[31.657,-13.258],[31.65,-13.298],[31.638,-13.336],[31.614,-13.367],[31.535,-13.425],[31.518,-13.432],[31.498,-13.43],[31.478,-13.424],[31.461,-13.422],[31.439,-13.429],[31.429,-13.436],[31.429,-13.386],[31.429,-13.353],[31.428,-13.335],[31.426,-13.325],[31.414,-13.309],[31.39,-13.284],[31.372,-13.248],[31.365,-13.229],[31.35,-13.01],[31.346,-12.995],[31.34,-12.981],[31.336,-12.977],[31.332,-12.973],[31.323,-12.968],[31.288,-12.951],[31.283,-12.949],[31.27,-12.947],[31.225,-12.947],[31.22,-12.948],[31.2,-12.955],[31.19,-12.959],[31.187,-12.962],[31.184,-12.966],[31.182,-12.971],[31.181,-12.99],[31.179,-12.999],[31.178,-13.001],[31.169,-13.022],[31.166,-13.027],[31.163,-13.031],[31.16,-13.034],[31.156,-13.037],[31.151,-13.039],[31.146,-13.04],[31.14,-13.041],[31.127,-13.041],[31.121,-13.041],[31.108,-13.032],[31.033,-12.96],[31.021,-12.951],[31.008,-12.951],[31.003,-12.951],[30.994,-12.95],[30.967,-12.941],[30.961,-12.94],[30.948,-12.938],[30.913,-12.929],[30.907,-12.928],[30.9,-12.928],[30.868,-12.935],[30.856,-12.935],[30.85,-12.933],[30.84,-12.929],[30.832,-12.923],[30.812,-12.913],[30.75,-12.871],[30.743,-12.864],[30.74,-12.857],[30.744,-12.833],[30.745,-12.827],[30.743,-12.816],[30.728,-12.765],[30.727,-12.76],[30.728,-12.755],[30.739,-12.73],[30.742,-12.725],[30.755,-12.71],[30.761,-12.702],[30.763,-12.697],[30.765,-12.692],[30.766,-12.685],[30.766,-12.678],[30.763,-12.668],[30.759,-12.663],[30.754,-12.659],[30.735,-12.65],[30.724,-12.643],[30.717,-12.636],[30.709,-12.626],[30.696,-12.596],[30.692,-12.591],[30.687,-12.589],[30.681,-12.589],[30.677,-12.591],[30.665,-12.607],[30.657,-12.613],[30.649,-12.619],[30.635,-12.625],[30.625,-12.622],[30.611,-12.615],[30.583,-12.593],[30.572,-12.583],[30.564,-12.574],[30.563,-12.569],[30.563,-12.563],[30.564,-12.557],[30.572,-12.536],[30.574,-12.53],[30.573,-12.521],[30.57,-12.509],[30.565,-12.501],[30.56,-12.496],[30.55,-12.491],[30.524,-12.479],[30.511,-12.471],[30.505,-12.466],[30.501,-12.461],[30.499,-12.456],[30.497,-12.451],[30.496,-12.439],[30.496,-12.428],[30.497,-12.422],[30.499,-12.417],[30.509,-12.397],[30.512,-12.385],[30.513,-12.341],[30.512,-12.333],[30.511,-12.325],[30.505,-12.315],[30.5,-12.309],[30.494,-12.306],[30.483,-12.304],[30.472,-12.305],[30.461,-12.308],[30.455,-12.309],[30.449,-12.308],[30.439,-12.304],[30.434,-12.299],[30.429,-12.292],[30.423,-12.282],[30.418,-12.277],[30.413,-12.273],[30.407,-12.272],[30.395,-12.272],[30.378,-12.275],[30.371,-12.275],[30.361,-12.272],[30.346,-12.264],[30.337,-12.26],[30.329,-12.257],[30.312,-12.257],[30.306,-12.256],[30.301,-12.254],[30.287,-12.246],[30.281,-12.244],[30.257,-12.24],[30.246,-12.236],[30.232,-12.228],[30.216,-12.222],[30.211,-12.22],[30.207,-12.217],[30.202,-12.214],[30.197,-12.213],[30.184,-12.211],[30.162,-12.202],[30.157,-12.197],[30.148,-12.18],[30.142,-12.175],[30.136,-12.172],[30.123,-12.17],[30.116,-12.167],[30.107,-12.162],[30.092,-12.153],[30.085,-12.147],[30.079,-12.14],[30.074,-12.132],[30.059,-12.112],[30.056,-12.105],[30.054,-12.1],[30.053,-12.095],[30.051,-12.078],[30.05,-12.072],[30.049,-12.067],[30.03,-12.034],[30.013,-12.013],[30.004,-12.005],[29.997,-12.001],[29.992,-12.001],[29.969,-12.003],[29.948,-12.008],[29.867,-12.042],[29.863,-12.044],[29.859,-12.048],[29.856,-12.052],[29.854,-12.057],[29.852,-12.062],[29.847,-12.113],[29.846,-12.119],[29.844,-12.124],[29.839,-12.134],[29.83,-12.147],[29.827,-12.15],[29.822,-12.153],[29.819,-12.155],[29.8,-12.159],[29.799,-12.156],[29.803,-12.154],[29.807,-12.15],[29.81,-12.146],[29.814,-12.14],[29.817,-12.133],[29.812,-12.124],[29.813,-12.111],[29.816,-12.097],[29.817,-12.085],[29.81,-12.073],[29.79,-12.052],[29.782,-12.038],[29.778,-12.02],[29.782,-11.976],[29.775,-11.943],[29.773,-11.925],[29.779,-11.91],[29.79,-11.899],[29.816,-11.896],[29.821,-11.894],[30.245,-11.826],[30.261,-11.819],[30.275,-11.806],[30.448,-11.59],[30.448,-11.584],[30.446,-11.579],[30.443,-11.576],[30.441,-11.571],[30.44,-11.565],[30.441,-11.553],[30.449,-11.531],[30.451,-11.525],[30.45,-11.515],[30.451,-11.51],[30.452,-11.507],[30.456,-11.502],[30.484,-11.491],[30.499,-11.479],[30.522,-11.461],[30.533,-11.441],[30.54,-11.418],[30.549,-11.4],[30.566,-11.392],[30.579,-11.39],[30.588,-11.386],[30.594,-11.378],[30.598,-11.37],[30.604,-11.35],[30.609,-11.34],[30.618,-11.331],[30.628,-11.326],[30.639,-11.327],[30.662,-11.331],[30.668,-11.328],[30.677,-11.314],[30.683,-11.311],[30.706,-11.29],[30.712,-11.281],[30.721,-11.256],[30.742,-11.213],[30.824,-11.112],[30.842,-11.078],[30.844,-11.068],[30.849,-11.057],[30.858,-11.047],[30.867,-11.043],[30.88,-11.057],[30.894,-11.059],[30.899,-11.051],[30.879,-11.03],[30.893,-11.029],[30.906,-11.024],[30.916,-11.018],[30.923,-11.016],[30.934,-11.014],[30.962,-11.005],[30.971,-10.999],[30.98,-10.977],[30.988,-10.945],[31.001,-10.92],[31.022,-10.92],[31.011,-10.932],[31.02,-10.944],[31.038,-10.949],[31.053,-10.944],[31.054,-10.921],[31.059,-10.911],[31.07,-10.92],[31.075,-10.931],[31.077,-10.942],[31.073,-10.952],[31.063,-10.961],[31.085,-10.961],[31.101,-10.955],[31.145,-10.917],[31.146,-10.911],[31.148,-10.904],[31.154,-10.897],[31.161,-10.892],[31.166,-10.886],[31.169,-10.878],[31.171,-10.873],[31.167,-10.867],[31.147,-10.845],[31.143,-10.836],[31.144,-10.827],[31.152,-10.817],[31.188,-10.818],[31.204,-10.811],[31.2,-10.789],[31.192,-10.783],[31.185,-10.784],[31.177,-10.787],[31.169,-10.789],[31.157,-10.788],[31.153,-10.784],[31.151,-10.778],[31.145,-10.77],[31.133,-10.757],[31.131,-10.75],[31.174,-10.718],[31.189,-10.711],[31.207,-10.708],[31.224,-10.709],[31.245,-10.713],[31.264,-10.719],[31.275,-10.728],[31.283,-10.72],[31.302,-10.709],[31.31,-10.701],[31.313,-10.69],[31.31,-10.65],[31.312,-10.643],[31.319,-10.64],[31.334,-10.64],[31.339,-10.637],[31.337,-10.631],[31.331,-10.622],[31.335,-10.612],[31.346,-10.609],[31.372,-10.606],[31.39,-10.599],[31.424,-10.581],[31.437,-10.578],[31.443,-10.574],[31.452,-10.556],[31.461,-10.55],[31.472,-10.552],[31.479,-10.559],[31.484,-10.567],[31.488,-10.571],[31.553,-10.558],[31.55,-10.309],[31.516,-10.275],[31.416,-10.233],[31.34,-10.183],[31.307,-10.066],[31.265,-9.957],[31.189,-9.831],[31.114,-9.756],[31.181,-9.672],[31.206,-9.613],[31.256,-9.588],[31.315,-9.538],[31.365,-9.504],[31.432,-9.546],[31.508,-9.54],[31.575,-9.571],[31.6,-9.504],[31.675,-9.529],[31.751,-9.521],[31.818,-9.479],[31.902,-9.437],[32.019,-9.42],[32.12,-9.429],[32.22,-9.454],[32.329,-9.462],[32.321,-9.362],[32.271,-9.253],[32.231,-9.134],[32.253,-9.136],[32.383,-9.134],[32.423,-9.144],[32.46,-9.168],[32.471,-9.182],[32.49,-9.227],[32.504,-9.249],[32.518,-9.258],[32.556,-9.261],[32.642,-9.28],[32.713,-9.286],[32.726,-9.293],[32.74,-9.307],[32.743,-9.315],[32.747,-9.33],[32.752,-9.337],[32.76,-9.34],[32.777,-9.338],[32.784,-9.34],[32.831,-9.37],[32.905,-9.398],[32.921,-9.408]]]}}]}
